"SampleID","GenesInMatrix","GenesDetected","LibrarySize","TPMTotal","ZeroFraction","PairwiseSpearmanMin","PairwiseSpearmanMax","ReferenceKey","GroupIDs"
"GSM2773021",57413,32426,9182999664,1e+06,0.442634943305523,0.970324005489762,0.972405998936179,"GSE103520_MCF10A_control","KLA31_29"
"GSM2773022",57413,36743,9220634841,1e+06,0.368644732029331,0.970324005489762,0.972405998936179,"GSE103520_MCF10A_control","KLA31_29"
"GSM2773023",57413,34147,8900290136,1e+06,0.413112012958738,0.970324005489762,0.972405998936179,"GSE103520_MCF10A_control","KLA31_29"
"X403.10",51986,33787,34940415,1e+06,0.396164351940907,0.889353156310463,0.968497392587953,"GSE114691_control_placenta","KLA31_06"
"PE12.03",51986,33797,38775251,1e+06,0.39576039702997,0.889353156310463,0.968497392587953,"GSE114691_control_placenta","KLA31_06"
"X383.10",51986,34010,37941439,1e+06,0.392721117223868,0.889353156310463,0.968497392587953,"GSE114691_control_placenta","KLA31_06"
"PE13.20",51986,33225,29747631,1e+06,0.405859269803409,0.889353156310463,0.968497392587953,"GSE114691_control_placenta","KLA31_06"
"X328.08",51986,34270,32882724,1e+06,0.388162197514715,0.889353156310463,0.968497392587953,"GSE114691_control_placenta","KLA31_06"
"PE12.08",51986,34453,39487871,1e+06,0.385853883737929,0.889353156310463,0.968497392587953,"GSE114691_control_placenta","KLA31_06"
"PE13.27",51986,34677,37989376,1e+06,0.382102873850652,0.889353156310463,0.968497392587953,"GSE114691_control_placenta","KLA31_06"
"X399.10",51986,35382,39985548,1e+06,0.368983957219251,0.889353156310463,0.968497392587953,"GSE114691_control_placenta","KLA31_06"
"X338.08",51986,33957,39591515,1e+06,0.393740622475282,0.889353156310463,0.968497392587953,"GSE114691_control_placenta","KLA31_06"
"X401.10",51986,34034,42304262,1e+06,0.392259454468511,0.889353156310463,0.968497392587953,"GSE114691_control_placenta","KLA31_06"
"X400.10",51986,34854,40749112,1e+06,0.378313392067095,0.889353156310463,0.968497392587953,"GSE114691_control_placenta","KLA31_06"
"X550",51986,34157,37929841,1e+06,0.390547455084061,0.889353156310463,0.968497392587953,"GSE114691_control_placenta","KLA31_06"
"PE14.19",51986,34293,38560877,1e+06,0.388181433462855,0.889353156310463,0.968497392587953,"GSE114691_control_placenta","KLA31_06"
"PE14.33",51986,33915,36350553,1e+06,0.394529296349017,0.889353156310463,0.968497392587953,"GSE114691_control_placenta","KLA31_06"
"PE14.22",51986,33738,36503911,1e+06,0.397683991843958,0.889353156310463,0.968497392587953,"GSE114691_control_placenta","KLA31_06"
"PE13.31",51986,34661,41274060,1e+06,0.381621975147155,0.889353156310463,0.968497392587953,"GSE114691_control_placenta","KLA31_06"
"X293.06",51986,34094,40970865,1e+06,0.392586465586889,0.889353156310463,0.968497392587953,"GSE114691_control_placenta","KLA31_06"
"X279.06",51986,34196,38121857,1e+06,0.389893432847305,0.889353156310463,0.968497392587953,"GSE114691_control_placenta","KLA31_06"
"PE13.16",51986,34321,37974045,1e+06,0.38746970338168,0.889353156310463,0.968497392587953,"GSE114691_control_placenta","KLA31_06"
"X267.05",51986,33669,36735759,1e+06,0.39904974416189,0.889353156310463,0.968497392587953,"GSE114691_control_placenta","KLA31_06"
"PE15.26",51986,33334,30669795,1e+06,0.404820528603855,0.889353156310463,0.968497392587953,"GSE114691_control_placenta","KLA31_06"
"GSM3384847",27400,20679,32586199,1e+06,0.253722627737226,0.518979190139264,0.946351373381465,"GSE119834_NSC","KLA31_30"
"GSM3384849",27400,21319,34234263,1e+06,0.231678832116788,0.518979190139264,0.946351373381465,"GSE119834_NSC","KLA31_30"
"GSM3384850",27400,20213,34668368,1e+06,0.270802919708029,0.518979190139264,0.946351373381465,"GSE119834_NSC","KLA31_30"
"GSM3384851",27400,19901,40325086,1e+06,0.281459854014599,0.518979190139264,0.946351373381465,"GSE119834_NSC","KLA31_30"
"GSM3384852",27400,20215,41326243,1e+06,0.27029197080292,0.518979190139264,0.946351373381465,"GSE119834_NSC","KLA31_30"
"GSM3384853",27400,19518,38303862,1e+06,0.29470802919708,0.518979190139264,0.946351373381465,"GSE119834_NSC","KLA31_30"
"GSM3384854",27400,19249,36510210,1e+06,0.304416058394161,0.518979190139264,0.946351373381465,"GSE119834_NSC","KLA31_30"
"GSM3384855",27400,21346,36739686,1e+06,0.230474452554745,0.518979190139264,0.946351373381465,"GSE119834_NSC","KLA31_30"
"GSM3890639",51986,NA,NA,1e+06,0.296772207902127,0.340455694602368,0.890618762072171,"GSE132714_BPH","KLA31_08"
"GSM3890640",51986,NA,NA,1e+06,0.340918708883161,0.340455694602368,0.890618762072171,"GSE132714_BPH","KLA31_08"
"GSM3890641",51986,NA,NA,1e+06,0.32614550071173,0.340455694602368,0.890618762072171,"GSE132714_BPH","KLA31_08"
"GSM3890642",51986,NA,NA,1e+06,0.263667141153387,0.340455694602368,0.890618762072171,"GSE132714_BPH","KLA31_08"
"GSM3890643",51986,NA,NA,1e+06,0.234409264032624,0.340455694602368,0.890618762072171,"GSE132714_BPH","KLA31_08"
"GSM3890644",51986,NA,NA,1e+06,0.190147347362752,0.340455694602368,0.890618762072171,"GSE132714_BPH","KLA31_08"
"GSM3890645",51986,NA,NA,1e+06,0.31791251490786,0.340455694602368,0.890618762072171,"GSE132714_BPH","KLA31_08"
"GSM3890646",51986,NA,NA,1e+06,0.163390143500173,0.340455694602368,0.890618762072171,"GSE132714_BPH","KLA31_08"
"GSM3890647",51986,NA,NA,1e+06,0.311795483399377,0.340455694602368,0.890618762072171,"GSE132714_BPH","KLA31_08"
"GSM3890648",51986,NA,NA,1e+06,0.319143615588812,0.340455694602368,0.890618762072171,"GSE132714_BPH","KLA31_08"
"GSM3890649",51986,NA,NA,1e+06,0.344284999807641,0.340455694602368,0.890618762072171,"GSE132714_BPH","KLA31_08"
"GSM3890650",51986,NA,NA,1e+06,0.27651675451083,0.340455694602368,0.890618762072171,"GSE132714_BPH","KLA31_08"
"GSM3890651",51986,NA,NA,1e+06,0.228253760627861,0.340455694602368,0.890618762072171,"GSE132714_BPH","KLA31_08"
"GSM3890652",51986,NA,NA,1e+06,0.328992421036433,0.340455694602368,0.890618762072171,"GSE132714_BPH","KLA31_08"
"GSM3890653",51986,NA,NA,1e+06,0.352517985611511,0.340455694602368,0.890618762072171,"GSE132714_BPH","KLA31_08"
"GSM3890654",51986,NA,NA,1e+06,0.241584272688801,0.340455694602368,0.890618762072171,"GSE132714_BPH","KLA31_08"
"GSM3890655",51986,NA,NA,1e+06,0.254568537683222,0.340455694602368,0.890618762072171,"GSE132714_BPH","KLA31_08"
"GSM3890656",51986,NA,NA,1e+06,0.137652444889009,0.340455694602368,0.890618762072171,"GSE132714_BPH","KLA31_08"
"8486_Tall",30853,NA,NA,1e+06,0.447638803357858,NA,NA,"GSE163787_TALL104","KLA31_17"
"Control_1",22360,14125,10293004,1e+06,0.368783542039356,0.991784557940815,0.994578492737861,"GSE171750_A549_untreated","KLA31_19"
"Control_2",22360,13888,8526808,1e+06,0.378935599284436,0.991784557940815,0.994578492737861,"GSE171750_A549_untreated","KLA31_19"
"Control_3",22360,13564,6278293,1e+06,0.393872987477639,0.991784557940815,0.994578492737861,"GSE171750_A549_untreated","KLA31_19"
"SK1.Input_FPKM",19435,15106,6769751,1e+06,0.224028813995369,0.924797163859125,0.956722583274685,"GSE181540_adjacent_NS_input","KLA31_04"
"SK2.Input_FPKM",19435,15724,6719569,1e+06,0.195111911499871,0.924797163859125,0.956722583274685,"GSE181540_adjacent_NS_input","KLA31_04"
"SK3.Input_FPKM",19435,15007,6590592,1e+06,0.230357602263957,0.924797163859125,0.956722583274685,"GSE181540_adjacent_NS_input","KLA31_04"
"SC1.Input_FPKM",19435,14501,6732107,1e+06,0.252482634422434,0.901985333786642,0.958210098531541,"GSE181540_HS_input","KLA31_03"
"SC2.Input_FPKM",19435,14549,6700721,1e+06,0.250270131206586,0.901985333786642,0.958210098531541,"GSE181540_HS_input","KLA31_03"
"SC3.Input_FPKM",19435,14531,6648225,1e+06,0.25135065603293,0.901985333786642,0.958210098531541,"GSE181540_HS_input","KLA31_03"
"GSM6175912",60337,22324,15686048,1e+06,0.631320748462801,0.98649172509952,0.988653302670127,"GSE203529_HEK293T_WT","KLA31_25"
"GSM6175918",60337,21613,13143859,1e+06,0.642938826922121,0.98649172509952,0.988653302670127,"GSE203529_HEK293T_WT","KLA31_25"
"GSM6175922",60337,22029,14571851,1e+06,0.636143659777583,0.98649172509952,0.988653302670127,"GSE203529_HEK293T_WT","KLA31_25"
"GSM8255530",27400,18468,19951291,1e+06,0.331861313868613,0.955863060162887,0.994662788212709,"GSE266884_MES28_vector_control","KLA31_23"
"GSM8255531",27400,18432,20072835,1e+06,0.333540145985401,0.955863060162887,0.994662788212709,"GSE266884_MES28_vector_control","KLA31_23"
"GSM8255534",27400,18930,18428437,1e+06,0.316167883211679,0.955863060162887,0.994662788212709,"GSE266884_MES28_vector_control","KLA31_23"
"GSM8255535",27400,18895,18256052,1e+06,0.317372262773723,0.955863060162887,0.994662788212709,"GSE266884_MES28_vector_control","KLA31_23"
"VEH_1",61365,21609,16209823,1e+06,0.648529291941661,0.986020464573677,0.988039532232708,"GSE275256_HMC3_vehicle","KLA31_26"
"VEH_2",61365,21737,15757312,1e+06,0.646410820500285,0.986020464573677,0.988039532232708,"GSE275256_HMC3_vehicle","KLA31_26"
"VEH_3",61365,22285,19674841,1e+06,0.637529536380673,0.986020464573677,0.988039532232708,"GSE275256_HMC3_vehicle","KLA31_26"
"rep1_0h_S60_R1_001_cut_rRNArem_sorted.bam",18815,13785,12309548,1e+06,0.26749933563646,0.996257064651418,0.997119985387089,"GSE283812_T47D_vehicle","KLA31_21"
"rep2_0h_S63_R1_001_cut_rRNArem_sorted.bam",18815,13950,15259733,1e+06,0.258782885995217,0.996257064651418,0.997119985387089,"GSE283812_T47D_vehicle","KLA31_21"
"rep3_0h_S66_R1_001_cut_rRNArem_sorted.bam",18815,13938,14709434,1e+06,0.259367525910178,0.996257064651418,0.997119985387089,"GSE283812_T47D_vehicle","KLA31_21"
"rep4_0h_S69_R1_001_cut_rRNArem_sorted.bam",18815,13934,13279752,1e+06,0.25963327132607,0.996257064651418,0.997119985387089,"GSE283812_T47D_vehicle","KLA31_21"
"GTEX-11DXW-0011-R1a-SM-DNZZD",55442,29992,78467185,1e+06,0.465856210093431,0.592626878475511,0.978258805845172,"GTEx_v8_Hippocampus","KLA31_05"
"GTEX-11EI6-0011-R1a-SM-DO93L",55442,29240,72023462,1e+06,0.479456008080517,0.592626878475511,0.978258805845172,"GTEx_v8_Hippocampus","KLA31_05"
"GTEX-11GS4-0011-R1a-SM-DO129",55442,29741,64186685,1e+06,0.470329353197937,0.592626878475511,0.978258805845172,"GTEx_v8_Hippocampus","KLA31_05"
"GTEX-11GSO-0011-R1b-SM-57WD3",55442,30450,62152818,1e+06,0.457595324843981,0.592626878475511,0.978258805845172,"GTEx_v8_Hippocampus","KLA31_05"
"GTEX-11GSP-0011-R1a-SM-9QEJ3",55442,30180,70333582,1e+06,0.462483315897695,0.592626878475511,0.978258805845172,"GTEx_v8_Hippocampus","KLA31_05"
"GTEX-11ONC-0011-R1a-SM-57WD4",55442,28530,46171500,1e+06,0.491901446556762,0.592626878475511,0.978258805845172,"GTEx_v8_Hippocampus","KLA31_05"
"GTEX-11TUW-0011-R1a-SM-DO92S",55442,29082,69300716,1e+06,0.481999206377836,0.592626878475511,0.978258805845172,"GTEx_v8_Hippocampus","KLA31_05"
"GTEX-11UD1-0011-R1b-SM-5BC7D",55442,28651,42166876,1e+06,0.489286100790015,0.592626878475511,0.978258805845172,"GTEx_v8_Hippocampus","KLA31_05"
"GTEX-11WQC-0011-R1b-SM-DO932",55442,29551,67675380,1e+06,0.473666173658959,0.592626878475511,0.978258805845172,"GTEx_v8_Hippocampus","KLA31_05"
"GTEX-11ZTS-0011-R1a-SM-5BC71",55442,28866,54102392,1e+06,0.485624616716569,0.592626878475511,0.978258805845172,"GTEx_v8_Hippocampus","KLA31_05"
"GTEX-11ZVC-0011-R1b-SM-5BC6M",55442,27667,45859045,1e+06,0.506854009595613,0.592626878475511,0.978258805845172,"GTEx_v8_Hippocampus","KLA31_05"
"GTEX-1212Z-0011-R1b-SM-5BC72",55442,28964,42325374,1e+06,0.484019335521807,0.592626878475511,0.978258805845172,"GTEx_v8_Hippocampus","KLA31_05"
"GTEX-12WSD-0011-R1b-SM-5LZVY",55442,29201,57109945,1e+06,0.479943003499152,0.592626878475511,0.978258805845172,"GTEx_v8_Hippocampus","KLA31_05"
"GTEX-12WSE-0011-R1b-SM-5GU4V",55442,28964,58474936,1e+06,0.484073446123877,0.592626878475511,0.978258805845172,"GTEx_v8_Hippocampus","KLA31_05"
"GTEX-12WSF-0011-R1a-SM-5DUVI",55442,28943,53600324,1e+06,0.484668662746654,0.592626878475511,0.978258805845172,"GTEx_v8_Hippocampus","KLA31_05"
"GTEX-12WSH-0011-R1a-SM-5GU5V",55442,27597,54976096,1e+06,0.508314995851521,0.592626878475511,0.978258805845172,"GTEx_v8_Hippocampus","KLA31_05"
"GTEX-12WSM-0011-R1a-SM-5LZW6",55442,27882,47173272,1e+06,0.503427004797807,0.592626878475511,0.978258805845172,"GTEx_v8_Hippocampus","KLA31_05"
"GTEX-12ZZX-0011-R1a-SM-5EQ6B",55442,29330,64425404,1e+06,0.477742505681613,0.592626878475511,0.978258805845172,"GTEx_v8_Hippocampus","KLA31_05"
"GTEX-13112-0011-R1b-SM-5HL7K",55442,28668,63650878,1e+06,0.489231990187944,0.592626878475511,0.978258805845172,"GTEx_v8_Hippocampus","KLA31_05"
"GTEX-1313W-0011-R1b-SM-5EQ4A",55442,30141,68847673,1e+06,0.463421233000253,0.592626878475511,0.978258805845172,"GTEx_v8_Hippocampus","KLA31_05"
"GTEX-131XH-0011-R1a-SM-5DUWA",55442,30903,56312262,1e+06,0.449857508747881,0.592626878475511,0.978258805845172,"GTEx_v8_Hippocampus","KLA31_05"
"GTEX-131YS-0011-R1a-SM-5DUXC",55442,29419,54709887,1e+06,0.475992929547996,0.592626878475511,0.978258805845172,"GTEx_v8_Hippocampus","KLA31_05"
"GTEX-132Q8-0011-R1a-SM-5EGLK",55442,29662,57711740,1e+06,0.471646044514989,0.592626878475511,0.978258805845172,"GTEx_v8_Hippocampus","KLA31_05"
"GTEX-1399T-0011-R1b-SM-5DUWN",55442,28289,47540082,1e+06,0.496374589661268,0.592626878475511,0.978258805845172,"GTEx_v8_Hippocampus","KLA31_05"
"GTEX-139T8-0011-R1a-SM-5HL75",55442,26727,51921830,1e+06,0.523718480574294,0.592626878475511,0.978258805845172,"GTEx_v8_Hippocampus","KLA31_05"
"GTEX-139TT-0011-R1a-SM-5LZVD",55442,29341,57648734,1e+06,0.477399805201833,0.592626878475511,0.978258805845172,"GTEx_v8_Hippocampus","KLA31_05"
"GTEX-13CF2-0011-R1a-SM-5LZY1",55442,26072,41476430,1e+06,0.535388333754194,0.592626878475511,0.978258805845172,"GTEx_v8_Hippocampus","KLA31_05"
"GTEX-13FHO-0011-R1b-SM-5KLZG",55442,31605,64981353,1e+06,0.437285812200137,0.592626878475511,0.978258805845172,"GTEx_v8_Hippocampus","KLA31_05"
"GTEX-13FHP-0011-R1b-SM-5K7XL",55442,26504,48216467,1e+06,0.527812849464305,0.592626878475511,0.978258805845172,"GTEx_v8_Hippocampus","KLA31_05"
"GTEX-13FLW-0011-R1b-SM-5LZX2",55442,30100,61015371,1e+06,0.4640705602251,0.592626878475511,0.978258805845172,"GTEx_v8_Hippocampus","KLA31_05"
"GTEX-13FTY-0011-R1a-SM-5LZXE",55442,26627,69178205,1e+06,0.525197503697558,0.592626878475511,0.978258805845172,"GTEx_v8_Hippocampus","KLA31_05"
"GTEX-13FXS-0011-R1a-SM-5K7U6",55442,31179,81341958,1e+06,0.444410374806104,0.592626878475511,0.978258805845172,"GTEx_v8_Hippocampus","KLA31_05"
"GTEX-13G51-0011-R1a-SM-5LZYR",55442,30747,51606699,1e+06,0.452454817647271,0.592626878475511,0.978258805845172,"GTEx_v8_Hippocampus","KLA31_05"
"GTEX-13JUV-0011-R1a-SM-5LZY4",55442,30131,60402209,1e+06,0.463457306734966,0.592626878475511,0.978258805845172,"GTEx_v8_Hippocampus","KLA31_05"
"GTEX-13JVG-0011-R1a-SM-5KM32",55442,29604,61134076,1e+06,0.472854514627899,0.592626878475511,0.978258805845172,"GTEx_v8_Hippocampus","KLA31_05"
"GTEX-13N1W-0011-R1b-SM-5MR4T",55442,31986,58857988,1e+06,0.430630208145449,0.592626878475511,0.978258805845172,"GTEx_v8_Hippocampus","KLA31_05"
"GTEX-13N2G-0011-R1b-SM-5MR3G",55442,30883,69414554,1e+06,0.449893582482594,0.592626878475511,0.978258805845172,"GTEx_v8_Hippocampus","KLA31_05"
"GTEX-13NYB-0011-R1b-SM-5KM4F",55442,28481,47561445,1e+06,0.492442552577468,0.592626878475511,0.978258805845172,"GTEx_v8_Hippocampus","KLA31_05"
"GTEX-13NYS-0011-R1b-SM-5MR55",55442,28508,57904325,1e+06,0.492334331373327,0.592626878475511,0.978258805845172,"GTEx_v8_Hippocampus","KLA31_05"
"GTEX-13NZ8-0011-R1b-SM-5KM3V",55442,28280,68414651,1e+06,0.496031889181487,0.592626878475511,0.978258805845172,"GTEx_v8_Hippocampus","KLA31_05"
"GTEX-13NZA-0011-R1b-SM-5LUAF",55442,27660,43654085,1e+06,0.506944193932398,0.592626878475511,0.978258805845172,"GTEx_v8_Hippocampus","KLA31_05"
"GTEX-13O3O-0011-R1b-SM-5KM2K",55442,29421,57529269,1e+06,0.47608311388478,0.592626878475511,0.978258805845172,"GTEx_v8_Hippocampus","KLA31_05"
"GTEX-13O3Q-0011-R1b-SM-5KM3L",55442,31971,117782257,1e+06,0.430720392482234,0.592626878475511,0.978258805845172,"GTEx_v8_Hippocampus","KLA31_05"
"GTEX-13OVJ-0011-R1b-SM-5L3I6",55442,30474,52523504,1e+06,0.457306734966271,0.592626878475511,0.978258805845172,"GTEx_v8_Hippocampus","KLA31_05"
"GTEX-13OVL-0011-R1a-SM-5L3H5",55442,29573,50962348,1e+06,0.473287399444464,0.592626878475511,0.978258805845172,"GTEx_v8_Hippocampus","KLA31_05"
"GTEX-13OW5-0011-R1b-SM-5L3GE",55442,29367,55903746,1e+06,0.477129252191479,0.592626878475511,0.978258805845172,"GTEx_v8_Hippocampus","KLA31_05"
"GTEX-13OW6-0011-R1a-SM-5L3HQ",55442,30059,55303849,1e+06,0.464864182388803,0.592626878475511,0.978258805845172,"GTEx_v8_Hippocampus","KLA31_05"
"GTEX-13OW7-0011-R1b-SM-5L3HF",55442,29741,47716257,1e+06,0.470509721871505,0.592626878475511,0.978258805845172,"GTEx_v8_Hippocampus","KLA31_05"
"GTEX-13OW8-0011-R1a-SM-5L3HI",55442,28827,53315495,1e+06,0.486454312614985,0.592626878475511,0.978258805845172,"GTEx_v8_Hippocampus","KLA31_05"
"GTEX-13PDP-0011-R1a-SM-5PNX5",55442,28705,81743424,1e+06,0.488726957901952,0.592626878475511,0.978258805845172,"GTEx_v8_Hippocampus","KLA31_05"
"GTEX-13QIC-0011-R1a-SM-5O9CJ",55442,30665,74446452,1e+06,0.453861693301107,0.592626878475511,0.978258805845172,"GTEx_v8_Hippocampus","KLA31_05"
"GTEX-13QJC-0011-R1b-SM-5S2UU",55442,29457,66200030,1e+06,0.475145196782223,0.592626878475511,0.978258805845172,"GTEx_v8_Hippocampus","KLA31_05"
"GTEX-13RTJ-0011-R1a-SM-5O9D9",55442,33094,86365483,1e+06,0.410537137909888,0.592626878475511,0.978258805845172,"GTEx_v8_Hippocampus","KLA31_05"
"GTEX-13RTL-0011-R1a-SM-5PNZ8",55442,29928,84083133,1e+06,0.467082717073699,0.592626878475511,0.978258805845172,"GTEx_v8_Hippocampus","KLA31_05"
"GTEX-13S7M-0011-R1b-SM-5PNZE",55442,30520,83889547,1e+06,0.456801702680278,0.592626878475511,0.978258805845172,"GTEx_v8_Hippocampus","KLA31_05"
"GTEX-13SLW-0011-R1a-SM-5S2W7",55442,28511,52089839,1e+06,0.492135925832401,0.592626878475511,0.978258805845172,"GTEx_v8_Hippocampus","KLA31_05"
"GTEX-13X6I-0011-R1b-SM-5PNZC",55442,30533,74491130,1e+06,0.456368817863713,0.592626878475511,0.978258805845172,"GTEx_v8_Hippocampus","KLA31_05"
"GTEX-144GL-0011-R1a-SM-5PNZ5",55442,27811,80478898,1e+06,0.504527253706576,0.592626878475511,0.978258805845172,"GTEx_v8_Hippocampus","KLA31_05"
"GTEX-144GO-0011-R1a-SM-5PNWO",55442,25478,48627678,1e+06,0.545939901157967,0.592626878475511,0.978258805845172,"GTEx_v8_Hippocampus","KLA31_05"
"GTEX-145LS-0011-R1b-SM-5PNUP",55442,30094,53443073,1e+06,0.463980375888316,0.592626878475511,0.978258805845172,"GTEx_v8_Hippocampus","KLA31_05"
"GTEX-145LU-0011-R1a-SM-5Q5CE",55442,26294,57562984,1e+06,0.531348075466253,0.592626878475511,0.978258805845172,"GTEx_v8_Hippocampus","KLA31_05"
"GTEX-145MH-0011-R1b-SM-5PNWY",55442,31001,83629716,1e+06,0.448432596226687,0.592626878475511,0.978258805845172,"GTEx_v8_Hippocampus","KLA31_05"
"GTEX-14ABY-0011-R1a-SM-6EU2W",55442,30216,68592509,1e+06,0.461942209876989,0.592626878475511,0.978258805845172,"GTEx_v8_Hippocampus","KLA31_05"
"GTEX-14ASI-0011-R1b-SM-5S2TY",55442,30239,58416377,1e+06,0.461707730601349,0.592626878475511,0.978258805845172,"GTEx_v8_Hippocampus","KLA31_05"
"GTEX-14BIM-0011-R1a-SM-69LQI",55442,28160,58369233,1e+06,0.49832257133581,0.592626878475511,0.978258805845172,"GTEx_v8_Hippocampus","KLA31_05"
"GTEX-14C5O-0011-R1b-SM-6AJBW",55442,30411,54676106,1e+06,0.458677536885394,0.592626878475511,0.978258805845172,"GTEx_v8_Hippocampus","KLA31_05"
"GTEX-14E6D-0011-R1b-SM-5YYAW",55442,29871,67877347,1e+06,0.468146892247754,0.592626878475511,0.978258805845172,"GTEx_v8_Hippocampus","KLA31_05"
"GTEX-14E7W-0011-R1b-SM-5YYAT",55442,32076,74900558,1e+06,0.428862595144475,0.592626878475511,0.978258805845172,"GTEx_v8_Hippocampus","KLA31_05"
"GTEX-14JIY-0011-R1a-SM-68713",55442,30638,78893530,1e+06,0.454619241730096,0.592626878475511,0.978258805845172,"GTEx_v8_Hippocampus","KLA31_05"
"GTEX-14LLW-0011-R1a-SM-5ZZVD",55442,26937,54480201,1e+06,0.520002885898777,0.592626878475511,0.978258805845172,"GTEx_v8_Hippocampus","KLA31_05"
"GTEX-14LZ3-0011-R1a-SM-69LP5",55442,27843,62611621,1e+06,0.503950073951156,0.592626878475511,0.978258805845172,"GTEx_v8_Hippocampus","KLA31_05"
"GTEX-14PJM-0011-R1a-SM-CNPO3",55442,32114,77498575,1e+06,0.428032899246059,0.592626878475511,0.978258805845172,"GTEx_v8_Hippocampus","KLA31_05"
"GTEX-14PJO-0011-R1b-SM-6AJAK",55442,30609,74140330,1e+06,0.454691389199524,0.592626878475511,0.978258805845172,"GTEx_v8_Hippocampus","KLA31_05"
"GTEX-14PN4-0011-R1b-SM-69LP8",55442,31764,69612570,1e+06,0.434201507882111,0.592626878475511,0.978258805845172,"GTEx_v8_Hippocampus","KLA31_05"
"GTEX-14PQA-0011-R1b-SM-6EU1G",55442,29959,61751435,1e+06,0.466595721655063,0.592626878475511,0.978258805845172,"GTEx_v8_Hippocampus","KLA31_05"
"GTEX-15CHQ-0011-R1a-SM-COH27",55442,31732,68103903,1e+06,0.435013166913171,0.592626878475511,0.978258805845172,"GTEx_v8_Hippocampus","KLA31_05"
"GTEX-15DCD-0011-R1b-SM-6LPIJ",55442,28003,51423515,1e+06,0.501136322643483,0.592626878475511,0.978258805845172,"GTEx_v8_Hippocampus","KLA31_05"
"GTEX-15ER7-0011-R1b-SM-7KUE1",55442,30620,64511646,1e+06,0.454619241730096,0.592626878475511,0.978258805845172,"GTEx_v8_Hippocampus","KLA31_05"
"GTEX-15UF6-0011-R1a-SM-9QEGH",55442,28621,61333980,1e+06,0.489953464882219,0.592626878475511,0.978258805845172,"GTEx_v8_Hippocampus","KLA31_05"
"GTEX-16GPK-0011-R1b-SM-7EWDH",55442,28252,45059135,1e+06,0.496554958334836,0.592626878475511,0.978258805845172,"GTEx_v8_Hippocampus","KLA31_05"
"GTEX-16NPV-0011-R1b-SM-7MGVZ",55442,25697,53741371,1e+06,0.541827495400599,0.592626878475511,0.978258805845172,"GTEx_v8_Hippocampus","KLA31_05"
"GTEX-16XZZ-0011-R1a-SM-7LTAH",55442,32015,78058494,1e+06,0.42981854911439,0.592626878475511,0.978258805845172,"GTEx_v8_Hippocampus","KLA31_05"
"GTEX-16YQH-0011-R1a-SM-7LT8R",55442,31722,78971146,1e+06,0.435175498719382,0.592626878475511,0.978258805845172,"GTEx_v8_Hippocampus","KLA31_05"
"GTEX-16Z82-0011-R1b-SM-7EPHZ",55442,30825,68855359,1e+06,0.451264384401717,0.592626878475511,0.978258805845172,"GTEx_v8_Hippocampus","KLA31_05"
"GTEX-17EVP-0011-R1a-SM-7DHLA",55442,30213,51693471,1e+06,0.461924173009632,0.592626878475511,0.978258805845172,"GTEx_v8_Hippocampus","KLA31_05"
"GTEX-17EVQ-0011-R1a-SM-7189S",55442,33133,103353207,1e+06,0.409996031889181,0.592626878475511,0.978258805845172,"GTEx_v8_Hippocampus","KLA31_05"
"GTEX-17F97-0011-R1b-SM-7IGM9",55442,30929,91402440,1e+06,0.449352476461888,0.592626878475511,0.978258805845172,"GTEx_v8_Hippocampus","KLA31_05"
"GTEX-17HG3-0011-R1a-SM-7LG6H",55442,32005,71270720,1e+06,0.43016124959417,0.592626878475511,0.978258805845172,"GTEx_v8_Hippocampus","KLA31_05"
"GTEX-17HHY-0011-R1a-SM-7189V",55442,32928,84043190,1e+06,0.413350889217561,0.592626878475511,0.978258805845172,"GTEx_v8_Hippocampus","KLA31_05"
"GTEX-17HII-0011-R1b-SM-7MGVW",55442,27487,52665713,1e+06,0.510335124995491,0.592626878475511,0.978258805845172,"GTEx_v8_Hippocampus","KLA31_05"
"GTEX-17JCI-0011-R1b-SM-718A3",55442,31689,69894087,1e+06,0.435788752209516,0.592626878475511,0.978258805845172,"GTEx_v8_Hippocampus","KLA31_05"
"GTEX-17MF6-0011-R1a-SM-72D6O",55442,27207,55168784,1e+06,0.51536741098806,0.592626878475511,0.978258805845172,"GTEx_v8_Hippocampus","KLA31_05"
"GTEX-183WM-0011-R1a-SM-718A8",55442,30959,94938564,1e+06,0.448631001767613,0.592626878475511,0.978258805845172,"GTEx_v8_Hippocampus","KLA31_05"
"GTEX-18A6Q-0011-R1b-SM-731DI",55442,28368,44933950,1e+06,0.494462681721439,0.592626878475511,0.978258805845172,"GTEx_v8_Hippocampus","KLA31_05"
"GTEX-1A32A-0011-R1a-SM-7P8SQ",55442,29727,51447878,1e+06,0.469932542116085,0.592626878475511,0.978258805845172,"GTEx_v8_Hippocampus","KLA31_05"
"GTEX-1A3MX-0011-R1b-SM-7P8PH",55442,30064,83761359,1e+06,0.464485408174308,0.592626878475511,0.978258805845172,"GTEx_v8_Hippocampus","KLA31_05"
"GTEX-1A8G6-0011-R1a-SM-7P8PC",55442,28777,78360024,1e+06,0.4874102665849,0.592626878475511,0.978258805845172,"GTEx_v8_Hippocampus","KLA31_05"
"GTEX-1AX9I-0011-R1b-SM-7RHG2",55442,30840,71632783,1e+06,0.450993831391364,0.592626878475511,0.978258805845172,"GTEx_v8_Hippocampus","KLA31_05"
"GTEX-1B8L1-0011-R1a-SM-7P8SS",55442,32591,58290840,1e+06,0.41959164532304,0.592626878475511,0.978258805845172,"GTEx_v8_Hippocampus","KLA31_05"
"GTEX-1B8SF-0011-R1b-SM-7P8Q8",55442,30772,85537576,1e+06,0.45211211716749,0.592626878475511,0.978258805845172,"GTEx_v8_Hippocampus","KLA31_05"
"GTEX-1B933-0011-R1b-SM-9QEGW",55442,30582,71651241,1e+06,0.455376790159085,0.592626878475511,0.978258805845172,"GTEx_v8_Hippocampus","KLA31_05"
"GTEX-1B996-0011-R1b-SM-7P8PO",55442,31672,78288082,1e+06,0.435842862811587,0.592626878475511,0.978258805845172,"GTEx_v8_Hippocampus","KLA31_05"
"GTEX-1BAJH-0011-R1a-SM-7P8SV",55442,39533,50872551,1e+06,0.295425850438296,0.592626878475511,0.978258805845172,"GTEx_v8_Hippocampus","KLA31_05"
"GTEX-1C64N-0011-R1b-SM-7P8Q7",55442,30186,98686933,1e+06,0.462537426499766,0.592626878475511,0.978258805845172,"GTEx_v8_Hippocampus","KLA31_05"
"GTEX-1C6VQ-0011-R1a-SM-7P8Q2",55442,28453,67234936,1e+06,0.493218137873814,0.592626878475511,0.978258805845172,"GTEx_v8_Hippocampus","KLA31_05"
"GTEX-1C6VR-0011-R1a-SM-7MXUE",55442,29253,57234526,1e+06,0.478806680855669,0.592626878475511,0.978258805845172,"GTEx_v8_Hippocampus","KLA31_05"
"GTEX-1CAV2-0011-R1a-SM-ARZML",55442,23483,40002638,1e+06,0.581093755636521,0.592626878475511,0.978258805845172,"GTEx_v8_Hippocampus","KLA31_05"
"GTEX-1CB4G-0011-R1b-SM-9QEHT",55442,29518,67994714,1e+06,0.474405685220591,0.592626878475511,0.978258805845172,"GTEx_v8_Hippocampus","KLA31_05"
"GTEX-1CB4J-0011-R1a-SM-9WG64",55442,29806,47108970,1e+06,0.469048735615598,0.592626878475511,0.978258805845172,"GTEx_v8_Hippocampus","KLA31_05"
"GTEX-1E1VI-0011-R1a-SM-ARZMM",55442,26147,48449224,1e+06,0.534143789906569,0.592626878475511,0.978258805845172,"GTEx_v8_Hippocampus","KLA31_05"
"GTEX-1E2YA-0011-R1b-SM-CJI29",55442,28042,45783597,1e+06,0.500541106020706,0.592626878475511,0.978258805845172,"GTEx_v8_Hippocampus","KLA31_05"
"GTEX-1EH9U-0011-R1b-SM-CJI2B",55442,28254,71598732,1e+06,0.496753363875762,0.592626878475511,0.978258805845172,"GTEx_v8_Hippocampus","KLA31_05"
"GTEX-1EKGG-0011-R1b-SM-9QEI1",55442,29033,55339736,1e+06,0.48313552902132,0.592626878475511,0.978258805845172,"GTEx_v8_Hippocampus","KLA31_05"
"GTEX-1EMGI-0011-R1b-SM-9OSWZ",55442,31592,78940117,1e+06,0.437718697016702,0.592626878475511,0.978258805845172,"GTEx_v8_Hippocampus","KLA31_05"
"GTEX-1EWIQ-0011-R1a-SM-9OSX7",55442,29666,71194927,1e+06,0.471808376321201,0.592626878475511,0.978258805845172,"GTEx_v8_Hippocampus","KLA31_05"
"GTEX-1EX96-0011-R1a-SM-CE6R5",55442,29354,60154439,1e+06,0.476984957252624,0.592626878475511,0.978258805845172,"GTEx_v8_Hippocampus","KLA31_05"
"GTEX-1F48J-0011-R1a-SM-9QEIC",55442,31102,71470056,1e+06,0.446250135276505,0.592626878475511,0.978258805845172,"GTEx_v8_Hippocampus","KLA31_05"
"GTEX-1F6I4-0011-R1a-SM-9OSWU",55442,30578,82400614,1e+06,0.455358753291728,0.592626878475511,0.978258805845172,"GTEx_v8_Hippocampus","KLA31_05"
"GTEX-1F6IF-0011-R1b-SM-9WG78",55442,32134,88480498,1e+06,0.428177194184914,0.592626878475511,0.978258805845172,"GTEx_v8_Hippocampus","KLA31_05"
"GTEX-1F75A-0011-R1b-SM-CE6RA",55442,30452,61570461,1e+06,0.457721582915479,0.592626878475511,0.978258805845172,"GTEx_v8_Hippocampus","KLA31_05"
"GTEX-1F75W-0011-R1a-SM-ARU81",55442,26712,51932900,1e+06,0.523880812380506,0.592626878475511,0.978258805845172,"GTEx_v8_Hippocampus","KLA31_05"
"GTEX-1GF9V-0011-R1a-SM-CKZNQ",55442,27362,62546955,1e+06,0.512607770282457,0.592626878475511,0.978258805845172,"GTEx_v8_Hippocampus","KLA31_05"
"GTEX-1GF9W-0011-R1a-SM-9QEIQ",55442,29666,66399521,1e+06,0.471573897045561,0.592626878475511,0.978258805845172,"GTEx_v8_Hippocampus","KLA31_05"
"GTEX-1GMR8-0011-R1b-SM-CJI2O",55442,28631,79452335,1e+06,0.490115796688431,0.592626878475511,0.978258805845172,"GTEx_v8_Hippocampus","KLA31_05"
"GTEX-1GN1U-0011-R1a-SM-CJI25",55442,30222,72649361,1e+06,0.462014357346416,0.592626878475511,0.978258805845172,"GTEx_v8_Hippocampus","KLA31_05"
"GTEX-1GN2E-0011-R1b-SM-CE6RJ",55442,28238,56740506,1e+06,0.49687962194726,0.592626878475511,0.978258805845172,"GTEx_v8_Hippocampus","KLA31_05"
"GTEX-1GN73-0011-R1a-SM-CKZNT",55442,29564,63690261,1e+06,0.473557952454818,0.592626878475511,0.978258805845172,"GTEx_v8_Hippocampus","KLA31_05"
"GTEX-1GTWX-0011-R1a-SM-CE6RL",55442,29478,61522557,1e+06,0.474820533169799,0.592626878475511,0.978258805845172,"GTEx_v8_Hippocampus","KLA31_05"
"GTEX-1GZ2Q-0011-R1a-SM-CJI2Y",55442,30666,78264516,1e+06,0.453969914505249,0.592626878475511,0.978258805845172,"GTEx_v8_Hippocampus","KLA31_05"
"GTEX-1GZHY-0011-R1a-SM-CE6RR",55442,28727,48214973,1e+06,0.488546589228383,0.592626878475511,0.978258805845172,"GTEx_v8_Hippocampus","KLA31_05"
"GTEX-1H1CY-0011-R1a-SM-CKZOZ",55442,29941,67151931,1e+06,0.466866274665416,0.592626878475511,0.978258805845172,"GTEx_v8_Hippocampus","KLA31_05"
"GTEX-1H1DG-0011-R1b-SM-CKZP1",55442,30812,68565690,1e+06,0.451336531871145,0.592626878475511,0.978258805845172,"GTEx_v8_Hippocampus","KLA31_05"
"GTEX-1H1ZS-0011-R1b-SM-A9G1E",55442,31631,71307005,1e+06,0.436582374373219,0.592626878475511,0.978258805845172,"GTEx_v8_Hippocampus","KLA31_05"
"GTEX-1H23P-0011-R1a-SM-ACKVC",55442,29400,75349586,1e+06,0.476263482558349,0.592626878475511,0.978258805845172,"GTEx_v8_Hippocampus","KLA31_05"
"GTEX-1H3NZ-0011-R1a-SM-CKZP5",55442,30391,73172400,1e+06,0.458948089895747,0.592626878475511,0.978258805845172,"GTEx_v8_Hippocampus","KLA31_05"
"GTEX-1H3O1-0011-R1b-SM-CL554",55442,30812,81406998,1e+06,0.451408679340572,0.592626878475511,0.978258805845172,"GTEx_v8_Hippocampus","KLA31_05"
"GTEX-1H3VE-0011-R1a-SM-A9G1K",55442,28891,66005298,1e+06,0.485029400093792,0.592626878475511,0.978258805845172,"GTEx_v8_Hippocampus","KLA31_05"
"GTEX-1H4P4-0011-R1b-SM-CL54V",55442,26959,82553521,1e+06,0.519497853612785,0.592626878475511,0.978258805845172,"GTEx_v8_Hippocampus","KLA31_05"
"GTEX-1HBPI-0011-R1b-SM-A9SKF",55442,31919,79061161,1e+06,0.431748493921576,0.592626878475511,0.978258805845172,"GTEx_v8_Hippocampus","KLA31_05"
"GTEX-1HGF4-0011-R1a-SM-CJI3S",55442,27974,63216332,1e+06,0.501460986255907,0.592626878475511,0.978258805845172,"GTEx_v8_Hippocampus","KLA31_05"
"GTEX-1HR98-0011-R1a-SM-ARZLQ",55442,25356,46212839,1e+06,0.547671440424227,0.592626878475511,0.978258805845172,"GTEx_v8_Hippocampus","KLA31_05"
"GTEX-1HSKV-0011-R1b-SM-CMKH7",55442,30414,84456144,1e+06,0.458713610620108,0.592626878475511,0.978258805845172,"GTEx_v8_Hippocampus","KLA31_05"
"GTEX-1HSMO-0011-R1a-SM-CM2SV",55442,28570,78965087,1e+06,0.491143898127773,0.592626878475511,0.978258805845172,"GTEx_v8_Hippocampus","KLA31_05"
"GTEX-1HT8W-0011-R1b-SM-CJI3V",55442,27987,65377009,1e+06,0.501497059990621,0.592626878475511,0.978258805845172,"GTEx_v8_Hippocampus","KLA31_05"
"GTEX-1I1GQ-0011-R1a-SM-CY8GG",55442,32759,88203594,1e+06,0.416795930882724,0.592626878475511,0.978258805845172,"GTEx_v8_Hippocampus","KLA31_05"
"GTEX-1I1GS-0011-R1a-SM-CJI43",55442,28906,52642469,1e+06,0.485408174308286,0.592626878475511,0.978258805845172,"GTEx_v8_Hippocampus","KLA31_05"
"GTEX-1I1GV-0011-R1a-SM-CL559",55442,30525,99482875,1e+06,0.45638685473107,0.592626878475511,0.978258805845172,"GTEx_v8_Hippocampus","KLA31_05"
"GTEX-1I1HK-0011-R1b-SM-CM2T7",55442,30044,61890272,1e+06,0.465188846001227,0.592626878475511,0.978258805845172,"GTEx_v8_Hippocampus","KLA31_05"
"GTEX-1ICLZ-0011-R1b-SM-A9SM3",55442,28848,46227766,1e+06,0.48631001767613,0.592626878475511,0.978258805845172,"GTEx_v8_Hippocampus","KLA31_05"
"GTEX-1IDJH-0011-R1b-SM-ARU6U",55442,30528,62076983,1e+06,0.456513112802568,0.592626878475511,0.978258805845172,"GTEx_v8_Hippocampus","KLA31_05"
"GTEX-1IKK5-0011-R1b-SM-CE6SQ",55442,31849,91715859,1e+06,0.432830705962988,0.592626878475511,0.978258805845172,"GTEx_v8_Hippocampus","KLA31_05"
"GTEX-1IOXB-0011-R1a-SM-D4P27",55442,30933,99976611,1e+06,0.449154070920962,0.592626878475511,0.978258805845172,"GTEx_v8_Hippocampus","KLA31_05"
"GTEX-1IY9M-0011-R1a-SM-EXURZ",55442,28960,51970532,1e+06,0.484506330940442,0.592626878475511,0.978258805845172,"GTEx_v8_Hippocampus","KLA31_05"
"GTEX-1J1OQ-0011-R1a-SM-A9G1Z",55442,29645,60876585,1e+06,0.471988744994769,0.592626878475511,0.978258805845172,"GTEx_v8_Hippocampus","KLA31_05"
"GTEX-1J8Q2-0011-R1a-SM-D4P2D",55442,27144,74982232,1e+06,0.516395512427402,0.592626878475511,0.978258805845172,"GTEx_v8_Hippocampus","KLA31_05"
"GTEX-1LB8K-0011-R1b-SM-EZ6MV",55442,30773,85161733,1e+06,0.45205800656542,0.592626878475511,0.978258805845172,"GTEx_v8_Hippocampus","KLA31_05"
"GTEX-1LG7Y-0011-R1a-SM-EYYWV",55442,28083,63234982,1e+06,0.499855705061145,0.592626878475511,0.978258805845172,"GTEx_v8_Hippocampus","KLA31_05"
"GTEX-N7MS-0011-R1a-SM-2HMJG",55442,31308,67817132,1e+06,0.442282024457992,0.592626878475511,0.978258805845172,"GTEx_v8_Hippocampus","KLA31_05"
"GTEX-N7MT-0011-R1a-SM-CNPO1",55442,32255,77343666,1e+06,0.425868475163234,0.592626878475511,0.978258805845172,"GTEx_v8_Hippocampus","KLA31_05"
"GTEX-NL3H-0011-R1a-SM-48TDJ",55442,26465,51331303,1e+06,0.528227697413513,0.592626878475511,0.978258805845172,"GTEx_v8_Hippocampus","KLA31_05"
"GTEX-NPJ7-0011-R1a-SM-3GACT",55442,28813,59014066,1e+06,0.486706828757981,0.592626878475511,0.978258805845172,"GTEx_v8_Hippocampus","KLA31_05"
"GTEX-NPJ8-0011-R1a-SM-33HCB",55442,32763,118307037,1e+06,0.4164712672703,0.592626878475511,0.978258805845172,"GTEx_v8_Hippocampus","KLA31_05"
"GTEX-OHPN-0011-R1A-SM-2I5GB",55442,28476,44452863,1e+06,0.492568810648967,0.592626878475511,0.978258805845172,"GTEx_v8_Hippocampus","KLA31_05"
"GTEX-P44G-0011-R1A-SM-2I3FE",55442,30784,65826759,1e+06,0.451787453555067,0.592626878475511,0.978258805845172,"GTEx_v8_Hippocampus","KLA31_05"
"GTEX-P44H-0011-R1A-SM-3NM8J",55442,32098,79848903,1e+06,0.42837559972584,0.592626878475511,0.978258805845172,"GTEx_v8_Hippocampus","KLA31_05"
"GTEX-PVOW-0011-R1A-SM-32PL6",55442,26843,48196208,1e+06,0.521463872154684,0.592626878475511,0.978258805845172,"GTEx_v8_Hippocampus","KLA31_05"
"GTEX-PWO3-0011-R1A-SM-2I5EW",55442,29142,51735583,1e+06,0.480953068071137,0.592626878475511,0.978258805845172,"GTEx_v8_Hippocampus","KLA31_05"
"GTEX-Q2AG-0011-R1A-SM-2HMJI",55442,31613,73596532,1e+06,0.436961148587713,0.592626878475511,0.978258805845172,"GTEx_v8_Hippocampus","KLA31_05"
"GTEX-QDT8-0011-R1A-SM-32PKS",55442,29258,42250247,1e+06,0.478842754590383,0.592626878475511,0.978258805845172,"GTEx_v8_Hippocampus","KLA31_05"
"GTEX-QMR6-0011-R1A-SM-32PKW",55442,25324,87339817,1e+06,0.54823058331229,0.592626878475511,0.978258805845172,"GTEx_v8_Hippocampus","KLA31_05"
"GTEX-QVJO-0011-R1A-SM-2S1QI",55442,28639,28555047,1e+06,0.489358248259442,0.592626878475511,0.978258805845172,"GTEx_v8_Hippocampus","KLA31_05"
"GTEX-QVUS-0011-R1A-SM-3GAD2",55442,31636,67497440,1e+06,0.436528263771148,0.592626878475511,0.978258805845172,"GTEx_v8_Hippocampus","KLA31_05"
"GTEX-R55E-0011-R1A-SM-2TC6N",55442,30536,50266208,1e+06,0.456260596659572,0.592626878475511,0.978258805845172,"GTEx_v8_Hippocampus","KLA31_05"
"GTEX-RNOR-0011-R1A-SM-CNNP5",55442,31760,101129650,1e+06,0.434814761372245,0.592626878475511,0.978258805845172,"GTEx_v8_Hippocampus","KLA31_05"
"GTEX-S7SE-0011-R1A-SM-2XCDE",55442,29588,53045708,1e+06,0.472728256556401,0.592626878475511,0.978258805845172,"GTEx_v8_Hippocampus","KLA31_05"
"GTEX-T5JC-0011-R1A-SM-32PM6",55442,27892,24454276,1e+06,0.503048230583312,0.592626878475511,0.978258805845172,"GTEx_v8_Hippocampus","KLA31_05"
"GTEX-T6MN-0011-R1A-SM-32QOY",55442,30072,75384433,1e+06,0.464214855163955,0.592626878475511,0.978258805845172,"GTEx_v8_Hippocampus","KLA31_05"
"GTEX-TSE9-0011-R1A-SM-3DB7E",55442,30335,54353686,1e+06,0.459597417120594,0.592626878475511,0.978258805845172,"GTEx_v8_Hippocampus","KLA31_05"
"GTEX-UTHO-0011-R1A-SM-3GIJO",55442,26067,63001430,1e+06,0.535135817611197,0.592626878475511,0.978258805845172,"GTEx_v8_Hippocampus","KLA31_05"
"GTEX-WHSE-0011-R1A-SM-3P5ZK",55442,32501,95190389,1e+06,0.421233000252516,0.592626878475511,0.978258805845172,"GTEx_v8_Hippocampus","KLA31_05"
"GTEX-WL46-0011-R1A-SM-3LK6M",55442,30053,63818624,1e+06,0.46493632985823,0.592626878475511,0.978258805845172,"GTEx_v8_Hippocampus","KLA31_05"
"GTEX-WVLH-0011-R1A-SM-4MVOK",55442,30736,86375934,1e+06,0.452725370657624,0.592626878475511,0.978258805845172,"GTEx_v8_Hippocampus","KLA31_05"
"GTEX-WWYW-0011-R1A-SM-3TW8G",55442,32403,94407720,1e+06,0.423253129396486,0.592626878475511,0.978258805845172,"GTEx_v8_Hippocampus","KLA31_05"
"GTEX-WZTO-0011-R1B-SM-3NMAR",55442,30856,71617421,1e+06,0.450560946574799,0.592626878475511,0.978258805845172,"GTEx_v8_Hippocampus","KLA31_05"
"GTEX-X4EP-0011-R1A-SM-3P624",55442,34364,57656085,1e+06,0.387900869377007,0.592626878475511,0.978258805845172,"GTEx_v8_Hippocampus","KLA31_05"
"GTEX-X4XX-0011-R1B-SM-3P622",55442,31612,87562961,1e+06,0.436925074853,0.592626878475511,0.978258805845172,"GTEx_v8_Hippocampus","KLA31_05"
"GTEX-X585-0011-R1B-SM-46MVE",55442,29406,49041239,1e+06,0.476588146170773,0.592626878475511,0.978258805845172,"GTEx_v8_Hippocampus","KLA31_05"
"GTEX-XMD1-0011-R1A-SM-4AT4C",55442,29239,61075861,1e+06,0.479221528804877,0.592626878475511,0.978258805845172,"GTEx_v8_Hippocampus","KLA31_05"
"GTEX-Y8DK-0011-R1A-SM-4RGLO",55442,28980,64424400,1e+06,0.483857003715595,0.592626878475511,0.978258805845172,"GTEx_v8_Hippocampus","KLA31_05"
"GTEX-YFC4-0011-R1a-SM-4V6EH",55442,30837,88029676,1e+06,0.450867573319866,0.592626878475511,0.978258805845172,"GTEx_v8_Hippocampus","KLA31_05"
"GTEX-YJ89-0011-R1a-SM-4RGLS",55442,28466,68596717,1e+06,0.493055806067602,0.592626878475511,0.978258805845172,"GTEx_v8_Hippocampus","KLA31_05"
"GTEX-ZAB4-0011-R1a-SM-4RGNO",55442,29664,50814210,1e+06,0.471970708127412,0.592626878475511,0.978258805845172,"GTEx_v8_Hippocampus","KLA31_05"
"GTEX-ZDXO-0011-R1a-SM-4WKF4",55442,30640,67510594,1e+06,0.454529057393312,0.592626878475511,0.978258805845172,"GTEx_v8_Hippocampus","KLA31_05"
"GTEX-ZE7O-0011-R1a-SM-57WDM",55442,27158,76567140,1e+06,0.515962627610837,0.592626878475511,0.978258805845172,"GTEx_v8_Hippocampus","KLA31_05"
"GTEX-ZF28-0011-R1a-SM-4WWD1",55442,26776,52995488,1e+06,0.523015042747376,0.592626878475511,0.978258805845172,"GTEx_v8_Hippocampus","KLA31_05"
"GTEX-ZUA1-0011-R1a-SM-4YCE2",55442,30465,56052716,1e+06,0.457613361711338,0.592626878475511,0.978258805845172,"GTEx_v8_Hippocampus","KLA31_05"
"GTEX-ZVZQ-0011-R1a-SM-57WBU",55442,26615,40763875,1e+06,0.52570253598355,0.592626878475511,0.978258805845172,"GTEx_v8_Hippocampus","KLA31_05"
"GTEX-111CU-0326-SM-5GZXO",55442,30153,64594568,1e+06,0.462591537101836,0.697106587265579,0.971203126958139,"GTEx_v8_Lung","KLA31_02"
"GTEX-111FC-1126-SM-5GZWU",55442,31517,48710812,1e+06,0.438476245445691,0.697106587265579,0.971203126958139,"GTEx_v8_Lung","KLA31_02"
"GTEX-111VG-0726-SM-5GIDC",55442,33320,70289704,1e+06,0.40613614227481,0.697106587265579,0.971203126958139,"GTEx_v8_Lung","KLA31_02"
"GTEX-111YS-0626-SM-5GZXV",55442,30185,62172749,1e+06,0.461906136142275,0.697106587265579,0.971203126958139,"GTEx_v8_Lung","KLA31_02"
"GTEX-1122O-0126-SM-5GICA",55442,30070,59324485,1e+06,0.464124670827171,0.697106587265579,0.971203126958139,"GTEx_v8_Lung","KLA31_02"
"GTEX-1128S-0726-SM-5N9D6",55442,30645,52120308,1e+06,0.453771508964323,0.697106587265579,0.971203126958139,"GTEx_v8_Lung","KLA31_02"
"GTEX-117YW-0526-SM-5H11C",55442,31124,51457620,1e+06,0.445222033837163,0.697106587265579,0.971203126958139,"GTEx_v8_Lung","KLA31_02"
"GTEX-117YX-1326-SM-5H125",55442,30045,63221437,1e+06,0.464611666245806,0.697106587265579,0.971203126958139,"GTEx_v8_Lung","KLA31_02"
"GTEX-11DXX-0626-SM-5Q5AG",55442,29740,52683400,1e+06,0.469896468381372,0.697106587265579,0.971203126958139,"GTEx_v8_Lung","KLA31_02"
"GTEX-11DXZ-0726-SM-5N9C4",55442,31342,54235432,1e+06,0.44148840229429,0.697106587265579,0.971203126958139,"GTEx_v8_Lung","KLA31_02"
"GTEX-11DZ1-0426-SM-5H11A",55442,30623,51895446,1e+06,0.454186356913531,0.697106587265579,0.971203126958139,"GTEx_v8_Lung","KLA31_02"
"GTEX-11EI6-0826-SM-5985V",55442,30614,43883474,1e+06,0.454222430648245,0.697106587265579,0.971203126958139,"GTEx_v8_Lung","KLA31_02"
"GTEX-11EMC-0126-SM-5EGKV",55442,29846,60412452,1e+06,0.46776811803326,0.697106587265579,0.971203126958139,"GTEx_v8_Lung","KLA31_02"
"GTEX-11EQ9-0226-SM-5A5JX",55442,29998,59727268,1e+06,0.465044551062371,0.697106587265579,0.971203126958139,"GTEx_v8_Lung","KLA31_02"
"GTEX-11GSP-0726-SM-5986L",55442,30631,51918097,1e+06,0.453987951372606,0.697106587265579,0.971203126958139,"GTEx_v8_Lung","KLA31_02"
"GTEX-11I78-0126-SM-5HL6F",55442,30622,55351387,1e+06,0.454312614985029,0.697106587265579,0.971203126958139,"GTEx_v8_Lung","KLA31_02"
"GTEX-11LCK-0426-SM-5A5M8",55442,30559,62172768,1e+06,0.455322679557015,0.697106587265579,0.971203126958139,"GTEx_v8_Lung","KLA31_02"
"GTEX-11NSD-0326-SM-5A5LS",55442,31076,52914443,1e+06,0.446304245878576,0.697106587265579,0.971203126958139,"GTEx_v8_Lung","KLA31_02"
"GTEX-11NUK-0826-SM-5HL4U",55442,31956,60172304,1e+06,0.430558060676022,0.697106587265579,0.971203126958139,"GTEx_v8_Lung","KLA31_02"
"GTEX-11NV4-1126-SM-5HL6J",55442,28602,50048318,1e+06,0.490079722953717,0.697106587265579,0.971203126958139,"GTEx_v8_Lung","KLA31_02"
"GTEX-11O72-1326-SM-5BC5A",55442,30393,53321641,1e+06,0.457956062191119,0.697106587265579,0.971203126958139,"GTEx_v8_Lung","KLA31_02"
"GTEX-11OF3-1126-SM-5986C",55442,29608,44916682,1e+06,0.472078929331554,0.697106587265579,0.971203126958139,"GTEx_v8_Lung","KLA31_02"
"GTEX-11P7K-0326-SM-59871",55442,30769,58025715,1e+06,0.451589048014141,0.697106587265579,0.971203126958139,"GTEx_v8_Lung","KLA31_02"
"GTEX-11P81-0226-SM-5HL5M",55442,32159,54073428,1e+06,0.427149092745572,0.697106587265579,0.971203126958139,"GTEx_v8_Lung","KLA31_02"
"GTEX-11PRG-0926-SM-5EGI8",55442,31095,53858044,1e+06,0.445871361062011,0.697106587265579,0.971203126958139,"GTEx_v8_Lung","KLA31_02"
"GTEX-11TT1-1626-SM-5EQL7",55442,29936,62927891,1e+06,0.466271058042639,0.697106587265579,0.971203126958139,"GTEx_v8_Lung","KLA31_02"
"GTEX-11TUW-0526-SM-5LU9A",55442,30539,45518701,1e+06,0.455412863893799,0.697106587265579,0.971203126958139,"GTEx_v8_Lung","KLA31_02"
"GTEX-11UD2-0726-SM-5EQ69",55442,30816,43683134,1e+06,0.450687204646297,0.697106587265579,0.971203126958139,"GTEx_v8_Lung","KLA31_02"
"GTEX-11WQC-0626-SM-5EQMF",55442,29922,44458129,1e+06,0.466433389848851,0.697106587265579,0.971203126958139,"GTEx_v8_Lung","KLA31_02"
"GTEX-11WQK-1226-SM-5GU5Z",55442,30484,69194966,1e+06,0.456459002200498,0.697106587265579,0.971203126958139,"GTEx_v8_Lung","KLA31_02"
"GTEX-11ZTS-1226-SM-5EQMQ",55442,30298,54097453,1e+06,0.459831896396234,0.697106587265579,0.971203126958139,"GTEx_v8_Lung","KLA31_02"
"GTEX-11ZTT-0626-SM-5EQLM",55442,32245,63917539,1e+06,0.425561848418167,0.697106587265579,0.971203126958139,"GTEx_v8_Lung","KLA31_02"
"GTEX-11ZUS-0126-SM-5EQM5",55442,31432,41261487,1e+06,0.439792936762743,0.697106587265579,0.971203126958139,"GTEx_v8_Lung","KLA31_02"
"GTEX-11ZVC-0226-SM-731E8",55442,31407,74741548,1e+06,0.440424227120234,0.697106587265579,0.971203126958139,"GTEx_v8_Lung","KLA31_02"
"GTEX-1211K-0826-SM-5FQUP",55442,30321,64647246,1e+06,0.459471159049096,0.697106587265579,0.971203126958139,"GTEx_v8_Lung","KLA31_02"
"GTEX-1212Z-1026-SM-5EGJ8",55442,30441,48095226,1e+06,0.457396919303055,0.697106587265579,0.971203126958139,"GTEx_v8_Lung","KLA31_02"
"GTEX-12584-1426-SM-5EGJ9",55442,30956,58049072,1e+06,0.44812596948162,0.697106587265579,0.971203126958139,"GTEx_v8_Lung","KLA31_02"
"GTEX-12696-1026-SM-5FQUV",55442,31675,53528025,1e+06,0.435482125464449,0.697106587265579,0.971203126958139,"GTEx_v8_Lung","KLA31_02"
"GTEX-1269C-0926-SM-5FQSR",55442,30587,57191172,1e+06,0.454583167995383,0.697106587265579,0.971203126958139,"GTEx_v8_Lung","KLA31_02"
"GTEX-12BJ1-1026-SM-5EGJA",55442,31295,70365693,1e+06,0.44206558204971,0.697106587265579,0.971203126958139,"GTEx_v8_Lung","KLA31_02"
"GTEX-12KS4-0726-SM-5FQSX",55442,30701,54712261,1e+06,0.452905739331193,0.697106587265579,0.971203126958139,"GTEx_v8_Lung","KLA31_02"
"GTEX-12WSA-1026-SM-5EGHN",55442,30156,46676636,1e+06,0.462429205295624,0.697106587265579,0.971203126958139,"GTEx_v8_Lung","KLA31_02"
"GTEX-12WSD-0826-SM-5GCNE",55442,32056,43826793,1e+06,0.428826521409762,0.697106587265579,0.971203126958139,"GTEx_v8_Lung","KLA31_02"
"GTEX-12WSE-0826-SM-5S2VL",55442,31701,53523990,1e+06,0.435121388117312,0.697106587265579,0.971203126958139,"GTEx_v8_Lung","KLA31_02"
"GTEX-12WSG-5004-SM-7EPG9",55442,31122,76743357,1e+06,0.445654918653728,0.697106587265579,0.971203126958139,"GTEx_v8_Lung","KLA31_02"
"GTEX-12WSH-0126-SM-5GCO3",55442,29057,39561886,1e+06,0.481782763969554,0.697106587265579,0.971203126958139,"GTEx_v8_Lung","KLA31_02"
"GTEX-12WSI-0826-SM-5EGKD",55442,31311,60745176,1e+06,0.44206558204971,0.697106587265579,0.971203126958139,"GTEx_v8_Lung","KLA31_02"
"GTEX-12WSJ-0226-SM-5GCP7",55442,29726,50938685,1e+06,0.470293279463223,0.697106587265579,0.971203126958139,"GTEx_v8_Lung","KLA31_02"
"GTEX-12WSK-0826-SM-5CVNP",55442,31976,54307797,1e+06,0.430251433930955,0.697106587265579,0.971203126958139,"GTEx_v8_Lung","KLA31_02"
"GTEX-12WSL-1026-SM-5CVNJ",55442,31450,65855405,1e+06,0.439450236282962,0.697106587265579,0.971203126958139,"GTEx_v8_Lung","KLA31_02"
"GTEX-12WSN-5004-SM-793CE",55442,29697,60028527,1e+06,0.470762238014502,0.697106587265579,0.971203126958139,"GTEx_v8_Lung","KLA31_02"
"GTEX-12ZZW-0926-SM-5LZUD",55442,30706,56864678,1e+06,0.45297788680062,0.697106587265579,0.971203126958139,"GTEx_v8_Lung","KLA31_02"
"GTEX-12ZZY-0926-SM-5EQ6I",55442,31958,48479965,1e+06,0.430630208145449,0.697106587265579,0.971203126958139,"GTEx_v8_Lung","KLA31_02"
"GTEX-13111-0426-SM-5DUXR",55442,30576,46583897,1e+06,0.455124274016089,0.697106587265579,0.971203126958139,"GTEx_v8_Lung","KLA31_02"
"GTEX-13113-5004-SM-79ONL",55442,32191,128093583,1e+06,0.42640958118394,0.697106587265579,0.971203126958139,"GTEx_v8_Lung","KLA31_02"
"GTEX-1313W-0926-SM-5EQ56",55442,28152,41235758,1e+06,0.498070055192814,0.697106587265579,0.971203126958139,"GTEx_v8_Lung","KLA31_02"
"GTEX-131XE-0726-SM-5HL9K",55442,30988,49306535,1e+06,0.447891490205981,0.697106587265579,0.971203126958139,"GTEx_v8_Lung","KLA31_02"
"GTEX-131XF-1026-SM-5BC6A",55442,30048,50849935,1e+06,0.464557555643736,0.697106587265579,0.971203126958139,"GTEx_v8_Lung","KLA31_02"
"GTEX-131XH-0426-SM-5DUWU",55442,29612,43574734,1e+06,0.472169113668338,0.697106587265579,0.971203126958139,"GTEx_v8_Lung","KLA31_02"
"GTEX-131XW-1126-SM-5EGK4",55442,30985,55561663,1e+06,0.44778326900184,0.697106587265579,0.971203126958139,"GTEx_v8_Lung","KLA31_02"
"GTEX-131YS-0926-SM-5IJB9",55442,31923,49667266,1e+06,0.431423830309152,0.697106587265579,0.971203126958139,"GTEx_v8_Lung","KLA31_02"
"GTEX-132NY-1226-SM-5PNVF",55442,27956,40860092,1e+06,0.501785649868331,0.697106587265579,0.971203126958139,"GTEx_v8_Lung","KLA31_02"
"GTEX-132QS-0726-SM-5IJE9",55442,31287,89815971,1e+06,0.442227913855922,0.697106587265579,0.971203126958139,"GTEx_v8_Lung","KLA31_02"
"GTEX-1339X-0626-SM-5IJER",55442,31139,59791571,1e+06,0.444915407092096,0.697106587265579,0.971203126958139,"GTEx_v8_Lung","KLA31_02"
"GTEX-133LE-0526-SM-5N9EJ",55442,31716,74270989,1e+06,0.43472457703546,0.697106587265579,0.971203126958139,"GTEx_v8_Lung","KLA31_02"
"GTEX-1399S-1726-SM-5L3DI",55442,30399,60122758,1e+06,0.458298762670899,0.697106587265579,0.971203126958139,"GTEx_v8_Lung","KLA31_02"
"GTEX-1399U-0826-SM-5KM1P",55442,33000,81882413,1e+06,0.411781681757512,0.697106587265579,0.971203126958139,"GTEx_v8_Lung","KLA31_02"
"GTEX-139T6-0426-SM-5IJEM",55442,33094,91167038,1e+06,0.410212474297464,0.697106587265579,0.971203126958139,"GTEx_v8_Lung","KLA31_02"
"GTEX-139TT-0726-SM-5K7XW",55442,29709,48076038,1e+06,0.470437574402078,0.697106587265579,0.971203126958139,"GTEx_v8_Lung","KLA31_02"
"GTEX-139UW-0226-SM-5K7WU",55442,29849,60299208,1e+06,0.468020634176256,0.697106587265579,0.971203126958139,"GTEx_v8_Lung","KLA31_02"
"GTEX-139YR-0926-SM-5LZYB",55442,28796,50337533,1e+06,0.486508423217056,0.697106587265579,0.971203126958139,"GTEx_v8_Lung","KLA31_02"
"GTEX-13CF3-0426-SM-5IJEU",55442,31424,76224769,1e+06,0.439738826160672,0.697106587265579,0.971203126958139,"GTEx_v8_Lung","KLA31_02"
"GTEX-13D11-0326-SM-5LZXX",55442,30108,58711528,1e+06,0.46320479059197,0.697106587265579,0.971203126958139,"GTEx_v8_Lung","KLA31_02"
"GTEX-13FH7-1726-SM-5IJE7",55442,32009,76908106,1e+06,0.429457811767252,0.697106587265579,0.971203126958139,"GTEx_v8_Lung","KLA31_02"
"GTEX-13FHO-1026-SM-5KM1Q",55442,30491,50314273,1e+06,0.456567223404639,0.697106587265579,0.971203126958139,"GTEx_v8_Lung","KLA31_02"
"GTEX-13FHP-0726-SM-5K7YI",55442,29150,46839177,1e+06,0.48035785144836,0.697106587265579,0.971203126958139,"GTEx_v8_Lung","KLA31_02"
"GTEX-13FLV-0426-SM-5KLZA",55442,31388,71876221,1e+06,0.440640669528516,0.697106587265579,0.971203126958139,"GTEx_v8_Lung","KLA31_02"
"GTEX-13FTX-0326-SM-5J2NG",55442,31854,57736443,1e+06,0.432379784279066,0.697106587265579,0.971203126958139,"GTEx_v8_Lung","KLA31_02"
"GTEX-13FTY-0126-SM-5J2NZ",55442,31840,59081507,1e+06,0.432488005483208,0.697106587265579,0.971203126958139,"GTEx_v8_Lung","KLA31_02"
"GTEX-13FTZ-0526-SM-5IJCW",55442,32090,55174560,1e+06,0.428105046715486,0.697106587265579,0.971203126958139,"GTEx_v8_Lung","KLA31_02"
"GTEX-13G51-0426-SM-5K7Z5",55442,29660,47205588,1e+06,0.471357454637279,0.697106587265579,0.971203126958139,"GTEx_v8_Lung","KLA31_02"
"GTEX-13JUV-0526-SM-5K7XE",55442,30028,47759776,1e+06,0.464773998052018,0.697106587265579,0.971203126958139,"GTEx_v8_Lung","KLA31_02"
"GTEX-13JVG-1426-SM-5MR4W",55442,30339,58366622,1e+06,0.459272753508171,0.697106587265579,0.971203126958139,"GTEx_v8_Lung","KLA31_02"
"GTEX-13N11-0326-SM-5LUA3",55442,31513,44478362,1e+06,0.438566429782475,0.697106587265579,0.971203126958139,"GTEx_v8_Lung","KLA31_02"
"GTEX-13N1W-0726-SM-5MR57",55442,29497,56172651,1e+06,0.47435157461852,0.697106587265579,0.971203126958139,"GTEx_v8_Lung","KLA31_02"
"GTEX-13N2G-0826-SM-5IJE6",55442,32189,74287028,1e+06,0.426265286245085,0.697106587265579,0.971203126958139,"GTEx_v8_Lung","KLA31_02"
"GTEX-13NYB-0626-SM-5MR47",55442,30500,68037829,1e+06,0.456549186537282,0.697106587265579,0.971203126958139,"GTEx_v8_Lung","KLA31_02"
"GTEX-13NYS-1626-SM-5J2MU",55442,31836,64906005,1e+06,0.432506042350565,0.697106587265579,0.971203126958139,"GTEx_v8_Lung","KLA31_02"
"GTEX-13NZ8-0326-SM-5L3DF",55442,29019,44665879,1e+06,0.482720681072111,0.697106587265579,0.971203126958139,"GTEx_v8_Lung","KLA31_02"
"GTEX-13NZ9-0926-SM-5KM12",55442,31529,49151441,1e+06,0.438151581833267,0.697106587265579,0.971203126958139,"GTEx_v8_Lung","KLA31_02"
"GTEX-13NZA-1426-SM-5KM4Y",55442,29598,58774346,1e+06,0.47233144547455,0.697106587265579,0.971203126958139,"GTEx_v8_Lung","KLA31_02"
"GTEX-13O21-3026-SM-5J2NI",55442,31947,72314238,1e+06,0.430558060676022,0.697106587265579,0.971203126958139,"GTEx_v8_Lung","KLA31_02"
"GTEX-13O3O-0726-SM-5J1N7",55442,30936,53795591,1e+06,0.448558854298185,0.697106587265579,0.971203126958139,"GTEx_v8_Lung","KLA31_02"
"GTEX-13O3P-1026-SM-5N9E7",55442,32131,77687173,1e+06,0.427401608888568,0.697106587265579,0.971203126958139,"GTEx_v8_Lung","KLA31_02"
"GTEX-13O3Q-0526-SM-5KM18",55442,30199,42140983,1e+06,0.461725767468706,0.697106587265579,0.971203126958139,"GTEx_v8_Lung","KLA31_02"
"GTEX-13O61-0726-SM-5J2MD",55442,32454,70447085,1e+06,0.421683921936438,0.697106587265579,0.971203126958139,"GTEx_v8_Lung","KLA31_02"
"GTEX-13OVG-0326-SM-5KM57",55442,30470,52996046,1e+06,0.457180476894773,0.697106587265579,0.971203126958139,"GTEx_v8_Lung","KLA31_02"
"GTEX-13OVH-1026-SM-5J2NP",55442,30153,56445637,1e+06,0.462320984091483,0.697106587265579,0.971203126958139,"GTEx_v8_Lung","KLA31_02"
"GTEX-13OVJ-0726-SM-5KM1W",55442,29846,52206471,1e+06,0.468182965982468,0.697106587265579,0.971203126958139,"GTEx_v8_Lung","KLA31_02"
"GTEX-13OVL-0626-SM-5KM13",55442,31585,46086361,1e+06,0.43721366473071,0.697106587265579,0.971203126958139,"GTEx_v8_Lung","KLA31_02"
"GTEX-13OW5-0726-SM-5KLZK",55442,30243,55730376,1e+06,0.461004292774431,0.697106587265579,0.971203126958139,"GTEx_v8_Lung","KLA31_02"
"GTEX-13OW6-0826-SM-5L3GA",55442,29481,53715835,1e+06,0.474423722087948,0.697106587265579,0.971203126958139,"GTEx_v8_Lung","KLA31_02"
"GTEX-13OW7-0926-SM-5L3EX",55442,29700,53723112,1e+06,0.470437574402078,0.697106587265579,0.971203126958139,"GTEx_v8_Lung","KLA31_02"
"GTEX-13OW8-1726-SM-5L3GO",55442,29902,53520407,1e+06,0.46719093827784,0.697106587265579,0.971203126958139,"GTEx_v8_Lung","KLA31_02"
"GTEX-13PL7-1726-SM-5J2NX",55442,31763,60016648,1e+06,0.43380469680026,0.697106587265579,0.971203126958139,"GTEx_v8_Lung","KLA31_02"
"GTEX-13PVQ-0926-SM-5IJFD",55442,31040,54205157,1e+06,0.446845351899282,0.697106587265579,0.971203126958139,"GTEx_v8_Lung","KLA31_02"
"GTEX-13QBU-0726-SM-5J2OA",55442,34048,121561366,1e+06,0.393113524043144,0.697106587265579,0.971203126958139,"GTEx_v8_Lung","KLA31_02"
"GTEX-13QJ3-1026-SM-5QGQU",55442,30462,48152250,1e+06,0.457216550629487,0.697106587265579,0.971203126958139,"GTEx_v8_Lung","KLA31_02"
"GTEX-13QJC-0526-SM-5RQKB",55442,30042,44695074,1e+06,0.464413260704881,0.697106587265579,0.971203126958139,"GTEx_v8_Lung","KLA31_02"
"GTEX-13RTJ-1126-SM-5S2UJ",55442,28990,44861009,1e+06,0.48342411889903,0.697106587265579,0.971203126958139,"GTEx_v8_Lung","KLA31_02"
"GTEX-13S7M-2126-SM-5S2QR",55442,29476,55103127,1e+06,0.474766422567728,0.697106587265579,0.971203126958139,"GTEx_v8_Lung","KLA31_02"
"GTEX-13S86-0626-SM-5Q5E7",55442,30898,70165178,1e+06,0.449262292125104,0.697106587265579,0.971203126958139,"GTEx_v8_Lung","KLA31_02"
"GTEX-13SLW-1226-SM-5S2Q7",55442,30658,60177990,1e+06,0.453627214025468,0.697106587265579,0.971203126958139,"GTEx_v8_Lung","KLA31_02"
"GTEX-13U4I-1426-SM-5J2M3",55442,33066,69579497,1e+06,0.410825727787598,0.697106587265579,0.971203126958139,"GTEx_v8_Lung","KLA31_02"
"GTEX-13VXT-1426-SM-5LU4B",55442,31549,59715913,1e+06,0.437736733884059,0.697106587265579,0.971203126958139,"GTEx_v8_Lung","KLA31_02"
"GTEX-13VXU-2726-SM-5LU4N",55442,30095,54164735,1e+06,0.463367122398182,0.697106587265579,0.971203126958139,"GTEx_v8_Lung","KLA31_02"
"GTEX-13W3W-0326-SM-731DS",55442,30648,44670776,1e+06,0.45407813570939,0.697106587265579,0.971203126958139,"GTEx_v8_Lung","KLA31_02"
"GTEX-13X6K-1626-SM-7EWCX",55442,30190,47702058,1e+06,0.462086504815844,0.697106587265579,0.971203126958139,"GTEx_v8_Lung","KLA31_02"
"GTEX-13YAN-1026-SM-5O9CF",55442,32030,70519463,1e+06,0.429439774899895,0.697106587265579,0.971203126958139,"GTEx_v8_Lung","KLA31_02"
"GTEX-144GM-0126-SM-5Q5AX",55442,29784,50797055,1e+06,0.469138919952383,0.697106587265579,0.971203126958139,"GTEx_v8_Lung","KLA31_02"
"GTEX-144GN-0426-SM-5O9AP",55442,30788,53794877,1e+06,0.451084015728148,0.697106587265579,0.971203126958139,"GTEx_v8_Lung","KLA31_02"
"GTEX-144GO-0226-SM-5LUB1",55442,29711,42501434,1e+06,0.470473648136792,0.697106587265579,0.971203126958139,"GTEx_v8_Lung","KLA31_02"
"GTEX-145LS-1226-SM-5Q5D9",55442,30621,64559081,1e+06,0.454096172576747,0.697106587265579,0.971203126958139,"GTEx_v8_Lung","KLA31_02"
"GTEX-145LT-0326-SM-5LUAD",55442,28369,47080614,1e+06,0.49428231304787,0.697106587265579,0.971203126958139,"GTEx_v8_Lung","KLA31_02"
"GTEX-145LU-0526-SM-5O9AT",55442,30633,41294131,1e+06,0.453915803903178,0.697106587265579,0.971203126958139,"GTEx_v8_Lung","KLA31_02"
"GTEX-145ME-0226-SM-5S2QN",55442,29249,61388688,1e+06,0.478500054110602,0.697106587265579,0.971203126958139,"GTEx_v8_Lung","KLA31_02"
"GTEX-145MF-0726-SM-5Q5BT",55442,31008,48384430,1e+06,0.447566826593557,0.697106587265579,0.971203126958139,"GTEx_v8_Lung","KLA31_02"
"GTEX-145MH-0626-SM-5NQAK",55442,32908,61640765,1e+06,0.413891995238267,0.697106587265579,0.971203126958139,"GTEx_v8_Lung","KLA31_02"
"GTEX-145MN-0926-SM-5NQBT",55442,32066,58488526,1e+06,0.428501857797338,0.697106587265579,0.971203126958139,"GTEx_v8_Lung","KLA31_02"
"GTEX-145MO-1326-SM-5Q5EF",55442,29460,47241664,1e+06,0.475073049312795,0.697106587265579,0.971203126958139,"GTEx_v8_Lung","KLA31_02"
"GTEX-146FH-1226-SM-5NQB6",55442,31346,61826367,1e+06,0.441308033620721,0.697106587265579,0.971203126958139,"GTEx_v8_Lung","KLA31_02"
"GTEX-146FQ-0926-SM-5LUAV",55442,31186,44579582,1e+06,0.444302153601962,0.697106587265579,0.971203126958139,"GTEx_v8_Lung","KLA31_02"
"GTEX-1477Z-0626-SM-5NQB7",55442,30789,44877672,1e+06,0.451408679340572,0.697106587265579,0.971203126958139,"GTEx_v8_Lung","KLA31_02"
"GTEX-147F3-0726-SM-5NQ9U",55442,30925,57542008,1e+06,0.448865481043252,0.697106587265579,0.971203126958139,"GTEx_v8_Lung","KLA31_02"
"GTEX-147F4-0926-SM-5Q5EO",55442,30472,54929013,1e+06,0.456639370874067,0.697106587265579,0.971203126958139,"GTEx_v8_Lung","KLA31_02"
"GTEX-147GR-1226-SM-5TDCL",55442,31040,54538158,1e+06,0.446827315031925,0.697106587265579,0.971203126958139,"GTEx_v8_Lung","KLA31_02"
"GTEX-147JS-1226-SM-5RQK4",55442,29195,46338316,1e+06,0.479546192417301,0.697106587265579,0.971203126958139,"GTEx_v8_Lung","KLA31_02"
"GTEX-148VI-0226-SM-5RQKA",55442,31007,44592287,1e+06,0.447404494787345,0.697106587265579,0.971203126958139,"GTEx_v8_Lung","KLA31_02"
"GTEX-148VJ-0826-SM-5LU8V",55442,29956,42292123,1e+06,0.465784062624003,0.697106587265579,0.971203126958139,"GTEx_v8_Lung","KLA31_02"
"GTEX-1497J-0326-SM-5Q5CN",55442,31475,56918684,1e+06,0.439161646405252,0.697106587265579,0.971203126958139,"GTEx_v8_Lung","KLA31_02"
"GTEX-14A6H-0526-SM-5NQAZ",55442,31691,57823885,1e+06,0.435482125464449,0.697106587265579,0.971203126958139,"GTEx_v8_Lung","KLA31_02"
"GTEX-14ABY-1126-SM-5Q5F8",55442,30331,57356054,1e+06,0.459453122181739,0.697106587265579,0.971203126958139,"GTEx_v8_Lung","KLA31_02"
"GTEX-14AS3-0926-SM-5TDD6",55442,31884,59342696,1e+06,0.431982973197215,0.697106587265579,0.971203126958139,"GTEx_v8_Lung","KLA31_02"
"GTEX-14BIL-1226-SM-79OME",55442,29193,40614476,1e+06,0.479961040366509,0.697106587265579,0.971203126958139,"GTEx_v8_Lung","KLA31_02"
"GTEX-14BMU-0526-SM-73KW4",55442,30339,74880783,1e+06,0.4592186429061,0.697106587265579,0.971203126958139,"GTEx_v8_Lung","KLA31_02"
"GTEX-14BMV-0826-SM-73KXU",55442,30811,58890712,1e+06,0.450867573319866,0.697106587265579,0.971203126958139,"GTEx_v8_Lung","KLA31_02"
"GTEX-14C39-0326-SM-5TDDX",55442,30755,54252515,1e+06,0.452076043432777,0.697106587265579,0.971203126958139,"GTEx_v8_Lung","KLA31_02"
"GTEX-14C5O-1126-SM-5TDEH",55442,30423,50919517,1e+06,0.457613361711338,0.697106587265579,0.971203126958139,"GTEx_v8_Lung","KLA31_02"
"GTEX-14DAQ-0926-SM-793AZ",55442,29187,39519247,1e+06,0.479672450488799,0.697106587265579,0.971203126958139,"GTEx_v8_Lung","KLA31_02"
"GTEX-14DAR-0226-SM-5S2PR",55442,29422,65962718,1e+06,0.475596118466145,0.697106587265579,0.971203126958139,"GTEx_v8_Lung","KLA31_02"
"GTEX-14E1K-0226-SM-62LDT",55442,30519,64470788,1e+06,0.456224522924858,0.697106587265579,0.971203126958139,"GTEx_v8_Lung","KLA31_02"
"GTEX-14E6C-1426-SM-5ZZWH",55442,32299,53581096,1e+06,0.423920493488691,0.697106587265579,0.971203126958139,"GTEx_v8_Lung","KLA31_02"
"GTEX-14E6D-1026-SM-5S2RS",55442,32777,50278927,1e+06,0.41641715666823,0.697106587265579,0.971203126958139,"GTEx_v8_Lung","KLA31_02"
"GTEX-14E6E-0426-SM-73KUE",55442,32050,94204616,1e+06,0.428862595144475,0.697106587265579,0.971203126958139,"GTEx_v8_Lung","KLA31_02"
"GTEX-14E7W-1326-SM-5RQIV",55442,28762,40175262,1e+06,0.487121676707189,0.697106587265579,0.971203126958139,"GTEx_v8_Lung","KLA31_02"
"GTEX-14JG1-0926-SM-5YY8W",55442,30140,56095621,1e+06,0.462771905775405,0.697106587265579,0.971203126958139,"GTEx_v8_Lung","KLA31_02"
"GTEX-14JG6-0326-SM-6AJBT",55442,30361,63725162,1e+06,0.459092384834602,0.697106587265579,0.971203126958139,"GTEx_v8_Lung","KLA31_02"
"GTEX-14JIY-1326-SM-6AJB3",55442,29590,45198654,1e+06,0.472601998484903,0.697106587265579,0.971203126958139,"GTEx_v8_Lung","KLA31_02"
"GTEX-14LLW-0726-SM-5ZZVV",55442,28878,40586603,1e+06,0.485444248043,0.697106587265579,0.971203126958139,"GTEx_v8_Lung","KLA31_02"
"GTEX-14LZ3-0726-SM-5YYAB",55442,31868,70770214,1e+06,0.432235489340211,0.697106587265579,0.971203126958139,"GTEx_v8_Lung","KLA31_02"
"GTEX-14PHY-0526-SM-664NM",55442,32159,61860856,1e+06,0.426896576602576,0.697106587265579,0.971203126958139,"GTEx_v8_Lung","KLA31_02"
"GTEX-14PJ4-0626-SM-6AJBS",55442,29416,54950712,1e+06,0.475668265935572,0.697106587265579,0.971203126958139,"GTEx_v8_Lung","KLA31_02"
"GTEX-14PJ5-0226-SM-5YY99",55442,30985,81009407,1e+06,0.447729158399769,0.697106587265579,0.971203126958139,"GTEx_v8_Lung","KLA31_02"
"GTEX-14PJM-0926-SM-6AJ9Y",55442,29237,59868615,1e+06,0.478878828325096,0.697106587265579,0.971203126958139,"GTEx_v8_Lung","KLA31_02"
"GTEX-14PJO-0926-SM-686YT",55442,31165,50750559,1e+06,0.44495148082681,0.697106587265579,0.971203126958139,"GTEx_v8_Lung","KLA31_02"
"GTEX-14PK6-0326-SM-6AJ9S",55442,30199,58464384,1e+06,0.461671656866635,0.697106587265579,0.971203126958139,"GTEx_v8_Lung","KLA31_02"
"GTEX-14PQA-1126-SM-7KUM4",55442,30531,58629696,1e+06,0.455863785577721,0.697106587265579,0.971203126958139,"GTEx_v8_Lung","KLA31_02"
"GTEX-14XAO-0526-SM-6AJB7",55442,31110,65366076,1e+06,0.44552866058223,0.697106587265579,0.971203126958139,"GTEx_v8_Lung","KLA31_02"
"GTEX-15CHC-0226-SM-5YYBB",55442,31954,52665038,1e+06,0.430828613686375,0.697106587265579,0.971203126958139,"GTEx_v8_Lung","KLA31_02"
"GTEX-15CHR-0726-SM-7EPHG",55442,30825,69957220,1e+06,0.450849536452509,0.697106587265579,0.971203126958139,"GTEx_v8_Lung","KLA31_02"
"GTEX-15D1Q-0526-SM-6AJAY",55442,28992,42815353,1e+06,0.483315897694888,0.697106587265579,0.971203126958139,"GTEx_v8_Lung","KLA31_02"
"GTEX-15EOM-5010-SM-7P8PA",55442,29624,89124157,1e+06,0.471988744994769,0.697106587265579,0.971203126958139,"GTEx_v8_Lung","KLA31_02"
"GTEX-15ER7-0926-SM-7KUMG",55442,31931,57022497,1e+06,0.430990945492587,0.697106587265579,0.971203126958139,"GTEx_v8_Lung","KLA31_02"
"GTEX-15EU6-1226-SM-6AJBE",55442,30142,58253504,1e+06,0.462844053244832,0.697106587265579,0.971203126958139,"GTEx_v8_Lung","KLA31_02"
"GTEX-15FZZ-0326-SM-6M48O",55442,30069,51164303,1e+06,0.4640705602251,0.697106587265579,0.971203126958139,"GTEx_v8_Lung","KLA31_02"
"GTEX-15G1A-0426-SM-6M468",55442,28952,60444286,1e+06,0.48405540925652,0.697106587265579,0.971203126958139,"GTEx_v8_Lung","KLA31_02"
"GTEX-15RIE-0326-SM-6PAMC",55442,32940,70548650,1e+06,0.413152483676635,0.697106587265579,0.971203126958139,"GTEx_v8_Lung","KLA31_02"
"GTEX-15RJ7-0626-SM-6M47V",55442,29616,54488154,1e+06,0.472295371739836,0.697106587265579,0.971203126958139,"GTEx_v8_Lung","KLA31_02"
"GTEX-15RJE-1026-SM-6M46X",55442,30096,42725718,1e+06,0.463709822877963,0.697106587265579,0.971203126958139,"GTEx_v8_Lung","KLA31_02"
"GTEX-15SB6-0426-SM-6LPJ5",55442,30249,46872198,1e+06,0.461058403376502,0.697106587265579,0.971203126958139,"GTEx_v8_Lung","KLA31_02"
"GTEX-15SHV-0326-SM-6M475",55442,30574,62138840,1e+06,0.455322679557015,0.697106587265579,0.971203126958139,"GTEx_v8_Lung","KLA31_02"
"GTEX-15SHW-0926-SM-6LPIO",55442,30366,41557470,1e+06,0.45893005302839,0.697106587265579,0.971203126958139,"GTEx_v8_Lung","KLA31_02"
"GTEX-15SKB-0826-SM-7KUFB",55442,32180,62353524,1e+06,0.426644060459579,0.697106587265579,0.971203126958139,"GTEx_v8_Lung","KLA31_02"
"GTEX-15UKP-1926-SM-6LPI9",55442,30055,52830421,1e+06,0.464214855163955,0.697106587265579,0.971203126958139,"GTEx_v8_Lung","KLA31_02"
"GTEX-169BO-0226-SM-79OL1",55442,30512,40664636,1e+06,0.456026117383933,0.697106587265579,0.971203126958139,"GTEx_v8_Lung","KLA31_02"
"GTEX-16AAH-0426-SM-7DUFM",55442,31881,77939840,1e+06,0.432091194401356,0.697106587265579,0.971203126958139,"GTEx_v8_Lung","KLA31_02"
"GTEX-16GPK-1826-SM-7MGW5",55442,24475,15451246,1e+06,0.563219220085855,0.697106587265579,0.971203126958139,"GTEx_v8_Lung","KLA31_02"
"GTEX-16MT8-1026-SM-6LPK1",55442,30424,43401628,1e+06,0.457919988456405,0.697106587265579,0.971203126958139,"GTEx_v8_Lung","KLA31_02"
"GTEX-16MTA-1226-SM-7KULL",55442,32349,154847951,1e+06,0.423451534937412,0.697106587265579,0.971203126958139,"GTEx_v8_Lung","KLA31_02"
"GTEX-16NGA-0226-SM-718AI",55442,33691,79380601,1e+06,0.399498575087479,0.697106587265579,0.971203126958139,"GTEx_v8_Lung","KLA31_02"
"GTEX-16XZZ-0926-SM-7DHLI",55442,31341,68075653,1e+06,0.441434291692219,0.697106587265579,0.971203126958139,"GTEx_v8_Lung","KLA31_02"
"GTEX-16Z82-1026-SM-6M48A",55442,29614,44304009,1e+06,0.472277334872479,0.697106587265579,0.971203126958139,"GTEx_v8_Lung","KLA31_02"
"GTEX-178AV-0326-SM-6LPJF",55442,30523,44169160,1e+06,0.45604415425129,0.697106587265579,0.971203126958139,"GTEx_v8_Lung","KLA31_02"
"GTEX-17EVP-0726-SM-7EWDX",55442,28769,37635397,1e+06,0.487302045380758,0.697106587265579,0.971203126958139,"GTEx_v8_Lung","KLA31_02"
"GTEX-17EVQ-1526-SM-79ONG",55442,30858,45815101,1e+06,0.45009198802352,0.697106587265579,0.971203126958139,"GTEx_v8_Lung","KLA31_02"
"GTEX-17F96-0626-SM-793CC",55442,29762,46750673,1e+06,0.46944554669745,0.697106587265579,0.971203126958139,"GTEx_v8_Lung","KLA31_02"
"GTEX-17F98-0226-SM-793BV",55442,30285,60105084,1e+06,0.46031889181487,0.697106587265579,0.971203126958139,"GTEx_v8_Lung","KLA31_02"
"GTEX-17F9Y-1026-SM-7IGO4",55442,29231,53345064,1e+06,0.479311713141662,0.697106587265579,0.971203126958139,"GTEx_v8_Lung","KLA31_02"
"GTEX-17GQL-0726-SM-731BL",55442,29652,46370508,1e+06,0.471591933912918,0.697106587265579,0.971203126958139,"GTEx_v8_Lung","KLA31_02"
"GTEX-17HG3-0326-SM-7IGP4",55442,27532,48897427,1e+06,0.509216839219364,0.697106587265579,0.971203126958139,"GTEx_v8_Lung","KLA31_02"
"GTEX-17HGU-0926-SM-79OKO",55442,30881,46810302,1e+06,0.449695176941669,0.697106587265579,0.971203126958139,"GTEx_v8_Lung","KLA31_02"
"GTEX-17HHE-0626-SM-7DHL6",55442,32190,62830444,1e+06,0.426535839255438,0.697106587265579,0.971203126958139,"GTEx_v8_Lung","KLA31_02"
"GTEX-17HII-0926-SM-79ON7",55442,30440,43929412,1e+06,0.457523177374554,0.697106587265579,0.971203126958139,"GTEx_v8_Lung","KLA31_02"
"GTEX-17JCI-1526-SM-7IGOQ",55442,28986,38934089,1e+06,0.483388045164316,0.697106587265579,0.971203126958139,"GTEx_v8_Lung","KLA31_02"
"GTEX-17KNJ-0926-SM-7IGP2",55442,32253,75530798,1e+06,0.425381479744598,0.697106587265579,0.971203126958139,"GTEx_v8_Lung","KLA31_02"
"GTEX-17MF6-0826-SM-7LT8F",55442,32538,79056781,1e+06,0.419952382670178,0.697106587265579,0.971203126958139,"GTEx_v8_Lung","KLA31_02"
"GTEX-183FY-0726-SM-793C3",55442,30317,56834658,1e+06,0.459561343385881,0.697106587265579,0.971203126958139,"GTEx_v8_Lung","KLA31_02"
"GTEX-18465-0626-SM-7LT8X",55442,32069,65835494,1e+06,0.428772410807691,0.697106587265579,0.971203126958139,"GTEx_v8_Lung","KLA31_02"
"GTEX-18A66-0926-SM-718BG",55442,32751,80858082,1e+06,0.416308935464089,0.697106587265579,0.971203126958139,"GTEx_v8_Lung","KLA31_02"
"GTEX-18A67-1126-SM-7KFSB",55442,30743,53768551,1e+06,0.452130154034847,0.697106587265579,0.971203126958139,"GTEx_v8_Lung","KLA31_02"
"GTEX-18A6Q-0826-SM-7KFRD",55442,30719,63171764,1e+06,0.452563038851412,0.697106587265579,0.971203126958139,"GTEx_v8_Lung","KLA31_02"
"GTEX-18A7A-1026-SM-7LT8B",55442,32384,77612731,1e+06,0.422820244579921,0.697106587265579,0.971203126958139,"GTEx_v8_Lung","KLA31_02"
"GTEX-18D9A-0226-SM-7KFSJ",55442,32608,104764608,1e+06,0.419032502434977,0.697106587265579,0.971203126958139,"GTEx_v8_Lung","KLA31_02"
"GTEX-18D9B-1026-SM-CNPO5",55442,31788,71529333,1e+06,0.433534143789907,0.697106587265579,0.971203126958139,"GTEx_v8_Lung","KLA31_02"
"GTEX-18D9U-0526-SM-72D7C",55442,30153,59915069,1e+06,0.462537426499766,0.697106587265579,0.971203126958139,"GTEx_v8_Lung","KLA31_02"
"GTEX-18QFQ-0926-SM-7LG4V",55442,32593,72889855,1e+06,0.419212871108546,0.697106587265579,0.971203126958139,"GTEx_v8_Lung","KLA31_02"
"GTEX-1A32A-0726-SM-731D4",55442,30368,53336044,1e+06,0.459020237365174,0.697106587265579,0.971203126958139,"GTEx_v8_Lung","KLA31_02"
"GTEX-1A3MV-0526-SM-72D5A",55442,30973,52113450,1e+06,0.448378485624617,0.697106587265579,0.971203126958139,"GTEx_v8_Lung","KLA31_02"
"GTEX-1A8FM-0826-SM-793D5",55442,31702,58809434,1e+06,0.435103351249955,0.697106587265579,0.971203126958139,"GTEx_v8_Lung","KLA31_02"
"GTEX-1A8G6-0726-SM-73KV5",55442,31848,89635822,1e+06,0.432325673676996,0.697106587265579,0.971203126958139,"GTEx_v8_Lung","KLA31_02"
"GTEX-1AX8Z-5010-SM-AHZ33",55442,31027,85590674,1e+06,0.447115904909635,0.697106587265579,0.971203126958139,"GTEx_v8_Lung","KLA31_02"
"GTEX-1AX9I-0826-SM-73KUT",55442,33210,66702552,1e+06,0.408048050214639,0.697106587265579,0.971203126958139,"GTEx_v8_Lung","KLA31_02"
"GTEX-1AX9J-1626-SM-73KUI",55442,30936,70081256,1e+06,0.448468669961401,0.697106587265579,0.971203126958139,"GTEx_v8_Lung","KLA31_02"
"GTEX-1AX9K-0826-SM-731F9",55442,28084,45051115,1e+06,0.499026009162729,0.697106587265579,0.971203126958139,"GTEx_v8_Lung","KLA31_02"
"GTEX-1AYCT-0726-SM-7IGNG",55442,30119,71156903,1e+06,0.463547491071751,0.697106587265579,0.971203126958139,"GTEx_v8_Lung","KLA31_02"
"GTEX-1AYD5-1226-SM-7EWEP",55442,30294,37119249,1e+06,0.460156560008658,0.697106587265579,0.971203126958139,"GTEx_v8_Lung","KLA31_02"
"GTEX-1B8KZ-0526-SM-73KW2",55442,33492,73102211,1e+06,0.403556870242776,0.697106587265579,0.971203126958139,"GTEx_v8_Lung","KLA31_02"
"GTEX-1B8L1-0626-SM-7EPHL",55442,30566,57368069,1e+06,0.455268568954944,0.697106587265579,0.971203126958139,"GTEx_v8_Lung","KLA31_02"
"GTEX-1B8SF-0826-SM-73KW8",55442,31044,58458888,1e+06,0.446845351899282,0.697106587265579,0.971203126958139,"GTEx_v8_Lung","KLA31_02"
"GTEX-1B932-0726-SM-731EY",55442,30881,45276586,1e+06,0.449496771400743,0.697106587265579,0.971203126958139,"GTEx_v8_Lung","KLA31_02"
"GTEX-1B933-0926-SM-9OSVH",55442,34302,113507721,1e+06,0.388676454673352,0.697106587265579,0.971203126958139,"GTEx_v8_Lung","KLA31_02"
"GTEX-1B97I-0226-SM-73KVO",55442,31480,78950726,1e+06,0.439161646405252,0.697106587265579,0.971203126958139,"GTEx_v8_Lung","KLA31_02"
"GTEX-1B996-0726-SM-7IGPI",55442,29593,53830670,1e+06,0.472547887882833,0.697106587265579,0.971203126958139,"GTEx_v8_Lung","KLA31_02"
"GTEX-1BAJH-1326-SM-7RHFS",55442,32116,75976104,1e+06,0.427888604307204,0.697106587265579,0.971203126958139,"GTEx_v8_Lung","KLA31_02"
"GTEX-1C4CL-0826-SM-7EWEZ",55442,30234,42732341,1e+06,0.461220735182713,0.697106587265579,0.971203126958139,"GTEx_v8_Lung","KLA31_02"
"GTEX-1C64O-1226-SM-79OOC",55442,30037,43440463,1e+06,0.464557555643736,0.697106587265579,0.971203126958139,"GTEx_v8_Lung","KLA31_02"
"GTEX-1C6VR-0626-SM-79OOY",55442,28329,38086161,1e+06,0.494841455935933,0.697106587265579,0.971203126958139,"GTEx_v8_Lung","KLA31_02"
"GTEX-1C6VS-1226-SM-79OO2",55442,29592,39296124,1e+06,0.472728256556401,0.697106587265579,0.971203126958139,"GTEx_v8_Lung","KLA31_02"
"GTEX-1C6WA-0726-SM-7IGQ5",55442,29558,53384705,1e+06,0.473395620648606,0.697106587265579,0.971203126958139,"GTEx_v8_Lung","KLA31_02"
"GTEX-1CAMQ-1026-SM-7EPIC",55442,29885,59638380,1e+06,0.467082717073699,0.697106587265579,0.971203126958139,"GTEx_v8_Lung","KLA31_02"
"GTEX-1CAV2-0626-SM-7P8QE",55442,31696,72749946,1e+06,0.435301756790881,0.697106587265579,0.971203126958139,"GTEx_v8_Lung","KLA31_02"
"GTEX-1CB4F-0926-SM-7DHMJ",55442,33021,68368881,1e+06,0.411673460553371,0.697106587265579,0.971203126958139,"GTEx_v8_Lung","KLA31_02"
"GTEX-1CB4I-2126-SM-793AG",55442,29039,42230726,1e+06,0.482251722520833,0.697106587265579,0.971203126958139,"GTEx_v8_Lung","KLA31_02"
"GTEX-1CB4J-1726-SM-79OOL",55442,29249,47559678,1e+06,0.478698459651528,0.697106587265579,0.971203126958139,"GTEx_v8_Lung","KLA31_02"
"GTEX-1E1VI-0926-SM-7P8T3",55442,33579,54036929,1e+06,0.40162692543559,0.697106587265579,0.971203126958139,"GTEx_v8_Lung","KLA31_02"
"GTEX-1E2YA-0926-SM-7MXUK",55442,30060,51539889,1e+06,0.464142707694528,0.697106587265579,0.971203126958139,"GTEx_v8_Lung","KLA31_02"
"GTEX-1EKGG-1326-SM-7MXUM",55442,31900,51072662,1e+06,0.431604198982721,0.697106587265579,0.971203126958139,"GTEx_v8_Lung","KLA31_02"
"GTEX-1EMGI-1426-SM-7IGNQ",55442,29129,55209016,1e+06,0.480574293856643,0.697106587265579,0.971203126958139,"GTEx_v8_Lung","KLA31_02"
"GTEX-1EN7A-0826-SM-7MKFV",55442,31806,58567796,1e+06,0.433263590779553,0.697106587265579,0.971203126958139,"GTEx_v8_Lung","KLA31_02"
"GTEX-1EWIQ-0926-SM-7RHG7",55442,31736,65041661,1e+06,0.434255618484182,0.697106587265579,0.971203126958139,"GTEx_v8_Lung","KLA31_02"
"GTEX-1EX96-0226-SM-7RHHR",55442,31561,78489903,1e+06,0.437610475812561,0.697106587265579,0.971203126958139,"GTEx_v8_Lung","KLA31_02"
"GTEX-1F48J-0826-SM-9WPOD",55442,32129,49890077,1e+06,0.427347498286498,0.697106587265579,0.971203126958139,"GTEx_v8_Lung","KLA31_02"
"GTEX-1F5PK-0526-SM-7MXUA",55442,31655,50412130,1e+06,0.436077342087226,0.697106587265579,0.971203126958139,"GTEx_v8_Lung","KLA31_02"
"GTEX-1F6I4-1026-SM-7P8PS",55442,31407,67202260,1e+06,0.440261895314022,0.697106587265579,0.971203126958139,"GTEx_v8_Lung","KLA31_02"
"GTEX-1F6RS-0826-SM-7P8T9",55442,34155,49155246,1e+06,0.391255726705386,0.697106587265579,0.971203126958139,"GTEx_v8_Lung","KLA31_02"
"GTEX-1F75B-1026-SM-9JGFS",55442,36089,108810377,1e+06,0.357490711013311,0.697106587265579,0.971203126958139,"GTEx_v8_Lung","KLA31_02"
"GTEX-1F75W-0626-SM-7PC13",55442,31839,58721777,1e+06,0.43270444789149,0.697106587265579,0.971203126958139,"GTEx_v8_Lung","KLA31_02"
"GTEX-1F7RK-0826-SM-7SB8V",55442,33375,52561941,1e+06,0.40527037264168,0.697106587265579,0.971203126958139,"GTEx_v8_Lung","KLA31_02"
"GTEX-1F88F-0926-SM-7RHH8",55442,31260,73589415,1e+06,0.442714909274557,0.697106587265579,0.971203126958139,"GTEx_v8_Lung","KLA31_02"
"GTEX-1FIGZ-0326-SM-7RHGT",55442,32607,79708507,1e+06,0.419285018577973,0.697106587265579,0.971203126958139,"GTEx_v8_Lung","KLA31_02"
"GTEX-1GF9V-1026-SM-9KNW3",55442,32115,68395204,1e+06,0.427744309368349,0.697106587265579,0.971203126958139,"GTEx_v8_Lung","KLA31_02"
"GTEX-1GF9X-0326-SM-7P8R9",55442,31361,55977273,1e+06,0.441289996753364,0.697106587265579,0.971203126958139,"GTEx_v8_Lung","KLA31_02"
"GTEX-1GL5R-0526-SM-9WPOQ",55442,32266,56068398,1e+06,0.425165037336315,0.697106587265579,0.971203126958139,"GTEx_v8_Lung","KLA31_02"
"GTEX-1GMR2-0126-SM-9JGHC",55442,32071,87919389,1e+06,0.428646152736193,0.697106587265579,0.971203126958139,"GTEx_v8_Lung","KLA31_02"
"GTEX-1GMR3-0226-SM-7RHIB",55442,31678,81175671,1e+06,0.435464088597092,0.697106587265579,0.971203126958139,"GTEx_v8_Lung","KLA31_02"
"GTEX-1GMR8-1426-SM-7RHHL",55442,31191,74194340,1e+06,0.444175895530464,0.697106587265579,0.971203126958139,"GTEx_v8_Lung","KLA31_02"
"GTEX-1GMRU-1426-SM-9WPPL",55442,32705,56138670,1e+06,0.417391147505501,0.697106587265579,0.971203126958139,"GTEx_v8_Lung","KLA31_02"
"GTEX-1GN1U-1026-SM-9WYUP",55442,32017,65539246,1e+06,0.42958406983875,0.697106587265579,0.971203126958139,"GTEx_v8_Lung","KLA31_02"
"GTEX-1GN1W-1026-SM-9OSW2",55442,32715,68457462,1e+06,0.417192741964576,0.697106587265579,0.971203126958139,"GTEx_v8_Lung","KLA31_02"
"GTEX-1GN2E-1526-SM-7P8TD",55442,34029,52882231,1e+06,0.393492298257639,0.697106587265579,0.971203126958139,"GTEx_v8_Lung","KLA31_02"
"GTEX-1GN73-1026-SM-9KNV9",55442,30603,65147931,1e+06,0.454619241730096,0.697106587265579,0.971203126958139,"GTEx_v8_Lung","KLA31_02"
"GTEX-1GPI7-1526-SM-9JGG8",55442,30136,43307995,1e+06,0.462717795173334,0.697106587265579,0.971203126958139,"GTEx_v8_Lung","KLA31_02"
"GTEX-1GTWX-0626-SM-9WYU1",55442,31121,57399227,1e+06,0.445402402510732,0.697106587265579,0.971203126958139,"GTEx_v8_Lung","KLA31_02"
"GTEX-1GZ2Q-0726-SM-9KNVV",55442,31590,88624376,1e+06,0.437015259189784,0.697106587265579,0.971203126958139,"GTEx_v8_Lung","KLA31_02"
"GTEX-1GZ4H-0426-SM-7MXV5",55442,31367,59221736,1e+06,0.440893185671513,0.697106587265579,0.971203126958139,"GTEx_v8_Lung","KLA31_02"
"GTEX-1GZ4I-0726-SM-9QEHL",55442,30085,62936977,1e+06,0.463691786010606,0.697106587265579,0.971203126958139,"GTEx_v8_Lung","KLA31_02"
"GTEX-1GZHY-0826-SM-9OSXT",55442,31989,69401673,1e+06,0.429854622849104,0.697106587265579,0.971203126958139,"GTEx_v8_Lung","KLA31_02"
"GTEX-1H11D-0726-SM-9OSWA",55442,32421,52586887,1e+06,0.422152880487717,0.697106587265579,0.971203126958139,"GTEx_v8_Lung","KLA31_02"
"GTEX-1H1CY-0626-SM-9KNVE",55442,31590,61179112,1e+06,0.437375996536921,0.697106587265579,0.971203126958139,"GTEx_v8_Lung","KLA31_02"
"GTEX-1H1DG-1026-SM-9MQJS",55442,29519,46874099,1e+06,0.473521878720104,0.697106587265579,0.971203126958139,"GTEx_v8_Lung","KLA31_02"
"GTEX-1H1E6-0726-SM-9WPQ4",55442,30953,61008165,1e+06,0.448180080083691,0.697106587265579,0.971203126958139,"GTEx_v8_Lung","KLA31_02"
"GTEX-1H1ZS-0826-SM-A9SMD",55442,30511,45033538,1e+06,0.456459002200498,0.697106587265579,0.971203126958139,"GTEx_v8_Lung","KLA31_02"
"GTEX-1H23P-1026-SM-9QEHQ",55442,31110,65445261,1e+06,0.445654918653728,0.697106587265579,0.971203126958139,"GTEx_v8_Lung","KLA31_02"
"GTEX-1H2FU-1226-SM-9KNVY",55442,31885,76918082,1e+06,0.431766530788933,0.697106587265579,0.971203126958139,"GTEx_v8_Lung","KLA31_02"
"GTEX-1H3O1-0326-SM-9WPO8",55442,32210,72133306,1e+06,0.426265286245085,0.697106587265579,0.971203126958139,"GTEx_v8_Lung","KLA31_02"
"GTEX-1H3VY-1426-SM-9WPOB",55442,31479,52367365,1e+06,0.438873056527542,0.697106587265579,0.971203126958139,"GTEx_v8_Lung","KLA31_02"
"GTEX-1HB9E-0726-SM-AHZ4L",55442,29718,48329551,1e+06,0.469968615850799,0.697106587265579,0.971203126958139,"GTEx_v8_Lung","KLA31_02"
"GTEX-1HBPH-1326-SM-9WYSN",55442,31425,62717694,1e+06,0.440045452905739,0.697106587265579,0.971203126958139,"GTEx_v8_Lung","KLA31_02"
"GTEX-1HBPM-0826-SM-9WYSP",55442,31455,60606466,1e+06,0.439720789293316,0.697106587265579,0.971203126958139,"GTEx_v8_Lung","KLA31_02"
"GTEX-1HCU7-0926-SM-A96TK",55442,30378,52880682,1e+06,0.458605389415966,0.697106587265579,0.971203126958139,"GTEx_v8_Lung","KLA31_02"
"GTEX-1HCUA-0226-SM-A8N88",55442,32649,86536736,1e+06,0.417968327260921,0.697106587265579,0.971203126958139,"GTEx_v8_Lung","KLA31_02"
"GTEX-1HCVE-0626-SM-A9SL2",55442,32432,68708166,1e+06,0.422026622416219,0.697106587265579,0.971203126958139,"GTEx_v8_Lung","KLA31_02"
"GTEX-1HFI6-0926-SM-9WPPV",55442,32015,61733840,1e+06,0.429782475379676,0.697106587265579,0.971203126958139,"GTEx_v8_Lung","KLA31_02"
"GTEX-1HSKV-1126-SM-ADEIA",55442,31653,89591496,1e+06,0.436167526424011,0.697106587265579,0.971203126958139,"GTEx_v8_Lung","KLA31_02"
"GTEX-1HSMO-0926-SM-A96S7",55442,29838,58965220,1e+06,0.468128855380398,0.697106587265579,0.971203126958139,"GTEx_v8_Lung","KLA31_02"
"GTEX-1HSMP-1326-SM-A96TR",55442,30587,50181360,1e+06,0.455034089679304,0.697106587265579,0.971203126958139,"GTEx_v8_Lung","KLA31_02"
"GTEX-1HSMQ-0726-SM-B2LXY",55442,29979,57442991,1e+06,0.46574798888929,0.697106587265579,0.971203126958139,"GTEx_v8_Lung","KLA31_02"
"GTEX-1HT8W-1426-SM-CE6S2",55442,31508,85368668,1e+06,0.438566429782475,0.697106587265579,0.971203126958139,"GTEx_v8_Lung","KLA31_02"
"GTEX-1I19N-0526-SM-A9G27",55442,32476,60997828,1e+06,0.421305147721944,0.697106587265579,0.971203126958139,"GTEx_v8_Lung","KLA31_02"
"GTEX-1I1CD-0926-SM-CL55I",55442,32182,70400427,1e+06,0.426626023592223,0.697106587265579,0.971203126958139,"GTEx_v8_Lung","KLA31_02"
"GTEX-1I1GP-0526-SM-ARL7G",55442,27783,37232438,1e+06,0.504545290573933,0.697106587265579,0.971203126958139,"GTEx_v8_Lung","KLA31_02"
"GTEX-1I1GQ-1126-SM-CNNQT",55442,32121,84676198,1e+06,0.427672161898921,0.697106587265579,0.971203126958139,"GTEx_v8_Lung","KLA31_02"
"GTEX-1I1GR-0726-SM-B2LWL",55442,31104,48820769,1e+06,0.445690992388442,0.697106587265579,0.971203126958139,"GTEx_v8_Lung","KLA31_02"
"GTEX-1I1GS-1426-SM-COH3W",55442,30076,51667327,1e+06,0.463926265286245,0.697106587265579,0.971203126958139,"GTEx_v8_Lung","KLA31_02"
"GTEX-1I1GU-0526-SM-B2LX2",55442,31148,87266458,1e+06,0.4446628909491,0.697106587265579,0.971203126958139,"GTEx_v8_Lung","KLA31_02"
"GTEX-1I1GV-0926-SM-B2LXM",55442,31700,52277483,1e+06,0.43524764618881,0.697106587265579,0.971203126958139,"GTEx_v8_Lung","KLA31_02"
"GTEX-1I4MK-0326-SM-B2LWP",55442,31582,76185899,1e+06,0.43721366473071,0.697106587265579,0.971203126958139,"GTEx_v8_Lung","KLA31_02"
"GTEX-1I6K6-0926-SM-AHZ2N",55442,30323,51878975,1e+06,0.459489195916453,0.697106587265579,0.971203126958139,"GTEx_v8_Lung","KLA31_02"
"GTEX-1I6K7-1226-SM-B2LVS",55442,29918,57150714,1e+06,0.466595721655063,0.697106587265579,0.971203126958139,"GTEx_v8_Lung","KLA31_02"
"GTEX-1ICLY-0926-SM-CM2RJ",55442,28616,73181338,1e+06,0.490205981025216,0.697106587265579,0.971203126958139,"GTEx_v8_Lung","KLA31_02"
"GTEX-1ICLZ-0926-SM-CKZPQ",55442,29766,57814733,1e+06,0.469535731034234,0.697106587265579,0.971203126958139,"GTEx_v8_Lung","KLA31_02"
"GTEX-1IDJH-0726-SM-ARU7U",55442,29552,46038591,1e+06,0.473305436311821,0.697106587265579,0.971203126958139,"GTEx_v8_Lung","KLA31_02"
"GTEX-1IDJI-0626-SM-C1YQD",55442,31169,65977127,1e+06,0.4446628909491,0.697106587265579,0.971203126958139,"GTEx_v8_Lung","KLA31_02"
"GTEX-1IDJU-0226-SM-CKZOF",55442,32516,92587071,1e+06,0.420673857364453,0.697106587265579,0.971203126958139,"GTEx_v8_Lung","KLA31_02"
"GTEX-1IKJJ-0926-SM-A9G2L",55442,32069,58065436,1e+06,0.42866418960355,0.697106587265579,0.971203126958139,"GTEx_v8_Lung","KLA31_02"
"GTEX-1IKK5-1926-SM-A9G2V",55442,30601,65654107,1e+06,0.454456909923884,0.697106587265579,0.971203126958139,"GTEx_v8_Lung","KLA31_02"
"GTEX-1IL2U-0926-SM-CKZOB",55442,31389,60787449,1e+06,0.440496374589661,0.697106587265579,0.971203126958139,"GTEx_v8_Lung","KLA31_02"
"GTEX-1IL2V-0726-SM-ARZMB",55442,28223,40993637,1e+06,0.496717290141048,0.697106587265579,0.971203126958139,"GTEx_v8_Lung","KLA31_02"
"GTEX-1IOXB-1126-SM-CNNQ5",55442,31933,54990642,1e+06,0.431225424768226,0.697106587265579,0.971203126958139,"GTEx_v8_Lung","KLA31_02"
"GTEX-1IY9M-1126-SM-A9SLV",55442,31071,55565996,1e+06,0.446412467082717,0.697106587265579,0.971203126958139,"GTEx_v8_Lung","KLA31_02"
"GTEX-1J1OQ-0926-SM-CJI34",55442,29541,53269141,1e+06,0.473539915587461,0.697106587265579,0.971203126958139,"GTEx_v8_Lung","KLA31_02"
"GTEX-1J1R8-0226-SM-AHZ3C",55442,31450,61115645,1e+06,0.439558457487104,0.697106587265579,0.971203126958139,"GTEx_v8_Lung","KLA31_02"
"GTEX-1J8EW-1026-SM-A96T7",55442,30035,54750673,1e+06,0.464792034919375,0.697106587265579,0.971203126958139,"GTEx_v8_Lung","KLA31_02"
"GTEX-1J8JJ-1126-SM-CL55P",55442,28584,58890371,1e+06,0.490674939576494,0.697106587265579,0.971203126958139,"GTEx_v8_Lung","KLA31_02"
"GTEX-1J8QM-0526-SM-AHZ3Y",55442,32402,69254716,1e+06,0.422910428916706,0.697106587265579,0.971203126958139,"GTEx_v8_Lung","KLA31_02"
"GTEX-1JJE9-0926-SM-CNNP9",55442,30212,61484490,1e+06,0.461635583131922,0.697106587265579,0.971203126958139,"GTEx_v8_Lung","KLA31_02"
"GTEX-1JJEA-1126-SM-CKZOC",55442,31286,51271959,1e+06,0.442390245662133,0.697106587265579,0.971203126958139,"GTEx_v8_Lung","KLA31_02"
"GTEX-1JK1U-1126-SM-CY8HK",55442,31727,81760397,1e+06,0.434508134627178,0.697106587265579,0.971203126958139,"GTEx_v8_Lung","KLA31_02"
"GTEX-1JKYN-2126-SM-ARU8W",55442,30512,73949309,1e+06,0.456134338588074,0.697106587265579,0.971203126958139,"GTEx_v8_Lung","KLA31_02"
"GTEX-1JMLX-0926-SM-CNNPQ",55442,30380,58678909,1e+06,0.458659500018037,0.697106587265579,0.971203126958139,"GTEx_v8_Lung","KLA31_02"
"GTEX-1JMOU-0526-SM-CNNPE",55442,30739,58618441,1e+06,0.452274448973702,0.697106587265579,0.971203126958139,"GTEx_v8_Lung","KLA31_02"
"GTEX-1JMPZ-1126-SM-ARU8X",55442,29506,44525169,1e+06,0.474189242812308,0.697106587265579,0.971203126958139,"GTEx_v8_Lung","KLA31_02"
"GTEX-1JMQI-1126-SM-ARZN2",55442,30257,40803942,1e+06,0.460859997835576,0.697106587265579,0.971203126958139,"GTEx_v8_Lung","KLA31_02"
"GTEX-1JMQJ-2126-SM-CNPPA",55442,32282,61146100,1e+06,0.424623931315609,0.697106587265579,0.971203126958139,"GTEx_v8_Lung","KLA31_02"
"GTEX-1JMQL-1126-SM-CKZOP",55442,29721,57170862,1e+06,0.470167021391725,0.697106587265579,0.971203126958139,"GTEx_v8_Lung","KLA31_02"
"GTEX-1JN6P-0726-SM-ARZN7",55442,29983,44845155,1e+06,0.465675841419862,0.697106587265579,0.971203126958139,"GTEx_v8_Lung","KLA31_02"
"GTEX-1JN76-0826-SM-C1YRK",55442,30010,56677277,1e+06,0.465134735399156,0.697106587265579,0.971203126958139,"GTEx_v8_Lung","KLA31_02"
"GTEX-1K2DU-0526-SM-D4P2Y",55442,31619,86689959,1e+06,0.436672558710003,0.697106587265579,0.971203126958139,"GTEx_v8_Lung","KLA31_02"
"GTEX-1K9T9-0926-SM-D3L9C",55442,32448,84946570,1e+06,0.421719995671152,0.697106587265579,0.971203126958139,"GTEx_v8_Lung","KLA31_02"
"GTEX-1KAFJ-0326-SM-DHXJG",55442,31188,68967683,1e+06,0.443833195050684,0.697106587265579,0.971203126958139,"GTEx_v8_Lung","KLA31_02"
"GTEX-1KANB-1026-SM-D3L9F",55442,32350,59291577,1e+06,0.423830309151907,0.697106587265579,0.971203126958139,"GTEx_v8_Lung","KLA31_02"
"GTEX-1KD4Q-0926-SM-CXZKI",55442,29604,50601822,1e+06,0.472565924750189,0.697106587265579,0.971203126958139,"GTEx_v8_Lung","KLA31_02"
"GTEX-1KD5A-1126-SM-CXZK6",55442,29906,65624672,1e+06,0.467281122614624,0.697106587265579,0.971203126958139,"GTEx_v8_Lung","KLA31_02"
"GTEX-1KWVE-0426-SM-DHXJX",55442,31273,64354913,1e+06,0.442714909274557,0.697106587265579,0.971203126958139,"GTEx_v8_Lung","KLA31_02"
"GTEX-1KXAM-0426-SM-DHXKG",55442,30940,90101801,1e+06,0.448829407308539,0.697106587265579,0.971203126958139,"GTEx_v8_Lung","KLA31_02"
"GTEX-1L5NE-0726-SM-CXZKQ",55442,30731,78084118,1e+06,0.452220338371632,0.697106587265579,0.971203126958139,"GTEx_v8_Lung","KLA31_02"
"GTEX-1LB8K-0826-SM-D4P41",55442,30989,58541494,1e+06,0.44783737960391,0.697106587265579,0.971203126958139,"GTEx_v8_Lung","KLA31_02"
"GTEX-1LC47-1126-SM-D4P43",55442,31339,60350941,1e+06,0.441668770967858,0.697106587265579,0.971203126958139,"GTEx_v8_Lung","KLA31_02"
"GTEX-1LG7Y-0826-SM-E9TJX",55442,30490,70664576,1e+06,0.45662133400671,0.697106587265579,0.971203126958139,"GTEx_v8_Lung","KLA31_02"
"GTEX-1LGRB-0226-SM-CNPQK",55442,31316,63866905,1e+06,0.441776992172,0.697106587265579,0.971203126958139,"GTEx_v8_Lung","KLA31_02"
"GTEX-1LSVX-0626-SM-E9U59",55442,29747,52256728,1e+06,0.470148984524368,0.697106587265579,0.971203126958139,"GTEx_v8_Lung","KLA31_02"
"GTEX-1LVAN-1126-SM-CNNRE",55442,29977,47802368,1e+06,0.465820136358717,0.697106587265579,0.971203126958139,"GTEx_v8_Lung","KLA31_02"
"GTEX-1LVAO-1226-SM-DIPGB",55442,30704,80504729,1e+06,0.452707333790267,0.697106587265579,0.971203126958139,"GTEx_v8_Lung","KLA31_02"
"GTEX-1M4P7-0826-SM-E9TJR",55442,28845,52435273,1e+06,0.485949280328992,0.697106587265579,0.971203126958139,"GTEx_v8_Lung","KLA31_02"
"GTEX-1MA7X-0626-SM-E9TJI",55442,28981,52923255,1e+06,0.483153565888676,0.697106587265579,0.971203126958139,"GTEx_v8_Lung","KLA31_02"
"GTEX-1MCC2-0726-SM-EV7AL",55442,33954,87940416,1e+06,0.395169726921828,0.697106587265579,0.971203126958139,"GTEx_v8_Lung","KLA31_02"
"GTEX-1MGNQ-0826-SM-EVR41",55442,32271,93495935,1e+06,0.424750189387107,0.697106587265579,0.971203126958139,"GTEx_v8_Lung","KLA31_02"
"GTEX-1MJIX-0626-SM-DTX8V",55442,30839,63821367,1e+06,0.450488799105371,0.697106587265579,0.971203126958139,"GTEx_v8_Lung","KLA31_02"
"GTEX-1MJK2-1126-SM-E9TJ7",55442,30128,69735449,1e+06,0.463186753724613,0.697106587265579,0.971203126958139,"GTEx_v8_Lung","KLA31_02"
"GTEX-1N2DW-1126-SM-EVR59",55442,28989,48449416,1e+06,0.483207676490747,0.697106587265579,0.971203126958139,"GTEx_v8_Lung","KLA31_02"
"GTEX-1NSGN-1626-SM-EXOJF",55442,29211,34047068,1e+06,0.479239565672234,0.697106587265579,0.971203126958139,"GTEx_v8_Lung","KLA31_02"
"GTEX-1NV5F-0926-SM-DTX8N",55442,28570,65768322,1e+06,0.490747087045922,0.697106587265579,0.971203126958139,"GTEx_v8_Lung","KLA31_02"
"GTEX-1OJC3-0726-SM-DTX92",55442,30584,64984032,1e+06,0.455088200281375,0.697106587265579,0.971203126958139,"GTEx_v8_Lung","KLA31_02"
"GTEX-1OJC4-0626-SM-DTXEY",55442,28834,69354232,1e+06,0.486039464665777,0.697106587265579,0.971203126958139,"GTEx_v8_Lung","KLA31_02"
"GTEX-1P4AB-1026-SM-DTXES",55442,30117,67532117,1e+06,0.463457306734966,0.697106587265579,0.971203126958139,"GTEx_v8_Lung","KLA31_02"
"GTEX-1PIIG-1826-SM-DTX7N",55442,28590,52011776,1e+06,0.490368312831427,0.697106587265579,0.971203126958139,"GTEx_v8_Lung","KLA31_02"
"GTEX-1PPGY-1826-SM-EXOJ8",55442,30958,50751893,1e+06,0.448198116951048,0.697106587265579,0.971203126958139,"GTEx_v8_Lung","KLA31_02"
"GTEX-1PPH7-0226-SM-E76Q1",55442,30562,59590224,1e+06,0.455376790159085,0.697106587265579,0.971203126958139,"GTEx_v8_Lung","KLA31_02"
"GTEX-1PWST-0826-SM-DTXF1",55442,29446,74500491,1e+06,0.475091086180152,0.697106587265579,0.971203126958139,"GTEx_v8_Lung","KLA31_02"
"GTEX-1QAET-0426-SM-EXUSM",55442,29596,37474911,1e+06,0.472385556076621,0.697106587265579,0.971203126958139,"GTEx_v8_Lung","KLA31_02"
"GTEX-1QCLY-1026-SM-EWRNI",55442,31579,60047598,1e+06,0.437195627863353,0.697106587265579,0.971203126958139,"GTEx_v8_Lung","KLA31_02"
"GTEX-1QEPI-0826-SM-DTX9B",55442,28747,47824104,1e+06,0.487536524656398,0.697106587265579,0.971203126958139,"GTEx_v8_Lung","KLA31_02"
"GTEX-1QMI2-0926-SM-DTX7S",55442,30890,60727041,1e+06,0.44980339814581,0.697106587265579,0.971203126958139,"GTEx_v8_Lung","KLA31_02"
"GTEX-1QP29-1226-SM-E6CQ1",55442,29998,57600588,1e+06,0.465242956603297,0.697106587265579,0.971203126958139,"GTEx_v8_Lung","KLA31_02"
"GTEX-1QP2A-1226-SM-EVR3I",55442,30944,87020593,1e+06,0.448667075502327,0.697106587265579,0.971203126958139,"GTEx_v8_Lung","KLA31_02"
"GTEX-1R9PM-0426-SM-EVR3P",55442,33275,106329029,1e+06,0.407398722989791,0.697106587265579,0.971203126958139,"GTEx_v8_Lung","KLA31_02"
"GTEX-1RAZQ-1026-SM-EAZ4R",55442,30231,60934983,1e+06,0.461166624580643,0.697106587265579,0.971203126958139,"GTEx_v8_Lung","KLA31_02"
"GTEX-1RAZR-0726-SM-EV7BA",55442,32002,67312547,1e+06,0.429710327910249,0.697106587265579,0.971203126958139,"GTEx_v8_Lung","KLA31_02"
"GTEX-1RAZS-2226-SM-E8VMU",55442,29552,81335277,1e+06,0.473413657515963,0.697106587265579,0.971203126958139,"GTEx_v8_Lung","KLA31_02"
"GTEX-1RDX4-1626-SM-EVR53",55442,31062,62539961,1e+06,0.446538725154215,0.697106587265579,0.971203126958139,"GTEx_v8_Lung","KLA31_02"
"GTEX-1RLM8-0626-SM-E76OW",55442,30083,59948242,1e+06,0.463944302153602,0.697106587265579,0.971203126958139,"GTEx_v8_Lung","KLA31_02"
"GTEX-1RNSC-1226-SM-E9U52",55442,29493,54733466,1e+06,0.474369611485877,0.697106587265579,0.971203126958139,"GTEx_v8_Lung","KLA31_02"
"GTEX-1RQED-1026-SM-EVYCT",55442,28975,42787113,1e+06,0.483730745644097,0.697106587265579,0.971203126958139,"GTEx_v8_Lung","KLA31_02"
"GTEX-1S5VW-0926-SM-EWRNU",55442,30121,59114660,1e+06,0.463240864326684,0.697106587265579,0.971203126958139,"GTEx_v8_Lung","KLA31_02"
"GTEX-1S82P-0826-SM-EVR4P",55442,32598,96926416,1e+06,0.419104649904405,0.697106587265579,0.971203126958139,"GTEx_v8_Lung","KLA31_02"
"GTEX-N7MS-0926-SM-2HMIZ",55442,31376,44595482,1e+06,0.440604595793803,0.697106587265579,0.971203126958139,"GTEx_v8_Lung","KLA31_02"
"GTEX-N7MT-0126-SM-2D7VT",55442,29797,30251885,1e+06,0.468778182605245,0.697106587265579,0.971203126958139,"GTEx_v8_Lung","KLA31_02"
"GTEX-NFK9-1026-SM-2HMK1",55442,33517,65927271,1e+06,0.402835395548501,0.697106587265579,0.971203126958139,"GTEx_v8_Lung","KLA31_02"
"GTEX-NPJ8-0326-SM-2D7VV",55442,28163,24778956,1e+06,0.497528949172108,0.697106587265579,0.971203126958139,"GTEx_v8_Lung","KLA31_02"
"GTEX-O5YT-0526-SM-32PK8",55442,29665,69302923,1e+06,0.471285307167851,0.697106587265579,0.971203126958139,"GTEx_v8_Lung","KLA31_02"
"GTEX-O5YV-0526-SM-2I5GE",55442,33539,91460073,1e+06,0.402312326395152,0.697106587265579,0.971203126958139,"GTEx_v8_Lung","KLA31_02"
"GTEX-O5YW-0526-SM-2YUMX",55442,30993,66545073,1e+06,0.447675047797699,0.697106587265579,0.971203126958139,"GTEx_v8_Lung","KLA31_02"
"GTEX-OHPL-0526-SM-3NM8U",55442,32032,84653511,1e+06,0.429151185022185,0.697106587265579,0.971203126958139,"GTEx_v8_Lung","KLA31_02"
"GTEX-OHPM-0526-SM-2YUMJ",55442,29184,56664913,1e+06,0.479654413621442,0.697106587265579,0.971203126958139,"GTEx_v8_Lung","KLA31_02"
"GTEX-OIZF-0526-SM-7MXVM",55442,32560,53287778,1e+06,0.419753977129252,0.697106587265579,0.971203126958139,"GTEx_v8_Lung","KLA31_02"
"GTEX-OIZG-0526-SM-2HMLF",55442,31322,44149359,1e+06,0.441596623498431,0.697106587265579,0.971203126958139,"GTEx_v8_Lung","KLA31_02"
"GTEX-OIZH-0526-SM-2HMKV",55442,33215,91605287,1e+06,0.408084123949352,0.697106587265579,0.971203126958139,"GTEx_v8_Lung","KLA31_02"
"GTEX-OIZI-1026-SM-3NB1K",55442,32620,80586124,1e+06,0.418834096894051,0.697106587265579,0.971203126958139,"GTEx_v8_Lung","KLA31_02"
"GTEX-OOBJ-0526-SM-48TDK",55442,30229,46336727,1e+06,0.461292882652141,0.697106587265579,0.971203126958139,"GTEx_v8_Lung","KLA31_02"
"GTEX-OOBK-0526-SM-2HMJJ",55442,32582,74178445,1e+06,0.419140723639118,0.697106587265579,0.971203126958139,"GTEx_v8_Lung","KLA31_02"
"GTEX-OXRK-0926-SM-2HMKP",55442,33607,76806643,1e+06,0.401392446159951,0.697106587265579,0.971203126958139,"GTEx_v8_Lung","KLA31_02"
"GTEX-OXRL-0526-SM-2I3EZ",55442,31850,64227072,1e+06,0.432397821146423,0.697106587265579,0.971203126958139,"GTEx_v8_Lung","KLA31_02"
"GTEX-OXRN-0526-SM-2I5EN",55442,31226,60144061,1e+06,0.443436383968832,0.697106587265579,0.971203126958139,"GTEx_v8_Lung","KLA31_02"
"GTEX-OXRO-0326-SM-33HBM",55442,31593,59613272,1e+06,0.436654521842646,0.697106587265579,0.971203126958139,"GTEx_v8_Lung","KLA31_02"
"GTEX-OXRP-0526-SM-2I3EW",55442,31490,55420145,1e+06,0.438728761588687,0.697106587265579,0.971203126958139,"GTEx_v8_Lung","KLA31_02"
"GTEX-P44H-1126-SM-48TBU",55442,29604,36624297,1e+06,0.472439666678691,0.697106587265579,0.971203126958139,"GTEx_v8_Lung","KLA31_02"
"GTEX-P4PP-0526-SM-2HMKE",55442,32645,74647247,1e+06,0.418220843403918,0.697106587265579,0.971203126958139,"GTEx_v8_Lung","KLA31_02"
"GTEX-P4PQ-0526-SM-2HMKR",55442,33497,78101005,1e+06,0.403286317232423,0.697106587265579,0.971203126958139,"GTEx_v8_Lung","KLA31_02"
"GTEX-P4QS-0526-SM-2I3ET",55442,30722,66271389,1e+06,0.452725370657624,0.697106587265579,0.971203126958139,"GTEx_v8_Lung","KLA31_02"
"GTEX-P4QT-0526-SM-2I3EX",55442,31236,67960078,1e+06,0.44327405216262,0.697106587265579,0.971203126958139,"GTEx_v8_Lung","KLA31_02"
"GTEX-P78B-0926-SM-2I5FA",55442,32252,67015997,1e+06,0.425345406009884,0.697106587265579,0.971203126958139,"GTEx_v8_Lung","KLA31_02"
"GTEX-PLZ4-0726-SM-2TC6Q",55442,30268,45747177,1e+06,0.460354965549583,0.697106587265579,0.971203126958139,"GTEx_v8_Lung","KLA31_02"
"GTEX-PLZ5-0726-SM-2I5F9",55442,33419,69220412,1e+06,0.404386566141193,0.697106587265579,0.971203126958139,"GTEx_v8_Lung","KLA31_02"
"GTEX-PLZ6-0426-SM-5IJDW",55442,30704,83921792,1e+06,0.45297788680062,0.697106587265579,0.971203126958139,"GTEx_v8_Lung","KLA31_02"
"GTEX-POMQ-0526-SM-3GADD",55442,30772,67997441,1e+06,0.451336531871145,0.697106587265579,0.971203126958139,"GTEx_v8_Lung","KLA31_02"
"GTEX-POYW-1226-SM-2XCEP",55442,27475,76773277,1e+06,0.509757945240071,0.697106587265579,0.971203126958139,"GTEx_v8_Lung","KLA31_02"
"GTEX-PSDG-1126-SM-2S1ON",55442,27539,22717871,1e+06,0.508405180188305,0.697106587265579,0.971203126958139,"GTEx_v8_Lung","KLA31_02"
"GTEX-PVOW-1026-SM-2XCF9",55442,30387,78120994,1e+06,0.458154467732044,0.697106587265579,0.971203126958139,"GTEx_v8_Lung","KLA31_02"
"GTEX-PW2O-0526-SM-2I3DX",55442,31809,61250295,1e+06,0.433047148371271,0.697106587265579,0.971203126958139,"GTEx_v8_Lung","KLA31_02"
"GTEX-PX3G-0526-SM-2I3EM",55442,31962,65832592,1e+06,0.430612171278092,0.697106587265579,0.971203126958139,"GTEx_v8_Lung","KLA31_02"
"GTEX-Q2AG-1026-SM-33HBW",55442,32598,107986143,1e+06,0.419050539302334,0.697106587265579,0.971203126958139,"GTEx_v8_Lung","KLA31_02"
"GTEX-Q2AH-0426-SM-2I3EP",55442,31840,62141100,1e+06,0.432542116085278,0.697106587265579,0.971203126958139,"GTEx_v8_Lung","KLA31_02"
"GTEX-Q734-0626-SM-2I3EF",55442,32418,52919484,1e+06,0.422279138559215,0.697106587265579,0.971203126958139,"GTEx_v8_Lung","KLA31_02"
"GTEX-QCQG-0326-SM-2I3ES",55442,31170,52709704,1e+06,0.444554669744959,0.697106587265579,0.971203126958139,"GTEx_v8_Lung","KLA31_02"
"GTEX-QDT8-0926-SM-32PL2",55442,30454,36312558,1e+06,0.457090292557989,0.697106587265579,0.971203126958139,"GTEx_v8_Lung","KLA31_02"
"GTEX-QDVJ-0926-SM-2I5FU",55442,31682,68215052,1e+06,0.435013166913171,0.697106587265579,0.971203126958139,"GTEx_v8_Lung","KLA31_02"
"GTEX-QDVN-0726-SM-4B64L",55442,31704,65696495,1e+06,0.434868871974316,0.697106587265579,0.971203126958139,"GTEx_v8_Lung","KLA31_02"
"GTEX-QEG4-0526-SM-48TZD",55442,30937,49792227,1e+06,0.448703149237041,0.697106587265579,0.971203126958139,"GTEx_v8_Lung","KLA31_02"
"GTEX-QEG5-1126-SM-33HC2",55442,32027,106020058,1e+06,0.428988853215973,0.697106587265579,0.971203126958139,"GTEx_v8_Lung","KLA31_02"
"GTEX-QEL4-0826-SM-3GAF2",55442,28416,28204075,1e+06,0.493218137873814,0.697106587265579,0.971203126958139,"GTEx_v8_Lung","KLA31_02"
"GTEX-QESD-0626-SM-2I5G4",55442,30997,53843285,1e+06,0.44726019984849,0.697106587265579,0.971203126958139,"GTEx_v8_Lung","KLA31_02"
"GTEX-QMR6-1926-SM-32PL9",55442,28314,97405270,1e+06,0.494733234731792,0.697106587265579,0.971203126958139,"GTEx_v8_Lung","KLA31_02"
"GTEX-QMRM-0826-SM-3NB33",55442,32750,74882968,1e+06,0.416489304137657,0.697106587265579,0.971203126958139,"GTEx_v8_Lung","KLA31_02"
"GTEX-QV44-0926-SM-2S1RH",55442,27687,18418555,1e+06,0.506132534901338,0.697106587265579,0.971203126958139,"GTEx_v8_Lung","KLA31_02"
"GTEX-QVUS-2026-SM-EYYW9",55442,31467,54454038,1e+06,0.439558457487104,0.697106587265579,0.971203126958139,"GTEx_v8_Lung","KLA31_02"
"GTEX-QXCU-0626-SM-2TC69",55442,30212,51141251,1e+06,0.461274845784784,0.697106587265579,0.971203126958139,"GTEx_v8_Lung","KLA31_02"
"GTEX-R3RS-1026-SM-3GADF",55442,27086,13516792,1e+06,0.516485696764186,0.697106587265579,0.971203126958139,"GTEx_v8_Lung","KLA31_02"
"GTEX-R55C-0526-SM-3GIKA",55442,31135,59958651,1e+06,0.445131849500379,0.697106587265579,0.971203126958139,"GTEx_v8_Lung","KLA31_02"
"GTEX-R55D-0926-SM-3GAEU",55442,25498,12264708,1e+06,0.545001984055409,0.697106587265579,0.971203126958139,"GTEx_v8_Lung","KLA31_02"
"GTEX-R55G-0826-SM-2TC5U",55442,30775,54737636,1e+06,0.451426716207929,0.697106587265579,0.971203126958139,"GTEx_v8_Lung","KLA31_02"
"GTEX-REY6-0426-SM-2TF5G",55442,27072,13256453,1e+06,0.516738212907182,0.697106587265579,0.971203126958139,"GTEx_v8_Lung","KLA31_02"
"GTEX-RM2N-0426-SM-2TF4T",55442,30689,72580859,1e+06,0.453194329208903,0.697106587265579,0.971203126958139,"GTEx_v8_Lung","KLA31_02"
"GTEX-RN64-1226-SM-2TC6E",55442,31085,34988696,1e+06,0.445727066123156,0.697106587265579,0.971203126958139,"GTEx_v8_Lung","KLA31_02"
"GTEX-RNOR-0726-SM-2TF5I",55442,29490,62841647,1e+06,0.474171205944951,0.697106587265579,0.971203126958139,"GTEx_v8_Lung","KLA31_02"
"GTEX-RTLS-0926-SM-2TF5X",55442,31227,33559948,1e+06,0.443364236499405,0.697106587265579,0.971203126958139,"GTEx_v8_Lung","KLA31_02"
"GTEX-RU1J-0126-SM-2TF6Y",55442,29907,38582239,1e+06,0.466631795389777,0.697106587265579,0.971203126958139,"GTEx_v8_Lung","KLA31_02"
"GTEX-RU72-0526-SM-2TF5Z",55442,29377,23419775,1e+06,0.476047040150067,0.697106587265579,0.971203126958139,"GTEx_v8_Lung","KLA31_02"
"GTEX-RUSQ-0626-SM-2TF5V",55442,29184,31100146,1e+06,0.479456008080517,0.697106587265579,0.971203126958139,"GTEx_v8_Lung","KLA31_02"
"GTEX-RVPV-1726-SM-2NKAQ",55442,31328,47116169,1e+06,0.441795029039356,0.697106587265579,0.971203126958139,"GTEx_v8_Lung","KLA31_02"
"GTEX-RWS6-0226-SM-2XCA9",55442,30079,52669909,1e+06,0.463962339020959,0.697106587265579,0.971203126958139,"GTEx_v8_Lung","KLA31_02"
"GTEX-RWSA-1126-SM-2XCAZ",55442,30287,37259666,1e+06,0.45974171205945,0.697106587265579,0.971203126958139,"GTEx_v8_Lung","KLA31_02"
"GTEX-S32W-0326-SM-2XCBI",55442,31815,77922065,1e+06,0.432920890299773,0.697106587265579,0.971203126958139,"GTEx_v8_Lung","KLA31_02"
"GTEX-S33H-0626-SM-2XCBJ",55442,31902,81586407,1e+06,0.431315609105011,0.697106587265579,0.971203126958139,"GTEx_v8_Lung","KLA31_02"
"GTEX-S341-0326-SM-2XCAU",55442,30833,67192566,1e+06,0.450506835972728,0.697106587265579,0.971203126958139,"GTEx_v8_Lung","KLA31_02"
"GTEX-S3LF-1126-SM-EVR33",55442,30235,65338932,1e+06,0.461022329641788,0.697106587265579,0.971203126958139,"GTEx_v8_Lung","KLA31_02"
"GTEX-S7SE-0926-SM-2XCD6",55442,30604,35683971,1e+06,0.454601204862739,0.697106587265579,0.971203126958139,"GTEx_v8_Lung","KLA31_02"
"GTEX-SE5C-0526-SM-2XCE1",55442,27173,25686969,1e+06,0.515259189783918,0.697106587265579,0.971203126958139,"GTEx_v8_Lung","KLA31_02"
"GTEX-SIU8-0926-SM-COH1X",55442,30179,57891891,1e+06,0.462140615417914,0.697106587265579,0.971203126958139,"GTEx_v8_Lung","KLA31_02"
"GTEX-SJXC-1026-SM-EYYVA",55442,30783,48012436,1e+06,0.45148082681,0.697106587265579,0.971203126958139,"GTEx_v8_Lung","KLA31_02"
"GTEX-SN8G-0926-SM-4DM5I",55442,28589,42118311,1e+06,0.490494570902926,0.697106587265579,0.971203126958139,"GTEx_v8_Lung","KLA31_02"
"GTEX-SNOS-0426-SM-32PMH",55442,29677,52470437,1e+06,0.470888496086,0.697106587265579,0.971203126958139,"GTEx_v8_Lung","KLA31_02"
"GTEX-SUCS-0626-SM-32PM5",55442,32343,91177039,1e+06,0.423758161682479,0.697106587265579,0.971203126958139,"GTEx_v8_Lung","KLA31_02"
"GTEX-T2IS-0526-SM-32QP9",55442,30896,66059995,1e+06,0.449316402727174,0.697106587265579,0.971203126958139,"GTEx_v8_Lung","KLA31_02"
"GTEX-T5JC-0826-SM-32PMC",55442,31172,63240525,1e+06,0.444626817214386,0.697106587265579,0.971203126958139,"GTEx_v8_Lung","KLA31_02"
"GTEX-T6MN-0826-SM-32PM4",55442,30384,50864331,1e+06,0.458551278813896,0.697106587265579,0.971203126958139,"GTEx_v8_Lung","KLA31_02"
"GTEX-T6MO-0426-SM-32QOI",55442,28405,61253838,1e+06,0.493398506547383,0.697106587265579,0.971203126958139,"GTEx_v8_Lung","KLA31_02"
"GTEX-T8EM-0326-SM-3DB7F",55442,34235,141358575,1e+06,0.389812777316836,0.697106587265579,0.971203126958139,"GTEx_v8_Lung","KLA31_02"
"GTEX-TML8-0326-SM-4GICN",55442,31462,75701486,1e+06,0.439540420619747,0.697106587265579,0.971203126958139,"GTEx_v8_Lung","KLA31_02"
"GTEX-TMMY-0926-SM-4TT1Z",55442,34298,122264896,1e+06,0.389019155153133,0.697106587265579,0.971203126958139,"GTEx_v8_Lung","KLA31_02"
"GTEX-TSE9-0726-SM-3DB8C",55442,29534,33845704,1e+06,0.473359546913892,0.697106587265579,0.971203126958139,"GTEx_v8_Lung","KLA31_02"
"GTEX-U3ZH-0526-SM-3DB75",55442,33296,88018945,1e+06,0.4067674326323,0.697106587265579,0.971203126958139,"GTEx_v8_Lung","KLA31_02"
"GTEX-U3ZM-0426-SM-3DB73",55442,32168,103466916,1e+06,0.427076945276144,0.697106587265579,0.971203126958139,"GTEx_v8_Lung","KLA31_02"
"GTEX-U3ZN-0626-SM-3DB7U",55442,35131,145712434,1e+06,0.374138739583709,0.697106587265579,0.971203126958139,"GTEx_v8_Lung","KLA31_02"
"GTEX-U412-0826-SM-3DB9K",55442,29477,54147400,1e+06,0.474549980159446,0.697106587265579,0.971203126958139,"GTEx_v8_Lung","KLA31_02"
"GTEX-U8T8-2226-SM-3DB95",55442,30461,42877905,1e+06,0.457018145088561,0.697106587265579,0.971203126958139,"GTEx_v8_Lung","KLA31_02"
"GTEX-U8XE-1426-SM-3DB8Q",55442,31456,89106939,1e+06,0.439450236282962,0.697106587265579,0.971203126958139,"GTEx_v8_Lung","KLA31_02"
"GTEX-UJHI-0726-SM-3DB92",55442,30727,53403213,1e+06,0.452472854514628,0.697106587265579,0.971203126958139,"GTEx_v8_Lung","KLA31_02"
"GTEX-UJMC-0726-SM-3GADX",55442,31660,69070638,1e+06,0.43582482594423,0.697106587265579,0.971203126958139,"GTEx_v8_Lung","KLA31_02"
"GTEX-UPJH-0826-SM-4WKFD",55442,31335,65866354,1e+06,0.441614660365788,0.697106587265579,0.971203126958139,"GTEx_v8_Lung","KLA31_02"
"GTEX-UPK5-1126-SM-3GAEJ",55442,29973,63515704,1e+06,0.465621730817792,0.697106587265579,0.971203126958139,"GTEx_v8_Lung","KLA31_02"
"GTEX-V1D1-0826-SM-3P5ZA",55442,32735,74550753,1e+06,0.416723783413297,0.697106587265579,0.971203126958139,"GTEx_v8_Lung","KLA31_02"
"GTEX-VJWN-1326-SM-EVR2Z",55442,30602,65007902,1e+06,0.45465531546481,0.697106587265579,0.971203126958139,"GTEx_v8_Lung","KLA31_02"
"GTEX-VJYA-0326-SM-3GAEX",55442,28074,87166200,1e+06,0.499260488438368,0.697106587265579,0.971203126958139,"GTEx_v8_Lung","KLA31_02"
"GTEX-VUSG-0926-SM-3GIK6",55442,28707,53976372,1e+06,0.488095667544461,0.697106587265579,0.971203126958139,"GTEx_v8_Lung","KLA31_02"
"GTEX-W5X1-0526-SM-3GILH",55442,30986,48482597,1e+06,0.4475487897262,0.697106587265579,0.971203126958139,"GTEx_v8_Lung","KLA31_02"
"GTEX-WFG7-0526-SM-3GIKI",55442,29640,51121182,1e+06,0.471501749576134,0.697106587265579,0.971203126958139,"GTEx_v8_Lung","KLA31_02"
"GTEX-WFG8-0926-SM-3GIKJ",55442,27509,30545208,1e+06,0.509379171025576,0.697106587265579,0.971203126958139,"GTEx_v8_Lung","KLA31_02"
"GTEX-WFJO-0326-SM-3GIL3",55442,30213,53066706,1e+06,0.461545398795137,0.697106587265579,0.971203126958139,"GTEx_v8_Lung","KLA31_02"
"GTEX-WFON-0426-SM-3GIL4",55442,32050,71125818,1e+06,0.42871830020562,0.697106587265579,0.971203126958139,"GTEx_v8_Lung","KLA31_02"
"GTEX-WH7G-0726-SM-3NMBM",55442,31612,88218742,1e+06,0.43669059557736,0.697106587265579,0.971203126958139,"GTEx_v8_Lung","KLA31_02"
"GTEX-WHPG-1426-SM-3NMBB",55442,31551,70962539,1e+06,0.437718697016702,0.697106587265579,0.971203126958139,"GTEx_v8_Lung","KLA31_02"
"GTEX-WHSB-0326-SM-5FQSD",55442,31249,77826406,1e+06,0.443165830958479,0.697106587265579,0.971203126958139,"GTEx_v8_Lung","KLA31_02"
"GTEX-WK11-0526-SM-3NB3O",55442,31869,82708835,1e+06,0.431982973197215,0.697106587265579,0.971203126958139,"GTEx_v8_Lung","KLA31_02"
"GTEX-WOFM-0126-SM-3MJFE",55442,31566,85073397,1e+06,0.437285812200137,0.697106587265579,0.971203126958139,"GTEx_v8_Lung","KLA31_02"
"GTEX-WRHU-0226-SM-3MJFV",55442,32569,82515334,1e+06,0.419627719057754,0.697106587265579,0.971203126958139,"GTEx_v8_Lung","KLA31_02"
"GTEX-WVJS-0826-SM-4MVNR",55442,30382,60104434,1e+06,0.458587352548609,0.697106587265579,0.971203126958139,"GTEx_v8_Lung","KLA31_02"
"GTEX-WWYW-0926-SM-3NB2Z",55442,33884,84150243,1e+06,0.396414270769453,0.697106587265579,0.971203126958139,"GTEx_v8_Lung","KLA31_02"
"GTEX-WY7C-0426-SM-3NB3C",55442,32570,89532830,1e+06,0.419699866527182,0.697106587265579,0.971203126958139,"GTEx_v8_Lung","KLA31_02"
"GTEX-WYBS-1126-SM-3NMAM",55442,31943,75173827,1e+06,0.430738429349591,0.697106587265579,0.971203126958139,"GTEx_v8_Lung","KLA31_02"
"GTEX-WYJK-0826-SM-3NM8Y",55442,33625,94150566,1e+06,0.400580787128891,0.697106587265579,0.971203126958139,"GTEx_v8_Lung","KLA31_02"
"GTEX-WYVS-0526-SM-3NM9W",55442,33250,89352030,1e+06,0.407434796724505,0.697106587265579,0.971203126958139,"GTEx_v8_Lung","KLA31_02"
"GTEX-WZTO-0426-SM-3NM99",55442,32083,77681624,1e+06,0.42808700984813,0.697106587265579,0.971203126958139,"GTEx_v8_Lung","KLA31_02"
"GTEX-X15G-0626-SM-EVR32",55442,32395,84347741,1e+06,0.422874355181992,0.697106587265579,0.971203126958139,"GTEx_v8_Lung","KLA31_02"
"GTEX-X261-1026-SM-3NMDL",55442,30730,70547624,1e+06,0.452454817647271,0.697106587265579,0.971203126958139,"GTEx_v8_Lung","KLA31_02"
"GTEX-X3Y1-0626-SM-3P5YS",55442,33300,65157905,1e+06,0.406929764438512,0.697106587265579,0.971203126958139,"GTEx_v8_Lung","KLA31_02"
"GTEX-X4EO-0926-SM-3P5Z2",55442,33133,69561699,1e+06,0.409689405144115,0.697106587265579,0.971203126958139,"GTEx_v8_Lung","KLA31_02"
"GTEX-X4EP-0526-SM-3P5YW",55442,31448,70636060,1e+06,0.439540420619747,0.697106587265579,0.971203126958139,"GTEx_v8_Lung","KLA31_02"
"GTEX-X4LF-0526-SM-3NMB6",55442,31863,75740961,1e+06,0.432019046931929,0.697106587265579,0.971203126958139,"GTEx_v8_Lung","KLA31_02"
"GTEX-X4XX-1026-SM-4QARO",55442,30859,52201790,1e+06,0.450218246095018,0.697106587265579,0.971203126958139,"GTEx_v8_Lung","KLA31_02"
"GTEX-X4XY-1026-SM-46MVX",55442,30905,41700912,1e+06,0.449460697666029,0.697106587265579,0.971203126958139,"GTEx_v8_Lung","KLA31_02"
"GTEX-X585-1026-SM-46MW6",55442,30716,53555202,1e+06,0.452797518127052,0.697106587265579,0.971203126958139,"GTEx_v8_Lung","KLA31_02"
"GTEX-X5EB-0426-SM-46MVY",55442,32013,48031471,1e+06,0.429674254175535,0.697106587265579,0.971203126958139,"GTEx_v8_Lung","KLA31_02"
"GTEX-XBEC-1026-SM-4QASM",55442,29328,46394136,1e+06,0.477327657732405,0.697106587265579,0.971203126958139,"GTEx_v8_Lung","KLA31_02"
"GTEX-XBED-0826-SM-47JYC",55442,29299,45874242,1e+06,0.477724468814256,0.697106587265579,0.971203126958139,"GTEx_v8_Lung","KLA31_02"
"GTEX-XBEW-0226-SM-4AT6A",55442,31843,49182962,1e+06,0.432632300422063,0.697106587265579,0.971203126958139,"GTEx_v8_Lung","KLA31_02"
"GTEX-XGQ4-0826-SM-4AT4T",55442,29792,52839834,1e+06,0.469048735615598,0.697106587265579,0.971203126958139,"GTEx_v8_Lung","KLA31_02"
"GTEX-XMD2-1026-SM-4WWE8",55442,31896,54235317,1e+06,0.431892788860431,0.697106587265579,0.971203126958139,"GTEx_v8_Lung","KLA31_02"
"GTEX-XOT4-1426-SM-4B65T",55442,30650,47579958,1e+06,0.453591140290754,0.697106587265579,0.971203126958139,"GTEx_v8_Lung","KLA31_02"
"GTEX-XPVG-1026-SM-4B64Y",55442,32087,79313850,1e+06,0.427978788643988,0.697106587265579,0.971203126958139,"GTEx_v8_Lung","KLA31_02"
"GTEX-XQ3S-0926-SM-4BOPI",55442,29369,44976987,1e+06,0.476461888099275,0.697106587265579,0.971203126958139,"GTEx_v8_Lung","KLA31_02"
"GTEX-XQ8I-1126-SM-4BOO2",55442,30081,56000911,1e+06,0.463872154684174,0.697106587265579,0.971203126958139,"GTEx_v8_Lung","KLA31_02"
"GTEX-XV7Q-0426-SM-4BRVN",55442,30018,50305255,1e+06,0.464792034919375,0.697106587265579,0.971203126958139,"GTEx_v8_Lung","KLA31_02"
"GTEX-XXEK-0626-SM-4BRWE",55442,28157,45924179,1e+06,0.498178276396955,0.697106587265579,0.971203126958139,"GTEx_v8_Lung","KLA31_02"
"GTEX-XYKS-0526-SM-4BRW2",55442,31169,56540926,1e+06,0.444554669744959,0.697106587265579,0.971203126958139,"GTEx_v8_Lung","KLA31_02"
"GTEX-Y111-1026-SM-4TT22",55442,32708,78016371,1e+06,0.417517405576999,0.697106587265579,0.971203126958139,"GTEx_v8_Lung","KLA31_02"
"GTEX-Y3I4-0426-SM-4TT29",55442,29240,40862886,1e+06,0.47886079145774,0.697106587265579,0.971203126958139,"GTEx_v8_Lung","KLA31_02"
"GTEX-Y3IK-0626-SM-4WWE4",55442,32951,55657089,1e+06,0.412449045849717,0.697106587265579,0.971203126958139,"GTEx_v8_Lung","KLA31_02"
"GTEX-Y5LM-0726-SM-4VBRP",55442,31024,82391158,1e+06,0.447025720572851,0.697106587265579,0.971203126958139,"GTEx_v8_Lung","KLA31_02"
"GTEX-Y5V5-0826-SM-4VBQD",55442,32748,80934819,1e+06,0.416507341005014,0.697106587265579,0.971203126958139,"GTEx_v8_Lung","KLA31_02"
"GTEX-Y5V6-0226-SM-4V6G7",55442,31154,67574763,1e+06,0.445131849500379,0.697106587265579,0.971203126958139,"GTEx_v8_Lung","KLA31_02"
"GTEX-Y8E4-0526-SM-4V6GC",55442,32593,78112497,1e+06,0.419609682190397,0.697106587265579,0.971203126958139,"GTEx_v8_Lung","KLA31_02"
"GTEX-Y8LW-0326-SM-4VBQ9",55442,30743,59713499,1e+06,0.452130154034847,0.697106587265579,0.971203126958139,"GTEx_v8_Lung","KLA31_02"
"GTEX-Y9LG-0526-SM-4VBRY",55442,31741,93746469,1e+06,0.434129360412684,0.697106587265579,0.971203126958139,"GTEx_v8_Lung","KLA31_02"
"GTEX-YB5E-0726-SM-4VDSH",55442,31583,79126391,1e+06,0.437141517261282,0.697106587265579,0.971203126958139,"GTEx_v8_Lung","KLA31_02"
"GTEX-YEC3-0226-SM-DO11B",55442,32202,92570223,1e+06,0.426499765520724,0.697106587265579,0.971203126958139,"GTEx_v8_Lung","KLA31_02"
"GTEX-YEC4-0526-SM-4W21U",55442,32768,124864089,1e+06,0.416110529923163,0.697106587265579,0.971203126958139,"GTEx_v8_Lung","KLA31_02"
"GTEX-YECK-0926-SM-4W214",55442,34034,70313278,1e+06,0.393492298257639,0.697106587265579,0.971203126958139,"GTEx_v8_Lung","KLA31_02"
"GTEX-YF7O-0626-SM-4W21R",55442,32373,98912719,1e+06,0.423036686988204,0.697106587265579,0.971203126958139,"GTEx_v8_Lung","KLA31_02"
"GTEX-YFC4-1126-SM-5RQJN",55442,30386,50830609,1e+06,0.458208578334115,0.697106587265579,0.971203126958139,"GTEx_v8_Lung","KLA31_02"
"GTEX-YFCO-0426-SM-4W1Z7",55442,32332,79527018,1e+06,0.423667977345695,0.697106587265579,0.971203126958139,"GTEx_v8_Lung","KLA31_02"
"GTEX-YJ8O-1826-SM-5HL82",55442,30940,43514384,1e+06,0.448829407308539,0.697106587265579,0.971203126958139,"GTEx_v8_Lung","KLA31_02"
"GTEX-ZA64-0326-SM-5HL8T",55442,29525,51530065,1e+06,0.473738321128386,0.697106587265579,0.971203126958139,"GTEx_v8_Lung","KLA31_02"
"GTEX-ZAB4-0626-SM-5CVN3",55442,31863,48238704,1e+06,0.432055120666643,0.697106587265579,0.971203126958139,"GTEx_v8_Lung","KLA31_02"
"GTEX-ZAB5-0626-SM-5PNVB",55442,29678,42705852,1e+06,0.470906532953357,0.697106587265579,0.971203126958139,"GTEx_v8_Lung","KLA31_02"
"GTEX-ZC5H-0926-SM-5CVMZ",55442,31768,53126214,1e+06,0.433732549330832,0.697106587265579,0.971203126958139,"GTEx_v8_Lung","KLA31_02"
"GTEX-ZDTS-1026-SM-4WAXS",55442,31174,50609143,1e+06,0.444284116734606,0.697106587265579,0.971203126958139,"GTEx_v8_Lung","KLA31_02"
"GTEX-ZDTT-0926-SM-5J2MS",55442,31722,69271050,1e+06,0.434706540168104,0.697106587265579,0.971203126958139,"GTEx_v8_Lung","KLA31_02"
"GTEX-ZDXO-1326-SM-57WBS",55442,29876,39185362,1e+06,0.467389343818766,0.697106587265579,0.971203126958139,"GTEx_v8_Lung","KLA31_02"
"GTEX-ZDYS-0426-SM-5IJEQ",55442,31788,62021926,1e+06,0.433696475596118,0.697106587265579,0.971203126958139,"GTEx_v8_Lung","KLA31_02"
"GTEX-ZE7O-0826-SM-57WCP",55442,32674,58423134,1e+06,0.418311027740702,0.697106587265579,0.971203126958139,"GTEx_v8_Lung","KLA31_02"
"GTEX-ZEX8-0526-SM-DO115",55442,32429,82400329,1e+06,0.421990548681505,0.697106587265579,0.971203126958139,"GTEx_v8_Lung","KLA31_02"
"GTEX-ZF28-0726-SM-4WKFU",55442,32395,82517041,1e+06,0.422838281447278,0.697106587265579,0.971203126958139,"GTEx_v8_Lung","KLA31_02"
"GTEX-ZF29-1026-SM-4WKGC",55442,29591,51416078,1e+06,0.472692182821688,0.697106587265579,0.971203126958139,"GTEx_v8_Lung","KLA31_02"
"GTEX-ZF2S-0626-SM-4WKH2",55442,32062,57028059,1e+06,0.428826521409762,0.697106587265579,0.971203126958139,"GTEx_v8_Lung","KLA31_02"
"GTEX-ZF3C-0926-SM-DO92P",55442,30443,57598516,1e+06,0.457523177374554,0.697106587265579,0.971203126958139,"GTEx_v8_Lung","KLA31_02"
"GTEX-ZG7Y-1026-SM-4WWDG",55442,31754,74134326,1e+06,0.434111323545327,0.697106587265579,0.971203126958139,"GTEx_v8_Lung","KLA31_02"
"GTEX-ZLV1-0426-SM-4WWC2",55442,31176,60437565,1e+06,0.444446448540817,0.697106587265579,0.971203126958139,"GTEx_v8_Lung","KLA31_02"
"GTEX-ZLWG-0626-SM-4WWFR",55442,32730,80481242,1e+06,0.41612856679052,0.697106587265579,0.971203126958139,"GTEx_v8_Lung","KLA31_02"
"GTEX-ZPCL-0926-SM-DNZZ8",55442,31701,78134976,1e+06,0.435193535586739,0.697106587265579,0.971203126958139,"GTEx_v8_Lung","KLA31_02"
"GTEX-ZPIC-0626-SM-57WDY",55442,31012,68772303,1e+06,0.447332347317918,0.697106587265579,0.971203126958139,"GTEx_v8_Lung","KLA31_02"
"GTEX-ZPU1-0926-SM-57WDO",55442,33109,75434605,1e+06,0.410158363695393,0.697106587265579,0.971203126958139,"GTEx_v8_Lung","KLA31_02"
"GTEX-ZQG8-0326-SM-51MSE",55442,29942,60755679,1e+06,0.466307131777353,0.697106587265579,0.971203126958139,"GTEx_v8_Lung","KLA31_02"
"GTEX-ZT9W-0726-SM-9JGG2",55442,31064,87193212,1e+06,0.44668302009307,0.697106587265579,0.971203126958139,"GTEx_v8_Lung","KLA31_02"
"GTEX-ZT9X-0326-SM-51MTE",55442,31077,62857994,1e+06,0.445925471664081,0.697106587265579,0.971203126958139,"GTEx_v8_Lung","KLA31_02"
"GTEX-ZTPG-0926-SM-5O99H",55442,30001,61170510,1e+06,0.46517080913387,0.697106587265579,0.971203126958139,"GTEx_v8_Lung","KLA31_02"
"GTEX-ZTTD-1126-SM-51MRP",55442,31128,42973818,1e+06,0.445005591428881,0.697106587265579,0.971203126958139,"GTEx_v8_Lung","KLA31_02"
"GTEX-ZUA1-1026-SM-4YCEA",55442,31435,49633269,1e+06,0.439684715558602,0.697106587265579,0.971203126958139,"GTEx_v8_Lung","KLA31_02"
"GTEX-ZVT3-0926-SM-5GICK",55442,29630,52098006,1e+06,0.471664081382346,0.697106587265579,0.971203126958139,"GTEx_v8_Lung","KLA31_02"
"GTEX-ZVZQ-1526-SM-5N9G6",55442,31780,66440219,1e+06,0.433732549330832,0.697106587265579,0.971203126958139,"GTEx_v8_Lung","KLA31_02"
"GTEX-ZXG5-0826-SM-5GID6",55442,31341,55351008,1e+06,0.44154251289636,0.697106587265579,0.971203126958139,"GTEx_v8_Lung","KLA31_02"
"GTEX-ZY6K-0326-SM-5SIBB",55442,31217,62126035,1e+06,0.443634789509758,0.697106587265579,0.971203126958139,"GTEx_v8_Lung","KLA31_02"
"GTEX-ZYFG-0226-SM-5GIDT",55442,29918,49700710,1e+06,0.466776090328632,0.697106587265579,0.971203126958139,"GTEx_v8_Lung","KLA31_02"
"GTEX-ZYT6-0526-SM-5GIEA",55442,32214,58822137,1e+06,0.426319396847156,0.697106587265579,0.971203126958139,"GTEx_v8_Lung","KLA31_02"
"GTEX-ZYVF-1726-SM-5E443",55442,31453,54093526,1e+06,0.439540420619747,0.697106587265579,0.971203126958139,"GTEx_v8_Lung","KLA31_02"
"GTEX-ZYW4-1526-SM-5SIBA",55442,30531,60291808,1e+06,0.455917896179792,0.697106587265579,0.971203126958139,"GTEx_v8_Lung","KLA31_02"
"GTEX-ZYY3-0926-SM-5E454",55442,29989,58439042,1e+06,0.465495472746293,0.697106587265579,0.971203126958139,"GTEx_v8_Lung","KLA31_02"
"GTEX-ZZPT-1326-SM-5E43H",55442,32095,63659932,1e+06,0.427996825511345,0.697106587265579,0.971203126958139,"GTEx_v8_Lung","KLA31_02"
"GTEX-ZZPU-0526-SM-5E44U",55442,31144,62790805,1e+06,0.445023628296237,0.697106587265579,0.971203126958139,"GTEx_v8_Lung","KLA31_02"
"HCT_NC_1",58228,25159,16804669,1e+06,0.571013945181013,0.973306868784185,0.98097313890087,"HCT116_control","KLA31_14;KLA31_15;KLA31_16"
"HCT_NC_2",58228,24210,17727244,1e+06,0.58698564264615,0.973306868784185,0.98097313890087,"HCT116_control","KLA31_14;KLA31_15;KLA31_16"
"HCT_NC_3",58228,24967,17107027,1e+06,0.574088067596345,0.973306868784185,0.98097313890087,"HCT116_control","KLA31_14;KLA31_15;KLA31_16"
"GSM4802741",27400,15729,5351435,1e+06,0.430547445255474,0.954169184163859,0.964284784533332,"HepG2_DMSO24h","KLA31_18"
"GSM4802742",27400,16156,7424639,1e+06,0.41536496350365,0.954169184163859,0.964284784533332,"HepG2_DMSO24h","KLA31_18"
"GSM4802743",27400,16060,6966830,1e+06,0.418649635036496,0.954169184163859,0.964284784533332,"HepG2_DMSO24h","KLA31_18"
"GSM7708662",27400,19041,26075798,1e+06,0.311605839416058,0.993716558298389,0.994989182774536,"HK2_untreated","KLA31_27;KLA31_28"
"GSM7708663",27400,19166,28008541,1e+06,0.306934306569343,0.993716558298389,0.994989182774536,"HK2_untreated","KLA31_27;KLA31_28"
"GSM7708664",27400,19471,26618190,1e+06,0.296569343065693,0.993716558298389,0.994989182774536,"HK2_untreated","KLA31_27;KLA31_28"
"GSM6176178",27400,17702,14447457,1e+06,0.359598540145985,0.858151284261062,0.95853888142593,"HUVEC_untreated","KLA31_31"
"GSM6176183",27400,16052,8370712,1e+06,0.418029197080292,0.858151284261062,0.95853888142593,"HUVEC_untreated","KLA31_31"
"GSM6176188",27400,17233,12530705,1e+06,0.376167883211679,0.858151284261062,0.95853888142593,"HUVEC_untreated","KLA31_31"
"GSM6176193",27400,17759,16763231,1e+06,0.357700729927007,0.858151284261062,0.95853888142593,"HUVEC_untreated","KLA31_31"
"GSM4763907",27400,17812,20938118,1e+06,0.355802919708029,0.982287977511992,0.988962517659577,"MCF7_DMSO7d","KLA31_13"
"GSM4763908",27400,18137,28430650,1e+06,0.343722627737226,0.982287977511992,0.988962517659577,"MCF7_DMSO7d","KLA31_13"
"GSM4763909",27400,18597,35119541,1e+06,0.327810218978102,0.982287977511992,0.988962517659577,"MCF7_DMSO7d","KLA31_13"
"GSM4763917",27400,17064,16797166,1e+06,0.381934306569343,0.990237805558225,0.990682176795126,"MDAMB468_DMSO7d","KLA31_20"
"GSM4763918",27400,17235,19145471,1e+06,0.375912408759124,0.990237805558225,0.990682176795126,"MDAMB468_DMSO7d","KLA31_20"
"GSM4763919",27400,17951,26685675,1e+06,0.350510948905109,0.990237805558225,0.990682176795126,"MDAMB468_DMSO7d","KLA31_20"
"GSM7506018",27400,18283,35878262,1e+06,0.339379562043796,0.994506581930145,0.994672491662267,"PC3M_DMSO","KLA31_22"
"GSM7506019",27400,18495,41676580,1e+06,0.331532846715328,0.994506581930145,0.994672491662267,"PC3M_DMSO","KLA31_22"
"GSM7506020",27400,18294,34041182,1e+06,0.338759124087591,0.994506581930145,0.994672491662267,"PC3M_DMSO","KLA31_22"
"C1_count",58228,20984,15778418,1e+06,0.642113759703236,0.975610099730872,0.978972021852686,"RKO_DMSO","KLA31_24"
"C2_count",58228,21397,15480220,1e+06,0.635158343065192,0.975610099730872,0.978972021852686,"RKO_DMSO","KLA31_24"
"C3_count",58228,21196,15343614,1e+06,0.638490073504156,0.975610099730872,0.978972021852686,"RKO_DMSO","KLA31_24"
"GSM1602978",27400,19021,4519941,1e+06,0.314963503649635,0.600508882865397,0.783183914883118,"sperm_GroupI","KLA31_07"
"GSM1602981",27400,20169,3249842,1e+06,0.274160583941606,0.600508882865397,0.783183914883118,"sperm_GroupI","KLA31_07"
"GSM1602982",27400,18431,2051927,1e+06,0.336021897810219,0.600508882865397,0.783183914883118,"sperm_GroupI","KLA31_07"
"GSM1602983",27400,17466,6163307,1e+06,0.371313868613139,0.600508882865397,0.783183914883118,"sperm_GroupI","KLA31_07"
"TCGA-IG-A6QS-01A",60386,35452,71086558,1e+06,0.414996853575332,0.58332818118802,0.920396173660946,"TCGA_ESCA_ESCC","KLA31_10"
"TCGA-LN-A9FQ-01A",60386,38887,80652514,1e+06,0.358377769681714,0.58332818118802,0.920396173660946,"TCGA_ESCA_ESCC","KLA31_10"
"TCGA-VR-AA7B-01A",60386,41695,96599281,1e+06,0.312042526413407,0.58332818118802,0.920396173660946,"TCGA_ESCA_ESCC","KLA31_10"
"TCGA-JY-A6FE-01A",60386,39214,67340421,1e+06,0.352846686318021,0.58332818118802,0.920396173660946,"TCGA_ESCA_ESCC","KLA31_10"
"TCGA-IG-A5S3-01A",60386,41570,66732231,1e+06,0.314046302123009,0.58332818118802,0.920396173660946,"TCGA_ESCA_ESCC","KLA31_10"
"TCGA-LN-A4A1-01A",60386,38212,76761381,1e+06,0.369390256019607,0.58332818118802,0.920396173660946,"TCGA_ESCA_ESCC","KLA31_10"
"TCGA-JY-A6FG-01A",60386,34176,79318496,1e+06,0.436011658331401,0.58332818118802,0.920396173660946,"TCGA_ESCA_ESCC","KLA31_10"
"TCGA-LN-A7HV-01A",60386,37262,63951803,1e+06,0.38507269896996,0.58332818118802,0.920396173660946,"TCGA_ESCA_ESCC","KLA31_10"
"TCGA-S8-A6BW-01A",60386,38141,99489290,1e+06,0.370847547444772,0.58332818118802,0.920396173660946,"TCGA_ESCA_ESCC","KLA31_10"
"TCGA-Z6-A8JD-01A",60386,42191,89438585,1e+06,0.303828702017024,0.58332818118802,0.920396173660946,"TCGA_ESCA_ESCC","KLA31_10"
"TCGA-LN-A49U-01A",60386,38901,81866361,1e+06,0.358129367734243,0.58332818118802,0.920396173660946,"TCGA_ESCA_ESCC","KLA31_10"
"TCGA-LN-A8HZ-01A",60386,38086,82955674,1e+06,0.371543072897692,0.58332818118802,0.920396173660946,"TCGA_ESCA_ESCC","KLA31_10"
"TCGA-LN-A49N-01A",60386,42964,128976440,1e+06,0.291193322955652,0.58332818118802,0.920396173660946,"TCGA_ESCA_ESCC","KLA31_10"
"TCGA-VR-A8EU-01A",60386,36655,71827655,1e+06,0.395091577517968,0.58332818118802,0.920396173660946,"TCGA_ESCA_ESCC","KLA31_10"
"TCGA-LN-A4A4-01A",60386,41505,79188675,1e+06,0.315073030172557,0.58332818118802,0.920396173660946,"TCGA_ESCA_ESCC","KLA31_10"
"TCGA-VR-A8EP-01A",60386,46708,81296616,1e+06,0.229076275958004,0.58332818118802,0.920396173660946,"TCGA_ESCA_ESCC","KLA31_10"
"TCGA-VR-A8ER-01A",60386,36372,63703320,1e+06,0.399744974000596,0.58332818118802,0.920396173660946,"TCGA_ESCA_ESCC","KLA31_10"
"TCGA-VR-AA7D-01A",60386,36013,99653706,1e+06,0.405673500480244,0.58332818118802,0.920396173660946,"TCGA_ESCA_ESCC","KLA31_10"
"TCGA-VR-A8EO-01A",60386,44126,61504548,1e+06,0.271735170403736,0.58332818118802,0.920396173660946,"TCGA_ESCA_ESCC","KLA31_10"
"TCGA-LN-A4A2-01A",60386,43570,104777347,1e+06,0.280975722849667,0.58332818118802,0.920396173660946,"TCGA_ESCA_ESCC","KLA31_10"
"TCGA-LN-A7HZ-01A",60386,37618,63140534,1e+06,0.379226973139469,0.58332818118802,0.920396173660946,"TCGA_ESCA_ESCC","KLA31_10"
"TCGA-LN-A7HW-01A",60386,36813,72840956,1e+06,0.392475077004604,0.58332818118802,0.920396173660946,"TCGA_ESCA_ESCC","KLA31_10"
"TCGA-LN-A49Y-01A",60386,40343,53689934,1e+06,0.334067499089193,0.58332818118802,0.920396173660946,"TCGA_ESCA_ESCC","KLA31_10"
"TCGA-IG-A3YC-01A",60386,40486,74764988,1e+06,0.331997482860266,0.58332818118802,0.920396173660946,"TCGA_ESCA_ESCC","KLA31_10"
"TCGA-V5-AASV-01A",60386,39972,64661413,1e+06,0.340360348425132,0.58332818118802,0.920396173660946,"TCGA_ESCA_ESCC","KLA31_10"
"TCGA-JY-A6FD-01A",60386,36647,73808039,1e+06,0.39524061868645,0.58332818118802,0.920396173660946,"TCGA_ESCA_ESCC","KLA31_10"
"TCGA-LN-A49K-01A",60386,42400,95372147,1e+06,0.300549796310403,0.58332818118802,0.920396173660946,"TCGA_ESCA_ESCC","KLA31_10"
"TCGA-LN-A8I1-01A",60386,40343,58798745,1e+06,0.334183419998013,0.58332818118802,0.920396173660946,"TCGA_ESCA_ESCC","KLA31_10"
"TCGA-Q9-A6FU-01A",60386,40410,126796230,1e+06,0.333239492597622,0.58332818118802,0.920396173660946,"TCGA_ESCA_ESCC","KLA31_10"
"TCGA-LN-A4A3-01A",60386,39498,63906400,1e+06,0.348176729705561,0.58332818118802,0.920396173660946,"TCGA_ESCA_ESCC","KLA31_10"
"TCGA-LN-A4A5-01A",60386,40301,79900258,1e+06,0.334895505580764,0.58332818118802,0.920396173660946,"TCGA_ESCA_ESCC","KLA31_10"
"TCGA-IG-A97H-01A",60386,38214,66477757,1e+06,0.369473056668764,0.58332818118802,0.920396173660946,"TCGA_ESCA_ESCC","KLA31_10"
"TCGA-IG-A3I8-01A",60386,39391,85186838,1e+06,0.349981783857185,0.58332818118802,0.920396173660946,"TCGA_ESCA_ESCC","KLA31_10"
"TCGA-IG-A4P3-01A",60386,51678,71517439,1e+06,0.147037392773159,0.58332818118802,0.920396173660946,"TCGA_ESCA_ESCC","KLA31_10"
"TCGA-LN-A4A6-01A",60386,39536,118702013,1e+06,0.347713046070281,0.58332818118802,0.920396173660946,"TCGA_ESCA_ESCC","KLA31_10"
"TCGA-IG-A50L-01A",60386,47323,81519519,1e+06,0.218924916371344,0.58332818118802,0.920396173660946,"TCGA_ESCA_ESCC","KLA31_10"
"TCGA-IG-A97I-01A",60386,42521,88456955,1e+06,0.298314178783162,0.58332818118802,0.920396173660946,"TCGA_ESCA_ESCC","KLA31_10"
"TCGA-LN-A49X-01A",60386,38610,87447233,1e+06,0.362898685125691,0.58332818118802,0.920396173660946,"TCGA_ESCA_ESCC","KLA31_10"
"TCGA-L5-A8NQ-01A",60386,31487,25079493,1e+06,0.480392806279601,0.58332818118802,0.920396173660946,"TCGA_ESCA_ESCC","KLA31_10"
"TCGA-LN-A49W-01A",60386,49048,76278432,1e+06,0.190507733580631,0.58332818118802,0.920396173660946,"TCGA_ESCA_ESCC","KLA31_10"
"TCGA-Z6-AAPN-01A",60386,40097,90762837,1e+06,0.338340012585699,0.58332818118802,0.920396173660946,"TCGA_ESCA_ESCC","KLA31_10"
"TCGA-LN-A4A8-01A",60386,41624,98151827,1e+06,0.313135494982281,0.58332818118802,0.920396173660946,"TCGA_ESCA_ESCC","KLA31_10"
"TCGA-LN-A5U7-01A",60386,39423,85914756,1e+06,0.349484979962243,0.58332818118802,0.920396173660946,"TCGA_ESCA_ESCC","KLA31_10"
"TCGA-Z6-A8JE-01A",60386,48037,74308923,1e+06,0.207299705229689,0.58332818118802,0.920396173660946,"TCGA_ESCA_ESCC","KLA31_10"
"TCGA-VR-A8EX-01A",60386,38745,53133219,1e+06,0.360580266949293,0.58332818118802,0.920396173660946,"TCGA_ESCA_ESCC","KLA31_10"
"TCGA-L5-A8NK-01A",60386,43183,75496217,1e+06,0.287516974133077,0.58332818118802,0.920396173660946,"TCGA_ESCA_ESCC","KLA31_10"
"TCGA-L5-A88S-01A",60386,35750,49220264,1e+06,0.410144735534727,0.58332818118802,0.920396173660946,"TCGA_ESCA_ESCC","KLA31_10"
"TCGA-VR-A8Q7-01A",60386,53142,71796666,1e+06,0.122809922829795,0.58332818118802,0.920396173660946,"TCGA_ESCA_ESCC","KLA31_10"
"TCGA-L7-A56G-01A",60386,37818,73660773,1e+06,0.375881826913523,0.58332818118802,0.920396173660946,"TCGA_ESCA_ESCC","KLA31_10"
"TCGA-IG-A625-01A",60386,39217,80495976,1e+06,0.352863246447852,0.58332818118802,0.920396173660946,"TCGA_ESCA_ESCC","KLA31_10"
"TCGA-VR-A8EZ-01A",60386,37752,72971180,1e+06,0.377140396780711,0.58332818118802,0.920396173660946,"TCGA_ESCA_ESCC","KLA31_10"
"TCGA-VR-A8ET-01A",60386,47175,85497381,1e+06,0.221458616235551,0.58332818118802,0.920396173660946,"TCGA_ESCA_ESCC","KLA31_10"
"TCGA-VR-AA4G-01A",60386,40542,76038086,1e+06,0.330987314940549,0.58332818118802,0.920396173660946,"TCGA_ESCA_ESCC","KLA31_10"
"TCGA-LN-A49S-01A",60386,41075,86821887,1e+06,0.32235948729838,0.58332818118802,0.920396173660946,"TCGA_ESCA_ESCC","KLA31_10"
"TCGA-XP-A8T6-01A",60386,37491,67782117,1e+06,0.381346669757891,0.58332818118802,0.920396173660946,"TCGA_ESCA_ESCC","KLA31_10"
"TCGA-LN-A5U6-01A",60386,37930,99400094,1e+06,0.374192693670718,0.58332818118802,0.920396173660946,"TCGA_ESCA_ESCC","KLA31_10"
"TCGA-LN-A5U5-01A",60386,37205,75692899,1e+06,0.386049746630014,0.58332818118802,0.920396173660946,"TCGA_ESCA_ESCC","KLA31_10"
"TCGA-IG-A4QT-01A",60386,39446,70696624,1e+06,0.349070976716457,0.58332818118802,0.920396173660946,"TCGA_ESCA_ESCC","KLA31_10"
"TCGA-LN-A49L-01A",60386,42850,103698457,1e+06,0.292915576458119,0.58332818118802,0.920396173660946,"TCGA_ESCA_ESCC","KLA31_10"
"TCGA-LN-A8I0-01A",60386,41894,75423346,1e+06,0.308647699797966,0.58332818118802,0.920396173660946,"TCGA_ESCA_ESCC","KLA31_10"
"TCGA-IG-A3YA-01A",60386,41743,100663272,1e+06,0.311363561090319,0.58332818118802,0.920396173660946,"TCGA_ESCA_ESCC","KLA31_10"
"TCGA-L5-A4OM-01A",60386,40919,78362916,1e+06,0.324826946643262,0.58332818118802,0.920396173660946,"TCGA_ESCA_ESCC","KLA31_10"
"TCGA-IG-A3QL-01A",60386,36361,90836824,1e+06,0.400009936077899,0.58332818118802,0.920396173660946,"TCGA_ESCA_ESCC","KLA31_10"
"TCGA-JY-A6FA-01A",60386,37169,88962599,1e+06,0.386679031563607,0.58332818118802,0.920396173660946,"TCGA_ESCA_ESCC","KLA31_10"
"TCGA-L5-A88Z-01A",60386,39396,79851416,1e+06,0.349998343987017,0.58332818118802,0.920396173660946,"TCGA_ESCA_ESCC","KLA31_10"
"TCGA-LN-A49V-01A",60386,39786,103167769,1e+06,0.343390852184281,0.58332818118802,0.920396173660946,"TCGA_ESCA_ESCC","KLA31_10"
"TCGA-IG-A3Y9-01A",60386,40373,110916258,1e+06,0.333819097141722,0.58332818118802,0.920396173660946,"TCGA_ESCA_ESCC","KLA31_10"
"TCGA-LN-A49R-01A",60386,42056,105987011,1e+06,0.306097439803928,0.58332818118802,0.920396173660946,"TCGA_ESCA_ESCC","KLA31_10"
"TCGA-XP-A8T8-01A",60386,37282,66026874,1e+06,0.384807736892657,0.58332818118802,0.920396173660946,"TCGA_ESCA_ESCC","KLA31_10"
"TCGA-V5-A7RC-01B",60386,44233,82510263,1e+06,0.269979796641606,0.58332818118802,0.920396173660946,"TCGA_ESCA_ESCC","KLA31_10"
"TCGA-VR-AA7I-01A",60386,39620,78738661,1e+06,0.346206074255622,0.58332818118802,0.920396173660946,"TCGA_ESCA_ESCC","KLA31_10"
"TCGA-VR-A8EY-01A",60386,34372,68545570,1e+06,0.432815553273938,0.58332818118802,0.920396173660946,"TCGA_ESCA_ESCC","KLA31_10"
"TCGA-LN-A9FR-01A",60386,37137,90874660,1e+06,0.38717583545855,0.58332818118802,0.920396173660946,"TCGA_ESCA_ESCC","KLA31_10"
"TCGA-KH-A6WC-01A",60386,37509,83179621,1e+06,0.381131388070082,0.58332818118802,0.920396173660946,"TCGA_ESCA_ESCC","KLA31_10"
"TCGA-IG-A5B8-01A",60386,36717,75406863,1e+06,0.394031729208757,0.58332818118802,0.920396173660946,"TCGA_ESCA_ESCC","KLA31_10"
"TCGA-LN-A9FP-01A",60386,38625,78161660,1e+06,0.362799324346703,0.58332818118802,0.920396173660946,"TCGA_ESCA_ESCC","KLA31_10"
"TCGA-LN-A49O-01A",60386,36002,83367984,1e+06,0.405888782168052,0.58332818118802,0.920396173660946,"TCGA_ESCA_ESCC","KLA31_10"
"TCGA-LN-A4MQ-01A",60386,40087,69753322,1e+06,0.338571854403339,0.58332818118802,0.920396173660946,"TCGA_ESCA_ESCC","KLA31_10"
"TCGA-IG-A51D-01A",60386,36495,80812980,1e+06,0.397724638161163,0.58332818118802,0.920396173660946,"TCGA_ESCA_ESCC","KLA31_10"
"TCGA-L5-A88W-01A",60386,33998,89590341,1e+06,0.439042162090551,0.58332818118802,0.920396173660946,"TCGA_ESCA_ESCC","KLA31_10"
"TCGA-L5-A43H-01A",60386,41952,90716636,1e+06,0.30775345278707,0.58332818118802,0.920396173660946,"TCGA_ESCA_ESCC","KLA31_10"
"TCGA-IC-A6RF-01A",60386,36604,83707848,1e+06,0.396068625178021,0.58332818118802,0.920396173660946,"TCGA_ESCA_ESCC","KLA31_10"
"TCGA-LN-A7HX-01A",60386,35766,81176469,1e+06,0.409730732288941,0.58332818118802,0.920396173660946,"TCGA_ESCA_ESCC","KLA31_10"
"TCGA-IG-A3YB-01A",60386,38751,73815268,1e+06,0.36066306759845,0.58332818118802,0.920396173660946,"TCGA_ESCA_ESCC","KLA31_10"
"TCGA-LN-A49M-01A",60386,38481,88513320,1e+06,0.364935581094956,0.58332818118802,0.920396173660946,"TCGA_ESCA_ESCC","KLA31_10"
"TCGA-Z6-A9VB-01A",60386,41771,74008403,1e+06,0.310717716026894,0.58332818118802,0.920396173660946,"TCGA_ESCA_ESCC","KLA31_10"
"TCGA-L5-A43J-01A",60386,38163,86492216,1e+06,0.370234822641009,0.58332818118802,0.920396173660946,"TCGA_ESCA_ESCC","KLA31_10"
"TCGA-VR-A8EW-01A",60386,35851,77272896,1e+06,0.408455602291922,0.58332818118802,0.920396173660946,"TCGA_ESCA_ESCC","KLA31_10"
"TCGA-LN-A7HY-01A",60386,38852,60439921,1e+06,0.358824893187163,0.58332818118802,0.920396173660946,"TCGA_ESCA_ESCC","KLA31_10"
"TCGA-LN-A49P-01A",60386,40430,79008679,1e+06,0.332908290000994,0.58332818118802,0.920396173660946,"TCGA_ESCA_ESCC","KLA31_10"
"TCGA-IG-A8O2-01A",60386,37629,78461839,1e+06,0.379226973139469,0.58332818118802,0.920396173660946,"TCGA_ESCA_ESCC","KLA31_10"
"TCGA-JY-A93F-01A",60386,35689,68405168,1e+06,0.410939621766635,0.58332818118802,0.920396173660946,"TCGA_ESCA_ESCC","KLA31_10"
"TCGA-LN-A9FO-01A",60386,55681,51901985,1e+06,0.0809127943563078,0.58332818118802,0.920396173660946,"TCGA_ESCA_ESCC","KLA31_10"
"TCGA-LN-A4A9-01A",60386,41123,58410860,1e+06,0.321382439638327,0.58332818118802,0.920396173660946,"TCGA_ESCA_ESCC","KLA31_10"
"TCGA-LN-A4MR-01A",60386,41553,88426087,1e+06,0.314394064849468,0.58332818118802,0.920396173660946,"TCGA_ESCA_ESCC","KLA31_10"
"TCGA-BC-A110-11A",60386,26022,51916791,1e+06,0.57066207399066,0.757658138645683,0.957883569767112,"TCGA_LIHC_normal","KLA31_09"
"TCGA-FV-A3I1-11A",60386,27207,50479123,1e+06,0.55103832014043,0.757658138645683,0.957883569767112,"TCGA_LIHC_normal","KLA31_09"
"TCGA-DD-A3A6-11A",60386,21616,42966539,1e+06,0.643112642003113,0.757658138645683,0.957883569767112,"TCGA_LIHC_normal","KLA31_09"
"TCGA-DD-A39W-11A",60386,25743,63711910,1e+06,0.575199549564469,0.757658138645683,0.957883569767112,"TCGA_LIHC_normal","KLA31_09"
"TCGA-BC-A216-11A",60386,27456,58521351,1e+06,0.546964528201901,0.757658138645683,0.957883569767112,"TCGA_LIHC_normal","KLA31_09"
"TCGA-DD-A3A3-11A",60386,24500,40285094,1e+06,0.595667870036101,0.757658138645683,0.957883569767112,"TCGA_LIHC_normal","KLA31_09"
"TCGA-BC-A10Y-11A",60386,28297,53679534,1e+06,0.53305401914351,0.757658138645683,0.957883569767112,"TCGA_LIHC_normal","KLA31_09"
"TCGA-DD-A118-11A",60386,24238,35811231,1e+06,0.60008942470109,0.757658138645683,0.957883569767112,"TCGA_LIHC_normal","KLA31_09"
"TCGA-ES-A2HT-11A",60386,27734,59978826,1e+06,0.54239393236843,0.757658138645683,0.957883569767112,"TCGA_LIHC_normal","KLA31_09"
"TCGA-FV-A3R2-11A",60386,27246,49872325,1e+06,0.550409035206836,0.757658138645683,0.957883569767112,"TCGA_LIHC_normal","KLA31_09"
"TCGA-EP-A26S-11A",60386,25239,67357342,1e+06,0.58351273473984,0.757658138645683,0.957883569767112,"TCGA_LIHC_normal","KLA31_09"
"TCGA-BD-A3EP-11A",60386,25827,45637684,1e+06,0.573791938528798,0.757658138645683,0.957883569767112,"TCGA_LIHC_normal","KLA31_09"
"TCGA-DD-A1EC-11A",60386,27379,52360289,1e+06,0.548256218328752,0.757658138645683,0.957883569767112,"TCGA_LIHC_normal","KLA31_09"
"TCGA-FV-A23B-11A",60386,29525,61577055,1e+06,0.512900341138675,0.757658138645683,0.957883569767112,"TCGA_LIHC_normal","KLA31_09"
"TCGA-DD-A39X-11A",60386,26122,67418983,1e+06,0.56902262113735,0.757658138645683,0.957883569767112,"TCGA_LIHC_normal","KLA31_09"
"TCGA-DD-A11A-11A",60386,26987,69350719,1e+06,0.554797469612162,0.757658138645683,0.957883569767112,"TCGA_LIHC_normal","KLA31_09"
"TCGA-BC-A10Q-11A",60386,27766,49738883,1e+06,0.541748087305004,0.757658138645683,0.957883569767112,"TCGA_LIHC_normal","KLA31_09"
"TCGA-BC-A10Z-11A",60386,28372,54137360,1e+06,0.531745768886828,0.757658138645683,0.957883569767112,"TCGA_LIHC_normal","KLA31_09"
"TCGA-BC-A10T-11A",60386,24380,45390414,1e+06,0.597787566654523,0.757658138645683,0.957883569767112,"TCGA_LIHC_normal","KLA31_09"
"TCGA-FV-A2QR-11A",60386,27933,50607265,1e+06,0.539115026661809,0.757658138645683,0.957883569767112,"TCGA_LIHC_normal","KLA31_09"
"TCGA-DD-A39V-11A",60386,25256,50816364,1e+06,0.583330573311695,0.757658138645683,0.957883569767112,"TCGA_LIHC_normal","KLA31_09"
"TCGA-G3-A3CH-11A",60386,25967,51353901,1e+06,0.571523200741894,0.757658138645683,0.957883569767112,"TCGA_LIHC_normal","KLA31_09"
"TCGA-DD-A1EJ-11A",60386,29149,76723364,1e+06,0.519077269565793,0.757658138645683,0.957883569767112,"TCGA_LIHC_normal","KLA31_09"
"TCGA-BC-A10X-11A",60386,28218,76603780,1e+06,0.534445070049349,0.757658138645683,0.957883569767112,"TCGA_LIHC_normal","KLA31_09"
"TCGA-DD-A1EG-11A",60386,26606,51761149,1e+06,0.560957837909449,0.757658138645683,0.957883569767112,"TCGA_LIHC_normal","KLA31_09"
"TCGA-DD-A116-11A",60386,28039,63786173,1e+06,0.537293412380353,0.757658138645683,0.957883569767112,"TCGA_LIHC_normal","KLA31_09"
"TCGA-DD-A1EE-11A",60386,25356,35430695,1e+06,0.581542079289902,0.757658138645683,0.957883569767112,"TCGA_LIHC_normal","KLA31_09"
"TCGA-DD-A3A1-11A",60386,26904,40795640,1e+06,0.555923558440698,0.757658138645683,0.957883569767112,"TCGA_LIHC_normal","KLA31_09"
"TCGA-DD-A113-11A",60386,25330,46646366,1e+06,0.582055443314676,0.757658138645683,0.957883569767112,"TCGA_LIHC_normal","KLA31_09"
"TCGA-DD-A3A5-11A",60386,24494,48951500,1e+06,0.595833471334415,0.757658138645683,0.957883569767112,"TCGA_LIHC_normal","KLA31_09"
"TCGA-DD-A1EH-11A",60386,26239,59617712,1e+06,0.567002285297917,0.757658138645683,0.957883569767112,"TCGA_LIHC_normal","KLA31_09"
"TCGA-DD-A119-11A",60386,24775,54288668,1e+06,0.591196634981618,0.757658138645683,0.957883569767112,"TCGA_LIHC_normal","KLA31_09"
"TCGA-DD-A3A8-11A",60386,23351,47278876,1e+06,0.614629218693075,0.757658138645683,0.957883569767112,"TCGA_LIHC_normal","KLA31_09"
"TCGA-FV-A3I0-11A",60386,24269,53006733,1e+06,0.59939389924817,0.757658138645683,0.957883569767112,"TCGA_LIHC_normal","KLA31_09"
"TCGA-EP-A12J-11A",60386,24235,33911288,1e+06,0.600056304441427,0.757658138645683,0.957883569767112,"TCGA_LIHC_normal","KLA31_09"
"TCGA-DD-A3A4-11A",60386,27637,52568259,1e+06,0.543884344053257,0.757658138645683,0.957883569767112,"TCGA_LIHC_normal","KLA31_09"
"TCGA-EP-A3RK-11A",60386,25556,52610494,1e+06,0.57824661345345,0.757658138645683,0.957883569767112,"TCGA_LIHC_normal","KLA31_09"
"TCGA-DD-A114-11A",60386,29059,61525193,1e+06,0.52055112112079,0.757658138645683,0.957883569767112,"TCGA_LIHC_normal","KLA31_09"
"TCGA-DD-A1EB-11A",60386,27439,64447455,1e+06,0.547179809889709,0.757658138645683,0.957883569767112,"TCGA_LIHC_normal","KLA31_09"
"TCGA-DD-A1EL-11A",60386,28985,75130327,1e+06,0.521859371377472,0.757658138645683,0.957883569767112,"TCGA_LIHC_normal","KLA31_09"
"TCGA-BC-A10W-11A",60386,28281,54030706,1e+06,0.533385221740138,0.757658138645683,0.957883569767112,"TCGA_LIHC_normal","KLA31_09"
"TCGA-DD-A11D-11A",60386,26848,49880705,1e+06,0.556983406749909,0.757658138645683,0.957883569767112,"TCGA_LIHC_normal","KLA31_09"
"TCGA-BC-A10R-11A",60386,27183,63572670,1e+06,0.55150200377571,0.757658138645683,0.957883569767112,"TCGA_LIHC_normal","KLA31_09"
"TCGA-DD-A3A2-11A",60386,26349,62650909,1e+06,0.565346272314775,0.757658138645683,0.957883569767112,"TCGA_LIHC_normal","KLA31_09"
"TCGA-DD-A1EI-11A",60386,27045,68439345,1e+06,0.553770741562614,0.757658138645683,0.957883569767112,"TCGA_LIHC_normal","KLA31_09"
"TCGA-DD-A39Z-11A",60386,26406,55240409,1e+06,0.564253303745901,0.757658138645683,0.957883569767112,"TCGA_LIHC_normal","KLA31_09"
"TCGA-DD-A11C-11A",60386,23882,24993736,1e+06,0.605786109363097,0.757658138645683,0.957883569767112,"TCGA_LIHC_normal","KLA31_09"
"TCGA-BC-A10U-11A",60386,26890,56309160,1e+06,0.556221640777664,0.757658138645683,0.957883569767112,"TCGA_LIHC_normal","KLA31_09"
"TCGA-BD-A2L6-11A",60386,30032,59745855,1e+06,0.504355314145663,0.757658138645683,0.957883569767112,"TCGA_LIHC_normal","KLA31_09"
"TCGA-DD-A11B-11A",60386,24568,35184064,1e+06,0.594574901467227,0.757658138645683,0.957883569767112,"TCGA_LIHC_normal","KLA31_09"
"TCGA-ES-A2HS-01A",60386,24380,47055197,1e+06,0.597655085615871,0.440611185763537,0.949254305602356,"TCGA_LIHC_primary","KLA31_12"
"TCGA-DD-A4NV-01A",60386,31129,56195005,1e+06,0.486387573278575,0.440611185763537,0.949254305602356,"TCGA_LIHC_primary","KLA31_12"
"TCGA-DD-A3A6-01A",60386,25699,40071597,1e+06,0.575944755406882,0.440611185763537,0.949254305602356,"TCGA_LIHC_primary","KLA31_12"
"TCGA-FV-A3I1-01A",60386,29370,50271900,1e+06,0.515367800483556,0.440611185763537,0.949254305602356,"TCGA_LIHC_primary","KLA31_12"
"TCGA-2Y-A9HA-01A",60386,32522,62335520,1e+06,0.463385552942735,0.440611185763537,0.949254305602356,"TCGA_LIHC_primary","KLA31_12"
"TCGA-DD-AAVZ-01A",60386,27795,42350047,1e+06,0.541383764448713,0.440611185763537,0.949254305602356,"TCGA_LIHC_primary","KLA31_12"
"TCGA-BD-A3ER-01A",60386,27775,47430781,1e+06,0.541731527175173,0.440611185763537,0.949254305602356,"TCGA_LIHC_primary","KLA31_12"
"TCGA-BC-A110-01A",60386,25260,29257273,1e+06,0.583198092273043,0.440611185763537,0.949254305602356,"TCGA_LIHC_primary","KLA31_12"
"TCGA-T1-A6J8-01A",60386,27312,53297215,1e+06,0.549249826118637,0.440611185763537,0.949254305602356,"TCGA_LIHC_primary","KLA31_12"
"TCGA-DD-AADF-01A",60386,26286,40439698,1e+06,0.566157718676514,0.440611185763537,0.949254305602356,"TCGA_LIHC_primary","KLA31_12"
"TCGA-ZP-A9D2-01A",60386,32613,55435620,1e+06,0.461795780478919,0.440611185763537,0.949254305602356,"TCGA_LIHC_primary","KLA31_12"
"TCGA-UB-A7MA-01A",60386,31088,41731793,1e+06,0.486900937303348,0.440611185763537,0.949254305602356,"TCGA_LIHC_primary","KLA31_12"
"TCGA-ZP-A9CY-01A",60386,27694,49905634,1e+06,0.543056337561686,0.440611185763537,0.949254305602356,"TCGA_LIHC_primary","KLA31_12"
"TCGA-DD-A1EC-01A",60386,29413,65150988,1e+06,0.514556354121816,0.440611185763537,0.949254305602356,"TCGA_LIHC_primary","KLA31_12"
"TCGA-ZS-A9CD-01A",60386,27162,40656463,1e+06,0.551932567151326,0.440611185763537,0.949254305602356,"TCGA_LIHC_primary","KLA31_12"
"TCGA-UB-A7MD-01A",60386,29644,47915836,1e+06,0.510730964130759,0.440611185763537,0.949254305602356,"TCGA_LIHC_primary","KLA31_12"
"TCGA-G3-A3CK-01A",60386,28449,68685194,1e+06,0.53048719901964,0.440611185763537,0.949254305602356,"TCGA_LIHC_primary","KLA31_12"
"TCGA-DD-AADQ-01A",60386,25816,46421057,1e+06,0.573874739177955,0.440611185763537,0.949254305602356,"TCGA_LIHC_primary","KLA31_12"
"TCGA-DD-A39W-01A",60386,26335,51254022,1e+06,0.565362832444606,0.440611185763537,0.949254305602356,"TCGA_LIHC_primary","KLA31_12"
"TCGA-WQ-A9G7-01A",60386,29149,33085928,1e+06,0.519077269565793,0.440611185763537,0.949254305602356,"TCGA_LIHC_primary","KLA31_12"
"TCGA-2Y-A9H0-01A",60386,28703,48934528,1e+06,0.526347166561786,0.440611185763537,0.949254305602356,"TCGA_LIHC_primary","KLA31_12"
"TCGA-DD-AAC8-01A",60386,27653,46197267,1e+06,0.543702182625112,0.440611185763537,0.949254305602356,"TCGA_LIHC_primary","KLA31_12"
"TCGA-KR-A7K8-01A",60386,30239,41229949,1e+06,0.501076408439042,0.440611185763537,0.949254305602356,"TCGA_LIHC_primary","KLA31_12"
"TCGA-BC-A216-01A",60386,32817,55711633,1e+06,0.458483754512635,0.440611185763537,0.949254305602356,"TCGA_LIHC_primary","KLA31_12"
"TCGA-DD-AADV-01A",60386,32260,67187400,1e+06,0.467575265790084,0.440611185763537,0.949254305602356,"TCGA_LIHC_primary","KLA31_12"
"TCGA-DD-A3A3-01A",60386,24982,41953565,1e+06,0.58771900771702,0.440611185763537,0.949254305602356,"TCGA_LIHC_primary","KLA31_12"
"TCGA-2Y-A9H5-01A",60386,29015,46721097,1e+06,0.521312887093035,0.440611185763537,0.949254305602356,"TCGA_LIHC_primary","KLA31_12"
"TCGA-EP-A2KA-01A",60386,28366,56620581,1e+06,0.531977610704468,0.440611185763537,0.949254305602356,"TCGA_LIHC_primary","KLA31_12"
"TCGA-CC-A7IG-01A",60386,30401,48177899,1e+06,0.498410227536184,0.440611185763537,0.949254305602356,"TCGA_LIHC_primary","KLA31_12"
"TCGA-DD-A4NR-01A",60386,31409,50141420,1e+06,0.481717616666115,0.440611185763537,0.949254305602356,"TCGA_LIHC_primary","KLA31_12"
"TCGA-DD-A115-01A",60386,26789,40176520,1e+06,0.557977014539794,0.440611185763537,0.949254305602356,"TCGA_LIHC_primary","KLA31_12"
"TCGA-DD-AAE7-01A",60386,24560,30388538,1e+06,0.59472394263571,0.440611185763537,0.949254305602356,"TCGA_LIHC_primary","KLA31_12"
"TCGA-DD-AACW-01A",60386,26901,41713865,1e+06,0.556171960388169,0.440611185763537,0.949254305602356,"TCGA_LIHC_primary","KLA31_12"
"TCGA-ED-A8O6-01A",60386,30272,50464443,1e+06,0.500397443115954,0.440611185763537,0.949254305602356,"TCGA_LIHC_primary","KLA31_12"
"TCGA-DD-AAEK-01A",60386,25293,27002731,1e+06,0.582568807339449,0.440611185763537,0.949254305602356,"TCGA_LIHC_primary","KLA31_12"
"TCGA-CC-A3M9-01A",60386,30189,51132784,1e+06,0.501854734541119,0.440611185763537,0.949254305602356,"TCGA_LIHC_primary","KLA31_12"
"TCGA-DD-A4NG-01A",60386,28513,49205774,1e+06,0.529510151359587,0.440611185763537,0.949254305602356,"TCGA_LIHC_primary","KLA31_12"
"TCGA-DD-A3A1-01A",60386,28093,46392752,1e+06,0.536349484979962,0.440611185763537,0.949254305602356,"TCGA_LIHC_primary","KLA31_12"
"TCGA-DD-AAVV-01A",60386,28379,42386448,1e+06,0.531745768886828,0.440611185763537,0.949254305602356,"TCGA_LIHC_primary","KLA31_12"
"TCGA-DD-AADR-01A",60386,25670,39177132,1e+06,0.576342198522836,0.440611185763537,0.949254305602356,"TCGA_LIHC_primary","KLA31_12"
"TCGA-DD-AADG-01A",60386,27434,48038632,1e+06,0.547295730798529,0.440611185763537,0.949254305602356,"TCGA_LIHC_primary","KLA31_12"
"TCGA-CC-5263-01A",60386,34564,58912790,1e+06,0.429669128605968,0.440611185763537,0.949254305602356,"TCGA_LIHC_primary","KLA31_12"
"TCGA-BC-A10T-01A",60386,29557,69511694,1e+06,0.512337296724406,0.440611185763537,0.949254305602356,"TCGA_LIHC_primary","KLA31_12"
"TCGA-4R-AA8I-01A",60386,32106,41038909,1e+06,0.470092405524459,0.440611185763537,0.949254305602356,"TCGA_LIHC_primary","KLA31_12"
"TCGA-3K-AAZ8-01A",60386,26722,51365947,1e+06,0.559086543238499,0.440611185763537,0.949254305602356,"TCGA_LIHC_primary","KLA31_12"
"TCGA-UB-A7MB-01A",60386,30347,50584929,1e+06,0.499271354287418,0.440611185763537,0.949254305602356,"TCGA_LIHC_primary","KLA31_12"
"TCGA-DD-A4ND-01A",60386,32747,49576320,1e+06,0.459560162951678,0.440611185763537,0.949254305602356,"TCGA_LIHC_primary","KLA31_12"
"TCGA-EP-A26S-01A",60386,28662,65564914,1e+06,0.527042692014705,0.440611185763537,0.949254305602356,"TCGA_LIHC_primary","KLA31_12"
"TCGA-DD-AADU-01A",60386,26108,43961124,1e+06,0.569204782565495,0.440611185763537,0.949254305602356,"TCGA_LIHC_primary","KLA31_12"
"TCGA-ED-A4XI-01A",60386,28923,51944088,1e+06,0.522621137349717,0.440611185763537,0.949254305602356,"TCGA_LIHC_primary","KLA31_12"
"TCGA-CC-A123-01A",60386,22707,42316212,1e+06,0.625260822044845,0.440611185763537,0.949254305602356,"TCGA_LIHC_primary","KLA31_12"
"TCGA-RC-A6M3-01A",60386,30596,48342921,1e+06,0.495164442089226,0.440611185763537,0.949254305602356,"TCGA_LIHC_primary","KLA31_12"
"TCGA-DD-AACP-01A",60386,28394,38326046,1e+06,0.531431126420031,0.440611185763537,0.949254305602356,"TCGA_LIHC_primary","KLA31_12"
"TCGA-CC-5261-01A",60386,30323,34315359,1e+06,0.499619117013877,0.440611185763537,0.949254305602356,"TCGA_LIHC_primary","KLA31_12"
"TCGA-DD-A39X-01A",60386,26563,54753641,1e+06,0.5616699234922,0.440611185763537,0.949254305602356,"TCGA_LIHC_primary","KLA31_12"
"TCGA-DD-AAD5-01A",60386,30535,48784346,1e+06,0.496075249229954,0.440611185763537,0.949254305602356,"TCGA_LIHC_primary","KLA31_12"
"TCGA-DD-AADN-01A",60386,23325,26155624,1e+06,0.614877620640546,0.440611185763537,0.949254305602356,"TCGA_LIHC_primary","KLA31_12"
"TCGA-FV-A4ZQ-01A",60386,29490,48463865,1e+06,0.513413705163449,0.440611185763537,0.949254305602356,"TCGA_LIHC_primary","KLA31_12"
"TCGA-DD-AADL-01A",60386,30197,54584300,1e+06,0.501672573112973,0.440611185763537,0.949254305602356,"TCGA_LIHC_primary","KLA31_12"
"TCGA-DD-AADS-01A",60386,22286,36739298,1e+06,0.632067035405558,0.440611185763537,0.949254305602356,"TCGA_LIHC_primary","KLA31_12"
"TCGA-DD-AACA-01A",60386,28502,56754784,1e+06,0.529791673566721,0.440611185763537,0.949254305602356,"TCGA_LIHC_primary","KLA31_12"
"TCGA-XR-A8TE-01A",60386,27890,50125144,1e+06,0.539727751465572,0.440611185763537,0.949254305602356,"TCGA_LIHC_primary","KLA31_12"
"TCGA-CC-A8HT-01A",60386,32412,42464743,1e+06,0.465041565925877,0.440611185763537,0.949254305602356,"TCGA_LIHC_primary","KLA31_12"
"TCGA-DD-AACO-01A",60386,24030,26735677,1e+06,0.60336833040771,0.440611185763537,0.949254305602356,"TCGA_LIHC_primary","KLA31_12"
"TCGA-FV-A23B-01A",60386,29719,64592314,1e+06,0.509505514523234,0.440611185763537,0.949254305602356,"TCGA_LIHC_primary","KLA31_12"
"TCGA-KR-A7K2-01A",60386,28255,39330851,1e+06,0.533799224985924,0.440611185763537,0.949254305602356,"TCGA_LIHC_primary","KLA31_12"
"TCGA-WX-AA47-01A",60386,25364,43235169,1e+06,0.581475838770576,0.440611185763537,0.949254305602356,"TCGA_LIHC_primary","KLA31_12"
"TCGA-5R-AAAM-01A",60386,27166,42621434,1e+06,0.551800086112675,0.440611185763537,0.949254305602356,"TCGA_LIHC_primary","KLA31_12"
"TCGA-DD-A3A9-01A",60386,25418,42970240,1e+06,0.580498791110522,0.440611185763537,0.949254305602356,"TCGA_LIHC_primary","KLA31_12"
"TCGA-2Y-A9GW-01A",60386,28307,44076044,1e+06,0.532954658364522,0.440611185763537,0.949254305602356,"TCGA_LIHC_primary","KLA31_12"
"TCGA-GJ-A9DB-01A",60386,31720,44746053,1e+06,0.476451495379724,0.440611185763537,0.949254305602356,"TCGA_LIHC_primary","KLA31_12"
"TCGA-ED-A459-01A",60386,29148,49767732,1e+06,0.519044149306131,0.440611185763537,0.949254305602356,"TCGA_LIHC_primary","KLA31_12"
"TCGA-DD-AACD-01A",60386,24629,39684731,1e+06,0.593564733547511,0.440611185763537,0.949254305602356,"TCGA_LIHC_primary","KLA31_12"
"TCGA-DD-A4NK-01A",60386,28300,43761046,1e+06,0.533120259662836,0.440611185763537,0.949254305602356,"TCGA_LIHC_primary","KLA31_12"
"TCGA-CC-A9FU-01A",60386,32253,54134269,1e+06,0.467608386049747,0.440611185763537,0.949254305602356,"TCGA_LIHC_primary","KLA31_12"
"TCGA-KR-A7K7-01A",60386,30139,49688808,1e+06,0.502649620773027,0.440611185763537,0.949254305602356,"TCGA_LIHC_primary","KLA31_12"
"TCGA-BC-A217-01A",60386,32304,53087696,1e+06,0.467012221375816,0.440611185763537,0.949254305602356,"TCGA_LIHC_primary","KLA31_12"
"TCGA-ZS-A9CF-01A",60386,29836,41575888,1e+06,0.507733580631272,0.440611185763537,0.949254305602356,"TCGA_LIHC_primary","KLA31_12"
"TCGA-ED-A7PZ-01A",60386,29944,53826498,1e+06,0.505928526479648,0.440611185763537,0.949254305602356,"TCGA_LIHC_primary","KLA31_12"
"TCGA-ED-A97K-01A",60386,32313,49456760,1e+06,0.466763819428344,0.440611185763537,0.949254305602356,"TCGA_LIHC_primary","KLA31_12"
"TCGA-DD-AADP-01A",60386,27822,46391125,1e+06,0.540771039644951,0.440611185763537,0.949254305602356,"TCGA_LIHC_primary","KLA31_12"
"TCGA-ZP-A9CV-01A",60386,26361,44350284,1e+06,0.565015069718147,0.440611185763537,0.949254305602356,"TCGA_LIHC_primary","KLA31_12"
"TCGA-DD-AADI-01A",60386,26131,38059054,1e+06,0.568857019839036,0.440611185763537,0.949254305602356,"TCGA_LIHC_primary","KLA31_12"
"TCGA-EP-A3JL-01A",60386,29419,47321250,1e+06,0.514589474381479,0.440611185763537,0.949254305602356,"TCGA_LIHC_primary","KLA31_12"
"TCGA-RC-A7SK-01A",60386,29415,49887624,1e+06,0.514622594641142,0.440611185763537,0.949254305602356,"TCGA_LIHC_primary","KLA31_12"
"TCGA-NI-A4U2-01A",60386,30248,119700927,1e+06,0.500910807140728,0.440611185763537,0.949254305602356,"TCGA_LIHC_primary","KLA31_12"
"TCGA-CC-A7II-01A",60386,33454,50577061,1e+06,0.447852151160865,0.440611185763537,0.949254305602356,"TCGA_LIHC_primary","KLA31_12"
"TCGA-2Y-A9H3-01A",60386,25682,31302619,1e+06,0.576275958003511,0.440611185763537,0.949254305602356,"TCGA_LIHC_primary","KLA31_12"
"TCGA-G3-A25U-01A",60386,28771,53885274,1e+06,0.525254197992912,0.440611185763537,0.949254305602356,"TCGA_LIHC_primary","KLA31_12"
"TCGA-DD-AAC9-01A",60386,25139,40225600,1e+06,0.585152187593151,0.440611185763537,0.949254305602356,"TCGA_LIHC_primary","KLA31_12"
"TCGA-ED-A66X-01A",60386,30364,52506230,1e+06,0.498923591560958,0.440611185763537,0.949254305602356,"TCGA_LIHC_primary","KLA31_12"
"TCGA-BW-A5NQ-01A",60386,30482,49061115,1e+06,0.497002616500513,0.440611185763537,0.949254305602356,"TCGA_LIHC_primary","KLA31_12"
"TCGA-DD-A39V-01A",60386,25448,37860279,1e+06,0.580035107475243,0.440611185763537,0.949254305602356,"TCGA_LIHC_primary","KLA31_12"
"TCGA-CC-5260-01A",60386,27723,32203318,1e+06,0.542493293147418,0.440611185763537,0.949254305602356,"TCGA_LIHC_primary","KLA31_12"
"TCGA-BD-A3EP-01A",60386,30160,41793735,1e+06,0.502318418176399,0.440611185763537,0.949254305602356,"TCGA_LIHC_primary","KLA31_12"
"TCGA-DD-AAEG-01A",60386,28866,59073673,1e+06,0.523697545788759,0.440611185763537,0.949254305602356,"TCGA_LIHC_primary","KLA31_12"
"TCGA-DD-A73E-01A",60386,26970,42413882,1e+06,0.554946510780644,0.440611185763537,0.949254305602356,"TCGA_LIHC_primary","KLA31_12"
"TCGA-G3-A3CJ-01A",60386,24264,51467784,1e+06,0.599526380286821,0.440611185763537,0.949254305602356,"TCGA_LIHC_primary","KLA31_12"
"TCGA-DD-AADY-01A",60386,24233,29510383,1e+06,0.600006624051933,0.440611185763537,0.949254305602356,"TCGA_LIHC_primary","KLA31_12"
"TCGA-2Y-A9H9-01A",60386,29785,60403068,1e+06,0.50852846686318,0.440611185763537,0.949254305602356,"TCGA_LIHC_primary","KLA31_12"
"TCGA-MI-A75H-01A",60386,27090,40011502,1e+06,0.552992415460537,0.440611185763537,0.949254305602356,"TCGA_LIHC_primary","KLA31_12"
"TCGA-G3-AAV3-01A",60386,29040,48823058,1e+06,0.520766402808598,0.440611185763537,0.949254305602356,"TCGA_LIHC_primary","KLA31_12"
"TCGA-BC-A8YO-01A",60386,32108,53228718,1e+06,0.470175206173616,0.440611185763537,0.949254305602356,"TCGA_LIHC_primary","KLA31_12"
"TCGA-RC-A7S9-01A",60386,28845,57171010,1e+06,0.523979067995893,0.440611185763537,0.949254305602356,"TCGA_LIHC_primary","KLA31_12"
"TCGA-CC-A9FS-01A",60386,29232,49699150,1e+06,0.517603418010797,0.440611185763537,0.949254305602356,"TCGA_LIHC_primary","KLA31_12"
"TCGA-UB-A7MC-01A",60386,31811,66170641,1e+06,0.474977643824728,0.440611185763537,0.949254305602356,"TCGA_LIHC_primary","KLA31_12"
"TCGA-DD-A4NI-01A",60386,29358,66133069,1e+06,0.51564932269069,0.440611185763537,0.949254305602356,"TCGA_LIHC_primary","KLA31_12"
"TCGA-G3-A3CH-01A",60386,27703,49429665,1e+06,0.543023217302024,0.440611185763537,0.949254305602356,"TCGA_LIHC_primary","KLA31_12"
"TCGA-DD-A1EJ-01A",60386,31226,76814135,1e+06,0.484715000165601,0.440611185763537,0.949254305602356,"TCGA_LIHC_primary","KLA31_12"
"TCGA-ZP-A9D1-01A",60386,28936,44786792,1e+06,0.522521776570728,0.440611185763537,0.949254305602356,"TCGA_LIHC_primary","KLA31_12"
"TCGA-BC-A10X-01A",60386,28907,68353455,1e+06,0.523035140595502,0.440611185763537,0.949254305602356,"TCGA_LIHC_primary","KLA31_12"
"TCGA-FV-A3R3-01A",60386,27673,52990411,1e+06,0.543404100288146,0.440611185763537,0.949254305602356,"TCGA_LIHC_primary","KLA31_12"
"TCGA-WX-AA44-01A",60386,27796,30714161,1e+06,0.541450004968039,0.440611185763537,0.949254305602356,"TCGA_LIHC_primary","KLA31_12"
"TCGA-ZS-A9CG-01A",60386,27704,47669035,1e+06,0.542874176133541,0.440611185763537,0.949254305602356,"TCGA_LIHC_primary","KLA31_12"
"TCGA-DD-A73B-01A",60386,27925,56328664,1e+06,0.539313748219786,0.440611185763537,0.949254305602356,"TCGA_LIHC_primary","KLA31_12"
"TCGA-DD-AAW3-01A",60386,26060,33448263,1e+06,0.569966548537741,0.440611185763537,0.949254305602356,"TCGA_LIHC_primary","KLA31_12"
"TCGA-BC-A5W4-01A",60386,26184,38988266,1e+06,0.567946212698308,0.440611185763537,0.949254305602356,"TCGA_LIHC_primary","KLA31_12"
"TCGA-2Y-A9GY-01A",60386,29647,46883169,1e+06,0.510813764779916,0.440611185763537,0.949254305602356,"TCGA_LIHC_primary","KLA31_12"
"TCGA-BC-A3KG-01A",60386,33218,57943719,1e+06,0.45176034180108,0.440611185763537,0.949254305602356,"TCGA_LIHC_primary","KLA31_12"
"TCGA-BC-A69I-01A",60386,25344,46805235,1e+06,0.581691120458384,0.440611185763537,0.949254305602356,"TCGA_LIHC_primary","KLA31_12"
"TCGA-O8-A75V-01A",60386,27590,57769938,1e+06,0.544629549895671,0.440611185763537,0.949254305602356,"TCGA_LIHC_primary","KLA31_12"
"TCGA-BC-A69H-01A",60386,26961,44339543,1e+06,0.554963070910476,0.440611185763537,0.949254305602356,"TCGA_LIHC_primary","KLA31_12"
"TCGA-DD-AACV-01A",60386,27739,35087800,1e+06,0.542145530420958,0.440611185763537,0.949254305602356,"TCGA_LIHC_primary","KLA31_12"
"TCGA-FV-A3R2-01A",60386,27819,54094601,1e+06,0.540986321332759,0.440611185763537,0.949254305602356,"TCGA_LIHC_primary","KLA31_12"
"TCGA-G3-A3CG-01A",60386,26367,39782871,1e+06,0.564849468419832,0.440611185763537,0.949254305602356,"TCGA_LIHC_primary","KLA31_12"
"TCGA-DD-AACU-01A",60386,28295,44030337,1e+06,0.533103699533004,0.440611185763537,0.949254305602356,"TCGA_LIHC_primary","KLA31_12"
"TCGA-G3-AAV5-01A",60386,28568,58065172,1e+06,0.528566223959196,0.440611185763537,0.949254305602356,"TCGA_LIHC_primary","KLA31_12"
"TCGA-DD-AAEA-01A",60386,25640,22749515,1e+06,0.576822442287948,0.440611185763537,0.949254305602356,"TCGA_LIHC_primary","KLA31_12"
"TCGA-DD-A1EK-01A",60386,27576,40918754,1e+06,0.544944192362468,0.440611185763537,0.949254305602356,"TCGA_LIHC_primary","KLA31_12"
"TCGA-RC-A6M6-01A",60386,30679,53369227,1e+06,0.493723710793893,0.440611185763537,0.949254305602356,"TCGA_LIHC_primary","KLA31_12"
"TCGA-UB-A7ME-01A",60386,30941,52428489,1e+06,0.489467757427218,0.440611185763537,0.949254305602356,"TCGA_LIHC_primary","KLA31_12"
"TCGA-2Y-A9H6-01A",60386,29671,43757804,1e+06,0.510482562183287,0.440611185763537,0.949254305602356,"TCGA_LIHC_primary","KLA31_12"
"TCGA-DD-AACI-01A",60386,23471,23692068,1e+06,0.612675123372967,0.440611185763537,0.949254305602356,"TCGA_LIHC_primary","KLA31_12"
"TCGA-CC-A7IF-01A",60386,29830,47109231,1e+06,0.507915742059418,0.440611185763537,0.949254305602356,"TCGA_LIHC_primary","KLA31_12"
"TCGA-DD-A3A5-01A",60386,25890,42284499,1e+06,0.572848011128407,0.440611185763537,0.949254305602356,"TCGA_LIHC_primary","KLA31_12"
"TCGA-FV-A2QR-01A",60386,27541,46543313,1e+06,0.545556917166231,0.440611185763537,0.949254305602356,"TCGA_LIHC_primary","KLA31_12"
"TCGA-DD-AACC-01A",60386,26495,37518285,1e+06,0.562829132580399,0.440611185763537,0.949254305602356,"TCGA_LIHC_primary","KLA31_12"
"TCGA-CC-A7IH-01A",60386,30148,55595209,1e+06,0.50256682012387,0.440611185763537,0.949254305602356,"TCGA_LIHC_primary","KLA31_12"
"TCGA-EP-A3RK-01A",60386,28931,49090829,1e+06,0.522670817739211,0.440611185763537,0.949254305602356,"TCGA_LIHC_primary","KLA31_12"
"TCGA-DD-A73G-01A",60386,26411,47056414,1e+06,0.564071142317756,0.440611185763537,0.949254305602356,"TCGA_LIHC_primary","KLA31_12"
"TCGA-XR-A8TD-01A",60386,29851,41583528,1e+06,0.507435498294307,0.440611185763537,0.949254305602356,"TCGA_LIHC_primary","KLA31_12"
"TCGA-DD-AACF-01A",60386,26131,48454444,1e+06,0.568774219189878,0.440611185763537,0.949254305602356,"TCGA_LIHC_primary","KLA31_12"
"TCGA-DD-AADB-01A",60386,28851,47336147,1e+06,0.523979067995893,0.440611185763537,0.949254305602356,"TCGA_LIHC_primary","KLA31_12"
"TCGA-KR-A7K0-01A",60386,30068,46581763,1e+06,0.503891630510383,0.440611185763537,0.949254305602356,"TCGA_LIHC_primary","KLA31_12"
"TCGA-DD-AAE2-01A",60386,30229,58730195,1e+06,0.501275129997019,0.440611185763537,0.949254305602356,"TCGA_LIHC_primary","KLA31_12"
"TCGA-DD-A11A-01A",60386,29192,59369671,1e+06,0.518183022554897,0.440611185763537,0.949254305602356,"TCGA_LIHC_primary","KLA31_12"
"TCGA-BC-A10Y-01A",60386,31204,58716336,1e+06,0.48504620276223,0.440611185763537,0.949254305602356,"TCGA_LIHC_primary","KLA31_12"
"TCGA-NI-A8LF-01A",60386,30252,56927845,1e+06,0.500794886231908,0.440611185763537,0.949254305602356,"TCGA_LIHC_primary","KLA31_12"
"TCGA-DD-A3A7-01A",60386,23668,32310678,1e+06,0.609313417017189,0.440611185763537,0.949254305602356,"TCGA_LIHC_primary","KLA31_12"
"TCGA-BC-4072-01B",60386,32899,74352973,1e+06,0.457175504255953,0.440611185763537,0.949254305602356,"TCGA_LIHC_primary","KLA31_12"
"TCGA-RC-A7SF-01A",60386,28170,42664273,1e+06,0.5351571556321,0.440611185763537,0.949254305602356,"TCGA_LIHC_primary","KLA31_12"
"TCGA-CC-5259-01A",60386,23531,30069448,1e+06,0.611598714933925,0.440611185763537,0.949254305602356,"TCGA_LIHC_primary","KLA31_12"
"TCGA-DD-AACS-01A",60386,25977,31958745,1e+06,0.571175438015434,0.440611185763537,0.949254305602356,"TCGA_LIHC_primary","KLA31_12"
"TCGA-DD-A4NO-01A",60386,28666,51556121,1e+06,0.526877090716391,0.440611185763537,0.949254305602356,"TCGA_LIHC_primary","KLA31_12"
"TCGA-CC-A5UC-01A",60386,26527,36378735,1e+06,0.5622495280363,0.440611185763537,0.949254305602356,"TCGA_LIHC_primary","KLA31_12"
"TCGA-G3-A6UC-01A",60386,29253,50508762,1e+06,0.517123174245686,0.440611185763537,0.949254305602356,"TCGA_LIHC_primary","KLA31_12"
"TCGA-UB-A7MF-01A",60386,30275,64644636,1e+06,0.500546484284437,0.440611185763537,0.949254305602356,"TCGA_LIHC_primary","KLA31_12"
"TCGA-DD-A4NJ-01A",60386,29633,30608420,1e+06,0.511012486337893,0.440611185763537,0.949254305602356,"TCGA_LIHC_primary","KLA31_12"
"TCGA-FV-A3I0-01A",60386,29722,45968200,1e+06,0.509505514523234,0.440611185763537,0.949254305602356,"TCGA_LIHC_primary","KLA31_12"
"TCGA-DD-AADO-01A",60386,25432,45101563,1e+06,0.580250389163051,0.440611185763537,0.949254305602356,"TCGA_LIHC_primary","KLA31_12"
"TCGA-ED-A627-01A",60386,29144,48603803,1e+06,0.519060709435962,0.440611185763537,0.949254305602356,"TCGA_LIHC_primary","KLA31_12"
"TCGA-G3-A5SL-01A",60386,27221,58997807,1e+06,0.550773358063127,0.440611185763537,0.949254305602356,"TCGA_LIHC_primary","KLA31_12"
"TCGA-DD-AACG-01A",60386,26277,35252016,1e+06,0.566190838936177,0.440611185763537,0.949254305602356,"TCGA_LIHC_primary","KLA31_12"
"TCGA-G3-AAV6-01A",60386,31285,47281180,1e+06,0.483870433544199,0.440611185763537,0.949254305602356,"TCGA_LIHC_primary","KLA31_12"
"TCGA-DD-AAE4-01A",60386,24235,35082811,1e+06,0.600056304441427,0.440611185763537,0.949254305602356,"TCGA_LIHC_primary","KLA31_12"
"TCGA-DD-A4NE-01A",60386,29419,49572507,1e+06,0.514473553472659,0.440611185763537,0.949254305602356,"TCGA_LIHC_primary","KLA31_12"
"TCGA-ED-A5KG-01A",60386,32096,41353765,1e+06,0.470357367601762,0.440611185763537,0.949254305602356,"TCGA_LIHC_primary","KLA31_12"
"TCGA-FV-A495-01A",60386,27151,41835303,1e+06,0.552015367800484,0.440611185763537,0.949254305602356,"TCGA_LIHC_primary","KLA31_12"
"TCGA-CC-A9FV-01A",60386,29595,38675429,1e+06,0.511658331401318,0.440611185763537,0.949254305602356,"TCGA_LIHC_primary","KLA31_12"
"TCGA-CC-A8HS-01A",60386,30703,44019528,1e+06,0.493276587288444,0.440611185763537,0.949254305602356,"TCGA_LIHC_primary","KLA31_12"
"TCGA-ED-A7XP-01A",60386,30574,48494237,1e+06,0.49544596429636,0.440611185763537,0.949254305602356,"TCGA_LIHC_primary","KLA31_12"
"TCGA-G3-A5SM-01A",60386,29728,68220476,1e+06,0.50957175504256,0.440611185763537,0.949254305602356,"TCGA_LIHC_primary","KLA31_12"
"TCGA-DD-AAEB-01A",60386,24534,33015132,1e+06,0.595088265492001,0.440611185763537,0.949254305602356,"TCGA_LIHC_primary","KLA31_12"
"TCGA-5R-AA1D-01A",60386,28103,47353667,1e+06,0.536233564071142,0.440611185763537,0.949254305602356,"TCGA_LIHC_primary","KLA31_12"
"TCGA-DD-AACL-01A",60386,27432,23792707,1e+06,0.547179809889709,0.440611185763537,0.949254305602356,"TCGA_LIHC_primary","KLA31_12"
"TCGA-DD-AAED-01A",60386,26340,32277928,1e+06,0.565280031795449,0.440611185763537,0.949254305602356,"TCGA_LIHC_primary","KLA31_12"
"TCGA-BC-A10S-01A",60386,27386,59924846,1e+06,0.548107177160269,0.440611185763537,0.949254305602356,"TCGA_LIHC_primary","KLA31_12"
"TCGA-ZP-A9D4-01A",60386,29723,52142076,1e+06,0.50957175504256,0.440611185763537,0.949254305602356,"TCGA_LIHC_primary","KLA31_12"
"TCGA-G3-AAV7-01A",60386,29862,43936666,1e+06,0.507319577385487,0.440611185763537,0.949254305602356,"TCGA_LIHC_primary","KLA31_12"
"TCGA-DD-AAE0-01A",60386,25579,18625278,1e+06,0.577849170337495,0.440611185763537,0.949254305602356,"TCGA_LIHC_primary","KLA31_12"
"TCGA-DD-A3A8-01A",60386,25716,49203181,1e+06,0.575630112940085,0.440611185763537,0.949254305602356,"TCGA_LIHC_primary","KLA31_12"
"TCGA-EP-A2KC-01A",60386,29432,54680867,1e+06,0.514291392044514,0.440611185763537,0.949254305602356,"TCGA_LIHC_primary","KLA31_12"
"TCGA-DD-A73C-01A",60386,28958,53813909,1e+06,0.522107773324943,0.440611185763537,0.949254305602356,"TCGA_LIHC_primary","KLA31_12"
"TCGA-5C-AAPD-01A",60386,28421,39697645,1e+06,0.530967442784751,0.440611185763537,0.949254305602356,"TCGA_LIHC_primary","KLA31_12"
"TCGA-CC-5258-01A",60386,29043,64376764,1e+06,0.520700162289272,0.440611185763537,0.949254305602356,"TCGA_LIHC_primary","KLA31_12"
"TCGA-ES-A2HT-01A",60386,24429,59699215,1e+06,0.596727718345312,0.440611185763537,0.949254305602356,"TCGA_LIHC_primary","KLA31_12"
"TCGA-G3-A7M5-01A",60386,27233,48914136,1e+06,0.55057463650515,0.440611185763537,0.949254305602356,"TCGA_LIHC_primary","KLA31_12"
"TCGA-DD-AAVQ-01A",60386,29035,53980179,1e+06,0.520932004106912,0.440611185763537,0.949254305602356,"TCGA_LIHC_primary","KLA31_12"
"TCGA-HP-A5N0-01A",60386,27548,46432747,1e+06,0.545341635478422,0.440611185763537,0.949254305602356,"TCGA_LIHC_primary","KLA31_12"
"TCGA-DD-AAVS-01A",60386,29135,53726775,1e+06,0.519342231643096,0.440611185763537,0.949254305602356,"TCGA_LIHC_primary","KLA31_12"
"TCGA-ED-A7PY-01A",60386,26567,30565105,1e+06,0.56155400258338,0.440611185763537,0.949254305602356,"TCGA_LIHC_primary","KLA31_12"
"TCGA-DD-A116-01A",60386,26717,48794318,1e+06,0.558970622329679,0.440611185763537,0.949254305602356,"TCGA_LIHC_primary","KLA31_12"
"TCGA-FV-A496-01A",60386,28782,55588028,1e+06,0.525204517603418,0.440611185763537,0.949254305602356,"TCGA_LIHC_primary","KLA31_12"
"TCGA-EP-A12J-01A",60386,27219,47773463,1e+06,0.550938959361441,0.440611185763537,0.949254305602356,"TCGA_LIHC_primary","KLA31_12"
"TCGA-DD-A113-01A",60386,29882,67508892,1e+06,0.506905574139701,0.440611185763537,0.949254305602356,"TCGA_LIHC_primary","KLA31_12"
"TCGA-CC-A7IL-01A",60386,26783,64408563,1e+06,0.558175736097771,0.440611185763537,0.949254305602356,"TCGA_LIHC_primary","KLA31_12"
"TCGA-DD-A39Y-01A",60386,27667,60878307,1e+06,0.543470340807472,0.440611185763537,0.949254305602356,"TCGA_LIHC_primary","KLA31_12"
"TCGA-DD-A4NA-01A",60386,31770,53540534,1e+06,0.475739409796973,0.440611185763537,0.949254305602356,"TCGA_LIHC_primary","KLA31_12"
"TCGA-DD-AAVX-01A",60386,24512,29109776,1e+06,0.595452588348293,0.440611185763537,0.949254305602356,"TCGA_LIHC_primary","KLA31_12"
"TCGA-DD-AACZ-01A",60386,29374,46495195,1e+06,0.515235319444904,0.440611185763537,0.949254305602356,"TCGA_LIHC_primary","KLA31_12"
"TCGA-QA-A7B7-01A",60386,33872,64051064,1e+06,0.441095618189647,0.440611185763537,0.949254305602356,"TCGA_LIHC_primary","KLA31_12"
"TCGA-RC-A6M5-01A",60386,29676,62166402,1e+06,0.510333521014805,0.440611185763537,0.949254305602356,"TCGA_LIHC_primary","KLA31_12"
"TCGA-G3-A25S-01A",60386,29638,45807372,1e+06,0.510830324909747,0.440611185763537,0.949254305602356,"TCGA_LIHC_primary","KLA31_12"
"TCGA-FV-A2QQ-01A",60386,27390,49772763,1e+06,0.547925015732123,0.440611185763537,0.949254305602356,"TCGA_LIHC_primary","KLA31_12"
"TCGA-DD-AAVY-01A",60386,24617,26234410,1e+06,0.593713774715994,0.440611185763537,0.949254305602356,"TCGA_LIHC_primary","KLA31_12"
"TCGA-2Y-A9GX-01A",60386,29803,46027829,1e+06,0.508280064915709,0.440611185763537,0.949254305602356,"TCGA_LIHC_primary","KLA31_12"
"TCGA-DD-A1EH-01A",60386,29303,63825625,1e+06,0.516477329182261,0.440611185763537,0.949254305602356,"TCGA_LIHC_primary","KLA31_12"
"TCGA-G3-AAUZ-01A",60386,25098,42370963,1e+06,0.585748352267082,0.440611185763537,0.949254305602356,"TCGA_LIHC_primary","KLA31_12"
"TCGA-CC-A7IK-01A",60386,30290,52378471,1e+06,0.500066240519326,0.440611185763537,0.949254305602356,"TCGA_LIHC_primary","KLA31_12"
"TCGA-5C-A9VH-01A",60386,29359,40073199,1e+06,0.515583082171364,0.440611185763537,0.949254305602356,"TCGA_LIHC_primary","KLA31_12"
"TCGA-DD-A1EE-01A",60386,28794,62964177,1e+06,0.524840194747127,0.440611185763537,0.949254305602356,"TCGA_LIHC_primary","KLA31_12"
"TCGA-CC-A3MA-01A",60386,30239,51008746,1e+06,0.501026728049548,0.440611185763537,0.949254305602356,"TCGA_LIHC_primary","KLA31_12"
"TCGA-BW-A5NP-01A",60386,29086,52752638,1e+06,0.520054317225847,0.440611185763537,0.949254305602356,"TCGA_LIHC_primary","KLA31_12"
"TCGA-CC-A8HV-01A",60386,30324,44217228,1e+06,0.49965223727354,0.440611185763537,0.949254305602356,"TCGA_LIHC_primary","KLA31_12"
"TCGA-DD-AA3A-01A",60386,31133,33864369,1e+06,0.486255092239923,0.440611185763537,0.949254305602356,"TCGA_LIHC_primary","KLA31_12"
"TCGA-CC-5264-01A",60386,31112,71885932,1e+06,0.48668565561554,0.440611185763537,0.949254305602356,"TCGA_LIHC_primary","KLA31_12"
"TCGA-DD-A119-01A",60386,25402,51737968,1e+06,0.580813433577319,0.440611185763537,0.949254305602356,"TCGA_LIHC_primary","KLA31_12"
"TCGA-DD-AADM-01A",60386,25184,44983095,1e+06,0.584506342529725,0.440611185763537,0.949254305602356,"TCGA_LIHC_primary","KLA31_12"
"TCGA-DD-A1EG-01A",60386,28834,60665941,1e+06,0.52417778955387,0.440611185763537,0.949254305602356,"TCGA_LIHC_primary","KLA31_12"
"TCGA-DD-AACB-01A",60386,25848,28591089,1e+06,0.573295134633856,0.440611185763537,0.949254305602356,"TCGA_LIHC_primary","KLA31_12"
"TCGA-K7-A6G5-01A",60386,25991,51181589,1e+06,0.571076077236445,0.440611185763537,0.949254305602356,"TCGA_LIHC_primary","KLA31_12"
"TCGA-G3-AAV0-01A",60386,25821,41616156,1e+06,0.573858179048124,0.440611185763537,0.949254305602356,"TCGA_LIHC_primary","KLA31_12"
"TCGA-ZS-A9CE-01A",60386,29777,65823782,1e+06,0.508743748550989,0.440611185763537,0.949254305602356,"TCGA_LIHC_primary","KLA31_12"
"TCGA-DD-A118-01A",60386,28780,69460717,1e+06,0.525138277084092,0.440611185763537,0.949254305602356,"TCGA_LIHC_primary","KLA31_12"
"TCGA-2Y-A9H4-01A",60386,26447,33999419,1e+06,0.563640578942139,0.440611185763537,0.949254305602356,"TCGA_LIHC_primary","KLA31_12"
"TCGA-DD-AAVR-01A",60386,26807,46302619,1e+06,0.557678932202828,0.440611185763537,0.949254305602356,"TCGA_LIHC_primary","KLA31_12"
"TCGA-DD-A1EA-01A",60386,28165,45273558,1e+06,0.53527307654092,0.440611185763537,0.949254305602356,"TCGA_LIHC_primary","KLA31_12"
"TCGA-BC-A10Z-01A",60386,30095,65378992,1e+06,0.503229225317126,0.440611185763537,0.949254305602356,"TCGA_LIHC_primary","KLA31_12"
"TCGA-DD-A73F-01A",60386,29584,55592633,1e+06,0.511774252310138,0.440611185763537,0.949254305602356,"TCGA_LIHC_primary","KLA31_12"
"TCGA-BC-A10Q-01A",60386,28617,48333671,1e+06,0.527671976948299,0.440611185763537,0.949254305602356,"TCGA_LIHC_primary","KLA31_12"
"TCGA-2Y-A9GS-01A",60386,30626,48544719,1e+06,0.494568277415295,0.440611185763537,0.949254305602356,"TCGA_LIHC_primary","KLA31_12"
"TCGA-BC-A112-01A",60386,29343,46067740,1e+06,0.51564932269069,0.440611185763537,0.949254305602356,"TCGA_LIHC_primary","KLA31_12"
"TCGA-DD-AACJ-01A",60386,27251,70724866,1e+06,0.550309674427848,0.440611185763537,0.949254305602356,"TCGA_LIHC_primary","KLA31_12"
"TCGA-MI-A75C-01A",60386,28380,49028172,1e+06,0.531778889146491,0.440611185763537,0.949254305602356,"TCGA_LIHC_primary","KLA31_12"
"TCGA-UB-AA0U-01A",60386,29211,47879127,1e+06,0.518000861126751,0.440611185763537,0.949254305602356,"TCGA_LIHC_primary","KLA31_12"
"TCGA-ED-A82E-01A",60386,30692,56079500,1e+06,0.493326267677939,0.440611185763537,0.949254305602356,"TCGA_LIHC_primary","KLA31_12"
"TCGA-DD-AADD-01A",60386,28017,39499654,1e+06,0.53760805484715,0.440611185763537,0.949254305602356,"TCGA_LIHC_primary","KLA31_12"
"TCGA-DD-AAE6-01A",60386,25883,44882225,1e+06,0.572947371907396,0.440611185763537,0.949254305602356,"TCGA_LIHC_primary","KLA31_12"
"TCGA-G3-A3CI-01A",60386,28028,47314247,1e+06,0.537459013678667,0.440611185763537,0.949254305602356,"TCGA_LIHC_primary","KLA31_12"
"TCGA-DD-A4NN-01A",60386,29065,52665669,1e+06,0.520385519822475,0.440611185763537,0.949254305602356,"TCGA_LIHC_primary","KLA31_12"
"TCGA-DD-A3A4-01A",60386,24351,47202745,1e+06,0.598052528731825,0.440611185763537,0.949254305602356,"TCGA_LIHC_primary","KLA31_12"
"TCGA-DD-AACE-01A",60386,25059,36359567,1e+06,0.586410757460338,0.440611185763537,0.949254305602356,"TCGA_LIHC_primary","KLA31_12"
"TCGA-DD-A4NS-01A",60386,32251,49020112,1e+06,0.467757427218229,0.440611185763537,0.949254305602356,"TCGA_LIHC_primary","KLA31_12"
"TCGA-YA-A8S7-01A",60386,31714,46494234,1e+06,0.476617096678038,0.440611185763537,0.949254305602356,"TCGA_LIHC_primary","KLA31_12"
"TCGA-DD-A73A-01A",60386,27692,42335390,1e+06,0.543039777431855,0.440611185763537,0.949254305602356,"TCGA_LIHC_primary","KLA31_12"
"TCGA-DD-A4NQ-01A",60386,30806,35778267,1e+06,0.491686814824628,0.440611185763537,0.949254305602356,"TCGA_LIHC_primary","KLA31_12"
"TCGA-2Y-A9HB-01A",60386,28572,53420017,1e+06,0.52861590434869,0.440611185763537,0.949254305602356,"TCGA_LIHC_primary","KLA31_12"
"TCGA-DD-A4NL-01A",60386,27184,43240238,1e+06,0.55138608286689,0.440611185763537,0.949254305602356,"TCGA_LIHC_primary","KLA31_12"
"TCGA-2Y-A9H2-01A",60386,31255,43865684,1e+06,0.484383797568973,0.440611185763537,0.949254305602356,"TCGA_LIHC_primary","KLA31_12"
"TCGA-2Y-A9GV-01A",60386,27979,34665044,1e+06,0.538353260689564,0.440611185763537,0.949254305602356,"TCGA_LIHC_primary","KLA31_12"
"TCGA-DD-AACK-01A",60386,33076,114329525,1e+06,0.454277481535455,0.440611185763537,0.949254305602356,"TCGA_LIHC_primary","KLA31_12"
"TCGA-UB-AA0V-01A",60386,27192,35210560,1e+06,0.551352962607227,0.440611185763537,0.949254305602356,"TCGA_LIHC_primary","KLA31_12"
"TCGA-LG-A6GG-01A",60386,28689,54176363,1e+06,0.5265127678601,0.440611185763537,0.949254305602356,"TCGA_LIHC_primary","KLA31_12"
"TCGA-DD-AACY-01A",60386,25983,51188035,1e+06,0.57124167853476,0.440611185763537,0.949254305602356,"TCGA_LIHC_primary","KLA31_12"
"TCGA-GJ-A3OU-01A",60386,28336,35550884,1e+06,0.532424734209916,0.440611185763537,0.949254305602356,"TCGA_LIHC_primary","KLA31_12"
"TCGA-BW-A5NO-01A",60386,27516,25772282,1e+06,0.545838439373365,0.440611185763537,0.949254305602356,"TCGA_LIHC_primary","KLA31_12"
"TCGA-CC-A7IJ-01A",60386,32305,53451679,1e+06,0.466979101116153,0.440611185763537,0.949254305602356,"TCGA_LIHC_primary","KLA31_12"
"TCGA-G3-AAV1-01A",60386,28498,53281325,1e+06,0.529725433047395,0.440611185763537,0.949254305602356,"TCGA_LIHC_primary","KLA31_12"
"TCGA-G3-A25V-01A",60386,28475,52485257,1e+06,0.530271917331832,0.440611185763537,0.949254305602356,"TCGA_LIHC_primary","KLA31_12"
"TCGA-LG-A9QD-01A",60386,26745,56053834,1e+06,0.558689100122545,0.440611185763537,0.949254305602356,"TCGA_LIHC_primary","KLA31_12"
"TCGA-DD-AACT-01A",60386,24875,26531611,1e+06,0.589474381479151,0.440611185763537,0.949254305602356,"TCGA_LIHC_primary","KLA31_12"
"TCGA-2Y-A9GU-01A",60386,27440,42151720,1e+06,0.547097009240552,0.440611185763537,0.949254305602356,"TCGA_LIHC_primary","KLA31_12"
"TCGA-2Y-A9H1-01A",60386,24089,38140645,1e+06,0.602374722617825,0.440611185763537,0.949254305602356,"TCGA_LIHC_primary","KLA31_12"
"TCGA-DD-A11C-01A",60386,29670,67267552,1e+06,0.510316960884973,0.440611185763537,0.949254305602356,"TCGA_LIHC_primary","KLA31_12"
"TCGA-G3-A25X-01A",60386,27092,50967639,1e+06,0.552893054681549,0.440611185763537,0.949254305602356,"TCGA_LIHC_primary","KLA31_12"
"TCGA-CC-A9FW-01A",60386,30819,58071374,1e+06,0.491438412877157,0.440611185763537,0.949254305602356,"TCGA_LIHC_primary","KLA31_12"
"TCGA-G3-A5SI-01A",60386,24918,40133343,1e+06,0.588679495247243,0.440611185763537,0.949254305602356,"TCGA_LIHC_primary","KLA31_12"
"TCGA-BC-4073-01B",60386,35101,64180760,1e+06,0.420743218626834,0.440611185763537,0.949254305602356,"TCGA_LIHC_primary","KLA31_12"
"TCGA-DD-AADJ-01A",60386,24247,32858045,1e+06,0.600006624051933,0.440611185763537,0.949254305602356,"TCGA_LIHC_primary","KLA31_12"
"TCGA-MI-A75G-01A",60386,28166,54098896,1e+06,0.535206836021594,0.440611185763537,0.949254305602356,"TCGA_LIHC_primary","KLA31_12"
"TCGA-EP-A2KB-01A",60386,27467,62699072,1e+06,0.546683005994767,0.440611185763537,0.949254305602356,"TCGA_LIHC_primary","KLA31_12"
"TCGA-DD-AAD1-01A",60386,29487,38723179,1e+06,0.513380584903786,0.440611185763537,0.949254305602356,"TCGA_LIHC_primary","KLA31_12"
"TCGA-DD-A11B-01A",60386,28057,58108874,1e+06,0.536995330043388,0.440611185763537,0.949254305602356,"TCGA_LIHC_primary","KLA31_12"
"TCGA-CC-A5UE-01A",60386,29724,45165262,1e+06,0.509621435432054,0.440611185763537,0.949254305602356,"TCGA_LIHC_primary","KLA31_12"
"TCGA-DD-AADW-01A",60386,32494,59521980,1e+06,0.463832676448183,0.440611185763537,0.949254305602356,"TCGA_LIHC_primary","KLA31_12"
"TCGA-DD-A1EF-01A",60386,27060,30013854,1e+06,0.553389858576491,0.440611185763537,0.949254305602356,"TCGA_LIHC_primary","KLA31_12"
"TCGA-ED-A66Y-01A",60386,29245,46487264,1e+06,0.517288775544,0.440611185763537,0.949254305602356,"TCGA_LIHC_primary","KLA31_12"
"TCGA-DD-A4NH-01A",60386,33701,46062743,1e+06,0.443861159871493,0.440611185763537,0.949254305602356,"TCGA_LIHC_primary","KLA31_12"
"TCGA-DD-AADC-01A",60386,29085,29549524,1e+06,0.520103997615341,0.440611185763537,0.949254305602356,"TCGA_LIHC_primary","KLA31_12"
"TCGA-DD-AACX-01A",60386,26942,47081947,1e+06,0.55536051402643,0.440611185763537,0.949254305602356,"TCGA_LIHC_primary","KLA31_12"
"TCGA-K7-A5RG-01A",60386,32123,43915567,1e+06,0.469877123836651,0.440611185763537,0.949254305602356,"TCGA_LIHC_primary","KLA31_12"
"TCGA-DD-A1EB-01A",60386,26619,51632440,1e+06,0.560659755572484,0.440611185763537,0.949254305602356,"TCGA_LIHC_primary","KLA31_12"
"TCGA-DD-AAE1-01A",60386,26505,34106212,1e+06,0.56259729076276,0.440611185763537,0.949254305602356,"TCGA_LIHC_primary","KLA31_12"
"TCGA-DD-AADA-01A",60386,27662,48967716,1e+06,0.543536581326798,0.440611185763537,0.949254305602356,"TCGA_LIHC_primary","KLA31_12"
"TCGA-G3-A7M8-01A",60386,27152,51101391,1e+06,0.552048488060146,0.440611185763537,0.949254305602356,"TCGA_LIHC_primary","KLA31_12"
"TCGA-BC-A3KF-01A",60386,30311,71401757,1e+06,0.499867518961349,0.440611185763537,0.949254305602356,"TCGA_LIHC_primary","KLA31_12"
"TCGA-ED-A7PX-01A",60386,29739,42033394,1e+06,0.509257112575763,0.440611185763537,0.949254305602356,"TCGA_LIHC_primary","KLA31_12"
"TCGA-DD-AAVP-01A",60386,24655,26474246,1e+06,0.593117610042063,0.440611185763537,0.949254305602356,"TCGA_LIHC_primary","KLA31_12"
"TCGA-WX-AA46-01A",60386,28735,64636475,1e+06,0.525900043056338,0.440611185763537,0.949254305602356,"TCGA_LIHC_primary","KLA31_12"
"TCGA-DD-AAVU-01A",60386,24776,43048512,1e+06,0.591130394462293,0.440611185763537,0.949254305602356,"TCGA_LIHC_primary","KLA31_12"
"TCGA-DD-A11D-01A",60386,24656,29619846,1e+06,0.593117610042063,0.440611185763537,0.949254305602356,"TCGA_LIHC_primary","KLA31_12"
"TCGA-XR-A8TC-01A",60386,29713,52554845,1e+06,0.509472394263571,0.440611185763537,0.949254305602356,"TCGA_LIHC_primary","KLA31_12"
"TCGA-DD-A1ED-01A",60386,28809,67562995,1e+06,0.524608352929487,0.440611185763537,0.949254305602356,"TCGA_LIHC_primary","KLA31_12"
"TCGA-BC-A10R-01A",60386,29204,65780315,1e+06,0.51821614281456,0.440611185763537,0.949254305602356,"TCGA_LIHC_primary","KLA31_12"
"TCGA-G3-A7M6-01A",60386,35461,52874493,1e+06,0.414765011757692,0.440611185763537,0.949254305602356,"TCGA_LIHC_primary","KLA31_12"
"TCGA-HP-A5MZ-01A",60386,29667,52456859,1e+06,0.510581922962276,0.440611185763537,0.949254305602356,"TCGA_LIHC_primary","KLA31_12"
"TCGA-2Y-A9GT-01A",60386,28172,40663842,1e+06,0.5351571556321,0.440611185763537,0.949254305602356,"TCGA_LIHC_primary","KLA31_12"
"TCGA-G3-A5SK-01A",60386,26774,43540184,1e+06,0.558324777266254,0.440611185763537,0.949254305602356,"TCGA_LIHC_primary","KLA31_12"
"TCGA-XR-A8TG-01A",60386,30293,51935582,1e+06,0.500082800649157,0.440611185763537,0.949254305602356,"TCGA_LIHC_primary","KLA31_12"
"TCGA-2Y-A9H8-01A",60386,29229,46259857,1e+06,0.517735899049449,0.440611185763537,0.949254305602356,"TCGA_LIHC_primary","KLA31_12"
"TCGA-DD-AAD6-01A",60386,24330,25484279,1e+06,0.598549332626768,0.440611185763537,0.949254305602356,"TCGA_LIHC_primary","KLA31_12"
"TCGA-G3-A7M7-01A",60386,26255,44194112,1e+06,0.566836683999603,0.440611185763537,0.949254305602356,"TCGA_LIHC_primary","KLA31_12"
"TCGA-MR-A8JO-01A",60386,31528,46039210,1e+06,0.47979664160567,0.440611185763537,0.949254305602356,"TCGA_LIHC_primary","KLA31_12"
"TCGA-WQ-AB4B-01A",60386,24739,32280157,1e+06,0.591726559136224,0.440611185763537,0.949254305602356,"TCGA_LIHC_primary","KLA31_12"
"TCGA-MI-A75I-01A",60386,29361,48785779,1e+06,0.515500281522207,0.440611185763537,0.949254305602356,"TCGA_LIHC_primary","KLA31_12"
"TCGA-LG-A9QC-01A",60386,27613,41626059,1e+06,0.54426522703938,0.440611185763537,0.949254305602356,"TCGA_LIHC_primary","KLA31_12"
"TCGA-DD-A114-01A",60386,27419,28362324,1e+06,0.547444771967012,0.440611185763537,0.949254305602356,"TCGA_LIHC_primary","KLA31_12"
"TCGA-2Y-A9H7-01A",60386,27911,58252024,1e+06,0.539413108998775,0.440611185763537,0.949254305602356,"TCGA_LIHC_primary","KLA31_12"
"TCGA-PD-A5DF-01A",60386,28122,46068719,1e+06,0.535869241214851,0.440611185763537,0.949254305602356,"TCGA_LIHC_primary","KLA31_12"
"TCGA-K7-AAU7-01A",60386,32046,38070097,1e+06,0.471135693703839,0.440611185763537,0.949254305602356,"TCGA_LIHC_primary","KLA31_12"
"TCGA-CC-A7IE-01A",60386,28826,41196591,1e+06,0.524359950982016,0.440611185763537,0.949254305602356,"TCGA_LIHC_primary","KLA31_12"
"TCGA-DD-AAW1-01A",60386,28135,56403207,1e+06,0.5357367601762,0.440611185763537,0.949254305602356,"TCGA_LIHC_primary","KLA31_12"
"TCGA-DD-A1EI-01A",60386,30893,67443410,1e+06,0.490362004438115,0.440611185763537,0.949254305602356,"TCGA_LIHC_primary","KLA31_12"
"TCGA-CC-A5UD-01A",60386,28752,42475778,1e+06,0.525601960719372,0.440611185763537,0.949254305602356,"TCGA_LIHC_primary","KLA31_12"
"TCGA-CC-A3MB-01A",60386,29702,64571938,1e+06,0.509936077898851,0.440611185763537,0.949254305602356,"TCGA_LIHC_primary","KLA31_12"
"TCGA-DD-AAE3-01A",60386,24510,34202455,1e+06,0.59541946808863,0.440611185763537,0.949254305602356,"TCGA_LIHC_primary","KLA31_12"
"TCGA-G3-A25T-01A",60386,28805,57113225,1e+06,0.524773954227801,0.440611185763537,0.949254305602356,"TCGA_LIHC_primary","KLA31_12"
"TCGA-5C-A9VG-01A",60386,29225,45646364,1e+06,0.517719338919617,0.440611185763537,0.949254305602356,"TCGA_LIHC_primary","KLA31_12"
"TCGA-RG-A7D4-01A",60386,30859,41059682,1e+06,0.490693207034743,0.440611185763537,0.949254305602356,"TCGA_LIHC_primary","KLA31_12"
"TCGA-2Y-A9GZ-01A",60386,29703,48601582,1e+06,0.509936077898851,0.440611185763537,0.949254305602356,"TCGA_LIHC_primary","KLA31_12"
"TCGA-BD-A2L6-01A",60386,28571,62235828,1e+06,0.52861590434869,0.440611185763537,0.949254305602356,"TCGA_LIHC_primary","KLA31_12"
"TCGA-FV-A4ZP-01A",60386,24796,37745201,1e+06,0.590567350048024,0.440611185763537,0.949254305602356,"TCGA_LIHC_primary","KLA31_12"
"TCGA-DD-A4NP-01A",60386,28953,79160937,1e+06,0.522273374623257,0.440611185763537,0.949254305602356,"TCGA_LIHC_primary","KLA31_12"
"TCGA-G3-AAV2-01A",60386,27309,49547364,1e+06,0.549382307157288,0.440611185763537,0.949254305602356,"TCGA_LIHC_primary","KLA31_12"
"TCGA-DD-AAW0-01A",60386,28872,50187280,1e+06,0.52371410591859,0.440611185763537,0.949254305602356,"TCGA_LIHC_primary","KLA31_12"
"TCGA-CC-A8HU-01A",60386,28672,42583334,1e+06,0.526993011625211,0.440611185763537,0.949254305602356,"TCGA_LIHC_primary","KLA31_12"
"TCGA-XR-A8TF-01A",60386,27440,44030468,1e+06,0.547212930149372,0.440611185763537,0.949254305602356,"TCGA_LIHC_primary","KLA31_12"
"TCGA-RC-A6M4-01A",60386,26722,60829786,1e+06,0.559020302719173,0.440611185763537,0.949254305602356,"TCGA_LIHC_primary","KLA31_12"
"TCGA-DD-AAD8-01A",60386,29305,33406892,1e+06,0.516377968403272,0.440611185763537,0.949254305602356,"TCGA_LIHC_primary","KLA31_12"
"TCGA-ED-A8O5-01A",60386,28409,54143843,1e+06,0.531315205511211,0.440611185763537,0.949254305602356,"TCGA_LIHC_primary","KLA31_12"
"TCGA-MR-A520-01A",60386,26574,50496637,1e+06,0.56143808167456,0.440611185763537,0.949254305602356,"TCGA_LIHC_primary","KLA31_12"
"TCGA-DD-A3A2-01A",60386,26198,56095373,1e+06,0.567913092438645,0.440611185763537,0.949254305602356,"TCGA_LIHC_primary","KLA31_12"
"TCGA-ZP-A9D0-01A",60386,28300,52492474,1e+06,0.53305401914351,0.440611185763537,0.949254305602356,"TCGA_LIHC_primary","KLA31_12"
"TCGA-2V-A95S-01A",60386,29968,43832826,1e+06,0.505547643493525,0.440611185763537,0.949254305602356,"TCGA_LIHC_primary","KLA31_12"
"TCGA-DD-AAEH-01A",60386,26037,41544364,1e+06,0.57043023217302,0.440611185763537,0.949254305602356,"TCGA_LIHC_primary","KLA31_12"
"TCGA-DD-AAE9-01A",60386,25058,25383789,1e+06,0.586476997979664,0.440611185763537,0.949254305602356,"TCGA_LIHC_primary","KLA31_12"
"TCGA-BC-A10U-01A",60386,32187,62268021,1e+06,0.468949756566092,0.440611185763537,0.949254305602356,"TCGA_LIHC_primary","KLA31_12"
"TCGA-DD-AAVW-01A",60386,29042,41137247,1e+06,0.520766402808598,0.440611185763537,0.949254305602356,"TCGA_LIHC_primary","KLA31_12"
"TCGA-DD-AAD0-01A",60386,26198,44832543,1e+06,0.567515649322691,0.440611185763537,0.949254305602356,"TCGA_LIHC_primary","KLA31_12"
"TCGA-DD-AACQ-01A",60386,28192,53121889,1e+06,0.534875633424966,0.440611185763537,0.949254305602356,"TCGA_LIHC_primary","KLA31_12"
"TCGA-DD-AAW2-01A",60386,25800,30262460,1e+06,0.574222501904415,0.440611185763537,0.949254305602356,"TCGA_LIHC_primary","KLA31_12"
"TCGA-MI-A75E-01A",60386,27720,51309648,1e+06,0.542592653926407,0.440611185763537,0.949254305602356,"TCGA_LIHC_primary","KLA31_12"
"TCGA-DD-A4NB-01A",60386,29105,46803700,1e+06,0.519772795018713,0.440611185763537,0.949254305602356,"TCGA_LIHC_primary","KLA31_12"
"TCGA-G3-A25Y-01A",60386,32133,66491379,1e+06,0.469744642798,0.440611185763537,0.949254305602356,"TCGA_LIHC_primary","KLA31_12"
"TCGA-RC-A7SB-01A",60386,30889,59121340,1e+06,0.490295763918789,0.440611185763537,0.949254305602356,"TCGA_LIHC_primary","KLA31_12"
"TCGA-ED-A7XO-01A",60386,28378,38246700,1e+06,0.531662968237671,0.440611185763537,0.949254305602356,"TCGA_LIHC_primary","KLA31_12"
"TCGA-DD-A73D-01A",60386,26323,48705242,1e+06,0.565544993872752,0.440611185763537,0.949254305602356,"TCGA_LIHC_primary","KLA31_12"
"TCGA-DD-A1EL-01A",60386,32511,75577244,1e+06,0.463584274500712,0.440611185763537,0.949254305602356,"TCGA_LIHC_primary","KLA31_12"
"TCGA-DD-AACH-01A",60386,30924,61825848,1e+06,0.489732719504521,0.440611185763537,0.949254305602356,"TCGA_LIHC_primary","KLA31_12"
"TCGA-ZP-A9CZ-01A",60386,27945,45243730,1e+06,0.538982545623158,0.440611185763537,0.949254305602356,"TCGA_LIHC_primary","KLA31_12"
"TCGA-G3-A5SJ-01A",60386,30513,47461695,1e+06,0.496489252475739,0.440611185763537,0.949254305602356,"TCGA_LIHC_primary","KLA31_12"
"TCGA-K7-A5RF-01A",60386,26947,48639613,1e+06,0.555310833636936,0.440611185763537,0.949254305602356,"TCGA_LIHC_primary","KLA31_12"
"TCGA-CC-5262-01A",60386,25988,44652074,1e+06,0.571059517106614,0.440611185763537,0.949254305602356,"TCGA_LIHC_primary","KLA31_12"
"TCGA-CC-A3MC-01A",60386,27883,49524969,1e+06,0.539810552114729,0.440611185763537,0.949254305602356,"TCGA_LIHC_primary","KLA31_12"
"TCGA-WJ-A86L-01A",60386,32126,44193801,1e+06,0.469844003576988,0.440611185763537,0.949254305602356,"TCGA_LIHC_primary","KLA31_12"
"TCGA-DD-AADK-01A",60386,30549,82251612,1e+06,0.49590964793164,0.440611185763537,0.949254305602356,"TCGA_LIHC_primary","KLA31_12"
"TCGA-DD-A4NF-01A",60386,28607,51678294,1e+06,0.527854138376445,0.440611185763537,0.949254305602356,"TCGA_LIHC_primary","KLA31_12"
"TCGA-CC-A1HT-01A",60386,34739,79411887,1e+06,0.426820786274964,0.440611185763537,0.949254305602356,"TCGA_LIHC_primary","KLA31_12"
"TCGA-DD-AAD3-01A",60386,26949,51023716,1e+06,0.555261153247441,0.440611185763537,0.949254305602356,"TCGA_LIHC_primary","KLA31_12"
"TCGA-G3-AAV4-01A",60386,25910,41327276,1e+06,0.572384327493128,0.440611185763537,0.949254305602356,"TCGA_LIHC_primary","KLA31_12"
"TCGA-DD-AACN-01A",60386,29121,39857188,1e+06,0.519491272811579,0.440611185763537,0.949254305602356,"TCGA_LIHC_primary","KLA31_12"
"TCGA-DD-AAD2-01A",60386,26933,36761981,1e+06,0.555492995065081,0.440611185763537,0.949254305602356,"TCGA_LIHC_primary","KLA31_12"
"TCGA-G3-A7M9-01A",60386,37780,53396012,1e+06,0.37654423210678,0.440611185763537,0.949254305602356,"TCGA_LIHC_primary","KLA31_12"
"TCGA-G3-A25Z-01A",60386,27312,65685947,1e+06,0.549299506508131,0.440611185763537,0.949254305602356,"TCGA_LIHC_primary","KLA31_12"
"TCGA-GJ-A6C0-01A",60386,30816,54549496,1e+06,0.49147153313682,0.440611185763537,0.949254305602356,"TCGA_LIHC_primary","KLA31_12"
"TCGA-5R-AA1C-01A",60386,24383,21189370,1e+06,0.597588845096546,0.440611185763537,0.949254305602356,"TCGA_LIHC_primary","KLA31_12"
"TCGA-RC-A7SH-01A",60386,27491,37857880,1e+06,0.546335243268307,0.440611185763537,0.949254305602356,"TCGA_LIHC_primary","KLA31_12"
"TCGA-DD-AAEI-01A",60386,25287,48575449,1e+06,0.582684728248269,0.440611185763537,0.949254305602356,"TCGA_LIHC_primary","KLA31_12"
"TCGA-DD-AAEE-01A",60386,29391,55093458,1e+06,0.514970357367602,0.440611185763537,0.949254305602356,"TCGA_LIHC_primary","KLA31_12"
"TCGA-BC-A10W-01A",60386,29250,62050314,1e+06,0.517305335673832,0.440611185763537,0.949254305602356,"TCGA_LIHC_primary","KLA31_12"
"TCGA-DD-A39Z-01A",60386,25757,39650582,1e+06,0.574835226708177,0.440611185763537,0.949254305602356,"TCGA_LIHC_primary","KLA31_12"
"TCGA-HC-A6AO-01A",60386,29956,52843348,1e+06,0.505564203623356,0.353615699067884,0.966992168801963,"TCGA_PRAD_primary","KLA31_11"
"TCGA-VP-A87J-01A",60386,31583,55379982,1e+06,0.478769913556122,0.353615699067884,0.966992168801963,"TCGA_PRAD_primary","KLA31_11"
"TCGA-EJ-5519-01A",60386,33172,76429324,1e+06,0.452522107773325,0.353615699067884,0.966992168801963,"TCGA_PRAD_primary","KLA31_11"
"TCGA-KK-A7B4-01A",60386,33442,60374194,1e+06,0.448166793627662,0.353615699067884,0.966992168801963,"TCGA_PRAD_primary","KLA31_11"
"TCGA-G9-6336-01A",60386,30046,45252147,1e+06,0.504189712847349,0.353615699067884,0.966992168801963,"TCGA_PRAD_primary","KLA31_11"
"TCGA-X4-A8KS-01A",60386,29805,40281457,1e+06,0.508362865564866,0.353615699067884,0.966992168801963,"TCGA_PRAD_primary","KLA31_11"
"TCGA-XJ-A9DK-01A",60386,33934,44042309,1e+06,0.440135130659424,0.353615699067884,0.966992168801963,"TCGA_PRAD_primary","KLA31_11"
"TCGA-J9-A8CP-01A",60386,31532,46746149,1e+06,0.47968072069685,0.353615699067884,0.966992168801963,"TCGA_PRAD_primary","KLA31_11"
"TCGA-YL-A8SO-01B",60386,32604,42597567,1e+06,0.461961381777233,0.353615699067884,0.966992168801963,"TCGA_PRAD_primary","KLA31_11"
"TCGA-EJ-5507-01A",60386,33484,59313258,1e+06,0.447388467525585,0.353615699067884,0.966992168801963,"TCGA_PRAD_primary","KLA31_11"
"TCGA-V1-A9OH-01A",60386,29215,36041159,1e+06,0.517951180737257,0.353615699067884,0.966992168801963,"TCGA_PRAD_primary","KLA31_11"
"TCGA-CH-5751-01A",60386,33735,39739267,1e+06,0.443215314808068,0.353615699067884,0.966992168801963,"TCGA_PRAD_primary","KLA31_11"
"TCGA-H9-A6BY-01A",60386,29965,54094608,1e+06,0.505497963104031,0.353615699067884,0.966992168801963,"TCGA_PRAD_primary","KLA31_11"
"TCGA-KK-A8IC-01A",60386,32700,52785350,1e+06,0.460437849832743,0.353615699067884,0.966992168801963,"TCGA_PRAD_primary","KLA31_11"
"TCGA-HC-7210-01A",60386,31725,67092918,1e+06,0.476418375120061,0.353615699067884,0.966992168801963,"TCGA_PRAD_primary","KLA31_11"
"TCGA-XK-AAJP-01A",60386,33050,61641951,1e+06,0.454641804391746,0.353615699067884,0.966992168801963,"TCGA_PRAD_primary","KLA31_11"
"TCGA-FC-A8O0-01A",60386,33145,44843627,1e+06,0.453134832577087,0.353615699067884,0.966992168801963,"TCGA_PRAD_primary","KLA31_11"
"TCGA-FC-A66V-01A",60386,31236,46009988,1e+06,0.484632199516444,0.353615699067884,0.966992168801963,"TCGA_PRAD_primary","KLA31_11"
"TCGA-YJ-A8SW-01A",60386,32953,59160740,1e+06,0.456231576855563,0.353615699067884,0.966992168801963,"TCGA_PRAD_primary","KLA31_11"
"TCGA-CH-5761-01A",60386,33349,59746104,1e+06,0.44965720531249,0.353615699067884,0.966992168801963,"TCGA_PRAD_primary","KLA31_11"
"TCGA-HC-8264-01B",60386,34109,64938872,1e+06,0.437336468717915,0.353615699067884,0.966992168801963,"TCGA_PRAD_primary","KLA31_11"
"TCGA-G9-7522-01A",60386,31823,76419285,1e+06,0.474878283045739,0.353615699067884,0.966992168801963,"TCGA_PRAD_primary","KLA31_11"
"TCGA-KK-A8IB-01A",60386,31427,44884412,1e+06,0.481469214718643,0.353615699067884,0.966992168801963,"TCGA_PRAD_primary","KLA31_11"
"TCGA-EJ-A65G-01A",60386,30024,43230278,1e+06,0.504520915443977,0.353615699067884,0.966992168801963,"TCGA_PRAD_primary","KLA31_11"
"TCGA-HC-8256-01A",60386,31647,52872518,1e+06,0.477759745636406,0.353615699067884,0.966992168801963,"TCGA_PRAD_primary","KLA31_11"
"TCGA-CH-5767-01A",60386,34399,65471032,1e+06,0.432335309508827,0.353615699067884,0.966992168801963,"TCGA_PRAD_primary","KLA31_11"
"TCGA-EJ-A65J-01A",60386,30940,56350124,1e+06,0.48936839664823,0.353615699067884,0.966992168801963,"TCGA_PRAD_primary","KLA31_11"
"TCGA-EJ-A8FS-01A",60386,31374,50850468,1e+06,0.482197860431226,0.353615699067884,0.966992168801963,"TCGA_PRAD_primary","KLA31_11"
"TCGA-HC-7212-01A",60386,32223,63589602,1e+06,0.468121750074521,0.353615699067884,0.966992168801963,"TCGA_PRAD_primary","KLA31_11"
"TCGA-HC-7740-01B",60386,43886,33165625,1e+06,0.275726161693108,0.353615699067884,0.966992168801963,"TCGA_PRAD_primary","KLA31_11"
"TCGA-HC-7736-01A",60386,34499,79686460,1e+06,0.430762097174842,0.353615699067884,0.966992168801963,"TCGA_PRAD_primary","KLA31_11"
"TCGA-EJ-A46G-01A",60386,32020,39236273,1e+06,0.471632497598781,0.353615699067884,0.966992168801963,"TCGA_PRAD_primary","KLA31_11"
"TCGA-KK-A8IJ-01A",60386,31343,50209619,1e+06,0.482876825754314,0.353615699067884,0.966992168801963,"TCGA_PRAD_primary","KLA31_11"
"TCGA-EJ-7786-01A",60386,33155,58409150,1e+06,0.452869870499785,0.353615699067884,0.966992168801963,"TCGA_PRAD_primary","KLA31_11"
"TCGA-QU-A6IP-01A",60386,31903,39889996,1e+06,0.473636273308383,0.353615699067884,0.966992168801963,"TCGA_PRAD_primary","KLA31_11"
"TCGA-HC-7078-01A",60386,37886,55652960,1e+06,0.374706057695492,0.353615699067884,0.966992168801963,"TCGA_PRAD_primary","KLA31_11"
"TCGA-J4-8198-01A",60386,34918,67421274,1e+06,0.423724041996489,0.353615699067884,0.966992168801963,"TCGA_PRAD_primary","KLA31_11"
"TCGA-CH-5769-01A",60386,32496,47549296,1e+06,0.463865796707846,0.353615699067884,0.966992168801963,"TCGA_PRAD_primary","KLA31_11"
"TCGA-CH-5794-01A",60386,32405,69435321,1e+06,0.465207167224191,0.353615699067884,0.966992168801963,"TCGA_PRAD_primary","KLA31_11"
"TCGA-HC-7820-01A",60386,33046,57944040,1e+06,0.454691484781241,0.353615699067884,0.966992168801963,"TCGA_PRAD_primary","KLA31_11"
"TCGA-EJ-5531-01A",60386,30664,49435132,1e+06,0.493856191832544,0.353615699067884,0.966992168801963,"TCGA_PRAD_primary","KLA31_11"
"TCGA-HC-7231-01A",60386,33212,58001665,1e+06,0.451909382969562,0.353615699067884,0.966992168801963,"TCGA_PRAD_primary","KLA31_11"
"TCGA-CH-5789-01A",60386,31508,45486359,1e+06,0.480078163812804,0.353615699067884,0.966992168801963,"TCGA_PRAD_primary","KLA31_11"
"TCGA-YL-A9WK-01A",60386,32106,49111315,1e+06,0.470307687212268,0.353615699067884,0.966992168801963,"TCGA_PRAD_primary","KLA31_11"
"TCGA-KK-A7AV-01A",60386,32856,39621029,1e+06,0.457804789189547,0.353615699067884,0.966992168801963,"TCGA_PRAD_primary","KLA31_11"
"TCGA-EJ-5527-01A",60386,33813,73678728,1e+06,0.442105786109363,0.353615699067884,0.966992168801963,"TCGA_PRAD_primary","KLA31_11"
"TCGA-J4-A67O-01A",60386,30276,45732134,1e+06,0.50034776272646,0.353615699067884,0.966992168801963,"TCGA_PRAD_primary","KLA31_11"
"TCGA-4L-AA1F-01A",60386,33786,53529582,1e+06,0.442619150134137,0.353615699067884,0.966992168801963,"TCGA_PRAD_primary","KLA31_11"
"TCGA-EJ-5517-01A",60386,30856,71189042,1e+06,0.490759447554069,0.353615699067884,0.966992168801963,"TCGA_PRAD_primary","KLA31_11"
"TCGA-EJ-5502-01A",60386,36329,87449753,1e+06,0.400423939323684,0.353615699067884,0.966992168801963,"TCGA_PRAD_primary","KLA31_11"
"TCGA-EJ-7784-01A",60386,34841,62802973,1e+06,0.425081972642666,0.353615699067884,0.966992168801963,"TCGA_PRAD_primary","KLA31_11"
"TCGA-VP-A878-01A",60386,33308,48175306,1e+06,0.450336170635578,0.353615699067884,0.966992168801963,"TCGA_PRAD_primary","KLA31_11"
"TCGA-EJ-A6RA-01A",60386,31851,43898983,1e+06,0.474447719670122,0.353615699067884,0.966992168801963,"TCGA_PRAD_primary","KLA31_11"
"TCGA-CH-5744-01A",60386,34615,98959120,1e+06,0.428808001854735,0.353615699067884,0.966992168801963,"TCGA_PRAD_primary","KLA31_11"
"TCGA-XJ-A9DQ-01A",60386,33670,53397732,1e+06,0.444507004934919,0.353615699067884,0.966992168801963,"TCGA_PRAD_primary","KLA31_11"
"TCGA-ZG-A9L2-01A",60386,31445,52643532,1e+06,0.481005531083364,0.353615699067884,0.966992168801963,"TCGA_PRAD_primary","KLA31_11"
"TCGA-EJ-5496-01A",60386,32181,44773912,1e+06,0.468866955916934,0.353615699067884,0.966992168801963,"TCGA_PRAD_primary","KLA31_11"
"TCGA-EJ-7317-01A",60386,29144,59239219,1e+06,0.519011029046468,0.353615699067884,0.966992168801963,"TCGA_PRAD_primary","KLA31_11"
"TCGA-J4-AATZ-01A",60386,33328,66858078,1e+06,0.450087768688107,0.353615699067884,0.966992168801963,"TCGA_PRAD_primary","KLA31_11"
"TCGA-EJ-7330-01A",60386,34681,65033670,1e+06,0.427599112377041,0.353615699067884,0.966992168801963,"TCGA_PRAD_primary","KLA31_11"
"TCGA-EJ-AB20-01A",60386,28694,34361944,1e+06,0.52662868876892,0.353615699067884,0.966992168801963,"TCGA_PRAD_primary","KLA31_11"
"TCGA-V1-A9ZK-01A",60386,32361,57701942,1e+06,0.465886132547279,0.353615699067884,0.966992168801963,"TCGA_PRAD_primary","KLA31_11"
"TCGA-KC-A7F3-01A",60386,33658,53083009,1e+06,0.444622925843739,0.353615699067884,0.966992168801963,"TCGA_PRAD_primary","KLA31_11"
"TCGA-XJ-A9DX-01A",60386,32390,48889471,1e+06,0.465588050210314,0.353615699067884,0.966992168801963,"TCGA_PRAD_primary","KLA31_11"
"TCGA-KC-A7FD-01A",60386,31515,56292238,1e+06,0.479995363163647,0.353615699067884,0.966992168801963,"TCGA_PRAD_primary","KLA31_11"
"TCGA-J4-A83L-01A",60386,33769,56510182,1e+06,0.442735071042957,0.353615699067884,0.966992168801963,"TCGA_PRAD_primary","KLA31_11"
"TCGA-CH-5792-01A",60386,34135,80948311,1e+06,0.436723743914152,0.353615699067884,0.966992168801963,"TCGA_PRAD_primary","KLA31_11"
"TCGA-HC-7740-01A",60386,31200,52482146,1e+06,0.485211804060544,0.353615699067884,0.966992168801963,"TCGA_PRAD_primary","KLA31_11"
"TCGA-EJ-5495-01A",60386,33762,62901654,1e+06,0.442950352730765,0.353615699067884,0.966992168801963,"TCGA_PRAD_primary","KLA31_11"
"TCGA-HI-7171-01A",60386,33856,89831829,1e+06,0.441310899877455,0.353615699067884,0.966992168801963,"TCGA_PRAD_primary","KLA31_11"
"TCGA-EJ-A46I-01A",60386,31717,35377148,1e+06,0.476716457457026,0.353615699067884,0.966992168801963,"TCGA_PRAD_primary","KLA31_11"
"TCGA-ZG-A9M4-01A",60386,33284,49610188,1e+06,0.450783294141026,0.353615699067884,0.966992168801963,"TCGA_PRAD_primary","KLA31_11"
"TCGA-Y6-A8TL-01A",60386,31447,35902677,1e+06,0.481104891862352,0.353615699067884,0.966992168801963,"TCGA_PRAD_primary","KLA31_11"
"TCGA-ZG-A9KY-01A",60386,34168,68379624,1e+06,0.436260060278873,0.353615699067884,0.966992168801963,"TCGA_PRAD_primary","KLA31_11"
"TCGA-EJ-8472-01A",60386,34204,61219684,1e+06,0.435597655085616,0.353615699067884,0.966992168801963,"TCGA_PRAD_primary","KLA31_11"
"TCGA-ZG-A8QY-01A",60386,32048,53929818,1e+06,0.471168813963501,0.353615699067884,0.966992168801963,"TCGA_PRAD_primary","KLA31_11"
"TCGA-WW-A8ZI-01A",60386,31502,37859079,1e+06,0.480210644851456,0.353615699067884,0.966992168801963,"TCGA_PRAD_primary","KLA31_11"
"TCGA-EJ-7794-01A",60386,32936,61733203,1e+06,0.45643029841354,0.353615699067884,0.966992168801963,"TCGA_PRAD_primary","KLA31_11"
"TCGA-KK-A5A1-01A",60386,29953,45035830,1e+06,0.505630444142682,0.353615699067884,0.966992168801963,"TCGA_PRAD_primary","KLA31_11"
"TCGA-YL-A8SH-01B",60386,32558,42011068,1e+06,0.462805948398635,0.353615699067884,0.966992168801963,"TCGA_PRAD_primary","KLA31_11"
"TCGA-M7-A71Z-01A",60386,28519,47920745,1e+06,0.529477031099924,0.353615699067884,0.966992168801963,"TCGA_PRAD_primary","KLA31_11"
"TCGA-V1-A9Z7-01A",60386,31614,52749315,1e+06,0.47838903057,0.353615699067884,0.966992168801963,"TCGA_PRAD_primary","KLA31_11"
"TCGA-XQ-A8TB-01A",60386,33195,47539917,1e+06,0.45210810452754,0.353615699067884,0.966992168801963,"TCGA_PRAD_primary","KLA31_11"
"TCGA-V1-A8MF-01A",60386,31698,39786723,1e+06,0.47711390057298,0.353615699067884,0.966992168801963,"TCGA_PRAD_primary","KLA31_11"
"TCGA-QU-A6IO-01A",60386,30913,62254069,1e+06,0.489798960023847,0.353615699067884,0.966992168801963,"TCGA_PRAD_primary","KLA31_11"
"TCGA-HI-7170-01A",60386,29808,50579198,1e+06,0.508213824396383,0.353615699067884,0.966992168801963,"TCGA_PRAD_primary","KLA31_11"
"TCGA-HC-A76W-01A",60386,33702,49310959,1e+06,0.443844599741662,0.353615699067884,0.966992168801963,"TCGA_PRAD_primary","KLA31_11"
"TCGA-VP-A87H-01A",60386,32675,46522311,1e+06,0.460686251780214,0.353615699067884,0.966992168801963,"TCGA_PRAD_primary","KLA31_11"
"TCGA-HC-7745-01A",60386,39377,49352696,1e+06,0.350180505415162,0.353615699067884,0.966992168801963,"TCGA_PRAD_primary","KLA31_11"
"TCGA-ZG-A9LU-01A",60386,29755,23666858,1e+06,0.50910807140728,0.353615699067884,0.966992168801963,"TCGA_PRAD_primary","KLA31_11"
"TCGA-CH-5746-01A",60386,34894,63677660,1e+06,0.424253966151095,0.353615699067884,0.966992168801963,"TCGA_PRAD_primary","KLA31_11"
"TCGA-EJ-7318-01B",60386,30624,62699849,1e+06,0.494700758453946,0.353615699067884,0.966992168801963,"TCGA_PRAD_primary","KLA31_11"
"TCGA-J4-A67M-01A",60386,31224,53073676,1e+06,0.484764680555096,0.353615699067884,0.966992168801963,"TCGA_PRAD_primary","KLA31_11"
"TCGA-KK-A8I6-01A",60386,33751,52834309,1e+06,0.443132514158911,0.353615699067884,0.966992168801963,"TCGA_PRAD_primary","KLA31_11"
"TCGA-TP-A8TV-01A",60386,30559,41806227,1e+06,0.495694366243831,0.353615699067884,0.966992168801963,"TCGA_PRAD_primary","KLA31_11"
"TCGA-HC-7738-01A",60386,33118,70923450,1e+06,0.453499155433379,0.353615699067884,0.966992168801963,"TCGA_PRAD_primary","KLA31_11"
"TCGA-HC-7737-01A",60386,32040,56132432,1e+06,0.471235054482827,0.353615699067884,0.966992168801963,"TCGA_PRAD_primary","KLA31_11"
"TCGA-CH-5739-01A",60386,32017,51879953,1e+06,0.47173185837777,0.353615699067884,0.966992168801963,"TCGA_PRAD_primary","KLA31_11"
"TCGA-G9-7509-01A",60386,31518,49543777,1e+06,0.479962242903984,0.353615699067884,0.966992168801963,"TCGA_PRAD_primary","KLA31_11"
"TCGA-EJ-5498-01A",60386,31495,38038453,1e+06,0.480243765111118,0.353615699067884,0.966992168801963,"TCGA_PRAD_primary","KLA31_11"
"TCGA-KK-A7AZ-01A",60386,32836,56169538,1e+06,0.458202232305501,0.353615699067884,0.966992168801963,"TCGA_PRAD_primary","KLA31_11"
"TCGA-V1-A8X3-01A",60386,32726,52352102,1e+06,0.459957606067632,0.353615699067884,0.966992168801963,"TCGA_PRAD_primary","KLA31_11"
"TCGA-EJ-7314-01A",60386,31689,60889281,1e+06,0.477031099923823,0.353615699067884,0.966992168801963,"TCGA_PRAD_primary","KLA31_11"
"TCGA-KK-A8IH-01A",60386,33327,31066826,1e+06,0.449922167389792,0.353615699067884,0.966992168801963,"TCGA_PRAD_primary","KLA31_11"
"TCGA-V1-A8WV-01A",60386,33459,38372247,1e+06,0.447901831550359,0.353615699067884,0.966992168801963,"TCGA_PRAD_primary","KLA31_11"
"TCGA-2A-A8VX-01A",60386,30953,47808261,1e+06,0.489235915609578,0.353615699067884,0.966992168801963,"TCGA_PRAD_primary","KLA31_11"
"TCGA-VN-A943-01A",60386,27468,28964038,1e+06,0.54671612625443,0.353615699067884,0.966992168801963,"TCGA_PRAD_primary","KLA31_11"
"TCGA-2A-A8VT-01A",60386,33678,50218252,1e+06,0.444258602987447,0.353615699067884,0.966992168801963,"TCGA_PRAD_primary","KLA31_11"
"TCGA-J4-A67S-01A",60386,32720,63093082,1e+06,0.460206008015103,0.353615699067884,0.966992168801963,"TCGA_PRAD_primary","KLA31_11"
"TCGA-VN-A88K-01A",60386,32061,48924583,1e+06,0.470903851886199,0.353615699067884,0.966992168801963,"TCGA_PRAD_primary","KLA31_11"
"TCGA-MG-AAMC-01A",60386,28396,38777687,1e+06,0.531381446030537,0.353615699067884,0.966992168801963,"TCGA_PRAD_primary","KLA31_11"
"TCGA-V1-A8MU-01A",60386,33586,43806029,1e+06,0.445881495710926,0.353615699067884,0.966992168801963,"TCGA_PRAD_primary","KLA31_11"
"TCGA-VP-A87D-01A",60386,33112,42975124,1e+06,0.453615076342198,0.353615699067884,0.966992168801963,"TCGA_PRAD_primary","KLA31_11"
"TCGA-XK-AAJR-01A",60386,32933,72934359,1e+06,0.456595899711854,0.353615699067884,0.966992168801963,"TCGA_PRAD_primary","KLA31_11"
"TCGA-V1-A9OA-01A",60386,31886,33296965,1e+06,0.473934355645348,0.353615699067884,0.966992168801963,"TCGA_PRAD_primary","KLA31_11"
"TCGA-EJ-A6RC-01A",60386,33274,55953265,1e+06,0.450915775179677,0.353615699067884,0.966992168801963,"TCGA_PRAD_primary","KLA31_11"
"TCGA-EJ-5532-01A",60386,32086,68858452,1e+06,0.470556089159739,0.353615699067884,0.966992168801963,"TCGA_PRAD_primary","KLA31_11"
"TCGA-KC-A4BV-01A",60386,30864,37214631,1e+06,0.490709767164575,0.353615699067884,0.966992168801963,"TCGA_PRAD_primary","KLA31_11"
"TCGA-EJ-7328-01A",60386,35135,52641051,1e+06,0.420163614082734,0.353615699067884,0.966992168801963,"TCGA_PRAD_primary","KLA31_11"
"TCGA-2A-AAYU-01A",60386,31344,47373698,1e+06,0.482810585234988,0.353615699067884,0.966992168801963,"TCGA_PRAD_primary","KLA31_11"
"TCGA-J4-A67T-01A",60386,32696,49940698,1e+06,0.460421289702911,0.353615699067884,0.966992168801963,"TCGA_PRAD_primary","KLA31_11"
"TCGA-CH-5737-01A",60386,31465,64509299,1e+06,0.48083992978505,0.353615699067884,0.966992168801963,"TCGA_PRAD_primary","KLA31_11"
"TCGA-2A-A8VL-01A",60386,32498,44601252,1e+06,0.463716755539363,0.353615699067884,0.966992168801963,"TCGA_PRAD_primary","KLA31_11"
"TCGA-YL-A8S8-01A",60386,34182,50475699,1e+06,0.43599509820157,0.353615699067884,0.966992168801963,"TCGA_PRAD_primary","KLA31_11"
"TCGA-TK-A8OK-01A",60386,33422,50643201,1e+06,0.448547676613785,0.353615699067884,0.966992168801963,"TCGA_PRAD_primary","KLA31_11"
"TCGA-KK-A6E2-01A",60386,30875,50628143,1e+06,0.490626966515417,0.353615699067884,0.966992168801963,"TCGA_PRAD_primary","KLA31_11"
"TCGA-EJ-5510-01A",60386,32087,65020091,1e+06,0.470539529029908,0.353615699067884,0.966992168801963,"TCGA_PRAD_primary","KLA31_11"
"TCGA-CH-5738-01A",60386,33397,61383569,1e+06,0.448895439340244,0.353615699067884,0.966992168801963,"TCGA_PRAD_primary","KLA31_11"
"TCGA-XJ-A83H-01A",60386,30540,35201272,1e+06,0.496108369489617,0.353615699067884,0.966992168801963,"TCGA_PRAD_primary","KLA31_11"
"TCGA-2A-A8W3-01A",60386,32397,51667107,1e+06,0.465405888782168,0.353615699067884,0.966992168801963,"TCGA_PRAD_primary","KLA31_11"
"TCGA-G9-6333-01A",60386,31473,58956969,1e+06,0.480641208227073,0.353615699067884,0.966992168801963,"TCGA_PRAD_primary","KLA31_11"
"TCGA-HC-7075-01A",60386,31928,71157713,1e+06,0.473006988374789,0.353615699067884,0.966992168801963,"TCGA_PRAD_primary","KLA31_11"
"TCGA-EJ-A7NG-01A",60386,34309,51497235,1e+06,0.433991322491968,0.353615699067884,0.966992168801963,"TCGA_PRAD_primary","KLA31_11"
"TCGA-YL-A8HJ-01A",60386,34786,52031386,1e+06,0.426108700692213,0.353615699067884,0.966992168801963,"TCGA_PRAD_primary","KLA31_11"
"TCGA-KK-A59X-01A",60386,30023,38380164,1e+06,0.504537475573808,0.353615699067884,0.966992168801963,"TCGA_PRAD_primary","KLA31_11"
"TCGA-V1-A8ML-01A",60386,30868,44804915,1e+06,0.490726327294406,0.353615699067884,0.966992168801963,"TCGA_PRAD_primary","KLA31_11"
"TCGA-2A-A8VV-01A",60386,31423,47218610,1e+06,0.481369853939655,0.353615699067884,0.966992168801963,"TCGA_PRAD_primary","KLA31_11"
"TCGA-VP-A876-01A",60386,30871,37956052,1e+06,0.490577286125923,0.353615699067884,0.966992168801963,"TCGA_PRAD_primary","KLA31_11"
"TCGA-KK-A8I5-01A",60386,31518,38745931,1e+06,0.479813201735502,0.353615699067884,0.966992168801963,"TCGA_PRAD_primary","KLA31_11"
"TCGA-VP-A87C-01A",60386,34623,48144409,1e+06,0.428708641075746,0.353615699067884,0.966992168801963,"TCGA_PRAD_primary","KLA31_11"
"TCGA-KK-A6E8-01A",60386,29677,50144189,1e+06,0.510118239326996,0.353615699067884,0.966992168801963,"TCGA_PRAD_primary","KLA31_11"
"TCGA-HC-8216-01A",60386,32176,45132306,1e+06,0.469015997085417,0.353615699067884,0.966992168801963,"TCGA_PRAD_primary","KLA31_11"
"TCGA-G9-6348-01A",60386,31443,69160736,1e+06,0.481171132381678,0.353615699067884,0.966992168801963,"TCGA_PRAD_primary","KLA31_11"
"TCGA-G9-7523-01A",60386,31596,66868048,1e+06,0.478670552777134,0.353615699067884,0.966992168801963,"TCGA_PRAD_primary","KLA31_11"
"TCGA-HC-7077-01A",60386,30054,62822202,1e+06,0.50397443115954,0.353615699067884,0.966992168801963,"TCGA_PRAD_primary","KLA31_11"
"TCGA-ZG-A9LM-01A",60386,32115,55270573,1e+06,0.470142085913954,0.353615699067884,0.966992168801963,"TCGA_PRAD_primary","KLA31_11"
"TCGA-KK-A59V-01A",60386,30953,41871262,1e+06,0.489103434570927,0.353615699067884,0.966992168801963,"TCGA_PRAD_primary","KLA31_11"
"TCGA-G9-6367-01A",60386,30426,64449598,1e+06,0.497880303381579,0.353615699067884,0.966992168801963,"TCGA_PRAD_primary","KLA31_11"
"TCGA-HC-7752-01A",60386,27388,55447920,1e+06,0.548223098069089,0.353615699067884,0.966992168801963,"TCGA_PRAD_primary","KLA31_11"
"TCGA-V1-A9Z8-01A",60386,30477,38818890,1e+06,0.497135097539165,0.353615699067884,0.966992168801963,"TCGA_PRAD_primary","KLA31_11"
"TCGA-TP-A8TT-01A",60386,30543,29728685,1e+06,0.495926208061471,0.353615699067884,0.966992168801963,"TCGA_PRAD_primary","KLA31_11"
"TCGA-G9-6384-01A",60386,32507,71724495,1e+06,0.463584274500712,0.353615699067884,0.966992168801963,"TCGA_PRAD_primary","KLA31_11"
"TCGA-EJ-5503-01A",60386,34924,85093613,1e+06,0.423641241347332,0.353615699067884,0.966992168801963,"TCGA_PRAD_primary","KLA31_11"
"TCGA-EJ-7125-01A",60386,29433,52336450,1e+06,0.514208591395357,0.353615699067884,0.966992168801963,"TCGA_PRAD_primary","KLA31_11"
"TCGA-KK-A7B3-01A",60386,34637,58306339,1e+06,0.428509919517769,0.353615699067884,0.966992168801963,"TCGA_PRAD_primary","KLA31_11"
"TCGA-CH-5766-01A",60386,35938,60275227,1e+06,0.40703143112642,0.353615699067884,0.966992168801963,"TCGA_PRAD_primary","KLA31_11"
"TCGA-ZG-A8QX-01A",60386,32166,54176342,1e+06,0.469297519292551,0.353615699067884,0.966992168801963,"TCGA_PRAD_primary","KLA31_11"
"TCGA-HC-A8CY-01A",60386,33422,53150978,1e+06,0.448431755704965,0.353615699067884,0.966992168801963,"TCGA_PRAD_primary","KLA31_11"
"TCGA-YL-A8S9-01A",60386,30028,51876675,1e+06,0.504421554664989,0.353615699067884,0.966992168801963,"TCGA_PRAD_primary","KLA31_11"
"TCGA-CH-5741-01A",60386,28865,44070168,1e+06,0.523598185009771,0.353615699067884,0.966992168801963,"TCGA_PRAD_primary","KLA31_11"
"TCGA-M7-A720-01A",60386,33363,56637956,1e+06,0.449557844533501,0.353615699067884,0.966992168801963,"TCGA_PRAD_primary","KLA31_11"
"TCGA-J4-A67L-01A",60386,32019,55028624,1e+06,0.471582817209287,0.353615699067884,0.966992168801963,"TCGA_PRAD_primary","KLA31_11"
"TCGA-2A-AAYF-01A",60386,30872,51067752,1e+06,0.49054416586626,0.353615699067884,0.966992168801963,"TCGA_PRAD_primary","KLA31_11"
"TCGA-KK-A59Y-01A",60386,30925,37830867,1e+06,0.48960023846587,0.353615699067884,0.966992168801963,"TCGA_PRAD_primary","KLA31_11"
"TCGA-HC-7209-01A",60386,31144,53553473,1e+06,0.485923889643295,0.353615699067884,0.966992168801963,"TCGA_PRAD_primary","KLA31_11"
"TCGA-X4-A8KQ-01A",60386,30166,31246446,1e+06,0.502185937137747,0.353615699067884,0.966992168801963,"TCGA_PRAD_primary","KLA31_11"
"TCGA-J4-A83I-01A",60386,34331,57691892,1e+06,0.433444838207532,0.353615699067884,0.966992168801963,"TCGA_PRAD_primary","KLA31_11"
"TCGA-M7-A721-01A",60386,32256,44564247,1e+06,0.467740867088398,0.353615699067884,0.966992168801963,"TCGA_PRAD_primary","KLA31_11"
"TCGA-XA-A8JR-01A",60386,32259,42871829,1e+06,0.467674626569072,0.353615699067884,0.966992168801963,"TCGA_PRAD_primary","KLA31_11"
"TCGA-G9-6365-01A",60386,31352,64362648,1e+06,0.482760904845494,0.353615699067884,0.966992168801963,"TCGA_PRAD_primary","KLA31_11"
"TCGA-KK-A7B1-01A",60386,34025,62245172,1e+06,0.438479117676283,0.353615699067884,0.966992168801963,"TCGA_PRAD_primary","KLA31_11"
"TCGA-CH-5765-01A",60386,34502,62468751,1e+06,0.430579935746696,0.353615699067884,0.966992168801963,"TCGA_PRAD_primary","KLA31_11"
"TCGA-KK-A8ID-01A",60386,33766,55598935,1e+06,0.442718510913126,0.353615699067884,0.966992168801963,"TCGA_PRAD_primary","KLA31_11"
"TCGA-G9-6354-01A",60386,30225,43522093,1e+06,0.501258569867188,0.353615699067884,0.966992168801963,"TCGA_PRAD_primary","KLA31_11"
"TCGA-KK-A7B0-01A",60386,30646,47320872,1e+06,0.494435796376644,0.353615699067884,0.966992168801963,"TCGA_PRAD_primary","KLA31_11"
"TCGA-VN-A88L-01A",60386,32702,45510795,1e+06,0.460355049183586,0.353615699067884,0.966992168801963,"TCGA_PRAD_primary","KLA31_11"
"TCGA-KC-A7FE-01A",60386,33122,49257811,1e+06,0.453482595303547,0.353615699067884,0.966992168801963,"TCGA_PRAD_primary","KLA31_11"
"TCGA-ZG-A9MC-01A",60386,32172,39611642,1e+06,0.469082237604743,0.353615699067884,0.966992168801963,"TCGA_PRAD_primary","KLA31_11"
"TCGA-VP-A872-01A",60386,38670,36846089,1e+06,0.361805716556818,0.353615699067884,0.966992168801963,"TCGA_PRAD_primary","KLA31_11"
"TCGA-EJ-A65F-01A",60386,32424,47256425,1e+06,0.464925645017057,0.353615699067884,0.966992168801963,"TCGA_PRAD_primary","KLA31_11"
"TCGA-2A-AAYO-01A",60386,31696,43764253,1e+06,0.477080780313318,0.353615699067884,0.966992168801963,"TCGA_PRAD_primary","KLA31_11"
"TCGA-EJ-A65D-01A",60386,31104,57729288,1e+06,0.486635975226046,0.353615699067884,0.966992168801963,"TCGA_PRAD_primary","KLA31_11"
"TCGA-V1-A8MM-01A",60386,32966,47114948,1e+06,0.456016295167754,0.353615699067884,0.966992168801963,"TCGA_PRAD_primary","KLA31_11"
"TCGA-J4-A83J-01A",60386,33316,51998887,1e+06,0.450187129467095,0.353615699067884,0.966992168801963,"TCGA_PRAD_primary","KLA31_11"
"TCGA-V1-A8MK-01A",60386,32860,49053871,1e+06,0.457755108800053,0.353615699067884,0.966992168801963,"TCGA_PRAD_primary","KLA31_11"
"TCGA-EJ-A46D-01A",60386,34329,35549190,1e+06,0.433461398337363,0.353615699067884,0.966992168801963,"TCGA_PRAD_primary","KLA31_11"
"TCGA-KK-A8I4-01A",60386,34249,52732738,1e+06,0.434869009373033,0.353615699067884,0.966992168801963,"TCGA_PRAD_primary","KLA31_11"
"TCGA-G9-6329-01A",60386,32067,65752896,1e+06,0.47080449110721,0.353615699067884,0.966992168801963,"TCGA_PRAD_primary","KLA31_11"
"TCGA-CH-5745-01A",60386,33163,52986266,1e+06,0.452687709071639,0.353615699067884,0.966992168801963,"TCGA_PRAD_primary","KLA31_11"
"TCGA-YL-A9WX-01A",60386,36027,69754371,1e+06,0.405524459311761,0.353615699067884,0.966992168801963,"TCGA_PRAD_primary","KLA31_11"
"TCGA-G9-A9S4-01A",60386,32095,54383687,1e+06,0.470357367601762,0.353615699067884,0.966992168801963,"TCGA_PRAD_primary","KLA31_11"
"TCGA-VN-A88Q-01A",60386,32247,45797387,1e+06,0.467840227867386,0.353615699067884,0.966992168801963,"TCGA_PRAD_primary","KLA31_11"
"TCGA-FC-7961-01A",60386,31764,44725013,1e+06,0.475789090186467,0.353615699067884,0.966992168801963,"TCGA_PRAD_primary","KLA31_11"
"TCGA-XJ-A83F-01A",60386,30117,38569294,1e+06,0.502980823369655,0.353615699067884,0.966992168801963,"TCGA_PRAD_primary","KLA31_11"
"TCGA-EJ-AB27-01A",60386,34368,90413427,1e+06,0.432948034312589,0.353615699067884,0.966992168801963,"TCGA_PRAD_primary","KLA31_11"
"TCGA-KK-A6DY-01A",60386,34697,52173706,1e+06,0.427383830689233,0.353615699067884,0.966992168801963,"TCGA_PRAD_primary","KLA31_11"
"TCGA-YL-A8HO-01A",60386,33195,37691392,1e+06,0.452207465306528,0.353615699067884,0.966992168801963,"TCGA_PRAD_primary","KLA31_11"
"TCGA-KK-A6E7-01A",60386,32038,59005077,1e+06,0.471367535521478,0.353615699067884,0.966992168801963,"TCGA_PRAD_primary","KLA31_11"
"TCGA-HC-8257-01A",60386,32488,54166331,1e+06,0.463882356837678,0.353615699067884,0.966992168801963,"TCGA_PRAD_primary","KLA31_11"
"TCGA-HC-A6AQ-01A",60386,31372,53712163,1e+06,0.482264100950551,0.353615699067884,0.966992168801963,"TCGA_PRAD_primary","KLA31_11"
"TCGA-YL-A8SL-01B",60386,32300,44074542,1e+06,0.46706190176531,0.353615699067884,0.966992168801963,"TCGA_PRAD_primary","KLA31_11"
"TCGA-VP-A87K-01A",60386,32927,55744967,1e+06,0.456711820620674,0.353615699067884,0.966992168801963,"TCGA_PRAD_primary","KLA31_11"
"TCGA-KC-A4BR-01A",60386,34445,48743789,1e+06,0.431755704964727,0.353615699067884,0.966992168801963,"TCGA_PRAD_primary","KLA31_11"
"TCGA-HC-7213-01A",60386,31521,56925040,1e+06,0.47991256251449,0.353615699067884,0.966992168801963,"TCGA_PRAD_primary","KLA31_11"
"TCGA-G9-A9S7-01A",60386,32128,51418235,1e+06,0.469877123836651,0.353615699067884,0.966992168801963,"TCGA_PRAD_primary","KLA31_11"
"TCGA-ZG-A9LY-01A",60386,31916,50045698,1e+06,0.473321630841586,0.353615699067884,0.966992168801963,"TCGA_PRAD_primary","KLA31_11"
"TCGA-M7-A722-01A",60386,26874,40272307,1e+06,0.556602523763786,0.353615699067884,0.966992168801963,"TCGA_PRAD_primary","KLA31_11"
"TCGA-YL-A8SC-01A",60386,33119,56637632,1e+06,0.453383234524559,0.353615699067884,0.966992168801963,"TCGA_PRAD_primary","KLA31_11"
"TCGA-EJ-A7NK-01A",60386,33610,38035550,1e+06,0.445500612724804,0.353615699067884,0.966992168801963,"TCGA_PRAD_primary","KLA31_11"
"TCGA-HC-A9TH-01A",60386,34073,66176974,1e+06,0.437800152353194,0.353615699067884,0.966992168801963,"TCGA_PRAD_primary","KLA31_11"
"TCGA-XJ-A83G-01A",60386,29614,33506715,1e+06,0.51121120789587,0.353615699067884,0.966992168801963,"TCGA_PRAD_primary","KLA31_11"
"TCGA-G9-6498-01A",60386,28140,61913585,1e+06,0.535703639916537,0.353615699067884,0.966992168801963,"TCGA_PRAD_primary","KLA31_11"
"TCGA-G9-6373-01A",60386,30961,57595812,1e+06,0.489186235220084,0.353615699067884,0.966992168801963,"TCGA_PRAD_primary","KLA31_11"
"TCGA-KC-A7FA-01A",60386,33785,49199509,1e+06,0.442486669095486,0.353615699067884,0.966992168801963,"TCGA_PRAD_primary","KLA31_11"
"TCGA-EJ-7792-01A",60386,33728,62871516,1e+06,0.443529957274865,0.353615699067884,0.966992168801963,"TCGA_PRAD_primary","KLA31_11"
"TCGA-YL-A8SA-01A",60386,31274,40436066,1e+06,0.48388699367403,0.353615699067884,0.966992168801963,"TCGA_PRAD_primary","KLA31_11"
"TCGA-VN-A88I-01A",60386,32353,36973532,1e+06,0.466283575663233,0.353615699067884,0.966992168801963,"TCGA_PRAD_primary","KLA31_11"
"TCGA-G9-6332-01A",60386,29286,49581353,1e+06,0.516725731129732,0.353615699067884,0.966992168801963,"TCGA_PRAD_primary","KLA31_11"
"TCGA-J4-A67K-01A",60386,31933,52823485,1e+06,0.473056668764283,0.353615699067884,0.966992168801963,"TCGA_PRAD_primary","KLA31_11"
"TCGA-Y6-A9XI-01A",60386,31792,42924844,1e+06,0.475308846421356,0.353615699067884,0.966992168801963,"TCGA_PRAD_primary","KLA31_11"
"TCGA-YL-A8SP-01B",60386,31910,52602485,1e+06,0.473387871360911,0.353615699067884,0.966992168801963,"TCGA_PRAD_primary","KLA31_11"
"TCGA-HC-A9TE-01A",60386,32621,38286505,1e+06,0.461862020998245,0.353615699067884,0.966992168801963,"TCGA_PRAD_primary","KLA31_11"
"TCGA-KK-A8IF-01A",60386,29756,33687813,1e+06,0.508727188421157,0.353615699067884,0.966992168801963,"TCGA_PRAD_primary","KLA31_11"
"TCGA-EJ-5524-01A",60386,32369,54577192,1e+06,0.465819892027953,0.353615699067884,0.966992168801963,"TCGA_PRAD_primary","KLA31_11"
"TCGA-HC-A6AN-01A",60386,30628,48550457,1e+06,0.494601397674958,0.353615699067884,0.966992168801963,"TCGA_PRAD_primary","KLA31_11"
"TCGA-EJ-7325-01B",60386,29005,47435029,1e+06,0.521362567482529,0.353615699067884,0.966992168801963,"TCGA_PRAD_primary","KLA31_11"
"TCGA-QU-A6IM-01A",60386,30028,39010135,1e+06,0.504388434405326,0.353615699067884,0.966992168801963,"TCGA_PRAD_primary","KLA31_11"
"TCGA-HC-7819-01A",60386,33130,55921559,1e+06,0.453333554135064,0.353615699067884,0.966992168801963,"TCGA_PRAD_primary","KLA31_11"
"TCGA-G9-6379-01A",60386,30511,40407926,1e+06,0.496505812605571,0.353615699067884,0.966992168801963,"TCGA_PRAD_primary","KLA31_11"
"TCGA-G9-6339-01A",60386,30130,41485443,1e+06,0.502748981552015,0.353615699067884,0.966992168801963,"TCGA_PRAD_primary","KLA31_11"
"TCGA-YL-A8SI-01A",60386,32198,43109389,1e+06,0.468800715397609,0.353615699067884,0.966992168801963,"TCGA_PRAD_primary","KLA31_11"
"TCGA-G9-7521-01A",60386,32032,75469125,1e+06,0.47150001656013,0.353615699067884,0.966992168801963,"TCGA_PRAD_primary","KLA31_11"
"TCGA-CH-5740-01A",60386,30795,34173195,1e+06,0.491885536382605,0.353615699067884,0.966992168801963,"TCGA_PRAD_primary","KLA31_11"
"TCGA-G9-6496-01A",60386,28487,39234370,1e+06,0.529874474215878,0.353615699067884,0.966992168801963,"TCGA_PRAD_primary","KLA31_11"
"TCGA-EJ-8474-01A",60386,31985,49730972,1e+06,0.472261782532375,0.353615699067884,0.966992168801963,"TCGA_PRAD_primary","KLA31_11"
"TCGA-QU-A6IN-01A",60386,30759,47748287,1e+06,0.492316099758222,0.353615699067884,0.966992168801963,"TCGA_PRAD_primary","KLA31_11"
"TCGA-KK-A6E0-01A",60386,31424,47424372,1e+06,0.481270493160666,0.353615699067884,0.966992168801963,"TCGA_PRAD_primary","KLA31_11"
"TCGA-EJ-7218-01B",60386,32910,69848025,1e+06,0.456976782697976,0.353615699067884,0.966992168801963,"TCGA_PRAD_primary","KLA31_11"
"TCGA-YL-A9WY-01A",60386,34951,61420527,1e+06,0.423243798231378,0.353615699067884,0.966992168801963,"TCGA_PRAD_primary","KLA31_11"
"TCGA-HC-8258-01A",60386,34736,70279170,1e+06,0.426787666015302,0.353615699067884,0.966992168801963,"TCGA_PRAD_primary","KLA31_11"
"TCGA-V1-A8WW-01A",60386,32559,47418598,1e+06,0.462690027489816,0.353615699067884,0.966992168801963,"TCGA_PRAD_primary","KLA31_11"
"TCGA-J4-A67R-01A",60386,32128,46217744,1e+06,0.469777763057662,0.353615699067884,0.966992168801963,"TCGA_PRAD_primary","KLA31_11"
"TCGA-EJ-7793-01A",60386,29730,54175046,1e+06,0.509190872056437,0.353615699067884,0.966992168801963,"TCGA_PRAD_primary","KLA31_11"
"TCGA-VP-A87E-01A",60386,33208,43590632,1e+06,0.452041864008214,0.353615699067884,0.966992168801963,"TCGA_PRAD_primary","KLA31_11"
"TCGA-KK-A6E1-01A",60386,31641,43947420,1e+06,0.4778094260259,0.353615699067884,0.966992168801963,"TCGA_PRAD_primary","KLA31_11"
"TCGA-KK-A6E4-01A",60386,30436,53076137,1e+06,0.497714702083264,0.353615699067884,0.966992168801963,"TCGA_PRAD_primary","KLA31_11"
"TCGA-J9-A8CM-01A",60386,31357,39429011,1e+06,0.48259530354718,0.353615699067884,0.966992168801963,"TCGA_PRAD_primary","KLA31_11"
"TCGA-G9-6366-01A",60386,30593,70132688,1e+06,0.49521412247872,0.353615699067884,0.966992168801963,"TCGA_PRAD_primary","KLA31_11"
"TCGA-M7-A723-01A",60386,30809,42566838,1e+06,0.491604014175471,0.353615699067884,0.966992168801963,"TCGA_PRAD_primary","KLA31_11"
"TCGA-EJ-5494-01A",60386,31141,51606638,1e+06,0.486172291590766,0.353615699067884,0.966992168801963,"TCGA_PRAD_primary","KLA31_11"
"TCGA-HC-7233-01A",60386,31632,58069264,1e+06,0.478090948233034,0.353615699067884,0.966992168801963,"TCGA_PRAD_primary","KLA31_11"
"TCGA-EJ-7788-01A",60386,36320,63520064,1e+06,0.400572980492167,0.353615699067884,0.966992168801963,"TCGA_PRAD_primary","KLA31_11"
"TCGA-QU-A6IL-01A",60386,28358,18822090,1e+06,0.531861689795648,0.353615699067884,0.966992168801963,"TCGA_PRAD_primary","KLA31_11"
"TCGA-HC-A6AL-01A",60386,31097,55256939,1e+06,0.486950617692843,0.353615699067884,0.966992168801963,"TCGA_PRAD_primary","KLA31_11"
"TCGA-EJ-5506-01A",60386,34656,63372528,1e+06,0.428079356142152,0.353615699067884,0.966992168801963,"TCGA_PRAD_primary","KLA31_11"
"TCGA-VP-A875-01A",60386,33419,58198899,1e+06,0.448531116483953,0.353615699067884,0.966992168801963,"TCGA_PRAD_primary","KLA31_11"
"TCGA-ZG-A9L5-01A",60386,34992,79280724,1e+06,0.422697313946941,0.353615699067884,0.966992168801963,"TCGA_PRAD_primary","KLA31_11"
"TCGA-J4-A6M7-01A",60386,31720,55872680,1e+06,0.476567416288544,0.353615699067884,0.966992168801963,"TCGA_PRAD_primary","KLA31_11"
"TCGA-ZG-A8QW-01A",60386,30807,33262500,1e+06,0.49170337495446,0.353615699067884,0.966992168801963,"TCGA_PRAD_primary","KLA31_11"
"TCGA-J4-AAU2-01A",60386,31109,49073814,1e+06,0.486768456264697,0.353615699067884,0.966992168801963,"TCGA_PRAD_primary","KLA31_11"
"TCGA-HC-8261-01B",60386,49008,76181335,1e+06,0.191103898254562,0.353615699067884,0.966992168801963,"TCGA_PRAD_primary","KLA31_11"
"TCGA-G9-6362-01A",60386,29343,44073675,1e+06,0.515947405027655,0.353615699067884,0.966992168801963,"TCGA_PRAD_primary","KLA31_11"
"TCGA-HC-7818-01A",60386,32736,63325059,1e+06,0.459792004769317,0.353615699067884,0.966992168801963,"TCGA_PRAD_primary","KLA31_11"
"TCGA-HC-7747-01A",60386,29674,50583860,1e+06,0.510333521014805,0.353615699067884,0.966992168801963,"TCGA_PRAD_primary","KLA31_11"
"TCGA-H9-7775-01A",60386,32492,62507323,1e+06,0.463898916967509,0.353615699067884,0.966992168801963,"TCGA_PRAD_primary","KLA31_11"
"TCGA-XK-AAJU-01A",60386,32067,40989841,1e+06,0.471019772795019,0.353615699067884,0.966992168801963,"TCGA_PRAD_primary","KLA31_11"
"TCGA-EJ-A7NF-01A",60386,31983,48512788,1e+06,0.472278342662206,0.353615699067884,0.966992168801963,"TCGA_PRAD_primary","KLA31_11"
"TCGA-KK-A7AY-01A",60386,29085,34869853,1e+06,0.520070877355678,0.353615699067884,0.966992168801963,"TCGA_PRAD_primary","KLA31_11"
"TCGA-EJ-5526-01A",60386,35370,61731150,1e+06,0.41637134435134,0.353615699067884,0.966992168801963,"TCGA_PRAD_primary","KLA31_11"
"TCGA-G9-7525-01A",60386,29035,58380911,1e+06,0.520898883847249,0.353615699067884,0.966992168801963,"TCGA_PRAD_primary","KLA31_11"
"TCGA-KK-A7AP-01A",60386,33369,55336783,1e+06,0.449441923624681,0.353615699067884,0.966992168801963,"TCGA_PRAD_primary","KLA31_11"
"TCGA-G9-6351-01A",60386,31516,61370001,1e+06,0.479945682774153,0.353615699067884,0.966992168801963,"TCGA_PRAD_primary","KLA31_11"
"TCGA-EJ-5514-01A",60386,33896,57633448,1e+06,0.440648494684198,0.353615699067884,0.966992168801963,"TCGA_PRAD_primary","KLA31_11"
"TCGA-HC-7744-01A",60386,30508,57420085,1e+06,0.496588613254728,0.353615699067884,0.966992168801963,"TCGA_PRAD_primary","KLA31_11"
"TCGA-V1-A9O9-01A",60386,34672,57965434,1e+06,0.427897194714007,0.353615699067884,0.966992168801963,"TCGA_PRAD_primary","KLA31_11"
"TCGA-CH-5768-01A",60386,33982,62917142,1e+06,0.439158082999371,0.353615699067884,0.966992168801963,"TCGA_PRAD_primary","KLA31_11"
"TCGA-FC-A5OB-01A",60386,29016,46338315,1e+06,0.521114165535058,0.353615699067884,0.966992168801963,"TCGA_PRAD_primary","KLA31_11"
"TCGA-V1-A8WL-01A",60386,32067,36011768,1e+06,0.470787930977379,0.353615699067884,0.966992168801963,"TCGA_PRAD_primary","KLA31_11"
"TCGA-HC-8266-01A",60386,33287,49736677,1e+06,0.450667373232206,0.353615699067884,0.966992168801963,"TCGA_PRAD_primary","KLA31_11"
"TCGA-HC-8262-01A",60386,33947,65668712,1e+06,0.439870168582122,0.353615699067884,0.966992168801963,"TCGA_PRAD_primary","KLA31_11"
"TCGA-M7-A725-01A",60386,31729,59589598,1e+06,0.476352134600735,0.353615699067884,0.966992168801963,"TCGA_PRAD_primary","KLA31_11"
"TCGA-HC-7080-01A",60386,39778,77238221,1e+06,0.343440532573775,0.353615699067884,0.966992168801963,"TCGA_PRAD_primary","KLA31_11"
"TCGA-YL-A8SF-01A",60386,33080,53296607,1e+06,0.454178120756467,0.353615699067884,0.966992168801963,"TCGA_PRAD_primary","KLA31_11"
"TCGA-V1-A9OL-01A",60386,32788,51353424,1e+06,0.458930878018084,0.353615699067884,0.966992168801963,"TCGA_PRAD_primary","KLA31_11"
"TCGA-YL-A8HL-01A",60386,32075,49169892,1e+06,0.470589209419402,0.353615699067884,0.966992168801963,"TCGA_PRAD_primary","KLA31_11"
"TCGA-J9-A52D-01A",60386,29685,45954684,1e+06,0.510002318418176,0.353615699067884,0.966992168801963,"TCGA_PRAD_primary","KLA31_11"
"TCGA-G9-6353-01A",60386,32282,63157828,1e+06,0.467227503063624,0.353615699067884,0.966992168801963,"TCGA_PRAD_primary","KLA31_11"
"TCGA-EJ-5508-01A",60386,31935,39983171,1e+06,0.472957307985295,0.353615699067884,0.966992168801963,"TCGA_PRAD_primary","KLA31_11"
"TCGA-EJ-5512-01A",60386,30737,37255853,1e+06,0.492796343523333,0.353615699067884,0.966992168801963,"TCGA_PRAD_primary","KLA31_11"
"TCGA-EJ-7331-01A",60386,33303,67297186,1e+06,0.450485211804061,0.353615699067884,0.966992168801963,"TCGA_PRAD_primary","KLA31_11"
"TCGA-G9-6347-01A",60386,32789,58185509,1e+06,0.458781836849601,0.353615699067884,0.966992168801963,"TCGA_PRAD_primary","KLA31_11"
"TCGA-G9-6363-01A",60386,27798,21313143,1e+06,0.541135362501242,0.353615699067884,0.966992168801963,"TCGA_PRAD_primary","KLA31_11"
"TCGA-EJ-5521-01A",60386,31397,78097953,1e+06,0.481883217964429,0.353615699067884,0.966992168801963,"TCGA_PRAD_primary","KLA31_11"
"TCGA-V1-A9OF-01A",60386,31973,40397669,1e+06,0.472328023051701,0.353615699067884,0.966992168801963,"TCGA_PRAD_primary","KLA31_11"
"TCGA-EJ-7115-01A",60386,32158,57064931,1e+06,0.469347199682046,0.353615699067884,0.966992168801963,"TCGA_PRAD_primary","KLA31_11"
"TCGA-KK-A8IK-01A",60386,30933,42325427,1e+06,0.489451197297387,0.353615699067884,0.966992168801963,"TCGA_PRAD_primary","KLA31_11"
"TCGA-ZG-A9L4-01A",60386,31855,57544377,1e+06,0.474398039280628,0.353615699067884,0.966992168801963,"TCGA_PRAD_primary","KLA31_11"
"TCGA-ZG-A9L9-01A",60386,28667,40524146,1e+06,0.526926771105885,0.353615699067884,0.966992168801963,"TCGA_PRAD_primary","KLA31_11"
"TCGA-EJ-A65M-01A",60386,30779,47815171,1e+06,0.492133938330077,0.353615699067884,0.966992168801963,"TCGA_PRAD_primary","KLA31_11"
"TCGA-EJ-A7NN-01A",60386,34717,48752765,1e+06,0.427052628092604,0.353615699067884,0.966992168801963,"TCGA_PRAD_primary","KLA31_11"
"TCGA-HC-7232-01A",60386,31501,61304394,1e+06,0.480177524591793,0.353615699067884,0.966992168801963,"TCGA_PRAD_primary","KLA31_11"
"TCGA-ZG-A9LZ-01A",60386,34011,56564272,1e+06,0.438661279104428,0.353615699067884,0.966992168801963,"TCGA_PRAD_primary","KLA31_11"
"TCGA-KK-A7AQ-01A",60386,32406,46990346,1e+06,0.46530652800318,0.353615699067884,0.966992168801963,"TCGA_PRAD_primary","KLA31_11"
"TCGA-YL-A8SR-01B",60386,31732,46668542,1e+06,0.47640181499023,0.353615699067884,0.966992168801963,"TCGA_PRAD_primary","KLA31_11"
"TCGA-YL-A9WL-01A",60386,32613,69032248,1e+06,0.461828900738582,0.353615699067884,0.966992168801963,"TCGA_PRAD_primary","KLA31_11"
"TCGA-KK-A8II-01A",60386,32661,56342760,1e+06,0.460934653727685,0.353615699067884,0.966992168801963,"TCGA_PRAD_primary","KLA31_11"
"TCGA-G9-6371-01A",60386,29716,66608978,1e+06,0.509671115821548,0.353615699067884,0.966992168801963,"TCGA_PRAD_primary","KLA31_11"
"TCGA-XK-AAJA-01A",60386,35890,71024327,1e+06,0.407677276189845,0.353615699067884,0.966992168801963,"TCGA_PRAD_primary","KLA31_11"
"TCGA-HC-8258-01B",60386,37980,23268791,1e+06,0.373050044712351,0.353615699067884,0.966992168801963,"TCGA_PRAD_primary","KLA31_11"
"TCGA-ZG-A8QZ-01A",60386,32976,51018176,1e+06,0.455916934388766,0.353615699067884,0.966992168801963,"TCGA_PRAD_primary","KLA31_11"
"TCGA-CH-5752-01A",60386,32778,61215087,1e+06,0.459129599576061,0.353615699067884,0.966992168801963,"TCGA_PRAD_primary","KLA31_11"
"TCGA-HC-A631-01A",60386,30591,46755563,1e+06,0.495147881959395,0.353615699067884,0.966992168801963,"TCGA_PRAD_primary","KLA31_11"
"TCGA-V1-A8WN-01A",60386,34050,57250690,1e+06,0.438081674560329,0.353615699067884,0.966992168801963,"TCGA_PRAD_primary","KLA31_11"
"TCGA-CH-5750-01A",60386,32817,36135133,1e+06,0.458202232305501,0.353615699067884,0.966992168801963,"TCGA_PRAD_primary","KLA31_11"
"TCGA-V1-A9ZG-01A",60386,32716,57752651,1e+06,0.460073526976451,0.353615699067884,0.966992168801963,"TCGA_PRAD_primary","KLA31_11"
"TCGA-EJ-5504-01A",60386,31894,48530779,1e+06,0.473636273308383,0.353615699067884,0.966992168801963,"TCGA_PRAD_primary","KLA31_11"
"TCGA-EJ-A65B-01A",60386,31051,45199429,1e+06,0.487629583015931,0.353615699067884,0.966992168801963,"TCGA_PRAD_primary","KLA31_11"
"TCGA-EJ-8469-01A",60386,29260,23249639,1e+06,0.516974133077203,0.353615699067884,0.966992168801963,"TCGA_PRAD_primary","KLA31_11"
"TCGA-KK-A59Z-01A",60386,29716,43828566,1e+06,0.509588315172391,0.353615699067884,0.966992168801963,"TCGA_PRAD_primary","KLA31_11"
"TCGA-G9-6369-01A",60386,28551,59868079,1e+06,0.528814625906667,0.353615699067884,0.966992168801963,"TCGA_PRAD_primary","KLA31_11"
"TCGA-EJ-5530-01A",60386,34950,75850537,1e+06,0.423094757062895,0.353615699067884,0.966992168801963,"TCGA_PRAD_primary","KLA31_11"
"TCGA-G9-6385-01A",60386,32312,63199353,1e+06,0.466846620077501,0.353615699067884,0.966992168801963,"TCGA_PRAD_primary","KLA31_11"
"TCGA-ZG-A9LB-01A",60386,28899,32127702,1e+06,0.523035140595502,0.353615699067884,0.966992168801963,"TCGA_PRAD_primary","KLA31_11"
"TCGA-YL-A8HM-01A",60386,32023,50812561,1e+06,0.47150001656013,0.353615699067884,0.966992168801963,"TCGA_PRAD_primary","KLA31_11"
"TCGA-EJ-7327-01A",60386,33763,66929310,1e+06,0.442784751432451,0.353615699067884,0.966992168801963,"TCGA_PRAD_primary","KLA31_11"
"TCGA-VN-A88N-01A",60386,31577,48050433,1e+06,0.478819593945617,0.353615699067884,0.966992168801963,"TCGA_PRAD_primary","KLA31_11"
"TCGA-EJ-A8FN-01A",60386,31475,42627624,1e+06,0.480657768356904,0.353615699067884,0.966992168801963,"TCGA_PRAD_primary","KLA31_11"
"TCGA-VP-AA1N-01A",60386,32354,63571763,1e+06,0.46613453449475,0.353615699067884,0.966992168801963,"TCGA_PRAD_primary","KLA31_11"
"TCGA-HC-8261-01A",60386,33362,65577449,1e+06,0.449475043884344,0.353615699067884,0.966992168801963,"TCGA_PRAD_primary","KLA31_11"
"TCGA-VN-A88O-01A",60386,33761,48752159,1e+06,0.442784751432451,0.353615699067884,0.966992168801963,"TCGA_PRAD_primary","KLA31_11"
"TCGA-G9-7510-01A",60386,32123,66679694,1e+06,0.469860563706819,0.353615699067884,0.966992168801963,"TCGA_PRAD_primary","KLA31_11"
"TCGA-J9-A8CK-01A",60386,32057,49153344,1e+06,0.47115225383367,0.353615699067884,0.966992168801963,"TCGA_PRAD_primary","KLA31_11"
"TCGA-HC-7211-01A",60386,33517,71624067,1e+06,0.446875103500811,0.353615699067884,0.966992168801963,"TCGA_PRAD_primary","KLA31_11"
"TCGA-HC-7817-01B",60386,31871,45900467,1e+06,0.474166197462988,0.353615699067884,0.966992168801963,"TCGA_PRAD_primary","KLA31_11"
"TCGA-HC-A6HX-01A",60386,31073,45098957,1e+06,0.487314940549134,0.353615699067884,0.966992168801963,"TCGA_PRAD_primary","KLA31_11"
"TCGA-YL-A8SJ-01B",60386,32933,39194944,1e+06,0.456612459841685,0.353615699067884,0.966992168801963,"TCGA_PRAD_primary","KLA31_11"
"TCGA-V1-A8MJ-01A",60386,31052,38811877,1e+06,0.487646143145762,0.353615699067884,0.966992168801963,"TCGA_PRAD_primary","KLA31_11"
"TCGA-EJ-5511-01A",60386,35187,85190859,1e+06,0.419236246812175,0.353615699067884,0.966992168801963,"TCGA_PRAD_primary","KLA31_11"
"TCGA-M7-A724-01A",60386,29771,60473588,1e+06,0.508843109329977,0.353615699067884,0.966992168801963,"TCGA_PRAD_primary","KLA31_11"
"TCGA-G9-6370-01A",60386,31596,58769182,1e+06,0.478670552777134,0.353615699067884,0.966992168801963,"TCGA_PRAD_primary","KLA31_11"
"TCGA-FC-A6HD-01A",60386,28897,41094316,1e+06,0.523151061504322,0.353615699067884,0.966992168801963,"TCGA_PRAD_primary","KLA31_11"
"TCGA-EJ-7797-01A",60386,33164,58888866,1e+06,0.452770509720796,0.353615699067884,0.966992168801963,"TCGA_PRAD_primary","KLA31_11"
"TCGA-J4-A6G1-01A",60386,32665,46604986,1e+06,0.460967773987348,0.353615699067884,0.966992168801963,"TCGA_PRAD_primary","KLA31_11"
"TCGA-J4-AATV-01A",60386,33705,51558375,1e+06,0.443894280131156,0.353615699067884,0.966992168801963,"TCGA_PRAD_primary","KLA31_11"
"TCGA-KC-A7F6-01A",60386,33184,43849117,1e+06,0.452306826085517,0.353615699067884,0.966992168801963,"TCGA_PRAD_primary","KLA31_11"
"TCGA-HC-A48F-01A",60386,32306,48129702,1e+06,0.466929420726658,0.353615699067884,0.966992168801963,"TCGA_PRAD_primary","KLA31_11"
"TCGA-VN-A88R-01A",60386,29831,36149993,1e+06,0.507551419203127,0.353615699067884,0.966992168801963,"TCGA_PRAD_primary","KLA31_11"
"TCGA-EJ-5499-01A",60386,30479,59965651,1e+06,0.497035736760176,0.353615699067884,0.966992168801963,"TCGA_PRAD_primary","KLA31_11"
"TCGA-CH-5788-01A",60386,28793,28617948,1e+06,0.524724273838307,0.353615699067884,0.966992168801963,"TCGA_PRAD_primary","KLA31_11"
"TCGA-HC-A4ZV-01A",60386,31672,33226760,1e+06,0.477312622130957,0.353615699067884,0.966992168801963,"TCGA_PRAD_primary","KLA31_11"
"TCGA-CH-5763-01A",60386,34013,50055142,1e+06,0.438860000662405,0.353615699067884,0.966992168801963,"TCGA_PRAD_primary","KLA31_11"
"TCGA-HC-8265-01B",60386,37038,20719185,1e+06,0.388715927532872,0.353615699067884,0.966992168801963,"TCGA_PRAD_primary","KLA31_11"
"TCGA-HC-8213-01A",60386,29174,44235860,1e+06,0.518630146060345,0.353615699067884,0.966992168801963,"TCGA_PRAD_primary","KLA31_11"
"TCGA-EJ-5501-01A",60386,34622,87961801,1e+06,0.428592720166926,0.353615699067884,0.966992168801963,"TCGA_PRAD_primary","KLA31_11"
"TCGA-VN-A88P-01A",60386,30773,39742821,1e+06,0.492216738979234,0.353615699067884,0.966992168801963,"TCGA_PRAD_primary","KLA31_11"
"TCGA-HC-7749-01A",60386,32938,73352663,1e+06,0.456463418673202,0.353615699067884,0.966992168801963,"TCGA_PRAD_primary","KLA31_11"
"TCGA-KK-A8IA-01A",60386,33587,60490523,1e+06,0.445682774152949,0.353615699067884,0.966992168801963,"TCGA_PRAD_primary","KLA31_11"
"TCGA-YL-A8SQ-01B",60386,32466,39364394,1e+06,0.464329480343126,0.353615699067884,0.966992168801963,"TCGA_PRAD_primary","KLA31_11"
"TCGA-G9-A9S0-01A",60386,28589,30169097,1e+06,0.528301261881893,0.353615699067884,0.966992168801963,"TCGA_PRAD_primary","KLA31_11"
"TCGA-HC-A8D0-01A",60386,31804,38604444,1e+06,0.475275726161693,0.353615699067884,0.966992168801963,"TCGA_PRAD_primary","KLA31_11"
"TCGA-G9-6494-01A",60386,30152,54026657,1e+06,0.502484019474713,0.353615699067884,0.966992168801963,"TCGA_PRAD_primary","KLA31_11"
"TCGA-XK-AAIV-01A",60386,29995,27659743,1e+06,0.504918358559931,0.353615699067884,0.966992168801963,"TCGA_PRAD_primary","KLA31_11"
"TCGA-XK-AAIR-01A",60386,32132,48927548,1e+06,0.469893683966482,0.353615699067884,0.966992168801963,"TCGA_PRAD_primary","KLA31_11"
"TCGA-J9-A8CL-01A",60386,32604,39578311,1e+06,0.46204418242639,0.353615699067884,0.966992168801963,"TCGA_PRAD_primary","KLA31_11"
"TCGA-EJ-5509-01A",60386,34564,99636289,1e+06,0.429652568476137,0.353615699067884,0.966992168801963,"TCGA_PRAD_primary","KLA31_11"
"TCGA-EJ-5542-01A",60386,33089,62936156,1e+06,0.453846918159838,0.353615699067884,0.966992168801963,"TCGA_PRAD_primary","KLA31_11"
"TCGA-EJ-7782-01A",60386,36646,64971327,1e+06,0.395257178816282,0.353615699067884,0.966992168801963,"TCGA_PRAD_primary","KLA31_11"
"TCGA-XK-AAJ3-01A",60386,32545,44763728,1e+06,0.463004669956612,0.353615699067884,0.966992168801963,"TCGA_PRAD_primary","KLA31_11"
"TCGA-V1-A9OX-01A",60386,32277,44850192,1e+06,0.467393104361938,0.353615699067884,0.966992168801963,"TCGA_PRAD_primary","KLA31_11"
"TCGA-J9-A52C-01A",60386,29370,33087643,1e+06,0.515400920743219,0.353615699067884,0.966992168801963,"TCGA_PRAD_primary","KLA31_11"
"TCGA-EJ-5505-01A",60386,32219,58958949,1e+06,0.468370152021992,0.353615699067884,0.966992168801963,"TCGA_PRAD_primary","KLA31_11"
"TCGA-EJ-7791-01A",60386,34150,89712787,1e+06,0.436525022356175,0.353615699067884,0.966992168801963,"TCGA_PRAD_primary","KLA31_11"
"TCGA-KK-A8IM-01A",60386,33624,47685192,1e+06,0.445086609479018,0.353615699067884,0.966992168801963,"TCGA_PRAD_primary","KLA31_11"
"TCGA-EJ-5525-01A",60386,29135,32624279,1e+06,0.51916007021495,0.353615699067884,0.966992168801963,"TCGA_PRAD_primary","KLA31_11"
"TCGA-V1-A8WS-01A",60386,32645,64409606,1e+06,0.461298976583976,0.353615699067884,0.966992168801963,"TCGA_PRAD_primary","KLA31_11"
"TCGA-J4-A83M-01A",60386,32760,52509548,1e+06,0.45947736230252,0.353615699067884,0.966992168801963,"TCGA_PRAD_primary","KLA31_11"
"TCGA-EJ-A7NJ-01A",60386,33498,52377846,1e+06,0.447189745967608,0.353615699067884,0.966992168801963,"TCGA_PRAD_primary","KLA31_11"
"TCGA-CH-5762-01A",60386,34229,50681146,1e+06,0.435084291060842,0.353615699067884,0.966992168801963,"TCGA_PRAD_primary","KLA31_11"
"TCGA-EJ-7321-01A",60386,30902,49551361,1e+06,0.490130162620475,0.353615699067884,0.966992168801963,"TCGA_PRAD_primary","KLA31_11"
"TCGA-2A-A8VO-01A",60386,30755,34688483,1e+06,0.492547941575862,0.353615699067884,0.966992168801963,"TCGA_PRAD_primary","KLA31_11"
"TCGA-H9-A6BX-01A",60386,31904,44714523,1e+06,0.473586592918888,0.353615699067884,0.966992168801963,"TCGA_PRAD_primary","KLA31_11"
"TCGA-G9-7519-01A",60386,29617,65111275,1e+06,0.51132712880469,0.353615699067884,0.966992168801963,"TCGA_PRAD_primary","KLA31_11"
"TCGA-HC-7230-01A",60386,31112,64789875,1e+06,0.486553174576889,0.353615699067884,0.966992168801963,"TCGA_PRAD_primary","KLA31_11"
"TCGA-CH-5754-01A",60386,36883,99689490,1e+06,0.391415228695393,0.353615699067884,0.966992168801963,"TCGA_PRAD_primary","KLA31_11"
"TCGA-V1-A9Z9-01A",60386,27998,18786783,1e+06,0.537806776405127,0.353615699067884,0.966992168801963,"TCGA_PRAD_primary","KLA31_11"
"TCGA-KK-A6E5-01A",60386,31365,47077257,1e+06,0.482429702248866,0.353615699067884,0.966992168801963,"TCGA_PRAD_primary","KLA31_11"
"TCGA-KK-A8I7-01A",60386,32833,48948510,1e+06,0.458251912694996,0.353615699067884,0.966992168801963,"TCGA_PRAD_primary","KLA31_11"
"TCGA-HI-7169-01A",60386,27107,40773443,1e+06,0.552826814162223,0.353615699067884,0.966992168801963,"TCGA_PRAD_primary","KLA31_11"
"TCGA-ZG-A9LN-01A",60386,31414,46722856,1e+06,0.481651376146789,0.353615699067884,0.966992168801963,"TCGA_PRAD_primary","KLA31_11"
"TCGA-KK-A8IG-01A",60386,32855,44558155,1e+06,0.457986950617693,0.353615699067884,0.966992168801963,"TCGA_PRAD_primary","KLA31_11"
"TCGA-YL-A9WH-01A",60386,32271,51042812,1e+06,0.467260623323287,0.353615699067884,0.966992168801963,"TCGA_PRAD_primary","KLA31_11"
"TCGA-EJ-7789-01A",60386,40348,53561753,1e+06,0.334084059219024,0.353615699067884,0.966992168801963,"TCGA_PRAD_primary","KLA31_11"
"TCGA-EJ-A8FU-01A",60386,32321,38397397,1e+06,0.466747259298513,0.353615699067884,0.966992168801963,"TCGA_PRAD_primary","KLA31_11"
"TCGA-EJ-5516-01A",60386,32382,48700488,1e+06,0.465571490080482,0.353615699067884,0.966992168801963,"TCGA_PRAD_primary","KLA31_11"
"TCGA-CH-5764-01A",60386,30171,25530998,1e+06,0.502003775709602,0.353615699067884,0.966992168801963,"TCGA_PRAD_primary","KLA31_11"
"TCGA-XQ-A8TA-01A",60386,33873,51458151,1e+06,0.441161858708972,0.353615699067884,0.966992168801963,"TCGA_PRAD_primary","KLA31_11"
"TCGA-G9-6361-01A",60386,31481,66902234,1e+06,0.480508727188421,0.353615699067884,0.966992168801963,"TCGA_PRAD_primary","KLA31_11"
"TCGA-CH-5791-01A",60386,29553,35119799,1e+06,0.512304176464743,0.353615699067884,0.966992168801963,"TCGA_PRAD_primary","KLA31_11"
"TCGA-ZG-A9LS-01A",60386,30189,25806972,1e+06,0.501805054151625,0.353615699067884,0.966992168801963,"TCGA_PRAD_primary","KLA31_11"
"TCGA-YL-A8SB-01A",60386,33393,49385462,1e+06,0.44896167985957,0.353615699067884,0.966992168801963,"TCGA_PRAD_primary","KLA31_11"
"TCGA-V1-A9O7-01A",60386,35541,68292756,1e+06,0.413556122279999,0.353615699067884,0.966992168801963,"TCGA_PRAD_primary","KLA31_11"
"TCGA-KC-A4BN-01A",60386,30447,38286479,1e+06,0.497582221044613,0.353615699067884,0.966992168801963,"TCGA_PRAD_primary","KLA31_11"
"TCGA-V1-A9OY-01A",60386,32493,43502483,1e+06,0.463898916967509,0.353615699067884,0.966992168801963,"TCGA_PRAD_primary","KLA31_11"
"TCGA-G9-6378-01A",60386,31741,40794642,1e+06,0.476252773821747,0.353615699067884,0.966992168801963,"TCGA_PRAD_primary","KLA31_11"
"TCGA-HC-7748-01A",60386,34035,79564658,1e+06,0.4383300765078,0.353615699067884,0.966992168801963,"TCGA_PRAD_primary","KLA31_11"
"TCGA-VP-A87B-01A",60386,32141,43135508,1e+06,0.469579041499685,0.353615699067884,0.966992168801963,"TCGA_PRAD_primary","KLA31_11"
"TCGA-J4-A67Q-01A",60386,31296,37742743,1e+06,0.483688272116053,0.353615699067884,0.966992168801963,"TCGA_PRAD_primary","KLA31_11"
"TCGA-J9-A8CN-01A",60386,30369,47171718,1e+06,0.498857351041632,0.353615699067884,0.966992168801963,"TCGA_PRAD_primary","KLA31_11"
"TCGA-M7-A71Y-01A",60386,31233,37350138,1e+06,0.484615639386613,0.353615699067884,0.966992168801963,"TCGA_PRAD_primary","KLA31_11"
"TCGA-V1-A9OT-01A",60386,30717,45318768,1e+06,0.493243467028782,0.353615699067884,0.966992168801963,"TCGA_PRAD_primary","KLA31_11"
"TCGA-EJ-7312-01B",60386,29149,37725794,1e+06,0.518944788527142,0.353615699067884,0.966992168801963,"TCGA_PRAD_primary","KLA31_11"
"TCGA-EJ-7123-01A",60386,31536,72579254,1e+06,0.479498559268705,0.353615699067884,0.966992168801963,"TCGA_PRAD_primary","KLA31_11"
"TCGA-J4-A6G3-01A",60386,32751,40776827,1e+06,0.459576723081509,0.353615699067884,0.966992168801963,"TCGA_PRAD_primary","KLA31_11"
"TCGA-KC-A4BL-01A",60386,33096,46021708,1e+06,0.453797237770344,0.353615699067884,0.966992168801963,"TCGA_PRAD_primary","KLA31_11"
"TCGA-HC-7821-01A",60386,32696,59575435,1e+06,0.460454409962574,0.353615699067884,0.966992168801963,"TCGA_PRAD_primary","KLA31_11"
"TCGA-XK-AAJT-01A",60386,29543,24779907,1e+06,0.512602258801709,0.353615699067884,0.966992168801963,"TCGA_PRAD_primary","KLA31_11"
"TCGA-G9-6499-01A",60386,30480,62054848,1e+06,0.497068857019839,0.353615699067884,0.966992168801963,"TCGA_PRAD_primary","KLA31_11"
"TCGA-J4-A83N-01A",60386,31245,44548836,1e+06,0.48435067730931,0.353615699067884,0.966992168801963,"TCGA_PRAD_primary","KLA31_11"
"TCGA-J4-8200-01A",60386,32043,48883023,1e+06,0.471218494352996,0.353615699067884,0.966992168801963,"TCGA_PRAD_primary","KLA31_11"
"TCGA-J4-A83K-01A",60386,34240,59373368,1e+06,0.434935249892359,0.353615699067884,0.966992168801963,"TCGA_PRAD_primary","KLA31_11"
"TCGA-EJ-5497-01A",60386,33827,50303400,1e+06,0.44184082403206,0.353615699067884,0.966992168801963,"TCGA_PRAD_primary","KLA31_11"
"TCGA-SU-A7E7-01A",60386,34255,47736970,1e+06,0.434852449243202,0.353615699067884,0.966992168801963,"TCGA_PRAD_primary","KLA31_11"
"TCGA-HC-A6AS-01A",60386,31491,53869243,1e+06,0.48037624614977,0.353615699067884,0.966992168801963,"TCGA_PRAD_primary","KLA31_11"
"TCGA-V1-A9OQ-01A",60386,28990,32162951,1e+06,0.521528168780843,0.353615699067884,0.966992168801963,"TCGA_PRAD_primary","KLA31_11"
"TCGA-EJ-A46F-01A",60386,28999,41223592,1e+06,0.521279766833372,0.353615699067884,0.966992168801963,"TCGA_PRAD_primary","KLA31_11"
"TCGA-HC-7079-01A",60386,34609,53685156,1e+06,0.428890802503892,0.353615699067884,0.966992168801963,"TCGA_PRAD_primary","KLA31_11"
"TCGA-EJ-A7NH-01A",60386,35139,54447001,1e+06,0.420163614082734,0.353615699067884,0.966992168801963,"TCGA_PRAD_primary","KLA31_11"
"TCGA-VP-A879-01A",60386,32849,45204729,1e+06,0.457970390487861,0.353615699067884,0.966992168801963,"TCGA_PRAD_primary","KLA31_11"
"TCGA-EJ-A46H-01A",60386,33968,42010399,1e+06,0.439505845725831,0.353615699067884,0.966992168801963,"TCGA_PRAD_primary","KLA31_11"
"TCGA-FC-7708-01A",60386,34678,58306828,1e+06,0.42769847315603,0.353615699067884,0.966992168801963,"TCGA_PRAD_primary","KLA31_11"
"TCGA-EJ-8470-01A",60386,35570,64748523,1e+06,0.41310899877455,0.353615699067884,0.966992168801963,"TCGA_PRAD_primary","KLA31_11"
"TCGA-HI-7168-01A",60386,33556,59949323,1e+06,0.446477660384857,0.353615699067884,0.966992168801963,"TCGA_PRAD_primary","KLA31_11"
"TCGA-KK-A8IL-01A",60386,33437,46067857,1e+06,0.448199913887325,0.353615699067884,0.966992168801963,"TCGA_PRAD_primary","KLA31_11"
"TCGA-EJ-5518-01A",60386,35378,90267445,1e+06,0.415990461365217,0.353615699067884,0.966992168801963,"TCGA_PRAD_primary","KLA31_11"
"TCGA-G9-6338-01A",60386,31161,53395927,1e+06,0.485907329513463,0.353615699067884,0.966992168801963,"TCGA_PRAD_primary","KLA31_11"
"TCGA-EJ-7315-01A",60386,31864,71220285,1e+06,0.474083396813831,0.353615699067884,0.966992168801963,"TCGA_PRAD_primary","KLA31_11"
"TCGA-HC-7750-01A",60386,29329,38014493,1e+06,0.51599708541715,0.353615699067884,0.966992168801963,"TCGA_PRAD_primary","KLA31_11"
"TCGA-YL-A9WI-01A",60386,31412,43178835,1e+06,0.48166793627662,0.353615699067884,0.966992168801963,"TCGA_PRAD_primary","KLA31_11"
"TCGA-CH-5743-01A",60386,34175,60641309,1e+06,0.436094458980558,0.353615699067884,0.966992168801963,"TCGA_PRAD_primary","KLA31_11"
"TCGA-EJ-7785-01A",60386,34438,71287127,1e+06,0.431722584705064,0.353615699067884,0.966992168801963,"TCGA_PRAD_primary","KLA31_11"
"TCGA-J9-A52B-01A",60386,30593,38531789,1e+06,0.495181002219057,0.353615699067884,0.966992168801963,"TCGA_PRAD_primary","KLA31_11"
"TCGA-KK-A7AW-01A",60386,27112,32549398,1e+06,0.552495611565595,0.353615699067884,0.966992168801963,"TCGA_PRAD_primary","KLA31_11"
"TCGA-V1-A8MG-01A",60386,32695,31794125,1e+06,0.460586891001225,0.353615699067884,0.966992168801963,"TCGA_PRAD_primary","KLA31_11"
"TCGA-ZG-A9N3-01A",60386,27342,19849407,1e+06,0.548719901964031,0.353615699067884,0.966992168801963,"TCGA_PRAD_primary","KLA31_11"
"TCGA-J9-A52E-01A",60386,31248,38833188,1e+06,0.48435067730931,0.353615699067884,0.966992168801963,"TCGA_PRAD_primary","KLA31_11"
"TCGA-FC-A4JI-01A",60386,30814,52804973,1e+06,0.491289371708674,0.353615699067884,0.966992168801963,"TCGA_PRAD_primary","KLA31_11"
"TCGA-KK-A8I8-01A",60386,31578,37634812,1e+06,0.478769913556122,0.353615699067884,0.966992168801963,"TCGA_PRAD_primary","KLA31_11"
"TCGA-EJ-7781-01A",60386,33609,62979712,1e+06,0.445401251945815,0.353615699067884,0.966992168801963,"TCGA_PRAD_primary","KLA31_11"
"TCGA-V1-A9ZR-01A",60386,32249,36453520,1e+06,0.467923028516544,0.353615699067884,0.966992168801963,"TCGA_PRAD_primary","KLA31_11"
"TCGA-HC-A8D1-01A",60386,32589,42404626,1e+06,0.46227602424403,0.353615699067884,0.966992168801963,"TCGA_PRAD_primary","KLA31_11"
"TCGA-ZG-A9ND-01A",60386,28184,30118549,1e+06,0.53492531381446,0.353615699067884,0.966992168801963,"TCGA_PRAD_primary","KLA31_11"
"TCGA-YL-A8HK-01A",60386,34689,51893139,1e+06,0.427632232636704,0.353615699067884,0.966992168801963,"TCGA_PRAD_primary","KLA31_11"
"TCGA-VN-A88M-01A",60386,30853,43915103,1e+06,0.490908488722552,0.353615699067884,0.966992168801963,"TCGA_PRAD_primary","KLA31_11"
"TCGA-ZG-A9L0-01A",60386,32644,42921133,1e+06,0.461398337362965,0.353615699067884,0.966992168801963,"TCGA_PRAD_primary","KLA31_11"
"TCGA-G9-6343-01A",60386,28607,58097264,1e+06,0.527986619415096,0.353615699067884,0.966992168801963,"TCGA_PRAD_primary","KLA31_11"
"TCGA-EJ-A65E-01A",60386,32716,46938521,1e+06,0.460090087106283,0.353615699067884,0.966992168801963,"TCGA_PRAD_primary","KLA31_11"
"TCGA-KK-A7AU-01A",60386,32865,53895473,1e+06,0.45760606763157,0.353615699067884,0.966992168801963,"TCGA_PRAD_primary","KLA31_11"
"TCGA-XJ-A9DI-01A",60386,33561,40249681,1e+06,0.446312059086543,0.353615699067884,0.966992168801963,"TCGA_PRAD_primary","KLA31_11"
"TCGA-KC-A7F5-01A",60386,32096,51342823,1e+06,0.470357367601762,0.353615699067884,0.966992168801963,"TCGA_PRAD_primary","KLA31_11"
"TCGA-CH-5771-01A",60386,34817,94469862,1e+06,0.425512536018282,0.353615699067884,0.966992168801963,"TCGA_PRAD_primary","KLA31_11"
"TCGA-HC-A6HY-01A",60386,29991,46098507,1e+06,0.505034279468751,0.353615699067884,0.966992168801963,"TCGA_PRAD_primary","KLA31_11"
"TCGA-V1-A9ZI-01A",60386,29371,26525726,1e+06,0.51541748087305,0.353615699067884,0.966992168801963,"TCGA_PRAD_primary","KLA31_11"
"TCGA-HC-7081-01A",60386,30547,40929782,1e+06,0.495992448580797,0.353615699067884,0.966992168801963,"TCGA_PRAD_primary","KLA31_11"
"TCGA-EJ-A46B-01A",60386,30101,37236328,1e+06,0.503295465836452,0.353615699067884,0.966992168801963,"TCGA_PRAD_primary","KLA31_11"
"TCGA-HC-8259-01A",60386,32278,62200578,1e+06,0.467393104361938,0.353615699067884,0.966992168801963,"TCGA_PRAD_primary","KLA31_11"
"TCGA-CH-5790-01A",60386,32483,38958191,1e+06,0.463981717616666,0.353615699067884,0.966992168801963,"TCGA_PRAD_primary","KLA31_11"
"TCGA-V1-A9O5-01A",60386,34033,59251024,1e+06,0.438396317027126,0.353615699067884,0.966992168801963,"TCGA_PRAD_primary","KLA31_11"
"TCGA-HC-8265-01A",60386,37841,47134755,1e+06,0.375567184446726,0.353615699067884,0.966992168801963,"TCGA_PRAD_primary","KLA31_11"
"TCGA-EJ-A7NM-01A",60386,33445,50482079,1e+06,0.447984632199516,0.353615699067884,0.966992168801963,"TCGA_PRAD_primary","KLA31_11"
"TCGA-XK-AAK1-01A",60386,26480,24080424,1e+06,0.562994733878714,0.353615699067884,0.966992168801963,"TCGA_PRAD_primary","KLA31_11"
"TCGA-HC-8260-01A",60386,36643,67251406,1e+06,0.395339979465439,0.353615699067884,0.966992168801963,"TCGA_PRAD_primary","KLA31_11"
"TCGA-G9-6342-01A",60386,32747,57100727,1e+06,0.459543602821846,0.353615699067884,0.966992168801963,"TCGA_PRAD_primary","KLA31_11"
"TCGA-ZG-A9L1-01A",60386,28634,29618809,1e+06,0.527440135130659,0.353615699067884,0.966992168801963,"TCGA_PRAD_primary","KLA31_11"
"TCGA-J4-A67N-01A",60386,31580,44455230,1e+06,0.478803033815785,0.353615699067884,0.966992168801963,"TCGA_PRAD_primary","KLA31_11"
"TCGA-CH-5748-01A",60386,32788,53366715,1e+06,0.458897757758421,0.353615699067884,0.966992168801963,"TCGA_PRAD_primary","KLA31_11"
"TCGA-HC-A76X-01A",60386,33517,73630987,1e+06,0.446924783890306,0.353615699067884,0.966992168801963,"TCGA_PRAD_primary","KLA31_11"
"TCGA-EJ-7783-01A",60386,36066,68992882,1e+06,0.404795813599179,0.353615699067884,0.966992168801963,"TCGA_PRAD_primary","KLA31_11"
"TCGA-G9-6356-01A",60386,32738,58114019,1e+06,0.459742324379823,0.353615699067884,0.966992168801963,"TCGA_PRAD_primary","KLA31_11"
"TCGA-G9-6364-01A",60386,32230,49157196,1e+06,0.468105189944689,0.353615699067884,0.966992168801963,"TCGA_PRAD_primary","KLA31_11"
"TCGA-EJ-5515-01A",60386,34016,51125443,1e+06,0.438744079753585,0.353615699067884,0.966992168801963,"TCGA_PRAD_primary","KLA31_11"
"TCGA-EJ-5522-01A",60386,35502,75981805,1e+06,0.414201967343424,0.353615699067884,0.966992168801963,"TCGA_PRAD_primary","KLA31_11"
"TCGA-CH-5753-01A",60386,36456,50593273,1e+06,0.398436723743914,0.353615699067884,0.966992168801963,"TCGA_PRAD_primary","KLA31_11"
"TCGA-2A-A8W1-01A",60386,30238,45968731,1e+06,0.501026728049548,0.353615699067884,0.966992168801963,"TCGA_PRAD_primary","KLA31_11"
"TCGA-CH-5772-01A",60386,28448,27281867,1e+06,0.530569999668797,0.353615699067884,0.966992168801963,"TCGA_PRAD_primary","KLA31_11"
"TCGA-ZG-A9L6-01A",60386,32180,44520817,1e+06,0.469148478124069,0.353615699067884,0.966992168801963,"TCGA_PRAD_primary","KLA31_11"
"TCGA-HC-A632-01A",60386,30805,43269215,1e+06,0.491637134435134,0.353615699067884,0.966992168801963,"TCGA_PRAD_primary","KLA31_11"
"TCGA-KK-A6E6-01A",60386,31441,45234589,1e+06,0.481088331732521,0.353615699067884,0.966992168801963,"TCGA_PRAD_primary","KLA31_11"
"TCGA-KK-A6E3-01A",60386,30180,44020517,1e+06,0.501954095320107,0.353615699067884,0.966992168801963,"TCGA_PRAD_primary","KLA31_11"
"TCGA-EJ-A8FO-01A",60386,32706,54954008,1e+06,0.460222568144934,0.353615699067884,0.966992168801963,"TCGA_PRAD_primary","KLA31_11"
"TCGA-KK-A7B2-01A",60386,32602,41198128,1e+06,0.462027622296559,0.353615699067884,0.966992168801963,"TCGA_PRAD_primary","KLA31_11"
"TCGA-G9-6377-01A",60386,30677,59912713,1e+06,0.493657470274567,0.353615699067884,0.966992168801963,"TCGA_PRAD_primary","KLA31_11"
"TCGA-EJ-8468-01A",60386,30625,28310698,1e+06,0.494518597025801,0.353615699067884,0.966992168801963,"TCGA_PRAD_primary","KLA31_11"
"TCGA-HC-A6AP-01A",60386,31735,49085964,1e+06,0.476368694730567,0.353615699067884,0.966992168801963,"TCGA_PRAD_primary","KLA31_11"
"TCGA-ZG-A9NI-01A",60386,28234,30438386,1e+06,0.534080747193058,0.353615699067884,0.966992168801963,"TCGA_PRAD_primary","KLA31_11"
"TCGA-HC-7742-01A",60386,31751,56690848,1e+06,0.476037492133938,0.353615699067884,0.966992168801963,"TCGA_PRAD_primary","KLA31_11"
"TCGA-EJ-A8FP-01A",60386,32842,43921147,1e+06,0.45818567217567,0.353615699067884,0.966992168801963,"TCGA_PRAD_primary","KLA31_11"
"TCGA-YL-A9WJ-01A",60386,33833,54527850,1e+06,0.441608982214421,0.353615699067884,0.966992168801963,"TCGA_PRAD_primary","KLA31_11"
"TCGA-EJ-A46E-01A",60386,31883,36806193,1e+06,0.473702513827708,0.353615699067884,0.966992168801963,"TCGA_PRAD_primary","KLA31_11"
"TCGA-YL-A8SK-01B",60386,34841,47283094,1e+06,0.425098532772497,0.353615699067884,0.966992168801963,"TCGA_PRAD_primary","KLA31_11"
"TCGA-XK-AAIW-01A",60386,30776,58410196,1e+06,0.492034577551088,0.353615699067884,0.966992168801963,"TCGA_PRAD_primary","KLA31_11"
"TCGA-KK-A8I9-01A",60386,33254,41260787,1e+06,0.451197297386812,0.353615699067884,0.966992168801963,"TCGA_PRAD_primary","KLA31_11"
"GSM7574837",27400,22386,40587966,1e+06,0.193248175182482,0.829768514151344,0.882314360660234,"tendon_nondiabetic","KLA31_01"
"GSM7574838",27400,20636,47988937,1e+06,0.25456204379562,0.829768514151344,0.882314360660234,"tendon_nondiabetic","KLA31_01"
"GSM7574839",27400,19784,34725640,1e+06,0.28521897810219,0.829768514151344,0.882314360660234,"tendon_nondiabetic","KLA31_01"
