ConnGroup,LogLoss,Model,candidate_lambda,OuterConnGroup
8,0.601272714896212,MP_cal,0.05,1
9,0.529648525464032,MP_cal,0.05,1
10,0.542856491839848,MP_cal,0.05,1
18,0.580455164823939,MP_cal,0.05,1
7,0.536423809087289,MP_cal,0.05,1
11,0.585623250800316,MP_cal,0.05,1
12,0.804471570568978,MP_cal,0.05,1
2,0.545223056769888,MP_cal,0.05,1
4,0.603594655635722,MP_cal,0.05,1
5,0.620299389785323,MP_cal,0.05,1
17,0.463872644973492,MP_cal,0.05,1
3,0.576165845626258,MP_cal,0.05,1
14,0.496421634632711,MP_cal,0.05,1
15,0.667186625911122,MP_cal,0.05,1
6,0.574050845148951,MP_cal,0.05,1
13,0.503487649748351,MP_cal,0.05,1
16,0.579780904605232,MP_cal,0.05,1
19,0.589129408900915,MP_cal,0.05,1
8,0.601275450169993,MP_cal,0.1,1
9,0.529650731825513,MP_cal,0.1,1
10,0.542863850484839,MP_cal,0.1,1
18,0.580460781802166,MP_cal,0.1,1
7,0.536427040026762,MP_cal,0.1,1
11,0.585618727371752,MP_cal,0.1,1
12,0.804462097023347,MP_cal,0.1,1
2,0.545221239453058,MP_cal,0.1,1
4,0.603588781397855,MP_cal,0.1,1
5,0.620292525530229,MP_cal,0.1,1
17,0.463879854488837,MP_cal,0.1,1
3,0.576161065726495,MP_cal,0.1,1
14,0.496420527447163,MP_cal,0.1,1
15,0.667186433728814,MP_cal,0.1,1
6,0.574045316600248,MP_cal,0.1,1
13,0.503493042404689,MP_cal,0.1,1
16,0.579781940077501,MP_cal,0.1,1
19,0.589131943691475,MP_cal,0.1,1
8,0.601286391428515,MP_cal,0.3,1
9,0.529659557040919,MP_cal,0.3,1
10,0.542893278573895,MP_cal,0.3,1
18,0.580483245374904,MP_cal,0.3,1
7,0.536439967558588,MP_cal,0.3,1
11,0.585600653237047,MP_cal,0.3,1
12,0.804424235303796,MP_cal,0.3,1
2,0.545213977227618,MP_cal,0.3,1
4,0.603565299441144,MP_cal,0.3,1
5,0.620265083583021,MP_cal,0.3,1
17,0.463908686745538,MP_cal,0.3,1
3,0.576141958835256,MP_cal,0.3,1
14,0.496416104750026,MP_cal,0.3,1
15,0.667185670064865,MP_cal,0.3,1
6,0.574023213402401,MP_cal,0.3,1
13,0.503514610050463,MP_cal,0.3,1
16,0.579786084954351,MP_cal,0.3,1
19,0.589142083171013,MP_cal,0.3,1
8,0.601324687844872,MP_cal,1,1
9,0.529690442362429,MP_cal,1,1
10,0.542996195188089,MP_cal,1,1
18,0.580561813240867,MP_cal,1,1
7,0.536485261206012,MP_cal,1,1
11,0.585537639707232,MP_cal,1,1
12,0.804292127107185,MP_cal,1,1
2,0.545188647957876,MP_cal,1,1
4,0.603483301118668,MP_cal,1,1
5,0.620169226292006,MP_cal,1,1
17,0.46400952658554,MP_cal,1,1
3,0.576075244509433,MP_cal,1,1
14,0.496400701304707,MP_cal,1,1
15,0.667183060908265,MP_cal,1,1
6,0.573945990510825,MP_cal,1,1
13,0.503590059286009,MP_cal,1,1
16,0.579800629564781,MP_cal,1,1
19,0.58917757530259,MP_cal,1,1
8,0.726201376367581,ME,0.05,1
9,0.593051287593298,ME,0.05,1
10,0.715375705026721,ME,0.05,1
18,0.71856697951682,ME,0.05,1
7,0.672665820886407,ME,0.05,1
11,0.673477235477987,ME,0.05,1
12,1.08548278941011,ME,0.05,1
2,0.564098227081462,ME,0.05,1
4,0.585343505106165,ME,0.05,1
5,0.542084568465254,ME,0.05,1
17,0.684860334731527,ME,0.05,1
3,0.599877896359949,ME,0.05,1
14,0.606520605652131,ME,0.05,1
15,0.798490288340462,ME,0.05,1
6,0.471257443475082,ME,0.05,1
13,0.687894242669526,ME,0.05,1
16,0.678263944229142,ME,0.05,1
19,0.710996257018031,ME,0.05,1
8,0.726200837879138,ME,0.1,1
9,0.593052221572933,ME,0.1,1
10,0.715376410372978,ME,0.1,1
18,0.718567724196283,ME,0.1,1
7,0.672666257472783,ME,0.1,1
11,0.673474100003247,ME,0.1,1
12,1.08546517671913,ME,0.1,1
2,0.564099302436049,ME,0.1,1
4,0.585344640175124,ME,0.1,1
5,0.542086082744582,ME,0.1,1
17,0.684860731459183,ME,0.1,1
3,0.59987813296455,ME,0.1,1
14,0.606518548637559,ME,0.1,1
15,0.798488160204371,ME,0.1,1
6,0.471259791832786,ME,0.1,1
13,0.687894830188497,ME,0.1,1
16,0.678264553659768,ME,0.1,1
19,0.710996556213079,ME,0.1,1
8,0.726198684611714,ME,0.3,1
9,0.593055956743014,ME,0.3,1
10,0.715379231379066,ME,0.3,1
18,0.71857070240949,ME,0.3,1
7,0.67266800417722,ME,0.3,1
11,0.673461563190928,ME,0.3,1
12,1.08539475077203,ME,0.3,1
2,0.564103603080243,ME,0.3,1
4,0.5853491796664,ME,0.3,1
5,0.54209213876096,ME,0.3,1
17,0.68486231815871,ME,0.3,1
3,0.599879079496655,ME,0.3,1
14,0.606510322792539,ME,0.3,1
15,0.798479650154534,ME,0.3,1
6,0.471269183569083,ME,0.3,1
13,0.687897179883425,ME,0.3,1
16,0.678266990987432,ME,0.3,1
19,0.710997752810267,ME,0.3,1
8,0.726191156813966,ME,1,1
9,0.593069020415116,ME,1,1
10,0.715389100127304,ME,1,1
18,0.718581119801108,ME,1,1
7,0.672674122148572,ME,1,1
11,0.673417748339951,ME,1,1
12,1.08514857219612,ME,1,1
2,0.564118645587437,ME,1,1
4,0.585365058007068,ME,1,1
5,0.54211332095631,ME,1,1
17,0.684867868948386,ME,1,1
3,0.599882393787404,ME,1,1
14,0.606481560193067,ME,1,1
15,0.7984498963768,ME,1,1
6,0.471302033310146,ME,1,1
13,0.687905399018566,ME,1,1
16,0.678275516662313,ME,1,1
19,0.711001938595886,ME,1,1
8,0.700480318509775,ME2,0.05,1
9,0.58797196310397,ME2,0.05,1
10,0.698317030094023,ME2,0.05,1
18,0.772127277401666,ME2,0.05,1
7,0.681543995317145,ME2,0.05,1
11,0.687688885655252,ME2,0.05,1
12,1.16800726437474,ME2,0.05,1
2,0.548942868496982,ME2,0.05,1
4,0.590903515456476,ME2,0.05,1
5,0.54819047272243,ME2,0.05,1
17,0.685737364227008,ME2,0.05,1
3,0.599317412720865,ME2,0.05,1
14,0.565199010320693,ME2,0.05,1
15,0.825071129893997,ME2,0.05,1
6,0.594666104752771,ME2,0.05,1
13,0.709451158490014,ME2,0.05,1
16,0.670800265113751,ME2,0.05,1
19,0.726708545982535,ME2,0.05,1
8,0.700481591541687,ME2,0.1,1
9,0.587973628600732,ME2,0.1,1
10,0.698318165069321,ME2,0.1,1
18,0.772121957727851,ME2,0.1,1
7,0.681544450478979,ME2,0.1,1
11,0.687686055997325,ME2,0.1,1
12,1.16799027234019,ME2,0.1,1
2,0.548945137438215,ME2,0.1,1
4,0.590904613843907,ME2,0.1,1
5,0.548192034608688,ME2,0.1,1
17,0.685737783922978,ME2,0.1,1
3,0.599317478361512,ME2,0.1,1
14,0.565199711949359,ME2,0.1,1
15,0.825066153427375,ME2,0.1,1
6,0.594663397257627,ME2,0.1,1
13,0.709450643332831,ME2,0.1,1
16,0.670801405290589,ME2,0.1,1
19,0.726707905127811,ME2,0.1,1
8,0.700486682601245,ME2,0.3,1
9,0.587980288408309,ME2,0.3,1
10,0.698322706696463,ME2,0.3,1
18,0.772100691843549,ME2,0.3,1
7,0.68154627082604,ME2,0.3,1
11,0.687674741072469,ME2,0.3,1
12,1.16792232307821,ME2,0.3,1
2,0.548954210817028,ME2,0.3,1
4,0.590909006432289,ME2,0.3,1
5,0.548198280646816,ME2,0.3,1
17,0.685739462473958,ME2,0.3,1
3,0.599317741722135,ME2,0.3,1
14,0.565202517553136,ME2,0.3,1
15,0.825046255479357,ME2,0.3,1
6,0.594652570257555,ME2,0.3,1
13,0.709448583699428,ME2,0.3,1
16,0.670805965035345,ME2,0.3,1
19,0.726705342819089,ME2,0.3,1
8,0.700504487845798,ME2,1,1
9,0.588003570310646,ME2,1,1
10,0.698338624025567,ME2,1,1
18,0.772026422318839,ME2,1,1
7,0.681552638258475,ME2,1,1
11,0.687635185473748,ME2,1,1
12,1.16768473820436,ME2,1,1
2,0.548985937609484,ME2,1,1
4,0.590924368389749,ME2,1,1
5,0.548220122812417,ME2,1,1
17,0.685745334468493,ME2,1,1
3,0.599318673514734,ME2,1,1
14,0.565212325699525,ME2,1,1
15,0.824976712279368,ME2,1,1
6,0.594614713267262,ME2,1,1
13,0.709441387503458,ME2,1,1
16,0.670821912022745,ME2,1,1
19,0.726696388705382,ME2,1,1
8,0.605316061779771,ME_P,0.05,1
9,0.519653090570184,ME_P,0.05,1
10,0.536208512275426,ME_P,0.05,1
18,0.573131905241451,ME_P,0.05,1
7,0.52490476249915,ME_P,0.05,1
11,0.619416858062856,ME_P,0.05,1
12,1.01952179535623,ME_P,0.05,1
2,0.535392454706186,ME_P,0.05,1
4,0.590567390912864,ME_P,0.05,1
5,0.605172926648066,ME_P,0.05,1
17,0.46045442968259,ME_P,0.05,1
3,0.580123712603718,ME_P,0.05,1
14,0.524469532697022,ME_P,0.05,1
15,0.691381162308,ME_P,0.05,1
6,0.550366613178293,ME_P,0.05,1
13,0.498607398369602,ME_P,0.05,1
16,0.573061605230662,ME_P,0.05,1
19,0.586761389914315,ME_P,0.05,1
8,0.605318877559705,ME_P,0.1,1
9,0.51965525136754,ME_P,0.1,1
10,0.536215694468172,ME_P,0.1,1
18,0.573137433663063,ME_P,0.1,1
7,0.524908443473547,ME_P,0.1,1
11,0.619409085668239,ME_P,0.1,1
12,1.01949634689277,ME_P,0.1,1
2,0.535390286622495,ME_P,0.1,1
4,0.590561207971294,ME_P,0.1,1
5,0.60516560362493,ME_P,0.1,1
17,0.460461511785218,ME_P,0.1,1
3,0.58011842218786,ME_P,0.1,1
14,0.52446756579303,ME_P,0.1,1
15,0.691380292503658,ME_P,0.1,1
6,0.550360349549502,ME_P,0.1,1
13,0.498612622722846,ME_P,0.1,1
16,0.573062483762544,ME_P,0.1,1
19,0.586763858765475,ME_P,0.1,1
8,0.605330140335381,ME_P,0.3,1
9,0.519663894792728,ME_P,0.3,1
10,0.536244417127665,ME_P,0.3,1
18,0.573159543341818,ME_P,0.3,1
7,0.524923170122573,ME_P,0.3,1
11,0.619378025004267,ME_P,0.3,1
12,1.01939462556355,ME_P,0.3,1
2,0.535381622411397,ME_P,0.3,1
4,0.590536492477733,ME_P,0.3,1
5,0.605136328198596,ME_P,0.3,1
17,0.460489834722372,ME_P,0.3,1
3,0.580097273624797,ME_P,0.3,1
14,0.524459704670683,ME_P,0.3,1
15,0.69137681841459,ME_P,0.3,1
6,0.550335308403202,ME_P,0.3,1
13,0.498633517606853,ME_P,0.3,1
16,0.573066001469667,ME_P,0.3,1
19,0.586773734662233,ME_P,0.3,1
8,0.605369555680654,ME_P,1,1
9,0.519694149710546,ME_P,1,1
10,0.536344869510985,ME_P,1,1
18,0.573236876759558,ME_P,1,1
7,0.524974747815181,ME_P,1,1
11,0.619269675833735,ME_P,1,1
12,1.01903951192027,ME_P,1,1
2,0.535351399793483,ME_P,1,1
4,0.59045019284045,ME_P,1,1
5,0.605034073758649,ME_P,1,1
17,0.460588896109096,ME_P,1,1
3,0.58002341839279,ME_P,1,1
14,0.524432272387603,ME_P,1,1
15,0.691364723571816,ME_P,1,1
6,0.550247832518654,ME_P,1,1
13,0.498706617842397,ME_P,1,1
16,0.573078358426523,ME_P,1,1
19,0.586808306451905,ME_P,1,1
8,0.581724788421598,ME2P,0.05,1
9,0.514733031562189,ME2P,0.05,1
10,0.518335247966341,ME2P,0.05,1
18,0.631805899903883,ME2P,0.05,1
7,0.546313215930493,ME2P,0.05,1
11,0.651577780263605,ME2P,0.05,1
12,1.19260511200408,ME2P,0.05,1
2,0.524040680373953,ME2P,0.05,1
4,0.595234288178323,ME2P,0.05,1
5,0.610447269294111,ME2P,0.05,1
17,0.463378772777429,ME2P,0.05,1
3,0.582362267295646,ME2P,0.05,1
14,0.487965908369416,ME2P,0.05,1
15,0.71470600957465,ME2P,0.05,1
6,0.699739113804239,ME2P,0.05,1
13,0.520380392408201,ME2P,0.05,1
16,0.563703221383135,ME2P,0.05,1
19,0.606930965032518,ME2P,0.05,1
8,0.581729195471863,ME2P,0.1,1
9,0.514735966724548,ME2P,0.1,1
10,0.518343420060981,ME2P,0.1,1
18,0.631804799668718,ME2P,0.1,1
7,0.54631398147842,ME2P,0.1,1
11,0.651566363842184,ME2P,0.1,1
12,1.19256229102496,ME2P,0.1,1
2,0.524039428754614,ME2P,0.1,1
4,0.595228130002307,ME2P,0.1,1
5,0.610439966857997,ME2P,0.1,1
17,0.463385699163262,ME2P,0.1,1
3,0.582356458800675,ME2P,0.1,1
14,0.487966574897394,ME2P,0.1,1
15,0.714702683718736,ME2P,0.1,1
6,0.699723056295647,ME2P,0.1,1
13,0.520384209083743,ME2P,0.1,1
16,0.563705039356326,ME2P,0.1,1
19,0.606931757590989,ME2P,0.1,1
8,0.581746821192663,ME2P,0.3,1
9,0.514747705742374,ME2P,0.3,1
10,0.518376101663407,ME2P,0.3,1
18,0.631800409966434,ME2P,0.3,1
7,0.546317057067924,ME2P,0.3,1
11,0.651520740558978,ME2P,0.3,1
12,1.19239113550342,ME2P,0.3,1
2,0.524034428759142,ME2P,0.3,1
4,0.595203513262282,ME2P,0.3,1
5,0.610410773504999,ME2P,0.3,1
17,0.463413399422798,ME2P,0.3,1
3,0.58233323950341,ME2P,0.3,1
14,0.487969243275352,ME2P,0.3,1
15,0.714689390684747,ME2P,0.3,1
6,0.699658857662561,ME2P,0.3,1
13,0.52039947583637,ME2P,0.3,1
16,0.563712313181518,ME2P,0.3,1
19,0.606934931819967,ME2P,0.3,1
8,0.581808479967562,ME2P,1,1
9,0.514788771757525,ME2P,1,1
10,0.518490401962269,ME2P,1,1
18,0.631785187205843,ME2P,1,1
7,0.546327989683894,ME2P,1,1
11,0.651361591490841,ME2P,1,1
12,1.19179370359567,ME2P,1,1
2,0.524017010250149,ME2P,1,1
4,0.595117555382436,ME2P,1,1
5,0.610308802867547,ME2P,1,1
17,0.463510283823001,ME2P,1,1
3,0.58225215658335,ME2P,1,1
14,0.487978611071042,ME2P,1,1
15,0.7146429956817,ME2P,1,1
6,0.699434557299971,ME2P,1,1
13,0.520452910043713,ME2P,1,1
16,0.563737795829987,ME2P,1,1
19,0.606946091809029,ME2P,1,1
8,0.700401379837189,XEN,0.05,1
9,0.585908524174474,XEN,0.05,1
10,0.701993207359513,XEN,0.05,1
18,0.761465570865212,XEN,0.05,1
7,0.681088970678425,XEN,0.05,1
11,0.684921022413689,XEN,0.05,1
12,1.27933514415944,XEN,0.05,1
2,0.545982596060821,XEN,0.05,1
4,0.59020372014633,XEN,0.05,1
5,0.546596003975826,XEN,0.05,1
17,0.685067980655738,XEN,0.05,1
3,0.591524862172801,XEN,0.05,1
14,0.579091184819675,XEN,0.05,1
15,0.843893430693317,XEN,0.05,1
6,0.734404019005105,XEN,0.05,1
13,0.690775252769766,XEN,0.05,1
16,0.668787040287774,XEN,0.05,1
19,0.735390208137797,XEN,0.05,1
8,0.700402861212754,XEN,0.1,1
9,0.585910359156631,XEN,0.1,1
10,0.701994825481416,XEN,0.1,1
18,0.761460854803979,XEN,0.1,1
7,0.681089108630018,XEN,0.1,1
11,0.68491841981172,XEN,0.1,1
12,1.27930670196022,XEN,0.1,1
2,0.545985273404512,XEN,0.1,1
4,0.590204930240085,XEN,0.1,1
5,0.546597801696707,XEN,0.1,1
17,0.685068464941626,XEN,0.1,1
3,0.591525616375384,XEN,0.1,1
14,0.579090158620848,XEN,0.1,1
15,0.843885756710946,XEN,0.1,1
6,0.734391221577816,XEN,0.1,1
13,0.69077494754443,XEN,0.1,1
16,0.668788400096446,XEN,0.1,1
19,0.735388230400052,XEN,0.1,1
8,0.700408785005847,XEN,0.3,1
9,0.585917696613456,XEN,0.3,1
10,0.702001298056027,XEN,0.3,1
18,0.761442002566538,XEN,0.3,1
7,0.681089661053278,XEN,0.3,1
11,0.684908012814279,XEN,0.3,1
12,1.27919297432036,XEN,0.3,1
2,0.545995979681057,XEN,0.3,1
4,0.590209769429625,XEN,0.3,1
5,0.546604990629267,XEN,0.3,1
17,0.685070401803157,XEN,0.3,1
3,0.591528632771927,XEN,0.3,1
14,0.579086056955245,XEN,0.3,1
15,0.843855075633936,XEN,0.3,1
6,0.734340050861625,XEN,0.3,1
13,0.690773728549586,XEN,0.3,1
16,0.668793837998889,XEN,0.3,1
19,0.735380323575551,XEN,0.3,1
8,0.700429496758274,XEN,1,1
9,0.585943346611634,XEN,1,1
10,0.702023953094153,XEN,1,1
18,0.761376170697639,XEN,1,1
7,0.681091602284386,XEN,1,1
11,0.68487163123091,XEN,1,1
12,1.27879544533354,XEN,1,1
2,0.546033412656527,XEN,1,1
4,0.590226691671687,XEN,1,1
5,0.546630127339244,XEN,1,1
17,0.685077177265364,XEN,1,1
3,0.59153918494643,XEN,1,1
14,0.579071740457647,XEN,1,1
15,0.843747878645929,XEN,1,1
6,0.734161192292651,XEN,1,1
13,0.690769486032965,XEN,1,1
16,0.668812853887134,XEN,1,1
19,0.735352701586266,XEN,1,1
8,0.600024519363488,MP_cal,0.05,2
9,0.545411837410369,MP_cal,0.05,2
10,0.534462917683045,MP_cal,0.05,2
18,0.571571612124095,MP_cal,0.05,2
7,0.541045259392266,MP_cal,0.05,2
11,0.592978738072483,MP_cal,0.05,2
12,0.76870200592901,MP_cal,0.05,2
1,0.548993274578874,MP_cal,0.05,2
4,0.603594655635722,MP_cal,0.05,2
5,0.620299389785323,MP_cal,0.05,2
17,0.463872644973492,MP_cal,0.05,2
3,0.576168461218583,MP_cal,0.05,2
14,0.508360244717055,MP_cal,0.05,2
15,0.648656800725868,MP_cal,0.05,2
6,0.602114371445599,MP_cal,0.05,2
13,0.505798795245331,MP_cal,0.05,2
16,0.588372456289796,MP_cal,0.05,2
19,0.584370678609865,MP_cal,0.05,2
8,0.600027109781864,MP_cal,0.1,2
9,0.545413468595523,MP_cal,0.1,2
10,0.534470513204881,MP_cal,0.1,2
18,0.571577409934409,MP_cal,0.1,2
7,0.541047909602539,MP_cal,0.1,2
11,0.592973845044206,MP_cal,0.1,2
12,0.768693422924828,MP_cal,0.1,2
1,0.548990855823468,MP_cal,0.1,2
4,0.603588781397855,MP_cal,0.1,2
5,0.620292525530229,MP_cal,0.1,2
17,0.463879854488837,MP_cal,0.1,2
3,0.576163825021128,MP_cal,0.1,2
14,0.508358923224668,MP_cal,0.1,2
15,0.648656854116569,MP_cal,0.1,2
6,0.602108188529378,MP_cal,0.1,2
13,0.505804075887818,MP_cal,0.1,2
16,0.588372982480237,MP_cal,0.1,2
19,0.584373221568443,MP_cal,0.1,2
8,0.600037471889536,MP_cal,0.3,2
9,0.545419994046515,MP_cal,0.3,2
10,0.534500888357219,MP_cal,0.3,2
18,0.571600596549065,MP_cal,0.3,2
7,0.541058515899242,MP_cal,0.3,2
11,0.592954294206952,MP_cal,0.3,2
12,0.768659122629558,MP_cal,0.3,2
1,0.548981190392539,MP_cal,0.3,2
4,0.603565299441144,MP_cal,0.3,2
5,0.620265083583021,MP_cal,0.3,2
17,0.463908686745538,MP_cal,0.3,2
3,0.576145293683889,MP_cal,0.3,2
14,0.508353644286875,MP_cal,0.3,2
15,0.648657073088423,MP_cal,0.3,2
6,0.60208346925174,MP_cal,0.3,2
13,0.505825195669847,MP_cal,0.3,2
16,0.588375091144275,MP_cal,0.3,2
19,0.584383393861628,MP_cal,0.3,2
8,0.600073744680567,MP_cal,1,2
9,0.545442842025166,MP_cal,1,2
10,0.534607114106681,MP_cal,1,2
18,0.571681691457782,MP_cal,1,2
7,0.541095706341534,MP_cal,1,2
11,0.592886133507549,MP_cal,1,2
12,0.768539470054678,MP_cal,1,2
1,0.548947481946002,MP_cal,1,2
4,0.603483301118668,MP_cal,1,2
5,0.620169226292006,MP_cal,1,2
17,0.46400952658554,MP_cal,1,2
3,0.576080603139377,MP_cal,1,2
14,0.508335256393821,MP_cal,1,2
15,0.648657907463164,MP_cal,1,2
6,0.601997107560439,MP_cal,1,2
13,0.505899079790788,MP_cal,1,2
16,0.588382520507914,MP_cal,1,2
19,0.584419002617657,MP_cal,1,2
8,0.717610390214684,ME,0.05,2
9,0.601710869993649,ME,0.05,2
10,0.710766748313342,ME,0.05,2
18,0.714280532714081,ME,0.05,2
7,0.669546337108282,ME,0.05,2
11,0.678094168705731,ME,0.05,2
12,1.03859567537796,ME,0.05,2
1,0.611539076691717,ME,0.05,2
4,0.585343505106165,ME,0.05,2
5,0.542084568465254,ME,0.05,2
17,0.684860334731527,ME,0.05,2
3,0.608492986103568,ME,0.05,2
14,0.615422522521686,ME,0.05,2
15,0.782859464820057,ME,0.05,2
6,0.502229452794856,ME,0.05,2
13,0.688217528339226,ME,0.05,2
16,0.679855274920185,ME,0.05,2
19,0.706766053079317,ME,0.05,2
8,0.717610024726542,ME,0.1,2
9,0.601711704225843,ME,0.1,2
10,0.710767375506084,ME,0.1,2
18,0.714281149645468,ME,0.1,2
7,0.669546872705501,ME,0.1,2
11,0.678091266452821,ME,0.1,2
12,1.03857982638406,ME,0.1,2
1,0.611539532033678,ME,0.1,2
4,0.585344640175124,ME,0.1,2
5,0.542086082744582,ME,0.1,2
17,0.684860731459183,ME,0.1,2
3,0.608493209692836,ME,0.1,2
14,0.615420681277655,ME,0.1,2
15,0.782857659231938,ME,0.1,2
6,0.502231480038457,ME,0.1,2
13,0.688217995256564,ME,0.1,2
16,0.679855766814625,ME,0.1,2
19,0.70676630950933,ME,0.1,2
8,0.717608563246472,ME,0.3,2
9,0.601715040476074,ME,0.3,2
10,0.710769883899223,ME,0.3,2
18,0.714283616935945,ME,0.3,2
7,0.66954901522463,ME,0.3,2
11,0.678079662028335,ME,0.3,2
12,1.03851645238307,ME,0.3,2
1,0.611541353087921,ME,0.3,2
4,0.5853491796664,ME,0.3,2
5,0.54209213876096,ME,0.3,2
17,0.68486231815871,ME,0.3,2
3,0.608494104125196,ME,0.3,2
14,0.615413318243631,ME,0.3,2
15,0.782850438973229,ME,0.3,2
6,0.502239587531385,ME,0.3,2
13,0.688219862611929,ME,0.3,2
16,0.679857734061369,ME,0.3,2
19,0.706767335062073,ME,0.3,2
8,0.717603454012957,ME,1,2
9,0.601726708808959,ME,1,2
10,0.710778658516717,ME,1,2
18,0.71429224697422,ME,1,2
7,0.669556515671335,ME,1,2
11,0.678039104253186,ME,1,2
12,1.03829491986818,ME,1,2
1,0.611547722829014,ME,1,2
4,0.585365058007068,ME,1,2
5,0.54211332095631,ME,1,2
17,0.684867868948386,ME,1,2
3,0.608497235583724,ME,1,2
14,0.615387572070036,ME,1,2
15,0.782825194420803,ME,1,2
6,0.502267945103045,ME,1,2
13,0.688226394402038,ME,1,2
16,0.679864615256824,ME,1,2
19,0.706770922389891,ME,1,2
8,0.697581443564737,ME2,0.05,2
9,0.596927202849117,ME2,0.05,2
10,0.695633727222304,ME2,0.05,2
18,0.756570715089654,ME2,0.05,2
7,0.677872533267418,ME2,0.05,2
11,0.693921960299542,ME2,0.05,2
12,1.1220692898733,ME2,0.05,2
1,0.59982406917473,ME2,0.05,2
4,0.590903515456476,ME2,0.05,2
5,0.54819047272243,ME2,0.05,2
17,0.685737364227008,ME2,0.05,2
3,0.607798145808344,ME2,0.05,2
14,0.576458906826014,ME2,0.05,2
15,0.806291836542496,ME2,0.05,2
6,0.621246719432584,ME2,0.05,2
13,0.705202008893131,ME2,0.05,2
16,0.672573711209479,ME2,0.05,2
19,0.719412651617239,ME2,0.05,2
8,0.697582514296468,ME2,0.1,2
9,0.596928749752904,ME2,0.1,2
10,0.695634945274946,ME2,0.1,2
18,0.756566607977375,ME2,0.1,2
7,0.677873017948127,ME2,0.1,2
11,0.693919304893659,ME2,0.1,2
12,1.12205365767125,ME2,0.1,2
1,0.599825341080526,ME2,0.1,2
4,0.590904613843907,ME2,0.1,2
5,0.548192034608688,ME2,0.1,2
17,0.685737783922978,ME2,0.1,2
3,0.607798247420641,ME2,0.1,2
14,0.576459714112786,ME2,0.1,2
15,0.806287514058808,ME2,0.1,2
6,0.621244053024293,ME2,0.1,2
13,0.705201635277122,ME2,0.1,2
16,0.672574735664263,ME2,0.1,2
19,0.719412185955501,ME2,0.1,2
8,0.697586796229975,ME2,0.3,2
9,0.596934935258024,ME2,0.3,2
10,0.695639818164146,ME2,0.3,2
18,0.756550189326475,ME2,0.3,2
7,0.677874956298191,ME2,0.3,2
11,0.693908686521777,ME2,0.3,2
12,1.12199114576051,ME2,0.3,2
1,0.59983042736728,ME2,0.3,2
4,0.590909006432289,ME2,0.3,2
5,0.548198280646816,ME2,0.3,2
17,0.685739462473958,ME2,0.3,2
3,0.607798654489613,ME2,0.3,2
14,0.57646294215909,ME2,0.3,2
15,0.806270230957822,ME2,0.3,2
6,0.621233390077302,ME2,0.3,2
13,0.705200141527939,ME2,0.3,2
16,0.672578832562027,ME2,0.3,2
19,0.719410324117597,ME2,0.3,2
8,0.697601770479825,ME2,1,2
9,0.59695655797687,ME2,1,2
10,0.695656881755626,ME2,1,2
18,0.756492847243675,ME2,1,2
7,0.677881735829835,ME2,1,2
11,0.693871563134741,ME2,1,2
12,1.12177256672473,ME2,1,2
1,0.599848212549473,ME2,1,2
4,0.590924368389749,ME2,1,2
5,0.548220122812417,ME2,1,2
17,0.685745334468493,ME2,1,2
3,0.607800087020209,ME2,1,2
14,0.576474226465522,ME2,1,2
15,0.806209826078417,ME2,1,2
6,0.621196103570946,ME2,1,2
13,0.705194922398376,ME2,1,2
16,0.672593160104612,ME2,1,2
19,0.719403817863276,ME2,1,2
8,0.602398256434566,ME_P,0.05,2
9,0.537280974773966,ME_P,0.05,2
10,0.529165095395878,ME_P,0.05,2
18,0.566142882339116,ME_P,0.05,2
7,0.527651340014393,ME_P,0.05,2
11,0.626003796645263,ME_P,0.05,2
12,0.973025204499312,ME_P,0.05,2
1,0.546778127569429,ME_P,0.05,2
4,0.590567390912864,ME_P,0.05,2
5,0.605172926648066,ME_P,0.05,2
17,0.46045442968259,ME_P,0.05,2
3,0.579714338744354,ME_P,0.05,2
14,0.532761729813289,ME_P,0.05,2
15,0.669490527953479,ME_P,0.05,2
6,0.585270758866295,ME_P,0.05,2
13,0.502539131284792,ME_P,0.05,2
16,0.583853878032629,ME_P,0.05,2
19,0.58257763258738,ME_P,0.05,2
8,0.602400946225247,ME_P,0.1,2
9,0.537282457962874,ME_P,0.1,2
10,0.529172494054777,ME_P,0.1,2
18,0.566148543689877,ME_P,0.1,2
7,0.527654548538429,ME_P,0.1,2
11,0.625995508328714,ME_P,0.1,2
12,0.973000346809377,ME_P,0.1,2
1,0.546775572343647,ME_P,0.1,2
4,0.590561207971294,ME_P,0.1,2
5,0.60516560362493,ME_P,0.1,2
17,0.460461511785218,ME_P,0.1,2
3,0.579709251247899,ME_P,0.1,2
14,0.532759729895294,ME_P,0.1,2
15,0.669490013254897,ME_P,0.1,2
6,0.585263588707118,ME_P,0.1,2
13,0.502544213196906,ME_P,0.1,2
16,0.583854177937224,ME_P,0.1,2
19,0.582580079316334,ME_P,0.1,2
8,0.602411705397103,ME_P,0.3,2
9,0.537288392114475,ME_P,0.3,2
10,0.529202082224731,ME_P,0.3,2
18,0.56617118490657,ME_P,0.3,2
7,0.527667387093056,ME_P,0.3,2
11,0.625962386838627,ME_P,0.3,2
12,0.972900990948537,ME_P,0.3,2
1,0.546765361240447,ME_P,0.3,2
4,0.590536492477733,ME_P,0.3,2
5,0.605136328198596,ME_P,0.3,2
17,0.460489834722372,ME_P,0.3,2
3,0.579688915019551,ME_P,0.3,2
14,0.532751737473534,ME_P,0.3,2
15,0.669487959836174,ME_P,0.3,2
6,0.585234923225638,ME_P,0.3,2
13,0.50256453856369,ME_P,0.3,2
16,0.583855382165016,ME_P,0.3,2
19,0.582589866950158,ME_P,0.3,2
8,0.602449362567126,ME_P,1,2
9,0.537309179164597,ME_P,1,2
10,0.529305559438373,ME_P,1,2
18,0.56625037645743,ME_P,1,2
7,0.527712377883138,ME_P,1,2
11,0.625846860675321,ME_P,1,2
12,0.97255418615067,ME_P,1,2
1,0.546729745573863,ME_P,1,2
4,0.59045019284045,ME_P,1,2
5,0.605034073758649,ME_P,1,2
17,0.460588896109096,ME_P,1,2
3,0.579617911199389,ME_P,1,2
14,0.532723855142892,ME_P,1,2
15,0.669480840433173,ME_P,1,2
6,0.585134784627106,ME_P,1,2
13,0.502635648596984,ME_P,1,2
16,0.583859654892085,ME_P,1,2
19,0.582624132656325,ME_P,1,2
8,0.582736202962659,ME2P,0.05,2
9,0.532510813240965,ME2P,0.05,2
10,0.512788212980189,ME2P,0.05,2
18,0.613467593270411,ME2P,0.05,2
7,0.545627179444643,ME2P,0.05,2
11,0.657270401145389,ME2P,0.05,2
12,1.12717158600044,ME2P,0.05,2
1,0.53833712480293,ME2P,0.05,2
4,0.595234288178323,ME2P,0.05,2
5,0.610447269294111,ME2P,0.05,2
17,0.463378772777429,ME2P,0.05,2
3,0.58183375736903,ME2P,0.05,2
14,0.49672187049815,ME2P,0.05,2
15,0.691258435311494,ME2P,0.05,2
6,0.726390718915046,ME2P,0.05,2
13,0.519601751746437,ME2P,0.05,2
16,0.574866097719308,ME2P,0.05,2
19,0.598083152155216,ME2P,0.05,2
8,0.582740314033657,ME2P,0.1,2
9,0.532513068302864,ME2P,0.1,2
10,0.512796714678166,ME2P,0.1,2
18,0.613467955050744,ME2P,0.1,2
7,0.545627982268665,ME2P,0.1,2
11,0.657258866806135,ME2P,0.1,2
12,1.12713239901726,ME2P,0.1,2
1,0.538335112633294,ME2P,0.1,2
4,0.595228130002307,ME2P,0.1,2
5,0.610439966857997,ME2P,0.1,2
17,0.463385699163262,ME2P,0.1,2
3,0.581828150233699,ME2P,0.1,2
14,0.496722594731324,ME2P,0.1,2
15,0.691255528615844,ME2P,0.1,2
6,0.726374672758149,ME2P,0.1,2
13,0.519605781204934,ME2P,0.1,2
16,0.574867311262891,ME2P,0.1,2
19,0.598084390726768,ME2P,0.1,2
8,0.58275675620161,ME2P,0.3,2
9,0.532522088065179,ME2P,0.3,2
10,0.512830713649942,ME2P,0.3,2
18,0.613469410110005,ME2P,0.3,2
7,0.545631206828346,ME2P,0.3,2
11,0.65721277304787,ME2P,0.3,2
12,1.1269757713825,ME2P,0.3,2
1,0.538327072926172,ME2P,0.3,2
4,0.595203513262282,ME2P,0.3,2
5,0.610410773504999,ME2P,0.3,2
17,0.463413399422798,ME2P,0.3,2
3,0.581805737098783,ME2P,0.3,2
14,0.496725494318303,ME2P,0.3,2
15,0.691243912543226,ME2P,0.3,2
6,0.726310519386217,ME2P,0.3,2
13,0.519621898646876,ME2P,0.3,2
16,0.574872168429807,ME2P,0.3,2
19,0.598089348231926,ME2P,0.3,2
8,0.582814277124582,ME2P,1,2
9,0.532553651101895,ME2P,1,2
10,0.51294961162143,ME2P,1,2
18,0.613474602522399,ME2P,1,2
7,0.54564265915155,ME2P,1,2
11,0.657051992315059,ME2P,1,2
12,1.1264290853156,ME2P,1,2
1,0.538299046724977,ME2P,1,2
4,0.595117555382436,ME2P,1,2
5,0.610308802867547,ME2P,1,2
17,0.463510283823001,ME2P,1,2
3,0.5817274848231,ME2P,1,2
14,0.496735676218577,ME2P,1,2
15,0.691203390909917,ME2P,1,2
6,0.726086375606005,ME2P,1,2
13,0.519678304701607,ME2P,1,2
16,0.574889206104471,ME2P,1,2
19,0.598106739926557,ME2P,1,2
8,0.697685891746782,XEN,0.05,2
9,0.595836199234546,XEN,0.05,2
10,0.697172116234868,XEN,0.05,2
18,0.751865064832594,XEN,0.05,2
7,0.676985563952086,XEN,0.05,2
11,0.691319160367119,XEN,0.05,2
12,1.25390509901452,XEN,0.05,2
1,0.597953128049498,XEN,0.05,2
4,0.59020372014633,XEN,0.05,2
5,0.546596003975826,XEN,0.05,2
17,0.685067980655738,XEN,0.05,2
3,0.60109654360178,XEN,0.05,2
14,0.586261775535742,XEN,0.05,2
15,0.820720258074542,XEN,0.05,2
6,0.742205306923879,XEN,0.05,2
13,0.688126034589216,XEN,0.05,2
16,0.670291340070065,XEN,0.05,2
19,0.725257726975764,XEN,0.05,2
8,0.697687038947101,XEN,0.1,2
9,0.595837827138919,XEN,0.1,2
10,0.697173520020631,XEN,0.1,2
18,0.751861240492503,XEN,0.1,2
7,0.676985724765349,XEN,0.1,2
11,0.691316701801963,XEN,0.1,2
12,1.25387717984054,XEN,0.1,2
1,0.597954653351353,XEN,0.1,2
4,0.590204930240085,XEN,0.1,2
5,0.546597801696707,XEN,0.1,2
17,0.685068464941626,XEN,0.1,2
3,0.601097254459095,XEN,0.1,2
14,0.586261325054547,XEN,0.1,2
15,0.820713853882582,XEN,0.1,2
6,0.742194200445377,XEN,0.1,2
13,0.688126024762736,XEN,0.1,2
16,0.670292593591231,XEN,0.1,2
19,0.725256308726124,XEN,0.1,2
8,0.697691626507145,XEN,0.3,2
9,0.595844336523467,XEN,0.3,2
10,0.697179135195987,XEN,0.3,2
18,0.751845952566375,XEN,0.3,2
7,0.676986368543665,XEN,0.3,2
11,0.691306870574503,XEN,0.3,2
12,1.25376554253326,XEN,0.3,2
1,0.597960752790876,XEN,0.3,2
4,0.590209769429625,XEN,0.3,2
5,0.546604990629267,XEN,0.3,2
17,0.685070401803157,XEN,0.3,2
3,0.601100097431321,XEN,0.3,2
14,0.586259524951685,XEN,0.3,2
15,0.820688249227037,XEN,0.3,2
6,0.742149790075635,XEN,0.3,2
13,0.688125986560012,XEN,0.3,2
16,0.670297606372562,XEN,0.3,2
19,0.725250638683034,XEN,0.3,2
8,0.697707667334236,XEN,1,2
9,0.595867091274304,XEN,1,2
10,0.697198788661996,XEN,1,2
18,0.751792563441378,XEN,1,2
7,0.676988628366627,XEN,1,2
11,0.691272499442099,XEN,1,2
12,1.25337530749145,XEN,1,2
1,0.597982078579191,XEN,1,2
4,0.590226691671687,XEN,1,2
5,0.546630127339244,XEN,1,2
17,0.685077177265364,XEN,1,2
3,0.601110042077892,XEN,1,2
14,0.586253247482323,XEN,1,2
15,0.820598785263492,XEN,1,2
6,0.741994549348277,XEN,1,2
13,0.688125866714958,XEN,1,2
16,0.670315134701848,XEN,1,2
19,0.725230830702592,XEN,1,2
8,0.599349009353352,MP_cal,0.05,3
9,0.527441882034476,MP_cal,0.05,3
10,0.541031954967861,MP_cal,0.05,3
18,0.582072944296219,MP_cal,0.05,3
7,0.537746138859612,MP_cal,0.05,3
11,0.582939829364815,MP_cal,0.05,3
12,0.802306010471552,MP_cal,0.05,3
1,0.551628030800237,MP_cal,0.05,3
4,0.605285136006333,MP_cal,0.05,3
5,0.593752371820082,MP_cal,0.05,3
17,0.461469282694706,MP_cal,0.05,3
2,0.477369362301152,MP_cal,0.05,3
14,0.508360244717055,MP_cal,0.05,3
15,0.648656800725868,MP_cal,0.05,3
6,0.583679702012129,MP_cal,0.05,3
13,0.5015392526222,MP_cal,0.05,3
16,0.5836986523676,MP_cal,0.05,3
19,0.587520305096854,MP_cal,0.05,3
8,0.599351852815238,MP_cal,0.1,3
9,0.527444173348523,MP_cal,0.1,3
10,0.541039314932857,MP_cal,0.1,3
18,0.582078425968745,MP_cal,0.1,3
7,0.537749328571276,MP_cal,0.1,3
11,0.58293579294027,MP_cal,0.1,3
12,0.802297340373733,MP_cal,0.1,3
1,0.551624194153976,MP_cal,0.1,3
4,0.60527799905575,MP_cal,0.1,3
5,0.593745667404752,MP_cal,0.1,3
17,0.46147645864761,MP_cal,0.1,3
2,0.477369315111346,MP_cal,0.1,3
14,0.508358923224668,MP_cal,0.1,3
15,0.648656854116569,MP_cal,0.1,3
6,0.583673158510498,MP_cal,0.1,3
13,0.50154453672701,MP_cal,0.1,3
16,0.583699153579808,MP_cal,0.1,3
19,0.587522734693123,MP_cal,0.1,3
8,0.599363226532013,MP_cal,0.3,3
9,0.527453338167197,MP_cal,0.3,3
10,0.541068748335756,MP_cal,0.3,3
18,0.582100348472208,MP_cal,0.3,3
7,0.537762090676521,MP_cal,0.3,3
11,0.582919664602137,MP_cal,0.3,3
12,0.802262688870217,MP_cal,0.3,3
1,0.551608859632417,MP_cal,0.3,3
4,0.605249468373011,MP_cal,0.3,3
5,0.593718864634091,MP_cal,0.3,3
17,0.461505156712528,MP_cal,0.3,3
2,0.477369130358291,MP_cal,0.3,3
14,0.508353644286875,MP_cal,0.3,3
15,0.648657073088423,MP_cal,0.3,3
6,0.583646997682192,MP_cal,0.3,3
13,0.501565670482669,MP_cal,0.3,3
16,0.583701162588303,MP_cal,0.3,3
19,0.587532453779738,MP_cal,0.3,3
8,0.599403032855711,MP_cal,1,3
9,0.527485409498783,MP_cal,1,3
10,0.541171683974264,MP_cal,1,3
18,0.582177024528833,MP_cal,1,3
7,0.537806798875117,MP_cal,1,3
11,0.582863433505515,MP_cal,1,3
12,0.802141771557294,MP_cal,1,3
1,0.55155534046676,MP_cal,1,3
4,0.605149826231982,MP_cal,1,3
5,0.593625242165328,MP_cal,1,3
17,0.461605527611925,MP_cal,1,3
2,0.477368534067855,MP_cal,1,3
14,0.508335256393821,MP_cal,1,3
15,0.648657907463164,MP_cal,1,3
6,0.583555600506266,MP_cal,1,3
13,0.501639605075511,MP_cal,1,3
16,0.583708246392303,MP_cal,1,3
19,0.587566479364578,MP_cal,1,3
8,0.726218358740473,ME,0.05,3
9,0.593001022994881,ME,0.05,3
10,0.715307673073841,ME,0.05,3
18,0.718497062976331,ME,0.05,3
7,0.67203927068096,ME,0.05,3
11,0.675420713041489,ME,0.05,3
12,1.08757158366638,ME,0.05,3
1,0.598144816544792,ME,0.05,3
4,0.568774097538624,ME,0.05,3
5,0.516855771397374,ME,0.05,3
17,0.68455654090809,ME,0.05,3
2,0.496545385398339,ME,0.05,3
14,0.615422522521686,ME,0.05,3
15,0.782859464820057,ME,0.05,3
6,0.47054222144913,ME,0.05,3
13,0.687679988465885,ME,0.05,3
16,0.67804761538465,ME,0.05,3
19,0.710864595408825,ME,0.05,3
8,0.726217843667197,ME,0.1,3
9,0.59300193730392,ME,0.1,3
10,0.715308396315914,ME,0.1,3
18,0.718497825021738,ME,0.1,3
7,0.672039733773583,ME,0.1,3
11,0.675417374907249,ME,0.1,3
12,1.08755381184015,ME,0.1,3
1,0.598145288124714,ME,0.1,3
4,0.568775300216651,ME,0.1,3
5,0.516857421057981,ME,0.1,3
17,0.684557013566086,ME,0.1,3
2,0.496547331727426,ME,0.1,3
14,0.615420681277655,ME,0.1,3
15,0.782857659231938,ME,0.1,3
6,0.470544559770311,ME,0.1,3
13,0.687680585307172,ME,0.1,3
16,0.678048232245596,ME,0.1,3
19,0.710864907744662,ME,0.1,3
8,0.72621578403088,ME,0.3,3
9,0.593005593814737,ME,0.3,3
10,0.715311288893991,ME,0.3,3
18,0.718500872690116,ME,0.3,3
7,0.672041586491689,ME,0.3,3
11,0.675404027812141,ME,0.3,3
12,1.08748274973852,ME,0.3,3
1,0.598147174126333,ME,0.3,3
4,0.568780110109482,ME,0.3,3
5,0.51686401849807,ME,0.3,3
17,0.684558903968017,ME,0.3,3
2,0.496555115505097,ME,0.3,3
14,0.615413318243631,ME,0.3,3
15,0.782850438973229,ME,0.3,3
6,0.470553911370997,ME,0.3,3
13,0.687682972288003,ME,0.3,3
16,0.678050699292527,ME,0.3,3
19,0.710866156896134,ME,0.3,3
8,0.726208583569975,ME,1,3
9,0.593018382470342,ME,1,3
10,0.715321408002222,ME,1,3
18,0.718511533066473,ME,1,3
7,0.672048075368137,ME,1,3
11,0.67535738143934,ME,1,3
12,1.08723434948168,ME,1,3
1,0.59815377112702,ME,1,3
4,0.568796934418402,ME,1,3
5,0.516887094399869,ME,1,3
17,0.684565517477139,ME,1,3
2,0.496582339355305,ME,1,3
14,0.615387572070036,ME,1,3
15,0.782825194420803,ME,1,3
6,0.470586620769188,ME,1,3
13,0.687691321881455,ME,1,3
16,0.678059328959548,ME,1,3
19,0.710870526510035,ME,1,3
8,0.699357918695797,ME2,0.05,3
9,0.587830356631617,ME2,0.05,3
10,0.697519325255777,ME2,0.05,3
18,0.774607503698752,ME2,0.05,3
7,0.68019712114703,ME2,0.05,3
11,0.688072790757763,ME2,0.05,3
12,1.16374177575139,ME2,0.05,3
1,0.585826421694294,ME2,0.05,3
4,0.575836743403644,ME2,0.05,3
5,0.525107966150069,ME2,0.05,3
17,0.686557723116898,ME2,0.05,3
2,0.478818812962046,ME2,0.05,3
14,0.576458906826014,ME2,0.05,3
15,0.806291836542496,ME2,0.05,3
6,0.598129827540054,ME2,0.05,3
13,0.709402485443361,ME2,0.05,3
16,0.67021363798343,ME2,0.05,3
19,0.726521392294662,ME2,0.05,3
8,0.699359283487521,ME2,0.1,3
9,0.58783202394612,ME2,0.1,3
10,0.697520401334542,ME2,0.1,3
18,0.774601665359622,ME2,0.1,3
7,0.680197646707549,ME2,0.1,3
11,0.688069813164121,ME2,0.1,3
12,1.16372492146547,ME2,0.1,3
1,0.58582776871306,ME2,0.1,3
4,0.57583780996244,ME2,0.1,3
5,0.525109543859475,ME2,0.1,3
17,0.686558153061404,ME2,0.1,3
2,0.478822394634221,ME2,0.1,3
14,0.576459714112786,ME2,0.1,3
15,0.806287514058808,ME2,0.1,3
6,0.598126595068655,ME2,0.1,3
13,0.709401912949926,ME2,0.1,3
16,0.670214817484939,ME2,0.1,3
19,0.72652072986112,ME2,0.1,3
8,0.699364741618374,ME2,0.3,3
9,0.587838690996465,ME2,0.3,3
10,0.697524708041392,ME2,0.3,3
18,0.774578326636065,ME2,0.3,3
7,0.680199748563836,ME2,0.3,3
11,0.688057906785776,ME2,0.3,3
12,1.16365752301424,ME2,0.3,3
1,0.585833155347988,ME2,0.3,3
4,0.575842075322786,ME2,0.3,3
5,0.525115853195422,ME2,0.3,3
17,0.686559872689531,ME2,0.3,3
2,0.47883671723303,ME2,0.3,3
14,0.57646294215909,ME2,0.3,3
15,0.806270230957822,ME2,0.3,3
6,0.598113669020366,ME2,0.3,3
13,0.709399624131972,ME2,0.3,3
16,0.670219534486262,ME2,0.3,3
19,0.726518081330764,ME2,0.3,3
8,0.699383832008448,ME2,1,3
9,0.587861997894143,ME2,1,3
10,0.697539811505942,ME2,1,3
18,0.774496825064666,ME2,1,3
7,0.680207100202667,ME2,1,3
11,0.688016284739472,ME2,1,3
12,1.16342186366673,ME2,1,3
1,0.585851990443973,ME2,1,3
4,0.575856993070566,ME2,1,3
5,0.525137916969535,ME2,1,3
17,0.686565889497687,ME2,1,3
2,0.478886794858571,ME2,1,3
14,0.576474226465522,ME2,1,3
15,0.806209826078417,ME2,1,3
6,0.598068476141006,ME2,1,3
13,0.709391627807855,ME2,1,3
16,0.670236031341432,ME2,1,3
19,0.726508826618523,ME2,1,3
8,0.603341994595903,ME_P,0.05,3
9,0.516958153870117,ME_P,0.05,3
10,0.53341524331292,ME_P,0.05,3
18,0.573705317700617,ME_P,0.05,3
7,0.52480300830588,ME_P,0.05,3
11,0.621003216026822,ME_P,0.05,3
12,1.03123152210828,ME_P,0.05,3
1,0.549531441523144,ME_P,0.05,3
4,0.590038825176494,ME_P,0.05,3
5,0.577192914941777,ME_P,0.05,3
17,0.457150890796099,ME_P,0.05,3
2,0.450364283184428,ME_P,0.05,3
14,0.532761729813289,ME_P,0.05,3
15,0.669490527953479,ME_P,0.05,3
6,0.559393742396901,ME_P,0.05,3
13,0.496484868602075,ME_P,0.05,3
16,0.576665866814974,ME_P,0.05,3
19,0.584937576619252,ME_P,0.05,3
8,0.603344879241581,ME_P,0.1,3
9,0.516960478550421,ME_P,0.1,3
10,0.533422484533324,ME_P,0.1,3
18,0.57371077973951,ME_P,0.1,3
7,0.524806654029496,ME_P,0.1,3
11,0.620995213289064,ME_P,0.1,3
12,1.03120446556854,ME_P,0.1,3
1,0.54952748918177,ME_P,0.1,3
4,0.590031448911924,ME_P,0.1,3
5,0.577185784527587,ME_P,0.1,3
17,0.457157929923349,ME_P,0.1,3
2,0.450364672737581,ME_P,0.1,3
14,0.532759729895294,ME_P,0.1,3
15,0.669490013254897,ME_P,0.1,3
6,0.559386537237462,ME_P,0.1,3
13,0.496489996311887,ME_P,0.1,3
16,0.576666232080146,ME_P,0.1,3
19,0.584939946270965,ME_P,0.1,3
8,0.603356417295282,ME_P,0.3,3
9,0.516969777113054,ME_P,0.3,3
10,0.533451443245866,ME_P,0.3,3
18,0.57373262391962,ME_P,0.3,3
7,0.524821239473774,ME_P,0.3,3
11,0.620963231421253,ME_P,0.3,3
12,1.03109631578904,ME_P,0.3,3
1,0.549511692011082,ME_P,0.3,3
4,0.590001962222691,ME_P,0.3,3
5,0.577157279289828,ME_P,0.3,3
17,0.457186081047466,ME_P,0.3,3
2,0.45036623483469,ME_P,0.3,3
14,0.532751737473534,ME_P,0.3,3
15,0.669487959836174,ME_P,0.3,3
6,0.559357732020256,ME_P,0.3,3
13,0.496510504914136,ME_P,0.3,3
16,0.576667697856694,ME_P,0.3,3
19,0.584949425750021,ME_P,0.3,3
8,0.603396793790416,ME_P,1,3
9,0.517002320054927,ME_P,1,3
10,0.533552721091139,ME_P,1,3
18,0.573809028499682,ME_P,1,3
7,0.524872320426146,ME_P,1,3
11,0.620851660174328,ME_P,1,3
12,1.03071875103199,ME_P,1,3
1,0.549456555226888,ME_P,1,3
4,0.589898989763181,ME_P,1,3
5,0.577057717400742,ME_P,1,3
17,0.457284542202378,ME_P,1,3
2,0.450371750987606,ME_P,1,3
14,0.532723855142892,ME_P,1,3
15,0.669480840433173,ME_P,1,3
6,0.559257107679133,ME_P,1,3
13,0.496582256833877,ME_P,1,3
16,0.576672887341071,ME_P,1,3
19,0.584982614853844,ME_P,1,3
8,0.578062838962178,ME2P,0.05,3
9,0.511857620858733,ME2P,0.05,3
10,0.514511053472709,ME2P,0.05,3
18,0.636928565771981,ME2P,0.05,3
7,0.544422827150736,ME2P,0.05,3
11,0.649522074232911,ME2P,0.05,3
12,1.19103886726132,ME2P,0.05,3
1,0.539452141380136,ME2P,0.05,3
4,0.597269576244226,ME2P,0.05,3
5,0.585540114145545,ME2P,0.05,3
17,0.461837682356995,ME2P,0.05,3
2,0.436011494030828,ME2P,0.05,3
14,0.49672187049815,ME2P,0.05,3
15,0.691258435311494,ME2P,0.05,3
6,0.715037085107229,ME2P,0.05,3
13,0.517206975780678,ME2P,0.05,3
16,0.566918062749524,ME2P,0.05,3
19,0.604749842286806,ME2P,0.05,3
8,0.578067464156531,ME2P,0.1,3
9,0.511860763223943,ME2P,0.1,3
10,0.514519230194472,ME2P,0.1,3
18,0.636926395417656,ME2P,0.1,3
7,0.544423950728839,ME2P,0.1,3
11,0.649511081069163,ME2P,0.1,3
12,1.1909965334977,ME2P,0.1,3
1,0.539448893392674,ME2P,0.1,3
4,0.597261989523516,ME2P,0.1,3
5,0.585532724543271,ME2P,0.1,3
17,0.461844421638227,ME2P,0.1,3
2,0.436013293186445,ME2P,0.1,3
14,0.496722594731324,ME2P,0.1,3
15,0.691255528615844,ME2P,0.1,3
6,0.715018876843837,ME2P,0.1,3
13,0.517210730069432,ME2P,0.1,3
16,0.566919417244614,ME2P,0.1,3
19,0.604750480002701,ME2P,0.1,3
8,0.578085962149481,ME2P,0.3,3
9,0.511873330529285,ME2P,0.3,3
10,0.514551930949971,ME2P,0.3,3
18,0.636917728786725,ME2P,0.3,3
7,0.544428456352036,ME2P,0.3,3
11,0.649467147986077,ME2P,0.3,3
12,1.1908273216255,ME2P,0.3,3
1,0.539435912558397,ME2P,0.3,3
4,0.59723166123615,ME2P,0.3,3
5,0.585503182911334,ME2P,0.3,3
17,0.461871373839279,ME2P,0.3,3
2,0.436020490856695,ME2P,0.3,3
14,0.496725494318303,ME2P,0.3,3
15,0.691243912543226,ME2P,0.3,3
6,0.71494608094388,ME2P,0.3,3
13,0.51722574768182,ME2P,0.3,3
16,0.566924838228987,ME2P,0.3,3
19,0.604753035614595,ME2P,0.3,3
8,0.578150670046233,ME2P,1,3
9,0.511917288965577,ME2P,1,3
10,0.514666306369327,ME2P,1,3
18,0.636887581346556,ME2P,1,3
7,0.544444367915057,ME2P,1,3
11,0.64931387913577,ME2P,1,3
12,1.19023662720335,ME2P,1,3
1,0.53939061937479,ME2P,1,3
4,0.597125746027616,ME2P,1,3
5,0.585399998142508,ME2P,1,3
17,0.461965644562072,ME2P,1,3
2,0.436045695847617,ME2P,1,3
14,0.496735676218577,ME2P,1,3
15,0.691203390909917,ME2P,1,3
6,0.714691762430448,ME2P,1,3
13,0.517278315007906,ME2P,1,3
16,0.566943849403117,ME2P,1,3
19,0.604762039902663,ME2P,1,3
8,0.699280159863233,XEN,0.05,3
9,0.585775197350898,XEN,0.05,3
10,0.700955996044137,XEN,0.05,3
18,0.763712044655445,XEN,0.05,3
7,0.679751873529445,XEN,0.05,3
11,0.685315760525876,XEN,0.05,3
12,1.27122942955703,XEN,0.05,3
1,0.581031638972052,XEN,0.05,3
4,0.574170702444483,XEN,0.05,3
5,0.521080619603834,XEN,0.05,3
17,0.684965492497841,XEN,0.05,3
2,0.460103493023246,XEN,0.05,3
14,0.586261775535742,XEN,0.05,3
15,0.820720258074542,XEN,0.05,3
6,0.740572653110491,XEN,0.05,3
13,0.690704466295062,XEN,0.05,3
16,0.668279591693253,XEN,0.05,3
19,0.735367608182966,XEN,0.05,3
8,0.69928176977932,XEN,0.1,3
9,0.585777069324127,XEN,0.1,3
10,0.700957621805666,XEN,0.1,3
18,0.763706877005234,XEN,0.1,3
7,0.67975206183461,XEN,0.1,3
11,0.685312991181895,XEN,0.1,3
12,1.27120067381999,XEN,0.1,3
1,0.58103342662892,XEN,0.1,3
4,0.574171966492143,XEN,0.1,3
5,0.521082618309778,XEN,0.1,3
17,0.684965968115592,XEN,0.1,3
2,0.46010871741631,XEN,0.1,3
14,0.586261325054547,XEN,0.1,3
15,0.820713853882582,XEN,0.1,3
6,0.740557734356646,XEN,0.1,3
13,0.690704107517445,XEN,0.1,3
16,0.668281024891856,XEN,0.1,3
19,0.735365456403149,XEN,0.1,3
8,0.699288207631296,XEN,0.3,3
9,0.585784554594937,XEN,0.3,3
10,0.700964125321111,XEN,0.3,3
18,0.763686220058905,XEN,0.3,3
7,0.679752815684842,XEN,0.3,3
11,0.685301917556067,XEN,0.3,3
12,1.27108569365832,XEN,0.3,3
1,0.581040575088455,XEN,0.3,3
4,0.57417702141889,XEN,0.3,3
5,0.521090610852046,XEN,0.3,3
17,0.684967870514333,XEN,0.3,3
2,0.460129607768665,XEN,0.3,3
14,0.586259524951685,XEN,0.3,3
15,0.820688249227037,XEN,0.3,3
6,0.740498083671815,XEN,0.3,3
13,0.690702674700115,XEN,0.3,3
16,0.668286756214023,XEN,0.3,3
19,0.735356854114086,XEN,0.3,3
8,0.699310717286445,XEN,1,3
9,0.585810720053119,XEN,1,3
10,0.700986893447213,XEN,1,3
18,0.763614092399024,XEN,1,3
7,0.679755462068308,XEN,1,3
11,0.685263207045363,XEN,1,3
12,1.27068380132135,XEN,1,3
1,0.581065567414436,XEN,1,3
4,0.574194697755535,XEN,1,3
5,0.521118556039131,XEN,1,3
17,0.684974527993557,XEN,1,3
2,0.46020263316813,XEN,1,3
14,0.586253247482323,XEN,1,3
15,0.820598785263492,XEN,1,3
6,0.740289612321235,XEN,1,3
13,0.690697688660366,XEN,1,3
16,0.668306797309997,XEN,1,3
19,0.735326806841141,XEN,1,3
8,0.599974036788794,MP_cal,0.05,4
9,0.531684509861081,MP_cal,0.05,4
10,0.541258161139038,MP_cal,0.05,4
18,0.579244784121303,MP_cal,0.05,4
7,0.539076109211413,MP_cal,0.05,4
11,0.583282230611647,MP_cal,0.05,4
12,0.799187615492981,MP_cal,0.05,4
1,0.551628030800237,MP_cal,0.05,4
3,0.619075073637782,MP_cal,0.05,4
5,0.593752371820082,MP_cal,0.05,4
17,0.461469282694706,MP_cal,0.05,4
2,0.481438501811638,MP_cal,0.05,4
14,0.511874968856104,MP_cal,0.05,4
15,0.646876834915217,MP_cal,0.05,4
6,0.586516793802316,MP_cal,0.05,4
13,0.502632013205464,MP_cal,0.05,4
16,0.583113878829981,MP_cal,0.05,4
19,0.584818720433653,MP_cal,0.05,4
8,0.599976869658618,MP_cal,0.1,4
9,0.531686699243431,MP_cal,0.1,4
10,0.541265531439065,MP_cal,0.1,4
18,0.579250411220803,MP_cal,0.1,4
7,0.539079233408646,MP_cal,0.1,4
11,0.583278245879813,MP_cal,0.1,4
12,0.799178907715587,MP_cal,0.1,4
1,0.551624194153976,MP_cal,0.1,4
3,0.619067770238709,MP_cal,0.1,4
5,0.593745667404752,MP_cal,0.1,4
17,0.46147645864761,MP_cal,0.1,4
2,0.481438344732197,MP_cal,0.1,4
14,0.511873479628625,MP_cal,0.1,4
15,0.646876838831855,MP_cal,0.1,4
6,0.586510111972543,MP_cal,0.1,4
13,0.502637305171555,MP_cal,0.1,4
16,0.583114397724991,MP_cal,0.1,4
19,0.58482130306407,MP_cal,0.1,4
8,0.599988201012551,MP_cal,0.3,4
9,0.531695456466012,MP_cal,0.3,4
10,0.541295006134862,MP_cal,0.3,4
18,0.579272915225216,MP_cal,0.3,4
7,0.539091733591627,MP_cal,0.3,4
11,0.583262324330723,MP_cal,0.3,4
12,0.799144105620916,MP_cal,0.3,4
1,0.551608859632417,MP_cal,0.3,4
3,0.619038574752944,MP_cal,0.3,4
5,0.593718864634091,MP_cal,0.3,4
17,0.461505156712528,MP_cal,0.3,4
2,0.481437720914206,MP_cal,0.3,4
14,0.511867530458704,MP_cal,0.3,4
15,0.646876860342623,MP_cal,0.3,4
6,0.586483398524875,MP_cal,0.3,4
13,0.502658470473814,MP_cal,0.3,4
16,0.583116477699363,MP_cal,0.3,4
19,0.584831634203054,MP_cal,0.3,4
8,0.600027859133452,MP_cal,1,4
9,0.531726102854815,MP_cal,1,4
10,0.541398085703716,MP_cal,1,4
18,0.579351623930821,MP_cal,1,4
7,0.539135526763864,MP_cal,1,4
11,0.583206817220694,MP_cal,1,4
12,0.799022662833459,MP_cal,1,4
1,0.55155534046676,MP_cal,1,4
3,0.618936618258408,MP_cal,1,4
5,0.593625242165328,MP_cal,1,4
17,0.461605527611925,MP_cal,1,4
2,0.481435594096423,MP_cal,1,4
14,0.511846805649351,MP_cal,1,4
15,0.64687700906597,MP_cal,1,4
6,0.586390075889301,MP_cal,1,4
13,0.502732516752961,MP_cal,1,4
16,0.583123812829004,MP_cal,1,4
19,0.584867800907774,MP_cal,1,4
8,0.724807307782506,ME,0.05,4
9,0.594789131269632,ME,0.05,4
10,0.71563367434181,ME,0.05,4
18,0.718895958398433,ME,0.05,4
7,0.672787210565994,ME,0.05,4
11,0.672420549550705,ME,0.05,4
12,1.07873788726966,ME,0.05,4
1,0.598144816544792,ME,0.05,4
3,0.626703334316839,ME,0.05,4
5,0.516855771397374,ME,0.05,4
17,0.68455654090809,ME,0.05,4
2,0.499015291922926,ME,0.05,4
14,0.613656599190314,ME,0.05,4
15,0.780650062844567,ME,0.05,4
6,0.478551300061279,ME,0.05,4
13,0.688865390577714,ME,0.05,4
16,0.679414576794633,ME,0.05,4
19,0.710962431424429,ME,0.05,4
8,0.724806818274488,ME,0.1,4
9,0.594790023906943,ME,0.1,4
10,0.715634338345825,ME,0.1,4
18,0.718896646675913,ME,0.1,4
7,0.672787633346027,ME,0.1,4
11,0.672417616157285,ME,0.1,4
12,1.07872071635048,ME,0.1,4
1,0.598145288124714,ME,0.1,4
3,0.626703461836533,ME,0.1,4
5,0.516857421057981,ME,0.1,4
17,0.684557013566086,ME,0.1,4
2,0.499017261303131,ME,0.1,4
14,0.613655006245809,ME,0.1,4
15,0.780648324668891,ME,0.1,4
6,0.478553493184515,ME,0.1,4
13,0.688865929321992,ME,0.1,4
16,0.679415138481841,ME,0.1,4
19,0.710962702993791,ME,0.1,4
8,0.724804860851989,ME,0.3,4
9,0.594793593745221,ME,0.3,4
10,0.715636993992257,ME,0.3,4
18,0.718899399315911,ME,0.3,4
7,0.672789324804514,ME,0.3,4
11,0.672405887276594,ME,0.3,4
12,1.07865205649819,ME,0.3,4
1,0.598147174126333,ME,0.3,4
3,0.626703971920014,ME,0.3,4
5,0.51686401849807,ME,0.3,4
17,0.684558903968017,ME,0.3,4
2,0.499025137283934,ME,0.3,4
14,0.613648636123845,ME,0.3,4
15,0.78064137392976,ME,0.3,4
6,0.478562264104237,ME,0.3,4
13,0.688868083946576,ME,0.3,4
16,0.679417384863329,ME,0.3,4
19,0.710963789103452,ME,0.3,4
8,0.724798017545456,ME,1,4
9,0.594806079228003,ME,1,4
10,0.715646284099282,ME,1,4
18,0.71890902763859,ME,1,4
7,0.67279524915684,ME,1,4
11,0.672364895235422,ME,1,4
12,1.07841204677617,ME,1,4
1,0.59815377112702,ME,1,4
3,0.626705757270594,ME,1,4
5,0.516887094399869,ME,1,4
17,0.684565517477139,ME,1,4
2,0.499052683828014,ME,1,4
14,0.613626361542426,ME,1,4
15,0.780617071057825,ME,1,4
6,0.478592942514415,ME,1,4
13,0.68887562069349,ME,1,4
16,0.679425242572901,ME,1,4
19,0.710967588374339,ME,1,4
8,0.697751764852796,ME2,0.05,4
9,0.589481312380496,ME2,0.05,4
10,0.697279712651366,ME2,0.05,4
18,0.778110109808965,ME2,0.05,4
7,0.680723791067765,ME2,0.05,4
11,0.684801002082412,ME2,0.05,4
12,1.15309615949386,ME2,0.05,4
1,0.585826421694294,ME2,0.05,4
3,0.627316852985952,ME2,0.05,4
5,0.525107966150069,ME2,0.05,4
17,0.686557723116898,ME2,0.05,4
2,0.480733675211061,ME2,0.05,4
14,0.573670214991605,ME2,0.05,4
15,0.804472175841516,ME2,0.05,4
6,0.61246160078539,ME2,0.05,4
13,0.711801149161649,ME2,0.05,4
16,0.671435430684535,ME2,0.05,4
19,0.726844494310497,ME2,0.05,4
8,0.697752971843592,ME2,0.1,4
9,0.589482958667377,ME2,0.1,4
10,0.697280700978779,ME2,0.1,4
18,0.778104401287587,ME2,0.1,4
7,0.680724248483869,ME2,0.1,4
11,0.684798373388884,ME2,0.1,4
12,1.1530797385434,ME2,0.1,4
1,0.58582776871306,ME2,0.1,4
3,0.627316823246438,ME2,0.1,4
5,0.525109543859475,ME2,0.1,4
17,0.686558153061404,ME2,0.1,4
2,0.480737250636554,ME2,0.1,4
14,0.573671160575829,ME2,0.1,4
15,0.804468018176064,ME2,0.1,4
6,0.612458388809938,ME2,0.1,4
13,0.711800507535814,ME2,0.1,4
16,0.671436552095315,ME2,0.1,4
19,0.726843829128087,ME2,0.1,4
8,0.697757799040869,ME2,0.3,4
9,0.589489541668239,ME2,0.3,4
10,0.69728465636919,ME2,0.3,4
18,0.778081580457311,ME2,0.3,4
7,0.680726077862419,ME2,0.3,4
11,0.684787862063137,ME2,0.3,4
12,1.15301407287657,ME2,0.3,4
1,0.585833155347988,ME2,0.3,4
3,0.627316704703723,ME2,0.3,4
5,0.525115853195422,ME2,0.3,4
17,0.686559872689531,ME2,0.3,4
2,0.480751548384493,ME2,0.3,4
14,0.573674941771075,ME2,0.3,4
15,0.804451393852128,ME2,0.3,4
6,0.612445544284963,ME2,0.3,4
13,0.711797942144889,ME2,0.3,4
16,0.671441036771721,ME2,0.3,4
19,0.726841169509625,ME2,0.3,4
8,0.697774684566896,ME2,1,4
9,0.589512555159458,ME2,1,4
10,0.697298526333161,ME2,1,4
18,0.778001874215059,ME2,1,4
7,0.680732477086399,ME2,1,4
11,0.684751115809542,ME2,1,4
12,1.15278447126152,ME2,1,4
1,0.585851990443973,ME2,1,4
3,0.627316295026673,ME2,1,4
5,0.525137916969535,ME2,1,4
17,0.686565889497687,ME2,1,4
2,0.480801540739542,ME2,1,4
14,0.573688161583798,ME2,1,4
15,0.80439328845806,ME2,1,4
6,0.61240063094671,ME2,1,4
13,0.711788977271434,ME2,1,4
16,0.671456720968304,ME2,1,4
19,0.726831874824788,ME2,1,4
8,0.603556319604826,ME_P,0.05,4
9,0.522483975003608,ME_P,0.05,4
10,0.535317808255965,ME_P,0.05,4
18,0.572839885835448,ME_P,0.05,4
7,0.528220123614141,ME_P,0.05,4
11,0.615403136883135,ME_P,0.05,4
12,1.01268873514083,ME_P,0.05,4
1,0.549531441523144,ME_P,0.05,4
3,0.621048283466323,ME_P,0.05,4
5,0.577192914941777,ME_P,0.05,4
17,0.457150890796099,ME_P,0.05,4
2,0.457439083238912,ME_P,0.05,4
14,0.530055952173777,ME_P,0.05,4
15,0.664293714447606,ME_P,0.05,4
6,0.575909620721652,ME_P,0.05,4
13,0.500553682213685,ME_P,0.05,4
16,0.580163931405991,ME_P,0.05,4
19,0.583811673888186,ME_P,0.05,4
8,0.60355924409267,ME_P,0.1,4
9,0.522486079709381,ME_P,0.1,4
10,0.535325002055836,ME_P,0.1,4
18,0.572845408175913,ME_P,0.1,4
7,0.528223608355961,ME_P,0.1,4
11,0.615396171371745,ME_P,0.1,4
12,1.01266451011644,ME_P,0.1,4
1,0.54952748918177,ME_P,0.1,4
3,0.621040909734362,ME_P,0.1,4
5,0.577185784527587,ME_P,0.1,4
17,0.457157929923349,ME_P,0.1,4
2,0.457438985046108,ME_P,0.1,4
14,0.530054299074051,ME_P,0.1,4
15,0.664293600984536,ME_P,0.1,4
6,0.575900981178628,ME_P,0.1,4
13,0.500558587024493,ME_P,0.1,4
16,0.580163935877297,ME_P,0.1,4
19,0.583814079612456,ME_P,0.1,4
8,0.60357094145083,ME_P,0.3,4
9,0.522494498734317,ME_P,0.3,4
10,0.535353771117091,ME_P,0.3,4
18,0.572867493478788,ME_P,0.3,4
7,0.52823754995298,ME_P,0.3,4
11,0.615368334835647,ME_P,0.3,4
12,1.0125676762819,ME_P,0.3,4
1,0.549511692011082,ME_P,0.3,4
3,0.621011432636455,ME_P,0.3,4
5,0.577157279289828,ME_P,0.3,4
17,0.457186081047466,ME_P,0.3,4
2,0.457438597420685,ME_P,0.3,4
14,0.530047693682041,ME_P,0.3,4
15,0.664293152044937,ME_P,0.3,4
6,0.575866441724671,ME_P,0.3,4
13,0.500578204621517,ME_P,0.3,4
16,0.5801639595491,ME_P,0.3,4
19,0.583823703576927,ME_P,0.3,4
8,0.603611874702493,ME_P,1,4
9,0.522523967826997,ME_P,1,4
10,0.535454385570071,ME_P,1,4
18,0.57294474093666,ME_P,1,4
7,0.528286378455405,ME_P,1,4
11,0.615271227385396,ME_P,1,4
12,1.01222959032409,ME_P,1,4
1,0.549456555226888,ME_P,1,4
3,0.620908486976469,ME_P,1,4
5,0.577057717400742,ME_P,1,4
17,0.457284542202378,ME_P,1,4
2,0.457437305397433,ME_P,1,4
14,0.530024662885452,ME_P,1,4
15,0.664291642487685,ME_P,1,4
6,0.575745789008896,ME_P,1,4
13,0.500646845447748,ME_P,1,4
16,0.580164115122173,ME_P,1,4
19,0.583857400827989,ME_P,1,4
8,0.578377590549005,ME2P,0.05,4
9,0.517248011034243,ME2P,0.05,4
10,0.515772457344837,ME2P,0.05,4
18,0.638686426926397,ME2P,0.05,4
7,0.547405764992602,ME2P,0.05,4
11,0.64314180830035,ME2P,0.05,4
12,1.16812614729301,ME2P,0.05,4
1,0.539452141380136,ME2P,0.05,4
3,0.62450210935739,ME2P,0.05,4
5,0.585540114145545,ME2P,0.05,4
17,0.461837682356995,ME2P,0.05,4
2,0.442531544026625,ME2P,0.05,4
14,0.493588509755197,ME2P,0.05,4
15,0.686103634464165,ME2P,0.05,4
6,0.738372295753305,ME2P,0.05,4
13,0.52300360562532,ME2P,0.05,4
16,0.570112195357173,ME2P,0.05,4
19,0.603512991583641,ME2P,0.05,4
8,0.578382035185848,ME2P,0.1,4
9,0.517250934583959,ME2P,0.1,4
10,0.515780582035738,ME2P,0.1,4
18,0.638684702299162,ME2P,0.1,4
7,0.547406808425098,ME2P,0.1,4
11,0.643131953942879,ME2P,0.1,4
12,1.16808737932405,ME2P,0.1,4
1,0.539448893392674,ME2P,0.1,4
3,0.624494157520758,ME2P,0.1,4
5,0.585532724543271,ME2P,0.1,4
17,0.461844421638227,ME2P,0.1,4
2,0.442532828906108,ME2P,0.1,4
14,0.493589345739052,ME2P,0.1,4
15,0.68610133913589,ME2P,0.1,4
6,0.738352817214963,ME2P,0.1,4
13,0.523007064594267,ME2P,0.1,4
16,0.570113211840121,ME2P,0.1,4
19,0.603513796225238,ME2P,0.1,4
8,0.578399811350398,ME2P,0.3,4
9,0.517262627059468,ME2P,0.3,4
10,0.515813074375888,ME2P,0.3,4
18,0.63867781623804,ME2P,0.3,4
7,0.547410993097175,ME2P,0.3,4
11,0.643092571972457,ME2P,0.3,4
12,1.16793241709855,ME2P,0.3,4
1,0.539435912558397,ME2P,0.3,4
3,0.624462369656338,ME2P,0.3,4
5,0.585503182911334,ME2P,0.3,4
17,0.461871373839279,ME2P,0.3,4
2,0.442537970874872,ME2P,0.3,4
14,0.493592692711143,ME2P,0.3,4
15,0.686092167265298,ME2P,0.3,4
6,0.738274942689947,ME2P,0.3,4
13,0.523020901566458,ME2P,0.3,4
16,0.570117281790218,ME2P,0.3,4
19,0.603517019292497,ME2P,0.3,4
8,0.578461997900879,ME2P,1,4
9,0.517303529023776,ME2P,1,4
10,0.51592671668629,ME2P,1,4
18,0.638653871429819,ME2P,1,4
7,0.54742577672328,ME2P,1,4
11,0.642955180403017,ME2P,1,4
12,1.16739142660213,ME2P,1,4
1,0.53939061937479,ME2P,1,4
3,0.624351357074344,ME2P,1,4
5,0.585399998142508,ME2P,1,4
17,0.461965644562072,ME2P,1,4
2,0.442555998544885,ME2P,1,4
14,0.493604445257057,ME2P,1,4
15,0.686060184400087,ME2P,1,4
6,0.73800288010159,ME2P,1,4
13,0.523069344684321,ME2P,1,4
16,0.570131577090876,ME2P,1,4
19,0.60352835656095,ME2P,1,4
8,0.697842714952894,XEN,0.05,4
9,0.587295700808603,XEN,0.05,4
10,0.700824079212493,XEN,0.05,4
18,0.766272205969093,XEN,0.05,4
7,0.680243475503577,XEN,0.05,4
11,0.682268010403721,XEN,0.05,4
12,1.25173905890961,XEN,0.05,4
1,0.581031638972052,XEN,0.05,4
3,0.624599106837393,XEN,0.05,4
5,0.521080619603834,XEN,0.05,4
17,0.684965492497841,XEN,0.05,4
2,0.461539249023747,XEN,0.05,4
14,0.58332699999585,XEN,0.05,4
15,0.818996854258182,XEN,0.05,4
6,0.761928865934168,XEN,0.05,4
13,0.691912034162032,XEN,0.05,4
16,0.669355664285369,XEN,0.05,4
19,0.735394084082732,XEN,0.05,4
8,0.697844126701842,XEN,0.1,4
9,0.587297524444523,XEN,0.1,4
10,0.700825619802163,XEN,0.1,4
18,0.766267187507169,XEN,0.1,4
7,0.680243667651115,XEN,0.1,4
11,0.682265600368485,XEN,0.1,4
12,1.25171397557933,XEN,0.1,4
1,0.58103342662892,XEN,0.1,4
3,0.624599343767034,XEN,0.1,4
5,0.521082618309778,XEN,0.1,4
17,0.684965968115592,XEN,0.1,4
2,0.461544338488923,XEN,0.1,4
14,0.583326717664048,XEN,0.1,4
15,0.818990779343185,XEN,0.1,4
6,0.761915409271253,XEN,0.1,4
13,0.69191166922855,XEN,0.1,4
16,0.669357023719804,XEN,0.1,4
19,0.73539212542717,XEN,0.1,4
8,0.697849772283138,XEN,0.3,4
9,0.587304816556379,XEN,0.3,4
10,0.700831782501157,XEN,0.3,4
18,0.766247125985261,XEN,0.3,4
7,0.680244436641659,XEN,0.3,4
11,0.682255963355352,XEN,0.3,4
12,1.25161367560187,XEN,0.3,4
1,0.581040575088455,XEN,0.3,4
3,0.624600291456677,XEN,0.3,4
5,0.521090610852046,XEN,0.3,4
17,0.684967870514333,XEN,0.3,4
2,0.461564689764074,XEN,0.3,4
14,0.583325589846969,XEN,0.3,4
15,0.818966490541181,XEN,0.3,4
6,0.761861601732001,XEN,0.3,4
13,0.691910211408291,XEN,0.3,4
16,0.669362460102116,XEN,0.3,4
19,0.735384294800958,XEN,0.3,4
8,0.697869513999025,XEN,1,4
9,0.587330308349298,XEN,1,4
10,0.700853356160107,XEN,1,4
18,0.766177065629199,XEN,1,4
7,0.680247133137814,XEN,1,4
11,0.682222273162753,XEN,1,4
12,1.25126304519743,XEN,1,4
1,0.581065567414436,XEN,1,4
3,0.624603608003559,XEN,1,4
5,0.521118556039131,XEN,1,4
17,0.684974527993557,XEN,1,4
2,0.461635836365622,XEN,1,4
14,0.583321661461982,XEN,1,4
15,0.818881616304885,XEN,1,4
6,0.761673515795593,XEN,1,4
13,0.691905133094558,XEN,1,4
16,0.669381470378132,XEN,1,4
19,0.73535693786659,XEN,1,4
8,0.597103861461885,MP_cal,0.05,5
9,0.540431051875482,MP_cal,0.05,5
10,0.528876149065306,MP_cal,0.05,5
18,0.566640566623235,MP_cal,0.05,5
7,0.536763916873859,MP_cal,0.05,5
11,0.58873214013783,MP_cal,0.05,5
12,0.774369064744493,MP_cal,0.05,5
1,0.551628030800237,MP_cal,0.05,5
3,0.619075073637782,MP_cal,0.05,5
4,0.605285136006333,MP_cal,0.05,5
17,0.461469282694706,MP_cal,0.05,5
2,0.504782973422728,MP_cal,0.05,5
14,0.526044891783244,MP_cal,0.05,5
15,0.633609961569302,MP_cal,0.05,5
6,0.602068908548182,MP_cal,0.05,5
13,0.499732494981323,MP_cal,0.05,5
16,0.584591531368557,MP_cal,0.05,5
19,0.58090624245741,MP_cal,0.05,5
8,0.597106318086637,MP_cal,0.1,5
9,0.540432683975249,MP_cal,0.1,5
10,0.528883762559646,MP_cal,0.1,5
18,0.566646370474899,MP_cal,0.1,5
7,0.536766926756199,MP_cal,0.1,5
11,0.588727753274534,MP_cal,0.1,5
12,0.774360810148555,MP_cal,0.1,5
1,0.551624194153976,MP_cal,0.1,5
3,0.619067770238709,MP_cal,0.1,5
4,0.60527799905575,MP_cal,0.1,5
17,0.46147645864761,MP_cal,0.1,5
2,0.504781814468769,MP_cal,0.1,5
14,0.52604272662177,MP_cal,0.1,5
15,0.633610073819705,MP_cal,0.1,5
6,0.602061820402859,MP_cal,0.1,5
13,0.499737767690572,MP_cal,0.1,5
16,0.58459171380671,MP_cal,0.1,5
19,0.580908673327153,MP_cal,0.1,5
8,0.597116145396272,MP_cal,0.3,5
9,0.540439213246625,MP_cal,0.3,5
10,0.528914209720586,MP_cal,0.3,5
18,0.566669581399593,MP_cal,0.3,5
7,0.536778970310026,MP_cal,0.3,5
11,0.588710224806502,MP_cal,0.3,5
12,0.774327820709365,MP_cal,0.3,5
1,0.551608859632417,MP_cal,0.3,5
3,0.619038574752944,MP_cal,0.3,5
4,0.605249468373011,MP_cal,0.3,5
17,0.461505156712528,MP_cal,0.3,5
2,0.504777185399423,MP_cal,0.3,5
14,0.526034075593654,MP_cal,0.3,5
15,0.633610529030766,MP_cal,0.3,5
6,0.602033482990579,MP_cal,0.3,5
13,0.499758856119114,MP_cal,0.3,5
16,0.584592448822704,MP_cal,0.3,5
19,0.580918397920735,MP_cal,0.3,5
8,0.59715055112851,MP_cal,1,5
9,0.540462076632424,MP_cal,1,5
10,0.529020688992083,MP_cal,1,5
18,0.566750763212512,MP_cal,1,5
7,0.536821173191905,MP_cal,1,5
11,0.5886491136548,MP_cal,1,5
12,0.77421272130281,MP_cal,1,5
1,0.55155534046676,MP_cal,1,5
3,0.618936618258408,MP_cal,1,5
4,0.605149826231982,MP_cal,1,5
17,0.461605527611925,MP_cal,1,5
2,0.504761068441989,MP_cal,1,5
14,0.526003917876328,MP_cal,1,5
15,0.63361220028362,MP_cal,1,5
6,0.601934492783876,MP_cal,1,5
13,0.499832635269651,MP_cal,1,5
16,0.584595087519664,MP_cal,1,5
19,0.58095244796515,MP_cal,1,5
8,0.718284639528236,ME,0.05,5
9,0.601494449000422,ME,0.05,5
10,0.712202397870903,ME,0.05,5
18,0.715674036147513,ME,0.05,5
7,0.670411207512951,ME,0.05,5
11,0.675484116379732,ME,0.05,5
12,1.03954879127921,ME,0.05,5
1,0.598144816544792,ME,0.05,5
3,0.626703334316839,ME,0.05,5
4,0.568774097538624,ME,0.05,5
17,0.68455654090809,ME,0.05,5
2,0.514585090468506,ME,0.05,5
14,0.620909508950653,ME,0.05,5
15,0.768593083204138,ME,0.05,5
6,0.501588520472254,ME,0.05,5
13,0.689099187313853,ME,0.05,5
16,0.680593003801787,ME,0.05,5
19,0.707864374676897,ME,0.05,5
8,0.718284284311533,ME,0.1,5
9,0.601495261320303,ME,0.1,5
10,0.712203010119128,ME,0.1,5
18,0.715674636724576,ME,0.1,5
7,0.670411727866715,ME,0.1,5
11,0.675481379496641,ME,0.1,5
12,1.03953322530291,ME,0.1,5
1,0.598145288124714,ME,0.1,5
3,0.626703461836533,ME,0.1,5
4,0.568775300216651,ME,0.1,5
17,0.684557013566086,ME,0.1,5
2,0.514586979556778,ME,0.1,5
14,0.620908068439532,ME,0.1,5
15,0.768591615045718,ME,0.1,5
6,0.501590464396956,ME,0.1,5
13,0.689099640287328,ME,0.1,5
16,0.680593480860811,ME,0.1,5
19,0.707864618480363,ME,0.1,5
8,0.718282863895252,ME,0.3,5
9,0.601498509941669,ME,0.3,5
10,0.712205458737434,ME,0.3,5
18,0.715677038607038,ME,0.3,5
7,0.670413809408138,ME,0.3,5
11,0.67547043625373,ME,0.3,5
12,1.03947098272509,ME,0.3,5
1,0.598147174126333,ME,0.3,5
3,0.626703971920014,ME,0.3,5
4,0.568780110109482,ME,0.3,5
17,0.684558903968017,ME,0.3,5
2,0.514594534429632,ME,0.3,5
14,0.62090230787093,ME,0.3,5
15,0.768585744063345,ME,0.3,5
6,0.501598238681743,ME,0.3,5
13,0.689101451875913,ME,0.3,5
16,0.680595388775208,ME,0.3,5
19,0.707865593535312,ME,0.3,5
8,0.718277898108662,ME,1,5
9,0.601509871830149,ME,1,5
10,0.712214024183923,ME,1,5
18,0.715685439834224,ME,1,5
7,0.670421096384355,ME,1,5
11,0.675432188869731,ME,1,5
12,1.03925340205235,ME,1,5
1,0.59815377112702,ME,1,5
3,0.626705757270594,ME,1,5
4,0.568796934418402,ME,1,5
17,0.684565517477139,ME,1,5
2,0.514620957848348,ME,1,5
14,0.620882164458522,ME,1,5
15,0.768565216409851,ME,1,5
6,0.501625430874268,ME,1,5
13,0.689107788591497,ME,1,5
16,0.680602062424826,ME,1,5
19,0.70786900422653,ME,1,5
8,0.693579562907196,ME2,0.05,5
9,0.596064171576163,ME2,0.05,5
10,0.694226644321329,ME2,0.05,5
18,0.774941419785506,ME2,0.05,5
7,0.676599386841491,ME2,0.05,5
11,0.686566874457203,ME2,0.05,5
12,1.1026028488887,ME2,0.05,5
1,0.585826421694294,ME2,0.05,5
3,0.627316852985952,ME2,0.05,5
4,0.575836743403644,ME2,0.05,5
17,0.686557723116898,ME2,0.05,5
2,0.495356304772376,ME2,0.05,5
14,0.579566304680362,ME2,0.05,5
15,0.791776238531277,ME2,0.05,5
6,0.643616169530858,ME2,0.05,5
13,0.710573887550484,ME2,0.05,5
16,0.672404597340405,ME2,0.05,5
19,0.722408319737401,ME2,0.05,5
8,0.693580582731129,ME2,0.1,5
9,0.596065767087596,ME2,0.1,5
10,0.694227483819037,ME2,0.1,5
18,0.774935794140587,ME2,0.1,5
7,0.676599961457786,ME2,0.1,5
11,0.68656447282985,ME2,0.1,5
12,1.10258827519609,ME2,0.1,5
1,0.58582776871306,ME2,0.1,5
3,0.627316823246438,ME2,0.1,5
4,0.57583780996244,ME2,0.1,5
17,0.686558153061404,ME2,0.1,5
2,0.495359853503305,ME2,0.1,5
14,0.5795673971526,ME2,0.1,5
15,0.791772486421787,ME2,0.1,5
6,0.643612505237495,ME2,0.1,5
13,0.710573240812776,ME2,0.1,5
16,0.672405655357345,ME2,0.1,5
19,0.72240773336725,ME2,0.1,5
8,0.69358466166338,ME2,0.3,5
9,0.596072146984604,ME2,0.3,5
10,0.694230844004021,ME2,0.3,5
18,0.774913304401767,ME2,0.3,5
7,0.676602259488929,ME2,0.3,5
11,0.686554869402511,ME2,0.3,5
12,1.10252999624824,ME2,0.3,5
1,0.585833155347988,ME2,0.3,5
3,0.627316704703723,ME2,0.3,5
4,0.575842075322786,ME2,0.3,5
17,0.686559872689531,ME2,0.3,5
2,0.495374044474979,ME2,0.3,5
14,0.579571765756297,ME2,0.3,5
15,0.791757483699259,ME2,0.3,5
6,0.643597851690308,ME2,0.3,5
13,0.710570654911436,ME2,0.3,5
16,0.672409886471548,ME2,0.3,5
19,0.722405388852052,ME2,0.3,5
8,0.693598933323845,ME2,1,5
9,0.596094449587041,ME2,1,5
10,0.694242632178096,ME2,1,5
18,0.774834751771197,ME2,1,5
7,0.676610297132415,ME2,1,5
11,0.686521296185553,ME2,1,5
12,1.10232621905334,ME2,1,5
1,0.585851990443973,ME2,1,5
3,0.627316295026673,ME2,1,5
4,0.575856993070566,ME2,1,5
17,0.686565889497687,ME2,1,5
2,0.495423663138122,ME2,1,5
14,0.57958703969126,ME2,1,5
15,0.791705046079264,ME2,1,5
6,0.643546609915535,ME2,1,5
13,0.710561617460415,ME2,1,5
16,0.672424683366443,ME2,1,5
19,0.722397195194575,ME2,1,5
8,0.599115491876242,ME_P,0.05,5
9,0.533560381455143,ME_P,0.05,5
10,0.524419111026292,ME_P,0.05,5
18,0.562111179711775,ME_P,0.05,5
7,0.524443070301211,ME_P,0.05,5
11,0.620623709042811,ME_P,0.05,5
12,0.97565177143413,ME_P,0.05,5
1,0.549531441523144,ME_P,0.05,5
3,0.621048283466323,ME_P,0.05,5
4,0.590038825176494,ME_P,0.05,5
17,0.457150890796099,ME_P,0.05,5
2,0.482273488547539,ME_P,0.05,5
14,0.541529251781291,ME_P,0.05,5
15,0.647971714513861,ME_P,0.05,5
6,0.597250961214123,ME_P,0.05,5
13,0.498802527129317,ME_P,0.05,5
16,0.583283160518387,ME_P,0.05,5
19,0.580428975293069,ME_P,0.05,5
8,0.599118077573968,ME_P,0.1,5
9,0.533561779424305,ME_P,0.1,5
10,0.524426496360143,ME_P,0.1,5
18,0.56211680257025,ME_P,0.1,5
7,0.524446561417938,ME_P,0.1,5
11,0.620616166473611,ME_P,0.1,5
12,0.975627983131376,ME_P,0.1,5
1,0.54952748918177,ME_P,0.1,5
3,0.621040909734362,ME_P,0.1,5
4,0.590031448911924,ME_P,0.1,5
17,0.457157929923349,ME_P,0.1,5
2,0.482272321270091,ME_P,0.1,5
14,0.541527043822146,ME_P,0.1,5
15,0.647971792676796,ME_P,0.1,5
6,0.597241679960431,ME_P,0.1,5
13,0.498807376108778,ME_P,0.1,5
16,0.583282761649976,ME_P,0.1,5
19,0.58043119292157,ME_P,0.1,5
8,0.599128420748183,ME_P,0.3,5
9,0.533567372995344,ME_P,0.3,5
10,0.524456031397946,ME_P,0.3,5
18,0.562139290033017,ME_P,0.3,5
7,0.524460528995816,ME_P,0.3,5
11,0.620586024394093,ME_P,0.3,5
12,0.975532898288566,ME_P,0.3,5
1,0.549511692011082,ME_P,0.3,5
3,0.621011432636455,ME_P,0.3,5
4,0.590001962222691,ME_P,0.3,5
17,0.457186081047466,ME_P,0.3,5
2,0.48226765973299,ME_P,0.3,5
14,0.541518220714478,ME_P,0.3,5
15,0.647972110556904,ME_P,0.3,5
6,0.597204575473025,ME_P,0.3,5
13,0.498826770639198,ME_P,0.3,5
16,0.583281172993799,ME_P,0.3,5
19,0.580440065098548,ME_P,0.3,5
8,0.599164626631275,ME_P,1,5
9,0.533586971765504,ME_P,1,5
10,0.524559324763054,ME_P,1,5
18,0.562217946151963,ME_P,1,5
7,0.524509454464263,ME_P,1,5
11,0.620480881273904,ME_P,1,5
12,0.975200960156983,ME_P,1,5
1,0.549456555226888,ME_P,1,5
3,0.620908486976469,ME_P,1,5
4,0.589898989763181,ME_P,1,5
17,0.457284542202378,ME_P,1,5
2,0.482251439523087,ME_P,1,5
14,0.541487449550942,ME_P,1,5
15,0.647973288824401,ME_P,1,5
6,0.597074967873025,ME_P,1,5
13,0.498894633982501,ME_P,1,5
16,0.583275698373806,ME_P,1,5
19,0.580471138577314,ME_P,1,5
8,0.574930875207937,ME2P,0.05,5
9,0.528072689521727,ME2P,0.05,5
10,0.504167345930035,ME2P,0.05,5
18,0.63027004046124,ME2P,0.05,5
7,0.541278297778992,ME2P,0.05,5
11,0.648586308256637,ME2P,0.05,5
12,1.12270103440171,ME2P,0.05,5
1,0.539452141380136,ME2P,0.05,5
3,0.62450210935739,ME2P,0.05,5
4,0.597269576244226,ME2P,0.05,5
17,0.461837682356995,ME2P,0.05,5
2,0.46562174551422,ME2P,0.05,5
14,0.501885005524999,ME2P,0.05,5
15,0.670422777920759,ME2P,0.05,5
6,0.770392614160529,ME2P,0.05,5
13,0.520509241425058,ME2P,0.05,5
16,0.572878018928252,ME2P,0.05,5
19,0.599065289930764,ME2P,0.05,5
8,0.574934860728785,ME2P,0.1,5
9,0.52807497650147,ME2P,0.1,5
10,0.504175751999444,ME2P,0.1,5
18,0.630268101328299,ME2P,0.1,5
7,0.541279438351431,ME2P,0.1,5
11,0.648575659603915,ME2P,0.1,5
12,1.12266259211662,ME2P,0.1,5
1,0.539448893392674,ME2P,0.1,5
3,0.624494157520758,ME2P,0.1,5
4,0.597261989523516,ME2P,0.1,5
17,0.461844421638227,ME2P,0.1,5
2,0.465622171518225,ME2P,0.1,5
14,0.501885570973869,ME2P,0.1,5
15,0.670420552997713,ME2P,0.1,5
6,0.770371559536321,ME2P,0.1,5
13,0.520512618609239,ME2P,0.1,5
16,0.572878664170137,ME2P,0.1,5
19,0.599065943725278,ME2P,0.1,5
8,0.574950801587383,ME2P,0.3,5
9,0.52808412399842,ME2P,0.3,5
10,0.504209369403553,ME2P,0.3,5
18,0.630260358629603,ME2P,0.3,5
7,0.5412840121479,ME2P,0.3,5
11,0.648533104216956,ME2P,0.3,5
12,1.12250893672516,ME2P,0.3,5
1,0.539435912558397,ME2P,0.3,5
3,0.624462369656338,ME2P,0.3,5
4,0.59723166123615,ME2P,0.3,5
17,0.461871373839279,ME2P,0.3,5
2,0.465623879857319,ME2P,0.3,5
14,0.501887836789566,ME2P,0.3,5
15,0.6704116635768,ME2P,0.3,5
6,0.770287385217264,ME2P,0.3,5
13,0.520526128922633,ME2P,0.3,5
16,0.572881250175308,ME2P,0.3,5
19,0.599068564131193,ME2P,0.3,5
8,0.57500657912411,ME2P,1,5
9,0.528116134900299,ME2P,1,5
10,0.504326943776671,ME2P,1,5
18,0.630233432977798,ME2P,1,5
7,0.541300164775747,ME2P,1,5
11,0.64838465292379,ME2P,1,5
12,1.12197257147795,ME2P,1,5
1,0.53939061937479,ME2P,1,5
3,0.624351357074344,ME2P,1,5
4,0.597125746027616,ME2P,1,5
17,0.461965644562072,ME2P,1,5
2,0.465629913357301,ME2P,1,5
14,0.501895817645541,ME2P,1,5
15,0.670380679683353,ME2P,1,5
6,0.769993330501903,ME2P,1,5
13,0.520573434764522,ME2P,1,5
16,0.572890364475624,ME2P,1,5
19,0.599077801213927,ME2P,1,5
8,0.693768125372517,XEN,0.05,5
9,0.594311740166797,XEN,0.05,5
10,0.696144221517366,XEN,0.05,5
18,0.76631220802629,XEN,0.05,5
7,0.675850964710911,XEN,0.05,5
11,0.684210177554866,XEN,0.05,5
12,1.19755157709669,XEN,0.05,5
1,0.581031638972052,XEN,0.05,5
3,0.624599106837393,XEN,0.05,5
4,0.574170702444483,XEN,0.05,5
17,0.684965492497841,XEN,0.05,5
2,0.477803014120086,XEN,0.05,5
14,0.587373611321954,XEN,0.05,5
15,0.803843932868146,XEN,0.05,5
6,0.790324290431546,XEN,0.05,5
13,0.69081229199021,XEN,0.05,5
16,0.670041816586735,XEN,0.05,5
19,0.729370334464345,XEN,0.05,5
8,0.693769291627568,XEN,0.1,5
9,0.594313455757723,XEN,0.1,5
10,0.696145491059205,XEN,0.1,5
18,0.766307051821597,XEN,0.1,5
7,0.675851316735454,XEN,0.1,5
11,0.684207979554741,XEN,0.1,5
12,1.19752914134548,XEN,0.1,5
1,0.58103342662892,XEN,0.1,5
3,0.624599343767034,XEN,0.1,5
4,0.574171966492143,XEN,0.1,5
17,0.684965968115592,XEN,0.1,5
2,0.477807980987029,XEN,0.1,5
14,0.587373705734787,XEN,0.1,5
15,0.803838586201328,XEN,0.1,5
6,0.790310541923396,XEN,0.1,5
13,0.690812021705868,XEN,0.1,5
16,0.67004312257463,XEN,0.1,5
19,0.729368631866302,XEN,0.1,5
8,0.693773955843431,XEN,0.3,5
9,0.594320315802649,XEN,0.3,5
10,0.696150570224121,XEN,0.3,5
18,0.766286439250371,XEN,0.3,5
7,0.675852724967766,XEN,0.3,5
11,0.684199190337097,XEN,0.3,5
12,1.19743942722242,XEN,0.3,5
1,0.581040575088455,XEN,0.3,5
3,0.624600291456677,XEN,0.3,5
4,0.57417702141889,XEN,0.3,5
17,0.684967870514333,XEN,0.3,5
2,0.477827842049603,XEN,0.3,5
14,0.587374084244608,XEN,0.3,5
15,0.803817208972523,XEN,0.3,5
6,0.790255566849195,XEN,0.3,5
13,0.690810942172066,XEN,0.3,5
16,0.670048345166754,XEN,0.3,5
19,0.729361824948187,XEN,0.3,5
8,0.693790270453209,XEN,1,5
9,0.594344296783744,XEN,1,5
10,0.696168359779385,XEN,1,5
18,0.766214449242279,XEN,1,5
7,0.675857655461146,XEN,1,5
11,0.684168463089485,XEN,1,5
12,1.1971257911898,XEN,1,5
1,0.581065567414436,XEN,1,5
3,0.624603608003559,XEN,1,5
4,0.574194697755535,XEN,1,5
17,0.684974527993557,XEN,1,5
2,0.47789727517457,XEN,1,5
14,0.587375419808798,XEN,1,5
15,0.803742507391608,XEN,1,5
6,0.79006339261091,XEN,1,5
13,0.690807183961645,XEN,1,5
16,0.670066607127202,XEN,1,5
19,0.729338044427564,XEN,1,5
8,0.593108762741451,MP_cal,0.05,6
9,0.535788117350273,MP_cal,0.05,6
10,0.525936893325616,MP_cal,0.05,6
18,0.564337663435577,MP_cal,0.05,6
7,0.53474251610709,MP_cal,0.05,6
11,0.5925329856441,MP_cal,0.05,6
12,0.769694353136433,MP_cal,0.05,6
1,0.560050717642804,MP_cal,0.05,6
3,0.623908044200847,MP_cal,0.05,6
4,0.615108739698001,MP_cal,0.05,6
17,0.459674338028402,MP_cal,0.05,6
2,0.503174177278257,MP_cal,0.05,6
14,0.527456700932179,MP_cal,0.05,6
15,0.63178341122316,MP_cal,0.05,6
5,0.596903250106836,MP_cal,0.05,6
13,0.499732494981323,MP_cal,0.05,6
16,0.584591531368557,MP_cal,0.05,6
19,0.58090624245741,MP_cal,0.05,6
8,0.593111302758332,MP_cal,0.1,6
9,0.535790131586085,MP_cal,0.1,6
10,0.525944643166182,MP_cal,0.1,6
18,0.564343577142027,MP_cal,0.1,6
7,0.534745680270502,MP_cal,0.1,6
11,0.592528104598072,MP_cal,0.1,6
12,0.769685714264607,MP_cal,0.1,6
1,0.560046225122613,MP_cal,0.1,6
3,0.623900093479816,MP_cal,0.1,6
4,0.615100825771074,MP_cal,0.1,6
17,0.459681700730202,MP_cal,0.1,6
2,0.503173350505811,MP_cal,0.1,6
14,0.527454609567053,MP_cal,0.1,6
15,0.631783496988521,MP_cal,0.1,6
5,0.596896846875528,MP_cal,0.1,6
13,0.499737767690572,MP_cal,0.1,6
16,0.58459171380671,MP_cal,0.1,6
19,0.580908673327153,MP_cal,0.1,6
8,0.593121463671962,MP_cal,0.3,6
9,0.535798188956693,MP_cal,0.3,6
10,0.525975635372177,MP_cal,0.3,6
18,0.56436722721103,MP_cal,0.3,6
7,0.534758340997501,MP_cal,0.3,6
11,0.592508601796549,MP_cal,0.3,6
12,0.769651189919561,MP_cal,0.3,6
1,0.560028268890278,MP_cal,0.3,6
3,0.623868310709207,MP_cal,0.3,6
4,0.615069189330969,MP_cal,0.3,6
17,0.459711145366242,MP_cal,0.3,6
2,0.503170049999319,MP_cal,0.3,6
14,0.52744625404885,MP_cal,0.3,6
15,0.631783846477943,MP_cal,0.3,6
5,0.59687124798399,MP_cal,0.3,6
13,0.499758856119114,MP_cal,0.3,6
16,0.584592448822704,MP_cal,0.3,6
19,0.580918397920735,MP_cal,0.3,6
8,0.593157037459715,MP_cal,1,6
9,0.535826395088808,MP_cal,1,6
10,0.52608401802833,MP_cal,1,6
18,0.564449942572564,MP_cal,1,6
7,0.53480270457952,MP_cal,1,6
11,0.592440610559671,MP_cal,1,6
12,0.7695307459027,MP_cal,1,6
1,0.559965596167108,MP_cal,1,6
3,0.623757323884522,MP_cal,1,6
4,0.614958704030851,MP_cal,1,6
17,0.459814123927784,MP_cal,1,6
2,0.503158580948654,MP_cal,1,6
14,0.52741713468347,MP_cal,1,6
15,0.631785150444697,MP_cal,1,6
5,0.596781828321729,MP_cal,1,6
13,0.499832635269651,MP_cal,1,6
16,0.584595087519664,MP_cal,1,6
19,0.58095244796515,MP_cal,1,6
8,0.714302369320037,ME,0.05,6
9,0.609378149114759,ME,0.05,6
10,0.715333045593019,ME,0.05,6
18,0.718570748280242,ME,0.05,6
7,0.671110289232851,ME,0.05,6
11,0.671613527533727,ME,0.05,6
12,1.00930605915456,ME,0.05,6
1,0.603784382556647,ME,0.05,6
3,0.629813046206257,ME,0.05,6
4,0.578953134833571,ME,0.05,6
17,0.687123326112422,ME,0.05,6
2,0.525657272071196,ME,0.05,6
14,0.618171639134765,ME,0.05,6
15,0.760688649868586,ME,0.05,6
5,0.530688487739836,ME,0.05,6
13,0.689099187313853,ME,0.05,6
16,0.680593003801787,ME,0.05,6
19,0.707864374676897,ME,0.05,6
8,0.714302188363832,ME,0.1,6
9,0.609378745625858,ME,0.1,6
10,0.715333514292548,ME,0.1,6
18,0.71857117519746,ME,0.1,6
7,0.671110842439535,ME,0.1,6
11,0.671611323471005,ME,0.1,6
12,1.00929225908526,ME,0.1,6
1,0.603784806535107,ME,0.1,6
3,0.629813213490598,ME,0.1,6
4,0.578954162500248,ME,0.1,6
17,0.687123737200552,ME,0.1,6
2,0.525658992202816,ME,0.1,6
14,0.618170591051136,ME,0.1,6
15,0.760687510193992,ME,0.1,6
5,0.530689593884445,ME,0.1,6
13,0.689099640287328,ME,0.1,6
16,0.680593480860811,ME,0.1,6
19,0.707864618480363,ME,0.1,6
8,0.714301464759384,ME,0.3,6
9,0.60938113117611,ME,0.3,6
10,0.715335388753736,ME,0.3,6
18,0.718572882537805,ME,0.3,6
7,0.671113055239978,ME,0.3,6
11,0.671602510594419,ME,0.3,6
12,1.00923707705809,ME,0.3,6
1,0.603786502155356,ME,0.3,6
3,0.629813882561395,ME,0.3,6
4,0.578958272454843,ME,0.3,6
17,0.6871253813189,ME,0.3,6
2,0.525665871388511,ME,0.3,6
14,0.618166399767268,ME,0.3,6
15,0.760682952732936,ME,0.3,6
5,0.530694017641138,ME,0.3,6
13,0.689101451875913,ME,0.3,6
16,0.680595388775208,ME,0.3,6
19,0.707865593535312,ME,0.3,6
8,0.714298934917482,ME,1,6
9,0.609389474380761,ME,1,6
10,0.715341945125396,ME,1,6
18,0.718578854092606,ME,1,6
7,0.671120799703367,ME,1,6
11,0.671571707981278,ME,1,6
12,1.00904416960713,ME,1,6
1,0.603792433129413,ME,1,6
3,0.629816223470503,ME,1,6
4,0.578972648329255,ME,1,6
17,0.687131132784004,ME,1,6
2,0.52568993165753,ME,1,6
14,0.618151743499203,ME,1,6
15,0.760667017193869,ME,1,6
5,0.53070949044303,ME,1,6
13,0.689107788591497,ME,1,6
16,0.680602062424826,ME,1,6
19,0.70786900422653,ME,1,6
8,0.687903140400745,ME2,0.05,6
9,0.605071510143012,ME2,0.05,6
10,0.695165552604929,ME2,0.05,6
18,0.855137802411462,ME2,0.05,6
7,0.67191696663298,ME2,0.05,6
11,0.673140772248048,ME2,0.05,6
12,1.01916728845199,ME2,0.05,6
1,0.586735438640793,ME2,0.05,6
3,0.632750620375809,ME2,0.05,6
4,0.595970145350244,ME2,0.05,6
17,0.691567908662014,ME2,0.05,6
2,0.500992263084456,ME2,0.05,6
14,0.556924912093892,ME2,0.05,6
15,0.792483032507111,ME2,0.05,6
5,0.550484384193414,ME2,0.05,6
13,0.710573887550484,ME2,0.05,6
16,0.672404597340405,ME2,0.05,6
19,0.722408319737401,ME2,0.05,6
8,0.687902432245769,ME2,0.1,6
9,0.605072933199041,ME2,0.1,6
10,0.69516402936727,ME2,0.1,6
18,0.855125191190152,ME2,0.1,6
7,0.671917722253768,ME2,0.1,6
11,0.673138979755392,ME2,0.1,6
12,1.01915600393392,ME2,0.1,6
1,0.586736924281149,ME2,0.1,6
3,0.6327504991685,ME2,0.1,6
4,0.595970788075581,ME2,0.1,6
17,0.691568191054595,ME2,0.1,6
2,0.500995845322868,ME2,0.1,6
14,0.556926738477973,ME2,0.1,6
15,0.792479300552388,ME2,0.1,6
5,0.550485383116657,ME2,0.1,6
13,0.710573240812776,ME2,0.1,6
16,0.672405655357345,ME2,0.1,6
19,0.72240773336725,ME2,0.1,6
8,0.6878996043914,ME2,0.3,6
9,0.605078623494981,ME2,0.3,6
10,0.695157945385814,ME2,0.3,6
18,0.855074772585102,ME2,0.3,6
7,0.671920744216546,ME2,0.3,6
11,0.67313181233935,ME2,0.3,6
12,1.01911087832006,ME2,0.3,6
1,0.586742865279313,ME2,0.3,6
3,0.632750014849526,ME2,0.3,6
4,0.59597335835431,ME2,0.3,6
17,0.691569320566203,ME2,0.3,6
2,0.501010170355683,ME2,0.3,6
14,0.556934042346732,ME2,0.3,6
15,0.79246437819751,ME2,0.3,6
5,0.550489377466116,ME2,0.3,6
13,0.710570654911436,ME2,0.3,6
16,0.672409886471548,ME2,0.3,6
19,0.722405388852052,ME2,0.3,6
8,0.687889766778332,ME2,1,6
9,0.605098515266063,ME2,1,6
10,0.69513676414921,ME2,1,6
18,0.854898637919405,ME2,1,6
7,0.671931314532422,ME2,1,6
11,0.673106758523098,ME2,1,6
12,1.01895309545789,ME2,1,6
1,0.586763639096731,ME2,1,6
3,0.632748326149982,ME2,1,6
4,0.595982346492068,ME2,1,6
17,0.691573273114364,ME2,1,6
2,0.501060258624395,ME2,1,6
14,0.556959584895018,ME2,1,6
15,0.792412218703389,ME2,1,6
5,0.550503340781096,ME2,1,6
13,0.710561617460415,ME2,1,6
16,0.672424683366443,ME2,1,6
19,0.722397195194575,ME2,1,6
8,0.592924355488085,ME_P,0.05,6
9,0.536665304342787,ME_P,0.05,6
10,0.526483229972475,ME_P,0.05,6
18,0.564866396509114,ME_P,0.05,6
7,0.524130524282451,ME_P,0.05,6
11,0.616243164481802,ME_P,0.05,6
12,0.933610070394482,ME_P,0.05,6
1,0.559593976841575,ME_P,0.05,6
3,0.624135932106413,ME_P,0.05,6
4,0.612510137542242,ME_P,0.05,6
17,0.458998269709002,ME_P,0.05,6
2,0.490735782218461,ME_P,0.05,6
14,0.534656912089348,ME_P,0.05,6
15,0.638814049902933,ME_P,0.05,6
5,0.594169298048908,ME_P,0.05,6
13,0.498802527129317,ME_P,0.05,6
16,0.583283160518387,ME_P,0.05,6
19,0.580428975293069,ME_P,0.05,6
8,0.592927055426893,ME_P,0.1,6
9,0.536666498783521,ME_P,0.1,6
10,0.526490476640428,ME_P,0.1,6
18,0.564871818352871,ME_P,0.1,6
7,0.524134146119814,ME_P,0.1,6
11,0.616236263457309,ME_P,0.1,6
12,0.933590532238023,ME_P,0.1,6
1,0.55958922627431,ME_P,0.1,6
3,0.624128095023313,ME_P,0.1,6
4,0.612500814852365,ME_P,0.1,6
17,0.459005255119113,ME_P,0.1,6
2,0.490734090417214,ME_P,0.1,6
14,0.534655327820176,ME_P,0.1,6
15,0.638814661389901,ME_P,0.1,6
5,0.594161654809698,ME_P,0.1,6
13,0.498807376108778,ME_P,0.1,6
16,0.583282761649976,ME_P,0.1,6
19,0.58043119292157,ME_P,0.1,6
8,0.592937855879451,ME_P,0.3,6
9,0.53667127895783,ME_P,0.3,6
10,0.526519457249885,ME_P,0.3,6
18,0.56489350212707,ME_P,0.3,6
7,0.524148636387454,ME_P,0.3,6
11,0.616208686170617,ME_P,0.3,6
12,0.9335124364245,ME_P,0.3,6
1,0.559570238413144,ME_P,0.3,6
3,0.62409676632445,ME_P,0.3,6
4,0.612463547249164,ME_P,0.3,6
17,0.459033191490107,ME_P,0.3,6
2,0.490727332447091,ME_P,0.3,6
14,0.534648998906381,ME_P,0.3,6
15,0.638817111953164,ME_P,0.3,6
5,0.594131098958472,ME_P,0.3,6
13,0.498826770639198,ME_P,0.3,6
16,0.583281172993799,ME_P,0.3,6
19,0.580440065098548,ME_P,0.3,6
8,0.592975666174533,ME_P,1,6
9,0.536688039847482,ME_P,1,6
10,0.526620813072645,ME_P,1,6
18,0.564969349989975,ME_P,1,6
7,0.52419938884133,ME_P,1,6
11,0.616112502404985,ME_P,1,6
12,0.933239814715465,ME_P,1,6
1,0.559503962020287,ME_P,1,6
3,0.623987362714554,ME_P,1,6
4,0.612333401756165,ME_P,1,6
17,0.459130902458887,ME_P,1,6
2,0.490703795604122,ME_P,1,6
14,0.534626950288475,ME_P,1,6
15,0.638825746890436,ME_P,1,6
5,0.59402436855884,ME_P,1,6
13,0.498894633982501,ME_P,1,6
16,0.583275698373806,ME_P,1,6
19,0.580471138577314,ME_P,1,6
8,0.569175739437355,ME2P,0.05,6
9,0.531760588415977,ME2P,0.05,6
10,0.499663253608227,ME2P,0.05,6
18,0.729903982132675,ME2P,0.05,6
7,0.532116412458207,ME2P,0.05,6
11,0.628703316431369,ME2P,0.05,6
12,1.00953383033145,ME2P,0.05,6
1,0.543880059240168,ME2P,0.05,6
3,0.633069481694094,ME2P,0.05,6
4,0.633456875532986,ME2P,0.05,6
17,0.468122277824357,ME2P,0.05,6
2,0.46642601609091,ME2P,0.05,6
14,0.467882250669217,ME2P,0.05,6
15,0.674582263156067,ME2P,0.05,6
5,0.620236831223614,ME2P,0.05,6
13,0.520509241425058,ME2P,0.05,6
16,0.572878018928252,ME2P,0.05,6
19,0.599065289930764,ME2P,0.05,6
8,0.569177389466057,ME2P,0.1,6
9,0.531762819587833,ME2P,0.1,6
10,0.499670032151856,ME2P,0.1,6
18,0.729890892185843,ME2P,0.1,6
7,0.532118855303828,ME2P,0.1,6
11,0.628694956295613,ME2P,0.1,6
12,1.00950579846125,ME2P,0.1,6
1,0.543876293460267,ME2P,0.1,6
3,0.633060317793867,ME2P,0.1,6
4,0.633446344223489,ME2P,0.1,6
17,0.468128681516042,ME2P,0.1,6
2,0.466426553584548,ME2P,0.1,6
14,0.467884881475646,ME2P,0.1,6
15,0.674579365780198,ME2P,0.1,6
5,0.620227914484808,ME2P,0.1,6
13,0.520512618609239,ME2P,0.1,6
16,0.572878664170137,ME2P,0.1,6
19,0.599065943725278,ME2P,0.1,6
8,0.569183996784847,ME2P,0.3,6
9,0.531771744476282,ME2P,0.3,6
10,0.49969714570167,ME2P,0.3,6
18,0.729838575001392,ME2P,0.3,6
7,0.532128633731455,ME2P,0.3,6
11,0.628661547543827,ME2P,0.3,6
12,1.00939375415825,ME2P,0.3,6
1,0.543861243599804,ME2P,0.3,6
3,0.633023685856408,ME2P,0.3,6
4,0.633404245001357,ME2P,0.3,6
17,0.468154291997818,ME2P,0.3,6
2,0.466428708352686,ME2P,0.3,6
14,0.46789540561276,ME2P,0.3,6
15,0.67456778896906,ME2P,0.3,6
5,0.620192267691732,ME2P,0.3,6
13,0.520526128922633,ME2P,0.3,6
16,0.572881250175308,ME2P,0.3,6
19,0.599068564131193,ME2P,0.3,6
8,0.569207212818033,ME2P,1,6
9,0.53180298406218,ME2P,1,6
10,0.499792035073847,ME2P,1,6
18,0.729656000155894,ME2P,1,6
7,0.532162946560213,ME2P,1,6
11,0.628545016171279,ME2P,1,6
12,1.0090026438386,ME2P,1,6
1,0.543808735742771,ME2P,1,6
3,0.632895771537961,ME2P,1,6
4,0.633257224765107,ME2P,1,6
17,0.468243874733348,ME2P,1,6
2,0.466436310250395,ME2P,1,6
14,0.467932251490288,ME2P,1,6
15,0.674527429609548,ME2P,1,6
5,0.620067757388601,ME2P,1,6
13,0.520573434764522,ME2P,1,6
16,0.572890364475624,ME2P,1,6
19,0.599077801213927,ME2P,1,6
8,0.699675735161416,XEN,0.05,6
9,0.59790318932393,XEN,0.05,6
10,0.70048340579254,XEN,0.05,6
18,0.812701858584367,XEN,0.05,6
7,0.672294301134666,XEN,0.05,6
11,0.674026614038947,XEN,0.05,6
12,0.96395351547542,XEN,0.05,6
1,0.569189211856465,XEN,0.05,6
3,0.623687363954507,XEN,0.05,6
4,0.595433128184082,XEN,0.05,6
17,0.686297461855385,XEN,0.05,6
2,0.462191846036769,XEN,0.05,6
14,0.57643538734548,XEN,0.05,6
15,0.821143601145846,XEN,0.05,6
5,0.539632376339721,XEN,0.05,6
13,0.69081229199021,XEN,0.05,6
16,0.670041816586735,XEN,0.05,6
19,0.729370334464345,XEN,0.05,6
8,0.699674899901529,XEN,0.1,6
9,0.597905433304546,XEN,0.1,6
10,0.700484870069456,XEN,0.1,6
18,0.812691266079631,XEN,0.1,6
7,0.672295166237427,XEN,0.1,6
11,0.674024727054151,XEN,0.1,6
12,0.96394684612105,XEN,0.1,6
1,0.569191877986916,XEN,0.1,6
3,0.623687929330836,XEN,0.1,6
4,0.595434069194446,XEN,0.1,6
17,0.686297577918872,XEN,0.1,6
2,0.462198122501817,XEN,0.1,6
14,0.576434913459751,XEN,0.1,6
15,0.821136249032891,XEN,0.1,6
5,0.539634360018084,XEN,0.1,6
13,0.690812021705868,XEN,0.1,6
16,0.67004312257463,XEN,0.1,6
19,0.729368631866302,XEN,0.1,6
8,0.699671563014524,XEN,0.3,6
9,0.597914405716695,XEN,0.3,6
10,0.700490728405809,XEN,0.3,6
18,0.812648920556511,XEN,0.3,6
7,0.672298625875872,XEN,0.3,6
11,0.674017181908951,XEN,0.3,6
12,0.963920171840149,XEN,0.3,6
1,0.569202539162907,XEN,0.3,6
3,0.623690190317711,XEN,0.3,6
4,0.595437831838598,XEN,0.3,6
17,0.6862980430131,XEN,0.3,6
2,0.462223219916505,XEN,0.3,6
14,0.576433021217432,XEN,0.3,6
15,0.821106854449176,XEN,0.3,6
5,0.53964229153403,XEN,0.3,6
13,0.690810942172066,XEN,0.3,6
16,0.670048345166754,XEN,0.3,6
19,0.729361824948187,XEN,0.3,6
8,0.699659936076802,XEN,1,6
9,0.597945764997228,XEN,1,6
10,0.700511247936326,XEN,1,6
18,0.8125010191989,XEN,1,6
7,0.67231072488481,XEN,1,6
11,0.673990809049875,XEN,1,6
12,0.963826851421756,XEN,1,6
1,0.569239811177179,XEN,1,6
3,0.623698097245419,XEN,1,6
4,0.595450983513628,XEN,1,6
17,0.686299681400283,XEN,1,6
2,0.462310954611673,XEN,1,6
14,0.576426439847171,XEN,1,6
15,0.821004147817209,XEN,1,6
5,0.539670011612878,XEN,1,6
13,0.690807183961645,XEN,1,6
16,0.670066607127202,XEN,1,6
19,0.729338044427564,XEN,1,6
8,0.633774062310552,MP_cal,0.05,7
9,0.544940429160223,MP_cal,0.05,7
10,0.584768771676359,MP_cal,0.05,7
18,0.613691074714029,MP_cal,0.05,7
6,0.590403271547428,MP_cal,0.05,7
11,0.5925329856441,MP_cal,0.05,7
12,0.769694353136433,MP_cal,0.05,7
1,0.51231233917174,MP_cal,0.05,7
3,0.585579316989068,MP_cal,0.05,7
4,0.57213045451417,MP_cal,0.05,7
17,0.478589161702948,MP_cal,0.05,7
2,0.472400185038399,MP_cal,0.05,7
14,0.5014768958018,MP_cal,0.05,7
15,0.654228619936911,MP_cal,0.05,7
5,0.547431807025254,MP_cal,0.05,7
13,0.516476889080448,MP_cal,0.05,7
16,0.59346172152834,MP_cal,0.05,7
19,0.605296068551444,MP_cal,0.05,7
8,0.633776553341639,MP_cal,0.1,7
9,0.5449423988116,MP_cal,0.1,7
10,0.584775483336318,MP_cal,0.1,7
18,0.613696491287647,MP_cal,0.1,7
6,0.590392858784534,MP_cal,0.1,7
11,0.592528104598072,MP_cal,0.1,7
12,0.769685714264607,MP_cal,0.1,7
1,0.512310228754931,MP_cal,0.1,7
3,0.585573434696732,MP_cal,0.1,7
4,0.572124564073515,MP_cal,0.1,7
17,0.478596557749989,MP_cal,0.1,7
2,0.472399851338675,MP_cal,0.1,7
14,0.501475202846203,MP_cal,0.1,7
15,0.65422895086481,MP_cal,0.1,7
5,0.547426466546629,MP_cal,0.1,7
13,0.516482214548807,MP_cal,0.1,7
16,0.593461965556906,MP_cal,0.1,7
19,0.605298211039605,MP_cal,0.1,7
8,0.633786517134026,MP_cal,0.3,7
9,0.544950276802727,MP_cal,0.3,7
10,0.584802323774436,MP_cal,0.3,7
18,0.613718152866897,MP_cal,0.3,7
6,0.590351239089032,MP_cal,0.3,7
11,0.592508601796549,MP_cal,0.3,7
12,0.769651189919561,MP_cal,0.3,7
1,0.512301796555731,MP_cal,0.3,7
3,0.585549921845764,MP_cal,0.3,7
4,0.572101017615285,MP_cal,0.3,7
17,0.478626135574664,MP_cal,0.3,7
2,0.472398522113021,MP_cal,0.3,7
14,0.501468440664681,MP_cal,0.3,7
15,0.654230281178917,MP_cal,0.3,7
5,0.547405117325277,MP_cal,0.3,7
13,0.51650351412065,MP_cal,0.3,7
16,0.593462947450315,MP_cal,0.3,7
19,0.605306782845303,MP_cal,0.3,7
8,0.633821386195484,MP_cal,1,7
9,0.544977842017065,MP_cal,1,7
10,0.584896187249665,MP_cal,1,7
18,0.613793909040758,MP_cal,1,7
6,0.590205964087952,MP_cal,1,7
11,0.592440610559671,MP_cal,1,7
12,0.7695307459027,MP_cal,1,7
1,0.512272402870124,MP_cal,1,7
3,0.585467832022829,MP_cal,1,7
4,0.572018797422915,MP_cal,1,7
17,0.478729577876423,MP_cal,1,7
2,0.47239393983718,MP_cal,1,7
14,0.50144489417039,MP_cal,1,7
15,0.654235020206055,MP_cal,1,7
5,0.547330554629291,MP_cal,1,7
13,0.516578033607935,MP_cal,1,7
16,0.593466456685595,MP_cal,1,7
19,0.60533680740735,MP_cal,1,7
8,0.733919679522219,ME,0.05,7
9,0.589971698461268,ME,0.05,7
10,0.726551659624289,ME,0.05,7
18,0.729522277447458,ME,0.05,7
6,0.383586280056654,ME,0.05,7
11,0.671613527533727,ME,0.05,7
12,1.00930605915456,ME,0.05,7
1,0.580166397946825,ME,0.05,7
3,0.612424778518381,ME,0.05,7
4,0.549946579489608,ME,0.05,7
17,0.687428288230823,ME,0.05,7
2,0.483301265012269,ME,0.05,7
14,0.599306915455144,ME,0.05,7
15,0.793594648154473,ME,0.05,7
5,0.482371864346893,ME,0.05,7
13,0.688815746549229,ME,0.05,7
16,0.67791869027191,ME,0.05,7
19,0.716783548944652,ME,0.05,7
8,0.733919128071866,ME,0.1,7
9,0.589972633261225,ME,0.1,7
10,0.726552433240391,ME,0.1,7
18,0.729523090969297,ME,0.1,7
6,0.383593266227275,ME,0.1,7
11,0.671611323471005,ME,0.1,7
12,1.00929225908526,ME,0.1,7
1,0.580166916819141,ME,0.1,7
3,0.612424992909845,ME,0.1,7
4,0.549947828140362,ME,0.1,7
17,0.687428897194485,ME,0.1,7
2,0.483303381429702,ME,0.1,7
14,0.599305281178198,ME,0.1,7
15,0.793592641699735,ME,0.1,7
5,0.482373416185485,ME,0.1,7
13,0.688816499132197,ME,0.1,7
16,0.677919458853044,ME,0.1,7
19,0.716783904122517,ME,0.1,7
8,0.73391692300343,ME,0.3,7
9,0.589976371631668,ME,0.3,7
10,0.726555527189206,ME,0.3,7
18,0.729526344418296,ME,0.3,7
6,0.383621204432823,ME,0.3,7
11,0.671602510594419,ME,0.3,7
12,1.00923707705809,ME,0.3,7
1,0.580168991931442,ME,0.3,7
3,0.612425850429932,ME,0.3,7
4,0.54995282183878,ME,0.3,7
17,0.687431332722966,ME,0.3,7
2,0.483311845283544,ME,0.3,7
14,0.599298745926404,ME,0.3,7
15,0.793584618333861,ME,0.3,7
5,0.482379622298532,ME,0.3,7
13,0.688819508953751,ME,0.3,7
16,0.677922532657719,ME,0.3,7
19,0.716785324616177,ME,0.3,7
8,0.733909214488395,ME,1,7
9,0.589989445486958,ME,1,7
10,0.726566349516986,ME,1,7
18,0.729537723452398,ME,1,7
6,0.383718906623805,ME,1,7
11,0.671571707981278,ME,1,7
12,1.00904416960713,ME,1,7
1,0.580176250078103,ME,1,7
3,0.612428851172796,ME,1,7
4,0.549970288393364,ME,1,7
17,0.68743985296463,ME,1,7
2,0.483341445911926,ME,1,7
14,0.599275895905032,ME,1,7
15,0.793556567426775,ME,1,7
5,0.482401328065688,ME,1,7
13,0.6888300369033,ME,1,7
16,0.677933284428038,ME,1,7
19,0.716790293601236,ME,1,7
8,0.708279016628905,ME2,0.05,7
9,0.586200529152397,ME2,0.05,7
10,0.706525932322363,ME2,0.05,7
18,0.771788245568072,ME2,0.05,7
6,0.377049385659718,ME2,0.05,7
11,0.673140772248048,ME2,0.05,7
12,1.01916728845199,ME2,0.05,7
1,0.571757446134903,ME2,0.05,7
3,0.613490175742877,ME2,0.05,7
4,0.556671119917864,ME2,0.05,7
17,0.689755935682226,ME2,0.05,7
2,0.469910898032281,ME2,0.05,7
14,0.567588997528602,ME2,0.05,7
15,0.813056770950554,ME2,0.05,7
5,0.490737620416107,ME2,0.05,7
13,0.699606349846658,ME2,0.05,7
16,0.672209832165774,ME2,0.05,7
19,0.725887881902122,ME2,0.05,7
8,0.708280852740109,ME2,0.1,7
9,0.586202130726506,ME2,0.1,7
10,0.706528123363352,ME2,0.1,7
18,0.771783624226072,ME2,0.1,7
6,0.377054559996757,ME2,0.1,7
11,0.673138979755392,ME2,0.1,7
12,1.01915600393392,ME2,0.1,7
1,0.571758674175439,ME2,0.1,7
3,0.613490200616757,ME2,0.1,7
4,0.556672125905463,ME2,0.1,7
17,0.689756463954489,ME2,0.1,7
2,0.469914405399632,ME2,0.1,7
14,0.567589706652757,ME2,0.1,7
15,0.813052499675173,ME2,0.1,7
5,0.490739122354765,ME2,0.1,7
13,0.699606524490424,ME2,0.1,7
16,0.672211089903223,ME2,0.1,7
19,0.725887577147717,ME2,0.1,7
8,0.708288194527949,ME2,0.3,7
9,0.586208534676767,ME2,0.3,7
10,0.706536886717407,ME2,0.3,7
18,0.771765151239295,ME2,0.3,7
6,0.37707525405298,ME2,0.3,7
11,0.67313181233935,ME2,0.3,7
12,1.01911087832006,ME2,0.3,7
1,0.571763584938641,ME2,0.3,7
3,0.613490300551243,ME2,0.3,7
4,0.556676149070429,ME2,0.3,7
17,0.689758576836616,ME2,0.3,7
2,0.469928430702516,ME2,0.3,7
14,0.56759254214123,ME2,0.3,7
15,0.813035421538555,ME2,0.3,7
5,0.490745128478141,ME2,0.3,7
13,0.699607223321876,ME2,0.3,7
16,0.672216119714277,ME2,0.3,7
19,0.725886358940987,ME2,0.3,7
8,0.708313857339966,ME2,1,7
9,0.586230918985561,ME2,1,7
10,0.706567548189756,ME2,1,7
18,0.771700651421953,ME2,1,7
6,0.377147641800079,ME2,1,7
11,0.673106758523098,ME2,1,7
12,1.01895309545789,ME2,1,7
1,0.571780755003422,ME2,1,7
3,0.613490655840036,ME2,1,7
4,0.556690220259499,ME2,1,7
17,0.689765969315153,ME2,1,7
2,0.469977466830044,ME2,1,7
14,0.567602453661478,ME2,1,7
15,0.812975735680287,ME2,1,7
5,0.490766129379646,ME2,1,7
13,0.699609672452474,ME2,1,7
16,0.672233709717196,ME2,1,7
19,0.725882105416294,ME2,1,7
8,0.638582749995399,ME_P,0.05,7
9,0.535878601882109,ME_P,0.05,7
10,0.578013875918872,ME_P,0.05,7
18,0.606419434046975,ME_P,0.05,7
6,0.474976629637591,ME_P,0.05,7
11,0.616243164481802,ME_P,0.05,7
12,0.933610070394482,ME_P,0.05,7
1,0.509847958101001,ME_P,0.05,7
3,0.587022178745591,ME_P,0.05,7
4,0.552328359264564,ME_P,0.05,7
17,0.471367854692081,ME_P,0.05,7
2,0.445037663045692,ME_P,0.05,7
14,0.52107313756777,ME_P,0.05,7
15,0.674990104434789,ME_P,0.05,7
5,0.528159675504252,ME_P,0.05,7
13,0.507642791618956,ME_P,0.05,7
16,0.582143283797846,ME_P,0.05,7
19,0.601086069419452,ME_P,0.05,7
8,0.638585279422052,ME_P,0.1,7
9,0.53588049929899,ME_P,0.1,7
10,0.578020413775147,ME_P,0.1,7
18,0.606424740314975,ME_P,0.1,7
6,0.474971466978717,ME_P,0.1,7
11,0.616236263457309,ME_P,0.1,7
12,0.933590532238023,ME_P,0.1,7
1,0.50984573844558,ME_P,0.1,7
3,0.587016099805087,ME_P,0.1,7
4,0.552322765183251,ME_P,0.1,7
17,0.471375232420968,ME_P,0.1,7
2,0.44503772525832,ME_P,0.1,7
14,0.521071003146141,ME_P,0.1,7
15,0.674990013669956,ME_P,0.1,7
5,0.528154286600282,ME_P,0.1,7
13,0.507648089980248,ME_P,0.1,7
16,0.582143603701177,ME_P,0.1,7
19,0.601088239869596,ME_P,0.1,7
8,0.638595396268259,ME_P,0.3,7
9,0.535888088916848,ME_P,0.3,7
10,0.578046559464024,ME_P,0.3,7
18,0.606445961123393,ME_P,0.3,7
6,0.474950837576906,ME_P,0.3,7
11,0.616208686170617,ME_P,0.3,7
12,0.9335124364245,ME_P,0.3,7
1,0.50983686938979,ME_P,0.3,7
3,0.586991800356203,ME_P,0.3,7
4,0.552300404321466,ME_P,0.3,7
17,0.471404737133182,ME_P,0.3,7
2,0.445037979829969,ME_P,0.3,7
14,0.521062474788554,ME_P,0.3,7
15,0.674989656605245,ME_P,0.3,7
5,0.528132744640903,ME_P,0.3,7
13,0.507669281471013,ME_P,0.3,7
16,0.58214488940611,ME_P,0.3,7
19,0.601096923552579,ME_P,0.3,7
8,0.638630794374361,ME_P,1,7
9,0.535914651924335,ME_P,1,7
10,0.578137997171783,ME_P,1,7
18,0.606520180278274,ME_P,1,7
6,0.474878901405414,ME_P,1,7
11,0.616112502404985,ME_P,1,7
12,0.933239814715465,ME_P,1,7
1,0.509805947940162,ME_P,1,7
3,0.586906957381472,ME_P,1,7
4,0.55222233571174,ME_P,1,7
17,0.471507925554109,ME_P,1,7
2,0.445038942699558,ME_P,1,7
14,0.521032742769241,ME_P,1,7
15,0.674988482179624,ME_P,1,7
5,0.528057519470608,ME_P,1,7
13,0.507743427037442,ME_P,1,7
16,0.582149465906136,ME_P,1,7
19,0.601127340053073,ME_P,1,7
8,0.611538768595922,ME2P,0.05,7
9,0.531689691297157,ME2P,0.05,7
10,0.555246589499636,ME2P,0.05,7
18,0.655061352198595,ME2P,0.05,7
6,0.423392855682179,ME2P,0.05,7
11,0.628703316431369,ME2P,0.05,7
12,1.00953383033145,ME2P,0.05,7
1,0.504394187965343,ME2P,0.05,7
3,0.589678445467084,ME2P,0.05,7
4,0.55790979398105,ME2P,0.05,7
17,0.475295237996371,ME2P,0.05,7
2,0.435195954888026,ME2P,0.05,7
14,0.495139987660629,ME2P,0.05,7
15,0.690678165764786,ME2P,0.05,7
5,0.535341323881671,ME2P,0.05,7
13,0.516243704196781,ME2P,0.05,7
16,0.576711206726928,ME2P,0.05,7
19,0.609243922609625,ME2P,0.05,7
8,0.611543686468082,ME2P,0.1,7
9,0.5316923499338,ME2P,0.1,7
10,0.555255110390795,ME2P,0.1,7
18,0.655060666635164,ME2P,0.1,7
6,0.423392065873689,ME2P,0.1,7
11,0.628694956295613,ME2P,0.1,7
12,1.00950579846125,ME2P,0.1,7
1,0.504392366000757,ME2P,0.1,7
3,0.589671987494704,ME2P,0.1,7
4,0.557904047287438,ME2P,0.1,7
17,0.475302367588667,ME2P,0.1,7
2,0.435197061834996,ME2P,0.1,7
14,0.495139790964753,ME2P,0.1,7
15,0.690676381855783,ME2P,0.1,7
5,0.535335895260494,ME2P,0.1,7
13,0.516248677903448,ME2P,0.1,7
16,0.576712197847913,ME2P,0.1,7
19,0.609245570148596,ME2P,0.1,7
8,0.611563353136342,ME2P,0.3,7
9,0.531702982455377,ME2P,0.3,7
10,0.555289185238413,ME2P,0.3,7
18,0.65505793435751,ME2P,0.3,7
6,0.423388915841734,ME2P,0.3,7
11,0.628661547543827,ME2P,0.3,7
12,1.00939375415825,ME2P,0.3,7
1,0.504385087086773,ME2P,0.3,7
3,0.589646172888829,ME2P,0.3,7
4,0.557881075977554,ME2P,0.3,7
17,0.475330880105667,ME2P,0.3,7
2,0.435201493121389,ME2P,0.3,7
14,0.495139010276654,ME2P,0.3,7
15,0.690669255876671,ME2P,0.3,7
5,0.535314194136851,ME2P,0.3,7
13,0.516268571025977,ME2P,0.3,7
16,0.576716166887204,ME2P,0.3,7
19,0.609252163010253,ME2P,0.3,7
8,0.611632125809624,ME2P,1,7
9,0.531740170794233,ME2P,1,7
10,0.555408337493953,ME2P,1,7
18,0.655048496708241,ME2P,1,7
6,0.423378006314292,ME2P,1,7
11,0.628545016171279,ME2P,1,7
12,1.0090026438386,ME2P,1,7
1,0.504359723315257,ME2P,1,7
3,0.589556039062551,ME2P,1,7
4,0.557800870815688,ME2P,1,7
17,0.475430600260995,ME2P,1,7
2,0.435217046550281,ME2P,1,7
14,0.495136354437809,ME2P,1,7
15,0.690644436289793,ME2P,1,7
5,0.535238408179118,ME2P,1,7
13,0.51633817545496,ME2P,1,7
16,0.576730115744335,ME2P,1,7
19,0.609275271991104,ME2P,1,7
8,0.712181982390074,XEN,0.05,7
9,0.583391130931497,XEN,0.05,7
10,0.722963879829657,XEN,0.05,7
18,0.749705901676374,XEN,0.05,7
6,0.40703602937281,XEN,0.05,7
11,0.674026614038947,XEN,0.05,7
12,0.96395351547542,XEN,0.05,7
1,0.564630369391985,XEN,0.05,7
3,0.609387254354914,XEN,0.05,7
4,0.554357298635009,XEN,0.05,7
17,0.687490254763921,XEN,0.05,7
2,0.448133400904018,XEN,0.05,7
14,0.578019316715052,XEN,0.05,7
15,0.830252240557113,XEN,0.05,7
5,0.483411494382208,XEN,0.05,7
13,0.691052878146346,XEN,0.05,7
16,0.671604062293697,XEN,0.05,7
19,0.728821639273343,XEN,0.05,7
8,0.712183925462138,XEN,0.1,7
9,0.583393015860018,XEN,0.1,7
10,0.722966589690215,XEN,0.1,7
18,0.749702648678065,XEN,0.1,7
6,0.407039430824461,XEN,0.1,7
11,0.674024727054151,XEN,0.1,7
12,0.96394684612105,XEN,0.1,7
1,0.564632170921103,XEN,0.1,7
3,0.609387647957868,XEN,0.1,7
4,0.554358559111534,XEN,0.1,7
17,0.687490792762106,XEN,0.1,7
2,0.448138648166569,XEN,0.1,7
14,0.578018606298738,XEN,0.1,7
15,0.830245643450909,XEN,0.1,7
5,0.483413615981255,XEN,0.1,7
13,0.691053405274544,XEN,0.1,7
16,0.671605416314031,XEN,0.1,7
19,0.728820906267503,XEN,0.1,7
8,0.712191693893131,XEN,0.3,7
9,0.583400552706569,XEN,0.3,7
10,0.722977424568052,XEN,0.3,7
18,0.749689647043229,XEN,0.3,7
6,0.407053036889402,XEN,0.3,7
11,0.674017181908951,XEN,0.3,7
12,0.963920171840149,XEN,0.3,7
1,0.564639374682314,XEN,0.3,7
3,0.60938922218852,XEN,0.3,7
4,0.554363599717526,XEN,0.3,7
17,0.687492944769016,XEN,0.3,7
2,0.448159629836674,XEN,0.3,7
14,0.57801576691392,XEN,0.3,7
15,0.83021926781154,XEN,0.3,7
5,0.483422099631759,XEN,0.3,7
13,0.69105551384115,XEN,0.3,7
16,0.671610831070114,XEN,0.3,7
19,0.728817976045815,XEN,0.3,7
8,0.712218834879109,XEN,1,7
9,0.583426895595689,XEN,1,7
10,0.723015289195934,XEN,1,7
18,0.749644271513478,XEN,1,7
6,0.407100661308561,XEN,1,7
11,0.673990809049875,XEN,1,7
12,0.963826851421756,XEN,1,7
1,0.564664558210108,XEN,1,7
3,0.609394729712253,XEN,1,7
4,0.554381225477179,XEN,1,7
17,0.687500476961435,XEN,1,7
2,0.448232972835505,XEN,1,7
14,0.578005857724134,XEN,1,7
15,0.830127113863226,XEN,1,7
5,0.483451757860883,XEN,1,7
13,0.691062894490505,XEN,1,7
16,0.671629766034377,XEN,1,7
19,0.728807742927337,XEN,1,7
7,0.614350902970083,MP_cal,0.05,8
9,0.544940429160223,MP_cal,0.05,8
10,0.584768771676359,MP_cal,0.05,8
18,0.613691074714029,MP_cal,0.05,8
6,0.587180501486803,MP_cal,0.05,8
11,0.595329585548081,MP_cal,0.05,8
12,0.78568236646762,MP_cal,0.05,8
1,0.521042497882687,MP_cal,0.05,8
3,0.58720009832282,MP_cal,0.05,8
4,0.572636794541444,MP_cal,0.05,8
17,0.479208248996262,MP_cal,0.05,8
2,0.476783539162669,MP_cal,0.05,8
14,0.503772138023076,MP_cal,0.05,8
15,0.649259917767522,MP_cal,0.05,8
5,0.544983466357204,MP_cal,0.05,8
13,0.515322720750553,MP_cal,0.05,8
16,0.58484437851467,MP_cal,0.05,8
19,0.596760173281227,MP_cal,0.05,8
7,0.614354092282481,MP_cal,0.1,8
9,0.5449423988116,MP_cal,0.1,8
10,0.584775483336318,MP_cal,0.1,8
18,0.613696491287647,MP_cal,0.1,8
6,0.587170389702405,MP_cal,0.1,8
11,0.595324331831351,MP_cal,0.1,8
12,0.785671946466143,MP_cal,0.1,8
1,0.521040019461189,MP_cal,0.1,8
3,0.587194589550376,MP_cal,0.1,8
4,0.57263115955857,MP_cal,0.1,8
17,0.479214959652855,MP_cal,0.1,8
2,0.476782385603359,MP_cal,0.1,8
14,0.503769859714011,MP_cal,0.1,8
15,0.649259943959092,MP_cal,0.1,8
5,0.544978543942104,MP_cal,0.1,8
13,0.515327834537419,MP_cal,0.1,8
16,0.584845150656965,MP_cal,0.1,8
19,0.596762464667778,MP_cal,0.1,8
7,0.61436684762209,MP_cal,0.3,8
9,0.544950276802727,MP_cal,0.3,8
10,0.584802323774436,MP_cal,0.3,8
18,0.613718152866897,MP_cal,0.3,8
6,0.587129971816507,MP_cal,0.3,8
11,0.59530333802382,MP_cal,0.3,8
12,0.785630300775106,MP_cal,0.3,8
1,0.521030114963068,MP_cal,0.3,8
3,0.587172568815321,MP_cal,0.3,8
4,0.572608633392288,MP_cal,0.3,8
17,0.47924179725723,MP_cal,0.3,8
2,0.476777778625331,MP_cal,0.3,8
14,0.503760757126409,MP_cal,0.3,8
15,0.649260055904248,MP_cal,0.3,8
5,0.544958865264773,MP_cal,0.3,8
13,0.51534828746111,MP_cal,0.3,8
16,0.584848243391876,MP_cal,0.3,8
19,0.596771631593419,MP_cal,0.3,8
7,0.614411467252437,MP_cal,1,8
9,0.544977842017065,MP_cal,1,8
10,0.584896187249665,MP_cal,1,8
18,0.613793909040758,MP_cal,1,8
6,0.586988876754935,MP_cal,1,8
11,0.595230124246655,MP_cal,1,8
12,0.78548497196122,MP_cal,1,8
1,0.520995564729898,MP_cal,1,8
3,0.587095676734669,MP_cal,1,8
4,0.572529964893487,MP_cal,1,8
17,0.479335665658454,MP_cal,1,8
2,0.476761745417981,MP_cal,1,8
14,0.503729031890796,MP_cal,1,8
15,0.649260537895486,MP_cal,1,8
5,0.544890127996977,MP_cal,1,8
13,0.515419844667995,MP_cal,1,8
16,0.584859120303899,MP_cal,1,8
19,0.596803733131317,MP_cal,1,8
7,0.69639258022594,ME,0.05,8
9,0.589971698461268,ME,0.05,8
10,0.726551659624289,ME,0.05,8
18,0.729522277447458,ME,0.05,8
6,0.364110743034129,ME,0.05,8
11,0.675904723773286,ME,0.05,8
12,1.0485823719404,ME,0.05,8
1,0.5773892345598,ME,0.05,8
3,0.611118222790925,ME,0.05,8
4,0.544155404212051,ME,0.05,8
17,0.685143470653951,ME,0.05,8
2,0.475953077906067,ME,0.05,8
14,0.604355153800782,ME,0.05,8
15,0.800924652448333,ME,0.05,8
5,0.474132049315428,ME,0.05,8
13,0.685163077187066,ME,0.05,8
16,0.674167946000271,ME,0.05,8
19,0.715195760977473,ME,0.05,8
7,0.696393049133117,ME,0.1,8
9,0.589972633261225,ME,0.1,8
10,0.726552433240391,ME,0.1,8
18,0.729523090969297,ME,0.1,8
6,0.364118054640867,ME,0.1,8
11,0.675902157740912,ME,0.1,8
12,1.04856634016882,ME,0.1,8
1,0.577389833718451,ME,0.1,8
3,0.61111843655089,ME,0.1,8
4,0.544156789424369,ME,0.1,8
17,0.685144071510604,ME,0.1,8
2,0.475955425876427,ME,0.1,8
14,0.604353274298735,ME,0.1,8
15,0.800922158323379,ME,0.1,8
5,0.4741338869881,ME,0.1,8
13,0.685163881299024,ME,0.1,8
16,0.674168769619698,ME,0.1,8
19,0.715196109719368,ME,0.1,8
7,0.696394924404375,ME,0.3,8
9,0.589976371631668,ME,0.3,8
10,0.726555527189206,ME,0.3,8
18,0.729526344418296,ME,0.3,8
6,0.36414729461467,ME,0.3,8
11,0.675891897524119,ME,0.3,8
12,1.0485022341686,ME,0.3,8
1,0.577392229937337,ME,0.3,8
3,0.611119291582258,ME,0.3,8
4,0.544162329323773,ME,0.3,8
17,0.685146474672277,ME,0.3,8
2,0.475964815809765,ME,0.3,8
14,0.604345758428388,ME,0.3,8
15,0.800912184831289,ME,0.3,8
5,0.474141236258551,ME,0.3,8
13,0.685167097245966,ME,0.3,8
16,0.674172063586399,ME,0.3,8
19,0.715197504509028,ME,0.3,8
7,0.696401483353046,ME,1,8
9,0.589989445486958,ME,1,8
10,0.726566349516986,ME,1,8
18,0.729537723452398,ME,1,8
6,0.364249553292022,ME,1,8
11,0.675856035994017,ME,1,8
12,1.04827812849846,ME,1,8
1,0.577400611468984,ME,1,8
3,0.611122284083623,ME,1,8
4,0.544181707011404,ME,1,8
17,0.685154882400559,ME,1,8
2,0.475997656051483,ME,1,8
14,0.604319479789287,ME,1,8
15,0.800877315463256,ME,1,8
5,0.474166940823872,ME,1,8
13,0.685178346752722,ME,1,8
16,0.674183586034895,ME,1,8
19,0.715202384031813,ME,1,8
7,0.68295471233623,ME2,0.05,8
9,0.586200529152397,ME2,0.05,8
10,0.706525932322363,ME2,0.05,8
18,0.771788245568072,ME2,0.05,8
6,0.342399547045475,ME2,0.05,8
11,0.681515326073395,ME2,0.05,8
12,1.08579901838475,ME2,0.05,8
1,0.569957292419977,ME2,0.05,8
3,0.61270469927838,ME2,0.05,8
4,0.55126694973688,ME2,0.05,8
17,0.687534366668275,ME2,0.05,8
2,0.464918072897374,ME2,0.05,8
14,0.574291254954664,ME2,0.05,8
15,0.818128355106524,ME2,0.05,8
5,0.483746829078943,ME2,0.05,8
13,0.695412400913216,ME2,0.05,8
16,0.669447083703358,ME2,0.05,8
19,0.724252279009845,ME2,0.05,8
7,0.682956636223595,ME2,0.1,8
9,0.586202130726506,ME2,0.1,8
10,0.706528123363352,ME2,0.1,8
18,0.771783624226072,ME2,0.1,8
6,0.34240564845099,ME2,0.1,8
11,0.68151298541555,ME2,0.1,8
12,1.08578403236387,ME2,0.1,8
1,0.569958496267212,ME2,0.1,8
3,0.612704683690363,ME2,0.1,8
4,0.551268035672125,ME2,0.1,8
17,0.687534863551052,ME2,0.1,8
2,0.464921535428336,ME2,0.1,8
14,0.574291607566436,ME2,0.1,8
15,0.818123893308021,ME2,0.1,8
5,0.483748487165078,ME2,0.1,8
13,0.695412662539884,ME2,0.1,8
16,0.669448276782602,ME2,0.1,8
19,0.724251969556849,ME2,0.1,8
7,0.682964328968333,ME2,0.3,8
9,0.586208534676767,ME2,0.3,8
10,0.706536886717407,ME2,0.3,8
18,0.771765151239295,ME2,0.3,8
6,0.342430049990449,ME2,0.3,8
11,0.681503626035004,ME2,0.3,8
12,1.0857241053406,ME2,0.3,8
1,0.569963310417113,ME2,0.3,8
3,0.612704621839052,ME2,0.3,8
4,0.551272378673005,ME2,0.3,8
17,0.687536850969379,ME2,0.3,8
2,0.464935381807256,ME2,0.3,8
14,0.574293017511629,ME2,0.3,8
15,0.81810605290292,ME2,0.3,8
5,0.483755117913912,ME2,0.3,8
13,0.695413709231398,ME2,0.3,8
16,0.669453048172517,ME2,0.3,8
19,0.724250732549624,ME2,0.3,8
7,0.682991218280893,ME2,1,8
9,0.586230918985561,ME2,1,8
10,0.706567548189756,ME2,1,8
18,0.771700651421953,ME2,1,8
6,0.342515403979116,ME2,1,8
11,0.681470909105191,ME2,1,8
12,1.08551457545338,ME2,1,8
1,0.569980144346256,ME2,1,8
3,0.612704411656046,ME2,1,8
4,0.551287569857348,ME2,1,8
17,0.687543805509591,ME2,1,8
2,0.464983797001809,ME2,1,8
14,0.574297946000577,ME2,1,8
15,0.818043696899481,ME2,1,8
5,0.483778305449747,ME2,1,8
13,0.695417374972475,ME2,1,8
16,0.669469736364582,ME2,1,8
19,0.724246413147213,ME2,1,8
7,0.610113707226951,ME_P,0.05,8
9,0.535878601882109,ME_P,0.05,8
10,0.578013875918872,ME_P,0.05,8
18,0.606419434046975,ME_P,0.05,8
6,0.458062082157465,ME_P,0.05,8
11,0.621843334699336,ME_P,0.05,8
12,0.976843588538044,ME_P,0.05,8
1,0.517301085774746,ME_P,0.05,8
3,0.589867237718194,ME_P,0.05,8
4,0.546848912817865,ME_P,0.05,8
17,0.470897769827469,ME_P,0.05,8
2,0.442548525456162,ME_P,0.05,8
14,0.527768821488614,ME_P,0.05,8
15,0.676426550694812,ME_P,0.05,8
5,0.517269210127244,ME_P,0.05,8
13,0.503497708185394,ME_P,0.05,8
16,0.569454010951903,ME_P,0.05,8
19,0.591900828681475,ME_P,0.05,8
7,0.610116860487145,ME_P,0.1,8
9,0.53588049929899,ME_P,0.1,8
10,0.578020413775147,ME_P,0.1,8
18,0.606424740314975,ME_P,0.1,8
6,0.458057762405304,ME_P,0.1,8
11,0.621835896078947,ME_P,0.1,8
12,0.976820608270875,ME_P,0.1,8
1,0.517298516628889,ME_P,0.1,8
3,0.589861383822326,ME_P,0.1,8
4,0.546843921337656,ME_P,0.1,8
17,0.47090453621854,ME_P,0.1,8
2,0.442548143161562,ME_P,0.1,8
14,0.527765777950016,ME_P,0.1,8
15,0.676425769260761,ME_P,0.1,8
5,0.517264722115641,ME_P,0.1,8
13,0.503502999643518,ME_P,0.1,8
16,0.569455144319241,ME_P,0.1,8
19,0.591903212030011,ME_P,0.1,8
7,0.61012947181013,ME_P,0.3,8
9,0.535888088916848,ME_P,0.3,8
10,0.578046559464024,ME_P,0.3,8
18,0.606445961123393,ME_P,0.3,8
6,0.458040501401189,ME_P,0.3,8
11,0.621806168393665,ME_P,0.3,8
12,0.976728750706729,ME_P,0.3,8
1,0.51728824934264,ME_P,0.3,8
3,0.589837982889774,ME_P,0.3,8
4,0.546823968661399,ME_P,0.3,8
17,0.470931596705879,ME_P,0.3,8
2,0.442546620614285,ME_P,0.3,8
14,0.527753614865215,ME_P,0.3,8
15,0.676422650876868,ME_P,0.3,8
5,0.517246781072208,ME_P,0.3,8
13,0.503524163132315,ME_P,0.3,8
16,0.569459681648907,ME_P,0.3,8
19,0.591912746635644,ME_P,0.3,8
7,0.6101735897984,ME_P,1,8
9,0.535914651924335,ME_P,1,8
10,0.578137997171783,ME_P,1,8
18,0.606520180278274,ME_P,1,8
6,0.4579803140874,ME_P,1,8
11,0.621702458089555,ME_P,1,8
12,0.976408047021999,ME_P,1,8
1,0.517252430728175,ME_P,1,8
3,0.589756263848259,ME_P,1,8
4,0.54675430082713,ME_P,1,8
17,0.471026244506625,ME_P,1,8
2,0.44254137501534,ME_P,1,8
14,0.527711183191563,ME_P,1,8
15,0.676411828909172,ME_P,1,8
5,0.517184125770561,ME_P,1,8
13,0.503598205807976,ME_P,1,8
16,0.569475610799497,ME_P,1,8
19,0.591946132941903,ME_P,1,8
7,0.594866080200654,ME2P,0.05,8
9,0.531689691297157,ME2P,0.05,8
10,0.555246589499636,ME2P,0.05,8
18,0.655061352198595,ME2P,0.05,8
6,0.388437352275958,ME2P,0.05,8
11,0.640160165994331,ME2P,0.05,8
12,1.09105128014856,ME2P,0.05,8
1,0.511852155701181,ME2P,0.05,8
3,0.593153600082783,ME2P,0.05,8
4,0.553489017016983,ME2P,0.05,8
17,0.474811786025208,ME2P,0.05,8
2,0.434224603395905,ME2P,0.05,8
14,0.50242899036653,ME2P,0.05,8
15,0.69056385268048,ME2P,0.05,8
5,0.525264633812087,ME2P,0.05,8
13,0.511543552103195,ME2P,0.05,8
16,0.564880709716015,ME2P,0.05,8
19,0.600568475622921,ME2P,0.05,8
7,0.594870927076421,ME2P,0.1,8
9,0.5316923499338,ME2P,0.1,8
10,0.555255110390795,ME2P,0.1,8
18,0.655060666635164,ME2P,0.1,8
6,0.388438132485339,ME2P,0.1,8
11,0.640150735259861,ME2P,0.1,8
12,1.09101654106255,ME2P,0.1,8
1,0.511850007548943,ME2P,0.1,8
3,0.593147278148042,ME2P,0.1,8
4,0.553483704452502,ME2P,0.1,8
17,0.474818273139986,ME2P,0.1,8
2,0.434225112420714,ME2P,0.1,8
14,0.502427945890674,ME2P,0.1,8
15,0.690561510800262,ME2P,0.1,8
5,0.525260000114553,ME2P,0.1,8
13,0.511548503356059,ME2P,0.1,8
16,0.564882382650388,ME2P,0.1,8
19,0.600570218904535,ME2P,0.1,8
7,0.594890309376006,ME2P,0.3,8
9,0.531702982455377,ME2P,0.3,8
10,0.555289185238413,ME2P,0.3,8
18,0.65505793435751,ME2P,0.3,8
6,0.388441258671247,ME2P,0.3,8
11,0.640113045403435,ME2P,0.3,8
12,1.09087768182752,ME2P,0.3,8
1,0.511841423578072,ME2P,0.3,8
3,0.59312200627086,ME2P,0.3,8
4,0.553462467872396,ME2P,0.3,8
17,0.474844216976242,ME2P,0.3,8
2,0.434227153269929,ME2P,0.3,8
14,0.502423775630905,ME2P,0.3,8
15,0.690552154068189,ME2P,0.3,8
5,0.525241476279633,ME2P,0.3,8
13,0.511568306398747,ME2P,0.3,8
16,0.564889077077109,ME2P,0.3,8
19,0.600577194384818,ME2P,0.3,8
7,0.594958081952821,ME2P,1,8
9,0.531740170794233,ME2P,1,8
10,0.555408337493953,ME2P,1,8
18,0.655048496708241,ME2P,1,8
6,0.388452267498822,ME2P,1,8
11,0.639981546423385,ME2P,1,8
12,1.09039289437998,ME2P,1,8
1,0.51181148827579,ME2P,1,8
3,0.593033754141489,ME2P,1,8
4,0.55338831182209,ME2P,1,8
17,0.474934962209307,ME2P,1,8
2,0.434234355908575,ME2P,1,8
14,0.502409275763689,ME2P,1,8
15,0.690519541080433,ME2P,1,8
5,0.525176780608076,ME2P,1,8
13,0.511637592230269,ME2P,1,8
16,0.564912541342917,ME2P,1,8
19,0.600601638116509,ME2P,1,8
7,0.692644870657748,XEN,0.05,8
9,0.583391130931497,XEN,0.05,8
10,0.722963879829657,XEN,0.05,8
18,0.749705901676374,XEN,0.05,8
6,0.317828010486594,XEN,0.05,8
11,0.681274356371022,XEN,0.05,8
12,1.14695902121509,XEN,0.05,8
1,0.565135723341651,XEN,0.05,8
3,0.610066988494113,XEN,0.05,8
4,0.550396130343298,XEN,0.05,8
17,0.686024182347092,XEN,0.05,8
2,0.449130045027072,XEN,0.05,8
14,0.583359348933357,XEN,0.05,8
15,0.830634793427066,XEN,0.05,8
5,0.479638793887647,XEN,0.05,8
13,0.689211306350458,XEN,0.05,8
16,0.66899799712074,XEN,0.05,8
19,0.726376700140189,XEN,0.05,8
7,0.692646654739491,XEN,0.1,8
9,0.583393015860018,XEN,0.1,8
10,0.722966589690215,XEN,0.1,8
18,0.749702648678065,XEN,0.1,8
6,0.317835372725849,XEN,0.1,8
11,0.681272038251056,XEN,0.1,8
12,1.14693840880239,XEN,0.1,8
1,0.565137396842026,XEN,0.1,8
3,0.610067251341676,XEN,0.1,8
4,0.55039736341732,XEN,0.1,8
17,0.68602470209774,XEN,0.1,8
2,0.4491348942004,XEN,0.1,8
14,0.583358434025602,XEN,0.1,8
15,0.830628530699491,XEN,0.1,8
5,0.479640881195518,XEN,0.1,8
13,0.689211889879586,XEN,0.1,8
16,0.668999268536834,XEN,0.1,8
19,0.726376057545492,XEN,0.1,8
7,0.69265378750665,XEN,0.3,8
9,0.583400552706569,XEN,0.3,8
10,0.722977424568052,XEN,0.3,8
18,0.749689647043229,XEN,0.3,8
6,0.317864816560994,XEN,0.3,8
11,0.681262768972874,XEN,0.3,8
12,1.14685598472743,XEN,0.3,8
1,0.56514408881297,XEN,0.3,8
3,0.61006830276547,XEN,0.3,8
4,0.550402294641584,XEN,0.3,8
17,0.686026781149744,XEN,0.3,8
2,0.449154284639215,XEN,0.3,8
14,0.583354776763083,XEN,0.3,8
15,0.830603491016933,XEN,0.3,8
5,0.479649228025225,XEN,0.3,8
13,0.689214223955833,XEN,0.3,8
16,0.669004353125828,XEN,0.3,8
19,0.726373488751824,XEN,0.3,8
7,0.692678707416601,XEN,1,8
9,0.583426895595689,XEN,1,8
10,0.723015289195934,XEN,1,8
18,0.749644271513478,XEN,1,8
6,0.317967805500938,XEN,1,8
11,0.681230366783275,XEN,1,8
12,1.14656782230162,XEN,1,8
1,0.565167485158117,XEN,1,8
3,0.610071983166855,XEN,1,8
4,0.550419540435799,XEN,1,8
17,0.686034058444652,XEN,1,8
2,0.44922207247966,XEN,1,8
14,0.583342006117295,XEN,1,8
15,0.830515993347994,XEN,1,8
5,0.479678411705047,XEN,1,8
13,0.689222392706478,XEN,1,8
16,0.669022135648606,XEN,1,8
19,0.726364517909946,XEN,1,8
7,0.614350902970083,MP_cal,0.05,9
8,0.633774062310552,MP_cal,0.05,9
10,0.584768771676359,MP_cal,0.05,9
18,0.613691074714029,MP_cal,0.05,9
6,0.602561950423158,MP_cal,0.05,9
11,0.593286001121461,MP_cal,0.05,9
12,0.754883497311508,MP_cal,0.05,9
1,0.543566632851429,MP_cal,0.05,9
3,0.600721271118796,MP_cal,0.05,9
4,0.595150941170092,MP_cal,0.05,9
17,0.473245432829243,MP_cal,0.05,9
2,0.498916034324693,MP_cal,0.05,9
14,0.51522301485256,MP_cal,0.05,9
15,0.63770952275203,MP_cal,0.05,9
5,0.579963957716369,MP_cal,0.05,9
13,0.503933804766317,MP_cal,0.05,9
16,0.595298966925045,MP_cal,0.05,9
19,0.591541204687878,MP_cal,0.05,9
7,0.614354092282481,MP_cal,0.1,9
8,0.633776553341639,MP_cal,0.1,9
10,0.584775483336318,MP_cal,0.1,9
18,0.613696491287647,MP_cal,0.1,9
6,0.602553270420225,MP_cal,0.1,9
11,0.593282314882169,MP_cal,0.1,9
12,0.754875707288065,MP_cal,0.1,9
1,0.543563498959084,MP_cal,0.1,9
3,0.600715511678418,MP_cal,0.1,9
4,0.595144660404927,MP_cal,0.1,9
17,0.473252307430523,MP_cal,0.1,9
2,0.498914023378083,MP_cal,0.1,9
14,0.515220352743713,MP_cal,0.1,9
15,0.637709348961576,MP_cal,0.1,9
5,0.579957672021208,MP_cal,0.1,9
13,0.503939139360433,MP_cal,0.1,9
16,0.595298772269951,MP_cal,0.1,9
19,0.591543330495117,MP_cal,0.1,9
7,0.61436684762209,MP_cal,0.3,9
8,0.633786517134026,MP_cal,0.3,9
10,0.584802323774436,MP_cal,0.3,9
18,0.613718152866897,MP_cal,0.3,9
6,0.60251857412896,MP_cal,0.3,9
11,0.593267585470666,MP_cal,0.3,9
12,0.75484457239637,MP_cal,0.3,9
1,0.543550973385496,MP_cal,0.3,9
3,0.600692488407516,MP_cal,0.3,9
4,0.595119551929459,MP_cal,0.3,9
17,0.473279800486061,MP_cal,0.3,9
2,0.498905989120073,MP_cal,0.3,9
14,0.515209716465252,MP_cal,0.3,9
15,0.63770866190824,MP_cal,0.3,9
5,0.579932542770238,MP_cal,0.3,9
13,0.503960475254882,MP_cal,0.3,9
16,0.595297999497136,MP_cal,0.3,9
19,0.591551835446366,MP_cal,0.3,9
7,0.614411467252437,MP_cal,1,9
8,0.633821386195484,MP_cal,1,9
10,0.584896187249665,MP_cal,1,9
18,0.613793909040758,MP_cal,1,9
6,0.602397435210305,MP_cal,1,9
11,0.59321622784796,MP_cal,1,9
12,0.754735916952676,MP_cal,1,9
1,0.543507259554043,MP_cal,1,9
3,0.600612089165465,MP_cal,1,9
4,0.595031855666343,MP_cal,1,9
17,0.47337595884695,MP_cal,1,9
2,0.498877988944904,MP_cal,1,9
14,0.515172642251403,MP_cal,1,9
15,0.637706359074616,MP_cal,1,9
5,0.579844760514488,MP_cal,1,9
13,0.504035119610201,MP_cal,1,9
16,0.595295368279797,MP_cal,1,9
19,0.591581624383253,MP_cal,1,9
7,0.69639258022594,ME,0.05,9
8,0.733919679522219,ME,0.05,9
10,0.726551659624289,ME,0.05,9
18,0.729522277447458,ME,0.05,9
6,0.404889746522516,ME,0.05,9
11,0.679611660100747,ME,0.05,9
12,0.976657762449376,ME,0.05,9
1,0.590480613491127,ME,0.05,9
3,0.620855031019182,ME,0.05,9
4,0.559987313484624,ME,0.05,9
17,0.684982195104436,ME,0.05,9
2,0.501618341531296,ME,0.05,9
14,0.613936388042564,ME,0.05,9
15,0.778506345072039,ME,0.05,9
5,0.500282951484972,ME,0.05,9
13,0.685645227979952,ME,0.05,9
16,0.675871609487185,ME,0.05,9
19,0.710099086983396,ME,0.05,9
7,0.696393049133117,ME,0.1,9
8,0.733919128071866,ME,0.1,9
10,0.726552433240391,ME,0.1,9
18,0.729523090969297,ME,0.1,9
6,0.404896343091821,ME,0.1,9
11,0.679609501533982,ME,0.1,9
12,0.976645758055476,ME,0.1,9
1,0.590481083429845,ME,0.1,9
3,0.620855159275804,ME,0.1,9
4,0.559988528839148,ME,0.1,9
17,0.684982721171737,ME,0.1,9
2,0.501620269183937,ME,0.1,9
14,0.613934771690244,ME,0.1,9
15,0.778504687024753,ME,0.1,9
5,0.500284429869232,ME,0.1,9
13,0.685645893558814,ME,0.1,9
16,0.675872294803339,ME,0.1,9
19,0.710099437139945,ME,0.1,9
7,0.696394924404375,ME,0.3,9
8,0.73391692300343,ME,0.3,9
10,0.726555527189206,ME,0.3,9
18,0.729526344418296,ME,0.3,9
6,0.404922723632675,ME,0.3,9
11,0.67960087030793,ME,0.3,9
12,0.976597755260727,ME,0.3,9
1,0.590482962867493,ME,0.3,9
3,0.620855672324204,ME,0.3,9
4,0.559993389424306,ME,0.3,9
17,0.684984825189176,ME,0.3,9
2,0.501627978254957,ME,0.3,9
14,0.613928307982842,ME,0.3,9
15,0.778498056748527,ME,0.3,9
5,0.500290342292992,ME,0.3,9
13,0.685648555454908,ME,0.3,9
16,0.675875035636592,ME,0.3,9
19,0.710100837557601,ME,0.3,9
7,0.696401483353046,ME,1,9
8,0.733909214488395,ME,1,9
10,0.726566349516986,ME,1,9
18,0.729537723452398,ME,1,9
6,0.405014983314287,ME,1,9
11,0.679570699282374,ME,1,9
12,0.976429931487925,ME,1,9
1,0.590489536904892,ME,1,9
3,0.620857468268405,ME,1,9
4,0.560010390984404,ME,1,9
17,0.684992186078965,ME,1,9
2,0.501654940621036,ME,1,9
14,0.613905706428857,ME,1,9
15,0.778474874858625,ME,1,9
5,0.500311021759176,ME,1,9
13,0.685657866810544,ME,1,9
16,0.675884623121072,ME,1,9
19,0.710105736393148,ME,1,9
7,0.68295471233623,ME2,0.05,9
8,0.708279016628905,ME2,0.05,9
10,0.706525932322363,ME2,0.05,9
18,0.771788245568072,ME2,0.05,9
6,0.412728193305292,ME2,0.05,9
11,0.67759740521587,ME2,0.05,9
12,0.966190894231182,ME2,0.05,9
1,0.579442017540462,ME2,0.05,9
3,0.621222336477986,ME2,0.05,9
4,0.566043022308446,ME2,0.05,9
17,0.687194159256283,ME2,0.05,9
2,0.483943285168104,ME2,0.05,9
14,0.576128072860958,ME2,0.05,9
15,0.801019082340122,ME2,0.05,9
5,0.506321057206185,ME2,0.05,9
13,0.696009819133941,ME2,0.05,9
16,0.670402026535595,ME2,0.05,9
19,0.720021725988331,ME2,0.05,9
7,0.682956636223595,ME2,0.1,9
8,0.708280852740109,ME2,0.1,9
10,0.706528123363352,ME2,0.1,9
18,0.771783624226072,ME2,0.1,9
6,0.412732732492536,ME2,0.1,9
11,0.677595787349746,ME2,0.1,9
12,0.966181827691467,ME2,0.1,9
1,0.579443310461238,ME2,0.1,9
3,0.621222320113442,ME2,0.1,9
4,0.566044101120835,ME2,0.1,9
17,0.687194623670421,ME2,0.1,9
2,0.483946813390494,ME2,0.1,9
14,0.576128938852828,ME2,0.1,9
15,0.801015080166478,ME2,0.1,9
5,0.506322683012499,ME2,0.1,9
13,0.696009974255337,ME2,0.1,9
16,0.670403153474577,ME2,0.1,9
19,0.720021411479145,ME2,0.1,9
7,0.682964328968333,ME2,0.3,9
8,0.708288194527949,ME2,0.3,9
10,0.706536886717407,ME2,0.3,9
18,0.771765151239295,ME2,0.3,9
6,0.412750886468406,ME2,0.3,9
11,0.677589318117125,ME2,0.3,9
12,0.96614557119522,ME2,0.3,9
1,0.579448480745196,ME2,0.3,9
3,0.621222255085269,ME2,0.3,9
4,0.566048415509088,ME2,0.3,9
17,0.687196481175448,ME2,0.3,9
2,0.483960922287788,ME2,0.3,9
14,0.57613240173214,ME2,0.3,9
15,0.800999077691585,ME2,0.3,9
5,0.506329184521765,ME2,0.3,9
13,0.696010594975567,ME2,0.3,9
16,0.670407660284023,ME2,0.3,9
19,0.720020154208146,ME2,0.3,9
7,0.682991218280893,ME2,1,9
8,0.708313857339966,ME2,1,9
10,0.706567548189756,ME2,1,9
18,0.771700651421953,ME2,1,9
6,0.412814390466027,ME2,1,9
11,0.677566703884112,ME2,1,9
12,0.966018795064415,ME2,1,9
1,0.579466559128891,ME2,1,9
3,0.621222032893179,ME2,1,9
4,0.56606350502466,ME2,1,9
17,0.687202980531891,ME2,1,9
2,0.484010253185349,ME2,1,9
14,0.576144508112331,ME2,1,9
15,0.800943147280323,ME2,1,9
5,0.506351918206359,ME2,1,9
13,0.696012770444361,ME2,1,9
16,0.670423422200815,ME2,1,9
19,0.720015763391735,ME2,1,9
7,0.610113707226951,ME_P,0.05,9
8,0.638582749995399,ME_P,0.05,9
10,0.578013875918872,ME_P,0.05,9
18,0.606419434046975,ME_P,0.05,9
6,0.48502767167608,ME_P,0.05,9
11,0.618089344686038,ME_P,0.05,9
12,0.913306224565155,ME_P,0.05,9
1,0.540677123941098,ME_P,0.05,9
3,0.604119425395119,ME_P,0.05,9
4,0.572651733554688,ME_P,0.05,9
17,0.465933624331765,ME_P,0.05,9
2,0.469342873432971,ME_P,0.05,9
14,0.537793421961829,ME_P,0.05,9
15,0.658162815233654,ME_P,0.05,9
5,0.558754005902142,ME_P,0.05,9
13,0.495078374085529,ME_P,0.05,9
16,0.583296972680539,ME_P,0.05,9
19,0.58697383629459,ME_P,0.05,9
7,0.610116860487145,ME_P,0.1,9
8,0.638585279422052,ME_P,0.1,9
10,0.578020413775147,ME_P,0.1,9
18,0.606424740314975,ME_P,0.1,9
6,0.4850242066697,ME_P,0.1,9
11,0.618083679979192,ME_P,0.1,9
12,0.913288111468323,ME_P,0.1,9
1,0.540673897334749,ME_P,0.1,9
3,0.604113333433492,ME_P,0.1,9
4,0.572645974913692,ME_P,0.1,9
17,0.465940545183542,ME_P,0.1,9
2,0.469341611184939,ME_P,0.1,9
14,0.537789899261103,ME_P,0.1,9
15,0.658161868204028,ME_P,0.1,9
5,0.558747897763652,ME_P,0.1,9
13,0.495083765393055,ME_P,0.1,9
16,0.583296978070668,ME_P,0.1,9
19,0.586976021198666,ME_P,0.1,9
7,0.61012947181013,ME_P,0.3,9
8,0.638595396268259,ME_P,0.3,9
10,0.578046559464024,ME_P,0.3,9
18,0.606445961123393,ME_P,0.3,9
6,0.485010360991889,ME_P,0.3,9
11,0.618061041611923,ME_P,0.3,9
12,0.913215707015068,ME_P,0.3,9
1,0.540661001029894,ME_P,0.3,9
3,0.604088980375724,ME_P,0.3,9
4,0.572622954580679,ME_P,0.3,9
17,0.465968223224292,ME_P,0.3,9
2,0.469336570914584,ME_P,0.3,9
14,0.537775821637201,ME_P,0.3,9
15,0.658158088903787,ME_P,0.3,9
5,0.558723479113569,ME_P,0.3,9
13,0.495105328228729,ME_P,0.3,9
16,0.583297005455575,ME_P,0.3,9
19,0.586984762483624,ME_P,0.3,9
7,0.6101735897984,ME_P,1,9
8,0.638630794374361,ME_P,1,9
10,0.578137997171783,ME_P,1,9
18,0.606520180278274,ME_P,1,9
6,0.484962081410099,ME_P,1,9
11,0.617982064375911,ME_P,1,9
12,0.912962893730704,ME_P,1,9
1,0.54061599120954,ME_P,1,9
3,0.604003930633257,ME_P,1,9
4,0.572542562358122,ME_P,1,9
17,0.466065028822524,ME_P,1,9
2,0.469319039553602,ME_P,1,9
14,0.537726715566415,ME_P,1,9
15,0.658144972134493,ME_P,1,9
5,0.558638188663844,ME_P,1,9
13,0.495180767978642,ME_P,1,9
16,0.58329717449648,ME_P,1,9
19,0.587015377913828,ME_P,1,9
7,0.594866080200654,ME2P,0.05,9
8,0.611538768595922,ME2P,0.05,9
10,0.555246589499636,ME2P,0.05,9
18,0.655061352198595,ME2P,0.05,9
6,0.459361956106074,ME2P,0.05,9
11,0.624740772418142,ME2P,0.05,9
12,0.947318488650875,ME2P,0.05,9
1,0.530897974285967,ME2P,0.05,9
3,0.60759391020391,ME2P,0.05,9
4,0.579513269580646,ME2P,0.05,9
17,0.470465728042274,ME2P,0.05,9
2,0.454852241110093,ME2P,0.05,9
14,0.50247004608746,ME2P,0.05,9
15,0.678853026462148,ME2P,0.05,9
5,0.565530044325008,ME2P,0.05,9
13,0.504653751786715,ME2P,0.05,9
16,0.576867694070391,ME2P,0.05,9
19,0.598222208614731,ME2P,0.05,9
7,0.594870927076421,ME2P,0.1,9
8,0.611543686468082,ME2P,0.1,9
10,0.555255110390795,ME2P,0.1,9
18,0.655060666635164,ME2P,0.1,9
6,0.45936021988707,ME2P,0.1,9
11,0.62473453294369,ME2P,0.1,9
12,0.947297383122788,ME2P,0.1,9
1,0.53089548161493,ME2P,0.1,9
3,0.607587161457721,ME2P,0.1,9
4,0.579507225772969,ME2P,0.1,9
17,0.470472337668014,ME2P,0.1,9
2,0.454852426663538,ME2P,0.1,9
14,0.502469263198191,ME2P,0.1,9
15,0.678849785228334,ME2P,0.1,9
5,0.565523908756636,ME2P,0.1,9
13,0.504658667562042,ME2P,0.1,9
16,0.576868471156884,ME2P,0.1,9
19,0.598223486026907,ME2P,0.1,9
7,0.594890309376006,ME2P,0.3,9
8,0.611563353136342,ME2P,0.3,9
10,0.555289185238413,ME2P,0.3,9
18,0.65505793435751,ME2P,0.3,9
6,0.459353285039923,ME2P,0.3,9
11,0.624709597101972,ME2P,0.3,9
12,0.947213016900225,ME2P,0.3,9
1,0.53088551993944,ME2P,0.3,9
3,0.607560183232191,ME2P,0.3,9
4,0.579483065235284,ME2P,0.3,9
17,0.470498771314029,ME2P,0.3,9
2,0.454853174506759,ME2P,0.3,9
14,0.502466139718707,ME2P,0.3,9
15,0.678836834634644,ME2P,0.3,9
5,0.565499380276707,ME2P,0.3,9
13,0.504678328977241,ME2P,0.3,9
16,0.576871583683204,ME2P,0.3,9
19,0.598228599196771,ME2P,0.3,9
7,0.594958081952821,ME2P,1,9
8,0.611632125809624,ME2P,1,9
10,0.555408337493953,ME2P,1,9
18,0.655048496708241,ME2P,1,9
6,0.459329139090561,ME2P,1,9
11,0.624622598756204,ME2P,1,9
12,0.946918437385015,ME2P,1,9
1,0.530850767332094,ME2P,1,9
3,0.607465970161937,ME2P,1,9
4,0.579398688101235,ME2P,1,9
17,0.470591227937773,ME2P,1,9
2,0.454855862668839,ME2P,1,9
14,0.502455309013903,ME2P,1,9
15,0.678791687750637,ME2P,1,9
5,0.565413704029779,ME2P,1,9
13,0.504747122662796,ME2P,1,9
16,0.576882530046262,ME2P,1,9
19,0.598246539512132,ME2P,1,9
7,0.692644870657748,XEN,0.05,9
8,0.712181982390074,XEN,0.05,9
10,0.722963879829657,XEN,0.05,9
18,0.749705901676374,XEN,0.05,9
6,0.435920486424248,XEN,0.05,9
11,0.678373345116196,XEN,0.05,9
12,0.927972824370351,XEN,0.05,9
1,0.574396060513839,XEN,0.05,9
3,0.618355283617091,XEN,0.05,9
4,0.564289109945224,XEN,0.05,9
17,0.685583525313772,XEN,0.05,9
2,0.465531140534289,XEN,0.05,9
14,0.584483237004303,XEN,0.05,9
15,0.814651015105119,XEN,0.05,9
5,0.501151184317807,XEN,0.05,9
13,0.690166619769003,XEN,0.05,9
16,0.669693467874799,XEN,0.05,9
19,0.721659497958661,XEN,0.05,9
7,0.692646654739491,XEN,0.1,9
8,0.712183925462138,XEN,0.1,9
10,0.722966589690215,XEN,0.1,9
18,0.749702648678065,XEN,0.1,9
6,0.435923470686339,XEN,0.1,9
11,0.678371639140228,XEN,0.1,9
12,0.92796715066661,XEN,0.1,9
1,0.574397819298397,XEN,0.1,9
3,0.618355550045228,XEN,0.1,9
4,0.564290389893989,XEN,0.1,9
17,0.685584022537174,XEN,0.1,9
2,0.465536186848913,XEN,0.1,9
14,0.584483011854284,XEN,0.1,9
15,0.814645169668668,XEN,0.1,9
5,0.501153294590903,XEN,0.1,9
13,0.69016709386768,XEN,0.1,9
16,0.669694675087549,XEN,0.1,9
19,0.72165890265674,XEN,0.1,9
7,0.69265378750665,XEN,0.3,9
8,0.712191693893131,XEN,0.3,9
10,0.722977424568052,XEN,0.3,9
18,0.749689647043229,XEN,0.3,9
6,0.435935408000293,XEN,0.3,9
11,0.678364817685734,XEN,0.3,9
12,0.92794445869023,XEN,0.3,9
1,0.574404852246837,XEN,0.3,9
3,0.618356615706058,XEN,0.3,9
4,0.564295508426,XEN,0.3,9
17,0.68558601139388,XEN,0.3,9
2,0.465556365390834,XEN,0.3,9
14,0.584482112606257,XEN,0.3,9
15,0.814621798580915,XEN,0.3,9
5,0.501161733092877,XEN,0.3,9
13,0.690168990222857,XEN,0.3,9
16,0.669699502850093,XEN,0.3,9
19,0.721656522888263,XEN,0.3,9
7,0.692678707416601,XEN,1,9
8,0.712218834879109,XEN,1,9
10,0.723015289195934,XEN,1,9
18,0.749644271513478,XEN,1,9
6,0.435977191896816,XEN,1,9
11,0.678340973410541,XEN,1,9
12,0.927865072558186,XEN,1,9
1,0.574429440009804,XEN,1,9
3,0.61836034486499,XEN,1,9
4,0.564313407391747,XEN,1,9
17,0.685592971920041,XEN,1,9
2,0.465626905780041,XEN,1,9
14,0.584478982224067,XEN,1,9
15,0.814540133825783,XEN,1,9
5,0.501191235252843,XEN,1,9
13,0.69017562696034,XEN,1,9
16,0.669716386316522,XEN,1,9
19,0.721648211799239,XEN,1,9
7,0.614350902970083,MP_cal,0.05,10
8,0.633774062310552,MP_cal,0.05,10
9,0.544940429160223,MP_cal,0.05,10
18,0.613691074714029,MP_cal,0.05,10
6,0.551493977040291,MP_cal,0.05,10
11,0.57666689310772,MP_cal,0.05,10
12,0.786611249254026,MP_cal,0.05,10
1,0.520350286153933,MP_cal,0.05,10
3,0.574620105698437,MP_cal,0.05,10
4,0.555361061756455,MP_cal,0.05,10
17,0.5043985317198,MP_cal,0.05,10
2,0.44208882217604,MP_cal,0.05,10
14,0.475053180839617,MP_cal,0.05,10
15,0.684932689199629,MP_cal,0.05,10
5,0.517419377876672,MP_cal,0.05,10
13,0.539488763920565,MP_cal,0.05,10
16,0.599621523804183,MP_cal,0.05,10
19,0.619455592127777,MP_cal,0.05,10
7,0.614354092282481,MP_cal,0.1,10
8,0.633776553341639,MP_cal,0.1,10
9,0.5449423988116,MP_cal,0.1,10
18,0.613696491287647,MP_cal,0.1,10
6,0.551487650942251,MP_cal,0.1,10
11,0.57666565871102,MP_cal,0.1,10
12,0.786605820000684,MP_cal,0.1,10
1,0.520348417505264,MP_cal,0.1,10
3,0.574616040331933,MP_cal,0.1,10
4,0.555356811733321,MP_cal,0.1,10
17,0.504405401451564,MP_cal,0.1,10
2,0.442089893321877,MP_cal,0.1,10
14,0.475053371167343,MP_cal,0.1,10
15,0.684932246621961,MP_cal,0.1,10
5,0.517415916132519,MP_cal,0.1,10
13,0.539494289056509,MP_cal,0.1,10
16,0.599623095069242,MP_cal,0.1,10
19,0.619458243878843,MP_cal,0.1,10
7,0.61436684762209,MP_cal,0.3,10
8,0.633786517134026,MP_cal,0.3,10
9,0.544950276802727,MP_cal,0.3,10
18,0.613718152866897,MP_cal,0.3,10
6,0.551462363843593,MP_cal,0.3,10
11,0.576660730160164,MP_cal,0.3,10
12,0.786584121058597,MP_cal,0.3,10
1,0.520340950717605,MP_cal,0.3,10
3,0.574599790608005,MP_cal,0.3,10
4,0.555339822845896,MP_cal,0.3,10
17,0.50443287453677,MP_cal,0.3,10
2,0.442094180765434,MP_cal,0.3,10
14,0.475054138091467,MP_cal,0.3,10
15,0.684930483746491,MP_cal,0.3,10
5,0.517402077178119,MP_cal,0.3,10
13,0.539516385990495,MP_cal,0.3,10
16,0.599629382139879,MP_cal,0.3,10
19,0.619468850903064,MP_cal,0.3,10
7,0.614411467252437,MP_cal,1,10
8,0.633821386195484,MP_cal,1,10
9,0.544977842017065,MP_cal,1,10
18,0.613793909040758,MP_cal,1,10
6,0.551374076349296,MP_cal,1,10
11,0.576643593749834,MP_cal,1,10
12,0.78650840186075,MP_cal,1,10
1,0.520314915107464,MP_cal,1,10
3,0.574543064210429,MP_cal,1,10
4,0.555280502628741,MP_cal,1,10
17,0.504528956811311,MP_cal,1,10
2,0.442109222721618,MP_cal,1,10
14,0.475056892833273,MP_cal,1,10
15,0.684924407090019,MP_cal,1,10
5,0.517353741712153,MP_cal,1,10
13,0.539593679805106,MP_cal,1,10
16,0.599651412128837,MP_cal,1,10
19,0.619505975695828,MP_cal,1,10
7,0.69639258022594,ME,0.05,10
8,0.733919679522219,ME,0.05,10
9,0.589971698461268,ME,0.05,10
18,0.729522277447458,ME,0.05,10
6,0.37025308813222,ME,0.05,10
11,0.670368940945062,ME,0.05,10
12,1.0333416264374,ME,0.05,10
1,0.574476187288801,ME,0.05,10
3,0.60758211653433,ME,0.05,10
4,0.545515311654559,ME,0.05,10
17,0.690385206691349,ME,0.05,10
2,0.474961559094778,ME,0.05,10
14,0.590563064958758,ME,0.05,10
15,0.800899912308091,ME,0.05,10
5,0.474200261841148,ME,0.05,10
13,0.69358306493037,ME,0.05,10
16,0.681924889616563,ME,0.05,10
19,0.722842498675403,ME,0.05,10
7,0.696393049133117,ME,0.1,10
8,0.733919128071866,ME,0.1,10
9,0.589972633261225,ME,0.1,10
18,0.729523090969297,ME,0.1,10
6,0.370259953559629,ME,0.1,10
11,0.670366314389,ME,0.1,10
12,1.03332696210183,ME,0.1,10
1,0.574476599289239,ME,0.1,10
3,0.607582309271873,ME,0.1,10
4,0.545516384097886,ME,0.1,10
17,0.690385865386675,ME,0.1,10
2,0.474963440911148,ME,0.1,10
14,0.590561300741876,ME,0.1,10
15,0.800898058523481,ME,0.1,10
5,0.474201529442244,ME,0.1,10
13,0.693583832774862,ME,0.1,10
16,0.681925660805803,ME,0.1,10
19,0.722842884992302,ME,0.1,10
7,0.696394924404375,ME,0.3,10
8,0.73391692300343,ME,0.3,10
9,0.589976371631668,ME,0.3,10
18,0.729526344418296,ME,0.3,10
6,0.370287408751845,ME,0.3,10
11,0.670355812344055,ME,0.3,10
12,1.03326832476628,ME,0.3,10
1,0.574478246998582,ME,0.3,10
3,0.607583080189873,ME,0.3,10
4,0.545520673092163,ME,0.3,10
17,0.690388499792003,ME,0.3,10
2,0.474970966552879,ME,0.3,10
14,0.590554245892023,ME,0.3,10
15,0.800890645684708,ME,0.3,10
5,0.474206598820748,ME,0.3,10
13,0.693586903611667,ME,0.3,10
16,0.68192874502104,ME,0.3,10
19,0.722844429999978,ME,0.3,10
7,0.696401483353046,ME,1,10
8,0.733909214488395,ME,1,10
9,0.589989445486958,ME,1,10
18,0.729537723452398,ME,1,10
6,0.370383419888743,ME,1,10
11,0.670319107767201,ME,1,10
12,1.03306334583072,ME,1,10
1,0.574484010299418,ME,1,10
3,0.607585777996616,ME,1,10
4,0.545535674763225,ME,1,10
17,0.690397715475586,ME,1,10
2,0.47499728585761,ME,1,10
14,0.590529579312274,ME,1,10
15,0.800864729691408,ME,1,10
5,0.4742243287297,ME,1,10
13,0.693597644726383,ME,1,10
16,0.681939532953183,ME,1,10
19,0.722849834253847,ME,1,10
7,0.68295471233623,ME2,0.05,10
8,0.708279016628905,ME2,0.05,10
9,0.586200529152397,ME2,0.05,10
18,0.771788245568072,ME2,0.05,10
6,0.359749639240261,ME2,0.05,10
11,0.672403290892338,ME2,0.05,10
12,1.04951684935193,ME2,0.05,10
1,0.56714635592272,ME2,0.05,10
3,0.60892666978033,ME2,0.05,10
4,0.550617866609574,ME2,0.05,10
17,0.691209015352002,ME2,0.05,10
2,0.460714458647909,ME2,0.05,10
14,0.563031771737248,ME2,0.05,10
15,0.822567177447313,ME2,0.05,10
5,0.480575240840611,ME2,0.05,10
13,0.701707317463277,ME2,0.05,10
16,0.673776362746872,ME2,0.05,10
19,0.7296337885257,ME2,0.05,10
7,0.682956636223595,ME2,0.1,10
8,0.708280852740109,ME2,0.1,10
9,0.586202130726506,ME2,0.1,10
18,0.771783624226072,ME2,0.1,10
6,0.359753047450724,ME2,0.1,10
11,0.672401382878794,ME2,0.1,10
12,1.04950730338041,ME2,0.1,10
1,0.567147579044815,ME2,0.1,10
3,0.608926551904023,ME2,0.1,10
4,0.550618705198497,ME2,0.1,10
17,0.69120970400188,ME2,0.1,10
2,0.460718302602467,ME2,0.1,10
14,0.563032560506582,ME2,0.1,10
15,0.822561937318122,ME2,0.1,10
5,0.480576519002275,ME2,0.1,10
13,0.701707587738938,ME2,0.1,10
16,0.67377798566009,ME2,0.1,10
19,0.729633563310231,ME2,0.1,10
7,0.682964328968333,ME2,0.3,10
8,0.708288194527949,ME2,0.3,10
9,0.586208534676767,ME2,0.3,10
18,0.771765151239295,ME2,0.3,10
6,0.359766680528422,ME2,0.3,10
11,0.672393753825839,ME2,0.3,10
12,1.04946912770103,ME2,0.3,10
1,0.567152469814429,ME2,0.3,10
3,0.608926081323126,ME2,0.3,10
4,0.550622058924406,ME2,0.3,10
17,0.691212458210495,ME2,0.3,10
2,0.460733672726563,ME2,0.3,10
14,0.563035714085977,ME2,0.3,10
15,0.822540987451054,ME2,0.3,10
5,0.480581630041649,ME2,0.3,10
13,0.701708669133855,ME2,0.3,10
16,0.673784475467516,ME2,0.3,10
19,0.729632663407847,ME2,0.3,10
7,0.682991218280893,ME2,1,10
8,0.708313857339966,ME2,1,10
9,0.586230918985561,ME2,1,10
18,0.771700651421953,ME2,1,10
6,0.359814399224245,ME2,1,10
11,0.672367089885699,ME2,1,10
12,1.04933561611852,ME2,1,10
1,0.567169565882375,ME2,1,10
3,0.608924445907025,ME2,1,10
4,0.550633789035662,ME2,1,10
17,0.691222093014543,ME2,1,10
2,0.460787396527476,ME2,1,10
14,0.563046732763156,ME2,1,10
15,0.822467796838901,ME2,1,10
5,0.48059949845581,ME2,1,10
13,0.70171245768273,ME2,1,10
16,0.67380716656619,ME2,1,10
19,0.729629525810994,ME2,1,10
7,0.610113707226951,ME_P,0.05,10
8,0.638582749995399,ME_P,0.05,10
9,0.535878601882109,ME_P,0.05,10
18,0.606419434046975,ME_P,0.05,10
6,0.441596164183208,ME_P,0.05,10
11,0.602009960162547,ME_P,0.05,10
12,0.947385350648796,ME_P,0.05,10
1,0.518879128940161,ME_P,0.05,10
3,0.576659628637409,ME_P,0.05,10
4,0.539983608302931,ME_P,0.05,10
17,0.497387967354846,ME_P,0.05,10
2,0.419141831921674,ME_P,0.05,10
14,0.49640462721193,ME_P,0.05,10
15,0.704380029037189,ME_P,0.05,10
5,0.502695579579226,ME_P,0.05,10
13,0.531347102575549,ME_P,0.05,10
16,0.589605824742108,ME_P,0.05,10
19,0.615463852494869,ME_P,0.05,10
7,0.610116860487145,ME_P,0.1,10
8,0.638585279422052,ME_P,0.1,10
9,0.53588049929899,ME_P,0.1,10
18,0.606424740314975,ME_P,0.1,10
6,0.441594140566217,ME_P,0.1,10
11,0.602007041212165,ME_P,0.1,10
12,0.947371324646448,ME_P,0.1,10
1,0.518877159260436,ME_P,0.1,10
3,0.576655381874198,ME_P,0.1,10
4,0.53997941998174,ME_P,0.1,10
17,0.497394736062008,ME_P,0.1,10
2,0.419143177608138,ME_P,0.1,10
14,0.496404263929823,ME_P,0.1,10
15,0.704379126100157,ME_P,0.1,10
5,0.502692013790106,ME_P,0.1,10
13,0.531352534448045,ME_P,0.1,10
16,0.589607369938609,ME_P,0.1,10
19,0.61546647926522,ME_P,0.1,10
7,0.61012947181013,ME_P,0.3,10
8,0.638595396268259,ME_P,0.3,10
9,0.535888088916848,ME_P,0.3,10
18,0.606445961123393,ME_P,0.3,10
6,0.441586057132056,ME_P,0.3,10
11,0.601995377356807,ME_P,0.3,10
12,0.947315252862728,ME_P,0.3,10
1,0.518869288414073,ME_P,0.3,10
3,0.576638406491187,ME_P,0.3,10
4,0.539962678438023,ME_P,0.3,10
17,0.497421805374059,ME_P,0.3,10
2,0.419148563418744,ME_P,0.3,10
14,0.496402816319594,ME_P,0.3,10
15,0.704375521397321,ME_P,0.3,10
5,0.502677759483768,ME_P,0.3,10
13,0.531374258746304,ME_P,0.3,10
16,0.58961355317517,ME_P,0.3,10
19,0.615476986504164,ME_P,0.3,10
7,0.6101735897984,ME_P,1,10
8,0.638630794374361,ME_P,1,10
9,0.535914651924335,ME_P,1,10
18,0.606520180278274,ME_P,1,10
6,0.44155790376408,ME_P,1,10
11,0.60195470396216,ME_P,1,10
12,0.947119406654722,ME_P,1,10
1,0.518841839424896,ME_P,1,10
3,0.576579139383793,ME_P,1,10
4,0.539904230658778,ME_P,1,10
17,0.497516478532178,ME_P,1,10
2,0.419167452228487,ME_P,1,10
14,0.496397819007381,ME_P,1,10
15,0.704362993455896,ME_P,1,10
5,0.502627980695774,ME_P,1,10
13,0.531450253592341,ME_P,1,10
16,0.589635225277527,ME_P,1,10
19,0.615513763778061,ME_P,1,10
7,0.594866080200654,ME2P,0.05,10
8,0.611538768595922,ME2P,0.05,10
9,0.531689691297157,ME2P,0.05,10
18,0.655061352198595,ME2P,0.05,10
6,0.389002951120464,ME2P,0.05,10
11,0.612268479014758,ME2P,0.05,10
12,1.02447822853225,ME2P,0.05,10
1,0.515328905659777,ME2P,0.05,10
3,0.579617476131451,ME2P,0.05,10
4,0.543419013735342,ME2P,0.05,10
17,0.499396011119677,ME2P,0.05,10
2,0.40856859123808,ME2P,0.05,10
14,0.473268560808748,ME2P,0.05,10
15,0.723174801998881,ME2P,0.05,10
5,0.506831335965395,ME2P,0.05,10
13,0.536722327488744,ME2P,0.05,10
16,0.583887937363783,ME2P,0.05,10
19,0.620647768181682,ME2P,0.05,10
7,0.594870927076421,ME2P,0.1,10
8,0.611543686468082,ME2P,0.1,10
9,0.5316923499338,ME2P,0.1,10
18,0.655060666635164,ME2P,0.1,10
6,0.389003302232177,ME2P,0.1,10
11,0.612265065005982,ME2P,0.1,10
12,1.0244596479776,ME2P,0.1,10
1,0.515327217940862,ME2P,0.1,10
3,0.579612797275319,ME2P,0.1,10
4,0.543414801203294,ME2P,0.1,10
17,0.499402683727427,ME2P,0.1,10
2,0.408571402536251,ME2P,0.1,10
14,0.473270349402585,ME2P,0.1,10
15,0.723171076534078,ME2P,0.1,10
5,0.506827904271158,ME2P,0.1,10
13,0.53672762541577,ME2P,0.1,10
16,0.583890165220723,ME2P,0.1,10
19,0.620650093648558,ME2P,0.1,10
7,0.594890309376006,ME2P,0.3,10
8,0.611563353136342,ME2P,0.3,10
9,0.531702982455377,ME2P,0.3,10
18,0.65505793435751,ME2P,0.3,10
6,0.38900471186273,ME2P,0.3,10
11,0.612251422234246,ME2P,0.3,10
12,1.02438536899919,ME2P,0.3,10
1,0.515320474491722,ME2P,0.3,10
3,0.579594094529699,ME2P,0.3,10
4,0.543397962496075,ME2P,0.3,10
17,0.499429368694501,ME2P,0.3,10
2,0.408582647113176,ME2P,0.3,10
14,0.473277505258688,ME2P,0.3,10
15,0.723156189411147,ME2P,0.3,10
5,0.506814185694237,ME2P,0.3,10
13,0.536748813867491,ME2P,0.3,10
16,0.583899077626253,ME2P,0.3,10
19,0.620659396039278,ME2P,0.3,10
7,0.594958081952821,ME2P,1,10
8,0.611632125809624,ME2P,1,10
9,0.531740170794233,ME2P,1,10
18,0.655048496708241,ME2P,1,10
6,0.389009710710981,ME2P,1,10
11,0.612203839177021,ME2P,1,10
12,1.02412593600444,ME2P,1,10
1,0.515296965782882,ME2P,1,10
3,0.579528794339673,ME2P,1,10
4,0.543339170624417,ME2P,1,10
17,0.499522697309719,ME2P,1,10
2,0.408621995348002,ME2P,1,10
14,0.47330256931572,ME2P,1,10
15,0.723104269641234,ME2P,1,10
5,0.506766273787339,ME2P,1,10
13,0.536822932441219,ME2P,1,10
16,0.583930283302092,ME2P,1,10
19,0.620691960945685,ME2P,1,10
7,0.692644870657748,XEN,0.05,10
8,0.712181982390074,XEN,0.05,10
9,0.583391130931497,XEN,0.05,10
18,0.749705901676374,XEN,0.05,10
6,0.39298804605884,XEN,0.05,10
11,0.673508456608673,XEN,0.05,10
12,0.980959414252241,XEN,0.05,10
1,0.558165160833643,XEN,0.05,10
3,0.602726198789233,XEN,0.05,10
4,0.546803102182618,XEN,0.05,10
17,0.689043803800634,XEN,0.05,10
2,0.435547340060273,XEN,0.05,10
14,0.576313796056344,XEN,0.05,10
15,0.841960611797017,XEN,0.05,10
5,0.46940499084344,XEN,0.05,10
13,0.690863238107495,XEN,0.05,10
16,0.675122473474277,XEN,0.05,10
19,0.734372248571966,XEN,0.05,10
7,0.692646654739491,XEN,0.1,10
8,0.712183925462138,XEN,0.1,10
9,0.583393015860018,XEN,0.1,10
18,0.749702648678065,XEN,0.1,10
6,0.392991094946614,XEN,0.1,10
11,0.673506524243967,XEN,0.1,10
12,0.980952459593265,XEN,0.1,10
1,0.558166880185294,XEN,0.1,10
3,0.602726575604091,XEN,0.1,10
4,0.5468042475673,XEN,0.1,10
17,0.689044418999158,XEN,0.1,10
2,0.435552718536061,XEN,0.1,10
14,0.576312846256187,XEN,0.1,10
15,0.841953091324316,XEN,0.1,10
5,0.469406914084894,XEN,0.1,10
13,0.690863750549895,XEN,0.1,10
16,0.675124147257996,XEN,0.1,10
19,0.734371546183922,XEN,0.1,10
7,0.69265378750665,XEN,0.3,10
8,0.712191693893131,XEN,0.3,10
9,0.583400552706569,XEN,0.3,10
18,0.749689647043229,XEN,0.3,10
6,0.393003290662498,XEN,0.3,10
11,0.673498797758125,XEN,0.3,10
12,0.980924646915694,XEN,0.3,10
1,0.558173755158972,XEN,0.3,10
3,0.602728082950459,XEN,0.3,10
4,0.546808827910971,XEN,0.3,10
17,0.689046879763475,XEN,0.3,10
2,0.435574224004647,XEN,0.3,10
14,0.576309049524339,XEN,0.3,10
15,0.841923026043924,XEN,0.3,10
5,0.46941460445676,XEN,0.3,10
13,0.690865800674839,XEN,0.3,10
16,0.67513084031566,XEN,0.3,10
19,0.734368738577213,XEN,0.3,10
7,0.692678707416601,XEN,1,10
8,0.712218834879109,XEN,1,10
9,0.583426895595689,XEN,1,10
18,0.749644271513478,XEN,1,10
6,0.393045977692388,XEN,1,10
11,0.673471792447976,XEN,1,10
12,0.980827377551003,XEN,1,10
1,0.558197786957773,XEN,1,10
3,0.602733359746099,XEN,1,10
4,0.546824844075158,XEN,1,10
17,0.689055492051254,XEN,1,10
2,0.435649387055684,XEN,1,10
14,0.576295791979472,XEN,1,10
15,0.841818006395828,XEN,1,10
5,0.469441488124747,XEN,1,10
13,0.69087298056701,XEN,1,10
16,0.675154239876109,XEN,1,10
19,0.734358936413002,XEN,1,10
7,0.565773024111049,MP_cal,0.05,11
8,0.590987771764503,MP_cal,0.05,11
9,0.542976865941805,MP_cal,0.05,11
18,0.517943007544057,MP_cal,0.05,11
6,0.551493977040291,MP_cal,0.05,11
10,0.475521874079961,MP_cal,0.05,11
12,0.786611249254026,MP_cal,0.05,11
1,0.588707289598184,MP_cal,0.05,11
3,0.636875080890703,MP_cal,0.05,11
4,0.623844524208172,MP_cal,0.05,11
17,0.458354578984785,MP_cal,0.05,11
2,0.524377066555974,MP_cal,0.05,11
14,0.58280191183302,MP_cal,0.05,11
15,0.633962576482592,MP_cal,0.05,11
5,0.59519074040842,MP_cal,0.05,11
13,0.500788286783845,MP_cal,0.05,11
16,0.581277060341331,MP_cal,0.05,11
19,0.571588892446685,MP_cal,0.05,11
7,0.565776902571328,MP_cal,0.1,11
8,0.590989541413929,MP_cal,0.1,11
9,0.542978237694254,MP_cal,0.1,11
18,0.51795197988942,MP_cal,0.1,11
6,0.551487650942251,MP_cal,0.1,11
10,0.475532301570239,MP_cal,0.1,11
12,0.786605820000684,MP_cal,0.1,11
1,0.58870094567132,MP_cal,0.1,11
3,0.636865675114555,MP_cal,0.1,11
4,0.623835624054814,MP_cal,0.1,11
17,0.458362864880965,MP_cal,0.1,11
2,0.524373599951408,MP_cal,0.1,11
14,0.582793940879181,MP_cal,0.1,11
15,0.63396105240837,MP_cal,0.1,11
5,0.595184001058941,MP_cal,0.1,11
13,0.500794289578941,MP_cal,0.1,11
16,0.58127736334677,MP_cal,0.1,11
19,0.571591986057451,MP_cal,0.1,11
7,0.565792416219886,MP_cal,0.3,11
8,0.590996625094409,MP_cal,0.3,11
9,0.542983728433744,MP_cal,0.3,11
18,0.517987860065196,MP_cal,0.3,11
6,0.551462363843593,MP_cal,0.3,11
10,0.4755740003541,MP_cal,0.3,11
12,0.786584121058597,MP_cal,0.3,11
1,0.588675590009897,MP_cal,0.3,11
3,0.636828078666333,MP_cal,0.3,11
4,0.623800047974677,MP_cal,0.3,11
17,0.458396001317706,MP_cal,0.3,11
2,0.524359750479198,MP_cal,0.3,11
14,0.582762085822617,MP_cal,0.3,11
15,0.633954970840806,MP_cal,0.3,11
5,0.595157060849639,MP_cal,0.3,11
13,0.500818298113331,MP_cal,0.3,11
16,0.58127858257125,MP_cal,0.3,11
19,0.571604362046741,MP_cal,0.3,11
7,0.565846711468392,MP_cal,1,11
8,0.591021481763191,MP_cal,1,11
9,0.543002992825171,MP_cal,1,11
18,0.518113324833865,MP_cal,1,11
6,0.551374076349296,MP_cal,1,11
10,0.475719805465176,MP_cal,1,11
12,0.78650840186075,MP_cal,1,11
1,0.588587097131887,MP_cal,1,11
3,0.636696826133772,MP_cal,1,11
4,0.623675840049204,MP_cal,1,11
17,0.458511888883573,MP_cal,1,11
2,0.52431149015966,MP_cal,1,11
14,0.582650954387777,MP_cal,1,11
15,0.633933870306315,MP_cal,1,11
5,0.595062986182024,MP_cal,1,11
13,0.50090229461845,MP_cal,1,11
16,0.581282940331518,MP_cal,1,11
19,0.571647697365127,MP_cal,1,11
7,0.674281277552722,ME,0.05,11
8,0.715096229939575,ME,0.05,11
9,0.598438785500949,ME,0.05,11
18,0.696707997291872,ME,0.05,11
6,0.37025308813222,ME,0.05,11
10,0.694640874173521,ME,0.05,11
12,1.0333416264374,ME,0.05,11
1,0.609666811375475,ME,0.05,11
3,0.643500898914433,ME,0.05,11
4,0.566408580469151,ME,0.05,11
17,0.677341530840673,ME,0.05,11
2,0.5183937986088,ME,0.05,11
14,0.670603816364959,ME,0.05,11
15,0.770709966697235,ME,0.05,11
5,0.514141428399309,ME,0.05,11
13,0.673645223153006,ME,0.05,11
16,0.665646986854273,ME,0.05,11
19,0.693837826014487,ME,0.05,11
7,0.674282078366843,ME,0.1,11
8,0.715095212205641,ME,0.1,11
9,0.598440153816353,ME,0.1,11
18,0.696708834165044,ME,0.1,11
6,0.370259953559629,ME,0.1,11
10,0.694640779633845,ME,0.1,11
12,1.03332696210183,ME,0.1,11
1,0.609667096548431,ME,0.1,11
3,0.64350013342437,ME,0.1,11
4,0.566410377099691,ME,0.1,11
17,0.677341864183345,ME,0.1,11
2,0.518396351367954,ME,0.1,11
14,0.670599168326184,ME,0.1,11
15,0.77070697883163,ME,0.1,11
5,0.514143717165932,ME,0.1,11
13,0.673646036220348,ME,0.1,11
16,0.665647820673957,ME,0.1,11
19,0.693838487040093,ME,0.1,11
7,0.674285281055551,ME,0.3,11
8,0.715091143089907,ME,0.3,11
9,0.59844562585736,ME,0.3,11
18,0.696712181328228,ME,0.3,11
6,0.370287408751845,ME,0.3,11
10,0.694640403239279,ME,0.3,11
12,1.03326832476628,ME,0.3,11
1,0.609668237167349,ME,0.3,11
3,0.643497072747794,ME,0.3,11
4,0.566417562218774,ME,0.3,11
17,0.67734319785695,ME,0.3,11
2,0.518406559944634,ME,0.3,11
14,0.670580582583442,ME,0.3,11
15,0.770695032105789,ME,0.3,11
5,0.514152870152106,ME,0.3,11
13,0.673649288133161,ME,0.3,11
16,0.665651155581363,ME,0.3,11
19,0.693841130732101,ME,0.3,11
7,0.674296483315843,ME,1,11
8,0.715076924081732,ME,1,11
9,0.598464762634743,ME,1,11
18,0.696723892244549,ME,1,11
6,0.370383419888743,ME,1,11
10,0.694639108038777,ME,1,11
12,1.03306334583072,ME,1,11
1,0.60967222841358,ME,1,11
3,0.643486376532233,ME,1,11
4,0.566442692470634,ME,1,11
17,0.67734786952096,ME,1,11
2,0.518442258999883,ME,1,11
14,0.670515613168783,ME,1,11
15,0.770653278158656,ME,1,11
5,0.514184879415824,ME,1,11
13,0.673660665335069,ME,1,11
16,0.665662823078442,ME,1,11
19,0.693850378485393,ME,1,11
7,0.671542379772775,ME2,0.05,11
8,0.706512457662719,ME2,0.05,11
9,0.596872481324655,ME2,0.05,11
18,0.710150693586221,ME2,0.05,11
6,0.359749639240261,ME2,0.05,11
10,0.696444446637104,ME2,0.05,11
12,1.04951684935193,ME2,0.05,11
1,0.604620443864791,ME2,0.05,11
3,0.643528807343738,ME2,0.05,11
4,0.56799381836021,ME2,0.05,11
17,0.677146780565722,ME2,0.05,11
2,0.510268385228853,ME2,0.05,11
14,0.652772270659335,ME2,0.05,11
15,0.779419108811073,ME2,0.05,11
5,0.514863937860376,ME2,0.05,11
13,0.674638327536359,ME2,0.05,11
16,0.663980095792847,ME2,0.05,11
19,0.698065025021848,ME2,0.05,11
7,0.671543568899077,ME2,0.1,11
8,0.706512633830406,ME2,0.1,11
9,0.596874121035385,ME2,0.1,11
18,0.710149505630852,ME2,0.1,11
6,0.359753047450724,ME2,0.1,11
10,0.69644510936528,ME2,0.1,11
12,1.04950730338041,ME2,0.1,11
1,0.604621508102932,ME2,0.1,11
3,0.643527919095137,ME2,0.1,11
4,0.567995438695077,ME2,0.1,11
17,0.677147180314792,ME2,0.1,11
2,0.51027251501758,ME2,0.1,11
14,0.652770803128543,ME2,0.1,11
15,0.779414198004479,ME2,0.1,11
5,0.514866332643246,ME2,0.1,11
13,0.674639164999295,ME2,0.1,11
16,0.663981124145929,ME2,0.1,11
19,0.698065201728524,ME2,0.1,11
7,0.671548324198616,ME2,0.3,11
8,0.706513338347769,ME2,0.3,11
9,0.596880678085609,ME2,0.3,11
18,0.7101447578537,ME2,0.3,11
6,0.359766680528422,ME2,0.3,11
10,0.696447761490342,ME2,0.3,11
12,1.04946912770103,ME2,0.3,11
1,0.604625763692067,ME2,0.3,11
3,0.643524367968481,ME2,0.3,11
4,0.568001918795207,ME2,0.3,11
17,0.677148779492541,ME2,0.3,11
2,0.510289028656461,ME2,0.3,11
14,0.652764934264057,ME2,0.3,11
15,0.779394564207013,ME2,0.3,11
5,0.514875909228395,ME2,0.3,11
13,0.674642514350384,ME2,0.3,11
16,0.663985236957582,ME2,0.3,11
19,0.698065909006198,ME2,0.3,11
7,0.671564952568848,ME2,1,11
8,0.706515802221703,ME2,1,11
9,0.59690360519899,ME2,1,11
18,0.710128191477828,ME2,1,11
6,0.359814399224245,ME2,1,11
10,0.696457059129778,ME2,1,11
12,1.04933561611852,ME2,1,11
1,0.604640641095863,ME2,1,11
3,0.643511962517333,ME2,1,11
4,0.568024583542279,ME2,1,11
17,0.677154378890883,ME2,1,11
2,0.510346756987002,ME2,1,11
14,0.652744409070571,ME2,1,11
15,0.779325964506646,ME2,1,11
5,0.514909395229532,ME2,1,11
13,0.674654230772741,ME2,1,11
16,0.66399962423083,ME2,1,11
19,0.69806839014468,ME2,1,11
7,0.55476554773895,ME_P,0.05,11
8,0.596022964569125,ME_P,0.05,11
9,0.525050626382773,ME_P,0.05,11
18,0.507122375364808,ME_P,0.05,11
6,0.441596164183208,ME_P,0.05,11
10,0.468318185493052,ME_P,0.05,11
12,0.947385350648796,ME_P,0.05,11
1,0.591344685048659,ME_P,0.05,11
3,0.657751620543644,ME_P,0.05,11
4,0.586174073555702,ME_P,0.05,11
17,0.449306891850174,ME_P,0.05,11
2,0.486780955519988,ME_P,0.05,11
14,0.644034287071824,ME_P,0.05,11
15,0.666310880498689,ME_P,0.05,11
5,0.557570007252483,ME_P,0.05,11
13,0.48606435825799,ME_P,0.05,11
16,0.559876449838035,ME_P,0.05,11
19,0.561089172546961,ME_P,0.05,11
7,0.554769896511546,ME_P,0.1,11
8,0.596024736101912,ME_P,0.1,11
9,0.525052600580946,ME_P,0.1,11
18,0.507131524447554,ME_P,0.1,11
6,0.441594140566217,ME_P,0.1,11
10,0.468328169023002,ME_P,0.1,11
12,0.947371324646448,ME_P,0.1,11
1,0.591337763476116,ME_P,0.1,11
3,0.657740268610671,ME_P,0.1,11
4,0.586166990946366,ME_P,0.1,11
17,0.449315284783758,ME_P,0.1,11
2,0.486779055789606,ME_P,0.1,11
14,0.644021529077077,ME_P,0.1,11
15,0.666306568892347,ME_P,0.1,11
5,0.557564772065812,ME_P,0.1,11
13,0.486070761088842,ME_P,0.1,11
16,0.559877707397073,ME_P,0.1,11
19,0.561092646627611,ME_P,0.1,11
7,0.554787290415028,ME_P,0.3,11
8,0.596031826489607,ME_P,0.3,11
9,0.525060500255517,ME_P,0.3,11
18,0.507168111122576,ME_P,0.3,11
6,0.441586057132056,ME_P,0.3,11
10,0.468368092365914,ME_P,0.3,11
12,0.947315252862728,ME_P,0.3,11
1,0.591310098510557,ME_P,0.3,11
3,0.657694891370974,ME_P,0.3,11
4,0.586138682020799,ME_P,0.3,11
17,0.449348849002656,ME_P,0.3,11
2,0.486771471369772,ME_P,0.3,11
14,0.643970538084469,ME_P,0.3,11
15,0.666289344113663,ME_P,0.3,11
5,0.557543846437289,ME_P,0.3,11
13,0.486096369034224,ME_P,0.3,11
16,0.559882743160935,ME_P,0.3,11
19,0.5611065437562,ME_P,0.3,11
7,0.554848154057378,ME_P,1,11
8,0.596056696255647,ME_P,1,11
9,0.525088185260628,ME_P,1,11
18,0.507296042981735,ME_P,1,11
6,0.44155790376408,ME_P,1,11
10,0.468507688478236,ME_P,1,11
12,0.947119406654722,ME_P,1,11
1,0.591213539136231,ME_P,1,11
3,0.657536454283758,ME_P,1,11
4,0.586039871146175,ME_P,1,11
17,0.449466229190188,ME_P,1,11
2,0.486745107991835,ME_P,1,11
14,0.643792584445465,ME_P,1,11
15,0.666229329217711,ME_P,1,11
5,0.557470796765588,ME_P,1,11
13,0.486185954276423,ME_P,1,11
16,0.559900437749127,ME_P,1,11
19,0.561155193756564,ME_P,1,11
7,0.552442627347668,ME2P,0.05,11
8,0.589771512116858,ME2P,0.05,11
9,0.523847758207594,ME2P,0.05,11
18,0.518375717771263,ME2P,0.05,11
6,0.389002951120464,ME2P,0.05,11
10,0.477073863831092,ME2P,0.05,11
12,1.02447822853225,ME2P,0.05,11
1,0.589178650445109,ME2P,0.05,11
3,0.658125498267131,ME2P,0.05,11
4,0.586904093850224,ME2P,0.05,11
17,0.449773178763801,ME2P,0.05,11
2,0.485871163651856,ME2P,0.05,11
14,0.64171075185968,ME2P,0.05,11
15,0.667428528366825,ME2P,0.05,11
5,0.557680694721394,ME2P,0.05,11
13,0.486122676501064,ME2P,0.05,11
16,0.559332787833321,ME2P,0.05,11
19,0.562463601131304,ME2P,0.05,11
7,0.552447353352327,ME2P,0.1,11
8,0.589774139573853,ME2P,0.1,11
9,0.523849967950734,ME2P,0.1,11
18,0.518383157081197,ME2P,0.1,11
6,0.389003302232177,ME2P,0.1,11
10,0.47708361185034,ME2P,0.1,11
12,1.0244596479776,ME2P,0.1,11
1,0.589172167249571,ME2P,0.1,11
3,0.658113984306878,ME2P,0.1,11
4,0.586896910825121,ME2P,0.1,11
17,0.44978147110515,ME2P,0.1,11
2,0.485869878670026,ME2P,0.1,11
14,0.641699538080812,ME2P,0.1,11
15,0.667423437889046,ME2P,0.1,11
5,0.557675514710394,ME2P,0.1,11
13,0.486129138359063,ME2P,0.1,11
16,0.559334146212393,ME2P,0.1,11
19,0.562466922176225,ME2P,0.1,11
7,0.552466255224785,ME2P,0.3,11
8,0.589784651902368,ME2P,0.3,11
9,0.523858809125011,ME2P,0.3,11
18,0.518412908839429,ME2P,0.3,11
6,0.38900471186273,ME2P,0.3,11
10,0.477122594007557,ME2P,0.3,11
12,1.02438536899919,ME2P,0.3,11
1,0.589146254818809,ME2P,0.3,11
3,0.658067959683331,ME2P,0.3,11
4,0.586868200308679,ME2P,0.3,11
17,0.449814633210619,ME2P,0.3,11
2,0.485864751498435,ME2P,0.3,11
14,0.641654719904563,ME2P,0.3,11
15,0.667403100144799,ME2P,0.3,11
5,0.557654809550979,ME2P,0.3,11
13,0.486154982182531,ME2P,0.3,11
16,0.559339584986566,ME2P,0.3,11
19,0.562480207409146,ME2P,0.3,11
7,0.552532384702555,ME2P,1,11
8,0.58982147638294,ME2P,1,11
9,0.523889780831891,ME2P,1,11
18,0.518516970956012,ME2P,1,11
6,0.389009710710981,ME2P,1,11
10,0.477258906728692,ME2P,1,11
12,1.02412593600444,ME2P,1,11
1,0.589055817081955,ME2P,1,11
3,0.657907265859298,ME2P,1,11
4,0.586767984775298,ME2P,1,11
17,0.44993060921234,ME2P,1,11
2,0.485846966556751,ME2P,1,11
14,0.641498320274589,ME2P,1,11
15,0.667332221519665,ME2P,1,11
5,0.557582528585866,ME2P,1,11
13,0.486245390101202,ME2P,1,11
16,0.5593586867197,ME2P,1,11
19,0.562526718883676,ME2P,1,11
7,0.674112973801836,XEN,0.05,11
8,0.703624090017406,XEN,0.05,11
9,0.590306782829553,XEN,0.05,11
18,0.70368982584916,XEN,0.05,11
6,0.39298804605884,XEN,0.05,11
10,0.699584954607073,XEN,0.05,11
12,0.980959414252241,XEN,0.05,11
1,0.593549171310386,XEN,0.05,11
3,0.637785389066787,XEN,0.05,11
4,0.562895918192733,XEN,0.05,11
17,0.675930062296328,XEN,0.05,11
2,0.472480480728209,XEN,0.05,11
14,0.690497686973152,XEN,0.05,11
15,0.811341690481741,XEN,0.05,11
5,0.502715179741012,XEN,0.05,11
13,0.666967385575886,XEN,0.05,11
16,0.661480370576208,XEN,0.05,11
19,0.700035210910571,XEN,0.05,11
7,0.674114167088372,XEN,0.1,11
8,0.703624834239887,XEN,0.1,11
9,0.590309125898692,XEN,0.1,11
18,0.703688111628728,XEN,0.1,11
6,0.392991094946614,XEN,0.1,11
10,0.699586229322453,XEN,0.1,11
12,0.980952459593265,XEN,0.1,11
1,0.593551073142969,XEN,0.1,11
3,0.637784889735453,XEN,0.1,11
4,0.562897971114025,XEN,0.1,11
17,0.675930119981353,XEN,0.1,11
2,0.472487730508218,XEN,0.1,11
14,0.690490881294784,XEN,0.1,11
15,0.8113317533157,XEN,0.1,11
5,0.502718527265385,XEN,0.1,11
13,0.666968244878518,XEN,0.1,11
16,0.661481545295366,XEN,0.1,11
19,0.700034872811698,XEN,0.1,11
7,0.674118938705424,XEN,0.3,11
8,0.703627809599294,XEN,0.3,11
9,0.590318494985483,XEN,0.3,11
18,0.703681261652736,XEN,0.3,11
6,0.393003290662498,XEN,0.3,11
10,0.699591328031535,XEN,0.3,11
12,0.980924646915694,XEN,0.3,11
1,0.593558677685398,XEN,0.3,11
3,0.637782893770144,XEN,0.3,11
4,0.562906180705224,XEN,0.3,11
17,0.675930352033239,XEN,0.3,11
2,0.472516717700527,XEN,0.3,11
14,0.690463674362426,XEN,0.3,11
15,0.811292028728992,XEN,0.3,11
5,0.502731913051722,XEN,0.3,11
13,0.666971682134431,XEN,0.3,11
16,0.661486243424611,XEN,0.3,11
19,0.700033522243711,XEN,0.3,11
7,0.674135620123413,XEN,1,11
8,0.703638204103571,XEN,1,11
9,0.590351246657678,XEN,1,11
18,0.703657373528389,XEN,1,11
6,0.393045977692388,XEN,1,11
10,0.699609171545919,XEN,1,11
12,0.980827377551003,XEN,1,11
1,0.593585258507836,XEN,1,11
3,0.637775924993018,XEN,1,11
4,0.562934887923497,XEN,1,11
17,0.675931180698334,XEN,1,11
2,0.472618022859989,XEN,1,11
14,0.690368648433765,XEN,1,11
15,0.811153295332208,XEN,1,11
5,0.502778709061727,XEN,1,11
13,0.666983713082743,XEN,1,11
16,0.661502677461427,XEN,1,11
19,0.700028818228053,XEN,1,11
7,0.574534086265011,MP_cal,0.05,12
8,0.597175516191826,MP_cal,0.05,12
9,0.518387328202279,MP_cal,0.05,12
18,0.549861858110298,MP_cal,0.05,12
6,0.551493977040291,MP_cal,0.05,12
10,0.475521874079961,MP_cal,0.05,12
11,0.57666689310772,MP_cal,0.05,12
1,0.518514098097956,MP_cal,0.05,12
3,0.59237165725861,MP_cal,0.05,12
4,0.570029220407233,MP_cal,0.05,12
17,0.477533618953843,MP_cal,0.05,12
2,0.432337926791922,MP_cal,0.05,12
14,0.476236513682694,MP_cal,0.05,12
15,0.686025251483318,MP_cal,0.05,12
5,0.506806100937533,MP_cal,0.05,12
13,0.516220341469228,MP_cal,0.05,12
16,0.589014238596638,MP_cal,0.05,12
19,0.614219798262028,MP_cal,0.05,12
7,0.574537098904307,MP_cal,0.1,12
8,0.597176779059147,MP_cal,0.1,12
9,0.518388391180203,MP_cal,0.1,12
18,0.549868590000424,MP_cal,0.1,12
6,0.551487650942251,MP_cal,0.1,12
10,0.475532301570239,MP_cal,0.1,12
11,0.57666565871102,MP_cal,0.1,12
1,0.518510131607023,MP_cal,0.1,12
3,0.592363957650713,MP_cal,0.1,12
4,0.570021665546312,MP_cal,0.1,12
17,0.477540459110534,MP_cal,0.1,12
2,0.432339113124158,MP_cal,0.1,12
14,0.476236430312616,MP_cal,0.1,12
15,0.6860248842789,MP_cal,0.1,12
5,0.506802302869617,MP_cal,0.1,12
13,0.516225708056391,MP_cal,0.1,12
16,0.589015038295293,MP_cal,0.1,12
19,0.614221411513019,MP_cal,0.1,12
7,0.574549150476551,MP_cal,0.3,12
8,0.597181836047067,MP_cal,0.3,12
9,0.518392646759296,MP_cal,0.3,12
18,0.549895512692819,MP_cal,0.3,12
6,0.551462363843593,MP_cal,0.3,12
10,0.4755740003541,MP_cal,0.3,12
11,0.576660730160164,MP_cal,0.3,12
1,0.518494279449106,MP_cal,0.3,12
3,0.592333180322489,MP_cal,0.3,12
4,0.569991465888647,MP_cal,0.3,12
17,0.477567814873169,MP_cal,0.3,12
2,0.432343860472784,MP_cal,0.3,12
14,0.476236101682328,MP_cal,0.3,12
15,0.686023421158603,MP_cal,0.3,12
5,0.506787119711453,MP_cal,0.3,12
13,0.516247171778467,MP_cal,0.3,12
16,0.589018241126393,MP_cal,0.3,12
19,0.614227866996028,MP_cal,0.3,12
7,0.574591343664387,MP_cal,1,12
8,0.597199604801933,MP_cal,1,12
9,0.518407587330657,MP_cal,1,12
18,0.549989680820173,MP_cal,1,12
6,0.551374076349296,MP_cal,1,12
10,0.475719805465176,MP_cal,1,12
11,0.576643593749834,MP_cal,1,12
1,0.518438970422754,MP_cal,1,12
3,0.592225724951796,MP_cal,1,12
4,0.569886015809926,MP_cal,1,12
17,0.477663498807193,MP_cal,1,12
2,0.432360501551226,MP_cal,1,12
14,0.476235012423692,MP_cal,1,12
15,0.686018371839643,MP_cal,1,12
5,0.506734093248445,MP_cal,1,12
13,0.516322261714461,MP_cal,1,12
16,0.589029501751653,MP_cal,1,12
19,0.614250492315721,MP_cal,1,12
7,0.69336857087255,ME,0.05,12
8,0.763430942165415,ME,0.05,12
9,0.565331239981523,ME,0.05,12
18,0.720359261832206,ME,0.05,12
6,0.37025308813222,ME,0.05,12
10,0.694640874173521,ME,0.05,12
11,0.670368940945062,ME,0.05,12
1,0.556915036852015,ME,0.05,12
3,0.59737916490821,ME,0.05,12
4,0.516336565328425,ME,0.05,12
17,0.682280735847557,ME,0.05,12
2,0.430977412299967,ME,0.05,12
14,0.605473203085917,ME,0.05,12
15,0.854511004127905,ME,0.05,12
5,0.426214657583043,ME,0.05,12
13,0.678803842435005,ME,0.05,12
16,0.666266606479412,ME,0.05,12
19,0.721472828658588,ME,0.05,12
7,0.693368743461703,ME,0.1,12
8,0.763428039825549,ME,0.1,12
9,0.565332989528299,ME,0.1,12
18,0.720360009775454,ME,0.1,12
6,0.370259953559629,ME,0.1,12
10,0.694640779633845,ME,0.1,12
11,0.670366314389,ME,0.1,12
1,0.55691593170136,ME,0.1,12
3,0.597379405847473,ME,0.1,12
4,0.516338351249158,ME,0.1,12
17,0.682281359028171,ME,0.1,12
2,0.430980898224801,ME,0.1,12
14,0.605469835767809,ME,0.1,12
15,0.854505247750558,ME,0.1,12
5,0.426217578088723,ME,0.1,12
13,0.678804922043244,ME,0.1,12
16,0.666267696520518,ME,0.1,12
19,0.721473059638814,ME,0.1,12
7,0.693369434214338,ME,0.3,12
8,0.763416434692152,ME,0.3,12
9,0.565339986306656,ME,0.3,12
18,0.72036300145557,ME,0.3,12
6,0.370287408751845,ME,0.3,12
10,0.694640403239279,ME,0.3,12
11,0.670355812344055,ME,0.3,12
1,0.556919510473931,ME,0.3,12
3,0.597380369768267,ME,0.3,12
4,0.516345493775779,ME,0.3,12
17,0.682283851716796,ME,0.3,12
2,0.430994838731526,ME,0.3,12
14,0.605456371178592,ME,0.3,12
15,0.854482230342587,ME,0.3,12
5,0.42622925770842,ME,0.3,12
13,0.678809239912694,ME,0.3,12
16,0.666272056128116,ME,0.3,12
19,0.721473983660727,ME,0.3,12
7,0.693371856826168,ME,1,12
8,0.763375869901046,ME,1,12
9,0.565364457295352,ME,1,12
18,0.720373471159284,ME,1,12
6,0.370383419888743,ME,1,12
10,0.694639108038777,ME,1,12
11,0.670319107767201,ME,1,12
1,0.556932028310843,ME,1,12
3,0.597383745548713,ME,1,12
4,0.516370478058701,ME,1,12
17,0.682292575696265,ME,1,12
2,0.431043590319043,ME,1,12
14,0.605409304044017,ME,1,12
15,0.854401771352768,ME,1,12
5,0.426270106124875,ME,1,12
13,0.678824345358267,ME,1,12
16,0.666287307741244,ME,1,12
19,0.721477219006037,ME,1,12
7,0.693220937519074,ME2,0.05,12
8,0.763029122104255,ME2,0.05,12
9,0.565332634633019,ME2,0.05,12
18,0.720729235139334,ME2,0.05,12
6,0.359749639240261,ME2,0.05,12
10,0.696444446637104,ME2,0.05,12
11,0.672403290892338,ME2,0.05,12
1,0.555180669716042,ME2,0.05,12
3,0.597991652950486,ME2,0.05,12
4,0.518320597976714,ME2,0.05,12
17,0.683126738968337,ME2,0.05,12
2,0.428664454681345,ME2,0.05,12
14,0.59683332315315,ME2,0.05,12
15,0.859141898138855,ME2,0.05,12
5,0.430664211276083,ME2,0.05,12
13,0.682870893361909,ME2,0.05,12
16,0.664803761562051,ME2,0.05,12
19,0.725931924428832,ME2,0.05,12
7,0.693221570089013,ME2,0.1,12
8,0.763027472606711,ME2,0.1,12
9,0.565334380453033,ME2,0.1,12
18,0.720728832411682,ME2,0.1,12
6,0.359753047450724,ME2,0.1,12
10,0.69644510936528,ME2,0.1,12
11,0.672401382878794,ME2,0.1,12
1,0.555181858363722,ME2,0.1,12
3,0.597991751519448,ME2,0.1,12
4,0.51832210952045,ME2,0.1,12
17,0.683127240733087,ME2,0.1,12
2,0.428668452207044,ME2,0.1,12
14,0.596831701170804,ME2,0.1,12
15,0.859135009612521,ME2,0.1,12
5,0.43066681244675,ME2,0.1,12
13,0.682871613118371,ME2,0.1,12
16,0.664805006582504,ME2,0.1,12
19,0.725931619361391,ME2,0.1,12
7,0.693224099795779,ME2,0.3,12
8,0.763020876148136,ME2,0.3,12
9,0.565341362294779,ME2,0.3,12
18,0.720727223713543,ME2,0.3,12
6,0.359766680528422,ME2,0.3,12
10,0.696447761490342,ME2,0.3,12
11,0.672393753825839,ME2,0.3,12
1,0.555186611855822,ME2,0.3,12
3,0.597992146317525,ME2,0.3,12
4,0.518328154847562,ME2,0.3,12
17,0.683129247931859,ME2,0.3,12
2,0.428684438128129,ME2,0.3,12
14,0.596825215164584,ME2,0.3,12
15,0.859107466295201,ME2,0.3,12
5,0.430677214927241,ME2,0.3,12
13,0.682874492037991,ME2,0.3,12
16,0.66480998593366,ME2,0.3,12
19,0.725930400106254,ME2,0.3,12
7,0.693232946556229,ME2,1,12
8,0.762997807822104,ME2,1,12
9,0.565365780633692,ME2,1,12
18,0.720721621092749,ME2,1,12
6,0.359814399224245,ME2,1,12
10,0.696457059129778,ME2,1,12
11,0.672367089885699,ME2,1,12
1,0.555203235248851,ME2,1,12
3,0.597993534676607,ME2,1,12
4,0.518349302815241,ME2,1,12
17,0.68313627488072,ME2,1,12
2,0.428740336223503,ME2,1,12
14,0.596802538337727,ME2,1,12
15,0.859011200405128,ME2,1,12
5,0.430713595887909,ME2,1,12
13,0.682884566913285,ME2,1,12
16,0.664827404460189,ME2,1,12
19,0.725926145475805,ME2,1,12
7,0.566930425354453,ME_P,0.05,12
8,0.623621328042853,ME_P,0.05,12
9,0.489064175105459,ME_P,0.05,12
18,0.534259242700022,ME_P,0.05,12
6,0.441596164183208,ME_P,0.05,12
10,0.468318185493052,ME_P,0.05,12
11,0.602009960162547,ME_P,0.05,12
1,0.510982910774099,ME_P,0.05,12
3,0.596680014500818,ME_P,0.05,12
4,0.525683689051171,ME_P,0.05,12
17,0.463798989850563,ME_P,0.05,12
2,0.376895890557187,ME_P,0.05,12
14,0.521761007058033,ME_P,0.05,12
15,0.755682873111286,ME_P,0.05,12
5,0.455370799321493,ME_P,0.05,12
13,0.495511514132164,ME_P,0.05,12
16,0.560923435149522,ME_P,0.05,12
19,0.609220824013007,ME_P,0.05,12
7,0.566933702700091,ME_P,0.1,12
8,0.623621264798885,ME_P,0.1,12
9,0.489066334605113,ME_P,0.1,12
18,0.534266539073401,ME_P,0.1,12
6,0.441594140566217,ME_P,0.1,12
10,0.468328169023002,ME_P,0.1,12
11,0.602007041212165,ME_P,0.1,12
1,0.510978869520464,ME_P,0.1,12
3,0.596671454610427,ME_P,0.1,12
4,0.525677980129482,ME_P,0.1,12
17,0.463806169602269,ME_P,0.1,12
2,0.376899017790311,ME_P,0.1,12
14,0.521757815897997,ME_P,0.1,12
15,0.755677897099117,ME_P,0.1,12
5,0.455368643591119,ME_P,0.1,12
13,0.495517496772363,ME_P,0.1,12
16,0.560925354761104,ME_P,0.1,12
19,0.609222518558202,ME_P,0.1,12
7,0.566946812382419,ME_P,0.3,12
8,0.623621019073767,ME_P,0.3,12
9,0.489074974606004,ME_P,0.3,12
18,0.534295718301614,ME_P,0.3,12
6,0.441586057132056,ME_P,0.3,12
10,0.468368092365914,ME_P,0.3,12
11,0.601995377356807,ME_P,0.3,12
1,0.510962718597901,ME_P,0.3,12
3,0.596637237730329,ME_P,0.3,12
4,0.525655161455966,ME_P,0.3,12
17,0.463834882971182,ME_P,0.3,12
2,0.376911526147022,ME_P,0.3,12
14,0.521745061790149,ME_P,0.3,12
15,0.755658006803487,ME_P,0.3,12
5,0.455360027955465,ME_P,0.3,12
13,0.495541423715993,ME_P,0.3,12
16,0.560933035531444,ME_P,0.3,12
19,0.609229298918528,ME_P,0.3,12
7,0.566992699964149,ME_P,1,12
8,0.623620250110702,ME_P,1,12
9,0.489105239715781,ME_P,1,12
18,0.534397766744513,ME_P,1,12
6,0.44155790376408,ME_P,1,12
10,0.468507688478236,ME_P,1,12
11,0.60195470396216,ME_P,1,12
1,0.510906367491839,ME_P,1,12
3,0.596517763769168,ME_P,1,12
4,0.525575509954768,ME_P,1,12
17,0.463935308800854,ME_P,1,12
2,0.37695529811019,ME_P,1,12
14,0.521700554797064,ME_P,1,12
15,0.755588563653204,ME_P,1,12
5,0.455329964832037,ME_P,1,12
13,0.4956251224709,ME_P,1,12
16,0.560959947407232,ME_P,1,12
19,0.609253057544323,ME_P,1,12
7,0.57131363058719,ME2P,0.05,12
8,0.634317523908306,ME2P,0.05,12
9,0.488984880656982,ME2P,0.05,12
18,0.52281800606301,ME2P,0.05,12
6,0.389002951120464,ME2P,0.05,12
10,0.477073863831092,ME2P,0.05,12
11,0.612268479014758,ME2P,0.05,12
1,0.513066184769993,ME2P,0.05,12
3,0.595451525640143,ME2P,0.05,12
4,0.523047962102905,ME2P,0.05,12
17,0.461641647257072,ME2P,0.05,12
2,0.376789292708206,ME2P,0.05,12
14,0.521312485716559,ME2P,0.05,12
15,0.755937337319785,ME2P,0.05,12
5,0.460077303437978,ME2P,0.05,12
13,0.49984219959727,ME2P,0.05,12
16,0.559086500635838,ME2P,0.05,12
19,0.614423264026452,ME2P,0.05,12
7,0.571316721752091,ME2P,0.1,12
8,0.634317094724213,ME2P,0.1,12
9,0.488987006513308,ME2P,0.1,12
18,0.522825630666624,ME2P,0.1,12
6,0.389003302232177,ME2P,0.1,12
10,0.47708361185034,ME2P,0.1,12
11,0.612265065005982,ME2P,0.1,12
1,0.513061912324447,ME2P,0.1,12
3,0.595443108059849,ME2P,0.1,12
4,0.52304238298102,ME2P,0.1,12
17,0.4616490292892,ME2P,0.1,12
2,0.376792643524232,ME2P,0.1,12
14,0.521310226402134,ME2P,0.1,12
15,0.755931823083493,ME2P,0.1,12
5,0.460074747094901,ME2P,0.1,12
13,0.499847752971187,ME2P,0.1,12
16,0.559088698803217,ME2P,0.1,12
19,0.614424271478475,ME2P,0.1,12
7,0.571329087029894,ME2P,0.3,12
8,0.634315385770368,ME2P,0.3,12
9,0.488995512023229,ME2P,0.3,12
18,0.522856122292813,ME2P,0.3,12
6,0.38900471186273,ME2P,0.3,12
10,0.477122594007557,ME2P,0.3,12
11,0.612251422234246,ME2P,0.3,12
1,0.513044837331593,ME2P,0.3,12
3,0.595409460082028,ME2P,0.3,12
4,0.523020083289025,ME2P,0.3,12
17,0.461678551241284,ME2P,0.3,12
2,0.376806045613218,ME2P,0.3,12
14,0.521301197542085,ME2P,0.3,12
15,0.7559097815198,ME2P,0.3,12
5,0.460064529605082,ME2P,0.3,12
13,0.499869963605622,ME2P,0.3,12
16,0.559097493134511,ME2P,0.3,12
19,0.614428304993014,ME2P,0.3,12
7,0.571372373199229,ME2P,1,12
8,0.634309502193157,ME2P,1,12
9,0.489025307449704,ME2P,1,12
18,0.522962757553698,ME2P,1,12
6,0.389009710710981,ME2P,1,12
10,0.477258906728692,ME2P,1,12
11,0.612203839177021,ME2P,1,12
1,0.512985260740683,ME2P,1,12
3,0.59529197302765,ME2P,1,12
4,0.522942245482657,ME2P,1,12
17,0.461781800344074,ME2P,1,12
2,0.376852938106263,ME2P,1,12
14,0.521269702078797,ME2P,1,12
15,0.75583282939458,ME2P,1,12
5,0.460028867495607,ME2P,1,12
13,0.499947664784466,ME2P,1,12
16,0.55912829414801,ME2P,1,12
19,0.614442468854252,ME2P,1,12
7,0.694457732073201,XEN,0.05,12
8,0.818753321404688,XEN,0.05,12
9,0.564924217095836,XEN,0.05,12
18,0.740316775351471,XEN,0.05,12
6,0.39298804605884,XEN,0.05,12
10,0.699584954607073,XEN,0.05,12
11,0.673508456608673,XEN,0.05,12
1,0.563609587890885,XEN,0.05,12
3,0.601974262326061,XEN,0.05,12
4,0.516507814569024,XEN,0.05,12
17,0.685596478666653,XEN,0.05,12
2,0.438383418300616,XEN,0.05,12
14,0.590178522421571,XEN,0.05,12
15,0.852112120388745,XEN,0.05,12
5,0.43177109860715,XEN,0.05,12
13,0.693105957682708,XEN,0.05,12
16,0.664733072415142,XEN,0.05,12
19,0.721865472763401,XEN,0.05,12
7,0.694457453731543,XEN,0.1,12
8,0.818746299050994,XEN,0.1,12
9,0.564925979977859,XEN,0.1,12
18,0.740316703437397,XEN,0.1,12
6,0.392991094946614,XEN,0.1,12
10,0.699586229322453,XEN,0.1,12
11,0.673506524243967,XEN,0.1,12
1,0.563610441604948,XEN,0.1,12
3,0.601974155599751,XEN,0.1,12
4,0.516509408582984,XEN,0.1,12
17,0.68559715262456,XEN,0.1,12
2,0.43838713888174,XEN,0.1,12
14,0.590177397562292,XEN,0.1,12
15,0.852105760377713,XEN,0.1,12
5,0.431773745315768,XEN,0.1,12
13,0.693106656679785,XEN,0.1,12
16,0.664734300859674,XEN,0.1,12
19,0.721865581596304,XEN,0.1,12
7,0.694456341722629,XEN,0.3,12
8,0.818718220655433,XEN,0.3,12
9,0.564933029965273,XEN,0.3,12
18,0.74031641639691,XEN,0.3,12
6,0.393003290662498,XEN,0.3,12
10,0.699591328031535,XEN,0.3,12
11,0.673498797758125,XEN,0.3,12
1,0.56361385566551,XEN,0.3,12
3,0.601973729429009,XEN,0.3,12
4,0.51651578372793,XEN,0.3,12
17,0.685599848180801,XEN,0.3,12
2,0.438402017200875,XEN,0.3,12
14,0.590172899355314,XEN,0.3,12
15,0.852080330311973,XEN,0.3,12
5,0.431784329871473,XEN,0.3,12
13,0.693109452208678,XEN,0.3,12
16,0.664739213927349,XEN,0.3,12
19,0.721866017297266,XEN,0.3,12
7,0.694452466762157,XEN,1,12
8,0.818620084888706,XEN,1,12
9,0.564957685527658,XEN,1,12
18,0.740315419498041,XEN,1,12
6,0.393045977692388,XEN,1,12
10,0.699609171545919,XEN,1,12
11,0.673471792447976,XEN,1,12
1,0.563625794861347,XEN,1,12
3,0.601972247069056,XEN,1,12
4,0.51653808526389,XEN,1,12
17,0.685609279157733,XEN,1,12
2,0.438454040909487,XEN,1,12
14,0.590157171106375,XEN,1,12
15,0.85199145061692,XEN,1,12
5,0.431821347130871,XEN,1,12
13,0.693119230774814,XEN,1,12
16,0.664756400716089,XEN,1,12
19,0.721867546893989,XEN,1,12
7,0.576350889743143,MP_cal,0.05,13
8,0.59760857168006,MP_cal,0.05,13
9,0.535145129984171,MP_cal,0.05,13
18,0.541561708928431,MP_cal,0.05,13
6,0.593164845078552,MP_cal,0.05,13
10,0.465117169194375,MP_cal,0.05,13
11,0.589161170827233,MP_cal,0.05,13
1,0.524046083225218,MP_cal,0.05,13
3,0.595567448060896,MP_cal,0.05,13
4,0.580839135351988,MP_cal,0.05,13
17,0.476043430537132,MP_cal,0.05,13
2,0.463719695946141,MP_cal,0.05,13
14,0.490061989869642,MP_cal,0.05,13
15,0.662415947067115,MP_cal,0.05,13
5,0.506806100937533,MP_cal,0.05,13
12,0.82261448250295,MP_cal,0.05,13
16,0.589014238596638,MP_cal,0.05,13
19,0.614219798262028,MP_cal,0.05,13
7,0.576353734274634,MP_cal,0.1,13
8,0.597609797358429,MP_cal,0.1,13
9,0.535146031289953,MP_cal,0.1,13
18,0.541568402750175,MP_cal,0.1,13
6,0.593157995704998,MP_cal,0.1,13
10,0.465127340076378,MP_cal,0.1,13
11,0.589159656875177,MP_cal,0.1,13
1,0.52404349173024,MP_cal,0.1,13
3,0.59556148216091,MP_cal,0.1,13
4,0.580833041636843,MP_cal,0.1,13
17,0.476050301926754,MP_cal,0.1,13
2,0.463720616968138,MP_cal,0.1,13
14,0.490062382547208,MP_cal,0.1,13
15,0.662416673205204,MP_cal,0.1,13
5,0.506802302869617,MP_cal,0.1,13
12,0.822609281054985,MP_cal,0.1,13
16,0.589015038295293,MP_cal,0.1,13
19,0.614221411513019,MP_cal,0.1,13
7,0.576365112874994,MP_cal,0.3,13
8,0.597614704333691,MP_cal,0.3,13
9,0.535149639472425,MP_cal,0.3,13
18,0.541595172778416,MP_cal,0.3,13
6,0.59313061573855,MP_cal,0.3,13
10,0.465168013013976,MP_cal,0.3,13
11,0.589153610069739,MP_cal,0.3,13
1,0.524033135244199,MP_cal,0.3,13
3,0.595537633806219,MP_cal,0.3,13
4,0.580808681464302,MP_cal,0.3,13
17,0.476077782205077,MP_cal,0.3,13
2,0.463724302884181,MP_cal,0.3,13
14,0.490063956604614,MP_cal,0.3,13
15,0.662419580770668,MP_cal,0.3,13
5,0.506787119711453,MP_cal,0.3,13
12,0.822588488674547,MP_cal,0.3,13
16,0.589018241126393,MP_cal,0.3,13
19,0.614227866996028,MP_cal,0.3,13
7,0.576404943883019,MP_cal,1,13
8,0.597631932273334,MP_cal,1,13
9,0.53516230527687,MP_cal,1,13
18,0.541688801678057,MP_cal,1,13
6,0.593035006179657,MP_cal,1,13
10,0.465310235039824,MP_cal,1,13
11,0.589132559370953,MP_cal,1,13
1,0.523997006898596,MP_cal,1,13
3,0.595454356252349,MP_cal,1,13
4,0.58072360554536,MP_cal,1,13
17,0.47617389671794,MP_cal,1,13
2,0.463737226551751,MP_cal,1,13
14,0.490069507868805,MP_cal,1,13
15,0.66242979511176,MP_cal,1,13
5,0.506734093248445,MP_cal,1,13
12,0.82251588396957,MP_cal,1,13
16,0.589029501751653,MP_cal,1,13
19,0.614250492315721,MP_cal,1,13
7,0.688227463334314,ME,0.05,13
8,0.725693811520519,ME,0.05,13
9,0.59290443359335,ME,0.05,13
18,0.716961345755168,ME,0.05,13
6,0.47308657361396,ME,0.05,13
10,0.69036265098684,ME,0.05,13
11,0.665398305757078,ME,0.05,13
1,0.583024838348364,ME,0.05,13
3,0.615046502053978,ME,0.05,13
4,0.551772236559129,ME,0.05,13
17,0.685787201998187,ME,0.05,13
2,0.489901912628867,ME,0.05,13
14,0.60689931248775,ME,0.05,13
15,0.788104425537319,ME,0.05,13
5,0.426214657583043,ME,0.05,13
12,1.02891175541601,ME,0.05,13
16,0.666266606479412,ME,0.05,13
19,0.721472828658588,ME,0.05,13
7,0.688227922990383,ME,0.1,13
8,0.725693203714979,ME,0.1,13
9,0.592905415065628,ME,0.1,13
18,0.716962045516372,ME,0.1,13
6,0.473090371442788,ME,0.1,13
10,0.690363299681986,ME,0.1,13
11,0.665397228814922,ME,0.1,13
1,0.58302528913869,ME,0.1,13
3,0.615046632272569,ME,0.1,13
4,0.551773417138512,ME,0.1,13
17,0.685787772365689,ME,0.1,13
2,0.489903794508058,ME,0.1,13
14,0.606897574021527,ME,0.1,13
15,0.788102659956031,ME,0.1,13
5,0.426217578088723,ME,0.1,13
12,1.0289024131946,ME,0.1,13
16,0.666267696520518,ME,0.1,13
19,0.721473059638814,ME,0.1,13
7,0.688229761316844,ME,0.3,13
8,0.72569077325729,ME,0.3,13
9,0.5929093401755,ME,0.3,13
18,0.716964844106571,ME,0.3,13
6,0.473105559370189,ME,0.3,13
10,0.690365894224662,ME,0.3,13
11,0.665392922378539,ME,0.3,13
1,0.58302709200298,ME,0.3,13
3,0.615047153180623,ME,0.3,13
4,0.551778138660778,ME,0.3,13
17,0.685790053569534,ME,0.3,13
2,0.489911320530002,ME,0.3,13
14,0.606890621990385,ME,0.3,13
15,0.788095599668578,ME,0.3,13
5,0.42622925770842,ME,0.3,13
12,1.02886505386658,ME,0.3,13
16,0.666272056128116,ME,0.3,13
19,0.721473983660727,ME,0.3,13
7,0.688236191709045,ME,1,13
8,0.725682276276954,ME,1,13
9,0.592923068249313,ME,1,13
18,0.716974633447349,ME,1,13
6,0.473158674465964,ME,1,13
10,0.690374972124814,ME,1,13
11,0.665377866618165,ME,1,13
1,0.583033398288043,ME,1,13
3,0.615048976781841,ME,1,13
4,0.551794653974986,ME,1,13
17,0.685798034430415,ME,1,13
2,0.489937642787329,ME,1,13
14,0.606866312963148,ME,1,13
15,0.78807091430997,ME,1,13
5,0.426270106124875,ME,1,13
12,1.02873441652175,ME,1,13
16,0.666287307741244,ME,1,13
19,0.721477219006037,ME,1,13
7,0.676826364526279,ME2,0.05,13
8,0.697092117030525,ME2,0.05,13
9,0.588417258195683,ME2,0.05,13
18,0.790714292999904,ME2,0.05,13
6,0.546657216473832,ME2,0.05,13
10,0.68387540042212,ME2,0.05,13
11,0.651839628839988,ME2,0.05,13
1,0.570236482698202,ME2,0.05,13
3,0.61417835251294,ME2,0.05,13
4,0.557546356094694,ME2,0.05,13
17,0.689686396906745,ME2,0.05,13
2,0.469216867589075,ME2,0.05,13
14,0.563363774890749,ME2,0.05,13
15,0.81564257623413,ME2,0.05,13
5,0.430664211276083,ME2,0.05,13
12,0.994042319342465,ME2,0.05,13
16,0.664803761562051,ME2,0.05,13
19,0.725931924428832,ME2,0.05,13
7,0.676827481077108,ME2,0.1,13
8,0.697092932555021,ME2,0.1,13
9,0.588418759933115,ME2,0.1,13
18,0.790709113387467,ME2,0.1,13
6,0.546655316929058,ME2,0.1,13
10,0.683875522978455,ME2,0.1,13
11,0.651839170514828,ME2,0.1,13
1,0.57023781396031,ME2,0.1,13
3,0.614178425104966,ME2,0.1,13
4,0.557547429161016,ME2,0.1,13
17,0.689686819468387,ME2,0.1,13
2,0.469220447385976,ME2,0.1,13
14,0.56336471051538,ME2,0.1,13
15,0.815638153625685,ME2,0.1,13
5,0.43066681244675,ME2,0.1,13
12,0.994036470564184,ME2,0.1,13
16,0.664805006582504,ME2,0.1,13
19,0.725931619361391,ME2,0.1,13
7,0.676831946360897,ME2,0.3,13
8,0.697096194300387,ME2,0.3,13
9,0.588424765254716,ME2,0.3,13
18,0.790688404089242,ME2,0.3,13
6,0.54664772395597,ME2,0.3,13
10,0.683876016334463,ME2,0.3,13
11,0.651837338738211,ME2,0.3,13
1,0.570243137615096,ME2,0.3,13
3,0.614178715788774,ME2,0.3,13
4,0.557551720580216,ME2,0.3,13
17,0.689688509648245,ME2,0.3,13
2,0.469234762617081,ME2,0.3,13
14,0.56336845195287,ME2,0.3,13
15,0.815620469910675,ME2,0.3,13
5,0.430677214927241,ME2,0.3,13
12,0.994013080616886,ME2,0.3,13
16,0.66480998593366,ME2,0.3,13
19,0.725930400106254,ME2,0.3,13
7,0.676847563275464,ME2,1,13
8,0.697107605959967,ME2,1,13
9,0.588445763388857,ME2,1,13
18,0.790616036665042,ME2,1,13
6,0.546621214017696,ME2,1,13
10,0.683877782401442,ME2,1,13
11,0.651830946673604,ME2,1,13
1,0.570261752865437,ME2,1,13
3,0.614179737150631,ME2,1,13
4,0.557566729895459,ME2,1,13
17,0.689694424433841,ME2,1,13
2,0.469284816131918,ME2,1,13
14,0.563381533627278,ME2,1,13
15,0.815558661440535,ME2,1,13
5,0.430713595887909,ME2,1,13
12,0.993931280824376,ME2,1,13
16,0.664827404460189,ME2,1,13
19,0.725926145475805,ME2,1,13
7,0.570201322508462,ME_P,0.05,13
8,0.602194590167126,ME_P,0.05,13
9,0.522836936167982,ME_P,0.05,13
18,0.533072843668027,ME_P,0.05,13
6,0.549982059892646,ME_P,0.05,13
10,0.458994414858568,ME_P,0.05,13
11,0.599091915732333,ME_P,0.05,13
1,0.522064902084609,ME_P,0.05,13
3,0.59779096062985,ME_P,0.05,13
4,0.563010011986222,ME_P,0.05,13
17,0.46961545808637,ME_P,0.05,13
2,0.435909462438888,ME_P,0.05,13
14,0.515467812869507,ME_P,0.05,13
15,0.684972892245887,ME_P,0.05,13
5,0.455370799321493,ME_P,0.05,13
12,0.957091154883714,ME_P,0.05,13
16,0.560923435149522,ME_P,0.05,13
19,0.609220824013007,ME_P,0.05,13
7,0.570204287322795,ME_P,0.1,13
8,0.602195876111549,ME_P,0.1,13
9,0.522837959616213,ME_P,0.1,13
18,0.533079613937178,ME_P,0.1,13
6,0.549975425683605,ME_P,0.1,13
10,0.459004432005066,ME_P,0.1,13
11,0.59909028139519,ME_P,0.1,13
1,0.522062227945821,ME_P,0.1,13
3,0.597784879116561,ME_P,0.1,13
4,0.563003935662161,ME_P,0.1,13
17,0.469622228952729,ME_P,0.1,13
2,0.435910973456304,ME_P,0.1,13
14,0.515467232315209,ME_P,0.1,13
15,0.684972758492241,ME_P,0.1,13
5,0.455368643591119,ME_P,0.1,13
12,0.957080653349998,ME_P,0.1,13
16,0.560925354761104,ME_P,0.1,13
19,0.609222518558202,ME_P,0.1,13
7,0.570216146930478,ME_P,0.3,13
8,0.602201023619306,ME_P,0.3,13
9,0.522842056541435,ME_P,0.3,13
18,0.533106689767795,ME_P,0.3,13
6,0.549948907877104,ME_P,0.3,13
10,0.459044490260428,ME_P,0.3,13
11,0.599083752559174,ME_P,0.3,13
1,0.522051540917962,ME_P,0.3,13
3,0.597760568082889,ME_P,0.3,13
4,0.56297964578436,ME_P,0.3,13
17,0.469649307443647,ME_P,0.3,13
2,0.435917018930122,ME_P,0.3,13
14,0.515464914401996,ME_P,0.3,13
15,0.684972227161292,ME_P,0.3,13
5,0.455360027955465,ME_P,0.3,13
12,0.957038666985741,ME_P,0.3,13
16,0.560933035531444,ME_P,0.3,13
19,0.609229298918528,ME_P,0.3,13
7,0.570257659903571,ME_P,1,13
8,0.602219086739316,ME_P,1,13
9,0.52285643511818,ME_P,1,13
18,0.533201389134868,ME_P,1,13
6,0.54985633475061,ME_P,1,13
10,0.459184564166884,ME_P,1,13
11,0.599061008596444,ME_P,1,13
1,0.522014256098469,ME_P,1,13
3,0.597675668318948,ME_P,1,13
4,0.562894825075671,ME_P,1,13
17,0.469744019542969,ME_P,1,13
2,0.435938195716825,ME_P,1,13
14,0.515456855807989,ME_P,1,13
15,0.684970413804056,ME_P,1,13
5,0.455329964832037,ME_P,1,13
12,0.956891963324964,ME_P,1,13
16,0.560959947407232,ME_P,1,13
19,0.609253057544323,ME_P,1,13
7,0.555788411227042,ME2P,0.05,13
8,0.5707994094869,ME2P,0.05,13
9,0.518047667169984,ME2P,0.05,13
18,0.622513669061528,ME2P,0.05,13
6,0.598160766583485,ME2P,0.05,13
10,0.454958634345619,ME2P,0.05,13
11,0.590262328440644,ME2P,0.05,13
1,0.512972807848218,ME2P,0.05,13
3,0.598791531284131,ME2P,0.05,13
4,0.567471150873456,ME2P,0.05,13
17,0.475332866138441,ME2P,0.05,13
2,0.417403748454897,ME2P,0.05,13
14,0.472386531323593,ME2P,0.05,13
15,0.713493144194711,ME2P,0.05,13
5,0.460077303437978,ME2P,0.05,13
12,0.923475664470825,ME2P,0.05,13
16,0.559086500635838,ME2P,0.05,13
19,0.614423264026452,ME2P,0.05,13
7,0.555792589693482,ME2P,0.1,13
8,0.570802637977542,ME2P,0.1,13
9,0.518049325989203,ME2P,0.1,13
18,0.622511333015658,ME2P,0.1,13
6,0.5981512410951,ME2P,0.1,13
10,0.454968666565702,ME2P,0.1,13
11,0.590261058875158,ME2P,0.1,13
1,0.512970707659221,ME2P,0.1,13
3,0.598785234847629,ME2P,0.1,13
4,0.567465102785673,ME2P,0.1,13
17,0.47533932873417,ME2P,0.1,13
2,0.417406883996978,ME2P,0.1,13
14,0.472388919386279,ME2P,0.1,13
15,0.713490095597144,ME2P,0.1,13
5,0.460074747094901,ME2P,0.1,13
12,0.923468647285632,ME2P,0.1,13
16,0.559088698803217,ME2P,0.1,13
19,0.614424271478475,ME2P,0.1,13
7,0.555809301679581,ME2P,0.3,13
8,0.570815553002521,ME2P,0.3,13
9,0.518055963155066,ME2P,0.3,13
18,0.622502004474964,ME2P,0.3,13
6,0.598113162544877,ME2P,0.3,13
10,0.455008785303493,ME2P,0.3,13
11,0.590255988892013,ME2P,0.3,13
1,0.512962315577275,ME2P,0.3,13
3,0.598760064669382,ME2P,0.3,13
4,0.567440925504059,ME2P,0.3,13
17,0.4753651745345,ME2P,0.3,13
2,0.417419424592742,ME2P,0.3,13
14,0.472398471328521,ME2P,0.3,13
15,0.713477910974829,ME2P,0.3,13
5,0.460064529605082,ME2P,0.3,13
12,0.923440592441533,ME2P,0.3,13
16,0.559097493134511,ME2P,0.3,13
19,0.614428304993014,ME2P,0.3,13
7,0.555867769931512,ME2P,1,13
8,0.570860768866238,ME2P,1,13
9,0.518079216933228,ME2P,1,13
18,0.622469551106084,ME2P,1,13
6,0.597980181812984,ME2P,1,13
10,0.45514907326359,ME2P,1,13
11,0.590238347969303,ME2P,1,13
1,0.51293305233581,ME2P,1,13
3,0.598672164791588,ME2P,1,13
4,0.567356494496622,ME2P,1,13
17,0.47545557714795,ME2P,1,13
2,0.41746329687129,ME2P,1,13
14,0.47243189921205,ME2P,1,13
15,0.713435387595789,ME2P,1,13
5,0.460028867495607,ME2P,1,13
12,0.923342575220373,ME2P,1,13
16,0.55912829414801,ME2P,1,13
19,0.614442468854252,ME2P,1,13
7,0.677672885090182,XEN,0.05,13
8,0.696428318710458,XEN,0.05,13
9,0.587185973560723,XEN,0.05,13
18,0.785482527735315,XEN,0.05,13
6,0.715099306661527,XEN,0.05,13
10,0.703911516192552,XEN,0.05,13
11,0.666990238424954,XEN,0.05,13
1,0.56569070079496,XEN,0.05,13
3,0.611688767142711,XEN,0.05,13
4,0.555962393976846,XEN,0.05,13
17,0.687944405794671,XEN,0.05,13
2,0.451088550592627,XEN,0.05,13
14,0.573584603639238,XEN,0.05,13
15,0.830248609108189,XEN,0.05,13
5,0.43177109860715,XEN,0.05,13
12,1.09683691728536,XEN,0.05,13
16,0.664733072415142,XEN,0.05,13
19,0.721865472763401,XEN,0.05,13
7,0.677673940001646,XEN,0.1,13
8,0.696429272274531,XEN,0.1,13
9,0.587187671481811,XEN,0.1,13
18,0.78547796614509,XEN,0.1,13
6,0.715088446499268,XEN,0.1,13
10,0.703913067986115,XEN,0.1,13
11,0.666988405674907,XEN,0.1,13
1,0.565692446302164,XEN,0.1,13
3,0.611689082901208,XEN,0.1,13
4,0.555963640009579,XEN,0.1,13
17,0.687944860355616,XEN,0.1,13
2,0.451093554924584,XEN,0.1,13
14,0.573584330448829,XEN,0.1,13
15,0.830242239663981,XEN,0.1,13
5,0.431773745315768,XEN,0.1,13
12,1.09682535291876,XEN,0.1,13
16,0.664734300859674,XEN,0.1,13
19,0.721865581596304,XEN,0.1,13
7,0.677678158750343,XEN,0.3,13
8,0.696433085828875,XEN,0.3,13
9,0.587194461106648,XEN,0.3,13
18,0.785459728033332,XEN,0.3,13
6,0.715045023116653,XEN,0.3,13
10,0.703919272889388,XEN,0.3,13
11,0.666981078690209,XEN,0.3,13
1,0.56569942624232,XEN,0.3,13
3,0.61169034583886,XEN,0.3,13
4,0.555968622954118,XEN,0.3,13
17,0.687946678653419,XEN,0.3,13
2,0.451113565786787,XEN,0.3,13
14,0.573583239229338,XEN,0.3,13
15,0.830216773217412,XEN,0.3,13
5,0.431784329871473,XEN,0.3,13
12,1.09677910687264,XEN,0.3,13
16,0.664739213927349,XEN,0.3,13
19,0.721866017297266,XEN,0.3,13
7,0.677692913074855,XEN,1,13
8,0.696446424426923,XEN,1,13
9,0.587218198876776,XEN,1,13
18,0.785395998403137,XEN,1,13
6,0.71489325845485,XEN,1,13
10,0.703940961452412,XEN,1,13
11,0.666955484726102,XEN,1,13
1,0.565723829747764,XEN,1,13
3,0.611694764905275,XEN,1,13
4,0.555986048327758,XEN,1,13
17,0.687953043367736,XEN,1,13
2,0.451183522451643,XEN,1,13
14,0.573579439338391,XEN,1,13
15,0.830127783166321,XEN,1,13
5,0.431821347130871,XEN,1,13
12,1.0966173894556,XEN,1,13
16,0.664756400716089,XEN,1,13
19,0.721867546893989,XEN,1,13
7,0.567841085179636,MP_cal,0.05,14
8,0.584987663940777,MP_cal,0.05,14
9,0.535589605747483,MP_cal,0.05,14
18,0.524758478787003,MP_cal,0.05,14
6,0.620553753823685,MP_cal,0.05,14
10,0.453065970796313,MP_cal,0.05,14
11,0.601598639364577,MP_cal,0.05,14
1,0.5433258372413,MP_cal,0.05,14
3,0.604538297817851,MP_cal,0.05,14
4,0.591335828897721,MP_cal,0.05,14
17,0.469193414409788,MP_cal,0.05,14
2,0.463719695946141,MP_cal,0.05,14
13,0.506496216432458,MP_cal,0.05,14
15,0.662415947067115,MP_cal,0.05,14
5,0.522731678991092,MP_cal,0.05,14
12,0.812845569114981,MP_cal,0.05,14
16,0.580670289324491,MP_cal,0.05,14
19,0.604982457326835,MP_cal,0.05,14
7,0.567843916236808,MP_cal,0.1,14
8,0.584988964289841,MP_cal,0.1,14
9,0.535590502058954,MP_cal,0.1,14
18,0.524765474689429,MP_cal,0.1,14
6,0.62054594337037,MP_cal,0.1,14
10,0.453076415302225,MP_cal,0.1,14
11,0.601596274235955,MP_cal,0.1,14
1,0.543322607717522,MP_cal,0.1,14
3,0.604532025442967,MP_cal,0.1,14
4,0.591329606945234,MP_cal,0.1,14
17,0.46920039244456,MP_cal,0.1,14
2,0.463720616968138,MP_cal,0.1,14
13,0.506502158660225,MP_cal,0.1,14
15,0.662416673205204,MP_cal,0.1,14
5,0.522727570368265,MP_cal,0.1,14
12,0.812839570200263,MP_cal,0.1,14
16,0.580671040896611,MP_cal,0.1,14
19,0.604983926085457,MP_cal,0.1,14
7,0.567855241378439,MP_cal,0.3,14
8,0.584994170383556,MP_cal,0.3,14
9,0.535594090671124,MP_cal,0.3,14
18,0.52479345280053,MP_cal,0.3,14
6,0.620514721943067,MP_cal,0.3,14
10,0.45311818231415,MP_cal,0.3,14
11,0.601586825018157,MP_cal,0.3,14
1,0.543309700126923,MP_cal,0.3,14
3,0.604506951793763,MP_cal,0.3,14
4,0.591304734085919,MP_cal,0.3,14
17,0.469228299212399,MP_cal,0.3,14
2,0.463724302884181,MP_cal,0.3,14
13,0.506525923709705,MP_cal,0.3,14
15,0.662419580770668,MP_cal,0.3,14
5,0.522711145891048,MP_cal,0.3,14
12,0.812815589918712,MP_cal,0.3,14
16,0.580674051669269,MP_cal,0.3,14
19,0.604989804179721,MP_cal,0.3,14
7,0.567894890787272,MP_cal,1,14
8,0.585012450704116,MP_cal,1,14
9,0.535606693087946,MP_cal,1,14
18,0.524891306970105,MP_cal,1,14
6,0.62040570317905,MP_cal,1,14
10,0.453264228304065,MP_cal,1,14
11,0.601553894698579,MP_cal,1,14
1,0.543264655625739,MP_cal,1,14
3,0.604419393316944,MP_cal,1,14
4,0.591217867064932,MP_cal,1,14
17,0.469325905292421,MP_cal,1,14
2,0.463737226551751,MP_cal,1,14
13,0.506609052762128,MP_cal,1,14
15,0.66242979511176,MP_cal,1,14
5,0.52265378612871,MP_cal,1,14
12,0.81273185226688,MP_cal,1,14
16,0.58068464571257,MP_cal,1,14
19,0.605010415934929,MP_cal,1,14
7,0.682771523644787,ME,0.05,14
8,0.7214235116621,ME,0.05,14
9,0.594380843909502,ME,0.05,14
18,0.708732756051064,ME,0.05,14
6,0.474448274153473,ME,0.05,14
10,0.684088956125689,ME,0.05,14
11,0.679270180852343,ME,0.05,14
1,0.590322502710716,ME,0.05,14
3,0.622262200698077,ME,0.05,14
4,0.55587862645762,ME,0.05,14
17,0.682052300441443,ME,0.05,14
2,0.489901912628867,ME,0.05,14
13,0.677628475809577,ME,0.05,14
15,0.788104425537319,ME,0.05,14
5,0.433547915000056,ME,0.05,14
12,1.02866076334834,ME,0.05,14
16,0.662357471331873,ME,0.05,14
19,0.714232379166399,ME,0.05,14
7,0.682772024416085,ME,0.1,14
8,0.721422785334884,ME,0.1,14
9,0.594381938244978,ME,0.1,14
18,0.708733433192193,ME,0.1,14
6,0.47445290443461,ME,0.1,14
10,0.684089451597995,ME,0.1,14
11,0.679268591086403,ME,0.1,14
1,0.590322989602447,ME,0.1,14
3,0.622262228131962,ME,0.1,14
4,0.555879974006551,ME,0.1,14
17,0.682052819859995,ME,0.1,14
2,0.489903794508058,ME,0.1,14
13,0.677629423001014,ME,0.1,14
15,0.788102659956031,ME,0.1,14
5,0.433551133281776,ME,0.1,14
12,1.02865048054461,ME,0.1,14
16,0.66235849209583,ME,0.1,14
19,0.71423258760149,ME,0.1,14
7,0.682774027199128,ME,0.3,14
8,0.721419880971935,ME,0.3,14
9,0.59438631473578,ME,0.3,14
18,0.708736141371821,ME,0.3,14
6,0.474471421448264,ME,0.3,14
10,0.684091433588772,ME,0.3,14
11,0.679262234036081,ME,0.3,14
1,0.590324936859564,ME,0.3,14
3,0.622262338022489,ME,0.3,14
4,0.555885363307266,ME,0.3,14
17,0.682054897354187,ME,0.3,14
2,0.489911320530002,ME,0.3,14
13,0.677633211262186,ME,0.3,14
15,0.788095599668578,ME,0.3,14
5,0.433564003753154,ME,0.3,14
12,1.02860936007774,ME,0.3,14
16,0.662362574718972,ME,0.3,14
19,0.714233421511265,ME,0.3,14
7,0.682781033134666,ME,1,14
8,0.721409727606391,ME,1,14
9,0.594401621737938,ME,1,14
18,0.708745615152972,ME,1,14
6,0.474536179245148,ME,1,14
10,0.684098371828115,ME,1,14
11,0.679240009699058,ME,1,14
1,0.590331748358255,ME,1,14
3,0.62226272458905,ME,1,14
4,0.555904214590052,ME,1,14
17,0.682062166315403,ME,1,14
2,0.489937642787329,ME,1,14
13,0.677646463821258,ME,1,14
15,0.78807091430997,ME,1,14
5,0.433609016972678,ME,1,14
12,1.02846557372714,ME,1,14
16,0.662376858448557,ME,1,14
19,0.714236342324498,ME,1,14
7,0.67504707715138,ME2,0.05,14
8,0.700989458664495,ME2,0.05,14
9,0.591699599411012,ME2,0.05,14
18,0.751050269679692,ME2,0.05,14
6,0.524357314353886,ME2,0.05,14
10,0.681360123293118,ME2,0.05,14
11,0.669648520681777,ME2,0.05,14
1,0.580863576797271,ME2,0.05,14
3,0.622342512289206,ME2,0.05,14
4,0.560436251256521,ME2,0.05,14
17,0.683767136018097,ME2,0.05,14
2,0.469216867589075,ME2,0.05,14
13,0.690186272220732,ME2,0.05,14
15,0.81564257623413,ME2,0.05,14
5,0.435039465195377,ME2,0.05,14
12,1.01744914751681,ME2,0.05,14
16,0.661946807090397,ME2,0.05,14
19,0.715513609739996,ME2,0.05,14
7,0.675048118798684,ME2,0.1,14
8,0.700990042694081,ME2,0.1,14
9,0.59170103459501,ME2,0.1,14
18,0.751047289400621,ME2,0.1,14
6,0.524356785243488,ME2,0.1,14
10,0.681360099542705,ME2,0.1,14
11,0.669647589850569,ME2,0.1,14
1,0.580864805391099,ME2,0.1,14
3,0.622342417898765,ME2,0.1,14
4,0.560437448816318,ME2,0.1,14
17,0.683767595444522,ME2,0.1,14
2,0.469220447385976,ME2,0.1,14
13,0.690186411671255,ME2,0.1,14
15,0.815638153625685,ME2,0.1,14
5,0.435042343584318,ME2,0.1,14
12,1.01744172781205,ME2,0.1,14
16,0.661947930747041,ME2,0.1,14
19,0.715513465138961,ME2,0.1,14
7,0.675052284488222,ME2,0.3,14
8,0.700992378418559,ME2,0.3,14
9,0.5917067739015,ME2,0.3,14
18,0.751035374036684,ME2,0.3,14
6,0.524354672938632,ME2,0.3,14
10,0.681360007788979,ME2,0.3,14
11,0.66964386854009,ME2,0.3,14
1,0.580869718491621,ME2,0.3,14
3,0.622342040858325,ME2,0.3,14
4,0.560442238199397,ME2,0.3,14
17,0.683769433065359,ME2,0.3,14
2,0.469234762617081,ME2,0.3,14
13,0.690186970203206,ME2,0.3,14
15,0.815620469910675,ME2,0.3,14
5,0.435053854807723,ME2,0.3,14
12,1.01741205549844,ME2,0.3,14
16,0.661952424810422,ME2,0.3,14
19,0.71551288757306,ME2,0.3,14
7,0.675066853074038,ME2,1,14
8,0.701000548490367,ME2,1,14
9,0.591726843481231,ME2,1,14
18,0.750993742620656,ME2,1,14
6,0.524347331880837,ME2,1,14
10,0.681359727447856,ME2,1,14
11,0.669630869276483,ME2,1,14
1,0.580886898297857,ME2,1,14
3,0.622340727773284,ME2,1,14
4,0.560458990261445,ME2,1,14
17,0.683775863666129,ME2,1,14
2,0.469284816131918,ME2,1,14
13,0.690188934238764,ME2,1,14
15,0.815558661440535,ME2,1,14
5,0.435094114728916,ME2,1,14
12,1.01730828428784,ME2,1,14
16,0.661968146937235,ME2,1,14
19,0.715510876635275,ME2,1,14
7,0.560570175653211,ME_P,0.05,14
8,0.590306759914129,ME_P,0.05,14
9,0.521026564025337,ME_P,0.05,14
18,0.515843873783237,ME_P,0.05,14
6,0.55576444399359,ME_P,0.05,14
10,0.446230634714466,ME_P,0.05,14
11,0.618841462055959,ME_P,0.05,14
1,0.540841423950457,ME_P,0.05,14
3,0.608842789889858,ME_P,0.05,14
4,0.568143261683781,ME_P,0.05,14
17,0.462230257617065,ME_P,0.05,14
2,0.435909462438888,ME_P,0.05,14
13,0.491504312233016,ME_P,0.05,14
15,0.684972892245887,ME_P,0.05,14
5,0.464800050042353,ME_P,0.05,14
12,0.962461390359492,ME_P,0.05,14
16,0.551084692885211,ME_P,0.05,14
19,0.600041918092237,ME_P,0.05,14
7,0.560573187962873,ME_P,0.1,14
8,0.590308105721298,ME_P,0.1,14
9,0.521027663150314,ME_P,0.1,14
18,0.515850988510107,ME_P,0.1,14
6,0.555758252656894,ME_P,0.1,14
10,0.446240932265534,ME_P,0.1,14
11,0.61883841666698,ME_P,0.1,14
1,0.540838111892046,ME_P,0.1,14
3,0.608836298832623,ME_P,0.1,14
4,0.568137324620348,ME_P,0.1,14
17,0.462237196242004,ME_P,0.1,14
2,0.435910973456304,ME_P,0.1,14
13,0.491510524240273,ME_P,0.1,14
15,0.684972758492241,ME_P,0.1,14
5,0.464797868028454,ME_P,0.1,14
12,0.962448973552858,ME_P,0.1,14
16,0.551086700417519,ME_P,0.1,14
19,0.600043438701932,ME_P,0.1,14
7,0.560585237844292,ME_P,0.3,14
8,0.59031349303656,ME_P,0.3,14
9,0.521032063060032,ME_P,0.3,14
18,0.515879441789322,ME_P,0.3,14
6,0.55573350638269,ME_P,0.3,14
10,0.446282111565969,ME_P,0.3,14
11,0.618826247008041,ME_P,0.3,14
1,0.540824874175929,ME_P,0.3,14
3,0.608810350299111,ME_P,0.3,14
4,0.568113591595236,ME_P,0.3,14
17,0.462264945505939,ME_P,0.3,14
2,0.435917018930122,ME_P,0.3,14
13,0.491535368051855,ME_P,0.3,14
15,0.684972227161292,ME_P,0.3,14
5,0.464789147699633,ME_P,0.3,14
12,0.962399330285269,ME_P,0.3,14
16,0.551094732993486,ME_P,0.3,14
19,0.60004952393881,ME_P,0.3,14
7,0.560627420445038,ME_P,1,14
8,0.590332399955602,ME_P,1,14
9,0.521047505563745,ME_P,1,14
18,0.515978957416353,ME_P,1,14
6,0.555647134138059,ME_P,1,14
10,0.446426101927329,ME_P,1,14
11,0.618783802696802,ME_P,1,14
1,0.540778674402129,ME_P,1,14
3,0.608719727786764,ME_P,1,14
4,0.568030717483617,ME_P,1,14
17,0.462362002024609,ME_P,1,14
2,0.435938195716825,ME_P,1,14
13,0.491622268296778,ME_P,1,14
15,0.684970413804056,ME_P,1,14
5,0.464758723686925,ME_P,1,14
12,0.962225880110661,ME_P,1,14
16,0.551122877726402,ME_P,1,14
19,0.600070857404555,ME_P,1,14
7,0.551037392676637,ME2P,0.05,14
8,0.568972468316211,ME2P,0.05,14
9,0.518220981860678,ME2P,0.05,14
18,0.566674955057453,ME2P,0.05,14
6,0.565494942586286,ME2P,0.05,14
10,0.44574165987199,ME2P,0.05,14
11,0.616899569651276,ME2P,0.05,14
1,0.535537656364407,ME2P,0.05,14
3,0.609824424007428,ME2P,0.05,14
4,0.570797017670299,ME2P,0.05,14
17,0.464967386557637,ME2P,0.05,14
2,0.417403748454897,ME2P,0.05,14
13,0.504355536658906,ME2P,0.05,14
15,0.713493144194711,ME2P,0.05,14
5,0.465402505865512,ME2P,0.05,14
12,0.95816892129382,ME2P,0.05,14
16,0.550868236077277,ME2P,0.05,14
19,0.60066514503251,ME2P,0.05,14
7,0.55104133112993,ME2P,0.1,14
8,0.568975405958524,ME2P,0.1,14
9,0.518222505558971,ME2P,0.1,14
18,0.566676679794446,ME2P,0.1,14
6,0.565488438937218,ME2P,0.1,14
10,0.445751922257018,ME2P,0.1,14
11,0.616896563808974,ME2P,0.1,14
1,0.535534676354791,ME2P,0.1,14
3,0.609817778303411,ME2P,0.1,14
4,0.57079111402278,ME2P,0.1,14
17,0.464974172931881,ME2P,0.1,14
2,0.417406883996978,ME2P,0.1,14
13,0.504360879074206,ME2P,0.1,14
15,0.713490095597144,ME2P,0.1,14
5,0.465400061753519,ME2P,0.1,14
12,0.958158476981185,ME2P,0.1,14
16,0.550870354003368,ME2P,0.1,14
19,0.600666361666969,ME2P,0.1,14
7,0.551057083702293,ME2P,0.3,14
8,0.56898715803542,ME2P,0.3,14
9,0.518228602812565,ME2P,0.3,14
18,0.566683585502252,ME2P,0.3,14
6,0.565462442327869,ME2P,0.3,14
10,0.445792961028084,ME2P,0.3,14
11,0.616884552610582,ME2P,0.3,14
1,0.53552276639058,ME2P,0.3,14
3,0.609791211510002,ME2P,0.3,14
4,0.570767514348811,ME2P,0.3,14
17,0.465001313355148,ME2P,0.3,14
2,0.417419424592742,ME2P,0.3,14
13,0.504382245950294,ME2P,0.3,14
15,0.713477910974829,ME2P,0.3,14
5,0.465390293411428,ME2P,0.3,14
12,0.958116719916414,ME2P,0.3,14
16,0.550878827841144,ME2P,0.3,14
19,0.600671231747266,ME2P,0.3,14
7,0.551112202037813,ME2P,1,14
8,0.569028309182282,ME2P,1,14
9,0.518249974080882,ME2P,1,14
18,0.566707840344984,ME2P,1,14
6,0.565371680289172,ME2P,1,14
10,0.44593646123285,ME2P,1,14
11,0.616842666349574,ME2P,1,14
1,0.535481208171854,ME2P,1,14
3,0.609698429203209,ME2P,1,14
4,0.570685103039058,ME2P,1,14
17,0.465096240972018,ME2P,1,14
2,0.41746329687129,ME2P,1,14
13,0.504456994934756,ME2P,1,14
15,0.713435387595789,ME2P,1,14
5,0.465356206121492,ME2P,1,14
12,0.957970823998895,ME2P,1,14
16,0.550908513052353,ME2P,1,14
19,0.600688321522457,ME2P,1,14
7,0.676944409757801,XEN,0.05,14
8,0.699162746662044,XEN,0.05,14
9,0.588654518983422,XEN,0.05,14
18,0.743058449995898,XEN,0.05,14
6,0.712985511554113,XEN,0.05,14
10,0.70481645564542,XEN,0.05,14
11,0.690723988606737,XEN,0.05,14
1,0.573690729749108,XEN,0.05,14
3,0.618414643518385,XEN,0.05,14
4,0.557974836809355,XEN,0.05,14
17,0.68173086834906,XEN,0.05,14
2,0.451088550592627,XEN,0.05,14
13,0.681324014648761,XEN,0.05,14
15,0.830248609108189,XEN,0.05,14
5,0.435923363615549,XEN,0.05,14
12,1.10231200066858,XEN,0.05,14
16,0.662061354795524,XEN,0.05,14
19,0.712458461077464,XEN,0.05,14
7,0.676945403911634,XEN,0.1,14
8,0.69916361444901,XEN,0.1,14
9,0.588656290523207,XEN,0.1,14
18,0.743055823879379,XEN,0.1,14
6,0.712974467619507,XEN,0.1,14
10,0.704817670932688,XEN,0.1,14
11,0.690720890643074,XEN,0.1,14
1,0.573692494776244,XEN,0.1,14
3,0.618414856188699,XEN,0.1,14
4,0.557976259268822,XEN,0.1,14
17,0.681731284900434,XEN,0.1,14
2,0.451093554924584,XEN,0.1,14
13,0.681324224327878,XEN,0.1,14
15,0.830242239663981,XEN,0.1,14
5,0.435926287952207,XEN,0.1,14
12,1.10229966740117,XEN,0.1,14
16,0.662062456772218,XEN,0.1,14
19,0.712458636971194,XEN,0.1,14
7,0.676949379569258,XEN,0.3,14
8,0.699167084613614,XEN,0.3,14
9,0.588663374610712,XEN,0.3,14
18,0.743045325231545,XEN,0.3,14
6,0.712930311416305,XEN,0.3,14
10,0.704822529912459,XEN,0.3,14
11,0.690708505180237,XEN,0.3,14
1,0.573699552764874,XEN,0.3,14
3,0.618415706926331,XEN,0.3,14
4,0.557981947830725,XEN,0.3,14
17,0.681732951308575,XEN,0.3,14
2,0.451113565786787,XEN,0.3,14
13,0.681325064460048,XEN,0.3,14
15,0.830216773217412,XEN,0.3,14
5,0.435937982885749,XEN,0.3,14
12,1.1022503462764,XEN,0.3,14
16,0.662066864137857,XEN,0.3,14
19,0.712459340880222,XEN,0.3,14
7,0.676963282314851,XEN,1,14
8,0.699179217812258,XEN,1,14
9,0.588688142847226,XEN,1,14
18,0.743008653136757,XEN,1,14
6,0.712776010388361,XEN,1,14
10,0.704839509030035,XEN,1,14
11,0.690665236419644,XEN,1,14
1,0.573724229047094,XEN,1,14
3,0.618418685214273,XEN,1,14
4,0.558001841737506,XEN,1,14
17,0.681738786278496,XEN,1,14
2,0.451183522451643,XEN,1,14
13,0.681328022708957,XEN,1,14
15,0.830127783166321,XEN,1,14
5,0.435978884775991,XEN,1,14
12,1.10207787269058,XEN,1,14
16,0.662082283100393,XEN,1,14
19,0.712461808761445,XEN,1,14
7,0.597555412104342,MP_cal,0.05,15
8,0.61493224262012,MP_cal,0.05,15
9,0.508496128969267,MP_cal,0.05,15
18,0.588702194774122,MP_cal,0.05,15
6,0.540603310794979,MP_cal,0.05,15
10,0.46889653272704,MP_cal,0.05,15
11,0.581091091112561,MP_cal,0.05,15
1,0.510577593180289,MP_cal,0.05,15
3,0.576587787142011,MP_cal,0.05,15
4,0.555797641581253,MP_cal,0.05,15
17,0.508286499146582,MP_cal,0.05,15
2,0.463719695946141,MP_cal,0.05,15
13,0.506496216432458,MP_cal,0.05,15
14,0.490061989869642,MP_cal,0.05,15
5,0.45555970712897,MP_cal,0.05,15
12,0.914729879689659,MP_cal,0.05,15
16,0.587284665037622,MP_cal,0.05,15
19,0.64504460550542,MP_cal,0.05,15
7,0.597558180744443,MP_cal,0.1,15
8,0.614933858788458,MP_cal,0.1,15
9,0.508498669448487,MP_cal,0.1,15
18,0.588707942794513,MP_cal,0.1,15
6,0.540595114355153,MP_cal,0.1,15
10,0.468908156725467,MP_cal,0.1,15
11,0.581088020037904,MP_cal,0.1,15
1,0.510575093979509,MP_cal,0.1,15
3,0.576582301562993,MP_cal,0.1,15
4,0.555792030164093,MP_cal,0.1,15
17,0.508292723952789,MP_cal,0.1,15
2,0.463720616968138,MP_cal,0.1,15
13,0.506502158660225,MP_cal,0.1,15
14,0.490062382547208,MP_cal,0.1,15
5,0.455555340513206,MP_cal,0.1,15
12,0.914717839280422,MP_cal,0.1,15
16,0.587284774006665,MP_cal,0.1,15
19,0.645043866027923,MP_cal,0.1,15
7,0.597569256169594,MP_cal,0.3,15
8,0.614940327636132,MP_cal,0.3,15
9,0.508508831827769,MP_cal,0.3,15
18,0.588730931202613,MP_cal,0.3,15
6,0.540562355546133,MP_cal,0.3,15
10,0.468954639057857,MP_cal,0.3,15
11,0.581075752847387,MP_cal,0.3,15
1,0.510565106994402,MP_cal,0.3,15
3,0.576560374544586,MP_cal,0.3,15
4,0.555769599033492,MP_cal,0.3,15
17,0.508317618844917,MP_cal,0.3,15
2,0.463724302884181,MP_cal,0.3,15
13,0.506525923709705,MP_cal,0.3,15
14,0.490063956604614,MP_cal,0.3,15
5,0.455537888215169,MP_cal,0.3,15
12,0.914669710940223,MP_cal,0.3,15
16,0.587285218709259,MP_cal,0.3,15
19,0.6450409182835,MP_cal,0.3,15
7,0.597608030959081,MP_cal,1,15
8,0.614963021006837,MP_cal,1,15
9,0.508544405906743,MP_cal,1,15
18,0.588811344359663,MP_cal,1,15
6,0.540448038259884,MP_cal,1,15
10,0.469117155365949,MP_cal,1,15
11,0.581033032522018,MP_cal,1,15
1,0.510530275966094,MP_cal,1,15
3,0.576483822309205,MP_cal,1,15
4,0.555691272859355,MP_cal,1,15
17,0.50840469641989,MP_cal,1,15
2,0.463737226551751,MP_cal,1,15
13,0.506609052762128,MP_cal,1,15
14,0.490069507868805,MP_cal,1,15
5,0.45547698316899,MP_cal,1,15
12,0.914501680191951,MP_cal,1,15
16,0.587286886016728,MP_cal,1,15
19,0.645030728858887,MP_cal,1,15
7,0.698871897813155,ME,0.05,15
8,0.757374531815545,ME,0.05,15
9,0.571686694400032,ME,0.05,15
18,0.729778730141764,ME,0.05,15
6,0.40107560520917,ME,0.05,15
10,0.69845086853429,ME,0.05,15
11,0.655784157142804,ME,0.05,15
1,0.557961616005626,ME,0.05,15
3,0.595884304693383,ME,0.05,15
4,0.52266700774914,ME,0.05,15
17,0.687517687825921,ME,0.05,15
2,0.489901912628867,ME,0.05,15
13,0.677628475809577,ME,0.05,15
14,0.60689931248775,ME,0.05,15
5,0.361186513914953,ME,0.05,15
12,1.19389650077043,ME,0.05,15
16,0.665037154674121,ME,0.05,15
19,0.746184257271037,ME,0.05,15
7,0.698872225850541,ME,0.1,15
8,0.757372538936144,ME,0.1,15
9,0.57168825902932,ME,0.1,15
18,0.729779652030752,ME,0.1,15
6,0.401081248462748,ME,0.1,15
10,0.698451495471526,ME,0.1,15
11,0.655782609851807,ME,0.1,15
1,0.557962399903751,ME,0.1,15
3,0.595884684021318,ME,0.1,15
4,0.522668595466538,ME,0.1,15
17,0.687518453049514,ME,0.1,15
2,0.489903794508058,ME,0.1,15
13,0.677629423001014,ME,0.1,15
14,0.606897574021527,ME,0.1,15
5,0.361191158103034,ME,0.1,15
12,1.19387714622384,ME,0.1,15
16,0.665038535773418,ME,0.1,15
19,0.746183635698134,ME,0.1,15
7,0.69887353802879,ME,0.3,15
8,0.757364570308275,ME,0.3,15
9,0.571694516152182,ME,0.3,15
18,0.729783339070177,ME,0.3,15
6,0.40110381573044,ME,0.3,15
10,0.698454003456218,ME,0.3,15
11,0.655776423131764,ME,0.3,15
1,0.557965534899778,ME,0.3,15
3,0.59588620124699,ME,0.3,15
4,0.522674945190948,ME,0.3,15
17,0.687521513614621,ME,0.3,15
2,0.489911320530002,ME,0.3,15
13,0.677633211262186,ME,0.3,15
14,0.606890621990385,ME,0.3,15
5,0.361209730270157,ME,0.3,15
12,1.19379975350385,ME,0.3,15
16,0.665044059668209,ME,0.3,15
19,0.746181151065911,ME,0.3,15
7,0.698878131009282,ME,1,15
8,0.757336716472403,ME,1,15
9,0.571716398529872,ME,1,15
18,0.729796237201439,ME,1,15
6,0.401182728834957,ME,1,15
10,0.698462784357042,ME,1,15
11,0.655754800360531,ME,1,15
1,0.557976499875962,ME,1,15
3,0.595891510450907,ME,1,15
4,0.522697154807325,ME,1,15
17,0.687532221444063,ME,1,15
2,0.489937642787329,ME,1,15
13,0.677646463821258,ME,1,15
14,0.606866312963148,ME,1,15
5,0.361274675143753,ME,1,15
12,1.19352919942851,ME,1,15
16,0.665063386965632,ME,1,15
19,0.746172475724703,ME,1,15
7,0.679102511819856,ME2,0.05,15
8,0.707175058085377,ME2,0.05,15
9,0.564612428104121,ME2,0.05,15
18,0.859962815559057,ME2,0.05,15
6,0.499474851290588,ME2,0.05,15
10,0.693162996629897,ME2,0.05,15
11,0.640205126692176,ME2,0.05,15
1,0.541412050709432,ME2,0.05,15
3,0.593962750056134,ME2,0.05,15
4,0.528436448840305,ME2,0.05,15
17,0.696459955180643,ME2,0.05,15
2,0.469216867589075,ME2,0.05,15
13,0.690186272220732,ME2,0.05,15
14,0.563363774890749,ME2,0.05,15
5,0.368069130878791,ME2,0.05,15
12,1.12161363546221,ME2,0.05,15
16,0.662428057199205,ME2,0.05,15
19,0.757863327877375,ME2,0.05,15
7,0.679104015525767,ME2,0.1,15
8,0.707175916814095,ME2,0.1,15
9,0.564614867791425,ME2,0.1,15
18,0.859950452780692,ME2,0.1,15
6,0.49947231913088,ME2,0.1,15
10,0.693160657480687,ME2,0.1,15
11,0.640203644741784,ME2,0.1,15
1,0.541414129038354,ME2,0.1,15
3,0.593963071760701,ME2,0.1,15
4,0.528438022268539,ME2,0.1,15
17,0.6964601351711,ME2,0.1,15
2,0.469220447385976,ME2,0.1,15
13,0.690186411671255,ME2,0.1,15
14,0.56336471051538,ME2,0.1,15
5,0.368073466671475,ME2,0.1,15
12,1.12160086210839,ME2,0.1,15
16,0.662429622462819,ME2,0.1,15
19,0.757861177105721,ME2,0.1,15
7,0.67911002938629,ME2,0.3,15
8,0.707179352246048,ME2,0.3,15
9,0.564624623503428,ME2,0.3,15
18,0.859901029494626,ME2,0.3,15
6,0.499462199659942,ME2,0.3,15
10,0.693151316186284,ME2,0.3,15
11,0.640197723097363,ME2,0.3,15
1,0.541422439878457,ME2,0.3,15
3,0.593964359036548,ME2,0.3,15
4,0.528444314600943,ME2,0.3,15
17,0.696460855886358,ME2,0.3,15
2,0.469234762617081,ME2,0.3,15
13,0.690186970203206,ME2,0.3,15
14,0.56336845195287,ME2,0.3,15
5,0.36809080515076,ME2,0.3,15
12,1.12154978558272,ME2,0.3,15
16,0.662435883012325,ME2,0.3,15
19,0.757852579013904,ME2,0.3,15
7,0.679131065756712,ME2,1,15
8,0.707191382722013,ME2,1,15
9,0.564658730278479,ME2,1,15
18,0.859728397858717,ME2,1,15
6,0.499426896719834,ME2,1,15
10,0.69311881381673,ME2,1,15
11,0.640177074677051,ME2,1,15
1,0.541451496665411,ME2,1,15
3,0.593968870246666,ME2,1,15
4,0.528466320385487,ME2,1,15
17,0.69646338785655,ME2,1,15
2,0.469284816131918,ME2,1,15
13,0.690188934238764,ME2,1,15
14,0.563381533627278,ME2,1,15
5,0.36815143079119,ME2,1,15
12,1.12137123022685,ME2,1,15
16,0.662457788561082,ME2,1,15
19,0.757822548505311,ME2,1,15
7,0.593309262751467,ME_P,0.05,15
8,0.630425437223926,ME_P,0.05,15
9,0.492258311376955,ME_P,0.05,15
18,0.577897168975648,ME_P,0.05,15
6,0.47917564379647,ME_P,0.05,15
10,0.46223193620676,ME_P,0.05,15
11,0.593329942692742,ME_P,0.05,15
1,0.504994989537,ME_P,0.05,15
3,0.577788236248573,ME_P,0.05,15
4,0.526933964636144,ME_P,0.05,15
17,0.499012359378851,ME_P,0.05,15
2,0.435909462438888,ME_P,0.05,15
13,0.491504312233016,ME_P,0.05,15
14,0.515467812869507,ME_P,0.05,15
5,0.38369948973826,ME_P,0.05,15
12,1.15624170881208,ME_P,0.05,15
16,0.548955027764455,ME_P,0.05,15
19,0.649734573751939,ME_P,0.05,15
7,0.593312113643337,ME_P,0.1,15
8,0.630426956081874,ME_P,0.1,15
9,0.492260973514407,ME_P,0.1,15
18,0.577903047059288,ME_P,0.1,15
6,0.479168410334466,ME_P,0.1,15
10,0.462243326402566,ME_P,0.1,15
11,0.593326522591812,ME_P,0.1,15
1,0.504992481824561,ME_P,0.1,15
3,0.577782479933582,ME_P,0.1,15
4,0.52692903697907,ME_P,0.1,15
17,0.499018577844559,ME_P,0.1,15
2,0.435910973456304,ME_P,0.1,15
13,0.491510524240273,ME_P,0.1,15
14,0.515467232315209,ME_P,0.1,15
5,0.383698110657864,ME_P,0.1,15
12,1.15621477452361,ME_P,0.1,15
16,0.548957217046716,ME_P,0.1,15
19,0.649733094642869,ME_P,0.1,15
7,0.59332351767417,ME_P,0.3,15
8,0.630433034313627,ME_P,0.3,15
9,0.492271622854675,ME_P,0.3,15
18,0.577926555557914,ME_P,0.3,15
6,0.479139504170247,ME_P,0.3,15
10,0.462288873708324,ME_P,0.3,15
11,0.593312858879947,ME_P,0.3,15
1,0.504982460756609,ME_P,0.3,15
3,0.57775946995738,ME_P,0.3,15
4,0.526909340619295,ME_P,0.3,15
17,0.499043447441567,ME_P,0.3,15
2,0.435917018930122,ME_P,0.3,15
13,0.491535368051855,ME_P,0.3,15
14,0.515464914401996,ME_P,0.3,15
5,0.383692603693633,ME_P,0.3,15
12,1.15610710062017,ME_P,0.3,15
16,0.548965978638775,ME_P,0.3,15
19,0.649727189840053,ME_P,0.3,15
7,0.593363437540473,ME_P,1,15
8,0.630454343265958,ME_P,1,15
9,0.492308905418391,ME_P,1,15
18,0.578008786988003,ME_P,1,15
6,0.479038680347033,ME_P,1,15
10,0.462448119741454,ME_P,1,15
11,0.593265245515328,ME_P,1,15
1,0.504947509986182,ME_P,1,15
3,0.577679127204229,ME_P,1,15
4,0.526840582745504,ME_P,1,15
17,0.499130437324321,ME_P,1,15
2,0.435938195716825,ME_P,1,15
13,0.491622268296778,ME_P,1,15
14,0.515456855807989,ME_P,1,15
5,0.383673446874636,ME_P,1,15
12,1.15573103683835,ME_P,1,15
16,0.548996700212936,ME_P,1,15
19,0.649706669153014,ME_P,1,15
7,0.563764155234322,ME2P,0.05,15
8,0.571192077075316,ME2P,0.05,15
9,0.482739972867772,ME2P,0.05,15
18,0.760560042843743,ME2P,0.05,15
6,0.549801704495328,ME2P,0.05,15
10,0.456589759654209,ME2P,0.05,15
11,0.582097827262446,ME2P,0.05,15
1,0.49024782088454,ME2P,0.05,15
3,0.579423397985875,ME2P,0.05,15
4,0.532349152788834,ME2P,0.05,15
17,0.511143188524578,ME2P,0.05,15
2,0.417403748454897,ME2P,0.05,15
13,0.504355536658906,ME2P,0.05,15
14,0.472386531323593,ME2P,0.05,15
5,0.38996694455062,ME2P,0.05,15
12,1.09524110435474,ME2P,0.05,15
16,0.545990436891804,ME2P,0.05,15
19,0.661613451972696,ME2P,0.05,15
7,0.563769662565428,ME2P,0.1,15
8,0.571197418726845,ME2P,0.1,15
9,0.482743943787362,ME2P,0.1,15
18,0.76054131982394,ME2P,0.1,15
6,0.549789032079429,ME2P,0.1,15
10,0.456600602177091,ME2P,0.1,15
11,0.582094729715496,ME2P,0.1,15
1,0.490246560813491,ME2P,0.1,15
3,0.5794171397045,ME2P,0.1,15
4,0.532344328701756,ME2P,0.1,15
17,0.511148483525693,ME2P,0.1,15
2,0.417406883996978,ME2P,0.1,15
13,0.504360879074206,ME2P,0.1,15
14,0.472388919386279,ME2P,0.1,15
5,0.389965091103431,ME2P,0.1,15
12,1.09522064178366,ME2P,0.1,15
16,0.545993095994077,ME2P,0.1,15
19,0.661610111938851,ME2P,0.1,15
7,0.563791687410982,ME2P,0.3,15
8,0.571218783789523,ME2P,0.3,15
9,0.48275982541017,ME2P,0.3,15
18,0.760466496111787,ME2P,0.3,15
6,0.549738382859467,ME2P,0.3,15
10,0.456643961726975,ME2P,0.3,15
11,0.5820823568842,ME2P,0.3,15
1,0.490241528053262,ME2P,0.3,15
3,0.579392123623764,ME2P,0.3,15
4,0.532325046028727,ME2P,0.3,15
17,0.511169660968156,ME2P,0.3,15
2,0.417419424592742,ME2P,0.3,15
13,0.504382245950294,ME2P,0.3,15
14,0.472398471328521,ME2P,0.3,15
5,0.389957687608414,ME2P,0.3,15
12,1.09513884146102,ME2P,0.3,15
16,0.546003735543919,ME2P,0.3,15
19,0.661596769181344,ME2P,0.3,15
7,0.563868717969187,ME2P,1,15
8,0.571293541942498,ME2P,1,15
9,0.482815385166718,ME2P,1,15
18,0.760205471776794,ME2P,1,15
6,0.549561618622379,ME2P,1,15
10,0.456795587466386,ME2P,1,15
11,0.582039269913231,ME2P,1,15
1,0.490224007963147,ME2P,1,15
3,0.579304781625036,ME2P,1,15
4,0.532257728597543,ME2P,1,15
17,0.511243749733725,ME2P,1,15
2,0.41746329687129,ME2P,1,15
13,0.504456994934756,ME2P,1,15
14,0.47243189921205,ME2P,1,15
5,0.389931904694666,ME2P,1,15
12,1.09485316813134,ME2P,1,15
16,0.546041013353738,ME2P,1,15
19,0.661550287801632,ME2P,1,15
7,0.682745376197563,XEN,0.05,15
8,0.701693507303068,XEN,0.05,15
9,0.560068756175675,XEN,0.05,15
18,0.847464445967814,XEN,0.05,15
6,0.707676604119847,XEN,0.05,15
10,0.714881862827451,XEN,0.05,15
11,0.663327568006033,XEN,0.05,15
1,0.530571497086105,XEN,0.05,15
3,0.587266283842291,XEN,0.05,15
4,0.523639019134025,XEN,0.05,15
17,0.694748950279424,XEN,0.05,15
2,0.451088550592627,XEN,0.05,15
13,0.681324014648761,XEN,0.05,15
14,0.573584603639238,XEN,0.05,15
5,0.368814767813416,XEN,0.05,15
12,1.18301280597816,XEN,0.05,15
16,0.661973656651291,XEN,0.05,15
19,0.753274138304973,XEN,0.05,15
7,0.682746707919505,XEN,0.1,15
8,0.701695229227961,XEN,0.1,15
9,0.560071860461462,XEN,0.1,15
18,0.84745202266717,XEN,0.1,15
6,0.707659808141465,XEN,0.1,15
10,0.714883162278499,XEN,0.1,15
11,0.663322538667713,XEN,0.1,15
1,0.530574568350863,XEN,0.1,15
3,0.587267324812566,XEN,0.1,15
4,0.523641199263178,XEN,0.1,15
17,0.694748707488645,XEN,0.1,15
2,0.451093554924584,XEN,0.1,15
13,0.681324224327878,XEN,0.1,15
14,0.573584330448829,XEN,0.1,15
5,0.368819098864109,XEN,0.1,15
12,1.18299848686088,XEN,0.1,15
16,0.661975213533548,XEN,0.1,15
19,0.753272315468097,XEN,0.1,15
7,0.682752034053208,XEN,0.3,15
8,0.701702115253775,XEN,0.3,15
9,0.560084272956108,XEN,0.3,15
18,0.847402361614338,XEN,0.3,15
6,0.70759266333698,XEN,0.3,15
10,0.714888362765252,XEN,0.3,15
11,0.663302438967255,XEN,0.3,15
1,0.530586849027574,XEN,0.3,15
3,0.587271487711907,XEN,0.3,15
4,0.523649916992568,XEN,0.3,15
17,0.694747738895005,XEN,0.3,15
2,0.451113565786787,XEN,0.3,15
13,0.681325064460048,XEN,0.3,15
14,0.573583239229338,XEN,0.3,15
5,0.368836418399409,XEN,0.3,15
12,1.18294122487151,XEN,0.3,15
16,0.661981440570724,XEN,0.3,15
19,0.753265028835827,XEN,0.3,15
7,0.682770666005927,XEN,1,15
8,0.701726195265474,XEN,1,15
9,0.560127658213179,XEN,1,15
18,0.847228952003526,XEN,1,15
6,0.707358147943077,XEN,1,15
10,0.71490659792994,XEN,1,15
11,0.663232311687893,XEN,1,15
1,0.530629776263463,XEN,1,15
3,0.58728604550233,XEN,1,15
4,0.523680393980066,XEN,1,15
17,0.694744381100332,XEN,1,15
2,0.451183522451643,XEN,1,15
13,0.681328022708957,XEN,1,15
14,0.573579439338391,XEN,1,15
5,0.36889697803715,XEN,1,15
12,1.1827409901694,XEN,1,15
16,0.662003228991323,XEN,1,15
19,0.753239584910971,XEN,1,15
7,0.576715957267868,MP_cal,0.05,16
8,0.593367351695502,MP_cal,0.05,16
9,0.539741961143386,MP_cal,0.05,16
18,0.53998632027798,MP_cal,0.05,16
6,0.601460280241947,MP_cal,0.05,16
10,0.446494226701917,MP_cal,0.05,16
11,0.589440537481359,MP_cal,0.05,16
1,0.53043290990561,MP_cal,0.05,16
3,0.599561369337615,MP_cal,0.05,16
4,0.584859333763436,MP_cal,0.05,16
17,0.482394099714612,MP_cal,0.05,16
2,0.515410555386491,MP_cal,0.05,16
13,0.499564118126602,MP_cal,0.05,16
14,0.520099421669992,MP_cal,0.05,16
5,0.45555970712897,MP_cal,0.05,16
12,0.914729879689659,MP_cal,0.05,16
15,0.734040125732181,MP_cal,0.05,16
19,0.64504460550542,MP_cal,0.05,16
7,0.576718733835465,MP_cal,0.1,16
8,0.593368725583338,MP_cal,0.1,16
9,0.539742598641615,MP_cal,0.1,16
18,0.539993059996663,MP_cal,0.1,16
6,0.60145157511497,MP_cal,0.1,16
10,0.446505024819162,MP_cal,0.1,16
11,0.589437804594783,MP_cal,0.1,16
1,0.530430784661114,MP_cal,0.1,16
3,0.599556103196629,MP_cal,0.1,16
4,0.584853981135362,MP_cal,0.1,16
17,0.482400947040576,MP_cal,0.1,16
2,0.515409854286525,MP_cal,0.1,16
13,0.49956932011785,MP_cal,0.1,16
14,0.520098872346889,MP_cal,0.1,16
5,0.455555340513206,MP_cal,0.1,16
12,0.914717839280422,MP_cal,0.1,16
15,0.734035961448796,MP_cal,0.1,16
19,0.645043866027923,MP_cal,0.1,16
7,0.576729840807116,MP_cal,0.3,16
8,0.593374225374033,MP_cal,0.3,16
9,0.539745152090012,MP_cal,0.3,16
18,0.540020013598687,MP_cal,0.3,16
6,0.601416778766549,MP_cal,0.3,16
10,0.446548205810678,MP_cal,0.3,16
11,0.589426886756994,MP_cal,0.3,16
1,0.530422291311828,MP_cal,0.3,16
3,0.599535051283549,MP_cal,0.3,16
4,0.584832582671193,MP_cal,0.3,16
17,0.482428331004345,MP_cal,0.3,16
2,0.515407053919941,MP_cal,0.3,16
13,0.49959012539606,MP_cal,0.3,16
14,0.520096679645724,MP_cal,0.3,16
5,0.455537888215169,MP_cal,0.3,16
12,0.914669710940223,MP_cal,0.3,16
15,0.734019321524711,MP_cal,0.3,16
19,0.6450409182835,MP_cal,0.3,16
7,0.576768723964845,MP_cal,1,16
8,0.593393527880407,MP_cal,1,16
9,0.539754132561514,MP_cal,1,16
18,0.540114284830249,MP_cal,1,16
6,0.601295295148763,MP_cal,1,16
10,0.446699194876759,MP_cal,1,16
11,0.58938884653639,MP_cal,1,16
1,0.530392660511107,MP_cal,1,16
3,0.599461528680069,MP_cal,1,16
4,0.584757839562147,MP_cal,1,16
17,0.482524107662682,MP_cal,1,16
2,0.51539730334265,MP_cal,1,16
13,0.499662910029243,MP_cal,1,16
14,0.520089062909994,MP_cal,1,16
5,0.45547698316899,MP_cal,1,16
12,0.914501680191951,MP_cal,1,16
15,0.733961298013119,MP_cal,1,16
19,0.645030728858887,MP_cal,1,16
7,0.688127696261397,ME,0.05,16
8,0.72527211049057,ME,0.05,16
9,0.593307717696452,ME,0.05,16
18,0.716806240014443,ME,0.05,16
6,0.474906981481122,ME,0.05,16
10,0.690214106487684,ME,0.05,16
11,0.665684267172532,ME,0.05,16
1,0.583575046665858,ME,0.05,16
3,0.615457329155974,ME,0.05,16
4,0.552433921711636,ME,0.05,16
17,0.685773255504198,ME,0.05,16
2,0.532187363768305,ME,0.05,16
13,0.678413543676849,ME,0.05,16
14,0.626225307858273,ME,0.05,16
5,0.361186513914953,ME,0.05,16
12,1.19389650077043,ME,0.05,16
15,0.879114839663823,ME,0.05,16
19,0.746184257271037,ME,0.05,16
7,0.688128155079232,ME,0.1,16
8,0.7252715125773,ME,0.1,16
9,0.593308695331511,ME,0.1,16
18,0.716806935104228,ME,0.1,16
6,0.474910776043133,ME,0.1,16
10,0.690214754832526,ME,0.1,16
11,0.665683195914819,ME,0.1,16
1,0.583575497058762,ME,0.1,16
3,0.615457458996052,ME,0.1,16
4,0.552435102218398,ME,0.1,16
17,0.685773823313797,ME,0.1,16
2,0.532188578444303,ME,0.1,16
13,0.678414223789674,ME,0.1,16
14,0.626223946133297,ME,0.1,16
5,0.361191158103034,ME,0.1,16
12,1.19387714622384,ME,0.1,16
15,0.879108761371915,ME,0.1,16
19,0.746183635698134,ME,0.1,16
7,0.68812999005144,ME,0.3,16
8,0.725269121677469,ME,0.3,16
9,0.593312605093745,ME,0.3,16
18,0.716809715009747,ME,0.3,16
6,0.474925950894411,ME,0.3,16
10,0.690217347968648,ME,0.3,16
11,0.665678912210717,ME,0.3,16
1,0.583577298332803,ME,0.3,16
3,0.61545797838895,ME,0.3,16
4,0.552439823448126,ME,0.3,16
17,0.685776094285675,ME,0.3,16
2,0.532193436302061,ME,0.3,16
13,0.67841694389426,ME,0.3,16
14,0.626218500431019,ME,0.3,16
5,0.361209730270157,ME,0.3,16
12,1.19379975350385,ME,0.3,16
15,0.879084457124869,ME,0.3,16
19,0.746181151065911,ME,0.3,16
7,0.688136408687329,ME,1,16
8,0.725260763008409,ME,1,16
9,0.59332627946629,ME,1,16
18,0.716819438966822,ME,1,16
6,0.474979020112334,ME,1,16
10,0.690226420878615,ME,1,16
11,0.665663935944104,ME,1,16
1,0.583583599044931,ME,1,16
3,0.615459796673219,ME,1,16
4,0.552456337712571,ME,1,16
17,0.685784039330165,ME,1,16
2,0.532210428149057,ME,1,16
13,0.678426459893577,ME,1,16
14,0.626199455550426,ME,1,16
5,0.361274675143753,ME,1,16
12,1.19352919942851,ME,1,16
15,0.878999504499142,ME,1,16
19,0.746172475724703,ME,1,16
7,0.677232038713474,ME2,0.05,16
8,0.699326853513336,ME2,0.05,16
9,0.589868074359406,ME2,0.05,16
18,0.774492450212361,ME2,0.05,16
6,0.54311358192673,ME2,0.05,16
10,0.683370325395517,ME2,0.05,16
11,0.654785036624576,ME2,0.05,16
1,0.572832341909165,ME2,0.05,16
3,0.615639115821676,ME2,0.05,16
4,0.558321207358999,ME2,0.05,16
17,0.688522284310174,ME2,0.05,16
2,0.521564212156994,ME2,0.05,16
13,0.681646655196087,ME2,0.05,16
14,0.601424419198973,ME2,0.05,16
5,0.368069130878791,ME2,0.05,16
12,1.12161363546221,ME2,0.05,16
15,0.895565692103176,ME2,0.05,16
19,0.757863327877375,ME2,0.05,16
7,0.677233200042454,ME2,0.1,16
8,0.69932770513324,ME2,0.1,16
9,0.589869498896932,ME2,0.1,16
18,0.774488342890875,ME2,0.1,16
6,0.54311144270092,ME2,0.1,16
10,0.683370541518395,ME2,0.1,16
11,0.654784419544666,ME2,0.1,16
1,0.572833593776445,ME2,0.1,16
3,0.615639108306435,ME2,0.1,16
4,0.558322237711631,ME2,0.1,16
17,0.688522758610875,ME2,0.1,16
2,0.521566337247751,ME2,0.1,16
13,0.681647191943872,ME2,0.1,16
14,0.601424731331021,ME2,0.1,16
5,0.368073466671475,ME2,0.1,16
12,1.12160086210839,ME2,0.1,16
15,0.89555719284183,ME2,0.1,16
19,0.757861177105721,ME2,0.1,16
7,0.677237844310529,ME2,0.3,16
8,0.699331111062376,ME2,0.3,16
9,0.589875195506681,ME2,0.3,16
18,0.774471921225428,ME2,0.3,16
6,0.543102892146565,ME2,0.3,16
10,0.683371409299178,ME2,0.3,16
11,0.654781953112657,ME2,0.3,16
1,0.572838599898128,ME2,0.3,16
3,0.615639078685906,ME2,0.3,16
4,0.558326358331778,ME2,0.3,16
17,0.688524655685447,ME2,0.3,16
2,0.521574835543107,ME2,0.3,16
13,0.681649338733593,ME2,0.3,16
14,0.601425979278805,ME2,0.3,16
5,0.36809080515076,ME2,0.3,16
12,1.12154978558272,ME2,0.3,16
15,0.895523210504412,ME2,0.3,16
19,0.757852579013904,ME2,0.3,16
7,0.677254086055951,ME2,1,16
8,0.699343024876484,ME2,1,16
9,0.589895114254028,ME2,1,16
18,0.774414541252399,ME2,1,16
6,0.543073045036788,ME2,1,16
10,0.683374487832652,ME2,1,16
11,0.654773344322589,ME2,1,16
1,0.572856104364667,ME2,1,16
3,0.615638980551681,ME2,1,16
4,0.55834077055147,ME2,1,16
17,0.688531293828143,ME2,1,16
2,0.521604553549764,ME2,1,16
13,0.681656849959109,ME2,1,16
14,0.60143033979093,ME2,1,16
5,0.36815143079119,ME2,1,16
12,1.12137123022685,ME2,1,16
15,0.895404457325568,ME2,1,16
19,0.757822548505311,ME2,1,16
7,0.571177280534532,ME_P,0.05,16
8,0.597365507606124,ME_P,0.05,16
9,0.528539158675421,ME_P,0.05,16
18,0.53214414279644,ME_P,0.05,16
6,0.556800217700796,ME_P,0.05,16
10,0.439499308393929,ME_P,0.05,16
11,0.599764945246856,ME_P,0.05,16
1,0.528005924526341,ME_P,0.05,16
3,0.602053588498302,ME_P,0.05,16
4,0.564029513728895,ME_P,0.05,16
17,0.475785772546293,ME_P,0.05,16
2,0.494896356443919,ME_P,0.05,16
13,0.487127960664133,ME_P,0.05,16
14,0.542434272817774,ME_P,0.05,16
5,0.38369948973826,ME_P,0.05,16
12,1.15624170881208,ME_P,0.05,16
15,0.803074817006613,ME_P,0.05,16
19,0.649734573751939,ME_P,0.05,16
7,0.571180104763662,ME_P,0.1,16
8,0.59736702370443,ME_P,0.1,16
9,0.528539774048866,ME_P,0.1,16
18,0.532150865022529,ME_P,0.1,16
6,0.55679201956838,ME_P,0.1,16
10,0.439510019927783,ME_P,0.1,16
11,0.599761985366447,ME_P,0.1,16
1,0.528003722661949,ME_P,0.1,16
3,0.602048133763429,ME_P,0.1,16
4,0.564024455239901,ME_P,0.1,16
17,0.475792552107679,ME_P,0.1,16
2,0.494896044202801,ME_P,0.1,16
13,0.48713339909379,ME_P,0.1,16
14,0.542432980258633,ME_P,0.1,16
5,0.383698110657864,ME_P,0.1,16
12,1.15621477452361,ME_P,0.1,16
15,0.80306586907849,ME_P,0.1,16
19,0.649733094642869,ME_P,0.1,16
7,0.571191402450076,ME_P,0.3,16
8,0.597373091631095,ME_P,0.3,16
9,0.528542239537755,ME_P,0.3,16
18,0.532177748946869,ME_P,0.3,16
6,0.556759251965173,ME_P,0.3,16
10,0.439552854763329,ME_P,0.3,16
11,0.599750159325908,ME_P,0.3,16
1,0.527994922875508,ME_P,0.3,16
3,0.602026327422759,ME_P,0.3,16
4,0.564004233511032,ME_P,0.3,16
17,0.475819665189836,ME_P,0.3,16
2,0.494894799040888,ME_P,0.3,16
13,0.487155149853959,ME_P,0.3,16
14,0.542427815341651,ME_P,0.3,16
5,0.383692603693633,ME_P,0.3,16
12,1.15610710062017,ME_P,0.3,16
15,0.803030104190717,ME_P,0.3,16
19,0.649727189840053,ME_P,0.3,16
7,0.57123095396994,ME_P,1,16
8,0.597394373739083,ME_P,1,16
9,0.528550918932535,ME_P,1,16
18,0.532271779982983,ME_P,1,16
6,0.556644878589906,ME_P,1,16
10,0.439702634517431,ME_P,1,16
11,0.599708937544907,ME_P,1,16
1,0.527964220080596,ME_P,1,16
3,0.601950163673574,ME_P,1,16
4,0.563933611221815,ME_P,1,16
17,0.475914495984569,ME_P,1,16
2,0.494890488776976,ME_P,1,16
13,0.487231240256841,ME_P,1,16
14,0.542409805013953,ME_P,1,16
5,0.383673446874636,ME_P,1,16
12,1.15573103683835,ME_P,1,16
15,0.802905264141956,ME_P,1,16
19,0.649706669153014,ME_P,1,16
7,0.556170730745815,ME2P,0.05,16
8,0.566367076101294,ME2P,0.05,16
9,0.524396229475564,ME2P,0.05,16
18,0.608117788019426,ME2P,0.05,16
6,0.589783439520591,ME2P,0.05,16
10,0.436010517063771,ME2P,0.05,16
11,0.594270331364811,ME2P,0.05,16
1,0.520756997307735,ME2P,0.05,16
3,0.603704522700464,ME2P,0.05,16
4,0.568205011313907,ME2P,0.05,16
17,0.479621363305333,ME2P,0.05,16
2,0.486813416177806,ME2P,0.05,16
13,0.489751722116858,ME2P,0.05,16
14,0.521705468072126,ME2P,0.05,16
5,0.38996694455062,ME2P,0.05,16
12,1.09524110435474,ME2P,0.05,16
15,0.819021216705758,ME2P,0.05,16
19,0.661613451972696,ME2P,0.05,16
7,0.556174954336517,ME2P,0.1,16
8,0.566370790162865,ME2P,0.1,16
9,0.524397460770343,ME2P,0.1,16
18,0.608116280347005,ME2P,0.1,16
6,0.58977350151501,ME2P,0.1,16
10,0.436021328782006,ME2P,0.1,16
11,0.594267550933808,ME2P,0.1,16
1,0.520755278440105,ME2P,0.1,16
3,0.603698828725383,ME2P,0.1,16
4,0.56819998453242,ME2P,0.1,16
17,0.479627953518614,ME2P,0.1,16
2,0.486813804311501,ME2P,0.1,16
13,0.489757077911947,ME2P,0.1,16
14,0.521705615419613,ME2P,0.1,16
5,0.389965091103431,ME2P,0.1,16
12,1.09522064178366,ME2P,0.1,16
15,0.819009478982069,ME2P,0.1,16
19,0.661610111938851,ME2P,0.1,16
7,0.556191846706256,ME2P,0.3,16
8,0.566385646528544,ME2P,0.3,16
9,0.524402388647306,ME2P,0.3,16
18,0.608110264189008,ME2P,0.3,16
6,0.58973377643834,ME2P,0.3,16
10,0.436064564240342,ME2P,0.3,16
11,0.594256442712263,ME2P,0.3,16
1,0.520748409925855,ME2P,0.3,16
3,0.603676065958382,ME2P,0.3,16
4,0.568179889270034,ME2P,0.3,16
17,0.479654309419015,ME2P,0.3,16
2,0.486815359466718,ME2P,0.3,16
13,0.489778498136089,ME2P,0.3,16
14,0.52170620805089,ME2P,0.3,16
5,0.389957687608414,ME2P,0.3,16
12,1.09513884146102,ME2P,0.3,16
15,0.818962564152873,ME2P,0.3,16
19,0.661596769181344,ME2P,0.3,16
7,0.556250944874761,ME2P,1,16
8,0.566437645226349,ME2P,1,16
9,0.524419670083241,ME2P,1,16
18,0.608089390177705,ME2P,1,16
6,0.589595077308302,ME2P,1,16
10,0.436215744734312,ME2P,1,16
11,0.594217733561976,ME2P,1,16
1,0.520724457591182,ME2P,1,16
3,0.603596561437509,ME2P,1,16
4,0.568109705044278,ME2P,1,16
17,0.479746492728738,ME2P,1,16
2,0.486820835444492,ME2P,1,16
13,0.489853431692808,ME2P,1,16
14,0.521708322998874,ME2P,1,16
5,0.389931904694666,ME2P,1,16
12,1.09485316813134,ME2P,1,16
15,0.818798815358107,ME2P,1,16
19,0.661550287801632,ME2P,1,16
7,0.678884008359975,XEN,0.05,16
8,0.698163435040216,XEN,0.05,16
9,0.587757334501201,XEN,0.05,16
18,0.767337422106878,XEN,0.05,16
6,0.71567101182794,XEN,0.05,16
10,0.70710694698351,XEN,0.05,16
11,0.666630868133804,XEN,0.05,16
1,0.567046509257247,XEN,0.05,16
3,0.612382864270262,XEN,0.05,16
4,0.556413974733442,XEN,0.05,16
17,0.686646753137918,XEN,0.05,16
2,0.513610555548321,XEN,0.05,16
13,0.677061647246083,XEN,0.05,16
14,0.605278743372524,XEN,0.05,16
5,0.368814767813416,XEN,0.05,16
12,1.18301280597816,XEN,0.05,16
15,0.890203614277524,XEN,0.05,16
19,0.753274138304973,XEN,0.05,16
7,0.678885100061843,XEN,0.1,16
8,0.698164494701447,XEN,0.1,16
9,0.587759043617652,XEN,0.1,16
18,0.767333823236729,XEN,0.1,16
6,0.715659151959416,XEN,0.1,16
10,0.707108676870253,XEN,0.1,16
11,0.666629029051865,XEN,0.1,16
1,0.567048271505388,XEN,0.1,16
3,0.612383164652314,XEN,0.1,16
4,0.55641521472379,XEN,0.1,16
17,0.686647242292642,XEN,0.1,16
2,0.513613239527098,XEN,0.1,16
13,0.677062357750518,XEN,0.1,16
14,0.605278719747497,XEN,0.1,16
5,0.368819098864109,XEN,0.1,16
12,1.18299848686088,XEN,0.1,16
15,0.890195445230161,XEN,0.1,16
19,0.753272315468097,XEN,0.1,16
7,0.678889465810481,XEN,0.3,16
8,0.698168732314322,XEN,0.3,16
9,0.58776587793654,XEN,0.3,16
18,0.767319435014301,XEN,0.3,16
6,0.715611732695719,XEN,0.3,16
10,0.707115593136634,XEN,0.3,16
11,0.66662167700265,XEN,0.3,16
1,0.567055318285663,XEN,0.3,16
3,0.612384366102227,XEN,0.3,16
4,0.556420173473188,XEN,0.3,16
17,0.686649198963164,XEN,0.3,16
2,0.513623972545612,XEN,0.3,16
13,0.677065199456191,XEN,0.3,16
14,0.605278625229071,XEN,0.3,16
5,0.368836418399409,XEN,0.3,16
12,1.18294122487151,XEN,0.3,16
15,0.890162783446774,XEN,0.3,16
19,0.753265028835827,XEN,0.3,16
7,0.678904732601448,XEN,1,16
8,0.698183550965042,XEN,1,16
9,0.587789771037539,XEN,1,16
18,0.76726916752032,XEN,1,16
6,0.715446019451765,XEN,1,16
10,0.707139758777093,XEN,1,16
11,0.666595998611818,XEN,1,16
1,0.567079954177483,XEN,1,16
3,0.612388570188448,XEN,1,16
4,0.556437513842511,XEN,1,16
17,0.686656047950768,XEN,1,16
2,0.513661501653931,XEN,1,16
13,0.677075141493201,XEN,1,16
14,0.605278294180775,XEN,1,16
5,0.36889697803715,XEN,1,16
12,1.1827409901694,XEN,1,16
15,0.890048648402544,XEN,1,16
19,0.753239584910971,XEN,1,16
7,0.582787273719381,MP_cal,0.05,17
8,0.603763147169316,MP_cal,0.05,17
9,0.535209995289275,MP_cal,0.05,17
18,0.557552368272703,MP_cal,0.05,17
6,0.585072261507429,MP_cal,0.05,17
10,0.461322631221563,MP_cal,0.05,17
11,0.586745914920873,MP_cal,0.05,17
1,0.53043290990561,MP_cal,0.05,17
3,0.599561369337615,MP_cal,0.05,17
4,0.584859333763436,MP_cal,0.05,17
16,0.568482463987252,MP_cal,0.05,17
2,0.507836065775221,MP_cal,0.05,17
13,0.501410402007749,MP_cal,0.05,17
14,0.513208086082658,MP_cal,0.05,17
5,0.437572613719049,MP_cal,0.05,17
12,0.930083307782692,MP_cal,0.05,17
15,0.755308062700856,MP_cal,0.05,17
19,0.653118610673641,MP_cal,0.05,17
7,0.582790406503642,MP_cal,0.1,17
8,0.603764767580544,MP_cal,0.1,17
9,0.5352114112985,MP_cal,0.1,17
18,0.557558845369592,MP_cal,0.1,17
6,0.585064944023422,MP_cal,0.1,17
10,0.46133337542304,MP_cal,0.1,17
11,0.586744033701159,MP_cal,0.1,17
1,0.530430784661114,MP_cal,0.1,17
3,0.599556103196629,MP_cal,0.1,17
4,0.584853981135362,MP_cal,0.1,17
16,0.568483659444034,MP_cal,0.1,17
2,0.507835905768244,MP_cal,0.1,17
13,0.50141598579665,MP_cal,0.1,17
14,0.513208196588237,MP_cal,0.1,17
5,0.437569373770479,MP_cal,0.1,17
12,0.930071378075728,MP_cal,0.1,17
15,0.755303321979667,MP_cal,0.1,17
19,0.653118028260822,MP_cal,0.1,17
7,0.582802937125185,MP_cal,0.3,17
8,0.603771252233666,MP_cal,0.3,17
9,0.535217076940105,MP_cal,0.3,17
18,0.557584748416888,MP_cal,0.3,17
6,0.585035694890351,MP_cal,0.3,17
10,0.461376340297956,MP_cal,0.3,17
11,0.586736520113889,MP_cal,0.3,17
1,0.530422291311828,MP_cal,0.3,17
3,0.599535051283549,MP_cal,0.3,17
4,0.584832582671193,MP_cal,0.3,17
16,0.568488444272756,MP_cal,0.3,17
2,0.507835268749559,MP_cal,0.3,17
13,0.501438317487807,MP_cal,0.3,17
14,0.513208641931054,MP_cal,0.3,17
5,0.437556425674824,MP_cal,0.3,17
12,0.930023690956043,MP_cal,0.3,17
15,0.75528437643837,MP_cal,0.3,17
19,0.653115707759239,MP_cal,0.3,17
7,0.582846787765333,MP_cal,1,17
8,0.603793986290482,MP_cal,1,17
9,0.535236926822861,MP_cal,1,17
18,0.557675341861605,MP_cal,1,17
6,0.584933584348983,MP_cal,1,17
10,0.461526567256477,MP_cal,1,17
11,0.586710364402212,MP_cal,1,17
1,0.530392660511107,MP_cal,1,17
3,0.599461528680069,MP_cal,1,17
4,0.584757839562147,MP_cal,1,17
16,0.568505228887699,MP_cal,1,17
2,0.50783307701293,MP_cal,1,17
13,0.501516434785707,MP_cal,1,17
14,0.513210242369952,MP_cal,1,17
5,0.437511254341476,MP_cal,1,17
12,0.929857184546034,MP_cal,1,17
15,0.755218284975124,MP_cal,1,17
19,0.653107700930645,MP_cal,1,17
7,0.689163296265101,ME,0.05,17
8,0.726474761158165,ME,0.05,17
9,0.592672440058575,ME,0.05,17
18,0.718396988993398,ME,0.05,17
6,0.472986236632827,ME,0.05,17
10,0.69079093029783,ME,0.05,17
11,0.66466187498378,ME,0.05,17
1,0.583575046665858,ME,0.05,17
3,0.615457329155974,ME,0.05,17
4,0.552433921711636,ME,0.05,17
16,0.67172650290594,ME,0.05,17
2,0.530472142197868,ME,0.05,17
13,0.678665492821936,ME,0.05,17
14,0.62451095314032,ME,0.05,17
5,0.358084853554682,ME,0.05,17
12,1.20129949461121,ME,0.05,17
15,0.883010716276808,ME,0.05,17
19,0.748274117161239,ME,0.05,17
7,0.689163767870639,ME,0.1,17
8,0.726474172399988,ME,0.1,17
9,0.592673413696019,ME,0.1,17
18,0.718397719106761,ME,0.1,17
6,0.47299004568602,ME,0.1,17
10,0.690791621298897,ME,0.1,17
11,0.664660762749219,ME,0.1,17
1,0.583575497058762,ME,0.1,17
3,0.615457458996052,ME,0.1,17
4,0.552435102218398,ME,0.1,17
16,0.671727264461047,ME,0.1,17
2,0.530473340650146,ME,0.1,17
13,0.678666195063117,ME,0.1,17
14,0.624509550962124,ME,0.1,17
5,0.358089524250081,ME,0.1,17
12,1.20127963650812,ME,0.1,17
15,0.883004491182318,ME,0.1,17
19,0.748273498104692,ME,0.1,17
7,0.689165653974895,ME,0.3,17
8,0.726471818121889,ME,0.3,17
9,0.592677307455193,ME,0.3,17
18,0.718400639067167,ME,0.3,17
6,0.473005278385313,ME,0.3,17
10,0.690794385022598,ME,0.3,17
11,0.664656315229398,ME,0.3,17
1,0.583577298332803,ME,0.3,17
3,0.61545797838895,ME,0.3,17
4,0.552439823448126,ME,0.3,17
16,0.671730310253513,ME,0.3,17
2,0.530478133610342,ME,0.3,17
13,0.678669003663047,ME,0.3,17
14,0.62450394350279,ME,0.3,17
5,0.358108202317236,ME,0.3,17
12,1.20120023078722,ME,0.3,17
15,0.882979600144032,ME,0.3,17
19,0.74827102360109,ME,0.3,17
7,0.689172251336728,ME,1,17
8,0.726463587645783,ME,1,17
9,0.592690925658651,ME,1,17
18,0.718410852719953,ME,1,17
6,0.473058548603244,ME,1,17
10,0.690804054519112,ME,1,17
11,0.664640766760942,ME,1,17
1,0.583583599044931,ME,1,17
3,0.615459796673219,ME,1,17
4,0.552456337712571,ME,1,17
16,0.671740965137521,ME,1,17
2,0.530494898282313,ME,1,17
13,0.678678829168389,ME,1,17
14,0.624484333175069,ME,1,17
5,0.358173516215698,ME,1,17
12,1.20092264661401,ME,1,17
15,0.882892599018159,ME,1,17
19,0.748262384503944,ME,1,17
7,0.677679267789914,ME2,0.05,17
8,0.698254021426799,ME2,0.05,17
9,0.588196222981829,ME2,0.05,17
18,0.788959946393279,ME2,0.05,17
6,0.543200192014092,ME2,0.05,17
10,0.68392572408747,ME2,0.05,17
11,0.65211350657046,ME2,0.05,17
1,0.572832341909165,ME2,0.05,17
3,0.615639115821676,ME2,0.05,17
4,0.558321207358999,ME2,0.05,17
16,0.667387841555008,ME2,0.05,17
2,0.518037433668473,ME2,0.05,17
13,0.682884908664321,ME2,0.05,17
14,0.596443033169718,ME2,0.05,17
5,0.364857820382157,ME2,0.05,17
12,1.11905435664666,ME2,0.05,17
15,0.903684084257935,ME2,0.05,17
19,0.763227049388444,ME2,0.05,17
7,0.677680433768368,ME2,0.1,17
8,0.698254897687494,ME2,0.1,17
9,0.588197725259762,ME2,0.1,17
18,0.78895495437708,ME2,0.1,17
6,0.543198317450599,ME2,0.1,17
10,0.683925945382193,ME2,0.1,17
11,0.652112945182975,ME2,0.1,17
1,0.572833593776445,ME2,0.1,17
3,0.615639108306435,ME2,0.1,17
4,0.558322237711631,ME2,0.1,17
16,0.667388953078063,ME2,0.1,17
2,0.518039617996478,ME2,0.1,17
13,0.682885424321853,ME2,0.1,17
14,0.596443408131185,ME2,0.1,17
5,0.364862290367828,ME2,0.1,17
12,1.11904132416616,ME2,0.1,17
15,0.903675046394426,ME2,0.1,17
19,0.763224616663648,ME2,0.1,17
7,0.677685096663532,ME2,0.3,17
8,0.698258402259963,ME2,0.3,17
9,0.588203732699869,ME2,0.3,17
18,0.788934995340493,ME2,0.3,17
6,0.543190824631365,ME2,0.3,17
10,0.683926833750361,ME2,0.3,17
11,0.6521107014259,ME2,0.3,17
1,0.572838599898128,ME2,0.3,17
3,0.615639078685906,ME2,0.3,17
4,0.558326358331778,ME2,0.3,17
16,0.667393398354345,ME2,0.3,17
2,0.518048353182743,ME2,0.3,17
13,0.682887486779833,ME2,0.3,17
14,0.596444907381271,ME2,0.3,17
5,0.364880165286595,ME2,0.3,17
12,1.11898921236472,ME2,0.3,17
15,0.903638910861555,ME2,0.3,17
19,0.763214891368066,ME2,0.3,17
7,0.6777014039706,ME2,1,17
8,0.698270662333392,ME2,1,17
9,0.588224737701883,ME2,1,17
18,0.788865252276955,ME2,1,17
6,0.543164668101947,ME2,1,17
10,0.68392998308701,ME2,1,17
11,0.652102870807547,ME2,1,17
1,0.572856104364667,ME2,1,17
3,0.615638980551681,ME2,1,17
4,0.55834077055147,ME2,1,17
16,0.66740894654723,ME2,1,17
2,0.518078899576421,ME2,1,17
13,0.682894703212477,ME2,1,17
14,0.596450147257607,ME2,1,17
5,0.364942664283842,ME2,1,17
12,1.11880704901678,ME2,1,17
15,0.903512636752447,ME2,1,17
19,0.763180923301122,ME2,1,17
7,0.577945658857484,ME_P,0.05,17
8,0.607761996490317,ME_P,0.05,17
9,0.525274651472528,ME_P,0.05,17
18,0.550430604567099,ME_P,0.05,17
6,0.543337013091577,ME_P,0.05,17
10,0.454673805054343,ME_P,0.05,17
11,0.596935265951606,ME_P,0.05,17
1,0.528005924526341,ME_P,0.05,17
3,0.602053588498302,ME_P,0.05,17
4,0.564029513728895,ME_P,0.05,17
16,0.556179087364675,ME_P,0.05,17
2,0.48784708529838,ME_P,0.05,17
13,0.489218615784694,ME_P,0.05,17
14,0.536372260826021,ME_P,0.05,17
5,0.37048178537966,ME_P,0.05,17
12,1.16522801716619,ME_P,0.05,17
15,0.821567254339697,ME_P,0.05,17
19,0.657145970438644,ME_P,0.05,17
7,0.577948779039076,ME_P,0.1,17
8,0.607763767797257,ME_P,0.1,17
9,0.525275959046928,ME_P,0.1,17
18,0.550436988800572,ME_P,0.1,17
6,0.543330004665114,ME_P,0.1,17
10,0.454684428195081,ME_P,0.1,17
11,0.596933186060188,ME_P,0.1,17
1,0.528003722661949,ME_P,0.1,17
3,0.602048133763429,ME_P,0.1,17
4,0.564024455239901,ME_P,0.1,17
16,0.556180401133346,ME_P,0.1,17
2,0.487847319505119,ME_P,0.1,17
13,0.489224416595877,ME_P,0.1,17
14,0.536371583066912,ME_P,0.1,17
5,0.370481164499869,ME_P,0.1,17
12,1.16520240408148,ME_P,0.1,17
15,0.821558196354149,ME_P,0.1,17
19,0.657144777077498,ME_P,0.1,17
7,0.577961259430452,ME_P,0.3,17
8,0.607770855327543,ME_P,0.3,17
9,0.525281191630646,ME_P,0.3,17
18,0.550462520813899,ME_P,0.3,17
6,0.543301992912988,ME_P,0.3,17
10,0.454726909037771,ME_P,0.3,17
11,0.596924877504845,ME_P,0.3,17
1,0.527994922875508,ME_P,0.3,17
3,0.602026327422759,ME_P,0.3,17
4,0.564004233511032,ME_P,0.3,17
16,0.556185659307112,ME_P,0.3,17
2,0.487848259095419,ME_P,0.3,17
13,0.489247616122931,ME_P,0.3,17
14,0.536368876127329,ME_P,0.3,17
5,0.370478688630303,ME_P,0.3,17
12,1.16510000891162,ME_P,0.3,17
15,0.821521989698375,ME_P,0.3,17
19,0.657140013723322,ME_P,0.3,17
7,0.578004936532453,ME_P,1,17
8,0.607795690581648,ME_P,1,17
9,0.525299534375829,ME_P,1,17
18,0.550551820914372,ME_P,1,17
6,0.543204227666425,ME_P,1,17
10,0.454875444535074,ME_P,1,17
11,0.596895935875053,ME_P,1,17
1,0.527964220080596,ME_P,1,17
3,0.601950163673574,ME_P,1,17
4,0.563933611221815,ME_P,1,17
16,0.556204101853552,ME_P,1,17
2,0.487851582396235,ME_P,1,17
13,0.489328767661347,ME_P,1,17
14,0.536359453344943,ME_P,1,17
5,0.370470119184252,ME_P,1,17
12,1.16474234434845,ME_P,1,17
15,0.821395584171823,ME_P,1,17
19,0.657123468734807,ME_P,1,17
7,0.562303712285362,ME2P,0.05,17
8,0.575335402666575,ME2P,0.05,17
9,0.519790386433101,ME2P,0.05,17
18,0.642544031626197,ME2P,0.05,17
6,0.579045142710279,ME2P,0.05,17
10,0.450915443652086,ME2P,0.05,17
11,0.590461964559152,ME2P,0.05,17
1,0.520756997307735,ME2P,0.05,17
3,0.603704522700464,ME2P,0.05,17
4,0.568205011313907,ME2P,0.05,17
16,0.552832499526894,ME2P,0.05,17
2,0.477995159325362,ME2P,0.05,17
13,0.493033498197766,ME2P,0.05,17
14,0.512290557168985,ME2P,0.05,17
5,0.377625555201539,ME2P,0.05,17
12,1.08604340003362,ME2P,0.05,17
15,0.844580199174726,ME2P,0.05,17
19,0.674578707519424,ME2P,0.05,17
7,0.562308194045022,ME2P,0.1,17
8,0.575339190191033,ME2P,0.1,17
9,0.519792439369259,ME2P,0.1,17
18,0.642540789695547,ME2P,0.1,17
6,0.57903658407286,ME2P,0.1,17
10,0.45092614269521,ME2P,0.1,17
11,0.590460057251542,ME2P,0.1,17
1,0.520755278440105,ME2P,0.1,17
3,0.603698828725383,ME2P,0.1,17
4,0.56819998453242,ME2P,0.1,17
16,0.552834202705834,ME2P,0.1,17
2,0.477996182291084,ME2P,0.1,17
13,0.493039140792367,ME2P,0.1,17
14,0.512291439225128,ME2P,0.1,17
5,0.377624456183259,ME2P,0.1,17
12,1.08602541253287,ME2P,0.1,17
15,0.844567348033149,ME2P,0.1,17
19,0.674574927151953,ME2P,0.1,17
7,0.56232611820618,ME2P,0.3,17
8,0.57535433991217,ME2P,0.3,17
9,0.519800651850459,ME2P,0.3,17
18,0.642527839008488,ME2P,0.3,17
6,0.579002372638523,ME2P,0.3,17
10,0.450968927089467,ME2P,0.3,17
11,0.590452439128271,ME2P,0.3,17
1,0.520748409925855,ME2P,0.3,17
3,0.603676065958382,ME2P,0.3,17
4,0.568179889270034,ME2P,0.3,17
16,0.55284101770669,ME2P,0.3,17
2,0.478000275644117,ME2P,0.3,17
13,0.493061707580456,ME2P,0.3,17
14,0.51229496937903,ME2P,0.3,17
5,0.377620068753182,ME2P,0.3,17
12,1.08595350505828,ME2P,0.3,17
15,0.844515981035472,ME2P,0.3,17
19,0.674559823606106,ME2P,0.3,17
7,0.562388816528676,ME2P,1,17
8,0.575407359120827,ME2P,1,17
9,0.519829404747758,ME2P,1,17
18,0.642482725649666,ME2P,1,17
6,0.578882923133612,ME2P,1,17
10,0.451118524291254,ME2P,1,17
11,0.590425915223867,ME2P,1,17
1,0.520724457591182,ME2P,1,17
3,0.603596561437509,ME2P,1,17
4,0.568109705044278,ME2P,1,17
16,0.552864898912397,ME2P,1,17
2,0.478014621099502,ME2P,1,17
13,0.493140646136111,ME2P,1,17
14,0.512307349156203,ME2P,1,17
5,0.37760482132169,ME2P,1,17
12,1.08570236331766,ME2P,1,17
15,0.844336668565725,ME2P,1,17
19,0.674507186341783,ME2P,1,17
7,0.678832495956684,XEN,0.05,17
8,0.697338796566084,XEN,0.05,17
9,0.586500010854753,XEN,0.05,17
18,0.782457353516787,XEN,0.05,17
6,0.716197355785527,XEN,0.05,17
10,0.704848085698704,XEN,0.05,17
11,0.666552350266501,XEN,0.05,17
1,0.567046509257247,XEN,0.05,17
3,0.612382864270262,XEN,0.05,17
4,0.556413974733442,XEN,0.05,17
16,0.666712085068253,XEN,0.05,17
2,0.510859374266279,XEN,0.05,17
13,0.678474077001607,XEN,0.05,17
14,0.600199733312967,XEN,0.05,17
5,0.365936948617089,XEN,0.05,17
12,1.1812988283534,XEN,0.05,17
15,0.897488893819841,XEN,0.05,17
19,0.758268277632758,XEN,0.05,17
7,0.678833589008821,XEN,0.1,17
8,0.697339854167395,XEN,0.1,17
9,0.586501781405319,XEN,0.1,17
18,0.782453029171282,XEN,0.1,17
6,0.716185174484848,XEN,0.1,17
10,0.70484974019169,XEN,0.1,17
11,0.666550238157295,XEN,0.1,17
1,0.567048271505388,XEN,0.1,17
3,0.612383164652314,XEN,0.1,17
4,0.55641521472379,XEN,0.1,17
16,0.666713284819761,XEN,0.1,17
2,0.510862120632046,XEN,0.1,17
13,0.678474795682864,XEN,0.1,17
14,0.600199757214831,XEN,0.1,17
5,0.365941411809917,XEN,0.1,17
12,1.18128479216216,XEN,0.1,17
15,0.897480212138745,XEN,0.1,17
19,0.75826618517939,XEN,0.1,17
7,0.678837960213481,XEN,0.3,17
8,0.697344083652797,XEN,0.3,17
9,0.586508861329548,XEN,0.3,17
18,0.782435740037684,XEN,0.3,17
6,0.716136470527066,XEN,0.3,17
10,0.704856355637267,XEN,0.3,17
11,0.666541794823352,XEN,0.3,17
1,0.567055318285663,XEN,0.3,17
3,0.612384366102227,XEN,0.3,17
4,0.556420173473188,XEN,0.3,17
16,0.666718082844902,XEN,0.3,17
2,0.510873103109951,XEN,0.3,17
13,0.678477670083164,XEN,0.3,17
14,0.600199852827914,XEN,0.3,17
5,0.365959259552104,XEN,0.3,17
12,1.18122866138938,XEN,0.3,17
15,0.897445501134658,XEN,0.3,17
19,0.758257820776096,XEN,0.3,17
7,0.678853246791348,XEN,1,17
8,0.697358875268401,XEN,1,17
9,0.586533612399962,XEN,1,17
18,0.782375331812006,XEN,1,17
6,0.715966273851291,XEN,1,17
10,0.704879477881365,XEN,1,17
11,0.66651230729625,XEN,1,17
1,0.567079954177483,XEN,1,17
3,0.612388570188448,XEN,1,17
4,0.556437513842511,XEN,1,17
16,0.666734863583516,XEN,1,17
2,0.510911504211375,XEN,1,17
13,0.678487726391853,XEN,1,17
14,0.600200187540596,XEN,1,17
5,0.366021663366063,XEN,1,17
12,1.18103237981907,XEN,1,17
15,0.897324210338313,XEN,1,17
19,0.758228613387606,XEN,1,17
7,0.582787273719381,MP_cal,0.05,18
8,0.603763147169316,MP_cal,0.05,18
9,0.535209995289275,MP_cal,0.05,18
17,0.532278932651177,MP_cal,0.05,18
6,0.573668061012796,MP_cal,0.05,18
10,0.471181538774776,MP_cal,0.05,18
11,0.583286131981533,MP_cal,0.05,18
1,0.525445104477383,MP_cal,0.05,18
3,0.602803240982834,MP_cal,0.05,18
4,0.57589751699712,MP_cal,0.05,18
16,0.564734941865434,MP_cal,0.05,18
2,0.497324855828346,MP_cal,0.05,18
13,0.507975523551919,MP_cal,0.05,18
14,0.502724690122353,MP_cal,0.05,18
5,0.425787545087676,MP_cal,0.05,18
12,0.94938918320631,MP_cal,0.05,18
15,0.76660000192855,MP_cal,0.05,18
19,0.66746181996706,MP_cal,0.05,18
7,0.582790406503642,MP_cal,0.1,18
8,0.603764767580544,MP_cal,0.1,18
9,0.5352114112985,MP_cal,0.1,18
17,0.532286017031299,MP_cal,0.1,18
6,0.57366058913248,MP_cal,0.1,18
10,0.47119212137664,MP_cal,0.1,18
11,0.583284174171961,MP_cal,0.1,18
1,0.525443058645111,MP_cal,0.1,18
3,0.602797755475355,MP_cal,0.1,18
4,0.575892461644767,MP_cal,0.1,18
16,0.564736548759263,MP_cal,0.1,18
2,0.497324970169234,MP_cal,0.1,18
13,0.507980966965089,MP_cal,0.1,18
14,0.502725145742053,MP_cal,0.1,18
5,0.425784614679347,MP_cal,0.1,18
12,0.949376622895388,MP_cal,0.1,18
15,0.766595038712135,MP_cal,0.1,18
19,0.667460709937552,MP_cal,0.1,18
7,0.582802937125185,MP_cal,0.3,18
8,0.603771252233666,MP_cal,0.3,18
9,0.535217076940105,MP_cal,0.3,18
17,0.53231434796346,MP_cal,0.3,18
6,0.573630723659117,MP_cal,0.3,18
10,0.471234440052846,MP_cal,0.3,18
11,0.583276355123618,MP_cal,0.3,18
1,0.525434882947178,MP_cal,0.3,18
3,0.602775826471413,MP_cal,0.3,18
4,0.575872251944314,MP_cal,0.3,18
16,0.564742978789654,MP_cal,0.3,18
2,0.497325430187467,MP_cal,0.3,18
13,0.508002737343643,MP_cal,0.3,18
14,0.502726971122851,MP_cal,0.3,18
5,0.425772904202055,MP_cal,0.3,18
12,0.949326415277232,MP_cal,0.3,18
15,0.766575204069073,MP_cal,0.3,18
19,0.667456280301026,MP_cal,0.3,18
7,0.582846787765333,MP_cal,1,18
8,0.603793986290482,MP_cal,1,18
9,0.535236926822861,MP_cal,1,18
17,0.532413423311612,MP_cal,1,18
6,0.573526471544442,MP_cal,1,18
10,0.471382407826555,MP_cal,1,18
11,0.583249141566413,MP_cal,1,18
1,0.525406363954669,MP_cal,1,18
3,0.602699238766619,MP_cal,1,18
4,0.57580166523956,MP_cal,1,18
16,0.564765514734469,MP_cal,1,18
2,0.497327073618408,MP_cal,1,18
13,0.508078892440969,MP_cal,1,18
14,0.502733396427903,MP_cal,1,18
5,0.425732057706389,MP_cal,1,18
12,0.949151111206555,MP_cal,1,18
15,0.766506011788297,MP_cal,1,18
19,0.667440908232896,MP_cal,1,18
7,0.689163296265101,ME,0.05,18
8,0.726474761158165,ME,0.05,18
9,0.592672440058575,ME,0.05,18
17,0.695677143126715,ME,0.05,18
6,0.46851747546662,ME,0.05,18
10,0.693464579780978,ME,0.05,18
11,0.660377132845203,ME,0.05,18
1,0.579824975815024,ME,0.05,18
3,0.612219673455685,ME,0.05,18
4,0.549356749691389,ME,0.05,18
16,0.672927987778173,ME,0.05,18
2,0.525318321233281,ME,0.05,18
13,0.679878246268703,ME,0.05,18
14,0.618283134667406,ME,0.05,18
5,0.350383993042284,ME,0.05,18
12,1.21735745358873,ME,0.05,18
15,0.892894186527412,ME,0.05,18
19,0.754524982212862,ME,0.05,18
7,0.689163767870639,ME,0.1,18
8,0.726474172399988,ME,0.1,18
9,0.592673413696019,ME,0.1,18
17,0.695677948217591,ME,0.1,18
6,0.468521140596275,ME,0.1,18
10,0.693465344191739,ME,0.1,18
11,0.660376077716829,ME,0.1,18
1,0.579825412267569,ME,0.1,18
3,0.612219824488883,ME,0.1,18
4,0.54935789410921,ME,0.1,18
16,0.672928780702941,ME,0.1,18
2,0.525319484509429,ME,0.1,18
13,0.679878985305276,ME,0.1,18
14,0.6182817490347,ME,0.1,18
5,0.350388681749115,ME,0.1,18
12,1.21733686020625,ME,0.1,18
15,0.892887703090768,ME,0.1,18
19,0.754524315220651,ME,0.1,18
7,0.689165653974895,ME,0.3,18
8,0.726471818121889,ME,0.3,18
9,0.592677307455193,ME,0.3,18
17,0.695681168048994,ME,0.3,18
6,0.468535797603197,ME,0.3,18
10,0.693468401448072,ME,0.3,18
11,0.660371858593837,ME,0.3,18
1,0.579827157781953,ME,0.3,18
3,0.612220428634796,ME,0.3,18
4,0.549362470987625,ME,0.3,18
16,0.672931951937123,ME,0.3,18
2,0.525324136770511,ME,0.3,18
13,0.679881941049006,ME,0.3,18
14,0.618276207764787,ME,0.3,18
5,0.3504074316832,ME,0.3,18
12,1.21725451518315,ME,0.3,18
15,0.892861779357553,ME,0.3,18
19,0.754521649135063,ME,0.3,18
7,0.689172251336728,ME,1,18
8,0.726463587645783,ME,1,18
9,0.592690925658651,ME,1,18
17,0.695692430758353,ME,1,18
6,0.468587052921597,ME,1,18
10,0.693479096972756,ME,1,18
11,0.660357109162232,ME,1,18
1,0.579833263357676,ME,1,18
3,0.612222543309516,ME,1,18
4,0.549378480078643,ME,1,18
16,0.672943045402239,ME,1,18
2,0.525340409063699,ME,1,18
13,0.679892281082142,ME,1,18
14,0.618256829193622,ME,1,18
5,0.350472994867805,ME,1,18
12,1.21696666627906,ME,1,18
15,0.892771172269875,ME,1,18
19,0.754512341520639,ME,1,18
7,0.677679267789914,ME2,0.05,18
8,0.698254021426799,ME2,0.05,18
9,0.588196222981829,ME2,0.05,18
17,0.707513743918821,ME2,0.05,18
6,0.617833211417345,ME2,0.05,18
10,0.690808879830499,ME2,0.05,18
11,0.630732620582843,ME2,0.05,18
1,0.557237481645312,ME2,0.05,18
3,0.607689739547835,ME2,0.05,18
4,0.555653623540938,ME2,0.05,18
16,0.667118966986886,ME2,0.05,18
2,0.495208366369469,ME2,0.05,18
13,0.696734868112139,ME2,0.05,18
14,0.558381100234586,ME2,0.05,18
5,0.35623559966324,ME2,0.05,18
12,1.05050076658212,ME2,0.05,18
15,0.955759050350969,ME2,0.05,18
19,0.80199732649739,ME2,0.05,18
7,0.677680433768368,ME2,0.1,18
8,0.698254897687494,ME2,0.1,18
9,0.588197725259762,ME2,0.1,18
17,0.70751386976558,ME2,0.1,18
6,0.617824399217345,ME2,0.1,18
10,0.690806627216123,ME2,0.1,18
11,0.630732747796267,ME2,0.1,18
1,0.557239492227179,ME2,0.1,18
3,0.60769005663624,ME2,0.1,18
4,0.555654743920656,ME2,0.1,18
16,0.66712027266739,ME2,0.1,18
2,0.495211563039755,ME2,0.1,18
13,0.696734549752242,ME2,0.1,18
14,0.558382988568503,ME2,0.1,18
5,0.356240757638479,ME2,0.1,18
12,1.05049186162768,ME2,0.1,18
15,0.95574454338583,ME2,0.1,18
19,0.801991108726669,ME2,0.1,18
7,0.677685096663532,ME2,0.3,18
8,0.698258402259963,ME2,0.3,18
9,0.588203732699869,ME2,0.3,18
17,0.707514373631961,ME2,0.3,18
6,0.617789170490063,ME2,0.3,18
10,0.690797629377719,ME2,0.3,18
11,0.630733258879346,ME2,0.3,18
1,0.557247532147516,ME2,0.3,18
3,0.607691325087456,ME2,0.3,18
4,0.555659224412757,ME2,0.3,18
16,0.667125494296505,ME2,0.3,18
2,0.495224346293833,ME2,0.3,18
13,0.696733277441441,ME2,0.3,18
14,0.558390539769197,ME2,0.3,18
5,0.356261382472835,ME2,0.3,18
12,1.05045625614998,ME2,0.3,18
15,0.95568654565504,ME2,0.3,18
19,0.801966252593534,ME2,0.3,18
7,0.6777014039706,ME2,1,18
8,0.698270662333392,ME2,1,18
9,0.588224737701883,ME2,1,18
17,0.707516143186879,ME2,1,18
6,0.617666122302469,ME2,1,18
10,0.690766295454998,ME2,1,18
11,0.630735075648536,ME2,1,18
1,0.557275641576006,ME2,1,18
3,0.607695765887877,ME2,1,18
4,0.555674893210426,ME2,1,18
16,0.667143756238799,ME2,1,18
2,0.49526904454932,ME2,1,18
13,0.696728838550479,ME2,1,18
14,0.558416942099301,ME2,1,18
5,0.356333480499615,ME2,1,18
12,1.0503318173103,ME2,1,18
15,0.955483932426814,ME2,1,18
19,0.801879444067918,ME2,1,18
7,0.577945658857484,ME_P,0.05,18
8,0.607761996490317,ME_P,0.05,18
9,0.525274651472528,ME_P,0.05,18
17,0.524345693255185,ME_P,0.05,18
6,0.539636966575257,ME_P,0.05,18
10,0.465122820538242,ME_P,0.05,18
11,0.591315882061991,ME_P,0.05,18
1,0.523161429199676,ME_P,0.05,18
3,0.605064228488484,ME_P,0.05,18
4,0.556577243696272,ME_P,0.05,18
16,0.552737926357345,ME_P,0.05,18
2,0.47960726230769,ME_P,0.05,18
13,0.495950291754806,ME_P,0.05,18
14,0.524181065361491,ME_P,0.05,18
5,0.361611918460516,ME_P,0.05,18
12,1.18155059571657,ME_P,0.05,18
15,0.832275045560775,ME_P,0.05,18
19,0.67119638814059,ME_P,0.05,18
7,0.577948779039076,ME_P,0.1,18
8,0.607763767797257,ME_P,0.1,18
9,0.525275959046928,ME_P,0.1,18
17,0.524352632353462,ME_P,0.1,18
6,0.53962913600802,ME_P,0.1,18
10,0.465133184279861,ME_P,0.1,18
11,0.591313964363325,ME_P,0.1,18
1,0.523159317391382,ME_P,0.1,18
3,0.605058570219291,ME_P,0.1,18
4,0.55657242657947,ME_P,0.1,18
16,0.552739613503132,ME_P,0.1,18
2,0.479607657146722,ME_P,0.1,18
13,0.495955919336314,ME_P,0.1,18
14,0.52418087768127,ME_P,0.1,18
5,0.36161144379753,ME_P,0.1,18
12,1.18152487895385,ME_P,0.1,18
15,0.832265927803699,ME_P,0.1,18
19,0.671194722442352,ME_P,0.1,18
7,0.577961259430452,ME_P,0.3,18
8,0.607770855327543,ME_P,0.3,18
9,0.525281191630646,ME_P,0.3,18
17,0.524380382711217,ME_P,0.3,18
6,0.539597838796946,ME_P,0.3,18
10,0.465174628051307,ME_P,0.3,18
11,0.591306304808604,ME_P,0.3,18
1,0.523150877809148,ME_P,0.3,18
3,0.605035950067539,ME_P,0.3,18
4,0.556553170107183,ME_P,0.3,18
16,0.5527463647305,ME_P,0.3,18
2,0.479609239077285,ME_P,0.3,18
13,0.495978426215738,ME_P,0.3,18
14,0.524180130344191,ME_P,0.3,18
5,0.36160955261814,ME_P,0.3,18
12,1.18142206906677,ME_P,0.3,18
15,0.832229482259121,ME_P,0.3,18
19,0.671188070843741,ME_P,0.3,18
7,0.578004936532453,ME_P,1,18
8,0.607795690581648,ME_P,1,18
9,0.525299534375829,ME_P,1,18
17,0.524477432999786,ME_P,1,18
6,0.539488613417909,ME_P,1,18
10,0.465319540398994,ME_P,1,18
11,0.591279637547364,ME_P,1,18
1,0.523121435472912,ME_P,1,18
3,0.604956942081726,ME_P,1,18
4,0.556485923292495,ME_P,1,18
16,0.55277002724085,ME_P,1,18
2,0.479614808190973,ME_P,1,18
13,0.496057156896393,ME_P,1,18
14,0.524177557200025,ME_P,1,18
5,0.361603027356195,ME_P,1,18
12,1.18106295292969,ME_P,1,18
15,0.832102243098561,ME_P,1,18
19,0.671164930871553,ME_P,1,18
7,0.562303712285362,ME2P,0.05,18
8,0.575335402666575,ME2P,0.05,18
9,0.519790386433101,ME2P,0.05,18
17,0.541214670841625,ME2P,0.05,18
6,0.663949059550574,ME2P,0.05,18
10,0.459909630812224,ME2P,0.05,18
11,0.566966711022512,ME2P,0.05,18
1,0.502021946946533,ME2P,0.05,18
3,0.603752049626916,ME2P,0.05,18
4,0.562697863318566,ME2P,0.05,18
16,0.546877611576682,ME2P,0.05,18
2,0.448845390245897,ME2P,0.05,18
13,0.515321883810754,ME2P,0.05,18
14,0.458474709411874,ME2P,0.05,18
5,0.369731002148933,ME2P,0.05,18
12,1.00520723055384,ME2P,0.05,18
15,0.907799890214249,ME2P,0.05,18
19,0.730625925137224,ME2P,0.05,18
7,0.562308194045022,ME2P,0.1,18
8,0.575339190191033,ME2P,0.1,18
9,0.519792439369259,ME2P,0.1,18
17,0.5412201859745,ME2P,0.1,18
6,0.663930422153024,ME2P,0.1,18
10,0.459919207203616,ME2P,0.1,18
11,0.566966045618964,ME2P,0.1,18
1,0.502021445449558,ME2P,0.1,18
3,0.603746143501618,ME2P,0.1,18
4,0.562693059799459,ME2P,0.1,18
16,0.546880085424499,ME2P,0.1,18
2,0.448848181928046,ME2P,0.1,18
13,0.515326011922646,ME2P,0.1,18
14,0.458478908195699,ME2P,0.1,18
5,0.369730328484829,ME2P,0.1,18
12,1.00519654087616,ME2P,0.1,18
15,0.907778592278684,ME2P,0.1,18
19,0.730615352312561,ME2P,0.1,18
7,0.56232611820618,ME2P,0.3,18
8,0.57535433991217,ME2P,0.3,18
9,0.519800651850459,ME2P,0.3,18
17,0.541242243371743,ME2P,0.3,18
6,0.663855924718512,ME2P,0.3,18
10,0.4599575054193,ME2P,0.3,18
11,0.566963393913846,ME2P,0.3,18
1,0.502019444385058,ME2P,0.3,18
3,0.603722533086593,ME2P,0.3,18
4,0.562673857426917,ME2P,0.3,18
16,0.546889981703186,ME2P,0.3,18
2,0.448859347116356,ME2P,0.3,18
13,0.515342523717126,ME2P,0.3,18
14,0.458495699835233,ME2P,0.3,18
5,0.369727641933308,ME2P,0.3,18
12,1.00515381152843,ME2P,0.3,18
15,0.907693468386184,ME2P,0.3,18
19,0.730573101866718,ME2P,0.3,18
7,0.562388816528676,ME2P,1,18
8,0.575407359120827,ME2P,1,18
9,0.519829404747758,ME2P,1,18
17,0.541319404770918,ME2P,1,18
6,0.663595838976687,ME2P,1,18
10,0.460091456591687,ME2P,1,18
11,0.566954237361814,ME2P,1,18
1,0.502012502554528,ME2P,1,18
3,0.60364007376348,ME2P,1,18
4,0.562606796298444,ME2P,1,18
16,0.54692462980359,ME2P,1,18
2,0.448898405880645,ME2P,1,18
13,0.515400306728569,ME2P,1,18
14,0.458554426577809,ME2P,1,18
5,0.36971834077498,ME2P,1,18
12,1.00500462761363,ME2P,1,18
15,0.907396386920441,ME2P,1,18
19,0.730425738328045,ME2P,1,18
7,0.678832495956684,XEN,0.05,18
8,0.697338796566084,XEN,0.05,18
9,0.586500010854753,XEN,0.05,18
17,0.705247055483871,XEN,0.05,18
6,0.784157856029257,XEN,0.05,18
10,0.700505262054314,XEN,0.05,18
11,0.657591066668426,XEN,0.05,18
1,0.554103205493706,XEN,0.05,18
3,0.605886029538371,XEN,0.05,18
4,0.554193820357973,XEN,0.05,18
16,0.66657436841396,XEN,0.05,18
2,0.492617731359585,XEN,0.05,18
13,0.69418362560409,XEN,0.05,18
14,0.560425410634506,XEN,0.05,18
5,0.359348088853359,XEN,0.05,18
12,1.12156119602629,XEN,0.05,18
15,0.945198789882867,XEN,0.05,18
19,0.79424776924129,XEN,0.05,18
7,0.678833589008821,XEN,0.1,18
8,0.697339854167395,XEN,0.1,18
9,0.586501781405319,XEN,0.1,18
17,0.705247377090776,XEN,0.1,18
6,0.784140127136831,XEN,0.1,18
10,0.700506735104907,XEN,0.1,18
11,0.657588854057021,XEN,0.1,18
1,0.554105625277113,XEN,0.1,18
3,0.605886604284278,XEN,0.1,18
4,0.554195174627582,XEN,0.1,18
16,0.666575746558663,XEN,0.1,18
2,0.492621342945531,XEN,0.1,18
13,0.694183671467277,XEN,0.1,18
14,0.560426940854459,XEN,0.1,18
5,0.359353209378845,XEN,0.1,18
12,1.12155399838735,XEN,0.1,18
15,0.945184851661045,XEN,0.1,18
19,0.794242069485631,XEN,0.1,18
7,0.678837960213481,XEN,0.3,18
8,0.697344083652797,XEN,0.3,18
9,0.586508861329548,XEN,0.3,18
17,0.705248663870058,XEN,0.3,18
6,0.784069244509214,XEN,0.3,18
10,0.700512627242066,XEN,0.3,18
11,0.657580009737455,XEN,0.3,18
1,0.554115301208226,XEN,0.3,18
3,0.605888902831695,XEN,0.3,18
4,0.554200590137086,XEN,0.3,18
16,0.66658125791728,XEN,0.3,18
2,0.492635785101752,XEN,0.3,18
13,0.694183855508108,XEN,0.3,18
14,0.560433060325841,XEN,0.3,18
5,0.359373684028932,XEN,0.3,18
12,1.12152520724484,XEN,0.3,18
15,0.945129129493397,XEN,0.3,18
19,0.794219285795994,XEN,0.3,18
7,0.678853246791348,XEN,1,18
8,0.697358875268401,XEN,1,18
9,0.586533612399962,XEN,1,18
17,0.705253172007937,XEN,1,18
6,0.783821569510878,XEN,1,18
10,0.700533248785623,XEN,1,18
11,0.657549131597207,XEN,1,18
1,0.554149126669907,XEN,1,18
3,0.605896942254783,XEN,1,18
4,0.554219524677979,XEN,1,18
16,0.666600532311016,XEN,1,18
2,0.492686279947623,XEN,1,18
13,0.694184507043,XEN,1,18
14,0.560454460742267,XEN,1,18
5,0.359445251579397,XEN,1,18
12,1.12142443109299,XEN,1,18
15,0.944934488093729,XEN,1,18
19,0.794139735591429,XEN,1,18
7,0.583993545191632,MP_cal,0.05,19
8,0.597110334736536,MP_cal,0.05,19
9,0.539402985529055,MP_cal,0.05,19
17,0.519205425166214,MP_cal,0.05,19
6,0.581475926569959,MP_cal,0.05,19
10,0.456841139986653,MP_cal,0.05,19
11,0.582798705560635,MP_cal,0.05,19
1,0.528198575929455,MP_cal,0.05,19
3,0.606820840887427,MP_cal,0.05,19
4,0.583458850281589,MP_cal,0.05,19
16,0.572595464459562,MP_cal,0.05,19
2,0.501625942734361,MP_cal,0.05,19
13,0.498865723748359,MP_cal,0.05,19
14,0.506524108626072,MP_cal,0.05,19
5,0.425787545087676,MP_cal,0.05,19
12,0.94938918320631,MP_cal,0.05,19
15,0.76660000192855,MP_cal,0.05,19
18,0.599772941320391,MP_cal,0.05,19
7,0.583995900952963,MP_cal,0.1,19
8,0.597111470871654,MP_cal,0.1,19
9,0.539403710861155,MP_cal,0.1,19
17,0.519212744361194,MP_cal,0.1,19
6,0.581468013388473,MP_cal,0.1,19
10,0.456852070158069,MP_cal,0.1,19
11,0.582796522612432,MP_cal,0.1,19
1,0.528196070660718,MP_cal,0.1,19
3,0.606814571292976,MP_cal,0.1,19
4,0.583452970003361,MP_cal,0.1,19
16,0.572596128440356,MP_cal,0.1,19
2,0.501625841440596,MP_cal,0.1,19
13,0.498871219793623,MP_cal,0.1,19
14,0.506524192568583,MP_cal,0.1,19
5,0.425784614679347,MP_cal,0.1,19
12,0.949376622895388,MP_cal,0.1,19
15,0.766595038712135,MP_cal,0.1,19
18,0.59977609725739,MP_cal,0.1,19
7,0.584005325356992,MP_cal,0.3,19
8,0.597116020074603,MP_cal,0.3,19
9,0.539406615473289,MP_cal,0.3,19
17,0.519242014370835,MP_cal,0.3,19
6,0.581436383752024,MP_cal,0.3,19
10,0.456895778796287,MP_cal,0.3,19
11,0.582787803723213,MP_cal,0.3,19
1,0.528186058382315,MP_cal,0.3,19
3,0.606789507902202,MP_cal,0.3,19
4,0.583429462510059,MP_cal,0.3,19
16,0.572598788631701,MP_cal,0.3,19
2,0.501625439332201,MP_cal,0.3,19
13,0.49889320080943,MP_cal,0.3,19
14,0.506524531967649,MP_cal,0.3,19
5,0.425772904202055,MP_cal,0.3,19
12,0.949326415277232,MP_cal,0.3,19
15,0.766575204069073,MP_cal,0.3,19
18,0.599788723683979,MP_cal,0.3,19
7,0.584038327795134,MP_cal,1,19
8,0.597132000842853,MP_cal,1,19
9,0.539416822857224,MP_cal,1,19
17,0.519344374202091,MP_cal,1,19
6,0.58132597015528,MP_cal,1,19
10,0.457048607461319,MP_cal,1,19
11,0.58275744968919,MP_cal,1,19
1,0.528151126006081,MP_cal,1,19
3,0.60670197449303,MP_cal,1,19
4,0.583347357547986,MP_cal,1,19
16,0.572608152937729,MP_cal,1,19
2,0.501624070500276,MP_cal,1,19
13,0.498970094505218,MP_cal,1,19
14,0.506525765478783,MP_cal,1,19
5,0.425732057706389,MP_cal,1,19
12,0.949151111206555,MP_cal,1,19
15,0.766506011788297,MP_cal,1,19
18,0.59983294974278,MP_cal,1,19
7,0.688012208289681,ME,0.05,19
8,0.726963291974222,ME,0.05,19
9,0.591378609371036,ME,0.05,19
17,0.693968112562177,ME,0.05,19
6,0.465207461633931,ME,0.05,19
10,0.69291010873607,ME,0.05,19
11,0.661159525534392,ME,0.05,19
1,0.579552112680761,ME,0.05,19
3,0.612240019705432,ME,0.05,19
4,0.548266083504843,ME,0.05,19
16,0.671991445034921,ME,0.05,19
2,0.524249716431345,ME,0.05,19
13,0.679268236424693,ME,0.05,19
14,0.61939048644395,ME,0.05,19
5,0.350383993042284,ME,0.05,19
12,1.21735745358873,ME,0.05,19
15,0.892894186527412,ME,0.05,19
18,0.72804378645461,ME,0.05,19
7,0.688012649440986,ME,0.1,19
8,0.726962574726934,ME,0.1,19
9,0.591379660729499,ME,0.1,19
17,0.693968883593598,ME,0.1,19
6,0.465211324581419,ME,0.1,19
10,0.692910786523706,ME,0.1,19
11,0.661158531200507,ME,0.1,19
1,0.579552625850361,ME,0.1,19
3,0.612240215897086,ME,0.1,19
4,0.54826731508016,ME,0.1,19
16,0.671992227799676,ME,0.1,19
2,0.524251003991094,ME,0.1,19
13,0.679268955521564,ME,0.1,19
14,0.619389170558413,ME,0.1,19
5,0.350388681749115,ME,0.1,19
12,1.21733686020625,ME,0.1,19
15,0.892887703090768,ME,0.1,19
18,0.728044411128764,ME,0.1,19
7,0.688014413778272,ME,0.3,19
8,0.726959706636652,ME,0.3,19
9,0.591383865328081,ME,0.3,19
17,0.693971967240618,ME,0.3,19
6,0.465226772826908,ME,0.3,19
10,0.692913497390774,ME,0.3,19
11,0.661154555135726,ME,0.3,19
1,0.579554678179834,ME,0.3,19
3,0.612241000641049,ME,0.3,19
4,0.54827224054632,ME,0.3,19
16,0.671995358410983,ME,0.3,19
2,0.524256153310092,ME,0.3,19
13,0.679271831525771,ME,0.3,19
14,0.61938390820189,ME,0.3,19
5,0.3504074316832,ME,0.3,19
12,1.21725451518315,ME,0.3,19
15,0.892861779357553,ME,0.3,19
18,0.728046910228437,ME,0.3,19
7,0.688020585584468,ME,1,19
8,0.726949679633767,ME,1,19
9,0.591398570906918,ME,1,19
17,0.693982753977231,ME,1,19
6,0.465280797066317,ME,1,19
10,0.692922981852712,ME,1,19
11,0.661140654901511,ME,1,19
1,0.579561856939436,ME,1,19
3,0.612243746958609,ME,1,19
4,0.548289469162507,ME,1,19
16,0.672006309912315,ME,1,19
2,0.524274164342848,ME,1,19
13,0.679281892713444,ME,1,19
14,0.619365504880013,ME,1,19
5,0.350472994867805,ME,1,19
12,1.21696666627906,ME,1,19
15,0.892771172269875,ME,1,19
18,0.728055662135698,ME,1,19
7,0.680452865915537,ME2,0.05,19
8,0.710053373134133,ME2,0.05,19
9,0.589855675785057,ME2,0.05,19
17,0.696953887597252,ME2,0.05,19
6,0.538927489396593,ME2,0.05,19
10,0.685012049739999,ME2,0.05,19
11,0.647989498546568,ME2,0.05,19
1,0.568041531873272,ME2,0.05,19
3,0.612165408977468,ME2,0.05,19
4,0.553985498757284,ME2,0.05,19
16,0.667138759070271,ME2,0.05,19
2,0.51015833365399,ME2,0.05,19
13,0.684608670822371,ME2,0.05,19
14,0.588886592151159,ME2,0.05,19
5,0.35623559966324,ME2,0.05,19
12,1.05050076658212,ME2,0.05,19
15,0.955759050350969,ME2,0.05,19
18,0.855806541884604,ME2,0.05,19
7,0.680453911077665,ME2,0.1,19
8,0.710053870150422,ME2,0.1,19
9,0.589856972168097,ME2,0.1,19
17,0.696954512202769,ME2,0.1,19
6,0.538925322684468,ME2,0.1,19
10,0.685012211200611,ME2,0.1,19
11,0.647989083852011,ME2,0.1,19
1,0.568042937066432,ME2,0.1,19
3,0.61216548796236,ME2,0.1,19
4,0.553986618843264,ME2,0.1,19
16,0.667139940372125,ME2,0.1,19
2,0.510160766093644,ME2,0.1,19
13,0.684609114456574,ME2,0.1,19
14,0.588887210135379,ME2,0.1,19
5,0.356240757638479,ME2,0.1,19
12,1.05049186162768,ME2,0.1,19
15,0.95574454338583,ME2,0.1,19
18,0.855793313928398,ME2,0.1,19
7,0.680458090692921,ME2,0.3,19
8,0.71005585772943,ME2,0.3,19
9,0.589862156422794,ME2,0.3,19
17,0.696957010337511,ME2,0.3,19
6,0.538916662069902,ME2,0.3,19
10,0.685012860793347,ME2,0.3,19
11,0.647987426782342,ME2,0.3,19
1,0.56804855627777,ME2,0.3,19
3,0.612165804279346,ME2,0.3,19
4,0.553991098285936,ME2,0.3,19
16,0.667144664678224,ME2,0.3,19
2,0.510170493402731,ME2,0.3,19
13,0.684610888944494,ME2,0.3,19
14,0.588889681216345,ME2,0.3,19
5,0.356261382472835,ME2,0.3,19
12,1.05045625614998,ME2,0.3,19
15,0.95568654565504,ME2,0.3,19
18,0.855740433572642,ME2,0.3,19
7,0.680472706339261,ME2,1,19
8,0.710062808133948,ME2,1,19
9,0.589880285234467,ME2,1,19
17,0.696965750187747,ME2,1,19
6,0.538886428301161,ME2,1,19
10,0.685015181457358,ME2,1,19
11,0.647981648504353,ME2,1,19
1,0.568068203867186,ME2,1,19
3,0.612166916132524,ME2,1,19
4,0.554006764989371,ME2,1,19
16,0.667161188400782,ME2,1,19
2,0.510204508151938,ME2,1,19
13,0.684617099032479,ME2,1,19
14,0.588898319226499,ME2,1,19
5,0.356333480499615,ME2,1,19
12,1.0503318173103,ME2,1,19
15,0.955483932426814,ME2,1,19
18,0.855555747939638,ME2,1,19
7,0.578241065528696,ME_P,0.05,19
8,0.602245927182687,ME_P,0.05,19
9,0.526816720583585,ME_P,0.05,19
17,0.510086669483021,ME_P,0.05,19
6,0.535976109950766,ME_P,0.05,19
10,0.449415334061786,ME_P,0.05,19
11,0.592553313625988,ME_P,0.05,19
1,0.524616766649664,ME_P,0.05,19
3,0.608962662846332,ME_P,0.05,19
4,0.559642054171643,ME_P,0.05,19
16,0.558479389044703,ME_P,0.05,19
2,0.480461974932654,ME_P,0.05,19
13,0.485921505786853,ME_P,0.05,19
14,0.528322296995204,ME_P,0.05,19
5,0.361611918460516,ME_P,0.05,19
12,1.18155059571657,ME_P,0.05,19
15,0.832275045560775,ME_P,0.05,19
18,0.581726000314709,ME_P,0.05,19
7,0.578243512756699,ME_P,0.1,19
8,0.602247181061651,ME_P,0.1,19
9,0.526817489767719,ME_P,0.1,19
17,0.510093972540786,ME_P,0.1,19
6,0.535968901454751,ME_P,0.1,19
10,0.449426234548158,ME_P,0.1,19
11,0.592550840148973,ME_P,0.1,19
1,0.524614190312309,ME_P,0.1,19
3,0.608956123230396,ME_P,0.1,19
4,0.559636712148615,ME_P,0.1,19
16,0.558480326309673,ME_P,0.1,19
2,0.480462285751756,ME_P,0.1,19
13,0.485927276830999,ME_P,0.1,19
14,0.528321590438599,ME_P,0.1,19
5,0.36161144379753,ME_P,0.1,19
12,1.18152487895385,ME_P,0.1,19
15,0.832265927803699,ME_P,0.1,19
18,0.581729956737669,ME_P,0.1,19
7,0.578253302961179,ME_P,0.3,19
8,0.602252200509994,ME_P,0.3,19
9,0.526820570193739,ME_P,0.3,19
17,0.510123178277794,ME_P,0.3,19
6,0.535940090712749,ME_P,0.3,19
10,0.44946982446171,ME_P,0.3,19
11,0.59254095921692,ME_P,0.3,19
1,0.524603893843052,ME_P,0.3,19
3,0.608929979905214,ME_P,0.3,19
4,0.559615357387019,ME_P,0.3,19
16,0.558484079440771,ME_P,0.3,19
2,0.480463531842077,ME_P,0.3,19
13,0.485950357499518,ME_P,0.3,19
14,0.528318768700507,ME_P,0.3,19
5,0.36160955261814,ME_P,0.3,19
12,1.18142206906677,ME_P,0.3,19
15,0.832229482259121,ME_P,0.3,19
18,0.581745783002098,ME_P,0.3,19
7,0.578287584866763,ME_P,1,19
8,0.602269817961075,ME_P,1,19
9,0.526831398025069,ME_P,1,19
17,0.510225316625721,ME_P,1,19
6,0.535839545164218,ME_P,1,19
10,0.449622237788123,ME_P,1,19
11,0.592506538946799,ME_P,1,19
1,0.524567967852887,ME_P,1,19
3,0.608838668636968,ME_P,1,19
4,0.559540783346507,ME_P,1,19
16,0.558497266557231,ME_P,1,19
2,0.480467928525034,ME_P,1,19
13,0.486031095668186,ME_P,1,19
14,0.528308949041425,ME_P,1,19
5,0.361603027356195,ME_P,1,19
12,1.18106295292969,ME_P,1,19
15,0.832102243098561,ME_P,1,19
18,0.581801182028381,ME_P,1,19
7,0.569199860243328,ME2P,0.05,19
8,0.584390272988264,ME2P,0.05,19
9,0.525042948531865,ME2P,0.05,19
17,0.514535002301369,ME2P,0.05,19
6,0.578858919763539,ME2P,0.05,19
10,0.444362125942864,ME2P,0.05,19
11,0.584902718463188,ME2P,0.05,19
1,0.516462580587016,ME2P,0.05,19
3,0.610861393571262,ME2P,0.05,19
4,0.563934046388771,ME2P,0.05,19
16,0.554506124938606,ME2P,0.05,19
2,0.467849034835868,ME2P,0.05,19
13,0.491585060578217,ME2P,0.05,19
14,0.498569297446666,ME2P,0.05,19
5,0.369731002148933,ME2P,0.05,19
12,1.00520723055384,ME2P,0.05,19
15,0.907799890214249,ME2P,0.05,19
18,0.736665301236582,ME2P,0.05,19
7,0.569203208389851,ME2P,0.1,19
8,0.58439293367691,ME2P,0.1,19
9,0.525044051801283,ME2P,0.1,19
17,0.514541994494739,ME2P,0.1,19
6,0.578849165075613,ME2P,0.1,19
10,0.444373190728816,ME2P,0.1,19
11,0.584900543272739,ME2P,0.1,19
1,0.516460608642089,ME2P,0.1,19
3,0.610854540515126,ME2P,0.1,19
4,0.563928744731483,ME2P,0.1,19
16,0.554507550179721,ME2P,0.1,19
2,0.467850460373205,ME2P,0.1,19
13,0.491590497254951,ME2P,0.1,19
14,0.498570730915918,ME2P,0.1,19
5,0.369730328484829,ME2P,0.1,19
12,1.00519654087616,ME2P,0.1,19
15,0.907778592278684,ME2P,0.1,19
18,0.736647829558138,ME2P,0.1,19
7,0.569216600436959,ME2P,0.3,19
8,0.584403578017691,ME2P,0.3,19
9,0.525048467755564,ME2P,0.3,19
17,0.514569957239719,ME2P,0.3,19
6,0.578810173751672,ME2P,0.3,19
10,0.444417437657821,ME2P,0.3,19
11,0.584891855334499,ME2P,0.3,19
1,0.516452728754921,ME2P,0.3,19
3,0.610827144249152,ME2P,0.3,19
4,0.563907551032829,ME2P,0.3,19
16,0.55451325413167,ME2P,0.3,19
2,0.467856163351596,ME2P,0.3,19
13,0.49161224092913,ME2P,0.3,19
14,0.498576465925502,ME2P,0.3,19
5,0.369727641933308,ME2P,0.3,19
12,1.00515381152843,ME2P,0.3,19
15,0.907693468386184,ME2P,0.3,19
18,0.736578010219485,ME2P,0.3,19
7,0.569263465764377,ME2P,1,19
8,0.584440853083801,ME2P,1,19
9,0.525063959715524,ME2P,1,19
17,0.5146677509719,ME2P,1,19
6,0.578674048781349,ME2P,1,19
10,0.444572148241039,ME2P,1,19
11,0.584861608620123,ME2P,1,19
1,0.516425248379857,ME2P,1,19
3,0.610731457994834,ME2P,1,19
4,0.563833535684764,ME2P,1,19
16,0.554533255495452,ME2P,1,19
2,0.467876134179645,ME2P,1,19
13,0.491688305596432,ME2P,1,19
14,0.498596552674276,ME2P,1,19
5,0.36971834077498,ME2P,1,19
12,1.00500462761363,ME2P,1,19
15,0.907396386920441,ME2P,1,19
18,0.736334488589358,ME2P,1,19
7,0.683561298920735,XEN,0.05,19
8,0.707071181465258,XEN,0.05,19
9,0.586492955829455,XEN,0.05,19
17,0.69443861390378,XEN,0.05,19
6,0.723013578217393,XEN,0.05,19
10,0.710046318956213,XEN,0.05,19
11,0.661041528659782,XEN,0.05,19
1,0.560509109784577,XEN,0.05,19
3,0.607764911641423,XEN,0.05,19
4,0.551320610712466,XEN,0.05,19
16,0.666471238214889,XEN,0.05,19
2,0.500218030340809,XEN,0.05,19
13,0.679055489385163,XEN,0.05,19
14,0.593066673759938,XEN,0.05,19
5,0.359348088853359,XEN,0.05,19
12,1.12156119602629,XEN,0.05,19
15,0.945198789882867,XEN,0.05,19
18,0.860049424543479,XEN,0.05,19
7,0.683562273886834,XEN,0.1,19
8,0.707072095127136,XEN,0.1,19
9,0.58649462318295,XEN,0.1,19
17,0.694439245705781,XEN,0.1,19
6,0.722999913718352,XEN,0.1,19
10,0.710047927988447,XEN,0.1,19
11,0.661039563044188,XEN,0.1,19
1,0.560511144602024,XEN,0.1,19
3,0.607765398275906,XEN,0.1,19
4,0.551322017255647,XEN,0.1,19
16,0.666472517407208,XEN,0.1,19
2,0.500221192481745,XEN,0.1,19
13,0.679056139039436,XEN,0.1,19
14,0.593066897756437,XEN,0.1,19
5,0.359353209378845,XEN,0.1,19
12,1.12155399838735,XEN,0.1,19
15,0.945184851661045,XEN,0.1,19
18,0.860037628324011,XEN,0.1,19
7,0.683566172646694,XEN,0.3,19
8,0.707075748468574,XEN,0.3,19
9,0.586501290594882,XEN,0.3,19
17,0.694441772924627,XEN,0.3,19
6,0.722945280604724,XEN,0.3,19
10,0.710054361312678,XEN,0.3,19
11,0.66103170576214,XEN,0.3,19
1,0.560519281235794,XEN,0.3,19
3,0.607767344486407,XEN,0.3,19
4,0.551327641943509,XEN,0.3,19
16,0.66647763308611,XEN,0.3,19
2,0.500233837469412,XEN,0.3,19
13,0.679058737509221,XEN,0.3,19
14,0.593067793586618,XEN,0.3,19
5,0.359373684028932,XEN,0.3,19
12,1.12152520724484,XEN,0.3,19
15,0.945129129493397,XEN,0.3,19
18,0.859990471973721,XEN,0.3,19
7,0.683579804404579,XEN,1,19
8,0.707088518727872,XEN,1,19
9,0.586524601343471,XEN,1,19
17,0.694450618314307,XEN,1,19
6,0.722754377597382,XEN,1,19
10,0.710076842631414,XEN,1,19
11,0.661004270378434,XEN,1,19
1,0.560547726284596,XEN,1,19
3,0.607774152099894,XEN,1,19
4,0.551347309665171,XEN,1,19
16,0.666495524235054,XEN,1,19
2,0.500278049920245,XEN,1,19
13,0.679067830292286,XEN,1,19
14,0.593070927025697,XEN,1,19
5,0.359445251579397,XEN,1,19
12,1.12142443109299,XEN,1,19
15,0.944934488093729,XEN,1,19
18,0.859825783329393,XEN,1,19
