ConnGroup,dropped_train_group,Model,N,Pos,AP_new,LogLoss_new,Brier_new,ROC_new,AP_orig,LogLoss_orig,Brier_orig,ROC_orig,diff_AP,diff_LogLoss,diff_Brier,diff_ROC
2,1,MP,280,21,0.61880951579528,0.535381741151395,0.182197592347103,0.910185695899982,0.618967467720808,0.530761573324404,0.180152846459861,0.909450266593124,-0.0001579519255277,0.00462016782699082,0.00204474588724238,0.00073542930685766
3,1,MP,146,39,0.613244102969514,0.621876427647895,0.215076306080103,0.78600527198658,0.634921249570518,0.60885899698863,0.209979844859851,0.790678169182842,-0.0216771466010036,0.0130174306592649,0.00509646122025179,-0.00467289719626152
4,1,MP,146,25,0.477958615422131,0.604430921468661,0.210376807882922,0.764132231404959,0.507072153692925,0.590105149151892,0.204734924557639,0.768595041322314,-0.0291135382707944,0.0143257723167689,0.00564188332528312,-0.00446280991735537
5,1,MP,228,8,0.271024979725543,0.622623944191897,0.218438978622884,0.791477272727273,0.292081554191196,0.614748611284955,0.215313284783294,0.790056818181818,-0.0210565744656526,0.00787533290694176,0.00312569383959013,0.0014204545454547
6,1,MP,276,5,0.0439086710023875,0.653901399951808,0.22517316719348,0.717712177121771,0.0445351791264003,0.645505496730541,0.221390882791666,0.721033210332103,-0.000626508124012846,0.00839590322126671,0.00378228440181366,-0.00332103321033173
7,1,MP,561,257,0.812465102701266,0.541113156229423,0.178205060600777,0.816717438050379,0.809641730255759,0.543535576692664,0.180027778653934,0.812634394839238,0.00282337244550734,-0.00242242046324148,-0.00182271805315687,0.00408304321114084
8,1,MP,320,157,0.819435031081986,0.563543029878283,0.18733483361088,0.794361298894143,0.816005108355322,0.567939233434807,0.188962877424044,0.791430581063655,0.00342992272666409,-0.00439620355652448,-0.00162804381316434,0.00293071783048737
9,1,MP,288,82,0.629469714902251,0.544730575618501,0.181074147154571,0.774360644091878,0.630780549548471,0.542515776736445,0.179919264453227,0.775455837082643,-0.00131083464622017,0.00221479888205611,0.00115488270134417,-0.00109519299076521
10,1,MP,677,358,0.91835339445927,0.456272301812037,0.145067393195217,0.917159944659463,0.921148186153207,0.457852184983101,0.145889675587365,0.918928740302271,-0.00279479169393726,-0.00157988317106383,-0.000822282392147739,-0.00176879564280796
11,1,MP,1193,375,0.555264912609714,0.617148651356313,0.213465605754474,0.719957620211899,0.556786508886677,0.612091531791435,0.211281295622712,0.721066014669927,-0.00152159627696258,0.00505711956487787,0.00218431013176221,-0.00110839445802813
12,1,MP,303,228,0.921170128649634,0.823278682471487,0.287744551265138,0.789649122807018,0.921265319834541,0.827472610090691,0.289478325240095,0.791023391812866,-9.5191184906529e-05,-0.00419392761920367,-0.00173377397495694,-0.00137426900584847
13,1,MP,175,86,0.850498652077142,0.470294371603258,0.153123806775703,0.872484975176378,0.842616443006938,0.474984934236286,0.155333547580898,0.868630781290828,0.00788220907020432,-0.00469056263302814,-0.00220974080519545,0.00385419388555031
14,1,MP,177,28,0.68585175051153,0.540289001437208,0.183732506584173,0.920182166826462,0.675545566033652,0.533620992501976,0.180645434912642,0.919103547459252,0.0103061844778779,0.00666800893523167,0.00308707167153108,0.0010786193672101
15,1,MP,627,384,0.874421211746346,0.66486800830426,0.230635091228203,0.814520104595336,0.875118076715491,0.668298079394011,0.232117472868872,0.815725737311385,-0.00069686496914545,-0.00343007108975146,-0.00148238164066911,-0.0012056327160489
16,1,MP,193,90,0.786187889466599,0.574123361774223,0.190183764128573,0.780960086299892,0.778268195285482,0.579335039004122,0.192355742983181,0.775728155339806,0.00791969418111693,-0.0052116772298989,-0.00217197885460779,0.00523193096008612
17,1,MP,287,141,0.910411514719267,0.463964264009007,0.148135278064039,0.910667443893909,0.91014612933295,0.466104700375446,0.149272002347979,0.909963081706014,0.00026538538631693,-0.00214043636643868,-0.00113672428393999,0.000704362187894492
18,1,MP,432,230,0.901670781789127,0.500251107493266,0.164238850782914,0.88852776582006,0.901948090038083,0.5031924618743,0.165606420245448,0.888570813603099,-0.000277308248955444,-0.00294135438103382,-0.0013675694625345,-4.30477830386522e-05
19,1,MP,323,172,0.854783487343382,0.580003650789143,0.195037579927685,0.818400585245649,0.854340229869587,0.583236574485018,0.196421938838919,0.817476513168027,0.0004432574737947,-0.00323292369587513,-0.00138435891123354,0.000924072077622129
2,1,ME_P,280,21,0.664617351973745,0.495260585339327,0.161862617505011,0.923515352086781,0.662189103945433,0.491659150396886,0.160622837328073,0.92388306674021,0.00242824802831243,0.00360143494244092,0.00123978017693765,-0.00036771465342933
3,1,ME_P,146,39,0.632448914043859,0.590011901587334,0.202793986925899,0.807093218308172,0.637367803369133,0.591494652945118,0.203226191025108,0.806853582554517,-0.00491888932527362,-0.0014827513577842,-0.000432204099209466,0.000239635753654599
4,1,ME_P,146,25,0.502836898884399,0.548290999068701,0.186123123226784,0.772561983471074,0.522462982469667,0.546116454535335,0.185514465042654,0.775206611570248,-0.0196260835852685,0.00217454453336652,0.000608658184130112,-0.00264462809917354
5,1,ME_P,228,8,0.283889317550056,0.553253355216435,0.188320219853387,0.809090909090909,0.310782340757036,0.555375279516176,0.189584020516142,0.805681818181818,-0.0268930232069802,-0.00212192429974067,-0.00126380066275489,0.00340909090909103
6,1,ME_P,276,5,0.0470146728138875,0.571879060124775,0.196127648243821,0.71660516605166,0.0486234180549762,0.568377411539884,0.194662216158458,0.719557195571956,-0.00160874524108868,0.0035016485848911,0.00146543208536304,-0.0029520295202955
7,1,ME_P,561,257,0.824674712118287,0.54319170378232,0.180786733024735,0.82624667212779,0.822408560812974,0.545021957546932,0.181782846085472,0.824352344869957,0.0022661513053126,-0.00183025376461243,-0.00099611306073677,0.00189432725783323
8,1,ME_P,320,157,0.824037940351212,0.570557023231766,0.192063664146887,0.799030909304052,0.821638018584694,0.575740355172383,0.194339120457988,0.796569106326443,0.00239992176651849,-0.00518333194061682,-0.00227545631110065,0.00246180297760923
9,1,ME_P,288,82,0.642956160569907,0.517476138276005,0.169742901390334,0.792150130239167,0.646098737686954,0.515205835639023,0.16870867908056,0.794873312810798,-0.00314257711704713,0.00227030263698225,0.00103422230977362,-0.00272318257163151
10,1,ME_P,677,358,0.923853916056057,0.485413436183601,0.156101553620012,0.92052678587065,0.926077463006704,0.485491686549352,0.15626385550896,0.922251799443092,-0.00222354695064753,-7.82503657506539e-05,-0.000162301888947614,-0.0017250135724417
11,1,ME_P,1193,375,0.56320354905441,0.625115848400787,0.217357732600414,0.712180929095355,0.565178305084781,0.61750899150165,0.214220617422439,0.71320782396088,-0.00197475603037145,0.00760685689913687,0.00313711517797452,-0.00102689486552543
12,1,ME_P,303,228,0.91280899428821,0.980473298376307,0.357172606654104,0.76327485380117,0.914536113686531,0.992882047418664,0.359573026389496,0.767076023391813,-0.00172711939832082,-0.0124087490423574,-0.00240041973539179,-0.00380116959064347
13,1,ME_P,175,86,0.858529065193291,0.487665801537505,0.157701049716163,0.880977266788607,0.853248456413857,0.486437488152638,0.158104087453918,0.877711000783904,0.00528060877943426,0.00122831338486706,-0.000403037737754602,0.00326626600470326
14,1,ME_P,177,28,0.666471806597873,0.534512754984657,0.178630922488723,0.911313518696069,0.664776908094356,0.523539779084723,0.174492126200586,0.912032598274209,0.00169489850351701,0.0109729758999336,0.00413879628813724,-0.000719079578139992
15,1,ME_P,627,384,0.879684273331503,0.71047670233905,0.254035435908593,0.813989626200274,0.880395830327317,0.714422671215809,0.254759841038867,0.815554269547325,-0.000711556995813711,-0.00394596887675958,-0.000724405130273886,-0.00156464334705064
16,1,ME_P,193,90,0.799164382393517,0.553706600643591,0.185272703150901,0.797087378640777,0.791053707368294,0.559700332174447,0.187891187690379,0.789859762675297,0.00811067502522289,-0.00599373153085614,-0.00261848453947816,0.00722761596547972
17,1,ME_P,287,141,0.915508473990899,0.486364923433644,0.155825698940172,0.911007480812203,0.915368394369211,0.488718009321256,0.156924670941088,0.911007480812203,0.000140079621688161,-0.00235308588761229,-0.00109897200091577,-4.44089209850063e-16
18,1,ME_P,432,230,0.900090477202561,0.527197418845958,0.174772622194338,0.886698235040895,0.901664370465652,0.530053269908332,0.175932241519331,0.887171760654326,-0.00157389326309054,-0.0028558510623744,-0.00115961932499317,-0.000473525613430614
19,1,ME_P,323,172,0.862402643107009,0.593800411791142,0.202901103484056,0.826736485445865,0.862206266999923,0.593684127782039,0.202973256543068,0.825773910365009,0.000196376107086449,0.000116284009102907,-7.21530590124253e-05,0.000962575080855732
2,1,ME2P,280,21,0.6732841100819,0.486501563544699,0.158017854724207,0.92719249862107,0.665452222737127,0.482650110195261,0.156690718338541,0.92719249862107,0.00783188734477336,0.00385145334943787,0.0013271363856662,0
3,1,ME2P,146,39,0.644540618234144,0.593217156226144,0.204118482465231,0.812365204888569,0.64983746565309,0.594939571251682,0.204625306752901,0.812604840642224,-0.0052968474189462,-0.00172241502553783,-0.000506824287669932,-0.00023963575365471
4,1,ME2P,146,25,0.505998357797366,0.554803641811953,0.188677571220766,0.774214876033058,0.53283853610193,0.552560159447606,0.187993742499596,0.778842975206612,-0.026840178304564,0.00224348236434657,0.000683828721169566,-0.00462809917355422
5,1,ME2P,228,8,0.294391002014841,0.562141031226151,0.191894875501694,0.814204545454546,0.310434981684982,0.563899534327492,0.192945730502343,0.809090909090909,-0.016043979670141,-0.00175850310134063,-0.00105085500064919,0.00511363636363649
6,1,ME2P,276,5,0.0519168400356519,0.706377183844431,0.250555725769466,0.718081180811808,0.0506447137271747,0.69473754432561,0.245014420184808,0.719557195571956,0.00127212630847721,0.0116396395188213,0.00554130558465821,-0.0014760147601478
7,1,ME2P,561,257,0.826357583760376,0.53720914816846,0.178125794086703,0.828230595945116,0.823205241561504,0.539196827502467,0.179189374676423,0.825376305549867,0.00315234219887217,-0.00198767933400756,-0.00106358058971973,0.00285429039524876
8,1,ME2P,320,157,0.824653965488676,0.560990949360528,0.188468993443549,0.799187214255012,0.821006757592706,0.565579913837062,0.190476400043794,0.795904810284866,0.00364720789597039,-0.00458896447653412,-0.00200740660024509,0.00328240397014545
9,1,ME2P,288,82,0.650606729693309,0.515567977035514,0.168977475704955,0.796530902202226,0.650840196247561,0.513423371872941,0.168012026656376,0.800201278711816,-0.000233466554251716,0.00214460516257342,0.000965449048578926,-0.00367037650959012
10,1,ME2P,677,358,0.921308932795793,0.479665075969278,0.153246853502306,0.918547836290083,0.923614484214656,0.479662827983902,0.153368768659331,0.920202798549938,-0.00230555141886324,2.24798537640236e-06,-0.00012191515702456,-0.00165496225985551
11,1,ME2P,1193,375,0.560997985425003,0.629300768326321,0.219136111749445,0.709788101059495,0.566614520043223,0.616102718278329,0.21361471832538,0.714081499592502,-0.00561653461821987,0.0131980500479917,0.00552139342406488,-0.00429339853300725
12,1,ME2P,303,228,0.913691183472754,1.01069056339201,0.36769906891147,0.765380116959064,0.914722671666483,1.02655357733836,0.371022626760274,0.768245614035088,-0.00103148819372945,-0.0158630139463543,-0.00332355784880417,-0.00286549707602357
13,1,ME2P,175,86,0.861429472915044,0.494848275901978,0.161890993355996,0.883328978311994,0.855431403689369,0.493850063050507,0.162295393237431,0.879148157825973,0.00599806922567536,0.000998212851471447,-0.000404399881434953,0.00418082048602075
14,1,ME2P,177,28,0.669176599177756,0.517146843679883,0.171115101137004,0.910354745925216,0.667133224230253,0.509946333710376,0.168684324213984,0.911073825503356,0.00204337494750295,0.00720050996950672,0.00243077692302043,-0.000719079578140325
15,1,ME2P,627,384,0.873176131749189,0.740731152981267,0.265752791279366,0.803187157064472,0.874211980245963,0.744493625671347,0.266126179544137,0.805062585733882,-0.00103584849677429,-0.0037624726900799,-0.000373388264770846,-0.00187542866941015
16,1,ME2P,193,90,0.800654351264875,0.549950942340962,0.183905960843861,0.800215749730313,0.792546466218427,0.555930995535174,0.186517362117134,0.792880258899676,0.00810788504644755,-0.00598005319421191,-0.00261140127327339,0.00733549083063689
17,1,ME2P,287,141,0.91651611537593,0.492154300920952,0.158915813228594,0.911347517730496,0.915960427439367,0.494296912950374,0.159900089701203,0.910958904109589,0.000555687936562688,-0.00214261202942245,-0.00098427647260857,0.000388613620907474
18,1,ME2P,432,230,0.897922774939185,0.614541640778936,0.215701912855318,0.884718037021093,0.898655197635507,0.611119033148079,0.214280336121954,0.884761084804133,-0.000732422696322344,0.00342260763085722,0.00142157673336363,-4.30477830395404e-05
19,1,ME2P,323,172,0.864389837120067,0.607397438531468,0.208911146431705,0.829893731711074,0.863179797257055,0.60299307180648,0.207181996361023,0.828161096565532,0.00121003986301149,0.00440436672498801,0.0017291500706822,0.00173263514554145
1,2,MP,112,22,0.765148546116214,0.538069716090714,0.184109652893725,0.87020202020202,0.760214831257374,0.526578558308318,0.179012648370709,0.869444444444445,0.00493371485884031,0.0114911577823955,0.00509700452301604,0.00075757575757518
3,2,MP,146,39,0.62126935726028,0.617962629395437,0.213772831049189,0.792834890965732,0.634921249570518,0.60885899698863,0.209979844859851,0.790678169182842,-0.0136518923102377,0.00910363240680712,0.0037929861893384,0.00215672178289017
4,2,MP,146,25,0.534894695162057,0.604784166131836,0.211135291589078,0.768595041322314,0.507072153692925,0.590105149151892,0.204734924557639,0.768595041322314,0.0278225414691323,0.0146790169799436,0.00640036703143873,0
5,2,MP,228,8,0.25797832182684,0.655536373398525,0.232627629262113,0.769034090909091,0.292081554191196,0.614748611284955,0.215313284783294,0.790056818181818,-0.034103232364356,0.0407877621135697,0.0173143444788188,-0.0210227272727271
6,2,MP,276,5,0.0410569349763863,0.678244984012897,0.235009296418518,0.711070110701107,0.0445351791264003,0.645505496730541,0.221390882791666,0.721033210332103,-0.003478244150014,0.0327394872823564,0.0136184136268518,-0.00996309963099595
7,2,MP,561,257,0.79840345238441,0.545755121090982,0.181002960383413,0.805965850911325,0.809641730255759,0.543535576692664,0.180027778653934,0.812634394839238,-0.0112382778713493,0.00221954439831806,0.000975181729478664,-0.00666854392791305
8,2,MP,320,157,0.816468863418499,0.565751233565704,0.188257641217679,0.790824899378688,0.816005108355322,0.567939233434807,0.188962877424044,0.791430581063655,0.000463755063177085,-0.00218799986910279,-0.000705236206364923,-0.000605681684967219
9,2,MP,288,82,0.613859592452289,0.563131806903688,0.189108188557472,0.764977504143974,0.630780549548471,0.542515776736445,0.179919264453227,0.775455837082643,-0.0169209570961821,0.0206160301672429,0.00918892410424455,-0.0104783329386695
10,2,MP,677,358,0.919847821003155,0.451336249184393,0.142582766756775,0.917965534754208,0.921148186153207,0.457852184983101,0.145889675587365,0.918928740302271,-0.00130036515005227,-0.00651593579870818,-0.00330690883059001,-0.000963205548063506
11,2,MP,1193,375,0.547065829752463,0.62484104641363,0.216733820470373,0.720451507742461,0.556786508886677,0.612091531791435,0.211281295622712,0.721066014669927,-0.00972067913421426,0.0127495146221953,0.00545252484766134,-0.000614506927465786
12,2,MP,303,228,0.924337778390618,0.799205012025182,0.278339387168825,0.795906432748538,0.921265319834541,0.827472610090691,0.289478325240095,0.791023391812866,0.00307245855607741,-0.0282675980655087,-0.0111389380712698,0.00488304093567205
13,2,MP,175,86,0.841287765684789,0.472900174228938,0.154189554041082,0.867193624248759,0.842616443006938,0.474984934236286,0.155333547580898,0.868630781290828,-0.00132867732214936,-0.00208476000734759,-0.00114399353981651,-0.00143715704206926
14,2,MP,177,28,0.659096854733664,0.553606205262189,0.188916903069429,0.916466922339406,0.675545566033652,0.533620992501976,0.180645434912642,0.919103547459252,-0.0164487112999876,0.0199852127602127,0.0082714681567865,-0.00263662511984653
15,2,MP,627,384,0.876942568030471,0.646932780600119,0.223164810847303,0.817515432098766,0.875118076715491,0.668298079394011,0.232117472868872,0.815725737311385,0.00182449131497964,-0.0213652987938922,-0.00895266202156894,0.00178969478738045
16,2,MP,193,90,0.772124815565451,0.583967647636903,0.19439044868657,0.769848975188781,0.778268195285482,0.579335039004122,0.192355742983181,0.775728155339806,-0.00614337972003154,0.00463260863278125,0.00203470570338848,-0.00587918015102495
17,2,MP,287,141,0.898905267113633,0.462144935700049,0.147028777403893,0.906732730982221,0.91014612933295,0.466104700375446,0.149272002347979,0.909963081706014,-0.011240862219317,-0.00395976467539688,-0.00224322494408591,-0.00323035072379307
18,2,MP,432,230,0.900422120329192,0.495520662074531,0.16192643302348,0.886805854498493,0.901948090038083,0.5031924618743,0.165606420245448,0.888570813603099,-0.00152596970889063,-0.00767179979976945,-0.00367998722196825,-0.00176495910460561
19,2,MP,323,172,0.849248147703372,0.577480966672784,0.193795352323122,0.813125673802557,0.854340229869587,0.583236574485018,0.196421938838919,0.817476513168027,-0.00509208216621537,-0.00575560781223405,-0.00262658651579739,-0.00435083936547043
1,2,ME_P,112,22,0.766576453503789,0.518782814750969,0.17308369653085,0.867171717171717,0.756541260671696,0.508862951014907,0.168929663480133,0.867676767676768,0.0100351928320934,0.00991986373606235,0.0041540330507174,-0.000505050505050897
3,2,ME_P,146,39,0.628286369260359,0.591443724287889,0.203597315182901,0.803019410496046,0.637367803369133,0.591494652945118,0.203226191025108,0.806853582554517,-0.00908143410877449,-5.09286572295542e-05,0.000371124157792696,-0.00383417205847103
4,2,ME_P,146,25,0.514982871974546,0.556655771642535,0.189978459084003,0.770909090909091,0.522462982469667,0.546116454535335,0.185514465042654,0.775206611570248,-0.00748011049512143,0.0105393171071999,0.00446399404134851,-0.00429752066115707
5,2,ME_P,228,8,0.259590974165064,0.591928497370024,0.205703145138162,0.780113636363636,0.310782340757036,0.555375279516176,0.189584020516142,0.805681818181818,-0.0511913665919721,0.0365532178538484,0.0161191246220203,-0.0255681818181817
6,2,ME_P,276,5,0.0423233654940972,0.607118859732431,0.211247993062823,0.71070110701107,0.0486234180549762,0.568377411539884,0.194662216158458,0.719557195571956,-0.006300052560879,0.0387414481925474,0.0165857769043651,-0.00885608856088582
7,2,ME_P,561,257,0.807152401422073,0.545360729065466,0.181735942549542,0.813485562154413,0.822408560812974,0.545021957546932,0.181782846085472,0.824352344869957,-0.015256159390901,0.000338771518534453,-4.69035359301484e-05,-0.0108667827155438
8,2,ME_P,320,157,0.821932183034478,0.569090861109127,0.191385382550991,0.795709429096167,0.821638018584694,0.575740355172383,0.194339120457988,0.796569106326443,0.000294164449783918,-0.00664949406325599,-0.0029537379069968,-0.000859677230276357
9,2,ME_P,288,82,0.623734176003846,0.535541242838101,0.177902248945342,0.779363012076723,0.646098737686954,0.515205835639023,0.16870867908056,0.794873312810798,-0.0223645616831084,0.0203354071990775,0.00919356986478181,-0.0155103007340752
10,2,ME_P,677,358,0.925405659164513,0.476881639603545,0.151888423557946,0.921971594192746,0.926077463006704,0.485491686549352,0.15626385550896,0.922251799443092,-0.00067180384219101,-0.00861004694580691,-0.00437543195101428,-0.000280205250345778
11,2,ME_P,1193,375,0.562195627159625,0.632315957232194,0.220464677489012,0.714567237163814,0.565178305084781,0.61750899150165,0.214220617422439,0.71320782396088,-0.00298267792515616,0.0148069657305444,0.00624406006657263,0.0013594132029342
12,2,ME_P,303,228,0.916712476560467,0.946851031033104,0.345172750500065,0.770584795321637,0.914536113686531,0.992882047418664,0.359573026389496,0.767076023391813,0.00217636287393586,-0.0460310163855605,-0.0144002758894315,0.00350877192982435
13,2,ME_P,175,86,0.853318639033814,0.491210578242564,0.159030765759385,0.876796446302587,0.853248456413857,0.486437488152638,0.158104087453918,0.877711000783904,7.01826199566158e-05,0.00477309008992566,0.000926678305467193,-0.000914554481317054
14,2,ME_P,177,28,0.661749117979506,0.5443108907046,0.182788875655596,0.911313518696069,0.664776908094356,0.523539779084723,0.174492126200586,0.912032598274209,-0.00302779011484988,0.0207711116198768,0.00829674945501016,-0.000719079578139992
15,2,ME_P,627,384,0.882936981913492,0.689432765453084,0.245238063120396,0.818726423182442,0.880395830327317,0.714422671215809,0.254759841038867,0.815554269547325,0.00254115158617496,-0.024989905762725,-0.00952177791847136,0.00317215363511669
16,2,ME_P,193,90,0.78513850294946,0.56244750802826,0.189158101516844,0.785868392664509,0.791053707368294,0.559700332174447,0.187891187690379,0.789859762675297,-0.00591520441883364,0.00274717585381312,0.00126691382646488,-0.00399137001078786
17,2,ME_P,287,141,0.90616309465092,0.484549668800363,0.154717012789495,0.907947148547557,0.915368394369211,0.488718009321256,0.156924670941088,0.911007480812203,-0.00920529971829131,-0.0041683405208926,-0.00220765815159277,-0.00306033226464642
18,2,ME_P,432,230,0.900101605581892,0.522659363745673,0.172395679594923,0.88643994834266,0.901664370465652,0.530053269908332,0.175932241519331,0.887171760654326,-0.00156276488375984,-0.00739390616265889,-0.00353656192440827,-0.000731812311665636
19,2,ME_P,323,172,0.857259040926014,0.589106479497008,0.20063412846022,0.82080702294779,0.862206266999923,0.593684127782039,0.202973256543068,0.825773910365009,-0.00494722607390852,-0.00457764828503127,-0.00233912808284836,-0.00496688741721907
1,2,ME2P,112,22,0.764764067126656,0.512205923270393,0.170246940753872,0.866161616161616,0.755355861041057,0.501773858163091,0.16589521773778,0.866161616161616,0.00940820608559934,0.0104320651073019,0.00435172301609238,1.11022302462516e-16
3,2,ME2P,146,39,0.640935401470187,0.594235486230824,0.204794486035885,0.809968847352025,0.64983746565309,0.594939571251682,0.204625306752901,0.812604840642224,-0.0089020641829034,-0.000704085020857947,0.000169179282984044,-0.00263599329019915
4,2,ME2P,146,25,0.522247294104153,0.562151648898383,0.192117637847423,0.771239669421488,0.53283853610193,0.552560159447606,0.187993742499596,0.778842975206612,-0.0105912419977767,0.00959148945077704,0.00412389534782728,-0.00760330578512447
5,2,ME2P,228,8,0.25305555988349,0.599535100939607,0.208732261868266,0.785795454545455,0.310434981684982,0.563899534327492,0.192945730502343,0.809090909090909,-0.0573794218014918,0.0356355666121152,0.015786531365923,-0.0232954545454545
6,2,ME2P,276,5,0.0435455042176332,0.738730237983376,0.263885149559907,0.709963099630996,0.0506447137271747,0.69473754432561,0.245014420184808,0.719557195571956,-0.00709920950954153,0.0439926936577665,0.0188707293750994,-0.00959409594095961
7,2,ME2P,561,257,0.810342275386434,0.540660818948365,0.179700377437462,0.815635879582224,0.823205241561504,0.539196827502467,0.179189374676423,0.825376305549867,-0.0128629661750701,0.00146399144589793,0.000511002761038909,-0.00974042596764291
8,2,ME2P,320,157,0.822103196564771,0.561374742955268,0.188551300580486,0.796256496424524,0.821006757592706,0.565579913837062,0.190476400043794,0.795904810284866,0.00109643897206502,-0.00420517088179395,-0.00192509946330804,0.000351686139658192
9,2,ME2P,288,82,0.63044668316138,0.533694471980332,0.177150665228239,0.784217381008762,0.650840196247561,0.513423371872941,0.168012026656376,0.800201278711816,-0.0203935130861806,0.0202711001073912,0.0091386385718629,-0.0159838977030544
10,2,ME2P,677,358,0.924015348441739,0.472447806004159,0.149690714843582,0.920842016777289,0.923614484214656,0.479662827983902,0.153368768659331,0.920202798549938,0.000400864227083519,-0.00721502197974344,-0.00367805381574909,0.000639218227351357
11,2,ME2P,1193,375,0.557358265163987,0.638061489229884,0.222885579726184,0.71120619396903,0.566614520043223,0.616102718278329,0.21361471832538,0.714081499592502,-0.00925625487923609,0.0219587709515545,0.00927086140080383,-0.00287530562347182
12,2,ME2P,303,228,0.917526032417833,0.974463359353301,0.355080737300862,0.772748538011696,0.914722671666483,1.02655357733836,0.371022626760274,0.768245614035088,0.00280336075134968,-0.0520902179850588,-0.0159418894594125,0.0045029239766079
13,2,ME2P,175,86,0.855952046372959,0.49714533011595,0.162616292604057,0.879017507185785,0.855431403689369,0.493850063050507,0.162295393237431,0.879148157825973,0.000520642683589867,0.0032952670654432,0.000320899366625937,-0.000130650640187802
14,2,ME2P,177,28,0.664845533171409,0.528227761027623,0.175827499969432,0.910594439117929,0.667133224230253,0.509946333710376,0.168684324213984,0.911073825503356,-0.00228769105884408,0.0182814273172469,0.00714317575544834,-0.000479386385426994
15,2,ME2P,627,384,0.876134894285272,0.717694427865639,0.256442080536671,0.807516718106996,0.874211980245963,0.744493625671347,0.266126179544137,0.805062585733882,0.001922914039309,-0.0267991978057079,-0.00968409900746581,0.00245413237311387
16,2,ME2P,193,90,0.789908774700239,0.558752887056526,0.187809115738377,0.790507011866235,0.792546466218427,0.555930995535174,0.186517362117134,0.792880258899676,-0.0026376915181876,0.00282189152135237,0.00129175362124317,-0.00237324703344077
17,2,ME2P,287,141,0.907331280843236,0.48908468089738,0.15724159618008,0.90814145535801,0.915960427439367,0.494296912950374,0.159900089701203,0.910958904109589,-0.00862914659613134,-0.00521223205299409,-0.00265849352112288,-0.00281744875157874
18,2,ME2P,432,230,0.898704871845184,0.600047500599997,0.209243283797199,0.884588893671976,0.898655197635507,0.611119033148079,0.214280336121954,0.884761084804133,4.96742096770531e-05,-0.0110715325480822,-0.00503705232475527,-0.000172191132157051
19,2,ME2P,323,172,0.858819432436598,0.600918528161626,0.205872639081191,0.823502233174188,0.863179797257055,0.60299307180648,0.207181996361023,0.828161096565532,-0.00436036482045654,-0.00207454364485393,-0.0013093572798317,-0.00465886339134447
1,3,MP,112,22,0.727278177419365,0.542269377813215,0.185207726351904,0.868434343434343,0.760214831257374,0.526578558308318,0.179012648370709,0.869444444444445,-0.0329366538380094,0.0156908195048974,0.00619507798119456,-0.00101010101010157
2,3,MP,280,21,0.637680384620973,0.535291902290302,0.182033855225006,0.915333701047987,0.618967467720808,0.530761573324404,0.180152846459861,0.909450266593124,0.0187129169001649,0.004530328965898,0.00188100876514455,0.00588343445486272
4,3,MP,146,25,0.492141173375964,0.606096052269066,0.211070375725243,0.764462809917355,0.507072153692925,0.590105149151892,0.204734924557639,0.768595041322314,-0.0149309803169615,0.0159909031171738,0.00633545116760439,-0.00413223140495866
5,3,MP,228,8,0.290719475905508,0.626324956473728,0.219519383680517,0.790909090909091,0.292081554191196,0.614748611284955,0.215313284783294,0.790056818181818,-0.00136207828568813,0.0115763451887733,0.00420609889722273,0.00085227272727284
6,3,MP,276,5,0.042813412418129,0.659488406945279,0.225735064073859,0.718450184501845,0.0445351791264003,0.645505496730541,0.221390882791666,0.721033210332103,-0.00172176670827134,0.0139829102147382,0.00434418128219258,-0.00258302583025793
7,3,MP,561,257,0.810060397905449,0.539410599924018,0.178473584975054,0.814912707352038,0.809641730255759,0.543535576692664,0.180027778653934,0.812634394839238,0.00041866764969023,-0.0041249767686462,-0.00155419367888035,0.00227831251279964
8,3,MP,320,157,0.816373052418014,0.562018193660713,0.18658516901451,0.792251182056192,0.816005108355322,0.567939233434807,0.188962877424044,0.791430581063655,0.000367944062691916,-0.00592103977409364,-0.00237770840953422,0.000820600992536558
9,3,MP,288,82,0.642835678612553,0.542083385636849,0.179628527531192,0.778179019654274,0.630780549548471,0.542515776736445,0.179919264453227,0.775455837082643,0.0120551290640815,-0.000432391099596141,-0.000290736922035129,0.00272318257163118
10,3,MP,677,358,0.922139778287029,0.453170902905897,0.14374132652284,0.919944484334775,0.921148186153207,0.457852184983101,0.145889675587365,0.918928740302271,0.00099159213382205,-0.0046812820772037,-0.00214834906452455,0.00101574403250426
11,3,MP,1193,375,0.560828673458874,0.615932037301328,0.213033099226156,0.721629991850041,0.556786508886677,0.612091531791435,0.211281295622712,0.721066014669927,0.00404216457219664,0.00384050550989268,0.00175180360344432,0.000563977180113695
12,3,MP,303,228,0.922040127933665,0.823199304313024,0.287513616832234,0.791081871345029,0.921265319834541,0.827472610090691,0.289478325240095,0.791023391812866,0.000774808099124336,-0.00427330577766683,-0.00196470840786117,5.84795321633136e-05
13,3,MP,175,86,0.844759397173955,0.472300426655772,0.153918259269397,0.870198588973086,0.842616443006938,0.474984934236286,0.155333547580898,0.868630781290828,0.00214295416701704,-0.0026845075805137,-0.00141528831150095,0.00156780768225795
14,3,MP,177,28,0.717299168923917,0.537016229212571,0.18267117764972,0.925215723873442,0.675545566033652,0.533620992501976,0.180645434912642,0.919103547459252,0.0417536028902648,0.00339523671059505,0.00202574273707751,0.00611217641418993
15,3,MP,627,384,0.875682376630654,0.663941443706823,0.230332352977761,0.81544174382716,0.875118076715491,0.668298079394011,0.232117472868872,0.815725737311385,0.000564299915163047,-0.00435663568718803,-0.00178511989111074,-0.000283993484224476
16,3,MP,193,90,0.778380290637261,0.579385485511808,0.19241653111039,0.774056094929881,0.778268195285482,0.579335039004122,0.192355742983181,0.775728155339806,0.000112095351779362,5.04465076863747e-05,6.07881272085831e-05,-0.00167206040992463
17,3,MP,287,141,0.910861558914156,0.461468098803078,0.147346948843017,0.91154182454095,0.91014612933295,0.466104700375446,0.149272002347979,0.909963081706014,0.000715429581205629,-0.00463660157236756,-0.00192505350496189,0.00157874283493609
18,3,MP,432,230,0.89870578149981,0.501180870640058,0.164818291112542,0.887279380111924,0.901948090038083,0.5031924618743,0.165606420245448,0.888570813603099,-0.00324230853827345,-0.00201159123424199,-0.000788129132906407,-0.00129143349117478
19,3,MP,323,172,0.854453750710564,0.581650181795528,0.195800047610225,0.817611273679347,0.854340229869587,0.583236574485018,0.196421938838919,0.817476513168027,0.000113520840976711,-0.0015863926894899,-0.000621891228693688,0.000134760511319887
1,3,ME_P,112,22,0.742028956614197,0.517167627139976,0.172299849106918,0.867171717171717,0.756541260671696,0.508862951014907,0.168929663480133,0.867676767676768,-0.0145123040574991,0.00830467612506913,0.0033701856267849,-0.000505050505050897
2,3,ME_P,280,21,0.629978106945263,0.494748986116665,0.16174476730785,0.926640926640927,0.662189103945433,0.491659150396886,0.160622837328073,0.92388306674021,-0.0322109970001704,0.00308983571977878,0.00112192997977661,0.00275785990071664
4,3,ME_P,146,25,0.514469880606972,0.553298477799365,0.188698509155569,0.768595041322314,0.522462982469667,0.546116454535335,0.185514465042654,0.775206611570248,-0.00799310186269486,0.00718202326403039,0.00318404411291448,-0.00661157024793391
5,3,ME_P,228,8,0.26249014143751,0.560068644578466,0.191381460251817,0.799431818181818,0.310782340757036,0.555375279516176,0.189584020516142,0.805681818181818,-0.0482921993195262,0.00469336506229001,0.00179743973567503,-0.00624999999999987
6,3,ME_P,276,5,0.0434456282846339,0.576488924558163,0.197921962799988,0.71660516605166,0.0486234180549762,0.568377411539884,0.194662216158458,0.719557195571956,-0.00517778977034234,0.00811151301827917,0.00325974664153023,-0.0029520295202955
7,3,ME_P,561,257,0.822825510729492,0.540073571889575,0.179602806267088,0.825414704075364,0.822408560812974,0.545021957546932,0.181782846085472,0.824352344869957,0.000416949916517972,-0.00494838565735711,-0.00218003981838427,0.00106235920540654
8,3,ME_P,320,157,0.823002956682613,0.567208102487755,0.190446471580636,0.798327537024735,0.821638018584694,0.575740355172383,0.194339120457988,0.796569106326443,0.00136493809791916,-0.00853225268462821,-0.0038926488773518,0.00175843069829229
9,3,ME_P,288,82,0.651423932903542,0.513818282208545,0.168238827552553,0.79516931091641,0.646098737686954,0.515205835639023,0.16870867908056,0.794873312810798,0.00532519521658803,-0.00138755343047792,-0.000469851528007465,0.000295998105612205
10,3,ME_P,677,358,0.928037767304702,0.476044055605411,0.152100442284437,0.923547748725942,0.926077463006704,0.485491686549352,0.15626385550896,0.922251799443092,0.00196030429799743,-0.00944763094394058,-0.00416341322452346,0.00129594928284971
11,3,ME_P,1193,375,0.570256662281548,0.628249882538713,0.218662049239801,0.713077424612877,0.565178305084781,0.61750899150165,0.214220617422439,0.71320782396088,0.0050783571967673,0.0107408910370632,0.00444143181736248,-0.000130399348003074
12,3,ME_P,303,228,0.912573447932536,0.995406554725385,0.363102930683923,0.761929824561404,0.914536113686531,0.992882047418664,0.359573026389496,0.767076023391813,-0.00196266575399517,0.00252450730672071,0.00352990429442696,-0.00514619883040957
13,3,ME_P,175,86,0.855171823800155,0.491551956922183,0.159076392683992,0.879540109746538,0.853248456413857,0.486437488152638,0.158104087453918,0.877711000783904,0.00192336738629739,0.00511446876954536,0.000972305230074133,0.00182910896263377
14,3,ME_P,177,28,0.699051670223213,0.531789219589206,0.177329821760875,0.915388302972196,0.664776908094356,0.523539779084723,0.174492126200586,0.912032598274209,0.0342747621288568,0.00824944050448251,0.00283769556028882,0.00335570469798663
15,3,ME_P,627,384,0.881017436951495,0.715837571419649,0.256472307891595,0.814225394375857,0.880395830327317,0.714422671215809,0.254759841038867,0.815554269547325,0.000621606624177873,0.0014149002038395,0.00171246685272808,-0.00132887517146763
16,3,ME_P,193,90,0.796097342442575,0.556998137666324,0.186843461775492,0.793311758360302,0.791053707368294,0.559700332174447,0.187891187690379,0.789859762675297,0.00504363507428096,-0.00270219450812315,-0.00104772591488658,0.00345199568500509
17,3,ME_P,287,141,0.918372416052761,0.488019544978145,0.156525029971973,0.913630622753328,0.915368394369211,0.488718009321256,0.156924670941088,0.911007480812203,0.00300402168354974,-0.000698464343111493,-0.000399640969114934,0.00262314194112456
18,3,ME_P,432,230,0.897200913534383,0.531465450717648,0.176667473872385,0.884976323719329,0.901664370465652,0.530053269908332,0.175932241519331,0.887171760654326,-0.00446345693126882,0.0014121808093156,0.000735232353053561,-0.00219543693499757
19,3,ME_P,323,172,0.861243112875488,0.597670695538489,0.204690314468351,0.825735407361774,0.862206266999923,0.593684127782039,0.202973256543068,0.825773910365009,-0.000963154124434928,0.00398656775644979,0.00171705792528304,-3.85030032348244e-05
1,3,ME2P,112,22,0.751011904487695,0.509340430145159,0.168987363559526,0.868181818181818,0.755355861041057,0.501773858163091,0.16589521773778,0.866161616161616,-0.00434395655336184,0.00756657198206778,0.0030921458217458,0.00202020202020214
2,3,ME2P,280,21,0.655572776263191,0.485166679293529,0.157562566410479,0.929031071888215,0.665452222737127,0.482650110195261,0.156690718338541,0.92719249862107,-0.00987944647393635,0.00251656909826792,0.000871848071938408,0.00183857326714476
4,3,ME2P,146,25,0.520350484398442,0.559793181179804,0.191205123356967,0.771570247933884,0.53283853610193,0.552560159447606,0.187993742499596,0.778842975206612,-0.0124880517034884,0.00723302173219809,0.00321138085737052,-0.00727272727272776
5,3,ME2P,228,8,0.269711850546011,0.569037746081921,0.194912153739534,0.803977272727273,0.310434981684982,0.563899534327492,0.192945730502343,0.809090909090909,-0.0407231311389706,0.00513821175442886,0.00196642323719134,-0.00511363636363627
6,3,ME2P,276,5,0.0470098266193343,0.709085787261666,0.250667275711839,0.718819188191882,0.0506447137271747,0.69473754432561,0.245014420184808,0.719557195571956,-0.00363488710784044,0.0143482429360556,0.00565285552703077,-0.000738007380074013
7,3,ME2P,561,257,0.825177571230462,0.534303674213279,0.177075893578775,0.827424226909687,0.823205241561504,0.539196827502467,0.179189374676423,0.825376305549867,0.00197232966895777,-0.00489315328918838,-0.00211348109764778,0.00204792135981968
8,3,ME2P,320,157,0.823270055823719,0.557839253300387,0.186998151047811,0.798913680590833,0.821006757592706,0.565579913837062,0.190476400043794,0.795904810284866,0.00226329823101301,-0.00774066053667477,-0.00347824899598256,0.00300887030596664
9,3,ME2P,288,82,0.658078323263167,0.512181868283087,0.167622621763001,0.799668482121714,0.650840196247561,0.513423371872941,0.168012026656376,0.800201278711816,0.00723812701560644,-0.00124150358985375,-0.000389404893374856,-0.000532796590101636
10,3,ME2P,677,358,0.925828462863199,0.470576135119758,0.149390371948367,0.921708901770547,0.923614484214656,0.479662827983902,0.153368768659331,0.920202798549938,0.00221397864854267,-0.00908669286414393,-0.00397839671096389,0.00150610322060885
11,3,ME2P,1193,375,0.566799277540218,0.631171817397956,0.219903465349154,0.711114914425428,0.566614520043223,0.616102718278329,0.21361471832538,0.714081499592502,0.000184757496995203,0.0150690991196272,0.00628874702377438,-0.00296658516707415
12,3,ME2P,303,228,0.913149320525304,1.01436025274959,0.369713776780907,0.763391812865497,0.914722671666483,1.02655357733836,0.371022626760274,0.768245614035088,-0.00157335114117874,-0.0121933245887667,-0.00130884997936714,-0.00485380116959089
13,3,ME2P,175,86,0.858254688702771,0.500027759011649,0.164043404544179,0.882022471910112,0.855431403689369,0.493850063050507,0.162295393237431,0.879148157825973,0.00282328501340234,0.00617769596114176,0.00174801130674837,0.00287431408413941
14,3,ME2P,177,28,0.697152094421975,0.509709042771618,0.167717096472591,0.914189837008629,0.667133224230253,0.509946333710376,0.168684324213984,0.911073825503356,0.0300188701917216,-0.000237290938758128,-0.000967227741393295,0.00311601150527296
15,3,ME2P,627,384,0.872601851480007,0.749138186655013,0.269244160108728,0.800968792866941,0.874211980245963,0.744493625671347,0.266126179544137,0.805062585733882,-0.0016101287659559,0.00464456098366561,0.00311798056459101,-0.004093792866941
16,3,ME2P,193,90,0.801002389461885,0.55252453306935,0.185208787491177,0.798058252427184,0.792546466218427,0.555930995535174,0.186517362117134,0.792880258899676,0.00845592324345812,-0.00340646246582388,-0.00130857462595704,0.00517799352750847
17,3,ME2P,287,141,0.917988890165746,0.494532299268517,0.160053537159113,0.911784708054017,0.915960427439367,0.494296912950374,0.159900089701203,0.910958904109589,0.00202846272637924,0.000235386318142572,0.000153447457910239,0.000825803944428327
18,3,ME2P,432,230,0.894029457484953,0.628897155678823,0.222191323776753,0.882221265604821,0.898655197635507,0.611119033148079,0.214280336121954,0.884761084804133,-0.00462574015055395,0.0177781225307435,0.00791098765479942,-0.00253981919931157
19,3,ME2P,323,172,0.862434327888469,0.613433285292628,0.211631255050238,0.828469120591406,0.863179797257055,0.60299307180648,0.207181996361023,0.828161096565532,-0.000745469368586216,0.0104402134861477,0.00444925868921459,0.000308024025874043
1,4,MP,112,22,0.712541966374973,0.545253225792678,0.18632095663956,0.861363636363636,0.760214831257374,0.526578558308318,0.179012648370709,0.869444444444445,-0.0476728648824013,0.0186746674843596,0.00730830826885137,-0.00808080808080869
2,4,MP,280,21,0.615989005188388,0.538450322030973,0.183491362636293,0.91055341055341,0.618967467720808,0.530761573324404,0.180152846459861,0.909450266593124,-0.00297846253242029,0.00768874870656944,0.00333851617643163,0.00110314396028655
3,4,MP,146,39,0.619522786648242,0.626070264254412,0.216677320984107,0.785526000479272,0.634921249570518,0.60885899698863,0.209979844859851,0.790678169182842,-0.0153984629222765,0.0172112672657818,0.00669747612425645,-0.00515216870357049
5,4,MP,228,8,0.308903767604331,0.626592430753311,0.22005629376778,0.791761363636364,0.292081554191196,0.614748611284955,0.215313284783294,0.790056818181818,0.0168222134131353,0.0118438194683558,0.00474300898448629,0.00170454545454557
6,4,MP,276,5,0.0431144319982093,0.662181600880721,0.227182789994351,0.716236162361624,0.0445351791264003,0.645505496730541,0.221390882791666,0.721033210332103,-0.001420747128191,0.0166761041501803,0.00579190720268527,-0.00479704797047942
7,4,MP,561,257,0.810451204564734,0.540520806502438,0.178797740419988,0.813709553553144,0.809641730255759,0.543535576692664,0.180027778653934,0.812634394839238,0.000809474308974933,-0.00301477019022622,-0.00123003823394555,0.00107515871390551
8,4,MP,320,157,0.818249665302167,0.567036466798714,0.186867974688604,0.791215661756086,0.816005108355322,0.567939233434807,0.188962877424044,0.791430581063655,0.002244556946845,-0.0009027666360929,-0.00209490273544047,-0.000214919307568895
9,4,MP,288,82,0.632319153861731,0.546057733257848,0.181707954864412,0.774597442576368,0.630780549548471,0.542515776736445,0.179919264453227,0.775455837082643,0.00153860431325992,0.00354195652140243,0.00178869041118515,-0.000858394506275451
10,4,MP,677,358,0.921463144239999,0.452620511906378,0.143441646270964,0.919743086811089,0.921148186153207,0.457852184983101,0.145889675587365,0.918928740302271,0.000314958086792161,-0.00523167307672345,-0.00244802931640056,0.000814346508818065
11,4,MP,1193,375,0.56210537655191,0.616537198370567,0.213263788924765,0.722475957620212,0.556786508886677,0.612091531791435,0.211281295622712,0.721066014669927,0.00531886766523326,0.00444566657913204,0.00198249330205255,0.00140994295028485
12,4,MP,303,228,0.922472694748216,0.819787029383791,0.286731946054939,0.791432748538012,0.921265319834541,0.827472610090691,0.289478325240095,0.791023391812866,0.00120737491367529,-0.00768558070689951,-0.00274637918515647,0.000409356725145749
13,4,MP,175,86,0.8400589510333,0.473350540765557,0.154537490639599,0.868304154690358,0.842616443006938,0.474984934236286,0.155333547580898,0.868630781290828,-0.0025574919736383,-0.00163439347072869,-0.000796056941299472,-0.000326626600470115
14,4,MP,177,28,0.685202769487586,0.542238155137231,0.183817660587393,0.924616490891659,0.675545566033652,0.533620992501976,0.180645434912642,0.919103547459252,0.00965720345393406,0.00861716263525458,0.00317222567475145,0.0055129434324066
15,4,MP,627,384,0.875377294517669,0.662765770361361,0.229809382292641,0.815093449931413,0.875118076715491,0.668298079394011,0.232117472868872,0.815725737311385,0.000259217802178191,-0.00553230903264967,-0.00230809057623085,-0.000632287379972119
16,4,MP,193,90,0.778905428230483,0.5779429950308,0.192150772188136,0.775889967637541,0.778268195285482,0.579335039004122,0.192355742983181,0.775728155339806,0.000637232945001065,-0.00139204397332215,-0.000204970795045112,0.000161812297734487
17,4,MP,287,141,0.909895577433922,0.462965153308394,0.147872019501967,0.910060235111241,0.91014612933295,0.466104700375446,0.149272002347979,0.909963081706014,-0.00025055189902834,-0.0031395470670525,-0.00139998284601159,9.71534052266465e-05
18,4,MP,432,230,0.902358457645956,0.497846075942335,0.163223528694138,0.889625484287559,0.901948090038083,0.5031924618743,0.165606420245448,0.888570813603099,0.000410367607873496,-0.0053463859319654,-0.00238289155131,0.00105467068446019
19,4,MP,323,172,0.855558761138415,0.578400657382166,0.194526926265866,0.818612351763438,0.854340229869587,0.583236574485018,0.196421938838919,0.817476513168027,0.00121853126882787,-0.00483591710285247,-0.0018950125730535,0.00113583859541044
1,4,ME_P,112,22,0.741455218516979,0.519342091162987,0.17303437607932,0.863131313131313,0.756541260671696,0.508862951014907,0.168929663480133,0.867676767676768,-0.015086042154717,0.0104791401480805,0.00410471259918679,-0.00454545454545496
2,4,ME_P,280,21,0.655505171243834,0.500283124171836,0.164113355720389,0.923147637433352,0.662189103945433,0.491659150396886,0.160622837328073,0.92388306674021,-0.00668393270159884,0.00862397377495017,0.00349051839231609,-0.000735429306858326
3,4,ME_P,146,39,0.629076189286359,0.596945552186675,0.2057769195973,0.802060867481428,0.637367803369133,0.591494652945118,0.203226191025108,0.806853582554517,-0.00829161408277379,0.00545089924155651,0.00255072857219177,-0.00479271507308876
5,4,ME_P,228,8,0.352652436712791,0.566584422669843,0.194441635288681,0.803409090909091,0.310782340757036,0.555375279516176,0.189584020516142,0.805681818181818,0.0418700959557554,0.0112091431536667,0.00485761477253857,-0.00227272727272709
6,4,ME_P,276,5,0.0447966437663331,0.591782141385241,0.204389419228357,0.717343173431734,0.0486234180549762,0.568377411539884,0.194662216158458,0.719557195571956,-0.00382677428864314,0.023404729845357,0.00972720306989863,-0.00221402214022159
7,4,ME_P,561,257,0.821595638724626,0.542251038747418,0.180445248982032,0.822266024984641,0.822408560812974,0.545021957546932,0.181782846085472,0.824352344869957,-0.000812922088348045,-0.00277091879951419,-0.00133759710344006,-0.00208631988531638
8,4,ME_P,320,157,0.823539765170353,0.566947635182339,0.190068220901857,0.795240514243289,0.821638018584694,0.575740355172383,0.194339120457988,0.796569106326443,0.00190174658565878,-0.00879271999004416,-0.00427089955613078,-0.00132859208315428
9,4,ME_P,288,82,0.642655965565065,0.520193306514357,0.171129147375269,0.787946957139474,0.646098737686954,0.515205835639023,0.16870867908056,0.794873312810798,-0.00344277212188882,0.00498747087533424,0.00242046829470863,-0.00692635567132371
10,4,ME_P,677,358,0.927643259715467,0.477544967502292,0.152675148181455,0.923425158928915,0.926077463006704,0.485491686549352,0.15626385550896,0.922251799443092,0.00156579670876289,-0.00794671904705979,-0.00358870732750519,0.00117335948582342
11,4,ME_P,1193,375,0.571764257005795,0.622761817122644,0.216462087777558,0.715251833740831,0.565178305084781,0.61750899150165,0.214220617422439,0.71320782396088,0.00658595192101397,0.00525282562099361,0.00224147035511935,0.00204400977995134
12,4,ME_P,303,228,0.913439104261171,0.979963691598171,0.358158856716719,0.763976608187135,0.914536113686531,0.992882047418664,0.359573026389496,0.767076023391813,-0.00109700942536006,-0.0129183558204934,-0.00141416967277752,-0.00309941520467849
13,4,ME_P,175,86,0.851868286934557,0.495029077973503,0.160793960082727,0.877449699503528,0.853248456413857,0.486437488152638,0.158104087453918,0.877711000783904,-0.0013801694793002,0.0085915898208645,0.00268987262880938,-0.00026130128037638
14,4,ME_P,177,28,0.661466473640185,0.528931596279986,0.175746910414984,0.917305848513902,0.664776908094356,0.523539779084723,0.174492126200586,0.912032598274209,-0.00331043445417112,0.00539181719526283,0.00125478421439795,0.00527325023969316
15,4,ME_P,627,384,0.880701745149092,0.711983752640252,0.254930231658914,0.814643347050754,0.880395830327317,0.714422671215809,0.254759841038867,0.815554269547325,0.000305914821775222,-0.00243891857555756,0.000170390620046923,-0.000910922496570543
16,4,ME_P,193,90,0.792857608288224,0.559275292440269,0.187812257962502,0.791370010787487,0.791053707368294,0.559700332174447,0.187891187690379,0.789859762675297,0.00180390091992988,-0.000425039734178512,-7.89297278772361e-05,0.00151024811218947
17,4,ME_P,287,141,0.913995873572822,0.491419984131088,0.158047940838478,0.910084523462547,0.915368394369211,0.488718009321256,0.156924670941088,0.911007480812203,-0.00137252079638928,0.00270197480983153,0.00112326989739042,-0.00092295734965564
18,4,ME_P,432,230,0.901525231708461,0.530771303870639,0.17626790135054,0.887774429616875,0.901664370465652,0.530053269908332,0.175932241519331,0.887171760654326,-0.000139138757191404,0.000718033962306519,0.000335659831209312,0.00060266896254868
19,4,ME_P,323,172,0.861981315705561,0.596341407167491,0.204129657570313,0.826004928384414,0.862206266999923,0.593684127782039,0.202973256543068,0.825773910365009,-0.000224951294362286,0.00265727938545235,0.00115640102724482,0.000231018019404949
1,4,ME2P,112,22,0.740394342243874,0.511100258800444,0.169528814940352,0.863636363636364,0.755355861041057,0.501773858163091,0.16589521773778,0.866161616161616,-0.0149615187971832,0.00932640063735268,0.00363359720257236,-0.00252525252525238
2,4,ME2P,280,21,0.67282648354533,0.490187965077961,0.159691636992879,0.927008641294356,0.665452222737127,0.482650110195261,0.156690718338541,0.92719249862107,0.0073742608082028,0.00753785488270009,0.00300091865433816,-0.000183857326714443
3,4,ME2P,146,39,0.632765454732252,0.600295529533361,0.207132769972497,0.804457225017973,0.64983746565309,0.594939571251682,0.204625306752901,0.812604840642224,-0.0170720109208384,0.0053559582816789,0.00250746321959611,-0.00814761562425137
5,4,ME2P,228,8,0.365768868812347,0.575879901771614,0.198115082050312,0.810227272727273,0.310434981684982,0.563899534327492,0.192945730502343,0.809090909090909,0.0553338871273651,0.0119803674441221,0.00516935154796849,0.00113636363636371
6,4,ME2P,276,5,0.0462068478792172,0.732062843380467,0.260125797335154,0.713653136531365,0.0506447137271747,0.69473754432561,0.245014420184808,0.719557195571956,-0.00443786584795751,0.0373252990548574,0.0151113771503457,-0.00590405904059066
7,4,ME2P,561,257,0.823847627285205,0.536345605704012,0.177876652448713,0.824313946344461,0.823205241561504,0.539196827502467,0.179189374676423,0.825376305549867,0.000642385723701233,-0.00285122179845465,-0.00131272222771003,-0.00106235920540654
8,4,ME2P,320,157,0.824035765463159,0.557354071443358,0.186586690567878,0.796217420186784,0.821006757592706,0.565579913837062,0.190476400043794,0.795904810284866,0.0030290078704529,-0.00822584239370439,-0.00388970947591571,0.000312609901918393
9,4,ME2P,288,82,0.645795306233112,0.518402339517598,0.170422428680963,0.792919725313758,0.650840196247561,0.513423371872941,0.168012026656376,0.800201278711816,-0.00504489001444852,0.00497896764465722,0.00241040202458695,-0.00728155339805803
10,4,ME2P,677,358,0.925137430068921,0.471716759128488,0.149788892293238,0.921419940106128,0.923614484214656,0.479662827983902,0.153368768659331,0.920202798549938,0.00152294585426449,-0.00794606885541427,-0.00357987636609267,0.00121714155618968
11,4,ME2P,1193,375,0.569835618360554,0.625245052226983,0.217519350402007,0.713713121434393,0.566614520043223,0.616102718278329,0.21361471832538,0.714081499592502,0.00322109831733075,0.00914233394865449,0.00390463207662675,-0.000368378158109195
12,4,ME2P,303,228,0.913929963179711,0.996029873349123,0.363834876276333,0.765029239766082,0.914722671666483,1.02655357733836,0.371022626760274,0.768245614035088,-0.00079270848677182,-0.030523703989237,-0.00718775048394121,-0.00321637426900612
13,4,ME2P,175,86,0.85333104555454,0.504208832863713,0.166146043211519,0.879278808466161,0.855431403689369,0.493850063050507,0.162295393237431,0.879148157825973,-0.00210035813482923,0.0103587698132061,0.00385064997408796,0.000130650640188468
14,4,ME2P,177,28,0.664481066363757,0.505939904407256,0.165759907000493,0.916347075743049,0.667133224230253,0.509946333710376,0.168684324213984,0.911073825503356,-0.00265215786649609,-0.00400642930312001,-0.00292441721349118,0.00527325023969283
15,4,ME2P,627,384,0.872586447646219,0.745493881380833,0.267878077062054,0.800979509602195,0.874211980245963,0.744493625671347,0.266126179544137,0.805062585733882,-0.00162553259974452,0.00100025570948625,0.00175189751791682,-0.00408307613168724
16,4,ME2P,193,90,0.794989682854498,0.554636474673549,0.186093746732525,0.795577130528587,0.792546466218427,0.555930995535174,0.186517362117134,0.792880258899676,0.00244321663607072,-0.00129452086162474,-0.0004236153846085,0.00269687162891086
17,4,ME2P,287,141,0.914651965423569,0.498252186890956,0.161742264711493,0.909258719518119,0.915960427439367,0.494296912950374,0.159900089701203,0.910958904109589,-0.00130846201579848,0.00395527394058165,0.0018421750102901,-0.00170018459146992
18,4,ME2P,432,230,0.900393552577713,0.631096651647287,0.223167716034713,0.886310804993543,0.898655197635507,0.611119033148079,0.214280336121954,0.884761084804133,0.00173835494220564,0.0199776184992083,0.00888737991275929,0.00154972018940991
19,4,ME2P,323,172,0.864581375533772,0.61216177171394,0.211131268420761,0.829932234714308,0.863179797257055,0.60299307180648,0.207181996361023,0.828161096565532,0.00140157827671716,0.00916869990745972,0.0039492720597385,0.00177113814877572
1,5,MP,112,22,0.729308122372565,0.542610486011736,0.185335188015164,0.867676767676768,0.760214831257374,0.526578558308318,0.179012648370709,0.869444444444445,-0.0309067088848093,0.0160319277034175,0.00632253964445473,-0.00176767676767731
2,5,MP,280,21,0.591109205357977,0.564060530040876,0.194258647662868,0.901452472881044,0.618967467720808,0.530761573324404,0.180152846459861,0.909450266593124,-0.0278582623628312,0.0332989567164717,0.0141058012030068,-0.00799779371207965
3,5,MP,146,39,0.614195905156648,0.627902538119923,0.216812582839048,0.785406182602444,0.634921249570518,0.60885899698863,0.209979844859851,0.790678169182842,-0.0207253444138705,0.0190435411312927,0.00683273797919701,-0.00527198658039763
4,5,MP,146,25,0.530461045521528,0.608600976814804,0.212115257450882,0.768099173553719,0.507072153692925,0.590105149151892,0.204734924557639,0.768595041322314,0.023388891828603,0.018495827662912,0.0073803328932433,-0.000495867768595004
6,5,MP,276,5,0.0428931922868342,0.678195637303813,0.233778536088049,0.717712177121771,0.0445351791264003,0.645505496730541,0.221390882791666,0.721033210332103,-0.0016419868395661,0.0326901405732719,0.0123876532963829,-0.00332103321033173
7,5,MP,561,257,0.804596486403715,0.540764951191338,0.179036329253157,0.808948136391563,0.809641730255759,0.543535576692664,0.180027778653934,0.812634394839238,-0.00504524385204397,-0.00277062550132634,-0.000991449400776806,-0.00368625844767545
8,5,MP,320,157,0.812539191557817,0.56382378568589,0.18784181193054,0.789593997889883,0.816005108355322,0.567939233434807,0.188962877424044,0.791430581063655,-0.00346591679750552,-0.0041154477489167,-0.00112106549350366,-0.00183658317377189
9,5,MP,288,82,0.601883642928269,0.561649502212244,0.187601501042202,0.767404688609993,0.630780549548471,0.542515776736445,0.179919264453227,0.775455837082643,-0.0288969066202024,0.0191337254757991,0.0076822365889746,-0.0080511484726501
10,5,MP,677,358,0.920231459342722,0.448904664523489,0.141703474998344,0.91934904817779,0.921148186153207,0.457852184983101,0.145889675587365,0.918928740302271,-0.000916726810485269,-0.00894752045961211,-0.00418620058902147,0.000420307875519277
11,5,MP,1193,375,0.559599002768775,0.622578674879736,0.215795401483218,0.723326813365933,0.556786508886677,0.612091531791435,0.211281295622712,0.721066014669927,0.00281249388209803,0.010487143088301,0.00451410586050591,0.00226079869600615
12,5,MP,303,228,0.922268648302606,0.804926194662708,0.280721005648957,0.792017543859649,0.921265319834541,0.827472610090691,0.289478325240095,0.791023391812866,0.00100332846806472,-0.0225464154279827,-0.00875731959113807,0.000994152046783214
13,5,MP,175,86,0.841198630522486,0.471819749917137,0.153671539032567,0.867912202769794,0.842616443006938,0.474984934236286,0.155333547580898,0.868630781290828,-0.00141781248445172,-0.00316518431914936,-0.00166200854833143,-0.000718578521034519
14,5,MP,177,28,0.663889175812223,0.554783914669851,0.189404270382278,0.917066155321189,0.675545566033652,0.533620992501976,0.180645434912642,0.919103547459252,-0.0116563902214293,0.0211629221678749,0.00875883546963566,-0.0020373921380632
15,5,MP,627,384,0.87725496830999,0.650284793214539,0.224641824360956,0.818512088477366,0.875118076715491,0.668298079394011,0.232117472868872,0.815725737311385,0.00213689159449859,-0.0180132861794717,-0.00747564850791613,0.00278635116598125
16,5,MP,193,90,0.775580363820737,0.580174539733676,0.192948586051367,0.772761596548004,0.778268195285482,0.579335039004122,0.192355742983181,0.775728155339806,-0.00268783146474516,0.000839500729553855,0.000592843068186383,-0.00296655879180163
17,5,MP,287,141,0.911979779906237,0.456264798841946,0.144846762072567,0.912173321674925,0.91014612933295,0.466104700375446,0.149272002347979,0.909963081706014,0.00183365057328722,-0.00983990153350017,-0.00442524027541177,0.00221023996891068
18,5,MP,432,230,0.900925171173276,0.493194399436439,0.161064938462727,0.887860525182953,0.901948090038083,0.5031924618743,0.165606420245448,0.888570813603099,-0.00102291886480721,-0.00999806243786128,-0.00454148178272137,-0.000710288420145866
19,5,MP,323,172,0.852099499365497,0.575552694195454,0.19314401799169,0.815724626520869,0.854340229869587,0.583236574485018,0.196421938838919,0.817476513168027,-0.00224073050409013,-0.00768388028956379,-0.00327792084722867,-0.00175188664715842
1,5,ME_P,112,22,0.74973498788981,0.518754907413603,0.172883435908742,0.866666666666667,0.756541260671696,0.508862951014907,0.168929663480133,0.867676767676768,-0.00680627278188584,0.00989195639869567,0.00395377242860939,-0.00101010101010135
2,5,ME_P,280,21,0.610422274865001,0.525066375772193,0.175381021334166,0.910645339216768,0.662189103945433,0.491659150396886,0.160622837328073,0.92388306674021,-0.0517668290804322,0.0334072253753073,0.0147581840060932,-0.0132377275234422
3,5,ME_P,146,39,0.632120645944734,0.598310350963885,0.206106178910013,0.799424874191229,0.637367803369133,0.591494652945118,0.203226191025108,0.806853582554517,-0.00524715742439863,0.0068156980187668,0.00287998788490512,-0.00742870836328768
4,5,ME_P,146,25,0.53846248300078,0.563393552960974,0.193048669319381,0.770909090909091,0.522462982469667,0.546116454535335,0.185514465042654,0.775206611570248,0.0159995005311125,0.0172770984256387,0.0075342042767273,-0.00429752066115707
6,5,ME_P,276,5,0.0443299634381989,0.608541039055582,0.211691165975227,0.719557195571956,0.0486234180549762,0.568377411539884,0.194662216158458,0.719557195571956,-0.00429345461677726,0.0401636275156977,0.0170289498167688,-2.22044604925031e-16
7,5,ME_P,561,257,0.814826497659919,0.541644563069791,0.180180514952317,0.816967028466107,0.822408560812974,0.545021957546932,0.181782846085472,0.824352344869957,-0.00758206315305543,-0.00337739447714103,-0.00160233113315547,-0.0073853164038501
8,5,ME_P,320,157,0.817823186917009,0.567863709736306,0.190987985740765,0.794146379586573,0.821638018584694,0.575740355172383,0.194339120457988,0.796569106326443,-0.0038148316676847,-0.00787664543607736,-0.00335113471722343,-0.00242272673986954
9,5,ME_P,288,82,0.619260472814586,0.532115333108357,0.176371846438815,0.78149419843713,0.646098737686954,0.515205835639023,0.16870867908056,0.794873312810798,-0.0268382648723682,0.0169094974693337,0.0076631673582554,-0.013379114373668
10,5,ME_P,677,358,0.925796939387867,0.473036904361989,0.150513465844126,0.923144953678569,0.926077463006704,0.485491686549352,0.15626385550896,0.922251799443092,-0.000280523618837347,-0.0124547821873633,-0.00575038966483404,0.000893154235477534
11,5,ME_P,1193,375,0.571379063594126,0.628350295238971,0.218854211691282,0.716829665851671,0.565178305084781,0.61750899150165,0.214220617422439,0.71320782396088,0.00620075850934454,0.0108413037373212,0.00463359426884324,0.00362184189079073
12,5,ME_P,303,228,0.914992781220812,0.957452825139891,0.34956367202204,0.76672514619883,0.914536113686531,0.992882047418664,0.359573026389496,0.767076023391813,0.000456667534280864,-0.0354292222787732,-0.0100093543674556,-0.000350877192982657
13,5,ME_P,175,86,0.847697399338699,0.493788651071529,0.160014595407289,0.876143193101646,0.853248456413857,0.486437488152638,0.158104087453918,0.877711000783904,-0.00555105707515824,0.00735116291889093,0.001910507953371,-0.00156780768225773
14,5,ME_P,177,28,0.671253498070106,0.537784470308331,0.179850128425214,0.912032598274209,0.664776908094356,0.523539779084723,0.174492126200586,0.912032598274209,0.00647658997575018,0.0142446912236075,0.00535800222462843,0
15,5,ME_P,627,384,0.883274258052312,0.698385170871449,0.249162651562651,0.819337277091907,0.880395830327317,0.714422671215809,0.254759841038867,0.815554269547325,0.00287842772499491,-0.0160375003443598,-0.00559718947621604,0.00378300754458172
16,5,ME_P,193,90,0.789224996259743,0.561419844423108,0.188629700473052,0.789428263214671,0.791053707368294,0.559700332174447,0.187891187690379,0.789859762675297,-0.00182871110855132,0.00171951224866063,0.000738512782673007,-0.000431499460626039
17,5,ME_P,287,141,0.917677846309585,0.488225663313077,0.156315093503991,0.91338773924026,0.915368394369211,0.488718009321256,0.156924670941088,0.911007480812203,0.0023094519403738,-0.000492346008179323,-0.000609577437096998,0.00238025842805745
18,5,ME_P,432,230,0.901083323896025,0.528496805292813,0.174902670114232,0.887774429616875,0.901664370465652,0.530053269908332,0.175932241519331,0.887171760654326,-0.000581046569626653,-0.00155646461551895,-0.00102957140509893,0.00060266896254868
19,5,ME_P,323,172,0.858825040849831,0.593349910807102,0.202682991222448,0.823309718158016,0.862206266999923,0.593684127782039,0.202973256543068,0.825773910365009,-0.00338122615009184,-0.000334216974937074,-0.000290265320620264,-0.00246419220699268
1,5,ME2P,112,22,0.748282095127032,0.509582031328187,0.168975772935447,0.866666666666667,0.755355861041057,0.501773858163091,0.16589521773778,0.866161616161616,-0.00707376591402498,0.00780817316509574,0.00308055519766676,0.000505050505050675
2,5,ME2P,280,21,0.601934208489506,0.513315232756228,0.170263317080888,0.914874057731201,0.665452222737127,0.482650110195261,0.156690718338541,0.92719249862107,-0.0635180142476206,0.0306651225609669,0.0135725987423473,-0.0123184408898694
3,5,ME2P,146,39,0.637804975501156,0.602263641611004,0.207717803669205,0.8058950395399,0.64983746565309,0.594939571251682,0.204625306752901,0.812604840642224,-0.0120324901519344,0.0073240703593217,0.00309249691630414,-0.00670980110232466
4,5,ME2P,146,25,0.534824643874221,0.571143104223275,0.196032729156248,0.771900826446281,0.53283853610193,0.552560159447606,0.187993742499596,0.778842975206612,0.00198610777229058,0.0185829447756686,0.00803898665665242,-0.00694214876033106
6,5,ME2P,276,5,0.0470146728138875,0.761715826616494,0.272147504621385,0.718081180811808,0.0506447137271747,0.69473754432561,0.245014420184808,0.719557195571956,-0.00363004091328718,0.0669782822908839,0.0271330844365766,-0.0014760147601478
7,5,ME2P,561,257,0.817877763901651,0.535379912539016,0.177508782606954,0.819693323776367,0.823205241561504,0.539196827502467,0.179189374676423,0.825376305549867,-0.00532747765985286,-0.00381691496345127,-0.00168059206946855,-0.00568298177350002
8,5,ME2P,320,157,0.819210848249383,0.557387923913453,0.187215830537419,0.795357742956508,0.821006757592706,0.565579913837062,0.190476400043794,0.795904810284866,-0.00179590934332341,-0.00819198992360903,-0.00326056950637527,-0.000547067328357853
9,5,ME2P,288,82,0.628085358475425,0.530178870568577,0.175596153482992,0.786585365853659,0.650840196247561,0.513423371872941,0.168012026656376,0.800201278711816,-0.0227548377721358,0.0167554986956362,0.00758412682661552,-0.0136159128581574
10,5,ME2P,677,358,0.923450397970485,0.465951336476508,0.147011775172942,0.921244811824662,0.923614484214656,0.479662827983902,0.153368768659331,0.920202798549938,-0.000164086244170636,-0.0137114915073941,-0.00635699348638916,0.00104201327472353
11,5,ME2P,1193,375,0.571345872874146,0.629620762728856,0.219390410532048,0.716207008964955,0.566614520043223,0.616102718278329,0.21361471832538,0.714081499592502,0.00473135283092296,0.0135180444505267,0.00577569220666829,0.00212550937245315
12,5,ME2P,303,228,0.915003569650863,0.963069687144238,0.351584997079684,0.766842105263158,0.914722671666483,1.02655357733836,0.371022626760274,0.768245614035088,0.000280897984380468,-0.0634838901941225,-0.0194376296805902,-0.00140350877193007
13,5,ME2P,175,86,0.850159414265881,0.503090041906095,0.165505076080707,0.87797230206428,0.855431403689369,0.493850063050507,0.162295393237431,0.879148157825973,-0.00527198942348806,0.00923997885558819,0.0032096828432758,-0.00117585576169288
14,5,ME2P,177,28,0.672025240826154,0.511422533323546,0.168447817437116,0.910834132310642,0.667133224230253,0.509946333710376,0.168684324213984,0.911073825503356,0.00489201659590055,0.00147619961317003,-0.000236506776868484,-0.000239693192713664
15,5,ME2P,627,384,0.87488758426797,0.732844670230818,0.262584839812943,0.805319787379973,0.874211980245963,0.744493625671347,0.266126179544137,0.805062585733882,0.00067560402200717,-0.0116489554405295,-0.00354133973119447,0.000257201646090555
16,5,ME2P,193,90,0.793291225240816,0.556408040518148,0.186774791882541,0.793959007551241,0.792546466218427,0.555930995535174,0.186517362117134,0.792880258899676,0.000744759022388686,0.000477044982974406,0.000257429765407324,0.00107874865156465
17,5,ME2P,287,141,0.917988291726221,0.494816941192688,0.15996005769376,0.912756242106286,0.915960427439367,0.494296912950374,0.159900089701203,0.910958904109589,0.0020278642868542,0.000520028242313508,5.99679925570307e-05,0.00179733799669679
18,5,ME2P,432,230,0.898795285140114,0.627515501042488,0.221543413186993,0.885019371502368,0.898655197635507,0.611119033148079,0.214280336121954,0.884761084804133,0.000140087504607145,0.0163964678944089,0.00726307706503904,0.000258286698234689
19,5,ME2P,323,172,0.8612473336915,0.608880615784297,0.209595659346696,0.826929000462036,0.863179797257055,0.60299307180648,0.207181996361023,0.828161096565532,-0.00193246356555488,0.00588754397781666,0.00241366298567283,-0.00123209610349606
1,6,MP,112,22,0.755055816451116,0.547291381362383,0.18824863808332,0.866666666666667,0.760214831257374,0.526578558308318,0.179012648370709,0.869444444444445,-0.00515901480625769,0.0207128230540654,0.00923598971261141,-0.00277777777777832
2,6,MP,280,21,0.584698138447947,0.563177082942488,0.193603348795381,0.908347122632837,0.618967467720808,0.530761573324404,0.180152846459861,0.909450266593124,-0.0342693292728611,0.032415509618084,0.0134505023355198,-0.0011031439602871
3,6,MP,146,39,0.634430807620657,0.638521104582958,0.218515183771122,0.790438533429188,0.634921249570518,0.60885899698863,0.209979844859851,0.790678169182842,-0.000490441949861364,0.029662107594328,0.00853533891127076,-0.000239635753654266
4,6,MP,146,25,0.507075574756493,0.621655200462771,0.215646613886417,0.767438016528926,0.507072153692925,0.590105149151892,0.204734924557639,0.768595041322314,3.42106356754357e-06,0.0315500513108793,0.010911689328778,-0.00115702479338842
5,6,MP,228,8,0.320706432291786,0.654358582950911,0.230311307951965,0.79375,0.292081554191196,0.614748611284955,0.215313284783294,0.790056818181818,0.0286248781005896,0.0396099716659558,0.014998023168671,0.0036931818181819
7,6,MP,561,257,0.809426440875542,0.539975957759664,0.178809512098859,0.809831302477985,0.809641730255759,0.543535576692664,0.180027778653934,0.812634394839238,-0.000215289380217309,-0.00355961893299983,-0.00121826655507501,-0.0028030923612532
8,6,MP,320,157,0.816305766669809,0.561008329192803,0.186906410949845,0.791860419678793,0.816005108355322,0.567939233434807,0.188962877424044,0.791430581063655,0.000300658314487334,-0.00693090424200404,-0.00205646647419899,0.000429838615138234
9,6,MP,288,82,0.6284514495635,0.554647526125672,0.185494887839427,0.772022259057542,0.630780549548471,0.542515776736445,0.179919264453227,0.775455837082643,-0.00232909998497055,0.0121317493892272,0.0055756233862001,-0.00343357802510091
10,6,MP,677,358,0.919777519907971,0.447404397769428,0.141375055647873,0.917676573089788,0.921148186153207,0.457852184983101,0.145889675587365,0.918928740302271,-0.00137066624523607,-0.010447787213673,-0.00451461993949157,-0.00125216721248278
11,6,MP,1193,375,0.554141401885881,0.629432380681621,0.217716778748007,0.721323553382233,0.556786508886677,0.612091531791435,0.211281295622712,0.721066014669927,-0.0026451070007959,0.0173408488901863,0.00643548312529538,0.000257538712306049
12,6,MP,303,228,0.92144075303435,0.801825564946693,0.279936170689278,0.791491228070175,0.921265319834541,0.827472610090691,0.289478325240095,0.791023391812866,0.000175433199808617,-0.0256470451439985,-0.00954215455081664,0.000467836257309506
13,6,MP,175,86,0.842974458638174,0.469586908946533,0.153174697357407,0.868434805330546,0.842616443006938,0.474984934236286,0.155333547580898,0.868630781290828,0.000358015631235942,-0.00539802528975264,-0.00215885022349058,-0.00019597596028198
14,6,MP,177,28,0.677534271474084,0.558966678943361,0.190625992100916,0.920421860019175,0.675545566033652,0.533620992501976,0.180645434912642,0.919103547459252,0.00198870544043195,0.0253456864413846,0.00998055718827359,0.00131831255992343
15,6,MP,627,384,0.875627645860089,0.6481958128036,0.223918342213601,0.816020447530864,0.875118076715491,0.668298079394011,0.232117472868872,0.815725737311385,0.000509569144597766,-0.0201022665904109,-0.00819913065527142,0.000294710219479244
16,6,MP,193,90,0.774409520529639,0.578385782469521,0.19262369718036,0.773678532901834,0.778268195285482,0.579335039004122,0.192355742983181,0.775728155339806,-0.00385867475584301,-0.000949256534601317,0.000267954197178594,-0.00204962243797213
17,6,MP,287,141,0.914370050755105,0.455105659401979,0.144424750397093,0.9131691440785,0.91014612933295,0.466104700375446,0.149272002347979,0.909963081706014,0.00422392142215466,-0.0109990409734673,-0.00484725195088603,0.00320606237248589
18,6,MP,432,230,0.901529746834034,0.491764293911061,0.160768664050679,0.888075764098149,0.901948090038083,0.5031924618743,0.165606420245448,0.888570813603099,-0.000418343204048655,-0.0114281679632386,-0.00483775619476892,-0.000495049504950051
19,6,MP,323,172,0.851360362050993,0.57373999093811,0.192815845549646,0.813587709841368,0.854340229869587,0.583236574485018,0.196421938838919,0.817476513168027,-0.00297986781859405,-0.00949658354690786,-0.00360609328927311,-0.00388880332665942
1,6,ME_P,112,22,0.75180632733149,0.526416906829153,0.17665531692376,0.867171717171717,0.756541260671696,0.508862951014907,0.168929663480133,0.867676767676768,-0.00473493334020603,0.017553955814246,0.00772565344362686,-0.000505050505050897
2,6,ME_P,280,21,0.605005537664738,0.534278467573169,0.179362588255166,0.911380768523626,0.662189103945433,0.491659150396886,0.160622837328073,0.92388306674021,-0.057183566280695,0.042619317176283,0.0187397509270935,-0.0125022982165843
3,6,ME_P,146,39,0.62837909796153,0.600536153849353,0.207030844244309,0.797507788161994,0.637367803369133,0.591494652945118,0.203226191025108,0.806853582554517,-0.00898870540760255,0.00904150090423528,0.00380465321920065,-0.00934579439252325
4,6,ME_P,146,25,0.526924919088693,0.582912246895007,0.201399331006559,0.767933884297521,0.522462982469667,0.546116454535335,0.185514465042654,0.775206611570248,0.00446193661902605,0.0367957923596722,0.0158848659639049,-0.00727272727272732
5,6,ME_P,228,8,0.321546948576351,0.604454797384543,0.211040859930181,0.795454545454545,0.310782340757036,0.555375279516176,0.189584020516142,0.805681818181818,0.010764607819315,0.0490795178683667,0.0214568394140389,-0.0102272727272726
7,6,ME_P,561,257,0.81542302764364,0.543227308527084,0.180615968586398,0.813511161171411,0.822408560812974,0.545021957546932,0.181782846085472,0.824352344869957,-0.00698553316933404,-0.00179464901984827,-0.00116687749907407,-0.010841183698546
8,6,ME_P,320,157,0.819516875901367,0.563017635200193,0.188847476485736,0.79488882810363,0.821638018584694,0.575740355172383,0.194339120457988,0.796569106326443,-0.00212114268332675,-0.0127227199721898,-0.00549164397225191,-0.0016802782228128
9,6,ME_P,288,82,0.635837801439498,0.533532747062287,0.176989724170954,0.778830215486621,0.646098737686954,0.515205835639023,0.16870867908056,0.794873312810798,-0.0102609362474561,0.018326911423264,0.00828104509039387,-0.0160430973241771
10,6,ME_P,677,358,0.92283369673293,0.475044682077586,0.151432819767584,0.919484772595927,0.926077463006704,0.485491686549352,0.15626385550896,0.922251799443092,-0.00324376627377376,-0.0104470044717664,-0.00483103574137583,-0.00276702684716545
11,6,ME_P,1193,375,0.566890380270905,0.62618525757218,0.217832905537989,0.717660961695192,0.565178305084781,0.61750899150165,0.214220617422439,0.71320782396088,0.00171207518612437,0.00867626607052974,0.00361228811555023,0.00445313773431155
12,6,ME_P,303,228,0.915854963696098,0.92334215371849,0.337161330760977,0.771754385964912,0.914536113686531,0.992882047418664,0.359573026389496,0.767076023391813,0.00131885000956677,-0.0695398937001742,-0.0224116956285187,0.00467836257309928
13,6,ME_P,175,86,0.849216245879602,0.495023856328845,0.160985200980775,0.873268879017507,0.853248456413857,0.486437488152638,0.158104087453918,0.877711000783904,-0.00403221053425551,0.00858636817620651,0.00288111352685655,-0.0044421217663968
14,6,ME_P,177,28,0.6675567280097,0.53354520541007,0.178103691356884,0.915148609779482,0.664776908094356,0.523539779084723,0.174492126200586,0.912032598274209,0.00277981991534393,0.0100054263253474,0.0036115651562981,0.0031160115052733
15,6,ME_P,627,384,0.881065202915021,0.686692078075725,0.244118672389908,0.817268947187929,0.880395830327317,0.714422671215809,0.254759841038867,0.815554269547325,0.000669372587703609,-0.0277305931400838,-0.0106411686489591,0.00171467764060362
16,6,ME_P,193,90,0.781349723380298,0.565921269000922,0.190308716326909,0.78133764832794,0.791053707368294,0.559700332174447,0.187891187690379,0.789859762675297,-0.00970398398799577,0.00622093682647518,0.00241752863653003,-0.00852211434735739
17,6,ME_P,287,141,0.918421061537208,0.488534148053131,0.156674721923615,0.914213543184689,0.915368394369211,0.488718009321256,0.156924670941088,0.911007480812203,0.00305266716799646,-0.000183861268125196,-0.000249949017472634,0.00320606237248566
18,6,ME_P,432,230,0.902303698933561,0.528954363484442,0.175336242726943,0.88751614291864,0.901664370465652,0.530053269908332,0.175932241519331,0.887171760654326,0.000639328467909262,-0.00109890642389021,-0.000595998792387725,0.000344382264313659
19,6,ME_P,323,172,0.855591663685701,0.592531018622142,0.202247762509313,0.817842291698753,0.862206266999923,0.593684127782039,0.202973256543068,0.825773910365009,-0.00661460331422226,-0.00115310915989686,-0.000725494033755492,-0.00793161866625647
1,6,ME2P,112,22,0.762080599172467,0.511896871811794,0.170546341271069,0.866666666666667,0.755355861041057,0.501773858163091,0.16589521773778,0.866161616161616,0.00672473813140995,0.0101230136487031,0.00465112353328875,0.000505050505050675
2,6,ME2P,280,21,0.631316728027874,0.516010936376937,0.171460583201389,0.919286633572348,0.665452222737127,0.482650110195261,0.156690718338541,0.92719249862107,-0.0341354947092527,0.0333608261816756,0.0147698648628477,-0.00790586504872215
3,6,ME2P,146,39,0.643915528760157,0.61027088658335,0.210909772839069,0.807093218308172,0.64983746565309,0.594939571251682,0.204625306752901,0.812604840642224,-0.00592193689293286,0.0153313153316682,0.00628446608616826,-0.00551162233405245
4,6,ME2P,146,25,0.517678743223602,0.604668651206541,0.209913381045504,0.771900826446281,0.53283853610193,0.552560159447606,0.187993742499596,0.778842975206612,-0.0151597928783281,0.0521084917589354,0.0219196385459079,-0.00694214876033106
5,6,ME2P,228,8,0.344239552376345,0.63328154460143,0.222658470556815,0.804545454545455,0.310434981684982,0.563899534327492,0.192945730502343,0.809090909090909,0.0338045706913628,0.069382010273938,0.0297127400544715,-0.00454545454545441
7,6,ME2P,561,257,0.819018316219081,0.532165816002617,0.176013230068699,0.817466209297563,0.823205241561504,0.539196827502467,0.179189374676423,0.825376305549867,-0.00418692534242326,-0.00703101149985019,-0.0031761446077237,-0.00791009625230399
8,6,ME2P,320,157,0.821978323903202,0.546134567780422,0.183199066417624,0.797116173654801,0.821006757592706,0.565579913837062,0.190476400043794,0.795904810284866,0.000971566310495997,-0.0194453460566397,-0.00727733362617045,0.00121136336993444
9,6,ME2P,288,82,0.642302734261099,0.532468330569349,0.176678962067744,0.786170968505802,0.650840196247561,0.513423371872941,0.168012026656376,0.800201278711816,-0.00853746198646177,0.0190449586964083,0.00866693541136848,-0.0140303102060144
10,6,ME2P,677,358,0.916538844934441,0.459029410665868,0.143649995964696,0.914406052433407,0.923614484214656,0.479662827983902,0.153368768659331,0.920202798549938,-0.00707563928021493,-0.0206334173180336,-0.00971877269463528,-0.00579674611653058
11,6,ME2P,1193,375,0.574381903789445,0.613418517950826,0.212420207485685,0.725116544417278,0.566614520043223,0.616102718278329,0.21361471832538,0.714081499592502,0.00776738374622243,-0.00268420032750338,-0.00119451083969552,0.0110350448247759
12,6,ME2P,303,228,0.915162428498892,0.864500850073512,0.315148527462935,0.770350877192982,0.914722671666483,1.02655357733836,0.371022626760274,0.768245614035088,0.0004397568324086,-0.162052727264848,-0.0558740992973386,0.0021052631578945
13,6,ME2P,175,86,0.853411431051379,0.516102014635464,0.172816277600471,0.877580350143716,0.855431403689369,0.493850063050507,0.162295393237431,0.879148157825973,-0.00201997263798981,0.0222519515849574,0.0105208843630398,-0.00156780768225728
14,6,ME2P,177,28,0.656475113050677,0.479165787624968,0.15481220287982,0.910594439117929,0.667133224230253,0.509946333710376,0.168684324213984,0.911073825503356,-0.0106581111795757,-0.0307805460854085,-0.0138721213341644,-0.000479386385426994
15,6,ME2P,627,384,0.865948146684421,0.73431936384473,0.262358111984157,0.79281335733882,0.874211980245963,0.744493625671347,0.266126179544137,0.805062585733882,-0.0082638335615417,-0.0101742618266173,-0.0037680675599796,-0.0122492283950617
16,6,ME2P,193,90,0.785807107043847,0.557223532875502,0.187096217346896,0.789104638619202,0.792546466218427,0.555930995535174,0.186517362117134,0.792880258899676,-0.00673935917457991,0.00129253734032764,0.000578855229762226,-0.00377562028047418
17,6,ME2P,287,141,0.918547588949705,0.500771125795909,0.16345782967653,0.912999125619353,0.915960427439367,0.494296912950374,0.159900089701203,0.910958904109589,0.00258716151033811,0.00647421284553501,0.00355773997532707,0.00204022150976391
18,6,ME2P,432,230,0.900572478558623,0.71175513937576,0.256618178974578,0.886310804993543,0.898655197635507,0.611119033148079,0.214280336121954,0.884761084804133,0.00191728092311583,0.10063610622768,0.0423378428526242,0.00154972018940991
19,6,ME2P,323,172,0.859971813574636,0.615726141501409,0.212346341196714,0.823733251193593,0.863179797257055,0.60299307180648,0.207181996361023,0.828161096565532,-0.00320798368241926,0.0127330696949285,0.00516434483569064,-0.00442784537193897
1,7,MP,112,22,0.757365764457847,0.512053037031841,0.169669286407265,0.863383838383838,0.760214831257374,0.526578558308318,0.179012648370709,0.869444444444445,-0.00284906679952668,-0.0145255212764767,-0.00934336196344424,-0.00606060606060666
2,7,MP,280,21,0.616329759266341,0.531063347375376,0.180197387935089,0.902463688177974,0.618967467720808,0.530761573324404,0.180152846459861,0.909450266593124,-0.00263770845446687,0.000301774050972314,4.45414752276441e-05,-0.00698657841515016
3,7,MP,146,39,0.631034634969835,0.592441099201099,0.203785926223235,0.787562904385334,0.634921249570518,0.60885899698863,0.209979844859851,0.790678169182842,-0.00388661460068285,-0.0164178977875307,-0.0061939186366157,-0.00311526479750768
4,7,MP,146,25,0.501172122073942,0.577763734407376,0.199616198949759,0.76,0.507072153692925,0.590105149151892,0.204734924557639,0.768595041322314,-0.00590003161898345,-0.012341414744516,-0.00511872560788035,-0.00859504132231404
5,7,MP,228,8,0.300270446880859,0.606234483916022,0.212118360119706,0.799147727272727,0.292081554191196,0.614748611284955,0.215313284783294,0.790056818181818,0.00818889268966272,-0.0085141273689332,-0.00319492466358789,0.00909090909090926
6,7,MP,276,5,0.0413677819090256,0.636551974771886,0.218182243742506,0.687822878228782,0.0445351791264003,0.645505496730541,0.221390882791666,0.721033210332103,-0.00316739721737466,-0.00895352195865473,-0.00320863904915977,-0.0332103321033207
8,7,MP,320,157,0.815433861846613,0.584183832640362,0.194184980843423,0.785471454808331,0.816005108355322,0.567939233434807,0.188962877424044,0.791430581063655,-0.0005712465087091,0.0162445992055554,0.00522210341937904,-0.00595912625532402
9,7,MP,288,82,0.608705503760236,0.558936460080018,0.185626831621051,0.750591996211224,0.630780549548471,0.542515776736445,0.179919264453227,0.775455837082643,-0.0220750457882347,0.0164206833435727,0.00570756716782392,-0.0248638408714187
10,7,MP,677,358,0.922926329042335,0.467415635028563,0.15026995282914,0.919821894537749,0.921148186153207,0.457852184983101,0.145889675587365,0.918928740302271,0.00177814288912748,0.00956345004546166,0.00438027724177498,0.000893154235477867
11,7,MP,1193,375,0.552011288839323,0.606674203927551,0.209597763341271,0.721714751426243,0.556786508886677,0.612091531791435,0.211281295622712,0.721066014669927,-0.00477522004735376,-0.00541732786388383,-0.00168353228144058,0.000648736756315826
12,7,MP,303,228,0.92166316845797,0.824755246604083,0.29031697931402,0.795233918128655,0.921265319834541,0.827472610090691,0.289478325240095,0.791023391812866,0.000397848623429398,-0.00271736348660756,0.000838654073924527,0.004210526315789
13,7,MP,175,86,0.839394781266958,0.483877869334189,0.159372209861152,0.863404755683303,0.842616443006938,0.474984934236286,0.155333547580898,0.868630781290828,-0.0032216617399804,0.00889293509790257,0.00403866228025443,-0.00522602560752516
14,7,MP,177,28,0.66014657646273,0.526868698763328,0.178026224802409,0.906879194630872,0.675545566033652,0.533620992501976,0.180645434912642,0.919103547459252,-0.0153989895709222,-0.00675229373864794,-0.00261921011023322,-0.0122243528283795
15,7,MP,627,384,0.873947484380609,0.672513914127553,0.235129918477972,0.816068672839506,0.875118076715491,0.668298079394011,0.232117472868872,0.815725737311385,-0.00117059233488215,0.00421583473354192,0.00301244560909994,0.000342935528121147
16,7,MP,193,90,0.781552459786132,0.587953803205677,0.194503881417152,0.775620280474649,0.778268195285482,0.579335039004122,0.192355742983181,0.775728155339806,0.00328426450064956,0.00861876420155483,0.00214813843397063,-0.000107874865156621
17,7,MP,287,141,0.911679403757187,0.470725159994115,0.151549207718878,0.914213543184689,0.91014612933295,0.466104700375446,0.149272002347979,0.909963081706014,0.00153327442423734,0.00462045961866864,0.00227720537089851,0.00425046147867458
18,7,MP,432,230,0.910278681569526,0.504669804218445,0.166304658560395,0.897051226861817,0.901948090038083,0.5031924618743,0.165606420245448,0.888570813603099,0.00833059153144333,0.00147734234414509,0.000698238314946503,0.00848041325871762
19,7,MP,323,172,0.845178182708746,0.595407581739375,0.201443412006121,0.8093523794856,0.854340229869587,0.583236574485018,0.196421938838919,0.817476513168027,-0.00916204716084057,0.0121710072543572,0.00502147316720172,-0.00812413368242715
1,7,ME_P,112,22,0.755846315879575,0.484935533447162,0.157417604510582,0.863131313131313,0.756541260671696,0.508862951014907,0.168929663480133,0.867676767676768,-0.000694944792120733,-0.023927417567745,-0.0115120589695505,-0.00454545454545496
2,7,ME_P,280,21,0.657191194509894,0.48900658433418,0.158984863175544,0.915793344364773,0.662189103945433,0.491659150396886,0.160622837328073,0.92388306674021,-0.00499790943553857,-0.00265256606270597,-0.00163797415252934,-0.00808972237543715
3,7,ME_P,146,39,0.635323151134017,0.56875139628892,0.193666927281821,0.804457225017973,0.637367803369133,0.591494652945118,0.203226191025108,0.806853582554517,-0.00204465223511596,-0.022743256656198,-0.00955926374328656,-0.00239635753654432
4,7,ME_P,146,25,0.51566428606577,0.530755540983118,0.178420099755639,0.762644628099174,0.522462982469667,0.546116454535335,0.185514465042654,0.775206611570248,-0.00679869640389663,-0.015360913552217,-0.00709436528701535,-0.0125619834710744
5,7,ME_P,228,8,0.305687551437364,0.539766262458361,0.182496729063979,0.805681818181818,0.310782340757036,0.555375279516176,0.189584020516142,0.805681818181818,-0.00509478931967189,-0.0156090170578149,-0.00708729145216278,1.11022302462516e-16
6,7,ME_P,276,5,0.0438845358765334,0.55574249529446,0.188804394060719,0.690036900369004,0.0486234180549762,0.568377411539884,0.194662216158458,0.719557195571956,-0.00473888217844277,-0.0126349162454242,-0.00585782209773877,-0.0295202952029523
8,7,ME_P,320,157,0.820122459022857,0.588656379549764,0.198935014940031,0.788792935016217,0.821638018584694,0.575740355172383,0.194339120457988,0.796569106326443,-0.00151555956183713,0.0129160243773806,0.00459589448204295,-0.00777617131022634
9,7,ME_P,288,82,0.62672073664306,0.526897284455606,0.173646254383466,0.768529481411319,0.646098737686954,0.515205835639023,0.16870867908056,0.794873312810798,-0.0193780010438939,0.0116914488165829,0.00493757530290606,-0.026343831399479
10,7,ME_P,677,358,0.927735429580492,0.493499783032529,0.160577008891929,0.923477697413355,0.926077463006704,0.485491686549352,0.15626385550896,0.922251799443092,0.00165796657378747,0.00800809648317741,0.0043131533829685,0.00122589797026329
11,7,ME_P,1193,375,0.560415424862261,0.612505647161725,0.212347590807201,0.713680521597392,0.565178305084781,0.61750899150165,0.214220617422439,0.71320782396088,-0.00476288022251992,-0.00500334433992455,-0.00187302661523756,0.000472697636512032
12,7,ME_P,303,228,0.913214350032921,1.01054018967255,0.370891913010549,0.765672514619883,0.914536113686531,0.992882047418664,0.359573026389496,0.767076023391813,-0.00132176365361003,0.017658142253887,0.0113188866210533,-0.00140350877192996
13,7,ME_P,175,86,0.849495702125697,0.505819412201441,0.16596062636019,0.87379148157826,0.853248456413857,0.486437488152638,0.158104087453918,0.877711000783904,-0.00375275428816046,0.019381924048803,0.00785653890627222,-0.00391951920564426
14,7,ME_P,177,28,0.653518035326468,0.51433563129419,0.169248038875921,0.899328859060403,0.664776908094356,0.523539779084723,0.174492126200586,0.912032598274209,-0.0112588727678877,-0.00920414779053302,-0.00524408732466469,-0.0127037392138063
15,7,ME_P,627,384,0.881952161822455,0.736743538995388,0.265726769208478,0.815865054869685,0.880395830327317,0.714422671215809,0.254759841038867,0.815554269547325,0.00155633149513756,0.0223208677795789,0.0109669281696106,0.000310785322359508
16,7,ME_P,193,90,0.793092535019818,0.565898141030395,0.190512108723178,0.791477885652643,0.791053707368294,0.559700332174447,0.187891187690379,0.789859762675297,0.0020388276515243,0.00619780885594756,0.0026209210327994,0.00161812297734598
17,7,ME_P,287,141,0.915963675983943,0.502376849700789,0.163505127317394,0.914553580102983,0.915368394369211,0.488718009321256,0.156924670941088,0.911007480812203,0.000595281614731658,0.0136588403795329,0.00658045637630603,0.00354609929077965
18,7,ME_P,432,230,0.910317959121358,0.541589977800398,0.181489623449362,0.895566078346965,0.901664370465652,0.530053269908332,0.175932241519331,0.887171760654326,0.0086535886557062,0.0115367078920662,0.00555738193003125,0.0083943176926391
19,7,ME_P,323,172,0.852213743774945,0.613899113967985,0.211888713174148,0.815763129524103,0.862206266999923,0.593684127782039,0.202973256543068,0.825773910365009,-0.00999252322497823,0.0202149861859463,0.00891545663108004,-0.0100107808409061
1,7,ME2P,112,22,0.755291275466005,0.480132613880462,0.15538300905103,0.863131313131313,0.755355861041057,0.501773858163091,0.16589521773778,0.866161616161616,-6.45855750520674e-05,-0.0216412442826294,-0.0105122086867498,-0.00303030303030294
2,7,ME2P,280,21,0.659278972238363,0.482472171580669,0.156090773492069,0.918735061592204,0.665452222737127,0.482650110195261,0.156690718338541,0.92719249862107,-0.00617325049876383,-0.000177938614591922,-0.000599944846471523,-0.00845743702886559
3,7,ME2P,146,39,0.637853333508503,0.571634379549415,0.194867707028822,0.807332854061826,0.64983746565309,0.594939571251682,0.204625306752901,0.812604840642224,-0.0119841321445865,-0.0233051917022673,-0.00975759972407925,-0.00527198658039807
4,7,ME2P,146,25,0.516936237845939,0.536532296373076,0.180725618558155,0.76396694214876,0.53283853610193,0.552560159447606,0.187993742499596,0.778842975206612,-0.0159022982559911,-0.0160278630745297,-0.00726812394144147,-0.0148760330578517
5,7,ME2P,228,8,0.315949687567335,0.549026549486784,0.186292980574037,0.810795454545455,0.310434981684982,0.563899534327492,0.192945730502343,0.809090909090909,0.00551470588235259,-0.0148729848407076,-0.0066527499283057,0.00170454545454557
6,7,ME2P,276,5,0.047429632689848,0.681449040544994,0.240327712817274,0.693726937269373,0.0506447137271747,0.69473754432561,0.245014420184808,0.719557195571956,-0.00321508103732671,-0.0132885037806161,-0.00468670736753404,-0.0258302583025832
8,7,ME2P,320,157,0.820125886464185,0.579108827956977,0.195446752017683,0.788519401352038,0.821006757592706,0.565579913837062,0.190476400043794,0.795904810284866,-0.000880871128521199,0.0135289141199149,0.00497035197388945,-0.00738540893282824
9,7,ME2P,288,82,0.628187927557884,0.525498600511658,0.173155103295712,0.773561449206725,0.650840196247561,0.513423371872941,0.168012026656376,0.800201278711816,-0.0226522686896765,0.012075228638717,0.00514307663933555,-0.0266398295050909
10,7,ME2P,677,358,0.926852284599847,0.490423320588125,0.159018596625655,0.922724645803051,0.923614484214656,0.479662827983902,0.153368768659331,0.920202798549938,0.00323780038519106,0.0107604926042232,0.00564982796632427,0.00252184725311266
11,7,ME2P,1193,375,0.558052814682986,0.614785010285426,0.213332060929009,0.712128769356153,0.566614520043223,0.616102718278329,0.21361471832538,0.714081499592502,-0.00856170536023748,-0.00131770799290309,-0.0002826573963714,-0.00195273023634879
12,7,ME2P,303,228,0.913994959121913,1.0440520089093,0.382617491804563,0.767485380116959,0.914722671666483,1.02655357733836,0.371022626760274,0.768245614035088,-0.000727712544570047,0.0174984315709421,0.0115948650442894,-0.00076023391812885
13,7,ME2P,175,86,0.853411741470586,0.515750151825257,0.171523006497948,0.876404494382023,0.855431403689369,0.493850063050507,0.162295393237431,0.879148157825973,-0.0020196622187828,0.0219000887747503,0.00922761326051713,-0.0027436634439505
14,7,ME2P,177,28,0.650825084638743,0.495655258555287,0.16113929594731,0.898130393096836,0.667133224230253,0.509946333710376,0.168684324213984,0.911073825503356,-0.0163081395915101,-0.0142910751550893,-0.00754502826667441,-0.01294343240652
15,7,ME2P,627,384,0.874727724354062,0.765727413115664,0.276568343451451,0.803647976680384,0.874211980245963,0.744493625671347,0.266126179544137,0.805062585733882,0.000515744108098848,0.0212337874443171,0.0104421639073135,-0.00141460905349788
16,7,ME2P,193,90,0.796041147259568,0.561157845936494,0.188752858929986,0.795577130528587,0.792546466218427,0.555930995535174,0.186517362117134,0.792880258899676,0.00349468104114126,0.0052268504013202,0.00223549681285154,0.00269687162891086
17,7,ME2P,287,141,0.916710507564438,0.508476480556856,0.166879360907098,0.913776352861168,0.915960427439367,0.494296912950374,0.159900089701203,0.910958904109589,0.000750080125071162,0.0141795676064823,0.00697927120589509,0.00281744875157874
18,7,ME2P,432,230,0.907335303694865,0.640018412343527,0.227785351523889,0.893112354713732,0.898655197635507,0.611119033148079,0.214280336121954,0.884761084804133,0.00868010605935754,0.0288993791954484,0.0135050154019346,0.00835126990959934
19,7,ME2P,323,172,0.853584311352301,0.626800288262566,0.217616811425001,0.818073309718158,0.863179797257055,0.60299307180648,0.207181996361023,0.828161096565532,-0.00959548590475401,0.0238072164560857,0.0104348150639779,-0.010087786847374
1,8,MP,112,22,0.769879513427858,0.513739141623545,0.174083519983255,0.87449494949495,0.760214831257374,0.526578558308318,0.179012648370709,0.869444444444445,0.009664682170484,-0.0128394166847733,-0.0049291283874538,0.00505050505050453
2,8,MP,280,21,0.619193821334021,0.528151693466763,0.179185515639665,0.90990990990991,0.618967467720808,0.530761573324404,0.180152846459861,0.909450266593124,0.000226353613212771,-0.00260987985764138,-0.000967330820196094,0.00045964331678594
3,8,MP,146,39,0.632354646975861,0.594995747867103,0.204686073158336,0.788042175892643,0.634921249570518,0.60885899698863,0.209979844859851,0.790678169182842,-0.00256660259465746,-0.0138632491215273,-0.00529377170151513,-0.00263599329019881
4,8,MP,146,25,0.506074806784205,0.585402390703041,0.199998322798186,0.760661157024793,0.507072153692925,0.590105149151892,0.204734924557639,0.768595041322314,-0.000997346908719776,-0.00470275844885126,-0.00473660175945281,-0.00793388429752062
5,8,MP,228,8,0.294352109984347,0.608929176169257,0.213650829434353,0.795738636363636,0.292081554191196,0.614748611284955,0.215313284783294,0.790056818181818,0.002270555793151,-0.00581943511569771,-0.00166245534894108,0.00568181818181834
6,8,MP,276,5,0.0437540020816761,0.637367876280934,0.218949635294943,0.725461254612546,0.0445351791264003,0.645505496730541,0.221390882791666,0.721033210332103,-0.000781177044724198,-0.00813762044960742,-0.00244124749672323,0.00442804428044319
7,8,MP,561,257,0.806696924672487,0.553229703148807,0.183141142910626,0.808192965390129,0.809641730255759,0.543535576692664,0.180027778653934,0.812634394839238,-0.00294480558327248,0.00969412645614287,0.0031133642566922,-0.00444142944910908
9,8,MP,288,82,0.614461965025686,0.540818580318242,0.179927404610541,0.773413450153919,0.630780549548471,0.542515776736445,0.179919264453227,0.775455837082643,-0.0163185845227851,-0.00169719641820287,8.14015731420703e-06,-0.00204238692872394
10,8,MP,677,358,0.915365035994805,0.463982686348653,0.148842878817145,0.915167860457785,0.921148186153207,0.457852184983101,0.145889675587365,0.918928740302271,-0.00578315015840236,0.00613050136555182,0.00295320322977954,-0.0037608798444857
11,8,MP,1193,375,0.552898395207006,0.611680683771514,0.211424302446281,0.719540342298289,0.556786508886677,0.612091531791435,0.211281295622712,0.721066014669927,-0.00388811367967068,-0.000410848019921306,0.000143006823569464,-0.00152567237163848
12,8,MP,303,228,0.923131482450276,0.828713573256243,0.29000382884418,0.793421052631579,0.921265319834541,0.827472610090691,0.289478325240095,0.791023391812866,0.00186616261573469,0.001240963165552,0.00052550360408532,0.00239766081871295
13,8,MP,175,86,0.835339612856938,0.481702240591259,0.158260129434053,0.861836948001045,0.842616443006938,0.474984934236286,0.155333547580898,0.868630781290828,-0.00727683015000058,0.00671730635497253,0.00292658185315509,-0.00679383328978289
14,8,MP,177,28,0.672920229226057,0.524866959786305,0.177149713187154,0.918504314477469,0.675545566033652,0.533620992501976,0.180645434912642,0.919103547459252,-0.00262533680759536,-0.00875403271567143,-0.00349572172548848,-0.000599232981783215
15,8,MP,627,384,0.874916305565154,0.670174190840715,0.232930631737562,0.815275634430727,0.875118076715491,0.668298079394011,0.232117472868872,0.815725737311385,-0.000201771150336927,0.00187611144670419,0.000813158868689878,-0.000450102880657943
16,8,MP,193,90,0.772487576291479,0.575331566280697,0.190642532180014,0.777292340884574,0.778268195285482,0.579335039004122,0.192355742983181,0.775728155339806,-0.00578061899400295,-0.00400347272342505,-0.00171321080316716,0.00156418554476789
17,8,MP,287,141,0.906821128677695,0.473227830409871,0.151609545190298,0.905299718255125,0.91014612933295,0.466104700375446,0.149272002347979,0.909963081706014,-0.00332500065525465,0.00712313003442466,0.00233754284231882,-0.00466336345088914
18,8,MP,432,230,0.897124111171819,0.506179597900131,0.166971547365048,0.887085665088248,0.901948090038083,0.5031924618743,0.165606420245448,0.888570813603099,-0.00482397886626385,0.00298713602583101,0.0013651271196003,-0.00148514851485104
19,8,MP,323,172,0.855067213554935,0.582861493947403,0.196572144119023,0.819517172339442,0.854340229869587,0.583236574485018,0.196421938838919,0.817476513168027,0.000726983685347959,-0.000375080537614703,0.00015020528010376,0.00204065917141538
1,8,ME_P,112,22,0.764423031693134,0.492289630619634,0.161708443095715,0.873232323232323,0.756541260671696,0.508862951014907,0.168929663480133,0.867676767676768,0.00788177102143828,-0.016573320395273,-0.00722122038441753,0.0055555555555552
2,8,ME_P,280,21,0.663213068244888,0.482696064932056,0.156639800527149,0.926089354660783,0.662189103945433,0.491659150396886,0.160622837328073,0.92388306674021,0.00102396429945528,-0.0089630854648296,-0.00398303680092355,0.0022062879205732
3,8,ME_P,146,39,0.632765543122953,0.572302681811838,0.195220800377047,0.803498682003355,0.637367803369133,0.591494652945118,0.203226191025108,0.806853582554517,-0.00460226024617982,-0.0191919711332805,-0.00800539064806083,-0.00335490055116205
4,8,ME_P,146,25,0.520677696658026,0.527612371851608,0.176819021273767,0.768925619834711,0.522462982469667,0.546116454535335,0.185514465042654,0.775206611570248,-0.0017852858116415,-0.0185040826837269,-0.00869544376888715,-0.0062809917355372
5,8,ME_P,228,8,0.311258358111806,0.53930060387652,0.182937870561573,0.813068181818182,0.310782340757036,0.555375279516176,0.189584020516142,0.805681818181818,0.000476017354770375,-0.0160746756396558,-0.00664614995456855,0.0073863636363638
6,8,ME_P,276,5,0.0472601474865793,0.550391101460258,0.187242887021048,0.729889298892989,0.0486234180549762,0.568377411539884,0.194662216158458,0.719557195571956,-0.00136327056839686,-0.0179863100796255,-0.00741932913740973,0.010332103321033
7,8,ME_P,561,257,0.820202120934933,0.551367027533334,0.184206477994048,0.818016588163015,0.822408560812974,0.545021957546932,0.181782846085472,0.824352344869957,-0.00220643987804103,0.00634506998640183,0.00242363190857642,-0.00633575670694242
9,8,ME_P,288,82,0.632214538793801,0.513666868518482,0.168469727058575,0.793985318493962,0.646098737686954,0.515205835639023,0.16870867908056,0.794873312810798,-0.0138841988931531,-0.00153896712054147,-0.000238952021984873,-0.000887994316836394
10,8,ME_P,677,358,0.919850770188744,0.489876371497303,0.158752873191473,0.918232605383443,0.926077463006704,0.485491686549352,0.15626385550896,0.922251799443092,-0.00622669281795962,0.00438468494795113,0.0024890176825125,-0.00401919405964857
11,8,ME_P,1193,375,0.561226858709409,0.619008788913969,0.214969222138629,0.711010594947025,0.565178305084781,0.61750899150165,0.214220617422439,0.71320782396088,-0.0039514463753717,0.00149979741231876,0.000748604716189955,-0.00219722901385477
12,8,ME_P,303,228,0.912586630382669,1.02464073424558,0.374061268359065,0.760233918128655,0.914536113686531,0.992882047418664,0.359573026389496,0.767076023391813,-0.00194948330386169,0.0317586868269165,0.0144882419695693,-0.00684210526315809
13,8,ME_P,175,86,0.850279596457568,0.50011487445959,0.163309471530415,0.875359289260518,0.853248456413857,0.486437488152638,0.158104087453918,0.877711000783904,-0.00296885995628926,0.0136773863069524,0.00520538407649698,-0.00235171152338654
14,8,ME_P,177,28,0.665752375262618,0.518198983246654,0.171141555801103,0.908676893576222,0.664776908094356,0.523539779084723,0.174492126200586,0.912032598274209,0.000975467168262356,-0.00534079583806868,-0.00335057039948333,-0.00335570469798663
15,8,ME_P,627,384,0.880143817697989,0.736892798799708,0.264939137899034,0.813850308641975,0.880395830327317,0.714422671215809,0.254759841038867,0.815554269547325,-0.000252012629328502,0.0224701275838993,0.0101792968601667,-0.00170396090534974
16,8,ME_P,193,90,0.788865257426713,0.554868539780949,0.185964191583042,0.798381877022654,0.791053707368294,0.559700332174447,0.187891187690379,0.789859762675297,-0.00218844994158063,-0.00483179239349829,-0.00192699610733707,0.00852211434735672
17,8,ME_P,287,141,0.912635964650193,0.498575015133144,0.161298002440328,0.905421160011658,0.915368394369211,0.488718009321256,0.156924670941088,0.911007480812203,-0.00273242971901788,0.00985700581188775,0.00437333149923988,-0.00558632080054455
18,8,ME_P,432,230,0.897349253620631,0.538752618078029,0.180109541140818,0.88489022815325,0.901664370465652,0.530053269908332,0.175932241519331,0.887171760654326,-0.00431511684502139,0.00869934816969709,0.00417729962148719,-0.00228153250107588
19,8,ME_P,323,172,0.862698716296728,0.603830969016154,0.207624312575689,0.828892653626983,0.862206266999923,0.593684127782039,0.202973256543068,0.825773910365009,0.000492449296804587,0.0101468412341148,0.00465105603262128,0.00311874326197392
1,8,ME2P,112,22,0.763748218211514,0.48805937780514,0.159906077336497,0.873737373737374,0.755355861041057,0.501773858163091,0.16589521773778,0.866161616161616,0.00839235717045717,-0.0137144803579512,-0.00598914040128293,0.00757575757575768
2,8,ME2P,280,21,0.666145645737483,0.477562710428449,0.154377233207066,0.928663357234786,0.665452222737127,0.482650110195261,0.156690718338541,0.92719249862107,0.000693423000355575,-0.00508739976681194,-0.00231348513147528,0.00147085861371576
3,8,ME2P,146,39,0.63812417739107,0.575260519021435,0.196421235009178,0.806853582554517,0.64983746565309,0.594939571251682,0.204625306752901,0.812604840642224,-0.0117132882620196,-0.0196790522302475,-0.00820407174372292,-0.00575125808770693
4,8,ME2P,146,25,0.518873828527098,0.533592595912347,0.179212219511671,0.769256198347108,0.53283853610193,0.552560159447606,0.187993742499596,0.778842975206612,-0.0139647075748316,-0.0189675635352594,-0.00878152298792498,-0.0095867768595046
5,8,ME2P,228,8,0.313255055446836,0.548582762513863,0.186721340864044,0.815340909090909,0.310434981684982,0.563899534327492,0.192945730502343,0.809090909090909,0.00282007376185423,-0.0153167718136288,-0.00622438963829874,0.00625000000000009
6,8,ME2P,276,5,0.0493074601885219,0.675878791299907,0.23797001192691,0.727675276752768,0.0506447137271747,0.69473754432561,0.245014420184808,0.719557195571956,-0.00133725353865283,-0.0188587530257027,-0.00704440825789848,0.00811808118081159
7,8,ME2P,561,257,0.821950202779175,0.546516287148672,0.18211016523085,0.819488531640385,0.823205241561504,0.539196827502467,0.179189374676423,0.825376305549867,-0.00125503878232935,0.00731945964620462,0.00292079055442676,-0.00588777390948192
9,8,ME2P,288,82,0.639466043230355,0.512914356279486,0.168180330226369,0.798662088562633,0.650840196247561,0.513423371872941,0.168012026656376,0.800201278711816,-0.011374153017206,-0.000509015593455064,0.000168303569993061,-0.0015391901491828
10,8,ME2P,677,358,0.918478631189048,0.486610707315621,0.157108778074167,0.91708551513984,0.923614484214656,0.479662827983902,0.153368768659331,0.920202798549938,-0.00513585302560782,0.00694787933171925,0.00374000941483579,-0.00311728341009809
11,8,ME2P,1193,375,0.55762407220087,0.622709798656354,0.216554609916744,0.708451507742461,0.566614520043223,0.616102718278329,0.21361471832538,0.714081499592502,-0.0089904478423527,0.00660708037802504,0.00293989159136424,-0.00562999185004076
12,8,ME2P,303,228,0.913509805506651,1.07159605735312,0.390147449634407,0.762573099415205,0.914722671666483,1.02655357733836,0.371022626760274,0.768245614035088,-0.00121286615983185,0.0450424800147644,0.0191248228741326,-0.00567251461988327
13,8,ME2P,175,86,0.851988003650462,0.508496879571308,0.168136123760028,0.877580350143716,0.855431403689369,0.493850063050507,0.162295393237431,0.879148157825973,-0.00344340003890664,0.0146468165208012,0.00584073052259659,-0.00156780768225728
14,8,ME2P,177,28,0.666534715650847,0.501470254238345,0.163919332353924,0.908437200383509,0.667133224230253,0.509946333710376,0.168684324213984,0.911073825503356,-0.000598508579406465,-0.00847607947203155,-0.00476499186005996,-0.00263662511984697
15,8,ME2P,627,384,0.873478517850238,0.763122298359405,0.274744069110305,0.802908521947874,0.874211980245963,0.744493625671347,0.266126179544137,0.805062585733882,-0.000733462395724693,0.0186286726880579,0.00861788956616844,-0.00215406378600824
16,8,ME2P,193,90,0.791125972622077,0.551118536841663,0.184496146351928,0.801294498381877,0.792546466218427,0.555930995535174,0.186517362117134,0.792880258899676,-0.00142049359634977,-0.00481245869351143,-0.00202121576520642,0.0084142394822011
17,8,ME2P,287,141,0.913159716545435,0.50427632625298,0.164320077616404,0.904401049256776,0.915960427439367,0.494296912950374,0.159900089701203,0.910958904109589,-0.0028007108939323,0.00997941330260638,0.00441998791520148,-0.00655785485281257
18,8,ME2P,432,230,0.895516679008224,0.629144542205436,0.222366854650805,0.883426603529918,0.898655197635507,0.611119033148079,0.214280336121954,0.884761084804133,-0.0031385186272832,0.0180255090573572,0.00808651852885084,-0.00133448127421476
19,8,ME2P,323,172,0.863656649042524,0.616271772620644,0.213099153667313,0.830471276759587,0.863179797257055,0.60299307180648,0.207181996361023,0.828161096565532,0.000476851785469412,0.0132787008141639,0.00591715730629039,0.00231018019405516
1,9,MP,112,22,0.745770600270405,0.532273755433606,0.181977317425579,0.857575757575758,0.760214831257374,0.526578558308318,0.179012648370709,0.869444444444445,-0.0144442309869693,0.00569519712528832,0.00296466905487003,-0.0118686868686875
2,9,MP,280,21,0.602325659567723,0.552004154429491,0.1896252390517,0.900165471594043,0.618967467720808,0.530761573324404,0.180152846459861,0.909450266593124,-0.0166418081530852,0.021242581105087,0.00947239259183893,-0.00928479499908097
3,9,MP,146,39,0.635202392370827,0.608083804400705,0.209532926867357,0.786125089863408,0.634921249570518,0.60885899698863,0.209979844859851,0.790678169182842,0.000281142800308887,-0.000775192587925466,-0.000446917992494411,-0.00455307931943438
4,9,MP,146,25,0.512491416634365,0.597092022290002,0.208283164020629,0.761487603305785,0.507072153692925,0.590105149151892,0.204734924557639,0.768595041322314,0.00541926294143968,0.00698687313810975,0.00354823946299007,-0.00710743801652891
5,9,MP,228,8,0.257107749289696,0.638917527675438,0.225067449750382,0.777840909090909,0.292081554191196,0.614748611284955,0.215313284783294,0.790056818181818,-0.0349738049014996,0.0241689163904834,0.00975416496708814,-0.012215909090909
6,9,MP,276,5,0.0416096365194596,0.658150145109896,0.227258332056174,0.708856088560886,0.0445351791264003,0.645505496730541,0.221390882791666,0.721033210332103,-0.00292554260694073,0.0126446483793551,0.00586744926450783,-0.0121771217712174
7,9,MP,561,257,0.793591553656439,0.553794940435333,0.183548210039476,0.801550020479214,0.809641730255759,0.543535576692664,0.180027778653934,0.812634394839238,-0.0160501765993201,0.0102593637426694,0.00352043138554209,-0.0110843743600244
8,9,MP,320,157,0.807489768884951,0.566628507562359,0.189171441614137,0.788402172638818,0.816005108355322,0.567939233434807,0.188962877424044,0.791430581063655,-0.00851533947037087,-0.00131072587244852,0.000208564190093019,-0.00302840842483676
10,9,MP,677,358,0.918719489143579,0.457822954435272,0.145711978396795,0.917444528116846,0.921148186153207,0.457852184983101,0.145889675587365,0.918928740302271,-0.002428697009628,-2.92305478285515e-05,-0.000177697190570369,-0.00148421218542538
11,9,MP,1193,375,0.561585554293994,0.613589890094699,0.212371142686862,0.724371638141809,0.556786508886677,0.612091531791435,0.211281295622712,0.721066014669927,0.00479904540731724,0.00149835830326339,0.00108984706415,0.00330562347188224
12,9,MP,303,228,0.922002720789629,0.81114377714256,0.283677622150373,0.794649122807018,0.921265319834541,0.827472610090691,0.289478325240095,0.791023391812866,0.000737400955088452,-0.0163288329481313,-0.00580070308972158,0.00362573099415153
13,9,MP,175,86,0.843259204659434,0.473426600810104,0.154630369636493,0.869218709171675,0.842616443006938,0.474984934236286,0.155333547580898,0.868630781290828,0.000642761652495993,-0.00155833342618189,-0.00070317794440522,0.000587927880846939
14,9,MP,177,28,0.674802182474708,0.537244809130714,0.182566628430491,0.916586768935762,0.675545566033652,0.533620992501976,0.180645434912642,0.919103547459252,-0.000743383558943989,0.0036238166287379,0.00192119351784859,-0.00251677852348986
15,9,MP,627,384,0.877803337602909,0.655853107734784,0.227180683135186,0.819690929355281,0.875118076715491,0.668298079394011,0.232117472868872,0.815725737311385,0.00268526088741816,-0.0124449716592266,-0.00493678973368639,0.00396519204389623
16,9,MP,193,90,0.768199454135486,0.590812796792421,0.196544873033458,0.766181229773463,0.778268195285482,0.579335039004122,0.192355742983181,0.775728155339806,-0.0100687411499958,0.0114777577882987,0.00418913005027694,-0.00954692556634318
17,9,MP,287,141,0.908034887372741,0.465095419510664,0.148793357397742,0.90792286019625,0.91014612933295,0.466104700375446,0.149272002347979,0.909963081706014,-0.00211124196020884,-0.00100928086478186,-0.00047864495023725,-0.00204022150976413
18,9,MP,432,230,0.903364903990724,0.498267735654184,0.163495051913099,0.891024537236332,0.901948090038083,0.5031924618743,0.165606420245448,0.888570813603099,0.00141681395264126,-0.00492472622011592,-0.00211136833234915,0.00245372363323337
19,9,MP,323,172,0.849469868453586,0.582501105196232,0.196117521963189,0.813164176805791,0.854340229869587,0.583236574485018,0.196421938838919,0.817476513168027,-0.00487036141600095,-0.000735469288785651,-0.000304416875730212,-0.00431233636223616
1,9,ME_P,112,22,0.749582481928866,0.510907054129007,0.169526354616239,0.858585858585859,0.756541260671696,0.508862951014907,0.168929663480133,0.867676767676768,-0.00695877874282957,0.00204410311410042,0.00059669113610572,-0.00909090909090948
2,9,ME_P,280,21,0.637073858357207,0.5109018115224,0.168883781675089,0.912300055157198,0.662189103945433,0.491659150396886,0.160622837328073,0.92388306674021,-0.0251152455882265,0.0192426611255142,0.0082609443470161,-0.011583011583012
3,9,ME_P,146,39,0.637423393071271,0.582749659066932,0.199561408061081,0.802060867481428,0.637367803369133,0.591494652945118,0.203226191025108,0.806853582554517,5.55897021375928e-05,-0.00874499387818561,-0.00366478296402695,-0.00479271507308876
4,9,ME_P,146,25,0.528926029339858,0.548215961405182,0.186420069258081,0.764297520661157,0.522462982469667,0.546116454535335,0.185514465042654,0.775206611570248,0.00646304687019095,0.0020995068698465,0.000905604215427264,-0.010909090909091
5,9,ME_P,228,8,0.28058549873066,0.568290445601455,0.195212970118748,0.790909090909091,0.310782340757036,0.555375279516176,0.189584020516142,0.805681818181818,-0.030196842026376,0.0129151660852787,0.0056289496026064,-0.0147727272727272
6,9,ME_P,276,5,0.044273285890933,0.576057122041756,0.19807109352898,0.711439114391144,0.0486234180549762,0.568377411539884,0.194662216158458,0.719557195571956,-0.00435013216404324,0.00767971050187188,0.00340887737052198,-0.00811808118081203
7,9,ME_P,561,257,0.805141243132835,0.551977272886418,0.184679069997746,0.810592873233668,0.822408560812974,0.545021957546932,0.181782846085472,0.824352344869957,-0.0172673176801386,0.00695531533948635,0.00289622391227357,-0.0137594716362892
8,9,ME_P,320,157,0.817535718113984,0.572769347385096,0.193488712738594,0.796451877613223,0.821638018584694,0.575740355172383,0.194339120457988,0.796569106326443,-0.00410230047070959,-0.00297100778728654,-0.00085040771939407,-0.000117228713219508
10,9,ME_P,677,358,0.924461897697139,0.485672593743533,0.156022917440274,0.922120453231992,0.926077463006704,0.485491686549352,0.15626385550896,0.922251799443092,-0.00161556530956508,0.000180907194181235,-0.000240938068685914,-0.000131346211099559
11,9,ME_P,1193,375,0.568380613291364,0.620549430033311,0.215763403188077,0.717061124694377,0.565178305084781,0.61750899150165,0.214220617422439,0.71320782396088,0.00320230820658307,0.00304043853166069,0.00154278576563849,0.00385330073349655
12,9,ME_P,303,228,0.9153050955337,0.96644896281363,0.354863469340248,0.769590643274854,0.914536113686531,0.992882047418664,0.359573026389496,0.767076023391813,0.000768981847168782,-0.0264330846050344,-0.00470955704924791,0.0025146198830408
13,9,ME_P,175,86,0.852781028863423,0.496314552991904,0.161162811510572,0.878364253984845,0.853248456413857,0.486437488152638,0.158104087453918,0.877711000783904,-0.000467427550434496,0.00987706483926637,0.00305872405665394,0.000653253200940562
14,9,ME_P,177,28,0.669701378672244,0.529889681479068,0.176034448793573,0.910115052732502,0.664776908094356,0.523539779084723,0.174492126200586,0.912032598274209,0.00492447057788836,0.00634990239434474,0.00154232259298706,-0.00191754554170664
15,9,ME_P,627,384,0.883673591129747,0.710448266138963,0.254333869827836,0.819551611796982,0.880395830327317,0.714422671215809,0.254759841038867,0.815554269547325,0.00327776080242992,-0.0039744050768461,-0.000425971211031495,0.0039973422496572
16,9,ME_P,193,90,0.784064557795644,0.56702187474919,0.19092464996038,0.784789644012945,0.791053707368294,0.559700332174447,0.187891187690379,0.789859762675297,-0.00698914957265029,0.00732154257474249,0.00303346227000145,-0.00507011866235207
17,9,ME_P,287,141,0.913960877522269,0.494121344255601,0.159184831902062,0.909453026328573,0.915368394369211,0.488718009321256,0.156924670941088,0.911007480812203,-0.00140751684694163,0.00540333493434508,0.00226016096097437,-0.00155445448363012
18,9,ME_P,432,230,0.901947614527708,0.532017321542055,0.176795539506476,0.889324149806285,0.901664370465652,0.530053269908332,0.175932241519331,0.887171760654326,0.000283244062056487,0.00196405163372293,0.000863297987145267,0.00215238915195892
19,9,ME_P,323,172,0.856851041411548,0.599476524245742,0.205476688346787,0.822308640073926,0.862206266999923,0.593684127782039,0.202973256543068,0.825773910365009,-0.00535522558837465,0.00579239646370289,0.00250343180371912,-0.00346527029108323
1,9,ME2P,112,22,0.747237905991791,0.502930628433335,0.166084747731001,0.856565656565657,0.755355861041057,0.501773858163091,0.16589521773778,0.866161616161616,-0.00811795504926616,0.00115677027024419,0.000189529993221471,-0.00959595959595949
2,9,ME2P,280,21,0.643208998484797,0.500609225089677,0.164347528446368,0.917631917631918,0.665452222737127,0.482650110195261,0.156690718338541,0.92719249862107,-0.0222432242523296,0.0179591148944161,0.00765681010782726,-0.00956058098915236
3,9,ME2P,146,39,0.646521992257542,0.585995524265644,0.2009765737284,0.806374311047208,0.64983746565309,0.594939571251682,0.204625306752901,0.812604840642224,-0.00331547339554839,-0.00894404698603812,-0.00364873302450053,-0.0062305295950158
4,9,ME2P,146,25,0.528891612780195,0.554606895199743,0.188934931596681,0.767272727272727,0.53283853610193,0.552560159447606,0.187993742499596,0.778842975206612,-0.00394692332173552,0.0020467357521371,0.000941189097084794,-0.0115702479338848
5,9,ME2P,228,8,0.291914247900694,0.577193337003304,0.198787963737319,0.796022727272727,0.310434981684982,0.563899534327492,0.192945730502343,0.809090909090909,-0.0185207337842883,0.0132938026758119,0.00584223323497621,-0.0130681818181817
6,9,ME2P,276,5,0.0475518835385961,0.70866894948467,0.251841448160228,0.712177121771218,0.0506447137271747,0.69473754432561,0.245014420184808,0.719557195571956,-0.00309283018857857,0.0139314051590602,0.00682702797542045,-0.00738007380073824
7,9,ME2P,561,257,0.809054434243679,0.544899775556762,0.181598880640928,0.813447163628917,0.823205241561504,0.539196827502467,0.179189374676423,0.825376305549867,-0.0141508073178254,0.00570294805429528,0.0024095059645052,-0.0119291419209503
8,9,ME2P,320,157,0.817676450196562,0.559933069021019,0.188502041997916,0.796803563752882,0.821006757592706,0.565579913837062,0.190476400043794,0.795904810284866,-0.00333030739614371,-0.00564684481604272,-0.0019743580458782,0.000898753468015823
10,9,ME2P,677,358,0.920510528723613,0.476942788933021,0.15170681291866,0.919143272447067,0.923614484214656,0.479662827983902,0.153368768659331,0.920202798549938,-0.00310395549104325,-0.00272003905088064,-0.00166195574067052,-0.00105952610287052
11,9,ME2P,1193,375,0.570238222745484,0.619238283940336,0.215196201947091,0.717970660146699,0.566614520043223,0.616102718278329,0.21361471832538,0.714081499592502,0.00362370270226076,0.00313556566200712,0.00158148362171098,0.0038891605541973
12,9,ME2P,303,228,0.915273104008558,0.961261622219242,0.352960846062979,0.769356725146199,0.914722671666483,1.02655357733836,0.371022626760274,0.768245614035088,0.000550432342075191,-0.0652919551191177,-0.0180617806972948,0.00111111111111084
13,9,ME2P,175,86,0.855980257850884,0.506768214455708,0.167380126512657,0.881107917428795,0.855431403689369,0.493850063050507,0.162295393237431,0.879148157825973,0.000548854161514956,0.0129181514052005,0.00508473327522582,0.00195975960282235
14,9,ME2P,177,28,0.665962593506489,0.501681841659475,0.163761841716338,0.909635666347076,0.667133224230253,0.509946333710376,0.168684324213984,0.911073825503356,-0.00117063072376422,-0.00826449205090074,-0.00492248249764613,-0.00143815915628032
15,9,ME2P,627,384,0.875210410627937,0.746689897554548,0.268248546180137,0.806134259259259,0.874211980245963,0.744493625671347,0.266126179544137,0.805062585733882,0.000998430381974225,0.00219627188320048,0.00212236663599996,0.00107167352537729
16,9,ME2P,193,90,0.786335704194723,0.561655654275846,0.188940408082646,0.789428263214671,0.792546466218427,0.555930995535174,0.186517362117134,0.792880258899676,-0.00621076202370385,0.00572465874067152,0.00242304596551227,-0.00345199568500498
17,9,ME2P,287,141,0.913861467110209,0.50094261273339,0.162972608997362,0.908481492276304,0.915960427439367,0.494296912950374,0.159900089701203,0.910958904109589,-0.00209896032915791,0.00664569978301594,0.00307251929615945,-0.00247741183328476
18,9,ME2P,432,230,0.900723062570078,0.633227761283942,0.224406249639106,0.887128712871287,0.898655197635507,0.611119033148079,0.214280336121954,0.884761084804133,0.00206786493457134,0.0221087281358632,0.010125913517152,0.00236762806715418
19,9,ME2P,323,172,0.858966588734516,0.615156378777626,0.21243416090856,0.825388880332666,0.863179797257055,0.60299307180648,0.207181996361023,0.828161096565532,-0.00421320852253948,0.0121633069711458,0.00525216454753663,-0.00277221623286605
1,10,MP,112,22,0.738610815920484,0.517104582467223,0.174376479836272,0.862878787878788,0.760214831257374,0.526578558308318,0.179012648370709,0.869444444444445,-0.0216040153368902,-0.00947397584109511,-0.00463616853443721,-0.00656565656565711
2,10,MP,280,21,0.603272540442723,0.515566782140378,0.172707537383598,0.906324692038978,0.618967467720808,0.530761573324404,0.180152846459861,0.909450266593124,-0.0156949272780851,-0.0151947911840257,-0.00744530907626334,-0.00312557455414619
3,10,MP,146,39,0.58759407663849,0.587779181675524,0.200980713280413,0.795710520009585,0.634921249570518,0.60885899698863,0.209979844859851,0.790678169182842,-0.0473271729320282,-0.0210798153131064,-0.00899913157943844,0.00503235082674347
4,10,MP,146,25,0.502965572860922,0.566952396943874,0.194387894556093,0.774710743801653,0.507072153692925,0.590105149151892,0.204734924557639,0.768595041322314,-0.00410658083200288,-0.0231527522080182,-0.0103470300015464,0.0061157024793389
5,10,MP,228,8,0.262762410953481,0.589388111375487,0.203899925295062,0.785795454545455,0.292081554191196,0.614748611284955,0.215313284783294,0.790056818181818,-0.0293191432377152,-0.0253604999094681,-0.0114133594882323,-0.00426136363636354
6,10,MP,276,5,0.0443925704996273,0.621173767200854,0.211408207447699,0.709594095940959,0.0445351791264003,0.645505496730541,0.221390882791666,0.721033210332103,-0.000142608626773032,-0.0243317295296872,-0.00998267534396702,-0.0114391143911435
7,10,MP,561,257,0.804143282228854,0.555170226217608,0.185511920397586,0.807975373745648,0.809641730255759,0.543535576692664,0.180027778653934,0.812634394839238,-0.00549844802690513,0.0116346495249435,0.00548414174365197,-0.00465902109358984
8,10,MP,320,157,0.801551859420855,0.579872941193027,0.195118596509171,0.780938611230511,0.816005108355322,0.567939233434807,0.188962877424044,0.791430581063655,-0.0144532489344675,0.0119337077582197,0.00615571908512674,-0.0104919698331443
9,10,MP,288,82,0.61312904651715,0.5414663597148,0.179305638290489,0.768026284631778,0.630780549548471,0.542515776736445,0.179919264453227,0.775455837082643,-0.0176515030313213,-0.00104941702164507,-0.000613626162737968,-0.00742955245086463
11,10,MP,1193,375,0.559063329094832,0.596804647035402,0.204902256734119,0.722203748981255,0.556786508886677,0.612091531791435,0.211281295622712,0.721066014669927,0.00227682020815523,-0.0152868847560332,-0.00637903888859273,0.00113773431132802
12,10,MP,303,228,0.9126316989419,0.848065344784052,0.300129557712635,0.776345029239766,0.921265319834541,0.827472610090691,0.289478325240095,0.791023391812866,-0.00863362089264108,0.0205927346933615,0.0106512324725398,-0.0146783625730998
13,10,MP,175,86,0.832865187792642,0.493786630437204,0.163405175995834,0.860203814998694,0.842616443006938,0.474984934236286,0.155333547580898,0.868630781290828,-0.00975125521429576,0.0188016962009178,0.00807162841493622,-0.00842696629213457
14,10,MP,177,28,0.667197964992716,0.516460415518002,0.172479214026774,0.916466922339406,0.675545566033652,0.533620992501976,0.180645434912642,0.919103547459252,-0.0083476010409359,-0.0171605769839741,-0.00816622088586783,-0.00263662511984653
15,10,MP,627,384,0.867879210848501,0.688384951336826,0.242171891779826,0.806884430727023,0.875118076715491,0.668298079394011,0.232117472868872,0.815725737311385,-0.00723886586698952,0.0200868719428154,0.0100544189109543,-0.00884130658436166
16,10,MP,193,90,0.778678495851145,0.581919646622927,0.194302825507026,0.772491909385113,0.778268195285482,0.579335039004122,0.192355742983181,0.775728155339806,0.000410300565663047,0.00258460761880497,0.00194708252384509,-0.00323624595469274
17,10,MP,287,141,0.900878251881524,0.487630529995157,0.159022002890048,0.904935392985524,0.91014612933295,0.466104700375446,0.149272002347979,0.909963081706014,-0.00926787745142621,0.0215258296197109,0.00975000054206859,-0.00502768872048987
18,10,MP,432,230,0.886386090909944,0.53241735124719,0.178584594069668,0.875441239776152,0.901948090038083,0.5031924618743,0.165606420245448,0.888570813603099,-0.0155619991281387,0.0292248893728904,0.0129781738242204,-0.0131295738269475
19,10,MP,323,172,0.839964878142858,0.599386352127295,0.204155543076128,0.810083936547051,0.854340229869587,0.583236574485018,0.196421938838919,0.817476513168027,-0.0143753517267289,0.0161497776422773,0.00773360423720937,-0.00739257662097637
1,10,ME_P,112,22,0.74935911707806,0.493021475745087,0.160621480150588,0.860606060606061,0.756541260671696,0.508862951014907,0.168929663480133,0.867676767676768,-0.00718214359363611,-0.0158414752698197,-0.00830818332954519,-0.00707070707070745
2,10,ME_P,280,21,0.632550325787138,0.474369154819889,0.151527431812555,0.91855120426549,0.662189103945433,0.491659150396886,0.160622837328073,0.92388306674021,-0.0296387781582949,-0.0172899955769972,-0.00909540551551841,-0.00533186247472006
3,10,ME_P,146,39,0.642091804283044,0.560479585798728,0.189378642590647,0.813084112149533,0.637367803369133,0.591494652945118,0.203226191025108,0.806853582554517,0.0047240009139109,-0.0310150671463899,-0.0138475484344606,0.00623052959501569
4,10,ME_P,146,25,0.514309621343244,0.520620268613682,0.17326026311036,0.778181818181818,0.522462982469667,0.546116454535335,0.185514465042654,0.775206611570248,-0.00815336112642317,-0.0254961859216531,-0.0122542019322939,0.00297520661157025
5,10,ME_P,228,8,0.268129833129833,0.523999965077761,0.174655267816394,0.800568181818182,0.310782340757036,0.555375279516176,0.189584020516142,0.805681818181818,-0.0426525076272029,-0.0313753144384148,-0.0149287526997476,-0.00511363636363627
6,10,ME_P,276,5,0.0473000534150263,0.546338221237298,0.184060996341084,0.71070110701107,0.0486234180549762,0.568377411539884,0.194662216158458,0.719557195571956,-0.00132336463994992,-0.0220391903025861,-0.0106012198173742,-0.00885608856088582
7,10,ME_P,561,257,0.813689298317433,0.56277887862538,0.189874086005375,0.816058263362687,0.822408560812974,0.545021957546932,0.181782846085472,0.824352344869957,-0.00871926249554134,0.0177569210784483,0.00809123991990296,-0.00829408150727018
8,10,ME_P,320,157,0.80671974710023,0.592426753739766,0.202171158533234,0.784924387479973,0.821638018584694,0.575740355172383,0.194339120457988,0.796569106326443,-0.014918271484464,0.0166863985673834,0.00783203807524621,-0.0116447188464696
9,10,ME_P,288,82,0.632309191403439,0.518193552744242,0.169612991829337,0.783270187070803,0.646098737686954,0.515205835639023,0.16870867908056,0.794873312810798,-0.0137895462835154,0.00298771710521906,0.000904312748777142,-0.0116031257399952
11,10,ME_P,1193,375,0.5683957726151,0.60032131574355,0.206792114635118,0.713863080684597,0.565178305084781,0.61750899150165,0.214220617422439,0.71320782396088,0.00321746753031893,-0.0171876757581003,-0.0074285027873206,0.00065525672371658
12,10,ME_P,303,228,0.904490731419737,1.00222419120085,0.371995241230268,0.74906432748538,0.914536113686531,0.992882047418664,0.359573026389496,0.767076023391813,-0.0100453822667936,0.00934214378219045,0.0124222148407722,-0.0180116959064329
13,10,ME_P,175,86,0.845531741531929,0.52458195302311,0.173925616165687,0.871178468774497,0.853248456413857,0.486437488152638,0.158104087453918,0.877711000783904,-0.00771671488192816,0.0381444648704715,0.0158215287117693,-0.00653253200940696
14,10,ME_P,177,28,0.670837574682251,0.508489346444345,0.165147755471898,0.910594439117929,0.664776908094356,0.523539779084723,0.174492126200586,0.912032598274209,0.00606066658789461,-0.0150504326403782,-0.00934437072868832,-0.00143815915627998
15,10,ME_P,627,384,0.872487556403551,0.746684759672696,0.271059444418562,0.806337877229081,0.880395830327317,0.714422671215809,0.254759841038867,0.815554269547325,-0.00790827392376647,0.0322620884568864,0.0162996033796951,-0.00921639231824411
16,10,ME_P,193,90,0.791513064494167,0.572352198351224,0.193533231535485,0.786515641855448,0.791053707368294,0.559700332174447,0.187891187690379,0.789859762675297,0.000459357125872972,0.0126518661767774,0.00564204384510564,-0.00334412081984936
17,10,ME_P,287,141,0.908006013037224,0.525599628730734,0.173782561444069,0.906489847469154,0.915368394369211,0.488718009321256,0.156924670941088,0.911007480812203,-0.00736238133198675,0.036881619409478,0.0168578905029809,-0.00451763334304911
18,10,ME_P,432,230,0.885884864596436,0.572718368333224,0.195684221303876,0.874558760223849,0.901664370465652,0.530053269908332,0.175932241519331,0.887171760654326,-0.0157795058692162,0.0426650984248916,0.0197519797845454,-0.0126130004304775
19,10,ME_P,323,172,0.849308654769831,0.62320192617733,0.216812537044422,0.81799630371169,0.862206266999923,0.593684127782039,0.202973256543068,0.825773910365009,-0.012897612230092,0.0295177983952911,0.0138392805013541,-0.0077776066533195
1,10,ME2P,112,22,0.747270543596206,0.490270062329434,0.159435418488348,0.859090909090909,0.755355861041057,0.501773858163091,0.16589521773778,0.866161616161616,-0.00808531744485108,-0.0115037958336566,-0.00645979924943221,-0.00707070707070689
2,10,ME2P,280,21,0.642907051904832,0.470619785468279,0.149846288694871,0.921492921492922,0.665452222737127,0.482650110195261,0.156690718338541,0.92719249862107,-0.0225451708322949,-0.0120303247269826,-0.00684442964367021,-0.0056995771281485
3,10,ME2P,146,39,0.646002057160565,0.56308547969341,0.19043273025688,0.816199376947041,0.64983746565309,0.594939571251682,0.204625306752901,0.812604840642224,-0.00383540849252484,-0.0318540915582721,-0.0141925764960212,0.00359453630481643
4,10,ME2P,146,25,0.517333035614723,0.5237703077627,0.174486590727211,0.778842975206612,0.53283853610193,0.552560159447606,0.187993742499596,0.778842975206612,-0.0155055004872076,-0.0287898516849059,-0.0135071517723852,-4.44089209850063e-16
5,10,ME2P,228,8,0.281816466191466,0.529483468636263,0.176866075010356,0.805113636363636,0.310434981684982,0.563899534327492,0.192945730502343,0.809090909090909,-0.0286185154935159,-0.0344160656912287,-0.0160796554919868,-0.00397727272727266
6,10,ME2P,276,5,0.0482734725400578,0.648248884519957,0.226376722464786,0.706273062730627,0.0506447137271747,0.69473754432561,0.245014420184808,0.719557195571956,-0.00237124118711689,-0.0464886598056534,-0.0186376977200225,-0.0132841328413287
7,10,ME2P,561,257,0.814055184668531,0.56052107562874,0.188866099277488,0.816736637313127,0.823205241561504,0.539196827502467,0.179189374676423,0.825376305549867,-0.00915005689297255,0.0213242481262734,0.0096767246010652,-0.00863966823673978
8,10,ME2P,320,157,0.806307216774748,0.58801971099885,0.200427068996996,0.784416396389356,0.821006757592706,0.565579913837062,0.190476400043794,0.795904810284866,-0.0146995408179584,0.0224397971617879,0.0099506689532024,-0.0114884138955104
9,10,ME2P,288,82,0.638083849574595,0.516421176145764,0.168863619550109,0.7890717499408,0.650840196247561,0.513423371872941,0.168012026656376,0.800201278711816,-0.0127563466729658,0.00299780427282292,0.00085159289373285,-0.0111295287710156
11,10,ME2P,1193,375,0.566874437965434,0.602424738378024,0.207742913994106,0.711910350448248,0.566614520043223,0.616102718278329,0.21361471832538,0.714081499592502,0.000259917922211361,-0.0136779799003046,-0.00587180433127374,-0.0021711491442542
12,10,ME2P,303,228,0.906030821851803,1.05011172968641,0.389340762057037,0.752631578947368,0.914722671666483,1.02655357733836,0.371022626760274,0.768245614035088,-0.00869184981468019,0.0235581523480484,0.018318135296763,-0.0156140350877195
13,10,ME2P,175,86,0.848323167624295,0.531656697434866,0.178088168976534,0.874183433498824,0.855431403689369,0.493850063050507,0.162295393237431,0.879148157825973,-0.00710823606507416,0.0378066343843588,0.0157927757391035,-0.0049647243271489
14,10,ME2P,177,28,0.666428003463314,0.494883037464403,0.159153497192104,0.908676893576222,0.667133224230253,0.509946333710376,0.168684324213984,0.911073825503356,-0.000705220766938797,-0.0150632962459727,-0.00953082702188021,-0.00239693192713364
15,10,ME2P,627,384,0.864002193594404,0.774984717014868,0.281870248115968,0.792845507544582,0.874211980245963,0.744493625671347,0.266126179544137,0.805062585733882,-0.0102097866515595,0.0304910913435214,0.0157440685718309,-0.0122170781893004
16,10,ME2P,193,90,0.795933655160478,0.567181508736994,0.191491368277609,0.791046386192017,0.792546466218427,0.555930995535174,0.186517362117134,0.792880258899676,0.00338718894205148,0.0112505132018199,0.00497400616047539,-0.00183387270765867
17,10,ME2P,287,141,0.90857487131438,0.529133716753964,0.175718711656291,0.905081123093364,0.915960427439367,0.494296912950374,0.159900089701203,0.910958904109589,-0.00738555612498715,0.0348368038035902,0.0158186219550882,-0.0058777810162246
18,10,ME2P,432,230,0.883136900738144,0.665051277045357,0.238728955844461,0.87137322427895,0.898655197635507,0.611119033148079,0.214280336121954,0.884761084804133,-0.0155182968973632,0.0539322438972776,0.0244486197225073,-0.0133878605251834
19,10,ME2P,323,172,0.85326624614316,0.632460095860213,0.221052615202759,0.822770676112737,0.863179797257055,0.60299307180648,0.207181996361023,0.828161096565532,-0.00991355111389547,0.0294670240537333,0.0138706188417359,-0.00539042045279525
1,11,MP,112,22,0.741506152418586,0.570831408635394,0.19851976407862,0.863636363636364,0.760214831257374,0.526578558308318,0.179012648370709,0.869444444444445,-0.0187086788387884,0.0442528503270759,0.0195071157079111,-0.00580808080808137
2,11,MP,280,21,0.552446517689804,0.573648174281684,0.198970673982973,0.895569038426181,0.618967467720808,0.530761573324404,0.180152846459861,0.909450266593124,-0.0665209500310037,0.0428866009572799,0.0188178275231116,-0.0138812281669427
3,11,MP,146,39,0.647395571442733,0.63630045431544,0.222599183466239,0.805415768032591,0.634921249570518,0.60885899698863,0.209979844859851,0.790678169182842,0.0124743218722154,0.0274414573268097,0.0126193386063882,0.0147375988497486
4,11,MP,146,25,0.546572529828535,0.619375134294362,0.218188528354412,0.785619834710744,0.507072153692925,0.590105149151892,0.204734924557639,0.768595041322314,0.0395003761356095,0.0292699851424699,0.0134536037967733,0.0170247933884298
5,11,MP,228,8,0.385794644393638,0.658722184890902,0.235074335081843,0.813352272727273,0.292081554191196,0.614748611284955,0.215313284783294,0.790056818181818,0.0937130902024416,0.0439735736059468,0.0197610502985493,0.0232954545454547
6,11,MP,276,5,0.0550512490373976,0.701452700814659,0.244311245284018,0.72619926199262,0.0445351791264003,0.645505496730541,0.221390882791666,0.721033210332103,0.0105160699109973,0.0559472040841176,0.0229203624923521,0.00516605166051698
7,11,MP,561,257,0.797885982757758,0.534772861016283,0.177017870404297,0.813274370264182,0.809641730255759,0.543535576692664,0.180027778653934,0.812634394839238,-0.0117557474980011,-0.00876271567638143,-0.00300990824963685,0.000639975424943762
8,11,MP,320,157,0.809598236109318,0.568238928890358,0.189924537132343,0.78570591223477,0.816005108355322,0.567939233434807,0.188962877424044,0.791430581063655,-0.00640687224600367,0.000299695455550753,0.000961659708298673,-0.00572466882888501
9,11,MP,288,82,0.6577860160933,0.545706974261603,0.18262763869594,0.790462941037177,0.630780549548471,0.542515776736445,0.179919264453227,0.775455837082643,0.0270054665448288,0.00319119752515817,0.002708374242713,0.0150071039545344
10,11,MP,677,358,0.926993008271041,0.434608251473024,0.13494765315116,0.923762280870738,0.921148186153207,0.457852184983101,0.145889675587365,0.918928740302271,0.00584482211783366,-0.0232439335100771,-0.0109420224362048,0.00483354056846685
12,11,MP,303,228,0.923392462038201,0.804502980853092,0.277886031833479,0.789356725146199,0.921265319834541,0.827472610090691,0.289478325240095,0.791023391812866,0.00212714220366006,-0.0229696292375987,-0.0115922934066164,-0.00166666666666715
13,11,MP,175,86,0.843168424236288,0.468434489880421,0.152472223285952,0.864188659524432,0.842616443006938,0.474984934236286,0.155333547580898,0.868630781290828,0.000551981229350074,-0.00655044435586488,-0.00286132429494648,-0.00444212176639636
14,11,MP,177,28,0.579525409623461,0.600593115455715,0.207993997582306,0.882430488974113,0.675545566033652,0.533620992501976,0.180645434912642,0.919103547459252,-0.0960201564101907,0.0669721229537388,0.0273485626696642,-0.0366730584851389
15,11,MP,627,384,0.861274291154144,0.665017511732,0.229321956104636,0.801965449245542,0.875118076715491,0.668298079394011,0.232117472868872,0.815725737311385,-0.0138437855613471,-0.00328056766201068,-0.00279551676423587,-0.0137602880658432
16,11,MP,193,90,0.779635880374593,0.571655703989888,0.190374661610065,0.781877022653722,0.778268195285482,0.579335039004122,0.192355742983181,0.775728155339806,0.00136768508911056,-0.0076793350142339,-0.00198108137311556,0.00614886731391573
17,11,MP,287,141,0.913490701942381,0.456344558128405,0.143612228240692,0.905834061983873,0.91014612933295,0.466104700375446,0.149272002347979,0.909963081706014,0.00334457260943066,-0.00976014224704125,-0.00565977410728707,-0.00412901972214153
18,11,MP,432,230,0.897380159947142,0.487296094008813,0.158151610839087,0.883663366336634,0.901948090038083,0.5031924618743,0.165606420245448,0.888570813603099,-0.00456793009094081,-0.0158963678654865,-0.00745480940636067,-0.0049074472664653
19,11,MP,323,172,0.860935841813637,0.565078847574063,0.187816807188381,0.822501155090097,0.854340229869587,0.583236574485018,0.196421938838919,0.817476513168027,0.00659561194405012,-0.0181577269109551,-0.00860513165053767,0.00502464192206997
1,11,ME_P,112,22,0.73474467262874,0.556813710305366,0.19058142693807,0.860606060606061,0.756541260671696,0.508862951014907,0.168929663480133,0.867676767676768,-0.0217965880429561,0.0479507592904586,0.0216517634579369,-0.00707070707070745
2,11,ME_P,280,21,0.61576463450947,0.52868935761997,0.177722258275463,0.918367346938776,0.662189103945433,0.491659150396886,0.160622837328073,0.92388306674021,-0.0464244694359632,0.0370302072230838,0.0170994209473901,-0.0055157198014345
3,11,ME_P,146,39,0.65930974432825,0.637147965379053,0.222744415605703,0.828181164629763,0.637367803369133,0.591494652945118,0.203226191025108,0.806853582554517,0.0219419409591166,0.0456533124339348,0.0195182245805952,0.0213275820752458
4,11,ME_P,146,25,0.544432154760876,0.562655079150847,0.193076679440176,0.788099173553719,0.522462982469667,0.546116454535335,0.185514465042654,0.775206611570248,0.021969172291209,0.0165386246155118,0.00756221439752244,0.0128925619834711
5,11,ME_P,228,8,0.404778412121591,0.586147555110295,0.204111326727626,0.822727272727273,0.310782340757036,0.555375279516176,0.189584020516142,0.805681818181818,0.0939960713645546,0.0307722755941188,0.014527306211484,0.0170454545454547
6,11,ME_P,276,5,0.0673695337801349,0.590743166795651,0.205281934155791,0.730627306273063,0.0486234180549762,0.568377411539884,0.194662216158458,0.719557195571956,0.0187461157251587,0.0223657552557666,0.0106197179973327,0.0110701107011068
7,11,ME_P,561,257,0.814893054729706,0.528154342627066,0.174957592655138,0.826989043620725,0.822408560812974,0.545021957546932,0.181782846085472,0.824352344869957,-0.00751550608326779,-0.0168676149198657,-0.00682525343033422,0.002636698750768
8,11,ME_P,320,157,0.815179184272446,0.57344291836446,0.193176196797541,0.79027783205033,0.821638018584694,0.575740355172383,0.194339120457988,0.796569106326443,-0.00645883431224825,-0.00229743680792349,-0.0011629236604471,-0.00629127427611276
9,11,ME_P,288,82,0.678175638962496,0.515198663204976,0.169768037284922,0.813284394979872,0.646098737686954,0.515205835639023,0.16870867908056,0.794873312810798,0.0320769012755422,-7.17243404668722e-06,0.00105935820436198,0.0184110821690742
10,11,ME_P,677,358,0.930667265752839,0.453277882502009,0.141043536485798,0.924966287805818,0.926077463006704,0.485491686549352,0.15626385550896,0.922251799443092,0.00458980274613485,-0.0322138040473428,-0.0152203190231622,0.00271448836272581
12,11,ME_P,303,228,0.91042553460777,1.00209074839474,0.357657356150974,0.752865497076023,0.914536113686531,0.992882047418664,0.359573026389496,0.767076023391813,-0.00411057907876122,0.00920870097607562,-0.00191567023852213,-0.0142105263157897
13,11,ME_P,175,86,0.857265757077698,0.471357095204524,0.150768998996443,0.876665795662399,0.853248456413857,0.486437488152638,0.158104087453918,0.877711000783904,0.00401730066384121,-0.015080392948114,-0.00733508845747452,-0.00104520512150519
14,11,ME_P,177,28,0.599673318068892,0.627412946071217,0.217950906635765,0.88326941514861,0.664776908094356,0.523539779084723,0.174492126200586,0.912032598274209,-0.065103590025464,0.103873166986494,0.0434587804351791,-0.0287631831255992
15,11,ME_P,627,384,0.867053636405634,0.716031340111576,0.252525877681583,0.797539437585734,0.880395830327317,0.714422671215809,0.254759841038867,0.815554269547325,-0.0133421939216835,0.00160866889576738,-0.00223396335728432,-0.0180148319615912
16,11,ME_P,193,90,0.792333541584806,0.541484304371345,0.181121821214526,0.804638619201726,0.791053707368294,0.559700332174447,0.187891187690379,0.789859762675297,0.00127983421651212,-0.0182160278031022,-0.00676936647585286,0.014778856526429
17,11,ME_P,287,141,0.916416597513048,0.461516455863119,0.144815315422328,0.903235208394054,0.915368394369211,0.488718009321256,0.156924670941088,0.911007480812203,0.00104820314383658,-0.0272015534581369,-0.0121093555187598,-0.00777227241814871
18,11,ME_P,432,230,0.89470245216464,0.497409730832881,0.161323966080901,0.879767541971589,0.901664370465652,0.530053269908332,0.175932241519331,0.887171760654326,-0.00696191830101223,-0.0326435390754511,-0.0146082754384304,-0.00740421868273755
19,11,ME_P,323,172,0.868372173003528,0.565517609841183,0.189944217247157,0.831818881872786,0.862206266999923,0.593684127782039,0.202973256543068,0.825773910365009,0.00616590600360456,-0.0281665179408558,-0.0130290392959114,0.00604497150777705
1,11,ME2P,112,22,0.734641601097097,0.559996833059123,0.191929499110667,0.86010101010101,0.755355861041057,0.501773858163091,0.16589521773778,0.866161616161616,-0.0207142599439601,0.0582229748960325,0.0260342813728868,-0.00606060606060588
2,11,ME2P,280,21,0.615782560304531,0.534036169259552,0.180026315401803,0.917264202978489,0.665452222737127,0.482650110195261,0.156690718338541,0.92719249862107,-0.0496696624325963,0.0513860590642909,0.023335597063262,-0.00992829564258135
3,11,ME2P,146,39,0.658744814324338,0.636599509079128,0.222543397148726,0.827701893122454,0.64983746565309,0.594939571251682,0.204625306752901,0.812604840642224,0.00890734867124754,0.0416599378274463,0.0179180903958249,0.0150970524802299
4,11,ME2P,146,25,0.547599399010473,0.561904167094922,0.192817497628862,0.789090909090909,0.53283853610193,0.552560159447606,0.187993742499596,0.778842975206612,0.0147608629085432,0.00934400764731602,0.00482375512926642,0.010247933884297
5,11,ME2P,228,8,0.402281816048066,0.585761905019578,0.203976431123621,0.821590909090909,0.310434981684982,0.563899534327492,0.192945730502343,0.809090909090909,0.0918468343630837,0.0218623706920862,0.0110307006212784,0.0125000000000001
6,11,ME2P,276,5,0.0686153155936043,0.645531550202703,0.226502823177004,0.730627306273063,0.0506447137271747,0.69473754432561,0.245014420184808,0.719557195571956,0.0179706018664296,-0.0492059941229067,-0.0185115970078044,0.0110701107011068
7,11,ME2P,561,257,0.814509630948333,0.529254509842427,0.175428470481632,0.826374667212779,0.823205241561504,0.539196827502467,0.179189374676423,0.825376305549867,-0.00869561061317059,-0.00994231766004039,-0.00376090419479086,0.000998361662912117
8,11,ME2P,320,157,0.815112785337375,0.576934479076511,0.19432489881863,0.790473213239029,0.821006757592706,0.565579913837062,0.190476400043794,0.795904810284866,-0.00589397225533084,0.0113545652394488,0.00384849877483562,-0.00543159704583673
9,11,ME2P,288,82,0.678044447454381,0.514998347133984,0.169684689247605,0.813698792327729,0.650840196247561,0.513423371872941,0.168012026656376,0.800201278711816,0.0272042512068198,0.00157497526104322,0.00167266259122922,0.0134975136159131
10,11,ME2P,677,358,0.932164313258643,0.454661634833755,0.14166249749471,0.926183429362008,0.923614484214656,0.479662827983902,0.153368768659331,0.920202798549938,0.00854982904398716,-0.0250011931501467,-0.0117062711646213,0.00598063081206968
12,11,ME2P,303,228,0.912817669024067,1.09910802693937,0.388838847094478,0.758479532163743,0.914722671666483,1.02655357733836,0.371022626760274,0.768245614035088,-0.00190500264241644,0.072554449601014,0.0178162203342043,-0.00976608187134531
13,11,ME2P,175,86,0.857066747756682,0.471393468943132,0.150817821146652,0.876796446302587,0.855431403689369,0.493850063050507,0.162295393237431,0.879148157825973,0.00163534406731292,-0.0224565941073749,-0.0114775720907787,-0.00235171152338609
14,11,ME2P,177,28,0.593585038278925,0.646407073257044,0.225684881980511,0.883748801534036,0.667133224230253,0.509946333710376,0.168684324213984,0.911073825503356,-0.0735481859513276,0.136460739546667,0.0570005577665272,-0.0273250239693196
15,11,ME2P,627,384,0.863867802683495,0.734360147213698,0.259180533610214,0.79303840877915,0.874211980245963,0.744493625671347,0.266126179544137,0.805062585733882,-0.0103441775624681,-0.010133478457649,-0.00694564593392261,-0.0120241769547325
16,11,ME2P,193,90,0.795111319362584,0.541583365985561,0.181157639887371,0.804746494066882,0.792546466218427,0.555930995535174,0.186517362117134,0.792880258899676,0.00256485314415689,-0.0143476295496132,-0.00535972222976308,0.0118662351672064
17,11,ME2P,287,141,0.916403360141874,0.461769609431095,0.144941056604343,0.903138054988827,0.915960427439367,0.494296912950374,0.159900089701203,0.910958904109589,0.000442932702507282,-0.0325273035192786,-0.01495903309686,-0.00782084912076164
18,11,ME2P,432,230,0.894023052295346,0.522001547938641,0.172889442716347,0.878777442961687,0.898655197635507,0.611119033148079,0.214280336121954,0.884761084804133,-0.00463214534016132,-0.0891174852094381,-0.0413908934056066,-0.00598364184244549
19,11,ME2P,323,172,0.868102394526134,0.56830302377566,0.191136447127391,0.831626366856615,0.863179797257055,0.60299307180648,0.207181996361023,0.828161096565532,0.00492259726907884,-0.0346900480308202,-0.0160455492336323,0.00346527029108279
1,12,MP,112,22,0.757930360070464,0.515232486267079,0.174196099126339,0.86489898989899,0.760214831257374,0.526578558308318,0.179012648370709,0.869444444444445,-0.00228447118691033,-0.0113460720412388,-0.00481654924437,-0.00454545454545507
2,12,MP,280,21,0.61979979197066,0.500072199202888,0.16741557002066,0.911196911196911,0.618967467720808,0.530761573324404,0.180152846459861,0.909450266593124,0.000832324249852245,-0.0306893741215157,-0.0127372764392012,0.00174664460378715
3,12,MP,146,39,0.635888656383247,0.599867278404248,0.205975547441095,0.791397076443805,0.634921249570518,0.60885899698863,0.209979844859851,0.790678169182842,0.000967406812728999,-0.00899171858438253,-0.00400429741875591,0.000718907260963464
4,12,MP,146,25,0.508852564499246,0.574154937136888,0.198888716736516,0.772066115702479,0.507072153692925,0.590105149151892,0.204734924557639,0.768595041322314,0.00178041080632063,-0.0159502120150041,-0.00584620782112336,0.00347107438016525
5,12,MP,228,8,0.293860429693763,0.584785611834609,0.203259063188063,0.800568181818182,0.292081554191196,0.614748611284955,0.215313284783294,0.790056818181818,0.001778875502567,-0.0299629994503458,-0.0120542215952308,0.0105113636363637
6,12,MP,276,5,0.0444577601620945,0.61739398189687,0.210529506448618,0.719926199261993,0.0445351791264003,0.645505496730541,0.221390882791666,0.721033210332103,-7.74189643057768e-05,-0.0281115148336706,-0.0108613763430482,-0.00110701107011035
7,12,MP,561,257,0.814455485055334,0.543420122144533,0.180360763579835,0.819302938767151,0.809641730255759,0.543535576692664,0.180027778653934,0.812634394839238,0.0048137547995748,-0.000115454548131,0.00033298492590142,0.00666854392791327
8,12,MP,320,157,0.817745535829083,0.570238690660761,0.189571447482647,0.792778711265679,0.816005108355322,0.567939233434807,0.188962877424044,0.791430581063655,0.00174042747376058,0.00229945722595404,0.000608570058602959,0.00134813020202429
9,12,MP,288,82,0.632912882210729,0.525336483738931,0.173302973793918,0.779599810561212,0.630780549548471,0.542515776736445,0.179919264453227,0.775455837082643,0.00213233266225821,-0.0171792929975136,-0.0066162906593086,0.00414397347856943
10,12,MP,677,358,0.919418115851935,0.468347893271103,0.151139539912121,0.916279925045096,0.921148186153207,0.457852184983101,0.145889675587365,0.918928740302271,-0.00173007030127204,0.0104957082880015,0.00524986432475583,-0.00264881525717553
11,12,MP,1193,375,0.556145736024746,0.604571966335886,0.207517784185013,0.71959413202934,0.556786508886677,0.612091531791435,0.211281295622712,0.721066014669927,-0.000640772861931427,-0.00751956545554866,-0.00376351143769946,-0.00147188264058717
13,12,MP,175,86,0.844620736744284,0.474649343854074,0.156066081032411,0.871897047295532,0.842616443006938,0.474984934236286,0.155333547580898,0.868630781290828,0.00200429373734601,-0.000335590382212425,0.00073253345151339,0.0032662660047037
14,12,MP,177,28,0.675021249743238,0.515799963355187,0.173112374714408,0.917785234899329,0.675545566033652,0.533620992501976,0.180645434912642,0.919103547459252,-0.000524316290414384,-0.0178210291467892,-0.00753306019823416,-0.00131831255992321
15,12,MP,627,384,0.873103211508535,0.696880588570529,0.243401567670005,0.813887817215364,0.875118076715491,0.668298079394011,0.232117472868872,0.815725737311385,-0.00201486520695626,0.0285825091765178,0.0112840948011326,-0.00183792009602146
16,12,MP,193,90,0.781469207543245,0.573839027874814,0.190982947372062,0.780528586839266,0.778268195285482,0.579335039004122,0.192355742983181,0.775728155339806,0.00320101225776315,-0.00549601112930853,-0.0013727956111195,0.00480043149946041
17,12,MP,287,141,0.910679226425492,0.470952964999149,0.15227787724253,0.911226075973963,0.91014612933295,0.466104700375446,0.149272002347979,0.909963081706014,0.00053309709254179,0.00484826462370253,0.00300587489455059,0.00126299426794885
18,12,MP,432,230,0.899443315529092,0.515729269380439,0.171389289053877,0.885449849332759,0.901948090038083,0.5031924618743,0.165606420245448,0.888570813603099,-0.00250477450899056,0.0125368075061387,0.00578286880842918,-0.00312096427033959
19,12,MP,323,172,0.856796419926296,0.594726099888261,0.201142288290412,0.819305405821654,0.854340229869587,0.583236574485018,0.196421938838919,0.817476513168027,0.00245619005670861,0.0114895254032428,0.00472034945149269,0.00182889265362707
1,12,ME_P,112,22,0.754728295268749,0.481780182869932,0.157277816665251,0.865656565656566,0.756541260671696,0.508862951014907,0.168929663480133,0.867676767676768,-0.00181296540294673,-0.0270827681449753,-0.0116518468148819,-0.00202020202020237
2,12,ME_P,280,21,0.649873440060577,0.429431512102892,0.133655223201439,0.936385364956793,0.662189103945433,0.491659150396886,0.160622837328073,0.92388306674021,-0.0123156638848564,-0.0622276382939939,-0.0269676141266341,0.0125022982165834
3,12,ME_P,146,39,0.64828694381266,0.564214051674837,0.191136832530973,0.819314641744548,0.637367803369133,0.591494652945118,0.203226191025108,0.806853582554517,0.0109191404435269,-0.0272806012702815,-0.0120893584941347,0.0124610591900313
4,12,ME_P,146,25,0.525192181013266,0.489475295242377,0.160666322629596,0.777851239669421,0.522462982469667,0.546116454535335,0.185514465042654,0.775206611570248,0.00272919854359865,-0.0566411592929582,-0.0248481424130577,0.00264462809917354
5,12,ME_P,228,8,0.274006382940947,0.467246267520328,0.15115081872184,0.822727272727273,0.310782340757036,0.555375279516176,0.189584020516142,0.805681818181818,-0.0367759578160893,-0.0881290119958479,-0.0384332017943024,0.0170454545454547
6,12,ME_P,276,5,0.0518190754562695,0.460387657637632,0.149833257317703,0.722509225092251,0.0486234180549762,0.568377411539884,0.194662216158458,0.719557195571956,0.00319565740129327,-0.107989753902252,-0.0448289588407549,0.00295202952029494
7,12,ME_P,561,257,0.831682635574023,0.553599410705049,0.186319045097828,0.834591951669056,0.822408560812974,0.545021957546932,0.181782846085472,0.824352344869957,0.00927407476104947,0.00857745315811687,0.0045361990123563,0.0102396067990989
8,12,ME_P,320,157,0.821185321466193,0.601629180067496,0.204845101504649,0.796295572662264,0.821638018584694,0.575740355172383,0.194339120457988,0.796569106326443,-0.000452697118501155,0.025888824895113,0.0105059810466606,-0.000273533664178927
9,12,ME_P,288,82,0.660418502144993,0.485868613988122,0.156697665272082,0.812100402557424,0.646098737686954,0.515205835639023,0.16870867908056,0.794873312810798,0.0143197644580386,-0.029337221650901,-0.0120110138084785,0.0172270897466257
10,12,ME_P,677,358,0.918888733145184,0.50593076877872,0.166288736750847,0.912987513353531,0.926077463006704,0.485491686549352,0.15626385550896,0.922251799443092,-0.00718872986152019,0.0204390822293682,0.0100248812418874,-0.00926428608956054
11,12,ME_P,1193,375,0.556813865132296,0.621799249906633,0.215028145291518,0.703920130399348,0.565178305084781,0.61750899150165,0.214220617422439,0.71320782396088,-0.0083644399524847,0.00429025840498309,0.000807527869078922,-0.00928769356153203
13,12,ME_P,175,86,0.858852897487544,0.482867832415471,0.156601147699553,0.88502743663444,0.853248456413857,0.486437488152638,0.158104087453918,0.877711000783904,0.00560444107368696,-0.00356965573716728,-0.00150293975436533,0.00731643585053554
14,12,ME_P,177,28,0.658927810851407,0.525496859781507,0.174418130309844,0.903643336529243,0.664776908094356,0.523539779084723,0.174492126200586,0.912032598274209,-0.00584909724294946,0.00195708069678402,-7.39958907424176e-05,-0.00838926174496646
15,12,ME_P,627,384,0.873688008813886,0.80150673176288,0.286228214514441,0.801901148834019,0.880395830327317,0.714422671215809,0.254759841038867,0.815554269547325,-0.00670782151343152,0.087084060547071,0.0314683734755739,-0.0136531207133058
16,12,ME_P,193,90,0.803540052773485,0.543000736816104,0.182167795240644,0.807874865156419,0.791053707368294,0.559700332174447,0.187891187690379,0.789859762675297,0.0124863454051914,-0.0166995953583433,-0.00572339244973483,0.0180151024811216
17,12,ME_P,287,141,0.913218818103625,0.485624576785945,0.156460902314886,0.904789662877684,0.915368394369211,0.488718009321256,0.156924670941088,0.911007480812203,-0.00214957626558643,-0.00309343253531152,-0.00046376862620226,-0.00621781793451914
18,12,ME_P,432,230,0.894129927223518,0.536237890888233,0.179564767711585,0.879207920792079,0.901664370465652,0.530053269908332,0.175932241519331,0.887171760654326,-0.00753444324213382,0.00618462097990091,0.00363252619225438,-0.0079638398622468
19,12,ME_P,323,172,0.865110437536428,0.611323012120328,0.210517099130639,0.829162174649623,0.862206266999923,0.593684127782039,0.202973256543068,0.825773910365009,0.0029041705365046,0.0176388843382892,0.00754384258757118,0.0033882642846137
1,12,ME2P,112,22,0.753993111624527,0.484048856776564,0.158255589526468,0.865151515151515,0.755355861041057,0.501773858163091,0.16589521773778,0.866161616161616,-0.00136274941653036,-0.0177250013865271,-0.00763962821131187,-0.00101010101010091
2,12,ME2P,280,21,0.657416700243156,0.432018883892638,0.134785140412028,0.935282220996507,0.665452222737127,0.482650110195261,0.156690718338541,0.92719249862107,-0.00803552249397133,-0.0506312263026231,-0.0219055779265126,0.0080897223754367
3,12,ME2P,146,39,0.640877990768234,0.563072561804687,0.190655608397076,0.819075005990894,0.64983746565309,0.594939571251682,0.204625306752901,0.812604840642224,-0.00895947488485616,-0.0318670094469947,-0.0139696983558248,0.00647016534866984
4,12,ME2P,146,25,0.526206783107372,0.48766933152854,0.159940834940892,0.779504132231405,0.53283853610193,0.552560159447606,0.187993742499596,0.778842975206612,-0.00663175299455787,-0.0648908279190656,-0.0280529075587042,0.000661157024792858
5,12,ME2P,228,8,0.280950827385391,0.466357003341826,0.150789348457541,0.823295454545455,0.310434981684982,0.563899534327492,0.192945730502343,0.809090909090909,-0.0294841542995909,-0.097542530985666,-0.042156382044802,0.0142045454545455
6,12,ME2P,276,5,0.0520124159503618,0.508079614951734,0.16921186789251,0.724723247232472,0.0506447137271747,0.69473754432561,0.245014420184808,0.719557195571956,0.00136770222318714,-0.186657929373876,-0.075802552292298,0.00516605166051631
7,12,ME2P,561,257,0.831720944494755,0.558668385251006,0.188577866917177,0.834220765922589,0.823205241561504,0.539196827502467,0.179189374676423,0.825376305549867,0.00851570293325055,0.0194715577485386,0.00938849224075353,0.00884446037272157
8,12,ME2P,320,157,0.821191830325028,0.616050716398683,0.210323771014313,0.796061115235825,0.821006757592706,0.565579913837062,0.190476400043794,0.795904810284866,0.00018507273232149,0.0504708025616214,0.0198473709705194,0.000156304950959085
9,12,ME2P,288,82,0.660724134895883,0.485853067367355,0.156693733090549,0.812218801799669,0.650840196247561,0.513423371872941,0.168012026656376,0.800201278711816,0.00988393864832215,-0.0275703045055864,-0.0113182935658266,0.0120175230878524
10,12,ME2P,677,358,0.923476394994029,0.515903430994396,0.171270140074693,0.917383233218333,0.923614484214656,0.479662827983902,0.153368768659331,0.920202798549938,-0.000138089220626747,0.0362406030104939,0.0179013714153624,-0.00281956533160554
11,12,ME2P,1193,375,0.539617779786361,0.641951697160994,0.223486917365384,0.691792991035045,0.566614520043223,0.616102718278329,0.21361471832538,0.714081499592502,-0.0269967402568618,0.0258489788826649,0.00987219904000405,-0.0222885085574571
13,12,ME2P,175,86,0.859353908563861,0.483523422487119,0.156984541389636,0.885288737914816,0.855431403689369,0.493850063050507,0.162295393237431,0.879148157825973,0.00392250487449164,-0.0103266405633881,-0.00531085184779551,0.00614058008884277
14,12,ME2P,177,28,0.6554623220918,0.535220098219332,0.178567543066459,0.902924256951102,0.667133224230253,0.509946333710376,0.168684324213984,0.911073825503356,-0.011670902138453,0.0252737645089562,0.00988321885247462,-0.00814956855225346
15,12,ME2P,627,384,0.871802287197284,0.809330383045194,0.288973768003809,0.799275548696845,0.874211980245963,0.744493625671347,0.266126179544137,0.805062585733882,-0.00240969304867955,0.0648367573738474,0.0228475884596718,-0.00578703703703698
16,12,ME2P,193,90,0.803736852360529,0.543388262602673,0.182310281054232,0.808090614886731,0.792546466218427,0.555930995535174,0.186517362117134,0.792880258899676,0.011190386142102,-0.0125427329325007,-0.00420708106290219,0.0152103559870554
17,12,ME2P,287,141,0.913259471093402,0.48596119479185,0.15661525566217,0.904838239580297,0.915960427439367,0.494296912950374,0.159900089701203,0.910958904109589,-0.0027009563459649,-0.00833571815852435,-0.00328483403903268,-0.00612066452929172
18,12,ME2P,432,230,0.893464468716691,0.566017241208175,0.193456007989551,0.878260869565217,0.898655197635507,0.611119033148079,0.214280336121954,0.884761084804133,-0.00519072891881645,-0.0451017919399043,-0.0208243281324031,-0.00650021523891553
19,12,ME2P,323,172,0.865095197400447,0.611111779477108,0.210433202346285,0.829123671646389,0.863179797257055,0.60299307180648,0.207181996361023,0.828161096565532,0.00191540014339153,0.00811870767062772,0.00325120598526171,0.000962575080856398
1,13,MP,112,22,0.766789187750905,0.519249554194211,0.175589536299266,0.872727272727273,0.760214831257374,0.526578558308318,0.179012648370709,0.869444444444445,0.00657435649353089,-0.00732900411410686,-0.00342311207144275,0.00328282828282767
2,13,MP,280,21,0.618963778588889,0.529445747290346,0.179448114898258,0.90724397867255,0.618967467720808,0.530761573324404,0.180152846459861,0.909450266593124,-3.68913191861608e-06,-0.00131582603405855,-0.000704731561602778,-0.00220628792057387
3,13,MP,146,39,0.631602792234854,0.605727731013216,0.208428041381809,0.785526000479272,0.634921249570518,0.60885899698863,0.209979844859851,0.790678169182842,-0.00331845733566427,-0.00313126597541369,-0.00155180347804182,-0.00515216870357049
4,13,MP,146,25,0.496842746890375,0.588146115882183,0.203856440858208,0.764628099173554,0.507072153692925,0.590105149151892,0.204734924557639,0.768595041322314,-0.0102294068025497,-0.00195903326970959,-0.000878483699430666,-0.00396694214876037
5,13,MP,228,8,0.285570127409702,0.612319193496134,0.214097375596815,0.783806818181818,0.292081554191196,0.614748611284955,0.215313284783294,0.790056818181818,-0.00651142678149369,-0.00242941778882122,-0.00121590918647876,-0.00624999999999987
6,13,MP,276,5,0.0428198420346128,0.642087896769922,0.220098688733962,0.708487084870849,0.0445351791264003,0.645505496730541,0.221390882791666,0.721033210332103,-0.00171533709178746,-0.00341759996061952,-0.00129219405770395,-0.0125461254612543
7,13,MP,561,257,0.8089172141295,0.546770584538376,0.181511827103903,0.811687231210322,0.809641730255759,0.543535576692664,0.180027778653934,0.812634394839238,-0.000724516126259123,0.0032350078457124,0.00148404844996933,-0.000947163628916559
8,13,MP,320,157,0.812851721457858,0.571987525596772,0.190765055628235,0.789164159274745,0.816005108355322,0.567939233434807,0.188962877424044,0.791430581063655,-0.00315338689746425,0.00404829216196445,0.00180217820419129,-0.00226642178891001
9,13,MP,288,82,0.631387037726132,0.541568872744841,0.179514364570914,0.775426237272082,0.630780549548471,0.542515776736445,0.179919264453227,0.775455837082643,0.000606488177660625,-0.000946903991604242,-0.000404899882312598,-2.95998105614981e-05
10,13,MP,677,358,0.918722054735178,0.463553480618515,0.148350171071446,0.916577643123588,0.921148186153207,0.457852184983101,0.145889675587365,0.918928740302271,-0.00242613141802894,0.00570129563541388,0.00246049548408125,-0.00235109717868298
11,13,MP,1193,375,0.556440059310557,0.611302447497511,0.211055066536108,0.720565607171964,0.556786508886677,0.612091531791435,0.211281295622712,0.721066014669927,-0.000346449576119623,-0.000789084293924103,-0.000226229086603691,-0.000500407497962874
12,13,MP,303,228,0.92185479819358,0.82727878726268,0.289973717494126,0.792923976608187,0.921265319834541,0.827472610090691,0.289478325240095,0.791023391812866,0.00058947835903933,-0.000193822828010504,0.000495392254030891,0.00190058479532118
14,13,MP,177,28,0.686113013197153,0.527732661696121,0.17786482923144,0.924017257909875,0.675545566033652,0.533620992501976,0.180645434912642,0.919103547459252,0.0105674471635006,-0.00588833080585538,-0.00278060568120161,0.00491371045062328
15,13,MP,627,384,0.876149729422119,0.670599614318501,0.232938886547618,0.815120241769547,0.875118076715491,0.668298079394011,0.232117472868872,0.815725737311385,0.00103165270662764,0.00230153492448959,0.000821413678746163,-0.000605495541837642
16,13,MP,193,90,0.767777169949726,0.584656757887433,0.194909127841431,0.768230852211435,0.778268195285482,0.579335039004122,0.192355742983181,0.775728155339806,-0.0104910253357555,0.00532171888331046,0.00255338485825049,-0.00749730312837127
17,13,MP,287,141,0.910138905237371,0.468192243291762,0.150091855058979,0.910618867191295,0.91014612933295,0.466104700375446,0.149272002347979,0.909963081706014,-7.22409557885051e-06,0.00208754291631641,0.000819852710999991,0.000655785485281002
18,13,MP,432,230,0.898964892761889,0.50747095281427,0.167415436216338,0.886332328885063,0.901948090038083,0.5031924618743,0.165606420245448,0.888570813603099,-0.00298319727619367,0.0042784909399699,0.0018090159708902,-0.00223848471803656
19,13,MP,323,172,0.855242370334049,0.584778722500962,0.197201783229087,0.81691821962113,0.854340229869587,0.583236574485018,0.196421938838919,0.817476513168027,0.000902140464462353,0.00154214801594366,0.000779844390167706,-0.000558293546896627
1,13,ME_P,112,22,0.758098037228472,0.495570339776079,0.162248219042985,0.868181818181818,0.756541260671696,0.508862951014907,0.168929663480133,0.867676767676768,0.00155677655677611,-0.0132926112388276,-0.00668144443714786,0.00050505050505012
2,13,ME_P,280,21,0.654605268672498,0.481774238067025,0.15527968863803,0.922228350799779,0.662189103945433,0.491659150396886,0.160622837328073,0.92388306674021,-0.00758383527293494,-0.00988491232986066,-0.00534314869004313,-0.00165471594043065
3,13,ME_P,146,39,0.637907994430213,0.568359678416614,0.19306713168724,0.805655403786245,0.637367803369133,0.591494652945118,0.203226191025108,0.806853582554517,0.000540191061080164,-0.0231349745285037,-0.0101590593378677,-0.00119817876827211
4,13,ME_P,146,25,0.5119750028484,0.525542433044924,0.175706016773289,0.770247933884298,0.522462982469667,0.546116454535335,0.185514465042654,0.775206611570248,-0.0104879796212668,-0.0205740214904109,-0.00980844826936453,-0.00495867768595038
5,13,ME_P,228,8,0.297132352941176,0.524809958714884,0.175139600225026,0.798295454545455,0.310782340757036,0.555375279516176,0.189584020516142,0.805681818181818,-0.0136499878158595,-0.0305653208012917,-0.0144444202911161,-0.00738636363636347
6,13,ME_P,276,5,0.0474069458652262,0.538511146194181,0.181355997298656,0.712177121771218,0.0486234180549762,0.568377411539884,0.194662216158458,0.719557195571956,-0.00121647218975,-0.0298662653457028,-0.0133062188598021,-0.00738007380073824
7,13,ME_P,561,257,0.820737242186922,0.556093536518077,0.186635081319533,0.821306061847225,0.822408560812974,0.545021957546932,0.181782846085472,0.824352344869957,-0.00167131862605252,0.0110715789711447,0.004852235234061,-0.00304628302273191
8,13,ME_P,320,157,0.819544385719026,0.584559171919672,0.198147966540537,0.794654370677191,0.821638018584694,0.575740355172383,0.194339120457988,0.796569106326443,-0.00209363286566833,0.00881881674728891,0.00380884608254864,-0.00191473564925171
9,13,ME_P,288,82,0.644011671364001,0.513083914011163,0.16741231338133,0.79345252190386,0.646098737686954,0.515205835639023,0.16870867908056,0.794873312810798,-0.00208706632295319,-0.00212192162786018,-0.00129636569922953,-0.00142079090693814
10,13,ME_P,677,358,0.925243375117165,0.507547651231769,0.165671049739109,0.921489991418714,0.926077463006704,0.485491686549352,0.15626385550896,0.922251799443092,-0.000834087889538648,0.0220559646824169,0.00940719423014941,-0.000761808024377753
11,13,ME_P,1193,375,0.564448785944073,0.615615036488626,0.213474545769224,0.712268948655257,0.565178305084781,0.61750899150165,0.214220617422439,0.71320782396088,-0.000729519140708179,-0.00189395501302381,-0.00074607165321508,-0.00093887530562331
12,13,ME_P,303,228,0.915113053679246,0.973762036381311,0.35604904082832,0.768421052631579,0.914536113686531,0.992882047418664,0.359573026389496,0.767076023391813,0.000576939992715575,-0.0191200110373529,-0.00352398556117578,0.00134502923976587
14,13,ME_P,177,28,0.681126143834513,0.523040742809267,0.172827075936304,0.919223394055609,0.664776908094356,0.523539779084723,0.174492126200586,0.912032598274209,0.0163492357401571,-0.000499036275456222,-0.00166505026428204,0.00719079578139981
15,13,ME_P,627,384,0.881403123294799,0.716771704310691,0.256138401038712,0.815897205075446,0.880395830327317,0.714422671215809,0.254759841038867,0.815554269547325,0.00100729296748237,0.0023490330948821,0.00137855999984543,0.000342935528120814
16,13,ME_P,193,90,0.782306990399846,0.5651819696475,0.190373733541043,0.783603020496225,0.791053707368294,0.559700332174447,0.187891187690379,0.789859762675297,-0.00874671696844809,0.00548163747305341,0.00248254585066435,-0.00625674217907257
17,13,ME_P,287,141,0.914402469334059,0.490633951806121,0.158045405435897,0.910667443893909,0.915368394369211,0.488718009321256,0.156924670941088,0.911007480812203,-0.000965925035151805,0.0019159424848651,0.00112073449480896,-0.000340036918294429
18,13,ME_P,432,230,0.8991195576313,0.53501587488267,0.17837256064748,0.885320705983642,0.901664370465652,0.530053269908332,0.175932241519331,0.887171760654326,-0.00254481283435193,0.00496260497433787,0.0024403191281486,-0.00185105467068414
19,13,ME_P,323,172,0.860734180829291,0.597664016630181,0.204692701803258,0.823925766209764,0.862206266999923,0.593684127782039,0.202973256543068,0.825773910365009,-0.0014720861706321,0.00397988884814193,0.0017194452601898,-0.0018481441552447
1,13,ME2P,112,22,0.756915071935306,0.487225629536788,0.158647048106334,0.866666666666667,0.755355861041057,0.501773858163091,0.16589521773778,0.866161616161616,0.00155921089424871,-0.0145482286263031,-0.00724816963144573,0.000505050505050675
2,13,ME2P,280,21,0.658283005950285,0.470776178699359,0.150464568422924,0.92553778268064,0.665452222737127,0.482650110195261,0.156690718338541,0.92719249862107,-0.00716921678684179,-0.0118739314959023,-0.00622614991561737,-0.00165471594043021
3,13,ME2P,146,39,0.653603861602105,0.570573402523058,0.194049502982698,0.813803019410496,0.64983746565309,0.594939571251682,0.204625306752901,0.812604840642224,0.00376639594901518,-0.0243661687286237,-0.0105758037702027,0.001198178768272
4,13,ME2P,146,25,0.522430815964516,0.532060634777821,0.178315001963023,0.772892561983471,0.53283853610193,0.552560159447606,0.187993742499596,0.778842975206612,-0.0104077201374142,-0.0204995246697847,-0.00967874053657258,-0.00595041322314094
5,13,ME2P,228,8,0.292193784565108,0.533262511207719,0.178638924756751,0.804545454545455,0.310434981684982,0.563899534327492,0.192945730502343,0.809090909090909,-0.0182411971198739,-0.0306370231197726,-0.0143068057455918,-0.00454545454545441
6,13,ME2P,276,5,0.0493105493364964,0.68012116413638,0.240050308507488,0.709963099630996,0.0506447137271747,0.69473754432561,0.245014420184808,0.719557195571956,-0.0013341643906783,-0.0146163801892301,-0.00496411167732003,-0.00959409594095961
7,13,ME2P,561,257,0.822254492720802,0.547437403246144,0.182724710909084,0.823174790088061,0.823205241561504,0.539196827502467,0.179189374676423,0.825376305549867,-0.000950748840701565,0.00824057574367698,0.00353533623266047,-0.00220151546180636
8,13,ME2P,320,157,0.818609070674752,0.569408580308166,0.192161902974335,0.794224532062053,0.821006757592706,0.565579913837062,0.190476400043794,0.795904810284866,-0.00239768691795417,0.00382866647110403,0.00168550293054076,-0.00168027822281303
9,13,ME2P,288,82,0.651205745976806,0.510021017264769,0.166195753731859,0.79931328439498,0.650840196247561,0.513423371872941,0.168012026656376,0.800201278711816,0.000365549729244519,-0.0034023546081724,-0.00181627292451683,-0.000887994316836172
10,13,ME2P,677,358,0.918716868828003,0.496284975151873,0.160086999172163,0.915404283637765,0.923614484214656,0.479662827983902,0.153368768659331,0.920202798549938,-0.00489761538665323,0.0166221471679707,0.00671823051283224,-0.00479851491217331
11,13,ME2P,1193,375,0.564957299647686,0.614891941678001,0.213162110952084,0.712705786471068,0.566614520043223,0.616102718278329,0.21361471832538,0.714081499592502,-0.00165722039553728,-0.00121077660032776,-0.000452607373296526,-0.00137571312143436
12,13,ME2P,303,228,0.915127843322849,0.967563881849123,0.353817387676474,0.768421052631579,0.914722671666483,1.02655357733836,0.371022626760274,0.768245614035088,0.00040517165636611,-0.0589896954892365,-0.0172052390838003,0.00017543859649094
14,13,ME2P,177,28,0.682257329467937,0.486089988977671,0.156850770397514,0.917305848513902,0.667133224230253,0.509946333710376,0.168684324213984,0.911073825503356,0.0151241052376837,-0.0238563447327049,-0.0118335538164704,0.00623202301054615
15,13,ME2P,627,384,0.871604001164306,0.761919153283567,0.272911234455727,0.799704218106996,0.874211980245963,0.744493625671347,0.266126179544137,0.805062585733882,-0.00260797908165678,0.0174255276122198,0.00678505491158998,-0.00535836762688613
16,13,ME2P,193,90,0.785683392737076,0.559422290988808,0.188266731852357,0.789320388349515,0.792546466218427,0.555930995535174,0.186517362117134,0.792880258899676,-0.00686307348135085,0.00349129545363391,0.00174936973522249,-0.00355987055016138
17,13,ME2P,287,141,0.915645897274531,0.500176113090189,0.163207804481352,0.910327406975614,0.915960427439367,0.494296912950374,0.159900089701203,0.910958904109589,-0.000314530164836402,0.0058792001398153,0.00330771478014885,-0.000631497133974479
18,13,ME2P,432,230,0.897064813685537,0.65274410585113,0.232477129559864,0.883383555746879,0.898655197635507,0.611119033148079,0.214280336121954,0.884761084804133,-0.0015903839499698,0.0416250727030507,0.0181967934379101,-0.00137752905725397
19,13,ME2P,323,172,0.863039558450104,0.612849373011791,0.211425771697208,0.827314030494379,0.863179797257055,0.60299307180648,0.207181996361023,0.828161096565532,-0.000140238806951354,0.00985630120531056,0.00424377533618517,-0.000847066071153479
1,14,MP,112,22,0.762167475541486,0.537116393857746,0.183913815836655,0.87020202020202,0.760214831257374,0.526578558308318,0.179012648370709,0.869444444444445,0.00195264428411146,0.0105378355494282,0.00490116746594646,0.00075757575757518
2,14,MP,280,21,0.583189107550321,0.543439661523205,0.185422220074125,0.910277624563339,0.618967467720808,0.530761573324404,0.180152846459861,0.909450266593124,-0.0357783601704874,0.0126780881988006,0.00526937361426397,0.000827357970214826
3,14,MP,146,39,0.643603460839253,0.613395733320531,0.212707926577938,0.794751976994968,0.634921249570518,0.60885899698863,0.209979844859851,0.790678169182842,0.00868221126873459,0.00453673633190121,0.00272808171808722,0.00407380781212574
4,14,MP,146,25,0.500950777269849,0.600551983305591,0.208638413572635,0.771570247933884,0.507072153692925,0.590105149151892,0.204734924557639,0.768595041322314,-0.00612137642307598,0.0104468341536985,0.00390348901499629,0.00297520661157025
5,14,MP,228,8,0.264878352373674,0.631177721915278,0.222173697017974,0.784375,0.292081554191196,0.614748611284955,0.215313284783294,0.790056818181818,-0.0272032018175218,0.0164291106303235,0.00686041223467959,-0.00568181818181801
6,14,MP,276,5,0.0455263445496634,0.661742770590572,0.227848143169917,0.723616236162362,0.0445351791264003,0.645505496730541,0.221390882791666,0.721033210332103,0.000991165423263093,0.0162372738600313,0.00645726037825117,0.0025830258302586
7,14,MP,561,257,0.805693512795097,0.541732318311286,0.1793734298398,0.811981619905796,0.809641730255759,0.543535576692664,0.180027778653934,0.812634394839238,-0.00394821746066165,-0.00180325838137774,-0.000654348814134204,-0.000652774933442402
8,14,MP,320,157,0.816321734333505,0.563112142939716,0.187125403073821,0.793130397405338,0.816005108355322,0.567939233434807,0.188962877424044,0.791430581063655,0.000316625978182605,-0.00482709049509089,-0.00183747435022272,0.00169981634168281
9,14,MP,288,82,0.637219465070623,0.544742914039523,0.181110784884098,0.778859815297182,0.630780549548471,0.542515776736445,0.179919264453227,0.775455837082643,0.00643891552215248,0.00222713730307778,0.00119152043087095,0.00340397821453908
10,14,MP,677,358,0.919954109707693,0.453272183234645,0.143649702325214,0.91817131048493,0.921148186153207,0.457852184983101,0.145889675587365,0.918928740302271,-0.00119407644551428,-0.00458000174845608,-0.00223997326215092,-0.000757429817340838
11,14,MP,1193,375,0.540860511395139,0.624741153227826,0.216166379412028,0.716718826405868,0.556786508886677,0.612091531791435,0.211281295622712,0.721066014669927,-0.0159259974915383,0.0126496214363906,0.00488508378931621,-0.00434718826405911
12,14,MP,303,228,0.920991313097123,0.817062305935636,0.285162224652431,0.790116959064327,0.921265319834541,0.827472610090691,0.289478325240095,0.791023391812866,-0.00027400673741762,-0.0104103041550552,-0.00431610058766363,-0.000906432748538522
13,14,MP,175,86,0.851220015287442,0.469029308221221,0.152494122921908,0.872550300496472,0.842616443006938,0.474984934236286,0.155333547580898,0.868630781290828,0.00860357228050379,-0.00595562601506522,-0.00283942465899048,0.00391951920564437
15,14,MP,627,384,0.873119221686959,0.66126743284714,0.229120439487226,0.814300411522634,0.875118076715491,0.668298079394011,0.232117472868872,0.815725737311385,-0.00199885502853225,-0.00703064654687147,-0.00299703338164586,-0.00142532578875121
16,14,MP,193,90,0.778286986153513,0.578246709793204,0.192276338504392,0.775458468176915,0.778268195285482,0.579335039004122,0.192355742983181,0.775728155339806,1.87908680308047e-05,-0.00108832921091806,-7.94044787889303e-05,-0.000269687162891219
17,14,MP,287,141,0.913635210677439,0.461241897979179,0.146962697576494,0.911808996405324,0.91014612933295,0.466104700375446,0.149272002347979,0.909963081706014,0.003489081344489,-0.00486280239626691,-0.0023093047714853,0.00184591469930995
18,14,MP,432,230,0.902798227855493,0.496393537390243,0.162496127035476,0.889130434782609,0.901948090038083,0.5031924618743,0.165606420245448,0.888570813603099,0.000850137817409946,-0.00679892448405711,-0.00311029320997214,0.000559621179509695
19,14,MP,323,172,0.855866275532275,0.576808823538928,0.193766265805902,0.818650854766672,0.854340229869587,0.583236574485018,0.196421938838919,0.817476513168027,0.00152604566268744,-0.00642775094609027,-0.0026556730330175,0.00117434159864471
1,14,ME_P,112,22,0.763408194663297,0.511732665308385,0.169713694877013,0.868686868686869,0.756541260671696,0.508862951014907,0.168929663480133,0.867676767676768,0.00686693399160088,0.00286971429347749,0.000784031396880408,0.00101010101010068
2,14,ME_P,280,21,0.637000586278504,0.492009549823623,0.15978938272353,0.924986210700497,0.662189103945433,0.491659150396886,0.160622837328073,0.92388306674021,-0.0251885176669293,0.000350399426737202,-0.000833454604542594,0.00110314396028643
3,14,ME_P,146,39,0.649268593246325,0.578206831724274,0.197972931241887,0.815240833932423,0.637367803369133,0.591494652945118,0.203226191025108,0.806853582554517,0.0119007898771916,-0.0132878212208439,-0.00525325978322089,0.00838725137790575
4,14,ME_P,146,25,0.493682294041294,0.530054219088694,0.177624230779219,0.779173553719008,0.522462982469667,0.546116454535335,0.185514465042654,0.775206611570248,-0.0287806884283731,-0.0160622354466414,-0.00789023426343455,0.00396694214876037
5,14,ME_P,228,8,0.271915943862951,0.536226103389859,0.18037327031548,0.803977272727273,0.310782340757036,0.555375279516176,0.189584020516142,0.805681818181818,-0.0388663968940854,-0.0191491761263171,-0.00921075020066212,-0.00170454545454535
6,14,ME_P,276,5,0.0490503472530141,0.544869276729357,0.184361899002135,0.724723247232472,0.0486234180549762,0.568377411539884,0.194662216158458,0.719557195571956,0.000426929198037857,-0.0235081348105272,-0.010300317156323,0.00516605166051631
7,14,ME_P,561,257,0.820256538340214,0.549412208952319,0.18360967531089,0.824070755682982,0.822408560812974,0.545021957546932,0.181782846085472,0.824352344869957,-0.0021520224727597,0.0043902514053874,0.00182682922541805,-0.000281589186975184
8,14,ME_P,320,157,0.822847705820027,0.576003581493793,0.19445963101378,0.797936774647337,0.821638018584694,0.575740355172383,0.194339120457988,0.796569106326443,0.00120968723533299,0.000263226321410182,0.000120510555792208,0.00136766832089397
9,14,ME_P,288,82,0.652487911282078,0.514505201322446,0.168034082337766,0.798839687426001,0.646098737686954,0.515205835639023,0.16870867908056,0.794873312810798,0.00638917359512414,-0.000700634316576854,-0.000674596742793826,0.00396637461520244
10,14,ME_P,677,358,0.925398113652292,0.499530532875799,0.161389880847382,0.921349888793541,0.926077463006704,0.485491686549352,0.15626385550896,0.922251799443092,-0.000679349354411718,0.0140388463264466,0.00512602533842235,-0.000901910649550697
11,14,ME_P,1193,375,0.549792559232218,0.633754971287915,0.22083984963861,0.708190709046455,0.565178305084781,0.61750899150165,0.214220617422439,0.71320782396088,-0.0153857458525634,0.0162459797862654,0.00661923221617081,-0.00501711491442525
12,14,ME_P,303,228,0.912697846380855,0.972327976521479,0.355144156165691,0.76233918128655,0.914536113686531,0.992882047418664,0.359573026389496,0.767076023391813,-0.00183826730567593,-0.0205540708971849,-0.00442887022380484,-0.00473684210526326
13,14,ME_P,175,86,0.861559669946435,0.491210695424987,0.158434910062127,0.882022471910112,0.853248456413857,0.486437488152638,0.158104087453918,0.877711000783904,0.00831121353257791,0.00477320727234903,0.000330822608208936,0.00431147112620844
15,14,ME_P,627,384,0.878873779207628,0.70892091710865,0.2529345999216,0.814011059670782,0.880395830327317,0.714422671215809,0.254759841038867,0.815554269547325,-0.00152205111968906,-0.00550175410715914,-0.00182524111726695,-0.00154320987654311
16,14,ME_P,193,90,0.792086147975112,0.556017807212766,0.186562792693271,0.792125134843582,0.791053707368294,0.559700332174447,0.187891187690379,0.789859762675297,0.00103244060681829,-0.00368252496168142,-0.00132839499710785,0.00226537216828449
17,14,ME_P,287,141,0.918365193250877,0.483923980611652,0.154601422585871,0.912270475080152,0.915368394369211,0.488718009321256,0.156924670941088,0.911007480812203,0.00299679888166604,-0.00479402870960444,-0.00232324835521663,0.00126299426794863
18,14,ME_P,432,230,0.901513061699897,0.523745331466559,0.172937915683652,0.887042617305209,0.901664370465652,0.530053269908332,0.175932241519331,0.887171760654326,-0.000151308765754532,-0.00630793844177358,-0.00299432583567882,-0.000129143349117178
19,14,ME_P,323,172,0.863251267389606,0.58859198283955,0.20070759250918,0.828084090559064,0.862206266999923,0.593684127782039,0.202973256543068,0.825773910365009,0.00104500038968347,-0.00509214494248889,-0.00226566403388767,0.0023101801940546
1,14,ME2P,112,22,0.754096176066348,0.506864205271966,0.167595865664728,0.865656565656566,0.755355861041057,0.501773858163091,0.16589521773778,0.866161616161616,-0.0012596849747093,0.00509034710887546,0.00170064792694846,-0.000505050505050342
2,14,ME2P,280,21,0.647445598408066,0.486045295035271,0.157160764341796,0.92719249862107,0.665452222737127,0.482650110195261,0.156690718338541,0.92719249862107,-0.0180066243290612,0.00339518484001028,0.000470046003255065,0
3,14,ME2P,146,39,0.660262894668948,0.580137912449961,0.198829515548125,0.818835370237239,0.64983746565309,0.594939571251682,0.204625306752901,0.812604840642224,0.0104254290158577,-0.0148016588017212,-0.00579579120477575,0.00623052959501536
4,14,ME2P,146,25,0.493702888209098,0.534421826177612,0.179372701849685,0.779504132231405,0.53283853610193,0.552560159447606,0.187993742499596,0.778842975206612,-0.0391356478928322,-0.0181383332699938,-0.00862104064991073,0.000661157024792858
5,14,ME2P,228,8,0.243191229060794,0.542068123853557,0.182763254100227,0.805681818181818,0.310434981684982,0.563899534327492,0.192945730502343,0.809090909090909,-0.0672437526241877,-0.0218314104739346,-0.0101824764021162,-0.00340909090909081
6,14,ME2P,276,5,0.0507370675460948,0.656865040498264,0.230778928452801,0.72029520295203,0.0506447137271747,0.69473754432561,0.245014420184808,0.719557195571956,9.23538189200532e-05,-0.0378725038273464,-0.0142354917320074,0.000738007380073569
7,14,ME2P,561,257,0.821202703038323,0.544329809388317,0.18129392457129,0.825222711447881,0.823205241561504,0.539196827502467,0.179189374676423,0.825376305549867,-0.00200253852318122,0.00513298188585032,0.00210454989486694,-0.000153594101986565
8,14,ME2P,320,157,0.822474919963779,0.567536265253357,0.19111982622494,0.797585088507679,0.821006757592706,0.565579913837062,0.190476400043794,0.795904810284866,0.00146816237107272,0.00195635141629447,0.000643426181146323,0.00168027822281247
9,14,ME2P,288,82,0.657615641682829,0.512643670209646,0.167297941694596,0.803042860525693,0.650840196247561,0.513423371872941,0.168012026656376,0.800201278711816,0.00677544543526831,-0.000779701663295107,-0.000714084961779854,0.00284158181387661
10,14,ME2P,677,358,0.920998072754635,0.493490528271381,0.15841161920165,0.917856079578291,0.923614484214656,0.479662827983902,0.153368768659331,0.920202798549938,-0.0026164114600209,0.0138277002874792,0.00504285054231943,-0.00234671897164696
11,14,ME2P,1193,375,0.542850833894045,0.641266092247661,0.224029885313199,0.704060309698452,0.566614520043223,0.616102718278329,0.21361471832538,0.714081499592502,-0.0237636861491785,0.0251633739693316,0.0104151669878189,-0.0100211898940505
12,14,ME2P,303,228,0.913239165215713,0.994706033058666,0.363118262540231,0.763216374269006,0.914722671666483,1.02655357733836,0.371022626760274,0.768245614035088,-0.00148350645077033,-0.0318475442796941,-0.00790436422004276,-0.00502923976608216
13,14,ME2P,175,86,0.860999382023563,0.498883632623336,0.163157408760395,0.883198327671806,0.855431403689369,0.493850063050507,0.162295393237431,0.879148157825973,0.00556797833419365,0.00503356957282924,0.000862015522963583,0.00405016984583262
15,14,ME2P,627,384,0.871172632387019,0.743315929466392,0.265935897793971,0.801493912894376,0.874211980245963,0.744493625671347,0.266126179544137,0.805062585733882,-0.00303934785894444,-0.00117769620495534,-0.000190281750166499,-0.00356867283950613
16,14,ME2P,193,90,0.795755013782705,0.552087002075267,0.185140443950752,0.796763754045307,0.792546466218427,0.555930995535174,0.186517362117134,0.792880258899676,0.00320854756427802,-0.00384399345990716,-0.00137691816638238,0.00388349514563147
17,14,ME2P,287,141,0.918076160557528,0.489790803627595,0.157834043484248,0.911493247838337,0.915960427439367,0.494296912950374,0.159900089701203,0.910958904109589,0.00211573311816049,-0.00450610932277901,-0.00206604621695472,0.000534343728747722
18,14,ME2P,432,230,0.899045327065419,0.599962126833688,0.209169938765897,0.885062419285407,0.898655197635507,0.611119033148079,0.214280336121954,0.884761084804133,0.000390129429912012,-0.0111569063143914,-0.0051103973560569,0.000301334481273896
19,14,ME2P,323,172,0.864053713988565,0.598741012264501,0.205257512035687,0.829701216694902,0.863179797257055,0.60299307180648,0.207181996361023,0.828161096565532,0.000873916731509605,-0.00425205954197949,-0.00192448432533601,0.0015401201293701
1,15,MP,112,22,0.764303963756768,0.507770682564189,0.170780577439272,0.869444444444445,0.760214831257374,0.526578558308318,0.179012648370709,0.869444444444445,0.00408913249939424,-0.0188078757441296,-0.0082320709314368,-5.55111512312578e-16
2,15,MP,280,21,0.636216834927516,0.484699016943647,0.159838246136625,0.919654348225777,0.618967467720808,0.530761573324404,0.180152846459861,0.909450266593124,0.0172493672067081,-0.0460625563807573,-0.0203146003232361,0.0102040816326529
3,15,MP,146,39,0.644813578907039,0.590282254271441,0.20256539940288,0.800023963575366,0.634921249570518,0.60885899698863,0.209979844859851,0.790678169182842,0.00989232933652085,-0.0185767427171888,-0.0074144454569707,0.00934579439252348
4,15,MP,146,25,0.516434223955341,0.566967980951828,0.194976047427204,0.781487603305785,0.507072153692925,0.590105149151892,0.204734924557639,0.768595041322314,0.00936207026241631,-0.0231371682000644,-0.00975887713043477,0.0128925619834711
5,15,MP,228,8,0.298869047619048,0.566549457403842,0.194408871624824,0.79375,0.292081554191196,0.614748611284955,0.215313284783294,0.790056818181818,0.00678749342785157,-0.0481991538811127,-0.0209044131584701,0.0036931818181819
6,15,MP,276,5,0.0484072476272649,0.601513468225918,0.202851495803322,0.735055350553506,0.0445351791264003,0.645505496730541,0.221390882791666,0.721033210332103,0.00387206850086458,-0.0439920285046233,-0.0185393869883436,0.0140221402214026
7,15,MP,561,257,0.814065965271613,0.550300593618507,0.183084837521818,0.815130298996519,0.809641730255759,0.543535576692664,0.180027778653934,0.812634394839238,0.00442423501585354,0.00676501692584319,0.00305705886788435,0.00249590415728052
8,15,MP,320,157,0.817746910531679,0.572935498782899,0.19061422836607,0.791684576608964,0.816005108355322,0.567939233434807,0.188962877424044,0.791430581063655,0.00174180217635689,0.00499626534809228,0.00165135094202637,0.000253995545309027
9,15,MP,288,82,0.644202296959283,0.515945680775694,0.168448650718663,0.787739758465546,0.630780549548471,0.542515776736445,0.179919264453227,0.775455837082643,0.0134217474108116,-0.0265700959607511,-0.0114706137345644,0.0122839213829028
10,15,MP,677,358,0.917341160801936,0.477719488008828,0.155486391726887,0.914537398644507,0.921148186153207,0.457852184983101,0.145889675587365,0.918928740302271,-0.00380702535127098,0.0198673030257274,0.00959671613952168,-0.00439134165776389
11,15,MP,1193,375,0.544760336722308,0.606173434561659,0.208231199634303,0.712544417277914,0.556786508886677,0.612091531791435,0.211281295622712,0.721066014669927,-0.0120261721643695,-0.00591809722977621,-0.00305009598840855,-0.00852159739201341
12,15,MP,303,228,0.919324190143608,0.878811888961713,0.311629984689804,0.788450292397661,0.921265319834541,0.827472610090691,0.289478325240095,0.791023391812866,-0.00194112969093285,0.0513392788710216,0.0221516594497093,-0.00257309941520512
13,15,MP,175,86,0.849326870750712,0.482318176540628,0.157670085243065,0.873464854977789,0.842616443006938,0.474984934236286,0.155333547580898,0.868630781290828,0.00671042774377428,0.00733324230434201,0.0023365376621671,0.00483407368696132
14,15,MP,177,28,0.665240810774739,0.509113270164957,0.169885893366641,0.914189837008629,0.675545566033652,0.533620992501976,0.180645434912642,0.919103547459252,-0.0103047552589133,-0.0245077223370187,-0.010759541546001,-0.00491371045062305
16,15,MP,193,90,0.784607481897345,0.575098600350933,0.190551706827103,0.7819309600863,0.778268195285482,0.579335039004122,0.192355742983181,0.775728155339806,0.00633928661186323,-0.0042364386531889,-0.00180403615607797,0.00620280474649393
17,15,MP,287,141,0.897205459814577,0.494300366540047,0.161832568825798,0.891601088118139,0.91014612933295,0.466104700375446,0.149272002347979,0.909963081706014,-0.0129406695183729,0.0281956661646007,0.0125605664778188,-0.0183619935878755
18,15,MP,432,230,0.891263490544884,0.531179027234874,0.177409912711148,0.876883340507964,0.901948090038083,0.5031924618743,0.165606420245448,0.888570813603099,-0.0106845994931987,0.0279865653605739,0.0118034924657003,-0.0116874730951352
19,15,MP,323,172,0.855826060171012,0.600747197671895,0.204393163020031,0.818208070229478,0.854340229869587,0.583236574485018,0.196421938838919,0.817476513168027,0.00148583030142546,0.0175106231868768,0.00797122418111182,0.000731557061450894
1,15,ME_P,112,22,0.762799677845394,0.47625088301026,0.153644417480653,0.869191919191919,0.756541260671696,0.508862951014907,0.168929663480133,0.867676767676768,0.00625841717369813,-0.0326120680046467,-0.0152852459994802,0.00151515151515114
2,15,ME_P,280,21,0.679601620697339,0.42871190367441,0.131561459710424,0.937856223570509,0.662189103945433,0.491659150396886,0.160622837328073,0.92388306674021,0.0174125167519056,-0.0629472467224758,-0.0290613776176492,0.0139731568302992
3,15,ME_P,146,39,0.652865427898343,0.549986815505901,0.1852498774272,0.820752456266475,0.637367803369133,0.591494652945118,0.203226191025108,0.806853582554517,0.01549762452921,-0.041507837439217,-0.017976313597908,0.013898873711958
4,15,ME_P,146,25,0.542838356197605,0.492262467817589,0.160945077458078,0.783140495867769,0.522462982469667,0.546116454535335,0.185514465042654,0.775206611570248,0.0203753737279375,-0.0538539867177459,-0.024569387584576,0.00793388429752062
5,15,ME_P,228,8,0.31860328677894,0.466376888193439,0.149460401562512,0.813636363636364,0.310782340757036,0.555375279516176,0.189584020516142,0.805681818181818,0.00782094602190425,-0.0889983913227369,-0.0401236189536303,0.00795454545454555
6,15,ME_P,276,5,0.052134686788837,0.475931432148819,0.154297521677883,0.737269372693727,0.0486234180549762,0.568377411539884,0.194662216158458,0.719557195571956,0.00351126873386079,-0.0924459793910645,-0.040364694480575,0.017712177121771
7,15,ME_P,561,257,0.82944147196,0.566322918583999,0.191500872179245,0.828473786606594,0.822408560812974,0.545021957546932,0.181782846085472,0.824352344869957,0.00703291114702564,0.0213009610370665,0.00971802609377281,0.00412144173663731
8,15,ME_P,320,157,0.82233626259811,0.601317387874002,0.204877268888522,0.796569106326443,0.821638018584694,0.575740355172383,0.194339120457988,0.796569106326443,0.000698244013416005,0.0255770327016193,0.0105381484305337,-1.11022302462516e-16
9,15,ME_P,288,82,0.661343040063311,0.484581938738653,0.155471282492498,0.810916410134975,0.646098737686954,0.515205835639023,0.16870867908056,0.794873312810798,0.0152443023763572,-0.0306238969003703,-0.0132373965880619,0.0160430973241772
10,15,ME_P,677,358,0.920258500190662,0.521167430440824,0.173435472399713,0.915290450254812,0.926077463006704,0.485491686549352,0.15626385550896,0.922251799443092,-0.00581896281604177,0.0356757438914716,0.0171716168907526,-0.00696134918828029
11,15,ME_P,1193,375,0.550992236465878,0.611367953751118,0.210842126359174,0.700669926650367,0.565178305084781,0.61750899150165,0.214220617422439,0.71320782396088,-0.0141860686189035,-0.00614103775053232,-0.00337849106326463,-0.0125378973105132
12,15,ME_P,303,228,0.904061519684203,1.15426757194371,0.413430303094347,0.74093567251462,0.914536113686531,0.992882047418664,0.359573026389496,0.767076023391813,-0.0104745940023274,0.161385524525042,0.0538572767048511,-0.0261403508771931
13,15,ME_P,175,86,0.861199193513474,0.494547762118614,0.161634516678009,0.882545074470865,0.853248456413857,0.486437488152638,0.158104087453918,0.877711000783904,0.00795073709961669,0.00811027396597591,0.00353042922409055,0.00483407368696098
14,15,ME_P,177,28,0.658164492323736,0.501088437737507,0.163855798617756,0.906999041227229,0.664776908094356,0.523539779084723,0.174492126200586,0.912032598274209,-0.00661241577062022,-0.022451341347216,-0.0106363275828302,-0.00503355704697983
16,15,ME_P,193,90,0.797185433992688,0.55451875169597,0.185955600929674,0.799676375404531,0.791053707368294,0.559700332174447,0.187891187690379,0.789859762675297,0.00613172662439432,-0.00518158047847706,-0.00193558676070468,0.00981661272923373
17,15,ME_P,287,141,0.900012677866081,0.516801355345562,0.169925980850712,0.88885650442048,0.915368394369211,0.488718009321256,0.156924670941088,0.911007480812203,-0.0153557165031299,0.0280833460243056,0.0130013099096243,-0.022150976391723
18,15,ME_P,432,230,0.888422365168238,0.559389261545363,0.189590433770737,0.872965992251399,0.901664370465652,0.530053269908332,0.175932241519331,0.887171760654326,-0.0132420052974139,0.029335991637031,0.0136581922514057,-0.014205768402927
19,15,ME_P,323,172,0.865152673143521,0.620308642764296,0.215108738454113,0.828353611581703,0.862206266999923,0.593684127782039,0.202973256543068,0.825773910365009,0.0029464061435982,0.0266245149822574,0.0121354819110449,0.00257970121669437
1,15,ME2P,112,22,0.756772844722026,0.463652657775434,0.148371442218973,0.867171717171717,0.755355861041057,0.501773858163091,0.16589521773778,0.866161616161616,0.00141698368096888,-0.0381212003876573,-0.0175237755188072,0.00101010101010113
2,15,ME2P,280,21,0.669229582275245,0.411839003938247,0.12445830222863,0.941533370104799,0.665452222737127,0.482650110195261,0.156690718338541,0.92719249862107,0.00377735953811764,-0.0708111062570143,-0.0322324161099113,0.0143408714837286
3,15,ME2P,146,39,0.663804132869513,0.553460438915969,0.186815210361832,0.825065899832255,0.64983746565309,0.594939571251682,0.204625306752901,0.812604840642224,0.0139666672164229,-0.0414791323357129,-0.0178100963910694,0.0124610591900309
4,15,ME2P,146,25,0.534786645661946,0.500119357841932,0.164068120620976,0.786776859504132,0.53283853610193,0.552560159447606,0.187993742499596,0.778842975206612,0.00194810956001579,-0.0524408016056741,-0.0239256218786197,0.00793388429752018
5,15,ME2P,228,8,0.279004964985835,0.475777535227121,0.153361151454649,0.815909090909091,0.310434981684982,0.563899534327492,0.192945730502343,0.809090909090909,-0.0314300166991468,-0.0881219991003708,-0.0395845790476939,0.00681818181818195
6,15,ME2P,276,5,0.0547250742873178,0.63341486646767,0.219032726179611,0.738007380073801,0.0506447137271747,0.69473754432561,0.245014420184808,0.719557195571956,0.00408036056014309,-0.0613226778579403,-0.0259816940051974,0.0184501845018448
7,15,ME2P,561,257,0.830433268359629,0.551325901229351,0.18474363039693,0.829164960065534,0.823205241561504,0.539196827502467,0.179189374676423,0.825376305549867,0.00722802679812507,0.0121290737268835,0.0055542557205068,0.00378865451566657
8,15,ME2P,320,157,0.820913182258965,0.574724683266988,0.1944689595623,0.795279590481029,0.821006757592706,0.565579913837062,0.190476400043794,0.795904810284866,-9.35753337412137e-05,0.00914476942992626,0.00399255951850608,-0.000625219803837562
9,15,ME2P,288,82,0.669513521216749,0.479975838934683,0.153742531018665,0.81736916883732,0.650840196247561,0.513423371872941,0.168012026656376,0.800201278711816,0.0186733249691881,-0.0334475329382579,-0.0142694956377107,0.0171678901255035
10,15,ME2P,677,358,0.903934247460763,0.504886401452251,0.165513479217594,0.897935237561514,0.923614484214656,0.479662827983902,0.153368768659331,0.920202798549938,-0.0196802367538931,0.0252235734683491,0.0121447105582635,-0.0222675609884242
11,15,ME2P,1193,375,0.555204735080077,0.601461788948259,0.206547920830325,0.707232273838631,0.566614520043223,0.616102718278329,0.21361471832538,0.714081499592502,-0.0114097849631463,-0.01464092933007,-0.00706679749505468,-0.00684922575387115
12,15,ME2P,303,228,0.903061356999749,1.11764686809242,0.402023115972603,0.738362573099415,0.914722671666483,1.02655357733836,0.371022626760274,0.768245614035088,-0.0116613146667341,0.0910932907540556,0.0310004892123293,-0.0298830409356727
13,15,ME2P,175,86,0.861441674110086,0.522511527745639,0.176400678775123,0.883851580872746,0.855431403689369,0.493850063050507,0.162295393237431,0.879148157825973,0.00601027042071656,0.0286614646951324,0.0141052855376924,0.00470342304677329
14,15,ME2P,177,28,0.654197325795342,0.453200014566206,0.143896356242496,0.905081495685523,0.667133224230253,0.509946333710376,0.168684324213984,0.911073825503356,-0.0129358984349114,-0.0567463191441702,-0.024787967971488,-0.00599232981783349
16,15,ME2P,193,90,0.804760996998285,0.545927334609377,0.182743146223311,0.808306364617044,0.792546466218427,0.555930995535174,0.186517362117134,0.792880258899676,0.0122145307798578,-0.0100036609257973,-0.00377421589382274,0.0154261057173682
17,15,ME2P,287,141,0.898827603321462,0.53520905890485,0.178973128323979,0.885553288642767,0.915960427439367,0.494296912950374,0.159900089701203,0.910958904109589,-0.0171328241179053,0.0409121459544764,0.0190730386227757,-0.0254056154668221
18,15,ME2P,432,230,0.881831249602134,0.763321452259781,0.275037862832094,0.866336633663366,0.898655197635507,0.611119033148079,0.214280336121954,0.884761084804133,-0.0168239480333736,0.152202419111702,0.0607575267101403,-0.0184244511407666
19,15,ME2P,323,172,0.865356578458396,0.649989313622116,0.22765595165544,0.829855228707839,0.863179797257055,0.60299307180648,0.207181996361023,0.828161096565532,0.00217678120134102,0.0469962418156358,0.0204739552944173,0.00169413214230718
1,16,MP,112,22,0.762868262850865,0.517597721653224,0.175296470963397,0.872474747474748,0.760214831257374,0.526578558308318,0.179012648370709,0.869444444444445,0.00265343159349096,-0.00898083665509453,-0.00371617740731228,0.00303030303030249
2,16,MP,280,21,0.627839911336741,0.533945259511378,0.181552793398298,0.905497334068763,0.618967467720808,0.530761573324404,0.180152846459861,0.909450266593124,0.0088724436159332,0.00318368618697373,0.00139994693843656,-0.00395293252436135
3,16,MP,146,39,0.631660829824903,0.609099545211017,0.210220294814563,0.783968368080518,0.634921249570518,0.60885899698863,0.209979844859851,0.790678169182842,-0.00326041974561475,0.000240548222386505,0.000240449954711675,-0.00670980110232433
4,16,MP,146,25,0.504333879062391,0.588264981433733,0.204508584484395,0.765950413223141,0.507072153692925,0.590105149151892,0.204734924557639,0.768595041322314,-0.00273827463053389,-0.00184016771815954,-0.000226340073244374,-0.00264462809917354
5,16,MP,228,8,0.299773740652138,0.61545924128848,0.215857412795417,0.786931818181818,0.292081554191196,0.614748611284955,0.215313284783294,0.790056818181818,0.00769218646094205,0.000710630003525115,0.000544128012123113,-0.00312499999999982
6,16,MP,276,5,0.0430482625482626,0.644845377454758,0.221634534296338,0.716974169741697,0.0445351791264003,0.645505496730541,0.221390882791666,0.721033210332103,-0.00148691657813774,-0.000660119275782911,0.000243651504671927,-0.00405904059040563
7,16,MP,561,257,0.808527446963244,0.547484174805229,0.180940938062976,0.811162451361868,0.809641730255759,0.543535576692664,0.180027778653934,0.812634394839238,-0.00111428329251473,0.00394859811256487,0.000913159409042047,-0.00147194347737034
8,16,MP,320,157,0.815035016918382,0.565960062243513,0.188013399000982,0.793071783048728,0.816005108355322,0.567939233434807,0.188962877424044,0.791430581063655,-0.000970091436940268,-0.0019791711912942,-0.000949478423062478,0.001641201985073
9,16,MP,288,82,0.619184440108765,0.550207468587631,0.182720955639964,0.765983897703055,0.630780549548471,0.542515776736445,0.179919264453227,0.775455837082643,-0.0115961094397062,0.00769169185118546,0.00280169118673698,-0.00947193937958824
10,16,MP,677,358,0.91900217693153,0.459035235440371,0.146592405228478,0.91694103430763,0.921148186153207,0.457852184983101,0.145889675587365,0.918928740302271,-0.00214600922167707,0.00118305045726969,0.00070272964111287,-0.00198770599464071
11,16,MP,1193,375,0.556301819338304,0.610984077493681,0.211092172152095,0.722500407497963,0.556786508886677,0.612091531791435,0.211281295622712,0.721066014669927,-0.000484689548372885,-0.00110745429775372,-0.000189123470616975,0.00143439282803548
12,16,MP,303,228,0.922577661682118,0.823971850526478,0.288689751712511,0.795877192982456,0.921265319834541,0.827472610090691,0.289478325240095,0.791023391812866,0.00131234184757711,-0.00350075956421325,-0.000788573527584102,0.00485380116959022
13,16,MP,175,86,0.832755464140219,0.480854029919023,0.158101246987239,0.861053044159916,0.842616443006938,0.474984934236286,0.155333547580898,0.868630781290828,-0.0098609788667191,0.00586909568273647,0.00276769940634106,-0.0075777371309117
14,16,MP,177,28,0.667960629631784,0.532434283249393,0.180537882038158,0.914908916586769,0.675545566033652,0.533620992501976,0.180645434912642,0.919103547459252,-0.00758493640186808,-0.00118670925258324,-0.000107552874483996,-0.00419463087248306
15,16,MP,627,384,0.877406284519228,0.667128240920424,0.231662198483902,0.8180405521262,0.875118076715491,0.668298079394011,0.232117472868872,0.815725737311385,0.00228820780373684,-0.00116983847358731,-0.000455274384969923,0.00231481481481532
17,16,MP,287,141,0.906166745521362,0.467596617155909,0.150152858687372,0.90814145535801,0.91014612933295,0.466104700375446,0.149272002347979,0.909963081706014,-0.00397938381158836,0.00149191678046262,0.000880856339392638,-0.00182162634800376
18,16,MP,432,230,0.904145093965546,0.501734321088611,0.165180395405252,0.890077486009471,0.901948090038083,0.5031924618743,0.165606420245448,0.888570813603099,0.00219700392746325,-0.0014581407856894,-0.000426024840195771,0.00150667240637159
19,16,MP,323,172,0.851567601631888,0.590818322912487,0.198473119805612,0.812259356229786,0.854340229869587,0.583236574485018,0.196421938838919,0.817476513168027,-0.00277262823769886,0.0075817484274685,0.00205118096669349,-0.0052171569382411
1,16,ME_P,112,22,0.760721895559613,0.492810031227285,0.161350806267826,0.871717171717172,0.756541260671696,0.508862951014907,0.168929663480133,0.867676767676768,0.00418063488791698,-0.0160529197876217,-0.00757885721230675,0.00404040404040362
2,16,ME_P,280,21,0.664532919145925,0.482606540617163,0.155964668633093,0.919838205552491,0.662189103945433,0.491659150396886,0.160622837328073,0.92388306674021,0.00234381520049187,-0.009052609779723,-0.00465816869498034,-0.00404486118771874
3,16,ME_P,146,39,0.634087568239436,0.570094020513804,0.194166838664574,0.800623052959502,0.637367803369133,0.591494652945118,0.203226191025108,0.806853582554517,-0.00328023512969677,-0.0214006324313137,-0.0090593523605339,-0.00623052959501547
4,16,ME_P,146,25,0.51784648188748,0.524477154571968,0.175575023519837,0.770578512396694,0.522462982469667,0.546116454535335,0.185514465042654,0.775206611570248,-0.00461650058218754,-0.0216392999633673,-0.00993944152281687,-0.00462809917355378
5,16,ME_P,228,8,0.311602368220015,0.523529988114538,0.174766640180617,0.801136363636364,0.310782340757036,0.555375279516176,0.189584020516142,0.805681818181818,0.000820027462979267,-0.0318452914016379,-0.0148173803355255,-0.00454545454545441
6,16,ME_P,276,5,0.0467341915617778,0.536137204813078,0.180586684885987,0.718081180811808,0.0486234180549762,0.568377411539884,0.194662216158458,0.719557195571956,-0.00188922649319843,-0.0322402067268063,-0.0140755312724707,-0.0014760147601478
7,16,ME_P,561,257,0.822725200859455,0.555359927540941,0.186256675366188,0.822086831865656,0.822408560812974,0.545021957546932,0.181782846085472,0.824352344869957,0.000316640046480909,0.0103379699940088,0.00447382928071591,-0.00226551300430067
8,16,ME_P,320,157,0.822859295510444,0.580758872511739,0.196559585352384,0.800750263764605,0.821638018584694,0.575740355172383,0.194339120457988,0.796569106326443,0.00122127692574947,0.00501851733935621,0.00222046489439573,0.00418115743816183
9,16,ME_P,288,82,0.631030369703962,0.515362423435975,0.168417964192989,0.785046175704476,0.646098737686954,0.515205835639023,0.16870867908056,0.794873312810798,-0.0150683679829925,0.000156587796952379,-0.000290714887571403,-0.00982713710632244
10,16,ME_P,677,358,0.926469082426692,0.500921753932997,0.163173318953185,0.922505735451218,0.926077463006704,0.485491686549352,0.15626385550896,0.922251799443092,0.000391619419988332,0.0154300673836453,0.00690946344422494,0.000253936008126066
11,16,ME_P,1193,375,0.563160427553946,0.613294215254448,0.212522671642034,0.714730236348818,0.565178305084781,0.61750899150165,0.214220617422439,0.71320782396088,-0.0020178775308346,-0.00421477624720235,-0.00169794578040502,0.00152241238793827
12,16,ME_P,303,228,0.915622412009728,0.994108509243198,0.361739359499153,0.77046783625731,0.914536113686531,0.992882047418664,0.359573026389496,0.767076023391813,0.00108629832319751,0.00122646182453445,0.00216633310965658,0.00339181286549695
13,16,ME_P,175,86,0.843699452583062,0.4959116022787,0.162153226261913,0.870917167494121,0.853248456413857,0.486437488152638,0.158104087453918,0.877711000783904,-0.00954900383079471,0.00947411412606192,0.00404913880799515,-0.00679383328978322
14,16,ME_P,177,28,0.663815029616752,0.520926721296634,0.172994009565958,0.910354745925216,0.664776908094356,0.523539779084723,0.174492126200586,0.912032598274209,-0.000961878477603983,-0.00261305778808874,-0.0014981166346279,-0.00167785234899331
15,16,ME_P,627,384,0.883586436454386,0.712892532816228,0.254843975337807,0.819562328532236,0.880395830327317,0.714422671215809,0.254759841038867,0.815554269547325,0.00319060612706856,-0.00153013839958149,8.41342989403304e-05,0.00400805898491097
17,16,ME_P,287,141,0.912032668837462,0.490767929982447,0.158157875775126,0.909404449625959,0.915368394369211,0.488718009321256,0.156924670941088,0.911007480812203,-0.0033357255317491,0.00204992066119081,0.00123320483403758,-0.00160303118624361
18,16,ME_P,432,230,0.903531157539079,0.530339994862644,0.176222076004709,0.889324149806285,0.901664370465652,0.530053269908332,0.175932241519331,0.887171760654326,0.00186678707342713,0.000286724954312034,0.000289834485377977,0.00215238915195892
19,16,ME_P,323,172,0.857789670755451,0.59902589554355,0.205063775467819,0.820421992915447,0.862206266999923,0.593684127782039,0.202973256543068,0.825773910365009,-0.00441659624447244,0.00534176776151096,0.00209051892475057,-0.00535191744956165
1,16,ME2P,112,22,0.759039446319287,0.486154302053459,0.158493770854461,0.870707070707071,0.755355861041057,0.501773858163091,0.16589521773778,0.866161616161616,0.00368358527822998,-0.015619556109632,-0.0074014468833189,0.00454545454545463
2,16,ME2P,280,21,0.665026638386509,0.47347504397871,0.151972154578495,0.922228350799779,0.665452222737127,0.482650110195261,0.156690718338541,0.92719249862107,-0.000425584350617791,-0.0091750662165509,-0.00471856376004567,-0.00496414782129062
3,16,ME2P,146,39,0.646552065273736,0.573024173322002,0.195474507623275,0.807812125569135,0.64983746565309,0.594939571251682,0.204625306752901,0.812604840642224,-0.00328540037935365,-0.02191539792968,-0.00915079912962577,-0.00479271507308909
4,16,ME2P,146,25,0.526264090133267,0.530886452228787,0.178163655555446,0.771570247933884,0.53283853610193,0.552560159447606,0.187993742499596,0.778842975206612,-0.0065744459686633,-0.021673707218819,-0.00983008694414983,-0.00727272727272776
5,16,ME2P,228,8,0.303108460155439,0.532199656635537,0.178381203665063,0.805113636363636,0.310434981684982,0.563899534327492,0.192945730502343,0.809090909090909,-0.00732652152954316,-0.0316998776919548,-0.0145645268372804,-0.00397727272727266
6,16,ME2P,276,5,0.0489973653994185,0.666671797187615,0.234756198723776,0.715867158671587,0.0506447137271747,0.69473754432561,0.245014420184808,0.719557195571956,-0.00164734832775618,-0.0280657471379946,-0.0102582214610318,-0.00369003690036929
7,16,ME2P,561,257,0.823715452421896,0.547315677479665,0.182632281603318,0.823648371902519,0.823205241561504,0.539196827502467,0.179189374676423,0.825376305549867,0.000510210860392379,0.00811884997719781,0.00344290692689536,-0.00172793364734802
8,16,ME2P,320,157,0.822756946832121,0.567150337072043,0.191076098737076,0.800672111289125,0.821006757592706,0.565579913837062,0.190476400043794,0.795904810284866,0.0017501892394145,0.00157042323498147,0.000599698693282164,0.00476730100425904
9,16,ME2P,288,82,0.63715812260106,0.512921168852699,0.167477812449418,0.790551740468861,0.650840196247561,0.513423371872941,0.168012026656376,0.800201278711816,-0.013682073646501,-0.000502203020241843,-0.000534214206957789,-0.009649538242955
10,16,ME2P,677,358,0.922175163443996,0.491654051340264,0.158544594052866,0.918705451743402,0.923614484214656,0.479662827983902,0.153368768659331,0.920202798549938,-0.00143932077065967,0.0119912233563618,0.0051758253935347,-0.00149734680653602
11,16,ME2P,1193,375,0.563165604910893,0.613698685564296,0.212697767180984,0.714557457212714,0.566614520043223,0.616102718278329,0.21361471832538,0.714081499592502,-0.00344891513232981,-0.00240403271403344,-0.000916951144396494,0.000475957620211909
12,16,ME2P,303,228,0.915860934549935,1.00081907349125,0.364130932558526,0.771169590643275,0.914722671666483,1.02655357733836,0.371022626760274,0.768245614035088,0.0011382628834522,-0.0257345038471062,-0.00689169420174823,0.00292397660818688
13,16,ME2P,175,86,0.848712846138825,0.50737637211509,0.168754837661488,0.874706036059577,0.855431403689369,0.493850063050507,0.162295393237431,0.879148157825973,-0.00671855755054374,0.0135263090645826,0.00645944442405688,-0.00444212176639636
14,16,ME2P,177,28,0.666146896628925,0.492018064999242,0.160626875946699,0.909875359539789,0.667133224230253,0.509946333710376,0.168684324213984,0.911073825503356,-0.000986327601327996,-0.0179282687111344,-0.00805744826728505,-0.00119846596356699
15,16,ME2P,627,384,0.874155142455085,0.752839656576973,0.269738220214542,0.804087362825789,0.874211980245963,0.744493625671347,0.266126179544137,0.805062585733882,-5.68377908780615e-05,0.00834603090562602,0.00361204067040521,-0.000975222908093265
17,16,ME2P,287,141,0.913150335388054,0.498317500747531,0.162353388711131,0.908772952491985,0.915960427439367,0.494296912950374,0.159900089701203,0.910958904109589,-0.00281009205131344,0.00402058779715703,0.00245329900992752,-0.00218595161760415
18,16,ME2P,432,230,0.901874040337406,0.630755228437743,0.223162750519578,0.887343951786483,0.898655197635507,0.611119033148079,0.214280336121954,0.884761084804133,0.00321884270189865,0.019636195289664,0.00888241439762397,0.00258286698235
19,16,ME2P,323,172,0.859687912326176,0.611954691632012,0.210802817676227,0.823155706145079,0.863179797257055,0.60299307180648,0.207181996361023,0.828161096565532,-0.00349188493087926,0.00896161982553245,0.00362082131520408,-0.00500539042045278
1,17,MP,112,22,0.75729893507167,0.521093690119319,0.176147319335172,0.863888888888889,0.760214831257374,0.526578558308318,0.179012648370709,0.869444444444445,-0.00291589618570354,-0.00548486818899863,-0.00286532903553724,-0.00555555555555609
2,17,MP,280,21,0.598574376162473,0.526681421943251,0.177833754678981,0.904945762088619,0.618967467720808,0.530761573324404,0.180152846459861,0.909450266593124,-0.0203930915583347,-0.00408015138115325,-0.00231909178088011,-0.00450450450450479
3,17,MP,146,39,0.637138675590433,0.599672719111451,0.206299608158497,0.794272705487659,0.634921249570518,0.60885899698863,0.209979844859851,0.790678169182842,0.00221742601991459,-0.00918627787717863,-0.00368023670135406,0.00359453630481676
4,17,MP,146,25,0.507844882389941,0.58393357375296,0.202065947830454,0.769752066115703,0.507072153692925,0.590105149151892,0.204734924557639,0.768595041322314,0.000772728697015723,-0.00617157539893187,-0.00266897672718533,0.00115702479338842
5,17,MP,228,8,0.292747878725482,0.602362419442347,0.209768803348135,0.792613636363636,0.292081554191196,0.614748611284955,0.215313284783294,0.790056818181818,0.000666324534286333,-0.0123861918426077,-0.00554448143515868,0.0025568181818183
6,17,MP,276,5,0.0442812084824195,0.634076595715824,0.216399259201438,0.718450184501845,0.0445351791264003,0.645505496730541,0.221390882791666,0.721033210332103,-0.000253970643980826,-0.0114289010147167,-0.00499162359022812,-0.00258302583025793
7,17,MP,561,257,0.806892107909212,0.546619999152032,0.18165689550882,0.811277646938358,0.809641730255759,0.543535576692664,0.180027778653934,0.812634394839238,-0.00274962234654719,0.00308442245936791,0.00162911685488615,-0.00135674790088047
8,17,MP,320,157,0.812559305089622,0.575553575539571,0.191400257302966,0.785959907780079,0.816005108355322,0.567939233434807,0.188962877424044,0.791430581063655,-0.00344580326569965,0.00761434210476431,0.00243737987892154,-0.00547067328357609
9,17,MP,288,82,0.62839918295258,0.54151000031911,0.179432923095722,0.771104664930144,0.630780549548471,0.542515776736445,0.179919264453227,0.775455837082643,-0.00238136659589139,-0.00100577641733501,-0.000486341357504833,-0.00435117215249858
10,17,MP,677,358,0.918783593672165,0.468243208541103,0.150669297411935,0.917295669077599,0.921148186153207,0.457852184983101,0.145889675587365,0.918928740302271,-0.00236459248104193,0.0103910235580023,0.00477962182456962,-0.00163307122467171
11,17,MP,1193,375,0.557029379737188,0.609011727171417,0.209908251952154,0.719718011409943,0.556786508886677,0.612091531791435,0.211281295622712,0.721066014669927,0.000242870850511445,-0.003079804620018,-0.00137304367055757,-0.00134800325998408
12,17,MP,303,228,0.920719437224227,0.832064860740865,0.292772458097702,0.790672514619883,0.921265319834541,0.827472610090691,0.289478325240095,0.791023391812866,-0.000545882610313964,0.00459225065017399,0.00329413285760727,-0.000350877192982879
13,17,MP,175,86,0.843484685905774,0.478408504619046,0.156713299392114,0.870067938332898,0.842616443006938,0.474984934236286,0.155333547580898,0.868630781290828,0.000868242898836358,0.00342357038275948,0.00137975181121594,0.00143715704206981
14,17,MP,177,28,0.677810310296187,0.525736109520459,0.176931763659998,0.919463087248322,0.675545566033652,0.533620992501976,0.180645434912642,0.919103547459252,0.00226474426253487,-0.00788488298151691,-0.00371367125264416,0.000359539789070107
15,17,MP,627,384,0.864968942168672,0.682877247924799,0.238679551959673,0.801252786351166,0.875118076715491,0.668298079394011,0.232117472868872,0.815725737311385,-0.010149134546819,0.0145791685307882,0.00656207909080087,-0.0144729509602189
16,17,MP,193,90,0.77455242012086,0.581553588827919,0.193738644001738,0.772222222222222,0.778268195285482,0.579335039004122,0.192355742983181,0.775728155339806,-0.00371577516462185,0.00221854982379743,0.00138290101855743,-0.00350593311758374
18,17,MP,432,230,0.899653292360581,0.51224863867635,0.169705707844625,0.886224709427465,0.901948090038083,0.5031924618743,0.165606420245448,0.888570813603099,-0.00229479767750163,0.00905617680205029,0.00409928759917655,-0.00234610417563452
19,17,MP,323,172,0.84657410121601,0.589672498351846,0.199687995234413,0.813010164792854,0.854340229869587,0.583236574485018,0.196421938838919,0.817476513168027,-0.00776612865357729,0.00643592386682779,0.00326605639549407,-0.00446634837517323
1,17,ME_P,112,22,0.755682839636861,0.495778662987195,0.162120434687807,0.864141414141414,0.756541260671696,0.508862951014907,0.168929663480133,0.867676767676768,-0.000858421034834911,-0.0130842880277123,-0.0068092287923259,-0.00353535353535395
2,17,ME_P,280,21,0.650323365576912,0.477283924767073,0.153068722967582,0.919102776245633,0.662189103945433,0.491659150396886,0.160622837328073,0.92388306674021,-0.011865738368521,-0.014375225629813,-0.00755411436049069,-0.00478029049457662
3,17,ME_P,146,39,0.63878743646057,0.562631752545286,0.19077118079239,0.808770668583753,0.637367803369133,0.591494652945118,0.203226191025108,0.806853582554517,0.001419633091437,-0.0288629003998319,-0.012455010232718,0.00191708602923568
4,17,ME_P,146,25,0.52185871003372,0.521176008655297,0.173674415142808,0.774214876033058,0.522462982469667,0.546116454535335,0.185514465042654,0.775206611570248,-0.000604272435947406,-0.0249404458800385,-0.0118400498998456,-0.000991735537190119
5,17,ME_P,228,8,0.307847381376793,0.513650999431307,0.169876031205993,0.807386363636364,0.310782340757036,0.555375279516176,0.189584020516142,0.805681818181818,-0.00293495938024285,-0.0417242800848688,-0.0197079893101494,0.00170454545454557
6,17,ME_P,276,5,0.0491783529474536,0.528392676653785,0.176502553796628,0.726937269372694,0.0486234180549762,0.568377411539884,0.194662216158458,0.719557195571956,0.000554934892477411,-0.0399847348860992,-0.0181596623618299,0.0073800738007378
7,17,ME_P,561,257,0.820488659420836,0.559181846812841,0.188257331561809,0.822854802375589,0.822408560812974,0.545021957546932,0.181782846085472,0.824352344869957,-0.00191990139213805,0.0141598892659089,0.00647448547633728,-0.00149754249436829
8,17,ME_P,320,157,0.819603242708588,0.588666490515271,0.199715271064151,0.791879957797663,0.821638018584694,0.575740355172383,0.194339120457988,0.796569106326443,-0.0020347758761059,0.0129261353428878,0.00537615060616267,-0.00468914852877966
9,17,ME_P,288,82,0.64215278311111,0.511339289177796,0.166599413069832,0.790433341226616,0.646098737686954,0.515205835639023,0.16870867908056,0.794873312810798,-0.00394595457584368,-0.00386654646122753,-0.00210926601072806,-0.00443997158418186
10,17,ME_P,677,358,0.924668533694275,0.514421753900647,0.169178325548115,0.920973362988389,0.926077463006704,0.485491686549352,0.15626385550896,0.922251799443092,-0.00140892931242909,0.0289300673512946,0.0129144700391545,-0.00127843645470305
11,17,ME_P,1193,375,0.564250312512384,0.610449933473072,0.211283995930588,0.710837815810921,0.565178305084781,0.61750899150165,0.214220617422439,0.71320782396088,-0.000927992572396952,-0.00705905802857842,-0.00293662149185103,-0.00237000814995902
12,17,ME_P,303,228,0.913685571858722,0.994299543207586,0.364018637122477,0.764035087719298,0.914536113686531,0.992882047418664,0.359573026389496,0.767076023391813,-0.00085054182780886,0.00141749578892159,0.00444561073298128,-0.00304093567251473
13,17,ME_P,175,86,0.853230958388321,0.497208465942498,0.162261267586328,0.878756205905409,0.853248456413857,0.486437488152638,0.158104087453918,0.877711000783904,-1.74980255363e-05,0.0107709777898602,0.00415718013240973,0.00104520512150497
14,17,ME_P,177,28,0.664748660960462,0.515648205660954,0.169931194087056,0.912032598274209,0.664776908094356,0.523539779084723,0.174492126200586,0.912032598274209,-2.82471338935997e-05,-0.00789157342376912,-0.0045609321135299,0
15,17,ME_P,627,384,0.871090474633584,0.725018913369159,0.260617023240138,0.801922582304527,0.880395830327317,0.714422671215809,0.254759841038867,0.815554269547325,-0.00930535569373281,0.0105962421533499,0.00585718220127113,-0.0136316872427983
16,17,ME_P,193,90,0.788701562659945,0.564077255685882,0.189970778067004,0.787918015102481,0.791053707368294,0.559700332174447,0.187891187690379,0.789859762675297,-0.00235214470834877,0.00437692351143515,0.00207959037662484,-0.00194174757281584
18,17,ME_P,432,230,0.899541434973719,0.545195113730174,0.182718851262414,0.884718037021093,0.901664370465652,0.530053269908332,0.175932241519331,0.887171760654326,-0.00212293549193343,0.0151418438218424,0.00678660974308329,-0.0024537236332326
19,17,ME_P,323,172,0.856769547858828,0.603951382441847,0.20792458456632,0.822193131064223,0.862206266999923,0.593684127782039,0.202973256543068,0.825773910365009,-0.00543671914109534,0.0102672546598082,0.00495132802325246,-0.00358077930078604
1,17,ME2P,112,22,0.753683007813443,0.487642699883302,0.158626354027961,0.862626262626263,0.755355861041057,0.501773858163091,0.16589521773778,0.866161616161616,-0.00167285322761435,-0.0141311582797893,-0.00726886370981866,-0.00353535353535339
2,17,ME2P,280,21,0.654088280135556,0.466203184373677,0.1482323384471,0.922596065453208,0.665452222737127,0.482650110195261,0.156690718338541,0.92719249862107,-0.0113639426015709,-0.0164469258215835,-0.00845837989144124,-0.00459643316786174
3,17,ME2P,146,39,0.654908503640868,0.565027495781366,0.191812315800839,0.817637191468967,0.64983746565309,0.594939571251682,0.204625306752901,0.812604840642224,0.00507103798777775,-0.029912075470316,-0.012812990952062,0.00503235082674314
4,17,ME2P,146,25,0.532034603885305,0.527745371068306,0.176349894433462,0.777190082644628,0.53283853610193,0.552560159447606,0.187993742499596,0.778842975206612,-0.000803932216625336,-0.0248147883793002,-0.0116438480661345,-0.00165289256198398
5,17,ME2P,228,8,0.301819923462395,0.521863058692115,0.173304033206937,0.811931818181818,0.310434981684982,0.563899534327492,0.192945730502343,0.809090909090909,-0.00861505822258707,-0.0420364756353775,-0.0196416972954065,0.00284090909090917
6,17,ME2P,276,5,0.0520193976345406,0.664809601503061,0.233510478316986,0.726937269372694,0.0506447137271747,0.69473754432561,0.245014420184808,0.719557195571956,0.00137468390736587,-0.0299279428225489,-0.0115039418678222,0.0073800738007378
7,17,ME2P,561,257,0.822145621943803,0.55025743988558,0.184163873946196,0.824723530616424,0.823205241561504,0.539196827502467,0.179189374676423,0.825376305549867,-0.00105961961770074,0.0110606123831126,0.00497449926977328,-0.000652774933442624
8,17,ME2P,320,157,0.81914798089731,0.573336951565022,0.193659169442745,0.791567347895745,0.821006757592706,0.565579913837062,0.190476400043794,0.795904810284866,-0.00185877669539591,0.0077570377279601,0.00318276939895146,-0.00433746238912147
9,17,ME2P,288,82,0.647262565402366,0.508236770056627,0.165351395836408,0.7954061094009,0.650840196247561,0.513423371872941,0.168012026656376,0.800201278711816,-0.00357763084519491,-0.00518660181631447,-0.00266063081996765,-0.00479516931091617
10,17,ME2P,677,358,0.918554199991495,0.503743044780019,0.16383201424021,0.915141591215565,0.923614484214656,0.479662827983902,0.153368768659331,0.920202798549938,-0.00506028422316129,0.0240802167961167,0.0104632455808793,-0.00506120733437265
11,17,ME2P,1193,375,0.565048748352969,0.609603295477348,0.210912918396824,0.711290953545232,0.566614520043223,0.616102718278329,0.21361471832538,0.714081499592502,-0.00156577169025385,-0.00649942280098115,-0.00270179992855638,-0.00279054604726969
12,17,ME2P,303,228,0.913793952001354,0.991851081055957,0.363186379193052,0.764035087719298,0.914722671666483,1.02655357733836,0.371022626760274,0.768245614035088,-0.000928719665129529,-0.0347024962824035,-0.00783624756722173,-0.00421052631578966
13,17,ME2P,175,86,0.858099088898365,0.511740777710656,0.170497696227112,0.882414423830677,0.855431403689369,0.493850063050507,0.162295393237431,0.879148157825973,0.00266768520899552,0.0178907146601491,0.00820230298968142,0.00326626600470381
14,17,ME2P,177,28,0.665568472653098,0.482807719142639,0.155824106551778,0.909635666347076,0.667133224230253,0.509946333710376,0.168684324213984,0.911073825503356,-0.0015647515771553,-0.0271386145677375,-0.0128602176622057,-0.00143815915628032
15,17,ME2P,627,384,0.860249849443283,0.770883377339941,0.277824404954203,0.783939900548697,0.874211980245963,0.744493625671347,0.266126179544137,0.805062585733882,-0.0139621308026799,0.0263897516685938,0.0116982254100657,-0.0211226851851851
16,17,ME2P,193,90,0.795578103679866,0.557812988036415,0.187632746072609,0.794174757281553,0.792546466218427,0.555930995535174,0.186517362117134,0.792880258899676,0.00303163746143942,0.00188199250124121,0.00111538395547536,0.00129449838187745
18,17,ME2P,432,230,0.897113971994933,0.66288097645303,0.237343420307869,0.882350408953939,0.898655197635507,0.611119033148079,0.214280336121954,0.884761084804133,-0.00154122564057368,0.0517619433049509,0.0230630841859152,-0.00241067585019406
19,17,ME2P,323,172,0.858958559266047,0.618994489388139,0.214714541501095,0.825080856306792,0.863179797257055,0.60299307180648,0.207181996361023,0.828161096565532,-0.00422123799100838,0.0160014175816593,0.00753254514007198,-0.0030802402587401
1,18,MP,112,22,0.76380515296455,0.515535768820876,0.173972983040864,0.871717171717172,0.760214831257374,0.526578558308318,0.179012648370709,0.869444444444445,0.00359032170717566,-0.0110427894874422,-0.00503966532984462,0.00227272727272665
2,18,MP,280,21,0.619148080773863,0.519098271217523,0.174520727080468,0.907795550652694,0.618967467720808,0.530761573324404,0.180152846459861,0.909450266593124,0.000180613053055279,-0.011663302106881,-0.00563211937939315,-0.00165471594043054
3,18,MP,146,39,0.627524190508187,0.603221272505593,0.208058912354512,0.787203450754853,0.634921249570518,0.60885899698863,0.209979844859851,0.790678169182842,-0.00739705906233112,-0.00563772448303723,-0.00192093250533862,-0.0034747184279893
4,18,MP,146,25,0.515855396088435,0.574642759997945,0.198027856423322,0.772066115702479,0.507072153692925,0.590105149151892,0.204734924557639,0.768595041322314,0.0087832423955102,-0.015462389153947,-0.00670706813431729,0.00347107438016525
5,18,MP,228,8,0.29799745746602,0.596153913063282,0.207003713558525,0.784943181818182,0.292081554191196,0.614748611284955,0.215313284783294,0.790056818181818,0.00591590327482428,-0.0185946982216728,-0.0083095712247693,-0.00511363636363627
6,18,MP,276,5,0.0429952473148862,0.628118401955381,0.214232014220118,0.712177121771218,0.0445351791264003,0.645505496730541,0.221390882791666,0.721033210332103,-0.00153993181151409,-0.0173870947751597,-0.00715886857154796,-0.00885608856088527
7,18,MP,561,257,0.813040855679096,0.545462249497543,0.180957408824465,0.816615041982388,0.809641730255759,0.543535576692664,0.180027778653934,0.812634394839238,0.00339912542333731,0.00192667280487868,0.000929630170530604,0.00398064714314983
8,18,MP,320,157,0.810746293320405,0.572647125505677,0.191192875784724,0.787522957289672,0.816005108355322,0.567939233434807,0.188962877424044,0.791430581063655,-0.00525881503491688,0.00470789207087041,0.00222999836068025,-0.0039076237739829
9,18,MP,288,82,0.627925226882769,0.535332086057219,0.176876565335319,0.775959033862183,0.630780549548471,0.542515776736445,0.179919264453227,0.775455837082643,-0.00285532266570154,-0.00718369067922631,-0.00304269911790794,0.000503196779540249
10,18,MP,677,358,0.913161177064128,0.47827643652576,0.154944416510429,0.910237999334513,0.921148186153207,0.457852184983101,0.145889675587365,0.918928740302271,-0.0079870090890789,0.0204242515426585,0.00905474092306358,-0.00869074096775846
11,18,MP,1193,375,0.554639308696964,0.605481960355697,0.20855440256491,0.718883455582722,0.556786508886677,0.612091531791435,0.211281295622712,0.721066014669927,-0.00214720018971271,-0.00660957143573837,-0.00272689305780166,-0.00218255908720499
12,18,MP,303,228,0.917050501893628,0.844472645830583,0.297823143905229,0.783859649122807,0.921265319834541,0.827472610090691,0.289478325240095,0.791023391812866,-0.0042148179409135,0.0170000357398916,0.00834481866513448,-0.00716374269005893
13,18,MP,175,86,0.837970749011335,0.48520453091122,0.159627521817723,0.864776587405278,0.842616443006938,0.474984934236286,0.155333547580898,0.868630781290828,-0.00464569399560277,0.0102195966749339,0.00429397423682498,-0.00385419388554975
14,18,MP,177,28,0.680218148336064,0.517493548934666,0.173370314188913,0.920302013422819,0.675545566033652,0.533620992501976,0.180645434912642,0.919103547459252,0.00467258230241174,-0.0161274435673101,-0.00727512072372913,0.00119846596356676
15,18,MP,627,384,0.865524726675984,0.689331432832019,0.24071366566369,0.803803369341564,0.875118076715491,0.668298079394011,0.232117472868872,0.815725737311385,-0.00959335003950701,0.0210333534380077,0.00859619279481794,-0.0119223679698212
16,18,MP,193,90,0.782375649132121,0.576106100828244,0.1915259109221,0.778586839266451,0.778268195285482,0.579335039004122,0.192355742983181,0.775728155339806,0.00410745384663858,-0.00322893817587788,-0.000829832061081476,0.0028586839266449
17,18,MP,287,141,0.904613712513111,0.479203353964134,0.155123328819628,0.904959681336831,0.91014612933295,0.466104700375446,0.149272002347979,0.909963081706014,-0.00553241681983929,0.0130986535886876,0.00585132647164938,-0.00500340036918323
19,18,MP,323,172,0.844262542067693,0.597216306393364,0.202940214200567,0.807696750346527,0.854340229869587,0.583236574485018,0.196421938838919,0.817476513168027,-0.0100776878018944,0.0139797319083461,0.0065182753616482,-0.00977976282150006
1,18,ME_P,112,22,0.758622225586165,0.489184507199939,0.159234447990686,0.869191919191919,0.756541260671696,0.508862951014907,0.168929663480133,0.867676767676768,0.00208096491446863,-0.0196784438149678,-0.00969521548944718,0.00151515151515114
2,18,ME_P,280,21,0.651701745480133,0.469361546856921,0.149366640541714,0.920022062879206,0.662189103945433,0.491659150396886,0.160622837328073,0.92388306674021,-0.0104873584653,-0.0222976035399653,-0.0112561967863593,-0.0038610038610043
3,18,ME_P,146,39,0.632773175172515,0.563564731138342,0.19127024670687,0.803738317757009,0.637367803369133,0.591494652945118,0.203226191025108,0.806853582554517,-0.0045946281966176,-0.0279299218067761,-0.0119559443182377,-0.00311526479750768
4,18,ME_P,146,25,0.522075110703409,0.513157160843866,0.170028983051746,0.776528925619835,0.522462982469667,0.546116454535335,0.185514465042654,0.775206611570248,-0.00038787176625843,-0.032959293691469,-0.0154854819909079,0.00132231404958671
5,18,ME_P,228,8,0.304271786266092,0.506376683376708,0.166418905063911,0.797159090909091,0.310782340757036,0.555375279516176,0.189584020516142,0.805681818181818,-0.0065105544909439,-0.0489985961394686,-0.0231651154522308,-0.00852272727272718
6,18,ME_P,276,5,0.045945538599771,0.523019315768217,0.174200144497583,0.712915129151292,0.0486234180549762,0.568377411539884,0.194662216158458,0.719557195571956,-0.00267787945520517,-0.0453580957716675,-0.0204620716608753,-0.00664206642066445
7,18,ME_P,561,257,0.826504870240831,0.559849121623575,0.18840114753039,0.826374667212779,0.822408560812974,0.545021957546932,0.181782846085472,0.824352344869957,0.00409630942785666,0.0148271640766425,0.00661830144491843,0.00202232234282207
8,18,ME_P,320,157,0.816644008307962,0.590288391533071,0.200669696998434,0.794732523152671,0.821638018584694,0.575740355172383,0.194339120457988,0.796569106326443,-0.00499401027673241,0.0145480363606878,0.00633057654044639,-0.00183658317377211
9,18,ME_P,288,82,0.648621146757975,0.50711803059478,0.164711097561113,0.795465309022022,0.646098737686954,0.515205835639023,0.16870867908056,0.794873312810798,0.00252240907102097,-0.00808780504424278,-0.0039975815194474,0.000591996211224299
10,18,ME_P,677,358,0.918098484172597,0.52495646519356,0.174134045768015,0.913600462338663,0.926077463006704,0.485491686549352,0.15626385550896,0.922251799443092,-0.00797897883410692,0.0394647786442076,0.0178701902590548,-0.00865133710442889
11,18,ME_P,1193,375,0.563550384237476,0.606187126421664,0.209448016555828,0.710638956805216,0.565178305084781,0.61750899150165,0.214220617422439,0.71320782396088,-0.00162792084730545,-0.011321865079986,-0.00477260086661108,-0.00256886715566407
12,18,ME_P,303,228,0.910389734112244,1.00401993922353,0.368110274847042,0.758654970760234,0.914536113686531,0.992882047418664,0.359573026389496,0.767076023391813,-0.0041463795742871,0.0111378918048618,0.00853724845754628,-0.00842105263157911
13,18,ME_P,175,86,0.846915720846477,0.506110293051358,0.166225827746792,0.873007577737131,0.853248456413857,0.486437488152638,0.158104087453918,0.877711000783904,-0.00633273556738012,0.01967280489872,0.00812174029287352,-0.00470342304677307
14,18,ME_P,177,28,0.677884352865452,0.507651379871913,0.16617905331606,0.912272291466922,0.664776908094356,0.523539779084723,0.174492126200586,0.912032598274209,0.0131074447710956,-0.0158883992128102,-0.00831307288452632,0.000239693192713331
15,18,ME_P,627,384,0.870914085740101,0.730967073821015,0.263532896222463,0.803883744855967,0.880395830327317,0.714422671215809,0.254759841038867,0.815554269547325,-0.00948174458721629,0.0165444026052058,0.00877305518359606,-0.011670524691358
16,18,ME_P,193,90,0.79612853552314,0.561840187309336,0.188825590127505,0.793527508090615,0.791053707368294,0.559700332174447,0.187891187690379,0.789859762675297,0.00507482815484606,0.00213985513488879,0.000934402437125947,0.00366774541531789
17,18,ME_P,287,141,0.91035091121611,0.510793816062081,0.166730335244728,0.906538424171767,0.915368394369211,0.488718009321256,0.156924670941088,0.911007480812203,-0.00501748315310113,0.0220758067408252,0.00980566430363972,-0.00446905664043573
19,18,ME_P,323,172,0.852783335922045,0.613041504516525,0.211889652073376,0.816417680579085,0.862206266999923,0.593684127782039,0.202973256543068,0.825773910365009,-0.00942293107787762,0.0193573767344858,0.00891639553030826,-0.00935622978592388
1,18,ME2P,112,22,0.758707780617471,0.466096569721021,0.149416470623098,0.868181818181818,0.755355861041057,0.501773858163091,0.16589521773778,0.866161616161616,0.00335191957641379,-0.0356772884420696,-0.0164787471146815,0.00202020202020214
2,18,ME2P,280,21,0.659802666509763,0.439316507698261,0.136486450069294,0.927008641294356,0.665452222737127,0.482650110195261,0.156690718338541,0.92719249862107,-0.00564955622736441,-0.043333602497,-0.020204268269247,-0.000183857326714443
3,18,ME2P,146,39,0.650563027252731,0.562917847402847,0.191093670471464,0.815959741193386,0.64983746565309,0.594939571251682,0.204625306752901,0.812604840642224,0.000725561599640878,-0.0320217238488354,-0.0135316362814375,0.00335490055116205
4,18,ME2P,146,25,0.533539730729433,0.52300128908741,0.174108781030975,0.779173553719008,0.53283853610193,0.552560159447606,0.187993742499596,0.778842975206612,0.000701194627502511,-0.0295588703601961,-0.0138849614686208,0.000330578512396262
5,18,ME2P,228,8,0.289718623926424,0.515780356699907,0.170427718427838,0.807954545454546,0.310434981684982,0.563899534327492,0.192945730502343,0.809090909090909,-0.0207163577585578,-0.0481191776275852,-0.0225180120745052,-0.00113636363636349
6,18,ME2P,276,5,0.0510889363640787,0.768334812967968,0.275866528336055,0.715129151291513,0.0506447137271747,0.69473754432561,0.245014420184808,0.719557195571956,0.000444222636903982,0.0735972686423583,0.0308521081512465,-0.00442804428044308
7,18,ME2P,561,257,0.828189112116591,0.544066272894633,0.18113861237845,0.827693016588163,0.823205241561504,0.539196827502467,0.179189374676423,0.825376305549867,0.00498387055508687,0.0048694453921655,0.00194923770202657,0.002316711038296
8,18,ME2P,320,157,0.816502228075442,0.561121816323553,0.189007084539687,0.794146379586573,0.821006757592706,0.565579913837062,0.190476400043794,0.795904810284866,-0.00450452951726443,-0.00445809751350923,-0.00146931550410739,-0.00175843069829262
9,18,ME2P,288,82,0.656011806352228,0.499099405228073,0.161493527810535,0.805588444233957,0.650840196247561,0.513423371872941,0.168012026656376,0.800201278711816,0.00517161010466694,-0.0143239666448676,-0.00651849884584113,0.00538716552214091
10,18,ME2P,677,358,0.896868285270623,0.504155157206082,0.164086850311454,0.891726939983538,0.923614484214656,0.479662827983902,0.153368768659331,0.920202798549938,-0.026746198944033,0.0244923292221799,0.010718081652123,-0.0284758585664001
11,18,ME2P,1193,375,0.571898629589662,0.592183891332736,0.203359392421158,0.718961695191524,0.566614520043223,0.616102718278329,0.21361471832538,0.714081499592502,0.00528410954643932,-0.0239188269455933,-0.0102553259042217,0.00488019559902209
12,18,ME2P,303,228,0.909848676736511,0.949104294123055,0.348320976010766,0.756900584795322,0.914722671666483,1.02655357733836,0.371022626760274,0.768245614035088,-0.00487399492997209,-0.0774492832153046,-0.0227016507495076,-0.0113450292397663
13,18,ME2P,175,86,0.854413492218039,0.547249143541192,0.187842475294044,0.878494904625033,0.855431403689369,0.493850063050507,0.162295393237431,0.879148157825973,-0.00101791147133012,0.0533990804906852,0.0255470820566129,-0.00065325320094034
14,18,ME2P,177,28,0.666822246661471,0.443380668147161,0.138864767427608,0.908916586768936,0.667133224230253,0.509946333710376,0.168684324213984,0.911073825503356,-0.000310977568781734,-0.0665656655632148,-0.0298195567863759,-0.00215723873442031
15,18,ME2P,627,384,0.848846585038325,0.829226292927702,0.299217898357598,0.768979338134431,0.874211980245963,0.744493625671347,0.266126179544137,0.805062585733882,-0.0253653952076383,0.0847326672563552,0.0330917188134606,-0.0360832475994513
16,18,ME2P,193,90,0.804312490164389,0.553951145047671,0.185894636790167,0.802696871628911,0.792546466218427,0.555930995535174,0.186517362117134,0.792880258899676,0.0117660239459617,-0.00197985048750338,-0.00062272532696725,0.00981661272923451
17,18,ME2P,287,141,0.911414386275581,0.535870021049804,0.180001005430445,0.905324006606432,0.915960427439367,0.494296912950374,0.159900089701203,0.910958904109589,-0.00454604116378599,0.0415731080994302,0.0201009157292424,-0.00563489750315749
19,18,ME2P,323,172,0.856501971430298,0.653096164876456,0.229320406828559,0.821153549976898,0.863179797257055,0.60299307180648,0.207181996361023,0.828161096565532,-0.00667782582675658,0.0501030930699758,0.0221384104675357,-0.0070075465886339
1,19,MP,112,22,0.75580113190123,0.517150728104429,0.174963788764023,0.867424242424242,0.760214831257374,0.526578558308318,0.179012648370709,0.869444444444445,-0.00441369935614377,-0.00942783020388893,-0.00404885960668636,-0.00202020202020259
2,19,MP,280,21,0.618973604598386,0.52391042439292,0.176957387745801,0.906968192682479,0.618967467720808,0.530761573324404,0.180152846459861,0.909450266593124,6.13687757811121e-06,-0.00685114893148409,-0.00319545871405963,-0.00248207391064559
3,19,MP,146,39,0.633610342635274,0.605436996974608,0.208698926578651,0.786843997124371,0.634921249570518,0.60885899698863,0.209979844859851,0.790678169182842,-0.00131090693524438,-0.00342200001402171,-0.00128091828120011,-0.00383417205847103
4,19,MP,146,25,0.507031354307197,0.579288163359101,0.200476238196224,0.770743801652893,0.507072153692925,0.590105149151892,0.204734924557639,0.768595041322314,-4.07993857276523e-05,-0.0108169857927912,-0.00425868636141472,0.00214876033057854
5,19,MP,228,8,0.292718715393134,0.6036689350998,0.210537974893432,0.790909090909091,0.292081554191196,0.614748611284955,0.215313284783294,0.790056818181818,0.000637161201937964,-0.0110796761851552,-0.00477530988986163,0.00085227272727284
6,19,MP,276,5,0.0428721564052958,0.634201471845427,0.217025040379961,0.705166051660517,0.0445351791264003,0.645505496730541,0.221390882791666,0.721033210332103,-0.00166302272110454,-0.0113040248851142,-0.00436584241170523,-0.0158671586715864
7,19,MP,561,257,0.801661289395089,0.552186381966921,0.183425508423925,0.807412195371698,0.809641730255759,0.543535576692664,0.180027778653934,0.812634394839238,-0.00798044086066985,0.00865080527425655,0.00339772976999064,-0.00522219946754032
8,19,MP,320,157,0.814511997215305,0.568155280191947,0.189361891873329,0.791528271658005,0.816005108355322,0.567939233434807,0.188962877424044,0.791430581063655,-0.00149311114001738,0.000216046757139599,0.000399014449284529,9.76905943497197e-05
9,19,MP,288,82,0.624915489216998,0.541631258203108,0.17943898589058,0.769743073644329,0.630780549548471,0.542515776736445,0.179919264453227,0.775455837082643,-0.00586506033147338,-0.000884518533336931,-0.000480278562646958,-0.00571276343831428
10,19,MP,677,358,0.917515709678862,0.466636185023233,0.150065435683603,0.915553142677011,0.921148186153207,0.457852184983101,0.145889675587365,0.918928740302271,-0.00363247647434506,0.00878400004013208,0.00417576009623763,-0.00337559762526007
11,19,MP,1193,375,0.556427926110765,0.6062529892078,0.208771733254087,0.719662591687042,0.556786508886677,0.612091531791435,0.211281295622712,0.721066014669927,-0.000358582775911831,-0.00583854258363481,-0.00250956236862487,-0.00140342298288543
12,19,MP,303,228,0.920365587543656,0.839910846561395,0.29508455047236,0.789707602339181,0.921265319834541,0.827472610090691,0.289478325240095,0.791023391812866,-0.000899732290884581,0.0124382364707042,0.00560622523226545,-0.00131578947368471
13,19,MP,175,86,0.844309737940097,0.477882211043231,0.156744905265581,0.869153383851581,0.842616443006938,0.474984934236286,0.155333547580898,0.868630781290828,0.00169329493315928,0.00289727680694496,0.00141135768468256,0.000522602560752872
14,19,MP,177,28,0.677355208064037,0.521765230481291,0.175691104231716,0.918624161073826,0.675545566033652,0.533620992501976,0.180645434912642,0.919103547459252,0.00180964203038469,-0.0118557620206849,-0.00495433068092591,-0.00047938638542655
15,19,MP,627,384,0.872261175047142,0.678486638679605,0.237032506358639,0.813780649862826,0.875118076715491,0.668298079394011,0.232117472868872,0.815725737311385,-0.00285690166834907,0.0101885592855944,0.00491503348976705,-0.00194508744855915
16,19,MP,193,90,0.77533173046445,0.592061446581409,0.195772828488635,0.767745415318231,0.778268195285482,0.579335039004122,0.192355742983181,0.775728155339806,-0.00293646482103238,0.0127264075772873,0.00341708550545372,-0.00798274002157517
17,19,MP,287,141,0.905290386879452,0.473399607686767,0.152880693523199,0.907582823277956,0.91014612933295,0.466104700375446,0.149272002347979,0.909963081706014,-0.00485574245349785,0.00729490731132137,0.0036086911752205,-0.00238025842805811
18,19,MP,432,230,0.893918363779748,0.51431383223224,0.170800568267313,0.88123116659492,0.901948090038083,0.5031924618743,0.165606420245448,0.888570813603099,-0.00802972625833453,0.01112137035794,0.00519414802186483,-0.00733964700817857
1,19,ME_P,112,22,0.756909564719008,0.488887398696667,0.159720852568314,0.868181818181818,0.756541260671696,0.508862951014907,0.168929663480133,0.867676767676768,0.000368304047311807,-0.0199755523182397,-0.00920881091181944,0.00050505050505012
2,19,ME_P,280,21,0.658239156405769,0.469962858649223,0.150291329696986,0.920022062879206,0.662189103945433,0.491659150396886,0.160622837328073,0.92388306674021,-0.00394994753966427,-0.0216962917476629,-0.0103315076310867,-0.0038610038610043
3,19,ME_P,146,39,0.6366667253433,0.564660935581103,0.191784773843821,0.803019410496046,0.637367803369133,0.591494652945118,0.203226191025108,0.806853582554517,-0.000701078025832747,-0.0268337173640151,-0.0114414171812872,-0.00383417205847103
4,19,ME_P,146,25,0.520489865554949,0.515612920918147,0.171777143516459,0.774214876033058,0.522462982469667,0.546116454535335,0.185514465042654,0.775206611570248,-0.00197311691471791,-0.0305035336171881,-0.0137373215261951,-0.000991735537190119
5,19,ME_P,228,8,0.307527183597285,0.510373533259538,0.168903916370731,0.802840909090909,0.310782340757036,0.555375279516176,0.189584020516142,0.805681818181818,-0.00325515715975061,-0.0450017462566379,-0.020680104145411,-0.00284090909090895
6,19,ME_P,276,5,0.0468620078341325,0.525337800813,0.175823551719747,0.712177121771218,0.0486234180549762,0.568377411539884,0.194662216158458,0.719557195571956,-0.0017614102208437,-0.0430396107268837,-0.0188386644387114,-0.00738007380073824
7,19,ME_P,561,257,0.814477243570199,0.561198997698032,0.188916135777182,0.818054986688511,0.822408560812974,0.545021957546932,0.181782846085472,0.824352344869957,-0.00793131724277529,0.0161770401511002,0.00713328969171012,-0.00629735818144583
8,19,ME_P,320,157,0.821330395266702,0.586151230967407,0.1988292501304,0.797858622171857,0.821638018584694,0.575740355172383,0.194339120457988,0.796569106326443,-0.000307623317992056,0.0104108757950238,0.00449012967241205,0.00128951584541437
9,19,ME_P,288,82,0.63895367796904,0.508561574783633,0.165604346189664,0.788775751835188,0.646098737686954,0.515205835639023,0.16870867908056,0.794873312810798,-0.00714505971791413,-0.00664426085539005,-0.00310433289089607,-0.00609756097560976
10,19,ME_P,677,358,0.92422858204458,0.509143159644613,0.167305900935474,0.920561811526943,0.926077463006704,0.485491686549352,0.15626385550896,0.922251799443092,-0.0018488809621241,0.0236514730952613,0.011042045426514,-0.00168998791614849
11,19,ME_P,1193,375,0.564471091900371,0.607066777747915,0.209733281781083,0.71201140994295,0.565178305084781,0.61750899150165,0.214220617422439,0.71320782396088,-0.000707213184410027,-0.0104422137537354,-0.00448733564135556,-0.00119641401792969
12,19,ME_P,303,228,0.912572592989569,1.01320818076218,0.369709226648021,0.763391812865497,0.914536113686531,0.992882047418664,0.359573026389496,0.767076023391813,-0.0019635206969616,0.0203261333435135,0.0101362002585247,-0.00368421052631596
13,19,ME_P,175,86,0.8555177716438,0.495937869275497,0.161811888019987,0.879017507185785,0.853248456413857,0.486437488152638,0.158104087453918,0.877711000783904,0.00226931522994256,0.00950038112285906,0.00370780056606865,0.00130650640188124
14,19,ME_P,177,28,0.665118836571,0.513234961101878,0.169129093672988,0.910354745925216,0.664776908094356,0.523539779084723,0.174492126200586,0.912032598274209,0.000341928476643716,-0.0103048179828448,-0.00536303252759804,-0.00167785234899331
15,19,ME_P,627,384,0.878434136065287,0.726107367911106,0.26129117324418,0.813400205761317,0.880395830327317,0.714422671215809,0.254759841038867,0.815554269547325,-0.00196169426202986,0.011684696695297,0.00653133220531293,-0.00215406378600813
16,19,ME_P,193,90,0.787294784322284,0.566534277588039,0.190624108337607,0.782200647249191,0.791053707368294,0.559700332174447,0.187891187690379,0.789859762675297,-0.00375892304601044,0.00683394541359184,0.00273292064722847,-0.00765911542610609
17,19,ME_P,287,141,0.912167582708545,0.501620555796419,0.162791339335353,0.909404449625959,0.915368394369211,0.488718009321256,0.156924670941088,0.911007480812203,-0.0032008116606661,0.0129025464751629,0.00586666839426495,-0.00160303118624361
18,19,ME_P,432,230,0.895211762122884,0.545217222828122,0.182930476501351,0.88123116659492,0.901664370465652,0.530053269908332,0.175932241519331,0.887171760654326,-0.00645260834276762,0.0151639529197899,0.0069982349820201,-0.00594059405940561
1,19,ME2P,112,22,0.75494740620228,0.477613594380292,0.155012883911573,0.866666666666667,0.755355861041057,0.501773858163091,0.16589521773778,0.866161616161616,-0.00040845483877705,-0.0241602637827988,-0.0108823338262073,0.000505050505050675
2,19,ME2P,280,21,0.66672228020128,0.454088048818066,0.143497485382672,0.925721640007354,0.665452222737127,0.482650110195261,0.156690718338541,0.92719249862107,0.00127005746415265,-0.0285620613771947,-0.0131932329558687,-0.00147085861371576
3,19,ME2P,146,39,0.653493216849508,0.568500196307538,0.193513113450224,0.812365204888569,0.64983746565309,0.594939571251682,0.204625306752901,0.812604840642224,0.00365575119641837,-0.0264393749441437,-0.011112193302677,-0.00023963575365471
4,19,ME2P,146,25,0.529231600968139,0.52448291245833,0.175410861169295,0.778512396694215,0.53283853610193,0.552560159447606,0.187993742499596,0.778842975206612,-0.00360693513379073,-0.0280772469892757,-0.0125828813303006,-0.000330578512397151
5,19,ME2P,228,8,0.292530412625349,0.521321181790532,0.173546687904086,0.806818181818182,0.310434981684982,0.563899534327492,0.192945730502343,0.809090909090909,-0.0179045690596327,-0.0425783525369604,-0.0193990425982569,-0.0022727272727272
6,19,ME2P,276,5,0.0512723459196024,0.691815251783025,0.244504647080835,0.71660516605166,0.0506447137271747,0.69473754432561,0.245014420184808,0.719557195571956,0.00062763219242766,-0.00292229254258491,-0.000509773103972572,-0.0029520295202955
7,19,ME2P,561,257,0.817137644407116,0.548851681341602,0.183418849500348,0.820333299201311,0.823205241561504,0.539196827502467,0.179189374676423,0.825376305549867,-0.00606759715438821,0.00965485383913467,0.00422947482392488,-0.00504300634855626
8,19,ME2P,320,157,0.82183422026552,0.565221865488828,0.190579828339354,0.798874604353093,0.821006757592706,0.565579913837062,0.190476400043794,0.795904810284866,0.000827462672814194,-0.000358048348233941,0.00010342829555951,0.00296979406822684
9,19,ME2P,288,82,0.647193400340159,0.504140768862465,0.163922133241982,0.795583708264267,0.650840196247561,0.513423371872941,0.168012026656376,0.800201278711816,-0.00364679590740213,-0.00928260301047568,-0.00408989341439356,-0.00461757044754896
10,19,ME2P,677,358,0.917163102663987,0.493369195105634,0.159553814967611,0.91351289819793,0.923614484214656,0.479662827983902,0.153368768659331,0.920202798549938,-0.00645138155066916,0.0137063671217317,0.00618504630827962,-0.00668990035200801
11,19,ME2P,1193,375,0.568054945664487,0.603253316773227,0.208072962682022,0.714573757131214,0.566614520043223,0.616102718278329,0.21361471832538,0.714081499592502,0.00144042562126367,-0.0128494015051019,-0.00554175564335782,0.000492257538712293
12,19,ME2P,303,228,0.912697730424502,1.01454085310338,0.370216123137743,0.763508771929825,0.914722671666483,1.02655357733836,0.371022626760274,0.768245614035088,-0.00202494124198105,-0.0120127242349752,-0.000806503622531152,-0.00473684210526337
13,19,ME2P,175,86,0.859205154732434,0.510307497999745,0.169802634639125,0.882022471910112,0.855431403689369,0.493850063050507,0.162295393237431,0.879148157825973,0.00377375104306477,0.016457434949238,0.00750724140169351,0.00287431408413941
14,19,ME2P,177,28,0.666726260149315,0.482295254134397,0.155862310177018,0.908437200383509,0.667133224230253,0.509946333710376,0.168684324213984,0.911073825503356,-0.000406964080937655,-0.0276510795759787,-0.0128220140369658,-0.00263662511984697
15,19,ME2P,627,384,0.868347342642066,0.773051466355021,0.278946986462145,0.796424897119342,0.874211980245963,0.744493625671347,0.266126179544137,0.805062585733882,-0.00586463760389699,0.028557840683674,0.0128208069180077,-0.00863768861454039
16,19,ME2P,193,90,0.794334165407133,0.560306730295751,0.188357612811948,0.789536138079827,0.792546466218427,0.555930995535174,0.186517362117134,0.792880258899676,0.00178769918870625,0.00437573476057718,0.00184025069481375,-0.00334412081984858
17,19,ME2P,287,141,0.912636206426182,0.510847691714866,0.167811255197287,0.90799572525017,0.915960427439367,0.494296912950374,0.159900089701203,0.910958904109589,-0.00332422101318541,0.0165507787644925,0.00791116549608428,-0.00296317885941899
18,19,ME2P,432,230,0.892101014193512,0.671245402996588,0.240474418334927,0.8781317262161,0.898655197635507,0.611119033148079,0.214280336121954,0.884761084804133,-0.00655418344199477,0.0601263698485092,0.0261940822129732,-0.00662935858803304
