"TimestampUTC"	"CohortLabel"	"GroupIDs"	"FileUUID"	"RelativeTarget"	"State"	"Bytes"	"ExpectedMD5"	"ObservedMD5"	"Detail"
"2026-09-14 06:29:22 UTC"	"TCGA_LIHC_adjacent_liver"	"KLA31_09"	"e5c65ba0-d937-4ed9-aa81-99bc48717a2d"	"gdc_star_counts/TCGA_LIHC_adjacent_liver/e5c65ba0-d937-4ed9-aa81-99bc48717a2d_6317d700-9096-4ae7-9b13-40c9b64bf319.rna_seq.augmented_star_gene_counts.tsv"	"complete"	"4203632"	"a9b353c68e23cdfe02e30df0243ff7d1"	"a9b353c68e23cdfe02e30df0243ff7d1"	"downloaded; official GDC MD5 verified"
"2026-09-14 06:29:32 UTC"	"TCGA_LIHC_adjacent_liver"	"KLA31_09"	"6f98bcbf-b39e-4c18-ba5e-3505adaac6b5"	"gdc_star_counts/TCGA_LIHC_adjacent_liver/6f98bcbf-b39e-4c18-ba5e-3505adaac6b5_6b8fc8fd-e32d-43fa-8f8c-fa0b38ce9b69.rna_seq.augmented_star_gene_counts.tsv"	"complete"	"4204955"	"452cb50f539065247ae325bce90b11fb"	"452cb50f539065247ae325bce90b11fb"	"downloaded; official GDC MD5 verified"
"2026-09-14 06:29:38 UTC"	"TCGA_LIHC_adjacent_liver"	"KLA31_09"	"4ec68bc8-3f5d-4d30-99e6-d5ddbdf9585a"	"gdc_star_counts/TCGA_LIHC_adjacent_liver/4ec68bc8-3f5d-4d30-99e6-d5ddbdf9585a_bb4346c2-8149-4a5f-ae47-e6615bd61df2.rna_seq.augmented_star_gene_counts.tsv"	"complete"	"4184633"	"d27486f753737aead0b217945c960b29"	"d27486f753737aead0b217945c960b29"	"downloaded; official GDC MD5 verified"
"2026-09-14 06:29:47 UTC"	"TCGA_LIHC_adjacent_liver"	"KLA31_09"	"37de7b75-c885-44c8-9227-6600d37438df"	"gdc_star_counts/TCGA_LIHC_adjacent_liver/37de7b75-c885-44c8-9227-6600d37438df_c4d509c2-687f-42f2-a5a9-f92eb054ca39.rna_seq.augmented_star_gene_counts.tsv"	"complete"	"4206584"	"17d56322ba32496e489e80e7a786c5e2"	"17d56322ba32496e489e80e7a786c5e2"	"downloaded; official GDC MD5 verified"
"2026-09-14 06:29:56 UTC"	"TCGA_LIHC_adjacent_liver"	"KLA31_09"	"095b68ff-e317-4667-b1d1-ff69254d146a"	"gdc_star_counts/TCGA_LIHC_adjacent_liver/095b68ff-e317-4667-b1d1-ff69254d146a_1432142c-908d-46d7-9a2a-2597a0f00ae8.rna_seq.augmented_star_gene_counts.tsv"	"complete"	"4204246"	"0ecc766b77899935681ac871a2123245"	"0ecc766b77899935681ac871a2123245"	"downloaded; official GDC MD5 verified"
"2026-09-14 06:30:02 UTC"	"TCGA_LIHC_adjacent_liver"	"KLA31_09"	"853874dd-4482-4dd2-aa8f-a0a43562928d"	"gdc_star_counts/TCGA_LIHC_adjacent_liver/853874dd-4482-4dd2-aa8f-a0a43562928d_92385f19-0c30-4014-845b-cad864782b61.rna_seq.augmented_star_gene_counts.tsv"	"complete"	"4200582"	"e4277d4019758be278ddbffcd40e1875"	"e4277d4019758be278ddbffcd40e1875"	"downloaded; official GDC MD5 verified"
"2026-09-14 06:30:09 UTC"	"TCGA_LIHC_adjacent_liver"	"KLA31_09"	"c1566f1c-3b79-4803-8a62-23de06619811"	"gdc_star_counts/TCGA_LIHC_adjacent_liver/c1566f1c-3b79-4803-8a62-23de06619811_e5ec55da-630f-406e-b561-399fd081e43d.rna_seq.augmented_star_gene_counts.tsv"	"complete"	"4211503"	"e665fb3b32ea06ff873186829c4f0f52"	"e665fb3b32ea06ff873186829c4f0f52"	"downloaded; official GDC MD5 verified"
"2026-09-14 06:30:18 UTC"	"TCGA_LIHC_adjacent_liver"	"KLA31_09"	"3f848440-1cde-4fc4-898c-088e47d48627"	"gdc_star_counts/TCGA_LIHC_adjacent_liver/3f848440-1cde-4fc4-898c-088e47d48627_2b192082-2d70-40aa-9268-5d3d6a3af6eb.rna_seq.augmented_star_gene_counts.tsv"	"complete"	"4194399"	"17b84917f9a46aeac9092b9162f95279"	"17b84917f9a46aeac9092b9162f95279"	"downloaded; official GDC MD5 verified"
"2026-09-14 06:30:27 UTC"	"TCGA_LIHC_adjacent_liver"	"KLA31_09"	"c610d382-879b-43ae-8a0d-7ca2a27f990d"	"gdc_star_counts/TCGA_LIHC_adjacent_liver/c610d382-879b-43ae-8a0d-7ca2a27f990d_0f370106-5023-4198-810b-63f84577269a.rna_seq.augmented_star_gene_counts.tsv"	"complete"	"4217970"	"a8810cd2701587cccf44c26384595948"	"a8810cd2701587cccf44c26384595948"	"downloaded; official GDC MD5 verified"
"2026-09-14 06:30:33 UTC"	"TCGA_LIHC_adjacent_liver"	"KLA31_09"	"35b3a2f1-d918-465e-b307-c06a71f31410"	"gdc_star_counts/TCGA_LIHC_adjacent_liver/35b3a2f1-d918-465e-b307-c06a71f31410_d11ccf39-543b-4da6-a9ac-d49d9afe2054.rna_seq.augmented_star_gene_counts.tsv"	"complete"	"4210468"	"0a33c2d361dcabb04cd327d106967827"	"0a33c2d361dcabb04cd327d106967827"	"downloaded; official GDC MD5 verified"
"2026-09-14 06:30:40 UTC"	"TCGA_LIHC_adjacent_liver"	"KLA31_09"	"4e7b0b50-fe61-46d5-94bd-e8544f5c85d3"	"gdc_star_counts/TCGA_LIHC_adjacent_liver/4e7b0b50-fe61-46d5-94bd-e8544f5c85d3_22fc2b56-fe94-4b09-ae7d-37d463b3995d.rna_seq.augmented_star_gene_counts.tsv"	"complete"	"4205959"	"f5e93b57ab42f8d975cdeb6295260aea"	"f5e93b57ab42f8d975cdeb6295260aea"	"downloaded; official GDC MD5 verified"
"2026-09-14 06:30:49 UTC"	"TCGA_LIHC_adjacent_liver"	"KLA31_09"	"5faa2c8d-32d4-47c3-9689-8841e48e4eff"	"gdc_star_counts/TCGA_LIHC_adjacent_liver/5faa2c8d-32d4-47c3-9689-8841e48e4eff_a5aab9e0-f114-4f42-b36e-5f1bdc49f128.rna_seq.augmented_star_gene_counts.tsv"	"complete"	"4203069"	"139dc84f4f1c91c440903dc4158c480e"	"139dc84f4f1c91c440903dc4158c480e"	"downloaded; official GDC MD5 verified"
"2026-09-14 06:31:00 UTC"	"TCGA_LIHC_adjacent_liver"	"KLA31_09"	"886fbdb4-b0a8-481b-9721-5e63956caebd"	"gdc_star_counts/TCGA_LIHC_adjacent_liver/886fbdb4-b0a8-481b-9721-5e63956caebd_2070f2a7-db7f-4070-8997-5c56140c41ae.rna_seq.augmented_star_gene_counts.tsv"	"complete"	"4208003"	"b283e18242719a1610fa188bff498d27"	"b283e18242719a1610fa188bff498d27"	"downloaded; official GDC MD5 verified"
"2026-09-14 06:31:07 UTC"	"TCGA_LIHC_adjacent_liver"	"KLA31_09"	"667c2d08-7a5d-44fc-adb3-31dd2dbea87f"	"gdc_star_counts/TCGA_LIHC_adjacent_liver/667c2d08-7a5d-44fc-adb3-31dd2dbea87f_cd36b4d0-5a38-4ce0-abcc-d8272968bf5c.rna_seq.augmented_star_gene_counts.tsv"	"complete"	"4219105"	"f88b758ea7208171e4a19837d182df3f"	"f88b758ea7208171e4a19837d182df3f"	"downloaded; official GDC MD5 verified"
"2026-09-14 06:31:15 UTC"	"TCGA_LIHC_adjacent_liver"	"KLA31_09"	"2e678e78-d136-41a2-9a33-b00a10fc5fa8"	"gdc_star_counts/TCGA_LIHC_adjacent_liver/2e678e78-d136-41a2-9a33-b00a10fc5fa8_458a31ae-18bf-4ffd-8f5c-d647a6e4adf3.rna_seq.augmented_star_gene_counts.tsv"	"complete"	"4205982"	"f6249f4a4e9692ca3774dd51765e8a5f"	"f6249f4a4e9692ca3774dd51765e8a5f"	"downloaded; official GDC MD5 verified"
"2026-09-14 06:31:24 UTC"	"TCGA_LIHC_adjacent_liver"	"KLA31_09"	"6a598923-a466-455f-a6b6-3f468a1e76cb"	"gdc_star_counts/TCGA_LIHC_adjacent_liver/6a598923-a466-455f-a6b6-3f468a1e76cb_87eca9a7-8eb9-43e0-b814-4743ed4f3526.rna_seq.augmented_star_gene_counts.tsv"	"complete"	"4210353"	"60473acb9396e87dc6d4812e5b2f7ff1"	"60473acb9396e87dc6d4812e5b2f7ff1"	"downloaded; official GDC MD5 verified"
"2026-09-14 06:31:31 UTC"	"TCGA_LIHC_adjacent_liver"	"KLA31_09"	"6e812349-35e7-44e7-ac7c-a4bc19d81fd0"	"gdc_star_counts/TCGA_LIHC_adjacent_liver/6e812349-35e7-44e7-ac7c-a4bc19d81fd0_14fc153e-3cb3-4d3f-8259-b73a436f3d0b.rna_seq.augmented_star_gene_counts.tsv"	"complete"	"4201688"	"6eef53bb76ba2ab3fc3842fb29cfae88"	"6eef53bb76ba2ab3fc3842fb29cfae88"	"downloaded; official GDC MD5 verified"
"2026-09-14 06:31:38 UTC"	"TCGA_LIHC_adjacent_liver"	"KLA31_09"	"6e36807b-e15a-416b-bded-7202a9dab757"	"gdc_star_counts/TCGA_LIHC_adjacent_liver/6e36807b-e15a-416b-bded-7202a9dab757_53cdad59-2abc-49cb-8757-ca9d1fee5c1c.rna_seq.augmented_star_gene_counts.tsv"	"complete"	"4210774"	"77f31215705044ae05c4f8863c620274"	"77f31215705044ae05c4f8863c620274"	"downloaded; official GDC MD5 verified"
"2026-09-14 06:31:46 UTC"	"TCGA_LIHC_adjacent_liver"	"KLA31_09"	"0dbea4cc-32b6-42af-b4f0-fa0a67b05a7f"	"gdc_star_counts/TCGA_LIHC_adjacent_liver/0dbea4cc-32b6-42af-b4f0-fa0a67b05a7f_ebbdae1d-a199-4577-a73a-77e9c6a55a92.rna_seq.augmented_star_gene_counts.tsv"	"complete"	"4196151"	"100989b20d9deb7c2da3433def64bdf2"	"100989b20d9deb7c2da3433def64bdf2"	"downloaded; official GDC MD5 verified"
"2026-09-14 06:31:56 UTC"	"TCGA_LIHC_adjacent_liver"	"KLA31_09"	"1081e397-a17c-42f5-9f04-b937361441df"	"gdc_star_counts/TCGA_LIHC_adjacent_liver/1081e397-a17c-42f5-9f04-b937361441df_cfa3467d-9796-4c34-b2ca-9cda7a5d20dc.rna_seq.augmented_star_gene_counts.tsv"	"complete"	"4215939"	"2da437abe558bd5d19f58030ed377b73"	"2da437abe558bd5d19f58030ed377b73"	"downloaded; official GDC MD5 verified"
"2026-09-14 06:32:01 UTC"	"TCGA_LIHC_adjacent_liver"	"KLA31_09"	"33a40e22-a6df-4406-aaab-c1a04f0dfc66"	"gdc_star_counts/TCGA_LIHC_adjacent_liver/33a40e22-a6df-4406-aaab-c1a04f0dfc66_bf424b14-03e8-43a3-a978-ff5fb436886c.rna_seq.augmented_star_gene_counts.tsv"	"complete"	"4198939"	"5a2391c20b4f2c3400bfa8a1b53fbe80"	"5a2391c20b4f2c3400bfa8a1b53fbe80"	"downloaded; official GDC MD5 verified"
"2026-09-14 06:32:08 UTC"	"TCGA_LIHC_adjacent_liver"	"KLA31_09"	"3c077b2a-3a89-4f08-93fa-ecf50f1f7e73"	"gdc_star_counts/TCGA_LIHC_adjacent_liver/3c077b2a-3a89-4f08-93fa-ecf50f1f7e73_a2cbad43-f7a6-4018-995f-82b22aa6fc8b.rna_seq.augmented_star_gene_counts.tsv"	"complete"	"4204570"	"cb523c998297075e85e682038a5ba067"	"cb523c998297075e85e682038a5ba067"	"downloaded; official GDC MD5 verified"
"2026-09-14 06:32:17 UTC"	"TCGA_LIHC_adjacent_liver"	"KLA31_09"	"0940bd97-2818-48f6-a0a5-f955152409b8"	"gdc_star_counts/TCGA_LIHC_adjacent_liver/0940bd97-2818-48f6-a0a5-f955152409b8_c9432a6e-4d79-4de2-8ffa-e3b05129f78f.rna_seq.augmented_star_gene_counts.tsv"	"complete"	"4217208"	"5bbafbac99f4870fe80a93a79327b91b"	"5bbafbac99f4870fe80a93a79327b91b"	"downloaded; official GDC MD5 verified"
"2026-09-14 06:32:27 UTC"	"TCGA_LIHC_adjacent_liver"	"KLA31_09"	"51c45ad0-3a73-4561-9a2c-7a4c00de52c5"	"gdc_star_counts/TCGA_LIHC_adjacent_liver/51c45ad0-3a73-4561-9a2c-7a4c00de52c5_d47d25be-4859-450a-a110-0e4bc7e2896b.rna_seq.augmented_star_gene_counts.tsv"	"complete"	"4216048"	"efd62c3dd85e193dea58563e03c72c1b"	"efd62c3dd85e193dea58563e03c72c1b"	"downloaded; official GDC MD5 verified"
"2026-09-14 06:32:32 UTC"	"TCGA_LIHC_adjacent_liver"	"KLA31_09"	"e5f2fe00-70ca-4fc8-bfd4-d34bfee2e11a"	"gdc_star_counts/TCGA_LIHC_adjacent_liver/e5f2fe00-70ca-4fc8-bfd4-d34bfee2e11a_45b37332-1ac3-40bb-b167-44050d144917.rna_seq.augmented_star_gene_counts.tsv"	"complete"	"4204106"	"b0c14b016cb1124a833c779a266cdb1b"	"b0c14b016cb1124a833c779a266cdb1b"	"downloaded; official GDC MD5 verified"
"2026-09-14 06:32:40 UTC"	"TCGA_LIHC_adjacent_liver"	"KLA31_09"	"559f7bde-209c-4ca8-8bd7-dbac076e91d0"	"gdc_star_counts/TCGA_LIHC_adjacent_liver/559f7bde-209c-4ca8-8bd7-dbac076e91d0_91bac874-6ad2-4946-9c3f-0ed733975fcf.rna_seq.augmented_star_gene_counts.tsv"	"complete"	"4209099"	"2c3ecfbe4ad7bf65092ab3f6469e5138"	"2c3ecfbe4ad7bf65092ab3f6469e5138"	"downloaded; official GDC MD5 verified"
"2026-09-14 06:32:49 UTC"	"TCGA_LIHC_adjacent_liver"	"KLA31_09"	"448a4db4-c17f-4838-b864-7a776e4b5505"	"gdc_star_counts/TCGA_LIHC_adjacent_liver/448a4db4-c17f-4838-b864-7a776e4b5505_b0271a8a-4b7d-4689-98d3-1378840b485d.rna_seq.augmented_star_gene_counts.tsv"	"complete"	"4198031"	"009c9abc87dc1a18268b33fb19d004e3"	"009c9abc87dc1a18268b33fb19d004e3"	"downloaded; official GDC MD5 verified"
"2026-09-14 06:32:57 UTC"	"TCGA_LIHC_adjacent_liver"	"KLA31_09"	"e67eb79f-6860-49ca-8cf2-bda65255fb98"	"gdc_star_counts/TCGA_LIHC_adjacent_liver/e67eb79f-6860-49ca-8cf2-bda65255fb98_d57a7480-e0ce-416b-8db1-d09302cc0d89.rna_seq.augmented_star_gene_counts.tsv"	"complete"	"4196826"	"b2540362d0f3389f08e437fd1a97e0ec"	"b2540362d0f3389f08e437fd1a97e0ec"	"downloaded; official GDC MD5 verified"
"2026-09-14 06:33:04 UTC"	"TCGA_LIHC_adjacent_liver"	"KLA31_09"	"73857f48-b515-4c00-911e-b0338b3336fa"	"gdc_star_counts/TCGA_LIHC_adjacent_liver/73857f48-b515-4c00-911e-b0338b3336fa_789c2a90-968b-4745-ad64-6dd7fe6463ff.rna_seq.augmented_star_gene_counts.tsv"	"complete"	"4199640"	"82673239044a02b31411375cd72ea84c"	"82673239044a02b31411375cd72ea84c"	"downloaded; official GDC MD5 verified"
"2026-09-14 06:33:12 UTC"	"TCGA_LIHC_adjacent_liver"	"KLA31_09"	"2a816d7c-2cec-4c58-81c0-6fd32d3c3886"	"gdc_star_counts/TCGA_LIHC_adjacent_liver/2a816d7c-2cec-4c58-81c0-6fd32d3c3886_d822f9c0-f1e2-4a2e-9636-f520806e6ce5.rna_seq.augmented_star_gene_counts.tsv"	"complete"	"4196655"	"0544f5f21234ad17ebcb637de134197c"	"0544f5f21234ad17ebcb637de134197c"	"downloaded; official GDC MD5 verified"
"2026-09-14 06:33:21 UTC"	"TCGA_LIHC_adjacent_liver"	"KLA31_09"	"df0c36cd-5eae-480f-871e-1aef2a418350"	"gdc_star_counts/TCGA_LIHC_adjacent_liver/df0c36cd-5eae-480f-871e-1aef2a418350_3b4e1fdc-dcc1-4616-93b5-0f44bee5c64d.rna_seq.augmented_star_gene_counts.tsv"	"complete"	"4204168"	"875d5ea0423bac11f8d825c57ee2a89d"	"875d5ea0423bac11f8d825c57ee2a89d"	"downloaded; official GDC MD5 verified"
"2026-09-14 06:33:29 UTC"	"TCGA_LIHC_adjacent_liver"	"KLA31_09"	"9196e9a3-dc4e-45b3-9c6a-6efb38f1a029"	"gdc_star_counts/TCGA_LIHC_adjacent_liver/9196e9a3-dc4e-45b3-9c6a-6efb38f1a029_a738f130-d151-463b-9889-2d379ebe52d2.rna_seq.augmented_star_gene_counts.tsv"	"complete"	"4203429"	"3f4efbe0990c1ef0c87d18d0c0a6ee8a"	"3f4efbe0990c1ef0c87d18d0c0a6ee8a"	"downloaded; official GDC MD5 verified"
"2026-09-14 06:33:34 UTC"	"TCGA_LIHC_adjacent_liver"	"KLA31_09"	"f9903ebc-4434-40d9-ad03-20ca825a666e"	"gdc_star_counts/TCGA_LIHC_adjacent_liver/f9903ebc-4434-40d9-ad03-20ca825a666e_c54c553f-7024-4425-b489-dd959bee3e62.rna_seq.augmented_star_gene_counts.tsv"	"complete"	"4194557"	"76c76215ae0cc04bdbc17e322eb4d956"	"76c76215ae0cc04bdbc17e322eb4d956"	"downloaded; official GDC MD5 verified"
"2026-09-14 06:33:43 UTC"	"TCGA_LIHC_adjacent_liver"	"KLA31_09"	"ddeb287b-8d2f-40f2-89dc-def570237300"	"gdc_star_counts/TCGA_LIHC_adjacent_liver/ddeb287b-8d2f-40f2-89dc-def570237300_23a791d2-b0fd-4c72-b3e8-ab3ecfb3c4b8.rna_seq.augmented_star_gene_counts.tsv"	"complete"	"4197959"	"8d0908903668c610c53c0145cc31da63"	"8d0908903668c610c53c0145cc31da63"	"downloaded; official GDC MD5 verified"
"2026-09-14 06:33:53 UTC"	"TCGA_LIHC_adjacent_liver"	"KLA31_09"	"5180b82d-ce78-4d0f-8624-f7678732344b"	"gdc_star_counts/TCGA_LIHC_adjacent_liver/5180b82d-ce78-4d0f-8624-f7678732344b_6f8d77aa-5852-4467-8ef9-b7881294b969.rna_seq.augmented_star_gene_counts.tsv"	"complete"	"4198304"	"f1c1e2c36e53ecebf21b3c5fba19dfcd"	"f1c1e2c36e53ecebf21b3c5fba19dfcd"	"downloaded; official GDC MD5 verified"
"2026-09-14 06:34:01 UTC"	"TCGA_LIHC_adjacent_liver"	"KLA31_09"	"1314e20d-d48f-4c6c-b208-897bbf4cc147"	"gdc_star_counts/TCGA_LIHC_adjacent_liver/1314e20d-d48f-4c6c-b208-897bbf4cc147_c30fdec0-6bbc-4719-ad1e-ff1e15eae98e.rna_seq.augmented_star_gene_counts.tsv"	"complete"	"4217785"	"ba14280a793bb6c6bdd8f114f2632f7d"	"ba14280a793bb6c6bdd8f114f2632f7d"	"downloaded; official GDC MD5 verified"
"2026-09-14 06:34:08 UTC"	"TCGA_LIHC_adjacent_liver"	"KLA31_09"	"0444bb3d-0844-4333-97b0-e71faca95abb"	"gdc_star_counts/TCGA_LIHC_adjacent_liver/0444bb3d-0844-4333-97b0-e71faca95abb_28e28451-9c55-4f01-9ac1-fda75a6f828d.rna_seq.augmented_star_gene_counts.tsv"	"complete"	"4201510"	"69c8089bcca59a42629ea9ccb20afbaf"	"69c8089bcca59a42629ea9ccb20afbaf"	"downloaded; official GDC MD5 verified"
"2026-09-14 06:34:16 UTC"	"TCGA_LIHC_adjacent_liver"	"KLA31_09"	"0c11ccb8-4405-4a2a-9180-b483fb845968"	"gdc_star_counts/TCGA_LIHC_adjacent_liver/0c11ccb8-4405-4a2a-9180-b483fb845968_8e595756-ee6b-4fd9-9844-6001ea97fa2e.rna_seq.augmented_star_gene_counts.tsv"	"complete"	"4218543"	"3e38693a31e0624a2e6103fe8c0786f4"	"3e38693a31e0624a2e6103fe8c0786f4"	"downloaded; official GDC MD5 verified"
"2026-09-14 06:34:27 UTC"	"TCGA_LIHC_adjacent_liver"	"KLA31_09"	"8ff0d081-c3b0-4d26-9ace-e7903a9b16eb"	"gdc_star_counts/TCGA_LIHC_adjacent_liver/8ff0d081-c3b0-4d26-9ace-e7903a9b16eb_3b21a0fe-8a3b-4473-8bd1-523ab630dc71.rna_seq.augmented_star_gene_counts.tsv"	"complete"	"4213849"	"30bd65696d395959ec717ac12cc52a5b"	"30bd65696d395959ec717ac12cc52a5b"	"downloaded; official GDC MD5 verified"
"2026-09-14 06:34:32 UTC"	"TCGA_LIHC_adjacent_liver"	"KLA31_09"	"91a6115e-5869-43b2-a7ff-059ad0235071"	"gdc_star_counts/TCGA_LIHC_adjacent_liver/91a6115e-5869-43b2-a7ff-059ad0235071_45ea416c-9172-4eda-9d87-b9e17148d2d4.rna_seq.augmented_star_gene_counts.tsv"	"complete"	"4219573"	"77ebcf6b66e35a0e08454d966171f234"	"77ebcf6b66e35a0e08454d966171f234"	"downloaded; official GDC MD5 verified"
"2026-09-14 06:34:40 UTC"	"TCGA_LIHC_adjacent_liver"	"KLA31_09"	"66cf470a-ec42-4f85-b4b2-bf7e8055a55b"	"gdc_star_counts/TCGA_LIHC_adjacent_liver/66cf470a-ec42-4f85-b4b2-bf7e8055a55b_9b5248e9-4b02-4ffc-a3e2-242616d08ed2.rna_seq.augmented_star_gene_counts.tsv"	"complete"	"4207283"	"004f69acd2e9b2a9423e3c281fdf137a"	"004f69acd2e9b2a9423e3c281fdf137a"	"downloaded; official GDC MD5 verified"
"2026-09-14 06:34:49 UTC"	"TCGA_LIHC_adjacent_liver"	"KLA31_09"	"35f067e5-fde1-4793-8d6b-d9ddd951b7c5"	"gdc_star_counts/TCGA_LIHC_adjacent_liver/35f067e5-fde1-4793-8d6b-d9ddd951b7c5_c74b62ad-52f4-4488-8628-ffc88df5d1bf.rna_seq.augmented_star_gene_counts.tsv"	"complete"	"4208246"	"77ec78b416b2e80c9b4e915c6a804d47"	"77ec78b416b2e80c9b4e915c6a804d47"	"downloaded; official GDC MD5 verified"
"2026-09-14 06:34:59 UTC"	"TCGA_LIHC_adjacent_liver"	"KLA31_09"	"d139256a-c9e8-417b-90af-c466a58d459d"	"gdc_star_counts/TCGA_LIHC_adjacent_liver/d139256a-c9e8-417b-90af-c466a58d459d_c0b92413-c9f7-4a67-9ca7-cb065ac9c407.rna_seq.augmented_star_gene_counts.tsv"	"complete"	"4209435"	"8e93ddc7538d8b7aaa829d040c7e4d25"	"8e93ddc7538d8b7aaa829d040c7e4d25"	"downloaded; official GDC MD5 verified"
"2026-09-14 06:35:05 UTC"	"TCGA_LIHC_adjacent_liver"	"KLA31_09"	"cc1ab143-14a1-49f5-88d3-e386c8d6c0b1"	"gdc_star_counts/TCGA_LIHC_adjacent_liver/cc1ab143-14a1-49f5-88d3-e386c8d6c0b1_176a155c-064d-4c25-a355-430c20fb8804.rna_seq.augmented_star_gene_counts.tsv"	"complete"	"4206484"	"105271e7238b9e6977e8c2b8e576e620"	"105271e7238b9e6977e8c2b8e576e620"	"downloaded; official GDC MD5 verified"
"2026-09-14 06:35:13 UTC"	"TCGA_LIHC_adjacent_liver"	"KLA31_09"	"ba8582e9-496b-42d8-8eca-189d3369bce7"	"gdc_star_counts/TCGA_LIHC_adjacent_liver/ba8582e9-496b-42d8-8eca-189d3369bce7_4044408b-0b42-407b-9ea3-bab66dedb545.rna_seq.augmented_star_gene_counts.tsv"	"complete"	"4212199"	"884140917feb2688ee63a7ba02666742"	"884140917feb2688ee63a7ba02666742"	"downloaded; official GDC MD5 verified"
"2026-09-14 06:35:23 UTC"	"TCGA_LIHC_adjacent_liver"	"KLA31_09"	"db6f39e9-6134-47fe-92c7-35d71fd19e68"	"gdc_star_counts/TCGA_LIHC_adjacent_liver/db6f39e9-6134-47fe-92c7-35d71fd19e68_414b9abf-8e4b-4d3a-b97d-34fb384b43d7.rna_seq.augmented_star_gene_counts.tsv"	"complete"	"4199398"	"5cc101b04c9803485631eb7baf0dc514"	"5cc101b04c9803485631eb7baf0dc514"	"downloaded; official GDC MD5 verified"
"2026-09-14 06:35:30 UTC"	"TCGA_LIHC_adjacent_liver"	"KLA31_09"	"7ddcf3fa-7d26-46e1-a710-6831df9f2e66"	"gdc_star_counts/TCGA_LIHC_adjacent_liver/7ddcf3fa-7d26-46e1-a710-6831df9f2e66_a922a7b1-be19-490b-80aa-09b1f867a4fd.rna_seq.augmented_star_gene_counts.tsv"	"complete"	"4187249"	"9fa48bba0ce6619ffaa4a12e15b7b8f0"	"9fa48bba0ce6619ffaa4a12e15b7b8f0"	"downloaded; official GDC MD5 verified"
"2026-09-14 06:35:37 UTC"	"TCGA_LIHC_adjacent_liver"	"KLA31_09"	"1080a7ed-8a78-43fc-a962-35127d9db655"	"gdc_star_counts/TCGA_LIHC_adjacent_liver/1080a7ed-8a78-43fc-a962-35127d9db655_8f7a6ea3-dbbe-4b88-bb00-718a9ce7411d.rna_seq.augmented_star_gene_counts.tsv"	"complete"	"4206448"	"9f68c4b87652d33e81c5ed1f728ce1f9"	"9f68c4b87652d33e81c5ed1f728ce1f9"	"downloaded; official GDC MD5 verified"
"2026-09-14 06:35:46 UTC"	"TCGA_LIHC_adjacent_liver"	"KLA31_09"	"369e78e8-f553-4fe0-88d2-908b624b6f8b"	"gdc_star_counts/TCGA_LIHC_adjacent_liver/369e78e8-f553-4fe0-88d2-908b624b6f8b_44a940fc-2b05-4010-80c0-68bf08b39be6.rna_seq.augmented_star_gene_counts.tsv"	"complete"	"4221504"	"34fcfb17ede317df34ba3e8534328ac4"	"34fcfb17ede317df34ba3e8534328ac4"	"downloaded; official GDC MD5 verified"
"2026-09-14 06:35:56 UTC"	"TCGA_LIHC_adjacent_liver"	"KLA31_09"	"37610f08-0c05-425f-a5a6-967bfb02aa23"	"gdc_star_counts/TCGA_LIHC_adjacent_liver/37610f08-0c05-425f-a5a6-967bfb02aa23_58ee401f-87ef-47b1-97ae-797b5d6bd753.rna_seq.augmented_star_gene_counts.tsv"	"complete"	"4193639"	"c4182ae6fea635b9d3836d33abfb9014"	"c4182ae6fea635b9d3836d33abfb9014"	"downloaded; official GDC MD5 verified"
"2026-09-14 06:36:02 UTC"	"TCGA_ESCA_ESCC_primary"	"KLA31_10"	"db462dc5-f976-4007-9944-ba2b0dd47f9c"	"gdc_star_counts/TCGA_ESCA_ESCC_primary/db462dc5-f976-4007-9944-ba2b0dd47f9c_0dac1928-1526-4817-a94d-570863552f20.rna_seq.augmented_star_gene_counts.tsv"	"complete"	"4245397"	"75396171b567ae032a6ecb161931034e"	"75396171b567ae032a6ecb161931034e"	"downloaded; official GDC MD5 verified"
"2026-09-14 06:36:09 UTC"	"TCGA_ESCA_ESCC_primary"	"KLA31_10"	"931aa851-0ed4-4872-98b2-799a4f0d1631"	"gdc_star_counts/TCGA_ESCA_ESCC_primary/931aa851-0ed4-4872-98b2-799a4f0d1631_1bc7cd63-5c9c-4570-b6fe-cb5258ee3d3c.rna_seq.augmented_star_gene_counts.tsv"	"complete"	"4260951"	"84129cffb2cc9ca4896dcf4436667ef9"	"84129cffb2cc9ca4896dcf4436667ef9"	"downloaded; official GDC MD5 verified"
"2026-09-14 06:36:19 UTC"	"TCGA_ESCA_ESCC_primary"	"KLA31_10"	"b5789ad7-05ca-46ff-935b-c44591130e47"	"gdc_star_counts/TCGA_ESCA_ESCC_primary/b5789ad7-05ca-46ff-935b-c44591130e47_a6046186-898e-4112-b526-876c560f5587.rna_seq.augmented_star_gene_counts.tsv"	"complete"	"4273710"	"cb36c65342040fb07b3069c30c2fa2aa"	"cb36c65342040fb07b3069c30c2fa2aa"	"downloaded; official GDC MD5 verified"
"2026-09-14 06:36:28 UTC"	"TCGA_ESCA_ESCC_primary"	"KLA31_10"	"fc2573cb-2485-4598-810c-38c93dd277e6"	"gdc_star_counts/TCGA_ESCA_ESCC_primary/fc2573cb-2485-4598-810c-38c93dd277e6_17a8247a-3961-4431-9ff6-f98b42897b7b.rna_seq.augmented_star_gene_counts.tsv"	"complete"	"4251295"	"f5cb2c2258fad2c1bc0b80f6ac08ad86"	"f5cb2c2258fad2c1bc0b80f6ac08ad86"	"downloaded; official GDC MD5 verified"
"2026-09-14 06:36:34 UTC"	"TCGA_ESCA_ESCC_primary"	"KLA31_10"	"135607d5-365b-4991-815c-16c28d980ac2"	"gdc_star_counts/TCGA_ESCA_ESCC_primary/135607d5-365b-4991-815c-16c28d980ac2_99da3fe2-07a3-4a79-9313-58252b6c387b.rna_seq.augmented_star_gene_counts.tsv"	"complete"	"4269420"	"5d07505fbbaf5bd330b698d231ea4696"	"5d07505fbbaf5bd330b698d231ea4696"	"downloaded; official GDC MD5 verified"
"2026-09-14 06:36:43 UTC"	"TCGA_ESCA_ESCC_primary"	"KLA31_10"	"52e1de78-19b1-4a4a-a943-5be067df8419"	"gdc_star_counts/TCGA_ESCA_ESCC_primary/52e1de78-19b1-4a4a-a943-5be067df8419_936cc4c8-5a1c-40e8-8851-7232a4db3609.rna_seq.augmented_star_gene_counts.tsv"	"complete"	"4249097"	"e83bf9338c111b4f00ae3eb296d78145"	"e83bf9338c111b4f00ae3eb296d78145"	"downloaded; official GDC MD5 verified"
"2026-09-14 06:36:53 UTC"	"TCGA_ESCA_ESCC_primary"	"KLA31_10"	"49c02083-badb-4824-95ba-d7552d62f648"	"gdc_star_counts/TCGA_ESCA_ESCC_primary/49c02083-badb-4824-95ba-d7552d62f648_b549ffcf-0704-42e6-9898-0469c8e9863e.rna_seq.augmented_star_gene_counts.tsv"	"complete"	"4237367"	"0acd953e74e398f9d50bb62022ee2196"	"0acd953e74e398f9d50bb62022ee2196"	"downloaded; official GDC MD5 verified"
"2026-09-14 06:37:01 UTC"	"TCGA_ESCA_ESCC_primary"	"KLA31_10"	"a4b43628-a71b-4380-8fcb-ca12563b6c6f"	"gdc_star_counts/TCGA_ESCA_ESCC_primary/a4b43628-a71b-4380-8fcb-ca12563b6c6f_56de2fb9-865f-4cab-adda-9d4d824cce34.rna_seq.augmented_star_gene_counts.tsv"	"complete"	"4247651"	"008796edef2638508c16ca4a3e8f8553"	"008796edef2638508c16ca4a3e8f8553"	"downloaded; official GDC MD5 verified"
"2026-09-14 06:37:07 UTC"	"TCGA_ESCA_ESCC_primary"	"KLA31_10"	"31c39f0c-1798-445f-8eab-4d1c6ddf0db6"	"gdc_star_counts/TCGA_ESCA_ESCC_primary/31c39f0c-1798-445f-8eab-4d1c6ddf0db6_05fd9d51-e5ed-4a73-8537-e47616c4cf2d.rna_seq.augmented_star_gene_counts.tsv"	"complete"	"4263972"	"4a6fe331312ec1e5f3945179537f8270"	"4a6fe331312ec1e5f3945179537f8270"	"downloaded; official GDC MD5 verified"
"2026-09-14 06:37:16 UTC"	"TCGA_ESCA_ESCC_primary"	"KLA31_10"	"0668121b-5797-48f6-94b7-15e4188a32f1"	"gdc_star_counts/TCGA_ESCA_ESCC_primary/0668121b-5797-48f6-94b7-15e4188a32f1_4757a790-db4b-4567-8bae-e141e61eb3b4.rna_seq.augmented_star_gene_counts.tsv"	"complete"	"4264789"	"351a23e25bdc1e9e944a4d324c152375"	"351a23e25bdc1e9e944a4d324c152375"	"downloaded; official GDC MD5 verified"
"2026-09-14 06:37:27 UTC"	"TCGA_ESCA_ESCC_primary"	"KLA31_10"	"97b85ce5-78f9-4533-a1c0-a24128f72d87"	"gdc_star_counts/TCGA_ESCA_ESCC_primary/97b85ce5-78f9-4533-a1c0-a24128f72d87_84c4e22f-04ad-416d-ab19-f751ce65aeb2.rna_seq.augmented_star_gene_counts.tsv"	"complete"	"4259747"	"e576833dc5681b383e1124e59835c2da"	"e576833dc5681b383e1124e59835c2da"	"downloaded; official GDC MD5 verified"
"2026-09-14 06:37:33 UTC"	"TCGA_ESCA_ESCC_primary"	"KLA31_10"	"fa819f19-2fef-4b8e-951e-2e27a3b652a6"	"gdc_star_counts/TCGA_ESCA_ESCC_primary/fa819f19-2fef-4b8e-951e-2e27a3b652a6_14549c16-f9e4-4a27-baec-860fdb1c37e6.rna_seq.augmented_star_gene_counts.tsv"	"complete"	"4257359"	"a06b66cfd099efac6c8662bab2d9d6c1"	"a06b66cfd099efac6c8662bab2d9d6c1"	"downloaded; official GDC MD5 verified"
"2026-09-14 06:37:42 UTC"	"TCGA_ESCA_ESCC_primary"	"KLA31_10"	"0518caa3-387c-4dd0-8040-2ac604ce0cb0"	"gdc_star_counts/TCGA_ESCA_ESCC_primary/0518caa3-387c-4dd0-8040-2ac604ce0cb0_acc2d494-2543-4bb5-9d4a-f656a913e6b0.rna_seq.augmented_star_gene_counts.tsv"	"complete"	"4287055"	"08fe88740ae9239317d43bcba0e0c54c"	"08fe88740ae9239317d43bcba0e0c54c"	"downloaded; official GDC MD5 verified"
"2026-09-14 06:37:51 UTC"	"TCGA_ESCA_ESCC_primary"	"KLA31_10"	"c5b872eb-ce1b-44a8-81b4-f207c19e450f"	"gdc_star_counts/TCGA_ESCA_ESCC_primary/c5b872eb-ce1b-44a8-81b4-f207c19e450f_dac8b069-dde5-43c2-aef2-827d5bd1a2a0.rna_seq.augmented_star_gene_counts.tsv"	"complete"	"4247119"	"a12d7befa4a26a2ea732d6a5ae81ee21"	"a12d7befa4a26a2ea732d6a5ae81ee21"	"downloaded; official GDC MD5 verified"
"2026-09-14 06:37:59 UTC"	"TCGA_ESCA_ESCC_primary"	"KLA31_10"	"58340c97-a7a3-4e08-b767-28984bee2ae3"	"gdc_star_counts/TCGA_ESCA_ESCC_primary/58340c97-a7a3-4e08-b767-28984bee2ae3_2655e658-a563-43f6-bc4e-02f57c51fd2b.rna_seq.augmented_star_gene_counts.tsv"	"complete"	"4261767"	"04d99920aff423a6790a71898c0fe135"	"04d99920aff423a6790a71898c0fe135"	"downloaded; official GDC MD5 verified"
"2026-09-14 06:38:05 UTC"	"TCGA_ESCA_ESCC_primary"	"KLA31_10"	"51ae74f0-eff5-4a01-b374-b9a9b08d1848"	"gdc_star_counts/TCGA_ESCA_ESCC_primary/51ae74f0-eff5-4a01-b374-b9a9b08d1848_89986d81-6b30-4b55-8c99-56f09d1785e8.rna_seq.augmented_star_gene_counts.tsv"	"complete"	"4263861"	"b21eebd9bba4c54f16c4f89f6d5b55b0"	"b21eebd9bba4c54f16c4f89f6d5b55b0"	"downloaded; official GDC MD5 verified"
"2026-09-14 06:38:14 UTC"	"TCGA_ESCA_ESCC_primary"	"KLA31_10"	"33e14a38-fe72-4f6f-9718-0832f604751a"	"gdc_star_counts/TCGA_ESCA_ESCC_primary/33e14a38-fe72-4f6f-9718-0832f604751a_43df530c-a518-456c-8840-d3dfd111fe56.rna_seq.augmented_star_gene_counts.tsv"	"complete"	"4248727"	"9dd4398d15d5b3993674725cdbee52d2"	"9dd4398d15d5b3993674725cdbee52d2"	"downloaded; official GDC MD5 verified"
"2026-09-14 06:38:23 UTC"	"TCGA_ESCA_ESCC_primary"	"KLA31_10"	"a6be8790-4ad8-427f-bd24-1089bc7163b2"	"gdc_star_counts/TCGA_ESCA_ESCC_primary/a6be8790-4ad8-427f-bd24-1089bc7163b2_eae91070-e936-467a-9812-42c91d0f4f39.rna_seq.augmented_star_gene_counts.tsv"	"complete"	"4254136"	"d01b56194108930fbe28f5cf52995c01"	"d01b56194108930fbe28f5cf52995c01"	"downloaded; official GDC MD5 verified"
"2026-09-14 06:38:32 UTC"	"TCGA_ESCA_ESCC_primary"	"KLA31_10"	"29a2bd75-639e-4644-87a0-1291cf418816"	"gdc_star_counts/TCGA_ESCA_ESCC_primary/29a2bd75-639e-4644-87a0-1291cf418816_00d30246-7d61-46e0-a31f-c94b77be4b27.rna_seq.augmented_star_gene_counts.tsv"	"complete"	"4258004"	"1538e9b433d903bb811cbe0847489f6d"	"1538e9b433d903bb811cbe0847489f6d"	"downloaded; official GDC MD5 verified"
"2026-09-14 06:38:40 UTC"	"TCGA_ESCA_ESCC_primary"	"KLA31_10"	"5683ea23-c526-4228-8d49-9ead750dc075"	"gdc_star_counts/TCGA_ESCA_ESCC_primary/5683ea23-c526-4228-8d49-9ead750dc075_1ae96df8-a767-4ffb-bb3e-e06298de648f.rna_seq.augmented_star_gene_counts.tsv"	"complete"	"4263188"	"0c1c06716aa6735d0024fff5ccb07fdb"	"0c1c06716aa6735d0024fff5ccb07fdb"	"downloaded; official GDC MD5 verified"
"2026-09-14 06:38:49 UTC"	"TCGA_ESCA_ESCC_primary"	"KLA31_10"	"f2bceb75-59a6-41bb-a9b8-7d01115e3049"	"gdc_star_counts/TCGA_ESCA_ESCC_primary/f2bceb75-59a6-41bb-a9b8-7d01115e3049_1e7f53b5-ba83-4f7e-913c-d270f798ff8f.rna_seq.augmented_star_gene_counts.tsv"	"complete"	"4249303"	"49f6fb1a95f25f52061bd7e1c71ce71a"	"49f6fb1a95f25f52061bd7e1c71ce71a"	"downloaded; official GDC MD5 verified"
"2026-09-14 06:38:57 UTC"	"TCGA_ESCA_ESCC_primary"	"KLA31_10"	"fdcd94be-156b-409e-b1fc-9cf03b6b72a4"	"gdc_star_counts/TCGA_ESCA_ESCC_primary/fdcd94be-156b-409e-b1fc-9cf03b6b72a4_023b5710-65a2-4990-a708-3f375df39241.rna_seq.augmented_star_gene_counts.tsv"	"complete"	"4251625"	"c150a569fbb5b05b167bf92407116e66"	"c150a569fbb5b05b167bf92407116e66"	"downloaded; official GDC MD5 verified"
"2026-09-14 06:39:03 UTC"	"TCGA_ESCA_ESCC_primary"	"KLA31_10"	"6cfde34c-206f-4dfe-8fc0-b3cff1790dea"	"gdc_star_counts/TCGA_ESCA_ESCC_primary/6cfde34c-206f-4dfe-8fc0-b3cff1790dea_2e7df52e-0479-47f9-9b6b-a83a5f885db4.rna_seq.augmented_star_gene_counts.tsv"	"complete"	"4247968"	"214017398325fdc5c4d1edebb8b7f67c"	"214017398325fdc5c4d1edebb8b7f67c"	"downloaded; official GDC MD5 verified"
"2026-09-14 06:39:15 UTC"	"TCGA_ESCA_ESCC_primary"	"KLA31_10"	"3412ce4c-d5fd-4dd8-b960-11db35bd1a6e"	"gdc_star_counts/TCGA_ESCA_ESCC_primary/3412ce4c-d5fd-4dd8-b960-11db35bd1a6e_59013513-c288-4f2f-b1d6-65d6c5319336.rna_seq.augmented_star_gene_counts.tsv"	"complete"	"4262167"	"7f3a49e3e034305ec8108ba5744f2bcd"	"7f3a49e3e034305ec8108ba5744f2bcd"	"downloaded; official GDC MD5 verified"
"2026-09-14 06:39:26 UTC"	"TCGA_ESCA_ESCC_primary"	"KLA31_10"	"0ce61a55-d51b-4013-ab17-678dda582b7a"	"gdc_star_counts/TCGA_ESCA_ESCC_primary/0ce61a55-d51b-4013-ab17-678dda582b7a_d7601fe4-c59e-438a-a5f4-06e49fbb36d1.rna_seq.augmented_star_gene_counts.tsv"	"complete"	"4256488"	"2e476bbe48c4c5078c4e476b111cb673"	"2e476bbe48c4c5078c4e476b111cb673"	"downloaded; official GDC MD5 verified"
"2026-09-14 06:39:32 UTC"	"TCGA_ESCA_ESCC_primary"	"KLA31_10"	"837636c2-4481-4b5c-b597-90d60105d2fa"	"gdc_star_counts/TCGA_ESCA_ESCC_primary/837636c2-4481-4b5c-b597-90d60105d2fa_ec2364b9-8be2-43e5-b8b2-5ec0035ac08a.rna_seq.augmented_star_gene_counts.tsv"	"complete"	"4247933"	"c5feacc4925bbf0621345dc07b7bd14c"	"c5feacc4925bbf0621345dc07b7bd14c"	"downloaded; official GDC MD5 verified"
"2026-09-14 06:39:39 UTC"	"TCGA_ESCA_ESCC_primary"	"KLA31_10"	"7c5f2b75-abf9-45ef-9bb9-faadd02743a2"	"gdc_star_counts/TCGA_ESCA_ESCC_primary/7c5f2b75-abf9-45ef-9bb9-faadd02743a2_d62f7376-c86d-4b38-9bdd-67f3c704fa44.rna_seq.augmented_star_gene_counts.tsv"	"complete"	"4279543"	"769b3996faa2b4213edc50133b4d289f"	"769b3996faa2b4213edc50133b4d289f"	"downloaded; official GDC MD5 verified"
"2026-09-14 06:39:49 UTC"	"TCGA_ESCA_ESCC_primary"	"KLA31_10"	"33e72a89-07b6-453e-a490-d5f1c7aba407"	"gdc_star_counts/TCGA_ESCA_ESCC_primary/33e72a89-07b6-453e-a490-d5f1c7aba407_4e88e897-d68d-4ff4-9044-65780e0a8adb.rna_seq.augmented_star_gene_counts.tsv"	"complete"	"4251213"	"302047be06788fde8e97651326541eaa"	"302047be06788fde8e97651326541eaa"	"downloaded; official GDC MD5 verified"
"2026-09-14 06:39:58 UTC"	"TCGA_ESCA_ESCC_primary"	"KLA31_10"	"81809b94-bacf-4c86-b2e4-152224b36ce3"	"gdc_star_counts/TCGA_ESCA_ESCC_primary/81809b94-bacf-4c86-b2e4-152224b36ce3_94c32362-8660-4ed5-b29f-79be2de43c65.rna_seq.augmented_star_gene_counts.tsv"	"complete"	"4269616"	"3f0bfe5b75bc0182ec385134587e18f4"	"3f0bfe5b75bc0182ec385134587e18f4"	"downloaded; official GDC MD5 verified"
"2026-09-14 06:40:05 UTC"	"TCGA_ESCA_ESCC_primary"	"KLA31_10"	"c9625998-e679-4f0e-a5c9-705a6cf7b75f"	"gdc_star_counts/TCGA_ESCA_ESCC_primary/c9625998-e679-4f0e-a5c9-705a6cf7b75f_b37b6802-6e4f-4980-8fef-2f8171298648.rna_seq.augmented_star_gene_counts.tsv"	"complete"	"4254686"	"161c90c67bdfcd44e4cf8aa041cf5431"	"161c90c67bdfcd44e4cf8aa041cf5431"	"downloaded; official GDC MD5 verified"
"2026-09-14 06:40:14 UTC"	"TCGA_ESCA_ESCC_primary"	"KLA31_10"	"b381948c-a679-4666-b1a4-87c84aec259b"	"gdc_star_counts/TCGA_ESCA_ESCC_primary/b381948c-a679-4666-b1a4-87c84aec259b_32ac2b37-8236-4738-a265-623d4c7932ad.rna_seq.augmented_star_gene_counts.tsv"	"complete"	"4267407"	"4a14636e3383ce579b4210612b4c5d46"	"4a14636e3383ce579b4210612b4c5d46"	"downloaded; official GDC MD5 verified"
"2026-09-14 06:40:28 UTC"	"TCGA_ESCA_ESCC_primary"	"KLA31_10"	"c82aed75-4433-42db-adee-d1f72afb4511"	"gdc_star_counts/TCGA_ESCA_ESCC_primary/c82aed75-4433-42db-adee-d1f72afb4511_570385a8-f125-4b93-9c3c-d54c2ce8cd5c.rna_seq.augmented_star_gene_counts.tsv"	"complete"	"4252116"	"7d1e34078626e9aab4bdfba1ac619114"	"7d1e34078626e9aab4bdfba1ac619114"	"downloaded; official GDC MD5 verified"
"2026-09-14 06:40:39 UTC"	"TCGA_ESCA_ESCC_primary"	"KLA31_10"	"590af49d-2e1d-4cad-ab8c-9abe3c7558b0"	"gdc_star_counts/TCGA_ESCA_ESCC_primary/590af49d-2e1d-4cad-ab8c-9abe3c7558b0_40ac3474-e908-43db-861b-98e9bfb61739.rna_seq.augmented_star_gene_counts.tsv"	"complete"	"4267675"	"cf963850521b74345ba4f9ee87a0317c"	"cf963850521b74345ba4f9ee87a0317c"	"downloaded; official GDC MD5 verified"
"2026-09-14 06:40:50 UTC"	"TCGA_ESCA_ESCC_primary"	"KLA31_10"	"0eb4f524-bb16-45b4-bb35-caca16c11d80"	"gdc_star_counts/TCGA_ESCA_ESCC_primary/0eb4f524-bb16-45b4-bb35-caca16c11d80_32ecdc0f-80bb-47e9-bf3c-2bc90a2f5ecd.rna_seq.augmented_star_gene_counts.tsv"	"complete"	"4280580"	"314e08da6f504c702eb6009cd0f37b91"	"314e08da6f504c702eb6009cd0f37b91"	"downloaded; official GDC MD5 verified"
"2026-09-14 06:40:58 UTC"	"TCGA_ESCA_ESCC_primary"	"KLA31_10"	"f6cd2626-c571-4845-9258-791272228216"	"gdc_star_counts/TCGA_ESCA_ESCC_primary/f6cd2626-c571-4845-9258-791272228216_7c8709e7-2a0d-4c70-b8b5-86672a2204a0.rna_seq.augmented_star_gene_counts.tsv"	"complete"	"4268737"	"133b1c3f62fbb8be5deb98898ed50e1b"	"133b1c3f62fbb8be5deb98898ed50e1b"	"downloaded; official GDC MD5 verified"
"2026-09-14 06:41:05 UTC"	"TCGA_ESCA_ESCC_primary"	"KLA31_10"	"d4d31c00-36b3-4530-986d-9ecbaf2c4962"	"gdc_star_counts/TCGA_ESCA_ESCC_primary/d4d31c00-36b3-4530-986d-9ecbaf2c4962_190f26c2-99c5-4a26-8206-de736366fc0d.rna_seq.augmented_star_gene_counts.tsv"	"complete"	"4266403"	"1d68398874e22c8cc10240da56698004"	"1d68398874e22c8cc10240da56698004"	"downloaded; official GDC MD5 verified"
"2026-09-14 06:42:12 UTC"	"TCGA_ESCA_ESCC_primary"	"KLA31_10"	"a36c99ec-753c-4859-9082-b077434a3f23"	"gdc_star_counts/TCGA_ESCA_ESCC_primary/a36c99ec-753c-4859-9082-b077434a3f23_efee1a58-1e28-43d2-92bf-37f8b9107312.rna_seq.augmented_star_gene_counts.tsv"	"complete"	"4264013"	"f4f2c72cc8ae58c28bda7b6f03927c77"	"f4f2c72cc8ae58c28bda7b6f03927c77"	"downloaded; official GDC MD5 verified"
"2026-09-14 06:42:22 UTC"	"TCGA_ESCA_ESCC_primary"	"KLA31_10"	"e1761e53-d9a5-48fe-826c-23fffda882d8"	"gdc_star_counts/TCGA_ESCA_ESCC_primary/e1761e53-d9a5-48fe-826c-23fffda882d8_053aaba8-5c15-4a69-ba86-998202722bc7.rna_seq.augmented_star_gene_counts.tsv"	"complete"	"4257238"	"11840c29e497b4745b858662ae96b1f1"	"11840c29e497b4745b858662ae96b1f1"	"downloaded; official GDC MD5 verified"
"2026-09-14 06:42:29 UTC"	"TCGA_ESCA_ESCC_primary"	"KLA31_10"	"f7640e0a-892d-4387-bbe4-6b9aa3f2458f"	"gdc_star_counts/TCGA_ESCA_ESCC_primary/f7640e0a-892d-4387-bbe4-6b9aa3f2458f_6084ded9-a555-4496-80bd-fdfc31b74eb9.rna_seq.augmented_star_gene_counts.tsv"	"complete"	"4212908"	"2db9d334156493b6bf573f17a83a4d79"	"2db9d334156493b6bf573f17a83a4d79"	"downloaded; official GDC MD5 verified"
"2026-09-14 06:42:40 UTC"	"TCGA_ESCA_ESCC_primary"	"KLA31_10"	"d5ae7f6a-d1ec-4354-aff3-537aabe4de35"	"gdc_star_counts/TCGA_ESCA_ESCC_primary/d5ae7f6a-d1ec-4354-aff3-537aabe4de35_ebab691f-e77d-4ded-9302-0d29998be570.rna_seq.augmented_star_gene_counts.tsv"	"complete"	"4275622"	"543b9299d569e7ce4afcfbb4d9dbb77b"	"543b9299d569e7ce4afcfbb4d9dbb77b"	"downloaded; official GDC MD5 verified"
"2026-09-14 06:42:49 UTC"	"TCGA_ESCA_ESCC_primary"	"KLA31_10"	"6ab63a54-2be7-40f9-b92f-e06d6d442409"	"gdc_star_counts/TCGA_ESCA_ESCC_primary/6ab63a54-2be7-40f9-b92f-e06d6d442409_1869b5e4-ce54-408a-b586-756081cf17b1.rna_seq.augmented_star_gene_counts.tsv"	"complete"	"4263416"	"d9d57a51a10df9378dd833acd5276e92"	"d9d57a51a10df9378dd833acd5276e92"	"downloaded; official GDC MD5 verified"
"2026-09-14 06:43:02 UTC"	"TCGA_ESCA_ESCC_primary"	"KLA31_10"	"88b1ed47-597c-4a3c-a242-3af9dd0e4bc0"	"gdc_star_counts/TCGA_ESCA_ESCC_primary/88b1ed47-597c-4a3c-a242-3af9dd0e4bc0_741d7905-12a4-4c7a-bee5-bcf26bafc401.rna_seq.augmented_star_gene_counts.tsv"	"complete"	"4272438"	"291dfcdea94e52a7ce0efbea8c53dfb4"	"291dfcdea94e52a7ce0efbea8c53dfb4"	"downloaded; official GDC MD5 verified"
"2026-09-14 06:43:16 UTC"	"TCGA_ESCA_ESCC_primary"	"KLA31_10"	"bb46375f-b293-426a-bab9-02972e469b71"	"gdc_star_counts/TCGA_ESCA_ESCC_primary/bb46375f-b293-426a-bab9-02972e469b71_871c8a6d-f3be-4adb-a7f8-56a66f89248b.rna_seq.augmented_star_gene_counts.tsv"	"complete"	"4256133"	"c087a1a5be587d4a2fbf2d1f8cec1052"	"c087a1a5be587d4a2fbf2d1f8cec1052"	"downloaded; official GDC MD5 verified"
"2026-09-14 06:43:27 UTC"	"TCGA_ESCA_ESCC_primary"	"KLA31_10"	"af3d13d4-253b-461e-b73b-988188fc4f89"	"gdc_star_counts/TCGA_ESCA_ESCC_primary/af3d13d4-253b-461e-b73b-988188fc4f89_a7bacbd2-d9c5-4264-b03c-c22f0f1c900a.rna_seq.augmented_star_gene_counts.tsv"	"complete"	"4271324"	"e136d5f45ba6d1eb9d8c073241518259"	"e136d5f45ba6d1eb9d8c073241518259"	"downloaded; official GDC MD5 verified"
"2026-09-14 06:43:33 UTC"	"TCGA_ESCA_ESCC_primary"	"KLA31_10"	"e5f4fdb1-032a-41d2-a19e-477035dc05e3"	"gdc_star_counts/TCGA_ESCA_ESCC_primary/e5f4fdb1-032a-41d2-a19e-477035dc05e3_351fc89c-5bc6-4ae3-bfb6-e6271a02b918.rna_seq.augmented_star_gene_counts.tsv"	"complete"	"4242641"	"e590a57b31260ba09aa7280ba203f30d"	"e590a57b31260ba09aa7280ba203f30d"	"downloaded; official GDC MD5 verified"
"2026-09-14 06:43:44 UTC"	"TCGA_ESCA_ESCC_primary"	"KLA31_10"	"62ad27b6-e198-4328-b142-513f089b686b"	"gdc_star_counts/TCGA_ESCA_ESCC_primary/62ad27b6-e198-4328-b142-513f089b686b_91ef3807-6f15-403e-9386-b504aad0550c.rna_seq.augmented_star_gene_counts.tsv"	"complete"	"4256685"	"6f089f6bd26a8adbb73674f7b59c373a"	"6f089f6bd26a8adbb73674f7b59c373a"	"downloaded; official GDC MD5 verified"
"2026-09-14 06:43:53 UTC"	"TCGA_ESCA_ESCC_primary"	"KLA31_10"	"aa1787bb-5f73-43c2-b398-ddb74b691816"	"gdc_star_counts/TCGA_ESCA_ESCC_primary/aa1787bb-5f73-43c2-b398-ddb74b691816_3bda7663-7e41-46cd-b99d-c3338baa3403.rna_seq.augmented_star_gene_counts.tsv"	"complete"	"4239558"	"8575e0ce489478566f46d6aae850f70a"	"8575e0ce489478566f46d6aae850f70a"	"downloaded; official GDC MD5 verified"
"2026-09-14 06:43:59 UTC"	"TCGA_ESCA_ESCC_primary"	"KLA31_10"	"43110580-9da2-481e-876a-ccd65cfa79df"	"gdc_star_counts/TCGA_ESCA_ESCC_primary/43110580-9da2-481e-876a-ccd65cfa79df_f82c185d-1e28-4380-8c4c-529d45c4f1c2.rna_seq.augmented_star_gene_counts.tsv"	"complete"	"4279441"	"186e5457d7ebb8f21fe543e2b2cab494"	"186e5457d7ebb8f21fe543e2b2cab494"	"downloaded; official GDC MD5 verified"
"2026-09-14 06:44:05 UTC"	"TCGA_ESCA_ESCC_primary"	"KLA31_10"	"260a7c28-c583-4eb9-bbc1-acb60abfebf1"	"gdc_star_counts/TCGA_ESCA_ESCC_primary/260a7c28-c583-4eb9-bbc1-acb60abfebf1_2aa19394-a3c5-4c0b-9529-6d655bf7eeb3.rna_seq.augmented_star_gene_counts.tsv"	"complete"	"4251216"	"02b134212a1ada7828c5fd2f95817fdb"	"02b134212a1ada7828c5fd2f95817fdb"	"downloaded; official GDC MD5 verified"
"2026-09-14 06:44:13 UTC"	"TCGA_ESCA_ESCC_primary"	"KLA31_10"	"619df64d-aef7-48a8-8f9b-c4b99354285c"	"gdc_star_counts/TCGA_ESCA_ESCC_primary/619df64d-aef7-48a8-8f9b-c4b99354285c_22211efe-085f-4690-ada1-95e4c5728823.rna_seq.augmented_star_gene_counts.tsv"	"complete"	"4260294"	"9375ea843acbb947a56180e4dc1acfb8"	"9375ea843acbb947a56180e4dc1acfb8"	"downloaded; official GDC MD5 verified"
"2026-09-14 06:44:27 UTC"	"TCGA_ESCA_ESCC_primary"	"KLA31_10"	"f93a5bc3-4606-4fe4-9ecc-bf70564025b8"	"gdc_star_counts/TCGA_ESCA_ESCC_primary/f93a5bc3-4606-4fe4-9ecc-bf70564025b8_98bdae86-8900-40eb-a698-86aae463fe01.rna_seq.augmented_star_gene_counts.tsv"	"complete"	"4253683"	"25278f877f50e860b761006ef0c1d5db"	"25278f877f50e860b761006ef0c1d5db"	"downloaded; official GDC MD5 verified"
"2026-09-14 06:44:32 UTC"	"TCGA_ESCA_ESCC_primary"	"KLA31_10"	"a7087b0e-0488-4ffc-ab81-77ec5c7826b3"	"gdc_star_counts/TCGA_ESCA_ESCC_primary/a7087b0e-0488-4ffc-ab81-77ec5c7826b3_05b944b7-1530-45ca-9207-b93ac3db096f.rna_seq.augmented_star_gene_counts.tsv"	"complete"	"4256462"	"9fe1a6768398737a4e6b752028680765"	"9fe1a6768398737a4e6b752028680765"	"downloaded; official GDC MD5 verified"
"2026-09-14 06:44:40 UTC"	"TCGA_ESCA_ESCC_primary"	"KLA31_10"	"cf0f4418-539f-4fa7-8fe3-4e4f8729f991"	"gdc_star_counts/TCGA_ESCA_ESCC_primary/cf0f4418-539f-4fa7-8fe3-4e4f8729f991_36743aca-e9b2-4c02-abcc-79ee4721b98f.rna_seq.augmented_star_gene_counts.tsv"	"complete"	"4265175"	"81c6c5e797308bde563c9574b227f1c8"	"81c6c5e797308bde563c9574b227f1c8"	"downloaded; official GDC MD5 verified"
"2026-09-14 06:44:49 UTC"	"TCGA_ESCA_ESCC_primary"	"KLA31_10"	"42a0f086-c20b-41d8-a61d-cc71a4f1dec0"	"gdc_star_counts/TCGA_ESCA_ESCC_primary/42a0f086-c20b-41d8-a61d-cc71a4f1dec0_06dee8cd-d663-4fa0-950d-d128887a3af5.rna_seq.augmented_star_gene_counts.tsv"	"complete"	"4266659"	"dc55d1e318fff912d72909a1d0377bf7"	"dc55d1e318fff912d72909a1d0377bf7"	"downloaded; official GDC MD5 verified"
"2026-09-14 06:44:59 UTC"	"TCGA_ESCA_ESCC_primary"	"KLA31_10"	"4f3b7ef0-41a1-4cf2-bbb9-9230e34307e4"	"gdc_star_counts/TCGA_ESCA_ESCC_primary/4f3b7ef0-41a1-4cf2-bbb9-9230e34307e4_a45377db-0007-46e5-8cf2-752100932af8.rna_seq.augmented_star_gene_counts.tsv"	"complete"	"4255108"	"143e8c14f4f8d9b2e00e51b0ecbe4441"	"143e8c14f4f8d9b2e00e51b0ecbe4441"	"downloaded; official GDC MD5 verified"
"2026-09-14 06:45:05 UTC"	"TCGA_ESCA_ESCC_primary"	"KLA31_10"	"a8de1633-a9c4-49f2-8b74-979182eb30dd"	"gdc_star_counts/TCGA_ESCA_ESCC_primary/a8de1633-a9c4-49f2-8b74-979182eb30dd_cb8f09d2-20e2-4236-9bc8-45bf4c019ab2.rna_seq.augmented_star_gene_counts.tsv"	"complete"	"4260197"	"19a398541e5ca0f75f28196858e17d6b"	"19a398541e5ca0f75f28196858e17d6b"	"downloaded; official GDC MD5 verified"
"2026-09-14 06:45:15 UTC"	"TCGA_ESCA_ESCC_primary"	"KLA31_10"	"46a66700-1f44-46cf-8a86-e6d328a14808"	"gdc_star_counts/TCGA_ESCA_ESCC_primary/46a66700-1f44-46cf-8a86-e6d328a14808_807b20b4-917d-4c6b-9389-9083264ffe76.rna_seq.augmented_star_gene_counts.tsv"	"complete"	"4256069"	"8b1be90b1ad25d3deb2a72cdc250ba7c"	"8b1be90b1ad25d3deb2a72cdc250ba7c"	"downloaded; official GDC MD5 verified"
"2026-09-14 06:45:26 UTC"	"TCGA_ESCA_ESCC_primary"	"KLA31_10"	"7a06370c-779f-406b-824b-2b380fba0feb"	"gdc_star_counts/TCGA_ESCA_ESCC_primary/7a06370c-779f-406b-824b-2b380fba0feb_293f70da-e676-4781-beb6-6c6c31ee170d.rna_seq.augmented_star_gene_counts.tsv"	"complete"	"4256731"	"a1c3b19c3787ff98acd30a45b1410e98"	"a1c3b19c3787ff98acd30a45b1410e98"	"downloaded; official GDC MD5 verified"
"2026-09-14 06:45:31 UTC"	"TCGA_ESCA_ESCC_primary"	"KLA31_10"	"40e8ba90-628d-4090-8ca6-f264670c7985"	"gdc_star_counts/TCGA_ESCA_ESCC_primary/40e8ba90-628d-4090-8ca6-f264670c7985_2ca5a1ab-9d4d-4d4d-b4c3-c52a38f7fb7c.rna_seq.augmented_star_gene_counts.tsv"	"complete"	"4281015"	"b5b36587929ef096dd8ad1357ec03763"	"b5b36587929ef096dd8ad1357ec03763"	"downloaded; official GDC MD5 verified"
"2026-09-14 06:45:42 UTC"	"TCGA_ESCA_ESCC_primary"	"KLA31_10"	"c7c414a4-03d6-496d-ac96-765f24541e20"	"gdc_star_counts/TCGA_ESCA_ESCC_primary/c7c414a4-03d6-496d-ac96-765f24541e20_68715aea-08dc-4f8a-b36a-202af2e73597.rna_seq.augmented_star_gene_counts.tsv"	"complete"	"4254031"	"46e78879b8ab395750d9f8fd1e2e860b"	"46e78879b8ab395750d9f8fd1e2e860b"	"downloaded; official GDC MD5 verified"
"2026-09-14 06:45:52 UTC"	"TCGA_ESCA_ESCC_primary"	"KLA31_10"	"7e133d51-0d80-4066-82d3-cb70165bfaeb"	"gdc_star_counts/TCGA_ESCA_ESCC_primary/7e133d51-0d80-4066-82d3-cb70165bfaeb_12e4a3f8-3b32-4bd2-b86f-0158a2df787e.rna_seq.augmented_star_gene_counts.tsv"	"complete"	"4275984"	"4e3cd7c2f38d075171246cf34b71fcfc"	"4e3cd7c2f38d075171246cf34b71fcfc"	"downloaded; official GDC MD5 verified"
"2026-09-14 06:46:01 UTC"	"TCGA_ESCA_ESCC_primary"	"KLA31_10"	"66197d08-162e-4eb8-8c71-947ab52db06c"	"gdc_star_counts/TCGA_ESCA_ESCC_primary/66197d08-162e-4eb8-8c71-947ab52db06c_cf39d772-dc32-4888-a126-0bed46ddd327.rna_seq.augmented_star_gene_counts.tsv"	"complete"	"4270178"	"a1ae1bd3a12115cff8ee350fbf54403d"	"a1ae1bd3a12115cff8ee350fbf54403d"	"downloaded; official GDC MD5 verified"
"2026-09-14 06:46:10 UTC"	"TCGA_ESCA_ESCC_primary"	"KLA31_10"	"0be8ee2e-2e57-4b53-8ad8-f1cd4ae45980"	"gdc_star_counts/TCGA_ESCA_ESCC_primary/0be8ee2e-2e57-4b53-8ad8-f1cd4ae45980_eec21f58-5581-4eb9-8b8e-f839ae145494.rna_seq.augmented_star_gene_counts.tsv"	"complete"	"4257319"	"b8852273bebea0e9426df25c71fdf477"	"b8852273bebea0e9426df25c71fdf477"	"downloaded; official GDC MD5 verified"
"2026-09-14 06:46:19 UTC"	"TCGA_ESCA_ESCC_primary"	"KLA31_10"	"62d2308d-0021-4c1b-a164-8cacb7dc901d"	"gdc_star_counts/TCGA_ESCA_ESCC_primary/62d2308d-0021-4c1b-a164-8cacb7dc901d_8284c4f4-42f4-4975-80c6-3462ae50b7c7.rna_seq.augmented_star_gene_counts.tsv"	"complete"	"4259513"	"ad814cad8aabfee3784c626aec655ae1"	"ad814cad8aabfee3784c626aec655ae1"	"downloaded; official GDC MD5 verified"
"2026-09-14 06:46:28 UTC"	"TCGA_ESCA_ESCC_primary"	"KLA31_10"	"03b4d0b2-3882-4273-a543-4b8690f33c95"	"gdc_star_counts/TCGA_ESCA_ESCC_primary/03b4d0b2-3882-4273-a543-4b8690f33c95_708cd0e0-63bd-4728-b348-ee25ebfa98be.rna_seq.augmented_star_gene_counts.tsv"	"complete"	"4253913"	"4ab5aa8969a9a54ea388e8d4d34e5175"	"4ab5aa8969a9a54ea388e8d4d34e5175"	"downloaded; official GDC MD5 verified"
"2026-09-14 06:46:37 UTC"	"TCGA_ESCA_ESCC_primary"	"KLA31_10"	"f3832f7d-8fcf-407b-9b6a-8239fcfd9cce"	"gdc_star_counts/TCGA_ESCA_ESCC_primary/f3832f7d-8fcf-407b-9b6a-8239fcfd9cce_fe1c21a3-bac4-4810-bc47-75563c64410a.rna_seq.augmented_star_gene_counts.tsv"	"complete"	"4270428"	"e1626028d12cb87d4a97d28b990f753b"	"e1626028d12cb87d4a97d28b990f753b"	"downloaded; official GDC MD5 verified"
"2026-09-14 06:46:46 UTC"	"TCGA_ESCA_ESCC_primary"	"KLA31_10"	"8486af33-c5e0-4875-87a1-2527e662bd39"	"gdc_star_counts/TCGA_ESCA_ESCC_primary/8486af33-c5e0-4875-87a1-2527e662bd39_c36e77d2-e756-4486-af59-3637dcf3dadb.rna_seq.augmented_star_gene_counts.tsv"	"complete"	"4268797"	"3001ffe16ed2b1a554e412c3a43fd446"	"3001ffe16ed2b1a554e412c3a43fd446"	"downloaded; official GDC MD5 verified"
"2026-09-14 06:46:56 UTC"	"TCGA_ESCA_ESCC_primary"	"KLA31_10"	"37a80e3a-e133-45dd-8bd3-28669074c625"	"gdc_star_counts/TCGA_ESCA_ESCC_primary/37a80e3a-e133-45dd-8bd3-28669074c625_9eaa82ff-181f-4670-8afb-f52c1a016f4c.rna_seq.augmented_star_gene_counts.tsv"	"complete"	"4278997"	"6a48921ef6833216426abd7f9681d139"	"6a48921ef6833216426abd7f9681d139"	"downloaded; official GDC MD5 verified"
"2026-09-14 06:47:04 UTC"	"TCGA_ESCA_ESCC_primary"	"KLA31_10"	"829cec76-5e10-474e-93a1-797a01b99aca"	"gdc_star_counts/TCGA_ESCA_ESCC_primary/829cec76-5e10-474e-93a1-797a01b99aca_27fe2b17-4ffe-4643-b971-2a711a75a1b4.rna_seq.augmented_star_gene_counts.tsv"	"complete"	"4250634"	"dcd7e6f608eef83bfd1c8336e056a5a2"	"dcd7e6f608eef83bfd1c8336e056a5a2"	"downloaded; official GDC MD5 verified"
"2026-09-14 06:47:12 UTC"	"TCGA_ESCA_ESCC_primary"	"KLA31_10"	"fa34805a-cc10-45bf-a02d-b0e8ccd78cbb"	"gdc_star_counts/TCGA_ESCA_ESCC_primary/fa34805a-cc10-45bf-a02d-b0e8ccd78cbb_cc1bf687-9f58-4f6a-b370-73a859e9750e.rna_seq.augmented_star_gene_counts.tsv"	"complete"	"4263416"	"0108d770e05c0d34eabcf143007f4230"	"0108d770e05c0d34eabcf143007f4230"	"downloaded; official GDC MD5 verified"
"2026-09-14 06:47:21 UTC"	"TCGA_ESCA_ESCC_primary"	"KLA31_10"	"c3c34a48-b925-45a4-961f-0cc7bd65e4ef"	"gdc_star_counts/TCGA_ESCA_ESCC_primary/c3c34a48-b925-45a4-961f-0cc7bd65e4ef_55eec846-70c3-43f3-8d7c-6cf53837ea1f.rna_seq.augmented_star_gene_counts.tsv"	"complete"	"4256648"	"668f0e565cdc309928f129a3764d0cd8"	"668f0e565cdc309928f129a3764d0cd8"	"downloaded; official GDC MD5 verified"
"2026-09-14 06:47:29 UTC"	"TCGA_ESCA_ESCC_primary"	"KLA31_10"	"5f079156-3f7a-441a-a78a-0a0205999399"	"gdc_star_counts/TCGA_ESCA_ESCC_primary/5f079156-3f7a-441a-a78a-0a0205999399_8d3bccb9-52df-4353-ad50-bea02fbd25a7.rna_seq.augmented_star_gene_counts.tsv"	"complete"	"4242091"	"004d7beab9eaa6cc26027a596efa12fc"	"004d7beab9eaa6cc26027a596efa12fc"	"downloaded; official GDC MD5 verified"
"2026-09-14 06:47:34 UTC"	"TCGA_ESCA_ESCC_primary"	"KLA31_10"	"66fe2eeb-bee2-4ff6-ba2c-c2aa943cc5a1"	"gdc_star_counts/TCGA_ESCA_ESCC_primary/66fe2eeb-bee2-4ff6-ba2c-c2aa943cc5a1_1cee901c-24b2-4de9-8387-656a54c9a7cc.rna_seq.augmented_star_gene_counts.tsv"	"complete"	"4255994"	"19a999dd498f78aeaaaacac79d1da990"	"19a999dd498f78aeaaaacac79d1da990"	"downloaded; official GDC MD5 verified"
"2026-09-14 06:47:42 UTC"	"TCGA_ESCA_ESCC_primary"	"KLA31_10"	"0c9322c1-82bf-40b8-9234-e4dbe04895d1"	"gdc_star_counts/TCGA_ESCA_ESCC_primary/0c9322c1-82bf-40b8-9234-e4dbe04895d1_e4eaa3f8-d194-47a0-a7db-4bd04669bacd.rna_seq.augmented_star_gene_counts.tsv"	"complete"	"4239952"	"22951aa4e4f01ca8908261c69544f557"	"22951aa4e4f01ca8908261c69544f557"	"downloaded; official GDC MD5 verified"
"2026-09-14 06:47:56 UTC"	"TCGA_ESCA_ESCC_primary"	"KLA31_10"	"fc5aa337-e4e8-49f4-b480-cf00c674a8d0"	"gdc_star_counts/TCGA_ESCA_ESCC_primary/fc5aa337-e4e8-49f4-b480-cf00c674a8d0_98165f73-0bbe-4b8d-89d5-0a6725515458.rna_seq.augmented_star_gene_counts.tsv"	"complete"	"4244571"	"bab27c64e372c1efce397ac9850cbd5e"	"bab27c64e372c1efce397ac9850cbd5e"	"downloaded; official GDC MD5 verified"
"2026-09-14 06:48:01 UTC"	"TCGA_ESCA_ESCC_primary"	"KLA31_10"	"e44857e7-6085-4407-b119-eaee368fcc7b"	"gdc_star_counts/TCGA_ESCA_ESCC_primary/e44857e7-6085-4407-b119-eaee368fcc7b_0934e9a4-f103-43e5-9998-49a8a01ac274.rna_seq.augmented_star_gene_counts.tsv"	"complete"	"4255546"	"43a84fe54adfba7d7f4387ab52ec0c4c"	"43a84fe54adfba7d7f4387ab52ec0c4c"	"downloaded; official GDC MD5 verified"
"2026-09-14 06:48:08 UTC"	"TCGA_ESCA_ESCC_primary"	"KLA31_10"	"4735bd0e-5215-441a-9bf8-1c060f4c5cca"	"gdc_star_counts/TCGA_ESCA_ESCC_primary/4735bd0e-5215-441a-9bf8-1c060f4c5cca_21f58f56-41c0-4947-b2c2-1c241ccc7de8.rna_seq.augmented_star_gene_counts.tsv"	"complete"	"4249965"	"a553dcb2e8f8192ea459f5a5e237afaf"	"a553dcb2e8f8192ea459f5a5e237afaf"	"downloaded; official GDC MD5 verified"
"2026-09-14 06:48:17 UTC"	"TCGA_ESCA_ESCC_primary"	"KLA31_10"	"555169a8-4152-4c96-a7c6-c40a9d0452f4"	"gdc_star_counts/TCGA_ESCA_ESCC_primary/555169a8-4152-4c96-a7c6-c40a9d0452f4_7c08daa7-ed9e-4463-bb19-ec12d6458002.rna_seq.augmented_star_gene_counts.tsv"	"complete"	"4259778"	"a9cb15071bc821151912aebcd9af2c68"	"a9cb15071bc821151912aebcd9af2c68"	"downloaded; official GDC MD5 verified"
"2026-09-14 06:48:26 UTC"	"TCGA_ESCA_ESCC_primary"	"KLA31_10"	"402ceadc-218e-4139-8f7f-7607905deb86"	"gdc_star_counts/TCGA_ESCA_ESCC_primary/402ceadc-218e-4139-8f7f-7607905deb86_e7e12387-17b2-4b0a-b5a0-12b00c2902fb.rna_seq.augmented_star_gene_counts.tsv"	"complete"	"4257580"	"516f6eeb062bb7ec1416b6ffbd121f3a"	"516f6eeb062bb7ec1416b6ffbd121f3a"	"downloaded; official GDC MD5 verified"
"2026-09-14 06:48:32 UTC"	"TCGA_ESCA_ESCC_primary"	"KLA31_10"	"1e7a22a7-402d-4167-b14b-5684b2cf3236"	"gdc_star_counts/TCGA_ESCA_ESCC_primary/1e7a22a7-402d-4167-b14b-5684b2cf3236_61d3e2ef-4859-41ea-ab91-415482440bf7.rna_seq.augmented_star_gene_counts.tsv"	"complete"	"4240307"	"7a465253ca29ee0cfd875857cb544fb0"	"7a465253ca29ee0cfd875857cb544fb0"	"downloaded; official GDC MD5 verified"
"2026-09-14 06:48:39 UTC"	"TCGA_ESCA_ESCC_primary"	"KLA31_10"	"660b97df-4006-4e6c-b1dc-cd25915b5706"	"gdc_star_counts/TCGA_ESCA_ESCC_primary/660b97df-4006-4e6c-b1dc-cd25915b5706_60914bc8-62f9-4d58-8ada-e18077dbf07f.rna_seq.augmented_star_gene_counts.tsv"	"complete"	"4273149"	"90759ffeefb596d01dc00a78f5f318e5"	"90759ffeefb596d01dc00a78f5f318e5"	"downloaded; official GDC MD5 verified"
"2026-09-14 06:48:48 UTC"	"TCGA_ESCA_ESCC_primary"	"KLA31_10"	"f2419137-98b4-4df4-8df0-8dbf34512408"	"gdc_star_counts/TCGA_ESCA_ESCC_primary/f2419137-98b4-4df4-8df0-8dbf34512408_0ccf8045-c451-4d68-9441-3fe06df8fc75.rna_seq.augmented_star_gene_counts.tsv"	"complete"	"4255521"	"75085263cba93ef62d5048ba17816e5c"	"75085263cba93ef62d5048ba17816e5c"	"downloaded; official GDC MD5 verified"
"2026-09-14 06:48:58 UTC"	"TCGA_ESCA_ESCC_primary"	"KLA31_10"	"505d91b6-cd2e-44c8-b4db-84719ec7f0d5"	"gdc_star_counts/TCGA_ESCA_ESCC_primary/505d91b6-cd2e-44c8-b4db-84719ec7f0d5_41438263-115b-4301-8151-d1f8241533cf.rna_seq.augmented_star_gene_counts.tsv"	"complete"	"4248298"	"86c2e187c79f5bbe542d2449f819b2de"	"86c2e187c79f5bbe542d2449f819b2de"	"downloaded; official GDC MD5 verified"
"2026-09-14 06:49:08 UTC"	"TCGA_ESCA_ESCC_primary"	"KLA31_10"	"a5f873f0-50b6-44c4-8864-9651b3e26d8f"	"gdc_star_counts/TCGA_ESCA_ESCC_primary/a5f873f0-50b6-44c4-8864-9651b3e26d8f_de4f9407-b1e1-4377-a106-a7cc3a1cbd95.rna_seq.augmented_star_gene_counts.tsv"	"complete"	"4252072"	"e66c7394c0e128c1d4ba652d5a7c3986"	"e66c7394c0e128c1d4ba652d5a7c3986"	"downloaded; official GDC MD5 verified"
"2026-09-14 06:49:16 UTC"	"TCGA_ESCA_ESCC_primary"	"KLA31_10"	"642eb9b8-d39c-4023-b12a-db4583e00fcb"	"gdc_star_counts/TCGA_ESCA_ESCC_primary/642eb9b8-d39c-4023-b12a-db4583e00fcb_2ed3130c-8d5c-4e02-b82f-c9902759e10e.rna_seq.augmented_star_gene_counts.tsv"	"complete"	"4254420"	"928eee8b6b93461c42c27ca9c7f73954"	"928eee8b6b93461c42c27ca9c7f73954"	"downloaded; official GDC MD5 verified"
"2026-09-14 06:49:27 UTC"	"TCGA_ESCA_ESCC_primary"	"KLA31_10"	"d7125677-2783-418b-b8eb-e46b298bd063"	"gdc_star_counts/TCGA_ESCA_ESCC_primary/d7125677-2783-418b-b8eb-e46b298bd063_13b7031d-ac51-4ad8-b1f7-398647770de0.rna_seq.augmented_star_gene_counts.tsv"	"complete"	"4257225"	"4654ae3ca29964000f155a94ef052978"	"4654ae3ca29964000f155a94ef052978"	"downloaded; official GDC MD5 verified"
"2026-09-14 06:49:32 UTC"	"TCGA_ESCA_ESCC_primary"	"KLA31_10"	"52af6ad9-0f15-41d7-be46-ad779182194a"	"gdc_star_counts/TCGA_ESCA_ESCC_primary/52af6ad9-0f15-41d7-be46-ad779182194a_7ba292f3-160c-43d1-b8f7-c61579ae2234.rna_seq.augmented_star_gene_counts.tsv"	"complete"	"4254945"	"19b6466556876000da7ed77ea5482bce"	"19b6466556876000da7ed77ea5482bce"	"downloaded; official GDC MD5 verified"
"2026-09-14 06:49:40 UTC"	"TCGA_ESCA_ESCC_primary"	"KLA31_10"	"60728a3b-d0ad-4f02-b6cd-73ba4f99ca9a"	"gdc_star_counts/TCGA_ESCA_ESCC_primary/60728a3b-d0ad-4f02-b6cd-73ba4f99ca9a_9314fee1-2ed6-4b64-b0e0-267741e522b3.rna_seq.augmented_star_gene_counts.tsv"	"complete"	"4252516"	"e86869a5c6153ec446052bda15a2ff1a"	"e86869a5c6153ec446052bda15a2ff1a"	"downloaded; official GDC MD5 verified"
"2026-09-14 06:49:50 UTC"	"TCGA_ESCA_ESCC_primary"	"KLA31_10"	"255f00f9-7b20-47ca-ba22-0c3334370c47"	"gdc_star_counts/TCGA_ESCA_ESCC_primary/255f00f9-7b20-47ca-ba22-0c3334370c47_2b299bc2-41b1-4919-b533-ae1cf089271c.rna_seq.augmented_star_gene_counts.tsv"	"complete"	"4259031"	"6bb70352ce09c03d9e53dcac516c3958"	"6bb70352ce09c03d9e53dcac516c3958"	"downloaded; official GDC MD5 verified"
"2026-09-14 06:49:58 UTC"	"TCGA_ESCA_ESCC_primary"	"KLA31_10"	"1f3c9e02-97ae-4faf-8762-d025609099c3"	"gdc_star_counts/TCGA_ESCA_ESCC_primary/1f3c9e02-97ae-4faf-8762-d025609099c3_2a0ef4c7-4177-40be-a750-10738cea5880.rna_seq.augmented_star_gene_counts.tsv"	"complete"	"4267604"	"585390f8ac52fa158ce469ca797cd5a8"	"585390f8ac52fa158ce469ca797cd5a8"	"downloaded; official GDC MD5 verified"
"2026-09-14 06:50:08 UTC"	"TCGA_ESCA_ESCC_primary"	"KLA31_10"	"c31853a0-1973-4f63-96d2-03d78070300b"	"gdc_star_counts/TCGA_ESCA_ESCC_primary/c31853a0-1973-4f63-96d2-03d78070300b_65db7f55-3b15-43c0-b4ca-a9bd7e8c9c89.rna_seq.augmented_star_gene_counts.tsv"	"complete"	"4259847"	"95c74b7bce6b9094313ee4178aed6ad0"	"95c74b7bce6b9094313ee4178aed6ad0"	"downloaded; official GDC MD5 verified"
"2026-09-14 06:50:16 UTC"	"TCGA_ESCA_ESCC_primary"	"KLA31_10"	"b744fd0f-cddf-4277-87da-7810d551dd42"	"gdc_star_counts/TCGA_ESCA_ESCC_primary/b744fd0f-cddf-4277-87da-7810d551dd42_4fc22b47-3583-433a-abd3-73c10f555529.rna_seq.augmented_star_gene_counts.tsv"	"complete"	"4240208"	"8a703a2821c27e4aee2e713c0cb5a770"	"8a703a2821c27e4aee2e713c0cb5a770"	"downloaded; official GDC MD5 verified"
"2026-09-14 06:50:28 UTC"	"TCGA_ESCA_ESCC_primary"	"KLA31_10"	"676fd6d8-5287-4155-8d3b-b3dfc611cd8d"	"gdc_star_counts/TCGA_ESCA_ESCC_primary/676fd6d8-5287-4155-8d3b-b3dfc611cd8d_3f7c3e7d-6743-4895-8c3e-c741e78c0e50.rna_seq.augmented_star_gene_counts.tsv"	"complete"	"4307690"	"3eb41ec15565da12855879555d74a072"	"3eb41ec15565da12855879555d74a072"	"downloaded; official GDC MD5 verified"
"2026-09-14 06:50:33 UTC"	"TCGA_ESCA_ESCC_primary"	"KLA31_10"	"5693ee07-e666-4f90-b254-d5a3c6eeaa92"	"gdc_star_counts/TCGA_ESCA_ESCC_primary/5693ee07-e666-4f90-b254-d5a3c6eeaa92_2f7698fb-8837-4ad2-ae5d-b1a224c2953f.rna_seq.augmented_star_gene_counts.tsv"	"complete"	"4259994"	"fca9a2dd374f749180e957368a3b47a9"	"fca9a2dd374f749180e957368a3b47a9"	"downloaded; official GDC MD5 verified"
"2026-09-14 06:50:41 UTC"	"TCGA_ESCA_ESCC_primary"	"KLA31_10"	"7c0bd907-317a-4b44-8f21-4aaf1da64290"	"gdc_star_counts/TCGA_ESCA_ESCC_primary/7c0bd907-317a-4b44-8f21-4aaf1da64290_d49dc3a0-343d-4e0c-8c02-a909f87ad2b3.rna_seq.augmented_star_gene_counts.tsv"	"complete"	"4270756"	"cca1f987f8833862a3c6477fdb72f1bf"	"cca1f987f8833862a3c6477fdb72f1bf"	"downloaded; official GDC MD5 verified"
"2026-09-14 06:50:51 UTC"	"TCGA_PRAD_primary"	"KLA31_11"	"a4980c9c-6c37-46da-8db3-c60a1c29081f"	"gdc_star_counts/TCGA_PRAD_primary/a4980c9c-6c37-46da-8db3-c60a1c29081f_fc034f39-40c6-4e1c-bd2a-f4d6a97d2ed7.rna_seq.augmented_star_gene_counts.tsv"	"complete"	"4230145"	"253e64c59e3106320bb4cf1ef11b6121"	"253e64c59e3106320bb4cf1ef11b6121"	"downloaded; official GDC MD5 verified"
"2026-09-14 06:50:58 UTC"	"TCGA_PRAD_primary"	"KLA31_11"	"3dd6ff8a-0a2f-45e4-9790-ab0cc711e856"	"gdc_star_counts/TCGA_PRAD_primary/3dd6ff8a-0a2f-45e4-9790-ab0cc711e856_b0d86c72-de96-492a-8303-e536e925b94e.rna_seq.augmented_star_gene_counts.tsv"	"complete"	"4237777"	"7ed2e03f7350c7efdd80c2a263c2a2e2"	"7ed2e03f7350c7efdd80c2a263c2a2e2"	"downloaded; official GDC MD5 verified"
"2026-09-14 06:51:04 UTC"	"TCGA_PRAD_primary"	"KLA31_11"	"d7ac10be-13c0-4f14-adc2-f754a924195b"	"gdc_star_counts/TCGA_PRAD_primary/d7ac10be-13c0-4f14-adc2-f754a924195b_71468bc8-084e-4567-817d-3bbcebe7440e.rna_seq.augmented_star_gene_counts.tsv"	"complete"	"4250312"	"2a92b4e47ce6a8c6b3a54721cb38fa29"	"2a92b4e47ce6a8c6b3a54721cb38fa29"	"downloaded; official GDC MD5 verified"
"2026-09-14 06:51:12 UTC"	"TCGA_PRAD_primary"	"KLA31_11"	"42a3355a-6675-40ab-aa14-574ca369febd"	"gdc_star_counts/TCGA_PRAD_primary/42a3355a-6675-40ab-aa14-574ca369febd_6a2f4493-11e8-4bef-9408-9c0dd74e2849.rna_seq.augmented_star_gene_counts.tsv"	"complete"	"4247589"	"8d22361d67dfcb1e50e2d3dd9d475b55"	"8d22361d67dfcb1e50e2d3dd9d475b55"	"downloaded; official GDC MD5 verified"
"2026-09-14 06:51:21 UTC"	"TCGA_PRAD_primary"	"KLA31_11"	"8e36309d-1d81-4ed4-8052-afcace5765df"	"gdc_star_counts/TCGA_PRAD_primary/8e36309d-1d81-4ed4-8052-afcace5765df_f31f8590-4509-4c7d-81d6-0e899381c427.rna_seq.augmented_star_gene_counts.tsv"	"complete"	"4230082"	"9743409b27eef0b25c3b124b8216f8d5"	"9743409b27eef0b25c3b124b8216f8d5"	"downloaded; official GDC MD5 verified"
"2026-09-14 06:51:30 UTC"	"TCGA_PRAD_primary"	"KLA31_11"	"2ccb8c47-06f9-45fa-be90-7809f23b1bad"	"gdc_star_counts/TCGA_PRAD_primary/2ccb8c47-06f9-45fa-be90-7809f23b1bad_07ea0d0e-51d0-4704-ac0b-c37f72cd1a96.rna_seq.augmented_star_gene_counts.tsv"	"complete"	"4219688"	"1fc8441afbeb579809c2e18618bf01eb"	"1fc8441afbeb579809c2e18618bf01eb"	"downloaded; official GDC MD5 verified"
"2026-09-14 06:51:37 UTC"	"TCGA_PRAD_primary"	"KLA31_11"	"46b307c5-6602-4e38-ae08-835e0dd00e0f"	"gdc_star_counts/TCGA_PRAD_primary/46b307c5-6602-4e38-ae08-835e0dd00e0f_39233e09-c502-419c-b504-794c8fc42478.rna_seq.augmented_star_gene_counts.tsv"	"complete"	"4243949"	"2e57abb65e4e45009987a85ebe9267f2"	"2e57abb65e4e45009987a85ebe9267f2"	"downloaded; official GDC MD5 verified"
"2026-09-14 06:51:45 UTC"	"TCGA_PRAD_primary"	"KLA31_11"	"7f7b4d70-9b1e-4078-9fd5-1deaede9d7c8"	"gdc_star_counts/TCGA_PRAD_primary/7f7b4d70-9b1e-4078-9fd5-1deaede9d7c8_88149a61-af93-402b-9bf2-38497274a3fd.rna_seq.augmented_star_gene_counts.tsv"	"complete"	"4235559"	"31d3796afd307dc8eb4dd755d88c00f5"	"31d3796afd307dc8eb4dd755d88c00f5"	"downloaded; official GDC MD5 verified"
"2026-09-14 06:51:56 UTC"	"TCGA_PRAD_primary"	"KLA31_11"	"c3bd0a6e-47fb-4b2c-abdf-0b05330ca659"	"gdc_star_counts/TCGA_PRAD_primary/c3bd0a6e-47fb-4b2c-abdf-0b05330ca659_d1a2e5db-23bf-4eaf-98b6-e3609f7d543f.rna_seq.augmented_star_gene_counts.tsv"	"complete"	"4236190"	"9f32de73954ba2f016781df523513f04"	"9f32de73954ba2f016781df523513f04"	"downloaded; official GDC MD5 verified"
"2026-09-14 06:52:01 UTC"	"TCGA_PRAD_primary"	"KLA31_11"	"bb683708-6048-4c18-afd0-3cb48caaa2cc"	"gdc_star_counts/TCGA_PRAD_primary/bb683708-6048-4c18-afd0-3cb48caaa2cc_0ed0d0c4-7fdd-45b3-808d-0f9626cccde6.rna_seq.augmented_star_gene_counts.tsv"	"complete"	"4248308"	"29354c88fc09f09d54cd6e02d5805e06"	"29354c88fc09f09d54cd6e02d5805e06"	"downloaded; official GDC MD5 verified"
"2026-09-14 06:52:08 UTC"	"TCGA_PRAD_primary"	"KLA31_11"	"4b05d43c-d4a7-4045-b9b8-b1d8f521ac94"	"gdc_star_counts/TCGA_PRAD_primary/4b05d43c-d4a7-4045-b9b8-b1d8f521ac94_4e5bcc57-c204-40d3-840d-907193298d62.rna_seq.augmented_star_gene_counts.tsv"	"complete"	"4224471"	"990afd8dd8ef3a89cbea2583963dc6e2"	"990afd8dd8ef3a89cbea2583963dc6e2"	"downloaded; official GDC MD5 verified"
"2026-09-14 06:52:17 UTC"	"TCGA_PRAD_primary"	"KLA31_11"	"818519ed-b190-43b8-a065-600bf80ce572"	"gdc_star_counts/TCGA_PRAD_primary/818519ed-b190-43b8-a065-600bf80ce572_1cd0c754-f146-4f52-89b4-7e60ebeea281.rna_seq.augmented_star_gene_counts.tsv"	"complete"	"4236475"	"2ff308058b030acc67f0a6431d2a7d90"	"2ff308058b030acc67f0a6431d2a7d90"	"downloaded; official GDC MD5 verified"
"2026-09-14 06:52:27 UTC"	"TCGA_PRAD_primary"	"KLA31_11"	"39d4bd2a-57f2-4c81-b016-836820d9c6dd"	"gdc_star_counts/TCGA_PRAD_primary/39d4bd2a-57f2-4c81-b016-836820d9c6dd_24461e79-2ca6-43e7-b860-ab7879c81e4f.rna_seq.augmented_star_gene_counts.tsv"	"complete"	"4229861"	"5099caf18e0c85636bb12cd8718bd5b3"	"5099caf18e0c85636bb12cd8718bd5b3"	"downloaded; official GDC MD5 verified"
"2026-09-14 06:52:32 UTC"	"TCGA_PRAD_primary"	"KLA31_11"	"61a0ef9b-d4c2-4198-b58f-c395b2a0b331"	"gdc_star_counts/TCGA_PRAD_primary/61a0ef9b-d4c2-4198-b58f-c395b2a0b331_16eca87b-206a-4c2d-8ab7-f8c2fdb51b0e.rna_seq.augmented_star_gene_counts.tsv"	"complete"	"4243350"	"8781550cc3fb55ba4c0f4c3bd7c53d21"	"8781550cc3fb55ba4c0f4c3bd7c53d21"	"downloaded; official GDC MD5 verified"
"2026-09-14 06:52:43 UTC"	"TCGA_PRAD_primary"	"KLA31_11"	"e66b5762-22d5-401d-9cdd-e44a024894b0"	"gdc_star_counts/TCGA_PRAD_primary/e66b5762-22d5-401d-9cdd-e44a024894b0_a676be28-cf07-4811-9ed9-b8fb746d0573.rna_seq.augmented_star_gene_counts.tsv"	"complete"	"4245454"	"445700e9aec8a594089f54f2e55b4fd1"	"445700e9aec8a594089f54f2e55b4fd1"	"downloaded; official GDC MD5 verified"
"2026-09-14 06:52:52 UTC"	"TCGA_PRAD_primary"	"KLA31_11"	"ba8ec4db-0853-4295-9a73-951fd3970d2e"	"gdc_star_counts/TCGA_PRAD_primary/ba8ec4db-0853-4295-9a73-951fd3970d2e_ad0dd003-f7e3-4441-b49e-97af79d6750b.rna_seq.augmented_star_gene_counts.tsv"	"complete"	"4242496"	"d62221a5e27b86bfd601a276b38c5446"	"d62221a5e27b86bfd601a276b38c5446"	"downloaded; official GDC MD5 verified"
"2026-09-14 06:53:01 UTC"	"TCGA_PRAD_primary"	"KLA31_11"	"18212b0b-3e60-4ee7-a70e-b0c2182e99f0"	"gdc_star_counts/TCGA_PRAD_primary/18212b0b-3e60-4ee7-a70e-b0c2182e99f0_63f9828d-5525-4ff6-85ac-a639058d4f1f.rna_seq.augmented_star_gene_counts.tsv"	"complete"	"4239541"	"f2c7b4b2ee888d31d0daf77f3a30994d"	"f2c7b4b2ee888d31d0daf77f3a30994d"	"downloaded; official GDC MD5 verified"
"2026-09-14 06:53:07 UTC"	"TCGA_PRAD_primary"	"KLA31_11"	"ed4c9041-8ff3-40bf-8da9-d21bfba24442"	"gdc_star_counts/TCGA_PRAD_primary/ed4c9041-8ff3-40bf-8da9-d21bfba24442_ad69fc9a-e66d-4939-aa08-6544d10163ef.rna_seq.augmented_star_gene_counts.tsv"	"complete"	"4233632"	"b154628ecdb341deec41e7e95c46c4b4"	"b154628ecdb341deec41e7e95c46c4b4"	"downloaded; official GDC MD5 verified"
"2026-09-14 06:53:15 UTC"	"TCGA_PRAD_primary"	"KLA31_11"	"85030f8f-d674-4732-b272-9a05f4a7b0ec"	"gdc_star_counts/TCGA_PRAD_primary/85030f8f-d674-4732-b272-9a05f4a7b0ec_bdb22c1b-1bcd-4a49-bea2-3ac4b21b8303.rna_seq.augmented_star_gene_counts.tsv"	"complete"	"4241068"	"00115b0fff6e0a3cdb579e37f7a45726"	"00115b0fff6e0a3cdb579e37f7a45726"	"downloaded; official GDC MD5 verified"
"2026-09-14 06:53:24 UTC"	"TCGA_PRAD_primary"	"KLA31_11"	"fded7159-92d4-4aaf-b06b-1169cabdc1fa"	"gdc_star_counts/TCGA_PRAD_primary/fded7159-92d4-4aaf-b06b-1169cabdc1fa_9493a088-7cc8-4d7f-ad8b-946b9b9c4a2b.rna_seq.augmented_star_gene_counts.tsv"	"complete"	"4245083"	"e699c53725766828a36ed491688b1975"	"e699c53725766828a36ed491688b1975"	"downloaded; official GDC MD5 verified"
"2026-09-14 06:53:31 UTC"	"TCGA_PRAD_primary"	"KLA31_11"	"504e52c8-59b3-4df3-87eb-00c09df3c1d6"	"gdc_star_counts/TCGA_PRAD_primary/504e52c8-59b3-4df3-87eb-00c09df3c1d6_14f16400-7390-4e59-8f62-64b567d16e51.rna_seq.augmented_star_gene_counts.tsv"	"complete"	"4247856"	"ffdde842614fda1bca7d2c8da9f724ff"	"ffdde842614fda1bca7d2c8da9f724ff"	"downloaded; official GDC MD5 verified"
"2026-09-14 06:53:37 UTC"	"TCGA_PRAD_primary"	"KLA31_11"	"6c9d02b7-69b5-485b-a37e-2f5cb6baa354"	"gdc_star_counts/TCGA_PRAD_primary/6c9d02b7-69b5-485b-a37e-2f5cb6baa354_de57cc79-041e-44f4-b96d-75531db5bb65.rna_seq.augmented_star_gene_counts.tsv"	"complete"	"4249220"	"d75ca3027f75e1e8a40f3be6465834a5"	"d75ca3027f75e1e8a40f3be6465834a5"	"downloaded; official GDC MD5 verified"
"2026-09-14 06:53:46 UTC"	"TCGA_PRAD_primary"	"KLA31_11"	"4a6223cb-c6c7-4ef1-a6a5-a68b5808900c"	"gdc_star_counts/TCGA_PRAD_primary/4a6223cb-c6c7-4ef1-a6a5-a68b5808900c_8d291af5-8033-43f0-b908-7fc0fe2bea7c.rna_seq.augmented_star_gene_counts.tsv"	"complete"	"4231831"	"5641c5324ff26e0e53dd132f36e53536"	"5641c5324ff26e0e53dd132f36e53536"	"downloaded; official GDC MD5 verified"
"2026-09-14 06:53:56 UTC"	"TCGA_PRAD_primary"	"KLA31_11"	"47aee04e-7787-4947-9798-c7812ebbbe38"	"gdc_star_counts/TCGA_PRAD_primary/47aee04e-7787-4947-9798-c7812ebbbe38_83b5f9c7-bb87-43fe-ab6e-a368fe5a073f.rna_seq.augmented_star_gene_counts.tsv"	"complete"	"4230123"	"90dec041114590cc5423d1a93a2ca9f7"	"90dec041114590cc5423d1a93a2ca9f7"	"downloaded; official GDC MD5 verified"
"2026-09-14 06:54:01 UTC"	"TCGA_PRAD_primary"	"KLA31_11"	"40368d75-247c-46fb-bdaf-c71964fd762c"	"gdc_star_counts/TCGA_PRAD_primary/40368d75-247c-46fb-bdaf-c71964fd762c_c25bf73b-e757-4034-88b0-cc1f6d34ff1f.rna_seq.augmented_star_gene_counts.tsv"	"complete"	"4238699"	"1c3474ee75b980dea7985e1dd0b4274a"	"1c3474ee75b980dea7985e1dd0b4274a"	"downloaded; official GDC MD5 verified"
"2026-09-14 06:54:12 UTC"	"TCGA_PRAD_primary"	"KLA31_11"	"11ef7a70-afe8-4882-a705-20623aa0b3fb"	"gdc_star_counts/TCGA_PRAD_primary/11ef7a70-afe8-4882-a705-20623aa0b3fb_3ca55cbb-f5ea-48b3-9f4e-86676042660c.rna_seq.augmented_star_gene_counts.tsv"	"complete"	"4238954"	"f6dfc0db8218ebe7c05831cb6fb2fad1"	"f6dfc0db8218ebe7c05831cb6fb2fad1"	"downloaded; official GDC MD5 verified"
"2026-09-14 06:54:21 UTC"	"TCGA_PRAD_primary"	"KLA31_11"	"3e70206c-7845-45fe-b7f9-2e747372bb46"	"gdc_star_counts/TCGA_PRAD_primary/3e70206c-7845-45fe-b7f9-2e747372bb46_e12cd0a8-651a-4d9f-916f-fc5ebd3f3b24.rna_seq.augmented_star_gene_counts.tsv"	"complete"	"4235983"	"3683a8eef47f7a8460484b3323219d85"	"3683a8eef47f7a8460484b3323219d85"	"downloaded; official GDC MD5 verified"
"2026-09-14 06:54:28 UTC"	"TCGA_PRAD_primary"	"KLA31_11"	"1636439e-0fcd-46ba-8c1a-d4ac34d15ef0"	"gdc_star_counts/TCGA_PRAD_primary/1636439e-0fcd-46ba-8c1a-d4ac34d15ef0_20e1ab67-9d99-47d9-8c78-9a7d9f43ab1d.rna_seq.augmented_star_gene_counts.tsv"	"complete"	"4236785"	"2ce6c9b1f5361886e4110137f85b27dd"	"2ce6c9b1f5361886e4110137f85b27dd"	"downloaded; official GDC MD5 verified"
"2026-09-14 06:54:34 UTC"	"TCGA_PRAD_primary"	"KLA31_11"	"73577d97-5db6-4874-882d-e925809658dd"	"gdc_star_counts/TCGA_PRAD_primary/73577d97-5db6-4874-882d-e925809658dd_a911ae7d-a626-44d7-9004-48e9f01894a5.rna_seq.augmented_star_gene_counts.tsv"	"complete"	"4244013"	"24e6e1245da7d6aa10b845443757cb0c"	"24e6e1245da7d6aa10b845443757cb0c"	"downloaded; official GDC MD5 verified"
"2026-09-14 06:54:42 UTC"	"TCGA_PRAD_primary"	"KLA31_11"	"33567878-1c38-4db6-a079-65e20107d5e1"	"gdc_star_counts/TCGA_PRAD_primary/33567878-1c38-4db6-a079-65e20107d5e1_ba9a239e-08e7-4554-87b0-beddfb00ecd9.rna_seq.augmented_star_gene_counts.tsv"	"complete"	"4267285"	"303a21ba375bbba162635c3e97f4757b"	"303a21ba375bbba162635c3e97f4757b"	"downloaded; official GDC MD5 verified"
"2026-09-14 06:54:51 UTC"	"TCGA_PRAD_primary"	"KLA31_11"	"6f252e85-60a0-4c6f-9ce8-ba28cfc7c846"	"gdc_star_counts/TCGA_PRAD_primary/6f252e85-60a0-4c6f-9ce8-ba28cfc7c846_bae4d699-6a41-4618-bd14-9652f58511ce.rna_seq.augmented_star_gene_counts.tsv"	"complete"	"4257822"	"806da767ae1cffa64e39b0e3dcae6ebb"	"806da767ae1cffa64e39b0e3dcae6ebb"	"downloaded; official GDC MD5 verified"
"2026-09-14 06:54:58 UTC"	"TCGA_PRAD_primary"	"KLA31_11"	"a2949ed1-4940-420d-aa1c-1e0625559f27"	"gdc_star_counts/TCGA_PRAD_primary/a2949ed1-4940-420d-aa1c-1e0625559f27_97df7d70-eaee-41aa-955d-8ece8847ea7d.rna_seq.augmented_star_gene_counts.tsv"	"complete"	"4236829"	"c70a014c6a16b5e083851f14263e1840"	"c70a014c6a16b5e083851f14263e1840"	"downloaded; official GDC MD5 verified"
"2026-09-14 06:55:04 UTC"	"TCGA_PRAD_primary"	"KLA31_11"	"9afdc676-16ff-4c1e-bc64-b1beddb497ea"	"gdc_star_counts/TCGA_PRAD_primary/9afdc676-16ff-4c1e-bc64-b1beddb497ea_c651b72a-f4e7-4ba8-a87d-af73a74c89d5.rna_seq.augmented_star_gene_counts.tsv"	"complete"	"4236190"	"4aa50fb654c10fe2baa647b50e758527"	"4aa50fb654c10fe2baa647b50e758527"	"downloaded; official GDC MD5 verified"
"2026-09-14 06:55:12 UTC"	"TCGA_PRAD_primary"	"KLA31_11"	"5834d2d7-4c93-4760-bf63-65a6dc17410e"	"gdc_star_counts/TCGA_PRAD_primary/5834d2d7-4c93-4760-bf63-65a6dc17410e_069364e3-6833-407a-b86b-46d055afc10a.rna_seq.augmented_star_gene_counts.tsv"	"complete"	"4245193"	"4a72f96a8a727fadb30489652cafcf3c"	"4a72f96a8a727fadb30489652cafcf3c"	"downloaded; official GDC MD5 verified"
"2026-09-14 06:55:22 UTC"	"TCGA_PRAD_primary"	"KLA31_11"	"99d3a9a6-759d-4222-9d95-fbccb442faa9"	"gdc_star_counts/TCGA_PRAD_primary/99d3a9a6-759d-4222-9d95-fbccb442faa9_90436346-519d-4fb1-bb5e-2684a1618e14.rna_seq.augmented_star_gene_counts.tsv"	"complete"	"4232931"	"cf633a47d83df05f33cb8e193e2fba8f"	"cf633a47d83df05f33cb8e193e2fba8f"	"downloaded; official GDC MD5 verified"
"2026-09-14 06:55:29 UTC"	"TCGA_PRAD_primary"	"KLA31_11"	"7cd5bc12-af72-4867-bbdc-5596ee265576"	"gdc_star_counts/TCGA_PRAD_primary/7cd5bc12-af72-4867-bbdc-5596ee265576_87b68e89-fab0-431d-a99b-04468de6a4a8.rna_seq.augmented_star_gene_counts.tsv"	"complete"	"4243110"	"92eeb8e6d9d61f56aef2d712e464a667"	"92eeb8e6d9d61f56aef2d712e464a667"	"downloaded; official GDC MD5 verified"
"2026-09-14 06:55:34 UTC"	"TCGA_PRAD_primary"	"KLA31_11"	"2ba0d185-9c0f-4f77-b967-887994c35537"	"gdc_star_counts/TCGA_PRAD_primary/2ba0d185-9c0f-4f77-b967-887994c35537_b2a45363-60f5-468c-b29d-687c2e0bf83b.rna_seq.augmented_star_gene_counts.tsv"	"complete"	"4253210"	"da98d1a226f566cd18b124a62451c7d6"	"da98d1a226f566cd18b124a62451c7d6"	"downloaded; official GDC MD5 verified"
"2026-09-14 06:55:43 UTC"	"TCGA_PRAD_primary"	"KLA31_11"	"70fb2f55-a31a-4074-b1fe-bf38968e8654"	"gdc_star_counts/TCGA_PRAD_primary/70fb2f55-a31a-4074-b1fe-bf38968e8654_fd634fc1-ecd0-4e31-8410-64f0a26fb050.rna_seq.augmented_star_gene_counts.tsv"	"complete"	"4237615"	"2916665be196e2cc02c6e46b66e7679d"	"2916665be196e2cc02c6e46b66e7679d"	"downloaded; official GDC MD5 verified"
"2026-09-14 06:55:52 UTC"	"TCGA_PRAD_primary"	"KLA31_11"	"f59de1b4-208e-46e3-9361-a8377c9581e5"	"gdc_star_counts/TCGA_PRAD_primary/f59de1b4-208e-46e3-9361-a8377c9581e5_3fa7a7eb-706a-48f0-a14c-e2328845a82c.rna_seq.augmented_star_gene_counts.tsv"	"complete"	"4247497"	"e61a7e89f6f5272abd8a89527860cf66"	"e61a7e89f6f5272abd8a89527860cf66"	"downloaded; official GDC MD5 verified"
"2026-09-14 06:55:59 UTC"	"TCGA_PRAD_primary"	"KLA31_11"	"0379c8cf-e9ab-44a7-a737-7a78ccd4fc55"	"gdc_star_counts/TCGA_PRAD_primary/0379c8cf-e9ab-44a7-a737-7a78ccd4fc55_d366a38e-1af8-4840-93a9-7848b461449d.rna_seq.augmented_star_gene_counts.tsv"	"complete"	"4244607"	"f6337a79d215ca5c5c1328f45f6d78f4"	"f6337a79d215ca5c5c1328f45f6d78f4"	"downloaded; official GDC MD5 verified"
"2026-09-14 06:56:08 UTC"	"TCGA_PRAD_primary"	"KLA31_11"	"991cfe91-4257-4825-889a-d434b29a3002"	"gdc_star_counts/TCGA_PRAD_primary/991cfe91-4257-4825-889a-d434b29a3002_ef512413-a2b3-400f-813b-ed90dd063ceb.rna_seq.augmented_star_gene_counts.tsv"	"complete"	"4239832"	"599bc364389fc264cf724e2d5a64081b"	"599bc364389fc264cf724e2d5a64081b"	"downloaded; official GDC MD5 verified"
"2026-09-14 06:56:16 UTC"	"TCGA_PRAD_primary"	"KLA31_11"	"88097c6d-9276-41ab-adfa-eadb2f3b6fbc"	"gdc_star_counts/TCGA_PRAD_primary/88097c6d-9276-41ab-adfa-eadb2f3b6fbc_7d7a06a1-ecbd-4236-b85e-c59cf6bc2cf5.rna_seq.augmented_star_gene_counts.tsv"	"complete"	"4245331"	"9ac86f6014af5260a538b82bdc0a6565"	"9ac86f6014af5260a538b82bdc0a6565"	"downloaded; official GDC MD5 verified"
"2026-09-14 06:56:26 UTC"	"TCGA_PRAD_primary"	"KLA31_11"	"7357cc83-fffc-48fb-a7b6-1d1088854061"	"gdc_star_counts/TCGA_PRAD_primary/7357cc83-fffc-48fb-a7b6-1d1088854061_b42fe747-93c0-4232-b759-01fb998838ea.rna_seq.augmented_star_gene_counts.tsv"	"complete"	"4235712"	"20bdf3cb3e28f4c58b9b09b76cf82d94"	"20bdf3cb3e28f4c58b9b09b76cf82d94"	"downloaded; official GDC MD5 verified"
"2026-09-14 06:56:31 UTC"	"TCGA_PRAD_primary"	"KLA31_11"	"df400080-3154-4ad7-8f99-b21ea34da454"	"gdc_star_counts/TCGA_PRAD_primary/df400080-3154-4ad7-8f99-b21ea34da454_f6d01ca9-559e-4416-911e-458ae9eb7258.rna_seq.augmented_star_gene_counts.tsv"	"complete"	"4238801"	"301b89aefe25a71b15fafe412abf8d22"	"301b89aefe25a71b15fafe412abf8d22"	"downloaded; official GDC MD5 verified"
"2026-09-14 06:56:38 UTC"	"TCGA_PRAD_primary"	"KLA31_11"	"62ccd09a-2b4c-4d6b-9316-0dea2d3ace18"	"gdc_star_counts/TCGA_PRAD_primary/62ccd09a-2b4c-4d6b-9316-0dea2d3ace18_dc49b777-0be6-430e-ab33-c0aa9f6264ee.rna_seq.augmented_star_gene_counts.tsv"	"complete"	"4239109"	"ea7efa26d2dc7eacfda35e505423dcc5"	"ea7efa26d2dc7eacfda35e505423dcc5"	"downloaded; official GDC MD5 verified"
"2026-09-14 06:56:46 UTC"	"TCGA_PRAD_primary"	"KLA31_11"	"619c0800-333f-4a9d-a56b-356ec11df44c"	"gdc_star_counts/TCGA_PRAD_primary/619c0800-333f-4a9d-a56b-356ec11df44c_925c3c30-6794-450d-87bc-704ff9cde1a3.rna_seq.augmented_star_gene_counts.tsv"	"complete"	"4253644"	"20f65dbfce9bf03267d492c6b700bcb3"	"20f65dbfce9bf03267d492c6b700bcb3"	"downloaded; official GDC MD5 verified"
"2026-09-14 06:56:57 UTC"	"TCGA_PRAD_primary"	"KLA31_11"	"a33b2f57-3fe2-4c9b-9635-0aef8665d044"	"gdc_star_counts/TCGA_PRAD_primary/a33b2f57-3fe2-4c9b-9635-0aef8665d044_5d045be9-5fbf-4c81-8140-b45f59b9443b.rna_seq.augmented_star_gene_counts.tsv"	"complete"	"4224970"	"6b6ae40a05fde8ee9d16177c8bbfa157"	"6b6ae40a05fde8ee9d16177c8bbfa157"	"downloaded; official GDC MD5 verified"
"2026-09-14 06:57:04 UTC"	"TCGA_PRAD_primary"	"KLA31_11"	"a0cd2ce2-8d8e-4d51-a8b3-14bd99e9fe5e"	"gdc_star_counts/TCGA_PRAD_primary/a0cd2ce2-8d8e-4d51-a8b3-14bd99e9fe5e_856282a0-da53-4ffe-9f0b-b5d18ee49523.rna_seq.augmented_star_gene_counts.tsv"	"complete"	"4242625"	"e6e471073a1977fe4585e8c2bde93acc"	"e6e471073a1977fe4585e8c2bde93acc"	"downloaded; official GDC MD5 verified"
"2026-09-14 06:57:12 UTC"	"TCGA_PRAD_primary"	"KLA31_11"	"8a9f0404-2863-48b2-ac85-1c282807891c"	"gdc_star_counts/TCGA_PRAD_primary/8a9f0404-2863-48b2-ac85-1c282807891c_8626d520-d900-41dd-aa62-ae46c084f4d9.rna_seq.augmented_star_gene_counts.tsv"	"complete"	"4243060"	"1b513a1076926d195e1bbe2ede9de56a"	"1b513a1076926d195e1bbe2ede9de56a"	"downloaded; official GDC MD5 verified"
"2026-09-14 06:57:21 UTC"	"TCGA_PRAD_primary"	"KLA31_11"	"0afc563f-75a9-4e20-9094-9bbc83bfb7f6"	"gdc_star_counts/TCGA_PRAD_primary/0afc563f-75a9-4e20-9094-9bbc83bfb7f6_847afc38-d95f-4405-8d53-ce73a915ce5b.rna_seq.augmented_star_gene_counts.tsv"	"complete"	"4264250"	"1fccd940c24da72a4979e1ca10eb7ff0"	"1fccd940c24da72a4979e1ca10eb7ff0"	"downloaded; official GDC MD5 verified"
"2026-09-14 06:57:29 UTC"	"TCGA_PRAD_primary"	"KLA31_11"	"06d4e72e-c4bb-45be-8a1b-c5c171f0df1d"	"gdc_star_counts/TCGA_PRAD_primary/06d4e72e-c4bb-45be-8a1b-c5c171f0df1d_9fa77b4e-724d-4551-9418-3993bd28565e.rna_seq.augmented_star_gene_counts.tsv"	"complete"	"4249915"	"b822afc2a02a6bdb43cdded5ded03658"	"b822afc2a02a6bdb43cdded5ded03658"	"downloaded; official GDC MD5 verified"
"2026-09-14 06:57:34 UTC"	"TCGA_PRAD_primary"	"KLA31_11"	"247b4d5e-3a3e-4f0f-ba07-8777a746d15d"	"gdc_star_counts/TCGA_PRAD_primary/247b4d5e-3a3e-4f0f-ba07-8777a746d15d_aa82d519-4866-417c-a8aa-19c3732b5d09.rna_seq.augmented_star_gene_counts.tsv"	"complete"	"4244465"	"65206011f75339f9fcef310e7810e91c"	"65206011f75339f9fcef310e7810e91c"	"downloaded; official GDC MD5 verified"
"2026-09-14 06:57:42 UTC"	"TCGA_PRAD_primary"	"KLA31_11"	"2e128b07-b323-4b41-a598-02f3681e8a64"	"gdc_star_counts/TCGA_PRAD_primary/2e128b07-b323-4b41-a598-02f3681e8a64_472b70bf-79de-4e63-8924-828c748dca4e.rna_seq.augmented_star_gene_counts.tsv"	"complete"	"4236319"	"393d7abd2bd78df1ffcbe9861763d761"	"393d7abd2bd78df1ffcbe9861763d761"	"downloaded; official GDC MD5 verified"
"2026-09-14 06:57:51 UTC"	"TCGA_PRAD_primary"	"KLA31_11"	"2e52df6b-2e33-4de4-8ae1-dca835193ce2"	"gdc_star_counts/TCGA_PRAD_primary/2e52df6b-2e33-4de4-8ae1-dca835193ce2_561b77d2-5158-44de-9711-8d6364bf67cf.rna_seq.augmented_star_gene_counts.tsv"	"complete"	"4257554"	"7aa9d594e7c0d93a4b5dca228ad371da"	"7aa9d594e7c0d93a4b5dca228ad371da"	"downloaded; official GDC MD5 verified"
"2026-09-14 06:57:58 UTC"	"TCGA_PRAD_primary"	"KLA31_11"	"e80cb0fa-312c-4fd7-8b21-b6e0dabd3643"	"gdc_star_counts/TCGA_PRAD_primary/e80cb0fa-312c-4fd7-8b21-b6e0dabd3643_43591554-0d03-456b-8f0e-b553e7fcc570.rna_seq.augmented_star_gene_counts.tsv"	"complete"	"4245992"	"38e85a53fbac21e2d529b8db46848009"	"38e85a53fbac21e2d529b8db46848009"	"downloaded; official GDC MD5 verified"
"2026-09-14 06:58:04 UTC"	"TCGA_PRAD_primary"	"KLA31_11"	"c24ea8b3-6a02-4965-b188-b2b6d4345f2c"	"gdc_star_counts/TCGA_PRAD_primary/c24ea8b3-6a02-4965-b188-b2b6d4345f2c_f925d507-66a2-4ca2-9230-bb8287724b44.rna_seq.augmented_star_gene_counts.tsv"	"complete"	"4241366"	"a6e4f694d9cde671654f70a1a9680457"	"a6e4f694d9cde671654f70a1a9680457"	"downloaded; official GDC MD5 verified"
"2026-09-14 06:58:12 UTC"	"TCGA_PRAD_primary"	"KLA31_11"	"d777c666-80ed-4878-9a9f-0f78a1d1caaf"	"gdc_star_counts/TCGA_PRAD_primary/d777c666-80ed-4878-9a9f-0f78a1d1caaf_7a3c3464-c1ab-4ff7-b826-c6f38d15b684.rna_seq.augmented_star_gene_counts.tsv"	"complete"	"4234395"	"bf0ad474801039c2c3af219df34f7036"	"bf0ad474801039c2c3af219df34f7036"	"downloaded; official GDC MD5 verified"
"2026-09-14 06:58:21 UTC"	"TCGA_PRAD_primary"	"KLA31_11"	"c9c57b6a-1a65-4384-8f78-23726803fd14"	"gdc_star_counts/TCGA_PRAD_primary/c9c57b6a-1a65-4384-8f78-23726803fd14_4aeac737-0156-44fe-a034-664c3d1dfed4.rna_seq.augmented_star_gene_counts.tsv"	"complete"	"4233178"	"b4cfab25613355aeb10c149f2dc3a08a"	"b4cfab25613355aeb10c149f2dc3a08a"	"downloaded; official GDC MD5 verified"
"2026-09-14 06:59:10 UTC"	"TCGA_PRAD_primary"	"KLA31_11"	"e3f417f3-08fa-45d5-bac6-e71cb55a8f83"	"gdc_star_counts/TCGA_PRAD_primary/e3f417f3-08fa-45d5-bac6-e71cb55a8f83_9cddbe35-4ad2-4dc3-b8fd-8742611223a4.rna_seq.augmented_star_gene_counts.tsv"	"complete"	"4247419"	"2bf995bea0e50a7142c943744e07221d"	"2bf995bea0e50a7142c943744e07221d"	"downloaded; official GDC MD5 verified"
"2026-09-14 06:59:19 UTC"	"TCGA_PRAD_primary"	"KLA31_11"	"e9d0c27d-5e43-483f-99af-379021c280d6"	"gdc_star_counts/TCGA_PRAD_primary/e9d0c27d-5e43-483f-99af-379021c280d6_f988be8d-8a9f-44ae-9889-e2d8b7856f2d.rna_seq.augmented_star_gene_counts.tsv"	"complete"	"4252951"	"2aefec48c4f9c75e38d5e710430a0324"	"2aefec48c4f9c75e38d5e710430a0324"	"downloaded; official GDC MD5 verified"
"2026-09-14 06:59:29 UTC"	"TCGA_PRAD_primary"	"KLA31_11"	"43b8fbe1-0c73-4bb7-ac14-e01e409f07c5"	"gdc_star_counts/TCGA_PRAD_primary/43b8fbe1-0c73-4bb7-ac14-e01e409f07c5_74817f05-67eb-43d3-8396-9281a4959a4c.rna_seq.augmented_star_gene_counts.tsv"	"complete"	"4225030"	"f63c1c09501cb920e1effaa9b12c824b"	"f63c1c09501cb920e1effaa9b12c824b"	"downloaded; official GDC MD5 verified"
"2026-09-14 06:59:35 UTC"	"TCGA_PRAD_primary"	"KLA31_11"	"d6949dfe-5b37-4cf6-a856-be70b7304716"	"gdc_star_counts/TCGA_PRAD_primary/d6949dfe-5b37-4cf6-a856-be70b7304716_b049ba60-794e-4f07-be4c-aa73551ad8fa.rna_seq.augmented_star_gene_counts.tsv"	"complete"	"4243942"	"c86d4c716e0f94e2fdb28601f3bd242e"	"c86d4c716e0f94e2fdb28601f3bd242e"	"downloaded; official GDC MD5 verified"
"2026-09-14 06:59:43 UTC"	"TCGA_PRAD_primary"	"KLA31_11"	"8ed07a5c-386e-45c0-a927-535d34a6ac4f"	"gdc_star_counts/TCGA_PRAD_primary/8ed07a5c-386e-45c0-a927-535d34a6ac4f_6abbf6f9-095a-464b-a239-f69138aaf88f.rna_seq.augmented_star_gene_counts.tsv"	"complete"	"4242524"	"dcb4b1d2936e7aac1582cf9c19f4ddd1"	"dcb4b1d2936e7aac1582cf9c19f4ddd1"	"downloaded; official GDC MD5 verified"
"2026-09-14 06:59:52 UTC"	"TCGA_PRAD_primary"	"KLA31_11"	"05df8980-5345-45e9-9651-e4bdfe1270f0"	"gdc_star_counts/TCGA_PRAD_primary/05df8980-5345-45e9-9651-e4bdfe1270f0_04c477e3-f021-49ac-97d9-4b97674bd84f.rna_seq.augmented_star_gene_counts.tsv"	"complete"	"4234179"	"13dc03fd18f224b61d816d1541fbe215"	"13dc03fd18f224b61d816d1541fbe215"	"downloaded; official GDC MD5 verified"
"2026-09-14 07:00:00 UTC"	"TCGA_PRAD_primary"	"KLA31_11"	"de27d184-6cc3-4683-8bfb-82fc0a6f3907"	"gdc_star_counts/TCGA_PRAD_primary/de27d184-6cc3-4683-8bfb-82fc0a6f3907_7da19ba4-d14a-45ae-a1e1-26810f1ad98c.rna_seq.augmented_star_gene_counts.tsv"	"complete"	"4235836"	"1d87082bf7588a22fdebd22ef63600bd"	"1d87082bf7588a22fdebd22ef63600bd"	"downloaded; official GDC MD5 verified"
"2026-09-14 07:00:07 UTC"	"TCGA_PRAD_primary"	"KLA31_11"	"b7112904-19f5-4ad0-b3d9-2224ded17276"	"gdc_star_counts/TCGA_PRAD_primary/b7112904-19f5-4ad0-b3d9-2224ded17276_2fa8c89c-893e-465a-aeb5-e3fb81a200c7.rna_seq.augmented_star_gene_counts.tsv"	"complete"	"4245496"	"4ba2a69f936d767a3842525045ffbd3a"	"4ba2a69f936d767a3842525045ffbd3a"	"downloaded; official GDC MD5 verified"
"2026-09-14 07:00:16 UTC"	"TCGA_PRAD_primary"	"KLA31_11"	"8566706e-8389-44ea-a630-9286a85bfcbf"	"gdc_star_counts/TCGA_PRAD_primary/8566706e-8389-44ea-a630-9286a85bfcbf_ef5f66a4-d6e5-4ac5-a4ec-5cd3f860b7ff.rna_seq.augmented_star_gene_counts.tsv"	"complete"	"4256634"	"080647f99fddb4f8490cf46588f01df0"	"080647f99fddb4f8490cf46588f01df0"	"downloaded; official GDC MD5 verified"
"2026-09-14 07:00:26 UTC"	"TCGA_PRAD_primary"	"KLA31_11"	"a01b7ba6-acd9-40cb-8359-c6565714cdab"	"gdc_star_counts/TCGA_PRAD_primary/a01b7ba6-acd9-40cb-8359-c6565714cdab_d1338761-2196-4fd3-8b50-f2efb8a3f850.rna_seq.augmented_star_gene_counts.tsv"	"complete"	"4238602"	"a54906fba66c76b8afd1d67fac0bac01"	"a54906fba66c76b8afd1d67fac0bac01"	"downloaded; official GDC MD5 verified"
"2026-09-14 07:00:32 UTC"	"TCGA_PRAD_primary"	"KLA31_11"	"3d6e64d2-5a31-4556-b263-dbe8d6d1ebaa"	"gdc_star_counts/TCGA_PRAD_primary/3d6e64d2-5a31-4556-b263-dbe8d6d1ebaa_07532a39-80d0-436e-a2aa-fa172c9d21ff.rna_seq.augmented_star_gene_counts.tsv"	"complete"	"4250619"	"156c930e5b916b0dfb2581afe23f96ba"	"156c930e5b916b0dfb2581afe23f96ba"	"downloaded; official GDC MD5 verified"
"2026-09-14 07:00:39 UTC"	"TCGA_PRAD_primary"	"KLA31_11"	"5c82c597-eca2-4a4c-890c-c797c458438b"	"gdc_star_counts/TCGA_PRAD_primary/5c82c597-eca2-4a4c-890c-c797c458438b_385da11a-37d3-4b76-b6a5-4a623516aac4.rna_seq.augmented_star_gene_counts.tsv"	"complete"	"4257792"	"c7a5803f894aba1967e3932a54b488bd"	"c7a5803f894aba1967e3932a54b488bd"	"downloaded; official GDC MD5 verified"
"2026-09-14 07:00:48 UTC"	"TCGA_PRAD_primary"	"KLA31_11"	"7c000514-6e57-4468-b432-a341e138f289"	"gdc_star_counts/TCGA_PRAD_primary/7c000514-6e57-4468-b432-a341e138f289_7aae5514-7e8f-4ae9-ad8c-8dfe23e81c8a.rna_seq.augmented_star_gene_counts.tsv"	"complete"	"4233680"	"6dc6fa4edec4fae2fae764dfd47d4aa7"	"6dc6fa4edec4fae2fae764dfd47d4aa7"	"downloaded; official GDC MD5 verified"
"2026-09-14 07:00:57 UTC"	"TCGA_PRAD_primary"	"KLA31_11"	"35c5abb3-28e8-48cc-83a9-2fffdd2d32b2"	"gdc_star_counts/TCGA_PRAD_primary/35c5abb3-28e8-48cc-83a9-2fffdd2d32b2_83a9edff-550c-486e-8a71-cd23aa201bda.rna_seq.augmented_star_gene_counts.tsv"	"complete"	"4243736"	"2d4a9df1fd331bf4d11c49e9bce248f3"	"2d4a9df1fd331bf4d11c49e9bce248f3"	"downloaded; official GDC MD5 verified"
"2026-09-14 07:01:03 UTC"	"TCGA_PRAD_primary"	"KLA31_11"	"ae6dbdbc-0a0e-4452-aacb-786cdf924e9d"	"gdc_star_counts/TCGA_PRAD_primary/ae6dbdbc-0a0e-4452-aacb-786cdf924e9d_651b509d-eb29-4b49-b91e-ce08e33ac875.rna_seq.augmented_star_gene_counts.tsv"	"complete"	"4230162"	"7839ae275b92fd88fb4ca77fe07c1a63"	"7839ae275b92fd88fb4ca77fe07c1a63"	"downloaded; official GDC MD5 verified"
"2026-09-14 07:01:11 UTC"	"TCGA_PRAD_primary"	"KLA31_11"	"1fb0a8d9-149c-4eef-8897-49b63e3fb4b0"	"gdc_star_counts/TCGA_PRAD_primary/1fb0a8d9-149c-4eef-8897-49b63e3fb4b0_a8f6ba9f-a0ad-41b1-8bfc-87ae24838544.rna_seq.augmented_star_gene_counts.tsv"	"complete"	"4249619"	"10b9f82a92ed877d370fe4734e7e87ba"	"10b9f82a92ed877d370fe4734e7e87ba"	"downloaded; official GDC MD5 verified"
"2026-09-14 07:01:20 UTC"	"TCGA_PRAD_primary"	"KLA31_11"	"55c2daae-2f8d-4805-ab70-1eebe7c4ce7f"	"gdc_star_counts/TCGA_PRAD_primary/55c2daae-2f8d-4805-ab70-1eebe7c4ce7f_588e9230-8412-4648-9f87-a6d7676df3b6.rna_seq.augmented_star_gene_counts.tsv"	"complete"	"4249521"	"c3a13c657b101e9b94439684b0999caf"	"c3a13c657b101e9b94439684b0999caf"	"downloaded; official GDC MD5 verified"
"2026-09-14 07:01:28 UTC"	"TCGA_PRAD_primary"	"KLA31_11"	"60d062b3-db5c-4d0a-bc1c-a8cc813be530"	"gdc_star_counts/TCGA_PRAD_primary/60d062b3-db5c-4d0a-bc1c-a8cc813be530_fd1c37e3-e982-417b-8cce-44fef6b6c2da.rna_seq.augmented_star_gene_counts.tsv"	"complete"	"4238769"	"f71b1d6d8f6211fece93c131580b8146"	"f71b1d6d8f6211fece93c131580b8146"	"downloaded; official GDC MD5 verified"
"2026-09-14 07:01:34 UTC"	"TCGA_PRAD_primary"	"KLA31_11"	"e1eda049-76b2-4cab-ae4a-9bea520f8713"	"gdc_star_counts/TCGA_PRAD_primary/e1eda049-76b2-4cab-ae4a-9bea520f8713_892c9f39-f8d9-4272-af1f-84eb37740f8d.rna_seq.augmented_star_gene_counts.tsv"	"complete"	"4226158"	"51cd68476ebf7885d33622015878bea0"	"51cd68476ebf7885d33622015878bea0"	"downloaded; official GDC MD5 verified"
"2026-09-14 07:01:42 UTC"	"TCGA_PRAD_primary"	"KLA31_11"	"dfa0ff6f-bcc8-440f-b9a5-c8e24e0f8f4a"	"gdc_star_counts/TCGA_PRAD_primary/dfa0ff6f-bcc8-440f-b9a5-c8e24e0f8f4a_7ca13770-549b-48a0-97aa-7af7cb709997.rna_seq.augmented_star_gene_counts.tsv"	"complete"	"4249020"	"ccaddbf0a0301b766f18ee06251396b5"	"ccaddbf0a0301b766f18ee06251396b5"	"downloaded; official GDC MD5 verified"
"2026-09-14 07:01:52 UTC"	"TCGA_PRAD_primary"	"KLA31_11"	"c0838804-376d-4313-8fe9-a3a484e6c420"	"gdc_star_counts/TCGA_PRAD_primary/c0838804-376d-4313-8fe9-a3a484e6c420_0738ebc2-c742-4c5b-8147-0fa4c7fdde96.rna_seq.augmented_star_gene_counts.tsv"	"complete"	"4232840"	"fb01c033ed999ff76e9d9dc2f7debca8"	"fb01c033ed999ff76e9d9dc2f7debca8"	"downloaded; official GDC MD5 verified"
"2026-09-14 07:01:59 UTC"	"TCGA_PRAD_primary"	"KLA31_11"	"143f05b1-fb66-4f24-a2f1-bdb1917d36c2"	"gdc_star_counts/TCGA_PRAD_primary/143f05b1-fb66-4f24-a2f1-bdb1917d36c2_0d355d6a-83c0-46f0-bfb7-1aff119bb3d7.rna_seq.augmented_star_gene_counts.tsv"	"complete"	"4237288"	"7c2f4ed097ea5bb4c9a8c4edd02e63a8"	"7c2f4ed097ea5bb4c9a8c4edd02e63a8"	"downloaded; official GDC MD5 verified"
"2026-09-14 07:02:04 UTC"	"TCGA_PRAD_primary"	"KLA31_11"	"c57a8f6b-525d-40b1-867e-ad8bd4b4cb8d"	"gdc_star_counts/TCGA_PRAD_primary/c57a8f6b-525d-40b1-867e-ad8bd4b4cb8d_4e24770a-f6fd-4c3d-a16f-0f5aad69e001.rna_seq.augmented_star_gene_counts.tsv"	"complete"	"4223128"	"f570d41483d1fa821ab80e55d41f5ffd"	"f570d41483d1fa821ab80e55d41f5ffd"	"downloaded; official GDC MD5 verified"
"2026-09-14 07:02:13 UTC"	"TCGA_PRAD_primary"	"KLA31_11"	"42af3c76-7e16-486b-b6ef-be875f61d652"	"gdc_star_counts/TCGA_PRAD_primary/42af3c76-7e16-486b-b6ef-be875f61d652_d20ff0dc-fa83-478a-99f3-30a4d076c5c9.rna_seq.augmented_star_gene_counts.tsv"	"complete"	"4238974"	"73fab29aae03f4b769b63daa6c5e29e2"	"73fab29aae03f4b769b63daa6c5e29e2"	"downloaded; official GDC MD5 verified"
"2026-09-14 07:03:07 UTC"	"TCGA_PRAD_primary"	"KLA31_11"	"37e9dceb-2adf-4650-a112-5126fb55b7e8"	"gdc_star_counts/TCGA_PRAD_primary/37e9dceb-2adf-4650-a112-5126fb55b7e8_bc6d457e-be9e-4855-8fbf-aed0b955d904.rna_seq.augmented_star_gene_counts.tsv"	"complete"	"4239206"	"192543ca5611f9ea884f48830003b2b8"	"192543ca5611f9ea884f48830003b2b8"	"downloaded; official GDC MD5 verified"
"2026-09-14 07:03:15 UTC"	"TCGA_PRAD_primary"	"KLA31_11"	"cc9535e1-1e39-4c59-828e-e25e93ec84d0"	"gdc_star_counts/TCGA_PRAD_primary/cc9535e1-1e39-4c59-828e-e25e93ec84d0_f61e56b8-b2e5-4750-8fc7-ba9f0099e377.rna_seq.augmented_star_gene_counts.tsv"	"complete"	"4226498"	"ea91eb6d40128861bf55e0939a2f31ff"	"ea91eb6d40128861bf55e0939a2f31ff"	"downloaded; official GDC MD5 verified"
"2026-09-14 07:03:26 UTC"	"TCGA_PRAD_primary"	"KLA31_11"	"a8657d29-2c99-49ea-873d-e99d63531a5b"	"gdc_star_counts/TCGA_PRAD_primary/a8657d29-2c99-49ea-873d-e99d63531a5b_825add48-38e4-4b30-be19-e383353117c3.rna_seq.augmented_star_gene_counts.tsv"	"complete"	"4239007"	"3acc0d102377e6855e23f44aa6fe9e2d"	"3acc0d102377e6855e23f44aa6fe9e2d"	"downloaded; official GDC MD5 verified"
"2026-09-14 07:03:31 UTC"	"TCGA_PRAD_primary"	"KLA31_11"	"10957836-8d8c-4cfb-965d-67e27514bf87"	"gdc_star_counts/TCGA_PRAD_primary/10957836-8d8c-4cfb-965d-67e27514bf87_e37bcbb5-f659-46ca-94f2-092b8bf41c69.rna_seq.augmented_star_gene_counts.tsv"	"complete"	"4235355"	"8cdde4079ebaf5d341bd308eda6bc7a6"	"8cdde4079ebaf5d341bd308eda6bc7a6"	"downloaded; official GDC MD5 verified"
"2026-09-14 07:03:39 UTC"	"TCGA_PRAD_primary"	"KLA31_11"	"52a4e982-a598-4c70-94fb-00bc54d4476b"	"gdc_star_counts/TCGA_PRAD_primary/52a4e982-a598-4c70-94fb-00bc54d4476b_db2c86c4-81cb-42ee-a355-6f42d426a6e1.rna_seq.augmented_star_gene_counts.tsv"	"complete"	"4241467"	"9b541424a8e952618b6eb79232addbf8"	"9b541424a8e952618b6eb79232addbf8"	"downloaded; official GDC MD5 verified"
"2026-09-14 07:03:48 UTC"	"TCGA_PRAD_primary"	"KLA31_11"	"0fe951bf-419b-481f-a815-19659d89da45"	"gdc_star_counts/TCGA_PRAD_primary/0fe951bf-419b-481f-a815-19659d89da45_29eab3ff-c824-421c-9499-93fb24353201.rna_seq.augmented_star_gene_counts.tsv"	"complete"	"4238755"	"0a1b4c81b48fe781cfcd998cec88a8c8"	"0a1b4c81b48fe781cfcd998cec88a8c8"	"downloaded; official GDC MD5 verified"
"2026-09-14 07:03:59 UTC"	"TCGA_PRAD_primary"	"KLA31_11"	"a2dc911b-65d3-471e-807e-83ac0be20042"	"gdc_star_counts/TCGA_PRAD_primary/a2dc911b-65d3-471e-807e-83ac0be20042_6eb8366a-7861-4ab9-a5c6-7f576e11a9ca.rna_seq.augmented_star_gene_counts.tsv"	"complete"	"4242864"	"f0d90034955cf73079331a3d2701d2fe"	"f0d90034955cf73079331a3d2701d2fe"	"downloaded; official GDC MD5 verified"
"2026-09-14 07:04:04 UTC"	"TCGA_PRAD_primary"	"KLA31_11"	"694929d5-4992-419a-9563-f54c931d9390"	"gdc_star_counts/TCGA_PRAD_primary/694929d5-4992-419a-9563-f54c931d9390_2d295107-34e6-4eb1-9942-9a287c5837a6.rna_seq.augmented_star_gene_counts.tsv"	"complete"	"4216792"	"46977b51ce47c93bb51f8a29f620d888"	"46977b51ce47c93bb51f8a29f620d888"	"downloaded; official GDC MD5 verified"
"2026-09-14 07:04:12 UTC"	"TCGA_PRAD_primary"	"KLA31_11"	"19687c96-30a3-4f24-ba15-2fbd1093c49f"	"gdc_star_counts/TCGA_PRAD_primary/19687c96-30a3-4f24-ba15-2fbd1093c49f_b6387b44-c674-48e7-a05a-ace52b7b9a55.rna_seq.augmented_star_gene_counts.tsv"	"complete"	"4249431"	"bef598f7cb4503c77d40e7f0c7cf42c2"	"bef598f7cb4503c77d40e7f0c7cf42c2"	"downloaded; official GDC MD5 verified"
"2026-09-14 07:04:21 UTC"	"TCGA_PRAD_primary"	"KLA31_11"	"a6dfabda-4dec-46bb-80db-22b299e858a2"	"gdc_star_counts/TCGA_PRAD_primary/a6dfabda-4dec-46bb-80db-22b299e858a2_fa5373b9-6895-41ff-8dc7-83d56253d5d8.rna_seq.augmented_star_gene_counts.tsv"	"complete"	"4239971"	"308e427706850791d98fa95b438fe3f6"	"308e427706850791d98fa95b438fe3f6"	"downloaded; official GDC MD5 verified"
"2026-09-14 07:04:30 UTC"	"TCGA_PRAD_primary"	"KLA31_11"	"edfdc479-f064-4df6-9c80-c47b93d86094"	"gdc_star_counts/TCGA_PRAD_primary/edfdc479-f064-4df6-9c80-c47b93d86094_d9d28b54-061c-4848-acbb-5af24eb9bf5a.rna_seq.augmented_star_gene_counts.tsv"	"complete"	"4238607"	"852889fdd11d592cc5d4d1c506c06542"	"852889fdd11d592cc5d4d1c506c06542"	"downloaded; official GDC MD5 verified"
"2026-09-14 07:04:37 UTC"	"TCGA_PRAD_primary"	"KLA31_11"	"8e637ed9-4774-4fa1-a8c2-c6f0a53ec365"	"gdc_star_counts/TCGA_PRAD_primary/8e637ed9-4774-4fa1-a8c2-c6f0a53ec365_76f77515-6db8-456d-b189-eb1cf918662e.rna_seq.augmented_star_gene_counts.tsv"	"complete"	"4245213"	"d3a87dc61ae7d2975b29ed73b5489582"	"d3a87dc61ae7d2975b29ed73b5489582"	"downloaded; official GDC MD5 verified"
"2026-09-14 07:04:45 UTC"	"TCGA_PRAD_primary"	"KLA31_11"	"97872ad2-23cc-4052-9583-7debb1ef7d8d"	"gdc_star_counts/TCGA_PRAD_primary/97872ad2-23cc-4052-9583-7debb1ef7d8d_d5981674-40de-45fc-ae8e-8034a584f3b1.rna_seq.augmented_star_gene_counts.tsv"	"complete"	"4229119"	"72a76f75f9d3a069d4fbda1cea1105dc"	"72a76f75f9d3a069d4fbda1cea1105dc"	"downloaded; official GDC MD5 verified"
"2026-09-14 07:04:55 UTC"	"TCGA_PRAD_primary"	"KLA31_11"	"325d3955-791a-4254-9fdb-6be83f3eb1af"	"gdc_star_counts/TCGA_PRAD_primary/325d3955-791a-4254-9fdb-6be83f3eb1af_1aa83ee2-efa2-4e0b-b8ca-a0d6238e44b6.rna_seq.augmented_star_gene_counts.tsv"	"complete"	"4249123"	"57f22a90e416fdb8c89308042cd747c4"	"57f22a90e416fdb8c89308042cd747c4"	"downloaded; official GDC MD5 verified"
"2026-09-14 07:05:01 UTC"	"TCGA_PRAD_primary"	"KLA31_11"	"c93d2241-ec80-424a-871a-0e2a8b6f4043"	"gdc_star_counts/TCGA_PRAD_primary/c93d2241-ec80-424a-871a-0e2a8b6f4043_77d92416-bd2e-4224-bcb7-40ac1258218e.rna_seq.augmented_star_gene_counts.tsv"	"complete"	"4242289"	"0c5840a2dee84c94f5a9a43169546b50"	"0c5840a2dee84c94f5a9a43169546b50"	"downloaded; official GDC MD5 verified"
"2026-09-14 07:05:08 UTC"	"TCGA_PRAD_primary"	"KLA31_11"	"f3910669-3741-4120-8245-56d7353550a2"	"gdc_star_counts/TCGA_PRAD_primary/f3910669-3741-4120-8245-56d7353550a2_5b92e9a9-44ab-4806-8c91-aff1ca6a5aa1.rna_seq.augmented_star_gene_counts.tsv"	"complete"	"4240774"	"ccc134cfcc7d88f0b7cec8b9d58897dc"	"ccc134cfcc7d88f0b7cec8b9d58897dc"	"downloaded; official GDC MD5 verified"
"2026-09-14 07:05:16 UTC"	"TCGA_PRAD_primary"	"KLA31_11"	"c92ecdd4-cf61-4f1a-b516-23babeab074f"	"gdc_star_counts/TCGA_PRAD_primary/c92ecdd4-cf61-4f1a-b516-23babeab074f_5deb8f45-ac53-4638-8407-b5324f06c03f.rna_seq.augmented_star_gene_counts.tsv"	"complete"	"4238135"	"d6449bcd9b47825c52298a4232759afd"	"d6449bcd9b47825c52298a4232759afd"	"downloaded; official GDC MD5 verified"
"2026-09-14 07:05:26 UTC"	"TCGA_PRAD_primary"	"KLA31_11"	"0c99fd7e-87f9-4e82-82bb-9b35f3b3f671"	"gdc_star_counts/TCGA_PRAD_primary/0c99fd7e-87f9-4e82-82bb-9b35f3b3f671_7adecba0-ebe5-40c3-89db-39a213167a3a.rna_seq.augmented_star_gene_counts.tsv"	"complete"	"4233512"	"3f03a7ee9f3311e71df79b2972d1edb2"	"3f03a7ee9f3311e71df79b2972d1edb2"	"downloaded; official GDC MD5 verified"
"2026-09-14 07:05:31 UTC"	"TCGA_PRAD_primary"	"KLA31_11"	"d38f39a5-7fe5-44ae-84d2-c8e2e105389b"	"gdc_star_counts/TCGA_PRAD_primary/d38f39a5-7fe5-44ae-84d2-c8e2e105389b_a3361d96-f2bf-4666-905c-a49b38c43d72.rna_seq.augmented_star_gene_counts.tsv"	"complete"	"4240779"	"59e6f365687900d4db6ae3a36cb8465c"	"59e6f365687900d4db6ae3a36cb8465c"	"downloaded; official GDC MD5 verified"
"2026-09-14 07:05:44 UTC"	"TCGA_PRAD_primary"	"KLA31_11"	"4c9005c8-84a3-4cf3-925d-604e852f6283"	"gdc_star_counts/TCGA_PRAD_primary/4c9005c8-84a3-4cf3-925d-604e852f6283_e29edfc6-7439-4bea-acf1-a522b0cb8071.rna_seq.augmented_star_gene_counts.tsv"	"complete"	"4241569"	"3072449a2d22ca5a65d38171a7549e70"	"3072449a2d22ca5a65d38171a7549e70"	"downloaded; official GDC MD5 verified"
"2026-09-14 07:05:57 UTC"	"TCGA_PRAD_primary"	"KLA31_11"	"9b20a127-f218-4152-8ba9-bec6fd3f40d6"	"gdc_star_counts/TCGA_PRAD_primary/9b20a127-f218-4152-8ba9-bec6fd3f40d6_4e210408-b5e7-4f57-a790-13cb4ef12a56.rna_seq.augmented_star_gene_counts.tsv"	"complete"	"4241918"	"a1764fc44799ace3de4da5f3829e90a2"	"a1764fc44799ace3de4da5f3829e90a2"	"downloaded; official GDC MD5 verified"
"2026-09-14 07:06:02 UTC"	"TCGA_PRAD_primary"	"KLA31_11"	"012f91be-31a2-4e38-9922-2ee6f9b3328c"	"gdc_star_counts/TCGA_PRAD_primary/012f91be-31a2-4e38-9922-2ee6f9b3328c_e9fb05cb-360b-402f-81af-c45725ab4b06.rna_seq.augmented_star_gene_counts.tsv"	"complete"	"4233644"	"eb7d5ab1580ed50dd67ddfc425c45137"	"eb7d5ab1580ed50dd67ddfc425c45137"	"downloaded; official GDC MD5 verified"
"2026-09-14 07:06:10 UTC"	"TCGA_PRAD_primary"	"KLA31_11"	"78151506-0004-45d9-8b9f-3d9b8c5550f4"	"gdc_star_counts/TCGA_PRAD_primary/78151506-0004-45d9-8b9f-3d9b8c5550f4_58734d11-1c9d-4edf-8420-6334f2e82a20.rna_seq.augmented_star_gene_counts.tsv"	"complete"	"4240964"	"2294a445fef155fc01c72a67169f4567"	"2294a445fef155fc01c72a67169f4567"	"downloaded; official GDC MD5 verified"
"2026-09-14 07:06:18 UTC"	"TCGA_PRAD_primary"	"KLA31_11"	"abe08f86-11c0-4485-8cb1-db31ce8d1aeb"	"gdc_star_counts/TCGA_PRAD_primary/abe08f86-11c0-4485-8cb1-db31ce8d1aeb_7058afac-43e6-41e5-aae1-b2fca82a2e27.rna_seq.augmented_star_gene_counts.tsv"	"complete"	"4229424"	"3d206a368fdfdac1dae6ab9f7cf538ed"	"3d206a368fdfdac1dae6ab9f7cf538ed"	"downloaded; official GDC MD5 verified"
"2026-09-14 07:06:27 UTC"	"TCGA_PRAD_primary"	"KLA31_11"	"adbc143f-fca9-40f3-8bd4-9943997195c5"	"gdc_star_counts/TCGA_PRAD_primary/adbc143f-fca9-40f3-8bd4-9943997195c5_0a972290-3ce1-47d2-b032-d39fd2851564.rna_seq.augmented_star_gene_counts.tsv"	"complete"	"4213025"	"45d90cd06e91b7f07a428c3afab4275c"	"45d90cd06e91b7f07a428c3afab4275c"	"downloaded; official GDC MD5 verified"
"2026-09-14 07:06:33 UTC"	"TCGA_PRAD_primary"	"KLA31_11"	"fdd15293-db3d-4a02-8f76-52e6f7c0cd98"	"gdc_star_counts/TCGA_PRAD_primary/fdd15293-db3d-4a02-8f76-52e6f7c0cd98_1f3cabd7-c794-4083-a010-bc828e82608f.rna_seq.augmented_star_gene_counts.tsv"	"complete"	"4246516"	"7e10deb491ffa6a45258bf122c855fe1"	"7e10deb491ffa6a45258bf122c855fe1"	"downloaded; official GDC MD5 verified"
"2026-09-14 07:06:41 UTC"	"TCGA_PRAD_primary"	"KLA31_11"	"76f58c5f-b8fa-4386-99e6-002b0f1c885d"	"gdc_star_counts/TCGA_PRAD_primary/76f58c5f-b8fa-4386-99e6-002b0f1c885d_2853dc01-4c51-404a-9639-f3138fb65051.rna_seq.augmented_star_gene_counts.tsv"	"complete"	"4243846"	"8b60d52cf2c2bce2df95868eeb9904a0"	"8b60d52cf2c2bce2df95868eeb9904a0"	"downloaded; official GDC MD5 verified"
"2026-09-14 07:06:50 UTC"	"TCGA_PRAD_primary"	"KLA31_11"	"a70e7f79-8f18-4109-a427-14016c640863"	"gdc_star_counts/TCGA_PRAD_primary/a70e7f79-8f18-4109-a427-14016c640863_262876e1-0fe0-44d2-8d72-8dccb2bb8357.rna_seq.augmented_star_gene_counts.tsv"	"complete"	"4238682"	"162db57981ebd1ce9c4db13b69d2b187"	"162db57981ebd1ce9c4db13b69d2b187"	"downloaded; official GDC MD5 verified"
"2026-09-14 07:06:58 UTC"	"TCGA_PRAD_primary"	"KLA31_11"	"72828db8-8ac2-48f0-bd19-a448d35585e1"	"gdc_star_counts/TCGA_PRAD_primary/72828db8-8ac2-48f0-bd19-a448d35585e1_f51e4f6d-f132-4752-9079-774258d23fbd.rna_seq.augmented_star_gene_counts.tsv"	"complete"	"4218515"	"01b4d06b452526053ddc79d7e17d57d8"	"01b4d06b452526053ddc79d7e17d57d8"	"downloaded; official GDC MD5 verified"
"2026-09-14 07:07:03 UTC"	"TCGA_PRAD_primary"	"KLA31_11"	"4973e34d-7b5e-4d3c-a554-f828bd507958"	"gdc_star_counts/TCGA_PRAD_primary/4973e34d-7b5e-4d3c-a554-f828bd507958_7bb8da1f-e5c9-4c87-bb94-46041e602c59.rna_seq.augmented_star_gene_counts.tsv"	"complete"	"4243541"	"4fcf94578942cb0467832d6aad36cd22"	"4fcf94578942cb0467832d6aad36cd22"	"downloaded; official GDC MD5 verified"
"2026-09-14 07:07:12 UTC"	"TCGA_PRAD_primary"	"KLA31_11"	"aa7712ce-63fe-4a3c-ad0f-88467d0c55df"	"gdc_star_counts/TCGA_PRAD_primary/aa7712ce-63fe-4a3c-ad0f-88467d0c55df_e4563c32-14e3-4574-b11b-f6aa4039ced9.rna_seq.augmented_star_gene_counts.tsv"	"complete"	"4237504"	"b238f413640ea341d0abdc6136849721"	"b238f413640ea341d0abdc6136849721"	"downloaded; official GDC MD5 verified"
"2026-09-14 07:07:21 UTC"	"TCGA_PRAD_primary"	"KLA31_11"	"68d49ed1-38e7-452d-a374-b231aec24e0f"	"gdc_star_counts/TCGA_PRAD_primary/68d49ed1-38e7-452d-a374-b231aec24e0f_db6555f4-07d6-493b-9d59-c89e4ba07d17.rna_seq.augmented_star_gene_counts.tsv"	"complete"	"4249555"	"50296c9760dd857abb47904cff1a2258"	"50296c9760dd857abb47904cff1a2258"	"downloaded; official GDC MD5 verified"
"2026-09-14 07:07:29 UTC"	"TCGA_PRAD_primary"	"KLA31_11"	"6dcbce7a-8c93-475d-853d-ad55c7b420a8"	"gdc_star_counts/TCGA_PRAD_primary/6dcbce7a-8c93-475d-853d-ad55c7b420a8_0477c7a6-ef2e-43e4-8506-9d8e4f7493f4.rna_seq.augmented_star_gene_counts.tsv"	"complete"	"4228618"	"a2be1c170fbe73397a9cdfe5793bca14"	"a2be1c170fbe73397a9cdfe5793bca14"	"downloaded; official GDC MD5 verified"
"2026-09-14 07:07:34 UTC"	"TCGA_PRAD_primary"	"KLA31_11"	"2c528f06-a2f1-4096-a018-9d4480119cf1"	"gdc_star_counts/TCGA_PRAD_primary/2c528f06-a2f1-4096-a018-9d4480119cf1_21d63529-db76-4110-b736-2bf3703ce73e.rna_seq.augmented_star_gene_counts.tsv"	"complete"	"4246341"	"69dba1dc70c8420c25c5ea621fb28d5f"	"69dba1dc70c8420c25c5ea621fb28d5f"	"downloaded; official GDC MD5 verified"
"2026-09-14 07:07:42 UTC"	"TCGA_PRAD_primary"	"KLA31_11"	"212e7777-5a67-4bf0-880a-cd5cd5374d4b"	"gdc_star_counts/TCGA_PRAD_primary/212e7777-5a67-4bf0-880a-cd5cd5374d4b_385803b3-0319-4122-8142-787a5e074007.rna_seq.augmented_star_gene_counts.tsv"	"complete"	"4245581"	"c850b807d9fa912c08d2ab302b7001a0"	"c850b807d9fa912c08d2ab302b7001a0"	"downloaded; official GDC MD5 verified"
"2026-09-14 07:07:51 UTC"	"TCGA_PRAD_primary"	"KLA31_11"	"d995263d-0138-4bcb-9317-47acf49eb51a"	"gdc_star_counts/TCGA_PRAD_primary/d995263d-0138-4bcb-9317-47acf49eb51a_59155009-4bbf-4729-b601-d57286e24c1e.rna_seq.augmented_star_gene_counts.tsv"	"complete"	"4232647"	"b63651395f863d83de8749edbf92578f"	"b63651395f863d83de8749edbf92578f"	"downloaded; official GDC MD5 verified"
"2026-09-14 07:07:59 UTC"	"TCGA_PRAD_primary"	"KLA31_11"	"94893645-c3b9-4cac-a27e-4c120742e18b"	"gdc_star_counts/TCGA_PRAD_primary/94893645-c3b9-4cac-a27e-4c120742e18b_f15f5612-a9b1-47f7-9296-707fb60f395e.rna_seq.augmented_star_gene_counts.tsv"	"complete"	"4246043"	"122f053227afcc7ea3b633ea02eff270"	"122f053227afcc7ea3b633ea02eff270"	"downloaded; official GDC MD5 verified"
"2026-09-14 07:08:05 UTC"	"TCGA_PRAD_primary"	"KLA31_11"	"1a6126f3-97a5-48ac-803a-0c4377d21cf6"	"gdc_star_counts/TCGA_PRAD_primary/1a6126f3-97a5-48ac-803a-0c4377d21cf6_702bedee-8f97-47b7-9c41-f7abb68fba02.rna_seq.augmented_star_gene_counts.tsv"	"complete"	"4238257"	"3fb0620496115a50f70df61d4d47ed9e"	"3fb0620496115a50f70df61d4d47ed9e"	"downloaded; official GDC MD5 verified"
"2026-09-14 07:08:14 UTC"	"TCGA_PRAD_primary"	"KLA31_11"	"42904234-ba46-4cd1-ad10-5caeeac95f55"	"gdc_star_counts/TCGA_PRAD_primary/42904234-ba46-4cd1-ad10-5caeeac95f55_5405da4d-a314-4942-ace8-695b248f1e26.rna_seq.augmented_star_gene_counts.tsv"	"complete"	"4239535"	"ff28691db62340472981a7d5c2babcac"	"ff28691db62340472981a7d5c2babcac"	"downloaded; official GDC MD5 verified"
"2026-09-14 07:08:23 UTC"	"TCGA_PRAD_primary"	"KLA31_11"	"10e760a6-6410-4f2f-acdd-1cff022dfda9"	"gdc_star_counts/TCGA_PRAD_primary/10e760a6-6410-4f2f-acdd-1cff022dfda9_cbab180a-e19b-44d2-8c37-c221c3fb5775.rna_seq.augmented_star_gene_counts.tsv"	"complete"	"4240401"	"2c04791fa6dd67c52d76ce790707218c"	"2c04791fa6dd67c52d76ce790707218c"	"downloaded; official GDC MD5 verified"
"2026-09-14 07:08:29 UTC"	"TCGA_PRAD_primary"	"KLA31_11"	"debe3ce9-e624-4b74-a06f-b4e0663a970c"	"gdc_star_counts/TCGA_PRAD_primary/debe3ce9-e624-4b74-a06f-b4e0663a970c_d1a95416-db18-4289-9562-9b9e304bf4c8.rna_seq.augmented_star_gene_counts.tsv"	"complete"	"4234348"	"4fe4fbd3c775de5d486465dfdabc474f"	"4fe4fbd3c775de5d486465dfdabc474f"	"downloaded; official GDC MD5 verified"
"2026-09-14 07:08:35 UTC"	"TCGA_PRAD_primary"	"KLA31_11"	"8e6eae22-b511-4d17-ba2b-255d9bd1b07d"	"gdc_star_counts/TCGA_PRAD_primary/8e6eae22-b511-4d17-ba2b-255d9bd1b07d_fe8e5bdf-4959-4b45-ae36-80293aff06a8.rna_seq.augmented_star_gene_counts.tsv"	"complete"	"4243906"	"7462123603b1613f6cd39d27747cf6f5"	"7462123603b1613f6cd39d27747cf6f5"	"downloaded; official GDC MD5 verified"
"2026-09-14 07:08:44 UTC"	"TCGA_PRAD_primary"	"KLA31_11"	"55e02ee7-ddca-440f-a57a-4c4e50e157f2"	"gdc_star_counts/TCGA_PRAD_primary/55e02ee7-ddca-440f-a57a-4c4e50e157f2_fcb8b926-8d57-403d-9c86-e4f70718fc48.rna_seq.augmented_star_gene_counts.tsv"	"complete"	"4240542"	"32235dc5f602c2b9fa35a13134dd6c64"	"32235dc5f602c2b9fa35a13134dd6c64"	"downloaded; official GDC MD5 verified"
"2026-09-14 07:08:53 UTC"	"TCGA_PRAD_primary"	"KLA31_11"	"edb72042-d072-4178-9d89-d24d2eca7006"	"gdc_star_counts/TCGA_PRAD_primary/edb72042-d072-4178-9d89-d24d2eca7006_060957c4-19f6-4a12-8f45-67746f317398.rna_seq.augmented_star_gene_counts.tsv"	"complete"	"4235870"	"35c58560acecf82fcf99dd10c19e8065"	"35c58560acecf82fcf99dd10c19e8065"	"downloaded; official GDC MD5 verified"
"2026-09-14 07:09:00 UTC"	"TCGA_PRAD_primary"	"KLA31_11"	"19f4b8b7-e241-45cd-88c3-ab787e901d3f"	"gdc_star_counts/TCGA_PRAD_primary/19f4b8b7-e241-45cd-88c3-ab787e901d3f_a905924a-3a0e-4481-98ac-3ca198021472.rna_seq.augmented_star_gene_counts.tsv"	"complete"	"4245223"	"7b4a552b086f9cb4a39ef085b19f8938"	"7b4a552b086f9cb4a39ef085b19f8938"	"downloaded; official GDC MD5 verified"
"2026-09-14 07:09:05 UTC"	"TCGA_PRAD_primary"	"KLA31_11"	"72bc90dc-785e-40a0-9c4f-4c6b4d3dd6fa"	"gdc_star_counts/TCGA_PRAD_primary/72bc90dc-785e-40a0-9c4f-4c6b4d3dd6fa_bcd6088c-93ef-4dd0-8da4-b58a2daa27c3.rna_seq.augmented_star_gene_counts.tsv"	"complete"	"4249176"	"e3cbf858f9d0cb1c206ea0e58c494763"	"e3cbf858f9d0cb1c206ea0e58c494763"	"downloaded; official GDC MD5 verified"
"2026-09-14 07:09:14 UTC"	"TCGA_PRAD_primary"	"KLA31_11"	"e1c73d02-856f-4c07-a491-03ddd5b25734"	"gdc_star_counts/TCGA_PRAD_primary/e1c73d02-856f-4c07-a491-03ddd5b25734_7513e7b2-686c-4674-9031-33094e653cb8.rna_seq.augmented_star_gene_counts.tsv"	"complete"	"4224673"	"6da21549401803b9c1e2e6ce2c606e9a"	"6da21549401803b9c1e2e6ce2c606e9a"	"downloaded; official GDC MD5 verified"
"2026-09-14 07:09:23 UTC"	"TCGA_PRAD_primary"	"KLA31_11"	"b319a480-2090-40f3-bda5-3f5e807e0637"	"gdc_star_counts/TCGA_PRAD_primary/b319a480-2090-40f3-bda5-3f5e807e0637_c257f57f-dbbf-46bf-9163-2496e7ca80d3.rna_seq.augmented_star_gene_counts.tsv"	"complete"	"4237245"	"341a34b1b303325ba4c4c45c89266759"	"341a34b1b303325ba4c4c45c89266759"	"downloaded; official GDC MD5 verified"
"2026-09-14 07:09:29 UTC"	"TCGA_PRAD_primary"	"KLA31_11"	"33b09c46-e744-41d1-bcd9-a652f466ffe9"	"gdc_star_counts/TCGA_PRAD_primary/33b09c46-e744-41d1-bcd9-a652f466ffe9_2ab5ec76-c5d6-46c0-903c-776848afd2cb.rna_seq.augmented_star_gene_counts.tsv"	"complete"	"4241981"	"3bf6deb6a5b3abb71d042955b521b00b"	"3bf6deb6a5b3abb71d042955b521b00b"	"downloaded; official GDC MD5 verified"
"2026-09-14 07:09:35 UTC"	"TCGA_PRAD_primary"	"KLA31_11"	"6ce3d55b-6d88-4b26-a089-5aef7055b280"	"gdc_star_counts/TCGA_PRAD_primary/6ce3d55b-6d88-4b26-a089-5aef7055b280_96fa87b9-2397-4d7c-8b66-2d600bfe69c3.rna_seq.augmented_star_gene_counts.tsv"	"complete"	"4241570"	"2ce8838631dafbd6caa1bef3aa92afd0"	"2ce8838631dafbd6caa1bef3aa92afd0"	"downloaded; official GDC MD5 verified"
"2026-09-14 07:09:43 UTC"	"TCGA_PRAD_primary"	"KLA31_11"	"41da6e9f-8bef-4230-ae9d-c40b7b99efc4"	"gdc_star_counts/TCGA_PRAD_primary/41da6e9f-8bef-4230-ae9d-c40b7b99efc4_35399b63-fa0b-43b7-a7af-f1aca1890909.rna_seq.augmented_star_gene_counts.tsv"	"complete"	"4247515"	"14191ceff9b19a85dc7504afcc2f03ff"	"14191ceff9b19a85dc7504afcc2f03ff"	"downloaded; official GDC MD5 verified"
"2026-09-14 07:09:52 UTC"	"TCGA_PRAD_primary"	"KLA31_11"	"3f0eed30-194d-40d0-9772-700d29e1c996"	"gdc_star_counts/TCGA_PRAD_primary/3f0eed30-194d-40d0-9772-700d29e1c996_fbcfa6d5-b23d-459d-8c90-d9081bf37221.rna_seq.augmented_star_gene_counts.tsv"	"complete"	"4244744"	"5db9daf2796b9a01cc69f623d8a8f4ff"	"5db9daf2796b9a01cc69f623d8a8f4ff"	"downloaded; official GDC MD5 verified"
"2026-09-14 07:09:59 UTC"	"TCGA_PRAD_primary"	"KLA31_11"	"5eb49d4b-850c-4251-a738-098de7951b0d"	"gdc_star_counts/TCGA_PRAD_primary/5eb49d4b-850c-4251-a738-098de7951b0d_54fb6f30-aa03-4374-9565-ccaa10c2d55a.rna_seq.augmented_star_gene_counts.tsv"	"complete"	"4231611"	"75ebabc86809c52eaaf8d4d2d9d2242e"	"75ebabc86809c52eaaf8d4d2d9d2242e"	"downloaded; official GDC MD5 verified"
"2026-09-14 07:10:06 UTC"	"TCGA_PRAD_primary"	"KLA31_11"	"7894930f-690e-435a-8f71-f7c4caee6788"	"gdc_star_counts/TCGA_PRAD_primary/7894930f-690e-435a-8f71-f7c4caee6788_d1eebf42-a924-4359-8728-17ec5d61ab4e.rna_seq.augmented_star_gene_counts.tsv"	"complete"	"4232584"	"82d91c117a513d605a35d050b6d2c5c7"	"82d91c117a513d605a35d050b6d2c5c7"	"downloaded; official GDC MD5 verified"
"2026-09-14 07:10:14 UTC"	"TCGA_PRAD_primary"	"KLA31_11"	"760c15df-2435-4ef0-a0e0-d9725c59b4f6"	"gdc_star_counts/TCGA_PRAD_primary/760c15df-2435-4ef0-a0e0-d9725c59b4f6_aad6f07f-9f3b-4a6f-a82b-4e3e3cf1d941.rna_seq.augmented_star_gene_counts.tsv"	"complete"	"4234995"	"391c312f7d157868d98d1ebfc8562c41"	"391c312f7d157868d98d1ebfc8562c41"	"downloaded; official GDC MD5 verified"
"2026-09-14 07:10:23 UTC"	"TCGA_PRAD_primary"	"KLA31_11"	"f8e656f7-ae37-46d9-a563-c91d441f4e06"	"gdc_star_counts/TCGA_PRAD_primary/f8e656f7-ae37-46d9-a563-c91d441f4e06_7e5352c9-edfb-45d1-8c33-82bf5b74c04a.rna_seq.augmented_star_gene_counts.tsv"	"complete"	"4229266"	"5a0a7a936fb47b95fe9320f095327081"	"5a0a7a936fb47b95fe9320f095327081"	"downloaded; official GDC MD5 verified"
"2026-09-14 07:10:29 UTC"	"TCGA_PRAD_primary"	"KLA31_11"	"949f3d81-1aa5-4f36-bcdf-895ee1c118e1"	"gdc_star_counts/TCGA_PRAD_primary/949f3d81-1aa5-4f36-bcdf-895ee1c118e1_47e42a99-1710-42a8-a474-0a2ba38f08f6.rna_seq.augmented_star_gene_counts.tsv"	"complete"	"4231350"	"269dcb11fbb4d64fe98d279ae436b4fb"	"269dcb11fbb4d64fe98d279ae436b4fb"	"downloaded; official GDC MD5 verified"
"2026-09-14 07:10:37 UTC"	"TCGA_PRAD_primary"	"KLA31_11"	"4e39d10f-2dc1-4f28-9915-287bad29e1e3"	"gdc_star_counts/TCGA_PRAD_primary/4e39d10f-2dc1-4f28-9915-287bad29e1e3_20e063b0-bcb3-4b07-b8fe-af56955a3d5c.rna_seq.augmented_star_gene_counts.tsv"	"complete"	"4248307"	"9055110704a834896f091145db9fe790"	"9055110704a834896f091145db9fe790"	"downloaded; official GDC MD5 verified"
"2026-09-14 07:10:46 UTC"	"TCGA_PRAD_primary"	"KLA31_11"	"8f9abd46-2a02-4516-8847-7705c1f9fcfe"	"gdc_star_counts/TCGA_PRAD_primary/8f9abd46-2a02-4516-8847-7705c1f9fcfe_4099033b-0007-44c7-ae8c-95e9b540e0b6.rna_seq.augmented_star_gene_counts.tsv"	"complete"	"4226011"	"2281b98c40158a497d34afd38a18486d"	"2281b98c40158a497d34afd38a18486d"	"downloaded; official GDC MD5 verified"
"2026-09-14 07:10:57 UTC"	"TCGA_PRAD_primary"	"KLA31_11"	"019f09cc-0a29-434b-a43a-1f458548cc82"	"gdc_star_counts/TCGA_PRAD_primary/019f09cc-0a29-434b-a43a-1f458548cc82_6a0185c8-be4c-4273-ac77-4647e46a0e08.rna_seq.augmented_star_gene_counts.tsv"	"complete"	"4239451"	"5d1d01d4bca33a8edd96322a6b3785c1"	"5d1d01d4bca33a8edd96322a6b3785c1"	"downloaded; official GDC MD5 verified"
"2026-09-14 07:11:02 UTC"	"TCGA_PRAD_primary"	"KLA31_11"	"c43feeba-ba0e-4b05-9da0-dc38fb1cc85f"	"gdc_star_counts/TCGA_PRAD_primary/c43feeba-ba0e-4b05-9da0-dc38fb1cc85f_6664e792-b8d8-43d1-ba34-be969e4fd0d4.rna_seq.augmented_star_gene_counts.tsv"	"complete"	"4244388"	"f88e6960ed7d2abba084eb9efb8105c8"	"f88e6960ed7d2abba084eb9efb8105c8"	"downloaded; official GDC MD5 verified"
"2026-09-14 07:11:10 UTC"	"TCGA_PRAD_primary"	"KLA31_11"	"530b5cef-85eb-4ee2-b21a-a5014ebc8c64"	"gdc_star_counts/TCGA_PRAD_primary/530b5cef-85eb-4ee2-b21a-a5014ebc8c64_08159a41-8f71-42a3-94a7-c4f9579e5b34.rna_seq.augmented_star_gene_counts.tsv"	"complete"	"4242917"	"1466d91388bb348be5d3b801288d9e5c"	"1466d91388bb348be5d3b801288d9e5c"	"downloaded; official GDC MD5 verified"
"2026-09-14 07:11:19 UTC"	"TCGA_PRAD_primary"	"KLA31_11"	"a9999aad-a878-418d-8564-f8ea1a98ecb2"	"gdc_star_counts/TCGA_PRAD_primary/a9999aad-a878-418d-8564-f8ea1a98ecb2_3a99e7d7-12d0-4b11-bf01-cc48f0897a99.rna_seq.augmented_star_gene_counts.tsv"	"complete"	"4238744"	"d8a1224902f79bc0a59d2943bbbb44cd"	"d8a1224902f79bc0a59d2943bbbb44cd"	"downloaded; official GDC MD5 verified"
"2026-09-14 07:11:27 UTC"	"TCGA_PRAD_primary"	"KLA31_11"	"740b1ca0-9ae2-4cb6-a819-b270d23f0b40"	"gdc_star_counts/TCGA_PRAD_primary/740b1ca0-9ae2-4cb6-a819-b270d23f0b40_d556c80c-53da-4e8d-8daf-4e96c5f00feb.rna_seq.augmented_star_gene_counts.tsv"	"complete"	"4237390"	"1cc4faf590cf8ff81ae573f1757170ff"	"1cc4faf590cf8ff81ae573f1757170ff"	"downloaded; official GDC MD5 verified"
"2026-09-14 07:11:33 UTC"	"TCGA_PRAD_primary"	"KLA31_11"	"a5201a4e-8903-4453-bc6e-2634ed88d8db"	"gdc_star_counts/TCGA_PRAD_primary/a5201a4e-8903-4453-bc6e-2634ed88d8db_61f56d29-0c8f-41f6-a1dd-e31457e219bc.rna_seq.augmented_star_gene_counts.tsv"	"complete"	"4238554"	"2d1c92f0317972ba78c78e5b1456cdd9"	"2d1c92f0317972ba78c78e5b1456cdd9"	"downloaded; official GDC MD5 verified"
"2026-09-14 07:11:41 UTC"	"TCGA_PRAD_primary"	"KLA31_11"	"34eb7ee8-dc28-4a26-b69c-9cd856975762"	"gdc_star_counts/TCGA_PRAD_primary/34eb7ee8-dc28-4a26-b69c-9cd856975762_8711d19a-7b6d-42ef-90bd-72cbb254dcaa.rna_seq.augmented_star_gene_counts.tsv"	"complete"	"4240940"	"cdd6e6e1f9c6affb72c385dcd3fd84af"	"cdd6e6e1f9c6affb72c385dcd3fd84af"	"downloaded; official GDC MD5 verified"
"2026-09-14 07:11:49 UTC"	"TCGA_PRAD_primary"	"KLA31_11"	"20fe34de-d7c4-4af6-8dae-b3998204e108"	"gdc_star_counts/TCGA_PRAD_primary/20fe34de-d7c4-4af6-8dae-b3998204e108_9f3fbf9b-8a8f-435e-9d9b-902738d9e308.rna_seq.augmented_star_gene_counts.tsv"	"complete"	"4216482"	"7a088a7b88cb41cfdb4515edd0a6695b"	"7a088a7b88cb41cfdb4515edd0a6695b"	"downloaded; official GDC MD5 verified"
"2026-09-14 07:11:58 UTC"	"TCGA_PRAD_primary"	"KLA31_11"	"ccf77052-d077-4b15-a517-20801bb9f523"	"gdc_star_counts/TCGA_PRAD_primary/ccf77052-d077-4b15-a517-20801bb9f523_5fa8a559-e1f3-4602-a4ca-974b41b0b50b.rna_seq.augmented_star_gene_counts.tsv"	"complete"	"4232258"	"525ef247dc2d20b898db29cba1dc0589"	"525ef247dc2d20b898db29cba1dc0589"	"downloaded; official GDC MD5 verified"
"2026-09-14 07:12:03 UTC"	"TCGA_PRAD_primary"	"KLA31_11"	"ab463e3f-43bb-4b64-b332-45852f59cd0b"	"gdc_star_counts/TCGA_PRAD_primary/ab463e3f-43bb-4b64-b332-45852f59cd0b_87df00a4-fe28-4883-926d-78e84df6bf91.rna_seq.augmented_star_gene_counts.tsv"	"complete"	"4225716"	"741246bac0285844a1b3f7d0047bf149"	"741246bac0285844a1b3f7d0047bf149"	"downloaded; official GDC MD5 verified"
"2026-09-14 07:12:11 UTC"	"TCGA_PRAD_primary"	"KLA31_11"	"ef9fb7bf-d47a-489a-ae30-eb58640c2f9f"	"gdc_star_counts/TCGA_PRAD_primary/ef9fb7bf-d47a-489a-ae30-eb58640c2f9f_706165b8-69be-4666-940f-52c044f163e5.rna_seq.augmented_star_gene_counts.tsv"	"complete"	"4248300"	"a199dfa3de6708be739fe1261b5e8b52"	"a199dfa3de6708be739fe1261b5e8b52"	"downloaded; official GDC MD5 verified"
"2026-09-14 07:12:20 UTC"	"TCGA_PRAD_primary"	"KLA31_11"	"51dc1c02-21ae-47aa-aed7-ccf695eb3015"	"gdc_star_counts/TCGA_PRAD_primary/51dc1c02-21ae-47aa-aed7-ccf695eb3015_7d2a148b-6dbe-4ba4-889b-907a8ddcefae.rna_seq.augmented_star_gene_counts.tsv"	"complete"	"4260624"	"7c0d0aeef394c15b0947efb6f640d13f"	"7c0d0aeef394c15b0947efb6f640d13f"	"downloaded; official GDC MD5 verified"
"2026-09-14 07:12:28 UTC"	"TCGA_PRAD_primary"	"KLA31_11"	"24da5615-dd26-4171-97c3-4216251af862"	"gdc_star_counts/TCGA_PRAD_primary/24da5615-dd26-4171-97c3-4216251af862_659ebc1e-2b97-4800-8166-749e93085d2d.rna_seq.augmented_star_gene_counts.tsv"	"complete"	"4231540"	"c8b4b3877bf28ba82a951fba337c02aa"	"c8b4b3877bf28ba82a951fba337c02aa"	"downloaded; official GDC MD5 verified"
"2026-09-14 07:12:34 UTC"	"TCGA_PRAD_primary"	"KLA31_11"	"99e977f9-b988-4434-937a-fbb5f3b2eba2"	"gdc_star_counts/TCGA_PRAD_primary/99e977f9-b988-4434-937a-fbb5f3b2eba2_f728660a-7291-4d92-b85a-a5077c6a4b86.rna_seq.augmented_star_gene_counts.tsv"	"complete"	"4250461"	"6c264427311a92ebb65bf174b9a7b6f9"	"6c264427311a92ebb65bf174b9a7b6f9"	"downloaded; official GDC MD5 verified"
"2026-09-14 07:12:41 UTC"	"TCGA_PRAD_primary"	"KLA31_11"	"f6c60113-8a55-48fc-85b5-46bf99db08f8"	"gdc_star_counts/TCGA_PRAD_primary/f6c60113-8a55-48fc-85b5-46bf99db08f8_10eecc1d-096b-4664-a001-713f19ce82f1.rna_seq.augmented_star_gene_counts.tsv"	"complete"	"4249351"	"6ea9bf5770ff35014f89c8d98d5f694c"	"6ea9bf5770ff35014f89c8d98d5f694c"	"downloaded; official GDC MD5 verified"
"2026-09-14 07:12:50 UTC"	"TCGA_PRAD_primary"	"KLA31_11"	"5508a93c-db81-484a-aa97-bedca99a8005"	"gdc_star_counts/TCGA_PRAD_primary/5508a93c-db81-484a-aa97-bedca99a8005_ce4851fc-3769-4608-b2b0-8a2f34731279.rna_seq.augmented_star_gene_counts.tsv"	"complete"	"4239594"	"3e9afef73eba246ab7ece77308ea5085"	"3e9afef73eba246ab7ece77308ea5085"	"downloaded; official GDC MD5 verified"
"2026-09-14 07:12:58 UTC"	"TCGA_PRAD_primary"	"KLA31_11"	"0e606b57-4c63-46b5-a194-1a3faa2dd002"	"gdc_star_counts/TCGA_PRAD_primary/0e606b57-4c63-46b5-a194-1a3faa2dd002_53d57159-5b84-483c-ac1a-b08eeffc81dc.rna_seq.augmented_star_gene_counts.tsv"	"complete"	"4241660"	"73a7dfd66a6fc0a6a0cb4a8beeeb632f"	"73a7dfd66a6fc0a6a0cb4a8beeeb632f"	"downloaded; official GDC MD5 verified"
"2026-09-14 07:13:03 UTC"	"TCGA_PRAD_primary"	"KLA31_11"	"9816e5d5-5d5f-498b-90f1-afadb1b355a6"	"gdc_star_counts/TCGA_PRAD_primary/9816e5d5-5d5f-498b-90f1-afadb1b355a6_dbbfbb56-d0bf-40c5-9b99-689632d240cd.rna_seq.augmented_star_gene_counts.tsv"	"complete"	"4226325"	"9bf1d299dbf0822b1dacffbfd2439f35"	"9bf1d299dbf0822b1dacffbfd2439f35"	"downloaded; official GDC MD5 verified"
"2026-09-14 07:13:11 UTC"	"TCGA_PRAD_primary"	"KLA31_11"	"5fb96f5d-1bb4-4439-836e-842fb2560e49"	"gdc_star_counts/TCGA_PRAD_primary/5fb96f5d-1bb4-4439-836e-842fb2560e49_7c13f1bd-dace-4c1c-95ae-348c74f2768a.rna_seq.augmented_star_gene_counts.tsv"	"complete"	"4227661"	"199d12fbdff433f123be210eef772651"	"199d12fbdff433f123be210eef772651"	"downloaded; official GDC MD5 verified"
"2026-09-14 07:13:20 UTC"	"TCGA_PRAD_primary"	"KLA31_11"	"5ab0257d-b88b-43e2-8b71-77da8eab21b3"	"gdc_star_counts/TCGA_PRAD_primary/5ab0257d-b88b-43e2-8b71-77da8eab21b3_3b6e86e6-ab2a-4a27-8558-d3e8ee5f75b6.rna_seq.augmented_star_gene_counts.tsv"	"complete"	"4245481"	"610cc938abfdf1dae69aa1fb51031bfd"	"610cc938abfdf1dae69aa1fb51031bfd"	"downloaded; official GDC MD5 verified"
"2026-09-14 07:13:28 UTC"	"TCGA_PRAD_primary"	"KLA31_11"	"675abbf0-94d7-4465-b482-bbdf151c09e0"	"gdc_star_counts/TCGA_PRAD_primary/675abbf0-94d7-4465-b482-bbdf151c09e0_b1ef7b38-585f-4be6-a434-77476f1b576e.rna_seq.augmented_star_gene_counts.tsv"	"complete"	"4237838"	"6b0bceb90ef06a2e39cd26cf47f2ff79"	"6b0bceb90ef06a2e39cd26cf47f2ff79"	"downloaded; official GDC MD5 verified"
"2026-09-14 07:13:34 UTC"	"TCGA_PRAD_primary"	"KLA31_11"	"417ea894-5711-468e-a562-690118fc003c"	"gdc_star_counts/TCGA_PRAD_primary/417ea894-5711-468e-a562-690118fc003c_5e7107c9-8f25-4a74-8c60-47a0694bbfc1.rna_seq.augmented_star_gene_counts.tsv"	"complete"	"4234404"	"b68713ac17f6fa12dc4efecde94db3ef"	"b68713ac17f6fa12dc4efecde94db3ef"	"downloaded; official GDC MD5 verified"
"2026-09-14 07:13:42 UTC"	"TCGA_PRAD_primary"	"KLA31_11"	"152d2082-59de-4e7b-9715-fc7166b24507"	"gdc_star_counts/TCGA_PRAD_primary/152d2082-59de-4e7b-9715-fc7166b24507_24bac0c6-774a-43f8-b89c-f8f5e547606c.rna_seq.augmented_star_gene_counts.tsv"	"complete"	"4233396"	"71140eab09aba18c4869849c663c0e2f"	"71140eab09aba18c4869849c663c0e2f"	"downloaded; official GDC MD5 verified"
"2026-09-14 07:13:51 UTC"	"TCGA_PRAD_primary"	"KLA31_11"	"db608b14-9785-4df1-b604-0ad7fd20d0eb"	"gdc_star_counts/TCGA_PRAD_primary/db608b14-9785-4df1-b604-0ad7fd20d0eb_18b99e5c-9d14-4e3f-b8eb-23cb929bcfb5.rna_seq.augmented_star_gene_counts.tsv"	"complete"	"4238292"	"23479faf45862fa66b2f7de274139bd2"	"23479faf45862fa66b2f7de274139bd2"	"downloaded; official GDC MD5 verified"
"2026-09-14 07:13:59 UTC"	"TCGA_PRAD_primary"	"KLA31_11"	"0f472603-0065-41f4-8a11-e0f996051909"	"gdc_star_counts/TCGA_PRAD_primary/0f472603-0065-41f4-8a11-e0f996051909_fb4a9805-6fc4-4d65-a346-28caab177ca7.rna_seq.augmented_star_gene_counts.tsv"	"complete"	"4218500"	"cafe6b09083f12be0f60c130f4081da5"	"cafe6b09083f12be0f60c130f4081da5"	"downloaded; official GDC MD5 verified"
"2026-09-14 07:14:04 UTC"	"TCGA_PRAD_primary"	"KLA31_11"	"366ff864-03b5-465a-bd69-0801003a71ad"	"gdc_star_counts/TCGA_PRAD_primary/366ff864-03b5-465a-bd69-0801003a71ad_d8876b31-bed4-46b7-a56a-f7d493a450d2.rna_seq.augmented_star_gene_counts.tsv"	"complete"	"4249220"	"6832059d20ba8aed1996c3410b3a7a9a"	"6832059d20ba8aed1996c3410b3a7a9a"	"downloaded; official GDC MD5 verified"
"2026-09-14 07:14:12 UTC"	"TCGA_PRAD_primary"	"KLA31_11"	"7a978fa1-75b3-4dee-8721-7271119527eb"	"gdc_star_counts/TCGA_PRAD_primary/7a978fa1-75b3-4dee-8721-7271119527eb_e438ce8a-f988-4b9d-8b98-0bec387b6442.rna_seq.augmented_star_gene_counts.tsv"	"complete"	"4235726"	"806cc6efd11e9b50777f1e6af231b571"	"806cc6efd11e9b50777f1e6af231b571"	"downloaded; official GDC MD5 verified"
"2026-09-14 07:14:21 UTC"	"TCGA_PRAD_primary"	"KLA31_11"	"8b0dfd5a-950f-48b4-ae63-70bad133dda0"	"gdc_star_counts/TCGA_PRAD_primary/8b0dfd5a-950f-48b4-ae63-70bad133dda0_9d6d8976-0fba-420f-9a71-8683b2da4f4c.rna_seq.augmented_star_gene_counts.tsv"	"complete"	"4232564"	"73aca50981c86833ccf9bb339f127cb3"	"73aca50981c86833ccf9bb339f127cb3"	"downloaded; official GDC MD5 verified"
"2026-09-14 07:14:29 UTC"	"TCGA_PRAD_primary"	"KLA31_11"	"45aa72b6-399c-4c73-ae83-518148043a4b"	"gdc_star_counts/TCGA_PRAD_primary/45aa72b6-399c-4c73-ae83-518148043a4b_d8fdbb83-72e8-45e4-b7aa-be798aa450c7.rna_seq.augmented_star_gene_counts.tsv"	"complete"	"4245267"	"95aaf8b9fe71f8ccb7a6b0d53be22d51"	"95aaf8b9fe71f8ccb7a6b0d53be22d51"	"downloaded; official GDC MD5 verified"
"2026-09-14 07:14:34 UTC"	"TCGA_PRAD_primary"	"KLA31_11"	"d19a66a0-1d60-43f7-aad3-10445da13856"	"gdc_star_counts/TCGA_PRAD_primary/d19a66a0-1d60-43f7-aad3-10445da13856_35a44208-aa78-4261-ad76-a52557659fa3.rna_seq.augmented_star_gene_counts.tsv"	"complete"	"4249901"	"9426d66431aba7d4becc9d477c9ce30c"	"9426d66431aba7d4becc9d477c9ce30c"	"downloaded; official GDC MD5 verified"
"2026-09-14 07:14:42 UTC"	"TCGA_PRAD_primary"	"KLA31_11"	"59f8dfb4-05e2-4737-93fb-d35bb1f81d15"	"gdc_star_counts/TCGA_PRAD_primary/59f8dfb4-05e2-4737-93fb-d35bb1f81d15_c4805f6c-2047-4d11-be88-c0c4358c2adb.rna_seq.augmented_star_gene_counts.tsv"	"complete"	"4242606"	"9dab0a7ee5966264cd6cca2c027d4cca"	"9dab0a7ee5966264cd6cca2c027d4cca"	"downloaded; official GDC MD5 verified"
"2026-09-14 07:14:56 UTC"	"TCGA_PRAD_primary"	"KLA31_11"	"352a5b98-e6a3-4367-9cc4-c75c1dfd7c8b"	"gdc_star_counts/TCGA_PRAD_primary/352a5b98-e6a3-4367-9cc4-c75c1dfd7c8b_e3d43feb-ba5a-4974-8f39-c1fe1c23886a.rna_seq.augmented_star_gene_counts.tsv"	"complete"	"4239186"	"b686cbc98caaf8f8f2bff42107164e53"	"b686cbc98caaf8f8f2bff42107164e53"	"downloaded; official GDC MD5 verified"
"2026-09-14 07:15:02 UTC"	"TCGA_PRAD_primary"	"KLA31_11"	"18df3508-adb6-4fb8-9610-6d69ea1c71cf"	"gdc_star_counts/TCGA_PRAD_primary/18df3508-adb6-4fb8-9610-6d69ea1c71cf_5f6dbd47-2f8a-4bfb-adb7-20649903c275.rna_seq.augmented_star_gene_counts.tsv"	"complete"	"4227366"	"e44f64fd7e14181c403955438f634e19"	"e44f64fd7e14181c403955438f634e19"	"downloaded; official GDC MD5 verified"
"2026-09-14 07:15:09 UTC"	"TCGA_PRAD_primary"	"KLA31_11"	"7ce8d7b3-62ea-4e14-9880-ba03ade87977"	"gdc_star_counts/TCGA_PRAD_primary/7ce8d7b3-62ea-4e14-9880-ba03ade87977_c0dc94b5-d3bd-4b9d-b6aa-dfe84eb67d3c.rna_seq.augmented_star_gene_counts.tsv"	"complete"	"4233067"	"5d078a1df5846aa30c77dde7f8a00382"	"5d078a1df5846aa30c77dde7f8a00382"	"downloaded; official GDC MD5 verified"
"2026-09-14 07:15:19 UTC"	"TCGA_PRAD_primary"	"KLA31_11"	"555bb124-e49a-48d0-9b69-ad5049512e93"	"gdc_star_counts/TCGA_PRAD_primary/555bb124-e49a-48d0-9b69-ad5049512e93_ef3f9261-a34c-446b-9a6e-6d596c4cd886.rna_seq.augmented_star_gene_counts.tsv"	"complete"	"4237156"	"252fb612277d2a40d0cc49e38cc46f27"	"252fb612277d2a40d0cc49e38cc46f27"	"downloaded; official GDC MD5 verified"
"2026-09-14 07:15:28 UTC"	"TCGA_PRAD_primary"	"KLA31_11"	"9518753b-192f-463a-9aeb-8ae0586f83f9"	"gdc_star_counts/TCGA_PRAD_primary/9518753b-192f-463a-9aeb-8ae0586f83f9_5091b111-d2dd-4072-bbb4-e774860d33cc.rna_seq.augmented_star_gene_counts.tsv"	"complete"	"4243385"	"20f9873e726dce9e984f7993550cd5f6"	"20f9873e726dce9e984f7993550cd5f6"	"downloaded; official GDC MD5 verified"
"2026-09-14 07:15:33 UTC"	"TCGA_PRAD_primary"	"KLA31_11"	"2620791e-1dcc-4821-9236-364fbfba248b"	"gdc_star_counts/TCGA_PRAD_primary/2620791e-1dcc-4821-9236-364fbfba248b_6f95e0e1-57d0-40d5-b517-b40d3dfba630.rna_seq.augmented_star_gene_counts.tsv"	"complete"	"4238540"	"aaa636e4781607075a38772c6bb1652c"	"aaa636e4781607075a38772c6bb1652c"	"downloaded; official GDC MD5 verified"
"2026-09-14 07:15:41 UTC"	"TCGA_PRAD_primary"	"KLA31_11"	"a0489bf1-8f37-4255-8b19-dcecdd744112"	"gdc_star_counts/TCGA_PRAD_primary/a0489bf1-8f37-4255-8b19-dcecdd744112_52a9ef0c-dd29-4449-9a85-00f13d56dbab.rna_seq.augmented_star_gene_counts.tsv"	"complete"	"4234677"	"0cfe147a52edf51b682fc8a3b9c04bb8"	"0cfe147a52edf51b682fc8a3b9c04bb8"	"downloaded; official GDC MD5 verified"
"2026-09-14 07:15:50 UTC"	"TCGA_PRAD_primary"	"KLA31_11"	"a8bdf591-4070-42ea-a08e-44bb8e580d9c"	"gdc_star_counts/TCGA_PRAD_primary/a8bdf591-4070-42ea-a08e-44bb8e580d9c_e7a6c56d-8029-4141-ae5e-0cfe3e962f81.rna_seq.augmented_star_gene_counts.tsv"	"complete"	"4241546"	"62730239db79ebfbad054318ff7bf2fd"	"62730239db79ebfbad054318ff7bf2fd"	"downloaded; official GDC MD5 verified"
"2026-09-14 07:16:01 UTC"	"TCGA_PRAD_primary"	"KLA31_11"	"3992f071-7ea6-4ec8-b826-b0640d39b68d"	"gdc_star_counts/TCGA_PRAD_primary/3992f071-7ea6-4ec8-b826-b0640d39b68d_f82eeb29-a6ca-48b8-9d60-6b332ce0cca0.rna_seq.augmented_star_gene_counts.tsv"	"complete"	"4234089"	"433fe503f666626586c81cf3ca391ec4"	"433fe503f666626586c81cf3ca391ec4"	"downloaded; official GDC MD5 verified"
"2026-09-14 07:16:08 UTC"	"TCGA_PRAD_primary"	"KLA31_11"	"647bb579-5210-4c00-b6e9-ef275dcdf5a2"	"gdc_star_counts/TCGA_PRAD_primary/647bb579-5210-4c00-b6e9-ef275dcdf5a2_44775d34-6995-4670-b6b9-df0a5de0d3fd.rna_seq.augmented_star_gene_counts.tsv"	"complete"	"4231319"	"93500d4d12bbbd6238ea39e09f001110"	"93500d4d12bbbd6238ea39e09f001110"	"downloaded; official GDC MD5 verified"
"2026-09-14 07:16:17 UTC"	"TCGA_PRAD_primary"	"KLA31_11"	"f8cd5f06-0f60-4739-827f-7a817caca7ed"	"gdc_star_counts/TCGA_PRAD_primary/f8cd5f06-0f60-4739-827f-7a817caca7ed_a2fdeca4-6ae3-47a3-bc41-9dd7567faddd.rna_seq.augmented_star_gene_counts.tsv"	"complete"	"4239266"	"a8f175ebc205f4ba5af5bdefc60baae1"	"a8f175ebc205f4ba5af5bdefc60baae1"	"downloaded; official GDC MD5 verified"
"2026-09-14 07:16:26 UTC"	"TCGA_PRAD_primary"	"KLA31_11"	"19c2cf7d-b0e6-45a8-aaae-ea679ee34f2e"	"gdc_star_counts/TCGA_PRAD_primary/19c2cf7d-b0e6-45a8-aaae-ea679ee34f2e_ec2fe02e-4141-42fc-8cda-3ca0497cc9dc.rna_seq.augmented_star_gene_counts.tsv"	"complete"	"4243018"	"db3fcb5cfe8371305bdb2219b27d86d8"	"db3fcb5cfe8371305bdb2219b27d86d8"	"downloaded; official GDC MD5 verified"
"2026-09-14 07:16:32 UTC"	"TCGA_PRAD_primary"	"KLA31_11"	"fe5a3d7d-58c2-4ccb-8235-198c6250a502"	"gdc_star_counts/TCGA_PRAD_primary/fe5a3d7d-58c2-4ccb-8235-198c6250a502_8b17c95b-808c-4536-8538-428b73b07fda.rna_seq.augmented_star_gene_counts.tsv"	"complete"	"4241461"	"38d3d836a8e6a1db1c74a0f821ec6baf"	"38d3d836a8e6a1db1c74a0f821ec6baf"	"downloaded; official GDC MD5 verified"
"2026-09-14 07:16:39 UTC"	"TCGA_PRAD_primary"	"KLA31_11"	"f106e50c-e6f5-40dd-9c3c-8dc0dda3c0c9"	"gdc_star_counts/TCGA_PRAD_primary/f106e50c-e6f5-40dd-9c3c-8dc0dda3c0c9_e69ecc9f-9578-4a7d-a2b6-2a1bfb31f836.rna_seq.augmented_star_gene_counts.tsv"	"complete"	"4235073"	"7f0917bbf7ad51992252484d9447a698"	"7f0917bbf7ad51992252484d9447a698"	"downloaded; official GDC MD5 verified"
"2026-09-14 07:16:48 UTC"	"TCGA_PRAD_primary"	"KLA31_11"	"663453fb-7788-4e0e-8107-70f3fb96f0b9"	"gdc_star_counts/TCGA_PRAD_primary/663453fb-7788-4e0e-8107-70f3fb96f0b9_8d5e6e6b-0005-41d4-8b50-be9066756000.rna_seq.augmented_star_gene_counts.tsv"	"complete"	"4248711"	"42bfd0c70a4449f60fd298c3e75b8a6c"	"42bfd0c70a4449f60fd298c3e75b8a6c"	"downloaded; official GDC MD5 verified"
"2026-09-14 07:16:57 UTC"	"TCGA_PRAD_primary"	"KLA31_11"	"c4bb0bc9-23df-41f3-8ca9-4a7a028a6027"	"gdc_star_counts/TCGA_PRAD_primary/c4bb0bc9-23df-41f3-8ca9-4a7a028a6027_4ef20aa9-ee28-4242-8590-14fb67e857d6.rna_seq.augmented_star_gene_counts.tsv"	"complete"	"4243591"	"21c43c41253ca4b3fd5868624413fcd2"	"21c43c41253ca4b3fd5868624413fcd2"	"downloaded; official GDC MD5 verified"
"2026-09-14 07:17:02 UTC"	"TCGA_PRAD_primary"	"KLA31_11"	"17606720-0f73-4145-894c-dda680498dea"	"gdc_star_counts/TCGA_PRAD_primary/17606720-0f73-4145-894c-dda680498dea_a3470c00-a3fb-4538-9cfb-91c719f16e6f.rna_seq.augmented_star_gene_counts.tsv"	"complete"	"4244625"	"9c79e2462452e7c9414c8cf94092e09b"	"9c79e2462452e7c9414c8cf94092e09b"	"downloaded; official GDC MD5 verified"
"2026-09-14 07:17:14 UTC"	"TCGA_PRAD_primary"	"KLA31_11"	"48d21174-70a4-45a9-93af-5675062f31d5"	"gdc_star_counts/TCGA_PRAD_primary/48d21174-70a4-45a9-93af-5675062f31d5_bc91971d-1711-4230-a49c-b771da52e97f.rna_seq.augmented_star_gene_counts.tsv"	"complete"	"4260119"	"c8353fdc4038cd26698a750db7a5d1a2"	"c8353fdc4038cd26698a750db7a5d1a2"	"downloaded; official GDC MD5 verified"
"2026-09-14 07:17:23 UTC"	"TCGA_PRAD_primary"	"KLA31_11"	"c2efed40-5c6b-4113-9e1e-84a5b6e99116"	"gdc_star_counts/TCGA_PRAD_primary/c2efed40-5c6b-4113-9e1e-84a5b6e99116_cc84ea8b-7b9a-4038-a081-82f38a48f09f.rna_seq.augmented_star_gene_counts.tsv"	"complete"	"4237716"	"387b31a12347bdc5441f4999833be43a"	"387b31a12347bdc5441f4999833be43a"	"downloaded; official GDC MD5 verified"
"2026-09-14 07:17:30 UTC"	"TCGA_PRAD_primary"	"KLA31_11"	"0203cc17-8a29-42e5-a6d1-924734b4d160"	"gdc_star_counts/TCGA_PRAD_primary/0203cc17-8a29-42e5-a6d1-924734b4d160_20b44527-a04b-4e68-a888-6c6cf03c7f73.rna_seq.augmented_star_gene_counts.tsv"	"complete"	"4235696"	"c11c857ce8fc548fa341bf859807b413"	"c11c857ce8fc548fa341bf859807b413"	"downloaded; official GDC MD5 verified"
"2026-09-14 07:17:37 UTC"	"TCGA_PRAD_primary"	"KLA31_11"	"bb1978ce-e06c-44f5-9d5e-59d89217a313"	"gdc_star_counts/TCGA_PRAD_primary/bb1978ce-e06c-44f5-9d5e-59d89217a313_fe9e48c0-0a9e-47cb-983a-027e75c9591e.rna_seq.augmented_star_gene_counts.tsv"	"complete"	"4242866"	"2698cc4abafe05f47f5040ff80aedce3"	"2698cc4abafe05f47f5040ff80aedce3"	"downloaded; official GDC MD5 verified"
"2026-09-14 07:17:45 UTC"	"TCGA_PRAD_primary"	"KLA31_11"	"1f3fe4e9-96e6-4393-af42-67be1d39a351"	"gdc_star_counts/TCGA_PRAD_primary/1f3fe4e9-96e6-4393-af42-67be1d39a351_32d75f0d-72c6-4e63-a264-d8ed1506617e.rna_seq.augmented_star_gene_counts.tsv"	"complete"	"4226521"	"f6ad206bf8141bf664333dbd289fed6f"	"f6ad206bf8141bf664333dbd289fed6f"	"downloaded; official GDC MD5 verified"
"2026-09-14 07:17:55 UTC"	"TCGA_PRAD_primary"	"KLA31_11"	"6ecee80d-54a1-4831-a503-23396f756ca3"	"gdc_star_counts/TCGA_PRAD_primary/6ecee80d-54a1-4831-a503-23396f756ca3_2988f270-380b-4bd0-b468-26eb629c58cc.rna_seq.augmented_star_gene_counts.tsv"	"complete"	"4259398"	"b53486c761c1a6726d3db84b6fb9e4c5"	"b53486c761c1a6726d3db84b6fb9e4c5"	"downloaded; official GDC MD5 verified"
"2026-09-14 07:18:01 UTC"	"TCGA_PRAD_primary"	"KLA31_11"	"cc28a001-9a5a-4817-b067-57f27b869957"	"gdc_star_counts/TCGA_PRAD_primary/cc28a001-9a5a-4817-b067-57f27b869957_cc279c31-96a1-45aa-82fd-e8a548086706.rna_seq.augmented_star_gene_counts.tsv"	"complete"	"4249418"	"84b48d478a767187c9468510a6198dec"	"84b48d478a767187c9468510a6198dec"	"downloaded; official GDC MD5 verified"
"2026-09-14 07:18:07 UTC"	"TCGA_PRAD_primary"	"KLA31_11"	"3802f648-0f81-4fd0-84db-192503c0c361"	"gdc_star_counts/TCGA_PRAD_primary/3802f648-0f81-4fd0-84db-192503c0c361_4f4edf21-3d00-4926-823b-dc82da4a1524.rna_seq.augmented_star_gene_counts.tsv"	"complete"	"4235158"	"c8b1b32e0e471fec08f126582be23511"	"c8b1b32e0e471fec08f126582be23511"	"downloaded; official GDC MD5 verified"
"2026-09-14 07:18:15 UTC"	"TCGA_PRAD_primary"	"KLA31_11"	"8a0dfbb0-7269-4f9b-bccd-47aeef6a37c2"	"gdc_star_counts/TCGA_PRAD_primary/8a0dfbb0-7269-4f9b-bccd-47aeef6a37c2_e3bba1da-3e56-4380-955e-a3f563170acd.rna_seq.augmented_star_gene_counts.tsv"	"complete"	"4240884"	"a46596f37f1d57943b81ff44a8184e39"	"a46596f37f1d57943b81ff44a8184e39"	"downloaded; official GDC MD5 verified"
"2026-09-14 07:18:25 UTC"	"TCGA_PRAD_primary"	"KLA31_11"	"330bed7a-0844-434e-8139-d559ace4d9e6"	"gdc_star_counts/TCGA_PRAD_primary/330bed7a-0844-434e-8139-d559ace4d9e6_4e98ce33-c0ae-473b-8bf2-8407d00098e5.rna_seq.augmented_star_gene_counts.tsv"	"complete"	"4242154"	"f6ef30e77a173251a11520a8e4d94c69"	"f6ef30e77a173251a11520a8e4d94c69"	"downloaded; official GDC MD5 verified"
"2026-09-14 07:18:31 UTC"	"TCGA_PRAD_primary"	"KLA31_11"	"197bedd1-cca1-4ee0-aaf5-60b6d303ca12"	"gdc_star_counts/TCGA_PRAD_primary/197bedd1-cca1-4ee0-aaf5-60b6d303ca12_ecd99efd-10c0-44f4-a8ca-6356429ba4b5.rna_seq.augmented_star_gene_counts.tsv"	"complete"	"4235883"	"b6a01f48df3386c087a5b0436f9ea113"	"b6a01f48df3386c087a5b0436f9ea113"	"downloaded; official GDC MD5 verified"
"2026-09-14 07:18:38 UTC"	"TCGA_PRAD_primary"	"KLA31_11"	"8780e08f-6094-471e-8150-450e9615c425"	"gdc_star_counts/TCGA_PRAD_primary/8780e08f-6094-471e-8150-450e9615c425_70edd3d9-af40-496f-9cde-1103ec5a479b.rna_seq.augmented_star_gene_counts.tsv"	"complete"	"4238753"	"dd97e32b9a8dc91bd84217956c42c438"	"dd97e32b9a8dc91bd84217956c42c438"	"downloaded; official GDC MD5 verified"
"2026-09-14 07:18:46 UTC"	"TCGA_PRAD_primary"	"KLA31_11"	"9a82db7d-2c69-404e-a321-906f3fbc7047"	"gdc_star_counts/TCGA_PRAD_primary/9a82db7d-2c69-404e-a321-906f3fbc7047_7b97885a-f365-4f11-8f35-9bf17a7344b5.rna_seq.augmented_star_gene_counts.tsv"	"complete"	"4243531"	"6b7e66d888d3ad67b29b1a9d86c7614b"	"6b7e66d888d3ad67b29b1a9d86c7614b"	"downloaded; official GDC MD5 verified"
"2026-09-14 07:18:58 UTC"	"TCGA_PRAD_primary"	"KLA31_11"	"816af635-c0f2-474c-a97a-4f75845137f0"	"gdc_star_counts/TCGA_PRAD_primary/816af635-c0f2-474c-a97a-4f75845137f0_6606bb36-b6fa-43a5-ba78-0ad163047db7.rna_seq.augmented_star_gene_counts.tsv"	"complete"	"4240973"	"c78eadb95befd352c9f65a4862824fb7"	"c78eadb95befd352c9f65a4862824fb7"	"downloaded; official GDC MD5 verified"
"2026-09-14 07:19:04 UTC"	"TCGA_PRAD_primary"	"KLA31_11"	"2ef10886-a213-446e-afef-12e9b5cbc3be"	"gdc_star_counts/TCGA_PRAD_primary/2ef10886-a213-446e-afef-12e9b5cbc3be_b720819c-f6ff-48ad-8e19-1456669bd326.rna_seq.augmented_star_gene_counts.tsv"	"complete"	"4243625"	"4867a5c31b8862bb832eca72c3f0be58"	"4867a5c31b8862bb832eca72c3f0be58"	"downloaded; official GDC MD5 verified"
"2026-09-14 07:19:12 UTC"	"TCGA_PRAD_primary"	"KLA31_11"	"82120f36-f6af-4fa3-a8f8-3f8b392ef78e"	"gdc_star_counts/TCGA_PRAD_primary/82120f36-f6af-4fa3-a8f8-3f8b392ef78e_52052569-db8b-49e2-bfcf-064c61704ca3.rna_seq.augmented_star_gene_counts.tsv"	"complete"	"4240547"	"64fb2771b1f8c10b6febe4d407055973"	"64fb2771b1f8c10b6febe4d407055973"	"downloaded; official GDC MD5 verified"
"2026-09-14 07:19:20 UTC"	"TCGA_PRAD_primary"	"KLA31_11"	"8d5aaeda-f65b-44a7-93fc-95d40674c3ac"	"gdc_star_counts/TCGA_PRAD_primary/8d5aaeda-f65b-44a7-93fc-95d40674c3ac_5797c375-483d-4354-aec4-69acc6a5fcb3.rna_seq.augmented_star_gene_counts.tsv"	"complete"	"4238695"	"64cb5402d47b5f6f063232e65900b027"	"64cb5402d47b5f6f063232e65900b027"	"downloaded; official GDC MD5 verified"
"2026-09-14 07:19:31 UTC"	"TCGA_PRAD_primary"	"KLA31_11"	"27cc693d-f001-4842-b6bf-9d18b81b58dd"	"gdc_star_counts/TCGA_PRAD_primary/27cc693d-f001-4842-b6bf-9d18b81b58dd_09a8a39a-ab72-4061-9a38-0034a79a8074.rna_seq.augmented_star_gene_counts.tsv"	"complete"	"4214348"	"aeee5c162759c82098e6b22909110d7c"	"aeee5c162759c82098e6b22909110d7c"	"downloaded; official GDC MD5 verified"
"2026-09-14 07:19:37 UTC"	"TCGA_PRAD_primary"	"KLA31_11"	"c5172def-1e9d-4fb2-8872-fe6179d8c34f"	"gdc_star_counts/TCGA_PRAD_primary/c5172def-1e9d-4fb2-8872-fe6179d8c34f_8782b60d-e0fb-4185-b3f2-4525bc4335ad.rna_seq.augmented_star_gene_counts.tsv"	"complete"	"4246333"	"9df737b84ddc7e100b6ccd4300c8bd98"	"9df737b84ddc7e100b6ccd4300c8bd98"	"downloaded; official GDC MD5 verified"
"2026-09-14 07:19:46 UTC"	"TCGA_PRAD_primary"	"KLA31_11"	"1bd1bb1d-f8a6-48e5-b7a4-07d73a4b6c05"	"gdc_star_counts/TCGA_PRAD_primary/1bd1bb1d-f8a6-48e5-b7a4-07d73a4b6c05_dab8478b-3b9e-4062-b497-72862aa2576c.rna_seq.augmented_star_gene_counts.tsv"	"complete"	"4236700"	"4fa11dbdbfc90a8299d44db3e7c2a1ce"	"4fa11dbdbfc90a8299d44db3e7c2a1ce"	"downloaded; official GDC MD5 verified"
"2026-09-14 07:19:56 UTC"	"TCGA_PRAD_primary"	"KLA31_11"	"5fb10463-88e9-476e-a35d-89ca16bcfd5d"	"gdc_star_counts/TCGA_PRAD_primary/5fb10463-88e9-476e-a35d-89ca16bcfd5d_ed126dcd-a75a-4b55-b442-eb822279f8d4.rna_seq.augmented_star_gene_counts.tsv"	"complete"	"4253209"	"164be7435a92d2ede8ec267d3fb0ce93"	"164be7435a92d2ede8ec267d3fb0ce93"	"downloaded; official GDC MD5 verified"
"2026-09-14 07:20:06 UTC"	"TCGA_PRAD_primary"	"KLA31_11"	"ab38f035-7835-46c9-a84a-63e786a8105a"	"gdc_star_counts/TCGA_PRAD_primary/ab38f035-7835-46c9-a84a-63e786a8105a_3b1e6719-4f05-48cc-9376-98d7de78d515.rna_seq.augmented_star_gene_counts.tsv"	"complete"	"4221593"	"0f220e7c7da7f977a1ef99b6bdd8e96d"	"0f220e7c7da7f977a1ef99b6bdd8e96d"	"downloaded; official GDC MD5 verified"
"2026-09-14 07:20:15 UTC"	"TCGA_PRAD_primary"	"KLA31_11"	"e4ce56ed-b03d-4054-94f7-981a702d7557"	"gdc_star_counts/TCGA_PRAD_primary/e4ce56ed-b03d-4054-94f7-981a702d7557_34379142-2553-4d15-a430-e16da714d03e.rna_seq.augmented_star_gene_counts.tsv"	"complete"	"4234475"	"e6f4bdad6dbf0b5dc4647c0b0f1d286a"	"e6f4bdad6dbf0b5dc4647c0b0f1d286a"	"downloaded; official GDC MD5 verified"
"2026-09-14 07:20:23 UTC"	"TCGA_PRAD_primary"	"KLA31_11"	"236083ac-b238-465c-98e6-ad91f4ec82f0"	"gdc_star_counts/TCGA_PRAD_primary/236083ac-b238-465c-98e6-ad91f4ec82f0_fba054db-a4de-4472-96a0-3c4e61e33a8d.rna_seq.augmented_star_gene_counts.tsv"	"complete"	"4236130"	"711ce5a04e181e87bd0d32ea950c8413"	"711ce5a04e181e87bd0d32ea950c8413"	"downloaded; official GDC MD5 verified"
"2026-09-14 07:20:30 UTC"	"TCGA_PRAD_primary"	"KLA31_11"	"c249c992-d43c-41bd-9dd5-1f74556ed09a"	"gdc_star_counts/TCGA_PRAD_primary/c249c992-d43c-41bd-9dd5-1f74556ed09a_1a861cd2-321b-431d-838c-18d0b17b2193.rna_seq.augmented_star_gene_counts.tsv"	"complete"	"4235818"	"d09b8e37757c0e54848034d9f4cbe4dc"	"d09b8e37757c0e54848034d9f4cbe4dc"	"downloaded; official GDC MD5 verified"
"2026-09-14 07:20:36 UTC"	"TCGA_PRAD_primary"	"KLA31_11"	"352aae7f-f08f-42e4-b49c-86529fbe622a"	"gdc_star_counts/TCGA_PRAD_primary/352aae7f-f08f-42e4-b49c-86529fbe622a_9c77256c-e9e7-49fd-992d-bf1df85d2a63.rna_seq.augmented_star_gene_counts.tsv"	"complete"	"4250591"	"d2b896415a13767daca9c1fa17dbfe30"	"d2b896415a13767daca9c1fa17dbfe30"	"downloaded; official GDC MD5 verified"
"2026-09-14 07:20:44 UTC"	"TCGA_PRAD_primary"	"KLA31_11"	"650bbfae-8e03-479f-bff9-66b68305f4d7"	"gdc_star_counts/TCGA_PRAD_primary/650bbfae-8e03-479f-bff9-66b68305f4d7_22f9e8d8-056f-46bc-b981-747b9d5c0ecb.rna_seq.augmented_star_gene_counts.tsv"	"complete"	"4230392"	"813a4419882fbaf4906a0f48c0451b14"	"813a4419882fbaf4906a0f48c0451b14"	"downloaded; official GDC MD5 verified"
"2026-09-14 07:20:53 UTC"	"TCGA_PRAD_primary"	"KLA31_11"	"87d2e64a-3c0f-4ffb-a01c-c666521c2fce"	"gdc_star_counts/TCGA_PRAD_primary/87d2e64a-3c0f-4ffb-a01c-c666521c2fce_77801672-0067-474c-a276-a4a7377ba9e8.rna_seq.augmented_star_gene_counts.tsv"	"complete"	"4237022"	"e56a0366038229331875508e03e09689"	"e56a0366038229331875508e03e09689"	"downloaded; official GDC MD5 verified"
"2026-09-14 07:21:00 UTC"	"TCGA_PRAD_primary"	"KLA31_11"	"09470372-94fe-42e0-99ec-b8a0e7f0f859"	"gdc_star_counts/TCGA_PRAD_primary/09470372-94fe-42e0-99ec-b8a0e7f0f859_12526a38-cd23-4a2c-be11-af4fd85d8b63.rna_seq.augmented_star_gene_counts.tsv"	"complete"	"4229128"	"d7a4dcd9d866d6639dbe7f99ef2389a8"	"d7a4dcd9d866d6639dbe7f99ef2389a8"	"downloaded; official GDC MD5 verified"
"2026-09-14 07:21:06 UTC"	"TCGA_PRAD_primary"	"KLA31_11"	"a207bee7-dbb4-4ba5-a41f-c62b062e5821"	"gdc_star_counts/TCGA_PRAD_primary/a207bee7-dbb4-4ba5-a41f-c62b062e5821_331256b5-fe98-4d36-a48c-9a7e05ffd86c.rna_seq.augmented_star_gene_counts.tsv"	"complete"	"4234012"	"7a0132d0dd021c8970c7846ef29179e2"	"7a0132d0dd021c8970c7846ef29179e2"	"downloaded; official GDC MD5 verified"
"2026-09-14 07:21:15 UTC"	"TCGA_PRAD_primary"	"KLA31_11"	"3d0bb41e-059a-4289-901d-706064efd290"	"gdc_star_counts/TCGA_PRAD_primary/3d0bb41e-059a-4289-901d-706064efd290_c876ca8c-cb96-4d78-a3a9-bffe491e4f21.rna_seq.augmented_star_gene_counts.tsv"	"complete"	"4234571"	"12dbf64abdb866fabcdddc39106b708e"	"12dbf64abdb866fabcdddc39106b708e"	"downloaded; official GDC MD5 verified"
"2026-09-14 07:21:24 UTC"	"TCGA_PRAD_primary"	"KLA31_11"	"c2dd286f-7d0b-402a-bd78-e0b94510fa95"	"gdc_star_counts/TCGA_PRAD_primary/c2dd286f-7d0b-402a-bd78-e0b94510fa95_e774c9f3-36a5-434b-a4f0-4138d96af234.rna_seq.augmented_star_gene_counts.tsv"	"complete"	"4235405"	"fb46deae2cee41129fc46b6b329fbd85"	"fb46deae2cee41129fc46b6b329fbd85"	"downloaded; official GDC MD5 verified"
"2026-09-14 07:21:30 UTC"	"TCGA_PRAD_primary"	"KLA31_11"	"4f8e6a27-d100-438d-9ae0-fc84ca639291"	"gdc_star_counts/TCGA_PRAD_primary/4f8e6a27-d100-438d-9ae0-fc84ca639291_45e2bd4b-9854-4f6f-9062-4ce4a2b4fed9.rna_seq.augmented_star_gene_counts.tsv"	"complete"	"4234509"	"26ebf5ce8050d6a4861983bdf1d24c70"	"26ebf5ce8050d6a4861983bdf1d24c70"	"downloaded; official GDC MD5 verified"
"2026-09-14 07:21:36 UTC"	"TCGA_PRAD_primary"	"KLA31_11"	"5581d7ac-8d36-4b29-9d74-f0dbbe684455"	"gdc_star_counts/TCGA_PRAD_primary/5581d7ac-8d36-4b29-9d74-f0dbbe684455_eee0eae9-0582-482c-8263-c191b0293611.rna_seq.augmented_star_gene_counts.tsv"	"complete"	"4222355"	"5b9f28d23849554b058853a5f5a31ac4"	"5b9f28d23849554b058853a5f5a31ac4"	"downloaded; official GDC MD5 verified"
"2026-09-14 07:21:45 UTC"	"TCGA_PRAD_primary"	"KLA31_11"	"0dacffa4-34d3-4e1c-b189-c0dc465d28a8"	"gdc_star_counts/TCGA_PRAD_primary/0dacffa4-34d3-4e1c-b189-c0dc465d28a8_ef1924c4-8986-4235-b135-d3d0fbdbacf0.rna_seq.augmented_star_gene_counts.tsv"	"complete"	"4243485"	"f7b23ae93cd2e7d563f38c77b6c23eff"	"f7b23ae93cd2e7d563f38c77b6c23eff"	"downloaded; official GDC MD5 verified"
"2026-09-14 07:21:54 UTC"	"TCGA_PRAD_primary"	"KLA31_11"	"51917ce0-b833-4bc8-8cad-2cf4cfebaf08"	"gdc_star_counts/TCGA_PRAD_primary/51917ce0-b833-4bc8-8cad-2cf4cfebaf08_51258abc-7e84-488f-bf90-0db3a84215f1.rna_seq.augmented_star_gene_counts.tsv"	"complete"	"4231773"	"486223cef49ed083a224dbb7d6ef6b9e"	"486223cef49ed083a224dbb7d6ef6b9e"	"downloaded; official GDC MD5 verified"
"2026-09-14 07:22:00 UTC"	"TCGA_PRAD_primary"	"KLA31_11"	"2d324505-0410-48e5-b8f1-6e831c7cd5f7"	"gdc_star_counts/TCGA_PRAD_primary/2d324505-0410-48e5-b8f1-6e831c7cd5f7_21faac4f-9178-48a3-a2c5-a6d3efb30c8b.rna_seq.augmented_star_gene_counts.tsv"	"complete"	"4221411"	"d30b2a9990c893b364bbb3728cca67cb"	"d30b2a9990c893b364bbb3728cca67cb"	"downloaded; official GDC MD5 verified"
"2026-09-14 07:22:06 UTC"	"TCGA_PRAD_primary"	"KLA31_11"	"6bc7d986-8c38-4001-a38f-4be2410ce57c"	"gdc_star_counts/TCGA_PRAD_primary/6bc7d986-8c38-4001-a38f-4be2410ce57c_82e78cdd-b179-4e24-b6fc-4ee42dcdb87f.rna_seq.augmented_star_gene_counts.tsv"	"complete"	"4223800"	"acbe7832836c8bad9a58085506efded3"	"acbe7832836c8bad9a58085506efded3"	"downloaded; official GDC MD5 verified"
"2026-09-14 07:22:15 UTC"	"TCGA_PRAD_primary"	"KLA31_11"	"da724edb-9a7d-499f-a0b2-1036ff37cde5"	"gdc_star_counts/TCGA_PRAD_primary/da724edb-9a7d-499f-a0b2-1036ff37cde5_41317cbf-55ed-4118-9964-b4b17bc89848.rna_seq.augmented_star_gene_counts.tsv"	"complete"	"4240092"	"d7c041b54fa652bf8562f38e67e0b24a"	"d7c041b54fa652bf8562f38e67e0b24a"	"downloaded; official GDC MD5 verified"
"2026-09-14 07:22:27 UTC"	"TCGA_PRAD_primary"	"KLA31_11"	"d2fa6d84-36ae-46fa-83fb-1e38cb3d02c8"	"gdc_star_counts/TCGA_PRAD_primary/d2fa6d84-36ae-46fa-83fb-1e38cb3d02c8_42f77df3-dddc-44df-a2d8-e4ed6af26aa5.rna_seq.augmented_star_gene_counts.tsv"	"complete"	"4229746"	"9e448013f84fb494f7dbe2c4e49c4ace"	"9e448013f84fb494f7dbe2c4e49c4ace"	"downloaded; official GDC MD5 verified"
"2026-09-14 07:22:33 UTC"	"TCGA_PRAD_primary"	"KLA31_11"	"e379202e-e176-4fc9-a0f5-d5be78a2f39e"	"gdc_star_counts/TCGA_PRAD_primary/e379202e-e176-4fc9-a0f5-d5be78a2f39e_0b84a9f6-7136-492f-9e9a-367353bb760a.rna_seq.augmented_star_gene_counts.tsv"	"complete"	"4227976"	"a16ec69b9d1774ce93f20393ad962919"	"a16ec69b9d1774ce93f20393ad962919"	"downloaded; official GDC MD5 verified"
"2026-09-14 07:22:40 UTC"	"TCGA_PRAD_primary"	"KLA31_11"	"6d8c8b31-a094-4fcb-b9be-c347795ea3e5"	"gdc_star_counts/TCGA_PRAD_primary/6d8c8b31-a094-4fcb-b9be-c347795ea3e5_d37fc0c6-5536-4fe0-9a64-a303772fddbc.rna_seq.augmented_star_gene_counts.tsv"	"complete"	"4235905"	"c7dd4e3e093ee9f853c323e775b3c788"	"c7dd4e3e093ee9f853c323e775b3c788"	"downloaded; official GDC MD5 verified"
"2026-09-14 07:22:50 UTC"	"TCGA_PRAD_primary"	"KLA31_11"	"9310161e-9fb6-46fe-acd4-76945012bdfd"	"gdc_star_counts/TCGA_PRAD_primary/9310161e-9fb6-46fe-acd4-76945012bdfd_3c9a5028-549e-4675-9f3c-4cc9cbe5390c.rna_seq.augmented_star_gene_counts.tsv"	"complete"	"4248412"	"95c95611a52176a50a7a140cab1bd70b"	"95c95611a52176a50a7a140cab1bd70b"	"downloaded; official GDC MD5 verified"
"2026-09-14 07:23:04 UTC"	"TCGA_PRAD_primary"	"KLA31_11"	"52fa0762-2a6a-467f-8ab8-aaf136320f0d"	"gdc_star_counts/TCGA_PRAD_primary/52fa0762-2a6a-467f-8ab8-aaf136320f0d_8ebceec7-53cb-4ff6-9ecd-bac533d47117.rna_seq.augmented_star_gene_counts.tsv"	"complete"	"4229641"	"846c26283100920522d6cc7dc05fa20d"	"846c26283100920522d6cc7dc05fa20d"	"downloaded; official GDC MD5 verified"
"2026-09-14 07:23:11 UTC"	"TCGA_PRAD_primary"	"KLA31_11"	"d4071c30-e83b-4457-a689-5d3f540529d4"	"gdc_star_counts/TCGA_PRAD_primary/d4071c30-e83b-4457-a689-5d3f540529d4_7e4416dd-d962-4838-8b85-641270b6b10a.rna_seq.augmented_star_gene_counts.tsv"	"complete"	"4219563"	"121e9e92940a9c4b879039140932d215"	"121e9e92940a9c4b879039140932d215"	"downloaded; official GDC MD5 verified"
"2026-09-14 07:23:20 UTC"	"TCGA_PRAD_primary"	"KLA31_11"	"5780a290-047c-4511-985e-5caa99b27086"	"gdc_star_counts/TCGA_PRAD_primary/5780a290-047c-4511-985e-5caa99b27086_47da45d0-aaaf-469f-bfba-a76d18a572b2.rna_seq.augmented_star_gene_counts.tsv"	"complete"	"4238829"	"9de74958c4d6ea37f4e9d7809d2de5c5"	"9de74958c4d6ea37f4e9d7809d2de5c5"	"downloaded; official GDC MD5 verified"
"2026-09-14 07:23:28 UTC"	"TCGA_PRAD_primary"	"KLA31_11"	"faafe8dc-3972-43ae-8bbb-19510b75965e"	"gdc_star_counts/TCGA_PRAD_primary/faafe8dc-3972-43ae-8bbb-19510b75965e_307080fa-3757-4ac4-bab7-b7ef827c8f88.rna_seq.augmented_star_gene_counts.tsv"	"complete"	"4228922"	"10e4b01611e1b021d56e8431950bf519"	"10e4b01611e1b021d56e8431950bf519"	"downloaded; official GDC MD5 verified"
"2026-09-14 07:23:34 UTC"	"TCGA_PRAD_primary"	"KLA31_11"	"82c45d9c-18ec-4b4c-bdd6-c1b4b92e92b7"	"gdc_star_counts/TCGA_PRAD_primary/82c45d9c-18ec-4b4c-bdd6-c1b4b92e92b7_83bc1608-615c-40f0-9ff2-071bcb5eeae5.rna_seq.augmented_star_gene_counts.tsv"	"complete"	"4237871"	"076011abd3f27c21ccf6faf9a4ffabd6"	"076011abd3f27c21ccf6faf9a4ffabd6"	"downloaded; official GDC MD5 verified"
"2026-09-14 07:23:42 UTC"	"TCGA_PRAD_primary"	"KLA31_11"	"da172bd1-7124-4331-b8c6-b9cf9fcfb694"	"gdc_star_counts/TCGA_PRAD_primary/da172bd1-7124-4331-b8c6-b9cf9fcfb694_d618e3ec-e9d8-4dbc-ab5e-7071eaab9e9a.rna_seq.augmented_star_gene_counts.tsv"	"complete"	"4245433"	"6ea07143e3d99b6dd8425806063f91ee"	"6ea07143e3d99b6dd8425806063f91ee"	"downloaded; official GDC MD5 verified"
"2026-09-14 07:23:51 UTC"	"TCGA_PRAD_primary"	"KLA31_11"	"edcc2f92-ff40-46a5-af39-7031471bfdd7"	"gdc_star_counts/TCGA_PRAD_primary/edcc2f92-ff40-46a5-af39-7031471bfdd7_d805b3f4-779f-4d46-9523-6e87aea79fa0.rna_seq.augmented_star_gene_counts.tsv"	"complete"	"4255104"	"f366d0465893dfdb788521d3343d03e1"	"f366d0465893dfdb788521d3343d03e1"	"downloaded; official GDC MD5 verified"
"2026-09-14 07:23:59 UTC"	"TCGA_PRAD_primary"	"KLA31_11"	"107b0ba8-f479-42dc-a916-385b845a162c"	"gdc_star_counts/TCGA_PRAD_primary/107b0ba8-f479-42dc-a916-385b845a162c_4236c2a3-cd2d-4495-941c-a79315a7522b.rna_seq.augmented_star_gene_counts.tsv"	"complete"	"4253998"	"4a5218516e2927dbca8aeddbaf9f7cab"	"4a5218516e2927dbca8aeddbaf9f7cab"	"downloaded; official GDC MD5 verified"
"2026-09-14 07:24:05 UTC"	"TCGA_PRAD_primary"	"KLA31_11"	"eaf70daf-e5c5-452a-bba3-51ce64952b76"	"gdc_star_counts/TCGA_PRAD_primary/eaf70daf-e5c5-452a-bba3-51ce64952b76_a548128e-da30-4f42-98be-7be46f8e25dc.rna_seq.augmented_star_gene_counts.tsv"	"complete"	"4240028"	"8544e8b87455159de84143e42026f980"	"8544e8b87455159de84143e42026f980"	"downloaded; official GDC MD5 verified"
"2026-09-14 07:24:13 UTC"	"TCGA_PRAD_primary"	"KLA31_11"	"8dc98929-b579-4252-8c84-27e379b8677e"	"gdc_star_counts/TCGA_PRAD_primary/8dc98929-b579-4252-8c84-27e379b8677e_6ff0f7af-b7b6-475d-bdf7-34267b4acef2.rna_seq.augmented_star_gene_counts.tsv"	"complete"	"4234492"	"1d3a5942ebba1baae42a037badc2176c"	"1d3a5942ebba1baae42a037badc2176c"	"downloaded; official GDC MD5 verified"
"2026-09-14 07:24:22 UTC"	"TCGA_PRAD_primary"	"KLA31_11"	"353dcb70-994f-419a-aa60-b9934fa19955"	"gdc_star_counts/TCGA_PRAD_primary/353dcb70-994f-419a-aa60-b9934fa19955_fbfe6ce2-18ca-46fc-b271-32c6b10b1981.rna_seq.augmented_star_gene_counts.tsv"	"complete"	"4236111"	"9646e98fe4e9c75a229b1936a8ce0fde"	"9646e98fe4e9c75a229b1936a8ce0fde"	"downloaded; official GDC MD5 verified"
"2026-09-14 07:24:29 UTC"	"TCGA_PRAD_primary"	"KLA31_11"	"1f2028e1-2ac9-4094-8258-cfa74628a584"	"gdc_star_counts/TCGA_PRAD_primary/1f2028e1-2ac9-4094-8258-cfa74628a584_c6be65eb-aa16-4fd6-8f49-01610b1b0810.rna_seq.augmented_star_gene_counts.tsv"	"complete"	"4238105"	"3f107076bb65566a371b855e562da851"	"3f107076bb65566a371b855e562da851"	"downloaded; official GDC MD5 verified"
"2026-09-14 07:24:35 UTC"	"TCGA_PRAD_primary"	"KLA31_11"	"f6af8616-f875-4154-9284-826affe98951"	"gdc_star_counts/TCGA_PRAD_primary/f6af8616-f875-4154-9284-826affe98951_8e65ff0e-4620-4067-89a6-f53cc36bc49f.rna_seq.augmented_star_gene_counts.tsv"	"complete"	"4235741"	"86e6a0e73493d5ddcaaecbf984f880c3"	"86e6a0e73493d5ddcaaecbf984f880c3"	"downloaded; official GDC MD5 verified"
"2026-09-14 07:24:48 UTC"	"TCGA_PRAD_primary"	"KLA31_11"	"88499acd-7754-4c6c-8ca4-a579f0bb32f2"	"gdc_star_counts/TCGA_PRAD_primary/88499acd-7754-4c6c-8ca4-a579f0bb32f2_23c34f44-d21a-4058-b628-e000d30568c3.rna_seq.augmented_star_gene_counts.tsv"	"complete"	"4233662"	"a490a0750d19cd2ac33db9cb6e6ac30d"	"a490a0750d19cd2ac33db9cb6e6ac30d"	"downloaded; official GDC MD5 verified"
"2026-09-14 07:24:57 UTC"	"TCGA_PRAD_primary"	"KLA31_11"	"d1b418c6-fafb-49f6-8b9d-0752c1843623"	"gdc_star_counts/TCGA_PRAD_primary/d1b418c6-fafb-49f6-8b9d-0752c1843623_f0b8075e-83ef-4ac9-a30d-8c1f9a18668e.rna_seq.augmented_star_gene_counts.tsv"	"complete"	"4232499"	"2866ca78ccb1f289f2c789a22cb1a56d"	"2866ca78ccb1f289f2c789a22cb1a56d"	"downloaded; official GDC MD5 verified"
"2026-09-14 07:25:02 UTC"	"TCGA_PRAD_primary"	"KLA31_11"	"9e806a5f-5410-4b6f-80b8-aa34ae25811d"	"gdc_star_counts/TCGA_PRAD_primary/9e806a5f-5410-4b6f-80b8-aa34ae25811d_3e1a5f37-e0ce-4a77-8114-493468819496.rna_seq.augmented_star_gene_counts.tsv"	"complete"	"4242456"	"ec8c6899a88d3f887e30e19ba14cb767"	"ec8c6899a88d3f887e30e19ba14cb767"	"downloaded; official GDC MD5 verified"
"2026-09-14 07:25:10 UTC"	"TCGA_PRAD_primary"	"KLA31_11"	"b18cf1f7-9708-4074-b3c4-37fecc73ea0d"	"gdc_star_counts/TCGA_PRAD_primary/b18cf1f7-9708-4074-b3c4-37fecc73ea0d_03398018-84f0-4d18-80b2-bcec909f08a9.rna_seq.augmented_star_gene_counts.tsv"	"complete"	"4228505"	"1026dd1d327c16b4ff446c00d39ce1df"	"1026dd1d327c16b4ff446c00d39ce1df"	"downloaded; official GDC MD5 verified"
"2026-09-14 07:25:23 UTC"	"TCGA_PRAD_primary"	"KLA31_11"	"a3f39b2d-3f1e-48cf-91ed-78848217e7f2"	"gdc_star_counts/TCGA_PRAD_primary/a3f39b2d-3f1e-48cf-91ed-78848217e7f2_3d788114-35e1-4ba5-a16c-39a3056b78fa.rna_seq.augmented_star_gene_counts.tsv"	"complete"	"4240237"	"0036e8075b1aea0fcb7c2607c59abb3c"	"0036e8075b1aea0fcb7c2607c59abb3c"	"downloaded; official GDC MD5 verified"
"2026-09-14 07:25:29 UTC"	"TCGA_PRAD_primary"	"KLA31_11"	"5229dbbf-4505-4239-8285-8c6ab0c68e3e"	"gdc_star_counts/TCGA_PRAD_primary/5229dbbf-4505-4239-8285-8c6ab0c68e3e_0761bdc2-e1d4-4744-b1d7-c556902457bb.rna_seq.augmented_star_gene_counts.tsv"	"complete"	"4242875"	"a898ad1032c960195c2c53c10653a069"	"a898ad1032c960195c2c53c10653a069"	"downloaded; official GDC MD5 verified"
"2026-09-14 07:25:35 UTC"	"TCGA_PRAD_primary"	"KLA31_11"	"94f0d79c-bcf2-4b29-8bdb-5ce388f9eb39"	"gdc_star_counts/TCGA_PRAD_primary/94f0d79c-bcf2-4b29-8bdb-5ce388f9eb39_05fe0842-a882-44b7-85ef-e3f8b6ec75b7.rna_seq.augmented_star_gene_counts.tsv"	"complete"	"4246080"	"ee4e4680fe7a060253cbeca817914dac"	"ee4e4680fe7a060253cbeca817914dac"	"downloaded; official GDC MD5 verified"
"2026-09-14 07:25:43 UTC"	"TCGA_PRAD_primary"	"KLA31_11"	"4445466f-7369-47a8-b375-c1def1982e2b"	"gdc_star_counts/TCGA_PRAD_primary/4445466f-7369-47a8-b375-c1def1982e2b_4b6fa248-81f8-4398-b500-3f0b7c5111e5.rna_seq.augmented_star_gene_counts.tsv"	"complete"	"4202236"	"b6337492c71dca765bf0793ba73b2be3"	"b6337492c71dca765bf0793ba73b2be3"	"downloaded; official GDC MD5 verified"
"2026-09-14 07:25:52 UTC"	"TCGA_PRAD_primary"	"KLA31_11"	"d851686a-cd4d-45d3-869b-2e85bffdd0fe"	"gdc_star_counts/TCGA_PRAD_primary/d851686a-cd4d-45d3-869b-2e85bffdd0fe_8dbb7740-84c1-43fa-bae6-f982ba377542.rna_seq.augmented_star_gene_counts.tsv"	"complete"	"4238128"	"683b11b4ae56e318d747ed05c82494ed"	"683b11b4ae56e318d747ed05c82494ed"	"downloaded; official GDC MD5 verified"
"2026-09-14 07:25:59 UTC"	"TCGA_PRAD_primary"	"KLA31_11"	"5c869053-ffba-482b-a34e-123157b7bbe6"	"gdc_star_counts/TCGA_PRAD_primary/5c869053-ffba-482b-a34e-123157b7bbe6_77da9e82-dfdb-4ed2-99d2-cf93ada9148d.rna_seq.augmented_star_gene_counts.tsv"	"complete"	"4250551"	"4661193e0ec956a6bc2e0126c7ce3e75"	"4661193e0ec956a6bc2e0126c7ce3e75"	"downloaded; official GDC MD5 verified"
"2026-09-14 07:26:05 UTC"	"TCGA_PRAD_primary"	"KLA31_11"	"1373d436-3021-4d0d-8316-687f5249f295"	"gdc_star_counts/TCGA_PRAD_primary/1373d436-3021-4d0d-8316-687f5249f295_e97e8e40-2fb4-43a2-a5db-ddabc84a7937.rna_seq.augmented_star_gene_counts.tsv"	"complete"	"4243180"	"621d0af0d08c6d678866af4e5b6db4c4"	"621d0af0d08c6d678866af4e5b6db4c4"	"downloaded; official GDC MD5 verified"
"2026-09-14 07:26:13 UTC"	"TCGA_PRAD_primary"	"KLA31_11"	"288d5a3e-ffda-4a73-8504-ed1df622bd74"	"gdc_star_counts/TCGA_PRAD_primary/288d5a3e-ffda-4a73-8504-ed1df622bd74_4541c869-1ba9-4599-ba72-131d73cad12f.rna_seq.augmented_star_gene_counts.tsv"	"complete"	"4251503"	"d860d8ddc0af56d9f07ea85ad4fe6375"	"d860d8ddc0af56d9f07ea85ad4fe6375"	"downloaded; official GDC MD5 verified"
"2026-09-14 07:26:22 UTC"	"TCGA_PRAD_primary"	"KLA31_11"	"aba717ec-45c5-4d6a-a318-ad9465f3dded"	"gdc_star_counts/TCGA_PRAD_primary/aba717ec-45c5-4d6a-a318-ad9465f3dded_11ed685b-1793-4d32-9a54-fef94f530ab5.rna_seq.augmented_star_gene_counts.tsv"	"complete"	"4241833"	"c9cadc9dab71353ed4539495a7be2bfe"	"c9cadc9dab71353ed4539495a7be2bfe"	"downloaded; official GDC MD5 verified"
"2026-09-14 07:26:29 UTC"	"TCGA_PRAD_primary"	"KLA31_11"	"971fb7b4-77a3-4c67-ba06-47c0ceb5105e"	"gdc_star_counts/TCGA_PRAD_primary/971fb7b4-77a3-4c67-ba06-47c0ceb5105e_c597db25-21f5-404e-9b6d-32e16fac63e5.rna_seq.augmented_star_gene_counts.tsv"	"complete"	"4230380"	"ed1b21e140a536919942d2531993e8a8"	"ed1b21e140a536919942d2531993e8a8"	"downloaded; official GDC MD5 verified"
"2026-09-14 07:26:35 UTC"	"TCGA_PRAD_primary"	"KLA31_11"	"01ef4ff8-b71e-40bf-bce6-4f854ce84d40"	"gdc_star_counts/TCGA_PRAD_primary/01ef4ff8-b71e-40bf-bce6-4f854ce84d40_5226e424-90ad-46b7-9006-1d7bd713254d.rna_seq.augmented_star_gene_counts.tsv"	"complete"	"4231655"	"f02c11ea4197ba961ef3e03cd334eac4"	"f02c11ea4197ba961ef3e03cd334eac4"	"downloaded; official GDC MD5 verified"
"2026-09-14 07:26:43 UTC"	"TCGA_PRAD_primary"	"KLA31_11"	"653d54b0-3a4b-4d64-acb0-219b18b44b7d"	"gdc_star_counts/TCGA_PRAD_primary/653d54b0-3a4b-4d64-acb0-219b18b44b7d_d18c7f8e-069f-4c6f-95b8-0a8ec9d00337.rna_seq.augmented_star_gene_counts.tsv"	"complete"	"4265927"	"253efb0b07e84acba4d38f69ed346d90"	"253efb0b07e84acba4d38f69ed346d90"	"downloaded; official GDC MD5 verified"
"2026-09-14 07:26:53 UTC"	"TCGA_PRAD_primary"	"KLA31_11"	"c71c2f56-7a3c-40dd-8b7e-162a3b975cc9"	"gdc_star_counts/TCGA_PRAD_primary/c71c2f56-7a3c-40dd-8b7e-162a3b975cc9_0163f5ea-d08b-46db-a02e-ff5977658f6b.rna_seq.augmented_star_gene_counts.tsv"	"complete"	"4218743"	"72006a5e6af1bc6d49b3ed1c1c8ada35"	"72006a5e6af1bc6d49b3ed1c1c8ada35"	"downloaded; official GDC MD5 verified"
"2026-09-14 07:26:59 UTC"	"TCGA_PRAD_primary"	"KLA31_11"	"9de7e6cd-f51b-421b-a794-a409aa131cdd"	"gdc_star_counts/TCGA_PRAD_primary/9de7e6cd-f51b-421b-a794-a409aa131cdd_c9c2e495-befd-4bdf-a93c-71d130dcb566.rna_seq.augmented_star_gene_counts.tsv"	"complete"	"4246063"	"c3acc4b3b9547d59f78dc1e6d00c265b"	"c3acc4b3b9547d59f78dc1e6d00c265b"	"downloaded; official GDC MD5 verified"
"2026-09-14 07:27:05 UTC"	"TCGA_PRAD_primary"	"KLA31_11"	"6626903a-d832-472d-a5ed-a76fb4f1c6b8"	"gdc_star_counts/TCGA_PRAD_primary/6626903a-d832-472d-a5ed-a76fb4f1c6b8_24adda2b-ee91-4d2e-83fc-154ad17903f8.rna_seq.augmented_star_gene_counts.tsv"	"complete"	"4237531"	"fe9f4acd75136fbafdc92b0d3881960f"	"fe9f4acd75136fbafdc92b0d3881960f"	"downloaded; official GDC MD5 verified"
"2026-09-14 07:27:13 UTC"	"TCGA_PRAD_primary"	"KLA31_11"	"70f347e4-6cc4-405d-95ce-d6a38f57507e"	"gdc_star_counts/TCGA_PRAD_primary/70f347e4-6cc4-405d-95ce-d6a38f57507e_005d2b9e-722c-40bd-aa5c-bd4e8842cb04.rna_seq.augmented_star_gene_counts.tsv"	"complete"	"4245760"	"8d1453d18f705029403adcaa83c4e815"	"8d1453d18f705029403adcaa83c4e815"	"downloaded; official GDC MD5 verified"
"2026-09-14 07:27:22 UTC"	"TCGA_PRAD_primary"	"KLA31_11"	"8b82a7e4-24e9-46c2-aab3-a623142b5dc9"	"gdc_star_counts/TCGA_PRAD_primary/8b82a7e4-24e9-46c2-aab3-a623142b5dc9_d3c4b94e-6e9d-4705-9e08-bf81a32764d2.rna_seq.augmented_star_gene_counts.tsv"	"complete"	"4237904"	"fc0897fabbc38ad3d81e9726074e2f72"	"fc0897fabbc38ad3d81e9726074e2f72"	"downloaded; official GDC MD5 verified"
"2026-09-14 07:27:29 UTC"	"TCGA_PRAD_primary"	"KLA31_11"	"84b67b25-78f6-44cf-8663-2513f9d48d3b"	"gdc_star_counts/TCGA_PRAD_primary/84b67b25-78f6-44cf-8663-2513f9d48d3b_93e13fe5-53bd-4ce4-9678-807d1d55abf4.rna_seq.augmented_star_gene_counts.tsv"	"complete"	"4231976"	"ea63621e131ff4bf927d50457dfbedc5"	"ea63621e131ff4bf927d50457dfbedc5"	"downloaded; official GDC MD5 verified"
"2026-09-14 07:27:35 UTC"	"TCGA_PRAD_primary"	"KLA31_11"	"6198f623-9da8-40c5-bad3-be774d67f757"	"gdc_star_counts/TCGA_PRAD_primary/6198f623-9da8-40c5-bad3-be774d67f757_02800cc2-cd08-4caf-aa01-ce0bf88ec05c.rna_seq.augmented_star_gene_counts.tsv"	"complete"	"4220030"	"45f7cad66e4984fbe0f37feb1ebc7ea9"	"45f7cad66e4984fbe0f37feb1ebc7ea9"	"downloaded; official GDC MD5 verified"
"2026-09-14 07:27:43 UTC"	"TCGA_PRAD_primary"	"KLA31_11"	"714864bb-2d5b-46f5-ac93-abb2f0a917a6"	"gdc_star_counts/TCGA_PRAD_primary/714864bb-2d5b-46f5-ac93-abb2f0a917a6_d1880019-5bce-47c7-8f0a-954f5fa9ccc9.rna_seq.augmented_star_gene_counts.tsv"	"complete"	"4250564"	"f0378a47b02170833c013e25bc4c5f69"	"f0378a47b02170833c013e25bc4c5f69"	"downloaded; official GDC MD5 verified"
"2026-09-14 07:27:52 UTC"	"TCGA_PRAD_primary"	"KLA31_11"	"6b45fbc6-3691-469a-b245-538e964bece3"	"gdc_star_counts/TCGA_PRAD_primary/6b45fbc6-3691-469a-b245-538e964bece3_30cf3bda-a1b6-45c3-988e-eb936428ec37.rna_seq.augmented_star_gene_counts.tsv"	"complete"	"4230986"	"3b1f161f0ddc240642f8719675ecde6c"	"3b1f161f0ddc240642f8719675ecde6c"	"downloaded; official GDC MD5 verified"
"2026-09-14 07:27:59 UTC"	"TCGA_PRAD_primary"	"KLA31_11"	"5fe0e470-4e73-499d-91ef-25dc2a8a86f0"	"gdc_star_counts/TCGA_PRAD_primary/5fe0e470-4e73-499d-91ef-25dc2a8a86f0_13406270-01f0-40df-90f1-1410630a1942.rna_seq.augmented_star_gene_counts.tsv"	"complete"	"4242298"	"3f34227f08817cf2af8ae5ad66ff1e7d"	"3f34227f08817cf2af8ae5ad66ff1e7d"	"downloaded; official GDC MD5 verified"
"2026-09-14 07:28:05 UTC"	"TCGA_PRAD_primary"	"KLA31_11"	"8e66275b-3b15-4701-8cc7-a137806b87ae"	"gdc_star_counts/TCGA_PRAD_primary/8e66275b-3b15-4701-8cc7-a137806b87ae_3b54fd87-6631-4ae9-b303-bc14ffa51685.rna_seq.augmented_star_gene_counts.tsv"	"complete"	"4241350"	"3f1dfc810d1a4f0e6ee237d320b2969b"	"3f1dfc810d1a4f0e6ee237d320b2969b"	"downloaded; official GDC MD5 verified"
"2026-09-14 07:28:14 UTC"	"TCGA_PRAD_primary"	"KLA31_11"	"11305b7a-7160-42f7-a577-88b546f7c5cb"	"gdc_star_counts/TCGA_PRAD_primary/11305b7a-7160-42f7-a577-88b546f7c5cb_f2ce151d-7e6e-41b1-b67d-2f7505082621.rna_seq.augmented_star_gene_counts.tsv"	"complete"	"4248712"	"4f1741d31199ef39b59558c695a9378f"	"4f1741d31199ef39b59558c695a9378f"	"downloaded; official GDC MD5 verified"
"2026-09-14 07:28:23 UTC"	"TCGA_PRAD_primary"	"KLA31_11"	"2692911e-0ca2-4756-8613-d7c943bc3ae1"	"gdc_star_counts/TCGA_PRAD_primary/2692911e-0ca2-4756-8613-d7c943bc3ae1_879f8ca7-b94f-496d-94d3-a93571c1a6e7.rna_seq.augmented_star_gene_counts.tsv"	"complete"	"4238020"	"43d50033ecbba2ebea86e53954bd03bb"	"43d50033ecbba2ebea86e53954bd03bb"	"downloaded; official GDC MD5 verified"
"2026-09-14 07:28:30 UTC"	"TCGA_PRAD_primary"	"KLA31_11"	"d4b4f886-afaf-481a-ac22-b1a40799619e"	"gdc_star_counts/TCGA_PRAD_primary/d4b4f886-afaf-481a-ac22-b1a40799619e_d7120026-c442-4f14-a1be-4883ad46183c.rna_seq.augmented_star_gene_counts.tsv"	"complete"	"4253348"	"c8abe9be067efda614e593e5140c5218"	"c8abe9be067efda614e593e5140c5218"	"downloaded; official GDC MD5 verified"
"2026-09-14 07:28:36 UTC"	"TCGA_PRAD_primary"	"KLA31_11"	"2e7811cc-8e4d-4aa3-b8f8-9eb3e7215d94"	"gdc_star_counts/TCGA_PRAD_primary/2e7811cc-8e4d-4aa3-b8f8-9eb3e7215d94_e2bdfe73-54cb-448c-8212-8918bba38e31.rna_seq.augmented_star_gene_counts.tsv"	"complete"	"4246148"	"8c940f8beeb751f438cba37a35b265bc"	"8c940f8beeb751f438cba37a35b265bc"	"downloaded; official GDC MD5 verified"
"2026-09-14 07:28:45 UTC"	"TCGA_PRAD_primary"	"KLA31_11"	"5e51ecaf-2b27-4393-a80b-2b91e1cfac3b"	"gdc_star_counts/TCGA_PRAD_primary/5e51ecaf-2b27-4393-a80b-2b91e1cfac3b_7cabd70c-6a62-4dd6-a4ee-b5d46bbc8caf.rna_seq.augmented_star_gene_counts.tsv"	"complete"	"4226985"	"63fe8cfca2b629bdfcaeaef900060050"	"63fe8cfca2b629bdfcaeaef900060050"	"downloaded; official GDC MD5 verified"
"2026-09-14 07:28:54 UTC"	"TCGA_PRAD_primary"	"KLA31_11"	"f8280627-d534-4219-bc8b-207a5391936e"	"gdc_star_counts/TCGA_PRAD_primary/f8280627-d534-4219-bc8b-207a5391936e_b90e3cf2-865f-4c4a-8667-3900fd0a2938.rna_seq.augmented_star_gene_counts.tsv"	"complete"	"4233343"	"4027161159e1df579bbd3943d756af01"	"4027161159e1df579bbd3943d756af01"	"downloaded; official GDC MD5 verified"
"2026-09-14 07:29:01 UTC"	"TCGA_PRAD_primary"	"KLA31_11"	"50354900-3c3a-4e11-9bd9-e44fbaea7a9e"	"gdc_star_counts/TCGA_PRAD_primary/50354900-3c3a-4e11-9bd9-e44fbaea7a9e_5007de0a-0d57-4bbd-96fc-a17d74f17c7c.rna_seq.augmented_star_gene_counts.tsv"	"complete"	"4248588"	"f1717c6bce37edc0976773d59b84bbb9"	"f1717c6bce37edc0976773d59b84bbb9"	"downloaded; official GDC MD5 verified"
"2026-09-14 07:29:08 UTC"	"TCGA_PRAD_primary"	"KLA31_11"	"27a0dcf2-bf9e-4dd3-b0d1-2dcfc67e69ba"	"gdc_star_counts/TCGA_PRAD_primary/27a0dcf2-bf9e-4dd3-b0d1-2dcfc67e69ba_1782c608-e7e6-4413-8d87-660979f32485.rna_seq.augmented_star_gene_counts.tsv"	"complete"	"4247870"	"38e8cf64bc2f79ef28d8a898fe271e8b"	"38e8cf64bc2f79ef28d8a898fe271e8b"	"downloaded; official GDC MD5 verified"
"2026-09-14 07:29:16 UTC"	"TCGA_PRAD_primary"	"KLA31_11"	"a924a3e6-5a86-440c-bb17-4f39b8d27823"	"gdc_star_counts/TCGA_PRAD_primary/a924a3e6-5a86-440c-bb17-4f39b8d27823_59c56aa9-a5e0-4685-a0b5-7dcb4d4ccc40.rna_seq.augmented_star_gene_counts.tsv"	"complete"	"4240328"	"fcd7b1af0bd0c18862b9ba948f5903fd"	"fcd7b1af0bd0c18862b9ba948f5903fd"	"downloaded; official GDC MD5 verified"
"2026-09-14 07:29:26 UTC"	"TCGA_PRAD_primary"	"KLA31_11"	"8c5159b9-ce05-4c68-ac8b-b22720f48d7c"	"gdc_star_counts/TCGA_PRAD_primary/8c5159b9-ce05-4c68-ac8b-b22720f48d7c_60b371e4-0fbe-4c7b-9149-14413bd62032.rna_seq.augmented_star_gene_counts.tsv"	"complete"	"4256878"	"7db238f2b2978f3104dda167450bcd8e"	"7db238f2b2978f3104dda167450bcd8e"	"downloaded; official GDC MD5 verified"
"2026-09-14 07:29:32 UTC"	"TCGA_PRAD_primary"	"KLA31_11"	"9b0915f6-ae06-42e6-ae4b-1d5265eb7c99"	"gdc_star_counts/TCGA_PRAD_primary/9b0915f6-ae06-42e6-ae4b-1d5265eb7c99_10a345de-527e-41e6-becf-4999ca1cd700.rna_seq.augmented_star_gene_counts.tsv"	"complete"	"4241089"	"7c600449b2a53a98cc05eb141da4eb86"	"7c600449b2a53a98cc05eb141da4eb86"	"downloaded; official GDC MD5 verified"
"2026-09-14 07:29:39 UTC"	"TCGA_PRAD_primary"	"KLA31_11"	"4b745cfc-ebdf-4f85-a586-3a61b409eed1"	"gdc_star_counts/TCGA_PRAD_primary/4b745cfc-ebdf-4f85-a586-3a61b409eed1_36353c9e-5550-4efa-9be7-38a29f20e942.rna_seq.augmented_star_gene_counts.tsv"	"complete"	"4244103"	"a6e8476af8feff163115611172f7a9a6"	"a6e8476af8feff163115611172f7a9a6"	"downloaded; official GDC MD5 verified"
"2026-09-14 07:29:48 UTC"	"TCGA_PRAD_primary"	"KLA31_11"	"618c52c2-f68d-489c-b1d8-bbd199ca09af"	"gdc_star_counts/TCGA_PRAD_primary/618c52c2-f68d-489c-b1d8-bbd199ca09af_c7131ada-188f-4d4f-a779-1b5ddbd25029.rna_seq.augmented_star_gene_counts.tsv"	"complete"	"4236726"	"5346e87c75f68f2f84f8040816e6f78f"	"5346e87c75f68f2f84f8040816e6f78f"	"downloaded; official GDC MD5 verified"
"2026-09-14 07:29:57 UTC"	"TCGA_PRAD_primary"	"KLA31_11"	"db3ace03-c798-4a80-bc60-a7974166c0b6"	"gdc_star_counts/TCGA_PRAD_primary/db3ace03-c798-4a80-bc60-a7974166c0b6_25287142-120a-4117-9a31-56d63c3e2865.rna_seq.augmented_star_gene_counts.tsv"	"complete"	"4229604"	"7e03a0b645378880f4a9e131c2839e2b"	"7e03a0b645378880f4a9e131c2839e2b"	"downloaded; official GDC MD5 verified"
"2026-09-14 07:30:02 UTC"	"TCGA_PRAD_primary"	"KLA31_11"	"4a794784-0d1a-4496-882c-292561e9a3a4"	"gdc_star_counts/TCGA_PRAD_primary/4a794784-0d1a-4496-882c-292561e9a3a4_3f5c4f2e-70cc-4058-af97-b401273968b1.rna_seq.augmented_star_gene_counts.tsv"	"complete"	"4244536"	"7937bf92caffd82496a34710f25e170c"	"7937bf92caffd82496a34710f25e170c"	"downloaded; official GDC MD5 verified"
"2026-09-14 07:30:10 UTC"	"TCGA_PRAD_primary"	"KLA31_11"	"cff79e8d-074b-45a0-ba1d-503e1edc96ce"	"gdc_star_counts/TCGA_PRAD_primary/cff79e8d-074b-45a0-ba1d-503e1edc96ce_1c1bb4b6-2831-4ceb-9218-988f95de0059.rna_seq.augmented_star_gene_counts.tsv"	"complete"	"4236006"	"0546985ded45356a62651d14d21a75ca"	"0546985ded45356a62651d14d21a75ca"	"downloaded; official GDC MD5 verified"
"2026-09-14 07:30:19 UTC"	"TCGA_PRAD_primary"	"KLA31_11"	"522d29e0-d11e-446c-a286-6d1876b0c5e6"	"gdc_star_counts/TCGA_PRAD_primary/522d29e0-d11e-446c-a286-6d1876b0c5e6_049c8eeb-7701-4c2c-a510-2060b67eef2e.rna_seq.augmented_star_gene_counts.tsv"	"complete"	"4230830"	"852ed30736662eb4ecbbd1d11ecd05b5"	"852ed30736662eb4ecbbd1d11ecd05b5"	"downloaded; official GDC MD5 verified"
"2026-09-14 07:30:28 UTC"	"TCGA_PRAD_primary"	"KLA31_11"	"44c71a14-39ef-4616-84ca-ea5494f270aa"	"gdc_star_counts/TCGA_PRAD_primary/44c71a14-39ef-4616-84ca-ea5494f270aa_505af425-08b6-4c45-bf13-97de304e2b2f.rna_seq.augmented_star_gene_counts.tsv"	"complete"	"4249148"	"2b8f2994b6ce2d984c5cf8394d99d246"	"2b8f2994b6ce2d984c5cf8394d99d246"	"downloaded; official GDC MD5 verified"
"2026-09-14 07:30:33 UTC"	"TCGA_PRAD_primary"	"KLA31_11"	"fe39a690-1042-464b-a42b-6a68214f50d0"	"gdc_star_counts/TCGA_PRAD_primary/fe39a690-1042-464b-a42b-6a68214f50d0_ac8abf7f-05eb-40d8-b8a8-5a2e2febfcbd.rna_seq.augmented_star_gene_counts.tsv"	"complete"	"4237041"	"14e7ef85d44e2099fd01db096edc83e4"	"14e7ef85d44e2099fd01db096edc83e4"	"downloaded; official GDC MD5 verified"
"2026-09-14 07:30:41 UTC"	"TCGA_PRAD_primary"	"KLA31_11"	"cc044407-96e8-4f0d-95e1-b651458893cf"	"gdc_star_counts/TCGA_PRAD_primary/cc044407-96e8-4f0d-95e1-b651458893cf_328247b9-0404-48e2-8ee7-2c3afc12af6b.rna_seq.augmented_star_gene_counts.tsv"	"complete"	"4211835"	"74686d32c5b111f32a764257631af54f"	"74686d32c5b111f32a764257631af54f"	"downloaded; official GDC MD5 verified"
"2026-09-14 07:30:50 UTC"	"TCGA_PRAD_primary"	"KLA31_11"	"cb31d173-1ffc-4758-92e8-723e3a4d1f48"	"gdc_star_counts/TCGA_PRAD_primary/cb31d173-1ffc-4758-92e8-723e3a4d1f48_c1990c79-964a-45db-8fa1-4ada47d10743.rna_seq.augmented_star_gene_counts.tsv"	"complete"	"4247849"	"230a1268e2524d9c5b974587c688f3fd"	"230a1268e2524d9c5b974587c688f3fd"	"downloaded; official GDC MD5 verified"
"2026-09-14 07:30:58 UTC"	"TCGA_PRAD_primary"	"KLA31_11"	"793eed71-baca-44c6-9f3f-319c7a3cc80e"	"gdc_star_counts/TCGA_PRAD_primary/793eed71-baca-44c6-9f3f-319c7a3cc80e_6798725d-5c9a-4e0b-84ce-fa7c327fd3c7.rna_seq.augmented_star_gene_counts.tsv"	"complete"	"4233387"	"53d66862b014148343273b9bd7e0f8bb"	"53d66862b014148343273b9bd7e0f8bb"	"downloaded; official GDC MD5 verified"
"2026-09-14 07:31:03 UTC"	"TCGA_PRAD_primary"	"KLA31_11"	"aa444e19-18fb-40d7-b285-fedf296cfb44"	"gdc_star_counts/TCGA_PRAD_primary/aa444e19-18fb-40d7-b285-fedf296cfb44_23e41cd5-4268-4cae-8419-39c6f554587c.rna_seq.augmented_star_gene_counts.tsv"	"complete"	"4241610"	"ce901d28d4c54e89a52693e011ab28c4"	"ce901d28d4c54e89a52693e011ab28c4"	"downloaded; official GDC MD5 verified"
"2026-09-14 07:31:11 UTC"	"TCGA_PRAD_primary"	"KLA31_11"	"39c1ce57-b01b-41bb-9dbf-c581aaedc78b"	"gdc_star_counts/TCGA_PRAD_primary/39c1ce57-b01b-41bb-9dbf-c581aaedc78b_499e875c-d9a0-4ce9-be35-2b328088d3de.rna_seq.augmented_star_gene_counts.tsv"	"complete"	"4226785"	"5340010e0167f1647ef31602aaffac36"	"5340010e0167f1647ef31602aaffac36"	"downloaded; official GDC MD5 verified"
"2026-09-14 07:31:20 UTC"	"TCGA_PRAD_primary"	"KLA31_11"	"6e052689-3350-4431-a1d9-4092e904541c"	"gdc_star_counts/TCGA_PRAD_primary/6e052689-3350-4431-a1d9-4092e904541c_8fc6fb8e-a6e9-422b-be59-c6780a7a9b74.rna_seq.augmented_star_gene_counts.tsv"	"complete"	"4241019"	"b3638c2c515bdd95f25d75feaabe45f0"	"b3638c2c515bdd95f25d75feaabe45f0"	"downloaded; official GDC MD5 verified"
"2026-09-14 07:31:28 UTC"	"TCGA_PRAD_primary"	"KLA31_11"	"bd740629-f403-49c7-b75e-f56df65eebb5"	"gdc_star_counts/TCGA_PRAD_primary/bd740629-f403-49c7-b75e-f56df65eebb5_338754d9-3a1d-4591-bc1f-17480610bf59.rna_seq.augmented_star_gene_counts.tsv"	"complete"	"4225990"	"f42f8a7a9c3b16b29bb73150f24504da"	"f42f8a7a9c3b16b29bb73150f24504da"	"downloaded; official GDC MD5 verified"
"2026-09-14 07:31:33 UTC"	"TCGA_PRAD_primary"	"KLA31_11"	"96c2b1ed-b325-4f27-937a-9101d2366105"	"gdc_star_counts/TCGA_PRAD_primary/96c2b1ed-b325-4f27-937a-9101d2366105_9b8b8f68-d969-42d5-b0d1-67d44f8b5dc4.rna_seq.augmented_star_gene_counts.tsv"	"complete"	"4238791"	"9eb6b421180f4348afa7bffa6805dea2"	"9eb6b421180f4348afa7bffa6805dea2"	"downloaded; official GDC MD5 verified"
"2026-09-14 07:31:41 UTC"	"TCGA_PRAD_primary"	"KLA31_11"	"dc77aa72-319f-4ff7-816b-d12985665e2f"	"gdc_star_counts/TCGA_PRAD_primary/dc77aa72-319f-4ff7-816b-d12985665e2f_bb073910-11f1-4f63-af0e-68b290c02313.rna_seq.augmented_star_gene_counts.tsv"	"complete"	"4244622"	"852a9233b07b4decc757676411301900"	"852a9233b07b4decc757676411301900"	"downloaded; official GDC MD5 verified"
"2026-09-14 07:31:50 UTC"	"TCGA_PRAD_primary"	"KLA31_11"	"5836537e-faf8-42c6-88bf-92755b420c57"	"gdc_star_counts/TCGA_PRAD_primary/5836537e-faf8-42c6-88bf-92755b420c57_e025404f-fd84-467b-ba3f-244a4074e3fd.rna_seq.augmented_star_gene_counts.tsv"	"complete"	"4244083"	"ee1d63d99ba91b176ddb018b34b92eb3"	"ee1d63d99ba91b176ddb018b34b92eb3"	"downloaded; official GDC MD5 verified"
"2026-09-14 07:31:58 UTC"	"TCGA_PRAD_primary"	"KLA31_11"	"264849f2-8ede-4130-a291-ca904bc77550"	"gdc_star_counts/TCGA_PRAD_primary/264849f2-8ede-4130-a291-ca904bc77550_ad8ae29f-ede3-47c8-96d9-0390af59bcc5.rna_seq.augmented_star_gene_counts.tsv"	"complete"	"4246238"	"e70fbc1f4c8d08bfba77f4565fce9c86"	"e70fbc1f4c8d08bfba77f4565fce9c86"	"downloaded; official GDC MD5 verified"
"2026-09-14 07:32:03 UTC"	"TCGA_PRAD_primary"	"KLA31_11"	"97f882ad-a47f-4094-9fb0-1caa312f287e"	"gdc_star_counts/TCGA_PRAD_primary/97f882ad-a47f-4094-9fb0-1caa312f287e_0c7f0b93-3034-458e-ab0a-738234a3dd80.rna_seq.augmented_star_gene_counts.tsv"	"complete"	"4233056"	"315b4beb66ef366e71ca8e929b8403b7"	"315b4beb66ef366e71ca8e929b8403b7"	"downloaded; official GDC MD5 verified"
"2026-09-14 07:32:12 UTC"	"TCGA_PRAD_primary"	"KLA31_11"	"91e37ff6-3d3a-48fa-a016-d5b2aaca120b"	"gdc_star_counts/TCGA_PRAD_primary/91e37ff6-3d3a-48fa-a016-d5b2aaca120b_86412172-1e34-4ad2-b747-1d6e5966dff8.rna_seq.augmented_star_gene_counts.tsv"	"complete"	"4236235"	"d55ac2f3acd99c00e547100717505eb6"	"d55ac2f3acd99c00e547100717505eb6"	"downloaded; official GDC MD5 verified"
"2026-09-14 07:32:20 UTC"	"TCGA_PRAD_primary"	"KLA31_11"	"babd0017-64a6-440f-8b82-e7a4de5cad8b"	"gdc_star_counts/TCGA_PRAD_primary/babd0017-64a6-440f-8b82-e7a4de5cad8b_f17ee22f-febc-4da6-a2d6-59752cb5b55a.rna_seq.augmented_star_gene_counts.tsv"	"complete"	"4246877"	"f1217b66661fce617b45304144e418e1"	"f1217b66661fce617b45304144e418e1"	"downloaded; official GDC MD5 verified"
"2026-09-14 07:32:28 UTC"	"TCGA_PRAD_primary"	"KLA31_11"	"48d59c1b-0086-4db3-bde1-c0d773a79039"	"gdc_star_counts/TCGA_PRAD_primary/48d59c1b-0086-4db3-bde1-c0d773a79039_a63e0a4b-8737-4a19-8592-8a180c37adcc.rna_seq.augmented_star_gene_counts.tsv"	"complete"	"4241449"	"1a901d2c843c817d42a5b1faba9e4991"	"1a901d2c843c817d42a5b1faba9e4991"	"downloaded; official GDC MD5 verified"
"2026-09-14 07:32:34 UTC"	"TCGA_PRAD_primary"	"KLA31_11"	"3e8cf86e-ea84-42e0-b078-deae176cda1e"	"gdc_star_counts/TCGA_PRAD_primary/3e8cf86e-ea84-42e0-b078-deae176cda1e_b23cdc2e-089e-439b-afd5-4e18fab4953d.rna_seq.augmented_star_gene_counts.tsv"	"complete"	"4237224"	"81717ee687d697979ea3fd763e25774e"	"81717ee687d697979ea3fd763e25774e"	"downloaded; official GDC MD5 verified"
"2026-09-14 07:32:42 UTC"	"TCGA_PRAD_primary"	"KLA31_11"	"a6f17737-59a3-468b-b6f2-207ff3a0fe5b"	"gdc_star_counts/TCGA_PRAD_primary/a6f17737-59a3-468b-b6f2-207ff3a0fe5b_b2974e70-ca9b-4559-aa1d-cd342a529497.rna_seq.augmented_star_gene_counts.tsv"	"complete"	"4256695"	"c6410830a2002d790dc0d8ee885e097f"	"c6410830a2002d790dc0d8ee885e097f"	"downloaded; official GDC MD5 verified"
"2026-09-14 07:32:51 UTC"	"TCGA_PRAD_primary"	"KLA31_11"	"7fdc3295-81f3-4cfe-9a71-ec28cf13ee8f"	"gdc_star_counts/TCGA_PRAD_primary/7fdc3295-81f3-4cfe-9a71-ec28cf13ee8f_34d1151a-2725-4259-a1d1-2b0027c65b45.rna_seq.augmented_star_gene_counts.tsv"	"complete"	"4236364"	"5150eedb976f969682db82ad91c62390"	"5150eedb976f969682db82ad91c62390"	"downloaded; official GDC MD5 verified"
"2026-09-14 07:32:59 UTC"	"TCGA_PRAD_primary"	"KLA31_11"	"950da9d9-8154-4dee-90f9-b416c3cbec33"	"gdc_star_counts/TCGA_PRAD_primary/950da9d9-8154-4dee-90f9-b416c3cbec33_7499e6c6-51f7-4660-946b-54dec1762a6c.rna_seq.augmented_star_gene_counts.tsv"	"complete"	"4245147"	"adb1706fb34b02575846a768a63a1a45"	"adb1706fb34b02575846a768a63a1a45"	"downloaded; official GDC MD5 verified"
"2026-09-14 07:33:04 UTC"	"TCGA_PRAD_primary"	"KLA31_11"	"f4f06841-c4df-456b-9b60-c1c40b5aa8e0"	"gdc_star_counts/TCGA_PRAD_primary/f4f06841-c4df-456b-9b60-c1c40b5aa8e0_d5365384-47d2-4ee2-87cb-1ba9dde8e92c.rna_seq.augmented_star_gene_counts.tsv"	"complete"	"4245921"	"b0e591a8df882b3a042d2a04f10816c8"	"b0e591a8df882b3a042d2a04f10816c8"	"downloaded; official GDC MD5 verified"
"2026-09-14 07:33:12 UTC"	"TCGA_PRAD_primary"	"KLA31_11"	"8a881e95-d561-4e51-a444-af40cc85a7e7"	"gdc_star_counts/TCGA_PRAD_primary/8a881e95-d561-4e51-a444-af40cc85a7e7_b5cfa57a-ffd8-4c5c-93ca-bafeb6cdfb1d.rna_seq.augmented_star_gene_counts.tsv"	"complete"	"4231944"	"99fa6aaa3918586413bbde4c43988ed4"	"99fa6aaa3918586413bbde4c43988ed4"	"downloaded; official GDC MD5 verified"
"2026-09-14 07:33:21 UTC"	"TCGA_PRAD_primary"	"KLA31_11"	"36a12405-1a82-4ea2-9eb9-30d933d1d0d9"	"gdc_star_counts/TCGA_PRAD_primary/36a12405-1a82-4ea2-9eb9-30d933d1d0d9_5edb2ef0-079d-41ea-b705-a013957adeca.rna_seq.augmented_star_gene_counts.tsv"	"complete"	"4248262"	"e8a6cf16e819469cbd674340b7ac4876"	"e8a6cf16e819469cbd674340b7ac4876"	"downloaded; official GDC MD5 verified"
"2026-09-14 07:33:29 UTC"	"TCGA_PRAD_primary"	"KLA31_11"	"5bf0e22b-aee2-43ef-8dad-08480a53acb4"	"gdc_star_counts/TCGA_PRAD_primary/5bf0e22b-aee2-43ef-8dad-08480a53acb4_367a6ca6-7c37-4032-b04c-e68f5b3a9ba4.rna_seq.augmented_star_gene_counts.tsv"	"complete"	"4231948"	"62db7b97acf8365bde661dbc5bcb834d"	"62db7b97acf8365bde661dbc5bcb834d"	"downloaded; official GDC MD5 verified"
"2026-09-14 07:33:37 UTC"	"TCGA_PRAD_primary"	"KLA31_11"	"bea2f390-afeb-471c-bfd8-3773b4dfb0ed"	"gdc_star_counts/TCGA_PRAD_primary/bea2f390-afeb-471c-bfd8-3773b4dfb0ed_b7867089-b571-4655-9830-fb32d10b74e6.rna_seq.augmented_star_gene_counts.tsv"	"complete"	"4243368"	"fd61c7d88644e84e7dcf18b395f68f88"	"fd61c7d88644e84e7dcf18b395f68f88"	"downloaded; official GDC MD5 verified"
"2026-09-14 07:33:46 UTC"	"TCGA_PRAD_primary"	"KLA31_11"	"79958b9d-8660-45b6-a9e9-3b7d7c3bc8bc"	"gdc_star_counts/TCGA_PRAD_primary/79958b9d-8660-45b6-a9e9-3b7d7c3bc8bc_ca8de3ae-b88e-455b-88a7-8965e9bb1db7.rna_seq.augmented_star_gene_counts.tsv"	"complete"	"4236577"	"e4aacebdb6c92db36da47f61e88f8dce"	"e4aacebdb6c92db36da47f61e88f8dce"	"downloaded; official GDC MD5 verified"
"2026-09-14 07:33:56 UTC"	"TCGA_PRAD_primary"	"KLA31_11"	"c5451c8b-d34a-4760-9d2d-2448b6ed832d"	"gdc_star_counts/TCGA_PRAD_primary/c5451c8b-d34a-4760-9d2d-2448b6ed832d_51a16fc2-4bb9-4c24-9f99-845d31b9ded2.rna_seq.augmented_star_gene_counts.tsv"	"complete"	"4232962"	"4cba7952584ff95f847ddc71983e1833"	"4cba7952584ff95f847ddc71983e1833"	"downloaded; official GDC MD5 verified"
"2026-09-14 07:34:02 UTC"	"TCGA_PRAD_primary"	"KLA31_11"	"798e8937-3d4a-4dea-95c2-3456c087578d"	"gdc_star_counts/TCGA_PRAD_primary/798e8937-3d4a-4dea-95c2-3456c087578d_f43b0acc-e89b-4421-ad36-067f80445f4f.rna_seq.augmented_star_gene_counts.tsv"	"complete"	"4219572"	"81a5ada009967e49b843ffc2fb9d3436"	"81a5ada009967e49b843ffc2fb9d3436"	"downloaded; official GDC MD5 verified"
"2026-09-14 07:34:09 UTC"	"TCGA_PRAD_primary"	"KLA31_11"	"6b76c1c6-4023-4751-8630-579bb7ef2f48"	"gdc_star_counts/TCGA_PRAD_primary/6b76c1c6-4023-4751-8630-579bb7ef2f48_37c900e7-1b0f-4a10-a011-f8b9a7b2f032.rna_seq.augmented_star_gene_counts.tsv"	"complete"	"4231161"	"d8fe1890b4dd787f3531e275c84751b4"	"d8fe1890b4dd787f3531e275c84751b4"	"downloaded; official GDC MD5 verified"
"2026-09-14 07:34:18 UTC"	"TCGA_PRAD_primary"	"KLA31_11"	"f98b15ec-bf28-4461-9fee-aaed0f6213e8"	"gdc_star_counts/TCGA_PRAD_primary/f98b15ec-bf28-4461-9fee-aaed0f6213e8_b2dc28e3-9f5b-45f3-8477-ad360e8c229b.rna_seq.augmented_star_gene_counts.tsv"	"complete"	"4225382"	"1e8f062e0313c776452bd93af96446f4"	"1e8f062e0313c776452bd93af96446f4"	"downloaded; official GDC MD5 verified"
"2026-09-14 07:34:27 UTC"	"TCGA_PRAD_primary"	"KLA31_11"	"656d9a0e-8b02-41ef-abdb-ed3e59872154"	"gdc_star_counts/TCGA_PRAD_primary/656d9a0e-8b02-41ef-abdb-ed3e59872154_99a17ccf-208a-4233-8738-5fecf2914855.rna_seq.augmented_star_gene_counts.tsv"	"complete"	"4253434"	"1b74749bc67f46e7205f1d3f052c3176"	"1b74749bc67f46e7205f1d3f052c3176"	"downloaded; official GDC MD5 verified"
"2026-09-14 07:34:32 UTC"	"TCGA_PRAD_primary"	"KLA31_11"	"5005b7e7-0e85-472d-ab7b-2bc2690b340b"	"gdc_star_counts/TCGA_PRAD_primary/5005b7e7-0e85-472d-ab7b-2bc2690b340b_235ec92b-93de-4187-9430-7439bc1f1b1a.rna_seq.augmented_star_gene_counts.tsv"	"complete"	"4244209"	"8f95eb0f6d32a8994ab88f21b04d794f"	"8f95eb0f6d32a8994ab88f21b04d794f"	"downloaded; official GDC MD5 verified"
"2026-09-14 07:34:40 UTC"	"TCGA_PRAD_primary"	"KLA31_11"	"2d835125-fed7-4b0d-969e-7c6cee5f1363"	"gdc_star_counts/TCGA_PRAD_primary/2d835125-fed7-4b0d-969e-7c6cee5f1363_20056b8d-000f-4a0a-954a-f537186278b1.rna_seq.augmented_star_gene_counts.tsv"	"complete"	"4213343"	"ca62e632291ab8c8411b7047e4fa0a38"	"ca62e632291ab8c8411b7047e4fa0a38"	"downloaded; official GDC MD5 verified"
"2026-09-14 07:34:50 UTC"	"TCGA_PRAD_primary"	"KLA31_11"	"b815048a-2698-4199-bf47-39a78757cbfd"	"gdc_star_counts/TCGA_PRAD_primary/b815048a-2698-4199-bf47-39a78757cbfd_fd52cb64-2115-4dbb-872b-5a2dda6207c8.rna_seq.augmented_star_gene_counts.tsv"	"complete"	"4238931"	"8b228e8b02d672fc446d7dbf72f0afde"	"8b228e8b02d672fc446d7dbf72f0afde"	"downloaded; official GDC MD5 verified"
"2026-09-14 07:34:58 UTC"	"TCGA_PRAD_primary"	"KLA31_11"	"34d3e37e-42d8-463d-a00e-cc587890ae50"	"gdc_star_counts/TCGA_PRAD_primary/34d3e37e-42d8-463d-a00e-cc587890ae50_33321f4f-d814-4792-9613-b3e878f6da48.rna_seq.augmented_star_gene_counts.tsv"	"complete"	"4252344"	"505a47e2081280b156023a32a0b42798"	"505a47e2081280b156023a32a0b42798"	"downloaded; official GDC MD5 verified"
"2026-09-14 07:35:03 UTC"	"TCGA_PRAD_primary"	"KLA31_11"	"d5ed394c-293d-49eb-8187-a586a1835377"	"gdc_star_counts/TCGA_PRAD_primary/d5ed394c-293d-49eb-8187-a586a1835377_ce8e6e8f-80ae-4ea2-bddc-eb677aa3d8f9.rna_seq.augmented_star_gene_counts.tsv"	"complete"	"4234679"	"1f5ab16d522824a71b0b7e41c7a104dc"	"1f5ab16d522824a71b0b7e41c7a104dc"	"downloaded; official GDC MD5 verified"
"2026-09-14 07:35:11 UTC"	"TCGA_PRAD_primary"	"KLA31_11"	"68826fe6-ddbd-4dad-b127-acb3ade5bed3"	"gdc_star_counts/TCGA_PRAD_primary/68826fe6-ddbd-4dad-b127-acb3ade5bed3_ca4ce338-d405-48f6-ac5c-5b3f78939f4e.rna_seq.augmented_star_gene_counts.tsv"	"complete"	"4236286"	"630be59656daf358d4f6024f453fa781"	"630be59656daf358d4f6024f453fa781"	"downloaded; official GDC MD5 verified"
"2026-09-14 07:35:26 UTC"	"TCGA_PRAD_primary"	"KLA31_11"	"e21f5792-d09f-4ccd-979b-3813b0845b69"	"gdc_star_counts/TCGA_PRAD_primary/e21f5792-d09f-4ccd-979b-3813b0845b69_2fbf53f9-fb24-4afd-b643-a2b132994f87.rna_seq.augmented_star_gene_counts.tsv"	"complete"	"4247633"	"f788fd7a4b7f76c080831494fd050235"	"f788fd7a4b7f76c080831494fd050235"	"downloaded; official GDC MD5 verified"
"2026-09-14 07:35:31 UTC"	"TCGA_PRAD_primary"	"KLA31_11"	"2b5963dc-6bbd-4541-a6ed-19fcc046fc10"	"gdc_star_counts/TCGA_PRAD_primary/2b5963dc-6bbd-4541-a6ed-19fcc046fc10_e0a5bbff-b48d-4975-8550-1efa50c29dd0.rna_seq.augmented_star_gene_counts.tsv"	"complete"	"4246906"	"20fba5b3a76441ff744ea6ce3a13512e"	"20fba5b3a76441ff744ea6ce3a13512e"	"downloaded; official GDC MD5 verified"
"2026-09-14 07:35:39 UTC"	"TCGA_PRAD_primary"	"KLA31_11"	"5f9c7a7f-9df6-49a6-8b78-d11256c2d1ae"	"gdc_star_counts/TCGA_PRAD_primary/5f9c7a7f-9df6-49a6-8b78-d11256c2d1ae_ec5f4c5b-f53f-4169-8764-c8a7f55a7001.rna_seq.augmented_star_gene_counts.tsv"	"complete"	"4238106"	"b605bfd8ce52ae82cdaf74a66b52d6b2"	"b605bfd8ce52ae82cdaf74a66b52d6b2"	"downloaded; official GDC MD5 verified"
"2026-09-14 07:35:47 UTC"	"TCGA_PRAD_primary"	"KLA31_11"	"d40510a3-356a-4f3a-b055-429b5023fa5e"	"gdc_star_counts/TCGA_PRAD_primary/d40510a3-356a-4f3a-b055-429b5023fa5e_f7600503-b7b0-4b83-bf76-7fb2ce04afd8.rna_seq.augmented_star_gene_counts.tsv"	"complete"	"4246886"	"cf93550a1bd7126ec8e060a49c17a769"	"cf93550a1bd7126ec8e060a49c17a769"	"downloaded; official GDC MD5 verified"
"2026-09-14 07:35:59 UTC"	"TCGA_PRAD_primary"	"KLA31_11"	"c43bbab5-0856-4535-890f-3e3c4288ea8e"	"gdc_star_counts/TCGA_PRAD_primary/c43bbab5-0856-4535-890f-3e3c4288ea8e_d1e3e5f7-c2da-4a09-bca8-d57de1765f88.rna_seq.augmented_star_gene_counts.tsv"	"complete"	"4238366"	"5c5df04505c527d9b0b23df87792f406"	"5c5df04505c527d9b0b23df87792f406"	"downloaded; official GDC MD5 verified"
"2026-09-14 07:36:05 UTC"	"TCGA_PRAD_primary"	"KLA31_11"	"ce7345b1-bbb9-4137-bfca-a05e2b71f9b8"	"gdc_star_counts/TCGA_PRAD_primary/ce7345b1-bbb9-4137-bfca-a05e2b71f9b8_44352853-702a-4693-85e9-0160c40089aa.rna_seq.augmented_star_gene_counts.tsv"	"complete"	"4247559"	"08df8f3c7ecc4b8385564e7fe7da1b63"	"08df8f3c7ecc4b8385564e7fe7da1b63"	"downloaded; official GDC MD5 verified"
"2026-09-14 07:36:14 UTC"	"TCGA_PRAD_primary"	"KLA31_11"	"a5720f3d-141b-4884-9821-07c421f53142"	"gdc_star_counts/TCGA_PRAD_primary/a5720f3d-141b-4884-9821-07c421f53142_c5fca91d-25ec-443e-bb4a-3b3064d7c180.rna_seq.augmented_star_gene_counts.tsv"	"complete"	"4242796"	"6c848596fc5e06e17df9dcd4283b11e7"	"6c848596fc5e06e17df9dcd4283b11e7"	"downloaded; official GDC MD5 verified"
"2026-09-14 07:36:23 UTC"	"TCGA_PRAD_primary"	"KLA31_11"	"8103d562-5a44-4d1d-89ff-5ea4b4824623"	"gdc_star_counts/TCGA_PRAD_primary/8103d562-5a44-4d1d-89ff-5ea4b4824623_c15016d8-4bb7-435c-999e-97d708abd6d1.rna_seq.augmented_star_gene_counts.tsv"	"complete"	"4235506"	"6dd7775543ceaeb1600ac3bf56fb3a89"	"6dd7775543ceaeb1600ac3bf56fb3a89"	"downloaded; official GDC MD5 verified"
"2026-09-14 07:36:29 UTC"	"TCGA_PRAD_primary"	"KLA31_11"	"73922e45-6e87-42c3-bb07-0c7cf4691fd3"	"gdc_star_counts/TCGA_PRAD_primary/73922e45-6e87-42c3-bb07-0c7cf4691fd3_fb867d17-df3f-428f-a9e4-28ca204be1bf.rna_seq.augmented_star_gene_counts.tsv"	"complete"	"4236973"	"5074dbf47a70c34ce9e499dbdbb9eb4b"	"5074dbf47a70c34ce9e499dbdbb9eb4b"	"downloaded; official GDC MD5 verified"
"2026-09-14 07:36:35 UTC"	"TCGA_PRAD_primary"	"KLA31_11"	"d3819816-a957-49a8-923c-a52825a5ad61"	"gdc_star_counts/TCGA_PRAD_primary/d3819816-a957-49a8-923c-a52825a5ad61_b6dc4a19-b907-47d9-969e-6b87c0cf80c9.rna_seq.augmented_star_gene_counts.tsv"	"complete"	"4235513"	"481583f0df5cf8c71ce3b78fa3d563e1"	"481583f0df5cf8c71ce3b78fa3d563e1"	"downloaded; official GDC MD5 verified"
"2026-09-14 07:36:43 UTC"	"TCGA_PRAD_primary"	"KLA31_11"	"c642c3ca-d565-40f4-a9e9-cb7771f012b6"	"gdc_star_counts/TCGA_PRAD_primary/c642c3ca-d565-40f4-a9e9-cb7771f012b6_ff4284af-295f-407a-ae37-dbc7da985591.rna_seq.augmented_star_gene_counts.tsv"	"complete"	"4256817"	"b4e1d333bd0d2e4bae6c775d1a7b7f2f"	"b4e1d333bd0d2e4bae6c775d1a7b7f2f"	"downloaded; official GDC MD5 verified"
"2026-09-14 07:36:52 UTC"	"TCGA_PRAD_primary"	"KLA31_11"	"b085822b-bd67-4902-80b1-2c261bc3274d"	"gdc_star_counts/TCGA_PRAD_primary/b085822b-bd67-4902-80b1-2c261bc3274d_0fdae061-c056-4512-9072-3eae970d732b.rna_seq.augmented_star_gene_counts.tsv"	"complete"	"4230145"	"5230e784b36f9b5a76ed8222e25a6f0b"	"5230e784b36f9b5a76ed8222e25a6f0b"	"downloaded; official GDC MD5 verified"
"2026-09-14 07:36:59 UTC"	"TCGA_PRAD_primary"	"KLA31_11"	"d2991379-a850-411b-98b7-7917283071c7"	"gdc_star_counts/TCGA_PRAD_primary/d2991379-a850-411b-98b7-7917283071c7_ac75a6fb-4caf-4edd-a119-85e7eaa99a64.rna_seq.augmented_star_gene_counts.tsv"	"complete"	"4244536"	"d3cd8e372757ffbaf634fe3bcb463745"	"d3cd8e372757ffbaf634fe3bcb463745"	"downloaded; official GDC MD5 verified"
"2026-09-14 07:37:09 UTC"	"TCGA_PRAD_primary"	"KLA31_11"	"fe1c6f30-d798-4445-a9e1-244939518775"	"gdc_star_counts/TCGA_PRAD_primary/fe1c6f30-d798-4445-a9e1-244939518775_fad685af-19be-4f40-9dd2-34ed966ffeae.rna_seq.augmented_star_gene_counts.tsv"	"complete"	"4217201"	"bc6f25a2f41841612bc097e6896ba312"	"bc6f25a2f41841612bc097e6896ba312"	"downloaded; official GDC MD5 verified"
"2026-09-14 07:37:18 UTC"	"TCGA_PRAD_primary"	"KLA31_11"	"c1139272-e27b-4308-b3f5-09e7a5fd3589"	"gdc_star_counts/TCGA_PRAD_primary/c1139272-e27b-4308-b3f5-09e7a5fd3589_246f3ad7-cc2b-4f27-bb9b-f30dd8a5fc96.rna_seq.augmented_star_gene_counts.tsv"	"complete"	"4245931"	"1bc7771e6892c9c8346727e87e604456"	"1bc7771e6892c9c8346727e87e604456"	"downloaded; official GDC MD5 verified"
"2026-09-14 07:37:27 UTC"	"TCGA_PRAD_primary"	"KLA31_11"	"04414ae9-75ff-40ce-bca3-65986ce49c11"	"gdc_star_counts/TCGA_PRAD_primary/04414ae9-75ff-40ce-bca3-65986ce49c11_9c3d1cc9-3618-40f2-8d7a-bfee636a5182.rna_seq.augmented_star_gene_counts.tsv"	"complete"	"4244601"	"cb26af4df0f86db7f6dfdbdf121e4fc2"	"cb26af4df0f86db7f6dfdbdf121e4fc2"	"downloaded; official GDC MD5 verified"
"2026-09-14 07:37:32 UTC"	"TCGA_PRAD_primary"	"KLA31_11"	"33732cbc-635c-4cd5-bfef-09dfe1cea4e2"	"gdc_star_counts/TCGA_PRAD_primary/33732cbc-635c-4cd5-bfef-09dfe1cea4e2_a276b9ca-af6b-4665-b9c0-aea57d42238f.rna_seq.augmented_star_gene_counts.tsv"	"complete"	"4245044"	"91ce970ec2ef596b7e35a853bc913b0b"	"91ce970ec2ef596b7e35a853bc913b0b"	"downloaded; official GDC MD5 verified"
"2026-09-14 07:37:40 UTC"	"TCGA_PRAD_primary"	"KLA31_11"	"96ba48d6-1a69-4acd-958c-cb6cd4086193"	"gdc_star_counts/TCGA_PRAD_primary/96ba48d6-1a69-4acd-958c-cb6cd4086193_340949ba-34bd-4f53-bfd7-b0cd815abac8.rna_seq.augmented_star_gene_counts.tsv"	"complete"	"4239763"	"5e2eb28439ec52d1ad0890c0b5f8d268"	"5e2eb28439ec52d1ad0890c0b5f8d268"	"downloaded; official GDC MD5 verified"
"2026-09-14 07:37:49 UTC"	"TCGA_PRAD_primary"	"KLA31_11"	"0007888f-8d96-4c01-8251-7fef6cc71596"	"gdc_star_counts/TCGA_PRAD_primary/0007888f-8d96-4c01-8251-7fef6cc71596_88215dd0-5841-44f1-9393-eefd8238cbb3.rna_seq.augmented_star_gene_counts.tsv"	"complete"	"4239705"	"3189bb6c7ba67fa9902beafe76dbdf8e"	"3189bb6c7ba67fa9902beafe76dbdf8e"	"downloaded; official GDC MD5 verified"
"2026-09-14 07:37:58 UTC"	"TCGA_PRAD_primary"	"KLA31_11"	"aeab3a28-be15-4c71-8146-fc5cd6c1ebce"	"gdc_star_counts/TCGA_PRAD_primary/aeab3a28-be15-4c71-8146-fc5cd6c1ebce_55849b80-741b-46e0-a69c-6d50a72eb97b.rna_seq.augmented_star_gene_counts.tsv"	"complete"	"4228586"	"2d507dd3f4d15af01f596b22d67ea964"	"2d507dd3f4d15af01f596b22d67ea964"	"downloaded; official GDC MD5 verified"
"2026-09-14 07:38:03 UTC"	"TCGA_PRAD_primary"	"KLA31_11"	"d1bcb0c7-f603-4597-ae5a-83bf294d715d"	"gdc_star_counts/TCGA_PRAD_primary/d1bcb0c7-f603-4597-ae5a-83bf294d715d_10b332c1-5e60-4a3a-8f82-402892ea832d.rna_seq.augmented_star_gene_counts.tsv"	"complete"	"4240081"	"bf0228aac38b24a064bf11e02473f178"	"bf0228aac38b24a064bf11e02473f178"	"downloaded; official GDC MD5 verified"
"2026-09-14 07:38:10 UTC"	"TCGA_PRAD_primary"	"KLA31_11"	"a6c621e7-dc5e-4014-8876-8863858832fc"	"gdc_star_counts/TCGA_PRAD_primary/a6c621e7-dc5e-4014-8876-8863858832fc_54530b7d-7e21-44c3-a5ca-62ed71178b8e.rna_seq.augmented_star_gene_counts.tsv"	"complete"	"4216169"	"d314995d2e7b08ec7f55018e8825b5f5"	"d314995d2e7b08ec7f55018e8825b5f5"	"downloaded; official GDC MD5 verified"
"2026-09-14 07:38:19 UTC"	"TCGA_PRAD_primary"	"KLA31_11"	"c2cfa28c-d5b1-4d95-bb79-972eb5ba0b5e"	"gdc_star_counts/TCGA_PRAD_primary/c2cfa28c-d5b1-4d95-bb79-972eb5ba0b5e_7f833dd8-ab97-42fd-b9e5-b1456a2ac3ab.rna_seq.augmented_star_gene_counts.tsv"	"complete"	"4228711"	"e4494fa40bc1f6ba4dc5e7f024271c07"	"e4494fa40bc1f6ba4dc5e7f024271c07"	"downloaded; official GDC MD5 verified"
"2026-09-14 07:38:28 UTC"	"TCGA_PRAD_primary"	"KLA31_11"	"7ff08c03-ccba-41f7-b086-78f86c27c576"	"gdc_star_counts/TCGA_PRAD_primary/7ff08c03-ccba-41f7-b086-78f86c27c576_a704f7c5-6378-43ec-9294-8c9ce2308c5c.rna_seq.augmented_star_gene_counts.tsv"	"complete"	"4242239"	"fd640ca2cc6d5aa0b83b4f84f27847ab"	"fd640ca2cc6d5aa0b83b4f84f27847ab"	"downloaded; official GDC MD5 verified"
"2026-09-14 07:38:33 UTC"	"TCGA_PRAD_primary"	"KLA31_11"	"95a72aff-106e-4eb3-a897-1629a4b55c55"	"gdc_star_counts/TCGA_PRAD_primary/95a72aff-106e-4eb3-a897-1629a4b55c55_9510b5cd-6ad3-4d41-96ae-4209a2b23de8.rna_seq.augmented_star_gene_counts.tsv"	"complete"	"4219764"	"5b092b9a09494cdbb2d6269e5c3f198a"	"5b092b9a09494cdbb2d6269e5c3f198a"	"downloaded; official GDC MD5 verified"
"2026-09-14 07:38:41 UTC"	"TCGA_PRAD_primary"	"KLA31_11"	"8dcab63c-9b76-4041-98d6-7b8a28052e37"	"gdc_star_counts/TCGA_PRAD_primary/8dcab63c-9b76-4041-98d6-7b8a28052e37_2b850705-12b6-4863-93b5-c08d5a20168a.rna_seq.augmented_star_gene_counts.tsv"	"complete"	"4228051"	"2a85bfaef7ea00d7ae92e05b09300738"	"2a85bfaef7ea00d7ae92e05b09300738"	"downloaded; official GDC MD5 verified"
"2026-09-14 07:38:51 UTC"	"TCGA_PRAD_primary"	"KLA31_11"	"55b83650-9704-4393-88f9-e3ab8bbb56ad"	"gdc_star_counts/TCGA_PRAD_primary/55b83650-9704-4393-88f9-e3ab8bbb56ad_e35f81c3-1ddc-425b-a9b0-7ccc4a54501b.rna_seq.augmented_star_gene_counts.tsv"	"complete"	"4257599"	"dccf5f9ff53a3b3ca51ddba48d577096"	"dccf5f9ff53a3b3ca51ddba48d577096"	"downloaded; official GDC MD5 verified"
"2026-09-14 07:38:58 UTC"	"TCGA_PRAD_primary"	"KLA31_11"	"bed3fd6a-daff-401e-800a-9e5bc5ff6017"	"gdc_star_counts/TCGA_PRAD_primary/bed3fd6a-daff-401e-800a-9e5bc5ff6017_57616b61-4b03-4e32-961a-2614d6b8dcf7.rna_seq.augmented_star_gene_counts.tsv"	"complete"	"4229425"	"87baa33ca21e0adbec6ee387d9a51218"	"87baa33ca21e0adbec6ee387d9a51218"	"downloaded; official GDC MD5 verified"
"2026-09-14 07:39:04 UTC"	"TCGA_PRAD_primary"	"KLA31_11"	"3599d990-807a-446a-a52b-239eb8a27b59"	"gdc_star_counts/TCGA_PRAD_primary/3599d990-807a-446a-a52b-239eb8a27b59_4b66b775-0381-427c-bb5d-daa1eaa01f01.rna_seq.augmented_star_gene_counts.tsv"	"complete"	"4250846"	"27e348d36dffa9ec029b248a8a685d33"	"27e348d36dffa9ec029b248a8a685d33"	"downloaded; official GDC MD5 verified"
"2026-09-14 07:39:12 UTC"	"TCGA_PRAD_primary"	"KLA31_11"	"b8798d75-0a82-401b-9e78-0cb1ffb4b466"	"gdc_star_counts/TCGA_PRAD_primary/b8798d75-0a82-401b-9e78-0cb1ffb4b466_c5f9aaaf-32c5-4365-be71-b36056e41523.rna_seq.augmented_star_gene_counts.tsv"	"complete"	"4246054"	"8190aa47fd6d64ead6625ae92209f0c1"	"8190aa47fd6d64ead6625ae92209f0c1"	"downloaded; official GDC MD5 verified"
"2026-09-14 07:39:21 UTC"	"TCGA_PRAD_primary"	"KLA31_11"	"b2077c1f-682a-4557-bc61-1bdbc482f3e3"	"gdc_star_counts/TCGA_PRAD_primary/b2077c1f-682a-4557-bc61-1bdbc482f3e3_288d2dc8-9fb3-4164-8e6a-cee107d11404.rna_seq.augmented_star_gene_counts.tsv"	"complete"	"4234859"	"a64a7d0d2c3ec3cc72d356506ec6d888"	"a64a7d0d2c3ec3cc72d356506ec6d888"	"downloaded; official GDC MD5 verified"
"2026-09-14 07:39:28 UTC"	"TCGA_PRAD_primary"	"KLA31_11"	"338e3c31-5b32-4a5b-9bd1-02c1dc6d8657"	"gdc_star_counts/TCGA_PRAD_primary/338e3c31-5b32-4a5b-9bd1-02c1dc6d8657_e3ce7ed2-4e1c-4e13-bd56-372aa09132ec.rna_seq.augmented_star_gene_counts.tsv"	"complete"	"4221491"	"8cc08e11d5ac528330a75e21d7f6bf36"	"8cc08e11d5ac528330a75e21d7f6bf36"	"downloaded; official GDC MD5 verified"
"2026-09-14 07:39:34 UTC"	"TCGA_PRAD_primary"	"KLA31_11"	"4a6ef0d2-cb4a-4e18-bf9c-b2a0ed4261f8"	"gdc_star_counts/TCGA_PRAD_primary/4a6ef0d2-cb4a-4e18-bf9c-b2a0ed4261f8_811ad730-2a21-49ca-832a-8ee67c09b51a.rna_seq.augmented_star_gene_counts.tsv"	"complete"	"4231869"	"5adb9ae9de3f991ea41c622486de71d2"	"5adb9ae9de3f991ea41c622486de71d2"	"downloaded; official GDC MD5 verified"
"2026-09-14 07:39:42 UTC"	"TCGA_PRAD_primary"	"KLA31_11"	"380b15d3-3e0a-4e1c-b3cc-dbb5e999cc8a"	"gdc_star_counts/TCGA_PRAD_primary/380b15d3-3e0a-4e1c-b3cc-dbb5e999cc8a_aece5c5a-2cca-445a-82ed-90a01e343211.rna_seq.augmented_star_gene_counts.tsv"	"complete"	"4235351"	"859cf6fd304c316c26f6d2e696b18a5d"	"859cf6fd304c316c26f6d2e696b18a5d"	"downloaded; official GDC MD5 verified"
"2026-09-14 07:39:51 UTC"	"TCGA_PRAD_primary"	"KLA31_11"	"2b1b51f8-e257-419d-9a7a-829a27cb0393"	"gdc_star_counts/TCGA_PRAD_primary/2b1b51f8-e257-419d-9a7a-829a27cb0393_912906ef-28c0-4f7d-9a62-320aeb8b173b.rna_seq.augmented_star_gene_counts.tsv"	"complete"	"4226645"	"4b38100e7f22d1ae6ab6ba1851741de2"	"4b38100e7f22d1ae6ab6ba1851741de2"	"downloaded; official GDC MD5 verified"
"2026-09-14 07:40:01 UTC"	"TCGA_PRAD_primary"	"KLA31_11"	"1e585cda-d2b3-4f0e-bb52-e3ae5952b838"	"gdc_star_counts/TCGA_PRAD_primary/1e585cda-d2b3-4f0e-bb52-e3ae5952b838_1c37eeeb-2667-4def-840d-74d7b143d413.rna_seq.augmented_star_gene_counts.tsv"	"complete"	"4241344"	"3f45e4061bdc1514c76e1512d93d3b99"	"3f45e4061bdc1514c76e1512d93d3b99"	"downloaded; official GDC MD5 verified"
"2026-09-14 07:40:07 UTC"	"TCGA_PRAD_primary"	"KLA31_11"	"660291e7-6339-4740-ad7e-a63a8144374f"	"gdc_star_counts/TCGA_PRAD_primary/660291e7-6339-4740-ad7e-a63a8144374f_535058f3-6368-485f-8cb1-c57d96cf3d38.rna_seq.augmented_star_gene_counts.tsv"	"complete"	"4233857"	"1398f08b08481c01b03a54ba7cb2db9c"	"1398f08b08481c01b03a54ba7cb2db9c"	"downloaded; official GDC MD5 verified"
"2026-09-14 07:40:15 UTC"	"TCGA_PRAD_primary"	"KLA31_11"	"27d17d08-c0fe-4f14-bba2-d9db3551c7c9"	"gdc_star_counts/TCGA_PRAD_primary/27d17d08-c0fe-4f14-bba2-d9db3551c7c9_c3040097-9298-4847-8ba5-03a1c94769d5.rna_seq.augmented_star_gene_counts.tsv"	"complete"	"4262711"	"99411ecd799cd87253c2e330cccb9690"	"99411ecd799cd87253c2e330cccb9690"	"downloaded; official GDC MD5 verified"
"2026-09-14 07:40:25 UTC"	"TCGA_PRAD_primary"	"KLA31_11"	"46a9d30b-088c-4c0b-b161-07c4699272a1"	"gdc_star_counts/TCGA_PRAD_primary/46a9d30b-088c-4c0b-b161-07c4699272a1_2ee0b31d-a045-4746-b815-f6c1acc387b9.rna_seq.augmented_star_gene_counts.tsv"	"complete"	"4248084"	"d5b3a81fcdee8ef672d21016a4e0f7ca"	"d5b3a81fcdee8ef672d21016a4e0f7ca"	"downloaded; official GDC MD5 verified"
"2026-09-14 07:40:31 UTC"	"TCGA_PRAD_primary"	"KLA31_11"	"d80a44a8-6d81-4be0-98a0-48ccec90d4fd"	"gdc_star_counts/TCGA_PRAD_primary/d80a44a8-6d81-4be0-98a0-48ccec90d4fd_2f785783-9303-4b18-9e87-0c33e65a5de9.rna_seq.augmented_star_gene_counts.tsv"	"complete"	"4255484"	"70d671ffa005eb98f3063905c7106019"	"70d671ffa005eb98f3063905c7106019"	"downloaded; official GDC MD5 verified"
"2026-09-14 07:40:38 UTC"	"TCGA_PRAD_primary"	"KLA31_11"	"f3133a5b-8878-4d60-8d2e-bc2580aefe05"	"gdc_star_counts/TCGA_PRAD_primary/f3133a5b-8878-4d60-8d2e-bc2580aefe05_499bc0dc-8226-4b80-80b0-f0ce8b8080e4.rna_seq.augmented_star_gene_counts.tsv"	"complete"	"4236854"	"8aba6885cb9dc4b1f99e4c356d3cafe6"	"8aba6885cb9dc4b1f99e4c356d3cafe6"	"downloaded; official GDC MD5 verified"
"2026-09-14 07:40:47 UTC"	"TCGA_PRAD_primary"	"KLA31_11"	"d98c134e-2ac7-4d9e-b949-84ff7eb76f73"	"gdc_star_counts/TCGA_PRAD_primary/d98c134e-2ac7-4d9e-b949-84ff7eb76f73_497d5553-96c6-4879-9669-4c57ae2b9e18.rna_seq.augmented_star_gene_counts.tsv"	"complete"	"4236579"	"74cb8b7782d6f921040add61148b1596"	"74cb8b7782d6f921040add61148b1596"	"downloaded; official GDC MD5 verified"
"2026-09-14 07:40:57 UTC"	"TCGA_PRAD_primary"	"KLA31_11"	"3a394f4d-faf2-47de-b960-b964ea23b45a"	"gdc_star_counts/TCGA_PRAD_primary/3a394f4d-faf2-47de-b960-b964ea23b45a_67b5aad0-8e60-4802-8791-5c14b7a1305a.rna_seq.augmented_star_gene_counts.tsv"	"complete"	"4227604"	"af977b9107436f202ad8064d387f4d11"	"af977b9107436f202ad8064d387f4d11"	"downloaded; official GDC MD5 verified"
"2026-09-14 07:41:02 UTC"	"TCGA_PRAD_primary"	"KLA31_11"	"da6e7b4e-fa86-46d8-bb10-08b88a4fe87d"	"gdc_star_counts/TCGA_PRAD_primary/da6e7b4e-fa86-46d8-bb10-08b88a4fe87d_bc373858-528c-48d5-b548-70f9a49a79b0.rna_seq.augmented_star_gene_counts.tsv"	"complete"	"4242617"	"7b4aed1f8e0aa073b0020d0f32441cf6"	"7b4aed1f8e0aa073b0020d0f32441cf6"	"downloaded; official GDC MD5 verified"
"2026-09-14 07:41:14 UTC"	"TCGA_PRAD_primary"	"KLA31_11"	"5d3ffedb-2371-4bfb-acae-ac7acb78355a"	"gdc_star_counts/TCGA_PRAD_primary/5d3ffedb-2371-4bfb-acae-ac7acb78355a_e9c43b8b-9f40-49b6-89f6-a7884e386423.rna_seq.augmented_star_gene_counts.tsv"	"complete"	"4261980"	"fbb57876137bdbc7fb6df5dece3542e9"	"fbb57876137bdbc7fb6df5dece3542e9"	"downloaded; official GDC MD5 verified"
"2026-09-14 07:41:23 UTC"	"TCGA_PRAD_primary"	"KLA31_11"	"55623655-0757-45c7-9d8f-1cf456e9d9e3"	"gdc_star_counts/TCGA_PRAD_primary/55623655-0757-45c7-9d8f-1cf456e9d9e3_7404ca2d-6356-4576-8bdd-897b5229880e.rna_seq.augmented_star_gene_counts.tsv"	"complete"	"4243823"	"ab7ffb9d39187902e0b1c49f9f54aef3"	"ab7ffb9d39187902e0b1c49f9f54aef3"	"downloaded; official GDC MD5 verified"
"2026-09-14 07:41:29 UTC"	"TCGA_PRAD_primary"	"KLA31_11"	"57ef12cf-3c0e-49ce-9075-9ae9d74ba64f"	"gdc_star_counts/TCGA_PRAD_primary/57ef12cf-3c0e-49ce-9075-9ae9d74ba64f_43adcecf-c596-4e69-9c83-16d5b28f276f.rna_seq.augmented_star_gene_counts.tsv"	"complete"	"4222831"	"d1ba504dd8352c3f58ab987053573823"	"d1ba504dd8352c3f58ab987053573823"	"downloaded; official GDC MD5 verified"
"2026-09-14 07:41:35 UTC"	"TCGA_PRAD_primary"	"KLA31_11"	"a6749535-84fb-48fe-9e3a-ab8f34b5f1b7"	"gdc_star_counts/TCGA_PRAD_primary/a6749535-84fb-48fe-9e3a-ab8f34b5f1b7_e6e04d6e-c9bd-4a2c-aa97-a6f96e80f7c5.rna_seq.augmented_star_gene_counts.tsv"	"complete"	"4243132"	"2523f2e427f5ba327c0c2224dde6993a"	"2523f2e427f5ba327c0c2224dde6993a"	"downloaded; official GDC MD5 verified"
"2026-09-14 07:41:43 UTC"	"TCGA_PRAD_primary"	"KLA31_11"	"e284f226-f8ee-4a87-8648-d63aaf3cb694"	"gdc_star_counts/TCGA_PRAD_primary/e284f226-f8ee-4a87-8648-d63aaf3cb694_9ae9cbfc-df8d-457f-ba41-89b695dea132.rna_seq.augmented_star_gene_counts.tsv"	"complete"	"4239819"	"a90caef9e6c46b8cf19e98e06cc9ff6d"	"a90caef9e6c46b8cf19e98e06cc9ff6d"	"downloaded; official GDC MD5 verified"
"2026-09-14 07:41:52 UTC"	"TCGA_PRAD_primary"	"KLA31_11"	"239beca7-7156-47aa-8f06-aebf31c17621"	"gdc_star_counts/TCGA_PRAD_primary/239beca7-7156-47aa-8f06-aebf31c17621_3a8026d4-4092-44d1-9ab9-55d6e47b3bfa.rna_seq.augmented_star_gene_counts.tsv"	"complete"	"4244462"	"121bb50f4eb9464832c39ecb51618624"	"121bb50f4eb9464832c39ecb51618624"	"downloaded; official GDC MD5 verified"
"2026-09-14 07:41:59 UTC"	"TCGA_PRAD_primary"	"KLA31_11"	"cecba697-85d4-4cb5-9a32-7bf3e67d8cb0"	"gdc_star_counts/TCGA_PRAD_primary/cecba697-85d4-4cb5-9a32-7bf3e67d8cb0_7f8dc767-80f0-490b-bdbf-6acd1f909b1f.rna_seq.augmented_star_gene_counts.tsv"	"complete"	"4245149"	"81a12de02e27d981e6a863295e16acb0"	"81a12de02e27d981e6a863295e16acb0"	"downloaded; official GDC MD5 verified"
"2026-09-14 07:42:05 UTC"	"TCGA_PRAD_primary"	"KLA31_11"	"00d6b6a9-179f-4b2a-826f-f8326197b17d"	"gdc_star_counts/TCGA_PRAD_primary/00d6b6a9-179f-4b2a-826f-f8326197b17d_9c56eacc-c71b-48b5-8747-008fd1105f89.rna_seq.augmented_star_gene_counts.tsv"	"complete"	"4235002"	"c48c9f2fee27454c421bf0e80da9cc1a"	"c48c9f2fee27454c421bf0e80da9cc1a"	"downloaded; official GDC MD5 verified"
"2026-09-14 07:42:13 UTC"	"TCGA_PRAD_primary"	"KLA31_11"	"1f6b1941-b72a-4446-95c0-a6878c861d20"	"gdc_star_counts/TCGA_PRAD_primary/1f6b1941-b72a-4446-95c0-a6878c861d20_ddf5f6f4-dbba-4262-b2db-cfda13f2afcc.rna_seq.augmented_star_gene_counts.tsv"	"complete"	"4225102"	"a7ce317d714050ce7dde33bbd95f42d9"	"a7ce317d714050ce7dde33bbd95f42d9"	"downloaded; official GDC MD5 verified"
"2026-09-14 07:42:22 UTC"	"TCGA_PRAD_primary"	"KLA31_11"	"576f53df-304d-4adb-8889-652d4aadbdb3"	"gdc_star_counts/TCGA_PRAD_primary/576f53df-304d-4adb-8889-652d4aadbdb3_c51a6f0c-9e7a-4120-97b6-762ba06950d2.rna_seq.augmented_star_gene_counts.tsv"	"complete"	"4240383"	"6c91af19392642a26d3325b09c1a844c"	"6c91af19392642a26d3325b09c1a844c"	"downloaded; official GDC MD5 verified"
"2026-09-14 07:42:29 UTC"	"TCGA_PRAD_primary"	"KLA31_11"	"416c16ea-e15a-474c-95f8-420a57c0e914"	"gdc_star_counts/TCGA_PRAD_primary/416c16ea-e15a-474c-95f8-420a57c0e914_a2dc42c7-07df-48a9-9c59-15ac4bcefc7f.rna_seq.augmented_star_gene_counts.tsv"	"complete"	"4236795"	"4b7893c748ed26642b5db62e982ea44e"	"4b7893c748ed26642b5db62e982ea44e"	"downloaded; official GDC MD5 verified"
"2026-09-14 07:42:35 UTC"	"TCGA_PRAD_primary"	"KLA31_11"	"94dcdebb-1fd9-4791-a951-a7d01b62d996"	"gdc_star_counts/TCGA_PRAD_primary/94dcdebb-1fd9-4791-a951-a7d01b62d996_0e7ed98c-47a6-4c1e-9376-98f594f6dd71.rna_seq.augmented_star_gene_counts.tsv"	"complete"	"4241687"	"d7ea3127b8eb96068a13483aba32a0dd"	"d7ea3127b8eb96068a13483aba32a0dd"	"downloaded; official GDC MD5 verified"
"2026-09-14 07:42:43 UTC"	"TCGA_PRAD_primary"	"KLA31_11"	"25263824-33e5-45c3-82a6-8982aea21a55"	"gdc_star_counts/TCGA_PRAD_primary/25263824-33e5-45c3-82a6-8982aea21a55_94ec88ff-4332-47ec-b2bf-3b8a269860d0.rna_seq.augmented_star_gene_counts.tsv"	"complete"	"4265758"	"6dcf6304bacf34f71dfceb651b8eb9ea"	"6dcf6304bacf34f71dfceb651b8eb9ea"	"downloaded; official GDC MD5 verified"
"2026-09-14 07:42:52 UTC"	"TCGA_PRAD_primary"	"KLA31_11"	"bf4c0a7c-9e9d-4b84-a8e6-35308b541958"	"gdc_star_counts/TCGA_PRAD_primary/bf4c0a7c-9e9d-4b84-a8e6-35308b541958_c295bf2b-7e70-40fb-8af7-87616394692b.rna_seq.augmented_star_gene_counts.tsv"	"complete"	"4210885"	"8f04eb39252424fcf57ca39e1e56b344"	"8f04eb39252424fcf57ca39e1e56b344"	"downloaded; official GDC MD5 verified"
"2026-09-14 07:42:59 UTC"	"TCGA_PRAD_primary"	"KLA31_11"	"ec633686-3d2b-40d0-94ff-70b4796b28c6"	"gdc_star_counts/TCGA_PRAD_primary/ec633686-3d2b-40d0-94ff-70b4796b28c6_da8bde9d-189b-4ebd-8de0-ae3846270e1f.rna_seq.augmented_star_gene_counts.tsv"	"complete"	"4236155"	"aeb82e67055072ec1db8f22e80ad5557"	"aeb82e67055072ec1db8f22e80ad5557"	"downloaded; official GDC MD5 verified"
"2026-09-14 07:43:05 UTC"	"TCGA_PRAD_primary"	"KLA31_11"	"6f96a413-1424-49d4-9ac2-e29f921b607b"	"gdc_star_counts/TCGA_PRAD_primary/6f96a413-1424-49d4-9ac2-e29f921b607b_33a42134-595f-4ecd-b87b-de1999e10bf9.rna_seq.augmented_star_gene_counts.tsv"	"complete"	"4240692"	"ecc222dcf3c7bddd924cfe45d582ed87"	"ecc222dcf3c7bddd924cfe45d582ed87"	"downloaded; official GDC MD5 verified"
"2026-09-14 07:43:13 UTC"	"TCGA_PRAD_primary"	"KLA31_11"	"a846ce2b-ba77-463a-88d9-75041e8024e0"	"gdc_star_counts/TCGA_PRAD_primary/a846ce2b-ba77-463a-88d9-75041e8024e0_54498dee-7413-4b90-971a-2abd1d9aa5d2.rna_seq.augmented_star_gene_counts.tsv"	"complete"	"4211659"	"d6e6ccded8f668969b681d386fe4e970"	"d6e6ccded8f668969b681d386fe4e970"	"downloaded; official GDC MD5 verified"
"2026-09-14 07:43:26 UTC"	"TCGA_PRAD_primary"	"KLA31_11"	"4c6f669c-68bd-4ab9-97ce-7f0782ad8eea"	"gdc_star_counts/TCGA_PRAD_primary/4c6f669c-68bd-4ab9-97ce-7f0782ad8eea_b8d19fd2-bc0b-4e1a-b38d-f30191eef786.rna_seq.augmented_star_gene_counts.tsv"	"complete"	"4238025"	"500abd95b55cf7b5e288d35359159687"	"500abd95b55cf7b5e288d35359159687"	"downloaded; official GDC MD5 verified"
"2026-09-14 07:43:31 UTC"	"TCGA_PRAD_primary"	"KLA31_11"	"dfb4b787-e291-4970-895d-bf42368cb4d7"	"gdc_star_counts/TCGA_PRAD_primary/dfb4b787-e291-4970-895d-bf42368cb4d7_d8ddfafb-4033-4d90-9958-46c4c0cb3d67.rna_seq.augmented_star_gene_counts.tsv"	"complete"	"4236545"	"e0ee3c0842a82ce4343c1d26a8fcae52"	"e0ee3c0842a82ce4343c1d26a8fcae52"	"downloaded; official GDC MD5 verified"
"2026-09-14 07:43:38 UTC"	"TCGA_PRAD_primary"	"KLA31_11"	"17ddf15f-80b7-4c8a-9cf6-d77bcb3e99f0"	"gdc_star_counts/TCGA_PRAD_primary/17ddf15f-80b7-4c8a-9cf6-d77bcb3e99f0_3a9150da-3e71-4b7e-a5d5-66b7321685dd.rna_seq.augmented_star_gene_counts.tsv"	"complete"	"4239460"	"5f633137a2264b3afbb342ff27c6766e"	"5f633137a2264b3afbb342ff27c6766e"	"downloaded; official GDC MD5 verified"
"2026-09-14 07:43:46 UTC"	"TCGA_PRAD_primary"	"KLA31_11"	"82e9eeed-d077-4f04-b03e-cdf4d8ca219d"	"gdc_star_counts/TCGA_PRAD_primary/82e9eeed-d077-4f04-b03e-cdf4d8ca219d_e32fc401-5ddd-4dfc-8be4-8d4072a080c3.rna_seq.augmented_star_gene_counts.tsv"	"complete"	"4241094"	"5df5b762909281b74517529c97bd4bf9"	"5df5b762909281b74517529c97bd4bf9"	"downloaded; official GDC MD5 verified"
"2026-09-14 07:43:56 UTC"	"TCGA_PRAD_primary"	"KLA31_11"	"41c196cb-17da-440b-b868-027b5af10f58"	"gdc_star_counts/TCGA_PRAD_primary/41c196cb-17da-440b-b868-027b5af10f58_2077c5b3-4b51-4cca-ab73-45a86e41275d.rna_seq.augmented_star_gene_counts.tsv"	"complete"	"4236058"	"2eb9da232409677bc4f1174208be81fc"	"2eb9da232409677bc4f1174208be81fc"	"downloaded; official GDC MD5 verified"
"2026-09-14 07:44:01 UTC"	"TCGA_PRAD_primary"	"KLA31_11"	"ae82bf57-6144-46ed-9056-d4775209ca4e"	"gdc_star_counts/TCGA_PRAD_primary/ae82bf57-6144-46ed-9056-d4775209ca4e_769531ed-35ed-4357-a436-5db0d94f42d8.rna_seq.augmented_star_gene_counts.tsv"	"complete"	"4238339"	"93f307c3c37a9ef661b696252f365e03"	"93f307c3c37a9ef661b696252f365e03"	"downloaded; official GDC MD5 verified"
"2026-09-14 07:44:08 UTC"	"TCGA_PRAD_primary"	"KLA31_11"	"0de94f0b-d06b-460c-aed0-c18380d4fc94"	"gdc_star_counts/TCGA_PRAD_primary/0de94f0b-d06b-460c-aed0-c18380d4fc94_89a0abf7-c745-48a1-ab36-d70ffcaca99e.rna_seq.augmented_star_gene_counts.tsv"	"complete"	"4220063"	"ab5eb387ac243c76c1e8862ab2fc0b59"	"ab5eb387ac243c76c1e8862ab2fc0b59"	"downloaded; official GDC MD5 verified"
"2026-09-14 07:44:17 UTC"	"TCGA_PRAD_primary"	"KLA31_11"	"9228d862-6474-4447-b8d6-fd9b0a4ceb44"	"gdc_star_counts/TCGA_PRAD_primary/9228d862-6474-4447-b8d6-fd9b0a4ceb44_2beea237-6d1c-4495-a3ef-83f7e10564be.rna_seq.augmented_star_gene_counts.tsv"	"complete"	"4240933"	"efa8817e3313faf9510d7472797c1ff6"	"efa8817e3313faf9510d7472797c1ff6"	"downloaded; official GDC MD5 verified"
"2026-09-14 07:44:27 UTC"	"TCGA_PRAD_primary"	"KLA31_11"	"4fc59a1f-fe0f-4450-be83-1affc097d80b"	"gdc_star_counts/TCGA_PRAD_primary/4fc59a1f-fe0f-4450-be83-1affc097d80b_12505e9e-7b8b-4128-aecc-76b9475244bb.rna_seq.augmented_star_gene_counts.tsv"	"complete"	"4245728"	"46901e646c8f752531401dfb14994a30"	"46901e646c8f752531401dfb14994a30"	"downloaded; official GDC MD5 verified"
"2026-09-14 07:44:33 UTC"	"TCGA_PRAD_primary"	"KLA31_11"	"cc5ef513-f9f2-4fa1-b858-a5b5c0e1ee49"	"gdc_star_counts/TCGA_PRAD_primary/cc5ef513-f9f2-4fa1-b858-a5b5c0e1ee49_bfc7b05d-55da-4c1e-99d5-605c8359cb5c.rna_seq.augmented_star_gene_counts.tsv"	"complete"	"4227109"	"cb20f82ba2d558d6bbb0f888551d842d"	"cb20f82ba2d558d6bbb0f888551d842d"	"downloaded; official GDC MD5 verified"
"2026-09-14 07:44:40 UTC"	"TCGA_PRAD_primary"	"KLA31_11"	"45fe053e-1dd0-401b-baac-f1e20a5aa1bd"	"gdc_star_counts/TCGA_PRAD_primary/45fe053e-1dd0-401b-baac-f1e20a5aa1bd_9f470e3e-610b-4caf-b4fe-c171893b2340.rna_seq.augmented_star_gene_counts.tsv"	"complete"	"4222514"	"9d5bfacbc6894555f9eb3b3013ed933a"	"9d5bfacbc6894555f9eb3b3013ed933a"	"downloaded; official GDC MD5 verified"
"2026-09-14 07:44:49 UTC"	"TCGA_PRAD_primary"	"KLA31_11"	"9b40abee-91d8-4f74-83c7-720f408b1f76"	"gdc_star_counts/TCGA_PRAD_primary/9b40abee-91d8-4f74-83c7-720f408b1f76_aa5bb7ab-a680-4d30-b58e-ed2c8a4cff50.rna_seq.augmented_star_gene_counts.tsv"	"complete"	"4243028"	"9a6d973ba1320b81f10653dddf517766"	"9a6d973ba1320b81f10653dddf517766"	"downloaded; official GDC MD5 verified"
"2026-09-14 07:44:58 UTC"	"TCGA_PRAD_primary"	"KLA31_11"	"48f059f3-2347-49a5-85f8-cbcebb837229"	"gdc_star_counts/TCGA_PRAD_primary/48f059f3-2347-49a5-85f8-cbcebb837229_9394dfcc-2fa9-4797-84cf-e837efe7dbdf.rna_seq.augmented_star_gene_counts.tsv"	"complete"	"4256102"	"74aada5bf6825696964969124adb58e6"	"74aada5bf6825696964969124adb58e6"	"downloaded; official GDC MD5 verified"
"2026-09-14 07:45:08 UTC"	"TCGA_PRAD_primary"	"KLA31_11"	"b4a190d2-c07b-4ede-8f97-126aa2d3f4da"	"gdc_star_counts/TCGA_PRAD_primary/b4a190d2-c07b-4ede-8f97-126aa2d3f4da_1699b2ec-8b31-4b3c-b43f-6da29cfe1051.rna_seq.augmented_star_gene_counts.tsv"	"complete"	"4229147"	"836fa2b1a3dd5469742dc93c08daacd1"	"836fa2b1a3dd5469742dc93c08daacd1"	"downloaded; official GDC MD5 verified"
"2026-09-14 07:45:16 UTC"	"TCGA_PRAD_primary"	"KLA31_11"	"4a01d087-651c-48c1-81d1-e044fc3a0160"	"gdc_star_counts/TCGA_PRAD_primary/4a01d087-651c-48c1-81d1-e044fc3a0160_2a1c5f9c-b21d-48ac-8eaf-f43cea9a9f52.rna_seq.augmented_star_gene_counts.tsv"	"complete"	"4241011"	"2f032cfe9ef8bbedad3012d0b1de36b2"	"2f032cfe9ef8bbedad3012d0b1de36b2"	"downloaded; official GDC MD5 verified"
"2026-09-14 07:45:26 UTC"	"TCGA_PRAD_primary"	"KLA31_11"	"3e79cd9e-ecd4-454c-b05e-b35d49cb962c"	"gdc_star_counts/TCGA_PRAD_primary/3e79cd9e-ecd4-454c-b05e-b35d49cb962c_c495edb5-8924-4cb0-813a-dfa9599da7f1.rna_seq.augmented_star_gene_counts.tsv"	"complete"	"4228481"	"31b0e8330f78b1243493dcd73cb6e601"	"31b0e8330f78b1243493dcd73cb6e601"	"downloaded; official GDC MD5 verified"
"2026-09-14 07:45:31 UTC"	"TCGA_PRAD_primary"	"KLA31_11"	"5ee99daf-4603-4eee-9311-71bf350b86ab"	"gdc_star_counts/TCGA_PRAD_primary/5ee99daf-4603-4eee-9311-71bf350b86ab_c5e68a3a-8343-4021-9efb-16d960f33bca.rna_seq.augmented_star_gene_counts.tsv"	"complete"	"4255896"	"2f72fa7a521e8271ea3934b2788356ad"	"2f72fa7a521e8271ea3934b2788356ad"	"downloaded; official GDC MD5 verified"
"2026-09-14 07:45:38 UTC"	"TCGA_PRAD_primary"	"KLA31_11"	"c22b4466-8f64-4f58-b664-ff9300d4a05c"	"gdc_star_counts/TCGA_PRAD_primary/c22b4466-8f64-4f58-b664-ff9300d4a05c_7a54f0e2-846a-401d-85c3-e5117e1dd703.rna_seq.augmented_star_gene_counts.tsv"	"complete"	"4230286"	"4271cc8a627447b4743b8bc0333f4f9a"	"4271cc8a627447b4743b8bc0333f4f9a"	"downloaded; official GDC MD5 verified"
"2026-09-14 07:45:47 UTC"	"TCGA_PRAD_primary"	"KLA31_11"	"9f363df3-1b40-4bfb-96e9-1d5f22123fb5"	"gdc_star_counts/TCGA_PRAD_primary/9f363df3-1b40-4bfb-96e9-1d5f22123fb5_d8c3a19b-5633-496f-9d29-da388b060040.rna_seq.augmented_star_gene_counts.tsv"	"complete"	"4226942"	"b8e93f408e5cd2d55b3d78e3eb15a624"	"b8e93f408e5cd2d55b3d78e3eb15a624"	"downloaded; official GDC MD5 verified"
"2026-09-14 07:45:56 UTC"	"TCGA_PRAD_primary"	"KLA31_11"	"579bcb4d-5afe-434b-8f5f-607e02e62ed9"	"gdc_star_counts/TCGA_PRAD_primary/579bcb4d-5afe-434b-8f5f-607e02e62ed9_c430a1ad-97af-4ecc-b32b-bc71d720b85f.rna_seq.augmented_star_gene_counts.tsv"	"complete"	"4224047"	"525e42655c93c5d0bd42505dcd12b555"	"525e42655c93c5d0bd42505dcd12b555"	"downloaded; official GDC MD5 verified"
"2026-09-14 07:46:02 UTC"	"TCGA_PRAD_primary"	"KLA31_11"	"1e0a3771-f73d-403b-8ecb-00df6fad9158"	"gdc_star_counts/TCGA_PRAD_primary/1e0a3771-f73d-403b-8ecb-00df6fad9158_73c2cb5d-3969-4ca0-a3f5-c983ace7cfec.rna_seq.augmented_star_gene_counts.tsv"	"complete"	"4232081"	"70b7a1ad40cd8ed0f7666a47996cec41"	"70b7a1ad40cd8ed0f7666a47996cec41"	"downloaded; official GDC MD5 verified"
"2026-09-14 07:46:09 UTC"	"TCGA_PRAD_primary"	"KLA31_11"	"cf997580-bbe9-45ab-8504-603c9e98498e"	"gdc_star_counts/TCGA_PRAD_primary/cf997580-bbe9-45ab-8504-603c9e98498e_57c2b58d-4d88-49aa-9245-0bbd1efcf190.rna_seq.augmented_star_gene_counts.tsv"	"complete"	"4226398"	"b407cb91c72d8c9a6cadd99702557773"	"b407cb91c72d8c9a6cadd99702557773"	"downloaded; official GDC MD5 verified"
"2026-09-14 07:46:17 UTC"	"TCGA_PRAD_primary"	"KLA31_11"	"e8c5e725-654f-43a0-b6b0-4f4c8d13f8c4"	"gdc_star_counts/TCGA_PRAD_primary/e8c5e725-654f-43a0-b6b0-4f4c8d13f8c4_addee8f0-f553-4d78-abb1-d3f50d52386a.rna_seq.augmented_star_gene_counts.tsv"	"complete"	"4223889"	"ed105b47d88dcc27f73aa9d3d1237a41"	"ed105b47d88dcc27f73aa9d3d1237a41"	"downloaded; official GDC MD5 verified"
"2026-09-14 07:46:27 UTC"	"TCGA_PRAD_primary"	"KLA31_11"	"447ee125-2322-47df-b160-c3ab45be023e"	"gdc_star_counts/TCGA_PRAD_primary/447ee125-2322-47df-b160-c3ab45be023e_9981297a-947f-44b0-bbb7-e16b7045c608.rna_seq.augmented_star_gene_counts.tsv"	"complete"	"4244681"	"468939afe3c9b9e29c138c0d510232e3"	"468939afe3c9b9e29c138c0d510232e3"	"downloaded; official GDC MD5 verified"
"2026-09-14 07:46:32 UTC"	"TCGA_PRAD_primary"	"KLA31_11"	"7f27aa88-e674-48a8-8dd5-7be344f41b0b"	"gdc_star_counts/TCGA_PRAD_primary/7f27aa88-e674-48a8-8dd5-7be344f41b0b_862a4346-19ba-4cfc-900c-52e050abed3c.rna_seq.augmented_star_gene_counts.tsv"	"complete"	"4240836"	"f6903599ff5df41945d600e202b23906"	"f6903599ff5df41945d600e202b23906"	"downloaded; official GDC MD5 verified"
"2026-09-14 07:46:40 UTC"	"TCGA_PRAD_primary"	"KLA31_11"	"51c49fce-1043-489b-ba16-ad585a1548dd"	"gdc_star_counts/TCGA_PRAD_primary/51c49fce-1043-489b-ba16-ad585a1548dd_bba48218-5554-4ffd-9b85-f7d1c761aabb.rna_seq.augmented_star_gene_counts.tsv"	"complete"	"4245559"	"87ebc14c691e44217b3172ee000b3134"	"87ebc14c691e44217b3172ee000b3134"	"downloaded; official GDC MD5 verified"
"2026-09-14 07:46:49 UTC"	"TCGA_PRAD_primary"	"KLA31_11"	"fb994047-cd50-4a23-bdd1-7a20a8ed8afe"	"gdc_star_counts/TCGA_PRAD_primary/fb994047-cd50-4a23-bdd1-7a20a8ed8afe_857d7f2e-14b5-4a4d-b1b6-e6cb12ed857f.rna_seq.augmented_star_gene_counts.tsv"	"complete"	"4244813"	"917e8227087e9a54377ef20dce579c36"	"917e8227087e9a54377ef20dce579c36"	"downloaded; official GDC MD5 verified"
"2026-09-14 07:46:58 UTC"	"TCGA_PRAD_primary"	"KLA31_11"	"ad91b502-e65b-406d-a04d-ca2fbaa09fd8"	"gdc_star_counts/TCGA_PRAD_primary/ad91b502-e65b-406d-a04d-ca2fbaa09fd8_33911047-6267-4f37-ad71-268b89354e99.rna_seq.augmented_star_gene_counts.tsv"	"complete"	"4216716"	"43901bdbe4004ceb29a323b85212e810"	"43901bdbe4004ceb29a323b85212e810"	"downloaded; official GDC MD5 verified"
"2026-09-14 07:47:03 UTC"	"TCGA_PRAD_primary"	"KLA31_11"	"ac56741a-daa1-409e-836d-631b99fe2d69"	"gdc_star_counts/TCGA_PRAD_primary/ac56741a-daa1-409e-836d-631b99fe2d69_f81292b4-23cb-4ea1-a83b-27e84a2cafd5.rna_seq.augmented_star_gene_counts.tsv"	"complete"	"4240178"	"97d46b3705234c7daf7a691f28c1cd3f"	"97d46b3705234c7daf7a691f28c1cd3f"	"downloaded; official GDC MD5 verified"
"2026-09-14 07:47:11 UTC"	"TCGA_PRAD_primary"	"KLA31_11"	"37fda842-c00d-4737-a56d-33ff47b21190"	"gdc_star_counts/TCGA_PRAD_primary/37fda842-c00d-4737-a56d-33ff47b21190_c1c5e2e8-cbab-42f4-849c-ce3c0a66a39f.rna_seq.augmented_star_gene_counts.tsv"	"complete"	"4231622"	"e45c7f0ac0ea7d6191b76f5718707fb4"	"e45c7f0ac0ea7d6191b76f5718707fb4"	"downloaded; official GDC MD5 verified"
"2026-09-14 07:47:20 UTC"	"TCGA_PRAD_primary"	"KLA31_11"	"61831e68-f9a1-461a-ba2c-0516dcf6c257"	"gdc_star_counts/TCGA_PRAD_primary/61831e68-f9a1-461a-ba2c-0516dcf6c257_c4e1b313-1f10-445d-ac48-38b291fb103c.rna_seq.augmented_star_gene_counts.tsv"	"complete"	"4239136"	"dad1950c16cc8b8ef737cc89f810966d"	"dad1950c16cc8b8ef737cc89f810966d"	"downloaded; official GDC MD5 verified"
"2026-09-14 07:47:28 UTC"	"TCGA_PRAD_primary"	"KLA31_11"	"51bc3805-928f-4330-902f-c47ec1633681"	"gdc_star_counts/TCGA_PRAD_primary/51bc3805-928f-4330-902f-c47ec1633681_1d16e029-779b-4380-be73-398934423e99.rna_seq.augmented_star_gene_counts.tsv"	"complete"	"4250042"	"43bad3597eb06c3b724defb458197ce4"	"43bad3597eb06c3b724defb458197ce4"	"downloaded; official GDC MD5 verified"
"2026-09-14 07:47:33 UTC"	"TCGA_PRAD_primary"	"KLA31_11"	"457ea661-5291-418b-abfb-c08ddefeeaff"	"gdc_star_counts/TCGA_PRAD_primary/457ea661-5291-418b-abfb-c08ddefeeaff_fa1f9327-df9a-499f-bc56-c49088417617.rna_seq.augmented_star_gene_counts.tsv"	"complete"	"4241664"	"d3f67926f18827cdb1b379fc2c2cc386"	"d3f67926f18827cdb1b379fc2c2cc386"	"downloaded; official GDC MD5 verified"
"2026-09-14 07:47:41 UTC"	"TCGA_PRAD_primary"	"KLA31_11"	"d9746836-99df-4745-8724-e3195bdf674b"	"gdc_star_counts/TCGA_PRAD_primary/d9746836-99df-4745-8724-e3195bdf674b_ec8e3c4b-80d3-4827-8fb7-3a34253c6063.rna_seq.augmented_star_gene_counts.tsv"	"complete"	"4244025"	"af4992e59f9bd6a11cdfa073b30b48e4"	"af4992e59f9bd6a11cdfa073b30b48e4"	"downloaded; official GDC MD5 verified"
"2026-09-14 07:47:50 UTC"	"TCGA_PRAD_primary"	"KLA31_11"	"5cc87d84-66e4-43f5-ba54-c492e82ee3b4"	"gdc_star_counts/TCGA_PRAD_primary/5cc87d84-66e4-43f5-ba54-c492e82ee3b4_8f839203-1593-4ab2-bcf6-627a252bdf0f.rna_seq.augmented_star_gene_counts.tsv"	"complete"	"4240759"	"eb922743aa3023855b147ee3994d6f6d"	"eb922743aa3023855b147ee3994d6f6d"	"downloaded; official GDC MD5 verified"
"2026-09-14 07:48:00 UTC"	"TCGA_PRAD_primary"	"KLA31_11"	"d5bc81a0-0cf3-4afc-956a-307546311be4"	"gdc_star_counts/TCGA_PRAD_primary/d5bc81a0-0cf3-4afc-956a-307546311be4_b1fed475-6216-47f5-8134-588245e9b56c.rna_seq.augmented_star_gene_counts.tsv"	"complete"	"4218019"	"858579fbe7ce8fb90fa2fb533a92c733"	"858579fbe7ce8fb90fa2fb533a92c733"	"downloaded; official GDC MD5 verified"
"2026-09-14 07:48:07 UTC"	"TCGA_PRAD_primary"	"KLA31_11"	"d341b396-dcbc-4d64-8776-8c5114f18657"	"gdc_star_counts/TCGA_PRAD_primary/d341b396-dcbc-4d64-8776-8c5114f18657_6dfcb1d6-1bc0-45bb-b330-63cefce9fdb1.rna_seq.augmented_star_gene_counts.tsv"	"complete"	"4223715"	"a8932c7687c59d685f364e9d027cbb8a"	"a8932c7687c59d685f364e9d027cbb8a"	"downloaded; official GDC MD5 verified"
"2026-09-14 07:48:15 UTC"	"TCGA_PRAD_primary"	"KLA31_11"	"2aac852a-1b8a-4d86-aa76-5032fa36d5ba"	"gdc_star_counts/TCGA_PRAD_primary/2aac852a-1b8a-4d86-aa76-5032fa36d5ba_dd93ce26-ccd5-4cfb-a9b3-a469dc53ed9e.rna_seq.augmented_star_gene_counts.tsv"	"complete"	"4249454"	"cef1a98e16bf8c82c2702b9b7c0ba086"	"cef1a98e16bf8c82c2702b9b7c0ba086"	"downloaded; official GDC MD5 verified"
"2026-09-14 07:48:26 UTC"	"TCGA_PRAD_primary"	"KLA31_11"	"08146401-044e-4e12-b952-235e35d0bb32"	"gdc_star_counts/TCGA_PRAD_primary/08146401-044e-4e12-b952-235e35d0bb32_fe1d216d-3ee4-410b-8ae6-8ce524ef4183.rna_seq.augmented_star_gene_counts.tsv"	"complete"	"4248506"	"dd0ddba27cb6353e7294e35df530a8b7"	"dd0ddba27cb6353e7294e35df530a8b7"	"downloaded; official GDC MD5 verified"
"2026-09-14 07:48:31 UTC"	"TCGA_PRAD_primary"	"KLA31_11"	"e7cd26ea-eb55-410c-a6f6-26124ce867bb"	"gdc_star_counts/TCGA_PRAD_primary/e7cd26ea-eb55-410c-a6f6-26124ce867bb_e9f8c14b-7d86-4a68-aa19-10588c2c6b1e.rna_seq.augmented_star_gene_counts.tsv"	"complete"	"4241105"	"06294576c06468c7ed3b973d887e5050"	"06294576c06468c7ed3b973d887e5050"	"downloaded; official GDC MD5 verified"
"2026-09-14 07:48:38 UTC"	"TCGA_PRAD_primary"	"KLA31_11"	"f239c7a5-b587-4a6f-8c17-d30825ce88c5"	"gdc_star_counts/TCGA_PRAD_primary/f239c7a5-b587-4a6f-8c17-d30825ce88c5_b9dee2b7-8edb-40fd-807f-c502f20b7c75.rna_seq.augmented_star_gene_counts.tsv"	"complete"	"4244383"	"67bfe5cb0aedce5ec02327da65637fdc"	"67bfe5cb0aedce5ec02327da65637fdc"	"downloaded; official GDC MD5 verified"
"2026-09-14 07:48:46 UTC"	"TCGA_PRAD_primary"	"KLA31_11"	"65e9e688-cc41-4500-a55d-33cf5840ccb8"	"gdc_star_counts/TCGA_PRAD_primary/65e9e688-cc41-4500-a55d-33cf5840ccb8_3e1c7650-c9e6-413a-b32c-432346aea5c6.rna_seq.augmented_star_gene_counts.tsv"	"complete"	"4249444"	"1ae9e8ca41b36eec37b4accdd96e2270"	"1ae9e8ca41b36eec37b4accdd96e2270"	"downloaded; official GDC MD5 verified"
"2026-09-14 07:48:56 UTC"	"TCGA_PRAD_primary"	"KLA31_11"	"5f225645-97c6-440c-9527-6e2214b3b97f"	"gdc_star_counts/TCGA_PRAD_primary/5f225645-97c6-440c-9527-6e2214b3b97f_ec1f502a-2879-4f36-aa4b-0535efa7d4ac.rna_seq.augmented_star_gene_counts.tsv"	"complete"	"4256415"	"a70426bda7f4b4e8a8013908e43ecad7"	"a70426bda7f4b4e8a8013908e43ecad7"	"downloaded; official GDC MD5 verified"
"2026-09-14 07:49:01 UTC"	"TCGA_PRAD_primary"	"KLA31_11"	"08aeaf89-9824-4064-8689-edc267d6d09b"	"gdc_star_counts/TCGA_PRAD_primary/08aeaf89-9824-4064-8689-edc267d6d09b_7e6e77ec-acdb-4498-b556-486ff71efa63.rna_seq.augmented_star_gene_counts.tsv"	"complete"	"4245687"	"b5d8fb43368c3e4ed44b8245b0d8cf3d"	"b5d8fb43368c3e4ed44b8245b0d8cf3d"	"downloaded; official GDC MD5 verified"
"2026-09-14 07:49:08 UTC"	"TCGA_PRAD_primary"	"KLA31_11"	"771b3038-9f72-4876-b2c5-0c7f997ddef9"	"gdc_star_counts/TCGA_PRAD_primary/771b3038-9f72-4876-b2c5-0c7f997ddef9_e05c3af4-4498-40f9-a9e1-4b1a2d294c4a.rna_seq.augmented_star_gene_counts.tsv"	"complete"	"4239985"	"8a7a77cd5af377b3dfdb76f2ccc82582"	"8a7a77cd5af377b3dfdb76f2ccc82582"	"downloaded; official GDC MD5 verified"
"2026-09-14 07:49:17 UTC"	"TCGA_PRAD_primary"	"KLA31_11"	"75f59037-6d20-47f5-8cc2-3c02b20bafb3"	"gdc_star_counts/TCGA_PRAD_primary/75f59037-6d20-47f5-8cc2-3c02b20bafb3_4b4203b9-f7c4-4013-9c0b-f84ad13e5fe2.rna_seq.augmented_star_gene_counts.tsv"	"complete"	"4256829"	"d561950e05d3c6b8dd1629d794669170"	"d561950e05d3c6b8dd1629d794669170"	"downloaded; official GDC MD5 verified"
"2026-09-14 07:49:27 UTC"	"TCGA_PRAD_primary"	"KLA31_11"	"a8eb15ad-97a1-4a24-9442-cb0f00511da4"	"gdc_star_counts/TCGA_PRAD_primary/a8eb15ad-97a1-4a24-9442-cb0f00511da4_178684cd-3853-428f-9dc7-f14c04bec277.rna_seq.augmented_star_gene_counts.tsv"	"complete"	"4230485"	"beee95a35994807dd4e5e218f534ed1a"	"beee95a35994807dd4e5e218f534ed1a"	"downloaded; official GDC MD5 verified"
"2026-09-14 07:49:32 UTC"	"TCGA_PRAD_primary"	"KLA31_11"	"5cb083a8-6c2c-447e-8842-57823c5d5529"	"gdc_star_counts/TCGA_PRAD_primary/5cb083a8-6c2c-447e-8842-57823c5d5529_15b903cc-587c-4e85-96d7-c699e525601d.rna_seq.augmented_star_gene_counts.tsv"	"complete"	"4250285"	"bc3330d6596a3aabd3a4a058e107934d"	"bc3330d6596a3aabd3a4a058e107934d"	"downloaded; official GDC MD5 verified"
"2026-09-14 07:49:40 UTC"	"TCGA_PRAD_primary"	"KLA31_11"	"9bf86a4d-8990-408f-b723-a51571f3ec3a"	"gdc_star_counts/TCGA_PRAD_primary/9bf86a4d-8990-408f-b723-a51571f3ec3a_5316c66f-3cc5-4273-bc01-7825ac5bcb87.rna_seq.augmented_star_gene_counts.tsv"	"complete"	"4226264"	"a582b72be56f954b13f83a641d089b6a"	"a582b72be56f954b13f83a641d089b6a"	"downloaded; official GDC MD5 verified"
"2026-09-14 07:49:49 UTC"	"TCGA_PRAD_primary"	"KLA31_11"	"f38de646-b8dc-42f4-bc45-8d1e1f3bd8c0"	"gdc_star_counts/TCGA_PRAD_primary/f38de646-b8dc-42f4-bc45-8d1e1f3bd8c0_c975102b-fef9-4971-863d-3039163f2200.rna_seq.augmented_star_gene_counts.tsv"	"complete"	"4232218"	"4d07aecac9fb6608fc2f2c007d912f40"	"4d07aecac9fb6608fc2f2c007d912f40"	"downloaded; official GDC MD5 verified"
"2026-09-14 07:49:58 UTC"	"TCGA_PRAD_primary"	"KLA31_11"	"dee38ede-3869-4ee0-b01a-ea823d8fe3ea"	"gdc_star_counts/TCGA_PRAD_primary/dee38ede-3869-4ee0-b01a-ea823d8fe3ea_c26ce529-e064-4389-9d64-36d9f6046971.rna_seq.augmented_star_gene_counts.tsv"	"complete"	"4250758"	"1bfcbfa4718607599e1a4cf88c6bc9b6"	"1bfcbfa4718607599e1a4cf88c6bc9b6"	"downloaded; official GDC MD5 verified"
"2026-09-14 07:50:03 UTC"	"TCGA_PRAD_primary"	"KLA31_11"	"3afad7ec-1243-43ef-925e-165302b4693e"	"gdc_star_counts/TCGA_PRAD_primary/3afad7ec-1243-43ef-925e-165302b4693e_caf6340c-8a9e-4814-b78e-c0b539e6b43e.rna_seq.augmented_star_gene_counts.tsv"	"complete"	"4257123"	"f9c64201aa8466ebd002eb5e86be58f3"	"f9c64201aa8466ebd002eb5e86be58f3"	"downloaded; official GDC MD5 verified"
"2026-09-14 07:50:11 UTC"	"TCGA_PRAD_primary"	"KLA31_11"	"826760c9-32a8-42a9-9acf-3e9892ff40e8"	"gdc_star_counts/TCGA_PRAD_primary/826760c9-32a8-42a9-9acf-3e9892ff40e8_cde07d1c-3510-4bcf-bd6f-8905077d43f9.rna_seq.augmented_star_gene_counts.tsv"	"complete"	"4234295"	"ca28e8f17a198094688f2d72331b5c1d"	"ca28e8f17a198094688f2d72331b5c1d"	"downloaded; official GDC MD5 verified"
"2026-09-14 07:50:20 UTC"	"TCGA_PRAD_primary"	"KLA31_11"	"49b02ef4-9abe-4926-8b5a-c8ab09653aa8"	"gdc_star_counts/TCGA_PRAD_primary/49b02ef4-9abe-4926-8b5a-c8ab09653aa8_ff571cd5-34cd-4722-bc55-7ac5e3b4d97b.rna_seq.augmented_star_gene_counts.tsv"	"complete"	"4209769"	"c47418282e08325e4af7d92cf7b85e0f"	"c47418282e08325e4af7d92cf7b85e0f"	"downloaded; official GDC MD5 verified"
"2026-09-14 07:50:28 UTC"	"TCGA_PRAD_primary"	"KLA31_11"	"0ce8b8c9-2829-4c5f-ae01-a1951a75cad2"	"gdc_star_counts/TCGA_PRAD_primary/0ce8b8c9-2829-4c5f-ae01-a1951a75cad2_add60971-6d97-40d2-8464-642a8116f647.rna_seq.augmented_star_gene_counts.tsv"	"complete"	"4231838"	"ef410624388e3f2cad1bb3ec3bb187d6"	"ef410624388e3f2cad1bb3ec3bb187d6"	"downloaded; official GDC MD5 verified"
"2026-09-14 07:50:37 UTC"	"TCGA_PRAD_primary"	"KLA31_11"	"e0e3f5f9-7b6e-4a07-aa93-b074c4d01949"	"gdc_star_counts/TCGA_PRAD_primary/e0e3f5f9-7b6e-4a07-aa93-b074c4d01949_21d84ad5-bb58-4bb0-a959-827fc48322bb.rna_seq.augmented_star_gene_counts.tsv"	"complete"	"4209769"	"5860603d2befe8fb39eb0964c3b3b091"	"5860603d2befe8fb39eb0964c3b3b091"	"downloaded; official GDC MD5 verified"
"2026-09-14 07:50:46 UTC"	"TCGA_PRAD_primary"	"KLA31_11"	"696de53b-a924-4fd7-b9f2-7dfa2aab0fd9"	"gdc_star_counts/TCGA_PRAD_primary/696de53b-a924-4fd7-b9f2-7dfa2aab0fd9_90e537bb-01c6-4600-91cd-5b55770e5308.rna_seq.augmented_star_gene_counts.tsv"	"complete"	"4236753"	"ee67e690c224ad656a3e04bfc070ebc1"	"ee67e690c224ad656a3e04bfc070ebc1"	"downloaded; official GDC MD5 verified"
"2026-09-14 07:50:56 UTC"	"TCGA_PRAD_primary"	"KLA31_11"	"074cb88b-0948-433f-b2ad-bd9387b1038b"	"gdc_star_counts/TCGA_PRAD_primary/074cb88b-0948-433f-b2ad-bd9387b1038b_14eb0098-a9cc-4530-a107-f4c5e0240dac.rna_seq.augmented_star_gene_counts.tsv"	"complete"	"4231281"	"0980ac4aa0897540ba1e45e269beeb80"	"0980ac4aa0897540ba1e45e269beeb80"	"downloaded; official GDC MD5 verified"
"2026-09-14 07:51:02 UTC"	"TCGA_PRAD_primary"	"KLA31_11"	"f5ef7ef2-63b9-400e-a15c-b912e23bfa47"	"gdc_star_counts/TCGA_PRAD_primary/f5ef7ef2-63b9-400e-a15c-b912e23bfa47_b2304483-c3d9-48be-98c1-d5d441531462.rna_seq.augmented_star_gene_counts.tsv"	"complete"	"4231688"	"a65f411195327a60305eb32bef38ec30"	"a65f411195327a60305eb32bef38ec30"	"downloaded; official GDC MD5 verified"
"2026-09-14 07:51:09 UTC"	"TCGA_PRAD_primary"	"KLA31_11"	"81dbe674-52b1-4c88-ac98-f235ea631797"	"gdc_star_counts/TCGA_PRAD_primary/81dbe674-52b1-4c88-ac98-f235ea631797_cd27b963-ad0f-4932-b41b-599dfd4b4194.rna_seq.augmented_star_gene_counts.tsv"	"complete"	"4249112"	"f9fdccbca3b8db81f95fef70681e763c"	"f9fdccbca3b8db81f95fef70681e763c"	"downloaded; official GDC MD5 verified"
"2026-09-14 07:51:18 UTC"	"TCGA_PRAD_primary"	"KLA31_11"	"6abf9ba6-8e10-4bbe-9808-75681890f9c0"	"gdc_star_counts/TCGA_PRAD_primary/6abf9ba6-8e10-4bbe-9808-75681890f9c0_bd7bbe8d-d5af-41c4-8328-59caced3a085.rna_seq.augmented_star_gene_counts.tsv"	"complete"	"4236313"	"6291b6e7c1765e07e8cf71a70acc75ea"	"6291b6e7c1765e07e8cf71a70acc75ea"	"downloaded; official GDC MD5 verified"
"2026-09-14 07:51:27 UTC"	"TCGA_PRAD_primary"	"KLA31_11"	"17b9171a-bd88-4000-8ed7-feccae4fb26a"	"gdc_star_counts/TCGA_PRAD_primary/17b9171a-bd88-4000-8ed7-feccae4fb26a_3312f92e-ca79-42b3-8430-918d5f5ae528.rna_seq.augmented_star_gene_counts.tsv"	"complete"	"4235980"	"7f3a9ed1d764a42501626bdcf5ac368d"	"7f3a9ed1d764a42501626bdcf5ac368d"	"downloaded; official GDC MD5 verified"
"2026-09-14 07:51:32 UTC"	"TCGA_PRAD_primary"	"KLA31_11"	"b4af458a-892e-4b38-9bdc-f07ea7315b0d"	"gdc_star_counts/TCGA_PRAD_primary/b4af458a-892e-4b38-9bdc-f07ea7315b0d_61be2d5c-b2e8-4a5e-b5bc-a0c5d6960b0d.rna_seq.augmented_star_gene_counts.tsv"	"complete"	"4219167"	"1da8851bfe12d2c557a4c9d2d7c1da36"	"1da8851bfe12d2c557a4c9d2d7c1da36"	"downloaded; official GDC MD5 verified"
"2026-09-14 07:51:39 UTC"	"TCGA_PRAD_primary"	"KLA31_11"	"6dfc19b4-4851-4ef1-89ad-4e4197ea8274"	"gdc_star_counts/TCGA_PRAD_primary/6dfc19b4-4851-4ef1-89ad-4e4197ea8274_55b84289-acf0-4385-8b69-e5bd597130ae.rna_seq.augmented_star_gene_counts.tsv"	"complete"	"4249329"	"a1e0905e9b382d3357739dad4714c53c"	"a1e0905e9b382d3357739dad4714c53c"	"downloaded; official GDC MD5 verified"
"2026-09-14 07:51:53 UTC"	"TCGA_PRAD_primary"	"KLA31_11"	"3a00605d-16cc-4bbe-b0e7-645b9db7e9ca"	"gdc_star_counts/TCGA_PRAD_primary/3a00605d-16cc-4bbe-b0e7-645b9db7e9ca_77599d7a-d21b-40c9-94cf-7000b521db1a.rna_seq.augmented_star_gene_counts.tsv"	"complete"	"4227039"	"aff69906a1f85f353f8b21e0b3d29ae5"	"aff69906a1f85f353f8b21e0b3d29ae5"	"downloaded; official GDC MD5 verified"
"2026-09-14 07:52:00 UTC"	"TCGA_PRAD_primary"	"KLA31_11"	"2da76078-a055-453d-86c8-97d43764a3e3"	"gdc_star_counts/TCGA_PRAD_primary/2da76078-a055-453d-86c8-97d43764a3e3_287581a1-60ad-4831-aedc-153277b3ebce.rna_seq.augmented_star_gene_counts.tsv"	"complete"	"4240149"	"a51ead0b3d44c964fd4eff27b0fd4ff0"	"a51ead0b3d44c964fd4eff27b0fd4ff0"	"downloaded; official GDC MD5 verified"
"2026-09-14 07:52:07 UTC"	"TCGA_PRAD_primary"	"KLA31_11"	"a1c5a889-097e-4a8b-a381-b0ef3c785bc6"	"gdc_star_counts/TCGA_PRAD_primary/a1c5a889-097e-4a8b-a381-b0ef3c785bc6_4f973a84-c69b-493b-964d-96a985e433af.rna_seq.augmented_star_gene_counts.tsv"	"complete"	"4226075"	"a0713b81c962cc8562ee34b392679293"	"a0713b81c962cc8562ee34b392679293"	"downloaded; official GDC MD5 verified"
"2026-09-14 07:52:15 UTC"	"TCGA_PRAD_primary"	"KLA31_11"	"6ae1d829-cafe-4d59-af57-177aed0c76c9"	"gdc_star_counts/TCGA_PRAD_primary/6ae1d829-cafe-4d59-af57-177aed0c76c9_2e4e7e0c-b732-414d-90bc-347cc76a372d.rna_seq.augmented_star_gene_counts.tsv"	"complete"	"4241828"	"8edc53175cd06f7441ffe08dd42605f6"	"8edc53175cd06f7441ffe08dd42605f6"	"downloaded; official GDC MD5 verified"
"2026-09-14 07:52:25 UTC"	"TCGA_PRAD_primary"	"KLA31_11"	"498a4e5b-49dc-4340-87fc-0d0aad92db4b"	"gdc_star_counts/TCGA_PRAD_primary/498a4e5b-49dc-4340-87fc-0d0aad92db4b_9b40159c-36fb-460b-b944-6eb2fe8a39a7.rna_seq.augmented_star_gene_counts.tsv"	"complete"	"4240858"	"a3d69c97fb0d72b9f201b7a58d30644d"	"a3d69c97fb0d72b9f201b7a58d30644d"	"downloaded; official GDC MD5 verified"
"2026-09-14 07:52:31 UTC"	"TCGA_PRAD_primary"	"KLA31_11"	"6b8217fe-b765-4a80-9d3c-8922ffb9e08b"	"gdc_star_counts/TCGA_PRAD_primary/6b8217fe-b765-4a80-9d3c-8922ffb9e08b_b3377c8f-5bfc-4cd4-abca-65b0de21810e.rna_seq.augmented_star_gene_counts.tsv"	"complete"	"4243636"	"c209858d9ea7d3f7e814ee6927f456b9"	"c209858d9ea7d3f7e814ee6927f456b9"	"downloaded; official GDC MD5 verified"
"2026-09-14 07:52:38 UTC"	"TCGA_PRAD_primary"	"KLA31_11"	"ae9c288e-2b38-4deb-9e58-d27aa94b32f2"	"gdc_star_counts/TCGA_PRAD_primary/ae9c288e-2b38-4deb-9e58-d27aa94b32f2_9e066bc0-98a5-4213-8859-498d87884237.rna_seq.augmented_star_gene_counts.tsv"	"complete"	"4235671"	"0635ed702854402a91b9056654284599"	"0635ed702854402a91b9056654284599"	"downloaded; official GDC MD5 verified"
"2026-09-14 07:52:46 UTC"	"TCGA_PRAD_primary"	"KLA31_11"	"51155a1f-fd67-46a1-a51f-e89fe4d874c4"	"gdc_star_counts/TCGA_PRAD_primary/51155a1f-fd67-46a1-a51f-e89fe4d874c4_906cf4d0-5a50-429b-b59f-1f5bddb46383.rna_seq.augmented_star_gene_counts.tsv"	"complete"	"4260259"	"bc60ee2add53d209096818d6bfa7f5ad"	"bc60ee2add53d209096818d6bfa7f5ad"	"downloaded; official GDC MD5 verified"
"2026-09-14 07:52:56 UTC"	"TCGA_PRAD_primary"	"KLA31_11"	"9f116f99-c2f6-4c02-a28e-9871d693fe55"	"gdc_star_counts/TCGA_PRAD_primary/9f116f99-c2f6-4c02-a28e-9871d693fe55_23c50b39-0b88-4ad3-800b-8d388edb76b6.rna_seq.augmented_star_gene_counts.tsv"	"complete"	"4233143"	"f94f43f9a75cc740d943287c4e6fa387"	"f94f43f9a75cc740d943287c4e6fa387"	"downloaded; official GDC MD5 verified"
"2026-09-14 07:53:02 UTC"	"TCGA_PRAD_primary"	"KLA31_11"	"2edea5c2-b0a5-4b55-ad66-ebb0c36fca9d"	"gdc_star_counts/TCGA_PRAD_primary/2edea5c2-b0a5-4b55-ad66-ebb0c36fca9d_b7384116-b551-4af6-8e0b-032b55a53897.rna_seq.augmented_star_gene_counts.tsv"	"complete"	"4217474"	"6ae6111610b1b578409aea4184410f0a"	"6ae6111610b1b578409aea4184410f0a"	"downloaded; official GDC MD5 verified"
"2026-09-14 07:53:09 UTC"	"TCGA_PRAD_primary"	"KLA31_11"	"58941211-74cc-4067-9a6e-ae55a0c83619"	"gdc_star_counts/TCGA_PRAD_primary/58941211-74cc-4067-9a6e-ae55a0c83619_57ac89a6-7584-42cb-8b92-f23cc2e0d81d.rna_seq.augmented_star_gene_counts.tsv"	"complete"	"4233063"	"0b3dc4e1b2f3da2bcfffe1003f9eeadf"	"0b3dc4e1b2f3da2bcfffe1003f9eeadf"	"downloaded; official GDC MD5 verified"
"2026-09-14 07:53:17 UTC"	"TCGA_PRAD_primary"	"KLA31_11"	"5e56857f-ebe8-4e65-8969-771c7bdac143"	"gdc_star_counts/TCGA_PRAD_primary/5e56857f-ebe8-4e65-8969-771c7bdac143_143942e6-b66a-4103-ba3c-309f01ccabbe.rna_seq.augmented_star_gene_counts.tsv"	"complete"	"4230917"	"184454bd223f2b589207080186ed0f6c"	"184454bd223f2b589207080186ed0f6c"	"downloaded; official GDC MD5 verified"
"2026-09-14 07:53:27 UTC"	"TCGA_PRAD_primary"	"KLA31_11"	"b4d363ad-4baa-467b-a263-95607909bc8d"	"gdc_star_counts/TCGA_PRAD_primary/b4d363ad-4baa-467b-a263-95607909bc8d_b24a1a07-9867-48b2-bdf0-d0a41171f867.rna_seq.augmented_star_gene_counts.tsv"	"complete"	"4243554"	"94ec5a374905d645ff590c0c8152bd92"	"94ec5a374905d645ff590c0c8152bd92"	"downloaded; official GDC MD5 verified"
"2026-09-14 07:53:32 UTC"	"TCGA_PRAD_primary"	"KLA31_11"	"bd41e0c4-f2f5-4702-b05e-f56387a643ea"	"gdc_star_counts/TCGA_PRAD_primary/bd41e0c4-f2f5-4702-b05e-f56387a643ea_94e25da6-afbe-45c8-a297-e73f023d242b.rna_seq.augmented_star_gene_counts.tsv"	"complete"	"4229117"	"f8895be09037c0497cd298e67c1c77f0"	"f8895be09037c0497cd298e67c1c77f0"	"downloaded; official GDC MD5 verified"
"2026-09-14 07:53:40 UTC"	"TCGA_PRAD_primary"	"KLA31_11"	"3282555f-203c-4690-9dc8-d78aa6859782"	"gdc_star_counts/TCGA_PRAD_primary/3282555f-203c-4690-9dc8-d78aa6859782_dd80ed79-1dda-4fb7-adc9-27a255bb2dad.rna_seq.augmented_star_gene_counts.tsv"	"complete"	"4250517"	"9912f70e7e3adff322fcc08c639d2ff9"	"9912f70e7e3adff322fcc08c639d2ff9"	"downloaded; official GDC MD5 verified"
"2026-09-14 07:53:49 UTC"	"TCGA_PRAD_primary"	"KLA31_11"	"cc7216dc-6b4a-4e8e-a69e-fa32c570c3a3"	"gdc_star_counts/TCGA_PRAD_primary/cc7216dc-6b4a-4e8e-a69e-fa32c570c3a3_b0f2bbbe-cd97-4d6b-ba03-b7a90e189ffb.rna_seq.augmented_star_gene_counts.tsv"	"complete"	"4237052"	"83f54cfe127a4da379a984b197796894"	"83f54cfe127a4da379a984b197796894"	"downloaded; official GDC MD5 verified"
"2026-09-14 07:53:57 UTC"	"TCGA_PRAD_primary"	"KLA31_11"	"4fe63042-da6d-4212-9fe5-3da1e4ed59e7"	"gdc_star_counts/TCGA_PRAD_primary/4fe63042-da6d-4212-9fe5-3da1e4ed59e7_c05a9c64-9835-4d4b-9c49-0910f48ea2f0.rna_seq.augmented_star_gene_counts.tsv"	"complete"	"4245921"	"ce52a8d669338393ab49559446280b6b"	"ce52a8d669338393ab49559446280b6b"	"downloaded; official GDC MD5 verified"
"2026-09-14 07:54:03 UTC"	"TCGA_PRAD_primary"	"KLA31_11"	"7269ef3c-5780-4c16-a665-5a6230d664d2"	"gdc_star_counts/TCGA_PRAD_primary/7269ef3c-5780-4c16-a665-5a6230d664d2_82df1c63-65a3-4a28-9847-48333dc9d8d7.rna_seq.augmented_star_gene_counts.tsv"	"complete"	"4208925"	"e7ece8f90c63c0fbea914fc41ea2fd23"	"e7ece8f90c63c0fbea914fc41ea2fd23"	"downloaded; official GDC MD5 verified"
"2026-09-14 07:54:11 UTC"	"TCGA_PRAD_primary"	"KLA31_11"	"533be652-57e3-4974-9f77-2a9b20d0cc31"	"gdc_star_counts/TCGA_PRAD_primary/533be652-57e3-4974-9f77-2a9b20d0cc31_06b62257-7bdf-4218-8d43-49d80f591364.rna_seq.augmented_star_gene_counts.tsv"	"complete"	"4256185"	"94bba393658c68697ce7d4ceec1f9cae"	"94bba393658c68697ce7d4ceec1f9cae"	"downloaded; official GDC MD5 verified"
"2026-09-14 07:54:20 UTC"	"TCGA_PRAD_primary"	"KLA31_11"	"3c068b3c-6de7-4be1-9fcf-3aaebf260652"	"gdc_star_counts/TCGA_PRAD_primary/3c068b3c-6de7-4be1-9fcf-3aaebf260652_0b9f0386-8654-4cfc-85af-da5eb0dbbcd0.rna_seq.augmented_star_gene_counts.tsv"	"complete"	"4242750"	"197951a05c63cad3fa0251f6dc7198b8"	"197951a05c63cad3fa0251f6dc7198b8"	"downloaded; official GDC MD5 verified"
"2026-09-14 07:54:28 UTC"	"TCGA_PRAD_primary"	"KLA31_11"	"0a7fb2b5-24c0-4eab-bedc-ba84d3c8395e"	"gdc_star_counts/TCGA_PRAD_primary/0a7fb2b5-24c0-4eab-bedc-ba84d3c8395e_3063073a-b4df-4017-b15a-bad1c22d3a41.rna_seq.augmented_star_gene_counts.tsv"	"complete"	"4222782"	"3962abd33f38bafe24999a8d8d62ae47"	"3962abd33f38bafe24999a8d8d62ae47"	"downloaded; official GDC MD5 verified"
"2026-09-14 07:54:34 UTC"	"TCGA_PRAD_primary"	"KLA31_11"	"5650e3a4-20cc-4b2f-bcc9-d3f3758e5fb1"	"gdc_star_counts/TCGA_PRAD_primary/5650e3a4-20cc-4b2f-bcc9-d3f3758e5fb1_cb7e1044-9796-497d-8f96-7ca249fbc62e.rna_seq.augmented_star_gene_counts.tsv"	"complete"	"4230842"	"57c993b80361c5cb585705f0617c3dd7"	"57c993b80361c5cb585705f0617c3dd7"	"downloaded; official GDC MD5 verified"
"2026-09-14 07:54:41 UTC"	"TCGA_PRAD_primary"	"KLA31_11"	"86ddb3b5-ecc1-41a0-9719-4a6ffef6624d"	"gdc_star_counts/TCGA_PRAD_primary/86ddb3b5-ecc1-41a0-9719-4a6ffef6624d_0879b7ae-a997-4b0e-aacd-a56a02fe41d2.rna_seq.augmented_star_gene_counts.tsv"	"complete"	"4240352"	"e2e7a370379b7c95bb6c97ed94412932"	"e2e7a370379b7c95bb6c97ed94412932"	"downloaded; official GDC MD5 verified"
"2026-09-14 07:54:50 UTC"	"TCGA_PRAD_primary"	"KLA31_11"	"bac6a749-6cee-453f-8b4a-da6838108540"	"gdc_star_counts/TCGA_PRAD_primary/bac6a749-6cee-453f-8b4a-da6838108540_7c698459-3673-4c56-862a-7ff7f99914b9.rna_seq.augmented_star_gene_counts.tsv"	"complete"	"4248337"	"a682b2c720a3f0f0e596bc732025b06a"	"a682b2c720a3f0f0e596bc732025b06a"	"downloaded; official GDC MD5 verified"
"2026-09-14 07:54:58 UTC"	"TCGA_PRAD_primary"	"KLA31_11"	"86c770c7-028d-40fd-85f9-5b7b7821f384"	"gdc_star_counts/TCGA_PRAD_primary/86c770c7-028d-40fd-85f9-5b7b7821f384_6dffd8c9-848b-46ff-b72a-e30658982fdc.rna_seq.augmented_star_gene_counts.tsv"	"complete"	"4257216"	"567326ce62a3f20b6c80572f5bf071b6"	"567326ce62a3f20b6c80572f5bf071b6"	"downloaded; official GDC MD5 verified"
"2026-09-14 07:55:04 UTC"	"TCGA_PRAD_primary"	"KLA31_11"	"2ba243f8-3c22-4f42-9dff-4f4f568453bb"	"gdc_star_counts/TCGA_PRAD_primary/2ba243f8-3c22-4f42-9dff-4f4f568453bb_cf7f2ba0-bd76-4ccc-9e2c-e944adad3ca6.rna_seq.augmented_star_gene_counts.tsv"	"complete"	"4245739"	"26746cf87eb9e1e952df1c7f526b60e0"	"26746cf87eb9e1e952df1c7f526b60e0"	"downloaded; official GDC MD5 verified"
"2026-09-14 07:55:12 UTC"	"TCGA_PRAD_primary"	"KLA31_11"	"5b86bbf6-cead-4885-bd1d-cb008f9ca436"	"gdc_star_counts/TCGA_PRAD_primary/5b86bbf6-cead-4885-bd1d-cb008f9ca436_052ed70e-6cde-4206-8c50-d338e68a5b23.rna_seq.augmented_star_gene_counts.tsv"	"complete"	"4237473"	"8ad48ea92f828b109b477f930266b75b"	"8ad48ea92f828b109b477f930266b75b"	"downloaded; official GDC MD5 verified"
"2026-09-14 07:55:20 UTC"	"TCGA_PRAD_primary"	"KLA31_11"	"5d51148f-d418-43c0-ab88-61839a6f4f55"	"gdc_star_counts/TCGA_PRAD_primary/5d51148f-d418-43c0-ab88-61839a6f4f55_69696d6d-70fa-430d-982b-8be9fc0f720b.rna_seq.augmented_star_gene_counts.tsv"	"complete"	"4239746"	"18672441085a3480369ab9a4569bc363"	"18672441085a3480369ab9a4569bc363"	"downloaded; official GDC MD5 verified"
"2026-09-14 07:55:29 UTC"	"TCGA_PRAD_primary"	"KLA31_11"	"3046b96b-43d4-441d-acdb-f7e951d43674"	"gdc_star_counts/TCGA_PRAD_primary/3046b96b-43d4-441d-acdb-f7e951d43674_67902c46-e16a-427f-9d54-65fa6fccef44.rna_seq.augmented_star_gene_counts.tsv"	"complete"	"4256234"	"74c453f6b50d6a843f2890e38de2287f"	"74c453f6b50d6a843f2890e38de2287f"	"downloaded; official GDC MD5 verified"
"2026-09-14 07:55:34 UTC"	"TCGA_PRAD_primary"	"KLA31_11"	"d3c51d7c-6908-4971-a3fc-ea443c8542c6"	"gdc_star_counts/TCGA_PRAD_primary/d3c51d7c-6908-4971-a3fc-ea443c8542c6_13be5783-2087-4bf6-83dc-a8516d931616.rna_seq.augmented_star_gene_counts.tsv"	"complete"	"4240505"	"8380d28e592f599004574fa9871738cc"	"8380d28e592f599004574fa9871738cc"	"downloaded; official GDC MD5 verified"
"2026-09-14 07:55:43 UTC"	"TCGA_PRAD_primary"	"KLA31_11"	"ac66365d-531f-4e36-8ceb-63da59bef304"	"gdc_star_counts/TCGA_PRAD_primary/ac66365d-531f-4e36-8ceb-63da59bef304_4dfdbbfc-cebd-4354-b04f-898f37bf38ac.rna_seq.augmented_star_gene_counts.tsv"	"complete"	"4227754"	"ad7188d872db1a4e65df1ede11adcf6f"	"ad7188d872db1a4e65df1ede11adcf6f"	"downloaded; official GDC MD5 verified"
"2026-09-14 07:55:52 UTC"	"TCGA_PRAD_primary"	"KLA31_11"	"dba10e27-3793-4de2-800c-008ad0a567bf"	"gdc_star_counts/TCGA_PRAD_primary/dba10e27-3793-4de2-800c-008ad0a567bf_6ae6442d-6817-45c1-9ab0-f2195449bd48.rna_seq.augmented_star_gene_counts.tsv"	"complete"	"4216539"	"c6639a436cb37fbbda8e0dfaf3057f5b"	"c6639a436cb37fbbda8e0dfaf3057f5b"	"downloaded; official GDC MD5 verified"
"2026-09-14 07:55:59 UTC"	"TCGA_PRAD_primary"	"KLA31_11"	"f6cef06d-d2cc-4fbf-8e04-15c6429eca86"	"gdc_star_counts/TCGA_PRAD_primary/f6cef06d-d2cc-4fbf-8e04-15c6429eca86_d2be5ecf-c2fc-4a75-8fd9-e4444becb4ee.rna_seq.augmented_star_gene_counts.tsv"	"complete"	"4237129"	"22ad7b0afb316b01b9097a7ba3617291"	"22ad7b0afb316b01b9097a7ba3617291"	"downloaded; official GDC MD5 verified"
"2026-09-14 07:56:05 UTC"	"TCGA_PRAD_primary"	"KLA31_11"	"7b5b106c-5804-4e0b-90a0-b7010db10346"	"gdc_star_counts/TCGA_PRAD_primary/7b5b106c-5804-4e0b-90a0-b7010db10346_a96e0653-9649-4979-8906-2cd42ac9a640.rna_seq.augmented_star_gene_counts.tsv"	"complete"	"4234825"	"a6215a4b8f111e0755dfd6b954673bc8"	"a6215a4b8f111e0755dfd6b954673bc8"	"downloaded; official GDC MD5 verified"
"2026-09-14 07:56:14 UTC"	"TCGA_PRAD_primary"	"KLA31_11"	"05555a43-e14b-493c-919f-085d28597798"	"gdc_star_counts/TCGA_PRAD_primary/05555a43-e14b-493c-919f-085d28597798_d89e0892-85e8-411b-82a6-615a91aa840c.rna_seq.augmented_star_gene_counts.tsv"	"complete"	"4238197"	"dded2cc68c451b21b75218d9fcff6ae0"	"dded2cc68c451b21b75218d9fcff6ae0"	"downloaded; official GDC MD5 verified"
"2026-09-14 07:56:23 UTC"	"TCGA_PRAD_primary"	"KLA31_11"	"1f12acd4-1569-431c-b7b2-448638086ca4"	"gdc_star_counts/TCGA_PRAD_primary/1f12acd4-1569-431c-b7b2-448638086ca4_1a4bad69-1437-42c2-996e-8afa606cb40b.rna_seq.augmented_star_gene_counts.tsv"	"complete"	"4230265"	"42d584493f62eda9b3b10f6f886f33e2"	"42d584493f62eda9b3b10f6f886f33e2"	"downloaded; official GDC MD5 verified"
"2026-09-14 07:56:29 UTC"	"TCGA_PRAD_primary"	"KLA31_11"	"b1e5ac31-428f-43aa-bb4e-feafd39a317c"	"gdc_star_counts/TCGA_PRAD_primary/b1e5ac31-428f-43aa-bb4e-feafd39a317c_07aa3728-fdc1-40e5-bd97-b9eb055e47e2.rna_seq.augmented_star_gene_counts.tsv"	"complete"	"4244120"	"a5acaa376b5410015b809d874ef94d86"	"a5acaa376b5410015b809d874ef94d86"	"downloaded; official GDC MD5 verified"
"2026-09-14 07:56:35 UTC"	"TCGA_PRAD_primary"	"KLA31_11"	"719a8f3a-f346-42e3-b03a-7e68a267162c"	"gdc_star_counts/TCGA_PRAD_primary/719a8f3a-f346-42e3-b03a-7e68a267162c_65c7436d-873e-4988-853c-3868c7333319.rna_seq.augmented_star_gene_counts.tsv"	"complete"	"4234741"	"443d94ec176572a5fe162a113cbec92f"	"443d94ec176572a5fe162a113cbec92f"	"downloaded; official GDC MD5 verified"
"2026-09-14 07:56:44 UTC"	"TCGA_PRAD_primary"	"KLA31_11"	"20ab8ad5-3846-43f0-b04e-62d6960efec3"	"gdc_star_counts/TCGA_PRAD_primary/20ab8ad5-3846-43f0-b04e-62d6960efec3_54bc3281-1146-4c6c-b08b-44b025799592.rna_seq.augmented_star_gene_counts.tsv"	"complete"	"4237465"	"57a31b2dba6d84858da6c9cea1f2ea9a"	"57a31b2dba6d84858da6c9cea1f2ea9a"	"downloaded; official GDC MD5 verified"
"2026-09-14 07:58:44 UTC"	"TCGA_PRAD_primary"	"KLA31_11"	"bf7041bb-931d-4b8e-9253-721ca09050db"	"gdc_star_counts/TCGA_PRAD_primary/bf7041bb-931d-4b8e-9253-721ca09050db_6c9c0278-d063-47fd-885e-fa19346b2ec0.rna_seq.augmented_star_gene_counts.tsv"	"complete"	"4227556"	"ca4500c146d5cc9b8bab2e4c9a1fe9f7"	"ca4500c146d5cc9b8bab2e4c9a1fe9f7"	"downloaded; official GDC MD5 verified"
"2026-09-14 07:58:53 UTC"	"TCGA_PRAD_primary"	"KLA31_11"	"b680ce4d-8165-4307-9048-3d3d76453765"	"gdc_star_counts/TCGA_PRAD_primary/b680ce4d-8165-4307-9048-3d3d76453765_09fd7c9c-2f0a-443b-a1f2-98df7415284a.rna_seq.augmented_star_gene_counts.tsv"	"complete"	"4237881"	"a3dd5a335b15b8db67ee470204f0b70a"	"a3dd5a335b15b8db67ee470204f0b70a"	"downloaded; official GDC MD5 verified"
"2026-09-14 07:59:01 UTC"	"TCGA_PRAD_primary"	"KLA31_11"	"d6b300b1-3e27-492e-90be-b6532a4fc2a9"	"gdc_star_counts/TCGA_PRAD_primary/d6b300b1-3e27-492e-90be-b6532a4fc2a9_bdcd68dd-4a7b-423d-a688-a82371a211d5.rna_seq.augmented_star_gene_counts.tsv"	"complete"	"4218103"	"b78693029bcc0be8e8b4ef9ba92acd66"	"b78693029bcc0be8e8b4ef9ba92acd66"	"downloaded; official GDC MD5 verified"
"2026-09-14 07:59:07 UTC"	"TCGA_PRAD_primary"	"KLA31_11"	"b536d7bd-ac15-4be6-9a01-5df563464879"	"gdc_star_counts/TCGA_PRAD_primary/b536d7bd-ac15-4be6-9a01-5df563464879_f87a03c9-e231-4a90-87b3-f234bceff50d.rna_seq.augmented_star_gene_counts.tsv"	"complete"	"4241023"	"1209e9d16848dbf277bb6d5931175b0a"	"1209e9d16848dbf277bb6d5931175b0a"	"downloaded; official GDC MD5 verified"
"2026-09-14 07:59:16 UTC"	"TCGA_PRAD_primary"	"KLA31_11"	"18558fbd-7b19-443b-85fe-13062861c228"	"gdc_star_counts/TCGA_PRAD_primary/18558fbd-7b19-443b-85fe-13062861c228_d6ab40a9-8c37-4b1e-90d2-f431ef00ee68.rna_seq.augmented_star_gene_counts.tsv"	"complete"	"4238209"	"27d5872388dc0ee8f6b6840fda9ee5d2"	"27d5872388dc0ee8f6b6840fda9ee5d2"	"downloaded; official GDC MD5 verified"
"2026-09-14 07:59:26 UTC"	"TCGA_PRAD_primary"	"KLA31_11"	"d592ec2a-d77c-4ec6-87c9-8a6642014a10"	"gdc_star_counts/TCGA_PRAD_primary/d592ec2a-d77c-4ec6-87c9-8a6642014a10_fbae2522-a784-4273-8219-6d5cfb335ef7.rna_seq.augmented_star_gene_counts.tsv"	"complete"	"4246090"	"b40e8c607d25dad407de685bcd260564"	"b40e8c607d25dad407de685bcd260564"	"downloaded; official GDC MD5 verified"
"2026-09-14 07:59:31 UTC"	"TCGA_PRAD_primary"	"KLA31_11"	"1eb0b91c-4ccb-4546-a6f2-ead7fbac895b"	"gdc_star_counts/TCGA_PRAD_primary/1eb0b91c-4ccb-4546-a6f2-ead7fbac895b_74736985-64dc-4a89-a54c-394d95b7f33a.rna_seq.augmented_star_gene_counts.tsv"	"complete"	"4235655"	"b2c823e094dfd04623e3b3e5ef39b54b"	"b2c823e094dfd04623e3b3e5ef39b54b"	"downloaded; official GDC MD5 verified"
"2026-09-14 07:59:38 UTC"	"TCGA_PRAD_primary"	"KLA31_11"	"fc5b217d-94c4-4a13-96dd-e5a462d2fa27"	"gdc_star_counts/TCGA_PRAD_primary/fc5b217d-94c4-4a13-96dd-e5a462d2fa27_8aeb13db-fb44-4b22-9f8e-d4b8e6ce1a3e.rna_seq.augmented_star_gene_counts.tsv"	"complete"	"4248066"	"2650d55849cc59858577f1a2e2310c20"	"2650d55849cc59858577f1a2e2310c20"	"downloaded; official GDC MD5 verified"
"2026-09-14 07:59:47 UTC"	"TCGA_PRAD_primary"	"KLA31_11"	"f6b55656-dc7d-4006-a52a-0ff8f9aeb3e2"	"gdc_star_counts/TCGA_PRAD_primary/f6b55656-dc7d-4006-a52a-0ff8f9aeb3e2_748df5d4-527b-49d9-8093-c326cb61a015.rna_seq.augmented_star_gene_counts.tsv"	"complete"	"4238149"	"fd7c8700b83c9ed02c728e1ef8560d9c"	"fd7c8700b83c9ed02c728e1ef8560d9c"	"downloaded; official GDC MD5 verified"
"2026-09-14 07:59:57 UTC"	"TCGA_PRAD_primary"	"KLA31_11"	"4b02e287-434f-4833-a317-817f1f066de8"	"gdc_star_counts/TCGA_PRAD_primary/4b02e287-434f-4833-a317-817f1f066de8_0a9f83f1-86f9-4153-b8cf-07e8bcb18efb.rna_seq.augmented_star_gene_counts.tsv"	"complete"	"4239722"	"c33d41b8624282f2896c184e23cd9842"	"c33d41b8624282f2896c184e23cd9842"	"downloaded; official GDC MD5 verified"
"2026-09-14 08:00:02 UTC"	"TCGA_LIHC_HCC_primary"	"KLA31_12"	"8db54cb1-0635-4ce2-b51a-f5e9b29c5f4f"	"gdc_star_counts/TCGA_LIHC_HCC_primary/8db54cb1-0635-4ce2-b51a-f5e9b29c5f4f_59cd3041-57d2-4d59-9614-34a6341aa152.rna_seq.augmented_star_gene_counts.tsv"	"complete"	"4202018"	"5727f7dd1f0d688b68d250b64105609e"	"5727f7dd1f0d688b68d250b64105609e"	"downloaded; official GDC MD5 verified"
"2026-09-14 08:00:09 UTC"	"TCGA_LIHC_HCC_primary"	"KLA31_12"	"ebd7bdc4-c7c0-46c4-835b-8afc2a6c2615"	"gdc_star_counts/TCGA_LIHC_HCC_primary/ebd7bdc4-c7c0-46c4-835b-8afc2a6c2615_65d83cea-ef9b-4148-88c5-c09192289e83.rna_seq.augmented_star_gene_counts.tsv"	"complete"	"4228501"	"a81549077d50e7ad3cfc5a24e1bf3145"	"a81549077d50e7ad3cfc5a24e1bf3145"	"downloaded; official GDC MD5 verified"
"2026-09-14 08:00:18 UTC"	"TCGA_LIHC_HCC_primary"	"KLA31_12"	"7e63467a-79da-41b7-93f6-ad4096b87914"	"gdc_star_counts/TCGA_LIHC_HCC_primary/7e63467a-79da-41b7-93f6-ad4096b87914_fd81a481-5d7f-4e3a-a0ba-eba4f33591bc.rna_seq.augmented_star_gene_counts.tsv"	"complete"	"4208749"	"212e29650f9e9324ee37ab0ece4e4513"	"212e29650f9e9324ee37ab0ece4e4513"	"downloaded; official GDC MD5 verified"
"2026-09-14 08:00:27 UTC"	"TCGA_LIHC_HCC_primary"	"KLA31_12"	"5028edd3-a821-4511-99bf-d669c9d61723"	"gdc_star_counts/TCGA_LIHC_HCC_primary/5028edd3-a821-4511-99bf-d669c9d61723_50cae4c7-fef8-40fa-a3ed-d14a34eb6103.rna_seq.augmented_star_gene_counts.tsv"	"complete"	"4223451"	"8aeb7d8e310c84d65122a1a7e94db230"	"8aeb7d8e310c84d65122a1a7e94db230"	"downloaded; official GDC MD5 verified"
"2026-09-14 08:00:32 UTC"	"TCGA_LIHC_HCC_primary"	"KLA31_12"	"c55ad7ab-27f1-49b5-844c-00daa90a9e55"	"gdc_star_counts/TCGA_LIHC_HCC_primary/c55ad7ab-27f1-49b5-844c-00daa90a9e55_14e80841-cfb9-42fb-9cae-db9f282ba4fd.rna_seq.augmented_star_gene_counts.tsv"	"complete"	"4233061"	"e321d1d702ae0e4a443a2038886a8f01"	"e321d1d702ae0e4a443a2038886a8f01"	"downloaded; official GDC MD5 verified"
"2026-09-14 08:00:40 UTC"	"TCGA_LIHC_HCC_primary"	"KLA31_12"	"f3ad08a9-3fa8-43a1-b7a1-82d548ad1475"	"gdc_star_counts/TCGA_LIHC_HCC_primary/f3ad08a9-3fa8-43a1-b7a1-82d548ad1475_af719f6c-4e97-4679-ab86-84aa810c7052.rna_seq.augmented_star_gene_counts.tsv"	"complete"	"4213274"	"b5a5dd8a6c268a8a3380717188c0bbc2"	"b5a5dd8a6c268a8a3380717188c0bbc2"	"downloaded; official GDC MD5 verified"
"2026-09-14 08:00:49 UTC"	"TCGA_LIHC_HCC_primary"	"KLA31_12"	"b17f1eb3-14c8-45da-a580-59a5e77d9a33"	"gdc_star_counts/TCGA_LIHC_HCC_primary/b17f1eb3-14c8-45da-a580-59a5e77d9a33_f9c05849-4905-4ded-82ff-0f83be46b772.rna_seq.augmented_star_gene_counts.tsv"	"complete"	"4210585"	"9c19cdf30c6713ce657537005b21f47e"	"9c19cdf30c6713ce657537005b21f47e"	"downloaded; official GDC MD5 verified"
"2026-09-14 08:00:58 UTC"	"TCGA_LIHC_HCC_primary"	"KLA31_12"	"9784c055-2da9-4720-8df8-115b5f7c4928"	"gdc_star_counts/TCGA_LIHC_HCC_primary/9784c055-2da9-4720-8df8-115b5f7c4928_e880e928-7728-4184-af70-d4790dbeb3e9.rna_seq.augmented_star_gene_counts.tsv"	"complete"	"4198179"	"bfee351bde1b61a27895295a665ca078"	"bfee351bde1b61a27895295a665ca078"	"downloaded; official GDC MD5 verified"
"2026-09-14 08:01:03 UTC"	"TCGA_LIHC_HCC_primary"	"KLA31_12"	"01e802a3-1ae8-4601-9540-d99dba62728e"	"gdc_star_counts/TCGA_LIHC_HCC_primary/01e802a3-1ae8-4601-9540-d99dba62728e_b479840d-e285-405d-ab96-c8d8aa46992d.rna_seq.augmented_star_gene_counts.tsv"	"complete"	"4215091"	"d93276c07700655343eb891b52194a50"	"d93276c07700655343eb891b52194a50"	"downloaded; official GDC MD5 verified"
"2026-09-14 08:01:16 UTC"	"TCGA_LIHC_HCC_primary"	"KLA31_12"	"4075cc2e-ed70-4b2e-9520-542d18f4b797"	"gdc_star_counts/TCGA_LIHC_HCC_primary/4075cc2e-ed70-4b2e-9520-542d18f4b797_1068220f-b2b3-4bd9-b120-83ca7697d2f5.rna_seq.augmented_star_gene_counts.tsv"	"complete"	"4203489"	"b3cbbbedd7761dd94417e67d67a071e6"	"b3cbbbedd7761dd94417e67d67a071e6"	"downloaded; official GDC MD5 verified"
"2026-09-14 08:01:26 UTC"	"TCGA_LIHC_HCC_primary"	"KLA31_12"	"9bc77be6-bf4d-4aa0-a3e7-90bc1f9ab087"	"gdc_star_counts/TCGA_LIHC_HCC_primary/9bc77be6-bf4d-4aa0-a3e7-90bc1f9ab087_ccd1e964-a15c-4e87-9837-9c14f94d0e37.rna_seq.augmented_star_gene_counts.tsv"	"complete"	"4243884"	"fa6149826d0086ecfc415207e2f746e9"	"fa6149826d0086ecfc415207e2f746e9"	"downloaded; official GDC MD5 verified"
"2026-09-14 08:01:31 UTC"	"TCGA_LIHC_HCC_primary"	"KLA31_12"	"370b35d8-24c2-4b73-94a2-48bef7b70ac9"	"gdc_star_counts/TCGA_LIHC_HCC_primary/370b35d8-24c2-4b73-94a2-48bef7b70ac9_b119d1ea-21b8-408c-b2be-c8d68de6101c.rna_seq.augmented_star_gene_counts.tsv"	"complete"	"4229928"	"777d93d4812436040845f70a32e6306c"	"777d93d4812436040845f70a32e6306c"	"downloaded; official GDC MD5 verified"
"2026-09-14 08:01:48 UTC"	"TCGA_LIHC_HCC_primary"	"KLA31_12"	"b4b878d7-e613-41db-b33d-2679036a30c5"	"gdc_star_counts/TCGA_LIHC_HCC_primary/b4b878d7-e613-41db-b33d-2679036a30c5_eb4729c2-5a8e-454a-92ba-edb13d2f0773.rna_seq.augmented_star_gene_counts.tsv"	"complete"	"4213527"	"8d263441b7a999747ff10d6b34f8b1f7"	"8d263441b7a999747ff10d6b34f8b1f7"	"downloaded; official GDC MD5 verified"
"2026-09-14 08:01:59 UTC"	"TCGA_LIHC_HCC_primary"	"KLA31_12"	"df6ab599-42be-4cb8-a35c-34bdcd4809f7"	"gdc_star_counts/TCGA_LIHC_HCC_primary/df6ab599-42be-4cb8-a35c-34bdcd4809f7_cf9a78e4-5487-4366-94b6-4b85dfef5e4d.rna_seq.augmented_star_gene_counts.tsv"	"complete"	"4231177"	"cba78112e7368eb7c3671064c3bc3c34"	"cba78112e7368eb7c3671064c3bc3c34"	"downloaded; official GDC MD5 verified"
"2026-09-14 08:02:05 UTC"	"TCGA_LIHC_HCC_primary"	"KLA31_12"	"f6c89e33-7ba1-43f3-89b2-927ea8162978"	"gdc_star_counts/TCGA_LIHC_HCC_primary/f6c89e33-7ba1-43f3-89b2-927ea8162978_f47c6ff3-b50c-4f10-9e83-fae95f86dfce.rna_seq.augmented_star_gene_counts.tsv"	"complete"	"4209284"	"f94b7a2156206c0ea5d893fe5001f888"	"f94b7a2156206c0ea5d893fe5001f888"	"downloaded; official GDC MD5 verified"
"2026-09-14 08:02:13 UTC"	"TCGA_LIHC_HCC_primary"	"KLA31_12"	"a22db950-b799-4529-b972-4340641ebcf2"	"gdc_star_counts/TCGA_LIHC_HCC_primary/a22db950-b799-4529-b972-4340641ebcf2_ae0d8ed3-e789-4ef8-b0c2-58e8ad7a3962.rna_seq.augmented_star_gene_counts.tsv"	"complete"	"4223807"	"28a8ca48393577e71595935d63dc0cff"	"28a8ca48393577e71595935d63dc0cff"	"downloaded; official GDC MD5 verified"
"2026-09-14 08:02:21 UTC"	"TCGA_LIHC_HCC_primary"	"KLA31_12"	"61ad124d-5315-447b-8557-49444ef18f49"	"gdc_star_counts/TCGA_LIHC_HCC_primary/61ad124d-5315-447b-8557-49444ef18f49_c158ef97-e253-41f8-a9e1-dd55496ae910.rna_seq.augmented_star_gene_counts.tsv"	"complete"	"4223798"	"8aa6fa10e0964ac298f99bf957a64b4e"	"8aa6fa10e0964ac298f99bf957a64b4e"	"downloaded; official GDC MD5 verified"
"2026-09-14 08:02:29 UTC"	"TCGA_LIHC_HCC_primary"	"KLA31_12"	"c76da465-d5aa-4593-bd2e-ab983638ce7f"	"gdc_star_counts/TCGA_LIHC_HCC_primary/c76da465-d5aa-4593-bd2e-ab983638ce7f_98062285-0c29-46a3-b955-2df64d7692ee.rna_seq.augmented_star_gene_counts.tsv"	"complete"	"4202643"	"59ec3b5841f2780deec5dfd129117f73"	"59ec3b5841f2780deec5dfd129117f73"	"downloaded; official GDC MD5 verified"
"2026-09-14 08:02:34 UTC"	"TCGA_LIHC_HCC_primary"	"KLA31_12"	"634cd164-4eb6-4bb5-baef-80d23bc02cfb"	"gdc_star_counts/TCGA_LIHC_HCC_primary/634cd164-4eb6-4bb5-baef-80d23bc02cfb_00e08404-4c50-4a1a-9036-0f0dd3988db8.rna_seq.augmented_star_gene_counts.tsv"	"complete"	"4211148"	"75558ee59a6641997491fee3d9f567fc"	"75558ee59a6641997491fee3d9f567fc"	"downloaded; official GDC MD5 verified"
"2026-09-14 08:02:46 UTC"	"TCGA_LIHC_HCC_primary"	"KLA31_12"	"3483feb0-267e-49c8-a186-d2a10d8b95d6"	"gdc_star_counts/TCGA_LIHC_HCC_primary/3483feb0-267e-49c8-a186-d2a10d8b95d6_2406118f-a7ea-42f0-89b7-8a6344b826d8.rna_seq.augmented_star_gene_counts.tsv"	"complete"	"4211728"	"4ce5a3edc7df395524283160996a2f51"	"4ce5a3edc7df395524283160996a2f51"	"downloaded; official GDC MD5 verified"
"2026-09-14 08:02:56 UTC"	"TCGA_LIHC_HCC_primary"	"KLA31_12"	"79ab15c3-648d-4e4d-8b06-5bca7fb64683"	"gdc_star_counts/TCGA_LIHC_HCC_primary/79ab15c3-648d-4e4d-8b06-5bca7fb64683_6250f43f-aa5e-4382-a359-e90c65d5aec6.rna_seq.augmented_star_gene_counts.tsv"	"complete"	"4219311"	"8d69704c9a9f082d6278ae48f996df16"	"8d69704c9a9f082d6278ae48f996df16"	"downloaded; official GDC MD5 verified"
"2026-09-14 08:03:01 UTC"	"TCGA_LIHC_HCC_primary"	"KLA31_12"	"541260c2-5f9f-459d-9a49-df55b62fba90"	"gdc_star_counts/TCGA_LIHC_HCC_primary/541260c2-5f9f-459d-9a49-df55b62fba90_ee667570-d3c6-4906-980d-5ff7a66f521d.rna_seq.augmented_star_gene_counts.tsv"	"complete"	"4217029"	"c59bfe698757db5b3eaa4e710a2d5e34"	"c59bfe698757db5b3eaa4e710a2d5e34"	"downloaded; official GDC MD5 verified"
"2026-09-14 08:03:09 UTC"	"TCGA_LIHC_HCC_primary"	"KLA31_12"	"56a82d59-00e0-4d30-8df0-8232d59e6728"	"gdc_star_counts/TCGA_LIHC_HCC_primary/56a82d59-00e0-4d30-8df0-8232d59e6728_fb9a54e6-a889-48cb-b758-f6b76d76aa7b.rna_seq.augmented_star_gene_counts.tsv"	"complete"	"4217040"	"b37571da18b1420e7549b098ef7b958b"	"b37571da18b1420e7549b098ef7b958b"	"downloaded; official GDC MD5 verified"
"2026-09-14 08:03:17 UTC"	"TCGA_LIHC_HCC_primary"	"KLA31_12"	"ebb6d650-3376-438d-a66c-9b866551be5a"	"gdc_star_counts/TCGA_LIHC_HCC_primary/ebb6d650-3376-438d-a66c-9b866551be5a_b5f97bc7-e5cb-4ec7-9e39-4a51bdc36b0d.rna_seq.augmented_star_gene_counts.tsv"	"complete"	"4231455"	"4e382e4a322e6407e4c955114f36ae0e"	"4e382e4a322e6407e4c955114f36ae0e"	"downloaded; official GDC MD5 verified"
"2026-09-14 08:03:27 UTC"	"TCGA_LIHC_HCC_primary"	"KLA31_12"	"d425acd5-869a-4c71-ba4a-4871f07d8b24"	"gdc_star_counts/TCGA_LIHC_HCC_primary/d425acd5-869a-4c71-ba4a-4871f07d8b24_26ef8329-84d1-4510-93a7-82c42895e1a3.rna_seq.augmented_star_gene_counts.tsv"	"complete"	"4235276"	"de63a2e85769b9383b4bcf65d946596f"	"de63a2e85769b9383b4bcf65d946596f"	"downloaded; official GDC MD5 verified"
"2026-09-14 08:03:32 UTC"	"TCGA_LIHC_HCC_primary"	"KLA31_12"	"bdd04bd5-dd6e-4078-a149-97ade32ba8dc"	"gdc_star_counts/TCGA_LIHC_HCC_primary/bdd04bd5-dd6e-4078-a149-97ade32ba8dc_765304e7-ec35-4aef-a646-8f264044cf23.rna_seq.augmented_star_gene_counts.tsv"	"complete"	"4199231"	"ec4aa5f4043e0491a5b38fbad40ff522"	"ec4aa5f4043e0491a5b38fbad40ff522"	"downloaded; official GDC MD5 verified"
"2026-09-14 08:03:41 UTC"	"TCGA_LIHC_HCC_primary"	"KLA31_12"	"cdca623f-7431-4d68-b54d-f2fd13ecfbf9"	"gdc_star_counts/TCGA_LIHC_HCC_primary/cdca623f-7431-4d68-b54d-f2fd13ecfbf9_e2288704-0fb1-41cc-82f8-b73e41ebb576.rna_seq.augmented_star_gene_counts.tsv"	"complete"	"4219591"	"0d8d36d1e4e5722474bb20a6fe5f11b7"	"0d8d36d1e4e5722474bb20a6fe5f11b7"	"downloaded; official GDC MD5 verified"
"2026-09-14 08:03:50 UTC"	"TCGA_LIHC_HCC_primary"	"KLA31_12"	"4341af2d-dee1-4b4a-ad27-00858396c886"	"gdc_star_counts/TCGA_LIHC_HCC_primary/4341af2d-dee1-4b4a-ad27-00858396c886_78767f1f-fa6f-4d1a-beb7-a2c11381958e.rna_seq.augmented_star_gene_counts.tsv"	"complete"	"4218877"	"832fad94281870b46558ba6d7a0421fd"	"832fad94281870b46558ba6d7a0421fd"	"downloaded; official GDC MD5 verified"
"2026-09-14 08:03:58 UTC"	"TCGA_LIHC_HCC_primary"	"KLA31_12"	"bd469f11-1e6e-4ae5-9da4-09fe0fcdde41"	"gdc_star_counts/TCGA_LIHC_HCC_primary/bd469f11-1e6e-4ae5-9da4-09fe0fcdde41_4586df36-efce-4c32-8788-6789935fdcc5.rna_seq.augmented_star_gene_counts.tsv"	"complete"	"4223261"	"5ae873b06b51fe1eb464a3a2896f6d19"	"5ae873b06b51fe1eb464a3a2896f6d19"	"downloaded; official GDC MD5 verified"
"2026-09-14 08:04:03 UTC"	"TCGA_LIHC_HCC_primary"	"KLA31_12"	"63870086-6129-4ae1-a3c4-e9ace85f1df0"	"gdc_star_counts/TCGA_LIHC_HCC_primary/63870086-6129-4ae1-a3c4-e9ace85f1df0_5e4721e4-6883-4f2a-8a70-b87a2cee68f1.rna_seq.augmented_star_gene_counts.tsv"	"complete"	"4229731"	"0da497c5e94083c36a89d0d404959fb2"	"0da497c5e94083c36a89d0d404959fb2"	"downloaded; official GDC MD5 verified"
"2026-09-14 08:04:11 UTC"	"TCGA_LIHC_HCC_primary"	"KLA31_12"	"d1a4787d-ee61-4667-95fb-5450536fa03c"	"gdc_star_counts/TCGA_LIHC_HCC_primary/d1a4787d-ee61-4667-95fb-5450536fa03c_863ee447-1262-4d09-b98b-4f3a3976eaa5.rna_seq.augmented_star_gene_counts.tsv"	"complete"	"4211010"	"dfc0c70f35e0eca5e1505504bd1b16bd"	"dfc0c70f35e0eca5e1505504bd1b16bd"	"downloaded; official GDC MD5 verified"
"2026-09-14 08:04:20 UTC"	"TCGA_LIHC_HCC_primary"	"KLA31_12"	"4471dc96-3a94-410f-ba82-b3846aedea59"	"gdc_star_counts/TCGA_LIHC_HCC_primary/4471dc96-3a94-410f-ba82-b3846aedea59_286b5e5d-29d0-4033-9f0b-2ae0cb3fa397.rna_seq.augmented_star_gene_counts.tsv"	"complete"	"4193829"	"4a7f5274b18682583d3bac705de52a40"	"4a7f5274b18682583d3bac705de52a40"	"downloaded; official GDC MD5 verified"
"2026-09-14 08:04:28 UTC"	"TCGA_LIHC_HCC_primary"	"KLA31_12"	"606f2957-6536-46ae-9f62-d8dd7e2856d9"	"gdc_star_counts/TCGA_LIHC_HCC_primary/606f2957-6536-46ae-9f62-d8dd7e2856d9_303bf92c-c5f7-47b7-8f75-753d7322bee7.rna_seq.augmented_star_gene_counts.tsv"	"complete"	"4212914"	"222a06531d4a212b67149788cf44d1fd"	"222a06531d4a212b67149788cf44d1fd"	"downloaded; official GDC MD5 verified"
"2026-09-14 08:04:33 UTC"	"TCGA_LIHC_HCC_primary"	"KLA31_12"	"0829bb65-1cde-461c-b511-3649d97c62e7"	"gdc_star_counts/TCGA_LIHC_HCC_primary/0829bb65-1cde-461c-b511-3649d97c62e7_2a3e3e31-ec7e-42e3-b219-2bc84f3888ac.rna_seq.augmented_star_gene_counts.tsv"	"complete"	"4223556"	"dc3b992251ceac3cd0e29d16c8cbe16d"	"dc3b992251ceac3cd0e29d16c8cbe16d"	"downloaded; official GDC MD5 verified"
"2026-09-14 08:04:41 UTC"	"TCGA_LIHC_HCC_primary"	"KLA31_12"	"c41fffbd-d5be-4b28-b0f4-2aaf7cb23555"	"gdc_star_counts/TCGA_LIHC_HCC_primary/c41fffbd-d5be-4b28-b0f4-2aaf7cb23555_311d89d5-9845-4d61-a801-8e0990be5d24.rna_seq.augmented_star_gene_counts.tsv"	"complete"	"4201526"	"e1b38c57864a340a88b4d80c09cfbe0e"	"e1b38c57864a340a88b4d80c09cfbe0e"	"downloaded; official GDC MD5 verified"
"2026-09-14 08:04:58 UTC"	"TCGA_LIHC_HCC_primary"	"KLA31_12"	"7d22b54a-47ae-49de-bc78-909ac1bf4c63"	"gdc_star_counts/TCGA_LIHC_HCC_primary/7d22b54a-47ae-49de-bc78-909ac1bf4c63_84e50732-46c9-46c4-9619-1bb14f5205ae.rna_seq.augmented_star_gene_counts.tsv"	"complete"	"4231525"	"4662c79fd85cb4db63b26b418e6faf20"	"4662c79fd85cb4db63b26b418e6faf20"	"downloaded; official GDC MD5 verified"
"2026-09-14 08:05:03 UTC"	"TCGA_LIHC_HCC_primary"	"KLA31_12"	"e20b808b-81cd-41ce-98eb-e2dc3db7fece"	"gdc_star_counts/TCGA_LIHC_HCC_primary/e20b808b-81cd-41ce-98eb-e2dc3db7fece_33e24624-f59a-4d50-b12b-28136db9f57d.rna_seq.augmented_star_gene_counts.tsv"	"complete"	"4212621"	"93fc3f786b302ac32e4bbc973adca7ef"	"93fc3f786b302ac32e4bbc973adca7ef"	"downloaded; official GDC MD5 verified"
"2026-09-14 08:05:11 UTC"	"TCGA_LIHC_HCC_primary"	"KLA31_12"	"eb65b8e1-81e1-4d4e-bddc-fa9b005fcc12"	"gdc_star_counts/TCGA_LIHC_HCC_primary/eb65b8e1-81e1-4d4e-bddc-fa9b005fcc12_4c58ac19-2c85-41c8-9a88-c5e6ac02e465.rna_seq.augmented_star_gene_counts.tsv"	"complete"	"4208860"	"ce69c2e7026b4373c5e841096a8fe9c0"	"ce69c2e7026b4373c5e841096a8fe9c0"	"downloaded; official GDC MD5 verified"
"2026-09-14 08:05:20 UTC"	"TCGA_LIHC_HCC_primary"	"KLA31_12"	"1ce43195-215f-41ac-87d3-146e942bceae"	"gdc_star_counts/TCGA_LIHC_HCC_primary/1ce43195-215f-41ac-87d3-146e942bceae_36508e6f-d4aa-48e6-8b63-8d11d20c4098.rna_seq.augmented_star_gene_counts.tsv"	"complete"	"4217491"	"4b3796e9b4e3f17a1fc5e31679c6da3a"	"4b3796e9b4e3f17a1fc5e31679c6da3a"	"downloaded; official GDC MD5 verified"
"2026-09-14 08:05:30 UTC"	"TCGA_LIHC_HCC_primary"	"KLA31_12"	"d6919e3b-f539-4786-90f6-b93cd0da99b2"	"gdc_star_counts/TCGA_LIHC_HCC_primary/d6919e3b-f539-4786-90f6-b93cd0da99b2_39ea2fe7-54bb-4147-85fa-b022a034d063.rna_seq.augmented_star_gene_counts.tsv"	"complete"	"4205348"	"f4aa3310d8c04695bbf8bdeb570977d6"	"f4aa3310d8c04695bbf8bdeb570977d6"	"downloaded; official GDC MD5 verified"
"2026-09-14 08:05:42 UTC"	"TCGA_LIHC_HCC_primary"	"KLA31_12"	"bc3b8a18-5d9b-4e2d-ab82-05fb36991a2e"	"gdc_star_counts/TCGA_LIHC_HCC_primary/bc3b8a18-5d9b-4e2d-ab82-05fb36991a2e_3bfa7140-ed14-41bf-aa12-5eac3535885a.rna_seq.augmented_star_gene_counts.tsv"	"complete"	"4214363"	"0257425087cf0b8d698bfc800f44e8ab"	"0257425087cf0b8d698bfc800f44e8ab"	"downloaded; official GDC MD5 verified"
"2026-09-14 08:05:51 UTC"	"TCGA_LIHC_HCC_primary"	"KLA31_12"	"71eec830-b5e6-4a18-8b28-c8961fef01c9"	"gdc_star_counts/TCGA_LIHC_HCC_primary/71eec830-b5e6-4a18-8b28-c8961fef01c9_79c7fd6b-6178-4857-815f-84e0286cb439.rna_seq.augmented_star_gene_counts.tsv"	"complete"	"4238119"	"6df09e6931b2d1534ce1b3fae3cc3489"	"6df09e6931b2d1534ce1b3fae3cc3489"	"downloaded; official GDC MD5 verified"
"2026-09-14 08:05:58 UTC"	"TCGA_LIHC_HCC_primary"	"KLA31_12"	"35c358f0-4afc-4bd3-a0f4-2741134d6f35"	"gdc_star_counts/TCGA_LIHC_HCC_primary/35c358f0-4afc-4bd3-a0f4-2741134d6f35_533c5b0b-6eda-46c5-9cf0-8c6decb728c9.rna_seq.augmented_star_gene_counts.tsv"	"complete"	"4227337"	"69bc0158cc1444d14c2007cf219b12b2"	"69bc0158cc1444d14c2007cf219b12b2"	"downloaded; official GDC MD5 verified"
"2026-09-14 08:06:04 UTC"	"TCGA_LIHC_HCC_primary"	"KLA31_12"	"82dd1ddd-d629-492f-8f9c-14382a82de96"	"gdc_star_counts/TCGA_LIHC_HCC_primary/82dd1ddd-d629-492f-8f9c-14382a82de96_495c8ae2-4d4d-49ac-9b0a-3081f02fd041.rna_seq.augmented_star_gene_counts.tsv"	"complete"	"4225374"	"c27ba8450cc2daa0335920870f91a134"	"c27ba8450cc2daa0335920870f91a134"	"downloaded; official GDC MD5 verified"
"2026-09-14 08:06:12 UTC"	"TCGA_LIHC_HCC_primary"	"KLA31_12"	"8c797f41-9dea-4121-8dc3-8b1fa10503a7"	"gdc_star_counts/TCGA_LIHC_HCC_primary/8c797f41-9dea-4121-8dc3-8b1fa10503a7_fc47ffc6-4a8e-446e-91d9-e983362c6dfe.rna_seq.augmented_star_gene_counts.tsv"	"complete"	"4213362"	"7274a1720c81cb9f88503953d743243f"	"7274a1720c81cb9f88503953d743243f"	"downloaded; official GDC MD5 verified"
"2026-09-14 08:06:22 UTC"	"TCGA_LIHC_HCC_primary"	"KLA31_12"	"048103cc-f5d1-4ad4-8b82-ea76715bfa53"	"gdc_star_counts/TCGA_LIHC_HCC_primary/048103cc-f5d1-4ad4-8b82-ea76715bfa53_dffd181a-c6f1-49e0-b23d-d91065a0171a.rna_seq.augmented_star_gene_counts.tsv"	"complete"	"4226582"	"a65c66dde68ff4e08595cb525c831d74"	"a65c66dde68ff4e08595cb525c831d74"	"downloaded; official GDC MD5 verified"
"2026-09-14 08:06:29 UTC"	"TCGA_LIHC_HCC_primary"	"KLA31_12"	"3a826c9e-9966-4bbf-8ddb-e34f3c71381f"	"gdc_star_counts/TCGA_LIHC_HCC_primary/3a826c9e-9966-4bbf-8ddb-e34f3c71381f_2cdf0703-60ea-4ffb-aa2f-808a40d4815a.rna_seq.augmented_star_gene_counts.tsv"	"complete"	"4229088"	"8d1e473b2320acaf2101891a8ea4cfe6"	"8d1e473b2320acaf2101891a8ea4cfe6"	"downloaded; official GDC MD5 verified"
"2026-09-14 08:06:34 UTC"	"TCGA_LIHC_HCC_primary"	"KLA31_12"	"95b4b176-edc6-4c7a-90a3-f3a957e7d77a"	"gdc_star_counts/TCGA_LIHC_HCC_primary/95b4b176-edc6-4c7a-90a3-f3a957e7d77a_7519dae8-dfee-413d-995d-d005fdddb4b1.rna_seq.augmented_star_gene_counts.tsv"	"complete"	"4224934"	"890d69402f5bc13f4678a74c22858755"	"890d69402f5bc13f4678a74c22858755"	"downloaded; official GDC MD5 verified"
"2026-09-14 08:06:42 UTC"	"TCGA_LIHC_HCC_primary"	"KLA31_12"	"79a6beab-c0ad-41b1-b264-e8869e284b26"	"gdc_star_counts/TCGA_LIHC_HCC_primary/79a6beab-c0ad-41b1-b264-e8869e284b26_7f812fa1-53dc-4ebe-97b3-9b633af148ce.rna_seq.augmented_star_gene_counts.tsv"	"complete"	"4200140"	"a55d30c41f4d545d4c6796156e0b31fc"	"a55d30c41f4d545d4c6796156e0b31fc"	"downloaded; official GDC MD5 verified"
"2026-09-14 08:06:51 UTC"	"TCGA_LIHC_HCC_primary"	"KLA31_12"	"7b929596-4646-4aa4-9705-d10519ef23c0"	"gdc_star_counts/TCGA_LIHC_HCC_primary/7b929596-4646-4aa4-9705-d10519ef23c0_9a0d0189-b66e-461b-b0b6-8563cffb8813.rna_seq.augmented_star_gene_counts.tsv"	"complete"	"4219000"	"cc420fe0f35ed8a196d7cc19461fb0a1"	"cc420fe0f35ed8a196d7cc19461fb0a1"	"downloaded; official GDC MD5 verified"
"2026-09-14 08:06:59 UTC"	"TCGA_LIHC_HCC_primary"	"KLA31_12"	"bae83cb3-fb86-4648-802d-504d2e110c1e"	"gdc_star_counts/TCGA_LIHC_HCC_primary/bae83cb3-fb86-4648-802d-504d2e110c1e_209d1c0d-246c-4981-8ec5-ba5c71f61340.rna_seq.augmented_star_gene_counts.tsv"	"complete"	"4198256"	"5c2e4d52fb8bbc635c66ebedef7ba74d"	"5c2e4d52fb8bbc635c66ebedef7ba74d"	"downloaded; official GDC MD5 verified"
"2026-09-14 08:07:05 UTC"	"TCGA_LIHC_HCC_primary"	"KLA31_12"	"477b84d7-1ae0-42f9-91d5-3d63f89d10d2"	"gdc_star_counts/TCGA_LIHC_HCC_primary/477b84d7-1ae0-42f9-91d5-3d63f89d10d2_ac2bfe26-5c96-4f44-9502-1c703b918913.rna_seq.augmented_star_gene_counts.tsv"	"complete"	"4221577"	"441bbf72fe96b08d8ab256ac181b0a93"	"441bbf72fe96b08d8ab256ac181b0a93"	"downloaded; official GDC MD5 verified"
"2026-09-14 08:07:17 UTC"	"TCGA_LIHC_HCC_primary"	"KLA31_12"	"48d0a941-117d-472c-8a5e-533aeb9f03f2"	"gdc_star_counts/TCGA_LIHC_HCC_primary/48d0a941-117d-472c-8a5e-533aeb9f03f2_76ac10f3-0299-4c25-b241-812f90a7d1d6.rna_seq.augmented_star_gene_counts.tsv"	"complete"	"4216235"	"162ea9a06c2b4dd06fe8ff4321721d7c"	"162ea9a06c2b4dd06fe8ff4321721d7c"	"downloaded; official GDC MD5 verified"
"2026-09-14 08:07:27 UTC"	"TCGA_LIHC_HCC_primary"	"KLA31_12"	"0cf6ddfa-58d3-47b6-b2ae-885749b456c5"	"gdc_star_counts/TCGA_LIHC_HCC_primary/0cf6ddfa-58d3-47b6-b2ae-885749b456c5_e615e629-be8c-4dce-a004-160e9d69b2db.rna_seq.augmented_star_gene_counts.tsv"	"complete"	"4228232"	"b702601500cc5408baf7cc3915889317"	"b702601500cc5408baf7cc3915889317"	"downloaded; official GDC MD5 verified"
"2026-09-14 08:07:32 UTC"	"TCGA_LIHC_HCC_primary"	"KLA31_12"	"99871313-a35c-4b0b-b22d-a429a38a7fe5"	"gdc_star_counts/TCGA_LIHC_HCC_primary/99871313-a35c-4b0b-b22d-a429a38a7fe5_b039b593-e5d0-47e2-b292-9a6ef4cb8af8.rna_seq.augmented_star_gene_counts.tsv"	"complete"	"4215944"	"d8d102b0a57b5f0922e11738460bee8f"	"d8d102b0a57b5f0922e11738460bee8f"	"downloaded; official GDC MD5 verified"
"2026-09-14 08:07:40 UTC"	"TCGA_LIHC_HCC_primary"	"KLA31_12"	"866b6563-f889-4dfe-8965-092c7b925af8"	"gdc_star_counts/TCGA_LIHC_HCC_primary/866b6563-f889-4dfe-8965-092c7b925af8_302fb528-5824-4e20-8cc3-1001aac9bd4b.rna_seq.augmented_star_gene_counts.tsv"	"complete"	"4228738"	"616f1a5d8f4d9b49d064b48d37b1e413"	"616f1a5d8f4d9b49d064b48d37b1e413"	"downloaded; official GDC MD5 verified"
"2026-09-14 08:07:49 UTC"	"TCGA_LIHC_HCC_primary"	"KLA31_12"	"18ec5ded-6efc-4514-bbbe-c6df897b3e08"	"gdc_star_counts/TCGA_LIHC_HCC_primary/18ec5ded-6efc-4514-bbbe-c6df897b3e08_65518e95-98ee-4567-a9cb-e2ef4e9ad5ff.rna_seq.augmented_star_gene_counts.tsv"	"complete"	"4187548"	"eebbedba1b16fed1902d9d4a7f2caaad"	"eebbedba1b16fed1902d9d4a7f2caaad"	"downloaded; official GDC MD5 verified"
"2026-09-14 08:07:58 UTC"	"TCGA_LIHC_HCC_primary"	"KLA31_12"	"780b79cd-5502-455d-9df3-d20c96a26649"	"gdc_star_counts/TCGA_LIHC_HCC_primary/780b79cd-5502-455d-9df3-d20c96a26649_6452215d-e0ae-482f-8f32-963e7017bec0.rna_seq.augmented_star_gene_counts.tsv"	"complete"	"4225399"	"a864fe9d5aee881d5e6e98c08b61c56c"	"a864fe9d5aee881d5e6e98c08b61c56c"	"downloaded; official GDC MD5 verified"
"2026-09-14 08:08:03 UTC"	"TCGA_LIHC_HCC_primary"	"KLA31_12"	"39ceaa8f-92b2-43a5-b149-a3da8971cf57"	"gdc_star_counts/TCGA_LIHC_HCC_primary/39ceaa8f-92b2-43a5-b149-a3da8971cf57_ad4c870b-968c-4cd7-8270-cf2cd0ef94ee.rna_seq.augmented_star_gene_counts.tsv"	"complete"	"4226589"	"69fc2952010915a7d41cdc9c91c5aa46"	"69fc2952010915a7d41cdc9c91c5aa46"	"downloaded; official GDC MD5 verified"
"2026-09-14 08:08:11 UTC"	"TCGA_LIHC_HCC_primary"	"KLA31_12"	"003ad4b1-dc1b-49bc-8ce2-d6dbd1250fee"	"gdc_star_counts/TCGA_LIHC_HCC_primary/003ad4b1-dc1b-49bc-8ce2-d6dbd1250fee_7a61270d-2a79-4a57-bdb5-217d5db07b79.rna_seq.augmented_star_gene_counts.tsv"	"complete"	"4190010"	"3b544a4094c23cd318020a650ee4bc48"	"3b544a4094c23cd318020a650ee4bc48"	"downloaded; official GDC MD5 verified"
"2026-09-14 08:08:19 UTC"	"TCGA_LIHC_HCC_primary"	"KLA31_12"	"c7a64911-e1b0-4615-9521-98d4cd4a9882"	"gdc_star_counts/TCGA_LIHC_HCC_primary/c7a64911-e1b0-4615-9521-98d4cd4a9882_70b45a47-52ad-40a1-97db-ef145353922e.rna_seq.augmented_star_gene_counts.tsv"	"complete"	"4224353"	"ba04483401adeb6832829bc9cfa4fdd4"	"ba04483401adeb6832829bc9cfa4fdd4"	"downloaded; official GDC MD5 verified"
"2026-09-14 08:08:28 UTC"	"TCGA_LIHC_HCC_primary"	"KLA31_12"	"2ea242f5-b89d-464f-a786-da61b83d4b6f"	"gdc_star_counts/TCGA_LIHC_HCC_primary/2ea242f5-b89d-464f-a786-da61b83d4b6f_664b7261-91fd-4b1e-b7c9-bc95a15a0f14.rna_seq.augmented_star_gene_counts.tsv"	"complete"	"4215428"	"ba0a48120bc2a8446177b2a666f46afa"	"ba0a48120bc2a8446177b2a666f46afa"	"downloaded; official GDC MD5 verified"
"2026-09-14 08:08:34 UTC"	"TCGA_LIHC_HCC_primary"	"KLA31_12"	"c1b5df5c-b7fd-486b-8f49-1f748af9a079"	"gdc_star_counts/TCGA_LIHC_HCC_primary/c1b5df5c-b7fd-486b-8f49-1f748af9a079_a580b9de-6718-427e-88b4-612c04876d1e.rna_seq.augmented_star_gene_counts.tsv"	"complete"	"4228163"	"8a5f47d586cc37b65c82f70a3beb701b"	"8a5f47d586cc37b65c82f70a3beb701b"	"downloaded; official GDC MD5 verified"
"2026-09-14 08:08:42 UTC"	"TCGA_LIHC_HCC_primary"	"KLA31_12"	"970ec9cb-0e84-44b7-adf0-006f5957793a"	"gdc_star_counts/TCGA_LIHC_HCC_primary/970ec9cb-0e84-44b7-adf0-006f5957793a_2f38ebf5-ca42-498c-ae0a-b775db4d7bfa.rna_seq.augmented_star_gene_counts.tsv"	"complete"	"4194614"	"1873f1c872ce747ee526287fa7b2e05c"	"1873f1c872ce747ee526287fa7b2e05c"	"downloaded; official GDC MD5 verified"
"2026-09-14 08:08:51 UTC"	"TCGA_LIHC_HCC_primary"	"KLA31_12"	"197e7163-1a47-4712-990a-645bd39507fd"	"gdc_star_counts/TCGA_LIHC_HCC_primary/197e7163-1a47-4712-990a-645bd39507fd_eb81efb0-22be-40ad-93a7-1379c09169fb.rna_seq.augmented_star_gene_counts.tsv"	"complete"	"4224359"	"38294173f3b8c453db7411751872d142"	"38294173f3b8c453db7411751872d142"	"downloaded; official GDC MD5 verified"
"2026-09-14 08:08:59 UTC"	"TCGA_LIHC_HCC_primary"	"KLA31_12"	"89a6bdeb-5056-4d6c-8c60-11763bc29da6"	"gdc_star_counts/TCGA_LIHC_HCC_primary/89a6bdeb-5056-4d6c-8c60-11763bc29da6_8d5cc9f7-561a-465e-a170-fa9cd5cbb911.rna_seq.augmented_star_gene_counts.tsv"	"complete"	"4207433"	"ada64d02789fe897a3ce25e7d8cfe9c5"	"ada64d02789fe897a3ce25e7d8cfe9c5"	"downloaded; official GDC MD5 verified"
"2026-09-14 08:09:04 UTC"	"TCGA_LIHC_HCC_primary"	"KLA31_12"	"f930f74f-0f88-4289-8bda-7ebd1dc4ea67"	"gdc_star_counts/TCGA_LIHC_HCC_primary/f930f74f-0f88-4289-8bda-7ebd1dc4ea67_b9a6d63c-70cc-46bd-becc-b595a2052194.rna_seq.augmented_star_gene_counts.tsv"	"complete"	"4193893"	"a7f6f43da4ccf2413da33609967f6b47"	"a7f6f43da4ccf2413da33609967f6b47"	"downloaded; official GDC MD5 verified"
"2026-09-14 08:09:12 UTC"	"TCGA_LIHC_HCC_primary"	"KLA31_12"	"a9cfbc5e-776c-4865-be20-d26741ce5c78"	"gdc_star_counts/TCGA_LIHC_HCC_primary/a9cfbc5e-776c-4865-be20-d26741ce5c78_d9c7fcac-4608-4952-8678-71e82b96b29c.rna_seq.augmented_star_gene_counts.tsv"	"complete"	"4211648"	"7e189ea48a7e6b17d81aa753d8fd61e6"	"7e189ea48a7e6b17d81aa753d8fd61e6"	"downloaded; official GDC MD5 verified"
"2026-09-14 08:09:20 UTC"	"TCGA_LIHC_HCC_primary"	"KLA31_12"	"4afc190c-2ce8-4eba-ad64-7337d187546b"	"gdc_star_counts/TCGA_LIHC_HCC_primary/4afc190c-2ce8-4eba-ad64-7337d187546b_06df9723-9ae2-49ff-bd42-e8826faa096e.rna_seq.augmented_star_gene_counts.tsv"	"complete"	"4211164"	"acc9e728e21ca9f5c8a77f45b25d3fa7"	"acc9e728e21ca9f5c8a77f45b25d3fa7"	"downloaded; official GDC MD5 verified"
"2026-09-14 08:09:28 UTC"	"TCGA_LIHC_HCC_primary"	"KLA31_12"	"932a3fef-7955-4246-88c7-c6579691501d"	"gdc_star_counts/TCGA_LIHC_HCC_primary/932a3fef-7955-4246-88c7-c6579691501d_65cef856-5e89-4954-bf0c-532e188c1646.rna_seq.augmented_star_gene_counts.tsv"	"complete"	"4213486"	"7653f830cb1114cd7ee36f88a39440c8"	"7653f830cb1114cd7ee36f88a39440c8"	"downloaded; official GDC MD5 verified"
"2026-09-14 08:09:33 UTC"	"TCGA_LIHC_HCC_primary"	"KLA31_12"	"1086061d-5910-4b35-be67-c69836917d43"	"gdc_star_counts/TCGA_LIHC_HCC_primary/1086061d-5910-4b35-be67-c69836917d43_906f244d-0d66-48c1-a646-2ad71d777696.rna_seq.augmented_star_gene_counts.tsv"	"complete"	"4226734"	"b8bbaf53b8af8cb90ac6be1faf98549d"	"b8bbaf53b8af8cb90ac6be1faf98549d"	"downloaded; official GDC MD5 verified"
"2026-09-14 08:09:41 UTC"	"TCGA_LIHC_HCC_primary"	"KLA31_12"	"33e6cf0b-5046-4ad4-afb2-c0efe3dbe562"	"gdc_star_counts/TCGA_LIHC_HCC_primary/33e6cf0b-5046-4ad4-afb2-c0efe3dbe562_6cfb8fb8-3064-467f-ad32-4c7ffb30afaa.rna_seq.augmented_star_gene_counts.tsv"	"complete"	"4221833"	"e5085d38eae37268f2e75e04247bbfcf"	"e5085d38eae37268f2e75e04247bbfcf"	"downloaded; official GDC MD5 verified"
"2026-09-14 08:09:50 UTC"	"TCGA_LIHC_HCC_primary"	"KLA31_12"	"8c410ea8-1847-4c05-9f5c-33771f62c498"	"gdc_star_counts/TCGA_LIHC_HCC_primary/8c410ea8-1847-4c05-9f5c-33771f62c498_6f2c61ef-9038-4d9c-a11e-0ad8e1938026.rna_seq.augmented_star_gene_counts.tsv"	"complete"	"4199807"	"1cda70c5deae35f338018bd453f2aad5"	"1cda70c5deae35f338018bd453f2aad5"	"downloaded; official GDC MD5 verified"
"2026-09-14 08:09:58 UTC"	"TCGA_LIHC_HCC_primary"	"KLA31_12"	"9cc0d8b4-652a-4d7b-8821-46dc1442097e"	"gdc_star_counts/TCGA_LIHC_HCC_primary/9cc0d8b4-652a-4d7b-8821-46dc1442097e_263a1bf6-1d33-4148-8c26-5607d03f8099.rna_seq.augmented_star_gene_counts.tsv"	"complete"	"4212754"	"3f823c90b8ff1b5dd2cca8645d44dd25"	"3f823c90b8ff1b5dd2cca8645d44dd25"	"downloaded; official GDC MD5 verified"
"2026-09-14 08:10:04 UTC"	"TCGA_LIHC_HCC_primary"	"KLA31_12"	"f3cc686f-c4e3-4d83-839c-dcb2f71ab9f7"	"gdc_star_counts/TCGA_LIHC_HCC_primary/f3cc686f-c4e3-4d83-839c-dcb2f71ab9f7_7db97dea-5d1e-4a8a-be9c-4e0ab324c4ae.rna_seq.augmented_star_gene_counts.tsv"	"complete"	"4227849"	"eb90eb61809d0dbe189f56dc66251b1c"	"eb90eb61809d0dbe189f56dc66251b1c"	"downloaded; official GDC MD5 verified"
"2026-09-14 08:10:12 UTC"	"TCGA_LIHC_HCC_primary"	"KLA31_12"	"64b69a94-60cb-4888-b5a8-1076aaad827f"	"gdc_star_counts/TCGA_LIHC_HCC_primary/64b69a94-60cb-4888-b5a8-1076aaad827f_aa678196-590c-4fdd-beab-0a1a1942c5b0.rna_seq.augmented_star_gene_counts.tsv"	"complete"	"4215274"	"e722655c2bd95aba88c1b0f38b6e0749"	"e722655c2bd95aba88c1b0f38b6e0749"	"downloaded; official GDC MD5 verified"
"2026-09-14 08:10:20 UTC"	"TCGA_LIHC_HCC_primary"	"KLA31_12"	"95158561-ffa4-4cef-bc12-9ef0368c1f10"	"gdc_star_counts/TCGA_LIHC_HCC_primary/95158561-ffa4-4cef-bc12-9ef0368c1f10_9f1e5b80-35f2-4e10-bd73-b031bb2401bd.rna_seq.augmented_star_gene_counts.tsv"	"complete"	"4234420"	"da419e3d8beb5cc123315e91548fe9b3"	"da419e3d8beb5cc123315e91548fe9b3"	"downloaded; official GDC MD5 verified"
"2026-09-14 08:10:28 UTC"	"TCGA_LIHC_HCC_primary"	"KLA31_12"	"4f20bbeb-a2a5-48ef-9daf-fb41b729ccd1"	"gdc_star_counts/TCGA_LIHC_HCC_primary/4f20bbeb-a2a5-48ef-9daf-fb41b729ccd1_6ae3f7f6-2ee4-4d30-9263-2945905df4eb.rna_seq.augmented_star_gene_counts.tsv"	"complete"	"4219669"	"cb78d54fc457263be7abd5ea8347384f"	"cb78d54fc457263be7abd5ea8347384f"	"downloaded; official GDC MD5 verified"
"2026-09-14 08:10:39 UTC"	"TCGA_LIHC_HCC_primary"	"KLA31_12"	"6f5328d3-7a56-4da1-b2b3-fae1bc627626"	"gdc_star_counts/TCGA_LIHC_HCC_primary/6f5328d3-7a56-4da1-b2b3-fae1bc627626_b952371d-4fcd-4df6-8aca-af126cb09e3e.rna_seq.augmented_star_gene_counts.tsv"	"complete"	"4221958"	"40345010f4df6d89add994b34e8562ef"	"40345010f4df6d89add994b34e8562ef"	"downloaded; official GDC MD5 verified"
"2026-09-14 08:10:48 UTC"	"TCGA_LIHC_HCC_primary"	"KLA31_12"	"6191b274-9874-4661-8b76-3e775595fc69"	"gdc_star_counts/TCGA_LIHC_HCC_primary/6191b274-9874-4661-8b76-3e775595fc69_cdcb92f3-ff27-4b55-bef0-8cc1d3cea1dd.rna_seq.augmented_star_gene_counts.tsv"	"complete"	"4241491"	"38d0073a3c3f6291d6cb076fdf0356bd"	"38d0073a3c3f6291d6cb076fdf0356bd"	"downloaded; official GDC MD5 verified"
"2026-09-14 08:10:57 UTC"	"TCGA_LIHC_HCC_primary"	"KLA31_12"	"365068be-2415-462b-b3a4-418e4191274c"	"gdc_star_counts/TCGA_LIHC_HCC_primary/365068be-2415-462b-b3a4-418e4191274c_24b00ac1-73b7-4ac7-9628-4cd367af7c45.rna_seq.augmented_star_gene_counts.tsv"	"complete"	"4213783"	"1abe27ad4dc7caec52ee2391139b3b8a"	"1abe27ad4dc7caec52ee2391139b3b8a"	"downloaded; official GDC MD5 verified"
"2026-09-14 08:11:03 UTC"	"TCGA_LIHC_HCC_primary"	"KLA31_12"	"d24185af-562f-4365-b9f9-49c6a0e06644"	"gdc_star_counts/TCGA_LIHC_HCC_primary/d24185af-562f-4365-b9f9-49c6a0e06644_b496f33b-4f96-408d-9851-c5ccf57640c3.rna_seq.augmented_star_gene_counts.tsv"	"complete"	"4213617"	"ff9ff77d7b901e8ec1ff3441aed004dc"	"ff9ff77d7b901e8ec1ff3441aed004dc"	"downloaded; official GDC MD5 verified"
"2026-09-14 08:11:15 UTC"	"TCGA_LIHC_HCC_primary"	"KLA31_12"	"5a0d958d-f9c1-41ef-93cc-bfffb8df1f1b"	"gdc_star_counts/TCGA_LIHC_HCC_primary/5a0d958d-f9c1-41ef-93cc-bfffb8df1f1b_5935a99a-35f6-49b8-a1b1-401f17c8ec0e.rna_seq.augmented_star_gene_counts.tsv"	"complete"	"4212136"	"a8331293cf936ddbe484fe28e657f8b7"	"a8331293cf936ddbe484fe28e657f8b7"	"downloaded; official GDC MD5 verified"
"2026-09-14 08:11:24 UTC"	"TCGA_LIHC_HCC_primary"	"KLA31_12"	"1f63ae9f-5b3d-4367-aba8-d6222cc05667"	"gdc_star_counts/TCGA_LIHC_HCC_primary/1f63ae9f-5b3d-4367-aba8-d6222cc05667_6916d291-a782-4469-8a66-e9454cc3752f.rna_seq.augmented_star_gene_counts.tsv"	"complete"	"4213813"	"b3ffc16d0c81c03d25622087d03940d1"	"b3ffc16d0c81c03d25622087d03940d1"	"downloaded; official GDC MD5 verified"
"2026-09-14 08:11:30 UTC"	"TCGA_LIHC_HCC_primary"	"KLA31_12"	"520e80a8-33c2-4bbb-9134-67c767bd526f"	"gdc_star_counts/TCGA_LIHC_HCC_primary/520e80a8-33c2-4bbb-9134-67c767bd526f_f68253ac-bbdb-46f8-9cba-fdea46828fc4.rna_seq.augmented_star_gene_counts.tsv"	"complete"	"4215418"	"e4ec2ed7ce8febd1738ee0561259da58"	"e4ec2ed7ce8febd1738ee0561259da58"	"downloaded; official GDC MD5 verified"
"2026-09-14 08:11:37 UTC"	"TCGA_LIHC_HCC_primary"	"KLA31_12"	"6080f1ab-a146-4ba7-8ca2-99204039f8e5"	"gdc_star_counts/TCGA_LIHC_HCC_primary/6080f1ab-a146-4ba7-8ca2-99204039f8e5_151ff5a0-f236-4b98-a57f-d75dbde755ab.rna_seq.augmented_star_gene_counts.tsv"	"complete"	"4229499"	"1d37d73ad2471d26ef377c11931f42e5"	"1d37d73ad2471d26ef377c11931f42e5"	"downloaded; official GDC MD5 verified"
"2026-09-14 08:11:52 UTC"	"TCGA_LIHC_HCC_primary"	"KLA31_12"	"4bc85c3a-2187-474d-9fc7-874bad1eb196"	"gdc_star_counts/TCGA_LIHC_HCC_primary/4bc85c3a-2187-474d-9fc7-874bad1eb196_8e3661d6-d095-490c-bc01-d8d7b3f23ed9.rna_seq.augmented_star_gene_counts.tsv"	"complete"	"4229753"	"3b4d766a2756293ec944cf0562dc287b"	"3b4d766a2756293ec944cf0562dc287b"	"downloaded; official GDC MD5 verified"
"2026-09-14 08:11:59 UTC"	"TCGA_LIHC_HCC_primary"	"KLA31_12"	"e106f526-1eda-40aa-80e8-ac417b0a8fb5"	"gdc_star_counts/TCGA_LIHC_HCC_primary/e106f526-1eda-40aa-80e8-ac417b0a8fb5_974d3345-ad1d-49c6-a55d-bbe364b5a44e.rna_seq.augmented_star_gene_counts.tsv"	"complete"	"4198973"	"58c494bf577ab3bedfd1c436c07db23f"	"58c494bf577ab3bedfd1c436c07db23f"	"downloaded; official GDC MD5 verified"
"2026-09-14 08:12:05 UTC"	"TCGA_LIHC_HCC_primary"	"KLA31_12"	"c3dc14bf-1f6b-4284-b303-5caf8f121c03"	"gdc_star_counts/TCGA_LIHC_HCC_primary/c3dc14bf-1f6b-4284-b303-5caf8f121c03_cb7b4121-6ee7-4e8f-8efc-6651bd5bdf3f.rna_seq.augmented_star_gene_counts.tsv"	"complete"	"4215839"	"0c145322a08a403e762cc652dd602bca"	"0c145322a08a403e762cc652dd602bca"	"downloaded; official GDC MD5 verified"
"2026-09-14 08:12:13 UTC"	"TCGA_LIHC_HCC_primary"	"KLA31_12"	"2675b7a5-87fb-481c-a09f-00116663a0a3"	"gdc_star_counts/TCGA_LIHC_HCC_primary/2675b7a5-87fb-481c-a09f-00116663a0a3_ce954e33-e1ab-4def-b5ef-82c58a6f0806.rna_seq.augmented_star_gene_counts.tsv"	"complete"	"4200026"	"e5884f3cc5fe46a2f419e2ac437d40e3"	"e5884f3cc5fe46a2f419e2ac437d40e3"	"downloaded; official GDC MD5 verified"
"2026-09-14 08:12:22 UTC"	"TCGA_LIHC_HCC_primary"	"KLA31_12"	"60332171-425b-46f5-8164-e3b1fb882036"	"gdc_star_counts/TCGA_LIHC_HCC_primary/60332171-425b-46f5-8164-e3b1fb882036_aba8d491-1d65-421a-8d13-b3d0a16dff43.rna_seq.augmented_star_gene_counts.tsv"	"complete"	"4228633"	"f8a6b873fd557d048f47e306157654bb"	"f8a6b873fd557d048f47e306157654bb"	"downloaded; official GDC MD5 verified"
"2026-09-14 08:12:29 UTC"	"TCGA_LIHC_HCC_primary"	"KLA31_12"	"8956b891-ff72-4207-a509-866e7bb62cce"	"gdc_star_counts/TCGA_LIHC_HCC_primary/8956b891-ff72-4207-a509-866e7bb62cce_1a7e9700-1994-4624-bfe9-e94f33ee3989.rna_seq.augmented_star_gene_counts.tsv"	"complete"	"4229322"	"ec5e782fa07b978be89bc7cb01447f2e"	"ec5e782fa07b978be89bc7cb01447f2e"	"downloaded; official GDC MD5 verified"
"2026-09-14 08:12:35 UTC"	"TCGA_LIHC_HCC_primary"	"KLA31_12"	"a76565ca-2a44-4ce0-8139-40c00ecdf84a"	"gdc_star_counts/TCGA_LIHC_HCC_primary/a76565ca-2a44-4ce0-8139-40c00ecdf84a_734ed05f-459e-4cd4-8d1e-e9b2d89df3ea.rna_seq.augmented_star_gene_counts.tsv"	"complete"	"4203212"	"7a57f20c7c9b79d860a2d81aa98a4e3a"	"7a57f20c7c9b79d860a2d81aa98a4e3a"	"downloaded; official GDC MD5 verified"
"2026-09-14 08:12:47 UTC"	"TCGA_LIHC_HCC_primary"	"KLA31_12"	"e9a08dd9-4a87-44d5-bc76-eb714ac62d09"	"gdc_star_counts/TCGA_LIHC_HCC_primary/e9a08dd9-4a87-44d5-bc76-eb714ac62d09_45be9c1e-b486-4657-8446-0aa69d88bf90.rna_seq.augmented_star_gene_counts.tsv"	"complete"	"4223507"	"a3688818b56923d0b2981dcad95b7ac2"	"a3688818b56923d0b2981dcad95b7ac2"	"downloaded; official GDC MD5 verified"
"2026-09-14 08:12:57 UTC"	"TCGA_LIHC_HCC_primary"	"KLA31_12"	"8177645a-a3a1-4f95-b6a1-0d2a3fd37b3c"	"gdc_star_counts/TCGA_LIHC_HCC_primary/8177645a-a3a1-4f95-b6a1-0d2a3fd37b3c_ee85234b-dd0c-4700-b245-f00055f004b6.rna_seq.augmented_star_gene_counts.tsv"	"complete"	"4220624"	"841d7ae3f4f87dbc309fbe8e8d19eaef"	"841d7ae3f4f87dbc309fbe8e8d19eaef"	"downloaded; official GDC MD5 verified"
"2026-09-14 08:13:02 UTC"	"TCGA_LIHC_HCC_primary"	"KLA31_12"	"074a7dd3-8688-4dda-9bd9-7221e32f4940"	"gdc_star_counts/TCGA_LIHC_HCC_primary/074a7dd3-8688-4dda-9bd9-7221e32f4940_b65237ee-e280-4414-90ca-6c9815801ba6.rna_seq.augmented_star_gene_counts.tsv"	"complete"	"4223374"	"9c51a6bebbe580a1de5e8001eeda3fde"	"9c51a6bebbe580a1de5e8001eeda3fde"	"downloaded; official GDC MD5 verified"
"2026-09-14 08:13:10 UTC"	"TCGA_LIHC_HCC_primary"	"KLA31_12"	"03e3e614-324f-4471-89fc-6b134605f364"	"gdc_star_counts/TCGA_LIHC_HCC_primary/03e3e614-324f-4471-89fc-6b134605f364_07ba0ffd-9a39-498d-b289-a8896d1c3caf.rna_seq.augmented_star_gene_counts.tsv"	"complete"	"4216040"	"0f50d69e555bd3de7cad8187e321cbd9"	"0f50d69e555bd3de7cad8187e321cbd9"	"downloaded; official GDC MD5 verified"
"2026-09-14 08:13:18 UTC"	"TCGA_LIHC_HCC_primary"	"KLA31_12"	"0f6b6a94-1881-45a2-a6ea-a70483f379e6"	"gdc_star_counts/TCGA_LIHC_HCC_primary/0f6b6a94-1881-45a2-a6ea-a70483f379e6_81811a46-64f2-48ab-bfd4-1a4f9e4d5554.rna_seq.augmented_star_gene_counts.tsv"	"complete"	"4202273"	"a1641aa4a3b8db0cbf004ac99425db9e"	"a1641aa4a3b8db0cbf004ac99425db9e"	"downloaded; official GDC MD5 verified"
"2026-09-14 08:13:27 UTC"	"TCGA_LIHC_HCC_primary"	"KLA31_12"	"f7297699-af69-426e-9087-c3112a92d85c"	"gdc_star_counts/TCGA_LIHC_HCC_primary/f7297699-af69-426e-9087-c3112a92d85c_cc32ff5b-0c18-41b9-b1ca-e8d1eb3d7b84.rna_seq.augmented_star_gene_counts.tsv"	"complete"	"4200963"	"7a8c404c798deeaee38d92be4dbeb850"	"7a8c404c798deeaee38d92be4dbeb850"	"downloaded; official GDC MD5 verified"
"2026-09-14 08:13:32 UTC"	"TCGA_LIHC_HCC_primary"	"KLA31_12"	"0cb37227-b328-4083-8c3c-fb8a850fc5bf"	"gdc_star_counts/TCGA_LIHC_HCC_primary/0cb37227-b328-4083-8c3c-fb8a850fc5bf_fda7f242-9bc2-477e-8603-8495d2e9f225.rna_seq.augmented_star_gene_counts.tsv"	"complete"	"4218853"	"2979b970f48c731a5c70dcb3e7626e0b"	"2979b970f48c731a5c70dcb3e7626e0b"	"downloaded; official GDC MD5 verified"
"2026-09-14 08:13:39 UTC"	"TCGA_LIHC_HCC_primary"	"KLA31_12"	"bb642fb4-07dd-44b3-b5b5-3f3d6976d677"	"gdc_star_counts/TCGA_LIHC_HCC_primary/bb642fb4-07dd-44b3-b5b5-3f3d6976d677_ac4ec2c7-9dcb-4863-9e27-00dabfa7c747.rna_seq.augmented_star_gene_counts.tsv"	"complete"	"4208115"	"c7f5e8a9484ee83b3e91c172d03d6d21"	"c7f5e8a9484ee83b3e91c172d03d6d21"	"downloaded; official GDC MD5 verified"
"2026-09-14 08:13:48 UTC"	"TCGA_LIHC_HCC_primary"	"KLA31_12"	"00fb4b52-e6a4-4ad9-bbed-584e25851aca"	"gdc_star_counts/TCGA_LIHC_HCC_primary/00fb4b52-e6a4-4ad9-bbed-584e25851aca_ba056a7d-5370-4fe9-af1e-2e3de42e205f.rna_seq.augmented_star_gene_counts.tsv"	"complete"	"4218860"	"301e03b3c03f89fab4d1a5610096020b"	"301e03b3c03f89fab4d1a5610096020b"	"downloaded; official GDC MD5 verified"
"2026-09-14 08:13:57 UTC"	"TCGA_LIHC_HCC_primary"	"KLA31_12"	"4a39b419-4c93-4c65-bdc3-075c1c067a41"	"gdc_star_counts/TCGA_LIHC_HCC_primary/4a39b419-4c93-4c65-bdc3-075c1c067a41_69044cff-0eaa-4acc-a163-4b9ab15a7595.rna_seq.augmented_star_gene_counts.tsv"	"complete"	"4234145"	"8ed372f7580a83927d627126866a7725"	"8ed372f7580a83927d627126866a7725"	"downloaded; official GDC MD5 verified"
"2026-09-14 08:14:03 UTC"	"TCGA_LIHC_HCC_primary"	"KLA31_12"	"ec255ed5-156b-4e5b-bbb7-d7841395fefe"	"gdc_star_counts/TCGA_LIHC_HCC_primary/ec255ed5-156b-4e5b-bbb7-d7841395fefe_79b50c00-e9f0-4be7-9cc4-b798a9f75702.rna_seq.augmented_star_gene_counts.tsv"	"complete"	"4217906"	"a84e82e8e5dbb1ac7aa20b4aaaa5eb10"	"a84e82e8e5dbb1ac7aa20b4aaaa5eb10"	"downloaded; official GDC MD5 verified"
"2026-09-14 08:14:11 UTC"	"TCGA_LIHC_HCC_primary"	"KLA31_12"	"9a764e34-3125-4e05-876a-0b7ca4ce4e62"	"gdc_star_counts/TCGA_LIHC_HCC_primary/9a764e34-3125-4e05-876a-0b7ca4ce4e62_c1224885-8e33-45f5-a9ee-431c9b79fb9e.rna_seq.augmented_star_gene_counts.tsv"	"complete"	"4216656"	"7666ffe35029de151512be6eb885a082"	"7666ffe35029de151512be6eb885a082"	"downloaded; official GDC MD5 verified"
"2026-09-14 08:14:20 UTC"	"TCGA_LIHC_HCC_primary"	"KLA31_12"	"c585dac6-771a-4663-a7d6-5c7d7ccae32a"	"gdc_star_counts/TCGA_LIHC_HCC_primary/c585dac6-771a-4663-a7d6-5c7d7ccae32a_7c1d65f0-c157-4502-a8ed-c88578d4eade.rna_seq.augmented_star_gene_counts.tsv"	"complete"	"4230578"	"db43e43d70fa5e92750725eecb529b0e"	"db43e43d70fa5e92750725eecb529b0e"	"downloaded; official GDC MD5 verified"
"2026-09-14 08:14:28 UTC"	"TCGA_LIHC_HCC_primary"	"KLA31_12"	"e6acd0ab-16ba-468e-b356-5e9f0ba9be67"	"gdc_star_counts/TCGA_LIHC_HCC_primary/e6acd0ab-16ba-468e-b356-5e9f0ba9be67_96d07b9b-c31c-40cc-8e12-0748cafbf5cd.rna_seq.augmented_star_gene_counts.tsv"	"complete"	"4217689"	"a312fefe2729c424cf723bfcf3aa361b"	"a312fefe2729c424cf723bfcf3aa361b"	"downloaded; official GDC MD5 verified"
"2026-09-14 08:14:33 UTC"	"TCGA_LIHC_HCC_primary"	"KLA31_12"	"922f342f-27af-4934-9760-79d7fa0f04ce"	"gdc_star_counts/TCGA_LIHC_HCC_primary/922f342f-27af-4934-9760-79d7fa0f04ce_e92a1abd-e8c0-4591-ae3f-4679af48275e.rna_seq.augmented_star_gene_counts.tsv"	"complete"	"4216106"	"a56a17a7c76c22b14dd91db2c0b781e7"	"a56a17a7c76c22b14dd91db2c0b781e7"	"downloaded; official GDC MD5 verified"
"2026-09-14 08:14:41 UTC"	"TCGA_LIHC_HCC_primary"	"KLA31_12"	"5cbb4d1e-10f5-447f-b1e0-18b45c86bb98"	"gdc_star_counts/TCGA_LIHC_HCC_primary/5cbb4d1e-10f5-447f-b1e0-18b45c86bb98_be4a42fc-e668-44f5-83aa-7976a664490f.rna_seq.augmented_star_gene_counts.tsv"	"complete"	"4236641"	"9bee1a4114945e3d3930bf0a065f33d3"	"9bee1a4114945e3d3930bf0a065f33d3"	"downloaded; official GDC MD5 verified"
"2026-09-14 08:14:50 UTC"	"TCGA_LIHC_HCC_primary"	"KLA31_12"	"d38093cf-9e44-4328-950a-37b81cf775ca"	"gdc_star_counts/TCGA_LIHC_HCC_primary/d38093cf-9e44-4328-950a-37b81cf775ca_24809123-23ac-405c-b92f-0e9d21cc4dd8.rna_seq.augmented_star_gene_counts.tsv"	"complete"	"4217581"	"ad42faaf80f75141dc02fc5e40f4b368"	"ad42faaf80f75141dc02fc5e40f4b368"	"downloaded; official GDC MD5 verified"
"2026-09-14 08:14:58 UTC"	"TCGA_LIHC_HCC_primary"	"KLA31_12"	"e820ebb7-91de-45f6-b03d-f97fca659059"	"gdc_star_counts/TCGA_LIHC_HCC_primary/e820ebb7-91de-45f6-b03d-f97fca659059_c8675707-b978-48d7-b510-186676ab831a.rna_seq.augmented_star_gene_counts.tsv"	"complete"	"4220880"	"1403e293c424596ecd0eb1993824637b"	"1403e293c424596ecd0eb1993824637b"	"downloaded; official GDC MD5 verified"
"2026-09-14 08:15:04 UTC"	"TCGA_LIHC_HCC_primary"	"KLA31_12"	"1994b978-6d9f-4f05-b88d-a6cebeabd19c"	"gdc_star_counts/TCGA_LIHC_HCC_primary/1994b978-6d9f-4f05-b88d-a6cebeabd19c_9aa968ad-63fa-4db4-97b8-042cdbb6b459.rna_seq.augmented_star_gene_counts.tsv"	"complete"	"4219151"	"b9db28e2806408fd8f6aff9ed8ee0a13"	"b9db28e2806408fd8f6aff9ed8ee0a13"	"downloaded; official GDC MD5 verified"
"2026-09-14 08:15:12 UTC"	"TCGA_LIHC_HCC_primary"	"KLA31_12"	"da5a6e23-37a0-474b-8f6a-539b56f6ac74"	"gdc_star_counts/TCGA_LIHC_HCC_primary/da5a6e23-37a0-474b-8f6a-539b56f6ac74_dc7a905c-1ee0-40c4-94aa-5d5d6e604c51.rna_seq.augmented_star_gene_counts.tsv"	"complete"	"4214508"	"c13e8ab1c1b7f0db92c2f1b008e7b210"	"c13e8ab1c1b7f0db92c2f1b008e7b210"	"downloaded; official GDC MD5 verified"
"2026-09-14 08:15:21 UTC"	"TCGA_LIHC_HCC_primary"	"KLA31_12"	"6d4ab014-ce19-42f0-9ce8-e0b03ba47a86"	"gdc_star_counts/TCGA_LIHC_HCC_primary/6d4ab014-ce19-42f0-9ce8-e0b03ba47a86_3be93921-b171-44e3-a1d8-4da348948b56.rna_seq.augmented_star_gene_counts.tsv"	"complete"	"4213604"	"9aca8e88345e78f9d2569e84ed3f9d82"	"9aca8e88345e78f9d2569e84ed3f9d82"	"downloaded; official GDC MD5 verified"
"2026-09-14 08:15:29 UTC"	"TCGA_LIHC_HCC_primary"	"KLA31_12"	"e5d09324-3744-41d8-9339-ede59d27086d"	"gdc_star_counts/TCGA_LIHC_HCC_primary/e5d09324-3744-41d8-9339-ede59d27086d_ac057bd8-d7b3-49db-822d-6f07768f842c.rna_seq.augmented_star_gene_counts.tsv"	"complete"	"4217087"	"65e76cd0bab368c6f3e59385f7d0cfbd"	"65e76cd0bab368c6f3e59385f7d0cfbd"	"downloaded; official GDC MD5 verified"
"2026-09-14 08:15:34 UTC"	"TCGA_LIHC_HCC_primary"	"KLA31_12"	"678a19cb-a88c-4093-b6b5-07c63237c42b"	"gdc_star_counts/TCGA_LIHC_HCC_primary/678a19cb-a88c-4093-b6b5-07c63237c42b_6cae08b5-33e9-4a0c-b399-3bc723f6e10f.rna_seq.augmented_star_gene_counts.tsv"	"complete"	"4203346"	"e5312b7854919afa3f000612727623fb"	"e5312b7854919afa3f000612727623fb"	"downloaded; official GDC MD5 verified"
"2026-09-14 08:15:42 UTC"	"TCGA_LIHC_HCC_primary"	"KLA31_12"	"fe9e4c81-7149-4cfd-b1a2-60884268988b"	"gdc_star_counts/TCGA_LIHC_HCC_primary/fe9e4c81-7149-4cfd-b1a2-60884268988b_8f7fc4d6-30f6-4361-94f3-48ef923cc9ec.rna_seq.augmented_star_gene_counts.tsv"	"complete"	"4205529"	"4e58e0d392f63de6cc556025b8c68d76"	"4e58e0d392f63de6cc556025b8c68d76"	"downloaded; official GDC MD5 verified"
"2026-09-14 08:15:57 UTC"	"TCGA_LIHC_HCC_primary"	"KLA31_12"	"c62d541d-71d6-461c-b316-6e4a4238d050"	"gdc_star_counts/TCGA_LIHC_HCC_primary/c62d541d-71d6-461c-b316-6e4a4238d050_17692fc8-9ad4-4751-b389-707f12d1b357.rna_seq.augmented_star_gene_counts.tsv"	"complete"	"4225655"	"f18fd36e5c027af5ac01b6fb27e6ac0b"	"f18fd36e5c027af5ac01b6fb27e6ac0b"	"downloaded; official GDC MD5 verified"
"2026-09-14 08:16:02 UTC"	"TCGA_LIHC_HCC_primary"	"KLA31_12"	"f12570e9-0af7-4882-8cd5-33171e3537b0"	"gdc_star_counts/TCGA_LIHC_HCC_primary/f12570e9-0af7-4882-8cd5-33171e3537b0_ea02af31-a02a-457a-acca-6003c8584b2d.rna_seq.augmented_star_gene_counts.tsv"	"complete"	"4235735"	"deb0517233d8b9c1010500a0fa2feb5e"	"deb0517233d8b9c1010500a0fa2feb5e"	"downloaded; official GDC MD5 verified"
"2026-09-14 08:16:09 UTC"	"TCGA_LIHC_HCC_primary"	"KLA31_12"	"d2fea0af-ffc7-45c7-a6cc-6cc7379df6fb"	"gdc_star_counts/TCGA_LIHC_HCC_primary/d2fea0af-ffc7-45c7-a6cc-6cc7379df6fb_8096a292-e2e5-4e8f-af7b-ce2e41a5544f.rna_seq.augmented_star_gene_counts.tsv"	"complete"	"4206773"	"c9e82c372d087379d386e3af351c5e44"	"c9e82c372d087379d386e3af351c5e44"	"downloaded; official GDC MD5 verified"
"2026-09-14 08:16:18 UTC"	"TCGA_LIHC_HCC_primary"	"KLA31_12"	"6e42eeef-4aa8-4e27-8f2d-57c3d8401602"	"gdc_star_counts/TCGA_LIHC_HCC_primary/6e42eeef-4aa8-4e27-8f2d-57c3d8401602_3ab4bb66-d6cd-4df8-9e0b-c3ce0c06c0e7.rna_seq.augmented_star_gene_counts.tsv"	"complete"	"4216535"	"d5a50e3480525fe5629332edb10700d9"	"d5a50e3480525fe5629332edb10700d9"	"downloaded; official GDC MD5 verified"
"2026-09-14 08:16:27 UTC"	"TCGA_LIHC_HCC_primary"	"KLA31_12"	"572d387f-648a-4547-871a-f0be87a9d3ee"	"gdc_star_counts/TCGA_LIHC_HCC_primary/572d387f-648a-4547-871a-f0be87a9d3ee_d17659bf-fc02-4c26-bb3c-206fc71e644d.rna_seq.augmented_star_gene_counts.tsv"	"complete"	"4212635"	"a1e0fbe82f8611928d63bd58bd6a12e1"	"a1e0fbe82f8611928d63bd58bd6a12e1"	"downloaded; official GDC MD5 verified"
"2026-09-14 08:16:33 UTC"	"TCGA_LIHC_HCC_primary"	"KLA31_12"	"d4aaf7f0-4944-46c7-a755-38976d004915"	"gdc_star_counts/TCGA_LIHC_HCC_primary/d4aaf7f0-4944-46c7-a755-38976d004915_7e0e5876-f19b-4c72-b06f-bb6d6bc01d67.rna_seq.augmented_star_gene_counts.tsv"	"complete"	"4209172"	"cbc6b201159c16a04456e88b5e18b4b1"	"cbc6b201159c16a04456e88b5e18b4b1"	"downloaded; official GDC MD5 verified"
"2026-09-14 08:16:41 UTC"	"TCGA_LIHC_HCC_primary"	"KLA31_12"	"9967f8e8-1445-46bc-9c4f-c32f43705546"	"gdc_star_counts/TCGA_LIHC_HCC_primary/9967f8e8-1445-46bc-9c4f-c32f43705546_c83b9b6b-401b-4999-b075-3eaac28b0957.rna_seq.augmented_star_gene_counts.tsv"	"complete"	"4223043"	"b46f6c7d426098132eda51559ff882c4"	"b46f6c7d426098132eda51559ff882c4"	"downloaded; official GDC MD5 verified"
"2026-09-14 08:16:51 UTC"	"TCGA_LIHC_HCC_primary"	"KLA31_12"	"2af41f58-7487-493b-9839-cc8719adf8d0"	"gdc_star_counts/TCGA_LIHC_HCC_primary/2af41f58-7487-493b-9839-cc8719adf8d0_ef3f524a-1496-408d-a9f0-cdf029be4830.rna_seq.augmented_star_gene_counts.tsv"	"complete"	"4206654"	"77885aff0c3f45b6ea8e113a4786e6af"	"77885aff0c3f45b6ea8e113a4786e6af"	"downloaded; official GDC MD5 verified"
"2026-09-14 08:17:01 UTC"	"TCGA_LIHC_HCC_primary"	"KLA31_12"	"6499e9dc-8755-47c0-845d-c570da6f908e"	"gdc_star_counts/TCGA_LIHC_HCC_primary/6499e9dc-8755-47c0-845d-c570da6f908e_8acd0b6c-f45d-432c-a78c-51690c3bc5fd.rna_seq.augmented_star_gene_counts.tsv"	"complete"	"4220117"	"1a65c45c138c98894672e01b2087994e"	"1a65c45c138c98894672e01b2087994e"	"downloaded; official GDC MD5 verified"
"2026-09-14 08:17:07 UTC"	"TCGA_LIHC_HCC_primary"	"KLA31_12"	"cc0010d2-52db-4b15-a750-dd57d148520b"	"gdc_star_counts/TCGA_LIHC_HCC_primary/cc0010d2-52db-4b15-a750-dd57d148520b_d85ea3ad-ab38-453d-b382-06cea6bc9e1b.rna_seq.augmented_star_gene_counts.tsv"	"complete"	"4219783"	"46b54eb195c2bfe4af01aa65fb14a6fc"	"46b54eb195c2bfe4af01aa65fb14a6fc"	"downloaded; official GDC MD5 verified"
"2026-09-14 08:17:16 UTC"	"TCGA_LIHC_HCC_primary"	"KLA31_12"	"34e4aff7-ee34-4534-8eac-285fde1f2eab"	"gdc_star_counts/TCGA_LIHC_HCC_primary/34e4aff7-ee34-4534-8eac-285fde1f2eab_c4a1b18b-b240-4a20-b1b0-f0b77542373a.rna_seq.augmented_star_gene_counts.tsv"	"complete"	"4196857"	"0165476eb86ed128c96713d72570e98a"	"0165476eb86ed128c96713d72570e98a"	"downloaded; official GDC MD5 verified"
"2026-09-14 08:17:26 UTC"	"TCGA_LIHC_HCC_primary"	"KLA31_12"	"c8a17ec0-e9fb-4edc-9904-de8b6871a066"	"gdc_star_counts/TCGA_LIHC_HCC_primary/c8a17ec0-e9fb-4edc-9904-de8b6871a066_df0a6cb8-24c8-4e68-9458-2b76d9f13ee0.rna_seq.augmented_star_gene_counts.tsv"	"complete"	"4208637"	"66eb7c6c83026e0df51fb99a83060129"	"66eb7c6c83026e0df51fb99a83060129"	"downloaded; official GDC MD5 verified"
"2026-09-14 08:17:31 UTC"	"TCGA_LIHC_HCC_primary"	"KLA31_12"	"a231db46-6db3-43ef-8209-22f5c3c013d6"	"gdc_star_counts/TCGA_LIHC_HCC_primary/a231db46-6db3-43ef-8209-22f5c3c013d6_27e73591-5670-489a-bafa-e4d8b34d74b7.rna_seq.augmented_star_gene_counts.tsv"	"complete"	"4226574"	"03795a9ba659e751165de6f6492358e7"	"03795a9ba659e751165de6f6492358e7"	"downloaded; official GDC MD5 verified"
"2026-09-14 08:17:38 UTC"	"TCGA_LIHC_HCC_primary"	"KLA31_12"	"9fa7d342-2062-4a94-8cdf-928b86b98c5b"	"gdc_star_counts/TCGA_LIHC_HCC_primary/9fa7d342-2062-4a94-8cdf-928b86b98c5b_c5ac862b-ef1c-4299-9afb-99d5f0e52fdc.rna_seq.augmented_star_gene_counts.tsv"	"complete"	"4225694"	"1636e36e8d2eb69e573c62c5f0e55714"	"1636e36e8d2eb69e573c62c5f0e55714"	"downloaded; official GDC MD5 verified"
"2026-09-14 08:17:47 UTC"	"TCGA_LIHC_HCC_primary"	"KLA31_12"	"3a872621-c164-4e4a-8271-a637a726d63b"	"gdc_star_counts/TCGA_LIHC_HCC_primary/3a872621-c164-4e4a-8271-a637a726d63b_4d017184-bc82-462e-8331-5f985205f201.rna_seq.augmented_star_gene_counts.tsv"	"complete"	"4216796"	"bdfa544f1282a75fe7e8e9b34ed66ac5"	"bdfa544f1282a75fe7e8e9b34ed66ac5"	"downloaded; official GDC MD5 verified"
"2026-09-14 08:17:56 UTC"	"TCGA_LIHC_HCC_primary"	"KLA31_12"	"b2646119-db5e-4591-827d-ad38195b822e"	"gdc_star_counts/TCGA_LIHC_HCC_primary/b2646119-db5e-4591-827d-ad38195b822e_3664c072-bf3f-42ac-9927-89b15993c72e.rna_seq.augmented_star_gene_counts.tsv"	"complete"	"4193354"	"ac3427db98ed2da0f52f8dada881b1d1"	"ac3427db98ed2da0f52f8dada881b1d1"	"downloaded; official GDC MD5 verified"
"2026-09-14 08:18:02 UTC"	"TCGA_LIHC_HCC_primary"	"KLA31_12"	"8336ea51-7b0f-4fc5-b684-94c03d640da9"	"gdc_star_counts/TCGA_LIHC_HCC_primary/8336ea51-7b0f-4fc5-b684-94c03d640da9_46622c50-de5b-4dde-a9c7-386d571817d8.rna_seq.augmented_star_gene_counts.tsv"	"complete"	"4214047"	"8652f6c25b39e20aaf784310b16783a1"	"8652f6c25b39e20aaf784310b16783a1"	"downloaded; official GDC MD5 verified"
"2026-09-14 08:18:14 UTC"	"TCGA_LIHC_HCC_primary"	"KLA31_12"	"fcff3742-b3b9-4860-931f-819d85164bc7"	"gdc_star_counts/TCGA_LIHC_HCC_primary/fcff3742-b3b9-4860-931f-819d85164bc7_d4db8178-db27-4b1c-8cf9-018420a91335.rna_seq.augmented_star_gene_counts.tsv"	"complete"	"4209963"	"472ab867b5ec36db10f0b3e80c3c7e61"	"472ab867b5ec36db10f0b3e80c3c7e61"	"downloaded; official GDC MD5 verified"
"2026-09-14 08:18:23 UTC"	"TCGA_LIHC_HCC_primary"	"KLA31_12"	"7da0d21d-971c-420b-9fcd-e9c86134d129"	"gdc_star_counts/TCGA_LIHC_HCC_primary/7da0d21d-971c-420b-9fcd-e9c86134d129_bdf99841-cf6b-4544-823f-3e50d1fe04f1.rna_seq.augmented_star_gene_counts.tsv"	"complete"	"4216592"	"66148bb27b9d776dd84d787299fa2eed"	"66148bb27b9d776dd84d787299fa2eed"	"downloaded; official GDC MD5 verified"
"2026-09-14 08:18:29 UTC"	"TCGA_LIHC_HCC_primary"	"KLA31_12"	"59c0ae99-4212-4ba3-ae15-53e41b6681b6"	"gdc_star_counts/TCGA_LIHC_HCC_primary/59c0ae99-4212-4ba3-ae15-53e41b6681b6_7ec25db7-c66d-4511-bc2e-3f2d32a0eac1.rna_seq.augmented_star_gene_counts.tsv"	"complete"	"4207459"	"3a69a404b39d96a15bc8bf99a5092d89"	"3a69a404b39d96a15bc8bf99a5092d89"	"downloaded; official GDC MD5 verified"
"2026-09-14 08:18:35 UTC"	"TCGA_LIHC_HCC_primary"	"KLA31_12"	"ac431eeb-97c7-4c44-aabe-350bda67d59d"	"gdc_star_counts/TCGA_LIHC_HCC_primary/ac431eeb-97c7-4c44-aabe-350bda67d59d_7e019662-154e-4eca-b85c-ac01411fabea.rna_seq.augmented_star_gene_counts.tsv"	"complete"	"4223139"	"6655ebe776e013f1a811354993a6d1fd"	"6655ebe776e013f1a811354993a6d1fd"	"downloaded; official GDC MD5 verified"
"2026-09-14 08:18:43 UTC"	"TCGA_LIHC_HCC_primary"	"KLA31_12"	"2a986418-6f8a-4c4c-93a1-5e1abf69057b"	"gdc_star_counts/TCGA_LIHC_HCC_primary/2a986418-6f8a-4c4c-93a1-5e1abf69057b_5d220ed4-22c2-4ff1-b597-3822204d57e7.rna_seq.augmented_star_gene_counts.tsv"	"complete"	"4224809"	"68b185043a0f7abe9a87e012178f22f1"	"68b185043a0f7abe9a87e012178f22f1"	"downloaded; official GDC MD5 verified"
"2026-09-14 08:18:52 UTC"	"TCGA_LIHC_HCC_primary"	"KLA31_12"	"e9320bf6-7e13-4cdb-bde3-a64c581622d4"	"gdc_star_counts/TCGA_LIHC_HCC_primary/e9320bf6-7e13-4cdb-bde3-a64c581622d4_a21df824-3f31-4f4d-aed6-34cf0fe6c01f.rna_seq.augmented_star_gene_counts.tsv"	"complete"	"4205097"	"dcc839daa5a6294c881055642bd643ee"	"dcc839daa5a6294c881055642bd643ee"	"downloaded; official GDC MD5 verified"
"2026-09-14 08:18:59 UTC"	"TCGA_LIHC_HCC_primary"	"KLA31_12"	"9a82faa3-37c0-4951-ac43-2c04f2bbf437"	"gdc_star_counts/TCGA_LIHC_HCC_primary/9a82faa3-37c0-4951-ac43-2c04f2bbf437_d817d1df-e655-4741-9f29-066f02345dfa.rna_seq.augmented_star_gene_counts.tsv"	"complete"	"4218843"	"bbf568f4dcd0cf29d9aac8c2418aa853"	"bbf568f4dcd0cf29d9aac8c2418aa853"	"downloaded; official GDC MD5 verified"
"2026-09-14 08:19:05 UTC"	"TCGA_LIHC_HCC_primary"	"KLA31_12"	"263e5d51-be7b-453e-9e83-e8f72fe8e103"	"gdc_star_counts/TCGA_LIHC_HCC_primary/263e5d51-be7b-453e-9e83-e8f72fe8e103_26fcd293-38d7-47b5-9a9f-2f366cc3389d.rna_seq.augmented_star_gene_counts.tsv"	"complete"	"4211128"	"5429375c2341e4df1c44f3f0e4518b13"	"5429375c2341e4df1c44f3f0e4518b13"	"downloaded; official GDC MD5 verified"
"2026-09-14 08:19:13 UTC"	"TCGA_LIHC_HCC_primary"	"KLA31_12"	"1d046beb-d3fc-474b-aedd-04249e061e71"	"gdc_star_counts/TCGA_LIHC_HCC_primary/1d046beb-d3fc-474b-aedd-04249e061e71_e175cacf-8bb9-42a4-a68d-fef90e587e5b.rna_seq.augmented_star_gene_counts.tsv"	"complete"	"4222936"	"add3c22794c8ad94482525c2bd67307d"	"add3c22794c8ad94482525c2bd67307d"	"downloaded; official GDC MD5 verified"
"2026-09-14 08:19:28 UTC"	"TCGA_LIHC_HCC_primary"	"KLA31_12"	"83fae235-032f-428c-850c-1e5bda92339c"	"gdc_star_counts/TCGA_LIHC_HCC_primary/83fae235-032f-428c-850c-1e5bda92339c_6ff7be81-1c7d-4a49-b5ab-3b1c171d4f87.rna_seq.augmented_star_gene_counts.tsv"	"complete"	"4216074"	"09a5f934e64f1ff5815342b0b9c0b9b6"	"09a5f934e64f1ff5815342b0b9c0b9b6"	"downloaded; official GDC MD5 verified"
"2026-09-14 08:19:33 UTC"	"TCGA_LIHC_HCC_primary"	"KLA31_12"	"9e4fda92-023e-4405-b5ed-6d57fa2b5b8a"	"gdc_star_counts/TCGA_LIHC_HCC_primary/9e4fda92-023e-4405-b5ed-6d57fa2b5b8a_a536b1b0-d13a-4e5d-897f-9b8ba38597f9.rna_seq.augmented_star_gene_counts.tsv"	"complete"	"4224248"	"53e7363ad2d698accddc5b82093825ff"	"53e7363ad2d698accddc5b82093825ff"	"downloaded; official GDC MD5 verified"
"2026-09-14 08:19:41 UTC"	"TCGA_LIHC_HCC_primary"	"KLA31_12"	"4016e261-2cd4-4651-af30-de2cbf038a8a"	"gdc_star_counts/TCGA_LIHC_HCC_primary/4016e261-2cd4-4651-af30-de2cbf038a8a_8e3828b8-8928-4c23-bb86-3dac58b416ae.rna_seq.augmented_star_gene_counts.tsv"	"complete"	"4221226"	"dce57cb052b51a00fd2d46cd824dc588"	"dce57cb052b51a00fd2d46cd824dc588"	"downloaded; official GDC MD5 verified"
"2026-09-14 08:19:50 UTC"	"TCGA_LIHC_HCC_primary"	"KLA31_12"	"d4426c56-9349-4770-b13c-17a2173015a0"	"gdc_star_counts/TCGA_LIHC_HCC_primary/d4426c56-9349-4770-b13c-17a2173015a0_96038519-51a9-4188-bc3c-5e5a4d219a77.rna_seq.augmented_star_gene_counts.tsv"	"complete"	"4230347"	"0504f3fae49d7d10209f2da4021a1c8c"	"0504f3fae49d7d10209f2da4021a1c8c"	"downloaded; official GDC MD5 verified"
"2026-09-14 08:19:58 UTC"	"TCGA_LIHC_HCC_primary"	"KLA31_12"	"757821dd-1fce-428d-985e-beb33d18842e"	"gdc_star_counts/TCGA_LIHC_HCC_primary/757821dd-1fce-428d-985e-beb33d18842e_4b5ffc48-de6c-4f22-92c8-8c41c821a37f.rna_seq.augmented_star_gene_counts.tsv"	"complete"	"4217933"	"a78b5c6551775fee80c31ab3192a9543"	"a78b5c6551775fee80c31ab3192a9543"	"downloaded; official GDC MD5 verified"
"2026-09-14 08:20:03 UTC"	"TCGA_LIHC_HCC_primary"	"KLA31_12"	"a9ebd2a0-200c-4be1-8fc2-26d5408ee04a"	"gdc_star_counts/TCGA_LIHC_HCC_primary/a9ebd2a0-200c-4be1-8fc2-26d5408ee04a_caee412d-a4b7-4bb7-b32b-fc1ea37dae0d.rna_seq.augmented_star_gene_counts.tsv"	"complete"	"4196412"	"feed15c2470eec11672e8f2196bae4f4"	"feed15c2470eec11672e8f2196bae4f4"	"downloaded; official GDC MD5 verified"
"2026-09-14 08:20:11 UTC"	"TCGA_LIHC_HCC_primary"	"KLA31_12"	"1cc916ad-8d93-4be4-a6a5-95c411cc57a9"	"gdc_star_counts/TCGA_LIHC_HCC_primary/1cc916ad-8d93-4be4-a6a5-95c411cc57a9_c93de8da-4aa3-498e-83df-0ae6819b3d74.rna_seq.augmented_star_gene_counts.tsv"	"complete"	"4245070"	"ca1133c64155daa81dfd53aeceee120e"	"ca1133c64155daa81dfd53aeceee120e"	"downloaded; official GDC MD5 verified"
"2026-09-14 08:20:20 UTC"	"TCGA_LIHC_HCC_primary"	"KLA31_12"	"feb06cd1-e6f5-4e39-9b19-a6479f751c38"	"gdc_star_counts/TCGA_LIHC_HCC_primary/feb06cd1-e6f5-4e39-9b19-a6479f751c38_d55e7a4a-5576-4da3-a37b-b28390ae0393.rna_seq.augmented_star_gene_counts.tsv"	"complete"	"4203580"	"07e1f2c4cf68e2cbcefb3274a3f50f56"	"07e1f2c4cf68e2cbcefb3274a3f50f56"	"downloaded; official GDC MD5 verified"
"2026-09-14 08:20:28 UTC"	"TCGA_LIHC_HCC_primary"	"KLA31_12"	"ad30a245-b70d-44de-b3bf-b4dc4cbc2d18"	"gdc_star_counts/TCGA_LIHC_HCC_primary/ad30a245-b70d-44de-b3bf-b4dc4cbc2d18_bf31551a-22a7-4840-b734-748efb6301c4.rna_seq.augmented_star_gene_counts.tsv"	"complete"	"4186467"	"2ebbb1eb720fef51e7a7bf40fd02f011"	"2ebbb1eb720fef51e7a7bf40fd02f011"	"downloaded; official GDC MD5 verified"
"2026-09-14 08:20:33 UTC"	"TCGA_LIHC_HCC_primary"	"KLA31_12"	"c144fb4d-180e-4736-bbe9-3f7bfe02e188"	"gdc_star_counts/TCGA_LIHC_HCC_primary/c144fb4d-180e-4736-bbe9-3f7bfe02e188_45209842-481c-487b-bc91-f3f2d0b8564d.rna_seq.augmented_star_gene_counts.tsv"	"complete"	"4206822"	"0c3f5d67af6bb0f840443fcd7286f811"	"0c3f5d67af6bb0f840443fcd7286f811"	"downloaded; official GDC MD5 verified"
"2026-09-14 08:20:41 UTC"	"TCGA_LIHC_HCC_primary"	"KLA31_12"	"741f648e-87f2-4c61-b1d5-41579841aa58"	"gdc_star_counts/TCGA_LIHC_HCC_primary/741f648e-87f2-4c61-b1d5-41579841aa58_402a5fcc-3fd0-4061-93e7-1565bdc84a99.rna_seq.augmented_star_gene_counts.tsv"	"complete"	"4216910"	"ced5303b914464009dd525f9e75789db"	"ced5303b914464009dd525f9e75789db"	"downloaded; official GDC MD5 verified"
"2026-09-14 08:20:50 UTC"	"TCGA_LIHC_HCC_primary"	"KLA31_12"	"fd229d04-f96d-4e4f-bef7-24bbb9e1fffc"	"gdc_star_counts/TCGA_LIHC_HCC_primary/fd229d04-f96d-4e4f-bef7-24bbb9e1fffc_14e1be2c-29eb-4d35-b813-c29d85b096c4.rna_seq.augmented_star_gene_counts.tsv"	"complete"	"4208570"	"275c03da1b108c9579b3e87528639d2f"	"275c03da1b108c9579b3e87528639d2f"	"downloaded; official GDC MD5 verified"
"2026-09-14 08:20:58 UTC"	"TCGA_LIHC_HCC_primary"	"KLA31_12"	"4c9f5934-7014-4f10-bacb-758d02cd6584"	"gdc_star_counts/TCGA_LIHC_HCC_primary/4c9f5934-7014-4f10-bacb-758d02cd6584_8b6bb4a3-2bd0-4221-a4d7-9641c24b0681.rna_seq.augmented_star_gene_counts.tsv"	"complete"	"4215993"	"693946479cb77a4b435b32b13ced9f06"	"693946479cb77a4b435b32b13ced9f06"	"downloaded; official GDC MD5 verified"
"2026-09-14 08:21:07 UTC"	"TCGA_LIHC_HCC_primary"	"KLA31_12"	"6983f3b9-c9ba-433a-8f13-6429122ca395"	"gdc_star_counts/TCGA_LIHC_HCC_primary/6983f3b9-c9ba-433a-8f13-6429122ca395_6671e092-52aa-4fff-b052-21bfe69a1658.rna_seq.augmented_star_gene_counts.tsv"	"complete"	"4225782"	"03a2fc14a92425733810d7192c521057"	"03a2fc14a92425733810d7192c521057"	"downloaded; official GDC MD5 verified"
"2026-09-14 08:21:16 UTC"	"TCGA_LIHC_HCC_primary"	"KLA31_12"	"c04adf74-2502-451b-ad91-13ebbceb2383"	"gdc_star_counts/TCGA_LIHC_HCC_primary/c04adf74-2502-451b-ad91-13ebbceb2383_eade4cc1-86ca-4a1c-a87b-cfdd76d9a060.rna_seq.augmented_star_gene_counts.tsv"	"complete"	"4216826"	"0b6e7af88d367aa826f9afa446c7aa85"	"0b6e7af88d367aa826f9afa446c7aa85"	"downloaded; official GDC MD5 verified"
"2026-09-14 08:21:26 UTC"	"TCGA_LIHC_HCC_primary"	"KLA31_12"	"ce1ff3ae-dcdd-4444-9a00-e74d018b833d"	"gdc_star_counts/TCGA_LIHC_HCC_primary/ce1ff3ae-dcdd-4444-9a00-e74d018b833d_b575a230-b1ee-40b0-934a-64d73e3ca0af.rna_seq.augmented_star_gene_counts.tsv"	"complete"	"4226853"	"57972c185d4e288a88c83cb95cfbef01"	"57972c185d4e288a88c83cb95cfbef01"	"downloaded; official GDC MD5 verified"
"2026-09-14 08:21:32 UTC"	"TCGA_LIHC_HCC_primary"	"KLA31_12"	"86170815-fb54-494b-95e7-4657946f2d17"	"gdc_star_counts/TCGA_LIHC_HCC_primary/86170815-fb54-494b-95e7-4657946f2d17_81d97d2b-4f2a-4f50-b37b-7ca91a1d19e9.rna_seq.augmented_star_gene_counts.tsv"	"complete"	"4203210"	"7f0053e7871c0b50d304bfff3f372085"	"7f0053e7871c0b50d304bfff3f372085"	"downloaded; official GDC MD5 verified"
"2026-09-14 08:21:43 UTC"	"TCGA_LIHC_HCC_primary"	"KLA31_12"	"ebd9a9d0-c711-42e3-a382-9ef1fb5b7184"	"gdc_star_counts/TCGA_LIHC_HCC_primary/ebd9a9d0-c711-42e3-a382-9ef1fb5b7184_6d45b3c6-aff6-4849-be65-6bdd64dc2002.rna_seq.augmented_star_gene_counts.tsv"	"complete"	"4225506"	"594c67608fe256a805534743194fe8f2"	"594c67608fe256a805534743194fe8f2"	"downloaded; official GDC MD5 verified"
"2026-09-14 08:21:52 UTC"	"TCGA_LIHC_HCC_primary"	"KLA31_12"	"70aed113-9cee-4797-bd82-476a84b4b7e4"	"gdc_star_counts/TCGA_LIHC_HCC_primary/70aed113-9cee-4797-bd82-476a84b4b7e4_6e2e99b7-d686-4a88-867c-edbcc22acaed.rna_seq.augmented_star_gene_counts.tsv"	"complete"	"4214864"	"daf404d4524260edff5a933524a5011f"	"daf404d4524260edff5a933524a5011f"	"downloaded; official GDC MD5 verified"
"2026-09-14 08:21:59 UTC"	"TCGA_LIHC_HCC_primary"	"KLA31_12"	"c5a36c36-b9eb-4d09-94bd-9b7b6b0b992e"	"gdc_star_counts/TCGA_LIHC_HCC_primary/c5a36c36-b9eb-4d09-94bd-9b7b6b0b992e_d6cf34c3-a7ad-4dfd-92ee-b2b689515471.rna_seq.augmented_star_gene_counts.tsv"	"complete"	"4203091"	"57f7dd85b3636cf511a69f215c99b925"	"57f7dd85b3636cf511a69f215c99b925"	"downloaded; official GDC MD5 verified"
"2026-09-14 08:22:05 UTC"	"TCGA_LIHC_HCC_primary"	"KLA31_12"	"f2f970cd-cf1c-43e3-8817-3a5aecab8ae3"	"gdc_star_counts/TCGA_LIHC_HCC_primary/f2f970cd-cf1c-43e3-8817-3a5aecab8ae3_e542fb86-0a49-4605-9c90-db135ab74bec.rna_seq.augmented_star_gene_counts.tsv"	"complete"	"4222499"	"9a1d674a383406b5ac91effd173fd443"	"9a1d674a383406b5ac91effd173fd443"	"downloaded; official GDC MD5 verified"
"2026-09-14 08:22:13 UTC"	"TCGA_LIHC_HCC_primary"	"KLA31_12"	"4718e60a-dc0a-4f8c-8af1-7067dba3aac3"	"gdc_star_counts/TCGA_LIHC_HCC_primary/4718e60a-dc0a-4f8c-8af1-7067dba3aac3_7b901b84-6702-408f-95bc-d5b79ba58ffa.rna_seq.augmented_star_gene_counts.tsv"	"complete"	"4197257"	"dadf8a98d6798b28d2d4bcbade2086ff"	"dadf8a98d6798b28d2d4bcbade2086ff"	"downloaded; official GDC MD5 verified"
"2026-09-14 08:22:23 UTC"	"TCGA_LIHC_HCC_primary"	"KLA31_12"	"772bdab0-f31c-441e-b79e-240fd622079b"	"gdc_star_counts/TCGA_LIHC_HCC_primary/772bdab0-f31c-441e-b79e-240fd622079b_3a390e78-ce52-4743-898c-8c529b342cad.rna_seq.augmented_star_gene_counts.tsv"	"complete"	"4220074"	"9d28999e616623cd5939c812f84bf217"	"9d28999e616623cd5939c812f84bf217"	"downloaded; official GDC MD5 verified"
"2026-09-14 08:22:30 UTC"	"TCGA_LIHC_HCC_primary"	"KLA31_12"	"72b4e1c9-0c5b-4110-9650-0505cc5fce3a"	"gdc_star_counts/TCGA_LIHC_HCC_primary/72b4e1c9-0c5b-4110-9650-0505cc5fce3a_8be7d2b4-3bf5-49a5-97fb-97bdb5c29295.rna_seq.augmented_star_gene_counts.tsv"	"complete"	"4237440"	"174a1f194f6fc22ac25f6b6e1f19d600"	"174a1f194f6fc22ac25f6b6e1f19d600"	"downloaded; official GDC MD5 verified"
"2026-09-14 08:22:35 UTC"	"TCGA_LIHC_HCC_primary"	"KLA31_12"	"fad707d3-c11c-4aec-a5d8-53c4622011d1"	"gdc_star_counts/TCGA_LIHC_HCC_primary/fad707d3-c11c-4aec-a5d8-53c4622011d1_d3a93bb2-1aeb-4deb-8224-d9a1dbda390b.rna_seq.augmented_star_gene_counts.tsv"	"complete"	"4214197"	"c07e55037ad8a037d64618fe378e6604"	"c07e55037ad8a037d64618fe378e6604"	"downloaded; official GDC MD5 verified"
"2026-09-14 08:22:44 UTC"	"TCGA_LIHC_HCC_primary"	"KLA31_12"	"32168e04-7f7d-4be9-9e68-cd6d04bcebd6"	"gdc_star_counts/TCGA_LIHC_HCC_primary/32168e04-7f7d-4be9-9e68-cd6d04bcebd6_85f6b345-ab15-4095-9686-b434221b66e6.rna_seq.augmented_star_gene_counts.tsv"	"complete"	"4220506"	"d34a17724d9fa20c9369d99ffd64953d"	"d34a17724d9fa20c9369d99ffd64953d"	"downloaded; official GDC MD5 verified"
"2026-09-14 08:22:57 UTC"	"TCGA_LIHC_HCC_primary"	"KLA31_12"	"19533c53-3be7-4ede-bf65-d805e82aaf2b"	"gdc_star_counts/TCGA_LIHC_HCC_primary/19533c53-3be7-4ede-bf65-d805e82aaf2b_a877ebcc-8616-4dfd-b00b-bdd6f45d6371.rna_seq.augmented_star_gene_counts.tsv"	"complete"	"4228799"	"4a6d705cae779f36d7ae11f682f41a33"	"4a6d705cae779f36d7ae11f682f41a33"	"downloaded; official GDC MD5 verified"
"2026-09-14 08:23:03 UTC"	"TCGA_LIHC_HCC_primary"	"KLA31_12"	"9055c145-8bca-4056-b43e-7899539333f6"	"gdc_star_counts/TCGA_LIHC_HCC_primary/9055c145-8bca-4056-b43e-7899539333f6_77005fc3-4d4e-419e-93b1-9dfe6999f587.rna_seq.augmented_star_gene_counts.tsv"	"complete"	"4223762"	"b33d0c542c3e62f6373d3ded1d1b7df9"	"b33d0c542c3e62f6373d3ded1d1b7df9"	"downloaded; official GDC MD5 verified"
"2026-09-14 08:23:11 UTC"	"TCGA_LIHC_HCC_primary"	"KLA31_12"	"97a1f82c-7e86-441e-9f95-6a8e30161e51"	"gdc_star_counts/TCGA_LIHC_HCC_primary/97a1f82c-7e86-441e-9f95-6a8e30161e51_57d2ec02-2e8f-4ea4-8571-1c5f6078d554.rna_seq.augmented_star_gene_counts.tsv"	"complete"	"4225050"	"7acc6e6cedbe4bf3f613ca86974092f8"	"7acc6e6cedbe4bf3f613ca86974092f8"	"downloaded; official GDC MD5 verified"
"2026-09-14 08:23:20 UTC"	"TCGA_LIHC_HCC_primary"	"KLA31_12"	"5a1259f8-620d-42be-900f-65aacb6a6b43"	"gdc_star_counts/TCGA_LIHC_HCC_primary/5a1259f8-620d-42be-900f-65aacb6a6b43_2de83d09-9782-42f1-9434-8df1f3bab7fd.rna_seq.augmented_star_gene_counts.tsv"	"complete"	"4192719"	"a089685437ab6d308d1befa377feb161"	"a089685437ab6d308d1befa377feb161"	"downloaded; official GDC MD5 verified"
"2026-09-14 08:23:28 UTC"	"TCGA_LIHC_HCC_primary"	"KLA31_12"	"9ebb875a-484b-4b77-aa66-2f727cb3eb7a"	"gdc_star_counts/TCGA_LIHC_HCC_primary/9ebb875a-484b-4b77-aa66-2f727cb3eb7a_26be3fb3-4d31-4707-8af2-e21220262bb3.rna_seq.augmented_star_gene_counts.tsv"	"complete"	"4215581"	"5363c5ba29fed4428afb2cadc920befd"	"5363c5ba29fed4428afb2cadc920befd"	"downloaded; official GDC MD5 verified"
"2026-09-14 08:23:33 UTC"	"TCGA_LIHC_HCC_primary"	"KLA31_12"	"ac75e490-0291-4133-92aa-ac4d330f58cf"	"gdc_star_counts/TCGA_LIHC_HCC_primary/ac75e490-0291-4133-92aa-ac4d330f58cf_82ea8208-db0e-4f7c-ac6b-1b7b48e6d671.rna_seq.augmented_star_gene_counts.tsv"	"complete"	"4206119"	"04f500ef8b6f78c1ec6cfa5b645d4678"	"04f500ef8b6f78c1ec6cfa5b645d4678"	"downloaded; official GDC MD5 verified"
"2026-09-14 08:23:41 UTC"	"TCGA_LIHC_HCC_primary"	"KLA31_12"	"b2580f86-7417-4ef2-901f-0f4011119ed8"	"gdc_star_counts/TCGA_LIHC_HCC_primary/b2580f86-7417-4ef2-901f-0f4011119ed8_7b2357a2-e9de-43ae-9f42-11828bd27e7c.rna_seq.augmented_star_gene_counts.tsv"	"complete"	"4203166"	"b1c0fed285a8d98cd414151b5fa176d1"	"b1c0fed285a8d98cd414151b5fa176d1"	"downloaded; official GDC MD5 verified"
"2026-09-14 08:23:50 UTC"	"TCGA_LIHC_HCC_primary"	"KLA31_12"	"ba700885-85dc-47fb-b8fb-c5af6b8284e9"	"gdc_star_counts/TCGA_LIHC_HCC_primary/ba700885-85dc-47fb-b8fb-c5af6b8284e9_2932aeb2-cb1f-43bd-abb2-701a0b9e2875.rna_seq.augmented_star_gene_counts.tsv"	"complete"	"4217566"	"ccfc11bc57684e58db170f06a176c9ad"	"ccfc11bc57684e58db170f06a176c9ad"	"downloaded; official GDC MD5 verified"
"2026-09-14 08:23:58 UTC"	"TCGA_LIHC_HCC_primary"	"KLA31_12"	"51d8982b-ade8-4cd7-83c2-bb32eeff4c8a"	"gdc_star_counts/TCGA_LIHC_HCC_primary/51d8982b-ade8-4cd7-83c2-bb32eeff4c8a_be150892-6890-4414-9f4d-aeda4ee38708.rna_seq.augmented_star_gene_counts.tsv"	"complete"	"4218507"	"2a508eb7ba01193b75fa493b2526b3ed"	"2a508eb7ba01193b75fa493b2526b3ed"	"downloaded; official GDC MD5 verified"
"2026-09-14 08:24:14 UTC"	"TCGA_LIHC_HCC_primary"	"KLA31_12"	"08b01615-a73a-4dcb-98ec-c110b34867c3"	"gdc_star_counts/TCGA_LIHC_HCC_primary/08b01615-a73a-4dcb-98ec-c110b34867c3_b9dea4f2-2847-496f-a08e-5253c9ea6743.rna_seq.augmented_star_gene_counts.tsv"	"complete"	"4230494"	"f84ac60f61725c51ac85477d2546abc7"	"f84ac60f61725c51ac85477d2546abc7"	"downloaded; official GDC MD5 verified"
"2026-09-14 08:24:23 UTC"	"TCGA_LIHC_HCC_primary"	"KLA31_12"	"4a217865-bbc4-4d8d-ba04-cb53bcd6d208"	"gdc_star_counts/TCGA_LIHC_HCC_primary/4a217865-bbc4-4d8d-ba04-cb53bcd6d208_a7fe211e-d6ca-48d3-80dc-06848c934aa7.rna_seq.augmented_star_gene_counts.tsv"	"complete"	"4200881"	"ceaace32e2b401bf02156c885086f622"	"ceaace32e2b401bf02156c885086f622"	"downloaded; official GDC MD5 verified"
"2026-09-14 08:24:29 UTC"	"TCGA_LIHC_HCC_primary"	"KLA31_12"	"a4634aa3-6ace-473b-8f60-132d32997ce3"	"gdc_star_counts/TCGA_LIHC_HCC_primary/a4634aa3-6ace-473b-8f60-132d32997ce3_717793cb-c840-4f7c-850d-cb80edb1b6b7.rna_seq.augmented_star_gene_counts.tsv"	"complete"	"4207983"	"9b271357c6d845707b788257e97c1919"	"9b271357c6d845707b788257e97c1919"	"downloaded; official GDC MD5 verified"
"2026-09-14 08:24:39 UTC"	"TCGA_LIHC_HCC_primary"	"KLA31_12"	"d7c8e660-ab7f-4f68-9b88-5464f5670375"	"gdc_star_counts/TCGA_LIHC_HCC_primary/d7c8e660-ab7f-4f68-9b88-5464f5670375_b2081f1a-e729-4120-8bbd-19a6cff35bd1.rna_seq.augmented_star_gene_counts.tsv"	"complete"	"4222699"	"170efb3de4360393ded87c81442cbaf9"	"170efb3de4360393ded87c81442cbaf9"	"downloaded; official GDC MD5 verified"
"2026-09-14 08:24:48 UTC"	"TCGA_LIHC_HCC_primary"	"KLA31_12"	"206524fb-7569-4503-a482-f41e9137d856"	"gdc_star_counts/TCGA_LIHC_HCC_primary/206524fb-7569-4503-a482-f41e9137d856_f478905e-87fd-42af-b39b-f2358f83dfed.rna_seq.augmented_star_gene_counts.tsv"	"complete"	"4216223"	"13190483177f8fbdb370afa7a5c52da6"	"13190483177f8fbdb370afa7a5c52da6"	"downloaded; official GDC MD5 verified"
"2026-09-14 08:24:57 UTC"	"TCGA_LIHC_HCC_primary"	"KLA31_12"	"b2465eaf-7eeb-4203-aefd-beebca8a1fea"	"gdc_star_counts/TCGA_LIHC_HCC_primary/b2465eaf-7eeb-4203-aefd-beebca8a1fea_7f594a3e-81f0-4181-a8cc-270e30a1cc11.rna_seq.augmented_star_gene_counts.tsv"	"complete"	"4217912"	"77da38850f50dd38f8b06b6d0bafbcfd"	"77da38850f50dd38f8b06b6d0bafbcfd"	"downloaded; official GDC MD5 verified"
"2026-09-14 08:25:02 UTC"	"TCGA_LIHC_HCC_primary"	"KLA31_12"	"1e65110a-b37b-42e6-8f99-b96116fdac71"	"gdc_star_counts/TCGA_LIHC_HCC_primary/1e65110a-b37b-42e6-8f99-b96116fdac71_1dc8062e-ec15-4146-a586-112cf061e620.rna_seq.augmented_star_gene_counts.tsv"	"complete"	"4225949"	"011ec97adbe2159493595fd04a65e162"	"011ec97adbe2159493595fd04a65e162"	"downloaded; official GDC MD5 verified"
"2026-09-14 08:25:10 UTC"	"TCGA_LIHC_HCC_primary"	"KLA31_12"	"a9dbf9fe-fef3-4cd7-9bb2-dcc26628566f"	"gdc_star_counts/TCGA_LIHC_HCC_primary/a9dbf9fe-fef3-4cd7-9bb2-dcc26628566f_62b64fce-b9de-4151-bf56-d2ee50153e25.rna_seq.augmented_star_gene_counts.tsv"	"complete"	"4203004"	"250df895553477a79d0fd1846f87df3b"	"250df895553477a79d0fd1846f87df3b"	"downloaded; official GDC MD5 verified"
"2026-09-14 08:25:18 UTC"	"TCGA_LIHC_HCC_primary"	"KLA31_12"	"15fcbb62-7e0c-4b85-b233-643a178c1b5c"	"gdc_star_counts/TCGA_LIHC_HCC_primary/15fcbb62-7e0c-4b85-b233-643a178c1b5c_e743401a-0738-4fd6-92d9-019537582d76.rna_seq.augmented_star_gene_counts.tsv"	"complete"	"4208111"	"a0a178a11e3f2e43e5a2f7cf8536d6cc"	"a0a178a11e3f2e43e5a2f7cf8536d6cc"	"downloaded; official GDC MD5 verified"
"2026-09-14 08:25:27 UTC"	"TCGA_LIHC_HCC_primary"	"KLA31_12"	"1e1587e8-8938-4578-8529-0831573a9fe1"	"gdc_star_counts/TCGA_LIHC_HCC_primary/1e1587e8-8938-4578-8529-0831573a9fe1_a5b5b737-3f68-49a0-ac50-2884dbb90496.rna_seq.augmented_star_gene_counts.tsv"	"complete"	"4223279"	"ba6028495a34a3141023e5c4a9390a84"	"ba6028495a34a3141023e5c4a9390a84"	"downloaded; official GDC MD5 verified"
"2026-09-14 08:25:33 UTC"	"TCGA_LIHC_HCC_primary"	"KLA31_12"	"8f2fb555-9a2a-43a6-9b28-91cfed089bb8"	"gdc_star_counts/TCGA_LIHC_HCC_primary/8f2fb555-9a2a-43a6-9b28-91cfed089bb8_10022cea-224a-420b-b85b-c5dae3fd90c4.rna_seq.augmented_star_gene_counts.tsv"	"complete"	"4218114"	"d62e0f27b21e3581ce7b496c4c81a02f"	"d62e0f27b21e3581ce7b496c4c81a02f"	"downloaded; official GDC MD5 verified"
"2026-09-14 08:25:40 UTC"	"TCGA_LIHC_HCC_primary"	"KLA31_12"	"740bc272-2179-48e2-a801-932a3e90b6fe"	"gdc_star_counts/TCGA_LIHC_HCC_primary/740bc272-2179-48e2-a801-932a3e90b6fe_c6029ffa-9ef0-4ce1-84a9-aa42843826ff.rna_seq.augmented_star_gene_counts.tsv"	"complete"	"4225572"	"08a0d4602f0009a0217dfbece1f7e970"	"08a0d4602f0009a0217dfbece1f7e970"	"downloaded; official GDC MD5 verified"
"2026-09-14 08:25:50 UTC"	"TCGA_LIHC_HCC_primary"	"KLA31_12"	"11e8ec14-c489-4c66-b387-fea14555a3f3"	"gdc_star_counts/TCGA_LIHC_HCC_primary/11e8ec14-c489-4c66-b387-fea14555a3f3_8463e3a8-18a2-42ea-8edc-3c0b78de1b40.rna_seq.augmented_star_gene_counts.tsv"	"complete"	"4201778"	"b04e884dff331461fb611122bb87bd1b"	"b04e884dff331461fb611122bb87bd1b"	"downloaded; official GDC MD5 verified"
"2026-09-14 08:25:58 UTC"	"TCGA_LIHC_HCC_primary"	"KLA31_12"	"9973d6b0-942f-4726-8ac3-ed0ba00f6bd3"	"gdc_star_counts/TCGA_LIHC_HCC_primary/9973d6b0-942f-4726-8ac3-ed0ba00f6bd3_871e5874-2343-46c5-a234-9017a7f29ca2.rna_seq.augmented_star_gene_counts.tsv"	"complete"	"4215345"	"697c9e51082d4cb1edbd321a4772e317"	"697c9e51082d4cb1edbd321a4772e317"	"downloaded; official GDC MD5 verified"
"2026-09-14 08:26:03 UTC"	"TCGA_LIHC_HCC_primary"	"KLA31_12"	"ddc63fc0-30c0-4585-bf5d-97bee2b3a7a0"	"gdc_star_counts/TCGA_LIHC_HCC_primary/ddc63fc0-30c0-4585-bf5d-97bee2b3a7a0_cd97f9a6-61e9-4c29-86f4-929481216b94.rna_seq.augmented_star_gene_counts.tsv"	"complete"	"4215577"	"a2e2b61fff794420c6d280ea939cfa57"	"a2e2b61fff794420c6d280ea939cfa57"	"downloaded; official GDC MD5 verified"
"2026-09-14 08:26:11 UTC"	"TCGA_LIHC_HCC_primary"	"KLA31_12"	"81d640c5-ad25-4f27-881d-83195de5116a"	"gdc_star_counts/TCGA_LIHC_HCC_primary/81d640c5-ad25-4f27-881d-83195de5116a_33e23705-397c-4651-beea-254110c365e4.rna_seq.augmented_star_gene_counts.tsv"	"complete"	"4215835"	"d79483d7ee116750e2db9974829bffe1"	"d79483d7ee116750e2db9974829bffe1"	"downloaded; official GDC MD5 verified"
"2026-09-14 08:26:20 UTC"	"TCGA_LIHC_HCC_primary"	"KLA31_12"	"dcffbcbe-e490-4bcf-95db-d454bf8df300"	"gdc_star_counts/TCGA_LIHC_HCC_primary/dcffbcbe-e490-4bcf-95db-d454bf8df300_056653c5-a60b-424e-ab30-b16246283da3.rna_seq.augmented_star_gene_counts.tsv"	"complete"	"4226683"	"d0eab16c09f0e40a33aa2681de309e7d"	"d0eab16c09f0e40a33aa2681de309e7d"	"downloaded; official GDC MD5 verified"
"2026-09-14 08:26:29 UTC"	"TCGA_LIHC_HCC_primary"	"KLA31_12"	"d16e6c9d-cb8e-43d4-886a-6656b4cca09b"	"gdc_star_counts/TCGA_LIHC_HCC_primary/d16e6c9d-cb8e-43d4-886a-6656b4cca09b_4df97711-6ecf-483c-a2c7-4952c44a2b69.rna_seq.augmented_star_gene_counts.tsv"	"complete"	"4213843"	"df3db637614efa085aa9ba84da7ef4d6"	"df3db637614efa085aa9ba84da7ef4d6"	"downloaded; official GDC MD5 verified"
"2026-09-14 08:26:34 UTC"	"TCGA_LIHC_HCC_primary"	"KLA31_12"	"283e4191-59da-4caf-99a3-385a3ea74607"	"gdc_star_counts/TCGA_LIHC_HCC_primary/283e4191-59da-4caf-99a3-385a3ea74607_f5092ee7-2656-4aa5-b0c3-884aadb9dbf8.rna_seq.augmented_star_gene_counts.tsv"	"complete"	"4221365"	"ade3952f3394d5e3cb0576611e7cbd6f"	"ade3952f3394d5e3cb0576611e7cbd6f"	"downloaded; official GDC MD5 verified"
"2026-09-14 08:26:42 UTC"	"TCGA_LIHC_HCC_primary"	"KLA31_12"	"3084a8bb-af8b-43b0-9c1e-fc3e190ed782"	"gdc_star_counts/TCGA_LIHC_HCC_primary/3084a8bb-af8b-43b0-9c1e-fc3e190ed782_9a15fd31-f487-4205-adcd-ceb6edd88ea8.rna_seq.augmented_star_gene_counts.tsv"	"complete"	"4234758"	"b7021c419f3d5b229932b97faf231eb4"	"b7021c419f3d5b229932b97faf231eb4"	"downloaded; official GDC MD5 verified"
"2026-09-14 08:26:51 UTC"	"TCGA_LIHC_HCC_primary"	"KLA31_12"	"c00ab5e4-51b3-4dc3-ae27-106496e90687"	"gdc_star_counts/TCGA_LIHC_HCC_primary/c00ab5e4-51b3-4dc3-ae27-106496e90687_fc8cc23a-6b02-4a99-a6d7-5c01b85fa0d1.rna_seq.augmented_star_gene_counts.tsv"	"complete"	"4195709"	"596956377bd7f238cab5fc4e6f638275"	"596956377bd7f238cab5fc4e6f638275"	"downloaded; official GDC MD5 verified"
"2026-09-14 08:27:02 UTC"	"TCGA_LIHC_HCC_primary"	"KLA31_12"	"a68f63db-0ddc-4dea-87a9-a56eabaefb65"	"gdc_star_counts/TCGA_LIHC_HCC_primary/a68f63db-0ddc-4dea-87a9-a56eabaefb65_5b12ed1e-a3a3-48fc-bcb1-6527bc7e7af8.rna_seq.augmented_star_gene_counts.tsv"	"complete"	"4221439"	"770c0cc586468b731de048d29766a8c8"	"770c0cc586468b731de048d29766a8c8"	"downloaded; official GDC MD5 verified"
"2026-09-14 08:27:09 UTC"	"TCGA_LIHC_HCC_primary"	"KLA31_12"	"26572c76-a5c1-40d8-988c-126df7987e14"	"gdc_star_counts/TCGA_LIHC_HCC_primary/26572c76-a5c1-40d8-988c-126df7987e14_04bd19d1-c3b4-446a-bf70-bbdd4a251690.rna_seq.augmented_star_gene_counts.tsv"	"complete"	"4237302"	"bf373f4fe3d6a1d7ebb7cb8ccbc03490"	"bf373f4fe3d6a1d7ebb7cb8ccbc03490"	"downloaded; official GDC MD5 verified"
"2026-09-14 08:27:17 UTC"	"TCGA_LIHC_HCC_primary"	"KLA31_12"	"42fa0391-2d81-4453-a579-479ed12c9941"	"gdc_star_counts/TCGA_LIHC_HCC_primary/42fa0391-2d81-4453-a579-479ed12c9941_a582032e-2f32-48d5-a01c-fa21156c5a74.rna_seq.augmented_star_gene_counts.tsv"	"complete"	"4221625"	"16921a3aa9d6788cf194ee15cad823a7"	"16921a3aa9d6788cf194ee15cad823a7"	"downloaded; official GDC MD5 verified"
"2026-09-14 08:27:27 UTC"	"TCGA_LIHC_HCC_primary"	"KLA31_12"	"92b4c0e6-a0e0-4bd9-998d-422da266e6fd"	"gdc_star_counts/TCGA_LIHC_HCC_primary/92b4c0e6-a0e0-4bd9-998d-422da266e6fd_26e93a7e-353d-4774-aa61-34b0737ba6c6.rna_seq.augmented_star_gene_counts.tsv"	"complete"	"4217408"	"1bf476611a2284f5d40e88e03e69019b"	"1bf476611a2284f5d40e88e03e69019b"	"downloaded; official GDC MD5 verified"
"2026-09-14 08:27:32 UTC"	"TCGA_LIHC_HCC_primary"	"KLA31_12"	"b01c07c1-bb94-41fe-8bab-f00b40105709"	"gdc_star_counts/TCGA_LIHC_HCC_primary/b01c07c1-bb94-41fe-8bab-f00b40105709_ec3aac56-028a-4869-8d68-019a58774640.rna_seq.augmented_star_gene_counts.tsv"	"complete"	"4216394"	"f816ed2f101a247e2c19fdfc6481181a"	"f816ed2f101a247e2c19fdfc6481181a"	"downloaded; official GDC MD5 verified"
"2026-09-14 08:27:39 UTC"	"TCGA_LIHC_HCC_primary"	"KLA31_12"	"ba134c1a-820f-4507-973e-7000a815ebc0"	"gdc_star_counts/TCGA_LIHC_HCC_primary/ba134c1a-820f-4507-973e-7000a815ebc0_8d6ae71d-5622-4553-b992-c0c59c703e59.rna_seq.augmented_star_gene_counts.tsv"	"complete"	"4197264"	"36296c98597cddb7e580b87a45e48c94"	"36296c98597cddb7e580b87a45e48c94"	"downloaded; official GDC MD5 verified"
"2026-09-14 08:27:48 UTC"	"TCGA_LIHC_HCC_primary"	"KLA31_12"	"b0ab5d25-e993-48fe-b538-699300a90ef1"	"gdc_star_counts/TCGA_LIHC_HCC_primary/b0ab5d25-e993-48fe-b538-699300a90ef1_c169d445-fd3f-45b8-bdff-d91951609960.rna_seq.augmented_star_gene_counts.tsv"	"complete"	"4223385"	"0a2643544164ae3a296214315fd34628"	"0a2643544164ae3a296214315fd34628"	"downloaded; official GDC MD5 verified"
"2026-09-14 08:27:57 UTC"	"TCGA_LIHC_HCC_primary"	"KLA31_12"	"67078084-0785-4601-993d-b76631d58a88"	"gdc_star_counts/TCGA_LIHC_HCC_primary/67078084-0785-4601-993d-b76631d58a88_a0a44a0c-be1a-4cfe-a305-9ce2d4cee68d.rna_seq.augmented_star_gene_counts.tsv"	"complete"	"4229520"	"dccb1501b567c2b19601d202f392f5a7"	"dccb1501b567c2b19601d202f392f5a7"	"downloaded; official GDC MD5 verified"
"2026-09-14 08:28:02 UTC"	"TCGA_LIHC_HCC_primary"	"KLA31_12"	"c1ea600a-ac08-467b-b540-01b681ad8d9b"	"gdc_star_counts/TCGA_LIHC_HCC_primary/c1ea600a-ac08-467b-b540-01b681ad8d9b_2d46de42-03df-475d-9255-d9fc26cfa234.rna_seq.augmented_star_gene_counts.tsv"	"complete"	"4203416"	"065eac6f3027abc3952bfdee4644782b"	"065eac6f3027abc3952bfdee4644782b"	"downloaded; official GDC MD5 verified"
"2026-09-14 08:28:10 UTC"	"TCGA_LIHC_HCC_primary"	"KLA31_12"	"e9c3fdc0-ea70-491c-8370-c86f37ff815f"	"gdc_star_counts/TCGA_LIHC_HCC_primary/e9c3fdc0-ea70-491c-8370-c86f37ff815f_1b8a76cc-0a8b-422b-901e-2c1a45fb9486.rna_seq.augmented_star_gene_counts.tsv"	"complete"	"4223438"	"6a2c433223c881a53d00ef84d79fbbbb"	"6a2c433223c881a53d00ef84d79fbbbb"	"downloaded; official GDC MD5 verified"
"2026-09-14 08:28:18 UTC"	"TCGA_LIHC_HCC_primary"	"KLA31_12"	"767226e6-cc1b-449d-b697-4d3ec2660006"	"gdc_star_counts/TCGA_LIHC_HCC_primary/767226e6-cc1b-449d-b697-4d3ec2660006_1a29d66d-8bda-44d8-9b7c-262d69825276.rna_seq.augmented_star_gene_counts.tsv"	"complete"	"4217526"	"da902741e9793ec4a641fe9c2bc5b0db"	"da902741e9793ec4a641fe9c2bc5b0db"	"downloaded; official GDC MD5 verified"
"2026-09-14 08:28:28 UTC"	"TCGA_LIHC_HCC_primary"	"KLA31_12"	"715b5ec9-5c2c-4dac-b9f6-ba459743a377"	"gdc_star_counts/TCGA_LIHC_HCC_primary/715b5ec9-5c2c-4dac-b9f6-ba459743a377_767f0df2-87ec-42d7-a644-f0b955be14e5.rna_seq.augmented_star_gene_counts.tsv"	"complete"	"4226755"	"fe4bd4b4c3cec0ab14f901e423d161dc"	"fe4bd4b4c3cec0ab14f901e423d161dc"	"downloaded; official GDC MD5 verified"
"2026-09-14 08:28:33 UTC"	"TCGA_LIHC_HCC_primary"	"KLA31_12"	"7445bd44-47b4-4a4d-b38f-2873def428f9"	"gdc_star_counts/TCGA_LIHC_HCC_primary/7445bd44-47b4-4a4d-b38f-2873def428f9_09264879-4172-4297-a98a-32eade65d63b.rna_seq.augmented_star_gene_counts.tsv"	"complete"	"4235117"	"ed3f5df278d7239bd767efd756e9ff8f"	"ed3f5df278d7239bd767efd756e9ff8f"	"downloaded; official GDC MD5 verified"
"2026-09-14 08:28:41 UTC"	"TCGA_LIHC_HCC_primary"	"KLA31_12"	"476c323f-4a20-41a3-91b3-7c9a81b4fbc1"	"gdc_star_counts/TCGA_LIHC_HCC_primary/476c323f-4a20-41a3-91b3-7c9a81b4fbc1_16d06971-fbf9-4b5f-b119-2816c48bcfb7.rna_seq.augmented_star_gene_counts.tsv"	"complete"	"4222885"	"c78635fef039eb258290c71e92a5d3ba"	"c78635fef039eb258290c71e92a5d3ba"	"downloaded; official GDC MD5 verified"
"2026-09-14 08:28:50 UTC"	"TCGA_LIHC_HCC_primary"	"KLA31_12"	"fd50b935-b9e1-4e0d-bedb-a357adc2b57e"	"gdc_star_counts/TCGA_LIHC_HCC_primary/fd50b935-b9e1-4e0d-bedb-a357adc2b57e_c7228ad9-de8e-45c5-8e6d-e9151b848106.rna_seq.augmented_star_gene_counts.tsv"	"complete"	"4221358"	"883a2ba840519846e950bb8e09e867d6"	"883a2ba840519846e950bb8e09e867d6"	"downloaded; official GDC MD5 verified"
"2026-09-14 08:29:01 UTC"	"TCGA_LIHC_HCC_primary"	"KLA31_12"	"2c2f0616-1fee-4f6d-adf0-64d5557b2d7a"	"gdc_star_counts/TCGA_LIHC_HCC_primary/2c2f0616-1fee-4f6d-adf0-64d5557b2d7a_4fa48eca-88fa-4f13-9bb8-5993c47cc5f3.rna_seq.augmented_star_gene_counts.tsv"	"complete"	"4226434"	"bd690d6c931d0891f6ef367b39096fc3"	"bd690d6c931d0891f6ef367b39096fc3"	"downloaded; official GDC MD5 verified"
"2026-09-14 08:29:07 UTC"	"TCGA_LIHC_HCC_primary"	"KLA31_12"	"9f2f2efc-0c29-4c3e-82aa-8b2755f237f9"	"gdc_star_counts/TCGA_LIHC_HCC_primary/9f2f2efc-0c29-4c3e-82aa-8b2755f237f9_4fd3d968-f8ba-445e-93c9-b87c79c66222.rna_seq.augmented_star_gene_counts.tsv"	"complete"	"4239637"	"2c175a965df537cddd15f4964b9708ff"	"2c175a965df537cddd15f4964b9708ff"	"downloaded; official GDC MD5 verified"
"2026-09-14 08:29:15 UTC"	"TCGA_LIHC_HCC_primary"	"KLA31_12"	"6a40d8bb-f30a-4802-8043-431551c2ca51"	"gdc_star_counts/TCGA_LIHC_HCC_primary/6a40d8bb-f30a-4802-8043-431551c2ca51_4b5b50cd-2bcf-4c8a-b5d7-09adeef205fd.rna_seq.augmented_star_gene_counts.tsv"	"complete"	"4208306"	"38025f63fad4b0fc16ee476eed716806"	"38025f63fad4b0fc16ee476eed716806"	"downloaded; official GDC MD5 verified"
"2026-09-14 08:29:24 UTC"	"TCGA_LIHC_HCC_primary"	"KLA31_12"	"8a284492-4c97-40cc-974c-0f1941ff0fe9"	"gdc_star_counts/TCGA_LIHC_HCC_primary/8a284492-4c97-40cc-974c-0f1941ff0fe9_8eb51333-09bf-4477-9725-355d65c72753.rna_seq.augmented_star_gene_counts.tsv"	"complete"	"4205654"	"87544977f89acc078151c6f9912879ab"	"87544977f89acc078151c6f9912879ab"	"downloaded; official GDC MD5 verified"
"2026-09-14 08:29:31 UTC"	"TCGA_LIHC_HCC_primary"	"KLA31_12"	"3a4353b6-a5ad-4950-be98-c0900e196144"	"gdc_star_counts/TCGA_LIHC_HCC_primary/3a4353b6-a5ad-4950-be98-c0900e196144_72134fea-d641-43dd-9580-ef3ef06a5060.rna_seq.augmented_star_gene_counts.tsv"	"complete"	"4223010"	"5a3cb8aea71f44283e2df57b28b9d737"	"5a3cb8aea71f44283e2df57b28b9d737"	"downloaded; official GDC MD5 verified"
"2026-09-14 08:29:38 UTC"	"TCGA_LIHC_HCC_primary"	"KLA31_12"	"5a9a239f-82d6-4875-970e-bc57558691b4"	"gdc_star_counts/TCGA_LIHC_HCC_primary/5a9a239f-82d6-4875-970e-bc57558691b4_1d974cac-fb5e-4737-a6b0-d22d398fea59.rna_seq.augmented_star_gene_counts.tsv"	"complete"	"4204907"	"2a7c492dd1e47e14e8d05f235d831ab0"	"2a7c492dd1e47e14e8d05f235d831ab0"	"downloaded; official GDC MD5 verified"
"2026-09-14 08:29:46 UTC"	"TCGA_LIHC_HCC_primary"	"KLA31_12"	"6b50634f-49fe-4832-a8f5-093bedaed19c"	"gdc_star_counts/TCGA_LIHC_HCC_primary/6b50634f-49fe-4832-a8f5-093bedaed19c_62f40b9a-32de-4432-b15e-32c82be5ee8b.rna_seq.augmented_star_gene_counts.tsv"	"complete"	"4209191"	"1a27a0a4a1c1811837bec603b775c112"	"1a27a0a4a1c1811837bec603b775c112"	"downloaded; official GDC MD5 verified"
"2026-09-14 08:29:57 UTC"	"TCGA_LIHC_HCC_primary"	"KLA31_12"	"1c6335e8-4ab5-483e-a3b2-b1c7e9ffdb93"	"gdc_star_counts/TCGA_LIHC_HCC_primary/1c6335e8-4ab5-483e-a3b2-b1c7e9ffdb93_d40dc69d-6e72-488a-801f-fb5b1917b6c2.rna_seq.augmented_star_gene_counts.tsv"	"complete"	"4199634"	"206fe14f8eb2f2f3083b0db0eaa627db"	"206fe14f8eb2f2f3083b0db0eaa627db"	"downloaded; official GDC MD5 verified"
"2026-09-14 08:30:03 UTC"	"TCGA_LIHC_HCC_primary"	"KLA31_12"	"a7b0c166-d148-41cb-8242-54d8995dac87"	"gdc_star_counts/TCGA_LIHC_HCC_primary/a7b0c166-d148-41cb-8242-54d8995dac87_025b207d-8097-4c9d-856a-d404887f4bfb.rna_seq.augmented_star_gene_counts.tsv"	"complete"	"4220142"	"6586209a999a3f763b1a968e69590611"	"6586209a999a3f763b1a968e69590611"	"downloaded; official GDC MD5 verified"
"2026-09-14 08:30:11 UTC"	"TCGA_LIHC_HCC_primary"	"KLA31_12"	"31855350-9ddc-4279-a0af-c5564a12e1d3"	"gdc_star_counts/TCGA_LIHC_HCC_primary/31855350-9ddc-4279-a0af-c5564a12e1d3_9f4b7d5e-9bad-4148-95b8-b78564c0cae6.rna_seq.augmented_star_gene_counts.tsv"	"complete"	"4223569"	"388061b248f26d41cfc3d1bb3d246e3b"	"388061b248f26d41cfc3d1bb3d246e3b"	"downloaded; official GDC MD5 verified"
"2026-09-14 08:30:20 UTC"	"TCGA_LIHC_HCC_primary"	"KLA31_12"	"f8a5ba3d-cecf-45fd-8b92-14ca47945d1c"	"gdc_star_counts/TCGA_LIHC_HCC_primary/f8a5ba3d-cecf-45fd-8b92-14ca47945d1c_d0b863c1-59d4-456d-a408-6db40db6c06b.rna_seq.augmented_star_gene_counts.tsv"	"complete"	"4205510"	"203eb6688e958d78c61ff861a9d4001e"	"203eb6688e958d78c61ff861a9d4001e"	"downloaded; official GDC MD5 verified"
"2026-09-14 08:30:28 UTC"	"TCGA_LIHC_HCC_primary"	"KLA31_12"	"5771eb80-eb56-4014-bf86-0212b686330e"	"gdc_star_counts/TCGA_LIHC_HCC_primary/5771eb80-eb56-4014-bf86-0212b686330e_63bfa71f-f558-452b-8ff5-68d5bd25cf56.rna_seq.augmented_star_gene_counts.tsv"	"complete"	"4210641"	"f0a750ebf44d64cd2a5ea5c1c049f764"	"f0a750ebf44d64cd2a5ea5c1c049f764"	"downloaded; official GDC MD5 verified"
"2026-09-14 08:30:33 UTC"	"TCGA_LIHC_HCC_primary"	"KLA31_12"	"3b6b049d-65c4-4020-9ec5-5c6172ea4c4b"	"gdc_star_counts/TCGA_LIHC_HCC_primary/3b6b049d-65c4-4020-9ec5-5c6172ea4c4b_eee7d179-f3bd-4752-a745-28bf812e572e.rna_seq.augmented_star_gene_counts.tsv"	"complete"	"4218704"	"ae67e8701ea8bf66aa6cd768549b4ed3"	"ae67e8701ea8bf66aa6cd768549b4ed3"	"downloaded; official GDC MD5 verified"
"2026-09-14 08:30:42 UTC"	"TCGA_LIHC_HCC_primary"	"KLA31_12"	"b242b4fc-5d69-42c7-9a07-bdd47f4668cf"	"gdc_star_counts/TCGA_LIHC_HCC_primary/b242b4fc-5d69-42c7-9a07-bdd47f4668cf_72e8b0e1-ff24-4ecf-82d2-24b96b885521.rna_seq.augmented_star_gene_counts.tsv"	"complete"	"4227134"	"966d940c7bfebe6e9e5559dc75219144"	"966d940c7bfebe6e9e5559dc75219144"	"downloaded; official GDC MD5 verified"
"2026-09-14 08:30:51 UTC"	"TCGA_LIHC_HCC_primary"	"KLA31_12"	"c54bfdec-b24e-48b9-8fb0-c2d4e083d939"	"gdc_star_counts/TCGA_LIHC_HCC_primary/c54bfdec-b24e-48b9-8fb0-c2d4e083d939_0dac8c60-2d8f-46cd-b970-d0cd524374c7.rna_seq.augmented_star_gene_counts.tsv"	"complete"	"4217843"	"0a86d1cf6a12ff33106a311a5e0f3d72"	"0a86d1cf6a12ff33106a311a5e0f3d72"	"downloaded; official GDC MD5 verified"
"2026-09-14 08:30:59 UTC"	"TCGA_LIHC_HCC_primary"	"KLA31_12"	"df736f4c-b9d6-4805-bd7d-7bc6d92174d7"	"gdc_star_counts/TCGA_LIHC_HCC_primary/df736f4c-b9d6-4805-bd7d-7bc6d92174d7_e576f331-424e-43f0-af27-20e07d91c826.rna_seq.augmented_star_gene_counts.tsv"	"complete"	"4223797"	"8e0c59d0d0efd855bdd59fdd4e84e2d0"	"8e0c59d0d0efd855bdd59fdd4e84e2d0"	"downloaded; official GDC MD5 verified"
"2026-09-14 08:31:04 UTC"	"TCGA_LIHC_HCC_primary"	"KLA31_12"	"d1b00628-da8a-4b57-a162-97129cf1ba73"	"gdc_star_counts/TCGA_LIHC_HCC_primary/d1b00628-da8a-4b57-a162-97129cf1ba73_4b0c5f90-5ce7-4f70-b5ef-6bd77ed04534.rna_seq.augmented_star_gene_counts.tsv"	"complete"	"4229983"	"025b23b6dbc21c55328fbe51072e3272"	"025b23b6dbc21c55328fbe51072e3272"	"downloaded; official GDC MD5 verified"
"2026-09-14 08:31:12 UTC"	"TCGA_LIHC_HCC_primary"	"KLA31_12"	"28c03921-6a64-4ce6-9627-8734812e4809"	"gdc_star_counts/TCGA_LIHC_HCC_primary/28c03921-6a64-4ce6-9627-8734812e4809_96aa5d94-f2d7-4173-8477-ccbfaa3451b5.rna_seq.augmented_star_gene_counts.tsv"	"complete"	"4225269"	"614edf7695567270a369a32c648c11f9"	"614edf7695567270a369a32c648c11f9"	"downloaded; official GDC MD5 verified"
"2026-09-14 08:31:22 UTC"	"TCGA_LIHC_HCC_primary"	"KLA31_12"	"d7e635d5-7330-491c-986c-f2737ec5d7bd"	"gdc_star_counts/TCGA_LIHC_HCC_primary/d7e635d5-7330-491c-986c-f2737ec5d7bd_9953447a-4d33-4a53-8395-4ac0fa67ed42.rna_seq.augmented_star_gene_counts.tsv"	"complete"	"4216473"	"8bb79e974bf135135ec932767dddc33a"	"8bb79e974bf135135ec932767dddc33a"	"downloaded; official GDC MD5 verified"
"2026-09-14 08:31:29 UTC"	"TCGA_LIHC_HCC_primary"	"KLA31_12"	"d3fff383-01ff-4a06-9b7c-7f3542e5f24b"	"gdc_star_counts/TCGA_LIHC_HCC_primary/d3fff383-01ff-4a06-9b7c-7f3542e5f24b_8f9e712f-e4e8-44b2-96be-fa87b630428c.rna_seq.augmented_star_gene_counts.tsv"	"complete"	"4214038"	"e5caea7cc020858b4f0270a32012e476"	"e5caea7cc020858b4f0270a32012e476"	"downloaded; official GDC MD5 verified"
"2026-09-14 08:31:45 UTC"	"TCGA_LIHC_HCC_primary"	"KLA31_12"	"c15f8331-b65f-4f7a-8d4d-d796dfcaf14d"	"gdc_star_counts/TCGA_LIHC_HCC_primary/c15f8331-b65f-4f7a-8d4d-d796dfcaf14d_a5c61ad6-de4c-4ca4-ad28-f8f9d55af906.rna_seq.augmented_star_gene_counts.tsv"	"complete"	"4223879"	"c500444db1e73a7d7aa5b7c644ddc211"	"c500444db1e73a7d7aa5b7c644ddc211"	"downloaded; official GDC MD5 verified"
"2026-09-14 08:31:58 UTC"	"TCGA_LIHC_HCC_primary"	"KLA31_12"	"23814830-d159-432d-adbc-d834cc5eb4fd"	"gdc_star_counts/TCGA_LIHC_HCC_primary/23814830-d159-432d-adbc-d834cc5eb4fd_10616d35-3bf7-4468-8b42-4eb662d5981f.rna_seq.augmented_star_gene_counts.tsv"	"complete"	"4233819"	"0a97699878516ce3857bc8bbc2e2290a"	"0a97699878516ce3857bc8bbc2e2290a"	"downloaded; official GDC MD5 verified"
"2026-09-14 08:32:03 UTC"	"TCGA_LIHC_HCC_primary"	"KLA31_12"	"ed8eb2e9-ef8f-4b72-9c01-3504a578b500"	"gdc_star_counts/TCGA_LIHC_HCC_primary/ed8eb2e9-ef8f-4b72-9c01-3504a578b500_5929f6bf-85f8-4b79-ae2d-c5cddf2a9ed1.rna_seq.augmented_star_gene_counts.tsv"	"complete"	"4216363"	"b5a5e9953d2efbf80b575b8e636bd434"	"b5a5e9953d2efbf80b575b8e636bd434"	"downloaded; official GDC MD5 verified"
"2026-09-14 08:32:11 UTC"	"TCGA_LIHC_HCC_primary"	"KLA31_12"	"2689508f-8a07-4819-b5d0-e955e176a843"	"gdc_star_counts/TCGA_LIHC_HCC_primary/2689508f-8a07-4819-b5d0-e955e176a843_2bcba179-bae2-493f-8a0e-120461c327f7.rna_seq.augmented_star_gene_counts.tsv"	"complete"	"4207967"	"fa91893a9c94d0f8e00fa439b2d69f98"	"fa91893a9c94d0f8e00fa439b2d69f98"	"downloaded; official GDC MD5 verified"
"2026-09-14 08:32:20 UTC"	"TCGA_LIHC_HCC_primary"	"KLA31_12"	"7214d789-2919-4fa4-b8fc-660c5c160202"	"gdc_star_counts/TCGA_LIHC_HCC_primary/7214d789-2919-4fa4-b8fc-660c5c160202_03ca605c-a693-44da-86b9-4f48c2649839.rna_seq.augmented_star_gene_counts.tsv"	"complete"	"4206961"	"93ac65396010e7b002f940626f49307b"	"93ac65396010e7b002f940626f49307b"	"downloaded; official GDC MD5 verified"
"2026-09-14 08:32:28 UTC"	"TCGA_LIHC_HCC_primary"	"KLA31_12"	"599b4be8-eafd-4f0a-b075-da3e7215b8f0"	"gdc_star_counts/TCGA_LIHC_HCC_primary/599b4be8-eafd-4f0a-b075-da3e7215b8f0_bc0e3498-e86a-4629-aa6f-9d1003ae99b2.rna_seq.augmented_star_gene_counts.tsv"	"complete"	"4223615"	"ecc7d3c46f6fe96c49c89c20f0e5c91a"	"ecc7d3c46f6fe96c49c89c20f0e5c91a"	"downloaded; official GDC MD5 verified"
"2026-09-14 08:32:34 UTC"	"TCGA_LIHC_HCC_primary"	"KLA31_12"	"3f1f1922-1263-4e5d-819b-2c89e8b5548d"	"gdc_star_counts/TCGA_LIHC_HCC_primary/3f1f1922-1263-4e5d-819b-2c89e8b5548d_427c0560-88ff-45a9-98a7-9d7cf3354138.rna_seq.augmented_star_gene_counts.tsv"	"complete"	"4200888"	"3d6ad13759d8190f2aea40dd377ca49e"	"3d6ad13759d8190f2aea40dd377ca49e"	"downloaded; official GDC MD5 verified"
"2026-09-14 08:32:42 UTC"	"TCGA_LIHC_HCC_primary"	"KLA31_12"	"f5f24dbe-e9a3-4a88-8286-dfeb8bc10d87"	"gdc_star_counts/TCGA_LIHC_HCC_primary/f5f24dbe-e9a3-4a88-8286-dfeb8bc10d87_2047f29d-1d05-4124-b53c-0eba9c81871c.rna_seq.augmented_star_gene_counts.tsv"	"complete"	"4199770"	"ccfb6b9fb9de07c1de00aff2ae03baf6"	"ccfb6b9fb9de07c1de00aff2ae03baf6"	"downloaded; official GDC MD5 verified"
"2026-09-14 08:32:51 UTC"	"TCGA_LIHC_HCC_primary"	"KLA31_12"	"66228099-939e-4131-8d31-98d18c51c9e9"	"gdc_star_counts/TCGA_LIHC_HCC_primary/66228099-939e-4131-8d31-98d18c51c9e9_2f237fc7-63d6-4043-8959-a4c8cf146834.rna_seq.augmented_star_gene_counts.tsv"	"complete"	"4235742"	"2eebf5e197b35bdf04c5a4405345f36d"	"2eebf5e197b35bdf04c5a4405345f36d"	"downloaded; official GDC MD5 verified"
"2026-09-14 08:32:59 UTC"	"TCGA_LIHC_HCC_primary"	"KLA31_12"	"fa95f8cd-d608-430e-a8b3-68a05a5051e2"	"gdc_star_counts/TCGA_LIHC_HCC_primary/fa95f8cd-d608-430e-a8b3-68a05a5051e2_4344c7ea-ef72-4e2a-b65c-99aa64f4a0b1.rna_seq.augmented_star_gene_counts.tsv"	"complete"	"4230679"	"271901a98283b79619e3cfb967d6d8b5"	"271901a98283b79619e3cfb967d6d8b5"	"downloaded; official GDC MD5 verified"
"2026-09-14 08:33:04 UTC"	"TCGA_LIHC_HCC_primary"	"KLA31_12"	"071a3c5b-9378-4cc0-ae6a-b772630822d0"	"gdc_star_counts/TCGA_LIHC_HCC_primary/071a3c5b-9378-4cc0-ae6a-b772630822d0_f45c520f-016e-4c29-8d84-2e985763ed0a.rna_seq.augmented_star_gene_counts.tsv"	"complete"	"4205878"	"46d33e1e8202a48a2da707a1cb296188"	"46d33e1e8202a48a2da707a1cb296188"	"downloaded; official GDC MD5 verified"
"2026-09-14 08:33:12 UTC"	"TCGA_LIHC_HCC_primary"	"KLA31_12"	"e1f2a612-49d9-4935-9791-cfd9abbf7f92"	"gdc_star_counts/TCGA_LIHC_HCC_primary/e1f2a612-49d9-4935-9791-cfd9abbf7f92_0a20e4cc-47b1-4b2b-8dfa-43a8fa62d27d.rna_seq.augmented_star_gene_counts.tsv"	"complete"	"4213704"	"b192b4e8afde19b894b3ef3c0516c252"	"b192b4e8afde19b894b3ef3c0516c252"	"downloaded; official GDC MD5 verified"
"2026-09-14 08:33:21 UTC"	"TCGA_LIHC_HCC_primary"	"KLA31_12"	"02957f01-c615-4576-8d45-473204cb284a"	"gdc_star_counts/TCGA_LIHC_HCC_primary/02957f01-c615-4576-8d45-473204cb284a_a2289b57-3c34-4fec-a5c5-10bea95e30fb.rna_seq.augmented_star_gene_counts.tsv"	"complete"	"4217980"	"3098970d868f5d1046360bc2086eb9e7"	"3098970d868f5d1046360bc2086eb9e7"	"downloaded; official GDC MD5 verified"
"2026-09-14 08:33:28 UTC"	"TCGA_LIHC_HCC_primary"	"KLA31_12"	"e9d20052-96ee-4b64-b61b-cbdcbd341446"	"gdc_star_counts/TCGA_LIHC_HCC_primary/e9d20052-96ee-4b64-b61b-cbdcbd341446_571cd609-a911-4617-95ae-f55ec2805067.rna_seq.augmented_star_gene_counts.tsv"	"complete"	"4202926"	"34431ad83a7f91644706270ea33fb3fd"	"34431ad83a7f91644706270ea33fb3fd"	"downloaded; official GDC MD5 verified"
"2026-09-14 08:33:33 UTC"	"TCGA_LIHC_HCC_primary"	"KLA31_12"	"9a37d6a0-6635-4746-928e-78e0d92fd060"	"gdc_star_counts/TCGA_LIHC_HCC_primary/9a37d6a0-6635-4746-928e-78e0d92fd060_00be7d10-fd2d-4483-a712-72f24846610f.rna_seq.augmented_star_gene_counts.tsv"	"complete"	"4231947"	"eaef0c42b60c2a7cb933123a90416589"	"eaef0c42b60c2a7cb933123a90416589"	"downloaded; official GDC MD5 verified"
"2026-09-14 08:33:41 UTC"	"TCGA_LIHC_HCC_primary"	"KLA31_12"	"e86ffb5d-3328-48f1-8311-bfba3d21c85d"	"gdc_star_counts/TCGA_LIHC_HCC_primary/e86ffb5d-3328-48f1-8311-bfba3d21c85d_129a524f-97d3-4433-a63d-18e807af3f04.rna_seq.augmented_star_gene_counts.tsv"	"complete"	"4210518"	"1c945c8b7c67dada15377e16b9f54281"	"1c945c8b7c67dada15377e16b9f54281"	"downloaded; official GDC MD5 verified"
"2026-09-14 08:33:50 UTC"	"TCGA_LIHC_HCC_primary"	"KLA31_12"	"2d17c5ed-0229-4dc4-a876-67c8a2f7745a"	"gdc_star_counts/TCGA_LIHC_HCC_primary/2d17c5ed-0229-4dc4-a876-67c8a2f7745a_cdb21b35-6884-40a4-b66d-2275eb5ca0a1.rna_seq.augmented_star_gene_counts.tsv"	"complete"	"4243208"	"cdb7692392705fa8758286d54b1234cf"	"cdb7692392705fa8758286d54b1234cf"	"downloaded; official GDC MD5 verified"
"2026-09-14 08:33:58 UTC"	"TCGA_LIHC_HCC_primary"	"KLA31_12"	"417b01fc-a6ad-4cff-b36d-99a6e4f349a1"	"gdc_star_counts/TCGA_LIHC_HCC_primary/417b01fc-a6ad-4cff-b36d-99a6e4f349a1_5e8476a1-5aa4-48d6-b4a8-d76e52a18d43.rna_seq.augmented_star_gene_counts.tsv"	"complete"	"4206002"	"727cfa6ca2344c871db835f901235410"	"727cfa6ca2344c871db835f901235410"	"downloaded; official GDC MD5 verified"
"2026-09-14 08:34:03 UTC"	"TCGA_LIHC_HCC_primary"	"KLA31_12"	"86c7f61d-ad00-429f-9343-300105243838"	"gdc_star_counts/TCGA_LIHC_HCC_primary/86c7f61d-ad00-429f-9343-300105243838_4af0c3f7-7742-448d-992a-8f4b7ad226b7.rna_seq.augmented_star_gene_counts.tsv"	"complete"	"4217791"	"e1915fe64db5dcc85e2bdde57f091ceb"	"e1915fe64db5dcc85e2bdde57f091ceb"	"downloaded; official GDC MD5 verified"
"2026-09-14 08:34:11 UTC"	"TCGA_LIHC_HCC_primary"	"KLA31_12"	"fd08f2ae-5b8a-45cf-a635-6101abb1e287"	"gdc_star_counts/TCGA_LIHC_HCC_primary/fd08f2ae-5b8a-45cf-a635-6101abb1e287_47fc6e7f-fc2b-496d-b8d9-49a4b4cbc92d.rna_seq.augmented_star_gene_counts.tsv"	"complete"	"4206663"	"ccf3833d216f55dfc82e843e9aae9b8e"	"ccf3833d216f55dfc82e843e9aae9b8e"	"downloaded; official GDC MD5 verified"
"2026-09-14 08:34:20 UTC"	"TCGA_LIHC_HCC_primary"	"KLA31_12"	"5460eb0c-4844-4c74-95c7-519184822a5a"	"gdc_star_counts/TCGA_LIHC_HCC_primary/5460eb0c-4844-4c74-95c7-519184822a5a_55bda25f-fb6d-461e-a4c7-4e834eafeca4.rna_seq.augmented_star_gene_counts.tsv"	"complete"	"4220456"	"1ee4e35262cc2976106f2f34e1e537fe"	"1ee4e35262cc2976106f2f34e1e537fe"	"downloaded; official GDC MD5 verified"
"2026-09-14 08:34:28 UTC"	"TCGA_LIHC_HCC_primary"	"KLA31_12"	"bf7f888f-1eb2-4452-98fa-884499cc7ea7"	"gdc_star_counts/TCGA_LIHC_HCC_primary/bf7f888f-1eb2-4452-98fa-884499cc7ea7_2d9df75d-2a82-4612-9910-2f9252129f61.rna_seq.augmented_star_gene_counts.tsv"	"complete"	"4205591"	"57445e8d9bc893cd5039c6f8ece7f75d"	"57445e8d9bc893cd5039c6f8ece7f75d"	"downloaded; official GDC MD5 verified"
"2026-09-14 08:34:34 UTC"	"TCGA_LIHC_HCC_primary"	"KLA31_12"	"0bee0323-d4e5-4f61-97a3-d12e0d21c18d"	"gdc_star_counts/TCGA_LIHC_HCC_primary/0bee0323-d4e5-4f61-97a3-d12e0d21c18d_e6c37259-ade1-42e8-8087-88e04862218c.rna_seq.augmented_star_gene_counts.tsv"	"complete"	"4239826"	"1c60dd217c50722e2eb250e786170b1b"	"1c60dd217c50722e2eb250e786170b1b"	"downloaded; official GDC MD5 verified"
"2026-09-14 08:34:42 UTC"	"TCGA_LIHC_HCC_primary"	"KLA31_12"	"2157c1f3-890e-4f10-a48d-dbe80e021ecc"	"gdc_star_counts/TCGA_LIHC_HCC_primary/2157c1f3-890e-4f10-a48d-dbe80e021ecc_b2dfe637-d3a5-4400-88db-5d60f0a167d5.rna_seq.augmented_star_gene_counts.tsv"	"complete"	"4217219"	"126470117d9b7802ea4ca07ee66bba28"	"126470117d9b7802ea4ca07ee66bba28"	"downloaded; official GDC MD5 verified"
"2026-09-14 08:34:50 UTC"	"TCGA_LIHC_HCC_primary"	"KLA31_12"	"2fa3c211-314a-4a2d-a15a-02335262bbc4"	"gdc_star_counts/TCGA_LIHC_HCC_primary/2fa3c211-314a-4a2d-a15a-02335262bbc4_1f6baf69-b0e9-44e7-bb0a-0818adda7b09.rna_seq.augmented_star_gene_counts.tsv"	"complete"	"4215783"	"57859a7aa1ab786bcf8b0d12801d7b86"	"57859a7aa1ab786bcf8b0d12801d7b86"	"downloaded; official GDC MD5 verified"
"2026-09-14 08:34:58 UTC"	"TCGA_LIHC_HCC_primary"	"KLA31_12"	"d9364568-54c7-4c51-bbb1-75d4a58c39e7"	"gdc_star_counts/TCGA_LIHC_HCC_primary/d9364568-54c7-4c51-bbb1-75d4a58c39e7_8a6fcf82-a349-4f74-9969-65a056fe9577.rna_seq.augmented_star_gene_counts.tsv"	"complete"	"4209085"	"6038d9d3a3d3f24e604dcf83d8ae38a4"	"6038d9d3a3d3f24e604dcf83d8ae38a4"	"downloaded; official GDC MD5 verified"
"2026-09-14 08:35:04 UTC"	"TCGA_LIHC_HCC_primary"	"KLA31_12"	"3700df53-8d95-4c95-9fea-64ea67e106b7"	"gdc_star_counts/TCGA_LIHC_HCC_primary/3700df53-8d95-4c95-9fea-64ea67e106b7_18b4b563-e011-4e0d-a8e3-838af24f6c3a.rna_seq.augmented_star_gene_counts.tsv"	"complete"	"4195414"	"ca4a77702efd8ded39e760e304db0b0d"	"ca4a77702efd8ded39e760e304db0b0d"	"downloaded; official GDC MD5 verified"
"2026-09-14 08:35:19 UTC"	"TCGA_LIHC_HCC_primary"	"KLA31_12"	"023b8a0a-1b32-4feb-8b9d-0844dc0e7c6c"	"gdc_star_counts/TCGA_LIHC_HCC_primary/023b8a0a-1b32-4feb-8b9d-0844dc0e7c6c_a7d51d09-db64-418f-a44f-574d3fbe3501.rna_seq.augmented_star_gene_counts.tsv"	"complete"	"4206881"	"6e724d4527649c1138eb224277425a52"	"6e724d4527649c1138eb224277425a52"	"downloaded; official GDC MD5 verified"
"2026-09-14 08:35:28 UTC"	"TCGA_LIHC_HCC_primary"	"KLA31_12"	"5a46660d-4eb2-42de-92e7-8b55f9d07a44"	"gdc_star_counts/TCGA_LIHC_HCC_primary/5a46660d-4eb2-42de-92e7-8b55f9d07a44_f7b0a537-4bfc-4cb1-9c5c-f3dd917405d5.rna_seq.augmented_star_gene_counts.tsv"	"complete"	"4194214"	"653502d9797566d70eaa37fb1b8856a7"	"653502d9797566d70eaa37fb1b8856a7"	"downloaded; official GDC MD5 verified"
"2026-09-14 08:35:33 UTC"	"TCGA_LIHC_HCC_primary"	"KLA31_12"	"ca9b8cf8-1db3-429b-b624-54762d25288c"	"gdc_star_counts/TCGA_LIHC_HCC_primary/ca9b8cf8-1db3-429b-b624-54762d25288c_b78a3a1f-984e-417b-861c-e3de9b548bbd.rna_seq.augmented_star_gene_counts.tsv"	"complete"	"4226468"	"f030cfedb7e5ebe2fb274d6c72c7bf9e"	"f030cfedb7e5ebe2fb274d6c72c7bf9e"	"downloaded; official GDC MD5 verified"
"2026-09-14 08:35:41 UTC"	"TCGA_LIHC_HCC_primary"	"KLA31_12"	"0036fcec-eaed-430b-9a23-5efb2d2cc7f2"	"gdc_star_counts/TCGA_LIHC_HCC_primary/0036fcec-eaed-430b-9a23-5efb2d2cc7f2_32b682ec-8156-44ca-bff0-26155c7fdc12.rna_seq.augmented_star_gene_counts.tsv"	"complete"	"4222292"	"4fddb7b4ea22ac07e2d3d001b4f99dea"	"4fddb7b4ea22ac07e2d3d001b4f99dea"	"downloaded; official GDC MD5 verified"
"2026-09-14 08:35:50 UTC"	"TCGA_LIHC_HCC_primary"	"KLA31_12"	"c1b59cec-ca9f-4eff-acde-f1be4a0d623a"	"gdc_star_counts/TCGA_LIHC_HCC_primary/c1b59cec-ca9f-4eff-acde-f1be4a0d623a_927fbb8a-acc0-4f3a-9d58-20650e187554.rna_seq.augmented_star_gene_counts.tsv"	"complete"	"4227324"	"d5832ae90e6ea59c41c5fdbe38a433c9"	"d5832ae90e6ea59c41c5fdbe38a433c9"	"downloaded; official GDC MD5 verified"
"2026-09-14 08:35:58 UTC"	"TCGA_LIHC_HCC_primary"	"KLA31_12"	"8710b79a-f5be-4426-82ea-3827099c2c54"	"gdc_star_counts/TCGA_LIHC_HCC_primary/8710b79a-f5be-4426-82ea-3827099c2c54_9f5f7f86-89e6-4a9c-a5a5-32c46c5e2baf.rna_seq.augmented_star_gene_counts.tsv"	"complete"	"4201398"	"9951c430c397bf1b43b0b980b724c450"	"9951c430c397bf1b43b0b980b724c450"	"downloaded; official GDC MD5 verified"
"2026-09-14 08:36:04 UTC"	"TCGA_LIHC_HCC_primary"	"KLA31_12"	"2c4002ec-6a46-4ca1-a227-e656ad54a631"	"gdc_star_counts/TCGA_LIHC_HCC_primary/2c4002ec-6a46-4ca1-a227-e656ad54a631_4fd965ea-f490-456a-83fc-38cf9be8f44e.rna_seq.augmented_star_gene_counts.tsv"	"complete"	"4235063"	"48e42da47e5bba2b5385a6e2f8961060"	"48e42da47e5bba2b5385a6e2f8961060"	"downloaded; official GDC MD5 verified"
"2026-09-14 08:36:12 UTC"	"TCGA_LIHC_HCC_primary"	"KLA31_12"	"8d5d54ce-a265-4de5-86c7-73c38ecb2ff7"	"gdc_star_counts/TCGA_LIHC_HCC_primary/8d5d54ce-a265-4de5-86c7-73c38ecb2ff7_57911cee-e2cf-4039-995b-aeb54883b4ba.rna_seq.augmented_star_gene_counts.tsv"	"complete"	"4195971"	"0c67c5c7497307f2acc5da64e372708a"	"0c67c5c7497307f2acc5da64e372708a"	"downloaded; official GDC MD5 verified"
"2026-09-14 08:36:27 UTC"	"TCGA_LIHC_HCC_primary"	"KLA31_12"	"e7e3047d-15bc-4dcc-aaca-86e5e2f45441"	"gdc_star_counts/TCGA_LIHC_HCC_primary/e7e3047d-15bc-4dcc-aaca-86e5e2f45441_c31d4620-b0a9-472b-bc29-2f2b3c30a035.rna_seq.augmented_star_gene_counts.tsv"	"complete"	"4215126"	"3410ddfca108d45a4b81ca805797f43c"	"3410ddfca108d45a4b81ca805797f43c"	"downloaded; official GDC MD5 verified"
"2026-09-14 08:36:32 UTC"	"TCGA_LIHC_HCC_primary"	"KLA31_12"	"5d9881ac-703a-4ac6-8d77-4e995725e4a5"	"gdc_star_counts/TCGA_LIHC_HCC_primary/5d9881ac-703a-4ac6-8d77-4e995725e4a5_c282bf87-bf6a-448b-96a0-817ac7f7fee8.rna_seq.augmented_star_gene_counts.tsv"	"complete"	"4218743"	"9cef378b3245170d0180c9c3ad410950"	"9cef378b3245170d0180c9c3ad410950"	"downloaded; official GDC MD5 verified"
"2026-09-14 08:36:40 UTC"	"TCGA_LIHC_HCC_primary"	"KLA31_12"	"4c09e3cb-39e1-4712-aba1-3cf8cdeade1b"	"gdc_star_counts/TCGA_LIHC_HCC_primary/4c09e3cb-39e1-4712-aba1-3cf8cdeade1b_c6947e47-2ada-4c8d-830c-e6dbcb66769a.rna_seq.augmented_star_gene_counts.tsv"	"complete"	"4224643"	"856c2093192ea540727738996c51c506"	"856c2093192ea540727738996c51c506"	"downloaded; official GDC MD5 verified"
"2026-09-14 08:36:51 UTC"	"TCGA_LIHC_HCC_primary"	"KLA31_12"	"65ea5c74-595e-468f-8dc5-134a8c3ae543"	"gdc_star_counts/TCGA_LIHC_HCC_primary/65ea5c74-595e-468f-8dc5-134a8c3ae543_97563695-6be6-442a-8a91-18a203eda794.rna_seq.augmented_star_gene_counts.tsv"	"complete"	"4218538"	"b6c5e7002d30162ce338a593b52d0564"	"b6c5e7002d30162ce338a593b52d0564"	"downloaded; official GDC MD5 verified"
"2026-09-14 08:36:59 UTC"	"TCGA_LIHC_HCC_primary"	"KLA31_12"	"845b36d6-842d-4467-a59e-b7d9272a47b1"	"gdc_star_counts/TCGA_LIHC_HCC_primary/845b36d6-842d-4467-a59e-b7d9272a47b1_1523dcd5-18e0-464b-a443-eaa98da5f9aa.rna_seq.augmented_star_gene_counts.tsv"	"complete"	"4226471"	"5c2894d6b58e727a9d8bd1943b6a321b"	"5c2894d6b58e727a9d8bd1943b6a321b"	"downloaded; official GDC MD5 verified"
"2026-09-14 08:37:05 UTC"	"TCGA_LIHC_HCC_primary"	"KLA31_12"	"61f028d1-e7ba-423d-b610-9cd1229d110e"	"gdc_star_counts/TCGA_LIHC_HCC_primary/61f028d1-e7ba-423d-b610-9cd1229d110e_4378234d-05a9-4d4f-97fc-916698728a4f.rna_seq.augmented_star_gene_counts.tsv"	"complete"	"4238568"	"c620e7e6cc404740384300fcc3cdbc11"	"c620e7e6cc404740384300fcc3cdbc11"	"downloaded; official GDC MD5 verified"
"2026-09-14 08:37:15 UTC"	"TCGA_LIHC_HCC_primary"	"KLA31_12"	"c7405859-3e6d-4af2-8bdc-7f31d6441c35"	"gdc_star_counts/TCGA_LIHC_HCC_primary/c7405859-3e6d-4af2-8bdc-7f31d6441c35_1106e478-61a7-423e-8489-cb7e940aa897.rna_seq.augmented_star_gene_counts.tsv"	"complete"	"4208441"	"501e0e4c83f9419c8302fa7b8a67c2ad"	"501e0e4c83f9419c8302fa7b8a67c2ad"	"downloaded; official GDC MD5 verified"
"2026-09-14 08:37:26 UTC"	"TCGA_LIHC_HCC_primary"	"KLA31_12"	"3bb50e4a-840c-45e3-a312-b6d4a4bbf297"	"gdc_star_counts/TCGA_LIHC_HCC_primary/3bb50e4a-840c-45e3-a312-b6d4a4bbf297_be8ac5cf-54d6-4c73-8ab9-fc3b7f7e93e6.rna_seq.augmented_star_gene_counts.tsv"	"complete"	"4219933"	"abc0f3e142b6b6795c54cbfd7fc483ac"	"abc0f3e142b6b6795c54cbfd7fc483ac"	"downloaded; official GDC MD5 verified"
"2026-09-14 08:37:31 UTC"	"TCGA_LIHC_HCC_primary"	"KLA31_12"	"e1677731-3f36-462c-8dc1-75e98a4df270"	"gdc_star_counts/TCGA_LIHC_HCC_primary/e1677731-3f36-462c-8dc1-75e98a4df270_4bc7214f-1bca-4656-a8de-34ea13dca500.rna_seq.augmented_star_gene_counts.tsv"	"complete"	"4230337"	"a557a8aa79dc36735117f59ace299349"	"a557a8aa79dc36735117f59ace299349"	"downloaded; official GDC MD5 verified"
"2026-09-14 08:37:38 UTC"	"TCGA_LIHC_HCC_primary"	"KLA31_12"	"b1d5a388-ec54-4ffb-9f5a-105faeff104f"	"gdc_star_counts/TCGA_LIHC_HCC_primary/b1d5a388-ec54-4ffb-9f5a-105faeff104f_ae8b889d-e87c-4d8b-bb7f-edeb24ea9da1.rna_seq.augmented_star_gene_counts.tsv"	"complete"	"4216185"	"5b4bfeee782d9073030251645e74ec28"	"5b4bfeee782d9073030251645e74ec28"	"downloaded; official GDC MD5 verified"
"2026-09-14 08:37:47 UTC"	"TCGA_LIHC_HCC_primary"	"KLA31_12"	"951d3bd1-e7d7-46f0-a08a-e6214d2f5910"	"gdc_star_counts/TCGA_LIHC_HCC_primary/951d3bd1-e7d7-46f0-a08a-e6214d2f5910_a1eaf5b1-6c7f-47bf-8a51-6bc24129aa7f.rna_seq.augmented_star_gene_counts.tsv"	"complete"	"4212225"	"707f5e4dfc2cb7d8702bbb5ef4444a42"	"707f5e4dfc2cb7d8702bbb5ef4444a42"	"downloaded; official GDC MD5 verified"
"2026-09-14 08:37:56 UTC"	"TCGA_LIHC_HCC_primary"	"KLA31_12"	"15be9837-f3e7-45eb-8822-e98341e80362"	"gdc_star_counts/TCGA_LIHC_HCC_primary/15be9837-f3e7-45eb-8822-e98341e80362_bda1aaaa-f62f-4156-ab54-5f850720f2a3.rna_seq.augmented_star_gene_counts.tsv"	"complete"	"4225631"	"9c9f82517e51694aa3e6dd8e116c908d"	"9c9f82517e51694aa3e6dd8e116c908d"	"downloaded; official GDC MD5 verified"
"2026-09-14 08:38:05 UTC"	"TCGA_LIHC_HCC_primary"	"KLA31_12"	"7936688f-fdd9-4e83-adfc-785fd93559f6"	"gdc_star_counts/TCGA_LIHC_HCC_primary/7936688f-fdd9-4e83-adfc-785fd93559f6_983ba5fa-d524-4ce9-af32-f4e4270b043b.rna_seq.augmented_star_gene_counts.tsv"	"complete"	"4210449"	"a0d52869b268d6a606e4b8c63b8b07d5"	"a0d52869b268d6a606e4b8c63b8b07d5"	"downloaded; official GDC MD5 verified"
"2026-09-14 08:38:14 UTC"	"TCGA_LIHC_HCC_primary"	"KLA31_12"	"2958c735-c75b-4cc0-a968-ffad46dc352b"	"gdc_star_counts/TCGA_LIHC_HCC_primary/2958c735-c75b-4cc0-a968-ffad46dc352b_d530e057-63d5-455a-9b98-620f6dcd9f89.rna_seq.augmented_star_gene_counts.tsv"	"complete"	"4200944"	"114435d33472a5948792cf42213ff43c"	"114435d33472a5948792cf42213ff43c"	"downloaded; official GDC MD5 verified"
"2026-09-14 08:38:23 UTC"	"TCGA_LIHC_HCC_primary"	"KLA31_12"	"67993fc6-feaf-4468-927c-0daf9ca72aed"	"gdc_star_counts/TCGA_LIHC_HCC_primary/67993fc6-feaf-4468-927c-0daf9ca72aed_b89c4049-eeac-4f22-a9b6-18ffd9f07132.rna_seq.augmented_star_gene_counts.tsv"	"complete"	"4207467"	"6ca7330f2637f1f43a9718c6833382cf"	"6ca7330f2637f1f43a9718c6833382cf"	"downloaded; official GDC MD5 verified"
"2026-09-14 08:38:29 UTC"	"TCGA_LIHC_HCC_primary"	"KLA31_12"	"7c134e70-c906-42f8-8169-a6281ece4bf0"	"gdc_star_counts/TCGA_LIHC_HCC_primary/7c134e70-c906-42f8-8169-a6281ece4bf0_cdd3341f-b11c-4b79-b1bc-fd0bc958983a.rna_seq.augmented_star_gene_counts.tsv"	"complete"	"4208484"	"3620c560d541b4ef7189d77569ba1436"	"3620c560d541b4ef7189d77569ba1436"	"downloaded; official GDC MD5 verified"
"2026-09-14 08:38:35 UTC"	"TCGA_LIHC_HCC_primary"	"KLA31_12"	"f609a9c2-1c53-4bbb-9b40-ce736514e7de"	"gdc_star_counts/TCGA_LIHC_HCC_primary/f609a9c2-1c53-4bbb-9b40-ce736514e7de_4a47d2f4-1b4e-4c95-a58b-81e5bc954160.rna_seq.augmented_star_gene_counts.tsv"	"complete"	"4230651"	"93ee950e1a1a16d9176f92b686b792fe"	"93ee950e1a1a16d9176f92b686b792fe"	"downloaded; official GDC MD5 verified"
"2026-09-14 08:38:43 UTC"	"TCGA_LIHC_HCC_primary"	"KLA31_12"	"a53b8623-b659-446a-ab87-65b6361a17cd"	"gdc_star_counts/TCGA_LIHC_HCC_primary/a53b8623-b659-446a-ab87-65b6361a17cd_4e58c985-012a-4846-97f6-80dac0cae0b4.rna_seq.augmented_star_gene_counts.tsv"	"complete"	"4224350"	"8661c52741b36b3ca28b55ff99435465"	"8661c52741b36b3ca28b55ff99435465"	"downloaded; official GDC MD5 verified"
"2026-09-14 08:38:53 UTC"	"TCGA_LIHC_HCC_primary"	"KLA31_12"	"6226ffe4-bd87-4f0f-8b1b-c2f2baa0d59c"	"gdc_star_counts/TCGA_LIHC_HCC_primary/6226ffe4-bd87-4f0f-8b1b-c2f2baa0d59c_7c3fd6c4-1ae1-45a4-9819-b0b702baa6ac.rna_seq.augmented_star_gene_counts.tsv"	"complete"	"4198862"	"a5e08cff2d0f2d0b8a9a1b27ae9722f3"	"a5e08cff2d0f2d0b8a9a1b27ae9722f3"	"downloaded; official GDC MD5 verified"
"2026-09-14 08:39:00 UTC"	"TCGA_LIHC_HCC_primary"	"KLA31_12"	"5b4d459d-ee3d-46a0-be38-cafa1a5fad66"	"gdc_star_counts/TCGA_LIHC_HCC_primary/5b4d459d-ee3d-46a0-be38-cafa1a5fad66_b8dc06dd-4d60-4c28-94df-e62b6044201c.rna_seq.augmented_star_gene_counts.tsv"	"complete"	"4215488"	"af12572957808e06f21716950e4c1d6e"	"af12572957808e06f21716950e4c1d6e"	"downloaded; official GDC MD5 verified"
"2026-09-14 08:39:07 UTC"	"TCGA_LIHC_HCC_primary"	"KLA31_12"	"79524c66-28e9-47c9-9934-d64fe6e0ea92"	"gdc_star_counts/TCGA_LIHC_HCC_primary/79524c66-28e9-47c9-9934-d64fe6e0ea92_71966926-f43b-4420-ae73-ec20cfd4e832.rna_seq.augmented_star_gene_counts.tsv"	"complete"	"4203788"	"3cfb85d828f9946e9e7c23de221339e5"	"3cfb85d828f9946e9e7c23de221339e5"	"downloaded; official GDC MD5 verified"
"2026-09-14 08:39:15 UTC"	"TCGA_LIHC_HCC_primary"	"KLA31_12"	"8088cd3e-c3dc-45dc-8b66-637ada8ef440"	"gdc_star_counts/TCGA_LIHC_HCC_primary/8088cd3e-c3dc-45dc-8b66-637ada8ef440_4bc57c95-5c4e-4aad-a05a-ab5fafd76a1d.rna_seq.augmented_star_gene_counts.tsv"	"complete"	"4196683"	"6409cc320ce9d6d2f37650a3699c92d2"	"6409cc320ce9d6d2f37650a3699c92d2"	"downloaded; official GDC MD5 verified"
"2026-09-14 08:39:26 UTC"	"TCGA_LIHC_HCC_primary"	"KLA31_12"	"3e7b8842-d629-4fac-9da3-5d1c04c2a97e"	"gdc_star_counts/TCGA_LIHC_HCC_primary/3e7b8842-d629-4fac-9da3-5d1c04c2a97e_301b745d-b48e-4639-926f-1f9b6d42dc8e.rna_seq.augmented_star_gene_counts.tsv"	"complete"	"4221025"	"f1fd8e064f9fb3ed7f5e8d12694c0d03"	"f1fd8e064f9fb3ed7f5e8d12694c0d03"	"downloaded; official GDC MD5 verified"
"2026-09-14 08:39:31 UTC"	"TCGA_LIHC_HCC_primary"	"KLA31_12"	"4d6f675d-ce11-4faf-ae1f-15cfbc2b5351"	"gdc_star_counts/TCGA_LIHC_HCC_primary/4d6f675d-ce11-4faf-ae1f-15cfbc2b5351_7f4dfecb-1ab7-411c-80cb-4613251b75a7.rna_seq.augmented_star_gene_counts.tsv"	"complete"	"4217877"	"ee9f5d8486b91a5ed6c949aa1e8888f2"	"ee9f5d8486b91a5ed6c949aa1e8888f2"	"downloaded; official GDC MD5 verified"
"2026-09-14 08:39:38 UTC"	"TCGA_LIHC_HCC_primary"	"KLA31_12"	"d80985cc-be01-452c-931c-65fccbe783d9"	"gdc_star_counts/TCGA_LIHC_HCC_primary/d80985cc-be01-452c-931c-65fccbe783d9_01a67ac4-91db-4a3d-9137-fe2240acc861.rna_seq.augmented_star_gene_counts.tsv"	"complete"	"4220262"	"65cd2791cb00e320933c2511b66dd7cf"	"65cd2791cb00e320933c2511b66dd7cf"	"downloaded; official GDC MD5 verified"
"2026-09-14 08:39:47 UTC"	"TCGA_LIHC_HCC_primary"	"KLA31_12"	"aeab8782-8817-494f-8566-3fde7d8ed88d"	"gdc_star_counts/TCGA_LIHC_HCC_primary/aeab8782-8817-494f-8566-3fde7d8ed88d_19dc74d9-a307-4991-8723-a570de15858d.rna_seq.augmented_star_gene_counts.tsv"	"complete"	"4250056"	"e9c6f3a3341b63f6267eee9dad29b0ce"	"e9c6f3a3341b63f6267eee9dad29b0ce"	"downloaded; official GDC MD5 verified"
"2026-09-14 08:39:57 UTC"	"TCGA_LIHC_HCC_primary"	"KLA31_12"	"84f52c89-db34-4a63-9491-a11cebe8fcde"	"gdc_star_counts/TCGA_LIHC_HCC_primary/84f52c89-db34-4a63-9491-a11cebe8fcde_11b4abc6-0ab9-4c6a-bb4f-3282111cce13.rna_seq.augmented_star_gene_counts.tsv"	"complete"	"4220864"	"3888068b93202cb6a03d7f7cf91a9b99"	"3888068b93202cb6a03d7f7cf91a9b99"	"downloaded; official GDC MD5 verified"
"2026-09-14 08:40:02 UTC"	"TCGA_LIHC_HCC_primary"	"KLA31_12"	"3903fc44-5102-44ab-a18e-774108846f70"	"gdc_star_counts/TCGA_LIHC_HCC_primary/3903fc44-5102-44ab-a18e-774108846f70_c843bc23-4341-4136-bc1e-fe4177eb3540.rna_seq.augmented_star_gene_counts.tsv"	"complete"	"4209822"	"7a3b07f8102e5fb94854fa5229395d58"	"7a3b07f8102e5fb94854fa5229395d58"	"downloaded; official GDC MD5 verified"
"2026-09-14 08:40:09 UTC"	"TCGA_LIHC_HCC_primary"	"KLA31_12"	"97549552-8532-4593-a0dc-44d64f417bbb"	"gdc_star_counts/TCGA_LIHC_HCC_primary/97549552-8532-4593-a0dc-44d64f417bbb_7c4769e7-7e2b-48b7-a68d-775d2b76b105.rna_seq.augmented_star_gene_counts.tsv"	"complete"	"4200223"	"051bf5e980a79cf630411f12a2eb1bfa"	"051bf5e980a79cf630411f12a2eb1bfa"	"downloaded; official GDC MD5 verified"
"2026-09-14 08:40:22 UTC"	"TCGA_LIHC_HCC_primary"	"KLA31_12"	"8a76a1a8-dbe1-4058-a6d3-fceb2d325b16"	"gdc_star_counts/TCGA_LIHC_HCC_primary/8a76a1a8-dbe1-4058-a6d3-fceb2d325b16_9ea1ae11-2d1e-4d55-bbc6-c6f136041c6d.rna_seq.augmented_star_gene_counts.tsv"	"complete"	"4223556"	"3e68073735f5cd9333e8852fa03437f8"	"3e68073735f5cd9333e8852fa03437f8"	"downloaded; official GDC MD5 verified"
"2026-09-14 08:40:29 UTC"	"TCGA_LIHC_HCC_primary"	"KLA31_12"	"6a7615b4-460b-48ca-93de-345711844462"	"gdc_star_counts/TCGA_LIHC_HCC_primary/6a7615b4-460b-48ca-93de-345711844462_7b0ef66b-10f6-4e0f-bd72-0546fa26b6e1.rna_seq.augmented_star_gene_counts.tsv"	"complete"	"4217627"	"f3f3c6e12713c34ddc7bc3e5fd32bd52"	"f3f3c6e12713c34ddc7bc3e5fd32bd52"	"downloaded; official GDC MD5 verified"
"2026-09-14 08:40:34 UTC"	"TCGA_LIHC_HCC_primary"	"KLA31_12"	"afd5435d-07a2-4c95-b2b6-4a02c2a79d9c"	"gdc_star_counts/TCGA_LIHC_HCC_primary/afd5435d-07a2-4c95-b2b6-4a02c2a79d9c_d93bb6e9-c535-4deb-9207-18a728f80c31.rna_seq.augmented_star_gene_counts.tsv"	"complete"	"4190276"	"5a54eb1c1b005c0a232d675084365557"	"5a54eb1c1b005c0a232d675084365557"	"downloaded; official GDC MD5 verified"
"2026-09-14 08:40:42 UTC"	"TCGA_LIHC_HCC_primary"	"KLA31_12"	"35b21093-a92a-45e4-bdb2-a82fb400c6ea"	"gdc_star_counts/TCGA_LIHC_HCC_primary/35b21093-a92a-45e4-bdb2-a82fb400c6ea_a9ec76be-2ef4-4b95-9ab8-0b47fd793b0e.rna_seq.augmented_star_gene_counts.tsv"	"complete"	"4205453"	"d84d173c2d3f1e129d9cf7bebcbaacc9"	"d84d173c2d3f1e129d9cf7bebcbaacc9"	"downloaded; official GDC MD5 verified"
"2026-09-14 08:40:51 UTC"	"TCGA_LIHC_HCC_primary"	"KLA31_12"	"7e03a043-3837-476b-8183-77b9b5cebaa0"	"gdc_star_counts/TCGA_LIHC_HCC_primary/7e03a043-3837-476b-8183-77b9b5cebaa0_c54543f5-6a3a-4ec6-bf6e-9d423ddf54f9.rna_seq.augmented_star_gene_counts.tsv"	"complete"	"4218605"	"a2a88cc7b45ecee346e62731831671a1"	"a2a88cc7b45ecee346e62731831671a1"	"downloaded; official GDC MD5 verified"
"2026-09-14 08:40:58 UTC"	"TCGA_LIHC_HCC_primary"	"KLA31_12"	"19697a4b-519a-4b54-8bbe-74e9a2d28df2"	"gdc_star_counts/TCGA_LIHC_HCC_primary/19697a4b-519a-4b54-8bbe-74e9a2d28df2_819f5d2c-3340-48d7-913c-b3c96f4c331e.rna_seq.augmented_star_gene_counts.tsv"	"complete"	"4196817"	"21e05a956776a8a1cc18dc6d2a4dbce4"	"21e05a956776a8a1cc18dc6d2a4dbce4"	"downloaded; official GDC MD5 verified"
"2026-09-14 08:41:04 UTC"	"TCGA_LIHC_HCC_primary"	"KLA31_12"	"fcf07cf2-437a-4178-a405-c34d800cf75f"	"gdc_star_counts/TCGA_LIHC_HCC_primary/fcf07cf2-437a-4178-a405-c34d800cf75f_0ac55bd1-ee36-4795-b9d9-4a07495e5a46.rna_seq.augmented_star_gene_counts.tsv"	"complete"	"4218794"	"e12727a5ec338f2f462fc15da2deaacb"	"e12727a5ec338f2f462fc15da2deaacb"	"downloaded; official GDC MD5 verified"
"2026-09-14 08:41:12 UTC"	"TCGA_LIHC_HCC_primary"	"KLA31_12"	"228b84dd-0200-4c42-99de-cc9246428d80"	"gdc_star_counts/TCGA_LIHC_HCC_primary/228b84dd-0200-4c42-99de-cc9246428d80_e312bd4b-0a13-4998-8f0b-cb55ab6072b9.rna_seq.augmented_star_gene_counts.tsv"	"complete"	"4212838"	"19dc405996be6007e57a158609e1b08f"	"19dc405996be6007e57a158609e1b08f"	"downloaded; official GDC MD5 verified"
"2026-09-14 08:41:21 UTC"	"TCGA_LIHC_HCC_primary"	"KLA31_12"	"b6ac2916-a8b3-4415-9b98-eb0e5a6e58af"	"gdc_star_counts/TCGA_LIHC_HCC_primary/b6ac2916-a8b3-4415-9b98-eb0e5a6e58af_c4885dd1-1f37-48d2-b6c2-f6ac660c511e.rna_seq.augmented_star_gene_counts.tsv"	"complete"	"4219388"	"b8bab60672f2ad931bf135e47e7e3f90"	"b8bab60672f2ad931bf135e47e7e3f90"	"downloaded; official GDC MD5 verified"
"2026-09-14 08:41:29 UTC"	"TCGA_LIHC_HCC_primary"	"KLA31_12"	"9ece0f6e-7b10-478f-8644-0f4198f2c09c"	"gdc_star_counts/TCGA_LIHC_HCC_primary/9ece0f6e-7b10-478f-8644-0f4198f2c09c_63e01cb1-aae8-466c-8c89-cc26f3ed3492.rna_seq.augmented_star_gene_counts.tsv"	"complete"	"4216314"	"d0bfe1885c756b8981abad888e6b6623"	"d0bfe1885c756b8981abad888e6b6623"	"downloaded; official GDC MD5 verified"
"2026-09-14 08:41:34 UTC"	"TCGA_LIHC_HCC_primary"	"KLA31_12"	"b5ce86e3-f0ee-45c0-bab8-30ad531e3fec"	"gdc_star_counts/TCGA_LIHC_HCC_primary/b5ce86e3-f0ee-45c0-bab8-30ad531e3fec_45b13a4b-cff9-49ea-a800-0b337cc1e512.rna_seq.augmented_star_gene_counts.tsv"	"complete"	"4218996"	"5e8c69ef20efb2e263506f23ecba4027"	"5e8c69ef20efb2e263506f23ecba4027"	"downloaded; official GDC MD5 verified"
"2026-09-14 08:41:42 UTC"	"TCGA_LIHC_HCC_primary"	"KLA31_12"	"be7803e0-0af4-43d1-8cc3-0c309c44a275"	"gdc_star_counts/TCGA_LIHC_HCC_primary/be7803e0-0af4-43d1-8cc3-0c309c44a275_240642e8-0f62-406f-bc13-9b3e49e0c510.rna_seq.augmented_star_gene_counts.tsv"	"complete"	"4228957"	"8ee3e1ead0286b1e1704783650b85227"	"8ee3e1ead0286b1e1704783650b85227"	"downloaded; official GDC MD5 verified"
"2026-09-14 08:41:51 UTC"	"TCGA_LIHC_HCC_primary"	"KLA31_12"	"e1ab994c-401a-4b92-ae85-59a421b89b52"	"gdc_star_counts/TCGA_LIHC_HCC_primary/e1ab994c-401a-4b92-ae85-59a421b89b52_3ed45813-2a31-43ca-944e-e671af9f9b91.rna_seq.augmented_star_gene_counts.tsv"	"complete"	"4212562"	"7d91a9f8d3b6d5cf42dc3d550316e64e"	"7d91a9f8d3b6d5cf42dc3d550316e64e"	"downloaded; official GDC MD5 verified"
"2026-09-14 08:41:58 UTC"	"TCGA_LIHC_HCC_primary"	"KLA31_12"	"3b16f864-d1ea-4ecf-b28d-cbce29b9bb47"	"gdc_star_counts/TCGA_LIHC_HCC_primary/3b16f864-d1ea-4ecf-b28d-cbce29b9bb47_93bbdfef-3d7a-490f-9747-2fd5b01391b8.rna_seq.augmented_star_gene_counts.tsv"	"complete"	"4214146"	"b5da89e7035c7047d209655fd981b1cc"	"b5da89e7035c7047d209655fd981b1cc"	"downloaded; official GDC MD5 verified"
"2026-09-14 08:42:05 UTC"	"TCGA_LIHC_HCC_primary"	"KLA31_12"	"0f2270a9-bd32-4834-82f1-24197db62398"	"gdc_star_counts/TCGA_LIHC_HCC_primary/0f2270a9-bd32-4834-82f1-24197db62398_cd360b3a-1369-4a13-a13b-5adf4a5e66bf.rna_seq.augmented_star_gene_counts.tsv"	"complete"	"4234524"	"4ab6173ecf7f621b3df079a52a942bb2"	"4ab6173ecf7f621b3df079a52a942bb2"	"downloaded; official GDC MD5 verified"
"2026-09-14 08:42:14 UTC"	"TCGA_LIHC_HCC_primary"	"KLA31_12"	"954f3c93-7105-4ace-9c1a-f8a650179ec0"	"gdc_star_counts/TCGA_LIHC_HCC_primary/954f3c93-7105-4ace-9c1a-f8a650179ec0_9e28b00a-85df-4126-a619-cffc2d5abad2.rna_seq.augmented_star_gene_counts.tsv"	"complete"	"4223401"	"ce5316b0e3953aeff29b35b03ece4749"	"ce5316b0e3953aeff29b35b03ece4749"	"downloaded; official GDC MD5 verified"
"2026-09-14 08:42:23 UTC"	"TCGA_LIHC_HCC_primary"	"KLA31_12"	"293f1d34-2368-4382-809a-3b04083329ca"	"gdc_star_counts/TCGA_LIHC_HCC_primary/293f1d34-2368-4382-809a-3b04083329ca_a4bcd2df-1155-4528-86bc-232b0349c1a0.rna_seq.augmented_star_gene_counts.tsv"	"complete"	"4227908"	"f43687bff7e674061dca9b522282de36"	"f43687bff7e674061dca9b522282de36"	"downloaded; official GDC MD5 verified"
"2026-09-14 08:42:33 UTC"	"TCGA_LIHC_HCC_primary"	"KLA31_12"	"58e4283a-b744-4871-81ec-6d18baa1a8e5"	"gdc_star_counts/TCGA_LIHC_HCC_primary/58e4283a-b744-4871-81ec-6d18baa1a8e5_18b024b6-f991-4414-8d9b-4cc112d8ec38.rna_seq.augmented_star_gene_counts.tsv"	"complete"	"4197233"	"dcd9369127c887647d7a52de33445e47"	"dcd9369127c887647d7a52de33445e47"	"downloaded; official GDC MD5 verified"
"2026-09-14 08:42:41 UTC"	"TCGA_LIHC_HCC_primary"	"KLA31_12"	"21f8d42a-a743-49d4-a39b-473ad03f5ce8"	"gdc_star_counts/TCGA_LIHC_HCC_primary/21f8d42a-a743-49d4-a39b-473ad03f5ce8_fe42792f-4116-4e5f-8db3-678b74cfd263.rna_seq.augmented_star_gene_counts.tsv"	"complete"	"4231530"	"19e29343989fa7ddaa66a7d49da9df92"	"19e29343989fa7ddaa66a7d49da9df92"	"downloaded; official GDC MD5 verified"
"2026-09-14 08:42:50 UTC"	"TCGA_LIHC_HCC_primary"	"KLA31_12"	"1c6ab128-b7bd-4a6c-8e5d-8cd3d154f802"	"gdc_star_counts/TCGA_LIHC_HCC_primary/1c6ab128-b7bd-4a6c-8e5d-8cd3d154f802_5957c3ef-b6e7-4b4d-b8cf-d04f85b4160b.rna_seq.augmented_star_gene_counts.tsv"	"complete"	"4220068"	"9d24a2be388cee6e2db71d77b1e1dccc"	"9d24a2be388cee6e2db71d77b1e1dccc"	"downloaded; official GDC MD5 verified"
"2026-09-14 08:42:58 UTC"	"TCGA_LIHC_HCC_primary"	"KLA31_12"	"8842358a-057c-4a49-8d0c-a2c72e2a042b"	"gdc_star_counts/TCGA_LIHC_HCC_primary/8842358a-057c-4a49-8d0c-a2c72e2a042b_1cb99a58-aee1-4c4c-a9e2-fd8c084fe073.rna_seq.augmented_star_gene_counts.tsv"	"complete"	"4218546"	"0e9c39e29e93241e52dd1e4b8a4cc1e1"	"0e9c39e29e93241e52dd1e4b8a4cc1e1"	"downloaded; official GDC MD5 verified"
"2026-09-14 08:43:04 UTC"	"TCGA_LIHC_HCC_primary"	"KLA31_12"	"be0308e2-3a8c-4691-8b4d-ea9459255d8c"	"gdc_star_counts/TCGA_LIHC_HCC_primary/be0308e2-3a8c-4691-8b4d-ea9459255d8c_706dad3a-fff4-49dd-b4ca-12a411d8726f.rna_seq.augmented_star_gene_counts.tsv"	"complete"	"4217596"	"415e607e0cff04f028847c6dc1ebdcd9"	"415e607e0cff04f028847c6dc1ebdcd9"	"downloaded; official GDC MD5 verified"
"2026-09-14 08:43:12 UTC"	"TCGA_LIHC_HCC_primary"	"KLA31_12"	"aa987424-2d82-42ae-a319-10b36194675c"	"gdc_star_counts/TCGA_LIHC_HCC_primary/aa987424-2d82-42ae-a319-10b36194675c_11795d2c-eeb4-4d71-ba35-0ceac205bd18.rna_seq.augmented_star_gene_counts.tsv"	"complete"	"4221481"	"6a8bd5e2ec8fef178e05ae286516c23d"	"6a8bd5e2ec8fef178e05ae286516c23d"	"downloaded; official GDC MD5 verified"
"2026-09-14 08:43:21 UTC"	"TCGA_LIHC_HCC_primary"	"KLA31_12"	"9d333f19-a52e-4218-8ae8-b5876d7839d2"	"gdc_star_counts/TCGA_LIHC_HCC_primary/9d333f19-a52e-4218-8ae8-b5876d7839d2_becb1650-22ac-45d9-982f-57c391343933.rna_seq.augmented_star_gene_counts.tsv"	"complete"	"4205137"	"6649a8ead331b8570336225da00d7a51"	"6649a8ead331b8570336225da00d7a51"	"downloaded; official GDC MD5 verified"
"2026-09-14 08:43:28 UTC"	"TCGA_LIHC_HCC_primary"	"KLA31_12"	"fb310e6b-1b46-4a67-8a1a-16d9be837dc6"	"gdc_star_counts/TCGA_LIHC_HCC_primary/fb310e6b-1b46-4a67-8a1a-16d9be837dc6_ebf5bac8-5ed4-474c-bda0-efc21b4b805d.rna_seq.augmented_star_gene_counts.tsv"	"complete"	"4220896"	"cd1891e91113a2dc59b5af29abb853e7"	"cd1891e91113a2dc59b5af29abb853e7"	"downloaded; official GDC MD5 verified"
"2026-09-14 08:43:34 UTC"	"TCGA_LIHC_HCC_primary"	"KLA31_12"	"eb9d8b0e-a024-43b2-943f-3aca44561e1d"	"gdc_star_counts/TCGA_LIHC_HCC_primary/eb9d8b0e-a024-43b2-943f-3aca44561e1d_1f6d7667-b1ed-4577-9005-a6ffb9a4f547.rna_seq.augmented_star_gene_counts.tsv"	"complete"	"4212533"	"7f7048158be20f305e167ceaf1c17e54"	"7f7048158be20f305e167ceaf1c17e54"	"downloaded; official GDC MD5 verified"
"2026-09-14 08:43:42 UTC"	"TCGA_LIHC_HCC_primary"	"KLA31_12"	"50510cac-4961-4b8c-b24b-06bfbfead355"	"gdc_star_counts/TCGA_LIHC_HCC_primary/50510cac-4961-4b8c-b24b-06bfbfead355_3f6cc934-a895-4155-9257-7b09d36ac917.rna_seq.augmented_star_gene_counts.tsv"	"complete"	"4221846"	"9984e9b3e28459fde306cc0f1bf25f33"	"9984e9b3e28459fde306cc0f1bf25f33"	"downloaded; official GDC MD5 verified"
"2026-09-14 08:43:51 UTC"	"TCGA_LIHC_HCC_primary"	"KLA31_12"	"858fa98b-752a-4005-a292-1c5c7153ceb5"	"gdc_star_counts/TCGA_LIHC_HCC_primary/858fa98b-752a-4005-a292-1c5c7153ceb5_e6a2ee0a-fc09-4f09-a78e-c9d1916720cc.rna_seq.augmented_star_gene_counts.tsv"	"complete"	"4222701"	"736c630dbab03659c368c5b787e7b4cb"	"736c630dbab03659c368c5b787e7b4cb"	"downloaded; official GDC MD5 verified"
"2026-09-14 08:43:59 UTC"	"TCGA_LIHC_HCC_primary"	"KLA31_12"	"4c1beb5d-13a1-435f-bf1d-ea8015d486ff"	"gdc_star_counts/TCGA_LIHC_HCC_primary/4c1beb5d-13a1-435f-bf1d-ea8015d486ff_32e9669c-0c2c-47a5-b53b-c833c776607d.rna_seq.augmented_star_gene_counts.tsv"	"complete"	"4210397"	"be6610fda96e237cfe8043f0a7fcc0b6"	"be6610fda96e237cfe8043f0a7fcc0b6"	"downloaded; official GDC MD5 verified"
"2026-09-14 08:44:04 UTC"	"TCGA_LIHC_HCC_primary"	"KLA31_12"	"ff12abd3-0f45-4063-afa7-fa5cad973159"	"gdc_star_counts/TCGA_LIHC_HCC_primary/ff12abd3-0f45-4063-afa7-fa5cad973159_2dae2e49-314d-4a80-8699-7ccbe516e587.rna_seq.augmented_star_gene_counts.tsv"	"complete"	"4214665"	"14f7cd6dbc656bafca33d49df33cb5ae"	"14f7cd6dbc656bafca33d49df33cb5ae"	"downloaded; official GDC MD5 verified"
"2026-09-14 08:44:12 UTC"	"TCGA_LIHC_HCC_primary"	"KLA31_12"	"513f448a-7c38-46d0-9f61-fec9416334cd"	"gdc_star_counts/TCGA_LIHC_HCC_primary/513f448a-7c38-46d0-9f61-fec9416334cd_192fbc82-959c-469b-ba83-0dd7af188265.rna_seq.augmented_star_gene_counts.tsv"	"complete"	"4209633"	"5a6794130ac6009bd7827ef7d336566a"	"5a6794130ac6009bd7827ef7d336566a"	"downloaded; official GDC MD5 verified"
"2026-09-14 08:44:21 UTC"	"TCGA_LIHC_HCC_primary"	"KLA31_12"	"991558d8-6ea1-4689-a3fc-ba6172b21828"	"gdc_star_counts/TCGA_LIHC_HCC_primary/991558d8-6ea1-4689-a3fc-ba6172b21828_103f757b-a61e-4346-87a4-b4b290dd99f3.rna_seq.augmented_star_gene_counts.tsv"	"complete"	"4219883"	"184327967c6e8adc321cd3886c89f683"	"184327967c6e8adc321cd3886c89f683"	"downloaded; official GDC MD5 verified"
"2026-09-14 08:44:28 UTC"	"TCGA_LIHC_HCC_primary"	"KLA31_12"	"426b0e75-593f-4992-b355-b751160e05a0"	"gdc_star_counts/TCGA_LIHC_HCC_primary/426b0e75-593f-4992-b355-b751160e05a0_cfa0d88b-5da4-41be-b3df-7b567a6fef9c.rna_seq.augmented_star_gene_counts.tsv"	"complete"	"4204973"	"55d4946657f6eca80ef76ac169283978"	"55d4946657f6eca80ef76ac169283978"	"downloaded; official GDC MD5 verified"
"2026-09-14 08:44:34 UTC"	"TCGA_LIHC_HCC_primary"	"KLA31_12"	"28211bba-af07-4e9e-abcd-fcf7cc19ba02"	"gdc_star_counts/TCGA_LIHC_HCC_primary/28211bba-af07-4e9e-abcd-fcf7cc19ba02_bedfc888-5d34-4fae-bc3c-13255bc47c2b.rna_seq.augmented_star_gene_counts.tsv"	"complete"	"4203290"	"d78fd6058779c5c2b124b3021acd284b"	"d78fd6058779c5c2b124b3021acd284b"	"downloaded; official GDC MD5 verified"
"2026-09-14 08:44:41 UTC"	"TCGA_LIHC_HCC_primary"	"KLA31_12"	"40b00d5b-5a07-45c8-94d0-26fd8724dd93"	"gdc_star_counts/TCGA_LIHC_HCC_primary/40b00d5b-5a07-45c8-94d0-26fd8724dd93_bff35005-41e0-4aa8-b423-083064236144.rna_seq.augmented_star_gene_counts.tsv"	"complete"	"4212703"	"4eba726aa9a9eedd7161f01952b7c2c7"	"4eba726aa9a9eedd7161f01952b7c2c7"	"downloaded; official GDC MD5 verified"
"2026-09-14 08:44:50 UTC"	"TCGA_LIHC_HCC_primary"	"KLA31_12"	"902a4484-1b5a-4dd6-bbf3-ad57b6663f5a"	"gdc_star_counts/TCGA_LIHC_HCC_primary/902a4484-1b5a-4dd6-bbf3-ad57b6663f5a_f96109b6-750e-48d4-800f-a90649830f59.rna_seq.augmented_star_gene_counts.tsv"	"complete"	"4220511"	"0534057f732ba7cd5bf5fb7f98f0d6cd"	"0534057f732ba7cd5bf5fb7f98f0d6cd"	"downloaded; official GDC MD5 verified"
"2026-09-14 08:44:58 UTC"	"TCGA_LIHC_HCC_primary"	"KLA31_12"	"c4e97f5b-9da4-4bb4-9ab5-9a9affec4e27"	"gdc_star_counts/TCGA_LIHC_HCC_primary/c4e97f5b-9da4-4bb4-9ab5-9a9affec4e27_6c8ba378-3d51-46a8-ac10-41652da21459.rna_seq.augmented_star_gene_counts.tsv"	"complete"	"4206944"	"17bc350a1c745b4413f4f7e5cccbebd1"	"17bc350a1c745b4413f4f7e5cccbebd1"	"downloaded; official GDC MD5 verified"
"2026-09-14 08:45:03 UTC"	"TCGA_LIHC_HCC_primary"	"KLA31_12"	"ac2c8fb2-a069-41ef-9daa-b10faf870149"	"gdc_star_counts/TCGA_LIHC_HCC_primary/ac2c8fb2-a069-41ef-9daa-b10faf870149_4c34db2e-e3cd-46d9-85ac-4277a1f036f1.rna_seq.augmented_star_gene_counts.tsv"	"complete"	"4196104"	"3f7bec0c659b0d5bc4433aacef55119f"	"3f7bec0c659b0d5bc4433aacef55119f"	"downloaded; official GDC MD5 verified"
"2026-09-14 08:45:16 UTC"	"TCGA_LIHC_HCC_primary"	"KLA31_12"	"bca5a800-5af4-437d-9ce4-7571fb046ba5"	"gdc_star_counts/TCGA_LIHC_HCC_primary/bca5a800-5af4-437d-9ce4-7571fb046ba5_ae0c04e0-d029-4432-bcd9-96c3c5d5dcd3.rna_seq.augmented_star_gene_counts.tsv"	"complete"	"4231482"	"250188fd38156a7ee01fd6d93c11fadf"	"250188fd38156a7ee01fd6d93c11fadf"	"downloaded; official GDC MD5 verified"
"2026-09-14 08:45:25 UTC"	"TCGA_LIHC_HCC_primary"	"KLA31_12"	"e0b785ae-608a-43a9-805e-8adfbda809a4"	"gdc_star_counts/TCGA_LIHC_HCC_primary/e0b785ae-608a-43a9-805e-8adfbda809a4_a54e96d5-9666-4e09-8687-7d3a26a81b33.rna_seq.augmented_star_gene_counts.tsv"	"complete"	"4218464"	"361a3a9a5c10199880995b61b5da1faa"	"361a3a9a5c10199880995b61b5da1faa"	"downloaded; official GDC MD5 verified"
"2026-09-14 08:45:31 UTC"	"TCGA_LIHC_HCC_primary"	"KLA31_12"	"8ca35f8b-9a11-4f07-933d-91d5feb0a069"	"gdc_star_counts/TCGA_LIHC_HCC_primary/8ca35f8b-9a11-4f07-933d-91d5feb0a069_f9963ac2-b1c9-4a24-b077-be1a4007d20d.rna_seq.augmented_star_gene_counts.tsv"	"complete"	"4209983"	"e8f81832902265caf4c9104d3abb87a2"	"e8f81832902265caf4c9104d3abb87a2"	"downloaded; official GDC MD5 verified"
"2026-09-14 08:45:38 UTC"	"TCGA_LIHC_HCC_primary"	"KLA31_12"	"654d7741-6628-43d7-bfbf-238e8aa87be0"	"gdc_star_counts/TCGA_LIHC_HCC_primary/654d7741-6628-43d7-bfbf-238e8aa87be0_56ceda32-7646-463b-a014-aba6a9987b3c.rna_seq.augmented_star_gene_counts.tsv"	"complete"	"4217898"	"4e3020f9a7f3e97a874beb61305f1788"	"4e3020f9a7f3e97a874beb61305f1788"	"downloaded; official GDC MD5 verified"
"2026-09-14 08:45:53 UTC"	"TCGA_LIHC_HCC_primary"	"KLA31_12"	"e3657009-4f9e-4632-a458-2bf17ec93fbd"	"gdc_star_counts/TCGA_LIHC_HCC_primary/e3657009-4f9e-4632-a458-2bf17ec93fbd_9f62f80d-72e6-41b6-aa23-91dc21b6fc5c.rna_seq.augmented_star_gene_counts.tsv"	"complete"	"4200513"	"4d6878798337d85bdfa74d6c97ce818d"	"4d6878798337d85bdfa74d6c97ce818d"	"downloaded; official GDC MD5 verified"
"2026-09-14 08:46:00 UTC"	"TCGA_LIHC_HCC_primary"	"KLA31_12"	"96a14578-77fc-44f0-ba46-9cba2a214a8e"	"gdc_star_counts/TCGA_LIHC_HCC_primary/96a14578-77fc-44f0-ba46-9cba2a214a8e_6db82dae-7d24-472c-9558-08291f9b96bb.rna_seq.augmented_star_gene_counts.tsv"	"complete"	"4215377"	"cccc7c7db03628a63558bd1f502a6d2d"	"cccc7c7db03628a63558bd1f502a6d2d"	"downloaded; official GDC MD5 verified"
"2026-09-14 08:46:06 UTC"	"TCGA_LIHC_HCC_primary"	"KLA31_12"	"381f27e4-5056-4fae-9f32-1e5d210f5d33"	"gdc_star_counts/TCGA_LIHC_HCC_primary/381f27e4-5056-4fae-9f32-1e5d210f5d33_6d0497fb-e6ce-48d7-81a3-f8f40e31744b.rna_seq.augmented_star_gene_counts.tsv"	"complete"	"4218941"	"bdfacd3f4f25b72ce8de896df7a32df0"	"bdfacd3f4f25b72ce8de896df7a32df0"	"downloaded; official GDC MD5 verified"
"2026-09-14 08:46:15 UTC"	"TCGA_LIHC_HCC_primary"	"KLA31_12"	"b3d3844d-00ce-415e-83a5-936804ffa66c"	"gdc_star_counts/TCGA_LIHC_HCC_primary/b3d3844d-00ce-415e-83a5-936804ffa66c_18d41dea-6ae2-4030-ac51-66ff54189bab.rna_seq.augmented_star_gene_counts.tsv"	"complete"	"4239328"	"a4b3119150399b3d63ef20c517fc070e"	"a4b3119150399b3d63ef20c517fc070e"	"downloaded; official GDC MD5 verified"
"2026-09-14 08:46:28 UTC"	"TCGA_LIHC_HCC_primary"	"KLA31_12"	"34580e9c-83f1-4252-9e71-5b6767d75699"	"gdc_star_counts/TCGA_LIHC_HCC_primary/34580e9c-83f1-4252-9e71-5b6767d75699_fe3fb552-6716-4741-b851-9bb6cd358940.rna_seq.augmented_star_gene_counts.tsv"	"complete"	"4221980"	"6c29cbcfa380561f00574821e9d0d3a0"	"6c29cbcfa380561f00574821e9d0d3a0"	"downloaded; official GDC MD5 verified"
"2026-09-14 08:46:33 UTC"	"TCGA_LIHC_HCC_primary"	"KLA31_12"	"ff54fafe-1168-4921-af2c-2be600c9430e"	"gdc_star_counts/TCGA_LIHC_HCC_primary/ff54fafe-1168-4921-af2c-2be600c9430e_87b041d0-77c6-44ac-9e45-fe16e71455a5.rna_seq.augmented_star_gene_counts.tsv"	"complete"	"4212615"	"e3887e95f04494060abeeb992633146d"	"e3887e95f04494060abeeb992633146d"	"downloaded; official GDC MD5 verified"
"2026-09-14 08:46:44 UTC"	"TCGA_LIHC_HCC_primary"	"KLA31_12"	"37af3733-6068-4867-a545-39eef514dc12"	"gdc_star_counts/TCGA_LIHC_HCC_primary/37af3733-6068-4867-a545-39eef514dc12_65bd5f28-4822-454d-9f6d-ce9b06ca9261.rna_seq.augmented_star_gene_counts.tsv"	"complete"	"4206940"	"04836c62766eaf5c232fb5e6524f54d4"	"04836c62766eaf5c232fb5e6524f54d4"	"downloaded; official GDC MD5 verified"
"2026-09-14 08:46:53 UTC"	"TCGA_LIHC_HCC_primary"	"KLA31_12"	"704376d7-9bd9-4097-bb4e-60ee92241481"	"gdc_star_counts/TCGA_LIHC_HCC_primary/704376d7-9bd9-4097-bb4e-60ee92241481_7b5d9241-4c32-4957-bfb5-d9bc4f711ee6.rna_seq.augmented_star_gene_counts.tsv"	"complete"	"4240314"	"08ad8833c42973e69201410cbe0be51d"	"08ad8833c42973e69201410cbe0be51d"	"downloaded; official GDC MD5 verified"
"2026-09-14 08:46:59 UTC"	"TCGA_LIHC_HCC_primary"	"KLA31_12"	"3caa8628-d3d6-40d0-bfd1-0de2b2e9ed61"	"gdc_star_counts/TCGA_LIHC_HCC_primary/3caa8628-d3d6-40d0-bfd1-0de2b2e9ed61_a1e4d6cb-c195-4ed4-8f75-083c257333a4.rna_seq.augmented_star_gene_counts.tsv"	"complete"	"4236132"	"c40a1e13d45b8904cd5d531a83b5cedf"	"c40a1e13d45b8904cd5d531a83b5cedf"	"downloaded; official GDC MD5 verified"
"2026-09-14 08:47:04 UTC"	"TCGA_LIHC_HCC_primary"	"KLA31_12"	"290ba806-3ade-4706-9c9b-10d571765187"	"gdc_star_counts/TCGA_LIHC_HCC_primary/290ba806-3ade-4706-9c9b-10d571765187_9262c029-3b86-4582-82a1-ace640871d9c.rna_seq.augmented_star_gene_counts.tsv"	"complete"	"4219331"	"534392f443b4ec33d40196a3af4b7266"	"534392f443b4ec33d40196a3af4b7266"	"downloaded; official GDC MD5 verified"
"2026-09-14 08:47:13 UTC"	"TCGA_LIHC_HCC_primary"	"KLA31_12"	"fa515a26-a43e-4b6e-8120-07a9c3b6352e"	"gdc_star_counts/TCGA_LIHC_HCC_primary/fa515a26-a43e-4b6e-8120-07a9c3b6352e_dfc8986d-1ec3-4c77-926e-d71cc217ffcd.rna_seq.augmented_star_gene_counts.tsv"	"complete"	"4224408"	"d8803a3ebcc33181877e1583bbb25829"	"d8803a3ebcc33181877e1583bbb25829"	"downloaded; official GDC MD5 verified"
"2026-09-14 08:47:22 UTC"	"TCGA_LIHC_HCC_primary"	"KLA31_12"	"79087a10-f5df-4e07-9c80-ac4a43f9cc55"	"gdc_star_counts/TCGA_LIHC_HCC_primary/79087a10-f5df-4e07-9c80-ac4a43f9cc55_37abfb3b-d7e9-463f-853b-1d76966bf928.rna_seq.augmented_star_gene_counts.tsv"	"complete"	"4212969"	"981b0cae99b827310b2201bae0af4daa"	"981b0cae99b827310b2201bae0af4daa"	"downloaded; official GDC MD5 verified"
"2026-09-14 08:47:28 UTC"	"TCGA_LIHC_HCC_primary"	"KLA31_12"	"4e34e3c0-7b98-4a4f-8889-489f87383ba4"	"gdc_star_counts/TCGA_LIHC_HCC_primary/4e34e3c0-7b98-4a4f-8889-489f87383ba4_9d164d74-ec27-4cef-81b0-0580550e96af.rna_seq.augmented_star_gene_counts.tsv"	"complete"	"4216005"	"1fc033c03fbab635d3a6ee359bd09e41"	"1fc033c03fbab635d3a6ee359bd09e41"	"downloaded; official GDC MD5 verified"
"2026-09-14 08:47:34 UTC"	"TCGA_LIHC_HCC_primary"	"KLA31_12"	"e8627623-e4a5-46a1-8914-6b41bd84635d"	"gdc_star_counts/TCGA_LIHC_HCC_primary/e8627623-e4a5-46a1-8914-6b41bd84635d_b8347a97-a39f-4ade-8740-ef405eae9955.rna_seq.augmented_star_gene_counts.tsv"	"complete"	"4216765"	"55c320552db50a976acdfb713b8bc03d"	"55c320552db50a976acdfb713b8bc03d"	"downloaded; official GDC MD5 verified"
"2026-09-14 08:47:42 UTC"	"TCGA_LIHC_HCC_primary"	"KLA31_12"	"6d1cf7fd-b7e2-4770-b0ce-5823de7ba817"	"gdc_star_counts/TCGA_LIHC_HCC_primary/6d1cf7fd-b7e2-4770-b0ce-5823de7ba817_25cb96a0-40d9-4d91-b997-efa79962f6e2.rna_seq.augmented_star_gene_counts.tsv"	"complete"	"4220586"	"0a07abcd1ccc12e0fa97ca5f1ac4cfdf"	"0a07abcd1ccc12e0fa97ca5f1ac4cfdf"	"downloaded; official GDC MD5 verified"
"2026-09-14 08:47:51 UTC"	"TCGA_LIHC_HCC_primary"	"KLA31_12"	"cc46ac99-00d9-43e3-813c-ffc2f611ea32"	"gdc_star_counts/TCGA_LIHC_HCC_primary/cc46ac99-00d9-43e3-813c-ffc2f611ea32_15c9c88d-1489-48e5-857a-6feb6dbe29b4.rna_seq.augmented_star_gene_counts.tsv"	"complete"	"4229181"	"6c7abfc6e1a730e7b6d454e964960cb3"	"6c7abfc6e1a730e7b6d454e964960cb3"	"downloaded; official GDC MD5 verified"
"2026-09-14 08:47:58 UTC"	"TCGA_LIHC_HCC_primary"	"KLA31_12"	"472cb976-5b95-4130-bda1-243e24e2bd80"	"gdc_star_counts/TCGA_LIHC_HCC_primary/472cb976-5b95-4130-bda1-243e24e2bd80_c7bf2ffe-055a-4658-9a6a-c2f2e6ddc7df.rna_seq.augmented_star_gene_counts.tsv"	"complete"	"4217102"	"d8c60414d6a425494fff8ae17f5f09d2"	"d8c60414d6a425494fff8ae17f5f09d2"	"downloaded; official GDC MD5 verified"
"2026-09-14 08:48:04 UTC"	"TCGA_LIHC_HCC_primary"	"KLA31_12"	"56f31145-6c4f-40f2-9f1b-2c428f1c6f6d"	"gdc_star_counts/TCGA_LIHC_HCC_primary/56f31145-6c4f-40f2-9f1b-2c428f1c6f6d_7df90db3-232d-4e82-b960-7dcee63635bd.rna_seq.augmented_star_gene_counts.tsv"	"complete"	"4256866"	"86e17f1f5dbea3ce2f51e2a4b3a048e2"	"86e17f1f5dbea3ce2f51e2a4b3a048e2"	"downloaded; official GDC MD5 verified"
"2026-09-14 08:48:13 UTC"	"TCGA_LIHC_HCC_primary"	"KLA31_12"	"30bec809-3ad4-4a01-a7e4-7846643d1a06"	"gdc_star_counts/TCGA_LIHC_HCC_primary/30bec809-3ad4-4a01-a7e4-7846643d1a06_bc96f6df-c22f-459a-a712-be9df674b3f0.rna_seq.augmented_star_gene_counts.tsv"	"complete"	"4214281"	"d631ba25f490c34eb1a7421e32c049e0"	"d631ba25f490c34eb1a7421e32c049e0"	"downloaded; official GDC MD5 verified"
"2026-09-14 08:48:23 UTC"	"TCGA_LIHC_HCC_primary"	"KLA31_12"	"7fb95d95-2359-471e-aac2-edf70dae1574"	"gdc_star_counts/TCGA_LIHC_HCC_primary/7fb95d95-2359-471e-aac2-edf70dae1574_fc962f33-2c10-44e8-8eff-c5375c02c151.rna_seq.augmented_star_gene_counts.tsv"	"complete"	"4212567"	"b391c501b4927b9816d907a4a0ddf5d4"	"b391c501b4927b9816d907a4a0ddf5d4"	"downloaded; official GDC MD5 verified"
"2026-09-14 08:48:30 UTC"	"TCGA_LIHC_HCC_primary"	"KLA31_12"	"f154e063-d06b-43a9-9447-0aa933b420ba"	"gdc_star_counts/TCGA_LIHC_HCC_primary/f154e063-d06b-43a9-9447-0aa933b420ba_39546419-4ab2-4d0f-b620-eb18c4583853.rna_seq.augmented_star_gene_counts.tsv"	"complete"	"4221930"	"b2b5e0937523c7ecdb4079d4cc888257"	"b2b5e0937523c7ecdb4079d4cc888257"	"downloaded; official GDC MD5 verified"
"2026-09-14 08:48:36 UTC"	"TCGA_LIHC_HCC_primary"	"KLA31_12"	"c8c77aec-ba87-48bc-a56f-6e1ad2afe332"	"gdc_star_counts/TCGA_LIHC_HCC_primary/c8c77aec-ba87-48bc-a56f-6e1ad2afe332_9a31bdaa-e08a-46ca-be6c-9856f876474a.rna_seq.augmented_star_gene_counts.tsv"	"complete"	"4207514"	"f156d797d927bb947540e1bbe491eec6"	"f156d797d927bb947540e1bbe491eec6"	"downloaded; official GDC MD5 verified"
"2026-09-14 08:48:44 UTC"	"TCGA_LIHC_HCC_primary"	"KLA31_12"	"918ddfe3-82a0-4b47-869e-d249e99d8ee4"	"gdc_star_counts/TCGA_LIHC_HCC_primary/918ddfe3-82a0-4b47-869e-d249e99d8ee4_56c5a8d3-e600-4564-858f-72defc9fc138.rna_seq.augmented_star_gene_counts.tsv"	"complete"	"4255175"	"ccdb3e8b7b153e2a52bfd8860d6b99ce"	"ccdb3e8b7b153e2a52bfd8860d6b99ce"	"downloaded; official GDC MD5 verified"
"2026-09-14 08:48:54 UTC"	"TCGA_LIHC_HCC_primary"	"KLA31_12"	"a8355223-868d-4341-be88-0af16acc19d3"	"gdc_star_counts/TCGA_LIHC_HCC_primary/a8355223-868d-4341-be88-0af16acc19d3_c7c1bdcf-667e-497c-8167-6f84fa5a99e3.rna_seq.augmented_star_gene_counts.tsv"	"complete"	"4216383"	"1f6ade99f7fdce1491cb0531bc77534d"	"1f6ade99f7fdce1491cb0531bc77534d"	"downloaded; official GDC MD5 verified"
"2026-09-14 08:49:01 UTC"	"TCGA_LIHC_HCC_primary"	"KLA31_12"	"7b541fbd-a378-4d59-a035-7898348807fd"	"gdc_star_counts/TCGA_LIHC_HCC_primary/7b541fbd-a378-4d59-a035-7898348807fd_8eb5e0dc-91e9-49bb-bd4d-432774f656fa.rna_seq.augmented_star_gene_counts.tsv"	"complete"	"4228090"	"c35dd8d23f349d274f7711f76235b316"	"c35dd8d23f349d274f7711f76235b316"	"downloaded; official GDC MD5 verified"
"2026-09-14 08:49:07 UTC"	"TCGA_LIHC_HCC_primary"	"KLA31_12"	"a7c4c791-8baf-49db-998f-19898bfac217"	"gdc_star_counts/TCGA_LIHC_HCC_primary/a7c4c791-8baf-49db-998f-19898bfac217_64c42fa6-9a40-4007-a0c1-c71dd67f402a.rna_seq.augmented_star_gene_counts.tsv"	"complete"	"4196694"	"44147d20b460b156bd2f47c605a11870"	"44147d20b460b156bd2f47c605a11870"	"downloaded; official GDC MD5 verified"
"2026-09-14 08:49:15 UTC"	"TCGA_LIHC_HCC_primary"	"KLA31_12"	"0d7d8f96-9010-4f69-b86a-83e8e70cdedc"	"gdc_star_counts/TCGA_LIHC_HCC_primary/0d7d8f96-9010-4f69-b86a-83e8e70cdedc_88e1d720-f964-40b6-acff-d95bda7b538d.rna_seq.augmented_star_gene_counts.tsv"	"complete"	"4214574"	"2d4427c2db43647e1bba27cd295baa23"	"2d4427c2db43647e1bba27cd295baa23"	"downloaded; official GDC MD5 verified"
"2026-09-14 08:49:25 UTC"	"TCGA_LIHC_HCC_primary"	"KLA31_12"	"caa31405-d6b1-467e-849a-b5c97f674e6a"	"gdc_star_counts/TCGA_LIHC_HCC_primary/caa31405-d6b1-467e-849a-b5c97f674e6a_22b6bbde-8db5-4df5-bf7c-1a626851e3f5.rna_seq.augmented_star_gene_counts.tsv"	"complete"	"4202965"	"ad07624219d68b83bc341e07122cf7a3"	"ad07624219d68b83bc341e07122cf7a3"	"downloaded; official GDC MD5 verified"
"2026-09-14 08:50:02 UTC"	"TCGA_LIHC_HCC_primary"	"KLA31_12"	"21c5a84a-877e-42ac-aabf-30eb7d6259de"	"gdc_star_counts/TCGA_LIHC_HCC_primary/21c5a84a-877e-42ac-aabf-30eb7d6259de_8b7f2fa6-a31b-41f7-9493-872d2a80814d.rna_seq.augmented_star_gene_counts.tsv"	"complete"	"4222145"	"e646388842219ddf4ee46f8f670dd094"	"e646388842219ddf4ee46f8f670dd094"	"downloaded; official GDC MD5 verified"
"2026-09-14 08:50:10 UTC"	"TCGA_LIHC_HCC_primary"	"KLA31_12"	"f031e82a-99ac-46fc-abeb-7ad9bd535812"	"gdc_star_counts/TCGA_LIHC_HCC_primary/f031e82a-99ac-46fc-abeb-7ad9bd535812_71709b9d-4bb5-443c-89a6-863ddeea86ad.rna_seq.augmented_star_gene_counts.tsv"	"complete"	"4232306"	"6252a811fb52b6da99ce7eab6861927e"	"6252a811fb52b6da99ce7eab6861927e"	"downloaded; official GDC MD5 verified"
"2026-09-14 08:50:19 UTC"	"TCGA_LIHC_HCC_primary"	"KLA31_12"	"9e88b031-abcc-43fb-b49a-5debab1276b5"	"gdc_star_counts/TCGA_LIHC_HCC_primary/9e88b031-abcc-43fb-b49a-5debab1276b5_cc854324-a53b-46dd-88da-42c90e73ec4a.rna_seq.augmented_star_gene_counts.tsv"	"complete"	"4198852"	"5dc55dcb1ff73b2fcd60bfdbbc9934ad"	"5dc55dcb1ff73b2fcd60bfdbbc9934ad"	"downloaded; official GDC MD5 verified"
