PXD,SampleGroup,GroupID,SampleID,ProliferationScore,ReferenceKey,GroupIDs,Category,ReferenceLabelEn,RowOrder,CategoryLabel
PXD028488,HCT116,KLA31_14,HCT_NC_1,5.88922431976369,HCT116_control,KLA31_14;KLA31_15;KLA31_16,cancer_cells,HCT116 cells,15,"cancer
cell lines"
PXD028488,HCT116,KLA31_14,HCT_NC_2,5.9208831866406,HCT116_control,KLA31_14;KLA31_15;KLA31_16,cancer_cells,HCT116 cells,15,"cancer
cell lines"
PXD028488,HCT116,KLA31_14,HCT_NC_3,5.92065166822451,HCT116_control,KLA31_14;KLA31_15;KLA31_16,cancer_cells,HCT116 cells,15,"cancer
cell lines"
PXD028488,HEK293T,KLA31_25,GSM6175912,6.10183244138806,GSE203529_HEK293T_WT,KLA31_25,normal_cells,HEK293T cells (control lysate),28,"normal
cell lines"
PXD028488,HEK293T,KLA31_25,GSM6175918,6.04806976359744,GSE203529_HEK293T_WT,KLA31_25,normal_cells,HEK293T cells (control lysate),28,"normal
cell lines"
PXD028488,HEK293T,KLA31_25,GSM6175922,6.0483711392204,GSE203529_HEK293T_WT,KLA31_25,normal_cells,HEK293T cells (control lysate),28,"normal
cell lines"
PXD028488,TALL-104,KLA31_17,8486_Tall,4.92191469834713,GSE163787_TALL104,KLA31_17,cancer_cells,TALL-104 cells (sodium lactate),18,"cancer
cell lines"
PXD028737,HMC3,KLA31_26,VEH_1,6.52510995023472,GSE275256_HMC3_vehicle,KLA31_26,normal_cells,HMC3 cells (normoxia and hypoxia),29,"normal
cell lines"
PXD028737,HMC3,KLA31_26,VEH_2,6.54930473434452,GSE275256_HMC3_vehicle,KLA31_26,normal_cells,HMC3 cells (normoxia and hypoxia),29,"normal
cell lines"
PXD028737,HMC3,KLA31_26,VEH_3,6.5194780231824,GSE275256_HMC3_vehicle,KLA31_26,normal_cells,HMC3 cells (normoxia and hypoxia),29,"normal
cell lines"
PXD033146,pathological rotator cuff tendon,KLA31_01,GSM7574837,3.44671474600905,tendon_nondiabetic,KLA31_01,normal_tissue,Pathological rotator-cuff tendon,1,"non-tumor
tissues"
PXD033146,pathological rotator cuff tendon,KLA31_01,GSM7574838,3.69372481018831,tendon_nondiabetic,KLA31_01,normal_tissue,Pathological rotator-cuff tendon,1,"non-tumor
tissues"
PXD033146,pathological rotator cuff tendon,KLA31_01,GSM7574839,3.50369668660683,tendon_nondiabetic,KLA31_01,normal_tissue,Pathological rotator-cuff tendon,1,"non-tumor
tissues"
PXD036307,normal human lung,KLA31_02,GTEX-111CU-0326-SM-5GZXO,3.6261522325717,GTEx_v8_Lung,KLA31_02,normal_tissue,Healthy human lung tissue,2,"non-tumor
tissues"
PXD036307,normal human lung,KLA31_02,GTEX-111FC-1126-SM-5GZWU,3.27473244277878,GTEx_v8_Lung,KLA31_02,normal_tissue,Healthy human lung tissue,2,"non-tumor
tissues"
PXD036307,normal human lung,KLA31_02,GTEX-111VG-0726-SM-5GIDC,3.34162499304038,GTEx_v8_Lung,KLA31_02,normal_tissue,Healthy human lung tissue,2,"non-tumor
tissues"
PXD036307,normal human lung,KLA31_02,GTEX-111YS-0626-SM-5GZXV,3.35616833984034,GTEx_v8_Lung,KLA31_02,normal_tissue,Healthy human lung tissue,2,"non-tumor
tissues"
PXD036307,normal human lung,KLA31_02,GTEX-1122O-0126-SM-5GICA,3.30908152338258,GTEx_v8_Lung,KLA31_02,normal_tissue,Healthy human lung tissue,2,"non-tumor
tissues"
PXD036307,normal human lung,KLA31_02,GTEX-1128S-0726-SM-5N9D6,3.32799722692227,GTEx_v8_Lung,KLA31_02,normal_tissue,Healthy human lung tissue,2,"non-tumor
tissues"
PXD036307,normal human lung,KLA31_02,GTEX-117YW-0526-SM-5H11C,3.59650105606197,GTEx_v8_Lung,KLA31_02,normal_tissue,Healthy human lung tissue,2,"non-tumor
tissues"
PXD036307,normal human lung,KLA31_02,GTEX-117YX-1326-SM-5H125,3.49442409327513,GTEx_v8_Lung,KLA31_02,normal_tissue,Healthy human lung tissue,2,"non-tumor
tissues"
PXD036307,normal human lung,KLA31_02,GTEX-11DXX-0626-SM-5Q5AG,3.28762385830908,GTEx_v8_Lung,KLA31_02,normal_tissue,Healthy human lung tissue,2,"non-tumor
tissues"
PXD036307,normal human lung,KLA31_02,GTEX-11DXZ-0726-SM-5N9C4,4.38052836872027,GTEx_v8_Lung,KLA31_02,normal_tissue,Healthy human lung tissue,2,"non-tumor
tissues"
PXD036307,normal human lung,KLA31_02,GTEX-11DZ1-0426-SM-5H11A,3.27633113125982,GTEx_v8_Lung,KLA31_02,normal_tissue,Healthy human lung tissue,2,"non-tumor
tissues"
PXD036307,normal human lung,KLA31_02,GTEX-11EI6-0826-SM-5985V,3.4714110118225,GTEx_v8_Lung,KLA31_02,normal_tissue,Healthy human lung tissue,2,"non-tumor
tissues"
PXD036307,normal human lung,KLA31_02,GTEX-11EMC-0126-SM-5EGKV,3.59080026307401,GTEx_v8_Lung,KLA31_02,normal_tissue,Healthy human lung tissue,2,"non-tumor
tissues"
PXD036307,normal human lung,KLA31_02,GTEX-11EQ9-0226-SM-5A5JX,3.59925541168681,GTEx_v8_Lung,KLA31_02,normal_tissue,Healthy human lung tissue,2,"non-tumor
tissues"
PXD036307,normal human lung,KLA31_02,GTEX-11GSP-0726-SM-5986L,3.56305549607949,GTEx_v8_Lung,KLA31_02,normal_tissue,Healthy human lung tissue,2,"non-tumor
tissues"
PXD036307,normal human lung,KLA31_02,GTEX-11I78-0126-SM-5HL6F,3.41803294655993,GTEx_v8_Lung,KLA31_02,normal_tissue,Healthy human lung tissue,2,"non-tumor
tissues"
PXD036307,normal human lung,KLA31_02,GTEX-11LCK-0426-SM-5A5M8,3.50061168989413,GTEx_v8_Lung,KLA31_02,normal_tissue,Healthy human lung tissue,2,"non-tumor
tissues"
PXD036307,normal human lung,KLA31_02,GTEX-11NSD-0326-SM-5A5LS,3.22800991572761,GTEx_v8_Lung,KLA31_02,normal_tissue,Healthy human lung tissue,2,"non-tumor
tissues"
PXD036307,normal human lung,KLA31_02,GTEX-11NUK-0826-SM-5HL4U,3.4687817794574,GTEx_v8_Lung,KLA31_02,normal_tissue,Healthy human lung tissue,2,"non-tumor
tissues"
PXD036307,normal human lung,KLA31_02,GTEX-11NV4-1126-SM-5HL6J,3.70024392509967,GTEx_v8_Lung,KLA31_02,normal_tissue,Healthy human lung tissue,2,"non-tumor
tissues"
PXD036307,normal human lung,KLA31_02,GTEX-11O72-1326-SM-5BC5A,3.41865416439886,GTEx_v8_Lung,KLA31_02,normal_tissue,Healthy human lung tissue,2,"non-tumor
tissues"
PXD036307,normal human lung,KLA31_02,GTEX-11OF3-1126-SM-5986C,3.69526456514628,GTEx_v8_Lung,KLA31_02,normal_tissue,Healthy human lung tissue,2,"non-tumor
tissues"
PXD036307,normal human lung,KLA31_02,GTEX-11P7K-0326-SM-59871,3.29459711370504,GTEx_v8_Lung,KLA31_02,normal_tissue,Healthy human lung tissue,2,"non-tumor
tissues"
PXD036307,normal human lung,KLA31_02,GTEX-11P81-0226-SM-5HL5M,4.19141024935861,GTEx_v8_Lung,KLA31_02,normal_tissue,Healthy human lung tissue,2,"non-tumor
tissues"
PXD036307,normal human lung,KLA31_02,GTEX-11PRG-0926-SM-5EGI8,3.60695878471986,GTEx_v8_Lung,KLA31_02,normal_tissue,Healthy human lung tissue,2,"non-tumor
tissues"
PXD036307,normal human lung,KLA31_02,GTEX-11TT1-1626-SM-5EQL7,3.78071921177275,GTEx_v8_Lung,KLA31_02,normal_tissue,Healthy human lung tissue,2,"non-tumor
tissues"
PXD036307,normal human lung,KLA31_02,GTEX-11TUW-0526-SM-5LU9A,3.60414940717376,GTEx_v8_Lung,KLA31_02,normal_tissue,Healthy human lung tissue,2,"non-tumor
tissues"
PXD036307,normal human lung,KLA31_02,GTEX-11UD2-0726-SM-5EQ69,3.59672493555261,GTEx_v8_Lung,KLA31_02,normal_tissue,Healthy human lung tissue,2,"non-tumor
tissues"
PXD036307,normal human lung,KLA31_02,GTEX-11WQC-0626-SM-5EQMF,3.64792320031705,GTEx_v8_Lung,KLA31_02,normal_tissue,Healthy human lung tissue,2,"non-tumor
tissues"
PXD036307,normal human lung,KLA31_02,GTEX-11WQK-1226-SM-5GU5Z,3.64203257456975,GTEx_v8_Lung,KLA31_02,normal_tissue,Healthy human lung tissue,2,"non-tumor
tissues"
PXD036307,normal human lung,KLA31_02,GTEX-11ZTS-1226-SM-5EQMQ,3.57726115763877,GTEx_v8_Lung,KLA31_02,normal_tissue,Healthy human lung tissue,2,"non-tumor
tissues"
PXD036307,normal human lung,KLA31_02,GTEX-11ZTT-0626-SM-5EQLM,3.74469069311955,GTEx_v8_Lung,KLA31_02,normal_tissue,Healthy human lung tissue,2,"non-tumor
tissues"
PXD036307,normal human lung,KLA31_02,GTEX-11ZUS-0126-SM-5EQM5,3.16887872569224,GTEx_v8_Lung,KLA31_02,normal_tissue,Healthy human lung tissue,2,"non-tumor
tissues"
PXD036307,normal human lung,KLA31_02,GTEX-11ZVC-0226-SM-731E8,3.41845039633223,GTEx_v8_Lung,KLA31_02,normal_tissue,Healthy human lung tissue,2,"non-tumor
tissues"
PXD036307,normal human lung,KLA31_02,GTEX-1211K-0826-SM-5FQUP,3.41941867857863,GTEx_v8_Lung,KLA31_02,normal_tissue,Healthy human lung tissue,2,"non-tumor
tissues"
PXD036307,normal human lung,KLA31_02,GTEX-1212Z-1026-SM-5EGJ8,3.85419142831166,GTEx_v8_Lung,KLA31_02,normal_tissue,Healthy human lung tissue,2,"non-tumor
tissues"
PXD036307,normal human lung,KLA31_02,GTEX-12584-1426-SM-5EGJ9,3.85188814227504,GTEx_v8_Lung,KLA31_02,normal_tissue,Healthy human lung tissue,2,"non-tumor
tissues"
PXD036307,normal human lung,KLA31_02,GTEX-12696-1026-SM-5FQUV,3.47925198644466,GTEx_v8_Lung,KLA31_02,normal_tissue,Healthy human lung tissue,2,"non-tumor
tissues"
PXD036307,normal human lung,KLA31_02,GTEX-1269C-0926-SM-5FQSR,3.46626894901805,GTEx_v8_Lung,KLA31_02,normal_tissue,Healthy human lung tissue,2,"non-tumor
tissues"
PXD036307,normal human lung,KLA31_02,GTEX-12BJ1-1026-SM-5EGJA,3.44869286009501,GTEx_v8_Lung,KLA31_02,normal_tissue,Healthy human lung tissue,2,"non-tumor
tissues"
PXD036307,normal human lung,KLA31_02,GTEX-12KS4-0726-SM-5FQSX,4.15966967106037,GTEx_v8_Lung,KLA31_02,normal_tissue,Healthy human lung tissue,2,"non-tumor
tissues"
PXD036307,normal human lung,KLA31_02,GTEX-12WSA-1026-SM-5EGHN,3.28573851677854,GTEx_v8_Lung,KLA31_02,normal_tissue,Healthy human lung tissue,2,"non-tumor
tissues"
PXD036307,normal human lung,KLA31_02,GTEX-12WSD-0826-SM-5GCNE,3.70760425865752,GTEx_v8_Lung,KLA31_02,normal_tissue,Healthy human lung tissue,2,"non-tumor
tissues"
PXD036307,normal human lung,KLA31_02,GTEX-12WSE-0826-SM-5S2VL,3.3002757546626,GTEx_v8_Lung,KLA31_02,normal_tissue,Healthy human lung tissue,2,"non-tumor
tissues"
PXD036307,normal human lung,KLA31_02,GTEX-12WSG-5004-SM-7EPG9,3.49504739110365,GTEx_v8_Lung,KLA31_02,normal_tissue,Healthy human lung tissue,2,"non-tumor
tissues"
PXD036307,normal human lung,KLA31_02,GTEX-12WSH-0126-SM-5GCO3,3.47728565230663,GTEx_v8_Lung,KLA31_02,normal_tissue,Healthy human lung tissue,2,"non-tumor
tissues"
PXD036307,normal human lung,KLA31_02,GTEX-12WSI-0826-SM-5EGKD,3.58194812631866,GTEx_v8_Lung,KLA31_02,normal_tissue,Healthy human lung tissue,2,"non-tumor
tissues"
PXD036307,normal human lung,KLA31_02,GTEX-12WSJ-0226-SM-5GCP7,3.55727261424831,GTEx_v8_Lung,KLA31_02,normal_tissue,Healthy human lung tissue,2,"non-tumor
tissues"
PXD036307,normal human lung,KLA31_02,GTEX-12WSK-0826-SM-5CVNP,3.67550895730666,GTEx_v8_Lung,KLA31_02,normal_tissue,Healthy human lung tissue,2,"non-tumor
tissues"
PXD036307,normal human lung,KLA31_02,GTEX-12WSL-1026-SM-5CVNJ,3.53030586129383,GTEx_v8_Lung,KLA31_02,normal_tissue,Healthy human lung tissue,2,"non-tumor
tissues"
PXD036307,normal human lung,KLA31_02,GTEX-12WSN-5004-SM-793CE,3.36012441941071,GTEx_v8_Lung,KLA31_02,normal_tissue,Healthy human lung tissue,2,"non-tumor
tissues"
PXD036307,normal human lung,KLA31_02,GTEX-12ZZW-0926-SM-5LZUD,3.26725163154699,GTEx_v8_Lung,KLA31_02,normal_tissue,Healthy human lung tissue,2,"non-tumor
tissues"
PXD036307,normal human lung,KLA31_02,GTEX-12ZZY-0926-SM-5EQ6I,3.24985565091149,GTEx_v8_Lung,KLA31_02,normal_tissue,Healthy human lung tissue,2,"non-tumor
tissues"
PXD036307,normal human lung,KLA31_02,GTEX-13111-0426-SM-5DUXR,3.21138674739975,GTEx_v8_Lung,KLA31_02,normal_tissue,Healthy human lung tissue,2,"non-tumor
tissues"
PXD036307,normal human lung,KLA31_02,GTEX-13113-5004-SM-79ONL,3.49874857449264,GTEx_v8_Lung,KLA31_02,normal_tissue,Healthy human lung tissue,2,"non-tumor
tissues"
PXD036307,normal human lung,KLA31_02,GTEX-1313W-0926-SM-5EQ56,3.60072580516547,GTEx_v8_Lung,KLA31_02,normal_tissue,Healthy human lung tissue,2,"non-tumor
tissues"
PXD036307,normal human lung,KLA31_02,GTEX-131XE-0726-SM-5HL9K,3.39832429314268,GTEx_v8_Lung,KLA31_02,normal_tissue,Healthy human lung tissue,2,"non-tumor
tissues"
PXD036307,normal human lung,KLA31_02,GTEX-131XF-1026-SM-5BC6A,3.20082929430855,GTEx_v8_Lung,KLA31_02,normal_tissue,Healthy human lung tissue,2,"non-tumor
tissues"
PXD036307,normal human lung,KLA31_02,GTEX-131XH-0426-SM-5DUWU,3.40262473143133,GTEx_v8_Lung,KLA31_02,normal_tissue,Healthy human lung tissue,2,"non-tumor
tissues"
PXD036307,normal human lung,KLA31_02,GTEX-131XW-1126-SM-5EGK4,3.48803219865885,GTEx_v8_Lung,KLA31_02,normal_tissue,Healthy human lung tissue,2,"non-tumor
tissues"
PXD036307,normal human lung,KLA31_02,GTEX-131YS-0926-SM-5IJB9,3.30258078472579,GTEx_v8_Lung,KLA31_02,normal_tissue,Healthy human lung tissue,2,"non-tumor
tissues"
PXD036307,normal human lung,KLA31_02,GTEX-132NY-1226-SM-5PNVF,3.44440526831026,GTEx_v8_Lung,KLA31_02,normal_tissue,Healthy human lung tissue,2,"non-tumor
tissues"
PXD036307,normal human lung,KLA31_02,GTEX-132QS-0726-SM-5IJE9,3.52662583761318,GTEx_v8_Lung,KLA31_02,normal_tissue,Healthy human lung tissue,2,"non-tumor
tissues"
PXD036307,normal human lung,KLA31_02,GTEX-1339X-0626-SM-5IJER,3.40950422925915,GTEx_v8_Lung,KLA31_02,normal_tissue,Healthy human lung tissue,2,"non-tumor
tissues"
PXD036307,normal human lung,KLA31_02,GTEX-133LE-0526-SM-5N9EJ,3.44723776977095,GTEx_v8_Lung,KLA31_02,normal_tissue,Healthy human lung tissue,2,"non-tumor
tissues"
PXD036307,normal human lung,KLA31_02,GTEX-1399S-1726-SM-5L3DI,3.38158941612134,GTEx_v8_Lung,KLA31_02,normal_tissue,Healthy human lung tissue,2,"non-tumor
tissues"
PXD036307,normal human lung,KLA31_02,GTEX-1399U-0826-SM-5KM1P,3.2031301022863,GTEx_v8_Lung,KLA31_02,normal_tissue,Healthy human lung tissue,2,"non-tumor
tissues"
PXD036307,normal human lung,KLA31_02,GTEX-139T6-0426-SM-5IJEM,3.70311613498575,GTEx_v8_Lung,KLA31_02,normal_tissue,Healthy human lung tissue,2,"non-tumor
tissues"
PXD036307,normal human lung,KLA31_02,GTEX-139TT-0726-SM-5K7XW,3.65930090738604,GTEx_v8_Lung,KLA31_02,normal_tissue,Healthy human lung tissue,2,"non-tumor
tissues"
PXD036307,normal human lung,KLA31_02,GTEX-139UW-0226-SM-5K7WU,3.5958758787161,GTEx_v8_Lung,KLA31_02,normal_tissue,Healthy human lung tissue,2,"non-tumor
tissues"
PXD036307,normal human lung,KLA31_02,GTEX-139YR-0926-SM-5LZYB,4.07447669566129,GTEx_v8_Lung,KLA31_02,normal_tissue,Healthy human lung tissue,2,"non-tumor
tissues"
PXD036307,normal human lung,KLA31_02,GTEX-13CF3-0426-SM-5IJEU,3.67752251047215,GTEx_v8_Lung,KLA31_02,normal_tissue,Healthy human lung tissue,2,"non-tumor
tissues"
PXD036307,normal human lung,KLA31_02,GTEX-13D11-0326-SM-5LZXX,3.66854969015572,GTEx_v8_Lung,KLA31_02,normal_tissue,Healthy human lung tissue,2,"non-tumor
tissues"
PXD036307,normal human lung,KLA31_02,GTEX-13FH7-1726-SM-5IJE7,3.66440742077603,GTEx_v8_Lung,KLA31_02,normal_tissue,Healthy human lung tissue,2,"non-tumor
tissues"
PXD036307,normal human lung,KLA31_02,GTEX-13FHO-1026-SM-5KM1Q,3.48144373412954,GTEx_v8_Lung,KLA31_02,normal_tissue,Healthy human lung tissue,2,"non-tumor
tissues"
PXD036307,normal human lung,KLA31_02,GTEX-13FHP-0726-SM-5K7YI,3.2994552366005,GTEx_v8_Lung,KLA31_02,normal_tissue,Healthy human lung tissue,2,"non-tumor
tissues"
PXD036307,normal human lung,KLA31_02,GTEX-13FLV-0426-SM-5KLZA,3.36248481123521,GTEx_v8_Lung,KLA31_02,normal_tissue,Healthy human lung tissue,2,"non-tumor
tissues"
PXD036307,normal human lung,KLA31_02,GTEX-13FTX-0326-SM-5J2NG,3.72536481893093,GTEx_v8_Lung,KLA31_02,normal_tissue,Healthy human lung tissue,2,"non-tumor
tissues"
PXD036307,normal human lung,KLA31_02,GTEX-13FTY-0126-SM-5J2NZ,3.46715342241403,GTEx_v8_Lung,KLA31_02,normal_tissue,Healthy human lung tissue,2,"non-tumor
tissues"
PXD036307,normal human lung,KLA31_02,GTEX-13FTZ-0526-SM-5IJCW,3.54977068087256,GTEx_v8_Lung,KLA31_02,normal_tissue,Healthy human lung tissue,2,"non-tumor
tissues"
PXD036307,normal human lung,KLA31_02,GTEX-13G51-0426-SM-5K7Z5,3.47292651299726,GTEx_v8_Lung,KLA31_02,normal_tissue,Healthy human lung tissue,2,"non-tumor
tissues"
PXD036307,normal human lung,KLA31_02,GTEX-13JUV-0526-SM-5K7XE,3.35225789249316,GTEx_v8_Lung,KLA31_02,normal_tissue,Healthy human lung tissue,2,"non-tumor
tissues"
PXD036307,normal human lung,KLA31_02,GTEX-13JVG-1426-SM-5MR4W,3.46871535352128,GTEx_v8_Lung,KLA31_02,normal_tissue,Healthy human lung tissue,2,"non-tumor
tissues"
PXD036307,normal human lung,KLA31_02,GTEX-13N11-0326-SM-5LUA3,3.32195414222277,GTEx_v8_Lung,KLA31_02,normal_tissue,Healthy human lung tissue,2,"non-tumor
tissues"
PXD036307,normal human lung,KLA31_02,GTEX-13N1W-0726-SM-5MR57,3.49642217406495,GTEx_v8_Lung,KLA31_02,normal_tissue,Healthy human lung tissue,2,"non-tumor
tissues"
PXD036307,normal human lung,KLA31_02,GTEX-13N2G-0826-SM-5IJE6,3.26904338361281,GTEx_v8_Lung,KLA31_02,normal_tissue,Healthy human lung tissue,2,"non-tumor
tissues"
PXD036307,normal human lung,KLA31_02,GTEX-13NYB-0626-SM-5MR47,3.31224430311154,GTEx_v8_Lung,KLA31_02,normal_tissue,Healthy human lung tissue,2,"non-tumor
tissues"
PXD036307,normal human lung,KLA31_02,GTEX-13NYS-1626-SM-5J2MU,3.36607957758996,GTEx_v8_Lung,KLA31_02,normal_tissue,Healthy human lung tissue,2,"non-tumor
tissues"
PXD036307,normal human lung,KLA31_02,GTEX-13NZ8-0326-SM-5L3DF,3.25760744360982,GTEx_v8_Lung,KLA31_02,normal_tissue,Healthy human lung tissue,2,"non-tumor
tissues"
PXD036307,normal human lung,KLA31_02,GTEX-13NZ9-0926-SM-5KM12,3.39092995164163,GTEx_v8_Lung,KLA31_02,normal_tissue,Healthy human lung tissue,2,"non-tumor
tissues"
PXD036307,normal human lung,KLA31_02,GTEX-13NZA-1426-SM-5KM4Y,3.56082720219638,GTEx_v8_Lung,KLA31_02,normal_tissue,Healthy human lung tissue,2,"non-tumor
tissues"
PXD036307,normal human lung,KLA31_02,GTEX-13O21-3026-SM-5J2NI,3.23099473659163,GTEx_v8_Lung,KLA31_02,normal_tissue,Healthy human lung tissue,2,"non-tumor
tissues"
PXD036307,normal human lung,KLA31_02,GTEX-13O3O-0726-SM-5J1N7,3.43350749755067,GTEx_v8_Lung,KLA31_02,normal_tissue,Healthy human lung tissue,2,"non-tumor
tissues"
PXD036307,normal human lung,KLA31_02,GTEX-13O3P-1026-SM-5N9E7,3.46566026568259,GTEx_v8_Lung,KLA31_02,normal_tissue,Healthy human lung tissue,2,"non-tumor
tissues"
PXD036307,normal human lung,KLA31_02,GTEX-13O3Q-0526-SM-5KM18,3.457153544005,GTEx_v8_Lung,KLA31_02,normal_tissue,Healthy human lung tissue,2,"non-tumor
tissues"
PXD036307,normal human lung,KLA31_02,GTEX-13O61-0726-SM-5J2MD,3.27262394152861,GTEx_v8_Lung,KLA31_02,normal_tissue,Healthy human lung tissue,2,"non-tumor
tissues"
PXD036307,normal human lung,KLA31_02,GTEX-13OVG-0326-SM-5KM57,3.35678088435278,GTEx_v8_Lung,KLA31_02,normal_tissue,Healthy human lung tissue,2,"non-tumor
tissues"
PXD036307,normal human lung,KLA31_02,GTEX-13OVH-1026-SM-5J2NP,3.46034258086521,GTEx_v8_Lung,KLA31_02,normal_tissue,Healthy human lung tissue,2,"non-tumor
tissues"
PXD036307,normal human lung,KLA31_02,GTEX-13OVJ-0726-SM-5KM1W,3.85592630201866,GTEx_v8_Lung,KLA31_02,normal_tissue,Healthy human lung tissue,2,"non-tumor
tissues"
PXD036307,normal human lung,KLA31_02,GTEX-13OVL-0626-SM-5KM13,3.45336639940272,GTEx_v8_Lung,KLA31_02,normal_tissue,Healthy human lung tissue,2,"non-tumor
tissues"
PXD036307,normal human lung,KLA31_02,GTEX-13OW5-0726-SM-5KLZK,3.29672842984563,GTEx_v8_Lung,KLA31_02,normal_tissue,Healthy human lung tissue,2,"non-tumor
tissues"
PXD036307,normal human lung,KLA31_02,GTEX-13OW6-0826-SM-5L3GA,3.63221892765543,GTEx_v8_Lung,KLA31_02,normal_tissue,Healthy human lung tissue,2,"non-tumor
tissues"
PXD036307,normal human lung,KLA31_02,GTEX-13OW7-0926-SM-5L3EX,3.64549796840177,GTEx_v8_Lung,KLA31_02,normal_tissue,Healthy human lung tissue,2,"non-tumor
tissues"
PXD036307,normal human lung,KLA31_02,GTEX-13OW8-1726-SM-5L3GO,3.51301989813403,GTEx_v8_Lung,KLA31_02,normal_tissue,Healthy human lung tissue,2,"non-tumor
tissues"
PXD036307,normal human lung,KLA31_02,GTEX-13PL7-1726-SM-5J2NX,3.24171931313243,GTEx_v8_Lung,KLA31_02,normal_tissue,Healthy human lung tissue,2,"non-tumor
tissues"
PXD036307,normal human lung,KLA31_02,GTEX-13PVQ-0926-SM-5IJFD,3.8019482735159,GTEx_v8_Lung,KLA31_02,normal_tissue,Healthy human lung tissue,2,"non-tumor
tissues"
PXD036307,normal human lung,KLA31_02,GTEX-13QBU-0726-SM-5J2OA,3.38109890466368,GTEx_v8_Lung,KLA31_02,normal_tissue,Healthy human lung tissue,2,"non-tumor
tissues"
PXD036307,normal human lung,KLA31_02,GTEX-13QJ3-1026-SM-5QGQU,3.25020356310121,GTEx_v8_Lung,KLA31_02,normal_tissue,Healthy human lung tissue,2,"non-tumor
tissues"
PXD036307,normal human lung,KLA31_02,GTEX-13QJC-0526-SM-5RQKB,3.63249580737155,GTEx_v8_Lung,KLA31_02,normal_tissue,Healthy human lung tissue,2,"non-tumor
tissues"
PXD036307,normal human lung,KLA31_02,GTEX-13RTJ-1126-SM-5S2UJ,3.45579732065731,GTEx_v8_Lung,KLA31_02,normal_tissue,Healthy human lung tissue,2,"non-tumor
tissues"
PXD036307,normal human lung,KLA31_02,GTEX-13S7M-2126-SM-5S2QR,3.79797837137696,GTEx_v8_Lung,KLA31_02,normal_tissue,Healthy human lung tissue,2,"non-tumor
tissues"
PXD036307,normal human lung,KLA31_02,GTEX-13S86-0626-SM-5Q5E7,3.56222595600024,GTEx_v8_Lung,KLA31_02,normal_tissue,Healthy human lung tissue,2,"non-tumor
tissues"
PXD036307,normal human lung,KLA31_02,GTEX-13SLW-1226-SM-5S2Q7,3.80424690726943,GTEx_v8_Lung,KLA31_02,normal_tissue,Healthy human lung tissue,2,"non-tumor
tissues"
PXD036307,normal human lung,KLA31_02,GTEX-13U4I-1426-SM-5J2M3,3.75248059286196,GTEx_v8_Lung,KLA31_02,normal_tissue,Healthy human lung tissue,2,"non-tumor
tissues"
PXD036307,normal human lung,KLA31_02,GTEX-13VXT-1426-SM-5LU4B,3.31922239209637,GTEx_v8_Lung,KLA31_02,normal_tissue,Healthy human lung tissue,2,"non-tumor
tissues"
PXD036307,normal human lung,KLA31_02,GTEX-13VXU-2726-SM-5LU4N,3.64889297689214,GTEx_v8_Lung,KLA31_02,normal_tissue,Healthy human lung tissue,2,"non-tumor
tissues"
PXD036307,normal human lung,KLA31_02,GTEX-13W3W-0326-SM-731DS,3.49040797097024,GTEx_v8_Lung,KLA31_02,normal_tissue,Healthy human lung tissue,2,"non-tumor
tissues"
PXD036307,normal human lung,KLA31_02,GTEX-13X6K-1626-SM-7EWCX,3.4348606679888,GTEx_v8_Lung,KLA31_02,normal_tissue,Healthy human lung tissue,2,"non-tumor
tissues"
PXD036307,normal human lung,KLA31_02,GTEX-13YAN-1026-SM-5O9CF,3.4941563767386,GTEx_v8_Lung,KLA31_02,normal_tissue,Healthy human lung tissue,2,"non-tumor
tissues"
PXD036307,normal human lung,KLA31_02,GTEX-144GM-0126-SM-5Q5AX,3.72313042431672,GTEx_v8_Lung,KLA31_02,normal_tissue,Healthy human lung tissue,2,"non-tumor
tissues"
PXD036307,normal human lung,KLA31_02,GTEX-144GN-0426-SM-5O9AP,3.89383711196336,GTEx_v8_Lung,KLA31_02,normal_tissue,Healthy human lung tissue,2,"non-tumor
tissues"
PXD036307,normal human lung,KLA31_02,GTEX-144GO-0226-SM-5LUB1,3.61764789524739,GTEx_v8_Lung,KLA31_02,normal_tissue,Healthy human lung tissue,2,"non-tumor
tissues"
PXD036307,normal human lung,KLA31_02,GTEX-145LS-1226-SM-5Q5D9,3.76346694246924,GTEx_v8_Lung,KLA31_02,normal_tissue,Healthy human lung tissue,2,"non-tumor
tissues"
PXD036307,normal human lung,KLA31_02,GTEX-145LT-0326-SM-5LUAD,3.45134107047676,GTEx_v8_Lung,KLA31_02,normal_tissue,Healthy human lung tissue,2,"non-tumor
tissues"
PXD036307,normal human lung,KLA31_02,GTEX-145LU-0526-SM-5O9AT,3.49236931494007,GTEx_v8_Lung,KLA31_02,normal_tissue,Healthy human lung tissue,2,"non-tumor
tissues"
PXD036307,normal human lung,KLA31_02,GTEX-145ME-0226-SM-5S2QN,3.46756572736565,GTEx_v8_Lung,KLA31_02,normal_tissue,Healthy human lung tissue,2,"non-tumor
tissues"
PXD036307,normal human lung,KLA31_02,GTEX-145MF-0726-SM-5Q5BT,3.42483570181998,GTEx_v8_Lung,KLA31_02,normal_tissue,Healthy human lung tissue,2,"non-tumor
tissues"
PXD036307,normal human lung,KLA31_02,GTEX-145MH-0626-SM-5NQAK,3.11266006182262,GTEx_v8_Lung,KLA31_02,normal_tissue,Healthy human lung tissue,2,"non-tumor
tissues"
PXD036307,normal human lung,KLA31_02,GTEX-145MN-0926-SM-5NQBT,3.22994365790995,GTEx_v8_Lung,KLA31_02,normal_tissue,Healthy human lung tissue,2,"non-tumor
tissues"
PXD036307,normal human lung,KLA31_02,GTEX-145MO-1326-SM-5Q5EF,3.67820231397214,GTEx_v8_Lung,KLA31_02,normal_tissue,Healthy human lung tissue,2,"non-tumor
tissues"
PXD036307,normal human lung,KLA31_02,GTEX-146FH-1226-SM-5NQB6,3.42925257653889,GTEx_v8_Lung,KLA31_02,normal_tissue,Healthy human lung tissue,2,"non-tumor
tissues"
PXD036307,normal human lung,KLA31_02,GTEX-146FQ-0926-SM-5LUAV,3.92788771778808,GTEx_v8_Lung,KLA31_02,normal_tissue,Healthy human lung tissue,2,"non-tumor
tissues"
PXD036307,normal human lung,KLA31_02,GTEX-1477Z-0626-SM-5NQB7,3.31264584605447,GTEx_v8_Lung,KLA31_02,normal_tissue,Healthy human lung tissue,2,"non-tumor
tissues"
PXD036307,normal human lung,KLA31_02,GTEX-147F3-0726-SM-5NQ9U,3.42560230513914,GTEx_v8_Lung,KLA31_02,normal_tissue,Healthy human lung tissue,2,"non-tumor
tissues"
PXD036307,normal human lung,KLA31_02,GTEX-147F4-0926-SM-5Q5EO,3.72099113117534,GTEx_v8_Lung,KLA31_02,normal_tissue,Healthy human lung tissue,2,"non-tumor
tissues"
PXD036307,normal human lung,KLA31_02,GTEX-147GR-1226-SM-5TDCL,3.82995707353609,GTEx_v8_Lung,KLA31_02,normal_tissue,Healthy human lung tissue,2,"non-tumor
tissues"
PXD036307,normal human lung,KLA31_02,GTEX-147JS-1226-SM-5RQK4,3.94866325153555,GTEx_v8_Lung,KLA31_02,normal_tissue,Healthy human lung tissue,2,"non-tumor
tissues"
PXD036307,normal human lung,KLA31_02,GTEX-148VI-0226-SM-5RQKA,3.45205904480836,GTEx_v8_Lung,KLA31_02,normal_tissue,Healthy human lung tissue,2,"non-tumor
tissues"
PXD036307,normal human lung,KLA31_02,GTEX-148VJ-0826-SM-5LU8V,3.66092274049423,GTEx_v8_Lung,KLA31_02,normal_tissue,Healthy human lung tissue,2,"non-tumor
tissues"
PXD036307,normal human lung,KLA31_02,GTEX-1497J-0326-SM-5Q5CN,3.34857154613201,GTEx_v8_Lung,KLA31_02,normal_tissue,Healthy human lung tissue,2,"non-tumor
tissues"
PXD036307,normal human lung,KLA31_02,GTEX-14A6H-0526-SM-5NQAZ,4.0250655374814,GTEx_v8_Lung,KLA31_02,normal_tissue,Healthy human lung tissue,2,"non-tumor
tissues"
PXD036307,normal human lung,KLA31_02,GTEX-14ABY-1126-SM-5Q5F8,3.39914662611963,GTEx_v8_Lung,KLA31_02,normal_tissue,Healthy human lung tissue,2,"non-tumor
tissues"
PXD036307,normal human lung,KLA31_02,GTEX-14AS3-0926-SM-5TDD6,3.12747042744103,GTEx_v8_Lung,KLA31_02,normal_tissue,Healthy human lung tissue,2,"non-tumor
tissues"
PXD036307,normal human lung,KLA31_02,GTEX-14BIL-1226-SM-79OME,3.57780316048833,GTEx_v8_Lung,KLA31_02,normal_tissue,Healthy human lung tissue,2,"non-tumor
tissues"
PXD036307,normal human lung,KLA31_02,GTEX-14BMU-0526-SM-73KW4,3.52610939355132,GTEx_v8_Lung,KLA31_02,normal_tissue,Healthy human lung tissue,2,"non-tumor
tissues"
PXD036307,normal human lung,KLA31_02,GTEX-14BMV-0826-SM-73KXU,3.60517219579866,GTEx_v8_Lung,KLA31_02,normal_tissue,Healthy human lung tissue,2,"non-tumor
tissues"
PXD036307,normal human lung,KLA31_02,GTEX-14C39-0326-SM-5TDDX,3.38137784034327,GTEx_v8_Lung,KLA31_02,normal_tissue,Healthy human lung tissue,2,"non-tumor
tissues"
PXD036307,normal human lung,KLA31_02,GTEX-14C5O-1126-SM-5TDEH,3.30309301482239,GTEx_v8_Lung,KLA31_02,normal_tissue,Healthy human lung tissue,2,"non-tumor
tissues"
PXD036307,normal human lung,KLA31_02,GTEX-14DAQ-0926-SM-793AZ,3.24817868352004,GTEx_v8_Lung,KLA31_02,normal_tissue,Healthy human lung tissue,2,"non-tumor
tissues"
PXD036307,normal human lung,KLA31_02,GTEX-14DAR-0226-SM-5S2PR,3.3101231178695,GTEx_v8_Lung,KLA31_02,normal_tissue,Healthy human lung tissue,2,"non-tumor
tissues"
PXD036307,normal human lung,KLA31_02,GTEX-14E1K-0226-SM-62LDT,3.42275032761063,GTEx_v8_Lung,KLA31_02,normal_tissue,Healthy human lung tissue,2,"non-tumor
tissues"
PXD036307,normal human lung,KLA31_02,GTEX-14E6C-1426-SM-5ZZWH,3.52021457475371,GTEx_v8_Lung,KLA31_02,normal_tissue,Healthy human lung tissue,2,"non-tumor
tissues"
PXD036307,normal human lung,KLA31_02,GTEX-14E6D-1026-SM-5S2RS,3.24719625312672,GTEx_v8_Lung,KLA31_02,normal_tissue,Healthy human lung tissue,2,"non-tumor
tissues"
PXD036307,normal human lung,KLA31_02,GTEX-14E6E-0426-SM-73KUE,3.6051376970032,GTEx_v8_Lung,KLA31_02,normal_tissue,Healthy human lung tissue,2,"non-tumor
tissues"
PXD036307,normal human lung,KLA31_02,GTEX-14E7W-1326-SM-5RQIV,3.53369267550467,GTEx_v8_Lung,KLA31_02,normal_tissue,Healthy human lung tissue,2,"non-tumor
tissues"
PXD036307,normal human lung,KLA31_02,GTEX-14JG1-0926-SM-5YY8W,3.65350299875973,GTEx_v8_Lung,KLA31_02,normal_tissue,Healthy human lung tissue,2,"non-tumor
tissues"
PXD036307,normal human lung,KLA31_02,GTEX-14JG6-0326-SM-6AJBT,3.39430160873087,GTEx_v8_Lung,KLA31_02,normal_tissue,Healthy human lung tissue,2,"non-tumor
tissues"
PXD036307,normal human lung,KLA31_02,GTEX-14JIY-1326-SM-6AJB3,3.52536415882903,GTEx_v8_Lung,KLA31_02,normal_tissue,Healthy human lung tissue,2,"non-tumor
tissues"
PXD036307,normal human lung,KLA31_02,GTEX-14LLW-0726-SM-5ZZVV,3.13101912030098,GTEx_v8_Lung,KLA31_02,normal_tissue,Healthy human lung tissue,2,"non-tumor
tissues"
PXD036307,normal human lung,KLA31_02,GTEX-14LZ3-0726-SM-5YYAB,3.24142135998502,GTEx_v8_Lung,KLA31_02,normal_tissue,Healthy human lung tissue,2,"non-tumor
tissues"
PXD036307,normal human lung,KLA31_02,GTEX-14PHY-0526-SM-664NM,3.60064256639966,GTEx_v8_Lung,KLA31_02,normal_tissue,Healthy human lung tissue,2,"non-tumor
tissues"
PXD036307,normal human lung,KLA31_02,GTEX-14PJ4-0626-SM-6AJBS,3.25777617708554,GTEx_v8_Lung,KLA31_02,normal_tissue,Healthy human lung tissue,2,"non-tumor
tissues"
PXD036307,normal human lung,KLA31_02,GTEX-14PJ5-0226-SM-5YY99,3.34862099723947,GTEx_v8_Lung,KLA31_02,normal_tissue,Healthy human lung tissue,2,"non-tumor
tissues"
PXD036307,normal human lung,KLA31_02,GTEX-14PJM-0926-SM-6AJ9Y,3.83571884026907,GTEx_v8_Lung,KLA31_02,normal_tissue,Healthy human lung tissue,2,"non-tumor
tissues"
PXD036307,normal human lung,KLA31_02,GTEX-14PJO-0926-SM-686YT,3.46689881218359,GTEx_v8_Lung,KLA31_02,normal_tissue,Healthy human lung tissue,2,"non-tumor
tissues"
PXD036307,normal human lung,KLA31_02,GTEX-14PK6-0326-SM-6AJ9S,3.39165717015397,GTEx_v8_Lung,KLA31_02,normal_tissue,Healthy human lung tissue,2,"non-tumor
tissues"
PXD036307,normal human lung,KLA31_02,GTEX-14PQA-1126-SM-7KUM4,3.84677503344972,GTEx_v8_Lung,KLA31_02,normal_tissue,Healthy human lung tissue,2,"non-tumor
tissues"
PXD036307,normal human lung,KLA31_02,GTEX-14XAO-0526-SM-6AJB7,3.66790187342026,GTEx_v8_Lung,KLA31_02,normal_tissue,Healthy human lung tissue,2,"non-tumor
tissues"
PXD036307,normal human lung,KLA31_02,GTEX-15CHC-0226-SM-5YYBB,3.74917168036503,GTEx_v8_Lung,KLA31_02,normal_tissue,Healthy human lung tissue,2,"non-tumor
tissues"
PXD036307,normal human lung,KLA31_02,GTEX-15CHR-0726-SM-7EPHG,3.31946368682271,GTEx_v8_Lung,KLA31_02,normal_tissue,Healthy human lung tissue,2,"non-tumor
tissues"
PXD036307,normal human lung,KLA31_02,GTEX-15D1Q-0526-SM-6AJAY,3.88731152073254,GTEx_v8_Lung,KLA31_02,normal_tissue,Healthy human lung tissue,2,"non-tumor
tissues"
PXD036307,normal human lung,KLA31_02,GTEX-15EOM-5010-SM-7P8PA,3.57408267332832,GTEx_v8_Lung,KLA31_02,normal_tissue,Healthy human lung tissue,2,"non-tumor
tissues"
PXD036307,normal human lung,KLA31_02,GTEX-15ER7-0926-SM-7KUMG,3.52512924005641,GTEx_v8_Lung,KLA31_02,normal_tissue,Healthy human lung tissue,2,"non-tumor
tissues"
PXD036307,normal human lung,KLA31_02,GTEX-15EU6-1226-SM-6AJBE,3.64014478690127,GTEx_v8_Lung,KLA31_02,normal_tissue,Healthy human lung tissue,2,"non-tumor
tissues"
PXD036307,normal human lung,KLA31_02,GTEX-15FZZ-0326-SM-6M48O,3.66425742202092,GTEx_v8_Lung,KLA31_02,normal_tissue,Healthy human lung tissue,2,"non-tumor
tissues"
PXD036307,normal human lung,KLA31_02,GTEX-15G1A-0426-SM-6M468,3.83224769692258,GTEx_v8_Lung,KLA31_02,normal_tissue,Healthy human lung tissue,2,"non-tumor
tissues"
PXD036307,normal human lung,KLA31_02,GTEX-15RIE-0326-SM-6PAMC,3.39262115161487,GTEx_v8_Lung,KLA31_02,normal_tissue,Healthy human lung tissue,2,"non-tumor
tissues"
PXD036307,normal human lung,KLA31_02,GTEX-15RJ7-0626-SM-6M47V,3.56193330506807,GTEx_v8_Lung,KLA31_02,normal_tissue,Healthy human lung tissue,2,"non-tumor
tissues"
PXD036307,normal human lung,KLA31_02,GTEX-15RJE-1026-SM-6M46X,3.22760779225552,GTEx_v8_Lung,KLA31_02,normal_tissue,Healthy human lung tissue,2,"non-tumor
tissues"
PXD036307,normal human lung,KLA31_02,GTEX-15SB6-0426-SM-6LPJ5,3.74240236669232,GTEx_v8_Lung,KLA31_02,normal_tissue,Healthy human lung tissue,2,"non-tumor
tissues"
PXD036307,normal human lung,KLA31_02,GTEX-15SHV-0326-SM-6M475,3.40941194615184,GTEx_v8_Lung,KLA31_02,normal_tissue,Healthy human lung tissue,2,"non-tumor
tissues"
PXD036307,normal human lung,KLA31_02,GTEX-15SHW-0926-SM-6LPIO,4.55032378144405,GTEx_v8_Lung,KLA31_02,normal_tissue,Healthy human lung tissue,2,"non-tumor
tissues"
PXD036307,normal human lung,KLA31_02,GTEX-15SKB-0826-SM-7KUFB,3.35675974962999,GTEx_v8_Lung,KLA31_02,normal_tissue,Healthy human lung tissue,2,"non-tumor
tissues"
PXD036307,normal human lung,KLA31_02,GTEX-15UKP-1926-SM-6LPI9,3.47610549548557,GTEx_v8_Lung,KLA31_02,normal_tissue,Healthy human lung tissue,2,"non-tumor
tissues"
PXD036307,normal human lung,KLA31_02,GTEX-169BO-0226-SM-79OL1,3.31570027815235,GTEx_v8_Lung,KLA31_02,normal_tissue,Healthy human lung tissue,2,"non-tumor
tissues"
PXD036307,normal human lung,KLA31_02,GTEX-16AAH-0426-SM-7DUFM,3.98898986223273,GTEx_v8_Lung,KLA31_02,normal_tissue,Healthy human lung tissue,2,"non-tumor
tissues"
PXD036307,normal human lung,KLA31_02,GTEX-16GPK-1826-SM-7MGW5,3.24144599997467,GTEx_v8_Lung,KLA31_02,normal_tissue,Healthy human lung tissue,2,"non-tumor
tissues"
PXD036307,normal human lung,KLA31_02,GTEX-16MT8-1026-SM-6LPK1,3.39490880114549,GTEx_v8_Lung,KLA31_02,normal_tissue,Healthy human lung tissue,2,"non-tumor
tissues"
PXD036307,normal human lung,KLA31_02,GTEX-16MTA-1226-SM-7KULL,3.77624564345311,GTEx_v8_Lung,KLA31_02,normal_tissue,Healthy human lung tissue,2,"non-tumor
tissues"
PXD036307,normal human lung,KLA31_02,GTEX-16NGA-0226-SM-718AI,3.34995965860186,GTEx_v8_Lung,KLA31_02,normal_tissue,Healthy human lung tissue,2,"non-tumor
tissues"
PXD036307,normal human lung,KLA31_02,GTEX-16XZZ-0926-SM-7DHLI,3.39391337936238,GTEx_v8_Lung,KLA31_02,normal_tissue,Healthy human lung tissue,2,"non-tumor
tissues"
PXD036307,normal human lung,KLA31_02,GTEX-16Z82-1026-SM-6M48A,3.60050565661373,GTEx_v8_Lung,KLA31_02,normal_tissue,Healthy human lung tissue,2,"non-tumor
tissues"
PXD036307,normal human lung,KLA31_02,GTEX-178AV-0326-SM-6LPJF,4.11758424851632,GTEx_v8_Lung,KLA31_02,normal_tissue,Healthy human lung tissue,2,"non-tumor
tissues"
PXD036307,normal human lung,KLA31_02,GTEX-17EVP-0726-SM-7EWDX,3.49113881015718,GTEx_v8_Lung,KLA31_02,normal_tissue,Healthy human lung tissue,2,"non-tumor
tissues"
PXD036307,normal human lung,KLA31_02,GTEX-17EVQ-1526-SM-79ONG,3.32532362296096,GTEx_v8_Lung,KLA31_02,normal_tissue,Healthy human lung tissue,2,"non-tumor
tissues"
PXD036307,normal human lung,KLA31_02,GTEX-17F96-0626-SM-793CC,3.34387020656587,GTEx_v8_Lung,KLA31_02,normal_tissue,Healthy human lung tissue,2,"non-tumor
tissues"
PXD036307,normal human lung,KLA31_02,GTEX-17F98-0226-SM-793BV,3.31286023702793,GTEx_v8_Lung,KLA31_02,normal_tissue,Healthy human lung tissue,2,"non-tumor
tissues"
PXD036307,normal human lung,KLA31_02,GTEX-17F9Y-1026-SM-7IGO4,3.43460175440986,GTEx_v8_Lung,KLA31_02,normal_tissue,Healthy human lung tissue,2,"non-tumor
tissues"
PXD036307,normal human lung,KLA31_02,GTEX-17GQL-0726-SM-731BL,3.15719743140907,GTEx_v8_Lung,KLA31_02,normal_tissue,Healthy human lung tissue,2,"non-tumor
tissues"
PXD036307,normal human lung,KLA31_02,GTEX-17HG3-0326-SM-7IGP4,3.55506448257445,GTEx_v8_Lung,KLA31_02,normal_tissue,Healthy human lung tissue,2,"non-tumor
tissues"
PXD036307,normal human lung,KLA31_02,GTEX-17HGU-0926-SM-79OKO,3.52518298407511,GTEx_v8_Lung,KLA31_02,normal_tissue,Healthy human lung tissue,2,"non-tumor
tissues"
PXD036307,normal human lung,KLA31_02,GTEX-17HHE-0626-SM-7DHL6,3.29003925005537,GTEx_v8_Lung,KLA31_02,normal_tissue,Healthy human lung tissue,2,"non-tumor
tissues"
PXD036307,normal human lung,KLA31_02,GTEX-17HII-0926-SM-79ON7,3.79717805177224,GTEx_v8_Lung,KLA31_02,normal_tissue,Healthy human lung tissue,2,"non-tumor
tissues"
PXD036307,normal human lung,KLA31_02,GTEX-17JCI-1526-SM-7IGOQ,3.38876777328963,GTEx_v8_Lung,KLA31_02,normal_tissue,Healthy human lung tissue,2,"non-tumor
tissues"
PXD036307,normal human lung,KLA31_02,GTEX-17KNJ-0926-SM-7IGP2,3.72164893161731,GTEx_v8_Lung,KLA31_02,normal_tissue,Healthy human lung tissue,2,"non-tumor
tissues"
PXD036307,normal human lung,KLA31_02,GTEX-17MF6-0826-SM-7LT8F,3.81589234916853,GTEx_v8_Lung,KLA31_02,normal_tissue,Healthy human lung tissue,2,"non-tumor
tissues"
PXD036307,normal human lung,KLA31_02,GTEX-183FY-0726-SM-793C3,4.82235303362502,GTEx_v8_Lung,KLA31_02,normal_tissue,Healthy human lung tissue,2,"non-tumor
tissues"
PXD036307,normal human lung,KLA31_02,GTEX-18465-0626-SM-7LT8X,3.49507505858795,GTEx_v8_Lung,KLA31_02,normal_tissue,Healthy human lung tissue,2,"non-tumor
tissues"
PXD036307,normal human lung,KLA31_02,GTEX-18A66-0926-SM-718BG,4.52308185051422,GTEx_v8_Lung,KLA31_02,normal_tissue,Healthy human lung tissue,2,"non-tumor
tissues"
PXD036307,normal human lung,KLA31_02,GTEX-18A67-1126-SM-7KFSB,3.55100679963249,GTEx_v8_Lung,KLA31_02,normal_tissue,Healthy human lung tissue,2,"non-tumor
tissues"
PXD036307,normal human lung,KLA31_02,GTEX-18A6Q-0826-SM-7KFRD,3.21428014733697,GTEx_v8_Lung,KLA31_02,normal_tissue,Healthy human lung tissue,2,"non-tumor
tissues"
PXD036307,normal human lung,KLA31_02,GTEX-18A7A-1026-SM-7LT8B,3.5177439509906,GTEx_v8_Lung,KLA31_02,normal_tissue,Healthy human lung tissue,2,"non-tumor
tissues"
PXD036307,normal human lung,KLA31_02,GTEX-18D9A-0226-SM-7KFSJ,3.43242950338586,GTEx_v8_Lung,KLA31_02,normal_tissue,Healthy human lung tissue,2,"non-tumor
tissues"
PXD036307,normal human lung,KLA31_02,GTEX-18D9B-1026-SM-CNPO5,3.44971448587252,GTEx_v8_Lung,KLA31_02,normal_tissue,Healthy human lung tissue,2,"non-tumor
tissues"
PXD036307,normal human lung,KLA31_02,GTEX-18D9U-0526-SM-72D7C,3.67810034492165,GTEx_v8_Lung,KLA31_02,normal_tissue,Healthy human lung tissue,2,"non-tumor
tissues"
PXD036307,normal human lung,KLA31_02,GTEX-18QFQ-0926-SM-7LG4V,3.542113915827,GTEx_v8_Lung,KLA31_02,normal_tissue,Healthy human lung tissue,2,"non-tumor
tissues"
PXD036307,normal human lung,KLA31_02,GTEX-1A32A-0726-SM-731D4,3.47718369657035,GTEx_v8_Lung,KLA31_02,normal_tissue,Healthy human lung tissue,2,"non-tumor
tissues"
PXD036307,normal human lung,KLA31_02,GTEX-1A3MV-0526-SM-72D5A,3.36347199410965,GTEx_v8_Lung,KLA31_02,normal_tissue,Healthy human lung tissue,2,"non-tumor
tissues"
PXD036307,normal human lung,KLA31_02,GTEX-1A8FM-0826-SM-793D5,3.41483231941503,GTEx_v8_Lung,KLA31_02,normal_tissue,Healthy human lung tissue,2,"non-tumor
tissues"
PXD036307,normal human lung,KLA31_02,GTEX-1A8G6-0726-SM-73KV5,3.70023059853802,GTEx_v8_Lung,KLA31_02,normal_tissue,Healthy human lung tissue,2,"non-tumor
tissues"
PXD036307,normal human lung,KLA31_02,GTEX-1AX8Z-5010-SM-AHZ33,3.99524061295485,GTEx_v8_Lung,KLA31_02,normal_tissue,Healthy human lung tissue,2,"non-tumor
tissues"
PXD036307,normal human lung,KLA31_02,GTEX-1AX9I-0826-SM-73KUT,3.36258211632212,GTEx_v8_Lung,KLA31_02,normal_tissue,Healthy human lung tissue,2,"non-tumor
tissues"
PXD036307,normal human lung,KLA31_02,GTEX-1AX9J-1626-SM-73KUI,3.35902857640968,GTEx_v8_Lung,KLA31_02,normal_tissue,Healthy human lung tissue,2,"non-tumor
tissues"
PXD036307,normal human lung,KLA31_02,GTEX-1AX9K-0826-SM-731F9,3.46086184993837,GTEx_v8_Lung,KLA31_02,normal_tissue,Healthy human lung tissue,2,"non-tumor
tissues"
PXD036307,normal human lung,KLA31_02,GTEX-1AYCT-0726-SM-7IGNG,3.49932544933358,GTEx_v8_Lung,KLA31_02,normal_tissue,Healthy human lung tissue,2,"non-tumor
tissues"
PXD036307,normal human lung,KLA31_02,GTEX-1AYD5-1226-SM-7EWEP,3.59867880210217,GTEx_v8_Lung,KLA31_02,normal_tissue,Healthy human lung tissue,2,"non-tumor
tissues"
PXD036307,normal human lung,KLA31_02,GTEX-1B8KZ-0526-SM-73KW2,3.51012774853965,GTEx_v8_Lung,KLA31_02,normal_tissue,Healthy human lung tissue,2,"non-tumor
tissues"
PXD036307,normal human lung,KLA31_02,GTEX-1B8L1-0626-SM-7EPHL,3.49581016796203,GTEx_v8_Lung,KLA31_02,normal_tissue,Healthy human lung tissue,2,"non-tumor
tissues"
PXD036307,normal human lung,KLA31_02,GTEX-1B8SF-0826-SM-73KW8,3.48893127547572,GTEx_v8_Lung,KLA31_02,normal_tissue,Healthy human lung tissue,2,"non-tumor
tissues"
PXD036307,normal human lung,KLA31_02,GTEX-1B932-0726-SM-731EY,3.92964327303489,GTEx_v8_Lung,KLA31_02,normal_tissue,Healthy human lung tissue,2,"non-tumor
tissues"
PXD036307,normal human lung,KLA31_02,GTEX-1B933-0926-SM-9OSVH,3.53176878532111,GTEx_v8_Lung,KLA31_02,normal_tissue,Healthy human lung tissue,2,"non-tumor
tissues"
PXD036307,normal human lung,KLA31_02,GTEX-1B97I-0226-SM-73KVO,3.45953633030496,GTEx_v8_Lung,KLA31_02,normal_tissue,Healthy human lung tissue,2,"non-tumor
tissues"
PXD036307,normal human lung,KLA31_02,GTEX-1B996-0726-SM-7IGPI,3.48414166734793,GTEx_v8_Lung,KLA31_02,normal_tissue,Healthy human lung tissue,2,"non-tumor
tissues"
PXD036307,normal human lung,KLA31_02,GTEX-1BAJH-1326-SM-7RHFS,3.52975243652872,GTEx_v8_Lung,KLA31_02,normal_tissue,Healthy human lung tissue,2,"non-tumor
tissues"
PXD036307,normal human lung,KLA31_02,GTEX-1C4CL-0826-SM-7EWEZ,3.4226071658931,GTEx_v8_Lung,KLA31_02,normal_tissue,Healthy human lung tissue,2,"non-tumor
tissues"
PXD036307,normal human lung,KLA31_02,GTEX-1C64O-1226-SM-79OOC,3.32360268863697,GTEx_v8_Lung,KLA31_02,normal_tissue,Healthy human lung tissue,2,"non-tumor
tissues"
PXD036307,normal human lung,KLA31_02,GTEX-1C6VR-0626-SM-79OOY,3.49141251932232,GTEx_v8_Lung,KLA31_02,normal_tissue,Healthy human lung tissue,2,"non-tumor
tissues"
PXD036307,normal human lung,KLA31_02,GTEX-1C6VS-1226-SM-79OO2,3.35392803702226,GTEx_v8_Lung,KLA31_02,normal_tissue,Healthy human lung tissue,2,"non-tumor
tissues"
PXD036307,normal human lung,KLA31_02,GTEX-1C6WA-0726-SM-7IGQ5,3.31225197326101,GTEx_v8_Lung,KLA31_02,normal_tissue,Healthy human lung tissue,2,"non-tumor
tissues"
PXD036307,normal human lung,KLA31_02,GTEX-1CAMQ-1026-SM-7EPIC,3.49288884154015,GTEx_v8_Lung,KLA31_02,normal_tissue,Healthy human lung tissue,2,"non-tumor
tissues"
PXD036307,normal human lung,KLA31_02,GTEX-1CAV2-0626-SM-7P8QE,3.751451424425,GTEx_v8_Lung,KLA31_02,normal_tissue,Healthy human lung tissue,2,"non-tumor
tissues"
PXD036307,normal human lung,KLA31_02,GTEX-1CB4F-0926-SM-7DHMJ,4.35372348705199,GTEx_v8_Lung,KLA31_02,normal_tissue,Healthy human lung tissue,2,"non-tumor
tissues"
PXD036307,normal human lung,KLA31_02,GTEX-1CB4I-2126-SM-793AG,3.61394710952579,GTEx_v8_Lung,KLA31_02,normal_tissue,Healthy human lung tissue,2,"non-tumor
tissues"
PXD036307,normal human lung,KLA31_02,GTEX-1CB4J-1726-SM-79OOL,3.55602531013223,GTEx_v8_Lung,KLA31_02,normal_tissue,Healthy human lung tissue,2,"non-tumor
tissues"
PXD036307,normal human lung,KLA31_02,GTEX-1E1VI-0926-SM-7P8T3,3.48204881406257,GTEx_v8_Lung,KLA31_02,normal_tissue,Healthy human lung tissue,2,"non-tumor
tissues"
PXD036307,normal human lung,KLA31_02,GTEX-1E2YA-0926-SM-7MXUK,3.78308469827161,GTEx_v8_Lung,KLA31_02,normal_tissue,Healthy human lung tissue,2,"non-tumor
tissues"
PXD036307,normal human lung,KLA31_02,GTEX-1EKGG-1326-SM-7MXUM,3.54341546958628,GTEx_v8_Lung,KLA31_02,normal_tissue,Healthy human lung tissue,2,"non-tumor
tissues"
PXD036307,normal human lung,KLA31_02,GTEX-1EMGI-1426-SM-7IGNQ,3.73686354234511,GTEx_v8_Lung,KLA31_02,normal_tissue,Healthy human lung tissue,2,"non-tumor
tissues"
PXD036307,normal human lung,KLA31_02,GTEX-1EN7A-0826-SM-7MKFV,3.73545850657395,GTEx_v8_Lung,KLA31_02,normal_tissue,Healthy human lung tissue,2,"non-tumor
tissues"
PXD036307,normal human lung,KLA31_02,GTEX-1EWIQ-0926-SM-7RHG7,3.44155034972313,GTEx_v8_Lung,KLA31_02,normal_tissue,Healthy human lung tissue,2,"non-tumor
tissues"
PXD036307,normal human lung,KLA31_02,GTEX-1EX96-0226-SM-7RHHR,3.61890177485594,GTEx_v8_Lung,KLA31_02,normal_tissue,Healthy human lung tissue,2,"non-tumor
tissues"
PXD036307,normal human lung,KLA31_02,GTEX-1F48J-0826-SM-9WPOD,3.66898447103205,GTEx_v8_Lung,KLA31_02,normal_tissue,Healthy human lung tissue,2,"non-tumor
tissues"
PXD036307,normal human lung,KLA31_02,GTEX-1F5PK-0526-SM-7MXUA,3.25077341872123,GTEx_v8_Lung,KLA31_02,normal_tissue,Healthy human lung tissue,2,"non-tumor
tissues"
PXD036307,normal human lung,KLA31_02,GTEX-1F6I4-1026-SM-7P8PS,3.54607167564546,GTEx_v8_Lung,KLA31_02,normal_tissue,Healthy human lung tissue,2,"non-tumor
tissues"
PXD036307,normal human lung,KLA31_02,GTEX-1F6RS-0826-SM-7P8T9,3.38826880528139,GTEx_v8_Lung,KLA31_02,normal_tissue,Healthy human lung tissue,2,"non-tumor
tissues"
PXD036307,normal human lung,KLA31_02,GTEX-1F75B-1026-SM-9JGFS,3.39085548375643,GTEx_v8_Lung,KLA31_02,normal_tissue,Healthy human lung tissue,2,"non-tumor
tissues"
PXD036307,normal human lung,KLA31_02,GTEX-1F75W-0626-SM-7PC13,3.45535369118896,GTEx_v8_Lung,KLA31_02,normal_tissue,Healthy human lung tissue,2,"non-tumor
tissues"
PXD036307,normal human lung,KLA31_02,GTEX-1F7RK-0826-SM-7SB8V,3.36085687384531,GTEx_v8_Lung,KLA31_02,normal_tissue,Healthy human lung tissue,2,"non-tumor
tissues"
PXD036307,normal human lung,KLA31_02,GTEX-1F88F-0926-SM-7RHH8,3.77549319660223,GTEx_v8_Lung,KLA31_02,normal_tissue,Healthy human lung tissue,2,"non-tumor
tissues"
PXD036307,normal human lung,KLA31_02,GTEX-1FIGZ-0326-SM-7RHGT,3.44118524175271,GTEx_v8_Lung,KLA31_02,normal_tissue,Healthy human lung tissue,2,"non-tumor
tissues"
PXD036307,normal human lung,KLA31_02,GTEX-1GF9V-1026-SM-9KNW3,3.60438941243543,GTEx_v8_Lung,KLA31_02,normal_tissue,Healthy human lung tissue,2,"non-tumor
tissues"
PXD036307,normal human lung,KLA31_02,GTEX-1GF9X-0326-SM-7P8R9,3.25540964700405,GTEx_v8_Lung,KLA31_02,normal_tissue,Healthy human lung tissue,2,"non-tumor
tissues"
PXD036307,normal human lung,KLA31_02,GTEX-1GL5R-0526-SM-9WPOQ,3.49253137376468,GTEx_v8_Lung,KLA31_02,normal_tissue,Healthy human lung tissue,2,"non-tumor
tissues"
PXD036307,normal human lung,KLA31_02,GTEX-1GMR2-0126-SM-9JGHC,3.37989706134702,GTEx_v8_Lung,KLA31_02,normal_tissue,Healthy human lung tissue,2,"non-tumor
tissues"
PXD036307,normal human lung,KLA31_02,GTEX-1GMR3-0226-SM-7RHIB,3.55422708488204,GTEx_v8_Lung,KLA31_02,normal_tissue,Healthy human lung tissue,2,"non-tumor
tissues"
PXD036307,normal human lung,KLA31_02,GTEX-1GMR8-1426-SM-7RHHL,3.30321798638694,GTEx_v8_Lung,KLA31_02,normal_tissue,Healthy human lung tissue,2,"non-tumor
tissues"
PXD036307,normal human lung,KLA31_02,GTEX-1GMRU-1426-SM-9WPPL,3.36756189574389,GTEx_v8_Lung,KLA31_02,normal_tissue,Healthy human lung tissue,2,"non-tumor
tissues"
PXD036307,normal human lung,KLA31_02,GTEX-1GN1U-1026-SM-9WYUP,4.35099988914727,GTEx_v8_Lung,KLA31_02,normal_tissue,Healthy human lung tissue,2,"non-tumor
tissues"
PXD036307,normal human lung,KLA31_02,GTEX-1GN1W-1026-SM-9OSW2,3.6491590172416,GTEx_v8_Lung,KLA31_02,normal_tissue,Healthy human lung tissue,2,"non-tumor
tissues"
PXD036307,normal human lung,KLA31_02,GTEX-1GN2E-1526-SM-7P8TD,3.43876767881233,GTEx_v8_Lung,KLA31_02,normal_tissue,Healthy human lung tissue,2,"non-tumor
tissues"
PXD036307,normal human lung,KLA31_02,GTEX-1GN73-1026-SM-9KNV9,3.52260916553818,GTEx_v8_Lung,KLA31_02,normal_tissue,Healthy human lung tissue,2,"non-tumor
tissues"
PXD036307,normal human lung,KLA31_02,GTEX-1GPI7-1526-SM-9JGG8,4.03727989799005,GTEx_v8_Lung,KLA31_02,normal_tissue,Healthy human lung tissue,2,"non-tumor
tissues"
PXD036307,normal human lung,KLA31_02,GTEX-1GTWX-0626-SM-9WYU1,3.35276715488466,GTEx_v8_Lung,KLA31_02,normal_tissue,Healthy human lung tissue,2,"non-tumor
tissues"
PXD036307,normal human lung,KLA31_02,GTEX-1GZ2Q-0726-SM-9KNVV,3.51198834174196,GTEx_v8_Lung,KLA31_02,normal_tissue,Healthy human lung tissue,2,"non-tumor
tissues"
PXD036307,normal human lung,KLA31_02,GTEX-1GZ4H-0426-SM-7MXV5,3.31709226809929,GTEx_v8_Lung,KLA31_02,normal_tissue,Healthy human lung tissue,2,"non-tumor
tissues"
PXD036307,normal human lung,KLA31_02,GTEX-1GZ4I-0726-SM-9QEHL,4.46617747676358,GTEx_v8_Lung,KLA31_02,normal_tissue,Healthy human lung tissue,2,"non-tumor
tissues"
PXD036307,normal human lung,KLA31_02,GTEX-1GZHY-0826-SM-9OSXT,3.37975463484889,GTEx_v8_Lung,KLA31_02,normal_tissue,Healthy human lung tissue,2,"non-tumor
tissues"
PXD036307,normal human lung,KLA31_02,GTEX-1H11D-0726-SM-9OSWA,3.92142487328974,GTEx_v8_Lung,KLA31_02,normal_tissue,Healthy human lung tissue,2,"non-tumor
tissues"
PXD036307,normal human lung,KLA31_02,GTEX-1H1CY-0626-SM-9KNVE,3.56450009263927,GTEx_v8_Lung,KLA31_02,normal_tissue,Healthy human lung tissue,2,"non-tumor
tissues"
PXD036307,normal human lung,KLA31_02,GTEX-1H1DG-1026-SM-9MQJS,3.53541776582598,GTEx_v8_Lung,KLA31_02,normal_tissue,Healthy human lung tissue,2,"non-tumor
tissues"
PXD036307,normal human lung,KLA31_02,GTEX-1H1E6-0726-SM-9WPQ4,3.30520481793437,GTEx_v8_Lung,KLA31_02,normal_tissue,Healthy human lung tissue,2,"non-tumor
tissues"
PXD036307,normal human lung,KLA31_02,GTEX-1H1ZS-0826-SM-A9SMD,3.69030396799533,GTEx_v8_Lung,KLA31_02,normal_tissue,Healthy human lung tissue,2,"non-tumor
tissues"
PXD036307,normal human lung,KLA31_02,GTEX-1H23P-1026-SM-9QEHQ,3.66138953646106,GTEx_v8_Lung,KLA31_02,normal_tissue,Healthy human lung tissue,2,"non-tumor
tissues"
PXD036307,normal human lung,KLA31_02,GTEX-1H2FU-1226-SM-9KNVY,3.32735571601157,GTEx_v8_Lung,KLA31_02,normal_tissue,Healthy human lung tissue,2,"non-tumor
tissues"
PXD036307,normal human lung,KLA31_02,GTEX-1H3O1-0326-SM-9WPO8,3.4123274480352,GTEx_v8_Lung,KLA31_02,normal_tissue,Healthy human lung tissue,2,"non-tumor
tissues"
PXD036307,normal human lung,KLA31_02,GTEX-1H3VY-1426-SM-9WPOB,3.7025318904142,GTEx_v8_Lung,KLA31_02,normal_tissue,Healthy human lung tissue,2,"non-tumor
tissues"
PXD036307,normal human lung,KLA31_02,GTEX-1HB9E-0726-SM-AHZ4L,3.73378435568772,GTEx_v8_Lung,KLA31_02,normal_tissue,Healthy human lung tissue,2,"non-tumor
tissues"
PXD036307,normal human lung,KLA31_02,GTEX-1HBPH-1326-SM-9WYSN,3.29214575157591,GTEx_v8_Lung,KLA31_02,normal_tissue,Healthy human lung tissue,2,"non-tumor
tissues"
PXD036307,normal human lung,KLA31_02,GTEX-1HBPM-0826-SM-9WYSP,3.36565046363344,GTEx_v8_Lung,KLA31_02,normal_tissue,Healthy human lung tissue,2,"non-tumor
tissues"
PXD036307,normal human lung,KLA31_02,GTEX-1HCU7-0926-SM-A96TK,3.77498516928644,GTEx_v8_Lung,KLA31_02,normal_tissue,Healthy human lung tissue,2,"non-tumor
tissues"
PXD036307,normal human lung,KLA31_02,GTEX-1HCUA-0226-SM-A8N88,3.3683868537077,GTEx_v8_Lung,KLA31_02,normal_tissue,Healthy human lung tissue,2,"non-tumor
tissues"
PXD036307,normal human lung,KLA31_02,GTEX-1HCVE-0626-SM-A9SL2,3.2271446115814,GTEx_v8_Lung,KLA31_02,normal_tissue,Healthy human lung tissue,2,"non-tumor
tissues"
PXD036307,normal human lung,KLA31_02,GTEX-1HFI6-0926-SM-9WPPV,3.31372488035769,GTEx_v8_Lung,KLA31_02,normal_tissue,Healthy human lung tissue,2,"non-tumor
tissues"
PXD036307,normal human lung,KLA31_02,GTEX-1HSKV-1126-SM-ADEIA,3.63633944808939,GTEx_v8_Lung,KLA31_02,normal_tissue,Healthy human lung tissue,2,"non-tumor
tissues"
PXD036307,normal human lung,KLA31_02,GTEX-1HSMO-0926-SM-A96S7,3.36545664764646,GTEx_v8_Lung,KLA31_02,normal_tissue,Healthy human lung tissue,2,"non-tumor
tissues"
PXD036307,normal human lung,KLA31_02,GTEX-1HSMP-1326-SM-A96TR,3.83199244138923,GTEx_v8_Lung,KLA31_02,normal_tissue,Healthy human lung tissue,2,"non-tumor
tissues"
PXD036307,normal human lung,KLA31_02,GTEX-1HSMQ-0726-SM-B2LXY,3.49734679783253,GTEx_v8_Lung,KLA31_02,normal_tissue,Healthy human lung tissue,2,"non-tumor
tissues"
PXD036307,normal human lung,KLA31_02,GTEX-1HT8W-1426-SM-CE6S2,3.62798120506306,GTEx_v8_Lung,KLA31_02,normal_tissue,Healthy human lung tissue,2,"non-tumor
tissues"
PXD036307,normal human lung,KLA31_02,GTEX-1I19N-0526-SM-A9G27,3.2671795270986,GTEx_v8_Lung,KLA31_02,normal_tissue,Healthy human lung tissue,2,"non-tumor
tissues"
PXD036307,normal human lung,KLA31_02,GTEX-1I1CD-0926-SM-CL55I,3.95392539314764,GTEx_v8_Lung,KLA31_02,normal_tissue,Healthy human lung tissue,2,"non-tumor
tissues"
PXD036307,normal human lung,KLA31_02,GTEX-1I1GP-0526-SM-ARL7G,3.55819569515355,GTEx_v8_Lung,KLA31_02,normal_tissue,Healthy human lung tissue,2,"non-tumor
tissues"
PXD036307,normal human lung,KLA31_02,GTEX-1I1GQ-1126-SM-CNNQT,3.74429535119234,GTEx_v8_Lung,KLA31_02,normal_tissue,Healthy human lung tissue,2,"non-tumor
tissues"
PXD036307,normal human lung,KLA31_02,GTEX-1I1GR-0726-SM-B2LWL,3.35253695381574,GTEx_v8_Lung,KLA31_02,normal_tissue,Healthy human lung tissue,2,"non-tumor
tissues"
PXD036307,normal human lung,KLA31_02,GTEX-1I1GS-1426-SM-COH3W,3.46982953123608,GTEx_v8_Lung,KLA31_02,normal_tissue,Healthy human lung tissue,2,"non-tumor
tissues"
PXD036307,normal human lung,KLA31_02,GTEX-1I1GU-0526-SM-B2LX2,3.60131358604252,GTEx_v8_Lung,KLA31_02,normal_tissue,Healthy human lung tissue,2,"non-tumor
tissues"
PXD036307,normal human lung,KLA31_02,GTEX-1I1GV-0926-SM-B2LXM,3.21652836193703,GTEx_v8_Lung,KLA31_02,normal_tissue,Healthy human lung tissue,2,"non-tumor
tissues"
PXD036307,normal human lung,KLA31_02,GTEX-1I4MK-0326-SM-B2LWP,3.65608388779061,GTEx_v8_Lung,KLA31_02,normal_tissue,Healthy human lung tissue,2,"non-tumor
tissues"
PXD036307,normal human lung,KLA31_02,GTEX-1I6K6-0926-SM-AHZ2N,3.50626424494032,GTEx_v8_Lung,KLA31_02,normal_tissue,Healthy human lung tissue,2,"non-tumor
tissues"
PXD036307,normal human lung,KLA31_02,GTEX-1I6K7-1226-SM-B2LVS,3.58783871232489,GTEx_v8_Lung,KLA31_02,normal_tissue,Healthy human lung tissue,2,"non-tumor
tissues"
PXD036307,normal human lung,KLA31_02,GTEX-1ICLY-0926-SM-CM2RJ,3.31454571392135,GTEx_v8_Lung,KLA31_02,normal_tissue,Healthy human lung tissue,2,"non-tumor
tissues"
PXD036307,normal human lung,KLA31_02,GTEX-1ICLZ-0926-SM-CKZPQ,3.32968205615971,GTEx_v8_Lung,KLA31_02,normal_tissue,Healthy human lung tissue,2,"non-tumor
tissues"
PXD036307,normal human lung,KLA31_02,GTEX-1IDJH-0726-SM-ARU7U,3.48892299181146,GTEx_v8_Lung,KLA31_02,normal_tissue,Healthy human lung tissue,2,"non-tumor
tissues"
PXD036307,normal human lung,KLA31_02,GTEX-1IDJI-0626-SM-C1YQD,4.06683829201614,GTEx_v8_Lung,KLA31_02,normal_tissue,Healthy human lung tissue,2,"non-tumor
tissues"
PXD036307,normal human lung,KLA31_02,GTEX-1IDJU-0226-SM-CKZOF,3.27257518135575,GTEx_v8_Lung,KLA31_02,normal_tissue,Healthy human lung tissue,2,"non-tumor
tissues"
PXD036307,normal human lung,KLA31_02,GTEX-1IKJJ-0926-SM-A9G2L,3.34231225360402,GTEx_v8_Lung,KLA31_02,normal_tissue,Healthy human lung tissue,2,"non-tumor
tissues"
PXD036307,normal human lung,KLA31_02,GTEX-1IKK5-1926-SM-A9G2V,3.69277606133075,GTEx_v8_Lung,KLA31_02,normal_tissue,Healthy human lung tissue,2,"non-tumor
tissues"
PXD036307,normal human lung,KLA31_02,GTEX-1IL2U-0926-SM-CKZOB,3.59594637100639,GTEx_v8_Lung,KLA31_02,normal_tissue,Healthy human lung tissue,2,"non-tumor
tissues"
PXD036307,normal human lung,KLA31_02,GTEX-1IL2V-0726-SM-ARZMB,3.53369492579,GTEx_v8_Lung,KLA31_02,normal_tissue,Healthy human lung tissue,2,"non-tumor
tissues"
PXD036307,normal human lung,KLA31_02,GTEX-1IOXB-1126-SM-CNNQ5,3.27492811881939,GTEx_v8_Lung,KLA31_02,normal_tissue,Healthy human lung tissue,2,"non-tumor
tissues"
PXD036307,normal human lung,KLA31_02,GTEX-1IY9M-1126-SM-A9SLV,3.40759058175045,GTEx_v8_Lung,KLA31_02,normal_tissue,Healthy human lung tissue,2,"non-tumor
tissues"
PXD036307,normal human lung,KLA31_02,GTEX-1J1OQ-0926-SM-CJI34,3.83988830834622,GTEx_v8_Lung,KLA31_02,normal_tissue,Healthy human lung tissue,2,"non-tumor
tissues"
PXD036307,normal human lung,KLA31_02,GTEX-1J1R8-0226-SM-AHZ3C,3.6467506646623,GTEx_v8_Lung,KLA31_02,normal_tissue,Healthy human lung tissue,2,"non-tumor
tissues"
PXD036307,normal human lung,KLA31_02,GTEX-1J8EW-1026-SM-A96T7,3.5300015869794,GTEx_v8_Lung,KLA31_02,normal_tissue,Healthy human lung tissue,2,"non-tumor
tissues"
PXD036307,normal human lung,KLA31_02,GTEX-1J8JJ-1126-SM-CL55P,3.49119774256279,GTEx_v8_Lung,KLA31_02,normal_tissue,Healthy human lung tissue,2,"non-tumor
tissues"
PXD036307,normal human lung,KLA31_02,GTEX-1J8QM-0526-SM-AHZ3Y,3.52812348741925,GTEx_v8_Lung,KLA31_02,normal_tissue,Healthy human lung tissue,2,"non-tumor
tissues"
PXD036307,normal human lung,KLA31_02,GTEX-1JJE9-0926-SM-CNNP9,3.57016258621982,GTEx_v8_Lung,KLA31_02,normal_tissue,Healthy human lung tissue,2,"non-tumor
tissues"
PXD036307,normal human lung,KLA31_02,GTEX-1JJEA-1126-SM-CKZOC,3.3211627298278,GTEx_v8_Lung,KLA31_02,normal_tissue,Healthy human lung tissue,2,"non-tumor
tissues"
PXD036307,normal human lung,KLA31_02,GTEX-1JK1U-1126-SM-CY8HK,3.27670133749091,GTEx_v8_Lung,KLA31_02,normal_tissue,Healthy human lung tissue,2,"non-tumor
tissues"
PXD036307,normal human lung,KLA31_02,GTEX-1JKYN-2126-SM-ARU8W,3.7238866099322,GTEx_v8_Lung,KLA31_02,normal_tissue,Healthy human lung tissue,2,"non-tumor
tissues"
PXD036307,normal human lung,KLA31_02,GTEX-1JMLX-0926-SM-CNNPQ,3.69401636579327,GTEx_v8_Lung,KLA31_02,normal_tissue,Healthy human lung tissue,2,"non-tumor
tissues"
PXD036307,normal human lung,KLA31_02,GTEX-1JMOU-0526-SM-CNNPE,3.49442075315719,GTEx_v8_Lung,KLA31_02,normal_tissue,Healthy human lung tissue,2,"non-tumor
tissues"
PXD036307,normal human lung,KLA31_02,GTEX-1JMPZ-1126-SM-ARU8X,3.43874893566608,GTEx_v8_Lung,KLA31_02,normal_tissue,Healthy human lung tissue,2,"non-tumor
tissues"
PXD036307,normal human lung,KLA31_02,GTEX-1JMQI-1126-SM-ARZN2,3.29338824039795,GTEx_v8_Lung,KLA31_02,normal_tissue,Healthy human lung tissue,2,"non-tumor
tissues"
PXD036307,normal human lung,KLA31_02,GTEX-1JMQJ-2126-SM-CNPPA,3.6877455489334,GTEx_v8_Lung,KLA31_02,normal_tissue,Healthy human lung tissue,2,"non-tumor
tissues"
PXD036307,normal human lung,KLA31_02,GTEX-1JMQL-1126-SM-CKZOP,3.50506605352565,GTEx_v8_Lung,KLA31_02,normal_tissue,Healthy human lung tissue,2,"non-tumor
tissues"
PXD036307,normal human lung,KLA31_02,GTEX-1JN6P-0726-SM-ARZN7,3.19841860190699,GTEx_v8_Lung,KLA31_02,normal_tissue,Healthy human lung tissue,2,"non-tumor
tissues"
PXD036307,normal human lung,KLA31_02,GTEX-1JN76-0826-SM-C1YRK,3.77221973833573,GTEx_v8_Lung,KLA31_02,normal_tissue,Healthy human lung tissue,2,"non-tumor
tissues"
PXD036307,normal human lung,KLA31_02,GTEX-1K2DU-0526-SM-D4P2Y,3.72394459578119,GTEx_v8_Lung,KLA31_02,normal_tissue,Healthy human lung tissue,2,"non-tumor
tissues"
PXD036307,normal human lung,KLA31_02,GTEX-1K9T9-0926-SM-D3L9C,3.42851380917308,GTEx_v8_Lung,KLA31_02,normal_tissue,Healthy human lung tissue,2,"non-tumor
tissues"
PXD036307,normal human lung,KLA31_02,GTEX-1KAFJ-0326-SM-DHXJG,3.43691452553102,GTEx_v8_Lung,KLA31_02,normal_tissue,Healthy human lung tissue,2,"non-tumor
tissues"
PXD036307,normal human lung,KLA31_02,GTEX-1KANB-1026-SM-D3L9F,3.47103735235826,GTEx_v8_Lung,KLA31_02,normal_tissue,Healthy human lung tissue,2,"non-tumor
tissues"
PXD036307,normal human lung,KLA31_02,GTEX-1KD4Q-0926-SM-CXZKI,3.45475388457046,GTEx_v8_Lung,KLA31_02,normal_tissue,Healthy human lung tissue,2,"non-tumor
tissues"
PXD036307,normal human lung,KLA31_02,GTEX-1KD5A-1126-SM-CXZK6,3.42902103119746,GTEx_v8_Lung,KLA31_02,normal_tissue,Healthy human lung tissue,2,"non-tumor
tissues"
PXD036307,normal human lung,KLA31_02,GTEX-1KWVE-0426-SM-DHXJX,3.48668974994561,GTEx_v8_Lung,KLA31_02,normal_tissue,Healthy human lung tissue,2,"non-tumor
tissues"
PXD036307,normal human lung,KLA31_02,GTEX-1KXAM-0426-SM-DHXKG,4.24154445173007,GTEx_v8_Lung,KLA31_02,normal_tissue,Healthy human lung tissue,2,"non-tumor
tissues"
PXD036307,normal human lung,KLA31_02,GTEX-1L5NE-0726-SM-CXZKQ,3.50975859747238,GTEx_v8_Lung,KLA31_02,normal_tissue,Healthy human lung tissue,2,"non-tumor
tissues"
PXD036307,normal human lung,KLA31_02,GTEX-1LB8K-0826-SM-D4P41,3.4830923013153,GTEx_v8_Lung,KLA31_02,normal_tissue,Healthy human lung tissue,2,"non-tumor
tissues"
PXD036307,normal human lung,KLA31_02,GTEX-1LC47-1126-SM-D4P43,3.62223456947998,GTEx_v8_Lung,KLA31_02,normal_tissue,Healthy human lung tissue,2,"non-tumor
tissues"
PXD036307,normal human lung,KLA31_02,GTEX-1LG7Y-0826-SM-E9TJX,4.01817580585513,GTEx_v8_Lung,KLA31_02,normal_tissue,Healthy human lung tissue,2,"non-tumor
tissues"
PXD036307,normal human lung,KLA31_02,GTEX-1LGRB-0226-SM-CNPQK,3.49931049712959,GTEx_v8_Lung,KLA31_02,normal_tissue,Healthy human lung tissue,2,"non-tumor
tissues"
PXD036307,normal human lung,KLA31_02,GTEX-1LSVX-0626-SM-E9U59,3.38227338374254,GTEx_v8_Lung,KLA31_02,normal_tissue,Healthy human lung tissue,2,"non-tumor
tissues"
PXD036307,normal human lung,KLA31_02,GTEX-1LVAN-1126-SM-CNNRE,3.63030496097792,GTEx_v8_Lung,KLA31_02,normal_tissue,Healthy human lung tissue,2,"non-tumor
tissues"
PXD036307,normal human lung,KLA31_02,GTEX-1LVAO-1226-SM-DIPGB,3.57369665793413,GTEx_v8_Lung,KLA31_02,normal_tissue,Healthy human lung tissue,2,"non-tumor
tissues"
PXD036307,normal human lung,KLA31_02,GTEX-1M4P7-0826-SM-E9TJR,3.41553566847499,GTEx_v8_Lung,KLA31_02,normal_tissue,Healthy human lung tissue,2,"non-tumor
tissues"
PXD036307,normal human lung,KLA31_02,GTEX-1MA7X-0626-SM-E9TJI,3.59678285527045,GTEx_v8_Lung,KLA31_02,normal_tissue,Healthy human lung tissue,2,"non-tumor
tissues"
PXD036307,normal human lung,KLA31_02,GTEX-1MCC2-0726-SM-EV7AL,3.53742639012419,GTEx_v8_Lung,KLA31_02,normal_tissue,Healthy human lung tissue,2,"non-tumor
tissues"
PXD036307,normal human lung,KLA31_02,GTEX-1MGNQ-0826-SM-EVR41,3.76825770130661,GTEx_v8_Lung,KLA31_02,normal_tissue,Healthy human lung tissue,2,"non-tumor
tissues"
PXD036307,normal human lung,KLA31_02,GTEX-1MJIX-0626-SM-DTX8V,3.46376142155669,GTEx_v8_Lung,KLA31_02,normal_tissue,Healthy human lung tissue,2,"non-tumor
tissues"
PXD036307,normal human lung,KLA31_02,GTEX-1MJK2-1126-SM-E9TJ7,3.38052524230415,GTEx_v8_Lung,KLA31_02,normal_tissue,Healthy human lung tissue,2,"non-tumor
tissues"
PXD036307,normal human lung,KLA31_02,GTEX-1N2DW-1126-SM-EVR59,3.8255612460772,GTEx_v8_Lung,KLA31_02,normal_tissue,Healthy human lung tissue,2,"non-tumor
tissues"
PXD036307,normal human lung,KLA31_02,GTEX-1NSGN-1626-SM-EXOJF,3.46984412378725,GTEx_v8_Lung,KLA31_02,normal_tissue,Healthy human lung tissue,2,"non-tumor
tissues"
PXD036307,normal human lung,KLA31_02,GTEX-1NV5F-0926-SM-DTX8N,3.37558609966151,GTEx_v8_Lung,KLA31_02,normal_tissue,Healthy human lung tissue,2,"non-tumor
tissues"
PXD036307,normal human lung,KLA31_02,GTEX-1OJC3-0726-SM-DTX92,3.50455431835861,GTEx_v8_Lung,KLA31_02,normal_tissue,Healthy human lung tissue,2,"non-tumor
tissues"
PXD036307,normal human lung,KLA31_02,GTEX-1OJC4-0626-SM-DTXEY,3.61198584484904,GTEx_v8_Lung,KLA31_02,normal_tissue,Healthy human lung tissue,2,"non-tumor
tissues"
PXD036307,normal human lung,KLA31_02,GTEX-1P4AB-1026-SM-DTXES,3.14904377190517,GTEx_v8_Lung,KLA31_02,normal_tissue,Healthy human lung tissue,2,"non-tumor
tissues"
PXD036307,normal human lung,KLA31_02,GTEX-1PIIG-1826-SM-DTX7N,3.6337050283836,GTEx_v8_Lung,KLA31_02,normal_tissue,Healthy human lung tissue,2,"non-tumor
tissues"
PXD036307,normal human lung,KLA31_02,GTEX-1PPGY-1826-SM-EXOJ8,3.5684116756614,GTEx_v8_Lung,KLA31_02,normal_tissue,Healthy human lung tissue,2,"non-tumor
tissues"
PXD036307,normal human lung,KLA31_02,GTEX-1PPH7-0226-SM-E76Q1,3.18249724518541,GTEx_v8_Lung,KLA31_02,normal_tissue,Healthy human lung tissue,2,"non-tumor
tissues"
PXD036307,normal human lung,KLA31_02,GTEX-1PWST-0826-SM-DTXF1,3.66066983141475,GTEx_v8_Lung,KLA31_02,normal_tissue,Healthy human lung tissue,2,"non-tumor
tissues"
PXD036307,normal human lung,KLA31_02,GTEX-1QAET-0426-SM-EXUSM,3.91796610012609,GTEx_v8_Lung,KLA31_02,normal_tissue,Healthy human lung tissue,2,"non-tumor
tissues"
PXD036307,normal human lung,KLA31_02,GTEX-1QCLY-1026-SM-EWRNI,3.42356974403968,GTEx_v8_Lung,KLA31_02,normal_tissue,Healthy human lung tissue,2,"non-tumor
tissues"
PXD036307,normal human lung,KLA31_02,GTEX-1QEPI-0826-SM-DTX9B,3.45874559393163,GTEx_v8_Lung,KLA31_02,normal_tissue,Healthy human lung tissue,2,"non-tumor
tissues"
PXD036307,normal human lung,KLA31_02,GTEX-1QMI2-0926-SM-DTX7S,3.24063490603736,GTEx_v8_Lung,KLA31_02,normal_tissue,Healthy human lung tissue,2,"non-tumor
tissues"
PXD036307,normal human lung,KLA31_02,GTEX-1QP29-1226-SM-E6CQ1,3.55530583373593,GTEx_v8_Lung,KLA31_02,normal_tissue,Healthy human lung tissue,2,"non-tumor
tissues"
PXD036307,normal human lung,KLA31_02,GTEX-1QP2A-1226-SM-EVR3I,3.53237119435521,GTEx_v8_Lung,KLA31_02,normal_tissue,Healthy human lung tissue,2,"non-tumor
tissues"
PXD036307,normal human lung,KLA31_02,GTEX-1R9PM-0426-SM-EVR3P,3.87167780623338,GTEx_v8_Lung,KLA31_02,normal_tissue,Healthy human lung tissue,2,"non-tumor
tissues"
PXD036307,normal human lung,KLA31_02,GTEX-1RAZQ-1026-SM-EAZ4R,3.81362913859252,GTEx_v8_Lung,KLA31_02,normal_tissue,Healthy human lung tissue,2,"non-tumor
tissues"
PXD036307,normal human lung,KLA31_02,GTEX-1RAZR-0726-SM-EV7BA,3.75656028593516,GTEx_v8_Lung,KLA31_02,normal_tissue,Healthy human lung tissue,2,"non-tumor
tissues"
PXD036307,normal human lung,KLA31_02,GTEX-1RAZS-2226-SM-E8VMU,3.25951167128663,GTEx_v8_Lung,KLA31_02,normal_tissue,Healthy human lung tissue,2,"non-tumor
tissues"
PXD036307,normal human lung,KLA31_02,GTEX-1RDX4-1626-SM-EVR53,3.20502735658287,GTEx_v8_Lung,KLA31_02,normal_tissue,Healthy human lung tissue,2,"non-tumor
tissues"
PXD036307,normal human lung,KLA31_02,GTEX-1RLM8-0626-SM-E76OW,3.44661353062383,GTEx_v8_Lung,KLA31_02,normal_tissue,Healthy human lung tissue,2,"non-tumor
tissues"
PXD036307,normal human lung,KLA31_02,GTEX-1RNSC-1226-SM-E9U52,3.51973179967209,GTEx_v8_Lung,KLA31_02,normal_tissue,Healthy human lung tissue,2,"non-tumor
tissues"
PXD036307,normal human lung,KLA31_02,GTEX-1RQED-1026-SM-EVYCT,3.45869998710352,GTEx_v8_Lung,KLA31_02,normal_tissue,Healthy human lung tissue,2,"non-tumor
tissues"
PXD036307,normal human lung,KLA31_02,GTEX-1S5VW-0926-SM-EWRNU,3.41656926009713,GTEx_v8_Lung,KLA31_02,normal_tissue,Healthy human lung tissue,2,"non-tumor
tissues"
PXD036307,normal human lung,KLA31_02,GTEX-1S82P-0826-SM-EVR4P,3.33495793934847,GTEx_v8_Lung,KLA31_02,normal_tissue,Healthy human lung tissue,2,"non-tumor
tissues"
PXD036307,normal human lung,KLA31_02,GTEX-N7MS-0926-SM-2HMIZ,3.49724779536018,GTEx_v8_Lung,KLA31_02,normal_tissue,Healthy human lung tissue,2,"non-tumor
tissues"
PXD036307,normal human lung,KLA31_02,GTEX-N7MT-0126-SM-2D7VT,3.72646323741607,GTEx_v8_Lung,KLA31_02,normal_tissue,Healthy human lung tissue,2,"non-tumor
tissues"
PXD036307,normal human lung,KLA31_02,GTEX-NFK9-1026-SM-2HMK1,3.59208982490584,GTEx_v8_Lung,KLA31_02,normal_tissue,Healthy human lung tissue,2,"non-tumor
tissues"
PXD036307,normal human lung,KLA31_02,GTEX-NPJ8-0326-SM-2D7VV,3.2478631893958,GTEx_v8_Lung,KLA31_02,normal_tissue,Healthy human lung tissue,2,"non-tumor
tissues"
PXD036307,normal human lung,KLA31_02,GTEX-O5YT-0526-SM-32PK8,4.33410551679985,GTEx_v8_Lung,KLA31_02,normal_tissue,Healthy human lung tissue,2,"non-tumor
tissues"
PXD036307,normal human lung,KLA31_02,GTEX-O5YV-0526-SM-2I5GE,3.66493119879778,GTEx_v8_Lung,KLA31_02,normal_tissue,Healthy human lung tissue,2,"non-tumor
tissues"
PXD036307,normal human lung,KLA31_02,GTEX-O5YW-0526-SM-2YUMX,3.37967590800794,GTEx_v8_Lung,KLA31_02,normal_tissue,Healthy human lung tissue,2,"non-tumor
tissues"
PXD036307,normal human lung,KLA31_02,GTEX-OHPL-0526-SM-3NM8U,3.60942633341374,GTEx_v8_Lung,KLA31_02,normal_tissue,Healthy human lung tissue,2,"non-tumor
tissues"
PXD036307,normal human lung,KLA31_02,GTEX-OHPM-0526-SM-2YUMJ,3.47784149260673,GTEx_v8_Lung,KLA31_02,normal_tissue,Healthy human lung tissue,2,"non-tumor
tissues"
PXD036307,normal human lung,KLA31_02,GTEX-OIZF-0526-SM-7MXVM,3.28436873573159,GTEx_v8_Lung,KLA31_02,normal_tissue,Healthy human lung tissue,2,"non-tumor
tissues"
PXD036307,normal human lung,KLA31_02,GTEX-OIZG-0526-SM-2HMLF,3.37941450353082,GTEx_v8_Lung,KLA31_02,normal_tissue,Healthy human lung tissue,2,"non-tumor
tissues"
PXD036307,normal human lung,KLA31_02,GTEX-OIZH-0526-SM-2HMKV,3.42566262969196,GTEx_v8_Lung,KLA31_02,normal_tissue,Healthy human lung tissue,2,"non-tumor
tissues"
PXD036307,normal human lung,KLA31_02,GTEX-OIZI-1026-SM-3NB1K,3.42049933982456,GTEx_v8_Lung,KLA31_02,normal_tissue,Healthy human lung tissue,2,"non-tumor
tissues"
PXD036307,normal human lung,KLA31_02,GTEX-OOBJ-0526-SM-48TDK,3.18652656834676,GTEx_v8_Lung,KLA31_02,normal_tissue,Healthy human lung tissue,2,"non-tumor
tissues"
PXD036307,normal human lung,KLA31_02,GTEX-OOBK-0526-SM-2HMJJ,3.42195713423168,GTEx_v8_Lung,KLA31_02,normal_tissue,Healthy human lung tissue,2,"non-tumor
tissues"
PXD036307,normal human lung,KLA31_02,GTEX-OXRK-0926-SM-2HMKP,3.44245944632848,GTEx_v8_Lung,KLA31_02,normal_tissue,Healthy human lung tissue,2,"non-tumor
tissues"
PXD036307,normal human lung,KLA31_02,GTEX-OXRL-0526-SM-2I3EZ,3.38640505268441,GTEx_v8_Lung,KLA31_02,normal_tissue,Healthy human lung tissue,2,"non-tumor
tissues"
PXD036307,normal human lung,KLA31_02,GTEX-OXRN-0526-SM-2I5EN,3.68972187409916,GTEx_v8_Lung,KLA31_02,normal_tissue,Healthy human lung tissue,2,"non-tumor
tissues"
PXD036307,normal human lung,KLA31_02,GTEX-OXRO-0326-SM-33HBM,3.47787589110937,GTEx_v8_Lung,KLA31_02,normal_tissue,Healthy human lung tissue,2,"non-tumor
tissues"
PXD036307,normal human lung,KLA31_02,GTEX-OXRP-0526-SM-2I3EW,3.46293120033374,GTEx_v8_Lung,KLA31_02,normal_tissue,Healthy human lung tissue,2,"non-tumor
tissues"
PXD036307,normal human lung,KLA31_02,GTEX-P44H-1126-SM-48TBU,3.55664789634971,GTEx_v8_Lung,KLA31_02,normal_tissue,Healthy human lung tissue,2,"non-tumor
tissues"
PXD036307,normal human lung,KLA31_02,GTEX-P4PP-0526-SM-2HMKE,3.56300461482751,GTEx_v8_Lung,KLA31_02,normal_tissue,Healthy human lung tissue,2,"non-tumor
tissues"
PXD036307,normal human lung,KLA31_02,GTEX-P4PQ-0526-SM-2HMKR,3.27092330994406,GTEx_v8_Lung,KLA31_02,normal_tissue,Healthy human lung tissue,2,"non-tumor
tissues"
PXD036307,normal human lung,KLA31_02,GTEX-P4QS-0526-SM-2I3ET,3.68422726755331,GTEx_v8_Lung,KLA31_02,normal_tissue,Healthy human lung tissue,2,"non-tumor
tissues"
PXD036307,normal human lung,KLA31_02,GTEX-P4QT-0526-SM-2I3EX,3.37934393900535,GTEx_v8_Lung,KLA31_02,normal_tissue,Healthy human lung tissue,2,"non-tumor
tissues"
PXD036307,normal human lung,KLA31_02,GTEX-P78B-0926-SM-2I5FA,3.333984230961,GTEx_v8_Lung,KLA31_02,normal_tissue,Healthy human lung tissue,2,"non-tumor
tissues"
PXD036307,normal human lung,KLA31_02,GTEX-PLZ4-0726-SM-2TC6Q,3.67945836347048,GTEx_v8_Lung,KLA31_02,normal_tissue,Healthy human lung tissue,2,"non-tumor
tissues"
PXD036307,normal human lung,KLA31_02,GTEX-PLZ5-0726-SM-2I5F9,3.63028352626524,GTEx_v8_Lung,KLA31_02,normal_tissue,Healthy human lung tissue,2,"non-tumor
tissues"
PXD036307,normal human lung,KLA31_02,GTEX-PLZ6-0426-SM-5IJDW,3.85767121166281,GTEx_v8_Lung,KLA31_02,normal_tissue,Healthy human lung tissue,2,"non-tumor
tissues"
PXD036307,normal human lung,KLA31_02,GTEX-POMQ-0526-SM-3GADD,3.77438127787686,GTEx_v8_Lung,KLA31_02,normal_tissue,Healthy human lung tissue,2,"non-tumor
tissues"
PXD036307,normal human lung,KLA31_02,GTEX-POYW-1226-SM-2XCEP,3.61138514620671,GTEx_v8_Lung,KLA31_02,normal_tissue,Healthy human lung tissue,2,"non-tumor
tissues"
PXD036307,normal human lung,KLA31_02,GTEX-PSDG-1126-SM-2S1ON,3.47011719850985,GTEx_v8_Lung,KLA31_02,normal_tissue,Healthy human lung tissue,2,"non-tumor
tissues"
PXD036307,normal human lung,KLA31_02,GTEX-PVOW-1026-SM-2XCF9,3.38905331867167,GTEx_v8_Lung,KLA31_02,normal_tissue,Healthy human lung tissue,2,"non-tumor
tissues"
PXD036307,normal human lung,KLA31_02,GTEX-PW2O-0526-SM-2I3DX,3.88013070083142,GTEx_v8_Lung,KLA31_02,normal_tissue,Healthy human lung tissue,2,"non-tumor
tissues"
PXD036307,normal human lung,KLA31_02,GTEX-PX3G-0526-SM-2I3EM,4.39707014317023,GTEx_v8_Lung,KLA31_02,normal_tissue,Healthy human lung tissue,2,"non-tumor
tissues"
PXD036307,normal human lung,KLA31_02,GTEX-Q2AG-1026-SM-33HBW,3.72195633708216,GTEx_v8_Lung,KLA31_02,normal_tissue,Healthy human lung tissue,2,"non-tumor
tissues"
PXD036307,normal human lung,KLA31_02,GTEX-Q2AH-0426-SM-2I3EP,3.32674156793009,GTEx_v8_Lung,KLA31_02,normal_tissue,Healthy human lung tissue,2,"non-tumor
tissues"
PXD036307,normal human lung,KLA31_02,GTEX-Q734-0626-SM-2I3EF,4.03035764598623,GTEx_v8_Lung,KLA31_02,normal_tissue,Healthy human lung tissue,2,"non-tumor
tissues"
PXD036307,normal human lung,KLA31_02,GTEX-QCQG-0326-SM-2I3ES,3.22814602916109,GTEx_v8_Lung,KLA31_02,normal_tissue,Healthy human lung tissue,2,"non-tumor
tissues"
PXD036307,normal human lung,KLA31_02,GTEX-QDT8-0926-SM-32PL2,3.62295531952033,GTEx_v8_Lung,KLA31_02,normal_tissue,Healthy human lung tissue,2,"non-tumor
tissues"
PXD036307,normal human lung,KLA31_02,GTEX-QDVJ-0926-SM-2I5FU,3.99825489674281,GTEx_v8_Lung,KLA31_02,normal_tissue,Healthy human lung tissue,2,"non-tumor
tissues"
PXD036307,normal human lung,KLA31_02,GTEX-QDVN-0726-SM-4B64L,3.45241668206676,GTEx_v8_Lung,KLA31_02,normal_tissue,Healthy human lung tissue,2,"non-tumor
tissues"
PXD036307,normal human lung,KLA31_02,GTEX-QEG4-0526-SM-48TZD,3.27303670770792,GTEx_v8_Lung,KLA31_02,normal_tissue,Healthy human lung tissue,2,"non-tumor
tissues"
PXD036307,normal human lung,KLA31_02,GTEX-QEG5-1126-SM-33HC2,3.54463700602365,GTEx_v8_Lung,KLA31_02,normal_tissue,Healthy human lung tissue,2,"non-tumor
tissues"
PXD036307,normal human lung,KLA31_02,GTEX-QEL4-0826-SM-3GAF2,3.35476026055057,GTEx_v8_Lung,KLA31_02,normal_tissue,Healthy human lung tissue,2,"non-tumor
tissues"
PXD036307,normal human lung,KLA31_02,GTEX-QESD-0626-SM-2I5G4,3.57366779025555,GTEx_v8_Lung,KLA31_02,normal_tissue,Healthy human lung tissue,2,"non-tumor
tissues"
PXD036307,normal human lung,KLA31_02,GTEX-QMR6-1926-SM-32PL9,3.50235202174309,GTEx_v8_Lung,KLA31_02,normal_tissue,Healthy human lung tissue,2,"non-tumor
tissues"
PXD036307,normal human lung,KLA31_02,GTEX-QMRM-0826-SM-3NB33,3.37131468389713,GTEx_v8_Lung,KLA31_02,normal_tissue,Healthy human lung tissue,2,"non-tumor
tissues"
PXD036307,normal human lung,KLA31_02,GTEX-QV44-0926-SM-2S1RH,4.15511199987992,GTEx_v8_Lung,KLA31_02,normal_tissue,Healthy human lung tissue,2,"non-tumor
tissues"
PXD036307,normal human lung,KLA31_02,GTEX-QVUS-2026-SM-EYYW9,3.17515268819416,GTEx_v8_Lung,KLA31_02,normal_tissue,Healthy human lung tissue,2,"non-tumor
tissues"
PXD036307,normal human lung,KLA31_02,GTEX-QXCU-0626-SM-2TC69,3.63227974190744,GTEx_v8_Lung,KLA31_02,normal_tissue,Healthy human lung tissue,2,"non-tumor
tissues"
PXD036307,normal human lung,KLA31_02,GTEX-R3RS-1026-SM-3GADF,3.55300312353234,GTEx_v8_Lung,KLA31_02,normal_tissue,Healthy human lung tissue,2,"non-tumor
tissues"
PXD036307,normal human lung,KLA31_02,GTEX-R55C-0526-SM-3GIKA,3.69050651108051,GTEx_v8_Lung,KLA31_02,normal_tissue,Healthy human lung tissue,2,"non-tumor
tissues"
PXD036307,normal human lung,KLA31_02,GTEX-R55D-0926-SM-3GAEU,3.38393663683337,GTEx_v8_Lung,KLA31_02,normal_tissue,Healthy human lung tissue,2,"non-tumor
tissues"
PXD036307,normal human lung,KLA31_02,GTEX-R55G-0826-SM-2TC5U,4.31087777032725,GTEx_v8_Lung,KLA31_02,normal_tissue,Healthy human lung tissue,2,"non-tumor
tissues"
PXD036307,normal human lung,KLA31_02,GTEX-REY6-0426-SM-2TF5G,3.44992800104594,GTEx_v8_Lung,KLA31_02,normal_tissue,Healthy human lung tissue,2,"non-tumor
tissues"
PXD036307,normal human lung,KLA31_02,GTEX-RM2N-0426-SM-2TF4T,3.47700800395457,GTEx_v8_Lung,KLA31_02,normal_tissue,Healthy human lung tissue,2,"non-tumor
tissues"
PXD036307,normal human lung,KLA31_02,GTEX-RN64-1226-SM-2TC6E,3.34784925305305,GTEx_v8_Lung,KLA31_02,normal_tissue,Healthy human lung tissue,2,"non-tumor
tissues"
PXD036307,normal human lung,KLA31_02,GTEX-RNOR-0726-SM-2TF5I,3.66779849197657,GTEx_v8_Lung,KLA31_02,normal_tissue,Healthy human lung tissue,2,"non-tumor
tissues"
PXD036307,normal human lung,KLA31_02,GTEX-RTLS-0926-SM-2TF5X,3.35975726399577,GTEx_v8_Lung,KLA31_02,normal_tissue,Healthy human lung tissue,2,"non-tumor
tissues"
PXD036307,normal human lung,KLA31_02,GTEX-RU1J-0126-SM-2TF6Y,3.47431574173114,GTEx_v8_Lung,KLA31_02,normal_tissue,Healthy human lung tissue,2,"non-tumor
tissues"
PXD036307,normal human lung,KLA31_02,GTEX-RU72-0526-SM-2TF5Z,3.43986236043209,GTEx_v8_Lung,KLA31_02,normal_tissue,Healthy human lung tissue,2,"non-tumor
tissues"
PXD036307,normal human lung,KLA31_02,GTEX-RUSQ-0626-SM-2TF5V,3.39988348242798,GTEx_v8_Lung,KLA31_02,normal_tissue,Healthy human lung tissue,2,"non-tumor
tissues"
PXD036307,normal human lung,KLA31_02,GTEX-RVPV-1726-SM-2NKAQ,3.4368560339105,GTEx_v8_Lung,KLA31_02,normal_tissue,Healthy human lung tissue,2,"non-tumor
tissues"
PXD036307,normal human lung,KLA31_02,GTEX-RWS6-0226-SM-2XCA9,3.45065989861742,GTEx_v8_Lung,KLA31_02,normal_tissue,Healthy human lung tissue,2,"non-tumor
tissues"
PXD036307,normal human lung,KLA31_02,GTEX-RWSA-1126-SM-2XCAZ,3.43433286491893,GTEx_v8_Lung,KLA31_02,normal_tissue,Healthy human lung tissue,2,"non-tumor
tissues"
PXD036307,normal human lung,KLA31_02,GTEX-S32W-0326-SM-2XCBI,3.48201890757344,GTEx_v8_Lung,KLA31_02,normal_tissue,Healthy human lung tissue,2,"non-tumor
tissues"
PXD036307,normal human lung,KLA31_02,GTEX-S33H-0626-SM-2XCBJ,3.65370956219309,GTEx_v8_Lung,KLA31_02,normal_tissue,Healthy human lung tissue,2,"non-tumor
tissues"
PXD036307,normal human lung,KLA31_02,GTEX-S341-0326-SM-2XCAU,3.33381611686036,GTEx_v8_Lung,KLA31_02,normal_tissue,Healthy human lung tissue,2,"non-tumor
tissues"
PXD036307,normal human lung,KLA31_02,GTEX-S3LF-1126-SM-EVR33,3.31508364160195,GTEx_v8_Lung,KLA31_02,normal_tissue,Healthy human lung tissue,2,"non-tumor
tissues"
PXD036307,normal human lung,KLA31_02,GTEX-S7SE-0926-SM-2XCD6,3.29063861933107,GTEx_v8_Lung,KLA31_02,normal_tissue,Healthy human lung tissue,2,"non-tumor
tissues"
PXD036307,normal human lung,KLA31_02,GTEX-SE5C-0526-SM-2XCE1,3.29864789711048,GTEx_v8_Lung,KLA31_02,normal_tissue,Healthy human lung tissue,2,"non-tumor
tissues"
PXD036307,normal human lung,KLA31_02,GTEX-SIU8-0926-SM-COH1X,3.7473971149975,GTEx_v8_Lung,KLA31_02,normal_tissue,Healthy human lung tissue,2,"non-tumor
tissues"
PXD036307,normal human lung,KLA31_02,GTEX-SJXC-1026-SM-EYYVA,3.4547609112078,GTEx_v8_Lung,KLA31_02,normal_tissue,Healthy human lung tissue,2,"non-tumor
tissues"
PXD036307,normal human lung,KLA31_02,GTEX-SN8G-0926-SM-4DM5I,3.44728714903337,GTEx_v8_Lung,KLA31_02,normal_tissue,Healthy human lung tissue,2,"non-tumor
tissues"
PXD036307,normal human lung,KLA31_02,GTEX-SNOS-0426-SM-32PMH,3.3997522968375,GTEx_v8_Lung,KLA31_02,normal_tissue,Healthy human lung tissue,2,"non-tumor
tissues"
PXD036307,normal human lung,KLA31_02,GTEX-SUCS-0626-SM-32PM5,3.29741411934682,GTEx_v8_Lung,KLA31_02,normal_tissue,Healthy human lung tissue,2,"non-tumor
tissues"
PXD036307,normal human lung,KLA31_02,GTEX-T2IS-0526-SM-32QP9,3.29891624076738,GTEx_v8_Lung,KLA31_02,normal_tissue,Healthy human lung tissue,2,"non-tumor
tissues"
PXD036307,normal human lung,KLA31_02,GTEX-T5JC-0826-SM-32PMC,3.46998066616468,GTEx_v8_Lung,KLA31_02,normal_tissue,Healthy human lung tissue,2,"non-tumor
tissues"
PXD036307,normal human lung,KLA31_02,GTEX-T6MN-0826-SM-32PM4,3.38942602533439,GTEx_v8_Lung,KLA31_02,normal_tissue,Healthy human lung tissue,2,"non-tumor
tissues"
PXD036307,normal human lung,KLA31_02,GTEX-T6MO-0426-SM-32QOI,3.68993635113224,GTEx_v8_Lung,KLA31_02,normal_tissue,Healthy human lung tissue,2,"non-tumor
tissues"
PXD036307,normal human lung,KLA31_02,GTEX-T8EM-0326-SM-3DB7F,4.08151676642486,GTEx_v8_Lung,KLA31_02,normal_tissue,Healthy human lung tissue,2,"non-tumor
tissues"
PXD036307,normal human lung,KLA31_02,GTEX-TML8-0326-SM-4GICN,3.32888327593465,GTEx_v8_Lung,KLA31_02,normal_tissue,Healthy human lung tissue,2,"non-tumor
tissues"
PXD036307,normal human lung,KLA31_02,GTEX-TMMY-0926-SM-4TT1Z,3.37409834104196,GTEx_v8_Lung,KLA31_02,normal_tissue,Healthy human lung tissue,2,"non-tumor
tissues"
PXD036307,normal human lung,KLA31_02,GTEX-TSE9-0726-SM-3DB8C,3.53263281743682,GTEx_v8_Lung,KLA31_02,normal_tissue,Healthy human lung tissue,2,"non-tumor
tissues"
PXD036307,normal human lung,KLA31_02,GTEX-U3ZH-0526-SM-3DB75,3.41689420374155,GTEx_v8_Lung,KLA31_02,normal_tissue,Healthy human lung tissue,2,"non-tumor
tissues"
PXD036307,normal human lung,KLA31_02,GTEX-U3ZM-0426-SM-3DB73,3.44591692149475,GTEx_v8_Lung,KLA31_02,normal_tissue,Healthy human lung tissue,2,"non-tumor
tissues"
PXD036307,normal human lung,KLA31_02,GTEX-U3ZN-0626-SM-3DB7U,3.63244791877537,GTEx_v8_Lung,KLA31_02,normal_tissue,Healthy human lung tissue,2,"non-tumor
tissues"
PXD036307,normal human lung,KLA31_02,GTEX-U412-0826-SM-3DB9K,3.3094848709224,GTEx_v8_Lung,KLA31_02,normal_tissue,Healthy human lung tissue,2,"non-tumor
tissues"
PXD036307,normal human lung,KLA31_02,GTEX-U8T8-2226-SM-3DB95,3.20022319034318,GTEx_v8_Lung,KLA31_02,normal_tissue,Healthy human lung tissue,2,"non-tumor
tissues"
PXD036307,normal human lung,KLA31_02,GTEX-U8XE-1426-SM-3DB8Q,3.74642998158757,GTEx_v8_Lung,KLA31_02,normal_tissue,Healthy human lung tissue,2,"non-tumor
tissues"
PXD036307,normal human lung,KLA31_02,GTEX-UJHI-0726-SM-3DB92,3.35394882078004,GTEx_v8_Lung,KLA31_02,normal_tissue,Healthy human lung tissue,2,"non-tumor
tissues"
PXD036307,normal human lung,KLA31_02,GTEX-UJMC-0726-SM-3GADX,3.43559704692357,GTEx_v8_Lung,KLA31_02,normal_tissue,Healthy human lung tissue,2,"non-tumor
tissues"
PXD036307,normal human lung,KLA31_02,GTEX-UPJH-0826-SM-4WKFD,3.39676784982552,GTEx_v8_Lung,KLA31_02,normal_tissue,Healthy human lung tissue,2,"non-tumor
tissues"
PXD036307,normal human lung,KLA31_02,GTEX-UPK5-1126-SM-3GAEJ,4.29469219971757,GTEx_v8_Lung,KLA31_02,normal_tissue,Healthy human lung tissue,2,"non-tumor
tissues"
PXD036307,normal human lung,KLA31_02,GTEX-V1D1-0826-SM-3P5ZA,3.41733686836127,GTEx_v8_Lung,KLA31_02,normal_tissue,Healthy human lung tissue,2,"non-tumor
tissues"
PXD036307,normal human lung,KLA31_02,GTEX-VJWN-1326-SM-EVR2Z,3.63429522166874,GTEx_v8_Lung,KLA31_02,normal_tissue,Healthy human lung tissue,2,"non-tumor
tissues"
PXD036307,normal human lung,KLA31_02,GTEX-VJYA-0326-SM-3GAEX,3.38605169221965,GTEx_v8_Lung,KLA31_02,normal_tissue,Healthy human lung tissue,2,"non-tumor
tissues"
PXD036307,normal human lung,KLA31_02,GTEX-VUSG-0926-SM-3GIK6,3.45445661793296,GTEx_v8_Lung,KLA31_02,normal_tissue,Healthy human lung tissue,2,"non-tumor
tissues"
PXD036307,normal human lung,KLA31_02,GTEX-W5X1-0526-SM-3GILH,3.84369463643407,GTEx_v8_Lung,KLA31_02,normal_tissue,Healthy human lung tissue,2,"non-tumor
tissues"
PXD036307,normal human lung,KLA31_02,GTEX-WFG7-0526-SM-3GIKI,3.78875584001633,GTEx_v8_Lung,KLA31_02,normal_tissue,Healthy human lung tissue,2,"non-tumor
tissues"
PXD036307,normal human lung,KLA31_02,GTEX-WFG8-0926-SM-3GIKJ,3.58939168832736,GTEx_v8_Lung,KLA31_02,normal_tissue,Healthy human lung tissue,2,"non-tumor
tissues"
PXD036307,normal human lung,KLA31_02,GTEX-WFJO-0326-SM-3GIL3,3.36719332988653,GTEx_v8_Lung,KLA31_02,normal_tissue,Healthy human lung tissue,2,"non-tumor
tissues"
PXD036307,normal human lung,KLA31_02,GTEX-WFON-0426-SM-3GIL4,3.85946108550378,GTEx_v8_Lung,KLA31_02,normal_tissue,Healthy human lung tissue,2,"non-tumor
tissues"
PXD036307,normal human lung,KLA31_02,GTEX-WH7G-0726-SM-3NMBM,3.86335088609856,GTEx_v8_Lung,KLA31_02,normal_tissue,Healthy human lung tissue,2,"non-tumor
tissues"
PXD036307,normal human lung,KLA31_02,GTEX-WHPG-1426-SM-3NMBB,3.44000066101129,GTEx_v8_Lung,KLA31_02,normal_tissue,Healthy human lung tissue,2,"non-tumor
tissues"
PXD036307,normal human lung,KLA31_02,GTEX-WHSB-0326-SM-5FQSD,3.54587726681604,GTEx_v8_Lung,KLA31_02,normal_tissue,Healthy human lung tissue,2,"non-tumor
tissues"
PXD036307,normal human lung,KLA31_02,GTEX-WK11-0526-SM-3NB3O,3.33915044520933,GTEx_v8_Lung,KLA31_02,normal_tissue,Healthy human lung tissue,2,"non-tumor
tissues"
PXD036307,normal human lung,KLA31_02,GTEX-WOFM-0126-SM-3MJFE,3.55846139206114,GTEx_v8_Lung,KLA31_02,normal_tissue,Healthy human lung tissue,2,"non-tumor
tissues"
PXD036307,normal human lung,KLA31_02,GTEX-WRHU-0226-SM-3MJFV,3.437845036223,GTEx_v8_Lung,KLA31_02,normal_tissue,Healthy human lung tissue,2,"non-tumor
tissues"
PXD036307,normal human lung,KLA31_02,GTEX-WVJS-0826-SM-4MVNR,3.16737154504424,GTEx_v8_Lung,KLA31_02,normal_tissue,Healthy human lung tissue,2,"non-tumor
tissues"
PXD036307,normal human lung,KLA31_02,GTEX-WWYW-0926-SM-3NB2Z,3.85283780911591,GTEx_v8_Lung,KLA31_02,normal_tissue,Healthy human lung tissue,2,"non-tumor
tissues"
PXD036307,normal human lung,KLA31_02,GTEX-WY7C-0426-SM-3NB3C,3.5537635227285,GTEx_v8_Lung,KLA31_02,normal_tissue,Healthy human lung tissue,2,"non-tumor
tissues"
PXD036307,normal human lung,KLA31_02,GTEX-WYBS-1126-SM-3NMAM,4.02339443267586,GTEx_v8_Lung,KLA31_02,normal_tissue,Healthy human lung tissue,2,"non-tumor
tissues"
PXD036307,normal human lung,KLA31_02,GTEX-WYJK-0826-SM-3NM8Y,3.3561131343759,GTEx_v8_Lung,KLA31_02,normal_tissue,Healthy human lung tissue,2,"non-tumor
tissues"
PXD036307,normal human lung,KLA31_02,GTEX-WYVS-0526-SM-3NM9W,4.43566840727877,GTEx_v8_Lung,KLA31_02,normal_tissue,Healthy human lung tissue,2,"non-tumor
tissues"
PXD036307,normal human lung,KLA31_02,GTEX-WZTO-0426-SM-3NM99,3.49685820335795,GTEx_v8_Lung,KLA31_02,normal_tissue,Healthy human lung tissue,2,"non-tumor
tissues"
PXD036307,normal human lung,KLA31_02,GTEX-X15G-0626-SM-EVR32,3.21725746424327,GTEx_v8_Lung,KLA31_02,normal_tissue,Healthy human lung tissue,2,"non-tumor
tissues"
PXD036307,normal human lung,KLA31_02,GTEX-X261-1026-SM-3NMDL,3.62766423240318,GTEx_v8_Lung,KLA31_02,normal_tissue,Healthy human lung tissue,2,"non-tumor
tissues"
PXD036307,normal human lung,KLA31_02,GTEX-X3Y1-0626-SM-3P5YS,3.43427517231791,GTEx_v8_Lung,KLA31_02,normal_tissue,Healthy human lung tissue,2,"non-tumor
tissues"
PXD036307,normal human lung,KLA31_02,GTEX-X4EO-0926-SM-3P5Z2,3.50469934341641,GTEx_v8_Lung,KLA31_02,normal_tissue,Healthy human lung tissue,2,"non-tumor
tissues"
PXD036307,normal human lung,KLA31_02,GTEX-X4EP-0526-SM-3P5YW,3.59342472099762,GTEx_v8_Lung,KLA31_02,normal_tissue,Healthy human lung tissue,2,"non-tumor
tissues"
PXD036307,normal human lung,KLA31_02,GTEX-X4LF-0526-SM-3NMB6,3.60905979679508,GTEx_v8_Lung,KLA31_02,normal_tissue,Healthy human lung tissue,2,"non-tumor
tissues"
PXD036307,normal human lung,KLA31_02,GTEX-X4XX-1026-SM-4QARO,3.48159979709453,GTEx_v8_Lung,KLA31_02,normal_tissue,Healthy human lung tissue,2,"non-tumor
tissues"
PXD036307,normal human lung,KLA31_02,GTEX-X4XY-1026-SM-46MVX,3.42666594186616,GTEx_v8_Lung,KLA31_02,normal_tissue,Healthy human lung tissue,2,"non-tumor
tissues"
PXD036307,normal human lung,KLA31_02,GTEX-X585-1026-SM-46MW6,3.27796305321167,GTEx_v8_Lung,KLA31_02,normal_tissue,Healthy human lung tissue,2,"non-tumor
tissues"
PXD036307,normal human lung,KLA31_02,GTEX-X5EB-0426-SM-46MVY,3.48058477935415,GTEx_v8_Lung,KLA31_02,normal_tissue,Healthy human lung tissue,2,"non-tumor
tissues"
PXD036307,normal human lung,KLA31_02,GTEX-XBEC-1026-SM-4QASM,3.53420879425359,GTEx_v8_Lung,KLA31_02,normal_tissue,Healthy human lung tissue,2,"non-tumor
tissues"
PXD036307,normal human lung,KLA31_02,GTEX-XBED-0826-SM-47JYC,3.57913825717772,GTEx_v8_Lung,KLA31_02,normal_tissue,Healthy human lung tissue,2,"non-tumor
tissues"
PXD036307,normal human lung,KLA31_02,GTEX-XBEW-0226-SM-4AT6A,3.28621179930804,GTEx_v8_Lung,KLA31_02,normal_tissue,Healthy human lung tissue,2,"non-tumor
tissues"
PXD036307,normal human lung,KLA31_02,GTEX-XGQ4-0826-SM-4AT4T,3.25417698998675,GTEx_v8_Lung,KLA31_02,normal_tissue,Healthy human lung tissue,2,"non-tumor
tissues"
PXD036307,normal human lung,KLA31_02,GTEX-XMD2-1026-SM-4WWE8,3.42714564406257,GTEx_v8_Lung,KLA31_02,normal_tissue,Healthy human lung tissue,2,"non-tumor
tissues"
PXD036307,normal human lung,KLA31_02,GTEX-XOT4-1426-SM-4B65T,3.55746067691786,GTEx_v8_Lung,KLA31_02,normal_tissue,Healthy human lung tissue,2,"non-tumor
tissues"
PXD036307,normal human lung,KLA31_02,GTEX-XPVG-1026-SM-4B64Y,3.80475323359468,GTEx_v8_Lung,KLA31_02,normal_tissue,Healthy human lung tissue,2,"non-tumor
tissues"
PXD036307,normal human lung,KLA31_02,GTEX-XQ3S-0926-SM-4BOPI,4.11436862987467,GTEx_v8_Lung,KLA31_02,normal_tissue,Healthy human lung tissue,2,"non-tumor
tissues"
PXD036307,normal human lung,KLA31_02,GTEX-XQ8I-1126-SM-4BOO2,3.33175499089175,GTEx_v8_Lung,KLA31_02,normal_tissue,Healthy human lung tissue,2,"non-tumor
tissues"
PXD036307,normal human lung,KLA31_02,GTEX-XV7Q-0426-SM-4BRVN,3.73533969977267,GTEx_v8_Lung,KLA31_02,normal_tissue,Healthy human lung tissue,2,"non-tumor
tissues"
PXD036307,normal human lung,KLA31_02,GTEX-XXEK-0626-SM-4BRWE,3.51787864198339,GTEx_v8_Lung,KLA31_02,normal_tissue,Healthy human lung tissue,2,"non-tumor
tissues"
PXD036307,normal human lung,KLA31_02,GTEX-XYKS-0526-SM-4BRW2,3.47270149828131,GTEx_v8_Lung,KLA31_02,normal_tissue,Healthy human lung tissue,2,"non-tumor
tissues"
PXD036307,normal human lung,KLA31_02,GTEX-Y111-1026-SM-4TT22,3.24883064817129,GTEx_v8_Lung,KLA31_02,normal_tissue,Healthy human lung tissue,2,"non-tumor
tissues"
PXD036307,normal human lung,KLA31_02,GTEX-Y3I4-0426-SM-4TT29,3.95136386841231,GTEx_v8_Lung,KLA31_02,normal_tissue,Healthy human lung tissue,2,"non-tumor
tissues"
PXD036307,normal human lung,KLA31_02,GTEX-Y3IK-0626-SM-4WWE4,3.47879916426334,GTEx_v8_Lung,KLA31_02,normal_tissue,Healthy human lung tissue,2,"non-tumor
tissues"
PXD036307,normal human lung,KLA31_02,GTEX-Y5LM-0726-SM-4VBRP,3.42553777110884,GTEx_v8_Lung,KLA31_02,normal_tissue,Healthy human lung tissue,2,"non-tumor
tissues"
PXD036307,normal human lung,KLA31_02,GTEX-Y5V5-0826-SM-4VBQD,3.42730413708438,GTEx_v8_Lung,KLA31_02,normal_tissue,Healthy human lung tissue,2,"non-tumor
tissues"
PXD036307,normal human lung,KLA31_02,GTEX-Y5V6-0226-SM-4V6G7,3.41339203780341,GTEx_v8_Lung,KLA31_02,normal_tissue,Healthy human lung tissue,2,"non-tumor
tissues"
PXD036307,normal human lung,KLA31_02,GTEX-Y8E4-0526-SM-4V6GC,3.48394388319597,GTEx_v8_Lung,KLA31_02,normal_tissue,Healthy human lung tissue,2,"non-tumor
tissues"
PXD036307,normal human lung,KLA31_02,GTEX-Y8LW-0326-SM-4VBQ9,3.44795178073328,GTEx_v8_Lung,KLA31_02,normal_tissue,Healthy human lung tissue,2,"non-tumor
tissues"
PXD036307,normal human lung,KLA31_02,GTEX-Y9LG-0526-SM-4VBRY,3.87602110031295,GTEx_v8_Lung,KLA31_02,normal_tissue,Healthy human lung tissue,2,"non-tumor
tissues"
PXD036307,normal human lung,KLA31_02,GTEX-YB5E-0726-SM-4VDSH,3.45735159135429,GTEx_v8_Lung,KLA31_02,normal_tissue,Healthy human lung tissue,2,"non-tumor
tissues"
PXD036307,normal human lung,KLA31_02,GTEX-YEC3-0226-SM-DO11B,3.29121966811263,GTEx_v8_Lung,KLA31_02,normal_tissue,Healthy human lung tissue,2,"non-tumor
tissues"
PXD036307,normal human lung,KLA31_02,GTEX-YEC4-0526-SM-4W21U,3.40432167909422,GTEx_v8_Lung,KLA31_02,normal_tissue,Healthy human lung tissue,2,"non-tumor
tissues"
PXD036307,normal human lung,KLA31_02,GTEX-YECK-0926-SM-4W214,3.23660219005509,GTEx_v8_Lung,KLA31_02,normal_tissue,Healthy human lung tissue,2,"non-tumor
tissues"
PXD036307,normal human lung,KLA31_02,GTEX-YF7O-0626-SM-4W21R,3.46512991082064,GTEx_v8_Lung,KLA31_02,normal_tissue,Healthy human lung tissue,2,"non-tumor
tissues"
PXD036307,normal human lung,KLA31_02,GTEX-YFC4-1126-SM-5RQJN,3.50221397111912,GTEx_v8_Lung,KLA31_02,normal_tissue,Healthy human lung tissue,2,"non-tumor
tissues"
PXD036307,normal human lung,KLA31_02,GTEX-YFCO-0426-SM-4W1Z7,3.21736294110705,GTEx_v8_Lung,KLA31_02,normal_tissue,Healthy human lung tissue,2,"non-tumor
tissues"
PXD036307,normal human lung,KLA31_02,GTEX-YJ8O-1826-SM-5HL82,3.21397399363625,GTEx_v8_Lung,KLA31_02,normal_tissue,Healthy human lung tissue,2,"non-tumor
tissues"
PXD036307,normal human lung,KLA31_02,GTEX-ZA64-0326-SM-5HL8T,4.00054283722377,GTEx_v8_Lung,KLA31_02,normal_tissue,Healthy human lung tissue,2,"non-tumor
tissues"
PXD036307,normal human lung,KLA31_02,GTEX-ZAB4-0626-SM-5CVN3,4.19340834848813,GTEx_v8_Lung,KLA31_02,normal_tissue,Healthy human lung tissue,2,"non-tumor
tissues"
PXD036307,normal human lung,KLA31_02,GTEX-ZAB5-0626-SM-5PNVB,3.29594982609777,GTEx_v8_Lung,KLA31_02,normal_tissue,Healthy human lung tissue,2,"non-tumor
tissues"
PXD036307,normal human lung,KLA31_02,GTEX-ZC5H-0926-SM-5CVMZ,4.01528844803842,GTEx_v8_Lung,KLA31_02,normal_tissue,Healthy human lung tissue,2,"non-tumor
tissues"
PXD036307,normal human lung,KLA31_02,GTEX-ZDTS-1026-SM-4WAXS,3.46036774496144,GTEx_v8_Lung,KLA31_02,normal_tissue,Healthy human lung tissue,2,"non-tumor
tissues"
PXD036307,normal human lung,KLA31_02,GTEX-ZDTT-0926-SM-5J2MS,3.35573391963005,GTEx_v8_Lung,KLA31_02,normal_tissue,Healthy human lung tissue,2,"non-tumor
tissues"
PXD036307,normal human lung,KLA31_02,GTEX-ZDXO-1326-SM-57WBS,3.548348333624,GTEx_v8_Lung,KLA31_02,normal_tissue,Healthy human lung tissue,2,"non-tumor
tissues"
PXD036307,normal human lung,KLA31_02,GTEX-ZDYS-0426-SM-5IJEQ,3.25875910408278,GTEx_v8_Lung,KLA31_02,normal_tissue,Healthy human lung tissue,2,"non-tumor
tissues"
PXD036307,normal human lung,KLA31_02,GTEX-ZE7O-0826-SM-57WCP,3.02917187935653,GTEx_v8_Lung,KLA31_02,normal_tissue,Healthy human lung tissue,2,"non-tumor
tissues"
PXD036307,normal human lung,KLA31_02,GTEX-ZEX8-0526-SM-DO115,3.87790671899251,GTEx_v8_Lung,KLA31_02,normal_tissue,Healthy human lung tissue,2,"non-tumor
tissues"
PXD036307,normal human lung,KLA31_02,GTEX-ZF28-0726-SM-4WKFU,3.45572197240095,GTEx_v8_Lung,KLA31_02,normal_tissue,Healthy human lung tissue,2,"non-tumor
tissues"
PXD036307,normal human lung,KLA31_02,GTEX-ZF29-1026-SM-4WKGC,3.39437856779915,GTEx_v8_Lung,KLA31_02,normal_tissue,Healthy human lung tissue,2,"non-tumor
tissues"
PXD036307,normal human lung,KLA31_02,GTEX-ZF2S-0626-SM-4WKH2,3.52836898749757,GTEx_v8_Lung,KLA31_02,normal_tissue,Healthy human lung tissue,2,"non-tumor
tissues"
PXD036307,normal human lung,KLA31_02,GTEX-ZF3C-0926-SM-DO92P,3.55038122146081,GTEx_v8_Lung,KLA31_02,normal_tissue,Healthy human lung tissue,2,"non-tumor
tissues"
PXD036307,normal human lung,KLA31_02,GTEX-ZG7Y-1026-SM-4WWDG,3.45601708264587,GTEx_v8_Lung,KLA31_02,normal_tissue,Healthy human lung tissue,2,"non-tumor
tissues"
PXD036307,normal human lung,KLA31_02,GTEX-ZLV1-0426-SM-4WWC2,3.43769660946552,GTEx_v8_Lung,KLA31_02,normal_tissue,Healthy human lung tissue,2,"non-tumor
tissues"
PXD036307,normal human lung,KLA31_02,GTEX-ZLWG-0626-SM-4WWFR,3.43775615111149,GTEx_v8_Lung,KLA31_02,normal_tissue,Healthy human lung tissue,2,"non-tumor
tissues"
PXD036307,normal human lung,KLA31_02,GTEX-ZPCL-0926-SM-DNZZ8,3.28910487098589,GTEx_v8_Lung,KLA31_02,normal_tissue,Healthy human lung tissue,2,"non-tumor
tissues"
PXD036307,normal human lung,KLA31_02,GTEX-ZPIC-0626-SM-57WDY,3.56010333209942,GTEx_v8_Lung,KLA31_02,normal_tissue,Healthy human lung tissue,2,"non-tumor
tissues"
PXD036307,normal human lung,KLA31_02,GTEX-ZPU1-0926-SM-57WDO,3.36594106326129,GTEx_v8_Lung,KLA31_02,normal_tissue,Healthy human lung tissue,2,"non-tumor
tissues"
PXD036307,normal human lung,KLA31_02,GTEX-ZQG8-0326-SM-51MSE,3.57474013279882,GTEx_v8_Lung,KLA31_02,normal_tissue,Healthy human lung tissue,2,"non-tumor
tissues"
PXD036307,normal human lung,KLA31_02,GTEX-ZT9W-0726-SM-9JGG2,3.64466276675509,GTEx_v8_Lung,KLA31_02,normal_tissue,Healthy human lung tissue,2,"non-tumor
tissues"
PXD036307,normal human lung,KLA31_02,GTEX-ZT9X-0326-SM-51MTE,4.32560779948486,GTEx_v8_Lung,KLA31_02,normal_tissue,Healthy human lung tissue,2,"non-tumor
tissues"
PXD036307,normal human lung,KLA31_02,GTEX-ZTPG-0926-SM-5O99H,3.88246552021762,GTEx_v8_Lung,KLA31_02,normal_tissue,Healthy human lung tissue,2,"non-tumor
tissues"
PXD036307,normal human lung,KLA31_02,GTEX-ZTTD-1126-SM-51MRP,3.47758048678529,GTEx_v8_Lung,KLA31_02,normal_tissue,Healthy human lung tissue,2,"non-tumor
tissues"
PXD036307,normal human lung,KLA31_02,GTEX-ZUA1-1026-SM-4YCEA,3.6017350609497,GTEx_v8_Lung,KLA31_02,normal_tissue,Healthy human lung tissue,2,"non-tumor
tissues"
PXD036307,normal human lung,KLA31_02,GTEX-ZVT3-0926-SM-5GICK,3.53079042196055,GTEx_v8_Lung,KLA31_02,normal_tissue,Healthy human lung tissue,2,"non-tumor
tissues"
PXD036307,normal human lung,KLA31_02,GTEX-ZVZQ-1526-SM-5N9G6,3.37558438717066,GTEx_v8_Lung,KLA31_02,normal_tissue,Healthy human lung tissue,2,"non-tumor
tissues"
PXD036307,normal human lung,KLA31_02,GTEX-ZXG5-0826-SM-5GID6,3.26472106635989,GTEx_v8_Lung,KLA31_02,normal_tissue,Healthy human lung tissue,2,"non-tumor
tissues"
PXD036307,normal human lung,KLA31_02,GTEX-ZY6K-0326-SM-5SIBB,3.92014691845055,GTEx_v8_Lung,KLA31_02,normal_tissue,Healthy human lung tissue,2,"non-tumor
tissues"
PXD036307,normal human lung,KLA31_02,GTEX-ZYFG-0226-SM-5GIDT,3.64984220539785,GTEx_v8_Lung,KLA31_02,normal_tissue,Healthy human lung tissue,2,"non-tumor
tissues"
PXD036307,normal human lung,KLA31_02,GTEX-ZYT6-0526-SM-5GIEA,3.2399410216144,GTEx_v8_Lung,KLA31_02,normal_tissue,Healthy human lung tissue,2,"non-tumor
tissues"
PXD036307,normal human lung,KLA31_02,GTEX-ZYVF-1726-SM-5E443,3.27379540191049,GTEx_v8_Lung,KLA31_02,normal_tissue,Healthy human lung tissue,2,"non-tumor
tissues"
PXD036307,normal human lung,KLA31_02,GTEX-ZYW4-1526-SM-5SIBA,3.46538975793473,GTEx_v8_Lung,KLA31_02,normal_tissue,Healthy human lung tissue,2,"non-tumor
tissues"
PXD036307,normal human lung,KLA31_02,GTEX-ZYY3-0926-SM-5E454,3.66471715415582,GTEx_v8_Lung,KLA31_02,normal_tissue,Healthy human lung tissue,2,"non-tumor
tissues"
PXD036307,normal human lung,KLA31_02,GTEX-ZZPT-1326-SM-5E43H,3.27788542254599,GTEx_v8_Lung,KLA31_02,normal_tissue,Healthy human lung tissue,2,"non-tumor
tissues"
PXD036307,normal human lung,KLA31_02,GTEX-ZZPU-0526-SM-5E44U,3.50014579102432,GTEx_v8_Lung,KLA31_02,normal_tissue,Healthy human lung tissue,2,"non-tumor
tissues"
PXD046800,adjacent skin,KLA31_04,SK1.Input_FPKM,4.49520247634205,GSE181540_adjacent_NS_input,KLA31_04,normal_tissue,Adjacent skin tissue,4,"non-tumor
tissues"
PXD046800,adjacent skin,KLA31_04,SK2.Input_FPKM,4.60031544018857,GSE181540_adjacent_NS_input,KLA31_04,normal_tissue,Adjacent skin tissue,4,"non-tumor
tissues"
PXD046800,adjacent skin,KLA31_04,SK3.Input_FPKM,4.66940944361374,GSE181540_adjacent_NS_input,KLA31_04,normal_tissue,Adjacent skin tissue,4,"non-tumor
tissues"
PXD046800,hypertrophic scar,KLA31_03,SC1.Input_FPKM,4.35530044041738,GSE181540_HS_input,KLA31_03,normal_tissue,Hypertrophic scar tissue,3,"non-tumor
tissues"
PXD046800,hypertrophic scar,KLA31_03,SC2.Input_FPKM,4.34797482871492,GSE181540_HS_input,KLA31_03,normal_tissue,Hypertrophic scar tissue,3,"non-tumor
tissues"
PXD046800,hypertrophic scar,KLA31_03,SC3.Input_FPKM,4.36606238626903,GSE181540_HS_input,KLA31_03,normal_tissue,Hypertrophic scar tissue,3,"non-tumor
tissues"
PXD050147,HepG2 WT and SIRT1 or SIRT3 KO,KLA31_18,GSM4802741,3.67263685629603,HepG2_DMSO24h,KLA31_18,cancer_cells,"HepG2 cells (WT, SIRT1 KO and SIRT3 KO)",19,"cancer
cell lines"
PXD050147,HepG2 WT and SIRT1 or SIRT3 KO,KLA31_18,GSM4802742,3.66135381152619,HepG2_DMSO24h,KLA31_18,cancer_cells,"HepG2 cells (WT, SIRT1 KO and SIRT3 KO)",19,"cancer
cell lines"
PXD050147,HepG2 WT and SIRT1 or SIRT3 KO,KLA31_18,GSM4802743,3.6454456802561,HepG2_DMSO24h,KLA31_18,cancer_cells,"HepG2 cells (WT, SIRT1 KO and SIRT3 KO)",19,"cancer
cell lines"
PXD050470,human hippocampus,KLA31_05,GTEX-11DXW-0011-R1a-SM-DNZZD,2.23110776781591,GTEx_v8_Hippocampus,KLA31_05,normal_tissue,Human hippocampus tissue,5,"non-tumor
tissues"
PXD050470,human hippocampus,KLA31_05,GTEX-11EI6-0011-R1a-SM-DO93L,2.20470461397394,GTEx_v8_Hippocampus,KLA31_05,normal_tissue,Human hippocampus tissue,5,"non-tumor
tissues"
PXD050470,human hippocampus,KLA31_05,GTEX-11GS4-0011-R1a-SM-DO129,2.20009921087544,GTEx_v8_Hippocampus,KLA31_05,normal_tissue,Human hippocampus tissue,5,"non-tumor
tissues"
PXD050470,human hippocampus,KLA31_05,GTEX-11GSO-0011-R1b-SM-57WD3,2.28904586317543,GTEx_v8_Hippocampus,KLA31_05,normal_tissue,Human hippocampus tissue,5,"non-tumor
tissues"
PXD050470,human hippocampus,KLA31_05,GTEX-11GSP-0011-R1a-SM-9QEJ3,2.2950309182456,GTEx_v8_Hippocampus,KLA31_05,normal_tissue,Human hippocampus tissue,5,"non-tumor
tissues"
PXD050470,human hippocampus,KLA31_05,GTEX-11ONC-0011-R1a-SM-57WD4,2.27231170301368,GTEx_v8_Hippocampus,KLA31_05,normal_tissue,Human hippocampus tissue,5,"non-tumor
tissues"
PXD050470,human hippocampus,KLA31_05,GTEX-11TUW-0011-R1a-SM-DO92S,2.40446533545086,GTEx_v8_Hippocampus,KLA31_05,normal_tissue,Human hippocampus tissue,5,"non-tumor
tissues"
PXD050470,human hippocampus,KLA31_05,GTEX-11UD1-0011-R1b-SM-5BC7D,2.34002901137541,GTEx_v8_Hippocampus,KLA31_05,normal_tissue,Human hippocampus tissue,5,"non-tumor
tissues"
PXD050470,human hippocampus,KLA31_05,GTEX-11WQC-0011-R1b-SM-DO932,2.28664365017252,GTEx_v8_Hippocampus,KLA31_05,normal_tissue,Human hippocampus tissue,5,"non-tumor
tissues"
PXD050470,human hippocampus,KLA31_05,GTEX-11ZTS-0011-R1a-SM-5BC71,2.46376496545048,GTEx_v8_Hippocampus,KLA31_05,normal_tissue,Human hippocampus tissue,5,"non-tumor
tissues"
PXD050470,human hippocampus,KLA31_05,GTEX-11ZVC-0011-R1b-SM-5BC6M,2.36728461672173,GTEx_v8_Hippocampus,KLA31_05,normal_tissue,Human hippocampus tissue,5,"non-tumor
tissues"
PXD050470,human hippocampus,KLA31_05,GTEX-1212Z-0011-R1b-SM-5BC72,2.3420809420966,GTEx_v8_Hippocampus,KLA31_05,normal_tissue,Human hippocampus tissue,5,"non-tumor
tissues"
PXD050470,human hippocampus,KLA31_05,GTEX-12WSD-0011-R1b-SM-5LZVY,2.30403724343495,GTEx_v8_Hippocampus,KLA31_05,normal_tissue,Human hippocampus tissue,5,"non-tumor
tissues"
PXD050470,human hippocampus,KLA31_05,GTEX-12WSE-0011-R1b-SM-5GU4V,2.23003222176331,GTEx_v8_Hippocampus,KLA31_05,normal_tissue,Human hippocampus tissue,5,"non-tumor
tissues"
PXD050470,human hippocampus,KLA31_05,GTEX-12WSF-0011-R1a-SM-5DUVI,2.28824860439587,GTEx_v8_Hippocampus,KLA31_05,normal_tissue,Human hippocampus tissue,5,"non-tumor
tissues"
PXD050470,human hippocampus,KLA31_05,GTEX-12WSH-0011-R1a-SM-5GU5V,2.34699313131467,GTEx_v8_Hippocampus,KLA31_05,normal_tissue,Human hippocampus tissue,5,"non-tumor
tissues"
PXD050470,human hippocampus,KLA31_05,GTEX-12WSM-0011-R1a-SM-5LZW6,2.22569538885255,GTEx_v8_Hippocampus,KLA31_05,normal_tissue,Human hippocampus tissue,5,"non-tumor
tissues"
PXD050470,human hippocampus,KLA31_05,GTEX-12ZZX-0011-R1a-SM-5EQ6B,2.28341308794378,GTEx_v8_Hippocampus,KLA31_05,normal_tissue,Human hippocampus tissue,5,"non-tumor
tissues"
PXD050470,human hippocampus,KLA31_05,GTEX-13112-0011-R1b-SM-5HL7K,2.23521728323613,GTEx_v8_Hippocampus,KLA31_05,normal_tissue,Human hippocampus tissue,5,"non-tumor
tissues"
PXD050470,human hippocampus,KLA31_05,GTEX-1313W-0011-R1b-SM-5EQ4A,2.26783937438624,GTEx_v8_Hippocampus,KLA31_05,normal_tissue,Human hippocampus tissue,5,"non-tumor
tissues"
PXD050470,human hippocampus,KLA31_05,GTEX-131XH-0011-R1a-SM-5DUWA,2.2620652865281,GTEx_v8_Hippocampus,KLA31_05,normal_tissue,Human hippocampus tissue,5,"non-tumor
tissues"
PXD050470,human hippocampus,KLA31_05,GTEX-131YS-0011-R1a-SM-5DUXC,2.2720180750886,GTEx_v8_Hippocampus,KLA31_05,normal_tissue,Human hippocampus tissue,5,"non-tumor
tissues"
PXD050470,human hippocampus,KLA31_05,GTEX-132Q8-0011-R1a-SM-5EGLK,2.22799446289364,GTEx_v8_Hippocampus,KLA31_05,normal_tissue,Human hippocampus tissue,5,"non-tumor
tissues"
PXD050470,human hippocampus,KLA31_05,GTEX-1399T-0011-R1b-SM-5DUWN,2.14705416059148,GTEx_v8_Hippocampus,KLA31_05,normal_tissue,Human hippocampus tissue,5,"non-tumor
tissues"
PXD050470,human hippocampus,KLA31_05,GTEX-139T8-0011-R1a-SM-5HL75,2.24787580185424,GTEx_v8_Hippocampus,KLA31_05,normal_tissue,Human hippocampus tissue,5,"non-tumor
tissues"
PXD050470,human hippocampus,KLA31_05,GTEX-139TT-0011-R1a-SM-5LZVD,2.21131251111033,GTEx_v8_Hippocampus,KLA31_05,normal_tissue,Human hippocampus tissue,5,"non-tumor
tissues"
PXD050470,human hippocampus,KLA31_05,GTEX-13CF2-0011-R1a-SM-5LZY1,2.18960471404595,GTEx_v8_Hippocampus,KLA31_05,normal_tissue,Human hippocampus tissue,5,"non-tumor
tissues"
PXD050470,human hippocampus,KLA31_05,GTEX-13FHO-0011-R1b-SM-5KLZG,2.28269181868172,GTEx_v8_Hippocampus,KLA31_05,normal_tissue,Human hippocampus tissue,5,"non-tumor
tissues"
PXD050470,human hippocampus,KLA31_05,GTEX-13FHP-0011-R1b-SM-5K7XL,2.24618963536893,GTEx_v8_Hippocampus,KLA31_05,normal_tissue,Human hippocampus tissue,5,"non-tumor
tissues"
PXD050470,human hippocampus,KLA31_05,GTEX-13FLW-0011-R1b-SM-5LZX2,2.2404323353511,GTEx_v8_Hippocampus,KLA31_05,normal_tissue,Human hippocampus tissue,5,"non-tumor
tissues"
PXD050470,human hippocampus,KLA31_05,GTEX-13FTY-0011-R1a-SM-5LZXE,2.246803921692,GTEx_v8_Hippocampus,KLA31_05,normal_tissue,Human hippocampus tissue,5,"non-tumor
tissues"
PXD050470,human hippocampus,KLA31_05,GTEX-13FXS-0011-R1a-SM-5K7U6,2.20691708901261,GTEx_v8_Hippocampus,KLA31_05,normal_tissue,Human hippocampus tissue,5,"non-tumor
tissues"
PXD050470,human hippocampus,KLA31_05,GTEX-13G51-0011-R1a-SM-5LZYR,2.24222276092581,GTEx_v8_Hippocampus,KLA31_05,normal_tissue,Human hippocampus tissue,5,"non-tumor
tissues"
PXD050470,human hippocampus,KLA31_05,GTEX-13JUV-0011-R1a-SM-5LZY4,2.38910298804315,GTEx_v8_Hippocampus,KLA31_05,normal_tissue,Human hippocampus tissue,5,"non-tumor
tissues"
PXD050470,human hippocampus,KLA31_05,GTEX-13JVG-0011-R1a-SM-5KM32,2.34392829623157,GTEx_v8_Hippocampus,KLA31_05,normal_tissue,Human hippocampus tissue,5,"non-tumor
tissues"
PXD050470,human hippocampus,KLA31_05,GTEX-13N1W-0011-R1b-SM-5MR4T,2.30196567460468,GTEx_v8_Hippocampus,KLA31_05,normal_tissue,Human hippocampus tissue,5,"non-tumor
tissues"
PXD050470,human hippocampus,KLA31_05,GTEX-13N2G-0011-R1b-SM-5MR3G,2.23423319073356,GTEx_v8_Hippocampus,KLA31_05,normal_tissue,Human hippocampus tissue,5,"non-tumor
tissues"
PXD050470,human hippocampus,KLA31_05,GTEX-13NYB-0011-R1b-SM-5KM4F,2.18989129241808,GTEx_v8_Hippocampus,KLA31_05,normal_tissue,Human hippocampus tissue,5,"non-tumor
tissues"
PXD050470,human hippocampus,KLA31_05,GTEX-13NYS-0011-R1b-SM-5MR55,2.33731062919509,GTEx_v8_Hippocampus,KLA31_05,normal_tissue,Human hippocampus tissue,5,"non-tumor
tissues"
PXD050470,human hippocampus,KLA31_05,GTEX-13NZ8-0011-R1b-SM-5KM3V,2.52353837822411,GTEx_v8_Hippocampus,KLA31_05,normal_tissue,Human hippocampus tissue,5,"non-tumor
tissues"
PXD050470,human hippocampus,KLA31_05,GTEX-13NZA-0011-R1b-SM-5LUAF,2.45442600349661,GTEx_v8_Hippocampus,KLA31_05,normal_tissue,Human hippocampus tissue,5,"non-tumor
tissues"
PXD050470,human hippocampus,KLA31_05,GTEX-13O3O-0011-R1b-SM-5KM2K,2.27496948358287,GTEx_v8_Hippocampus,KLA31_05,normal_tissue,Human hippocampus tissue,5,"non-tumor
tissues"
PXD050470,human hippocampus,KLA31_05,GTEX-13O3Q-0011-R1b-SM-5KM3L,2.16715112403528,GTEx_v8_Hippocampus,KLA31_05,normal_tissue,Human hippocampus tissue,5,"non-tumor
tissues"
PXD050470,human hippocampus,KLA31_05,GTEX-13OVJ-0011-R1b-SM-5L3I6,2.28297317569331,GTEx_v8_Hippocampus,KLA31_05,normal_tissue,Human hippocampus tissue,5,"non-tumor
tissues"
PXD050470,human hippocampus,KLA31_05,GTEX-13OVL-0011-R1a-SM-5L3H5,2.32298126613438,GTEx_v8_Hippocampus,KLA31_05,normal_tissue,Human hippocampus tissue,5,"non-tumor
tissues"
PXD050470,human hippocampus,KLA31_05,GTEX-13OW5-0011-R1b-SM-5L3GE,2.3795848746509,GTEx_v8_Hippocampus,KLA31_05,normal_tissue,Human hippocampus tissue,5,"non-tumor
tissues"
PXD050470,human hippocampus,KLA31_05,GTEX-13OW6-0011-R1a-SM-5L3HQ,2.23168513036736,GTEx_v8_Hippocampus,KLA31_05,normal_tissue,Human hippocampus tissue,5,"non-tumor
tissues"
PXD050470,human hippocampus,KLA31_05,GTEX-13OW7-0011-R1b-SM-5L3HF,2.218600252622,GTEx_v8_Hippocampus,KLA31_05,normal_tissue,Human hippocampus tissue,5,"non-tumor
tissues"
PXD050470,human hippocampus,KLA31_05,GTEX-13OW8-0011-R1a-SM-5L3HI,2.23829476453047,GTEx_v8_Hippocampus,KLA31_05,normal_tissue,Human hippocampus tissue,5,"non-tumor
tissues"
PXD050470,human hippocampus,KLA31_05,GTEX-13PDP-0011-R1a-SM-5PNX5,2.27354959734164,GTEx_v8_Hippocampus,KLA31_05,normal_tissue,Human hippocampus tissue,5,"non-tumor
tissues"
PXD050470,human hippocampus,KLA31_05,GTEX-13QIC-0011-R1a-SM-5O9CJ,2.49159355504497,GTEx_v8_Hippocampus,KLA31_05,normal_tissue,Human hippocampus tissue,5,"non-tumor
tissues"
PXD050470,human hippocampus,KLA31_05,GTEX-13QJC-0011-R1b-SM-5S2UU,2.44286163017294,GTEx_v8_Hippocampus,KLA31_05,normal_tissue,Human hippocampus tissue,5,"non-tumor
tissues"
PXD050470,human hippocampus,KLA31_05,GTEX-13RTJ-0011-R1a-SM-5O9D9,2.3588510181633,GTEx_v8_Hippocampus,KLA31_05,normal_tissue,Human hippocampus tissue,5,"non-tumor
tissues"
PXD050470,human hippocampus,KLA31_05,GTEX-13RTL-0011-R1a-SM-5PNZ8,2.39905577209859,GTEx_v8_Hippocampus,KLA31_05,normal_tissue,Human hippocampus tissue,5,"non-tumor
tissues"
PXD050470,human hippocampus,KLA31_05,GTEX-13S7M-0011-R1b-SM-5PNZE,2.30164131909013,GTEx_v8_Hippocampus,KLA31_05,normal_tissue,Human hippocampus tissue,5,"non-tumor
tissues"
PXD050470,human hippocampus,KLA31_05,GTEX-13SLW-0011-R1a-SM-5S2W7,2.23232468152271,GTEx_v8_Hippocampus,KLA31_05,normal_tissue,Human hippocampus tissue,5,"non-tumor
tissues"
PXD050470,human hippocampus,KLA31_05,GTEX-13X6I-0011-R1b-SM-5PNZC,2.24015924193071,GTEx_v8_Hippocampus,KLA31_05,normal_tissue,Human hippocampus tissue,5,"non-tumor
tissues"
PXD050470,human hippocampus,KLA31_05,GTEX-144GL-0011-R1a-SM-5PNZ5,2.3201155001506,GTEx_v8_Hippocampus,KLA31_05,normal_tissue,Human hippocampus tissue,5,"non-tumor
tissues"
PXD050470,human hippocampus,KLA31_05,GTEX-144GO-0011-R1a-SM-5PNWO,2.33405079133688,GTEx_v8_Hippocampus,KLA31_05,normal_tissue,Human hippocampus tissue,5,"non-tumor
tissues"
PXD050470,human hippocampus,KLA31_05,GTEX-145LS-0011-R1b-SM-5PNUP,2.29371613553107,GTEx_v8_Hippocampus,KLA31_05,normal_tissue,Human hippocampus tissue,5,"non-tumor
tissues"
PXD050470,human hippocampus,KLA31_05,GTEX-145LU-0011-R1a-SM-5Q5CE,2.35970375908899,GTEx_v8_Hippocampus,KLA31_05,normal_tissue,Human hippocampus tissue,5,"non-tumor
tissues"
PXD050470,human hippocampus,KLA31_05,GTEX-145MH-0011-R1b-SM-5PNWY,2.24381889399341,GTEx_v8_Hippocampus,KLA31_05,normal_tissue,Human hippocampus tissue,5,"non-tumor
tissues"
PXD050470,human hippocampus,KLA31_05,GTEX-14ABY-0011-R1a-SM-6EU2W,2.24739139146405,GTEx_v8_Hippocampus,KLA31_05,normal_tissue,Human hippocampus tissue,5,"non-tumor
tissues"
PXD050470,human hippocampus,KLA31_05,GTEX-14ASI-0011-R1b-SM-5S2TY,2.25201786652776,GTEx_v8_Hippocampus,KLA31_05,normal_tissue,Human hippocampus tissue,5,"non-tumor
tissues"
PXD050470,human hippocampus,KLA31_05,GTEX-14BIM-0011-R1a-SM-69LQI,2.21995222217566,GTEx_v8_Hippocampus,KLA31_05,normal_tissue,Human hippocampus tissue,5,"non-tumor
tissues"
PXD050470,human hippocampus,KLA31_05,GTEX-14C5O-0011-R1b-SM-6AJBW,2.26086952220137,GTEx_v8_Hippocampus,KLA31_05,normal_tissue,Human hippocampus tissue,5,"non-tumor
tissues"
PXD050470,human hippocampus,KLA31_05,GTEX-14E6D-0011-R1b-SM-5YYAW,2.20481698938653,GTEx_v8_Hippocampus,KLA31_05,normal_tissue,Human hippocampus tissue,5,"non-tumor
tissues"
PXD050470,human hippocampus,KLA31_05,GTEX-14E7W-0011-R1b-SM-5YYAT,2.30162705496906,GTEx_v8_Hippocampus,KLA31_05,normal_tissue,Human hippocampus tissue,5,"non-tumor
tissues"
PXD050470,human hippocampus,KLA31_05,GTEX-14JIY-0011-R1a-SM-68713,2.20672936016328,GTEx_v8_Hippocampus,KLA31_05,normal_tissue,Human hippocampus tissue,5,"non-tumor
tissues"
PXD050470,human hippocampus,KLA31_05,GTEX-14LLW-0011-R1a-SM-5ZZVD,2.35107393646313,GTEx_v8_Hippocampus,KLA31_05,normal_tissue,Human hippocampus tissue,5,"non-tumor
tissues"
PXD050470,human hippocampus,KLA31_05,GTEX-14LZ3-0011-R1a-SM-69LP5,2.47002024373253,GTEx_v8_Hippocampus,KLA31_05,normal_tissue,Human hippocampus tissue,5,"non-tumor
tissues"
PXD050470,human hippocampus,KLA31_05,GTEX-14PJM-0011-R1a-SM-CNPO3,2.26612282340377,GTEx_v8_Hippocampus,KLA31_05,normal_tissue,Human hippocampus tissue,5,"non-tumor
tissues"
PXD050470,human hippocampus,KLA31_05,GTEX-14PJO-0011-R1b-SM-6AJAK,2.27353797122915,GTEx_v8_Hippocampus,KLA31_05,normal_tissue,Human hippocampus tissue,5,"non-tumor
tissues"
PXD050470,human hippocampus,KLA31_05,GTEX-14PN4-0011-R1b-SM-69LP8,2.55931911594879,GTEx_v8_Hippocampus,KLA31_05,normal_tissue,Human hippocampus tissue,5,"non-tumor
tissues"
PXD050470,human hippocampus,KLA31_05,GTEX-14PQA-0011-R1b-SM-6EU1G,2.30513135754933,GTEx_v8_Hippocampus,KLA31_05,normal_tissue,Human hippocampus tissue,5,"non-tumor
tissues"
PXD050470,human hippocampus,KLA31_05,GTEX-15CHQ-0011-R1a-SM-COH27,2.23654285660481,GTEx_v8_Hippocampus,KLA31_05,normal_tissue,Human hippocampus tissue,5,"non-tumor
tissues"
PXD050470,human hippocampus,KLA31_05,GTEX-15DCD-0011-R1b-SM-6LPIJ,2.22564400844748,GTEx_v8_Hippocampus,KLA31_05,normal_tissue,Human hippocampus tissue,5,"non-tumor
tissues"
PXD050470,human hippocampus,KLA31_05,GTEX-15ER7-0011-R1b-SM-7KUE1,2.29182931636506,GTEx_v8_Hippocampus,KLA31_05,normal_tissue,Human hippocampus tissue,5,"non-tumor
tissues"
PXD050470,human hippocampus,KLA31_05,GTEX-15UF6-0011-R1a-SM-9QEGH,2.37824312984359,GTEx_v8_Hippocampus,KLA31_05,normal_tissue,Human hippocampus tissue,5,"non-tumor
tissues"
PXD050470,human hippocampus,KLA31_05,GTEX-16GPK-0011-R1b-SM-7EWDH,2.37348399936479,GTEx_v8_Hippocampus,KLA31_05,normal_tissue,Human hippocampus tissue,5,"non-tumor
tissues"
PXD050470,human hippocampus,KLA31_05,GTEX-16NPV-0011-R1b-SM-7MGVZ,2.43106055124015,GTEx_v8_Hippocampus,KLA31_05,normal_tissue,Human hippocampus tissue,5,"non-tumor
tissues"
PXD050470,human hippocampus,KLA31_05,GTEX-16XZZ-0011-R1a-SM-7LTAH,2.2806383707685,GTEx_v8_Hippocampus,KLA31_05,normal_tissue,Human hippocampus tissue,5,"non-tumor
tissues"
PXD050470,human hippocampus,KLA31_05,GTEX-16YQH-0011-R1a-SM-7LT8R,2.29560299956848,GTEx_v8_Hippocampus,KLA31_05,normal_tissue,Human hippocampus tissue,5,"non-tumor
tissues"
PXD050470,human hippocampus,KLA31_05,GTEX-16Z82-0011-R1b-SM-7EPHZ,2.23669842959375,GTEx_v8_Hippocampus,KLA31_05,normal_tissue,Human hippocampus tissue,5,"non-tumor
tissues"
PXD050470,human hippocampus,KLA31_05,GTEX-17EVP-0011-R1a-SM-7DHLA,2.26530162413245,GTEx_v8_Hippocampus,KLA31_05,normal_tissue,Human hippocampus tissue,5,"non-tumor
tissues"
PXD050470,human hippocampus,KLA31_05,GTEX-17EVQ-0011-R1a-SM-7189S,2.30965430847512,GTEx_v8_Hippocampus,KLA31_05,normal_tissue,Human hippocampus tissue,5,"non-tumor
tissues"
PXD050470,human hippocampus,KLA31_05,GTEX-17F97-0011-R1b-SM-7IGM9,2.2018292426161,GTEx_v8_Hippocampus,KLA31_05,normal_tissue,Human hippocampus tissue,5,"non-tumor
tissues"
PXD050470,human hippocampus,KLA31_05,GTEX-17HG3-0011-R1a-SM-7LG6H,2.19567383419342,GTEx_v8_Hippocampus,KLA31_05,normal_tissue,Human hippocampus tissue,5,"non-tumor
tissues"
PXD050470,human hippocampus,KLA31_05,GTEX-17HHY-0011-R1a-SM-7189V,2.26542138802612,GTEx_v8_Hippocampus,KLA31_05,normal_tissue,Human hippocampus tissue,5,"non-tumor
tissues"
PXD050470,human hippocampus,KLA31_05,GTEX-17HII-0011-R1b-SM-7MGVW,2.28127230310231,GTEx_v8_Hippocampus,KLA31_05,normal_tissue,Human hippocampus tissue,5,"non-tumor
tissues"
PXD050470,human hippocampus,KLA31_05,GTEX-17JCI-0011-R1b-SM-718A3,2.28713971007399,GTEx_v8_Hippocampus,KLA31_05,normal_tissue,Human hippocampus tissue,5,"non-tumor
tissues"
PXD050470,human hippocampus,KLA31_05,GTEX-17MF6-0011-R1a-SM-72D6O,2.39012058467058,GTEx_v8_Hippocampus,KLA31_05,normal_tissue,Human hippocampus tissue,5,"non-tumor
tissues"
PXD050470,human hippocampus,KLA31_05,GTEX-183WM-0011-R1a-SM-718A8,2.31505997023955,GTEx_v8_Hippocampus,KLA31_05,normal_tissue,Human hippocampus tissue,5,"non-tumor
tissues"
PXD050470,human hippocampus,KLA31_05,GTEX-18A6Q-0011-R1b-SM-731DI,2.52657428557154,GTEx_v8_Hippocampus,KLA31_05,normal_tissue,Human hippocampus tissue,5,"non-tumor
tissues"
PXD050470,human hippocampus,KLA31_05,GTEX-1A32A-0011-R1a-SM-7P8SQ,2.37338358331442,GTEx_v8_Hippocampus,KLA31_05,normal_tissue,Human hippocampus tissue,5,"non-tumor
tissues"
PXD050470,human hippocampus,KLA31_05,GTEX-1A3MX-0011-R1b-SM-7P8PH,2.23957090003697,GTEx_v8_Hippocampus,KLA31_05,normal_tissue,Human hippocampus tissue,5,"non-tumor
tissues"
PXD050470,human hippocampus,KLA31_05,GTEX-1A8G6-0011-R1a-SM-7P8PC,2.28466520821094,GTEx_v8_Hippocampus,KLA31_05,normal_tissue,Human hippocampus tissue,5,"non-tumor
tissues"
PXD050470,human hippocampus,KLA31_05,GTEX-1AX9I-0011-R1b-SM-7RHG2,2.21438487719512,GTEx_v8_Hippocampus,KLA31_05,normal_tissue,Human hippocampus tissue,5,"non-tumor
tissues"
PXD050470,human hippocampus,KLA31_05,GTEX-1B8L1-0011-R1a-SM-7P8SS,2.24430299270929,GTEx_v8_Hippocampus,KLA31_05,normal_tissue,Human hippocampus tissue,5,"non-tumor
tissues"
PXD050470,human hippocampus,KLA31_05,GTEX-1B8SF-0011-R1b-SM-7P8Q8,2.24023620295097,GTEx_v8_Hippocampus,KLA31_05,normal_tissue,Human hippocampus tissue,5,"non-tumor
tissues"
PXD050470,human hippocampus,KLA31_05,GTEX-1B933-0011-R1b-SM-9QEGW,2.16795944057755,GTEx_v8_Hippocampus,KLA31_05,normal_tissue,Human hippocampus tissue,5,"non-tumor
tissues"
PXD050470,human hippocampus,KLA31_05,GTEX-1B996-0011-R1b-SM-7P8PO,2.29040264270893,GTEx_v8_Hippocampus,KLA31_05,normal_tissue,Human hippocampus tissue,5,"non-tumor
tissues"
PXD050470,human hippocampus,KLA31_05,GTEX-1BAJH-0011-R1a-SM-7P8SV,2.2913867542113,GTEx_v8_Hippocampus,KLA31_05,normal_tissue,Human hippocampus tissue,5,"non-tumor
tissues"
PXD050470,human hippocampus,KLA31_05,GTEX-1C64N-0011-R1b-SM-7P8Q7,2.24647371535469,GTEx_v8_Hippocampus,KLA31_05,normal_tissue,Human hippocampus tissue,5,"non-tumor
tissues"
PXD050470,human hippocampus,KLA31_05,GTEX-1C6VQ-0011-R1a-SM-7P8Q2,2.3174101748107,GTEx_v8_Hippocampus,KLA31_05,normal_tissue,Human hippocampus tissue,5,"non-tumor
tissues"
PXD050470,human hippocampus,KLA31_05,GTEX-1C6VR-0011-R1a-SM-7MXUE,2.26372282323471,GTEx_v8_Hippocampus,KLA31_05,normal_tissue,Human hippocampus tissue,5,"non-tumor
tissues"
PXD050470,human hippocampus,KLA31_05,GTEX-1CAV2-0011-R1a-SM-ARZML,2.32768238083531,GTEx_v8_Hippocampus,KLA31_05,normal_tissue,Human hippocampus tissue,5,"non-tumor
tissues"
PXD050470,human hippocampus,KLA31_05,GTEX-1CB4G-0011-R1b-SM-9QEHT,2.24616569217071,GTEx_v8_Hippocampus,KLA31_05,normal_tissue,Human hippocampus tissue,5,"non-tumor
tissues"
PXD050470,human hippocampus,KLA31_05,GTEX-1CB4J-0011-R1a-SM-9WG64,2.59732785996194,GTEx_v8_Hippocampus,KLA31_05,normal_tissue,Human hippocampus tissue,5,"non-tumor
tissues"
PXD050470,human hippocampus,KLA31_05,GTEX-1E1VI-0011-R1a-SM-ARZMM,2.2509909930583,GTEx_v8_Hippocampus,KLA31_05,normal_tissue,Human hippocampus tissue,5,"non-tumor
tissues"
PXD050470,human hippocampus,KLA31_05,GTEX-1E2YA-0011-R1b-SM-CJI29,2.35576261818021,GTEx_v8_Hippocampus,KLA31_05,normal_tissue,Human hippocampus tissue,5,"non-tumor
tissues"
PXD050470,human hippocampus,KLA31_05,GTEX-1EH9U-0011-R1b-SM-CJI2B,2.26167976793548,GTEx_v8_Hippocampus,KLA31_05,normal_tissue,Human hippocampus tissue,5,"non-tumor
tissues"
PXD050470,human hippocampus,KLA31_05,GTEX-1EKGG-0011-R1b-SM-9QEI1,2.27081953649568,GTEx_v8_Hippocampus,KLA31_05,normal_tissue,Human hippocampus tissue,5,"non-tumor
tissues"
PXD050470,human hippocampus,KLA31_05,GTEX-1EMGI-0011-R1b-SM-9OSWZ,2.21930856100304,GTEx_v8_Hippocampus,KLA31_05,normal_tissue,Human hippocampus tissue,5,"non-tumor
tissues"
PXD050470,human hippocampus,KLA31_05,GTEX-1EWIQ-0011-R1a-SM-9OSX7,2.21839027010783,GTEx_v8_Hippocampus,KLA31_05,normal_tissue,Human hippocampus tissue,5,"non-tumor
tissues"
PXD050470,human hippocampus,KLA31_05,GTEX-1EX96-0011-R1a-SM-CE6R5,2.25586669062484,GTEx_v8_Hippocampus,KLA31_05,normal_tissue,Human hippocampus tissue,5,"non-tumor
tissues"
PXD050470,human hippocampus,KLA31_05,GTEX-1F48J-0011-R1a-SM-9QEIC,2.22586101311279,GTEx_v8_Hippocampus,KLA31_05,normal_tissue,Human hippocampus tissue,5,"non-tumor
tissues"
PXD050470,human hippocampus,KLA31_05,GTEX-1F6I4-0011-R1a-SM-9OSWU,2.24361629633612,GTEx_v8_Hippocampus,KLA31_05,normal_tissue,Human hippocampus tissue,5,"non-tumor
tissues"
PXD050470,human hippocampus,KLA31_05,GTEX-1F6IF-0011-R1b-SM-9WG78,2.34855772179276,GTEx_v8_Hippocampus,KLA31_05,normal_tissue,Human hippocampus tissue,5,"non-tumor
tissues"
PXD050470,human hippocampus,KLA31_05,GTEX-1F75A-0011-R1b-SM-CE6RA,2.18087127301004,GTEx_v8_Hippocampus,KLA31_05,normal_tissue,Human hippocampus tissue,5,"non-tumor
tissues"
PXD050470,human hippocampus,KLA31_05,GTEX-1F75W-0011-R1a-SM-ARU81,2.28037612302428,GTEx_v8_Hippocampus,KLA31_05,normal_tissue,Human hippocampus tissue,5,"non-tumor
tissues"
PXD050470,human hippocampus,KLA31_05,GTEX-1GF9V-0011-R1a-SM-CKZNQ,2.29161981927612,GTEx_v8_Hippocampus,KLA31_05,normal_tissue,Human hippocampus tissue,5,"non-tumor
tissues"
PXD050470,human hippocampus,KLA31_05,GTEX-1GF9W-0011-R1a-SM-9QEIQ,2.24421197824669,GTEx_v8_Hippocampus,KLA31_05,normal_tissue,Human hippocampus tissue,5,"non-tumor
tissues"
PXD050470,human hippocampus,KLA31_05,GTEX-1GMR8-0011-R1b-SM-CJI2O,2.21516621469103,GTEx_v8_Hippocampus,KLA31_05,normal_tissue,Human hippocampus tissue,5,"non-tumor
tissues"
PXD050470,human hippocampus,KLA31_05,GTEX-1GN1U-0011-R1a-SM-CJI25,2.22214704792,GTEx_v8_Hippocampus,KLA31_05,normal_tissue,Human hippocampus tissue,5,"non-tumor
tissues"
PXD050470,human hippocampus,KLA31_05,GTEX-1GN2E-0011-R1b-SM-CE6RJ,2.29126307562234,GTEx_v8_Hippocampus,KLA31_05,normal_tissue,Human hippocampus tissue,5,"non-tumor
tissues"
PXD050470,human hippocampus,KLA31_05,GTEX-1GN73-0011-R1a-SM-CKZNT,2.37363353253956,GTEx_v8_Hippocampus,KLA31_05,normal_tissue,Human hippocampus tissue,5,"non-tumor
tissues"
PXD050470,human hippocampus,KLA31_05,GTEX-1GTWX-0011-R1a-SM-CE6RL,2.19393708459385,GTEx_v8_Hippocampus,KLA31_05,normal_tissue,Human hippocampus tissue,5,"non-tumor
tissues"
PXD050470,human hippocampus,KLA31_05,GTEX-1GZ2Q-0011-R1a-SM-CJI2Y,2.28110487265029,GTEx_v8_Hippocampus,KLA31_05,normal_tissue,Human hippocampus tissue,5,"non-tumor
tissues"
PXD050470,human hippocampus,KLA31_05,GTEX-1GZHY-0011-R1a-SM-CE6RR,2.27594491758936,GTEx_v8_Hippocampus,KLA31_05,normal_tissue,Human hippocampus tissue,5,"non-tumor
tissues"
PXD050470,human hippocampus,KLA31_05,GTEX-1H1CY-0011-R1a-SM-CKZOZ,2.31839510029794,GTEx_v8_Hippocampus,KLA31_05,normal_tissue,Human hippocampus tissue,5,"non-tumor
tissues"
PXD050470,human hippocampus,KLA31_05,GTEX-1H1DG-0011-R1b-SM-CKZP1,2.32780189287208,GTEx_v8_Hippocampus,KLA31_05,normal_tissue,Human hippocampus tissue,5,"non-tumor
tissues"
PXD050470,human hippocampus,KLA31_05,GTEX-1H1ZS-0011-R1b-SM-A9G1E,2.25033005956137,GTEx_v8_Hippocampus,KLA31_05,normal_tissue,Human hippocampus tissue,5,"non-tumor
tissues"
PXD050470,human hippocampus,KLA31_05,GTEX-1H23P-0011-R1a-SM-ACKVC,2.5216265751949,GTEx_v8_Hippocampus,KLA31_05,normal_tissue,Human hippocampus tissue,5,"non-tumor
tissues"
PXD050470,human hippocampus,KLA31_05,GTEX-1H3NZ-0011-R1a-SM-CKZP5,2.25080001397758,GTEx_v8_Hippocampus,KLA31_05,normal_tissue,Human hippocampus tissue,5,"non-tumor
tissues"
PXD050470,human hippocampus,KLA31_05,GTEX-1H3O1-0011-R1b-SM-CL554,2.31963752369577,GTEx_v8_Hippocampus,KLA31_05,normal_tissue,Human hippocampus tissue,5,"non-tumor
tissues"
PXD050470,human hippocampus,KLA31_05,GTEX-1H3VE-0011-R1a-SM-A9G1K,2.25056992977391,GTEx_v8_Hippocampus,KLA31_05,normal_tissue,Human hippocampus tissue,5,"non-tumor
tissues"
PXD050470,human hippocampus,KLA31_05,GTEX-1H4P4-0011-R1b-SM-CL54V,2.47154165929204,GTEx_v8_Hippocampus,KLA31_05,normal_tissue,Human hippocampus tissue,5,"non-tumor
tissues"
PXD050470,human hippocampus,KLA31_05,GTEX-1HBPI-0011-R1b-SM-A9SKF,2.29813520639177,GTEx_v8_Hippocampus,KLA31_05,normal_tissue,Human hippocampus tissue,5,"non-tumor
tissues"
PXD050470,human hippocampus,KLA31_05,GTEX-1HGF4-0011-R1a-SM-CJI3S,2.29149902845287,GTEx_v8_Hippocampus,KLA31_05,normal_tissue,Human hippocampus tissue,5,"non-tumor
tissues"
PXD050470,human hippocampus,KLA31_05,GTEX-1HR98-0011-R1a-SM-ARZLQ,2.23949523316039,GTEx_v8_Hippocampus,KLA31_05,normal_tissue,Human hippocampus tissue,5,"non-tumor
tissues"
PXD050470,human hippocampus,KLA31_05,GTEX-1HSKV-0011-R1b-SM-CMKH7,2.29374268208789,GTEx_v8_Hippocampus,KLA31_05,normal_tissue,Human hippocampus tissue,5,"non-tumor
tissues"
PXD050470,human hippocampus,KLA31_05,GTEX-1HSMO-0011-R1a-SM-CM2SV,2.30987018931895,GTEx_v8_Hippocampus,KLA31_05,normal_tissue,Human hippocampus tissue,5,"non-tumor
tissues"
PXD050470,human hippocampus,KLA31_05,GTEX-1HT8W-0011-R1b-SM-CJI3V,2.19636242236233,GTEx_v8_Hippocampus,KLA31_05,normal_tissue,Human hippocampus tissue,5,"non-tumor
tissues"
PXD050470,human hippocampus,KLA31_05,GTEX-1I1GQ-0011-R1a-SM-CY8GG,2.23207155135116,GTEx_v8_Hippocampus,KLA31_05,normal_tissue,Human hippocampus tissue,5,"non-tumor
tissues"
PXD050470,human hippocampus,KLA31_05,GTEX-1I1GS-0011-R1a-SM-CJI43,2.22039678979068,GTEx_v8_Hippocampus,KLA31_05,normal_tissue,Human hippocampus tissue,5,"non-tumor
tissues"
PXD050470,human hippocampus,KLA31_05,GTEX-1I1GV-0011-R1a-SM-CL559,2.3856885493378,GTEx_v8_Hippocampus,KLA31_05,normal_tissue,Human hippocampus tissue,5,"non-tumor
tissues"
PXD050470,human hippocampus,KLA31_05,GTEX-1I1HK-0011-R1b-SM-CM2T7,2.2238700874776,GTEx_v8_Hippocampus,KLA31_05,normal_tissue,Human hippocampus tissue,5,"non-tumor
tissues"
PXD050470,human hippocampus,KLA31_05,GTEX-1ICLZ-0011-R1b-SM-A9SM3,2.25869554948923,GTEx_v8_Hippocampus,KLA31_05,normal_tissue,Human hippocampus tissue,5,"non-tumor
tissues"
PXD050470,human hippocampus,KLA31_05,GTEX-1IDJH-0011-R1b-SM-ARU6U,2.21234539139502,GTEx_v8_Hippocampus,KLA31_05,normal_tissue,Human hippocampus tissue,5,"non-tumor
tissues"
PXD050470,human hippocampus,KLA31_05,GTEX-1IKK5-0011-R1b-SM-CE6SQ,2.23563378978156,GTEx_v8_Hippocampus,KLA31_05,normal_tissue,Human hippocampus tissue,5,"non-tumor
tissues"
PXD050470,human hippocampus,KLA31_05,GTEX-1IOXB-0011-R1a-SM-D4P27,2.2454078653255,GTEx_v8_Hippocampus,KLA31_05,normal_tissue,Human hippocampus tissue,5,"non-tumor
tissues"
PXD050470,human hippocampus,KLA31_05,GTEX-1IY9M-0011-R1a-SM-EXURZ,2.26997915915807,GTEx_v8_Hippocampus,KLA31_05,normal_tissue,Human hippocampus tissue,5,"non-tumor
tissues"
PXD050470,human hippocampus,KLA31_05,GTEX-1J1OQ-0011-R1a-SM-A9G1Z,2.24169193100355,GTEx_v8_Hippocampus,KLA31_05,normal_tissue,Human hippocampus tissue,5,"non-tumor
tissues"
PXD050470,human hippocampus,KLA31_05,GTEX-1J8Q2-0011-R1a-SM-D4P2D,2.26063859051418,GTEx_v8_Hippocampus,KLA31_05,normal_tissue,Human hippocampus tissue,5,"non-tumor
tissues"
PXD050470,human hippocampus,KLA31_05,GTEX-1LB8K-0011-R1b-SM-EZ6MV,2.38325736938373,GTEx_v8_Hippocampus,KLA31_05,normal_tissue,Human hippocampus tissue,5,"non-tumor
tissues"
PXD050470,human hippocampus,KLA31_05,GTEX-1LG7Y-0011-R1a-SM-EYYWV,2.21390602988866,GTEx_v8_Hippocampus,KLA31_05,normal_tissue,Human hippocampus tissue,5,"non-tumor
tissues"
PXD050470,human hippocampus,KLA31_05,GTEX-N7MS-0011-R1a-SM-2HMJG,2.22549188200875,GTEx_v8_Hippocampus,KLA31_05,normal_tissue,Human hippocampus tissue,5,"non-tumor
tissues"
PXD050470,human hippocampus,KLA31_05,GTEX-N7MT-0011-R1a-SM-CNPO1,2.2036989497575,GTEx_v8_Hippocampus,KLA31_05,normal_tissue,Human hippocampus tissue,5,"non-tumor
tissues"
PXD050470,human hippocampus,KLA31_05,GTEX-NL3H-0011-R1a-SM-48TDJ,2.26313181278925,GTEx_v8_Hippocampus,KLA31_05,normal_tissue,Human hippocampus tissue,5,"non-tumor
tissues"
PXD050470,human hippocampus,KLA31_05,GTEX-NPJ7-0011-R1a-SM-3GACT,2.26921892486689,GTEx_v8_Hippocampus,KLA31_05,normal_tissue,Human hippocampus tissue,5,"non-tumor
tissues"
PXD050470,human hippocampus,KLA31_05,GTEX-NPJ8-0011-R1a-SM-33HCB,2.51599304853106,GTEx_v8_Hippocampus,KLA31_05,normal_tissue,Human hippocampus tissue,5,"non-tumor
tissues"
PXD050470,human hippocampus,KLA31_05,GTEX-OHPN-0011-R1A-SM-2I5GB,2.21662979971001,GTEx_v8_Hippocampus,KLA31_05,normal_tissue,Human hippocampus tissue,5,"non-tumor
tissues"
PXD050470,human hippocampus,KLA31_05,GTEX-P44G-0011-R1A-SM-2I3FE,2.27234385070161,GTEx_v8_Hippocampus,KLA31_05,normal_tissue,Human hippocampus tissue,5,"non-tumor
tissues"
PXD050470,human hippocampus,KLA31_05,GTEX-P44H-0011-R1A-SM-3NM8J,2.34011702352942,GTEx_v8_Hippocampus,KLA31_05,normal_tissue,Human hippocampus tissue,5,"non-tumor
tissues"
PXD050470,human hippocampus,KLA31_05,GTEX-PVOW-0011-R1A-SM-32PL6,2.31564206807065,GTEx_v8_Hippocampus,KLA31_05,normal_tissue,Human hippocampus tissue,5,"non-tumor
tissues"
PXD050470,human hippocampus,KLA31_05,GTEX-PWO3-0011-R1A-SM-2I5EW,2.38169582879957,GTEx_v8_Hippocampus,KLA31_05,normal_tissue,Human hippocampus tissue,5,"non-tumor
tissues"
PXD050470,human hippocampus,KLA31_05,GTEX-Q2AG-0011-R1A-SM-2HMJI,2.25789519986132,GTEx_v8_Hippocampus,KLA31_05,normal_tissue,Human hippocampus tissue,5,"non-tumor
tissues"
PXD050470,human hippocampus,KLA31_05,GTEX-QDT8-0011-R1A-SM-32PKS,2.33828209198628,GTEx_v8_Hippocampus,KLA31_05,normal_tissue,Human hippocampus tissue,5,"non-tumor
tissues"
PXD050470,human hippocampus,KLA31_05,GTEX-QMR6-0011-R1A-SM-32PKW,2.40991458886564,GTEx_v8_Hippocampus,KLA31_05,normal_tissue,Human hippocampus tissue,5,"non-tumor
tissues"
PXD050470,human hippocampus,KLA31_05,GTEX-QVJO-0011-R1A-SM-2S1QI,2.22460930897832,GTEx_v8_Hippocampus,KLA31_05,normal_tissue,Human hippocampus tissue,5,"non-tumor
tissues"
PXD050470,human hippocampus,KLA31_05,GTEX-QVUS-0011-R1A-SM-3GAD2,2.29435062993568,GTEx_v8_Hippocampus,KLA31_05,normal_tissue,Human hippocampus tissue,5,"non-tumor
tissues"
PXD050470,human hippocampus,KLA31_05,GTEX-R55E-0011-R1A-SM-2TC6N,2.26388863732296,GTEx_v8_Hippocampus,KLA31_05,normal_tissue,Human hippocampus tissue,5,"non-tumor
tissues"
PXD050470,human hippocampus,KLA31_05,GTEX-RNOR-0011-R1A-SM-CNNP5,2.22342796355971,GTEx_v8_Hippocampus,KLA31_05,normal_tissue,Human hippocampus tissue,5,"non-tumor
tissues"
PXD050470,human hippocampus,KLA31_05,GTEX-S7SE-0011-R1A-SM-2XCDE,2.22081231877586,GTEx_v8_Hippocampus,KLA31_05,normal_tissue,Human hippocampus tissue,5,"non-tumor
tissues"
PXD050470,human hippocampus,KLA31_05,GTEX-T5JC-0011-R1A-SM-32PM6,2.22108977423753,GTEx_v8_Hippocampus,KLA31_05,normal_tissue,Human hippocampus tissue,5,"non-tumor
tissues"
PXD050470,human hippocampus,KLA31_05,GTEX-T6MN-0011-R1A-SM-32QOY,2.29137586860881,GTEx_v8_Hippocampus,KLA31_05,normal_tissue,Human hippocampus tissue,5,"non-tumor
tissues"
PXD050470,human hippocampus,KLA31_05,GTEX-TSE9-0011-R1A-SM-3DB7E,2.23320797497349,GTEx_v8_Hippocampus,KLA31_05,normal_tissue,Human hippocampus tissue,5,"non-tumor
tissues"
PXD050470,human hippocampus,KLA31_05,GTEX-UTHO-0011-R1A-SM-3GIJO,2.49368163177277,GTEx_v8_Hippocampus,KLA31_05,normal_tissue,Human hippocampus tissue,5,"non-tumor
tissues"
PXD050470,human hippocampus,KLA31_05,GTEX-WHSE-0011-R1A-SM-3P5ZK,2.26940842222186,GTEx_v8_Hippocampus,KLA31_05,normal_tissue,Human hippocampus tissue,5,"non-tumor
tissues"
PXD050470,human hippocampus,KLA31_05,GTEX-WL46-0011-R1A-SM-3LK6M,2.24180583465264,GTEx_v8_Hippocampus,KLA31_05,normal_tissue,Human hippocampus tissue,5,"non-tumor
tissues"
PXD050470,human hippocampus,KLA31_05,GTEX-WVLH-0011-R1A-SM-4MVOK,2.16659883840974,GTEx_v8_Hippocampus,KLA31_05,normal_tissue,Human hippocampus tissue,5,"non-tumor
tissues"
PXD050470,human hippocampus,KLA31_05,GTEX-WWYW-0011-R1A-SM-3TW8G,2.31212893866305,GTEx_v8_Hippocampus,KLA31_05,normal_tissue,Human hippocampus tissue,5,"non-tumor
tissues"
PXD050470,human hippocampus,KLA31_05,GTEX-WZTO-0011-R1B-SM-3NMAR,2.32342834516717,GTEx_v8_Hippocampus,KLA31_05,normal_tissue,Human hippocampus tissue,5,"non-tumor
tissues"
PXD050470,human hippocampus,KLA31_05,GTEX-X4EP-0011-R1A-SM-3P624,2.70533867940404,GTEx_v8_Hippocampus,KLA31_05,normal_tissue,Human hippocampus tissue,5,"non-tumor
tissues"
PXD050470,human hippocampus,KLA31_05,GTEX-X4XX-0011-R1B-SM-3P622,2.27693649082272,GTEx_v8_Hippocampus,KLA31_05,normal_tissue,Human hippocampus tissue,5,"non-tumor
tissues"
PXD050470,human hippocampus,KLA31_05,GTEX-X585-0011-R1B-SM-46MVE,2.2858636836232,GTEx_v8_Hippocampus,KLA31_05,normal_tissue,Human hippocampus tissue,5,"non-tumor
tissues"
PXD050470,human hippocampus,KLA31_05,GTEX-XMD1-0011-R1A-SM-4AT4C,2.37971869803746,GTEx_v8_Hippocampus,KLA31_05,normal_tissue,Human hippocampus tissue,5,"non-tumor
tissues"
PXD050470,human hippocampus,KLA31_05,GTEX-Y8DK-0011-R1A-SM-4RGLO,2.24086330588099,GTEx_v8_Hippocampus,KLA31_05,normal_tissue,Human hippocampus tissue,5,"non-tumor
tissues"
PXD050470,human hippocampus,KLA31_05,GTEX-YFC4-0011-R1a-SM-4V6EH,2.25904378070695,GTEx_v8_Hippocampus,KLA31_05,normal_tissue,Human hippocampus tissue,5,"non-tumor
tissues"
PXD050470,human hippocampus,KLA31_05,GTEX-YJ89-0011-R1a-SM-4RGLS,2.2972406153056,GTEx_v8_Hippocampus,KLA31_05,normal_tissue,Human hippocampus tissue,5,"non-tumor
tissues"
PXD050470,human hippocampus,KLA31_05,GTEX-ZAB4-0011-R1a-SM-4RGNO,2.29525513756701,GTEx_v8_Hippocampus,KLA31_05,normal_tissue,Human hippocampus tissue,5,"non-tumor
tissues"
PXD050470,human hippocampus,KLA31_05,GTEX-ZDXO-0011-R1a-SM-4WKF4,2.25465458142057,GTEx_v8_Hippocampus,KLA31_05,normal_tissue,Human hippocampus tissue,5,"non-tumor
tissues"
PXD050470,human hippocampus,KLA31_05,GTEX-ZE7O-0011-R1a-SM-57WDM,2.31522609210398,GTEx_v8_Hippocampus,KLA31_05,normal_tissue,Human hippocampus tissue,5,"non-tumor
tissues"
PXD050470,human hippocampus,KLA31_05,GTEX-ZF28-0011-R1a-SM-4WWD1,2.17450881781632,GTEx_v8_Hippocampus,KLA31_05,normal_tissue,Human hippocampus tissue,5,"non-tumor
tissues"
PXD050470,human hippocampus,KLA31_05,GTEX-ZUA1-0011-R1a-SM-4YCE2,2.28869876236336,GTEx_v8_Hippocampus,KLA31_05,normal_tissue,Human hippocampus tissue,5,"non-tumor
tissues"
PXD050470,human hippocampus,KLA31_05,GTEX-ZVZQ-0011-R1a-SM-57WBU,2.31407957244866,GTEx_v8_Hippocampus,KLA31_05,normal_tissue,Human hippocampus tissue,5,"non-tumor
tissues"
PXD054919,A549,KLA31_19,Control_1,5.44953817198191,GSE171750_A549_untreated,KLA31_19,cancer_cells,A549 cells,20,"cancer
cell lines"
PXD054919,A549,KLA31_19,Control_2,5.41481701289818,GSE171750_A549_untreated,KLA31_19,cancer_cells,A549 cells,20,"cancer
cell lines"
PXD054919,A549,KLA31_19,Control_3,5.40569604496393,GSE171750_A549_untreated,KLA31_19,cancer_cells,A549 cells,20,"cancer
cell lines"
PXD058534,pretreated HK-2,KLA31_27,GSM7708662,6.1140534194721,HK2_untreated,KLA31_27;KLA31_28,normal_cells,Untreated HK-2 cells,30,"normal
cell lines"
PXD058534,pretreated HK-2,KLA31_27,GSM7708663,6.11227586885145,HK2_untreated,KLA31_27;KLA31_28,normal_cells,Untreated HK-2 cells,30,"normal
cell lines"
PXD058534,pretreated HK-2,KLA31_27,GSM7708664,6.14042425791249,HK2_untreated,KLA31_27;KLA31_28,normal_cells,Untreated HK-2 cells,30,"normal
cell lines"
PXD060185,MCF10A,KLA31_29,GSM2773021,3.06424382337926,GSE103520_MCF10A_control,KLA31_29,normal_cells,MCF10A cells (baseline),32,"normal
cell lines"
PXD060185,MCF10A,KLA31_29,GSM2773022,2.91737368420604,GSE103520_MCF10A_control,KLA31_29,normal_cells,MCF10A cells (baseline),32,"normal
cell lines"
PXD060185,MCF10A,KLA31_29,GSM2773023,2.86021037656188,GSE103520_MCF10A_control,KLA31_29,normal_cells,MCF10A cells (baseline),32,"normal
cell lines"
PXD060185,MCF7,KLA31_13,GSM4763907,5.59316389351169,MCF7_DMSO7d,KLA31_13,cancer_cells,MCF7 cells,14,"cancer
cell lines"
PXD060185,MCF7,KLA31_13,GSM4763908,5.51529561435594,MCF7_DMSO7d,KLA31_13,cancer_cells,MCF7 cells,14,"cancer
cell lines"
PXD060185,MCF7,KLA31_13,GSM4763909,5.70580060386773,MCF7_DMSO7d,KLA31_13,cancer_cells,MCF7 cells,14,"cancer
cell lines"
PXD060185,MDA-MB-468,KLA31_20,GSM4763917,5.82446546022537,MDAMB468_DMSO7d,KLA31_20,cancer_cells,MDA-MB-468 cells,21,"cancer
cell lines"
PXD060185,MDA-MB-468,KLA31_20,GSM4763918,5.82085839044574,MDAMB468_DMSO7d,KLA31_20,cancer_cells,MDA-MB-468 cells,21,"cancer
cell lines"
PXD060185,MDA-MB-468,KLA31_20,GSM4763919,5.84462999330508,MDAMB468_DMSO7d,KLA31_20,cancer_cells,MDA-MB-468 cells,21,"cancer
cell lines"
PXD060185,T-47D,KLA31_21,rep1_0h_S60_R1_001_cut_rRNArem_sorted.bam,6.38992288387754,GSE283812_T47D_vehicle,KLA31_21,cancer_cells,T-47D cells,22,"cancer
cell lines"
PXD060185,T-47D,KLA31_21,rep2_0h_S63_R1_001_cut_rRNArem_sorted.bam,6.32661283821733,GSE283812_T47D_vehicle,KLA31_21,cancer_cells,T-47D cells,22,"cancer
cell lines"
PXD060185,T-47D,KLA31_21,rep3_0h_S66_R1_001_cut_rRNArem_sorted.bam,6.36024676167593,GSE283812_T47D_vehicle,KLA31_21,cancer_cells,T-47D cells,22,"cancer
cell lines"
PXD060185,T-47D,KLA31_21,rep4_0h_S69_R1_001_cut_rRNArem_sorted.bam,6.31015304947529,GSE283812_T47D_vehicle,KLA31_21,cancer_cells,T-47D cells,22,"cancer
cell lines"
PXD063047,normal pregnancy placenta,KLA31_06,PE12.03,3.94961854932548,GSE114691_control_placenta,KLA31_06,normal_tissue,Healthy human placenta,6,"non-tumor
tissues"
PXD063047,normal pregnancy placenta,KLA31_06,PE12.08,3.62957883798225,GSE114691_control_placenta,KLA31_06,normal_tissue,Healthy human placenta,6,"non-tumor
tissues"
PXD063047,normal pregnancy placenta,KLA31_06,PE13.16,3.61504564515836,GSE114691_control_placenta,KLA31_06,normal_tissue,Healthy human placenta,6,"non-tumor
tissues"
PXD063047,normal pregnancy placenta,KLA31_06,PE13.20,3.60197578018331,GSE114691_control_placenta,KLA31_06,normal_tissue,Healthy human placenta,6,"non-tumor
tissues"
PXD063047,normal pregnancy placenta,KLA31_06,PE13.27,3.36442982021412,GSE114691_control_placenta,KLA31_06,normal_tissue,Healthy human placenta,6,"non-tumor
tissues"
PXD063047,normal pregnancy placenta,KLA31_06,PE13.31,3.65638607789198,GSE114691_control_placenta,KLA31_06,normal_tissue,Healthy human placenta,6,"non-tumor
tissues"
PXD063047,normal pregnancy placenta,KLA31_06,PE14.19,3.65841715330282,GSE114691_control_placenta,KLA31_06,normal_tissue,Healthy human placenta,6,"non-tumor
tissues"
PXD063047,normal pregnancy placenta,KLA31_06,PE14.22,3.48321418769818,GSE114691_control_placenta,KLA31_06,normal_tissue,Healthy human placenta,6,"non-tumor
tissues"
PXD063047,normal pregnancy placenta,KLA31_06,PE14.33,3.54914954744068,GSE114691_control_placenta,KLA31_06,normal_tissue,Healthy human placenta,6,"non-tumor
tissues"
PXD063047,normal pregnancy placenta,KLA31_06,PE15.26,3.45464705524096,GSE114691_control_placenta,KLA31_06,normal_tissue,Healthy human placenta,6,"non-tumor
tissues"
PXD063047,normal pregnancy placenta,KLA31_06,X267.05,3.6644330604899,GSE114691_control_placenta,KLA31_06,normal_tissue,Healthy human placenta,6,"non-tumor
tissues"
PXD063047,normal pregnancy placenta,KLA31_06,X279.06,3.3192782985669,GSE114691_control_placenta,KLA31_06,normal_tissue,Healthy human placenta,6,"non-tumor
tissues"
PXD063047,normal pregnancy placenta,KLA31_06,X293.06,3.49095479393992,GSE114691_control_placenta,KLA31_06,normal_tissue,Healthy human placenta,6,"non-tumor
tissues"
PXD063047,normal pregnancy placenta,KLA31_06,X328.08,3.54679866732675,GSE114691_control_placenta,KLA31_06,normal_tissue,Healthy human placenta,6,"non-tumor
tissues"
PXD063047,normal pregnancy placenta,KLA31_06,X338.08,3.594754836108,GSE114691_control_placenta,KLA31_06,normal_tissue,Healthy human placenta,6,"non-tumor
tissues"
PXD063047,normal pregnancy placenta,KLA31_06,X383.10,3.41763059124601,GSE114691_control_placenta,KLA31_06,normal_tissue,Healthy human placenta,6,"non-tumor
tissues"
PXD063047,normal pregnancy placenta,KLA31_06,X399.10,3.90388665591739,GSE114691_control_placenta,KLA31_06,normal_tissue,Healthy human placenta,6,"non-tumor
tissues"
PXD063047,normal pregnancy placenta,KLA31_06,X400.10,3.69815553114914,GSE114691_control_placenta,KLA31_06,normal_tissue,Healthy human placenta,6,"non-tumor
tissues"
PXD063047,normal pregnancy placenta,KLA31_06,X401.10,4.09473443001075,GSE114691_control_placenta,KLA31_06,normal_tissue,Healthy human placenta,6,"non-tumor
tissues"
PXD063047,normal pregnancy placenta,KLA31_06,X403.10,3.66369021242051,GSE114691_control_placenta,KLA31_06,normal_tissue,Healthy human placenta,6,"non-tumor
tissues"
PXD063047,normal pregnancy placenta,KLA31_06,X550,3.6579176062976,GSE114691_control_placenta,KLA31_06,normal_tissue,Healthy human placenta,6,"non-tumor
tissues"
PXD063266,PC-3M,KLA31_22,GSM7506018,5.8289270660702,PC3M_DMSO,KLA31_22,cancer_cells,Heavy SILAC-labeled PC-3M cells,23,"cancer
cell lines"
PXD063266,PC-3M,KLA31_22,GSM7506019,5.79556899990999,PC3M_DMSO,KLA31_22,cancer_cells,Heavy SILAC-labeled PC-3M cells,23,"cancer
cell lines"
PXD063266,PC-3M,KLA31_22,GSM7506020,5.83133578907415,PC3M_DMSO,KLA31_22,cancer_cells,Heavy SILAC-labeled PC-3M cells,23,"cancer
cell lines"
PXD064038,MEC and NEC ESCC groups,KLA31_10,TCGA-IC-A6RF-01A,4.72584392450478,TCGA_ESCA_ESCC,KLA31_10,cancer_tissue,Independent ESCC tumor whole proteome,10,"tumor
tissues"
PXD064038,MEC and NEC ESCC groups,KLA31_10,TCGA-IG-A3I8-01A,5.18901166752265,TCGA_ESCA_ESCC,KLA31_10,cancer_tissue,Independent ESCC tumor whole proteome,10,"tumor
tissues"
PXD064038,MEC and NEC ESCC groups,KLA31_10,TCGA-IG-A3QL-01A,5.0562901551893,TCGA_ESCA_ESCC,KLA31_10,cancer_tissue,Independent ESCC tumor whole proteome,10,"tumor
tissues"
PXD064038,MEC and NEC ESCC groups,KLA31_10,TCGA-IG-A3Y9-01A,4.77183045932447,TCGA_ESCA_ESCC,KLA31_10,cancer_tissue,Independent ESCC tumor whole proteome,10,"tumor
tissues"
PXD064038,MEC and NEC ESCC groups,KLA31_10,TCGA-IG-A3YA-01A,5.02681803953465,TCGA_ESCA_ESCC,KLA31_10,cancer_tissue,Independent ESCC tumor whole proteome,10,"tumor
tissues"
PXD064038,MEC and NEC ESCC groups,KLA31_10,TCGA-IG-A3YB-01A,4.2243125951179,TCGA_ESCA_ESCC,KLA31_10,cancer_tissue,Independent ESCC tumor whole proteome,10,"tumor
tissues"
PXD064038,MEC and NEC ESCC groups,KLA31_10,TCGA-IG-A3YC-01A,4.66621330038486,TCGA_ESCA_ESCC,KLA31_10,cancer_tissue,Independent ESCC tumor whole proteome,10,"tumor
tissues"
PXD064038,MEC and NEC ESCC groups,KLA31_10,TCGA-IG-A4P3-01A,4.83599832728028,TCGA_ESCA_ESCC,KLA31_10,cancer_tissue,Independent ESCC tumor whole proteome,10,"tumor
tissues"
PXD064038,MEC and NEC ESCC groups,KLA31_10,TCGA-IG-A4QT-01A,4.67573595717839,TCGA_ESCA_ESCC,KLA31_10,cancer_tissue,Independent ESCC tumor whole proteome,10,"tumor
tissues"
PXD064038,MEC and NEC ESCC groups,KLA31_10,TCGA-IG-A50L-01A,5.1298128804077,TCGA_ESCA_ESCC,KLA31_10,cancer_tissue,Independent ESCC tumor whole proteome,10,"tumor
tissues"
PXD064038,MEC and NEC ESCC groups,KLA31_10,TCGA-IG-A51D-01A,5.34019827190229,TCGA_ESCA_ESCC,KLA31_10,cancer_tissue,Independent ESCC tumor whole proteome,10,"tumor
tissues"
PXD064038,MEC and NEC ESCC groups,KLA31_10,TCGA-IG-A5B8-01A,4.76187127983455,TCGA_ESCA_ESCC,KLA31_10,cancer_tissue,Independent ESCC tumor whole proteome,10,"tumor
tissues"
PXD064038,MEC and NEC ESCC groups,KLA31_10,TCGA-IG-A5S3-01A,5.14492151318276,TCGA_ESCA_ESCC,KLA31_10,cancer_tissue,Independent ESCC tumor whole proteome,10,"tumor
tissues"
PXD064038,MEC and NEC ESCC groups,KLA31_10,TCGA-IG-A625-01A,4.78627064413087,TCGA_ESCA_ESCC,KLA31_10,cancer_tissue,Independent ESCC tumor whole proteome,10,"tumor
tissues"
PXD064038,MEC and NEC ESCC groups,KLA31_10,TCGA-IG-A6QS-01A,5.20139587501852,TCGA_ESCA_ESCC,KLA31_10,cancer_tissue,Independent ESCC tumor whole proteome,10,"tumor
tissues"
PXD064038,MEC and NEC ESCC groups,KLA31_10,TCGA-IG-A8O2-01A,4.90154736119241,TCGA_ESCA_ESCC,KLA31_10,cancer_tissue,Independent ESCC tumor whole proteome,10,"tumor
tissues"
PXD064038,MEC and NEC ESCC groups,KLA31_10,TCGA-IG-A97H-01A,5.08016742145731,TCGA_ESCA_ESCC,KLA31_10,cancer_tissue,Independent ESCC tumor whole proteome,10,"tumor
tissues"
PXD064038,MEC and NEC ESCC groups,KLA31_10,TCGA-IG-A97I-01A,4.92287803551498,TCGA_ESCA_ESCC,KLA31_10,cancer_tissue,Independent ESCC tumor whole proteome,10,"tumor
tissues"
PXD064038,MEC and NEC ESCC groups,KLA31_10,TCGA-JY-A6FA-01A,5.1579298209279,TCGA_ESCA_ESCC,KLA31_10,cancer_tissue,Independent ESCC tumor whole proteome,10,"tumor
tissues"
PXD064038,MEC and NEC ESCC groups,KLA31_10,TCGA-JY-A6FD-01A,5.03793047449422,TCGA_ESCA_ESCC,KLA31_10,cancer_tissue,Independent ESCC tumor whole proteome,10,"tumor
tissues"
PXD064038,MEC and NEC ESCC groups,KLA31_10,TCGA-JY-A6FE-01A,5.06127280112927,TCGA_ESCA_ESCC,KLA31_10,cancer_tissue,Independent ESCC tumor whole proteome,10,"tumor
tissues"
PXD064038,MEC and NEC ESCC groups,KLA31_10,TCGA-JY-A6FG-01A,4.06924872451669,TCGA_ESCA_ESCC,KLA31_10,cancer_tissue,Independent ESCC tumor whole proteome,10,"tumor
tissues"
PXD064038,MEC and NEC ESCC groups,KLA31_10,TCGA-JY-A93F-01A,5.04736968179763,TCGA_ESCA_ESCC,KLA31_10,cancer_tissue,Independent ESCC tumor whole proteome,10,"tumor
tissues"
PXD064038,MEC and NEC ESCC groups,KLA31_10,TCGA-KH-A6WC-01A,4.35898905283712,TCGA_ESCA_ESCC,KLA31_10,cancer_tissue,Independent ESCC tumor whole proteome,10,"tumor
tissues"
PXD064038,MEC and NEC ESCC groups,KLA31_10,TCGA-L5-A43H-01A,4.90827426582312,TCGA_ESCA_ESCC,KLA31_10,cancer_tissue,Independent ESCC tumor whole proteome,10,"tumor
tissues"
PXD064038,MEC and NEC ESCC groups,KLA31_10,TCGA-L5-A43J-01A,4.92414457569498,TCGA_ESCA_ESCC,KLA31_10,cancer_tissue,Independent ESCC tumor whole proteome,10,"tumor
tissues"
PXD064038,MEC and NEC ESCC groups,KLA31_10,TCGA-L5-A4OM-01A,5.45515066793128,TCGA_ESCA_ESCC,KLA31_10,cancer_tissue,Independent ESCC tumor whole proteome,10,"tumor
tissues"
PXD064038,MEC and NEC ESCC groups,KLA31_10,TCGA-L5-A88S-01A,4.51483145528689,TCGA_ESCA_ESCC,KLA31_10,cancer_tissue,Independent ESCC tumor whole proteome,10,"tumor
tissues"
PXD064038,MEC and NEC ESCC groups,KLA31_10,TCGA-L5-A88W-01A,4.93970690047923,TCGA_ESCA_ESCC,KLA31_10,cancer_tissue,Independent ESCC tumor whole proteome,10,"tumor
tissues"
PXD064038,MEC and NEC ESCC groups,KLA31_10,TCGA-L5-A88Z-01A,4.57654167249986,TCGA_ESCA_ESCC,KLA31_10,cancer_tissue,Independent ESCC tumor whole proteome,10,"tumor
tissues"
PXD064038,MEC and NEC ESCC groups,KLA31_10,TCGA-L5-A8NK-01A,4.70618939795581,TCGA_ESCA_ESCC,KLA31_10,cancer_tissue,Independent ESCC tumor whole proteome,10,"tumor
tissues"
PXD064038,MEC and NEC ESCC groups,KLA31_10,TCGA-L5-A8NQ-01A,4.59193760827237,TCGA_ESCA_ESCC,KLA31_10,cancer_tissue,Independent ESCC tumor whole proteome,10,"tumor
tissues"
PXD064038,MEC and NEC ESCC groups,KLA31_10,TCGA-L7-A56G-01A,5.06368634332764,TCGA_ESCA_ESCC,KLA31_10,cancer_tissue,Independent ESCC tumor whole proteome,10,"tumor
tissues"
PXD064038,MEC and NEC ESCC groups,KLA31_10,TCGA-LN-A49K-01A,5.10568620210869,TCGA_ESCA_ESCC,KLA31_10,cancer_tissue,Independent ESCC tumor whole proteome,10,"tumor
tissues"
PXD064038,MEC and NEC ESCC groups,KLA31_10,TCGA-LN-A49L-01A,5.70899082359436,TCGA_ESCA_ESCC,KLA31_10,cancer_tissue,Independent ESCC tumor whole proteome,10,"tumor
tissues"
PXD064038,MEC and NEC ESCC groups,KLA31_10,TCGA-LN-A49M-01A,4.98764984964467,TCGA_ESCA_ESCC,KLA31_10,cancer_tissue,Independent ESCC tumor whole proteome,10,"tumor
tissues"
PXD064038,MEC and NEC ESCC groups,KLA31_10,TCGA-LN-A49N-01A,4.87090035443828,TCGA_ESCA_ESCC,KLA31_10,cancer_tissue,Independent ESCC tumor whole proteome,10,"tumor
tissues"
PXD064038,MEC and NEC ESCC groups,KLA31_10,TCGA-LN-A49O-01A,5.34726306703427,TCGA_ESCA_ESCC,KLA31_10,cancer_tissue,Independent ESCC tumor whole proteome,10,"tumor
tissues"
PXD064038,MEC and NEC ESCC groups,KLA31_10,TCGA-LN-A49P-01A,4.87573288932309,TCGA_ESCA_ESCC,KLA31_10,cancer_tissue,Independent ESCC tumor whole proteome,10,"tumor
tissues"
PXD064038,MEC and NEC ESCC groups,KLA31_10,TCGA-LN-A49R-01A,4.94814317536806,TCGA_ESCA_ESCC,KLA31_10,cancer_tissue,Independent ESCC tumor whole proteome,10,"tumor
tissues"
PXD064038,MEC and NEC ESCC groups,KLA31_10,TCGA-LN-A49S-01A,4.91212996524849,TCGA_ESCA_ESCC,KLA31_10,cancer_tissue,Independent ESCC tumor whole proteome,10,"tumor
tissues"
PXD064038,MEC and NEC ESCC groups,KLA31_10,TCGA-LN-A49U-01A,5.22806846740497,TCGA_ESCA_ESCC,KLA31_10,cancer_tissue,Independent ESCC tumor whole proteome,10,"tumor
tissues"
PXD064038,MEC and NEC ESCC groups,KLA31_10,TCGA-LN-A49V-01A,5.8116415648154,TCGA_ESCA_ESCC,KLA31_10,cancer_tissue,Independent ESCC tumor whole proteome,10,"tumor
tissues"
PXD064038,MEC and NEC ESCC groups,KLA31_10,TCGA-LN-A49W-01A,4.940598866329,TCGA_ESCA_ESCC,KLA31_10,cancer_tissue,Independent ESCC tumor whole proteome,10,"tumor
tissues"
PXD064038,MEC and NEC ESCC groups,KLA31_10,TCGA-LN-A49X-01A,5.2556995196875,TCGA_ESCA_ESCC,KLA31_10,cancer_tissue,Independent ESCC tumor whole proteome,10,"tumor
tissues"
PXD064038,MEC and NEC ESCC groups,KLA31_10,TCGA-LN-A49Y-01A,5.12385093604957,TCGA_ESCA_ESCC,KLA31_10,cancer_tissue,Independent ESCC tumor whole proteome,10,"tumor
tissues"
PXD064038,MEC and NEC ESCC groups,KLA31_10,TCGA-LN-A4A1-01A,4.77803459521004,TCGA_ESCA_ESCC,KLA31_10,cancer_tissue,Independent ESCC tumor whole proteome,10,"tumor
tissues"
PXD064038,MEC and NEC ESCC groups,KLA31_10,TCGA-LN-A4A2-01A,5.42934525066311,TCGA_ESCA_ESCC,KLA31_10,cancer_tissue,Independent ESCC tumor whole proteome,10,"tumor
tissues"
PXD064038,MEC and NEC ESCC groups,KLA31_10,TCGA-LN-A4A3-01A,5.05744027994325,TCGA_ESCA_ESCC,KLA31_10,cancer_tissue,Independent ESCC tumor whole proteome,10,"tumor
tissues"
PXD064038,MEC and NEC ESCC groups,KLA31_10,TCGA-LN-A4A4-01A,4.92768607492649,TCGA_ESCA_ESCC,KLA31_10,cancer_tissue,Independent ESCC tumor whole proteome,10,"tumor
tissues"
PXD064038,MEC and NEC ESCC groups,KLA31_10,TCGA-LN-A4A5-01A,5.04247084577881,TCGA_ESCA_ESCC,KLA31_10,cancer_tissue,Independent ESCC tumor whole proteome,10,"tumor
tissues"
PXD064038,MEC and NEC ESCC groups,KLA31_10,TCGA-LN-A4A6-01A,5.47124025315766,TCGA_ESCA_ESCC,KLA31_10,cancer_tissue,Independent ESCC tumor whole proteome,10,"tumor
tissues"
PXD064038,MEC and NEC ESCC groups,KLA31_10,TCGA-LN-A4A8-01A,5.38707370424366,TCGA_ESCA_ESCC,KLA31_10,cancer_tissue,Independent ESCC tumor whole proteome,10,"tumor
tissues"
PXD064038,MEC and NEC ESCC groups,KLA31_10,TCGA-LN-A4A9-01A,4.51831734740984,TCGA_ESCA_ESCC,KLA31_10,cancer_tissue,Independent ESCC tumor whole proteome,10,"tumor
tissues"
PXD064038,MEC and NEC ESCC groups,KLA31_10,TCGA-LN-A4MQ-01A,5.25241562743213,TCGA_ESCA_ESCC,KLA31_10,cancer_tissue,Independent ESCC tumor whole proteome,10,"tumor
tissues"
PXD064038,MEC and NEC ESCC groups,KLA31_10,TCGA-LN-A4MR-01A,4.65975717160035,TCGA_ESCA_ESCC,KLA31_10,cancer_tissue,Independent ESCC tumor whole proteome,10,"tumor
tissues"
PXD064038,MEC and NEC ESCC groups,KLA31_10,TCGA-LN-A5U5-01A,5.18573969014487,TCGA_ESCA_ESCC,KLA31_10,cancer_tissue,Independent ESCC tumor whole proteome,10,"tumor
tissues"
PXD064038,MEC and NEC ESCC groups,KLA31_10,TCGA-LN-A5U6-01A,5.1594059567433,TCGA_ESCA_ESCC,KLA31_10,cancer_tissue,Independent ESCC tumor whole proteome,10,"tumor
tissues"
PXD064038,MEC and NEC ESCC groups,KLA31_10,TCGA-LN-A5U7-01A,5.41228701473619,TCGA_ESCA_ESCC,KLA31_10,cancer_tissue,Independent ESCC tumor whole proteome,10,"tumor
tissues"
PXD064038,MEC and NEC ESCC groups,KLA31_10,TCGA-LN-A7HV-01A,5.03772209557494,TCGA_ESCA_ESCC,KLA31_10,cancer_tissue,Independent ESCC tumor whole proteome,10,"tumor
tissues"
PXD064038,MEC and NEC ESCC groups,KLA31_10,TCGA-LN-A7HW-01A,4.84315192469956,TCGA_ESCA_ESCC,KLA31_10,cancer_tissue,Independent ESCC tumor whole proteome,10,"tumor
tissues"
PXD064038,MEC and NEC ESCC groups,KLA31_10,TCGA-LN-A7HX-01A,5.22985155700423,TCGA_ESCA_ESCC,KLA31_10,cancer_tissue,Independent ESCC tumor whole proteome,10,"tumor
tissues"
PXD064038,MEC and NEC ESCC groups,KLA31_10,TCGA-LN-A7HY-01A,4.7567528267165,TCGA_ESCA_ESCC,KLA31_10,cancer_tissue,Independent ESCC tumor whole proteome,10,"tumor
tissues"
PXD064038,MEC and NEC ESCC groups,KLA31_10,TCGA-LN-A7HZ-01A,5.21436902505369,TCGA_ESCA_ESCC,KLA31_10,cancer_tissue,Independent ESCC tumor whole proteome,10,"tumor
tissues"
PXD064038,MEC and NEC ESCC groups,KLA31_10,TCGA-LN-A8HZ-01A,5.17777407071015,TCGA_ESCA_ESCC,KLA31_10,cancer_tissue,Independent ESCC tumor whole proteome,10,"tumor
tissues"
PXD064038,MEC and NEC ESCC groups,KLA31_10,TCGA-LN-A8I0-01A,4.75761785779893,TCGA_ESCA_ESCC,KLA31_10,cancer_tissue,Independent ESCC tumor whole proteome,10,"tumor
tissues"
PXD064038,MEC and NEC ESCC groups,KLA31_10,TCGA-LN-A8I1-01A,4.72678400207626,TCGA_ESCA_ESCC,KLA31_10,cancer_tissue,Independent ESCC tumor whole proteome,10,"tumor
tissues"
PXD064038,MEC and NEC ESCC groups,KLA31_10,TCGA-LN-A9FO-01A,5.37025218068668,TCGA_ESCA_ESCC,KLA31_10,cancer_tissue,Independent ESCC tumor whole proteome,10,"tumor
tissues"
PXD064038,MEC and NEC ESCC groups,KLA31_10,TCGA-LN-A9FP-01A,4.42163252376991,TCGA_ESCA_ESCC,KLA31_10,cancer_tissue,Independent ESCC tumor whole proteome,10,"tumor
tissues"
PXD064038,MEC and NEC ESCC groups,KLA31_10,TCGA-LN-A9FQ-01A,4.92397528997577,TCGA_ESCA_ESCC,KLA31_10,cancer_tissue,Independent ESCC tumor whole proteome,10,"tumor
tissues"
PXD064038,MEC and NEC ESCC groups,KLA31_10,TCGA-LN-A9FR-01A,4.88707371614918,TCGA_ESCA_ESCC,KLA31_10,cancer_tissue,Independent ESCC tumor whole proteome,10,"tumor
tissues"
PXD064038,MEC and NEC ESCC groups,KLA31_10,TCGA-Q9-A6FU-01A,4.96849865367327,TCGA_ESCA_ESCC,KLA31_10,cancer_tissue,Independent ESCC tumor whole proteome,10,"tumor
tissues"
PXD064038,MEC and NEC ESCC groups,KLA31_10,TCGA-S8-A6BW-01A,4.90590398189738,TCGA_ESCA_ESCC,KLA31_10,cancer_tissue,Independent ESCC tumor whole proteome,10,"tumor
tissues"
PXD064038,MEC and NEC ESCC groups,KLA31_10,TCGA-V5-A7RC-01B,5.09788309711671,TCGA_ESCA_ESCC,KLA31_10,cancer_tissue,Independent ESCC tumor whole proteome,10,"tumor
tissues"
PXD064038,MEC and NEC ESCC groups,KLA31_10,TCGA-V5-AASV-01A,5.17257174399585,TCGA_ESCA_ESCC,KLA31_10,cancer_tissue,Independent ESCC tumor whole proteome,10,"tumor
tissues"
PXD064038,MEC and NEC ESCC groups,KLA31_10,TCGA-VR-A8EO-01A,5.66432365721453,TCGA_ESCA_ESCC,KLA31_10,cancer_tissue,Independent ESCC tumor whole proteome,10,"tumor
tissues"
PXD064038,MEC and NEC ESCC groups,KLA31_10,TCGA-VR-A8EP-01A,4.98784469647315,TCGA_ESCA_ESCC,KLA31_10,cancer_tissue,Independent ESCC tumor whole proteome,10,"tumor
tissues"
PXD064038,MEC and NEC ESCC groups,KLA31_10,TCGA-VR-A8ER-01A,4.94895484873758,TCGA_ESCA_ESCC,KLA31_10,cancer_tissue,Independent ESCC tumor whole proteome,10,"tumor
tissues"
PXD064038,MEC and NEC ESCC groups,KLA31_10,TCGA-VR-A8ET-01A,4.43175541721741,TCGA_ESCA_ESCC,KLA31_10,cancer_tissue,Independent ESCC tumor whole proteome,10,"tumor
tissues"
PXD064038,MEC and NEC ESCC groups,KLA31_10,TCGA-VR-A8EU-01A,5.21261402785099,TCGA_ESCA_ESCC,KLA31_10,cancer_tissue,Independent ESCC tumor whole proteome,10,"tumor
tissues"
PXD064038,MEC and NEC ESCC groups,KLA31_10,TCGA-VR-A8EW-01A,5.124818636966,TCGA_ESCA_ESCC,KLA31_10,cancer_tissue,Independent ESCC tumor whole proteome,10,"tumor
tissues"
PXD064038,MEC and NEC ESCC groups,KLA31_10,TCGA-VR-A8EX-01A,4.89123047342505,TCGA_ESCA_ESCC,KLA31_10,cancer_tissue,Independent ESCC tumor whole proteome,10,"tumor
tissues"
PXD064038,MEC and NEC ESCC groups,KLA31_10,TCGA-VR-A8EY-01A,5.08952654190377,TCGA_ESCA_ESCC,KLA31_10,cancer_tissue,Independent ESCC tumor whole proteome,10,"tumor
tissues"
PXD064038,MEC and NEC ESCC groups,KLA31_10,TCGA-VR-A8EZ-01A,5.28860058952633,TCGA_ESCA_ESCC,KLA31_10,cancer_tissue,Independent ESCC tumor whole proteome,10,"tumor
tissues"
PXD064038,MEC and NEC ESCC groups,KLA31_10,TCGA-VR-A8Q7-01A,5.35662223386681,TCGA_ESCA_ESCC,KLA31_10,cancer_tissue,Independent ESCC tumor whole proteome,10,"tumor
tissues"
PXD064038,MEC and NEC ESCC groups,KLA31_10,TCGA-VR-AA4G-01A,5.10127363491035,TCGA_ESCA_ESCC,KLA31_10,cancer_tissue,Independent ESCC tumor whole proteome,10,"tumor
tissues"
PXD064038,MEC and NEC ESCC groups,KLA31_10,TCGA-VR-AA7B-01A,4.98977877688621,TCGA_ESCA_ESCC,KLA31_10,cancer_tissue,Independent ESCC tumor whole proteome,10,"tumor
tissues"
PXD064038,MEC and NEC ESCC groups,KLA31_10,TCGA-VR-AA7D-01A,5.42465463200462,TCGA_ESCA_ESCC,KLA31_10,cancer_tissue,Independent ESCC tumor whole proteome,10,"tumor
tissues"
PXD064038,MEC and NEC ESCC groups,KLA31_10,TCGA-VR-AA7I-01A,4.79868372109198,TCGA_ESCA_ESCC,KLA31_10,cancer_tissue,Independent ESCC tumor whole proteome,10,"tumor
tissues"
PXD064038,MEC and NEC ESCC groups,KLA31_10,TCGA-XP-A8T6-01A,4.85371653638876,TCGA_ESCA_ESCC,KLA31_10,cancer_tissue,Independent ESCC tumor whole proteome,10,"tumor
tissues"
PXD064038,MEC and NEC ESCC groups,KLA31_10,TCGA-XP-A8T8-01A,5.29373110337707,TCGA_ESCA_ESCC,KLA31_10,cancer_tissue,Independent ESCC tumor whole proteome,10,"tumor
tissues"
PXD064038,MEC and NEC ESCC groups,KLA31_10,TCGA-Z6-A8JD-01A,5.14976231095108,TCGA_ESCA_ESCC,KLA31_10,cancer_tissue,Independent ESCC tumor whole proteome,10,"tumor
tissues"
PXD064038,MEC and NEC ESCC groups,KLA31_10,TCGA-Z6-A8JE-01A,5.4308224904677,TCGA_ESCA_ESCC,KLA31_10,cancer_tissue,Independent ESCC tumor whole proteome,10,"tumor
tissues"
PXD064038,MEC and NEC ESCC groups,KLA31_10,TCGA-Z6-A9VB-01A,5.26659578761765,TCGA_ESCA_ESCC,KLA31_10,cancer_tissue,Independent ESCC tumor whole proteome,10,"tumor
tissues"
PXD064038,MEC and NEC ESCC groups,KLA31_10,TCGA-Z6-AAPN-01A,4.82336916628615,TCGA_ESCA_ESCC,KLA31_10,cancer_tissue,Independent ESCC tumor whole proteome,10,"tumor
tissues"
PXD064912,human sperm,KLA31_07,GSM1602978,3.524590431176,sperm_GroupI,KLA31_07,normal_tissue,Human sperm,7,"non-tumor
tissues"
PXD064912,human sperm,KLA31_07,GSM1602981,3.29141555551951,sperm_GroupI,KLA31_07,normal_tissue,Human sperm,7,"non-tumor
tissues"
PXD064912,human sperm,KLA31_07,GSM1602982,2.6762754711984,sperm_GroupI,KLA31_07,normal_tissue,Human sperm,7,"non-tumor
tissues"
PXD064912,human sperm,KLA31_07,GSM1602983,3.74910154186686,sperm_GroupI,KLA31_07,normal_tissue,Human sperm,7,"non-tumor
tissues"
PXD066054,BPH,KLA31_08,GSM3890639,3.6739238236099,GSE132714_BPH,KLA31_08,normal_tissue,Benign prostatic hyperplasia tissue,8,"non-tumor
tissues"
PXD066054,BPH,KLA31_08,GSM3890640,3.51978250293718,GSE132714_BPH,KLA31_08,normal_tissue,Benign prostatic hyperplasia tissue,8,"non-tumor
tissues"
PXD066054,BPH,KLA31_08,GSM3890641,3.59479443582524,GSE132714_BPH,KLA31_08,normal_tissue,Benign prostatic hyperplasia tissue,8,"non-tumor
tissues"
PXD066054,BPH,KLA31_08,GSM3890642,3.65510523712662,GSE132714_BPH,KLA31_08,normal_tissue,Benign prostatic hyperplasia tissue,8,"non-tumor
tissues"
PXD066054,BPH,KLA31_08,GSM3890643,3.57063316929179,GSE132714_BPH,KLA31_08,normal_tissue,Benign prostatic hyperplasia tissue,8,"non-tumor
tissues"
PXD066054,BPH,KLA31_08,GSM3890644,3.6572232714377,GSE132714_BPH,KLA31_08,normal_tissue,Benign prostatic hyperplasia tissue,8,"non-tumor
tissues"
PXD066054,BPH,KLA31_08,GSM3890645,3.49501064407162,GSE132714_BPH,KLA31_08,normal_tissue,Benign prostatic hyperplasia tissue,8,"non-tumor
tissues"
PXD066054,BPH,KLA31_08,GSM3890646,3.49342628703281,GSE132714_BPH,KLA31_08,normal_tissue,Benign prostatic hyperplasia tissue,8,"non-tumor
tissues"
PXD066054,BPH,KLA31_08,GSM3890647,3.26763729372938,GSE132714_BPH,KLA31_08,normal_tissue,Benign prostatic hyperplasia tissue,8,"non-tumor
tissues"
PXD066054,BPH,KLA31_08,GSM3890648,3.44078416515828,GSE132714_BPH,KLA31_08,normal_tissue,Benign prostatic hyperplasia tissue,8,"non-tumor
tissues"
PXD066054,BPH,KLA31_08,GSM3890649,4.0836875518715,GSE132714_BPH,KLA31_08,normal_tissue,Benign prostatic hyperplasia tissue,8,"non-tumor
tissues"
PXD066054,BPH,KLA31_08,GSM3890650,3.63229120419395,GSE132714_BPH,KLA31_08,normal_tissue,Benign prostatic hyperplasia tissue,8,"non-tumor
tissues"
PXD066054,BPH,KLA31_08,GSM3890651,3.41372488401652,GSE132714_BPH,KLA31_08,normal_tissue,Benign prostatic hyperplasia tissue,8,"non-tumor
tissues"
PXD066054,BPH,KLA31_08,GSM3890652,3.39951617169977,GSE132714_BPH,KLA31_08,normal_tissue,Benign prostatic hyperplasia tissue,8,"non-tumor
tissues"
PXD066054,BPH,KLA31_08,GSM3890653,3.51577449481196,GSE132714_BPH,KLA31_08,normal_tissue,Benign prostatic hyperplasia tissue,8,"non-tumor
tissues"
PXD066054,BPH,KLA31_08,GSM3890654,3.43433281282857,GSE132714_BPH,KLA31_08,normal_tissue,Benign prostatic hyperplasia tissue,8,"non-tumor
tissues"
PXD066054,BPH,KLA31_08,GSM3890655,3.53253869926903,GSE132714_BPH,KLA31_08,normal_tissue,Benign prostatic hyperplasia tissue,8,"non-tumor
tissues"
PXD066054,BPH,KLA31_08,GSM3890656,3.46341160906181,GSE132714_BPH,KLA31_08,normal_tissue,Benign prostatic hyperplasia tissue,8,"non-tumor
tissues"
PXD066054,prostate cancer,KLA31_11,TCGA-2A-A8VL-01A,3.4161448489849,TCGA_PRAD_primary,KLA31_11,cancer_tissue,Prostate cancer tissue,11,"tumor
tissues"
PXD066054,prostate cancer,KLA31_11,TCGA-2A-A8VO-01A,3.58994508501908,TCGA_PRAD_primary,KLA31_11,cancer_tissue,Prostate cancer tissue,11,"tumor
tissues"
PXD066054,prostate cancer,KLA31_11,TCGA-2A-A8VT-01A,3.80427091428411,TCGA_PRAD_primary,KLA31_11,cancer_tissue,Prostate cancer tissue,11,"tumor
tissues"
PXD066054,prostate cancer,KLA31_11,TCGA-2A-A8VV-01A,3.6627025378635,TCGA_PRAD_primary,KLA31_11,cancer_tissue,Prostate cancer tissue,11,"tumor
tissues"
PXD066054,prostate cancer,KLA31_11,TCGA-2A-A8VX-01A,4.04931914190958,TCGA_PRAD_primary,KLA31_11,cancer_tissue,Prostate cancer tissue,11,"tumor
tissues"
PXD066054,prostate cancer,KLA31_11,TCGA-2A-A8W1-01A,3.93345290059237,TCGA_PRAD_primary,KLA31_11,cancer_tissue,Prostate cancer tissue,11,"tumor
tissues"
PXD066054,prostate cancer,KLA31_11,TCGA-2A-A8W3-01A,3.98201174687973,TCGA_PRAD_primary,KLA31_11,cancer_tissue,Prostate cancer tissue,11,"tumor
tissues"
PXD066054,prostate cancer,KLA31_11,TCGA-2A-AAYF-01A,3.55556202601007,TCGA_PRAD_primary,KLA31_11,cancer_tissue,Prostate cancer tissue,11,"tumor
tissues"
PXD066054,prostate cancer,KLA31_11,TCGA-2A-AAYO-01A,3.58738995879885,TCGA_PRAD_primary,KLA31_11,cancer_tissue,Prostate cancer tissue,11,"tumor
tissues"
PXD066054,prostate cancer,KLA31_11,TCGA-2A-AAYU-01A,3.64377684637256,TCGA_PRAD_primary,KLA31_11,cancer_tissue,Prostate cancer tissue,11,"tumor
tissues"
PXD066054,prostate cancer,KLA31_11,TCGA-4L-AA1F-01A,3.86812797861677,TCGA_PRAD_primary,KLA31_11,cancer_tissue,Prostate cancer tissue,11,"tumor
tissues"
PXD066054,prostate cancer,KLA31_11,TCGA-CH-5737-01A,3.68030799651799,TCGA_PRAD_primary,KLA31_11,cancer_tissue,Prostate cancer tissue,11,"tumor
tissues"
PXD066054,prostate cancer,KLA31_11,TCGA-CH-5738-01A,3.6358880404218,TCGA_PRAD_primary,KLA31_11,cancer_tissue,Prostate cancer tissue,11,"tumor
tissues"
PXD066054,prostate cancer,KLA31_11,TCGA-CH-5739-01A,3.77694173456797,TCGA_PRAD_primary,KLA31_11,cancer_tissue,Prostate cancer tissue,11,"tumor
tissues"
PXD066054,prostate cancer,KLA31_11,TCGA-CH-5740-01A,3.87434106613829,TCGA_PRAD_primary,KLA31_11,cancer_tissue,Prostate cancer tissue,11,"tumor
tissues"
PXD066054,prostate cancer,KLA31_11,TCGA-CH-5741-01A,3.67825172417126,TCGA_PRAD_primary,KLA31_11,cancer_tissue,Prostate cancer tissue,11,"tumor
tissues"
PXD066054,prostate cancer,KLA31_11,TCGA-CH-5743-01A,3.56144993879475,TCGA_PRAD_primary,KLA31_11,cancer_tissue,Prostate cancer tissue,11,"tumor
tissues"
PXD066054,prostate cancer,KLA31_11,TCGA-CH-5744-01A,3.73455484318972,TCGA_PRAD_primary,KLA31_11,cancer_tissue,Prostate cancer tissue,11,"tumor
tissues"
PXD066054,prostate cancer,KLA31_11,TCGA-CH-5745-01A,3.38241896595481,TCGA_PRAD_primary,KLA31_11,cancer_tissue,Prostate cancer tissue,11,"tumor
tissues"
PXD066054,prostate cancer,KLA31_11,TCGA-CH-5746-01A,3.78766571457709,TCGA_PRAD_primary,KLA31_11,cancer_tissue,Prostate cancer tissue,11,"tumor
tissues"
PXD066054,prostate cancer,KLA31_11,TCGA-CH-5748-01A,3.98144239279849,TCGA_PRAD_primary,KLA31_11,cancer_tissue,Prostate cancer tissue,11,"tumor
tissues"
PXD066054,prostate cancer,KLA31_11,TCGA-CH-5750-01A,4.22411359319947,TCGA_PRAD_primary,KLA31_11,cancer_tissue,Prostate cancer tissue,11,"tumor
tissues"
PXD066054,prostate cancer,KLA31_11,TCGA-CH-5751-01A,4.7754804785525,TCGA_PRAD_primary,KLA31_11,cancer_tissue,Prostate cancer tissue,11,"tumor
tissues"
PXD066054,prostate cancer,KLA31_11,TCGA-CH-5752-01A,4.36450332949355,TCGA_PRAD_primary,KLA31_11,cancer_tissue,Prostate cancer tissue,11,"tumor
tissues"
PXD066054,prostate cancer,KLA31_11,TCGA-CH-5753-01A,3.89728109964721,TCGA_PRAD_primary,KLA31_11,cancer_tissue,Prostate cancer tissue,11,"tumor
tissues"
PXD066054,prostate cancer,KLA31_11,TCGA-CH-5754-01A,4.23177453091145,TCGA_PRAD_primary,KLA31_11,cancer_tissue,Prostate cancer tissue,11,"tumor
tissues"
PXD066054,prostate cancer,KLA31_11,TCGA-CH-5761-01A,4.80970710381691,TCGA_PRAD_primary,KLA31_11,cancer_tissue,Prostate cancer tissue,11,"tumor
tissues"
PXD066054,prostate cancer,KLA31_11,TCGA-CH-5762-01A,3.90476587555977,TCGA_PRAD_primary,KLA31_11,cancer_tissue,Prostate cancer tissue,11,"tumor
tissues"
PXD066054,prostate cancer,KLA31_11,TCGA-CH-5763-01A,3.57599541481396,TCGA_PRAD_primary,KLA31_11,cancer_tissue,Prostate cancer tissue,11,"tumor
tissues"
PXD066054,prostate cancer,KLA31_11,TCGA-CH-5764-01A,3.79442451476584,TCGA_PRAD_primary,KLA31_11,cancer_tissue,Prostate cancer tissue,11,"tumor
tissues"
PXD066054,prostate cancer,KLA31_11,TCGA-CH-5765-01A,3.83559717755013,TCGA_PRAD_primary,KLA31_11,cancer_tissue,Prostate cancer tissue,11,"tumor
tissues"
PXD066054,prostate cancer,KLA31_11,TCGA-CH-5766-01A,3.73834060769503,TCGA_PRAD_primary,KLA31_11,cancer_tissue,Prostate cancer tissue,11,"tumor
tissues"
PXD066054,prostate cancer,KLA31_11,TCGA-CH-5767-01A,3.73012131858246,TCGA_PRAD_primary,KLA31_11,cancer_tissue,Prostate cancer tissue,11,"tumor
tissues"
PXD066054,prostate cancer,KLA31_11,TCGA-CH-5768-01A,4.04457878874197,TCGA_PRAD_primary,KLA31_11,cancer_tissue,Prostate cancer tissue,11,"tumor
tissues"
PXD066054,prostate cancer,KLA31_11,TCGA-CH-5769-01A,4.44307054399753,TCGA_PRAD_primary,KLA31_11,cancer_tissue,Prostate cancer tissue,11,"tumor
tissues"
PXD066054,prostate cancer,KLA31_11,TCGA-CH-5771-01A,3.55998732689528,TCGA_PRAD_primary,KLA31_11,cancer_tissue,Prostate cancer tissue,11,"tumor
tissues"
PXD066054,prostate cancer,KLA31_11,TCGA-CH-5772-01A,3.94061878378481,TCGA_PRAD_primary,KLA31_11,cancer_tissue,Prostate cancer tissue,11,"tumor
tissues"
PXD066054,prostate cancer,KLA31_11,TCGA-CH-5788-01A,4.44428289962654,TCGA_PRAD_primary,KLA31_11,cancer_tissue,Prostate cancer tissue,11,"tumor
tissues"
PXD066054,prostate cancer,KLA31_11,TCGA-CH-5789-01A,3.55219032318574,TCGA_PRAD_primary,KLA31_11,cancer_tissue,Prostate cancer tissue,11,"tumor
tissues"
PXD066054,prostate cancer,KLA31_11,TCGA-CH-5790-01A,3.59721911453277,TCGA_PRAD_primary,KLA31_11,cancer_tissue,Prostate cancer tissue,11,"tumor
tissues"
PXD066054,prostate cancer,KLA31_11,TCGA-CH-5791-01A,3.84254224859729,TCGA_PRAD_primary,KLA31_11,cancer_tissue,Prostate cancer tissue,11,"tumor
tissues"
PXD066054,prostate cancer,KLA31_11,TCGA-CH-5792-01A,3.69316878533215,TCGA_PRAD_primary,KLA31_11,cancer_tissue,Prostate cancer tissue,11,"tumor
tissues"
PXD066054,prostate cancer,KLA31_11,TCGA-CH-5794-01A,4.00950336131272,TCGA_PRAD_primary,KLA31_11,cancer_tissue,Prostate cancer tissue,11,"tumor
tissues"
PXD066054,prostate cancer,KLA31_11,TCGA-EJ-5494-01A,3.77835836793603,TCGA_PRAD_primary,KLA31_11,cancer_tissue,Prostate cancer tissue,11,"tumor
tissues"
PXD066054,prostate cancer,KLA31_11,TCGA-EJ-5495-01A,3.85950361004854,TCGA_PRAD_primary,KLA31_11,cancer_tissue,Prostate cancer tissue,11,"tumor
tissues"
PXD066054,prostate cancer,KLA31_11,TCGA-EJ-5496-01A,3.79339315588693,TCGA_PRAD_primary,KLA31_11,cancer_tissue,Prostate cancer tissue,11,"tumor
tissues"
PXD066054,prostate cancer,KLA31_11,TCGA-EJ-5497-01A,3.66193362569685,TCGA_PRAD_primary,KLA31_11,cancer_tissue,Prostate cancer tissue,11,"tumor
tissues"
PXD066054,prostate cancer,KLA31_11,TCGA-EJ-5498-01A,3.57020677360028,TCGA_PRAD_primary,KLA31_11,cancer_tissue,Prostate cancer tissue,11,"tumor
tissues"
PXD066054,prostate cancer,KLA31_11,TCGA-EJ-5499-01A,4.25540145444393,TCGA_PRAD_primary,KLA31_11,cancer_tissue,Prostate cancer tissue,11,"tumor
tissues"
PXD066054,prostate cancer,KLA31_11,TCGA-EJ-5501-01A,3.78270323243708,TCGA_PRAD_primary,KLA31_11,cancer_tissue,Prostate cancer tissue,11,"tumor
tissues"
PXD066054,prostate cancer,KLA31_11,TCGA-EJ-5502-01A,3.58200803926739,TCGA_PRAD_primary,KLA31_11,cancer_tissue,Prostate cancer tissue,11,"tumor
tissues"
PXD066054,prostate cancer,KLA31_11,TCGA-EJ-5503-01A,3.55328285658638,TCGA_PRAD_primary,KLA31_11,cancer_tissue,Prostate cancer tissue,11,"tumor
tissues"
PXD066054,prostate cancer,KLA31_11,TCGA-EJ-5504-01A,3.89468167749395,TCGA_PRAD_primary,KLA31_11,cancer_tissue,Prostate cancer tissue,11,"tumor
tissues"
PXD066054,prostate cancer,KLA31_11,TCGA-EJ-5505-01A,3.83049627350798,TCGA_PRAD_primary,KLA31_11,cancer_tissue,Prostate cancer tissue,11,"tumor
tissues"
PXD066054,prostate cancer,KLA31_11,TCGA-EJ-5506-01A,3.63196934360998,TCGA_PRAD_primary,KLA31_11,cancer_tissue,Prostate cancer tissue,11,"tumor
tissues"
PXD066054,prostate cancer,KLA31_11,TCGA-EJ-5507-01A,3.98003753321793,TCGA_PRAD_primary,KLA31_11,cancer_tissue,Prostate cancer tissue,11,"tumor
tissues"
PXD066054,prostate cancer,KLA31_11,TCGA-EJ-5508-01A,3.82653277637981,TCGA_PRAD_primary,KLA31_11,cancer_tissue,Prostate cancer tissue,11,"tumor
tissues"
PXD066054,prostate cancer,KLA31_11,TCGA-EJ-5509-01A,3.75146724898852,TCGA_PRAD_primary,KLA31_11,cancer_tissue,Prostate cancer tissue,11,"tumor
tissues"
PXD066054,prostate cancer,KLA31_11,TCGA-EJ-5510-01A,3.62821007711652,TCGA_PRAD_primary,KLA31_11,cancer_tissue,Prostate cancer tissue,11,"tumor
tissues"
PXD066054,prostate cancer,KLA31_11,TCGA-EJ-5511-01A,3.60508612805262,TCGA_PRAD_primary,KLA31_11,cancer_tissue,Prostate cancer tissue,11,"tumor
tissues"
PXD066054,prostate cancer,KLA31_11,TCGA-EJ-5512-01A,3.50356211082431,TCGA_PRAD_primary,KLA31_11,cancer_tissue,Prostate cancer tissue,11,"tumor
tissues"
PXD066054,prostate cancer,KLA31_11,TCGA-EJ-5514-01A,4.09772167379607,TCGA_PRAD_primary,KLA31_11,cancer_tissue,Prostate cancer tissue,11,"tumor
tissues"
PXD066054,prostate cancer,KLA31_11,TCGA-EJ-5515-01A,3.64793704936287,TCGA_PRAD_primary,KLA31_11,cancer_tissue,Prostate cancer tissue,11,"tumor
tissues"
PXD066054,prostate cancer,KLA31_11,TCGA-EJ-5516-01A,3.77681666005435,TCGA_PRAD_primary,KLA31_11,cancer_tissue,Prostate cancer tissue,11,"tumor
tissues"
PXD066054,prostate cancer,KLA31_11,TCGA-EJ-5517-01A,3.60792064164072,TCGA_PRAD_primary,KLA31_11,cancer_tissue,Prostate cancer tissue,11,"tumor
tissues"
PXD066054,prostate cancer,KLA31_11,TCGA-EJ-5518-01A,3.97449970641794,TCGA_PRAD_primary,KLA31_11,cancer_tissue,Prostate cancer tissue,11,"tumor
tissues"
PXD066054,prostate cancer,KLA31_11,TCGA-EJ-5519-01A,4.00754000687458,TCGA_PRAD_primary,KLA31_11,cancer_tissue,Prostate cancer tissue,11,"tumor
tissues"
PXD066054,prostate cancer,KLA31_11,TCGA-EJ-5521-01A,3.65682017376406,TCGA_PRAD_primary,KLA31_11,cancer_tissue,Prostate cancer tissue,11,"tumor
tissues"
PXD066054,prostate cancer,KLA31_11,TCGA-EJ-5522-01A,3.87725740685896,TCGA_PRAD_primary,KLA31_11,cancer_tissue,Prostate cancer tissue,11,"tumor
tissues"
PXD066054,prostate cancer,KLA31_11,TCGA-EJ-5524-01A,3.91344800864572,TCGA_PRAD_primary,KLA31_11,cancer_tissue,Prostate cancer tissue,11,"tumor
tissues"
PXD066054,prostate cancer,KLA31_11,TCGA-EJ-5525-01A,4.37289578263104,TCGA_PRAD_primary,KLA31_11,cancer_tissue,Prostate cancer tissue,11,"tumor
tissues"
PXD066054,prostate cancer,KLA31_11,TCGA-EJ-5526-01A,3.89951230769704,TCGA_PRAD_primary,KLA31_11,cancer_tissue,Prostate cancer tissue,11,"tumor
tissues"
PXD066054,prostate cancer,KLA31_11,TCGA-EJ-5527-01A,3.68980196474521,TCGA_PRAD_primary,KLA31_11,cancer_tissue,Prostate cancer tissue,11,"tumor
tissues"
PXD066054,prostate cancer,KLA31_11,TCGA-EJ-5530-01A,3.7426451047737,TCGA_PRAD_primary,KLA31_11,cancer_tissue,Prostate cancer tissue,11,"tumor
tissues"
PXD066054,prostate cancer,KLA31_11,TCGA-EJ-5531-01A,3.86367229914165,TCGA_PRAD_primary,KLA31_11,cancer_tissue,Prostate cancer tissue,11,"tumor
tissues"
PXD066054,prostate cancer,KLA31_11,TCGA-EJ-5532-01A,3.86194222330311,TCGA_PRAD_primary,KLA31_11,cancer_tissue,Prostate cancer tissue,11,"tumor
tissues"
PXD066054,prostate cancer,KLA31_11,TCGA-EJ-5542-01A,3.88190235645299,TCGA_PRAD_primary,KLA31_11,cancer_tissue,Prostate cancer tissue,11,"tumor
tissues"
PXD066054,prostate cancer,KLA31_11,TCGA-EJ-7115-01A,3.69895677780996,TCGA_PRAD_primary,KLA31_11,cancer_tissue,Prostate cancer tissue,11,"tumor
tissues"
PXD066054,prostate cancer,KLA31_11,TCGA-EJ-7123-01A,3.82144745370669,TCGA_PRAD_primary,KLA31_11,cancer_tissue,Prostate cancer tissue,11,"tumor
tissues"
PXD066054,prostate cancer,KLA31_11,TCGA-EJ-7125-01A,3.94880776194668,TCGA_PRAD_primary,KLA31_11,cancer_tissue,Prostate cancer tissue,11,"tumor
tissues"
PXD066054,prostate cancer,KLA31_11,TCGA-EJ-7218-01B,3.7194317751032,TCGA_PRAD_primary,KLA31_11,cancer_tissue,Prostate cancer tissue,11,"tumor
tissues"
PXD066054,prostate cancer,KLA31_11,TCGA-EJ-7312-01B,3.64945183907889,TCGA_PRAD_primary,KLA31_11,cancer_tissue,Prostate cancer tissue,11,"tumor
tissues"
PXD066054,prostate cancer,KLA31_11,TCGA-EJ-7314-01A,3.80795217392419,TCGA_PRAD_primary,KLA31_11,cancer_tissue,Prostate cancer tissue,11,"tumor
tissues"
PXD066054,prostate cancer,KLA31_11,TCGA-EJ-7315-01A,3.87300653427409,TCGA_PRAD_primary,KLA31_11,cancer_tissue,Prostate cancer tissue,11,"tumor
tissues"
PXD066054,prostate cancer,KLA31_11,TCGA-EJ-7317-01A,3.7057261232964,TCGA_PRAD_primary,KLA31_11,cancer_tissue,Prostate cancer tissue,11,"tumor
tissues"
PXD066054,prostate cancer,KLA31_11,TCGA-EJ-7318-01B,3.67845748391094,TCGA_PRAD_primary,KLA31_11,cancer_tissue,Prostate cancer tissue,11,"tumor
tissues"
PXD066054,prostate cancer,KLA31_11,TCGA-EJ-7321-01A,3.82332361557461,TCGA_PRAD_primary,KLA31_11,cancer_tissue,Prostate cancer tissue,11,"tumor
tissues"
PXD066054,prostate cancer,KLA31_11,TCGA-EJ-7325-01B,3.57517588982594,TCGA_PRAD_primary,KLA31_11,cancer_tissue,Prostate cancer tissue,11,"tumor
tissues"
PXD066054,prostate cancer,KLA31_11,TCGA-EJ-7327-01A,3.9920584422605,TCGA_PRAD_primary,KLA31_11,cancer_tissue,Prostate cancer tissue,11,"tumor
tissues"
PXD066054,prostate cancer,KLA31_11,TCGA-EJ-7328-01A,3.53904297811752,TCGA_PRAD_primary,KLA31_11,cancer_tissue,Prostate cancer tissue,11,"tumor
tissues"
PXD066054,prostate cancer,KLA31_11,TCGA-EJ-7330-01A,3.57261474020095,TCGA_PRAD_primary,KLA31_11,cancer_tissue,Prostate cancer tissue,11,"tumor
tissues"
PXD066054,prostate cancer,KLA31_11,TCGA-EJ-7331-01A,3.68116137218143,TCGA_PRAD_primary,KLA31_11,cancer_tissue,Prostate cancer tissue,11,"tumor
tissues"
PXD066054,prostate cancer,KLA31_11,TCGA-EJ-7781-01A,3.82193724780057,TCGA_PRAD_primary,KLA31_11,cancer_tissue,Prostate cancer tissue,11,"tumor
tissues"
PXD066054,prostate cancer,KLA31_11,TCGA-EJ-7782-01A,3.91797227981974,TCGA_PRAD_primary,KLA31_11,cancer_tissue,Prostate cancer tissue,11,"tumor
tissues"
PXD066054,prostate cancer,KLA31_11,TCGA-EJ-7783-01A,3.78250800715451,TCGA_PRAD_primary,KLA31_11,cancer_tissue,Prostate cancer tissue,11,"tumor
tissues"
PXD066054,prostate cancer,KLA31_11,TCGA-EJ-7784-01A,3.96848802219428,TCGA_PRAD_primary,KLA31_11,cancer_tissue,Prostate cancer tissue,11,"tumor
tissues"
PXD066054,prostate cancer,KLA31_11,TCGA-EJ-7785-01A,3.7093560524928,TCGA_PRAD_primary,KLA31_11,cancer_tissue,Prostate cancer tissue,11,"tumor
tissues"
PXD066054,prostate cancer,KLA31_11,TCGA-EJ-7786-01A,3.58246257123006,TCGA_PRAD_primary,KLA31_11,cancer_tissue,Prostate cancer tissue,11,"tumor
tissues"
PXD066054,prostate cancer,KLA31_11,TCGA-EJ-7788-01A,4.08805386605427,TCGA_PRAD_primary,KLA31_11,cancer_tissue,Prostate cancer tissue,11,"tumor
tissues"
PXD066054,prostate cancer,KLA31_11,TCGA-EJ-7789-01A,4.39965369796067,TCGA_PRAD_primary,KLA31_11,cancer_tissue,Prostate cancer tissue,11,"tumor
tissues"
PXD066054,prostate cancer,KLA31_11,TCGA-EJ-7791-01A,3.64894508338938,TCGA_PRAD_primary,KLA31_11,cancer_tissue,Prostate cancer tissue,11,"tumor
tissues"
PXD066054,prostate cancer,KLA31_11,TCGA-EJ-7792-01A,3.48887416265706,TCGA_PRAD_primary,KLA31_11,cancer_tissue,Prostate cancer tissue,11,"tumor
tissues"
PXD066054,prostate cancer,KLA31_11,TCGA-EJ-7793-01A,3.66767513156172,TCGA_PRAD_primary,KLA31_11,cancer_tissue,Prostate cancer tissue,11,"tumor
tissues"
PXD066054,prostate cancer,KLA31_11,TCGA-EJ-7794-01A,3.79196304420793,TCGA_PRAD_primary,KLA31_11,cancer_tissue,Prostate cancer tissue,11,"tumor
tissues"
PXD066054,prostate cancer,KLA31_11,TCGA-EJ-7797-01A,3.62081368233886,TCGA_PRAD_primary,KLA31_11,cancer_tissue,Prostate cancer tissue,11,"tumor
tissues"
PXD066054,prostate cancer,KLA31_11,TCGA-EJ-8468-01A,3.5509262121246,TCGA_PRAD_primary,KLA31_11,cancer_tissue,Prostate cancer tissue,11,"tumor
tissues"
PXD066054,prostate cancer,KLA31_11,TCGA-EJ-8469-01A,4.36425792162841,TCGA_PRAD_primary,KLA31_11,cancer_tissue,Prostate cancer tissue,11,"tumor
tissues"
PXD066054,prostate cancer,KLA31_11,TCGA-EJ-8470-01A,3.87787371314822,TCGA_PRAD_primary,KLA31_11,cancer_tissue,Prostate cancer tissue,11,"tumor
tissues"
PXD066054,prostate cancer,KLA31_11,TCGA-EJ-8472-01A,4.21901589926218,TCGA_PRAD_primary,KLA31_11,cancer_tissue,Prostate cancer tissue,11,"tumor
tissues"
PXD066054,prostate cancer,KLA31_11,TCGA-EJ-8474-01A,3.89334128814005,TCGA_PRAD_primary,KLA31_11,cancer_tissue,Prostate cancer tissue,11,"tumor
tissues"
PXD066054,prostate cancer,KLA31_11,TCGA-EJ-A46B-01A,3.38783674393329,TCGA_PRAD_primary,KLA31_11,cancer_tissue,Prostate cancer tissue,11,"tumor
tissues"
PXD066054,prostate cancer,KLA31_11,TCGA-EJ-A46D-01A,3.4362633234657,TCGA_PRAD_primary,KLA31_11,cancer_tissue,Prostate cancer tissue,11,"tumor
tissues"
PXD066054,prostate cancer,KLA31_11,TCGA-EJ-A46E-01A,3.39518097692084,TCGA_PRAD_primary,KLA31_11,cancer_tissue,Prostate cancer tissue,11,"tumor
tissues"
PXD066054,prostate cancer,KLA31_11,TCGA-EJ-A46F-01A,4.00922069412825,TCGA_PRAD_primary,KLA31_11,cancer_tissue,Prostate cancer tissue,11,"tumor
tissues"
PXD066054,prostate cancer,KLA31_11,TCGA-EJ-A46G-01A,4.11872313863739,TCGA_PRAD_primary,KLA31_11,cancer_tissue,Prostate cancer tissue,11,"tumor
tissues"
PXD066054,prostate cancer,KLA31_11,TCGA-EJ-A46H-01A,3.28638382066915,TCGA_PRAD_primary,KLA31_11,cancer_tissue,Prostate cancer tissue,11,"tumor
tissues"
PXD066054,prostate cancer,KLA31_11,TCGA-EJ-A46I-01A,3.50602960157586,TCGA_PRAD_primary,KLA31_11,cancer_tissue,Prostate cancer tissue,11,"tumor
tissues"
PXD066054,prostate cancer,KLA31_11,TCGA-EJ-A65B-01A,3.55931109649452,TCGA_PRAD_primary,KLA31_11,cancer_tissue,Prostate cancer tissue,11,"tumor
tissues"
PXD066054,prostate cancer,KLA31_11,TCGA-EJ-A65D-01A,4.23105088755919,TCGA_PRAD_primary,KLA31_11,cancer_tissue,Prostate cancer tissue,11,"tumor
tissues"
PXD066054,prostate cancer,KLA31_11,TCGA-EJ-A65E-01A,3.93791265335638,TCGA_PRAD_primary,KLA31_11,cancer_tissue,Prostate cancer tissue,11,"tumor
tissues"
PXD066054,prostate cancer,KLA31_11,TCGA-EJ-A65F-01A,3.7422476119602,TCGA_PRAD_primary,KLA31_11,cancer_tissue,Prostate cancer tissue,11,"tumor
tissues"
PXD066054,prostate cancer,KLA31_11,TCGA-EJ-A65G-01A,3.55664591403292,TCGA_PRAD_primary,KLA31_11,cancer_tissue,Prostate cancer tissue,11,"tumor
tissues"
PXD066054,prostate cancer,KLA31_11,TCGA-EJ-A65J-01A,3.71843423794913,TCGA_PRAD_primary,KLA31_11,cancer_tissue,Prostate cancer tissue,11,"tumor
tissues"
PXD066054,prostate cancer,KLA31_11,TCGA-EJ-A65M-01A,3.8668770453374,TCGA_PRAD_primary,KLA31_11,cancer_tissue,Prostate cancer tissue,11,"tumor
tissues"
PXD066054,prostate cancer,KLA31_11,TCGA-EJ-A6RA-01A,3.53532535211932,TCGA_PRAD_primary,KLA31_11,cancer_tissue,Prostate cancer tissue,11,"tumor
tissues"
PXD066054,prostate cancer,KLA31_11,TCGA-EJ-A6RC-01A,3.5421851757934,TCGA_PRAD_primary,KLA31_11,cancer_tissue,Prostate cancer tissue,11,"tumor
tissues"
PXD066054,prostate cancer,KLA31_11,TCGA-EJ-A7NF-01A,3.74666163998694,TCGA_PRAD_primary,KLA31_11,cancer_tissue,Prostate cancer tissue,11,"tumor
tissues"
PXD066054,prostate cancer,KLA31_11,TCGA-EJ-A7NG-01A,3.44001541693677,TCGA_PRAD_primary,KLA31_11,cancer_tissue,Prostate cancer tissue,11,"tumor
tissues"
PXD066054,prostate cancer,KLA31_11,TCGA-EJ-A7NH-01A,3.45369015056146,TCGA_PRAD_primary,KLA31_11,cancer_tissue,Prostate cancer tissue,11,"tumor
tissues"
PXD066054,prostate cancer,KLA31_11,TCGA-EJ-A7NJ-01A,3.47086105135376,TCGA_PRAD_primary,KLA31_11,cancer_tissue,Prostate cancer tissue,11,"tumor
tissues"
PXD066054,prostate cancer,KLA31_11,TCGA-EJ-A7NK-01A,3.43816456092542,TCGA_PRAD_primary,KLA31_11,cancer_tissue,Prostate cancer tissue,11,"tumor
tissues"
PXD066054,prostate cancer,KLA31_11,TCGA-EJ-A7NM-01A,3.90388627476425,TCGA_PRAD_primary,KLA31_11,cancer_tissue,Prostate cancer tissue,11,"tumor
tissues"
PXD066054,prostate cancer,KLA31_11,TCGA-EJ-A7NN-01A,3.87301584725563,TCGA_PRAD_primary,KLA31_11,cancer_tissue,Prostate cancer tissue,11,"tumor
tissues"
PXD066054,prostate cancer,KLA31_11,TCGA-EJ-A8FN-01A,3.52665531958062,TCGA_PRAD_primary,KLA31_11,cancer_tissue,Prostate cancer tissue,11,"tumor
tissues"
PXD066054,prostate cancer,KLA31_11,TCGA-EJ-A8FO-01A,3.61710476717738,TCGA_PRAD_primary,KLA31_11,cancer_tissue,Prostate cancer tissue,11,"tumor
tissues"
PXD066054,prostate cancer,KLA31_11,TCGA-EJ-A8FP-01A,3.404612555836,TCGA_PRAD_primary,KLA31_11,cancer_tissue,Prostate cancer tissue,11,"tumor
tissues"
PXD066054,prostate cancer,KLA31_11,TCGA-EJ-A8FS-01A,3.84367255294025,TCGA_PRAD_primary,KLA31_11,cancer_tissue,Prostate cancer tissue,11,"tumor
tissues"
PXD066054,prostate cancer,KLA31_11,TCGA-EJ-A8FU-01A,3.48023178379132,TCGA_PRAD_primary,KLA31_11,cancer_tissue,Prostate cancer tissue,11,"tumor
tissues"
PXD066054,prostate cancer,KLA31_11,TCGA-EJ-AB20-01A,3.38465097501654,TCGA_PRAD_primary,KLA31_11,cancer_tissue,Prostate cancer tissue,11,"tumor
tissues"
PXD066054,prostate cancer,KLA31_11,TCGA-EJ-AB27-01A,3.64795725362343,TCGA_PRAD_primary,KLA31_11,cancer_tissue,Prostate cancer tissue,11,"tumor
tissues"
PXD066054,prostate cancer,KLA31_11,TCGA-FC-7708-01A,3.51846364276352,TCGA_PRAD_primary,KLA31_11,cancer_tissue,Prostate cancer tissue,11,"tumor
tissues"
PXD066054,prostate cancer,KLA31_11,TCGA-FC-7961-01A,4.07302106342611,TCGA_PRAD_primary,KLA31_11,cancer_tissue,Prostate cancer tissue,11,"tumor
tissues"
PXD066054,prostate cancer,KLA31_11,TCGA-FC-A4JI-01A,5.05433451943863,TCGA_PRAD_primary,KLA31_11,cancer_tissue,Prostate cancer tissue,11,"tumor
tissues"
PXD066054,prostate cancer,KLA31_11,TCGA-FC-A5OB-01A,4.07282091950968,TCGA_PRAD_primary,KLA31_11,cancer_tissue,Prostate cancer tissue,11,"tumor
tissues"
PXD066054,prostate cancer,KLA31_11,TCGA-FC-A66V-01A,3.29265039225031,TCGA_PRAD_primary,KLA31_11,cancer_tissue,Prostate cancer tissue,11,"tumor
tissues"
PXD066054,prostate cancer,KLA31_11,TCGA-FC-A6HD-01A,4.15348513609205,TCGA_PRAD_primary,KLA31_11,cancer_tissue,Prostate cancer tissue,11,"tumor
tissues"
PXD066054,prostate cancer,KLA31_11,TCGA-FC-A8O0-01A,3.41826681785381,TCGA_PRAD_primary,KLA31_11,cancer_tissue,Prostate cancer tissue,11,"tumor
tissues"
PXD066054,prostate cancer,KLA31_11,TCGA-G9-6329-01A,3.63581020512729,TCGA_PRAD_primary,KLA31_11,cancer_tissue,Prostate cancer tissue,11,"tumor
tissues"
PXD066054,prostate cancer,KLA31_11,TCGA-G9-6332-01A,3.48667918389131,TCGA_PRAD_primary,KLA31_11,cancer_tissue,Prostate cancer tissue,11,"tumor
tissues"
PXD066054,prostate cancer,KLA31_11,TCGA-G9-6333-01A,3.61363651987891,TCGA_PRAD_primary,KLA31_11,cancer_tissue,Prostate cancer tissue,11,"tumor
tissues"
PXD066054,prostate cancer,KLA31_11,TCGA-G9-6336-01A,3.58591687128832,TCGA_PRAD_primary,KLA31_11,cancer_tissue,Prostate cancer tissue,11,"tumor
tissues"
PXD066054,prostate cancer,KLA31_11,TCGA-G9-6338-01A,3.38193127901401,TCGA_PRAD_primary,KLA31_11,cancer_tissue,Prostate cancer tissue,11,"tumor
tissues"
PXD066054,prostate cancer,KLA31_11,TCGA-G9-6339-01A,3.53552086413943,TCGA_PRAD_primary,KLA31_11,cancer_tissue,Prostate cancer tissue,11,"tumor
tissues"
PXD066054,prostate cancer,KLA31_11,TCGA-G9-6342-01A,3.63923817175577,TCGA_PRAD_primary,KLA31_11,cancer_tissue,Prostate cancer tissue,11,"tumor
tissues"
PXD066054,prostate cancer,KLA31_11,TCGA-G9-6343-01A,3.62315560039057,TCGA_PRAD_primary,KLA31_11,cancer_tissue,Prostate cancer tissue,11,"tumor
tissues"
PXD066054,prostate cancer,KLA31_11,TCGA-G9-6347-01A,3.22889831726556,TCGA_PRAD_primary,KLA31_11,cancer_tissue,Prostate cancer tissue,11,"tumor
tissues"
PXD066054,prostate cancer,KLA31_11,TCGA-G9-6348-01A,3.55844657222192,TCGA_PRAD_primary,KLA31_11,cancer_tissue,Prostate cancer tissue,11,"tumor
tissues"
PXD066054,prostate cancer,KLA31_11,TCGA-G9-6351-01A,3.48773346914592,TCGA_PRAD_primary,KLA31_11,cancer_tissue,Prostate cancer tissue,11,"tumor
tissues"
PXD066054,prostate cancer,KLA31_11,TCGA-G9-6353-01A,3.37389725336028,TCGA_PRAD_primary,KLA31_11,cancer_tissue,Prostate cancer tissue,11,"tumor
tissues"
PXD066054,prostate cancer,KLA31_11,TCGA-G9-6354-01A,3.44545620791456,TCGA_PRAD_primary,KLA31_11,cancer_tissue,Prostate cancer tissue,11,"tumor
tissues"
PXD066054,prostate cancer,KLA31_11,TCGA-G9-6356-01A,3.63734731640204,TCGA_PRAD_primary,KLA31_11,cancer_tissue,Prostate cancer tissue,11,"tumor
tissues"
PXD066054,prostate cancer,KLA31_11,TCGA-G9-6361-01A,3.49874901040184,TCGA_PRAD_primary,KLA31_11,cancer_tissue,Prostate cancer tissue,11,"tumor
tissues"
PXD066054,prostate cancer,KLA31_11,TCGA-G9-6362-01A,3.63689153045636,TCGA_PRAD_primary,KLA31_11,cancer_tissue,Prostate cancer tissue,11,"tumor
tissues"
PXD066054,prostate cancer,KLA31_11,TCGA-G9-6363-01A,3.91383582883667,TCGA_PRAD_primary,KLA31_11,cancer_tissue,Prostate cancer tissue,11,"tumor
tissues"
PXD066054,prostate cancer,KLA31_11,TCGA-G9-6364-01A,3.5171960515502,TCGA_PRAD_primary,KLA31_11,cancer_tissue,Prostate cancer tissue,11,"tumor
tissues"
PXD066054,prostate cancer,KLA31_11,TCGA-G9-6365-01A,3.55190412011457,TCGA_PRAD_primary,KLA31_11,cancer_tissue,Prostate cancer tissue,11,"tumor
tissues"
PXD066054,prostate cancer,KLA31_11,TCGA-G9-6366-01A,3.44708914187241,TCGA_PRAD_primary,KLA31_11,cancer_tissue,Prostate cancer tissue,11,"tumor
tissues"
PXD066054,prostate cancer,KLA31_11,TCGA-G9-6367-01A,3.36064175774045,TCGA_PRAD_primary,KLA31_11,cancer_tissue,Prostate cancer tissue,11,"tumor
tissues"
PXD066054,prostate cancer,KLA31_11,TCGA-G9-6369-01A,3.8572958760864,TCGA_PRAD_primary,KLA31_11,cancer_tissue,Prostate cancer tissue,11,"tumor
tissues"
PXD066054,prostate cancer,KLA31_11,TCGA-G9-6370-01A,3.43210803589583,TCGA_PRAD_primary,KLA31_11,cancer_tissue,Prostate cancer tissue,11,"tumor
tissues"
PXD066054,prostate cancer,KLA31_11,TCGA-G9-6371-01A,3.72243822939971,TCGA_PRAD_primary,KLA31_11,cancer_tissue,Prostate cancer tissue,11,"tumor
tissues"
PXD066054,prostate cancer,KLA31_11,TCGA-G9-6373-01A,3.60107824974113,TCGA_PRAD_primary,KLA31_11,cancer_tissue,Prostate cancer tissue,11,"tumor
tissues"
PXD066054,prostate cancer,KLA31_11,TCGA-G9-6377-01A,3.62312786221947,TCGA_PRAD_primary,KLA31_11,cancer_tissue,Prostate cancer tissue,11,"tumor
tissues"
PXD066054,prostate cancer,KLA31_11,TCGA-G9-6378-01A,3.45985726229999,TCGA_PRAD_primary,KLA31_11,cancer_tissue,Prostate cancer tissue,11,"tumor
tissues"
PXD066054,prostate cancer,KLA31_11,TCGA-G9-6379-01A,3.32561923556998,TCGA_PRAD_primary,KLA31_11,cancer_tissue,Prostate cancer tissue,11,"tumor
tissues"
PXD066054,prostate cancer,KLA31_11,TCGA-G9-6384-01A,3.65046706765422,TCGA_PRAD_primary,KLA31_11,cancer_tissue,Prostate cancer tissue,11,"tumor
tissues"
PXD066054,prostate cancer,KLA31_11,TCGA-G9-6385-01A,3.55351097325277,TCGA_PRAD_primary,KLA31_11,cancer_tissue,Prostate cancer tissue,11,"tumor
tissues"
PXD066054,prostate cancer,KLA31_11,TCGA-G9-6494-01A,3.70673059050156,TCGA_PRAD_primary,KLA31_11,cancer_tissue,Prostate cancer tissue,11,"tumor
tissues"
PXD066054,prostate cancer,KLA31_11,TCGA-G9-6496-01A,3.96076926901367,TCGA_PRAD_primary,KLA31_11,cancer_tissue,Prostate cancer tissue,11,"tumor
tissues"
PXD066054,prostate cancer,KLA31_11,TCGA-G9-6498-01A,3.56503199810866,TCGA_PRAD_primary,KLA31_11,cancer_tissue,Prostate cancer tissue,11,"tumor
tissues"
PXD066054,prostate cancer,KLA31_11,TCGA-G9-6499-01A,3.62618789340795,TCGA_PRAD_primary,KLA31_11,cancer_tissue,Prostate cancer tissue,11,"tumor
tissues"
PXD066054,prostate cancer,KLA31_11,TCGA-G9-7509-01A,3.5395827027735,TCGA_PRAD_primary,KLA31_11,cancer_tissue,Prostate cancer tissue,11,"tumor
tissues"
PXD066054,prostate cancer,KLA31_11,TCGA-G9-7510-01A,3.56112748523049,TCGA_PRAD_primary,KLA31_11,cancer_tissue,Prostate cancer tissue,11,"tumor
tissues"
PXD066054,prostate cancer,KLA31_11,TCGA-G9-7519-01A,3.55606583050793,TCGA_PRAD_primary,KLA31_11,cancer_tissue,Prostate cancer tissue,11,"tumor
tissues"
PXD066054,prostate cancer,KLA31_11,TCGA-G9-7521-01A,3.89238543632866,TCGA_PRAD_primary,KLA31_11,cancer_tissue,Prostate cancer tissue,11,"tumor
tissues"
PXD066054,prostate cancer,KLA31_11,TCGA-G9-7522-01A,3.42619911641004,TCGA_PRAD_primary,KLA31_11,cancer_tissue,Prostate cancer tissue,11,"tumor
tissues"
PXD066054,prostate cancer,KLA31_11,TCGA-G9-7523-01A,3.3841396444998,TCGA_PRAD_primary,KLA31_11,cancer_tissue,Prostate cancer tissue,11,"tumor
tissues"
PXD066054,prostate cancer,KLA31_11,TCGA-G9-7525-01A,3.72099822462588,TCGA_PRAD_primary,KLA31_11,cancer_tissue,Prostate cancer tissue,11,"tumor
tissues"
PXD066054,prostate cancer,KLA31_11,TCGA-G9-A9S0-01A,4.13819721916891,TCGA_PRAD_primary,KLA31_11,cancer_tissue,Prostate cancer tissue,11,"tumor
tissues"
PXD066054,prostate cancer,KLA31_11,TCGA-G9-A9S4-01A,4.14298294519138,TCGA_PRAD_primary,KLA31_11,cancer_tissue,Prostate cancer tissue,11,"tumor
tissues"
PXD066054,prostate cancer,KLA31_11,TCGA-G9-A9S7-01A,3.81722339674244,TCGA_PRAD_primary,KLA31_11,cancer_tissue,Prostate cancer tissue,11,"tumor
tissues"
PXD066054,prostate cancer,KLA31_11,TCGA-H9-7775-01A,3.59403720036444,TCGA_PRAD_primary,KLA31_11,cancer_tissue,Prostate cancer tissue,11,"tumor
tissues"
PXD066054,prostate cancer,KLA31_11,TCGA-H9-A6BX-01A,3.51594046006449,TCGA_PRAD_primary,KLA31_11,cancer_tissue,Prostate cancer tissue,11,"tumor
tissues"
PXD066054,prostate cancer,KLA31_11,TCGA-H9-A6BY-01A,3.7780619375941,TCGA_PRAD_primary,KLA31_11,cancer_tissue,Prostate cancer tissue,11,"tumor
tissues"
PXD066054,prostate cancer,KLA31_11,TCGA-HC-7075-01A,3.72169735437141,TCGA_PRAD_primary,KLA31_11,cancer_tissue,Prostate cancer tissue,11,"tumor
tissues"
PXD066054,prostate cancer,KLA31_11,TCGA-HC-7077-01A,3.96008780629433,TCGA_PRAD_primary,KLA31_11,cancer_tissue,Prostate cancer tissue,11,"tumor
tissues"
PXD066054,prostate cancer,KLA31_11,TCGA-HC-7078-01A,3.68049339314155,TCGA_PRAD_primary,KLA31_11,cancer_tissue,Prostate cancer tissue,11,"tumor
tissues"
PXD066054,prostate cancer,KLA31_11,TCGA-HC-7079-01A,3.77782568885529,TCGA_PRAD_primary,KLA31_11,cancer_tissue,Prostate cancer tissue,11,"tumor
tissues"
PXD066054,prostate cancer,KLA31_11,TCGA-HC-7080-01A,3.73108407132743,TCGA_PRAD_primary,KLA31_11,cancer_tissue,Prostate cancer tissue,11,"tumor
tissues"
PXD066054,prostate cancer,KLA31_11,TCGA-HC-7081-01A,3.74685812039273,TCGA_PRAD_primary,KLA31_11,cancer_tissue,Prostate cancer tissue,11,"tumor
tissues"
PXD066054,prostate cancer,KLA31_11,TCGA-HC-7209-01A,3.78921874988485,TCGA_PRAD_primary,KLA31_11,cancer_tissue,Prostate cancer tissue,11,"tumor
tissues"
PXD066054,prostate cancer,KLA31_11,TCGA-HC-7210-01A,3.53860942487014,TCGA_PRAD_primary,KLA31_11,cancer_tissue,Prostate cancer tissue,11,"tumor
tissues"
PXD066054,prostate cancer,KLA31_11,TCGA-HC-7211-01A,3.85597261222742,TCGA_PRAD_primary,KLA31_11,cancer_tissue,Prostate cancer tissue,11,"tumor
tissues"
PXD066054,prostate cancer,KLA31_11,TCGA-HC-7212-01A,3.94823372862373,TCGA_PRAD_primary,KLA31_11,cancer_tissue,Prostate cancer tissue,11,"tumor
tissues"
PXD066054,prostate cancer,KLA31_11,TCGA-HC-7213-01A,4.2578849303902,TCGA_PRAD_primary,KLA31_11,cancer_tissue,Prostate cancer tissue,11,"tumor
tissues"
PXD066054,prostate cancer,KLA31_11,TCGA-HC-7230-01A,3.9918729146618,TCGA_PRAD_primary,KLA31_11,cancer_tissue,Prostate cancer tissue,11,"tumor
tissues"
PXD066054,prostate cancer,KLA31_11,TCGA-HC-7231-01A,3.68157967852499,TCGA_PRAD_primary,KLA31_11,cancer_tissue,Prostate cancer tissue,11,"tumor
tissues"
PXD066054,prostate cancer,KLA31_11,TCGA-HC-7232-01A,3.57107441542352,TCGA_PRAD_primary,KLA31_11,cancer_tissue,Prostate cancer tissue,11,"tumor
tissues"
PXD066054,prostate cancer,KLA31_11,TCGA-HC-7233-01A,3.71621697295378,TCGA_PRAD_primary,KLA31_11,cancer_tissue,Prostate cancer tissue,11,"tumor
tissues"
PXD066054,prostate cancer,KLA31_11,TCGA-HC-7736-01A,3.86304645896332,TCGA_PRAD_primary,KLA31_11,cancer_tissue,Prostate cancer tissue,11,"tumor
tissues"
PXD066054,prostate cancer,KLA31_11,TCGA-HC-7737-01A,3.63954979407927,TCGA_PRAD_primary,KLA31_11,cancer_tissue,Prostate cancer tissue,11,"tumor
tissues"
PXD066054,prostate cancer,KLA31_11,TCGA-HC-7738-01A,3.94565296523473,TCGA_PRAD_primary,KLA31_11,cancer_tissue,Prostate cancer tissue,11,"tumor
tissues"
PXD066054,prostate cancer,KLA31_11,TCGA-HC-7740-01A,3.39928248164212,TCGA_PRAD_primary,KLA31_11,cancer_tissue,Prostate cancer tissue,11,"tumor
tissues"
PXD066054,prostate cancer,KLA31_11,TCGA-HC-7740-01B,3.33795529074735,TCGA_PRAD_primary,KLA31_11,cancer_tissue,Prostate cancer tissue,11,"tumor
tissues"
PXD066054,prostate cancer,KLA31_11,TCGA-HC-7742-01A,4.03730488245166,TCGA_PRAD_primary,KLA31_11,cancer_tissue,Prostate cancer tissue,11,"tumor
tissues"
PXD066054,prostate cancer,KLA31_11,TCGA-HC-7744-01A,4.18949959824987,TCGA_PRAD_primary,KLA31_11,cancer_tissue,Prostate cancer tissue,11,"tumor
tissues"
PXD066054,prostate cancer,KLA31_11,TCGA-HC-7745-01A,3.40838258111253,TCGA_PRAD_primary,KLA31_11,cancer_tissue,Prostate cancer tissue,11,"tumor
tissues"
PXD066054,prostate cancer,KLA31_11,TCGA-HC-7747-01A,3.58823641214488,TCGA_PRAD_primary,KLA31_11,cancer_tissue,Prostate cancer tissue,11,"tumor
tissues"
PXD066054,prostate cancer,KLA31_11,TCGA-HC-7748-01A,3.60493491213401,TCGA_PRAD_primary,KLA31_11,cancer_tissue,Prostate cancer tissue,11,"tumor
tissues"
PXD066054,prostate cancer,KLA31_11,TCGA-HC-7749-01A,3.58164079550702,TCGA_PRAD_primary,KLA31_11,cancer_tissue,Prostate cancer tissue,11,"tumor
tissues"
PXD066054,prostate cancer,KLA31_11,TCGA-HC-7750-01A,3.64494674241111,TCGA_PRAD_primary,KLA31_11,cancer_tissue,Prostate cancer tissue,11,"tumor
tissues"
PXD066054,prostate cancer,KLA31_11,TCGA-HC-7752-01A,3.26827664192953,TCGA_PRAD_primary,KLA31_11,cancer_tissue,Prostate cancer tissue,11,"tumor
tissues"
PXD066054,prostate cancer,KLA31_11,TCGA-HC-7817-01B,3.79753853989942,TCGA_PRAD_primary,KLA31_11,cancer_tissue,Prostate cancer tissue,11,"tumor
tissues"
PXD066054,prostate cancer,KLA31_11,TCGA-HC-7818-01A,3.61822978615182,TCGA_PRAD_primary,KLA31_11,cancer_tissue,Prostate cancer tissue,11,"tumor
tissues"
PXD066054,prostate cancer,KLA31_11,TCGA-HC-7819-01A,3.80565276076432,TCGA_PRAD_primary,KLA31_11,cancer_tissue,Prostate cancer tissue,11,"tumor
tissues"
PXD066054,prostate cancer,KLA31_11,TCGA-HC-7820-01A,3.43509734889895,TCGA_PRAD_primary,KLA31_11,cancer_tissue,Prostate cancer tissue,11,"tumor
tissues"
PXD066054,prostate cancer,KLA31_11,TCGA-HC-7821-01A,3.77224629424294,TCGA_PRAD_primary,KLA31_11,cancer_tissue,Prostate cancer tissue,11,"tumor
tissues"
PXD066054,prostate cancer,KLA31_11,TCGA-HC-8213-01A,3.54503598141893,TCGA_PRAD_primary,KLA31_11,cancer_tissue,Prostate cancer tissue,11,"tumor
tissues"
PXD066054,prostate cancer,KLA31_11,TCGA-HC-8216-01A,3.9890100378138,TCGA_PRAD_primary,KLA31_11,cancer_tissue,Prostate cancer tissue,11,"tumor
tissues"
PXD066054,prostate cancer,KLA31_11,TCGA-HC-8256-01A,3.83184296646304,TCGA_PRAD_primary,KLA31_11,cancer_tissue,Prostate cancer tissue,11,"tumor
tissues"
PXD066054,prostate cancer,KLA31_11,TCGA-HC-8257-01A,3.71731323247892,TCGA_PRAD_primary,KLA31_11,cancer_tissue,Prostate cancer tissue,11,"tumor
tissues"
PXD066054,prostate cancer,KLA31_11,TCGA-HC-8258-01A,3.52441865718453,TCGA_PRAD_primary,KLA31_11,cancer_tissue,Prostate cancer tissue,11,"tumor
tissues"
PXD066054,prostate cancer,KLA31_11,TCGA-HC-8258-01B,3.54774321004471,TCGA_PRAD_primary,KLA31_11,cancer_tissue,Prostate cancer tissue,11,"tumor
tissues"
PXD066054,prostate cancer,KLA31_11,TCGA-HC-8259-01A,3.75680231100147,TCGA_PRAD_primary,KLA31_11,cancer_tissue,Prostate cancer tissue,11,"tumor
tissues"
PXD066054,prostate cancer,KLA31_11,TCGA-HC-8260-01A,3.506388593363,TCGA_PRAD_primary,KLA31_11,cancer_tissue,Prostate cancer tissue,11,"tumor
tissues"
PXD066054,prostate cancer,KLA31_11,TCGA-HC-8261-01A,3.8572045260677,TCGA_PRAD_primary,KLA31_11,cancer_tissue,Prostate cancer tissue,11,"tumor
tissues"
PXD066054,prostate cancer,KLA31_11,TCGA-HC-8261-01B,3.67145246077115,TCGA_PRAD_primary,KLA31_11,cancer_tissue,Prostate cancer tissue,11,"tumor
tissues"
PXD066054,prostate cancer,KLA31_11,TCGA-HC-8262-01A,3.79893478431369,TCGA_PRAD_primary,KLA31_11,cancer_tissue,Prostate cancer tissue,11,"tumor
tissues"
PXD066054,prostate cancer,KLA31_11,TCGA-HC-8264-01B,3.64644044398678,TCGA_PRAD_primary,KLA31_11,cancer_tissue,Prostate cancer tissue,11,"tumor
tissues"
PXD066054,prostate cancer,KLA31_11,TCGA-HC-8265-01A,3.75262156463261,TCGA_PRAD_primary,KLA31_11,cancer_tissue,Prostate cancer tissue,11,"tumor
tissues"
PXD066054,prostate cancer,KLA31_11,TCGA-HC-8265-01B,3.75604055475517,TCGA_PRAD_primary,KLA31_11,cancer_tissue,Prostate cancer tissue,11,"tumor
tissues"
PXD066054,prostate cancer,KLA31_11,TCGA-HC-8266-01A,3.77215355235005,TCGA_PRAD_primary,KLA31_11,cancer_tissue,Prostate cancer tissue,11,"tumor
tissues"
PXD066054,prostate cancer,KLA31_11,TCGA-HC-A48F-01A,3.81407339844566,TCGA_PRAD_primary,KLA31_11,cancer_tissue,Prostate cancer tissue,11,"tumor
tissues"
PXD066054,prostate cancer,KLA31_11,TCGA-HC-A4ZV-01A,4.40521310094581,TCGA_PRAD_primary,KLA31_11,cancer_tissue,Prostate cancer tissue,11,"tumor
tissues"
PXD066054,prostate cancer,KLA31_11,TCGA-HC-A631-01A,4.17737454402993,TCGA_PRAD_primary,KLA31_11,cancer_tissue,Prostate cancer tissue,11,"tumor
tissues"
PXD066054,prostate cancer,KLA31_11,TCGA-HC-A632-01A,3.83808253268353,TCGA_PRAD_primary,KLA31_11,cancer_tissue,Prostate cancer tissue,11,"tumor
tissues"
PXD066054,prostate cancer,KLA31_11,TCGA-HC-A6AL-01A,3.83257158322008,TCGA_PRAD_primary,KLA31_11,cancer_tissue,Prostate cancer tissue,11,"tumor
tissues"
PXD066054,prostate cancer,KLA31_11,TCGA-HC-A6AN-01A,3.65971231347434,TCGA_PRAD_primary,KLA31_11,cancer_tissue,Prostate cancer tissue,11,"tumor
tissues"
PXD066054,prostate cancer,KLA31_11,TCGA-HC-A6AO-01A,3.8801787609002,TCGA_PRAD_primary,KLA31_11,cancer_tissue,Prostate cancer tissue,11,"tumor
tissues"
PXD066054,prostate cancer,KLA31_11,TCGA-HC-A6AP-01A,3.57003855360251,TCGA_PRAD_primary,KLA31_11,cancer_tissue,Prostate cancer tissue,11,"tumor
tissues"
PXD066054,prostate cancer,KLA31_11,TCGA-HC-A6AQ-01A,3.40423195383024,TCGA_PRAD_primary,KLA31_11,cancer_tissue,Prostate cancer tissue,11,"tumor
tissues"
PXD066054,prostate cancer,KLA31_11,TCGA-HC-A6AS-01A,3.48862934330566,TCGA_PRAD_primary,KLA31_11,cancer_tissue,Prostate cancer tissue,11,"tumor
tissues"
PXD066054,prostate cancer,KLA31_11,TCGA-HC-A6HX-01A,3.38037623615804,TCGA_PRAD_primary,KLA31_11,cancer_tissue,Prostate cancer tissue,11,"tumor
tissues"
PXD066054,prostate cancer,KLA31_11,TCGA-HC-A6HY-01A,3.69524284096647,TCGA_PRAD_primary,KLA31_11,cancer_tissue,Prostate cancer tissue,11,"tumor
tissues"
PXD066054,prostate cancer,KLA31_11,TCGA-HC-A76W-01A,3.60217835551852,TCGA_PRAD_primary,KLA31_11,cancer_tissue,Prostate cancer tissue,11,"tumor
tissues"
PXD066054,prostate cancer,KLA31_11,TCGA-HC-A76X-01A,3.90955455031496,TCGA_PRAD_primary,KLA31_11,cancer_tissue,Prostate cancer tissue,11,"tumor
tissues"
PXD066054,prostate cancer,KLA31_11,TCGA-HC-A8CY-01A,3.86326911293331,TCGA_PRAD_primary,KLA31_11,cancer_tissue,Prostate cancer tissue,11,"tumor
tissues"
PXD066054,prostate cancer,KLA31_11,TCGA-HC-A8D0-01A,3.72456537764277,TCGA_PRAD_primary,KLA31_11,cancer_tissue,Prostate cancer tissue,11,"tumor
tissues"
PXD066054,prostate cancer,KLA31_11,TCGA-HC-A8D1-01A,3.57475431528296,TCGA_PRAD_primary,KLA31_11,cancer_tissue,Prostate cancer tissue,11,"tumor
tissues"
PXD066054,prostate cancer,KLA31_11,TCGA-HC-A9TE-01A,3.35762092317199,TCGA_PRAD_primary,KLA31_11,cancer_tissue,Prostate cancer tissue,11,"tumor
tissues"
PXD066054,prostate cancer,KLA31_11,TCGA-HC-A9TH-01A,4.19160006753183,TCGA_PRAD_primary,KLA31_11,cancer_tissue,Prostate cancer tissue,11,"tumor
tissues"
PXD066054,prostate cancer,KLA31_11,TCGA-HI-7168-01A,3.9021519943385,TCGA_PRAD_primary,KLA31_11,cancer_tissue,Prostate cancer tissue,11,"tumor
tissues"
PXD066054,prostate cancer,KLA31_11,TCGA-HI-7169-01A,3.21571133971605,TCGA_PRAD_primary,KLA31_11,cancer_tissue,Prostate cancer tissue,11,"tumor
tissues"
PXD066054,prostate cancer,KLA31_11,TCGA-HI-7170-01A,3.6143759152574,TCGA_PRAD_primary,KLA31_11,cancer_tissue,Prostate cancer tissue,11,"tumor
tissues"
PXD066054,prostate cancer,KLA31_11,TCGA-HI-7171-01A,3.96522629228221,TCGA_PRAD_primary,KLA31_11,cancer_tissue,Prostate cancer tissue,11,"tumor
tissues"
PXD066054,prostate cancer,KLA31_11,TCGA-J4-8198-01A,3.64355760227344,TCGA_PRAD_primary,KLA31_11,cancer_tissue,Prostate cancer tissue,11,"tumor
tissues"
PXD066054,prostate cancer,KLA31_11,TCGA-J4-8200-01A,3.49976044944287,TCGA_PRAD_primary,KLA31_11,cancer_tissue,Prostate cancer tissue,11,"tumor
tissues"
PXD066054,prostate cancer,KLA31_11,TCGA-J4-A67K-01A,3.54314463959237,TCGA_PRAD_primary,KLA31_11,cancer_tissue,Prostate cancer tissue,11,"tumor
tissues"
PXD066054,prostate cancer,KLA31_11,TCGA-J4-A67L-01A,3.63465308599164,TCGA_PRAD_primary,KLA31_11,cancer_tissue,Prostate cancer tissue,11,"tumor
tissues"
PXD066054,prostate cancer,KLA31_11,TCGA-J4-A67M-01A,3.26120549846388,TCGA_PRAD_primary,KLA31_11,cancer_tissue,Prostate cancer tissue,11,"tumor
tissues"
PXD066054,prostate cancer,KLA31_11,TCGA-J4-A67N-01A,3.34692030206251,TCGA_PRAD_primary,KLA31_11,cancer_tissue,Prostate cancer tissue,11,"tumor
tissues"
PXD066054,prostate cancer,KLA31_11,TCGA-J4-A67O-01A,3.23719183678901,TCGA_PRAD_primary,KLA31_11,cancer_tissue,Prostate cancer tissue,11,"tumor
tissues"
PXD066054,prostate cancer,KLA31_11,TCGA-J4-A67Q-01A,3.24462035280299,TCGA_PRAD_primary,KLA31_11,cancer_tissue,Prostate cancer tissue,11,"tumor
tissues"
PXD066054,prostate cancer,KLA31_11,TCGA-J4-A67R-01A,3.33739562921372,TCGA_PRAD_primary,KLA31_11,cancer_tissue,Prostate cancer tissue,11,"tumor
tissues"
PXD066054,prostate cancer,KLA31_11,TCGA-J4-A67S-01A,3.40821241943654,TCGA_PRAD_primary,KLA31_11,cancer_tissue,Prostate cancer tissue,11,"tumor
tissues"
PXD066054,prostate cancer,KLA31_11,TCGA-J4-A67T-01A,3.55276212252618,TCGA_PRAD_primary,KLA31_11,cancer_tissue,Prostate cancer tissue,11,"tumor
tissues"
PXD066054,prostate cancer,KLA31_11,TCGA-J4-A6G1-01A,4.05066275022788,TCGA_PRAD_primary,KLA31_11,cancer_tissue,Prostate cancer tissue,11,"tumor
tissues"
PXD066054,prostate cancer,KLA31_11,TCGA-J4-A6G3-01A,4.07319054190034,TCGA_PRAD_primary,KLA31_11,cancer_tissue,Prostate cancer tissue,11,"tumor
tissues"
PXD066054,prostate cancer,KLA31_11,TCGA-J4-A6M7-01A,3.76953430607409,TCGA_PRAD_primary,KLA31_11,cancer_tissue,Prostate cancer tissue,11,"tumor
tissues"
PXD066054,prostate cancer,KLA31_11,TCGA-J4-A83I-01A,3.61295456540306,TCGA_PRAD_primary,KLA31_11,cancer_tissue,Prostate cancer tissue,11,"tumor
tissues"
PXD066054,prostate cancer,KLA31_11,TCGA-J4-A83J-01A,3.85653742885381,TCGA_PRAD_primary,KLA31_11,cancer_tissue,Prostate cancer tissue,11,"tumor
tissues"
PXD066054,prostate cancer,KLA31_11,TCGA-J4-A83K-01A,3.53198227399548,TCGA_PRAD_primary,KLA31_11,cancer_tissue,Prostate cancer tissue,11,"tumor
tissues"
PXD066054,prostate cancer,KLA31_11,TCGA-J4-A83L-01A,3.4819226144678,TCGA_PRAD_primary,KLA31_11,cancer_tissue,Prostate cancer tissue,11,"tumor
tissues"
PXD066054,prostate cancer,KLA31_11,TCGA-J4-A83M-01A,3.47662007616324,TCGA_PRAD_primary,KLA31_11,cancer_tissue,Prostate cancer tissue,11,"tumor
tissues"
PXD066054,prostate cancer,KLA31_11,TCGA-J4-A83N-01A,3.71743429678968,TCGA_PRAD_primary,KLA31_11,cancer_tissue,Prostate cancer tissue,11,"tumor
tissues"
PXD066054,prostate cancer,KLA31_11,TCGA-J4-AATV-01A,3.45603319251508,TCGA_PRAD_primary,KLA31_11,cancer_tissue,Prostate cancer tissue,11,"tumor
tissues"
PXD066054,prostate cancer,KLA31_11,TCGA-J4-AATZ-01A,3.84320308352095,TCGA_PRAD_primary,KLA31_11,cancer_tissue,Prostate cancer tissue,11,"tumor
tissues"
PXD066054,prostate cancer,KLA31_11,TCGA-J4-AAU2-01A,3.63538503842359,TCGA_PRAD_primary,KLA31_11,cancer_tissue,Prostate cancer tissue,11,"tumor
tissues"
PXD066054,prostate cancer,KLA31_11,TCGA-J9-A52B-01A,3.8800630462181,TCGA_PRAD_primary,KLA31_11,cancer_tissue,Prostate cancer tissue,11,"tumor
tissues"
PXD066054,prostate cancer,KLA31_11,TCGA-J9-A52C-01A,3.37387806574936,TCGA_PRAD_primary,KLA31_11,cancer_tissue,Prostate cancer tissue,11,"tumor
tissues"
PXD066054,prostate cancer,KLA31_11,TCGA-J9-A52D-01A,4.14108522668257,TCGA_PRAD_primary,KLA31_11,cancer_tissue,Prostate cancer tissue,11,"tumor
tissues"
PXD066054,prostate cancer,KLA31_11,TCGA-J9-A52E-01A,4.17509607973465,TCGA_PRAD_primary,KLA31_11,cancer_tissue,Prostate cancer tissue,11,"tumor
tissues"
PXD066054,prostate cancer,KLA31_11,TCGA-J9-A8CK-01A,3.81683525001609,TCGA_PRAD_primary,KLA31_11,cancer_tissue,Prostate cancer tissue,11,"tumor
tissues"
PXD066054,prostate cancer,KLA31_11,TCGA-J9-A8CL-01A,4.07016297014077,TCGA_PRAD_primary,KLA31_11,cancer_tissue,Prostate cancer tissue,11,"tumor
tissues"
PXD066054,prostate cancer,KLA31_11,TCGA-J9-A8CM-01A,3.90981085280242,TCGA_PRAD_primary,KLA31_11,cancer_tissue,Prostate cancer tissue,11,"tumor
tissues"
PXD066054,prostate cancer,KLA31_11,TCGA-J9-A8CN-01A,3.71072721674189,TCGA_PRAD_primary,KLA31_11,cancer_tissue,Prostate cancer tissue,11,"tumor
tissues"
PXD066054,prostate cancer,KLA31_11,TCGA-J9-A8CP-01A,3.61249028874997,TCGA_PRAD_primary,KLA31_11,cancer_tissue,Prostate cancer tissue,11,"tumor
tissues"
PXD066054,prostate cancer,KLA31_11,TCGA-KC-A4BL-01A,3.62521907008424,TCGA_PRAD_primary,KLA31_11,cancer_tissue,Prostate cancer tissue,11,"tumor
tissues"
PXD066054,prostate cancer,KLA31_11,TCGA-KC-A4BN-01A,3.76165304898047,TCGA_PRAD_primary,KLA31_11,cancer_tissue,Prostate cancer tissue,11,"tumor
tissues"
PXD066054,prostate cancer,KLA31_11,TCGA-KC-A4BR-01A,3.5023352100404,TCGA_PRAD_primary,KLA31_11,cancer_tissue,Prostate cancer tissue,11,"tumor
tissues"
PXD066054,prostate cancer,KLA31_11,TCGA-KC-A4BV-01A,3.83749979812814,TCGA_PRAD_primary,KLA31_11,cancer_tissue,Prostate cancer tissue,11,"tumor
tissues"
PXD066054,prostate cancer,KLA31_11,TCGA-KC-A7F3-01A,3.74855404504619,TCGA_PRAD_primary,KLA31_11,cancer_tissue,Prostate cancer tissue,11,"tumor
tissues"
PXD066054,prostate cancer,KLA31_11,TCGA-KC-A7F5-01A,4.11002018590429,TCGA_PRAD_primary,KLA31_11,cancer_tissue,Prostate cancer tissue,11,"tumor
tissues"
PXD066054,prostate cancer,KLA31_11,TCGA-KC-A7F6-01A,3.80240590031577,TCGA_PRAD_primary,KLA31_11,cancer_tissue,Prostate cancer tissue,11,"tumor
tissues"
PXD066054,prostate cancer,KLA31_11,TCGA-KC-A7FA-01A,3.62085310132681,TCGA_PRAD_primary,KLA31_11,cancer_tissue,Prostate cancer tissue,11,"tumor
tissues"
PXD066054,prostate cancer,KLA31_11,TCGA-KC-A7FD-01A,4.0069965768189,TCGA_PRAD_primary,KLA31_11,cancer_tissue,Prostate cancer tissue,11,"tumor
tissues"
PXD066054,prostate cancer,KLA31_11,TCGA-KC-A7FE-01A,3.44099427107286,TCGA_PRAD_primary,KLA31_11,cancer_tissue,Prostate cancer tissue,11,"tumor
tissues"
PXD066054,prostate cancer,KLA31_11,TCGA-KK-A59V-01A,4.32565722154,TCGA_PRAD_primary,KLA31_11,cancer_tissue,Prostate cancer tissue,11,"tumor
tissues"
PXD066054,prostate cancer,KLA31_11,TCGA-KK-A59X-01A,4.13751543798711,TCGA_PRAD_primary,KLA31_11,cancer_tissue,Prostate cancer tissue,11,"tumor
tissues"
PXD066054,prostate cancer,KLA31_11,TCGA-KK-A59Y-01A,3.7795016291511,TCGA_PRAD_primary,KLA31_11,cancer_tissue,Prostate cancer tissue,11,"tumor
tissues"
PXD066054,prostate cancer,KLA31_11,TCGA-KK-A59Z-01A,3.67718884991132,TCGA_PRAD_primary,KLA31_11,cancer_tissue,Prostate cancer tissue,11,"tumor
tissues"
PXD066054,prostate cancer,KLA31_11,TCGA-KK-A5A1-01A,4.32732173299263,TCGA_PRAD_primary,KLA31_11,cancer_tissue,Prostate cancer tissue,11,"tumor
tissues"
PXD066054,prostate cancer,KLA31_11,TCGA-KK-A6DY-01A,3.6339639283047,TCGA_PRAD_primary,KLA31_11,cancer_tissue,Prostate cancer tissue,11,"tumor
tissues"
PXD066054,prostate cancer,KLA31_11,TCGA-KK-A6E0-01A,3.9435964237042,TCGA_PRAD_primary,KLA31_11,cancer_tissue,Prostate cancer tissue,11,"tumor
tissues"
PXD066054,prostate cancer,KLA31_11,TCGA-KK-A6E1-01A,4.12552181764355,TCGA_PRAD_primary,KLA31_11,cancer_tissue,Prostate cancer tissue,11,"tumor
tissues"
PXD066054,prostate cancer,KLA31_11,TCGA-KK-A6E2-01A,3.90763572970707,TCGA_PRAD_primary,KLA31_11,cancer_tissue,Prostate cancer tissue,11,"tumor
tissues"
PXD066054,prostate cancer,KLA31_11,TCGA-KK-A6E3-01A,3.3394815409252,TCGA_PRAD_primary,KLA31_11,cancer_tissue,Prostate cancer tissue,11,"tumor
tissues"
PXD066054,prostate cancer,KLA31_11,TCGA-KK-A6E4-01A,3.69938902363076,TCGA_PRAD_primary,KLA31_11,cancer_tissue,Prostate cancer tissue,11,"tumor
tissues"
PXD066054,prostate cancer,KLA31_11,TCGA-KK-A6E5-01A,3.63980828289232,TCGA_PRAD_primary,KLA31_11,cancer_tissue,Prostate cancer tissue,11,"tumor
tissues"
PXD066054,prostate cancer,KLA31_11,TCGA-KK-A6E6-01A,3.66244551372926,TCGA_PRAD_primary,KLA31_11,cancer_tissue,Prostate cancer tissue,11,"tumor
tissues"
PXD066054,prostate cancer,KLA31_11,TCGA-KK-A6E7-01A,4.10762179616012,TCGA_PRAD_primary,KLA31_11,cancer_tissue,Prostate cancer tissue,11,"tumor
tissues"
PXD066054,prostate cancer,KLA31_11,TCGA-KK-A6E8-01A,3.75015979649564,TCGA_PRAD_primary,KLA31_11,cancer_tissue,Prostate cancer tissue,11,"tumor
tissues"
PXD066054,prostate cancer,KLA31_11,TCGA-KK-A7AP-01A,3.82089817437098,TCGA_PRAD_primary,KLA31_11,cancer_tissue,Prostate cancer tissue,11,"tumor
tissues"
PXD066054,prostate cancer,KLA31_11,TCGA-KK-A7AQ-01A,3.6971292843677,TCGA_PRAD_primary,KLA31_11,cancer_tissue,Prostate cancer tissue,11,"tumor
tissues"
PXD066054,prostate cancer,KLA31_11,TCGA-KK-A7AU-01A,3.91404964559922,TCGA_PRAD_primary,KLA31_11,cancer_tissue,Prostate cancer tissue,11,"tumor
tissues"
PXD066054,prostate cancer,KLA31_11,TCGA-KK-A7AV-01A,3.54875519770932,TCGA_PRAD_primary,KLA31_11,cancer_tissue,Prostate cancer tissue,11,"tumor
tissues"
PXD066054,prostate cancer,KLA31_11,TCGA-KK-A7AW-01A,3.53888663088263,TCGA_PRAD_primary,KLA31_11,cancer_tissue,Prostate cancer tissue,11,"tumor
tissues"
PXD066054,prostate cancer,KLA31_11,TCGA-KK-A7AY-01A,3.56803159485811,TCGA_PRAD_primary,KLA31_11,cancer_tissue,Prostate cancer tissue,11,"tumor
tissues"
PXD066054,prostate cancer,KLA31_11,TCGA-KK-A7AZ-01A,3.83731101228418,TCGA_PRAD_primary,KLA31_11,cancer_tissue,Prostate cancer tissue,11,"tumor
tissues"
PXD066054,prostate cancer,KLA31_11,TCGA-KK-A7B0-01A,3.42858745044076,TCGA_PRAD_primary,KLA31_11,cancer_tissue,Prostate cancer tissue,11,"tumor
tissues"
PXD066054,prostate cancer,KLA31_11,TCGA-KK-A7B1-01A,3.68703317867969,TCGA_PRAD_primary,KLA31_11,cancer_tissue,Prostate cancer tissue,11,"tumor
tissues"
PXD066054,prostate cancer,KLA31_11,TCGA-KK-A7B2-01A,3.45593049473838,TCGA_PRAD_primary,KLA31_11,cancer_tissue,Prostate cancer tissue,11,"tumor
tissues"
PXD066054,prostate cancer,KLA31_11,TCGA-KK-A7B3-01A,3.49285169414316,TCGA_PRAD_primary,KLA31_11,cancer_tissue,Prostate cancer tissue,11,"tumor
tissues"
PXD066054,prostate cancer,KLA31_11,TCGA-KK-A7B4-01A,4.23253519331105,TCGA_PRAD_primary,KLA31_11,cancer_tissue,Prostate cancer tissue,11,"tumor
tissues"
PXD066054,prostate cancer,KLA31_11,TCGA-KK-A8I4-01A,3.61939077653433,TCGA_PRAD_primary,KLA31_11,cancer_tissue,Prostate cancer tissue,11,"tumor
tissues"
PXD066054,prostate cancer,KLA31_11,TCGA-KK-A8I5-01A,3.53537850810735,TCGA_PRAD_primary,KLA31_11,cancer_tissue,Prostate cancer tissue,11,"tumor
tissues"
PXD066054,prostate cancer,KLA31_11,TCGA-KK-A8I6-01A,3.76126197216803,TCGA_PRAD_primary,KLA31_11,cancer_tissue,Prostate cancer tissue,11,"tumor
tissues"
PXD066054,prostate cancer,KLA31_11,TCGA-KK-A8I7-01A,3.69689213625583,TCGA_PRAD_primary,KLA31_11,cancer_tissue,Prostate cancer tissue,11,"tumor
tissues"
PXD066054,prostate cancer,KLA31_11,TCGA-KK-A8I8-01A,3.9048814509269,TCGA_PRAD_primary,KLA31_11,cancer_tissue,Prostate cancer tissue,11,"tumor
tissues"
PXD066054,prostate cancer,KLA31_11,TCGA-KK-A8I9-01A,3.70384280708714,TCGA_PRAD_primary,KLA31_11,cancer_tissue,Prostate cancer tissue,11,"tumor
tissues"
PXD066054,prostate cancer,KLA31_11,TCGA-KK-A8IA-01A,4.05287118539452,TCGA_PRAD_primary,KLA31_11,cancer_tissue,Prostate cancer tissue,11,"tumor
tissues"
PXD066054,prostate cancer,KLA31_11,TCGA-KK-A8IB-01A,3.9076609836856,TCGA_PRAD_primary,KLA31_11,cancer_tissue,Prostate cancer tissue,11,"tumor
tissues"
PXD066054,prostate cancer,KLA31_11,TCGA-KK-A8IC-01A,3.77070607287521,TCGA_PRAD_primary,KLA31_11,cancer_tissue,Prostate cancer tissue,11,"tumor
tissues"
PXD066054,prostate cancer,KLA31_11,TCGA-KK-A8ID-01A,4.28179897187102,TCGA_PRAD_primary,KLA31_11,cancer_tissue,Prostate cancer tissue,11,"tumor
tissues"
PXD066054,prostate cancer,KLA31_11,TCGA-KK-A8IF-01A,3.775216717218,TCGA_PRAD_primary,KLA31_11,cancer_tissue,Prostate cancer tissue,11,"tumor
tissues"
PXD066054,prostate cancer,KLA31_11,TCGA-KK-A8IG-01A,3.47232445826022,TCGA_PRAD_primary,KLA31_11,cancer_tissue,Prostate cancer tissue,11,"tumor
tissues"
PXD066054,prostate cancer,KLA31_11,TCGA-KK-A8IH-01A,3.52587374329249,TCGA_PRAD_primary,KLA31_11,cancer_tissue,Prostate cancer tissue,11,"tumor
tissues"
PXD066054,prostate cancer,KLA31_11,TCGA-KK-A8II-01A,3.87851852139715,TCGA_PRAD_primary,KLA31_11,cancer_tissue,Prostate cancer tissue,11,"tumor
tissues"
PXD066054,prostate cancer,KLA31_11,TCGA-KK-A8IJ-01A,3.70845296421545,TCGA_PRAD_primary,KLA31_11,cancer_tissue,Prostate cancer tissue,11,"tumor
tissues"
PXD066054,prostate cancer,KLA31_11,TCGA-KK-A8IK-01A,4.17138715613092,TCGA_PRAD_primary,KLA31_11,cancer_tissue,Prostate cancer tissue,11,"tumor
tissues"
PXD066054,prostate cancer,KLA31_11,TCGA-KK-A8IL-01A,3.84087194285504,TCGA_PRAD_primary,KLA31_11,cancer_tissue,Prostate cancer tissue,11,"tumor
tissues"
PXD066054,prostate cancer,KLA31_11,TCGA-KK-A8IM-01A,3.67557199502111,TCGA_PRAD_primary,KLA31_11,cancer_tissue,Prostate cancer tissue,11,"tumor
tissues"
PXD066054,prostate cancer,KLA31_11,TCGA-M7-A71Y-01A,3.49057505919413,TCGA_PRAD_primary,KLA31_11,cancer_tissue,Prostate cancer tissue,11,"tumor
tissues"
PXD066054,prostate cancer,KLA31_11,TCGA-M7-A71Z-01A,3.83195347233016,TCGA_PRAD_primary,KLA31_11,cancer_tissue,Prostate cancer tissue,11,"tumor
tissues"
PXD066054,prostate cancer,KLA31_11,TCGA-M7-A720-01A,3.43175046068003,TCGA_PRAD_primary,KLA31_11,cancer_tissue,Prostate cancer tissue,11,"tumor
tissues"
PXD066054,prostate cancer,KLA31_11,TCGA-M7-A721-01A,3.68875733158789,TCGA_PRAD_primary,KLA31_11,cancer_tissue,Prostate cancer tissue,11,"tumor
tissues"
PXD066054,prostate cancer,KLA31_11,TCGA-M7-A722-01A,4.00734930434886,TCGA_PRAD_primary,KLA31_11,cancer_tissue,Prostate cancer tissue,11,"tumor
tissues"
PXD066054,prostate cancer,KLA31_11,TCGA-M7-A723-01A,3.40634794757932,TCGA_PRAD_primary,KLA31_11,cancer_tissue,Prostate cancer tissue,11,"tumor
tissues"
PXD066054,prostate cancer,KLA31_11,TCGA-M7-A724-01A,4.40530201040524,TCGA_PRAD_primary,KLA31_11,cancer_tissue,Prostate cancer tissue,11,"tumor
tissues"
PXD066054,prostate cancer,KLA31_11,TCGA-M7-A725-01A,4.23514959472796,TCGA_PRAD_primary,KLA31_11,cancer_tissue,Prostate cancer tissue,11,"tumor
tissues"
PXD066054,prostate cancer,KLA31_11,TCGA-MG-AAMC-01A,3.63146289418606,TCGA_PRAD_primary,KLA31_11,cancer_tissue,Prostate cancer tissue,11,"tumor
tissues"
PXD066054,prostate cancer,KLA31_11,TCGA-QU-A6IL-01A,3.71535055866121,TCGA_PRAD_primary,KLA31_11,cancer_tissue,Prostate cancer tissue,11,"tumor
tissues"
PXD066054,prostate cancer,KLA31_11,TCGA-QU-A6IM-01A,3.40378077129954,TCGA_PRAD_primary,KLA31_11,cancer_tissue,Prostate cancer tissue,11,"tumor
tissues"
PXD066054,prostate cancer,KLA31_11,TCGA-QU-A6IN-01A,3.60316891151356,TCGA_PRAD_primary,KLA31_11,cancer_tissue,Prostate cancer tissue,11,"tumor
tissues"
PXD066054,prostate cancer,KLA31_11,TCGA-QU-A6IO-01A,3.4251548744564,TCGA_PRAD_primary,KLA31_11,cancer_tissue,Prostate cancer tissue,11,"tumor
tissues"
PXD066054,prostate cancer,KLA31_11,TCGA-QU-A6IP-01A,3.59404592275465,TCGA_PRAD_primary,KLA31_11,cancer_tissue,Prostate cancer tissue,11,"tumor
tissues"
PXD066054,prostate cancer,KLA31_11,TCGA-SU-A7E7-01A,3.63495858889942,TCGA_PRAD_primary,KLA31_11,cancer_tissue,Prostate cancer tissue,11,"tumor
tissues"
PXD066054,prostate cancer,KLA31_11,TCGA-TK-A8OK-01A,3.50192014101907,TCGA_PRAD_primary,KLA31_11,cancer_tissue,Prostate cancer tissue,11,"tumor
tissues"
PXD066054,prostate cancer,KLA31_11,TCGA-TP-A8TT-01A,3.47777305950784,TCGA_PRAD_primary,KLA31_11,cancer_tissue,Prostate cancer tissue,11,"tumor
tissues"
PXD066054,prostate cancer,KLA31_11,TCGA-TP-A8TV-01A,3.85865216009898,TCGA_PRAD_primary,KLA31_11,cancer_tissue,Prostate cancer tissue,11,"tumor
tissues"
PXD066054,prostate cancer,KLA31_11,TCGA-V1-A8MF-01A,3.55577933403747,TCGA_PRAD_primary,KLA31_11,cancer_tissue,Prostate cancer tissue,11,"tumor
tissues"
PXD066054,prostate cancer,KLA31_11,TCGA-V1-A8MG-01A,3.65918722366586,TCGA_PRAD_primary,KLA31_11,cancer_tissue,Prostate cancer tissue,11,"tumor
tissues"
PXD066054,prostate cancer,KLA31_11,TCGA-V1-A8MJ-01A,3.5899578027878,TCGA_PRAD_primary,KLA31_11,cancer_tissue,Prostate cancer tissue,11,"tumor
tissues"
PXD066054,prostate cancer,KLA31_11,TCGA-V1-A8MK-01A,3.47417420320075,TCGA_PRAD_primary,KLA31_11,cancer_tissue,Prostate cancer tissue,11,"tumor
tissues"
PXD066054,prostate cancer,KLA31_11,TCGA-V1-A8ML-01A,3.64981555926496,TCGA_PRAD_primary,KLA31_11,cancer_tissue,Prostate cancer tissue,11,"tumor
tissues"
PXD066054,prostate cancer,KLA31_11,TCGA-V1-A8MM-01A,3.66336132008557,TCGA_PRAD_primary,KLA31_11,cancer_tissue,Prostate cancer tissue,11,"tumor
tissues"
PXD066054,prostate cancer,KLA31_11,TCGA-V1-A8MU-01A,3.55405124926085,TCGA_PRAD_primary,KLA31_11,cancer_tissue,Prostate cancer tissue,11,"tumor
tissues"
PXD066054,prostate cancer,KLA31_11,TCGA-V1-A8WL-01A,3.50811459100667,TCGA_PRAD_primary,KLA31_11,cancer_tissue,Prostate cancer tissue,11,"tumor
tissues"
PXD066054,prostate cancer,KLA31_11,TCGA-V1-A8WN-01A,3.63533726775215,TCGA_PRAD_primary,KLA31_11,cancer_tissue,Prostate cancer tissue,11,"tumor
tissues"
PXD066054,prostate cancer,KLA31_11,TCGA-V1-A8WS-01A,3.88480086396582,TCGA_PRAD_primary,KLA31_11,cancer_tissue,Prostate cancer tissue,11,"tumor
tissues"
PXD066054,prostate cancer,KLA31_11,TCGA-V1-A8WV-01A,4.10265266711579,TCGA_PRAD_primary,KLA31_11,cancer_tissue,Prostate cancer tissue,11,"tumor
tissues"
PXD066054,prostate cancer,KLA31_11,TCGA-V1-A8WW-01A,3.92204989383678,TCGA_PRAD_primary,KLA31_11,cancer_tissue,Prostate cancer tissue,11,"tumor
tissues"
PXD066054,prostate cancer,KLA31_11,TCGA-V1-A8X3-01A,3.65951793219508,TCGA_PRAD_primary,KLA31_11,cancer_tissue,Prostate cancer tissue,11,"tumor
tissues"
PXD066054,prostate cancer,KLA31_11,TCGA-V1-A9O5-01A,4.31709437285166,TCGA_PRAD_primary,KLA31_11,cancer_tissue,Prostate cancer tissue,11,"tumor
tissues"
PXD066054,prostate cancer,KLA31_11,TCGA-V1-A9O7-01A,3.78426675747736,TCGA_PRAD_primary,KLA31_11,cancer_tissue,Prostate cancer tissue,11,"tumor
tissues"
PXD066054,prostate cancer,KLA31_11,TCGA-V1-A9O9-01A,3.83440806696832,TCGA_PRAD_primary,KLA31_11,cancer_tissue,Prostate cancer tissue,11,"tumor
tissues"
PXD066054,prostate cancer,KLA31_11,TCGA-V1-A9OA-01A,3.56778964138109,TCGA_PRAD_primary,KLA31_11,cancer_tissue,Prostate cancer tissue,11,"tumor
tissues"
PXD066054,prostate cancer,KLA31_11,TCGA-V1-A9OF-01A,3.72029658409181,TCGA_PRAD_primary,KLA31_11,cancer_tissue,Prostate cancer tissue,11,"tumor
tissues"
PXD066054,prostate cancer,KLA31_11,TCGA-V1-A9OH-01A,3.79076405414497,TCGA_PRAD_primary,KLA31_11,cancer_tissue,Prostate cancer tissue,11,"tumor
tissues"
PXD066054,prostate cancer,KLA31_11,TCGA-V1-A9OL-01A,4.28194062218512,TCGA_PRAD_primary,KLA31_11,cancer_tissue,Prostate cancer tissue,11,"tumor
tissues"
PXD066054,prostate cancer,KLA31_11,TCGA-V1-A9OQ-01A,3.56779990881048,TCGA_PRAD_primary,KLA31_11,cancer_tissue,Prostate cancer tissue,11,"tumor
tissues"
PXD066054,prostate cancer,KLA31_11,TCGA-V1-A9OT-01A,3.48742007947194,TCGA_PRAD_primary,KLA31_11,cancer_tissue,Prostate cancer tissue,11,"tumor
tissues"
PXD066054,prostate cancer,KLA31_11,TCGA-V1-A9OX-01A,3.57581848595791,TCGA_PRAD_primary,KLA31_11,cancer_tissue,Prostate cancer tissue,11,"tumor
tissues"
PXD066054,prostate cancer,KLA31_11,TCGA-V1-A9OY-01A,3.63627731279366,TCGA_PRAD_primary,KLA31_11,cancer_tissue,Prostate cancer tissue,11,"tumor
tissues"
PXD066054,prostate cancer,KLA31_11,TCGA-V1-A9Z7-01A,3.93096565125813,TCGA_PRAD_primary,KLA31_11,cancer_tissue,Prostate cancer tissue,11,"tumor
tissues"
PXD066054,prostate cancer,KLA31_11,TCGA-V1-A9Z8-01A,3.78462833937271,TCGA_PRAD_primary,KLA31_11,cancer_tissue,Prostate cancer tissue,11,"tumor
tissues"
PXD066054,prostate cancer,KLA31_11,TCGA-V1-A9Z9-01A,3.65757941441717,TCGA_PRAD_primary,KLA31_11,cancer_tissue,Prostate cancer tissue,11,"tumor
tissues"
PXD066054,prostate cancer,KLA31_11,TCGA-V1-A9ZG-01A,3.72843603485245,TCGA_PRAD_primary,KLA31_11,cancer_tissue,Prostate cancer tissue,11,"tumor
tissues"
PXD066054,prostate cancer,KLA31_11,TCGA-V1-A9ZI-01A,3.80686794439224,TCGA_PRAD_primary,KLA31_11,cancer_tissue,Prostate cancer tissue,11,"tumor
tissues"
PXD066054,prostate cancer,KLA31_11,TCGA-V1-A9ZK-01A,3.69409176866884,TCGA_PRAD_primary,KLA31_11,cancer_tissue,Prostate cancer tissue,11,"tumor
tissues"
PXD066054,prostate cancer,KLA31_11,TCGA-V1-A9ZR-01A,3.31516176405881,TCGA_PRAD_primary,KLA31_11,cancer_tissue,Prostate cancer tissue,11,"tumor
tissues"
PXD066054,prostate cancer,KLA31_11,TCGA-VN-A88I-01A,3.30795687883486,TCGA_PRAD_primary,KLA31_11,cancer_tissue,Prostate cancer tissue,11,"tumor
tissues"
PXD066054,prostate cancer,KLA31_11,TCGA-VN-A88K-01A,3.71814867286336,TCGA_PRAD_primary,KLA31_11,cancer_tissue,Prostate cancer tissue,11,"tumor
tissues"
PXD066054,prostate cancer,KLA31_11,TCGA-VN-A88L-01A,3.58520970534407,TCGA_PRAD_primary,KLA31_11,cancer_tissue,Prostate cancer tissue,11,"tumor
tissues"
PXD066054,prostate cancer,KLA31_11,TCGA-VN-A88M-01A,3.66287231715355,TCGA_PRAD_primary,KLA31_11,cancer_tissue,Prostate cancer tissue,11,"tumor
tissues"
PXD066054,prostate cancer,KLA31_11,TCGA-VN-A88N-01A,3.90092243221597,TCGA_PRAD_primary,KLA31_11,cancer_tissue,Prostate cancer tissue,11,"tumor
tissues"
PXD066054,prostate cancer,KLA31_11,TCGA-VN-A88O-01A,3.68232715120952,TCGA_PRAD_primary,KLA31_11,cancer_tissue,Prostate cancer tissue,11,"tumor
tissues"
PXD066054,prostate cancer,KLA31_11,TCGA-VN-A88P-01A,3.48217417919026,TCGA_PRAD_primary,KLA31_11,cancer_tissue,Prostate cancer tissue,11,"tumor
tissues"
PXD066054,prostate cancer,KLA31_11,TCGA-VN-A88Q-01A,3.67200636271822,TCGA_PRAD_primary,KLA31_11,cancer_tissue,Prostate cancer tissue,11,"tumor
tissues"
PXD066054,prostate cancer,KLA31_11,TCGA-VN-A88R-01A,3.82403961889433,TCGA_PRAD_primary,KLA31_11,cancer_tissue,Prostate cancer tissue,11,"tumor
tissues"
PXD066054,prostate cancer,KLA31_11,TCGA-VN-A943-01A,3.76114112415983,TCGA_PRAD_primary,KLA31_11,cancer_tissue,Prostate cancer tissue,11,"tumor
tissues"
PXD066054,prostate cancer,KLA31_11,TCGA-VP-A872-01A,3.60727876359693,TCGA_PRAD_primary,KLA31_11,cancer_tissue,Prostate cancer tissue,11,"tumor
tissues"
PXD066054,prostate cancer,KLA31_11,TCGA-VP-A875-01A,3.88846832204388,TCGA_PRAD_primary,KLA31_11,cancer_tissue,Prostate cancer tissue,11,"tumor
tissues"
PXD066054,prostate cancer,KLA31_11,TCGA-VP-A876-01A,4.14764719548583,TCGA_PRAD_primary,KLA31_11,cancer_tissue,Prostate cancer tissue,11,"tumor
tissues"
PXD066054,prostate cancer,KLA31_11,TCGA-VP-A878-01A,3.6036885284489,TCGA_PRAD_primary,KLA31_11,cancer_tissue,Prostate cancer tissue,11,"tumor
tissues"
PXD066054,prostate cancer,KLA31_11,TCGA-VP-A879-01A,3.32072448753118,TCGA_PRAD_primary,KLA31_11,cancer_tissue,Prostate cancer tissue,11,"tumor
tissues"
PXD066054,prostate cancer,KLA31_11,TCGA-VP-A87B-01A,3.77166214927547,TCGA_PRAD_primary,KLA31_11,cancer_tissue,Prostate cancer tissue,11,"tumor
tissues"
PXD066054,prostate cancer,KLA31_11,TCGA-VP-A87C-01A,3.85318826042648,TCGA_PRAD_primary,KLA31_11,cancer_tissue,Prostate cancer tissue,11,"tumor
tissues"
PXD066054,prostate cancer,KLA31_11,TCGA-VP-A87D-01A,3.85253451267074,TCGA_PRAD_primary,KLA31_11,cancer_tissue,Prostate cancer tissue,11,"tumor
tissues"
PXD066054,prostate cancer,KLA31_11,TCGA-VP-A87E-01A,3.3735948323189,TCGA_PRAD_primary,KLA31_11,cancer_tissue,Prostate cancer tissue,11,"tumor
tissues"
PXD066054,prostate cancer,KLA31_11,TCGA-VP-A87H-01A,3.98429145099628,TCGA_PRAD_primary,KLA31_11,cancer_tissue,Prostate cancer tissue,11,"tumor
tissues"
PXD066054,prostate cancer,KLA31_11,TCGA-VP-A87J-01A,3.76980514990503,TCGA_PRAD_primary,KLA31_11,cancer_tissue,Prostate cancer tissue,11,"tumor
tissues"
PXD066054,prostate cancer,KLA31_11,TCGA-VP-A87K-01A,3.82093197773731,TCGA_PRAD_primary,KLA31_11,cancer_tissue,Prostate cancer tissue,11,"tumor
tissues"
PXD066054,prostate cancer,KLA31_11,TCGA-VP-AA1N-01A,3.81213796469667,TCGA_PRAD_primary,KLA31_11,cancer_tissue,Prostate cancer tissue,11,"tumor
tissues"
PXD066054,prostate cancer,KLA31_11,TCGA-WW-A8ZI-01A,3.7245115161757,TCGA_PRAD_primary,KLA31_11,cancer_tissue,Prostate cancer tissue,11,"tumor
tissues"
PXD066054,prostate cancer,KLA31_11,TCGA-X4-A8KQ-01A,3.64683418730648,TCGA_PRAD_primary,KLA31_11,cancer_tissue,Prostate cancer tissue,11,"tumor
tissues"
PXD066054,prostate cancer,KLA31_11,TCGA-X4-A8KS-01A,3.45098546857326,TCGA_PRAD_primary,KLA31_11,cancer_tissue,Prostate cancer tissue,11,"tumor
tissues"
PXD066054,prostate cancer,KLA31_11,TCGA-XA-A8JR-01A,3.47951985148899,TCGA_PRAD_primary,KLA31_11,cancer_tissue,Prostate cancer tissue,11,"tumor
tissues"
PXD066054,prostate cancer,KLA31_11,TCGA-XJ-A83F-01A,3.74142295533648,TCGA_PRAD_primary,KLA31_11,cancer_tissue,Prostate cancer tissue,11,"tumor
tissues"
PXD066054,prostate cancer,KLA31_11,TCGA-XJ-A83G-01A,3.78294634219087,TCGA_PRAD_primary,KLA31_11,cancer_tissue,Prostate cancer tissue,11,"tumor
tissues"
PXD066054,prostate cancer,KLA31_11,TCGA-XJ-A83H-01A,3.78983678824185,TCGA_PRAD_primary,KLA31_11,cancer_tissue,Prostate cancer tissue,11,"tumor
tissues"
PXD066054,prostate cancer,KLA31_11,TCGA-XJ-A9DI-01A,3.55413682809732,TCGA_PRAD_primary,KLA31_11,cancer_tissue,Prostate cancer tissue,11,"tumor
tissues"
PXD066054,prostate cancer,KLA31_11,TCGA-XJ-A9DK-01A,3.59692598958911,TCGA_PRAD_primary,KLA31_11,cancer_tissue,Prostate cancer tissue,11,"tumor
tissues"
PXD066054,prostate cancer,KLA31_11,TCGA-XJ-A9DQ-01A,3.43531642296708,TCGA_PRAD_primary,KLA31_11,cancer_tissue,Prostate cancer tissue,11,"tumor
tissues"
PXD066054,prostate cancer,KLA31_11,TCGA-XJ-A9DX-01A,3.72835448972443,TCGA_PRAD_primary,KLA31_11,cancer_tissue,Prostate cancer tissue,11,"tumor
tissues"
PXD066054,prostate cancer,KLA31_11,TCGA-XK-AAIR-01A,3.43596507282889,TCGA_PRAD_primary,KLA31_11,cancer_tissue,Prostate cancer tissue,11,"tumor
tissues"
PXD066054,prostate cancer,KLA31_11,TCGA-XK-AAIV-01A,4.31765610627461,TCGA_PRAD_primary,KLA31_11,cancer_tissue,Prostate cancer tissue,11,"tumor
tissues"
PXD066054,prostate cancer,KLA31_11,TCGA-XK-AAIW-01A,4.9312541006955,TCGA_PRAD_primary,KLA31_11,cancer_tissue,Prostate cancer tissue,11,"tumor
tissues"
PXD066054,prostate cancer,KLA31_11,TCGA-XK-AAJ3-01A,3.75323768220777,TCGA_PRAD_primary,KLA31_11,cancer_tissue,Prostate cancer tissue,11,"tumor
tissues"
PXD066054,prostate cancer,KLA31_11,TCGA-XK-AAJA-01A,3.83586499756893,TCGA_PRAD_primary,KLA31_11,cancer_tissue,Prostate cancer tissue,11,"tumor
tissues"
PXD066054,prostate cancer,KLA31_11,TCGA-XK-AAJP-01A,4.05473251631187,TCGA_PRAD_primary,KLA31_11,cancer_tissue,Prostate cancer tissue,11,"tumor
tissues"
PXD066054,prostate cancer,KLA31_11,TCGA-XK-AAJR-01A,3.87410223444374,TCGA_PRAD_primary,KLA31_11,cancer_tissue,Prostate cancer tissue,11,"tumor
tissues"
PXD066054,prostate cancer,KLA31_11,TCGA-XK-AAJT-01A,3.45108472248478,TCGA_PRAD_primary,KLA31_11,cancer_tissue,Prostate cancer tissue,11,"tumor
tissues"
PXD066054,prostate cancer,KLA31_11,TCGA-XK-AAJU-01A,3.48195467614513,TCGA_PRAD_primary,KLA31_11,cancer_tissue,Prostate cancer tissue,11,"tumor
tissues"
PXD066054,prostate cancer,KLA31_11,TCGA-XK-AAK1-01A,3.65924991038711,TCGA_PRAD_primary,KLA31_11,cancer_tissue,Prostate cancer tissue,11,"tumor
tissues"
PXD066054,prostate cancer,KLA31_11,TCGA-XQ-A8TA-01A,5.10818389457697,TCGA_PRAD_primary,KLA31_11,cancer_tissue,Prostate cancer tissue,11,"tumor
tissues"
PXD066054,prostate cancer,KLA31_11,TCGA-XQ-A8TB-01A,3.70350165043451,TCGA_PRAD_primary,KLA31_11,cancer_tissue,Prostate cancer tissue,11,"tumor
tissues"
PXD066054,prostate cancer,KLA31_11,TCGA-Y6-A8TL-01A,3.64236680746683,TCGA_PRAD_primary,KLA31_11,cancer_tissue,Prostate cancer tissue,11,"tumor
tissues"
PXD066054,prostate cancer,KLA31_11,TCGA-Y6-A9XI-01A,3.72304760063499,TCGA_PRAD_primary,KLA31_11,cancer_tissue,Prostate cancer tissue,11,"tumor
tissues"
PXD066054,prostate cancer,KLA31_11,TCGA-YJ-A8SW-01A,4.21513052740732,TCGA_PRAD_primary,KLA31_11,cancer_tissue,Prostate cancer tissue,11,"tumor
tissues"
PXD066054,prostate cancer,KLA31_11,TCGA-YL-A8HJ-01A,3.65254435551982,TCGA_PRAD_primary,KLA31_11,cancer_tissue,Prostate cancer tissue,11,"tumor
tissues"
PXD066054,prostate cancer,KLA31_11,TCGA-YL-A8HK-01A,3.78884684215981,TCGA_PRAD_primary,KLA31_11,cancer_tissue,Prostate cancer tissue,11,"tumor
tissues"
PXD066054,prostate cancer,KLA31_11,TCGA-YL-A8HL-01A,3.79811242146826,TCGA_PRAD_primary,KLA31_11,cancer_tissue,Prostate cancer tissue,11,"tumor
tissues"
PXD066054,prostate cancer,KLA31_11,TCGA-YL-A8HM-01A,4.2838684374447,TCGA_PRAD_primary,KLA31_11,cancer_tissue,Prostate cancer tissue,11,"tumor
tissues"
PXD066054,prostate cancer,KLA31_11,TCGA-YL-A8HO-01A,3.80136163662258,TCGA_PRAD_primary,KLA31_11,cancer_tissue,Prostate cancer tissue,11,"tumor
tissues"
PXD066054,prostate cancer,KLA31_11,TCGA-YL-A8S8-01A,4.04082393350587,TCGA_PRAD_primary,KLA31_11,cancer_tissue,Prostate cancer tissue,11,"tumor
tissues"
PXD066054,prostate cancer,KLA31_11,TCGA-YL-A8S9-01A,4.0685290078065,TCGA_PRAD_primary,KLA31_11,cancer_tissue,Prostate cancer tissue,11,"tumor
tissues"
PXD066054,prostate cancer,KLA31_11,TCGA-YL-A8SA-01A,3.62417574468618,TCGA_PRAD_primary,KLA31_11,cancer_tissue,Prostate cancer tissue,11,"tumor
tissues"
PXD066054,prostate cancer,KLA31_11,TCGA-YL-A8SB-01A,3.7546310821597,TCGA_PRAD_primary,KLA31_11,cancer_tissue,Prostate cancer tissue,11,"tumor
tissues"
PXD066054,prostate cancer,KLA31_11,TCGA-YL-A8SC-01A,4.08215549409762,TCGA_PRAD_primary,KLA31_11,cancer_tissue,Prostate cancer tissue,11,"tumor
tissues"
PXD066054,prostate cancer,KLA31_11,TCGA-YL-A8SF-01A,4.02928075264863,TCGA_PRAD_primary,KLA31_11,cancer_tissue,Prostate cancer tissue,11,"tumor
tissues"
PXD066054,prostate cancer,KLA31_11,TCGA-YL-A8SH-01B,3.82243634609466,TCGA_PRAD_primary,KLA31_11,cancer_tissue,Prostate cancer tissue,11,"tumor
tissues"
PXD066054,prostate cancer,KLA31_11,TCGA-YL-A8SI-01A,3.54379135855162,TCGA_PRAD_primary,KLA31_11,cancer_tissue,Prostate cancer tissue,11,"tumor
tissues"
PXD066054,prostate cancer,KLA31_11,TCGA-YL-A8SJ-01B,3.92326014511737,TCGA_PRAD_primary,KLA31_11,cancer_tissue,Prostate cancer tissue,11,"tumor
tissues"
PXD066054,prostate cancer,KLA31_11,TCGA-YL-A8SK-01B,3.50877032391837,TCGA_PRAD_primary,KLA31_11,cancer_tissue,Prostate cancer tissue,11,"tumor
tissues"
PXD066054,prostate cancer,KLA31_11,TCGA-YL-A8SL-01B,4.32760904260082,TCGA_PRAD_primary,KLA31_11,cancer_tissue,Prostate cancer tissue,11,"tumor
tissues"
PXD066054,prostate cancer,KLA31_11,TCGA-YL-A8SO-01B,3.85505942642933,TCGA_PRAD_primary,KLA31_11,cancer_tissue,Prostate cancer tissue,11,"tumor
tissues"
PXD066054,prostate cancer,KLA31_11,TCGA-YL-A8SP-01B,4.11511021414868,TCGA_PRAD_primary,KLA31_11,cancer_tissue,Prostate cancer tissue,11,"tumor
tissues"
PXD066054,prostate cancer,KLA31_11,TCGA-YL-A8SQ-01B,3.86645354855425,TCGA_PRAD_primary,KLA31_11,cancer_tissue,Prostate cancer tissue,11,"tumor
tissues"
PXD066054,prostate cancer,KLA31_11,TCGA-YL-A8SR-01B,3.62928208390425,TCGA_PRAD_primary,KLA31_11,cancer_tissue,Prostate cancer tissue,11,"tumor
tissues"
PXD066054,prostate cancer,KLA31_11,TCGA-YL-A9WH-01A,4.24946753180114,TCGA_PRAD_primary,KLA31_11,cancer_tissue,Prostate cancer tissue,11,"tumor
tissues"
PXD066054,prostate cancer,KLA31_11,TCGA-YL-A9WI-01A,4.31601307116287,TCGA_PRAD_primary,KLA31_11,cancer_tissue,Prostate cancer tissue,11,"tumor
tissues"
PXD066054,prostate cancer,KLA31_11,TCGA-YL-A9WJ-01A,3.64689057541019,TCGA_PRAD_primary,KLA31_11,cancer_tissue,Prostate cancer tissue,11,"tumor
tissues"
PXD066054,prostate cancer,KLA31_11,TCGA-YL-A9WK-01A,3.61348570948891,TCGA_PRAD_primary,KLA31_11,cancer_tissue,Prostate cancer tissue,11,"tumor
tissues"
PXD066054,prostate cancer,KLA31_11,TCGA-YL-A9WL-01A,3.98335285155077,TCGA_PRAD_primary,KLA31_11,cancer_tissue,Prostate cancer tissue,11,"tumor
tissues"
PXD066054,prostate cancer,KLA31_11,TCGA-YL-A9WX-01A,3.4998567377864,TCGA_PRAD_primary,KLA31_11,cancer_tissue,Prostate cancer tissue,11,"tumor
tissues"
PXD066054,prostate cancer,KLA31_11,TCGA-YL-A9WY-01A,4.04922252393645,TCGA_PRAD_primary,KLA31_11,cancer_tissue,Prostate cancer tissue,11,"tumor
tissues"
PXD066054,prostate cancer,KLA31_11,TCGA-ZG-A8QW-01A,3.94020475312443,TCGA_PRAD_primary,KLA31_11,cancer_tissue,Prostate cancer tissue,11,"tumor
tissues"
PXD066054,prostate cancer,KLA31_11,TCGA-ZG-A8QX-01A,3.65404935186991,TCGA_PRAD_primary,KLA31_11,cancer_tissue,Prostate cancer tissue,11,"tumor
tissues"
PXD066054,prostate cancer,KLA31_11,TCGA-ZG-A8QY-01A,3.80922898586959,TCGA_PRAD_primary,KLA31_11,cancer_tissue,Prostate cancer tissue,11,"tumor
tissues"
PXD066054,prostate cancer,KLA31_11,TCGA-ZG-A8QZ-01A,3.59767918472394,TCGA_PRAD_primary,KLA31_11,cancer_tissue,Prostate cancer tissue,11,"tumor
tissues"
PXD066054,prostate cancer,KLA31_11,TCGA-ZG-A9KY-01A,4.5544273598026,TCGA_PRAD_primary,KLA31_11,cancer_tissue,Prostate cancer tissue,11,"tumor
tissues"
PXD066054,prostate cancer,KLA31_11,TCGA-ZG-A9L0-01A,3.91712829909963,TCGA_PRAD_primary,KLA31_11,cancer_tissue,Prostate cancer tissue,11,"tumor
tissues"
PXD066054,prostate cancer,KLA31_11,TCGA-ZG-A9L1-01A,4.01651413884157,TCGA_PRAD_primary,KLA31_11,cancer_tissue,Prostate cancer tissue,11,"tumor
tissues"
PXD066054,prostate cancer,KLA31_11,TCGA-ZG-A9L2-01A,3.96921375757567,TCGA_PRAD_primary,KLA31_11,cancer_tissue,Prostate cancer tissue,11,"tumor
tissues"
PXD066054,prostate cancer,KLA31_11,TCGA-ZG-A9L4-01A,3.825482959964,TCGA_PRAD_primary,KLA31_11,cancer_tissue,Prostate cancer tissue,11,"tumor
tissues"
PXD066054,prostate cancer,KLA31_11,TCGA-ZG-A9L5-01A,4.15765252254566,TCGA_PRAD_primary,KLA31_11,cancer_tissue,Prostate cancer tissue,11,"tumor
tissues"
PXD066054,prostate cancer,KLA31_11,TCGA-ZG-A9L6-01A,3.47014031033992,TCGA_PRAD_primary,KLA31_11,cancer_tissue,Prostate cancer tissue,11,"tumor
tissues"
PXD066054,prostate cancer,KLA31_11,TCGA-ZG-A9L9-01A,4.0874738652916,TCGA_PRAD_primary,KLA31_11,cancer_tissue,Prostate cancer tissue,11,"tumor
tissues"
PXD066054,prostate cancer,KLA31_11,TCGA-ZG-A9LB-01A,4.11751217228917,TCGA_PRAD_primary,KLA31_11,cancer_tissue,Prostate cancer tissue,11,"tumor
tissues"
PXD066054,prostate cancer,KLA31_11,TCGA-ZG-A9LM-01A,3.62542121002126,TCGA_PRAD_primary,KLA31_11,cancer_tissue,Prostate cancer tissue,11,"tumor
tissues"
PXD066054,prostate cancer,KLA31_11,TCGA-ZG-A9LN-01A,4.01928944087107,TCGA_PRAD_primary,KLA31_11,cancer_tissue,Prostate cancer tissue,11,"tumor
tissues"
PXD066054,prostate cancer,KLA31_11,TCGA-ZG-A9LS-01A,3.49574535825819,TCGA_PRAD_primary,KLA31_11,cancer_tissue,Prostate cancer tissue,11,"tumor
tissues"
PXD066054,prostate cancer,KLA31_11,TCGA-ZG-A9LU-01A,3.7929704143709,TCGA_PRAD_primary,KLA31_11,cancer_tissue,Prostate cancer tissue,11,"tumor
tissues"
PXD066054,prostate cancer,KLA31_11,TCGA-ZG-A9LY-01A,3.60700050683208,TCGA_PRAD_primary,KLA31_11,cancer_tissue,Prostate cancer tissue,11,"tumor
tissues"
PXD066054,prostate cancer,KLA31_11,TCGA-ZG-A9LZ-01A,3.82838501005211,TCGA_PRAD_primary,KLA31_11,cancer_tissue,Prostate cancer tissue,11,"tumor
tissues"
PXD066054,prostate cancer,KLA31_11,TCGA-ZG-A9M4-01A,3.62175647589229,TCGA_PRAD_primary,KLA31_11,cancer_tissue,Prostate cancer tissue,11,"tumor
tissues"
PXD066054,prostate cancer,KLA31_11,TCGA-ZG-A9MC-01A,3.50841389183321,TCGA_PRAD_primary,KLA31_11,cancer_tissue,Prostate cancer tissue,11,"tumor
tissues"
PXD066054,prostate cancer,KLA31_11,TCGA-ZG-A9N3-01A,4.72297059200484,TCGA_PRAD_primary,KLA31_11,cancer_tissue,Prostate cancer tissue,11,"tumor
tissues"
PXD066054,prostate cancer,KLA31_11,TCGA-ZG-A9ND-01A,3.94314797894721,TCGA_PRAD_primary,KLA31_11,cancer_tissue,Prostate cancer tissue,11,"tumor
tissues"
PXD066054,prostate cancer,KLA31_11,TCGA-ZG-A9NI-01A,3.91669877322592,TCGA_PRAD_primary,KLA31_11,cancer_tissue,Prostate cancer tissue,11,"tumor
tissues"
PXD070007,glioblastoma stem cells,KLA31_23,GSM8255530,5.73780336478162,GSE266884_MES28_vector_control,KLA31_23,cancer_cells,Glioblastoma stem-cell models,24,"cancer
cell lines"
PXD070007,glioblastoma stem cells,KLA31_23,GSM8255531,5.67882769114284,GSE266884_MES28_vector_control,KLA31_23,cancer_cells,Glioblastoma stem-cell models,24,"cancer
cell lines"
PXD070007,glioblastoma stem cells,KLA31_23,GSM8255534,5.71579141024741,GSE266884_MES28_vector_control,KLA31_23,cancer_cells,Glioblastoma stem-cell models,24,"cancer
cell lines"
PXD070007,glioblastoma stem cells,KLA31_23,GSM8255535,5.71571133483874,GSE266884_MES28_vector_control,KLA31_23,cancer_cells,Glioblastoma stem-cell models,24,"cancer
cell lines"
PXD070007,neural stem cells,KLA31_30,GSM3384847,3.63014714678475,GSE119834_NSC,KLA31_30,normal_cells,Neural stem-cell models,33,"normal
cell lines"
PXD070007,neural stem cells,KLA31_30,GSM3384849,4.64083342540434,GSE119834_NSC,KLA31_30,normal_cells,Neural stem-cell models,33,"normal
cell lines"
PXD070007,neural stem cells,KLA31_30,GSM3384850,3.1725600194406,GSE119834_NSC,KLA31_30,normal_cells,Neural stem-cell models,33,"normal
cell lines"
PXD070007,neural stem cells,KLA31_30,GSM3384851,3.05052008763068,GSE119834_NSC,KLA31_30,normal_cells,Neural stem-cell models,33,"normal
cell lines"
PXD070007,neural stem cells,KLA31_30,GSM3384852,3.3856776695954,GSE119834_NSC,KLA31_30,normal_cells,Neural stem-cell models,33,"normal
cell lines"
PXD070007,neural stem cells,KLA31_30,GSM3384853,3.46211108326132,GSE119834_NSC,KLA31_30,normal_cells,Neural stem-cell models,33,"normal
cell lines"
PXD070007,neural stem cells,KLA31_30,GSM3384854,3.88378505736045,GSE119834_NSC,KLA31_30,normal_cells,Neural stem-cell models,33,"normal
cell lines"
PXD070007,neural stem cells,KLA31_30,GSM3384855,4.56376702917912,GSE119834_NSC,KLA31_30,normal_cells,Neural stem-cell models,33,"normal
cell lines"
PXD073311,HUVEC control and Pg infection,KLA31_31,GSM6176178,5.09072451574174,HUVEC_untreated,KLA31_31,normal_cells,HUVECs (A0h baseline),34,"normal
cell lines"
PXD073311,HUVEC control and Pg infection,KLA31_31,GSM6176183,5.05121443122781,HUVEC_untreated,KLA31_31,normal_cells,HUVECs (A0h baseline),34,"normal
cell lines"
PXD073311,HUVEC control and Pg infection,KLA31_31,GSM6176188,5.06564910109302,HUVEC_untreated,KLA31_31,normal_cells,HUVECs (A0h baseline),34,"normal
cell lines"
PXD073311,HUVEC control and Pg infection,KLA31_31,GSM6176193,5.01144353504936,HUVEC_untreated,KLA31_31,normal_cells,HUVECs (A0h baseline),34,"normal
cell lines"
PXD075377,HCC,KLA31_12,TCGA-2V-A95S-01A,3.80489312340087,TCGA_LIHC_primary,KLA31_12,cancer_tissue,Primary HCC tissue,12,"tumor
tissues"
PXD075377,HCC,KLA31_12,TCGA-2Y-A9GS-01A,3.89609053259008,TCGA_LIHC_primary,KLA31_12,cancer_tissue,Primary HCC tissue,12,"tumor
tissues"
PXD075377,HCC,KLA31_12,TCGA-2Y-A9GT-01A,3.18198073785643,TCGA_LIHC_primary,KLA31_12,cancer_tissue,Primary HCC tissue,12,"tumor
tissues"
PXD075377,HCC,KLA31_12,TCGA-2Y-A9GU-01A,3.43890904142287,TCGA_LIHC_primary,KLA31_12,cancer_tissue,Primary HCC tissue,12,"tumor
tissues"
PXD075377,HCC,KLA31_12,TCGA-2Y-A9GV-01A,2.90265983730246,TCGA_LIHC_primary,KLA31_12,cancer_tissue,Primary HCC tissue,12,"tumor
tissues"
PXD075377,HCC,KLA31_12,TCGA-2Y-A9GW-01A,3.2089987272679,TCGA_LIHC_primary,KLA31_12,cancer_tissue,Primary HCC tissue,12,"tumor
tissues"
PXD075377,HCC,KLA31_12,TCGA-2Y-A9GX-01A,3.19651983765845,TCGA_LIHC_primary,KLA31_12,cancer_tissue,Primary HCC tissue,12,"tumor
tissues"
PXD075377,HCC,KLA31_12,TCGA-2Y-A9GY-01A,3.9661527130438,TCGA_LIHC_primary,KLA31_12,cancer_tissue,Primary HCC tissue,12,"tumor
tissues"
PXD075377,HCC,KLA31_12,TCGA-2Y-A9GZ-01A,3.24044593855244,TCGA_LIHC_primary,KLA31_12,cancer_tissue,Primary HCC tissue,12,"tumor
tissues"
PXD075377,HCC,KLA31_12,TCGA-2Y-A9H0-01A,4.11470956037953,TCGA_LIHC_primary,KLA31_12,cancer_tissue,Primary HCC tissue,12,"tumor
tissues"
PXD075377,HCC,KLA31_12,TCGA-2Y-A9H1-01A,2.79936550850684,TCGA_LIHC_primary,KLA31_12,cancer_tissue,Primary HCC tissue,12,"tumor
tissues"
PXD075377,HCC,KLA31_12,TCGA-2Y-A9H2-01A,3.68265348731526,TCGA_LIHC_primary,KLA31_12,cancer_tissue,Primary HCC tissue,12,"tumor
tissues"
PXD075377,HCC,KLA31_12,TCGA-2Y-A9H3-01A,2.85953298888314,TCGA_LIHC_primary,KLA31_12,cancer_tissue,Primary HCC tissue,12,"tumor
tissues"
PXD075377,HCC,KLA31_12,TCGA-2Y-A9H4-01A,3.4504519372944,TCGA_LIHC_primary,KLA31_12,cancer_tissue,Primary HCC tissue,12,"tumor
tissues"
PXD075377,HCC,KLA31_12,TCGA-2Y-A9H5-01A,3.3224180706627,TCGA_LIHC_primary,KLA31_12,cancer_tissue,Primary HCC tissue,12,"tumor
tissues"
PXD075377,HCC,KLA31_12,TCGA-2Y-A9H6-01A,2.9680439862461,TCGA_LIHC_primary,KLA31_12,cancer_tissue,Primary HCC tissue,12,"tumor
tissues"
PXD075377,HCC,KLA31_12,TCGA-2Y-A9H7-01A,3.56208431773886,TCGA_LIHC_primary,KLA31_12,cancer_tissue,Primary HCC tissue,12,"tumor
tissues"
PXD075377,HCC,KLA31_12,TCGA-2Y-A9H8-01A,3.64730770317692,TCGA_LIHC_primary,KLA31_12,cancer_tissue,Primary HCC tissue,12,"tumor
tissues"
PXD075377,HCC,KLA31_12,TCGA-2Y-A9H9-01A,3.38725890549996,TCGA_LIHC_primary,KLA31_12,cancer_tissue,Primary HCC tissue,12,"tumor
tissues"
PXD075377,HCC,KLA31_12,TCGA-2Y-A9HA-01A,3.41379393696754,TCGA_LIHC_primary,KLA31_12,cancer_tissue,Primary HCC tissue,12,"tumor
tissues"
PXD075377,HCC,KLA31_12,TCGA-2Y-A9HB-01A,3.09700484496419,TCGA_LIHC_primary,KLA31_12,cancer_tissue,Primary HCC tissue,12,"tumor
tissues"
PXD075377,HCC,KLA31_12,TCGA-3K-AAZ8-01A,3.05514026462708,TCGA_LIHC_primary,KLA31_12,cancer_tissue,Primary HCC tissue,12,"tumor
tissues"
PXD075377,HCC,KLA31_12,TCGA-4R-AA8I-01A,3.36096095014804,TCGA_LIHC_primary,KLA31_12,cancer_tissue,Primary HCC tissue,12,"tumor
tissues"
PXD075377,HCC,KLA31_12,TCGA-5C-A9VG-01A,4.00301543757947,TCGA_LIHC_primary,KLA31_12,cancer_tissue,Primary HCC tissue,12,"tumor
tissues"
PXD075377,HCC,KLA31_12,TCGA-5C-A9VH-01A,3.21068167774988,TCGA_LIHC_primary,KLA31_12,cancer_tissue,Primary HCC tissue,12,"tumor
tissues"
PXD075377,HCC,KLA31_12,TCGA-5C-AAPD-01A,3.74352160155444,TCGA_LIHC_primary,KLA31_12,cancer_tissue,Primary HCC tissue,12,"tumor
tissues"
PXD075377,HCC,KLA31_12,TCGA-5R-AA1C-01A,3.26747304373061,TCGA_LIHC_primary,KLA31_12,cancer_tissue,Primary HCC tissue,12,"tumor
tissues"
PXD075377,HCC,KLA31_12,TCGA-5R-AA1D-01A,2.88346192509586,TCGA_LIHC_primary,KLA31_12,cancer_tissue,Primary HCC tissue,12,"tumor
tissues"
PXD075377,HCC,KLA31_12,TCGA-5R-AAAM-01A,2.9140850832101,TCGA_LIHC_primary,KLA31_12,cancer_tissue,Primary HCC tissue,12,"tumor
tissues"
PXD075377,HCC,KLA31_12,TCGA-BC-4072-01B,3.77588205827653,TCGA_LIHC_primary,KLA31_12,cancer_tissue,Primary HCC tissue,12,"tumor
tissues"
PXD075377,HCC,KLA31_12,TCGA-BC-4073-01B,3.94024543519322,TCGA_LIHC_primary,KLA31_12,cancer_tissue,Primary HCC tissue,12,"tumor
tissues"
PXD075377,HCC,KLA31_12,TCGA-BC-A10Q-01A,3.62397761097079,TCGA_LIHC_primary,KLA31_12,cancer_tissue,Primary HCC tissue,12,"tumor
tissues"
PXD075377,HCC,KLA31_12,TCGA-BC-A10R-01A,3.03508824063174,TCGA_LIHC_primary,KLA31_12,cancer_tissue,Primary HCC tissue,12,"tumor
tissues"
PXD075377,HCC,KLA31_12,TCGA-BC-A10S-01A,2.89534518628237,TCGA_LIHC_primary,KLA31_12,cancer_tissue,Primary HCC tissue,12,"tumor
tissues"
PXD075377,HCC,KLA31_12,TCGA-BC-A10T-01A,3.43609778865936,TCGA_LIHC_primary,KLA31_12,cancer_tissue,Primary HCC tissue,12,"tumor
tissues"
PXD075377,HCC,KLA31_12,TCGA-BC-A10U-01A,3.31179079675011,TCGA_LIHC_primary,KLA31_12,cancer_tissue,Primary HCC tissue,12,"tumor
tissues"
PXD075377,HCC,KLA31_12,TCGA-BC-A10W-01A,4.22737338954065,TCGA_LIHC_primary,KLA31_12,cancer_tissue,Primary HCC tissue,12,"tumor
tissues"
PXD075377,HCC,KLA31_12,TCGA-BC-A10X-01A,2.95465884070924,TCGA_LIHC_primary,KLA31_12,cancer_tissue,Primary HCC tissue,12,"tumor
tissues"
PXD075377,HCC,KLA31_12,TCGA-BC-A10Y-01A,3.94058057760939,TCGA_LIHC_primary,KLA31_12,cancer_tissue,Primary HCC tissue,12,"tumor
tissues"
PXD075377,HCC,KLA31_12,TCGA-BC-A10Z-01A,3.6237403999401,TCGA_LIHC_primary,KLA31_12,cancer_tissue,Primary HCC tissue,12,"tumor
tissues"
PXD075377,HCC,KLA31_12,TCGA-BC-A110-01A,2.6958806497295,TCGA_LIHC_primary,KLA31_12,cancer_tissue,Primary HCC tissue,12,"tumor
tissues"
PXD075377,HCC,KLA31_12,TCGA-BC-A112-01A,3.79809401232266,TCGA_LIHC_primary,KLA31_12,cancer_tissue,Primary HCC tissue,12,"tumor
tissues"
PXD075377,HCC,KLA31_12,TCGA-BC-A216-01A,4.28460023163968,TCGA_LIHC_primary,KLA31_12,cancer_tissue,Primary HCC tissue,12,"tumor
tissues"
PXD075377,HCC,KLA31_12,TCGA-BC-A217-01A,3.89242868751536,TCGA_LIHC_primary,KLA31_12,cancer_tissue,Primary HCC tissue,12,"tumor
tissues"
PXD075377,HCC,KLA31_12,TCGA-BC-A3KF-01A,3.36569237514472,TCGA_LIHC_primary,KLA31_12,cancer_tissue,Primary HCC tissue,12,"tumor
tissues"
PXD075377,HCC,KLA31_12,TCGA-BC-A3KG-01A,4.41487919689506,TCGA_LIHC_primary,KLA31_12,cancer_tissue,Primary HCC tissue,12,"tumor
tissues"
PXD075377,HCC,KLA31_12,TCGA-BC-A5W4-01A,3.21191264049023,TCGA_LIHC_primary,KLA31_12,cancer_tissue,Primary HCC tissue,12,"tumor
tissues"
PXD075377,HCC,KLA31_12,TCGA-BC-A69H-01A,3.82451536841797,TCGA_LIHC_primary,KLA31_12,cancer_tissue,Primary HCC tissue,12,"tumor
tissues"
PXD075377,HCC,KLA31_12,TCGA-BC-A69I-01A,2.95826712267991,TCGA_LIHC_primary,KLA31_12,cancer_tissue,Primary HCC tissue,12,"tumor
tissues"
PXD075377,HCC,KLA31_12,TCGA-BC-A8YO-01A,4.28179661446316,TCGA_LIHC_primary,KLA31_12,cancer_tissue,Primary HCC tissue,12,"tumor
tissues"
PXD075377,HCC,KLA31_12,TCGA-BD-A2L6-01A,3.74856626092378,TCGA_LIHC_primary,KLA31_12,cancer_tissue,Primary HCC tissue,12,"tumor
tissues"
PXD075377,HCC,KLA31_12,TCGA-BD-A3EP-01A,3.27621610101832,TCGA_LIHC_primary,KLA31_12,cancer_tissue,Primary HCC tissue,12,"tumor
tissues"
PXD075377,HCC,KLA31_12,TCGA-BD-A3ER-01A,3.06964258638269,TCGA_LIHC_primary,KLA31_12,cancer_tissue,Primary HCC tissue,12,"tumor
tissues"
PXD075377,HCC,KLA31_12,TCGA-BW-A5NO-01A,3.35702425673146,TCGA_LIHC_primary,KLA31_12,cancer_tissue,Primary HCC tissue,12,"tumor
tissues"
PXD075377,HCC,KLA31_12,TCGA-BW-A5NP-01A,3.77071638763926,TCGA_LIHC_primary,KLA31_12,cancer_tissue,Primary HCC tissue,12,"tumor
tissues"
PXD075377,HCC,KLA31_12,TCGA-BW-A5NQ-01A,4.20937553443862,TCGA_LIHC_primary,KLA31_12,cancer_tissue,Primary HCC tissue,12,"tumor
tissues"
PXD075377,HCC,KLA31_12,TCGA-CC-5258-01A,4.10839355729335,TCGA_LIHC_primary,KLA31_12,cancer_tissue,Primary HCC tissue,12,"tumor
tissues"
PXD075377,HCC,KLA31_12,TCGA-CC-5259-01A,3.51452655339041,TCGA_LIHC_primary,KLA31_12,cancer_tissue,Primary HCC tissue,12,"tumor
tissues"
PXD075377,HCC,KLA31_12,TCGA-CC-5260-01A,3.83441436550991,TCGA_LIHC_primary,KLA31_12,cancer_tissue,Primary HCC tissue,12,"tumor
tissues"
PXD075377,HCC,KLA31_12,TCGA-CC-5261-01A,3.77250493954477,TCGA_LIHC_primary,KLA31_12,cancer_tissue,Primary HCC tissue,12,"tumor
tissues"
PXD075377,HCC,KLA31_12,TCGA-CC-5262-01A,3.62931590789706,TCGA_LIHC_primary,KLA31_12,cancer_tissue,Primary HCC tissue,12,"tumor
tissues"
PXD075377,HCC,KLA31_12,TCGA-CC-5263-01A,4.54790993859071,TCGA_LIHC_primary,KLA31_12,cancer_tissue,Primary HCC tissue,12,"tumor
tissues"
PXD075377,HCC,KLA31_12,TCGA-CC-5264-01A,4.32908280616191,TCGA_LIHC_primary,KLA31_12,cancer_tissue,Primary HCC tissue,12,"tumor
tissues"
PXD075377,HCC,KLA31_12,TCGA-CC-A123-01A,3.65615504895508,TCGA_LIHC_primary,KLA31_12,cancer_tissue,Primary HCC tissue,12,"tumor
tissues"
PXD075377,HCC,KLA31_12,TCGA-CC-A1HT-01A,4.27716236761948,TCGA_LIHC_primary,KLA31_12,cancer_tissue,Primary HCC tissue,12,"tumor
tissues"
PXD075377,HCC,KLA31_12,TCGA-CC-A3M9-01A,4.5829135676938,TCGA_LIHC_primary,KLA31_12,cancer_tissue,Primary HCC tissue,12,"tumor
tissues"
PXD075377,HCC,KLA31_12,TCGA-CC-A3MA-01A,4.00404215104845,TCGA_LIHC_primary,KLA31_12,cancer_tissue,Primary HCC tissue,12,"tumor
tissues"
PXD075377,HCC,KLA31_12,TCGA-CC-A3MB-01A,4.1474692670563,TCGA_LIHC_primary,KLA31_12,cancer_tissue,Primary HCC tissue,12,"tumor
tissues"
PXD075377,HCC,KLA31_12,TCGA-CC-A3MC-01A,3.82779673443616,TCGA_LIHC_primary,KLA31_12,cancer_tissue,Primary HCC tissue,12,"tumor
tissues"
PXD075377,HCC,KLA31_12,TCGA-CC-A5UC-01A,4.08068817570898,TCGA_LIHC_primary,KLA31_12,cancer_tissue,Primary HCC tissue,12,"tumor
tissues"
PXD075377,HCC,KLA31_12,TCGA-CC-A5UD-01A,4.17196479672321,TCGA_LIHC_primary,KLA31_12,cancer_tissue,Primary HCC tissue,12,"tumor
tissues"
PXD075377,HCC,KLA31_12,TCGA-CC-A5UE-01A,3.94831719044566,TCGA_LIHC_primary,KLA31_12,cancer_tissue,Primary HCC tissue,12,"tumor
tissues"
PXD075377,HCC,KLA31_12,TCGA-CC-A7IE-01A,3.92350321341307,TCGA_LIHC_primary,KLA31_12,cancer_tissue,Primary HCC tissue,12,"tumor
tissues"
PXD075377,HCC,KLA31_12,TCGA-CC-A7IF-01A,3.62087596064216,TCGA_LIHC_primary,KLA31_12,cancer_tissue,Primary HCC tissue,12,"tumor
tissues"
PXD075377,HCC,KLA31_12,TCGA-CC-A7IG-01A,4.06688137875755,TCGA_LIHC_primary,KLA31_12,cancer_tissue,Primary HCC tissue,12,"tumor
tissues"
PXD075377,HCC,KLA31_12,TCGA-CC-A7IH-01A,3.30325013440662,TCGA_LIHC_primary,KLA31_12,cancer_tissue,Primary HCC tissue,12,"tumor
tissues"
PXD075377,HCC,KLA31_12,TCGA-CC-A7II-01A,4.58623400926012,TCGA_LIHC_primary,KLA31_12,cancer_tissue,Primary HCC tissue,12,"tumor
tissues"
PXD075377,HCC,KLA31_12,TCGA-CC-A7IJ-01A,4.50705006088552,TCGA_LIHC_primary,KLA31_12,cancer_tissue,Primary HCC tissue,12,"tumor
tissues"
PXD075377,HCC,KLA31_12,TCGA-CC-A7IK-01A,3.96230368071247,TCGA_LIHC_primary,KLA31_12,cancer_tissue,Primary HCC tissue,12,"tumor
tissues"
PXD075377,HCC,KLA31_12,TCGA-CC-A7IL-01A,3.39858441793956,TCGA_LIHC_primary,KLA31_12,cancer_tissue,Primary HCC tissue,12,"tumor
tissues"
PXD075377,HCC,KLA31_12,TCGA-CC-A8HS-01A,4.18076197647846,TCGA_LIHC_primary,KLA31_12,cancer_tissue,Primary HCC tissue,12,"tumor
tissues"
PXD075377,HCC,KLA31_12,TCGA-CC-A8HT-01A,4.15886606884739,TCGA_LIHC_primary,KLA31_12,cancer_tissue,Primary HCC tissue,12,"tumor
tissues"
PXD075377,HCC,KLA31_12,TCGA-CC-A8HU-01A,4.01400759580134,TCGA_LIHC_primary,KLA31_12,cancer_tissue,Primary HCC tissue,12,"tumor
tissues"
PXD075377,HCC,KLA31_12,TCGA-CC-A8HV-01A,3.73431718021763,TCGA_LIHC_primary,KLA31_12,cancer_tissue,Primary HCC tissue,12,"tumor
tissues"
PXD075377,HCC,KLA31_12,TCGA-CC-A9FS-01A,3.46895232352619,TCGA_LIHC_primary,KLA31_12,cancer_tissue,Primary HCC tissue,12,"tumor
tissues"
PXD075377,HCC,KLA31_12,TCGA-CC-A9FU-01A,4.07356604070189,TCGA_LIHC_primary,KLA31_12,cancer_tissue,Primary HCC tissue,12,"tumor
tissues"
PXD075377,HCC,KLA31_12,TCGA-CC-A9FV-01A,2.88509448407689,TCGA_LIHC_primary,KLA31_12,cancer_tissue,Primary HCC tissue,12,"tumor
tissues"
PXD075377,HCC,KLA31_12,TCGA-CC-A9FW-01A,3.45340000815428,TCGA_LIHC_primary,KLA31_12,cancer_tissue,Primary HCC tissue,12,"tumor
tissues"
PXD075377,HCC,KLA31_12,TCGA-DD-A113-01A,3.7050948717041,TCGA_LIHC_primary,KLA31_12,cancer_tissue,Primary HCC tissue,12,"tumor
tissues"
PXD075377,HCC,KLA31_12,TCGA-DD-A114-01A,4.18212584695898,TCGA_LIHC_primary,KLA31_12,cancer_tissue,Primary HCC tissue,12,"tumor
tissues"
PXD075377,HCC,KLA31_12,TCGA-DD-A115-01A,3.65399382733718,TCGA_LIHC_primary,KLA31_12,cancer_tissue,Primary HCC tissue,12,"tumor
tissues"
PXD075377,HCC,KLA31_12,TCGA-DD-A116-01A,3.21202575951005,TCGA_LIHC_primary,KLA31_12,cancer_tissue,Primary HCC tissue,12,"tumor
tissues"
PXD075377,HCC,KLA31_12,TCGA-DD-A118-01A,3.31439443362309,TCGA_LIHC_primary,KLA31_12,cancer_tissue,Primary HCC tissue,12,"tumor
tissues"
PXD075377,HCC,KLA31_12,TCGA-DD-A119-01A,3.08177658896202,TCGA_LIHC_primary,KLA31_12,cancer_tissue,Primary HCC tissue,12,"tumor
tissues"
PXD075377,HCC,KLA31_12,TCGA-DD-A11A-01A,3.45454380459397,TCGA_LIHC_primary,KLA31_12,cancer_tissue,Primary HCC tissue,12,"tumor
tissues"
PXD075377,HCC,KLA31_12,TCGA-DD-A11B-01A,3.17212263718114,TCGA_LIHC_primary,KLA31_12,cancer_tissue,Primary HCC tissue,12,"tumor
tissues"
PXD075377,HCC,KLA31_12,TCGA-DD-A11C-01A,3.73340946649841,TCGA_LIHC_primary,KLA31_12,cancer_tissue,Primary HCC tissue,12,"tumor
tissues"
PXD075377,HCC,KLA31_12,TCGA-DD-A11D-01A,3.00233569216411,TCGA_LIHC_primary,KLA31_12,cancer_tissue,Primary HCC tissue,12,"tumor
tissues"
PXD075377,HCC,KLA31_12,TCGA-DD-A1EA-01A,3.43566116027095,TCGA_LIHC_primary,KLA31_12,cancer_tissue,Primary HCC tissue,12,"tumor
tissues"
PXD075377,HCC,KLA31_12,TCGA-DD-A1EB-01A,3.11957230135129,TCGA_LIHC_primary,KLA31_12,cancer_tissue,Primary HCC tissue,12,"tumor
tissues"
PXD075377,HCC,KLA31_12,TCGA-DD-A1EC-01A,3.49808033628441,TCGA_LIHC_primary,KLA31_12,cancer_tissue,Primary HCC tissue,12,"tumor
tissues"
PXD075377,HCC,KLA31_12,TCGA-DD-A1ED-01A,2.61094519867415,TCGA_LIHC_primary,KLA31_12,cancer_tissue,Primary HCC tissue,12,"tumor
tissues"
PXD075377,HCC,KLA31_12,TCGA-DD-A1EE-01A,3.53126482168367,TCGA_LIHC_primary,KLA31_12,cancer_tissue,Primary HCC tissue,12,"tumor
tissues"
PXD075377,HCC,KLA31_12,TCGA-DD-A1EF-01A,3.73646980115505,TCGA_LIHC_primary,KLA31_12,cancer_tissue,Primary HCC tissue,12,"tumor
tissues"
PXD075377,HCC,KLA31_12,TCGA-DD-A1EG-01A,3.54372363548036,TCGA_LIHC_primary,KLA31_12,cancer_tissue,Primary HCC tissue,12,"tumor
tissues"
PXD075377,HCC,KLA31_12,TCGA-DD-A1EH-01A,3.64393734706589,TCGA_LIHC_primary,KLA31_12,cancer_tissue,Primary HCC tissue,12,"tumor
tissues"
PXD075377,HCC,KLA31_12,TCGA-DD-A1EI-01A,3.54167173436336,TCGA_LIHC_primary,KLA31_12,cancer_tissue,Primary HCC tissue,12,"tumor
tissues"
PXD075377,HCC,KLA31_12,TCGA-DD-A1EJ-01A,3.73329558977328,TCGA_LIHC_primary,KLA31_12,cancer_tissue,Primary HCC tissue,12,"tumor
tissues"
PXD075377,HCC,KLA31_12,TCGA-DD-A1EK-01A,3.19809504140248,TCGA_LIHC_primary,KLA31_12,cancer_tissue,Primary HCC tissue,12,"tumor
tissues"
PXD075377,HCC,KLA31_12,TCGA-DD-A1EL-01A,3.86300704284055,TCGA_LIHC_primary,KLA31_12,cancer_tissue,Primary HCC tissue,12,"tumor
tissues"
PXD075377,HCC,KLA31_12,TCGA-DD-A39V-01A,3.27679073524121,TCGA_LIHC_primary,KLA31_12,cancer_tissue,Primary HCC tissue,12,"tumor
tissues"
PXD075377,HCC,KLA31_12,TCGA-DD-A39W-01A,3.19715058966059,TCGA_LIHC_primary,KLA31_12,cancer_tissue,Primary HCC tissue,12,"tumor
tissues"
PXD075377,HCC,KLA31_12,TCGA-DD-A39X-01A,3.09870176591742,TCGA_LIHC_primary,KLA31_12,cancer_tissue,Primary HCC tissue,12,"tumor
tissues"
PXD075377,HCC,KLA31_12,TCGA-DD-A39Y-01A,3.93382733863715,TCGA_LIHC_primary,KLA31_12,cancer_tissue,Primary HCC tissue,12,"tumor
tissues"
PXD075377,HCC,KLA31_12,TCGA-DD-A39Z-01A,3.47062565635439,TCGA_LIHC_primary,KLA31_12,cancer_tissue,Primary HCC tissue,12,"tumor
tissues"
PXD075377,HCC,KLA31_12,TCGA-DD-A3A1-01A,3.31492741848817,TCGA_LIHC_primary,KLA31_12,cancer_tissue,Primary HCC tissue,12,"tumor
tissues"
PXD075377,HCC,KLA31_12,TCGA-DD-A3A2-01A,2.82574521652044,TCGA_LIHC_primary,KLA31_12,cancer_tissue,Primary HCC tissue,12,"tumor
tissues"
PXD075377,HCC,KLA31_12,TCGA-DD-A3A3-01A,3.29820721746654,TCGA_LIHC_primary,KLA31_12,cancer_tissue,Primary HCC tissue,12,"tumor
tissues"
PXD075377,HCC,KLA31_12,TCGA-DD-A3A4-01A,3.17684266058631,TCGA_LIHC_primary,KLA31_12,cancer_tissue,Primary HCC tissue,12,"tumor
tissues"
PXD075377,HCC,KLA31_12,TCGA-DD-A3A5-01A,3.44128140323496,TCGA_LIHC_primary,KLA31_12,cancer_tissue,Primary HCC tissue,12,"tumor
tissues"
PXD075377,HCC,KLA31_12,TCGA-DD-A3A6-01A,2.80228090770983,TCGA_LIHC_primary,KLA31_12,cancer_tissue,Primary HCC tissue,12,"tumor
tissues"
PXD075377,HCC,KLA31_12,TCGA-DD-A3A7-01A,3.53549242309744,TCGA_LIHC_primary,KLA31_12,cancer_tissue,Primary HCC tissue,12,"tumor
tissues"
PXD075377,HCC,KLA31_12,TCGA-DD-A3A8-01A,2.99127920638845,TCGA_LIHC_primary,KLA31_12,cancer_tissue,Primary HCC tissue,12,"tumor
tissues"
PXD075377,HCC,KLA31_12,TCGA-DD-A3A9-01A,3.1799772169455,TCGA_LIHC_primary,KLA31_12,cancer_tissue,Primary HCC tissue,12,"tumor
tissues"
PXD075377,HCC,KLA31_12,TCGA-DD-A4NA-01A,3.56006572075815,TCGA_LIHC_primary,KLA31_12,cancer_tissue,Primary HCC tissue,12,"tumor
tissues"
PXD075377,HCC,KLA31_12,TCGA-DD-A4NB-01A,2.88479599536864,TCGA_LIHC_primary,KLA31_12,cancer_tissue,Primary HCC tissue,12,"tumor
tissues"
PXD075377,HCC,KLA31_12,TCGA-DD-A4ND-01A,3.51442227144036,TCGA_LIHC_primary,KLA31_12,cancer_tissue,Primary HCC tissue,12,"tumor
tissues"
PXD075377,HCC,KLA31_12,TCGA-DD-A4NE-01A,4.04082763948965,TCGA_LIHC_primary,KLA31_12,cancer_tissue,Primary HCC tissue,12,"tumor
tissues"
PXD075377,HCC,KLA31_12,TCGA-DD-A4NF-01A,2.90825902600771,TCGA_LIHC_primary,KLA31_12,cancer_tissue,Primary HCC tissue,12,"tumor
tissues"
PXD075377,HCC,KLA31_12,TCGA-DD-A4NG-01A,3.34402585888163,TCGA_LIHC_primary,KLA31_12,cancer_tissue,Primary HCC tissue,12,"tumor
tissues"
PXD075377,HCC,KLA31_12,TCGA-DD-A4NH-01A,3.72603928302769,TCGA_LIHC_primary,KLA31_12,cancer_tissue,Primary HCC tissue,12,"tumor
tissues"
PXD075377,HCC,KLA31_12,TCGA-DD-A4NI-01A,2.85837538472988,TCGA_LIHC_primary,KLA31_12,cancer_tissue,Primary HCC tissue,12,"tumor
tissues"
PXD075377,HCC,KLA31_12,TCGA-DD-A4NJ-01A,3.92212310249308,TCGA_LIHC_primary,KLA31_12,cancer_tissue,Primary HCC tissue,12,"tumor
tissues"
PXD075377,HCC,KLA31_12,TCGA-DD-A4NK-01A,2.96070789984207,TCGA_LIHC_primary,KLA31_12,cancer_tissue,Primary HCC tissue,12,"tumor
tissues"
PXD075377,HCC,KLA31_12,TCGA-DD-A4NL-01A,2.77241088680151,TCGA_LIHC_primary,KLA31_12,cancer_tissue,Primary HCC tissue,12,"tumor
tissues"
PXD075377,HCC,KLA31_12,TCGA-DD-A4NN-01A,3.76316580302567,TCGA_LIHC_primary,KLA31_12,cancer_tissue,Primary HCC tissue,12,"tumor
tissues"
PXD075377,HCC,KLA31_12,TCGA-DD-A4NO-01A,3.0023284484618,TCGA_LIHC_primary,KLA31_12,cancer_tissue,Primary HCC tissue,12,"tumor
tissues"
PXD075377,HCC,KLA31_12,TCGA-DD-A4NP-01A,2.64250791472234,TCGA_LIHC_primary,KLA31_12,cancer_tissue,Primary HCC tissue,12,"tumor
tissues"
PXD075377,HCC,KLA31_12,TCGA-DD-A4NQ-01A,3.8299747823057,TCGA_LIHC_primary,KLA31_12,cancer_tissue,Primary HCC tissue,12,"tumor
tissues"
PXD075377,HCC,KLA31_12,TCGA-DD-A4NR-01A,3.73935605531925,TCGA_LIHC_primary,KLA31_12,cancer_tissue,Primary HCC tissue,12,"tumor
tissues"
PXD075377,HCC,KLA31_12,TCGA-DD-A4NS-01A,2.81043635822129,TCGA_LIHC_primary,KLA31_12,cancer_tissue,Primary HCC tissue,12,"tumor
tissues"
PXD075377,HCC,KLA31_12,TCGA-DD-A4NV-01A,2.93772904130277,TCGA_LIHC_primary,KLA31_12,cancer_tissue,Primary HCC tissue,12,"tumor
tissues"
PXD075377,HCC,KLA31_12,TCGA-DD-A73A-01A,3.3580739162079,TCGA_LIHC_primary,KLA31_12,cancer_tissue,Primary HCC tissue,12,"tumor
tissues"
PXD075377,HCC,KLA31_12,TCGA-DD-A73B-01A,3.78996412995768,TCGA_LIHC_primary,KLA31_12,cancer_tissue,Primary HCC tissue,12,"tumor
tissues"
PXD075377,HCC,KLA31_12,TCGA-DD-A73C-01A,3.00992884290295,TCGA_LIHC_primary,KLA31_12,cancer_tissue,Primary HCC tissue,12,"tumor
tissues"
PXD075377,HCC,KLA31_12,TCGA-DD-A73D-01A,3.27551803039729,TCGA_LIHC_primary,KLA31_12,cancer_tissue,Primary HCC tissue,12,"tumor
tissues"
PXD075377,HCC,KLA31_12,TCGA-DD-A73E-01A,3.24687054562726,TCGA_LIHC_primary,KLA31_12,cancer_tissue,Primary HCC tissue,12,"tumor
tissues"
PXD075377,HCC,KLA31_12,TCGA-DD-A73F-01A,3.73409305675777,TCGA_LIHC_primary,KLA31_12,cancer_tissue,Primary HCC tissue,12,"tumor
tissues"
PXD075377,HCC,KLA31_12,TCGA-DD-A73G-01A,3.31071201311458,TCGA_LIHC_primary,KLA31_12,cancer_tissue,Primary HCC tissue,12,"tumor
tissues"
PXD075377,HCC,KLA31_12,TCGA-DD-AA3A-01A,4.14189554493811,TCGA_LIHC_primary,KLA31_12,cancer_tissue,Primary HCC tissue,12,"tumor
tissues"
PXD075377,HCC,KLA31_12,TCGA-DD-AAC8-01A,3.22755278715775,TCGA_LIHC_primary,KLA31_12,cancer_tissue,Primary HCC tissue,12,"tumor
tissues"
PXD075377,HCC,KLA31_12,TCGA-DD-AAC9-01A,2.98987113885813,TCGA_LIHC_primary,KLA31_12,cancer_tissue,Primary HCC tissue,12,"tumor
tissues"
PXD075377,HCC,KLA31_12,TCGA-DD-AACA-01A,3.66129987397295,TCGA_LIHC_primary,KLA31_12,cancer_tissue,Primary HCC tissue,12,"tumor
tissues"
PXD075377,HCC,KLA31_12,TCGA-DD-AACB-01A,3.59831315533665,TCGA_LIHC_primary,KLA31_12,cancer_tissue,Primary HCC tissue,12,"tumor
tissues"
PXD075377,HCC,KLA31_12,TCGA-DD-AACC-01A,3.51787562677598,TCGA_LIHC_primary,KLA31_12,cancer_tissue,Primary HCC tissue,12,"tumor
tissues"
PXD075377,HCC,KLA31_12,TCGA-DD-AACD-01A,3.20970613096135,TCGA_LIHC_primary,KLA31_12,cancer_tissue,Primary HCC tissue,12,"tumor
tissues"
PXD075377,HCC,KLA31_12,TCGA-DD-AACE-01A,3.23983207636233,TCGA_LIHC_primary,KLA31_12,cancer_tissue,Primary HCC tissue,12,"tumor
tissues"
PXD075377,HCC,KLA31_12,TCGA-DD-AACF-01A,3.74694704674892,TCGA_LIHC_primary,KLA31_12,cancer_tissue,Primary HCC tissue,12,"tumor
tissues"
PXD075377,HCC,KLA31_12,TCGA-DD-AACG-01A,3.79542415101521,TCGA_LIHC_primary,KLA31_12,cancer_tissue,Primary HCC tissue,12,"tumor
tissues"
PXD075377,HCC,KLA31_12,TCGA-DD-AACH-01A,4.21429812545001,TCGA_LIHC_primary,KLA31_12,cancer_tissue,Primary HCC tissue,12,"tumor
tissues"
PXD075377,HCC,KLA31_12,TCGA-DD-AACI-01A,3.04814168362549,TCGA_LIHC_primary,KLA31_12,cancer_tissue,Primary HCC tissue,12,"tumor
tissues"
PXD075377,HCC,KLA31_12,TCGA-DD-AACJ-01A,2.98511986240285,TCGA_LIHC_primary,KLA31_12,cancer_tissue,Primary HCC tissue,12,"tumor
tissues"
PXD075377,HCC,KLA31_12,TCGA-DD-AACK-01A,3.45853288109862,TCGA_LIHC_primary,KLA31_12,cancer_tissue,Primary HCC tissue,12,"tumor
tissues"
PXD075377,HCC,KLA31_12,TCGA-DD-AACL-01A,4.02034366287646,TCGA_LIHC_primary,KLA31_12,cancer_tissue,Primary HCC tissue,12,"tumor
tissues"
PXD075377,HCC,KLA31_12,TCGA-DD-AACN-01A,3.12722514822061,TCGA_LIHC_primary,KLA31_12,cancer_tissue,Primary HCC tissue,12,"tumor
tissues"
PXD075377,HCC,KLA31_12,TCGA-DD-AACO-01A,3.41482176090728,TCGA_LIHC_primary,KLA31_12,cancer_tissue,Primary HCC tissue,12,"tumor
tissues"
PXD075377,HCC,KLA31_12,TCGA-DD-AACP-01A,4.24583169738149,TCGA_LIHC_primary,KLA31_12,cancer_tissue,Primary HCC tissue,12,"tumor
tissues"
PXD075377,HCC,KLA31_12,TCGA-DD-AACQ-01A,3.3803719933145,TCGA_LIHC_primary,KLA31_12,cancer_tissue,Primary HCC tissue,12,"tumor
tissues"
PXD075377,HCC,KLA31_12,TCGA-DD-AACS-01A,3.85292111469613,TCGA_LIHC_primary,KLA31_12,cancer_tissue,Primary HCC tissue,12,"tumor
tissues"
PXD075377,HCC,KLA31_12,TCGA-DD-AACT-01A,3.15315887743137,TCGA_LIHC_primary,KLA31_12,cancer_tissue,Primary HCC tissue,12,"tumor
tissues"
PXD075377,HCC,KLA31_12,TCGA-DD-AACU-01A,3.1175157783769,TCGA_LIHC_primary,KLA31_12,cancer_tissue,Primary HCC tissue,12,"tumor
tissues"
PXD075377,HCC,KLA31_12,TCGA-DD-AACV-01A,4.11035332547878,TCGA_LIHC_primary,KLA31_12,cancer_tissue,Primary HCC tissue,12,"tumor
tissues"
PXD075377,HCC,KLA31_12,TCGA-DD-AACW-01A,3.77328532235262,TCGA_LIHC_primary,KLA31_12,cancer_tissue,Primary HCC tissue,12,"tumor
tissues"
PXD075377,HCC,KLA31_12,TCGA-DD-AACX-01A,3.70502389165862,TCGA_LIHC_primary,KLA31_12,cancer_tissue,Primary HCC tissue,12,"tumor
tissues"
PXD075377,HCC,KLA31_12,TCGA-DD-AACY-01A,3.03874453716303,TCGA_LIHC_primary,KLA31_12,cancer_tissue,Primary HCC tissue,12,"tumor
tissues"
PXD075377,HCC,KLA31_12,TCGA-DD-AACZ-01A,3.93191355057068,TCGA_LIHC_primary,KLA31_12,cancer_tissue,Primary HCC tissue,12,"tumor
tissues"
PXD075377,HCC,KLA31_12,TCGA-DD-AAD0-01A,3.74835669427026,TCGA_LIHC_primary,KLA31_12,cancer_tissue,Primary HCC tissue,12,"tumor
tissues"
PXD075377,HCC,KLA31_12,TCGA-DD-AAD1-01A,3.18184975087462,TCGA_LIHC_primary,KLA31_12,cancer_tissue,Primary HCC tissue,12,"tumor
tissues"
PXD075377,HCC,KLA31_12,TCGA-DD-AAD2-01A,3.39783141692762,TCGA_LIHC_primary,KLA31_12,cancer_tissue,Primary HCC tissue,12,"tumor
tissues"
PXD075377,HCC,KLA31_12,TCGA-DD-AAD3-01A,3.10298705390496,TCGA_LIHC_primary,KLA31_12,cancer_tissue,Primary HCC tissue,12,"tumor
tissues"
PXD075377,HCC,KLA31_12,TCGA-DD-AAD5-01A,3.83600699367225,TCGA_LIHC_primary,KLA31_12,cancer_tissue,Primary HCC tissue,12,"tumor
tissues"
PXD075377,HCC,KLA31_12,TCGA-DD-AAD6-01A,3.85057542925606,TCGA_LIHC_primary,KLA31_12,cancer_tissue,Primary HCC tissue,12,"tumor
tissues"
PXD075377,HCC,KLA31_12,TCGA-DD-AAD8-01A,3.68588344304982,TCGA_LIHC_primary,KLA31_12,cancer_tissue,Primary HCC tissue,12,"tumor
tissues"
PXD075377,HCC,KLA31_12,TCGA-DD-AADA-01A,2.97707137430873,TCGA_LIHC_primary,KLA31_12,cancer_tissue,Primary HCC tissue,12,"tumor
tissues"
PXD075377,HCC,KLA31_12,TCGA-DD-AADB-01A,4.00246578321173,TCGA_LIHC_primary,KLA31_12,cancer_tissue,Primary HCC tissue,12,"tumor
tissues"
PXD075377,HCC,KLA31_12,TCGA-DD-AADC-01A,4.07269867395887,TCGA_LIHC_primary,KLA31_12,cancer_tissue,Primary HCC tissue,12,"tumor
tissues"
PXD075377,HCC,KLA31_12,TCGA-DD-AADD-01A,4.01006214582365,TCGA_LIHC_primary,KLA31_12,cancer_tissue,Primary HCC tissue,12,"tumor
tissues"
PXD075377,HCC,KLA31_12,TCGA-DD-AADF-01A,3.68983396795191,TCGA_LIHC_primary,KLA31_12,cancer_tissue,Primary HCC tissue,12,"tumor
tissues"
PXD075377,HCC,KLA31_12,TCGA-DD-AADG-01A,3.16143706593421,TCGA_LIHC_primary,KLA31_12,cancer_tissue,Primary HCC tissue,12,"tumor
tissues"
PXD075377,HCC,KLA31_12,TCGA-DD-AADI-01A,3.11878745947526,TCGA_LIHC_primary,KLA31_12,cancer_tissue,Primary HCC tissue,12,"tumor
tissues"
PXD075377,HCC,KLA31_12,TCGA-DD-AADJ-01A,3.24187597249236,TCGA_LIHC_primary,KLA31_12,cancer_tissue,Primary HCC tissue,12,"tumor
tissues"
PXD075377,HCC,KLA31_12,TCGA-DD-AADK-01A,3.17403770093619,TCGA_LIHC_primary,KLA31_12,cancer_tissue,Primary HCC tissue,12,"tumor
tissues"
PXD075377,HCC,KLA31_12,TCGA-DD-AADL-01A,3.53228995097956,TCGA_LIHC_primary,KLA31_12,cancer_tissue,Primary HCC tissue,12,"tumor
tissues"
PXD075377,HCC,KLA31_12,TCGA-DD-AADM-01A,3.43857283930096,TCGA_LIHC_primary,KLA31_12,cancer_tissue,Primary HCC tissue,12,"tumor
tissues"
PXD075377,HCC,KLA31_12,TCGA-DD-AADN-01A,3.92918100198795,TCGA_LIHC_primary,KLA31_12,cancer_tissue,Primary HCC tissue,12,"tumor
tissues"
PXD075377,HCC,KLA31_12,TCGA-DD-AADO-01A,3.43950253341404,TCGA_LIHC_primary,KLA31_12,cancer_tissue,Primary HCC tissue,12,"tumor
tissues"
PXD075377,HCC,KLA31_12,TCGA-DD-AADP-01A,3.53413454147823,TCGA_LIHC_primary,KLA31_12,cancer_tissue,Primary HCC tissue,12,"tumor
tissues"
PXD075377,HCC,KLA31_12,TCGA-DD-AADQ-01A,3.27488176622998,TCGA_LIHC_primary,KLA31_12,cancer_tissue,Primary HCC tissue,12,"tumor
tissues"
PXD075377,HCC,KLA31_12,TCGA-DD-AADR-01A,3.60118779512325,TCGA_LIHC_primary,KLA31_12,cancer_tissue,Primary HCC tissue,12,"tumor
tissues"
PXD075377,HCC,KLA31_12,TCGA-DD-AADS-01A,2.88228556680186,TCGA_LIHC_primary,KLA31_12,cancer_tissue,Primary HCC tissue,12,"tumor
tissues"
PXD075377,HCC,KLA31_12,TCGA-DD-AADU-01A,2.86623714268698,TCGA_LIHC_primary,KLA31_12,cancer_tissue,Primary HCC tissue,12,"tumor
tissues"
PXD075377,HCC,KLA31_12,TCGA-DD-AADV-01A,3.70220923612607,TCGA_LIHC_primary,KLA31_12,cancer_tissue,Primary HCC tissue,12,"tumor
tissues"
PXD075377,HCC,KLA31_12,TCGA-DD-AADW-01A,4.12003228207032,TCGA_LIHC_primary,KLA31_12,cancer_tissue,Primary HCC tissue,12,"tumor
tissues"
PXD075377,HCC,KLA31_12,TCGA-DD-AADY-01A,3.48119399721283,TCGA_LIHC_primary,KLA31_12,cancer_tissue,Primary HCC tissue,12,"tumor
tissues"
PXD075377,HCC,KLA31_12,TCGA-DD-AAE0-01A,3.8885901260389,TCGA_LIHC_primary,KLA31_12,cancer_tissue,Primary HCC tissue,12,"tumor
tissues"
PXD075377,HCC,KLA31_12,TCGA-DD-AAE1-01A,3.36908963794666,TCGA_LIHC_primary,KLA31_12,cancer_tissue,Primary HCC tissue,12,"tumor
tissues"
PXD075377,HCC,KLA31_12,TCGA-DD-AAE2-01A,3.35115075870122,TCGA_LIHC_primary,KLA31_12,cancer_tissue,Primary HCC tissue,12,"tumor
tissues"
PXD075377,HCC,KLA31_12,TCGA-DD-AAE3-01A,2.73254715766996,TCGA_LIHC_primary,KLA31_12,cancer_tissue,Primary HCC tissue,12,"tumor
tissues"
PXD075377,HCC,KLA31_12,TCGA-DD-AAE4-01A,3.4876904933356,TCGA_LIHC_primary,KLA31_12,cancer_tissue,Primary HCC tissue,12,"tumor
tissues"
PXD075377,HCC,KLA31_12,TCGA-DD-AAE6-01A,3.88436158712906,TCGA_LIHC_primary,KLA31_12,cancer_tissue,Primary HCC tissue,12,"tumor
tissues"
PXD075377,HCC,KLA31_12,TCGA-DD-AAE7-01A,2.94950495055088,TCGA_LIHC_primary,KLA31_12,cancer_tissue,Primary HCC tissue,12,"tumor
tissues"
PXD075377,HCC,KLA31_12,TCGA-DD-AAE9-01A,3.34762973281602,TCGA_LIHC_primary,KLA31_12,cancer_tissue,Primary HCC tissue,12,"tumor
tissues"
PXD075377,HCC,KLA31_12,TCGA-DD-AAEA-01A,3.660729476128,TCGA_LIHC_primary,KLA31_12,cancer_tissue,Primary HCC tissue,12,"tumor
tissues"
PXD075377,HCC,KLA31_12,TCGA-DD-AAEB-01A,2.87227253450754,TCGA_LIHC_primary,KLA31_12,cancer_tissue,Primary HCC tissue,12,"tumor
tissues"
PXD075377,HCC,KLA31_12,TCGA-DD-AAED-01A,3.29153569678569,TCGA_LIHC_primary,KLA31_12,cancer_tissue,Primary HCC tissue,12,"tumor
tissues"
PXD075377,HCC,KLA31_12,TCGA-DD-AAEE-01A,3.48274154068248,TCGA_LIHC_primary,KLA31_12,cancer_tissue,Primary HCC tissue,12,"tumor
tissues"
PXD075377,HCC,KLA31_12,TCGA-DD-AAEG-01A,3.22646362261757,TCGA_LIHC_primary,KLA31_12,cancer_tissue,Primary HCC tissue,12,"tumor
tissues"
PXD075377,HCC,KLA31_12,TCGA-DD-AAEH-01A,3.20320369713727,TCGA_LIHC_primary,KLA31_12,cancer_tissue,Primary HCC tissue,12,"tumor
tissues"
PXD075377,HCC,KLA31_12,TCGA-DD-AAEI-01A,3.7095608716517,TCGA_LIHC_primary,KLA31_12,cancer_tissue,Primary HCC tissue,12,"tumor
tissues"
PXD075377,HCC,KLA31_12,TCGA-DD-AAEK-01A,3.3813950171014,TCGA_LIHC_primary,KLA31_12,cancer_tissue,Primary HCC tissue,12,"tumor
tissues"
PXD075377,HCC,KLA31_12,TCGA-DD-AAVP-01A,3.06167916629451,TCGA_LIHC_primary,KLA31_12,cancer_tissue,Primary HCC tissue,12,"tumor
tissues"
PXD075377,HCC,KLA31_12,TCGA-DD-AAVQ-01A,3.63160615381628,TCGA_LIHC_primary,KLA31_12,cancer_tissue,Primary HCC tissue,12,"tumor
tissues"
PXD075377,HCC,KLA31_12,TCGA-DD-AAVR-01A,3.11175724117837,TCGA_LIHC_primary,KLA31_12,cancer_tissue,Primary HCC tissue,12,"tumor
tissues"
PXD075377,HCC,KLA31_12,TCGA-DD-AAVS-01A,3.47947805347416,TCGA_LIHC_primary,KLA31_12,cancer_tissue,Primary HCC tissue,12,"tumor
tissues"
PXD075377,HCC,KLA31_12,TCGA-DD-AAVU-01A,3.41646707877366,TCGA_LIHC_primary,KLA31_12,cancer_tissue,Primary HCC tissue,12,"tumor
tissues"
PXD075377,HCC,KLA31_12,TCGA-DD-AAVV-01A,3.31304257956481,TCGA_LIHC_primary,KLA31_12,cancer_tissue,Primary HCC tissue,12,"tumor
tissues"
PXD075377,HCC,KLA31_12,TCGA-DD-AAVW-01A,3.17426964693275,TCGA_LIHC_primary,KLA31_12,cancer_tissue,Primary HCC tissue,12,"tumor
tissues"
PXD075377,HCC,KLA31_12,TCGA-DD-AAVX-01A,3.02477468542242,TCGA_LIHC_primary,KLA31_12,cancer_tissue,Primary HCC tissue,12,"tumor
tissues"
PXD075377,HCC,KLA31_12,TCGA-DD-AAVY-01A,2.99641707686475,TCGA_LIHC_primary,KLA31_12,cancer_tissue,Primary HCC tissue,12,"tumor
tissues"
PXD075377,HCC,KLA31_12,TCGA-DD-AAVZ-01A,3.47491311816936,TCGA_LIHC_primary,KLA31_12,cancer_tissue,Primary HCC tissue,12,"tumor
tissues"
PXD075377,HCC,KLA31_12,TCGA-DD-AAW0-01A,3.05360589535976,TCGA_LIHC_primary,KLA31_12,cancer_tissue,Primary HCC tissue,12,"tumor
tissues"
PXD075377,HCC,KLA31_12,TCGA-DD-AAW1-01A,3.03372457270201,TCGA_LIHC_primary,KLA31_12,cancer_tissue,Primary HCC tissue,12,"tumor
tissues"
PXD075377,HCC,KLA31_12,TCGA-DD-AAW2-01A,3.29007947591648,TCGA_LIHC_primary,KLA31_12,cancer_tissue,Primary HCC tissue,12,"tumor
tissues"
PXD075377,HCC,KLA31_12,TCGA-DD-AAW3-01A,3.18347194597725,TCGA_LIHC_primary,KLA31_12,cancer_tissue,Primary HCC tissue,12,"tumor
tissues"
PXD075377,HCC,KLA31_12,TCGA-ED-A459-01A,3.73626352898866,TCGA_LIHC_primary,KLA31_12,cancer_tissue,Primary HCC tissue,12,"tumor
tissues"
PXD075377,HCC,KLA31_12,TCGA-ED-A4XI-01A,2.80171797783446,TCGA_LIHC_primary,KLA31_12,cancer_tissue,Primary HCC tissue,12,"tumor
tissues"
PXD075377,HCC,KLA31_12,TCGA-ED-A5KG-01A,3.69870415185308,TCGA_LIHC_primary,KLA31_12,cancer_tissue,Primary HCC tissue,12,"tumor
tissues"
PXD075377,HCC,KLA31_12,TCGA-ED-A627-01A,2.91141940843877,TCGA_LIHC_primary,KLA31_12,cancer_tissue,Primary HCC tissue,12,"tumor
tissues"
PXD075377,HCC,KLA31_12,TCGA-ED-A66X-01A,3.53019287152574,TCGA_LIHC_primary,KLA31_12,cancer_tissue,Primary HCC tissue,12,"tumor
tissues"
PXD075377,HCC,KLA31_12,TCGA-ED-A66Y-01A,4.02733319256332,TCGA_LIHC_primary,KLA31_12,cancer_tissue,Primary HCC tissue,12,"tumor
tissues"
PXD075377,HCC,KLA31_12,TCGA-ED-A7PX-01A,3.71312198935327,TCGA_LIHC_primary,KLA31_12,cancer_tissue,Primary HCC tissue,12,"tumor
tissues"
PXD075377,HCC,KLA31_12,TCGA-ED-A7PY-01A,3.26600742231704,TCGA_LIHC_primary,KLA31_12,cancer_tissue,Primary HCC tissue,12,"tumor
tissues"
PXD075377,HCC,KLA31_12,TCGA-ED-A7PZ-01A,3.54038763046782,TCGA_LIHC_primary,KLA31_12,cancer_tissue,Primary HCC tissue,12,"tumor
tissues"
PXD075377,HCC,KLA31_12,TCGA-ED-A7XO-01A,3.695115760125,TCGA_LIHC_primary,KLA31_12,cancer_tissue,Primary HCC tissue,12,"tumor
tissues"
PXD075377,HCC,KLA31_12,TCGA-ED-A7XP-01A,3.37226821243034,TCGA_LIHC_primary,KLA31_12,cancer_tissue,Primary HCC tissue,12,"tumor
tissues"
PXD075377,HCC,KLA31_12,TCGA-ED-A82E-01A,3.05431486487728,TCGA_LIHC_primary,KLA31_12,cancer_tissue,Primary HCC tissue,12,"tumor
tissues"
PXD075377,HCC,KLA31_12,TCGA-ED-A8O5-01A,3.52412534688612,TCGA_LIHC_primary,KLA31_12,cancer_tissue,Primary HCC tissue,12,"tumor
tissues"
PXD075377,HCC,KLA31_12,TCGA-ED-A8O6-01A,3.69181965129571,TCGA_LIHC_primary,KLA31_12,cancer_tissue,Primary HCC tissue,12,"tumor
tissues"
PXD075377,HCC,KLA31_12,TCGA-ED-A97K-01A,3.30566985626483,TCGA_LIHC_primary,KLA31_12,cancer_tissue,Primary HCC tissue,12,"tumor
tissues"
PXD075377,HCC,KLA31_12,TCGA-EP-A12J-01A,3.22221316584111,TCGA_LIHC_primary,KLA31_12,cancer_tissue,Primary HCC tissue,12,"tumor
tissues"
PXD075377,HCC,KLA31_12,TCGA-EP-A26S-01A,3.12389660494492,TCGA_LIHC_primary,KLA31_12,cancer_tissue,Primary HCC tissue,12,"tumor
tissues"
PXD075377,HCC,KLA31_12,TCGA-EP-A2KA-01A,3.82219900656166,TCGA_LIHC_primary,KLA31_12,cancer_tissue,Primary HCC tissue,12,"tumor
tissues"
PXD075377,HCC,KLA31_12,TCGA-EP-A2KB-01A,3.66455600473914,TCGA_LIHC_primary,KLA31_12,cancer_tissue,Primary HCC tissue,12,"tumor
tissues"
PXD075377,HCC,KLA31_12,TCGA-EP-A2KC-01A,3.30804267139508,TCGA_LIHC_primary,KLA31_12,cancer_tissue,Primary HCC tissue,12,"tumor
tissues"
PXD075377,HCC,KLA31_12,TCGA-EP-A3JL-01A,3.39266565346029,TCGA_LIHC_primary,KLA31_12,cancer_tissue,Primary HCC tissue,12,"tumor
tissues"
PXD075377,HCC,KLA31_12,TCGA-EP-A3RK-01A,3.64315258089433,TCGA_LIHC_primary,KLA31_12,cancer_tissue,Primary HCC tissue,12,"tumor
tissues"
PXD075377,HCC,KLA31_12,TCGA-ES-A2HS-01A,3.18474129995405,TCGA_LIHC_primary,KLA31_12,cancer_tissue,Primary HCC tissue,12,"tumor
tissues"
PXD075377,HCC,KLA31_12,TCGA-ES-A2HT-01A,2.82736658059264,TCGA_LIHC_primary,KLA31_12,cancer_tissue,Primary HCC tissue,12,"tumor
tissues"
PXD075377,HCC,KLA31_12,TCGA-FV-A23B-01A,3.79531090612562,TCGA_LIHC_primary,KLA31_12,cancer_tissue,Primary HCC tissue,12,"tumor
tissues"
PXD075377,HCC,KLA31_12,TCGA-FV-A2QQ-01A,3.16006861018485,TCGA_LIHC_primary,KLA31_12,cancer_tissue,Primary HCC tissue,12,"tumor
tissues"
PXD075377,HCC,KLA31_12,TCGA-FV-A2QR-01A,3.29618125536297,TCGA_LIHC_primary,KLA31_12,cancer_tissue,Primary HCC tissue,12,"tumor
tissues"
PXD075377,HCC,KLA31_12,TCGA-FV-A3I0-01A,3.19309888247644,TCGA_LIHC_primary,KLA31_12,cancer_tissue,Primary HCC tissue,12,"tumor
tissues"
PXD075377,HCC,KLA31_12,TCGA-FV-A3I1-01A,3.57048531093868,TCGA_LIHC_primary,KLA31_12,cancer_tissue,Primary HCC tissue,12,"tumor
tissues"
PXD075377,HCC,KLA31_12,TCGA-FV-A3R2-01A,3.49003896473882,TCGA_LIHC_primary,KLA31_12,cancer_tissue,Primary HCC tissue,12,"tumor
tissues"
PXD075377,HCC,KLA31_12,TCGA-FV-A3R3-01A,2.76047048609591,TCGA_LIHC_primary,KLA31_12,cancer_tissue,Primary HCC tissue,12,"tumor
tissues"
PXD075377,HCC,KLA31_12,TCGA-FV-A495-01A,3.48468337382893,TCGA_LIHC_primary,KLA31_12,cancer_tissue,Primary HCC tissue,12,"tumor
tissues"
PXD075377,HCC,KLA31_12,TCGA-FV-A496-01A,3.26002272884116,TCGA_LIHC_primary,KLA31_12,cancer_tissue,Primary HCC tissue,12,"tumor
tissues"
PXD075377,HCC,KLA31_12,TCGA-FV-A4ZP-01A,3.66502081259676,TCGA_LIHC_primary,KLA31_12,cancer_tissue,Primary HCC tissue,12,"tumor
tissues"
PXD075377,HCC,KLA31_12,TCGA-FV-A4ZQ-01A,4.05661531138359,TCGA_LIHC_primary,KLA31_12,cancer_tissue,Primary HCC tissue,12,"tumor
tissues"
PXD075377,HCC,KLA31_12,TCGA-G3-A25S-01A,3.53467316883017,TCGA_LIHC_primary,KLA31_12,cancer_tissue,Primary HCC tissue,12,"tumor
tissues"
PXD075377,HCC,KLA31_12,TCGA-G3-A25T-01A,3.65143845704456,TCGA_LIHC_primary,KLA31_12,cancer_tissue,Primary HCC tissue,12,"tumor
tissues"
PXD075377,HCC,KLA31_12,TCGA-G3-A25U-01A,3.85218138247865,TCGA_LIHC_primary,KLA31_12,cancer_tissue,Primary HCC tissue,12,"tumor
tissues"
PXD075377,HCC,KLA31_12,TCGA-G3-A25V-01A,3.00860631912746,TCGA_LIHC_primary,KLA31_12,cancer_tissue,Primary HCC tissue,12,"tumor
tissues"
PXD075377,HCC,KLA31_12,TCGA-G3-A25X-01A,3.78664273717374,TCGA_LIHC_primary,KLA31_12,cancer_tissue,Primary HCC tissue,12,"tumor
tissues"
PXD075377,HCC,KLA31_12,TCGA-G3-A25Y-01A,3.84208683028747,TCGA_LIHC_primary,KLA31_12,cancer_tissue,Primary HCC tissue,12,"tumor
tissues"
PXD075377,HCC,KLA31_12,TCGA-G3-A25Z-01A,3.28162766851588,TCGA_LIHC_primary,KLA31_12,cancer_tissue,Primary HCC tissue,12,"tumor
tissues"
PXD075377,HCC,KLA31_12,TCGA-G3-A3CG-01A,3.12956358953128,TCGA_LIHC_primary,KLA31_12,cancer_tissue,Primary HCC tissue,12,"tumor
tissues"
PXD075377,HCC,KLA31_12,TCGA-G3-A3CH-01A,3.45242719249979,TCGA_LIHC_primary,KLA31_12,cancer_tissue,Primary HCC tissue,12,"tumor
tissues"
PXD075377,HCC,KLA31_12,TCGA-G3-A3CI-01A,2.77251830216896,TCGA_LIHC_primary,KLA31_12,cancer_tissue,Primary HCC tissue,12,"tumor
tissues"
PXD075377,HCC,KLA31_12,TCGA-G3-A3CJ-01A,3.03039433166093,TCGA_LIHC_primary,KLA31_12,cancer_tissue,Primary HCC tissue,12,"tumor
tissues"
PXD075377,HCC,KLA31_12,TCGA-G3-A3CK-01A,3.18422556388802,TCGA_LIHC_primary,KLA31_12,cancer_tissue,Primary HCC tissue,12,"tumor
tissues"
PXD075377,HCC,KLA31_12,TCGA-G3-A5SI-01A,4.05849829537636,TCGA_LIHC_primary,KLA31_12,cancer_tissue,Primary HCC tissue,12,"tumor
tissues"
PXD075377,HCC,KLA31_12,TCGA-G3-A5SJ-01A,3.67860727390713,TCGA_LIHC_primary,KLA31_12,cancer_tissue,Primary HCC tissue,12,"tumor
tissues"
PXD075377,HCC,KLA31_12,TCGA-G3-A5SK-01A,2.8016022731303,TCGA_LIHC_primary,KLA31_12,cancer_tissue,Primary HCC tissue,12,"tumor
tissues"
PXD075377,HCC,KLA31_12,TCGA-G3-A5SL-01A,3.16425517593256,TCGA_LIHC_primary,KLA31_12,cancer_tissue,Primary HCC tissue,12,"tumor
tissues"
PXD075377,HCC,KLA31_12,TCGA-G3-A5SM-01A,3.31888622007701,TCGA_LIHC_primary,KLA31_12,cancer_tissue,Primary HCC tissue,12,"tumor
tissues"
PXD075377,HCC,KLA31_12,TCGA-G3-A6UC-01A,3.0740787762442,TCGA_LIHC_primary,KLA31_12,cancer_tissue,Primary HCC tissue,12,"tumor
tissues"
PXD075377,HCC,KLA31_12,TCGA-G3-A7M5-01A,2.979208896821,TCGA_LIHC_primary,KLA31_12,cancer_tissue,Primary HCC tissue,12,"tumor
tissues"
PXD075377,HCC,KLA31_12,TCGA-G3-A7M6-01A,3.61542975400679,TCGA_LIHC_primary,KLA31_12,cancer_tissue,Primary HCC tissue,12,"tumor
tissues"
PXD075377,HCC,KLA31_12,TCGA-G3-A7M7-01A,2.97920308304059,TCGA_LIHC_primary,KLA31_12,cancer_tissue,Primary HCC tissue,12,"tumor
tissues"
PXD075377,HCC,KLA31_12,TCGA-G3-A7M8-01A,2.85313747710837,TCGA_LIHC_primary,KLA31_12,cancer_tissue,Primary HCC tissue,12,"tumor
tissues"
PXD075377,HCC,KLA31_12,TCGA-G3-A7M9-01A,4.46651270907174,TCGA_LIHC_primary,KLA31_12,cancer_tissue,Primary HCC tissue,12,"tumor
tissues"
PXD075377,HCC,KLA31_12,TCGA-G3-AAUZ-01A,3.53764603228733,TCGA_LIHC_primary,KLA31_12,cancer_tissue,Primary HCC tissue,12,"tumor
tissues"
PXD075377,HCC,KLA31_12,TCGA-G3-AAV0-01A,2.97424656849363,TCGA_LIHC_primary,KLA31_12,cancer_tissue,Primary HCC tissue,12,"tumor
tissues"
PXD075377,HCC,KLA31_12,TCGA-G3-AAV1-01A,3.35542132087487,TCGA_LIHC_primary,KLA31_12,cancer_tissue,Primary HCC tissue,12,"tumor
tissues"
PXD075377,HCC,KLA31_12,TCGA-G3-AAV2-01A,2.89253534406275,TCGA_LIHC_primary,KLA31_12,cancer_tissue,Primary HCC tissue,12,"tumor
tissues"
PXD075377,HCC,KLA31_12,TCGA-G3-AAV3-01A,3.47181228852573,TCGA_LIHC_primary,KLA31_12,cancer_tissue,Primary HCC tissue,12,"tumor
tissues"
PXD075377,HCC,KLA31_12,TCGA-G3-AAV4-01A,3.32507951606383,TCGA_LIHC_primary,KLA31_12,cancer_tissue,Primary HCC tissue,12,"tumor
tissues"
PXD075377,HCC,KLA31_12,TCGA-G3-AAV5-01A,3.43725212157842,TCGA_LIHC_primary,KLA31_12,cancer_tissue,Primary HCC tissue,12,"tumor
tissues"
PXD075377,HCC,KLA31_12,TCGA-G3-AAV6-01A,4.02878869494417,TCGA_LIHC_primary,KLA31_12,cancer_tissue,Primary HCC tissue,12,"tumor
tissues"
PXD075377,HCC,KLA31_12,TCGA-G3-AAV7-01A,4.43148257247449,TCGA_LIHC_primary,KLA31_12,cancer_tissue,Primary HCC tissue,12,"tumor
tissues"
PXD075377,HCC,KLA31_12,TCGA-GJ-A3OU-01A,3.33996224729593,TCGA_LIHC_primary,KLA31_12,cancer_tissue,Primary HCC tissue,12,"tumor
tissues"
PXD075377,HCC,KLA31_12,TCGA-GJ-A6C0-01A,3.7015476259409,TCGA_LIHC_primary,KLA31_12,cancer_tissue,Primary HCC tissue,12,"tumor
tissues"
PXD075377,HCC,KLA31_12,TCGA-GJ-A9DB-01A,3.45569978949414,TCGA_LIHC_primary,KLA31_12,cancer_tissue,Primary HCC tissue,12,"tumor
tissues"
PXD075377,HCC,KLA31_12,TCGA-HP-A5MZ-01A,2.99683290059736,TCGA_LIHC_primary,KLA31_12,cancer_tissue,Primary HCC tissue,12,"tumor
tissues"
PXD075377,HCC,KLA31_12,TCGA-HP-A5N0-01A,2.63136960609864,TCGA_LIHC_primary,KLA31_12,cancer_tissue,Primary HCC tissue,12,"tumor
tissues"
PXD075377,HCC,KLA31_12,TCGA-K7-A5RF-01A,2.67360008171565,TCGA_LIHC_primary,KLA31_12,cancer_tissue,Primary HCC tissue,12,"tumor
tissues"
PXD075377,HCC,KLA31_12,TCGA-K7-A5RG-01A,3.70680252993342,TCGA_LIHC_primary,KLA31_12,cancer_tissue,Primary HCC tissue,12,"tumor
tissues"
PXD075377,HCC,KLA31_12,TCGA-K7-A6G5-01A,3.18049762080421,TCGA_LIHC_primary,KLA31_12,cancer_tissue,Primary HCC tissue,12,"tumor
tissues"
PXD075377,HCC,KLA31_12,TCGA-K7-AAU7-01A,3.71470723552413,TCGA_LIHC_primary,KLA31_12,cancer_tissue,Primary HCC tissue,12,"tumor
tissues"
PXD075377,HCC,KLA31_12,TCGA-KR-A7K0-01A,3.19304340401857,TCGA_LIHC_primary,KLA31_12,cancer_tissue,Primary HCC tissue,12,"tumor
tissues"
PXD075377,HCC,KLA31_12,TCGA-KR-A7K2-01A,3.21758552114804,TCGA_LIHC_primary,KLA31_12,cancer_tissue,Primary HCC tissue,12,"tumor
tissues"
PXD075377,HCC,KLA31_12,TCGA-KR-A7K7-01A,3.74308861343891,TCGA_LIHC_primary,KLA31_12,cancer_tissue,Primary HCC tissue,12,"tumor
tissues"
PXD075377,HCC,KLA31_12,TCGA-KR-A7K8-01A,3.37234310090662,TCGA_LIHC_primary,KLA31_12,cancer_tissue,Primary HCC tissue,12,"tumor
tissues"
PXD075377,HCC,KLA31_12,TCGA-LG-A6GG-01A,3.31421947068309,TCGA_LIHC_primary,KLA31_12,cancer_tissue,Primary HCC tissue,12,"tumor
tissues"
PXD075377,HCC,KLA31_12,TCGA-LG-A9QC-01A,3.15622952064653,TCGA_LIHC_primary,KLA31_12,cancer_tissue,Primary HCC tissue,12,"tumor
tissues"
PXD075377,HCC,KLA31_12,TCGA-LG-A9QD-01A,2.83325425492072,TCGA_LIHC_primary,KLA31_12,cancer_tissue,Primary HCC tissue,12,"tumor
tissues"
PXD075377,HCC,KLA31_12,TCGA-MI-A75C-01A,3.37817711259884,TCGA_LIHC_primary,KLA31_12,cancer_tissue,Primary HCC tissue,12,"tumor
tissues"
PXD075377,HCC,KLA31_12,TCGA-MI-A75E-01A,3.15219685075506,TCGA_LIHC_primary,KLA31_12,cancer_tissue,Primary HCC tissue,12,"tumor
tissues"
PXD075377,HCC,KLA31_12,TCGA-MI-A75G-01A,3.12068459046816,TCGA_LIHC_primary,KLA31_12,cancer_tissue,Primary HCC tissue,12,"tumor
tissues"
PXD075377,HCC,KLA31_12,TCGA-MI-A75H-01A,3.22390236896759,TCGA_LIHC_primary,KLA31_12,cancer_tissue,Primary HCC tissue,12,"tumor
tissues"
PXD075377,HCC,KLA31_12,TCGA-MI-A75I-01A,3.62620925466379,TCGA_LIHC_primary,KLA31_12,cancer_tissue,Primary HCC tissue,12,"tumor
tissues"
PXD075377,HCC,KLA31_12,TCGA-MR-A520-01A,2.79957955195092,TCGA_LIHC_primary,KLA31_12,cancer_tissue,Primary HCC tissue,12,"tumor
tissues"
PXD075377,HCC,KLA31_12,TCGA-MR-A8JO-01A,3.12791798957274,TCGA_LIHC_primary,KLA31_12,cancer_tissue,Primary HCC tissue,12,"tumor
tissues"
PXD075377,HCC,KLA31_12,TCGA-NI-A4U2-01A,3.01065201567375,TCGA_LIHC_primary,KLA31_12,cancer_tissue,Primary HCC tissue,12,"tumor
tissues"
PXD075377,HCC,KLA31_12,TCGA-NI-A8LF-01A,2.98258644777793,TCGA_LIHC_primary,KLA31_12,cancer_tissue,Primary HCC tissue,12,"tumor
tissues"
PXD075377,HCC,KLA31_12,TCGA-O8-A75V-01A,3.18337283776519,TCGA_LIHC_primary,KLA31_12,cancer_tissue,Primary HCC tissue,12,"tumor
tissues"
PXD075377,HCC,KLA31_12,TCGA-PD-A5DF-01A,3.60303369370699,TCGA_LIHC_primary,KLA31_12,cancer_tissue,Primary HCC tissue,12,"tumor
tissues"
PXD075377,HCC,KLA31_12,TCGA-QA-A7B7-01A,4.1850274732863,TCGA_LIHC_primary,KLA31_12,cancer_tissue,Primary HCC tissue,12,"tumor
tissues"
PXD075377,HCC,KLA31_12,TCGA-RC-A6M3-01A,4.14351396999398,TCGA_LIHC_primary,KLA31_12,cancer_tissue,Primary HCC tissue,12,"tumor
tissues"
PXD075377,HCC,KLA31_12,TCGA-RC-A6M4-01A,3.50368166592431,TCGA_LIHC_primary,KLA31_12,cancer_tissue,Primary HCC tissue,12,"tumor
tissues"
PXD075377,HCC,KLA31_12,TCGA-RC-A6M5-01A,2.72925664301023,TCGA_LIHC_primary,KLA31_12,cancer_tissue,Primary HCC tissue,12,"tumor
tissues"
PXD075377,HCC,KLA31_12,TCGA-RC-A6M6-01A,3.98211601196582,TCGA_LIHC_primary,KLA31_12,cancer_tissue,Primary HCC tissue,12,"tumor
tissues"
PXD075377,HCC,KLA31_12,TCGA-RC-A7S9-01A,3.96517181727804,TCGA_LIHC_primary,KLA31_12,cancer_tissue,Primary HCC tissue,12,"tumor
tissues"
PXD075377,HCC,KLA31_12,TCGA-RC-A7SB-01A,3.29133019212492,TCGA_LIHC_primary,KLA31_12,cancer_tissue,Primary HCC tissue,12,"tumor
tissues"
PXD075377,HCC,KLA31_12,TCGA-RC-A7SF-01A,3.41524911350811,TCGA_LIHC_primary,KLA31_12,cancer_tissue,Primary HCC tissue,12,"tumor
tissues"
PXD075377,HCC,KLA31_12,TCGA-RC-A7SH-01A,3.55851872566837,TCGA_LIHC_primary,KLA31_12,cancer_tissue,Primary HCC tissue,12,"tumor
tissues"
PXD075377,HCC,KLA31_12,TCGA-RC-A7SK-01A,3.22094699054947,TCGA_LIHC_primary,KLA31_12,cancer_tissue,Primary HCC tissue,12,"tumor
tissues"
PXD075377,HCC,KLA31_12,TCGA-RG-A7D4-01A,3.955747342387,TCGA_LIHC_primary,KLA31_12,cancer_tissue,Primary HCC tissue,12,"tumor
tissues"
PXD075377,HCC,KLA31_12,TCGA-T1-A6J8-01A,2.8020865664649,TCGA_LIHC_primary,KLA31_12,cancer_tissue,Primary HCC tissue,12,"tumor
tissues"
PXD075377,HCC,KLA31_12,TCGA-UB-A7MA-01A,3.93199825701976,TCGA_LIHC_primary,KLA31_12,cancer_tissue,Primary HCC tissue,12,"tumor
tissues"
PXD075377,HCC,KLA31_12,TCGA-UB-A7MB-01A,4.14444903779029,TCGA_LIHC_primary,KLA31_12,cancer_tissue,Primary HCC tissue,12,"tumor
tissues"
PXD075377,HCC,KLA31_12,TCGA-UB-A7MC-01A,3.94903466510199,TCGA_LIHC_primary,KLA31_12,cancer_tissue,Primary HCC tissue,12,"tumor
tissues"
PXD075377,HCC,KLA31_12,TCGA-UB-A7MD-01A,3.33008412655126,TCGA_LIHC_primary,KLA31_12,cancer_tissue,Primary HCC tissue,12,"tumor
tissues"
PXD075377,HCC,KLA31_12,TCGA-UB-A7ME-01A,3.47087098620907,TCGA_LIHC_primary,KLA31_12,cancer_tissue,Primary HCC tissue,12,"tumor
tissues"
PXD075377,HCC,KLA31_12,TCGA-UB-A7MF-01A,3.81775655947549,TCGA_LIHC_primary,KLA31_12,cancer_tissue,Primary HCC tissue,12,"tumor
tissues"
PXD075377,HCC,KLA31_12,TCGA-UB-AA0U-01A,3.79400275136141,TCGA_LIHC_primary,KLA31_12,cancer_tissue,Primary HCC tissue,12,"tumor
tissues"
PXD075377,HCC,KLA31_12,TCGA-UB-AA0V-01A,2.8154697102885,TCGA_LIHC_primary,KLA31_12,cancer_tissue,Primary HCC tissue,12,"tumor
tissues"
PXD075377,HCC,KLA31_12,TCGA-WJ-A86L-01A,3.45176040925355,TCGA_LIHC_primary,KLA31_12,cancer_tissue,Primary HCC tissue,12,"tumor
tissues"
PXD075377,HCC,KLA31_12,TCGA-WQ-A9G7-01A,3.85789407172745,TCGA_LIHC_primary,KLA31_12,cancer_tissue,Primary HCC tissue,12,"tumor
tissues"
PXD075377,HCC,KLA31_12,TCGA-WQ-AB4B-01A,3.18547551788371,TCGA_LIHC_primary,KLA31_12,cancer_tissue,Primary HCC tissue,12,"tumor
tissues"
PXD075377,HCC,KLA31_12,TCGA-WX-AA44-01A,3.68987902352399,TCGA_LIHC_primary,KLA31_12,cancer_tissue,Primary HCC tissue,12,"tumor
tissues"
PXD075377,HCC,KLA31_12,TCGA-WX-AA46-01A,2.81791174176759,TCGA_LIHC_primary,KLA31_12,cancer_tissue,Primary HCC tissue,12,"tumor
tissues"
PXD075377,HCC,KLA31_12,TCGA-WX-AA47-01A,3.32244400534531,TCGA_LIHC_primary,KLA31_12,cancer_tissue,Primary HCC tissue,12,"tumor
tissues"
PXD075377,HCC,KLA31_12,TCGA-XR-A8TC-01A,3.5796029469876,TCGA_LIHC_primary,KLA31_12,cancer_tissue,Primary HCC tissue,12,"tumor
tissues"
PXD075377,HCC,KLA31_12,TCGA-XR-A8TD-01A,3.69629081288615,TCGA_LIHC_primary,KLA31_12,cancer_tissue,Primary HCC tissue,12,"tumor
tissues"
PXD075377,HCC,KLA31_12,TCGA-XR-A8TE-01A,3.08601867302294,TCGA_LIHC_primary,KLA31_12,cancer_tissue,Primary HCC tissue,12,"tumor
tissues"
PXD075377,HCC,KLA31_12,TCGA-XR-A8TF-01A,3.4847269795201,TCGA_LIHC_primary,KLA31_12,cancer_tissue,Primary HCC tissue,12,"tumor
tissues"
PXD075377,HCC,KLA31_12,TCGA-XR-A8TG-01A,3.92567003945517,TCGA_LIHC_primary,KLA31_12,cancer_tissue,Primary HCC tissue,12,"tumor
tissues"
PXD075377,HCC,KLA31_12,TCGA-YA-A8S7-01A,4.00514775181906,TCGA_LIHC_primary,KLA31_12,cancer_tissue,Primary HCC tissue,12,"tumor
tissues"
PXD075377,HCC,KLA31_12,TCGA-ZP-A9CV-01A,3.17334752858018,TCGA_LIHC_primary,KLA31_12,cancer_tissue,Primary HCC tissue,12,"tumor
tissues"
PXD075377,HCC,KLA31_12,TCGA-ZP-A9CY-01A,3.02223917002596,TCGA_LIHC_primary,KLA31_12,cancer_tissue,Primary HCC tissue,12,"tumor
tissues"
PXD075377,HCC,KLA31_12,TCGA-ZP-A9CZ-01A,3.98475456122248,TCGA_LIHC_primary,KLA31_12,cancer_tissue,Primary HCC tissue,12,"tumor
tissues"
PXD075377,HCC,KLA31_12,TCGA-ZP-A9D0-01A,3.03504720031557,TCGA_LIHC_primary,KLA31_12,cancer_tissue,Primary HCC tissue,12,"tumor
tissues"
PXD075377,HCC,KLA31_12,TCGA-ZP-A9D1-01A,3.0195065218208,TCGA_LIHC_primary,KLA31_12,cancer_tissue,Primary HCC tissue,12,"tumor
tissues"
PXD075377,HCC,KLA31_12,TCGA-ZP-A9D2-01A,3.58015028478231,TCGA_LIHC_primary,KLA31_12,cancer_tissue,Primary HCC tissue,12,"tumor
tissues"
PXD075377,HCC,KLA31_12,TCGA-ZP-A9D4-01A,3.25800709178512,TCGA_LIHC_primary,KLA31_12,cancer_tissue,Primary HCC tissue,12,"tumor
tissues"
PXD075377,HCC,KLA31_12,TCGA-ZS-A9CD-01A,2.96443807420412,TCGA_LIHC_primary,KLA31_12,cancer_tissue,Primary HCC tissue,12,"tumor
tissues"
PXD075377,HCC,KLA31_12,TCGA-ZS-A9CE-01A,3.10726199671418,TCGA_LIHC_primary,KLA31_12,cancer_tissue,Primary HCC tissue,12,"tumor
tissues"
PXD075377,HCC,KLA31_12,TCGA-ZS-A9CF-01A,3.83612105087811,TCGA_LIHC_primary,KLA31_12,cancer_tissue,Primary HCC tissue,12,"tumor
tissues"
PXD075377,HCC,KLA31_12,TCGA-ZS-A9CG-01A,2.70925828005091,TCGA_LIHC_primary,KLA31_12,cancer_tissue,Primary HCC tissue,12,"tumor
tissues"
PXD075377,adjacent liver,KLA31_09,TCGA-BC-A10Q-11A,2.45412885246419,TCGA_LIHC_normal,KLA31_09,normal_tissue,Adjacent liver tissue,9,"non-tumor
tissues"
PXD075377,adjacent liver,KLA31_09,TCGA-BC-A10R-11A,2.32432533038976,TCGA_LIHC_normal,KLA31_09,normal_tissue,Adjacent liver tissue,9,"non-tumor
tissues"
PXD075377,adjacent liver,KLA31_09,TCGA-BC-A10T-11A,2.38901968672325,TCGA_LIHC_normal,KLA31_09,normal_tissue,Adjacent liver tissue,9,"non-tumor
tissues"
PXD075377,adjacent liver,KLA31_09,TCGA-BC-A10U-11A,2.33887300768774,TCGA_LIHC_normal,KLA31_09,normal_tissue,Adjacent liver tissue,9,"non-tumor
tissues"
PXD075377,adjacent liver,KLA31_09,TCGA-BC-A10W-11A,2.38214263032643,TCGA_LIHC_normal,KLA31_09,normal_tissue,Adjacent liver tissue,9,"non-tumor
tissues"
PXD075377,adjacent liver,KLA31_09,TCGA-BC-A10X-11A,2.35962785919518,TCGA_LIHC_normal,KLA31_09,normal_tissue,Adjacent liver tissue,9,"non-tumor
tissues"
PXD075377,adjacent liver,KLA31_09,TCGA-BC-A10Y-11A,2.27379686401681,TCGA_LIHC_normal,KLA31_09,normal_tissue,Adjacent liver tissue,9,"non-tumor
tissues"
PXD075377,adjacent liver,KLA31_09,TCGA-BC-A10Z-11A,2.30418371443732,TCGA_LIHC_normal,KLA31_09,normal_tissue,Adjacent liver tissue,9,"non-tumor
tissues"
PXD075377,adjacent liver,KLA31_09,TCGA-BC-A110-11A,2.33230044966167,TCGA_LIHC_normal,KLA31_09,normal_tissue,Adjacent liver tissue,9,"non-tumor
tissues"
PXD075377,adjacent liver,KLA31_09,TCGA-BC-A216-11A,2.66777727054583,TCGA_LIHC_normal,KLA31_09,normal_tissue,Adjacent liver tissue,9,"non-tumor
tissues"
PXD075377,adjacent liver,KLA31_09,TCGA-BD-A2L6-11A,2.33796810684121,TCGA_LIHC_normal,KLA31_09,normal_tissue,Adjacent liver tissue,9,"non-tumor
tissues"
PXD075377,adjacent liver,KLA31_09,TCGA-BD-A3EP-11A,2.39162961256202,TCGA_LIHC_normal,KLA31_09,normal_tissue,Adjacent liver tissue,9,"non-tumor
tissues"
PXD075377,adjacent liver,KLA31_09,TCGA-DD-A113-11A,2.30719155089709,TCGA_LIHC_normal,KLA31_09,normal_tissue,Adjacent liver tissue,9,"non-tumor
tissues"
PXD075377,adjacent liver,KLA31_09,TCGA-DD-A114-11A,2.63697857596751,TCGA_LIHC_normal,KLA31_09,normal_tissue,Adjacent liver tissue,9,"non-tumor
tissues"
PXD075377,adjacent liver,KLA31_09,TCGA-DD-A116-11A,2.34521684256317,TCGA_LIHC_normal,KLA31_09,normal_tissue,Adjacent liver tissue,9,"non-tumor
tissues"
PXD075377,adjacent liver,KLA31_09,TCGA-DD-A118-11A,2.43183501472923,TCGA_LIHC_normal,KLA31_09,normal_tissue,Adjacent liver tissue,9,"non-tumor
tissues"
PXD075377,adjacent liver,KLA31_09,TCGA-DD-A119-11A,2.32927653555879,TCGA_LIHC_normal,KLA31_09,normal_tissue,Adjacent liver tissue,9,"non-tumor
tissues"
PXD075377,adjacent liver,KLA31_09,TCGA-DD-A11A-11A,2.4385504686748,TCGA_LIHC_normal,KLA31_09,normal_tissue,Adjacent liver tissue,9,"non-tumor
tissues"
PXD075377,adjacent liver,KLA31_09,TCGA-DD-A11B-11A,2.2554950069225,TCGA_LIHC_normal,KLA31_09,normal_tissue,Adjacent liver tissue,9,"non-tumor
tissues"
PXD075377,adjacent liver,KLA31_09,TCGA-DD-A11C-11A,2.31460158323982,TCGA_LIHC_normal,KLA31_09,normal_tissue,Adjacent liver tissue,9,"non-tumor
tissues"
PXD075377,adjacent liver,KLA31_09,TCGA-DD-A11D-11A,2.26867654462884,TCGA_LIHC_normal,KLA31_09,normal_tissue,Adjacent liver tissue,9,"non-tumor
tissues"
PXD075377,adjacent liver,KLA31_09,TCGA-DD-A1EB-11A,2.25320949042625,TCGA_LIHC_normal,KLA31_09,normal_tissue,Adjacent liver tissue,9,"non-tumor
tissues"
PXD075377,adjacent liver,KLA31_09,TCGA-DD-A1EC-11A,2.29795427649235,TCGA_LIHC_normal,KLA31_09,normal_tissue,Adjacent liver tissue,9,"non-tumor
tissues"
PXD075377,adjacent liver,KLA31_09,TCGA-DD-A1EE-11A,2.26539956330188,TCGA_LIHC_normal,KLA31_09,normal_tissue,Adjacent liver tissue,9,"non-tumor
tissues"
PXD075377,adjacent liver,KLA31_09,TCGA-DD-A1EG-11A,2.31783944212389,TCGA_LIHC_normal,KLA31_09,normal_tissue,Adjacent liver tissue,9,"non-tumor
tissues"
PXD075377,adjacent liver,KLA31_09,TCGA-DD-A1EH-11A,2.39331613095617,TCGA_LIHC_normal,KLA31_09,normal_tissue,Adjacent liver tissue,9,"non-tumor
tissues"
PXD075377,adjacent liver,KLA31_09,TCGA-DD-A1EI-11A,2.58607322847946,TCGA_LIHC_normal,KLA31_09,normal_tissue,Adjacent liver tissue,9,"non-tumor
tissues"
PXD075377,adjacent liver,KLA31_09,TCGA-DD-A1EJ-11A,2.36240238488424,TCGA_LIHC_normal,KLA31_09,normal_tissue,Adjacent liver tissue,9,"non-tumor
tissues"
PXD075377,adjacent liver,KLA31_09,TCGA-DD-A1EL-11A,2.36325157704981,TCGA_LIHC_normal,KLA31_09,normal_tissue,Adjacent liver tissue,9,"non-tumor
tissues"
PXD075377,adjacent liver,KLA31_09,TCGA-DD-A39V-11A,2.28664913854072,TCGA_LIHC_normal,KLA31_09,normal_tissue,Adjacent liver tissue,9,"non-tumor
tissues"
PXD075377,adjacent liver,KLA31_09,TCGA-DD-A39W-11A,2.18705713419273,TCGA_LIHC_normal,KLA31_09,normal_tissue,Adjacent liver tissue,9,"non-tumor
tissues"
PXD075377,adjacent liver,KLA31_09,TCGA-DD-A39X-11A,2.28110686551405,TCGA_LIHC_normal,KLA31_09,normal_tissue,Adjacent liver tissue,9,"non-tumor
tissues"
PXD075377,adjacent liver,KLA31_09,TCGA-DD-A39Z-11A,2.47196562330607,TCGA_LIHC_normal,KLA31_09,normal_tissue,Adjacent liver tissue,9,"non-tumor
tissues"
PXD075377,adjacent liver,KLA31_09,TCGA-DD-A3A1-11A,2.18444568404446,TCGA_LIHC_normal,KLA31_09,normal_tissue,Adjacent liver tissue,9,"non-tumor
tissues"
PXD075377,adjacent liver,KLA31_09,TCGA-DD-A3A2-11A,2.17846097854082,TCGA_LIHC_normal,KLA31_09,normal_tissue,Adjacent liver tissue,9,"non-tumor
tissues"
PXD075377,adjacent liver,KLA31_09,TCGA-DD-A3A3-11A,2.25689054126601,TCGA_LIHC_normal,KLA31_09,normal_tissue,Adjacent liver tissue,9,"non-tumor
tissues"
PXD075377,adjacent liver,KLA31_09,TCGA-DD-A3A4-11A,2.31904404147473,TCGA_LIHC_normal,KLA31_09,normal_tissue,Adjacent liver tissue,9,"non-tumor
tissues"
PXD075377,adjacent liver,KLA31_09,TCGA-DD-A3A5-11A,2.30696327113241,TCGA_LIHC_normal,KLA31_09,normal_tissue,Adjacent liver tissue,9,"non-tumor
tissues"
PXD075377,adjacent liver,KLA31_09,TCGA-DD-A3A6-11A,2.27319058274549,TCGA_LIHC_normal,KLA31_09,normal_tissue,Adjacent liver tissue,9,"non-tumor
tissues"
PXD075377,adjacent liver,KLA31_09,TCGA-DD-A3A8-11A,2.22143519838684,TCGA_LIHC_normal,KLA31_09,normal_tissue,Adjacent liver tissue,9,"non-tumor
tissues"
PXD075377,adjacent liver,KLA31_09,TCGA-EP-A12J-11A,2.3638180654934,TCGA_LIHC_normal,KLA31_09,normal_tissue,Adjacent liver tissue,9,"non-tumor
tissues"
PXD075377,adjacent liver,KLA31_09,TCGA-EP-A26S-11A,2.13175638850319,TCGA_LIHC_normal,KLA31_09,normal_tissue,Adjacent liver tissue,9,"non-tumor
tissues"
PXD075377,adjacent liver,KLA31_09,TCGA-EP-A3RK-11A,2.4000722245723,TCGA_LIHC_normal,KLA31_09,normal_tissue,Adjacent liver tissue,9,"non-tumor
tissues"
PXD075377,adjacent liver,KLA31_09,TCGA-ES-A2HT-11A,2.56289720611476,TCGA_LIHC_normal,KLA31_09,normal_tissue,Adjacent liver tissue,9,"non-tumor
tissues"
PXD075377,adjacent liver,KLA31_09,TCGA-FV-A23B-11A,2.25779352568808,TCGA_LIHC_normal,KLA31_09,normal_tissue,Adjacent liver tissue,9,"non-tumor
tissues"
PXD075377,adjacent liver,KLA31_09,TCGA-FV-A2QR-11A,2.3271893143936,TCGA_LIHC_normal,KLA31_09,normal_tissue,Adjacent liver tissue,9,"non-tumor
tissues"
PXD075377,adjacent liver,KLA31_09,TCGA-FV-A3I0-11A,2.30308910766719,TCGA_LIHC_normal,KLA31_09,normal_tissue,Adjacent liver tissue,9,"non-tumor
tissues"
PXD075377,adjacent liver,KLA31_09,TCGA-FV-A3I1-11A,2.19309551031226,TCGA_LIHC_normal,KLA31_09,normal_tissue,Adjacent liver tissue,9,"non-tumor
tissues"
PXD075377,adjacent liver,KLA31_09,TCGA-FV-A3R2-11A,2.17323058472255,TCGA_LIHC_normal,KLA31_09,normal_tissue,Adjacent liver tissue,9,"non-tumor
tissues"
PXD075377,adjacent liver,KLA31_09,TCGA-G3-A3CH-11A,2.31861118261994,TCGA_LIHC_normal,KLA31_09,normal_tissue,Adjacent liver tissue,9,"non-tumor
tissues"
PXD078013,RKO WT and GSK3B KO,KLA31_24,C1_count,5.64978249880766,RKO_DMSO,KLA31_24,cancer_cells,RKO cells,25,"cancer
cell lines"
PXD078013,RKO WT and GSK3B KO,KLA31_24,C2_count,5.58772345212906,RKO_DMSO,KLA31_24,cancer_cells,RKO cells,25,"cancer
cell lines"
PXD078013,RKO WT and GSK3B KO,KLA31_24,C3_count,5.61184669768486,RKO_DMSO,KLA31_24,cancer_cells,RKO cells,25,"cancer
cell lines"
