PXD,SampleGroup,GroupID,SampleID,DDRExpressionMedian,DdrFractionPercentage,ReferenceKey,GroupIDs,Category,ReferenceLabelEn,RowOrder,CategoryLabel
PXD028488,HCT116,KLA31_14,HCT_NC_1,5.02870062810244,3.0328418230563,HCT116_control,KLA31_14;KLA31_15;KLA31_16,cancer_cells,HCT116 cells,15,"cancer
cell lines"
PXD028488,HCT116,KLA31_14,HCT_NC_2,4.97473623986131,3.02446380697051,HCT116_control,KLA31_14;KLA31_15;KLA31_16,cancer_cells,HCT116 cells,15,"cancer
cell lines"
PXD028488,HCT116,KLA31_14,HCT_NC_3,4.96949155409674,3.0328418230563,HCT116_control,KLA31_14;KLA31_15;KLA31_16,cancer_cells,HCT116 cells,15,"cancer
cell lines"
PXD028488,HEK293T,KLA31_25,GSM6175912,5.15505111420006,2.95906625020549,GSE203529_HEK293T_WT,KLA31_25,normal_cells,HEK293T cells (control lysate),28,"normal
cell lines"
PXD028488,HEK293T,KLA31_25,GSM6175918,5.17732557163881,2.9508466217327,GSE203529_HEK293T_WT,KLA31_25,normal_cells,HEK293T cells (control lysate),28,"normal
cell lines"
PXD028488,HEK293T,KLA31_25,GSM6175922,5.16033143472305,2.95906625020549,GSE203529_HEK293T_WT,KLA31_25,normal_cells,HEK293T cells (control lysate),28,"normal
cell lines"
PXD028488,TALL-104,KLA31_17,8486_Tall,5.19456710379611,3.27675410728874,GSE163787_TALL104,KLA31_17,cancer_cells,TALL-104 cells (sodium lactate),18,"cancer
cell lines"
PXD028737,HMC3,KLA31_26,VEH_1,5.43235951310292,3.11719624558684,GSE275256_HMC3_vehicle,KLA31_26,normal_cells,HMC3 cells (normoxia and hypoxia),29,"normal
cell lines"
PXD028737,HMC3,KLA31_26,VEH_2,5.39967329183007,3.12580728493929,GSE275256_HMC3_vehicle,KLA31_26,normal_cells,HMC3 cells (normoxia and hypoxia),29,"normal
cell lines"
PXD028737,HMC3,KLA31_26,VEH_3,5.41616015341987,3.12580728493929,GSE275256_HMC3_vehicle,KLA31_26,normal_cells,HMC3 cells (normoxia and hypoxia),29,"normal
cell lines"
PXD033146,pathological rotator cuff tendon,KLA31_01,GSM7574837,3.89645280375994,2.74223034734918,tendon_nondiabetic,KLA31_01,normal_tissue,Pathological rotator-cuff tendon,1,"non-tumor
tissues"
PXD033146,pathological rotator cuff tendon,KLA31_01,GSM7574838,3.90316733774336,2.76508226691042,tendon_nondiabetic,KLA31_01,normal_tissue,Pathological rotator-cuff tendon,1,"non-tumor
tissues"
PXD033146,pathological rotator cuff tendon,KLA31_01,GSM7574839,3.94831392246621,2.73461304082876,tendon_nondiabetic,KLA31_01,normal_tissue,Pathological rotator-cuff tendon,1,"non-tumor
tissues"
PXD036307,normal human lung,KLA31_02,GTEX-111CU-0326-SM-5GZXO,4.0708024915197,2.60087686705804,GTEx_v8_Lung,KLA31_02,normal_tissue,Healthy human lung tissue,2,"non-tumor
tissues"
PXD036307,normal human lung,KLA31_02,GTEX-111FC-1126-SM-5GZWU,3.93561683488834,2.56372148324292,GTEx_v8_Lung,KLA31_02,normal_tissue,Healthy human lung tissue,2,"non-tumor
tissues"
PXD036307,normal human lung,KLA31_02,GTEX-111VG-0726-SM-5GIDC,3.80963264202462,2.51170394590176,GTEx_v8_Lung,KLA31_02,normal_tissue,Healthy human lung tissue,2,"non-tumor
tissues"
PXD036307,normal human lung,KLA31_02,GTEX-111YS-0626-SM-5GZXV,3.91076392811088,2.57858363676897,GTEx_v8_Lung,KLA31_02,normal_tissue,Healthy human lung tissue,2,"non-tumor
tissues"
PXD036307,normal human lung,KLA31_02,GTEX-1122O-0126-SM-5GICA,3.89782416159529,2.60830794382106,GTEx_v8_Lung,KLA31_02,normal_tissue,Healthy human lung tissue,2,"non-tumor
tissues"
PXD036307,normal human lung,KLA31_02,GTEX-1128S-0726-SM-5N9D6,3.90765429717398,2.56372148324292,GTEx_v8_Lung,KLA31_02,normal_tissue,Healthy human lung tissue,2,"non-tumor
tissues"
PXD036307,normal human lung,KLA31_02,GTEX-117YW-0526-SM-5H11C,3.90694812427871,2.62317009734711,GTEx_v8_Lung,KLA31_02,normal_tissue,Healthy human lung tissue,2,"non-tumor
tissues"
PXD036307,normal human lung,KLA31_02,GTEX-117YX-1326-SM-5H125,3.87188844202989,2.61573902058408,GTEx_v8_Lung,KLA31_02,normal_tissue,Healthy human lung tissue,2,"non-tumor
tissues"
PXD036307,normal human lung,KLA31_02,GTEX-11DXX-0626-SM-5Q5AG,3.8781868618426,2.57858363676897,GTEx_v8_Lung,KLA31_02,normal_tissue,Healthy human lung tissue,2,"non-tumor
tissues"
PXD036307,normal human lung,KLA31_02,GTEX-11DXZ-0726-SM-5N9C4,4.05908077190046,2.69004978821431,GTEx_v8_Lung,KLA31_02,normal_tissue,Healthy human lung tissue,2,"non-tumor
tissues"
PXD036307,normal human lung,KLA31_02,GTEX-11DZ1-0426-SM-5H11A,3.8267657776719,2.59344579029501,GTEx_v8_Lung,KLA31_02,normal_tissue,Healthy human lung tissue,2,"non-tumor
tissues"
PXD036307,normal human lung,KLA31_02,GTEX-11EI6-0826-SM-5985V,3.93182775597658,2.57115256000595,GTEx_v8_Lung,KLA31_02,normal_tissue,Healthy human lung tissue,2,"non-tumor
tissues"
PXD036307,normal human lung,KLA31_02,GTEX-11EMC-0126-SM-5EGKV,3.83521293544066,2.60830794382106,GTEx_v8_Lung,KLA31_02,normal_tissue,Healthy human lung tissue,2,"non-tumor
tissues"
PXD036307,normal human lung,KLA31_02,GTEX-11EQ9-0226-SM-5A5JX,3.99065656905903,2.60830794382106,GTEx_v8_Lung,KLA31_02,normal_tissue,Healthy human lung tissue,2,"non-tumor
tissues"
PXD036307,normal human lung,KLA31_02,GTEX-11GSP-0726-SM-5986L,3.8876038333191,2.57858363676897,GTEx_v8_Lung,KLA31_02,normal_tissue,Healthy human lung tissue,2,"non-tumor
tissues"
PXD036307,normal human lung,KLA31_02,GTEX-11I78-0126-SM-5HL6F,3.90694812427871,2.60087686705804,GTEx_v8_Lung,KLA31_02,normal_tissue,Healthy human lung tissue,2,"non-tumor
tissues"
PXD036307,normal human lung,KLA31_02,GTEX-11LCK-0426-SM-5A5M8,3.90730727863626,2.62317009734711,GTEx_v8_Lung,KLA31_02,normal_tissue,Healthy human lung tissue,2,"non-tumor
tissues"
PXD036307,normal human lung,KLA31_02,GTEX-11NSD-0326-SM-5A5LS,3.88482720881905,2.58601471353199,GTEx_v8_Lung,KLA31_02,normal_tissue,Healthy human lung tissue,2,"non-tumor
tissues"
PXD036307,normal human lung,KLA31_02,GTEX-11NUK-0826-SM-5HL4U,3.94882143147,2.60087686705804,GTEx_v8_Lung,KLA31_02,normal_tissue,Healthy human lung tissue,2,"non-tumor
tissues"
PXD036307,normal human lung,KLA31_02,GTEX-11NV4-1126-SM-5HL6J,3.80963264202462,2.54904875148633,GTEx_v8_Lung,KLA31_02,normal_tissue,Healthy human lung tissue,2,"non-tumor
tissues"
PXD036307,normal human lung,KLA31_02,GTEX-11O72-1326-SM-5BC5A,3.88657184007002,2.57115256000595,GTEx_v8_Lung,KLA31_02,normal_tissue,Healthy human lung tissue,2,"non-tumor
tissues"
PXD036307,normal human lung,KLA31_02,GTEX-11OF3-1126-SM-5986C,3.93423979351932,2.59344579029501,GTEx_v8_Lung,KLA31_02,normal_tissue,Healthy human lung tissue,2,"non-tumor
tissues"
PXD036307,normal human lung,KLA31_02,GTEX-11P7K-0326-SM-59871,3.90345476727338,2.59344579029501,GTEx_v8_Lung,KLA31_02,normal_tissue,Healthy human lung tissue,2,"non-tumor
tissues"
PXD036307,normal human lung,KLA31_02,GTEX-11P81-0226-SM-5HL5M,4.00985610379092,2.68261871145129,GTEx_v8_Lung,KLA31_02,normal_tissue,Healthy human lung tissue,2,"non-tumor
tissues"
PXD036307,normal human lung,KLA31_02,GTEX-11PRG-0926-SM-5EGI8,3.83521293544066,2.61573902058408,GTEx_v8_Lung,KLA31_02,normal_tissue,Healthy human lung tissue,2,"non-tumor
tissues"
PXD036307,normal human lung,KLA31_02,GTEX-11TT1-1626-SM-5EQL7,3.99871692469563,2.6528944043992,GTEx_v8_Lung,KLA31_02,normal_tissue,Healthy human lung tissue,2,"non-tumor
tissues"
PXD036307,normal human lung,KLA31_02,GTEX-11TUW-0526-SM-5LU9A,3.88900727933907,2.61573902058408,GTEx_v8_Lung,KLA31_02,normal_tissue,Healthy human lung tissue,2,"non-tumor
tissues"
PXD036307,normal human lung,KLA31_02,GTEX-11UD2-0726-SM-5EQ69,3.90626021733566,2.60087686705804,GTEx_v8_Lung,KLA31_02,normal_tissue,Healthy human lung tissue,2,"non-tumor
tissues"
PXD036307,normal human lung,KLA31_02,GTEX-11WQC-0626-SM-5EQMF,3.96445632906841,2.60087686705804,GTEx_v8_Lung,KLA31_02,normal_tissue,Healthy human lung tissue,2,"non-tumor
tissues"
PXD036307,normal human lung,KLA31_02,GTEX-11WQK-1226-SM-5GU5Z,4.13041537621356,2.60087686705804,GTEx_v8_Lung,KLA31_02,normal_tissue,Healthy human lung tissue,2,"non-tumor
tissues"
PXD036307,normal human lung,KLA31_02,GTEX-11ZTS-1226-SM-5EQMQ,3.81771232318619,2.60830794382106,GTEx_v8_Lung,KLA31_02,normal_tissue,Healthy human lung tissue,2,"non-tumor
tissues"
PXD036307,normal human lung,KLA31_02,GTEX-11ZTT-0626-SM-5EQLM,3.84925745651114,2.64546332763617,GTEx_v8_Lung,KLA31_02,normal_tissue,Healthy human lung tissue,2,"non-tumor
tissues"
PXD036307,normal human lung,KLA31_02,GTEX-11ZUS-0126-SM-5EQM5,3.88413297076346,2.54142825295385,GTEx_v8_Lung,KLA31_02,normal_tissue,Healthy human lung tissue,2,"non-tumor
tissues"
PXD036307,normal human lung,KLA31_02,GTEX-11ZVC-0226-SM-731E8,3.84609721176396,2.58601471353199,GTEx_v8_Lung,KLA31_02,normal_tissue,Healthy human lung tissue,2,"non-tumor
tissues"
PXD036307,normal human lung,KLA31_02,GTEX-1211K-0826-SM-5FQUP,3.94462471802137,2.60087686705804,GTEx_v8_Lung,KLA31_02,normal_tissue,Healthy human lung tissue,2,"non-tumor
tissues"
PXD036307,normal human lung,KLA31_02,GTEX-1212Z-1026-SM-5EGJ8,3.91214515820975,2.66032548116222,GTEx_v8_Lung,KLA31_02,normal_tissue,Healthy human lung tissue,2,"non-tumor
tissues"
PXD036307,normal human lung,KLA31_02,GTEX-12584-1426-SM-5EGJ9,3.92510835028533,2.59344579029501,GTEx_v8_Lung,KLA31_02,normal_tissue,Healthy human lung tissue,2,"non-tumor
tissues"
PXD036307,normal human lung,KLA31_02,GTEX-12696-1026-SM-5FQUV,3.97312687188104,2.62317009734711,GTEx_v8_Lung,KLA31_02,normal_tissue,Healthy human lung tissue,2,"non-tumor
tissues"
PXD036307,normal human lung,KLA31_02,GTEX-1269C-0926-SM-5FQSR,3.76469035158756,2.51913502266478,GTEx_v8_Lung,KLA31_02,normal_tissue,Healthy human lung tissue,2,"non-tumor
tissues"
PXD036307,normal human lung,KLA31_02,GTEX-12BJ1-1026-SM-5EGJA,3.90028975744286,2.60087686705804,GTEx_v8_Lung,KLA31_02,normal_tissue,Healthy human lung tissue,2,"non-tumor
tissues"
PXD036307,normal human lung,KLA31_02,GTEX-12KS4-0726-SM-5FQSX,4.0071140146956,2.68261871145129,GTEx_v8_Lung,KLA31_02,normal_tissue,Healthy human lung tissue,2,"non-tumor
tissues"
PXD036307,normal human lung,KLA31_02,GTEX-12WSA-1026-SM-5EGHN,3.89782416159529,2.57115256000595,GTEx_v8_Lung,KLA31_02,normal_tissue,Healthy human lung tissue,2,"non-tumor
tissues"
PXD036307,normal human lung,KLA31_02,GTEX-12WSD-0826-SM-5GCNE,3.91671377910499,2.63803225087315,GTEx_v8_Lung,KLA31_02,normal_tissue,Healthy human lung tissue,2,"non-tumor
tissues"
PXD036307,normal human lung,KLA31_02,GTEX-12WSE-0826-SM-5S2VL,4.00358896391103,2.5562904064799,GTEx_v8_Lung,KLA31_02,normal_tissue,Healthy human lung tissue,2,"non-tumor
tissues"
PXD036307,normal human lung,KLA31_02,GTEX-12WSG-5004-SM-7EPG9,3.97732167760003,2.61573902058408,GTEx_v8_Lung,KLA31_02,normal_tissue,Healthy human lung tissue,2,"non-tumor
tissues"
PXD036307,normal human lung,KLA31_02,GTEX-12WSH-0126-SM-5GCO3,3.91850814905275,2.53399717619083,GTEx_v8_Lung,KLA31_02,normal_tissue,Healthy human lung tissue,2,"non-tumor
tissues"
PXD036307,normal human lung,KLA31_02,GTEX-12WSI-0826-SM-5EGKD,3.82259007447288,2.61573902058408,GTEx_v8_Lung,KLA31_02,normal_tissue,Healthy human lung tissue,2,"non-tumor
tissues"
PXD036307,normal human lung,KLA31_02,GTEX-12WSJ-0226-SM-5GCP7,3.91600220626183,2.61573902058408,GTEx_v8_Lung,KLA31_02,normal_tissue,Healthy human lung tissue,2,"non-tumor
tissues"
PXD036307,normal human lung,KLA31_02,GTEX-12WSK-0826-SM-5CVNP,3.92404983704973,2.63803225087315,GTEx_v8_Lung,KLA31_02,normal_tissue,Healthy human lung tissue,2,"non-tumor
tissues"
PXD036307,normal human lung,KLA31_02,GTEX-12WSL-1026-SM-5CVNJ,3.92234912281252,2.62317009734711,GTEx_v8_Lung,KLA31_02,normal_tissue,Healthy human lung tissue,2,"non-tumor
tissues"
PXD036307,normal human lung,KLA31_02,GTEX-12WSN-5004-SM-793CE,3.92831045055758,2.60087686705804,GTEx_v8_Lung,KLA31_02,normal_tissue,Healthy human lung tissue,2,"non-tumor
tissues"
PXD036307,normal human lung,KLA31_02,GTEX-12ZZW-0926-SM-5LZUD,3.84943409651954,2.57115256000595,GTEx_v8_Lung,KLA31_02,normal_tissue,Healthy human lung tissue,2,"non-tumor
tissues"
PXD036307,normal human lung,KLA31_02,GTEX-12ZZY-0926-SM-5EQ6I,3.97836831703887,2.60830794382106,GTEx_v8_Lung,KLA31_02,normal_tissue,Healthy human lung tissue,2,"non-tumor
tissues"
PXD036307,normal human lung,KLA31_02,GTEX-13111-0426-SM-5DUXR,3.94566612287761,2.5562904064799,GTEx_v8_Lung,KLA31_02,normal_tissue,Healthy human lung tissue,2,"non-tumor
tissues"
PXD036307,normal human lung,KLA31_02,GTEX-13113-5004-SM-79ONL,3.90870276373986,2.62317009734711,GTEx_v8_Lung,KLA31_02,normal_tissue,Healthy human lung tissue,2,"non-tumor
tissues"
PXD036307,normal human lung,KLA31_02,GTEX-1313W-0926-SM-5EQ56,3.90201844502456,2.63060117411013,GTEx_v8_Lung,KLA31_02,normal_tissue,Healthy human lung tissue,2,"non-tumor
tissues"
PXD036307,normal human lung,KLA31_02,GTEX-131XE-0726-SM-5HL9K,3.97976530904987,2.60087686705804,GTEx_v8_Lung,KLA31_02,normal_tissue,Healthy human lung tissue,2,"non-tumor
tissues"
PXD036307,normal human lung,KLA31_02,GTEX-131XF-1026-SM-5BC6A,3.89850892762907,2.57858363676897,GTEx_v8_Lung,KLA31_02,normal_tissue,Healthy human lung tissue,2,"non-tumor
tissues"
PXD036307,normal human lung,KLA31_02,GTEX-131XH-0426-SM-5DUWU,3.80443102240239,2.53399717619083,GTEx_v8_Lung,KLA31_02,normal_tissue,Healthy human lung tissue,2,"non-tumor
tissues"
PXD036307,normal human lung,KLA31_02,GTEX-131XW-1126-SM-5EGK4,3.95436240577895,2.59344579029501,GTEx_v8_Lung,KLA31_02,normal_tissue,Healthy human lung tissue,2,"non-tumor
tissues"
PXD036307,normal human lung,KLA31_02,GTEX-131YS-0926-SM-5IJB9,3.88829458505993,2.57858363676897,GTEx_v8_Lung,KLA31_02,normal_tissue,Healthy human lung tissue,2,"non-tumor
tissues"
PXD036307,normal human lung,KLA31_02,GTEX-132NY-1226-SM-5PNVF,3.80062332965607,2.57858363676897,GTEx_v8_Lung,KLA31_02,normal_tissue,Healthy human lung tissue,2,"non-tumor
tissues"
PXD036307,normal human lung,KLA31_02,GTEX-132QS-0726-SM-5IJE9,3.92546999334738,2.62317009734711,GTEx_v8_Lung,KLA31_02,normal_tissue,Healthy human lung tissue,2,"non-tumor
tissues"
PXD036307,normal human lung,KLA31_02,GTEX-1339X-0626-SM-5IJER,4.01264470525725,2.59344579029501,GTEx_v8_Lung,KLA31_02,normal_tissue,Healthy human lung tissue,2,"non-tumor
tissues"
PXD036307,normal human lung,KLA31_02,GTEX-133LE-0526-SM-5N9EJ,3.87223096598149,2.60830794382106,GTEx_v8_Lung,KLA31_02,normal_tissue,Healthy human lung tissue,2,"non-tumor
tissues"
PXD036307,normal human lung,KLA31_02,GTEX-1399S-1726-SM-5L3DI,3.8366423813952,2.59344579029501,GTEx_v8_Lung,KLA31_02,normal_tissue,Healthy human lung tissue,2,"non-tumor
tissues"
PXD036307,normal human lung,KLA31_02,GTEX-1399U-0826-SM-5KM1P,3.89533272306975,2.58601471353199,GTEx_v8_Lung,KLA31_02,normal_tissue,Healthy human lung tissue,2,"non-tumor
tissues"
PXD036307,normal human lung,KLA31_02,GTEX-139T6-0426-SM-5IJEM,3.95024097958511,2.66775655792524,GTEx_v8_Lung,KLA31_02,normal_tissue,Healthy human lung tissue,2,"non-tumor
tissues"
PXD036307,normal human lung,KLA31_02,GTEX-139TT-0726-SM-5K7XW,3.89393904807698,2.59344579029501,GTEx_v8_Lung,KLA31_02,normal_tissue,Healthy human lung tissue,2,"non-tumor
tissues"
PXD036307,normal human lung,KLA31_02,GTEX-139UW-0226-SM-5K7WU,3.89042487764339,2.63060117411013,GTEx_v8_Lung,KLA31_02,normal_tissue,Healthy human lung tissue,2,"non-tumor
tissues"
PXD036307,normal human lung,KLA31_02,GTEX-139YR-0926-SM-5LZYB,4.0297502328113,2.68261871145129,GTEx_v8_Lung,KLA31_02,normal_tissue,Healthy human lung tissue,2,"non-tumor
tissues"
PXD036307,normal human lung,KLA31_02,GTEX-13CF3-0426-SM-5IJEU,3.94954693688269,2.63060117411013,GTEx_v8_Lung,KLA31_02,normal_tissue,Healthy human lung tissue,2,"non-tumor
tissues"
PXD036307,normal human lung,KLA31_02,GTEX-13D11-0326-SM-5LZXX,3.99449298464258,2.6528944043992,GTEx_v8_Lung,KLA31_02,normal_tissue,Healthy human lung tissue,2,"non-tumor
tissues"
PXD036307,normal human lung,KLA31_02,GTEX-13FH7-1726-SM-5IJE7,3.95923329222119,2.6528944043992,GTEx_v8_Lung,KLA31_02,normal_tissue,Healthy human lung tissue,2,"non-tumor
tissues"
PXD036307,normal human lung,KLA31_02,GTEX-13FHO-1026-SM-5KM1Q,3.87256582685588,2.62317009734711,GTEx_v8_Lung,KLA31_02,normal_tissue,Healthy human lung tissue,2,"non-tumor
tissues"
PXD036307,normal human lung,KLA31_02,GTEX-13FHP-0726-SM-5K7YI,3.88378011039343,2.57858363676897,GTEx_v8_Lung,KLA31_02,normal_tissue,Healthy human lung tissue,2,"non-tumor
tissues"
PXD036307,normal human lung,KLA31_02,GTEX-13FLV-0426-SM-5KLZA,3.83906842654005,2.57115256000595,GTEx_v8_Lung,KLA31_02,normal_tissue,Healthy human lung tissue,2,"non-tumor
tissues"
PXD036307,normal human lung,KLA31_02,GTEX-13FTX-0326-SM-5J2NG,3.82926804341107,2.61573902058408,GTEx_v8_Lung,KLA31_02,normal_tissue,Healthy human lung tissue,2,"non-tumor
tissues"
PXD036307,normal human lung,KLA31_02,GTEX-13FTY-0126-SM-5J2NZ,3.86007332988722,2.54885932971688,GTEx_v8_Lung,KLA31_02,normal_tissue,Healthy human lung tissue,2,"non-tumor
tissues"
PXD036307,normal human lung,KLA31_02,GTEX-13FTZ-0526-SM-5IJCW,3.99312692501393,2.62317009734711,GTEx_v8_Lung,KLA31_02,normal_tissue,Healthy human lung tissue,2,"non-tumor
tissues"
PXD036307,normal human lung,KLA31_02,GTEX-13G51-0426-SM-5K7Z5,3.80684862482295,2.56372148324292,GTEx_v8_Lung,KLA31_02,normal_tissue,Healthy human lung tissue,2,"non-tumor
tissues"
PXD036307,normal human lung,KLA31_02,GTEX-13JUV-0526-SM-5K7XE,3.9787148664873,2.59344579029501,GTEx_v8_Lung,KLA31_02,normal_tissue,Healthy human lung tissue,2,"non-tumor
tissues"
PXD036307,normal human lung,KLA31_02,GTEX-13JVG-1426-SM-5MR4W,3.79810419027886,2.60830794382106,GTEx_v8_Lung,KLA31_02,normal_tissue,Healthy human lung tissue,2,"non-tumor
tissues"
PXD036307,normal human lung,KLA31_02,GTEX-13N11-0326-SM-5LUA3,3.93493606559267,2.58601471353199,GTEx_v8_Lung,KLA31_02,normal_tissue,Healthy human lung tissue,2,"non-tumor
tissues"
PXD036307,normal human lung,KLA31_02,GTEX-13N1W-0726-SM-5MR57,3.85233987846586,2.60830794382106,GTEx_v8_Lung,KLA31_02,normal_tissue,Healthy human lung tissue,2,"non-tumor
tissues"
PXD036307,normal human lung,KLA31_02,GTEX-13N2G-0826-SM-5IJE6,3.86869998038517,2.5562904064799,GTEx_v8_Lung,KLA31_02,normal_tissue,Healthy human lung tissue,2,"non-tumor
tissues"
PXD036307,normal human lung,KLA31_02,GTEX-13NYB-0626-SM-5MR47,3.83031014091707,2.54885932971688,GTEx_v8_Lung,KLA31_02,normal_tissue,Healthy human lung tissue,2,"non-tumor
tissues"
PXD036307,normal human lung,KLA31_02,GTEX-13NYS-1626-SM-5J2MU,3.90488603513365,2.57115256000595,GTEx_v8_Lung,KLA31_02,normal_tissue,Healthy human lung tissue,2,"non-tumor
tissues"
PXD036307,normal human lung,KLA31_02,GTEX-13NZ8-0326-SM-5L3DF,3.96691593011432,2.56391200951249,GTEx_v8_Lung,KLA31_02,normal_tissue,Healthy human lung tissue,2,"non-tumor
tissues"
PXD036307,normal human lung,KLA31_02,GTEX-13NZ9-0926-SM-5KM12,3.93149816273912,2.60830794382106,GTEx_v8_Lung,KLA31_02,normal_tissue,Healthy human lung tissue,2,"non-tumor
tissues"
PXD036307,normal human lung,KLA31_02,GTEX-13NZA-1426-SM-5KM4Y,3.8876038333191,2.64546332763617,GTEx_v8_Lung,KLA31_02,normal_tissue,Healthy human lung tissue,2,"non-tumor
tissues"
PXD036307,normal human lung,KLA31_02,GTEX-13O21-3026-SM-5J2NI,3.91707937166312,2.60087686705804,GTEx_v8_Lung,KLA31_02,normal_tissue,Healthy human lung tissue,2,"non-tumor
tissues"
PXD036307,normal human lung,KLA31_02,GTEX-13O3O-0726-SM-5J1N7,3.8061523933821,2.51913502266478,GTEx_v8_Lung,KLA31_02,normal_tissue,Healthy human lung tissue,2,"non-tumor
tissues"
PXD036307,normal human lung,KLA31_02,GTEX-13O3P-1026-SM-5N9E7,3.86279578486696,2.58601471353199,GTEx_v8_Lung,KLA31_02,normal_tissue,Healthy human lung tissue,2,"non-tumor
tissues"
PXD036307,normal human lung,KLA31_02,GTEX-13O3Q-0526-SM-5KM18,3.88794730770892,2.5562904064799,GTEx_v8_Lung,KLA31_02,normal_tissue,Healthy human lung tissue,2,"non-tumor
tissues"
PXD036307,normal human lung,KLA31_02,GTEX-13O61-0726-SM-5J2MD,3.87223096598149,2.57858363676897,GTEx_v8_Lung,KLA31_02,normal_tissue,Healthy human lung tissue,2,"non-tumor
tissues"
PXD036307,normal human lung,KLA31_02,GTEX-13OVG-0326-SM-5KM57,3.87717480520516,2.57858363676897,GTEx_v8_Lung,KLA31_02,normal_tissue,Healthy human lung tissue,2,"non-tumor
tissues"
PXD036307,normal human lung,KLA31_02,GTEX-13OVH-1026-SM-5J2NP,3.88169680816411,2.57115256000595,GTEx_v8_Lung,KLA31_02,normal_tissue,Healthy human lung tissue,2,"non-tumor
tissues"
PXD036307,normal human lung,KLA31_02,GTEX-13OVJ-0726-SM-5KM1W,3.93773276871405,2.66032548116222,GTEx_v8_Lung,KLA31_02,normal_tissue,Healthy human lung tissue,2,"non-tumor
tissues"
PXD036307,normal human lung,KLA31_02,GTEX-13OVL-0626-SM-5KM13,3.97766042726421,2.59344579029501,GTEx_v8_Lung,KLA31_02,normal_tissue,Healthy human lung tissue,2,"non-tumor
tissues"
PXD036307,normal human lung,KLA31_02,GTEX-13OW5-0726-SM-5KLZK,3.85762527725462,2.56372148324292,GTEx_v8_Lung,KLA31_02,normal_tissue,Healthy human lung tissue,2,"non-tumor
tissues"
PXD036307,normal human lung,KLA31_02,GTEX-13OW6-0826-SM-5L3GA,3.94045293880727,2.61573902058408,GTEx_v8_Lung,KLA31_02,normal_tissue,Healthy human lung tissue,2,"non-tumor
tissues"
PXD036307,normal human lung,KLA31_02,GTEX-13OW7-0926-SM-5L3EX,3.86624749522314,2.57858363676897,GTEx_v8_Lung,KLA31_02,normal_tissue,Healthy human lung tissue,2,"non-tumor
tissues"
PXD036307,normal human lung,KLA31_02,GTEX-13OW8-1726-SM-5L3GO,3.87117590904126,2.61573902058408,GTEx_v8_Lung,KLA31_02,normal_tissue,Healthy human lung tissue,2,"non-tumor
tissues"
PXD036307,normal human lung,KLA31_02,GTEX-13PL7-1726-SM-5J2NX,3.82819638635409,2.5562904064799,GTEx_v8_Lung,KLA31_02,normal_tissue,Healthy human lung tissue,2,"non-tumor
tissues"
PXD036307,normal human lung,KLA31_02,GTEX-13PVQ-0926-SM-5IJFD,3.89782416159529,2.66032548116222,GTEx_v8_Lung,KLA31_02,normal_tissue,Healthy human lung tissue,2,"non-tumor
tissues"
PXD036307,normal human lung,KLA31_02,GTEX-13QBU-0726-SM-5J2OA,3.94114464872447,2.57858363676897,GTEx_v8_Lung,KLA31_02,normal_tissue,Healthy human lung tissue,2,"non-tumor
tissues"
PXD036307,normal human lung,KLA31_02,GTEX-13QJ3-1026-SM-5QGQU,3.86076537942974,2.59344579029501,GTEx_v8_Lung,KLA31_02,normal_tissue,Healthy human lung tissue,2,"non-tumor
tissues"
PXD036307,normal human lung,KLA31_02,GTEX-13QJC-0526-SM-5RQKB,3.93216871792582,2.62317009734711,GTEx_v8_Lung,KLA31_02,normal_tissue,Healthy human lung tissue,2,"non-tumor
tissues"
PXD036307,normal human lung,KLA31_02,GTEX-13RTJ-1126-SM-5S2UJ,3.88238611782559,2.60087686705804,GTEx_v8_Lung,KLA31_02,normal_tissue,Healthy human lung tissue,2,"non-tumor
tissues"
PXD036307,normal human lung,KLA31_02,GTEX-13S7M-2126-SM-5S2QR,3.82995535731923,2.63060117411013,GTEx_v8_Lung,KLA31_02,normal_tissue,Healthy human lung tissue,2,"non-tumor
tissues"
PXD036307,normal human lung,KLA31_02,GTEX-13S86-0626-SM-5Q5E7,4.0426795640707,2.58601471353199,GTEx_v8_Lung,KLA31_02,normal_tissue,Healthy human lung tissue,2,"non-tumor
tissues"
PXD036307,normal human lung,KLA31_02,GTEX-13SLW-1226-SM-5S2Q7,3.94394618718422,2.66775655792524,GTEx_v8_Lung,KLA31_02,normal_tissue,Healthy human lung tissue,2,"non-tumor
tissues"
PXD036307,normal human lung,KLA31_02,GTEX-13U4I-1426-SM-5J2M3,3.90345476727338,2.64546332763617,GTEx_v8_Lung,KLA31_02,normal_tissue,Healthy human lung tissue,2,"non-tumor
tissues"
PXD036307,normal human lung,KLA31_02,GTEX-13VXT-1426-SM-5LU4B,3.85549229347482,2.60830794382106,GTEx_v8_Lung,KLA31_02,normal_tissue,Healthy human lung tissue,2,"non-tumor
tissues"
PXD036307,normal human lung,KLA31_02,GTEX-13VXU-2726-SM-5LU4N,3.90591169724434,2.60830794382106,GTEx_v8_Lung,KLA31_02,normal_tissue,Healthy human lung tissue,2,"non-tumor
tissues"
PXD036307,normal human lung,KLA31_02,GTEX-13W3W-0326-SM-731DS,3.90418141766392,2.61573902058408,GTEx_v8_Lung,KLA31_02,normal_tissue,Healthy human lung tissue,2,"non-tumor
tissues"
PXD036307,normal human lung,KLA31_02,GTEX-13X6K-1626-SM-7EWCX,3.82431646269678,2.60087686705804,GTEx_v8_Lung,KLA31_02,normal_tissue,Healthy human lung tissue,2,"non-tumor
tissues"
PXD036307,normal human lung,KLA31_02,GTEX-13YAN-1026-SM-5O9CF,3.88238611782559,2.58601471353199,GTEx_v8_Lung,KLA31_02,normal_tissue,Healthy human lung tissue,2,"non-tumor
tissues"
PXD036307,normal human lung,KLA31_02,GTEX-144GM-0126-SM-5Q5AX,3.97107327546954,2.6528944043992,GTEx_v8_Lung,KLA31_02,normal_tissue,Healthy human lung tissue,2,"non-tumor
tissues"
PXD036307,normal human lung,KLA31_02,GTEX-144GN-0426-SM-5O9AP,3.90418141766392,2.67518763468827,GTEx_v8_Lung,KLA31_02,normal_tissue,Healthy human lung tissue,2,"non-tumor
tissues"
PXD036307,normal human lung,KLA31_02,GTEX-144GO-0226-SM-5LUB1,3.92796086804119,2.58601471353199,GTEx_v8_Lung,KLA31_02,normal_tissue,Healthy human lung tissue,2,"non-tumor
tissues"
PXD036307,normal human lung,KLA31_02,GTEX-145LS-1226-SM-5Q5D9,3.76222766886793,2.62317009734711,GTEx_v8_Lung,KLA31_02,normal_tissue,Healthy human lung tissue,2,"non-tumor
tissues"
PXD036307,normal human lung,KLA31_02,GTEX-145LT-0326-SM-5LUAD,3.86007332988722,2.62317009734711,GTEx_v8_Lung,KLA31_02,normal_tissue,Healthy human lung tissue,2,"non-tumor
tissues"
PXD036307,normal human lung,KLA31_02,GTEX-145LU-0526-SM-5O9AT,3.97766042726421,2.59344579029501,GTEx_v8_Lung,KLA31_02,normal_tissue,Healthy human lung tissue,2,"non-tumor
tissues"
PXD036307,normal human lung,KLA31_02,GTEX-145ME-0226-SM-5S2QN,4.02108527990141,2.59344579029501,GTEx_v8_Lung,KLA31_02,normal_tissue,Healthy human lung tissue,2,"non-tumor
tissues"
PXD036307,normal human lung,KLA31_02,GTEX-145MF-0726-SM-5Q5BT,3.77692739269397,2.57858363676897,GTEx_v8_Lung,KLA31_02,normal_tissue,Healthy human lung tissue,2,"non-tumor
tissues"
PXD036307,normal human lung,KLA31_02,GTEX-145MH-0626-SM-5NQAK,3.77901909717631,2.57115256000595,GTEx_v8_Lung,KLA31_02,normal_tissue,Healthy human lung tissue,2,"non-tumor
tissues"
PXD036307,normal human lung,KLA31_02,GTEX-145MN-0926-SM-5NQBT,3.77309508714941,2.59344579029501,GTEx_v8_Lung,KLA31_02,normal_tissue,Healthy human lung tissue,2,"non-tumor
tissues"
PXD036307,normal human lung,KLA31_02,GTEX-145MO-1326-SM-5Q5EF,3.8666036041657,2.63060117411013,GTEx_v8_Lung,KLA31_02,normal_tissue,Healthy human lung tissue,2,"non-tumor
tissues"
PXD036307,normal human lung,KLA31_02,GTEX-146FH-1226-SM-5NQB6,3.91565159634625,2.59344579029501,GTEx_v8_Lung,KLA31_02,normal_tissue,Healthy human lung tissue,2,"non-tumor
tissues"
PXD036307,normal human lung,KLA31_02,GTEX-146FQ-0926-SM-5LUAV,3.96585876102506,2.67518763468827,GTEx_v8_Lung,KLA31_02,normal_tissue,Healthy human lung tissue,2,"non-tumor
tissues"
PXD036307,normal human lung,KLA31_02,GTEX-1477Z-0626-SM-5NQB7,3.84854715092274,2.60087686705804,GTEx_v8_Lung,KLA31_02,normal_tissue,Healthy human lung tissue,2,"non-tumor
tissues"
PXD036307,normal human lung,KLA31_02,GTEX-147F3-0726-SM-5NQ9U,3.85097572207081,2.60087686705804,GTEx_v8_Lung,KLA31_02,normal_tissue,Healthy human lung tissue,2,"non-tumor
tissues"
PXD036307,normal human lung,KLA31_02,GTEX-147F4-0926-SM-5Q5EO,3.94428592206416,2.62317009734711,GTEx_v8_Lung,KLA31_02,normal_tissue,Healthy human lung tissue,2,"non-tumor
tissues"
PXD036307,normal human lung,KLA31_02,GTEX-147GR-1226-SM-5TDCL,3.94566612287761,2.63060117411013,GTEx_v8_Lung,KLA31_02,normal_tissue,Healthy human lung tissue,2,"non-tumor
tissues"
PXD036307,normal human lung,KLA31_02,GTEX-147JS-1226-SM-5RQK4,3.86904236871846,2.68261871145129,GTEx_v8_Lung,KLA31_02,normal_tissue,Healthy human lung tissue,2,"non-tumor
tissues"
PXD036307,normal human lung,KLA31_02,GTEX-148VI-0226-SM-5RQKA,3.96270837517893,2.63060117411013,GTEx_v8_Lung,KLA31_02,normal_tissue,Healthy human lung tissue,2,"non-tumor
tissues"
PXD036307,normal human lung,KLA31_02,GTEX-148VJ-0826-SM-5LU8V,3.98498946251632,2.62317009734711,GTEx_v8_Lung,KLA31_02,normal_tissue,Healthy human lung tissue,2,"non-tumor
tissues"
PXD036307,normal human lung,KLA31_02,GTEX-1497J-0326-SM-5Q5CN,3.89288636713844,2.58601471353199,GTEx_v8_Lung,KLA31_02,normal_tissue,Healthy human lung tissue,2,"non-tumor
tissues"
PXD036307,normal human lung,KLA31_02,GTEX-14A6H-0526-SM-5NQAZ,3.96445632906841,2.67518763468827,GTEx_v8_Lung,KLA31_02,normal_tissue,Healthy human lung tissue,2,"non-tumor
tissues"
PXD036307,normal human lung,KLA31_02,GTEX-14ABY-1126-SM-5Q5F8,3.88900727933907,2.57858363676897,GTEx_v8_Lung,KLA31_02,normal_tissue,Healthy human lung tissue,2,"non-tumor
tissues"
PXD036307,normal human lung,KLA31_02,GTEX-14AS3-0926-SM-5TDD6,3.88794730770892,2.57115256000595,GTEx_v8_Lung,KLA31_02,normal_tissue,Healthy human lung tissue,2,"non-tumor
tissues"
PXD036307,normal human lung,KLA31_02,GTEX-14BIL-1226-SM-79OME,3.91816217820805,2.64546332763617,GTEx_v8_Lung,KLA31_02,normal_tissue,Healthy human lung tissue,2,"non-tumor
tissues"
PXD036307,normal human lung,KLA31_02,GTEX-14BMU-0526-SM-73KW4,4.01619234273144,2.63060117411013,GTEx_v8_Lung,KLA31_02,normal_tissue,Healthy human lung tissue,2,"non-tumor
tissues"
PXD036307,normal human lung,KLA31_02,GTEX-14BMV-0826-SM-73KXU,3.88937655061012,2.59344579029501,GTEx_v8_Lung,KLA31_02,normal_tissue,Healthy human lung tissue,2,"non-tumor
tissues"
PXD036307,normal human lung,KLA31_02,GTEX-14C39-0326-SM-5TDDX,3.74326426521188,2.54142825295385,GTEx_v8_Lung,KLA31_02,normal_tissue,Healthy human lung tissue,2,"non-tumor
tissues"
PXD036307,normal human lung,KLA31_02,GTEX-14C5O-1126-SM-5TDEH,3.94287404543469,2.57115256000595,GTEx_v8_Lung,KLA31_02,normal_tissue,Healthy human lung tissue,2,"non-tumor
tissues"
PXD036307,normal human lung,KLA31_02,GTEX-14DAQ-0926-SM-793AZ,3.93561683488834,2.57858363676897,GTEx_v8_Lung,KLA31_02,normal_tissue,Healthy human lung tissue,2,"non-tumor
tissues"
PXD036307,normal human lung,KLA31_02,GTEX-14DAR-0226-SM-5S2PR,3.91144572745058,2.59344579029501,GTEx_v8_Lung,KLA31_02,normal_tissue,Healthy human lung tissue,2,"non-tumor
tissues"
PXD036307,normal human lung,KLA31_02,GTEX-14E1K-0226-SM-62LDT,3.88657184007002,2.60087686705804,GTEx_v8_Lung,KLA31_02,normal_tissue,Healthy human lung tissue,2,"non-tumor
tissues"
PXD036307,normal human lung,KLA31_02,GTEX-14E6C-1426-SM-5ZZWH,3.99764795109479,2.62317009734711,GTEx_v8_Lung,KLA31_02,normal_tissue,Healthy human lung tissue,2,"non-tumor
tissues"
PXD036307,normal human lung,KLA31_02,GTEX-14E6D-1026-SM-5S2RS,3.88482720881905,2.56372148324292,GTEx_v8_Lung,KLA31_02,normal_tissue,Healthy human lung tissue,2,"non-tumor
tissues"
PXD036307,normal human lung,KLA31_02,GTEX-14E6E-0426-SM-73KUE,3.8886539633228,2.62317009734711,GTEx_v8_Lung,KLA31_02,normal_tissue,Healthy human lung tissue,2,"non-tumor
tissues"
PXD036307,normal human lung,KLA31_02,GTEX-14E7W-1326-SM-5RQIV,3.82926804341107,2.56372148324292,GTEx_v8_Lung,KLA31_02,normal_tissue,Healthy human lung tissue,2,"non-tumor
tissues"
PXD036307,normal human lung,KLA31_02,GTEX-14JG1-0926-SM-5YY8W,3.88031491969848,2.63060117411013,GTEx_v8_Lung,KLA31_02,normal_tissue,Healthy human lung tissue,2,"non-tumor
tissues"
PXD036307,normal human lung,KLA31_02,GTEX-14JG6-0326-SM-6AJBT,3.90418141766392,2.60830794382106,GTEx_v8_Lung,KLA31_02,normal_tissue,Healthy human lung tissue,2,"non-tumor
tissues"
PXD036307,normal human lung,KLA31_02,GTEX-14JIY-1326-SM-6AJB3,3.99728712169476,2.57115256000595,GTEx_v8_Lung,KLA31_02,normal_tissue,Healthy human lung tissue,2,"non-tumor
tissues"
PXD036307,normal human lung,KLA31_02,GTEX-14LLW-0726-SM-5ZZVV,3.9338996534296,2.56372148324292,GTEx_v8_Lung,KLA31_02,normal_tissue,Healthy human lung tissue,2,"non-tumor
tissues"
PXD036307,normal human lung,KLA31_02,GTEX-14LZ3-0726-SM-5YYAB,3.86076537942974,2.58601471353199,GTEx_v8_Lung,KLA31_02,normal_tissue,Healthy human lung tissue,2,"non-tumor
tissues"
PXD036307,normal human lung,KLA31_02,GTEX-14PHY-0526-SM-664NM,3.89816112425823,2.62317009734711,GTEx_v8_Lung,KLA31_02,normal_tissue,Healthy human lung tissue,2,"non-tumor
tissues"
PXD036307,normal human lung,KLA31_02,GTEX-14PJ4-0626-SM-6AJBS,3.861756280783,2.57858363676897,GTEx_v8_Lung,KLA31_02,normal_tissue,Healthy human lung tissue,2,"non-tumor
tissues"
PXD036307,normal human lung,KLA31_02,GTEX-14PJ5-0226-SM-5YY99,3.9808137678,2.59344579029501,GTEx_v8_Lung,KLA31_02,normal_tissue,Healthy human lung tissue,2,"non-tumor
tissues"
PXD036307,normal human lung,KLA31_02,GTEX-14PJM-0926-SM-6AJ9Y,3.89956453737757,2.64546332763617,GTEx_v8_Lung,KLA31_02,normal_tissue,Healthy human lung tissue,2,"non-tumor
tissues"
PXD036307,normal human lung,KLA31_02,GTEX-14PJO-0926-SM-686YT,3.85833721895512,2.63060117411013,GTEx_v8_Lung,KLA31_02,normal_tissue,Healthy human lung tissue,2,"non-tumor
tissues"
PXD036307,normal human lung,KLA31_02,GTEX-14PK6-0326-SM-6AJ9S,3.91282533372152,2.60087686705804,GTEx_v8_Lung,KLA31_02,normal_tissue,Healthy human lung tissue,2,"non-tumor
tissues"
PXD036307,normal human lung,KLA31_02,GTEX-14PQA-1126-SM-7KUM4,3.91109796244944,2.66775655792524,GTEx_v8_Lung,KLA31_02,normal_tissue,Healthy human lung tissue,2,"non-tumor
tissues"
PXD036307,normal human lung,KLA31_02,GTEX-14XAO-0526-SM-6AJB7,3.91389595438532,2.64546332763617,GTEx_v8_Lung,KLA31_02,normal_tissue,Healthy human lung tissue,2,"non-tumor
tissues"
PXD036307,normal human lung,KLA31_02,GTEX-15CHC-0226-SM-5YYBB,3.95436240577895,2.66032548116222,GTEx_v8_Lung,KLA31_02,normal_tissue,Healthy human lung tissue,2,"non-tumor
tissues"
PXD036307,normal human lung,KLA31_02,GTEX-15CHR-0726-SM-7EPHG,3.90974614897718,2.57858363676897,GTEx_v8_Lung,KLA31_02,normal_tissue,Healthy human lung tissue,2,"non-tumor
tissues"
PXD036307,normal human lung,KLA31_02,GTEX-15D1Q-0526-SM-6AJAY,3.8781868618426,2.6528944043992,GTEx_v8_Lung,KLA31_02,normal_tissue,Healthy human lung tissue,2,"non-tumor
tissues"
PXD036307,normal human lung,KLA31_02,GTEX-15EOM-5010-SM-7P8PA,3.95679227613607,2.61573902058408,GTEx_v8_Lung,KLA31_02,normal_tissue,Healthy human lung tissue,2,"non-tumor
tissues"
PXD036307,normal human lung,KLA31_02,GTEX-15ER7-0926-SM-7KUMG,3.83767156999986,2.59344579029501,GTEx_v8_Lung,KLA31_02,normal_tissue,Healthy human lung tissue,2,"non-tumor
tissues"
PXD036307,normal human lung,KLA31_02,GTEX-15EU6-1226-SM-6AJBE,3.93423979351932,2.6528944043992,GTEx_v8_Lung,KLA31_02,normal_tissue,Healthy human lung tissue,2,"non-tumor
tissues"
PXD036307,normal human lung,KLA31_02,GTEX-15FZZ-0326-SM-6M48O,3.98047801590654,2.63060117411013,GTEx_v8_Lung,KLA31_02,normal_tissue,Healthy human lung tissue,2,"non-tumor
tissues"
PXD036307,normal human lung,KLA31_02,GTEX-15G1A-0426-SM-6M468,3.96445632906841,2.66032548116222,GTEx_v8_Lung,KLA31_02,normal_tissue,Healthy human lung tissue,2,"non-tumor
tissues"
PXD036307,normal human lung,KLA31_02,GTEX-15RIE-0326-SM-6PAMC,4.00848186224067,2.60830794382106,GTEx_v8_Lung,KLA31_02,normal_tissue,Healthy human lung tissue,2,"non-tumor
tissues"
PXD036307,normal human lung,KLA31_02,GTEX-15RJ7-0626-SM-6M47V,3.90765429717398,2.61573902058408,GTEx_v8_Lung,KLA31_02,normal_tissue,Healthy human lung tissue,2,"non-tumor
tissues"
PXD036307,normal human lung,KLA31_02,GTEX-15RJE-1026-SM-6M46X,3.96341110248185,2.57115256000595,GTEx_v8_Lung,KLA31_02,normal_tissue,Healthy human lung tissue,2,"non-tumor
tissues"
PXD036307,normal human lung,KLA31_02,GTEX-15SB6-0426-SM-6LPJ5,3.87464750741038,2.66032548116222,GTEx_v8_Lung,KLA31_02,normal_tissue,Healthy human lung tissue,2,"non-tumor
tissues"
PXD036307,normal human lung,KLA31_02,GTEX-15SHV-0326-SM-6M475,3.85514844095438,2.61573902058408,GTEx_v8_Lung,KLA31_02,normal_tissue,Healthy human lung tissue,2,"non-tumor
tissues"
PXD036307,normal human lung,KLA31_02,GTEX-15SHW-0926-SM-6LPIO,4.18197006782345,2.69748086497734,GTEx_v8_Lung,KLA31_02,normal_tissue,Healthy human lung tissue,2,"non-tumor
tissues"
PXD036307,normal human lung,KLA31_02,GTEX-15SKB-0826-SM-7KUFB,3.8886539633228,2.60830794382106,GTEx_v8_Lung,KLA31_02,normal_tissue,Healthy human lung tissue,2,"non-tumor
tissues"
PXD036307,normal human lung,KLA31_02,GTEX-15UKP-1926-SM-6LPI9,3.85130624943701,2.58601471353199,GTEx_v8_Lung,KLA31_02,normal_tissue,Healthy human lung tissue,2,"non-tumor
tissues"
PXD036307,normal human lung,KLA31_02,GTEX-169BO-0226-SM-79OL1,4.00780734115228,2.60087686705804,GTEx_v8_Lung,KLA31_02,normal_tissue,Healthy human lung tissue,2,"non-tumor
tissues"
PXD036307,normal human lung,KLA31_02,GTEX-16AAH-0426-SM-7DUFM,3.8694025864206,2.67518763468827,GTEx_v8_Lung,KLA31_02,normal_tissue,Healthy human lung tissue,2,"non-tumor
tissues"
PXD036307,normal human lung,KLA31_02,GTEX-16GPK-1826-SM-7MGW5,3.80684862482295,2.5562904064799,GTEx_v8_Lung,KLA31_02,normal_tissue,Healthy human lung tissue,2,"non-tumor
tissues"
PXD036307,normal human lung,KLA31_02,GTEX-16MT8-1026-SM-6LPK1,3.92760684055915,2.61573902058408,GTEx_v8_Lung,KLA31_02,normal_tissue,Healthy human lung tissue,2,"non-tumor
tissues"
PXD036307,normal human lung,KLA31_02,GTEX-16MTA-1226-SM-7KULL,3.80477107636495,2.63060117411013,GTEx_v8_Lung,KLA31_02,normal_tissue,Healthy human lung tissue,2,"non-tumor
tissues"
PXD036307,normal human lung,KLA31_02,GTEX-16NGA-0226-SM-718AI,3.94287404543469,2.60087686705804,GTEx_v8_Lung,KLA31_02,normal_tissue,Healthy human lung tissue,2,"non-tumor
tissues"
PXD036307,normal human lung,KLA31_02,GTEX-16XZZ-0926-SM-7DHLI,3.83278334520995,2.59344579029501,GTEx_v8_Lung,KLA31_02,normal_tissue,Healthy human lung tissue,2,"non-tumor
tissues"
PXD036307,normal human lung,KLA31_02,GTEX-16Z82-1026-SM-6M48A,3.83207640184069,2.60830794382106,GTEx_v8_Lung,KLA31_02,normal_tissue,Healthy human lung tissue,2,"non-tumor
tissues"
PXD036307,normal human lung,KLA31_02,GTEX-178AV-0326-SM-6LPJF,4.01619234273144,2.67518763468827,GTEx_v8_Lung,KLA31_02,normal_tissue,Healthy human lung tissue,2,"non-tumor
tissues"
PXD036307,normal human lung,KLA31_02,GTEX-17EVP-0726-SM-7EWDX,3.86419952846901,2.56372148324292,GTEx_v8_Lung,KLA31_02,normal_tissue,Healthy human lung tissue,2,"non-tumor
tissues"
PXD036307,normal human lung,KLA31_02,GTEX-17EVQ-1526-SM-79ONG,3.79632936344619,2.58601471353199,GTEx_v8_Lung,KLA31_02,normal_tissue,Healthy human lung tissue,2,"non-tumor
tissues"
PXD036307,normal human lung,KLA31_02,GTEX-17F96-0626-SM-793CC,3.93458431272498,2.60087686705804,GTEx_v8_Lung,KLA31_02,normal_tissue,Healthy human lung tissue,2,"non-tumor
tissues"
PXD036307,normal human lung,KLA31_02,GTEX-17F98-0226-SM-793BV,3.86208942218912,2.60087686705804,GTEx_v8_Lung,KLA31_02,normal_tissue,Healthy human lung tissue,2,"non-tumor
tissues"
PXD036307,normal human lung,KLA31_02,GTEX-17F9Y-1026-SM-7IGO4,3.94811706165789,2.60830794382106,GTEx_v8_Lung,KLA31_02,normal_tissue,Healthy human lung tissue,2,"non-tumor
tissues"
PXD036307,normal human lung,KLA31_02,GTEX-17GQL-0726-SM-731BL,3.82926804341107,2.57115256000595,GTEx_v8_Lung,KLA31_02,normal_tissue,Healthy human lung tissue,2,"non-tumor
tissues"
PXD036307,normal human lung,KLA31_02,GTEX-17HG3-0326-SM-7IGP4,4.01053768173448,2.63803225087315,GTEx_v8_Lung,KLA31_02,normal_tissue,Healthy human lung tissue,2,"non-tumor
tissues"
PXD036307,normal human lung,KLA31_02,GTEX-17HGU-0926-SM-79OKO,4.12516714989266,2.60830794382106,GTEx_v8_Lung,KLA31_02,normal_tissue,Healthy human lung tissue,2,"non-tumor
tissues"
PXD036307,normal human lung,KLA31_02,GTEX-17HHE-0626-SM-7DHL6,3.90488603513365,2.60830794382106,GTEx_v8_Lung,KLA31_02,normal_tissue,Healthy human lung tissue,2,"non-tumor
tissues"
PXD036307,normal human lung,KLA31_02,GTEX-17HII-0926-SM-79ON7,3.89886555757966,2.6528944043992,GTEx_v8_Lung,KLA31_02,normal_tissue,Healthy human lung tissue,2,"non-tumor
tissues"
PXD036307,normal human lung,KLA31_02,GTEX-17JCI-1526-SM-7IGOQ,3.7984684515067,2.51913502266478,GTEx_v8_Lung,KLA31_02,normal_tissue,Healthy human lung tissue,2,"non-tumor
tissues"
PXD036307,normal human lung,KLA31_02,GTEX-17KNJ-0926-SM-7IGP2,3.99520577870512,2.66032548116222,GTEx_v8_Lung,KLA31_02,normal_tissue,Healthy human lung tissue,2,"non-tumor
tissues"
PXD036307,normal human lung,KLA31_02,GTEX-17MF6-0826-SM-7LT8F,4.02458313929728,2.63803225087315,GTEx_v8_Lung,KLA31_02,normal_tissue,Healthy human lung tissue,2,"non-tumor
tissues"
PXD036307,normal human lung,KLA31_02,GTEX-183FY-0726-SM-793C3,4.27819205602599,2.69748086497734,GTEx_v8_Lung,KLA31_02,normal_tissue,Healthy human lung tissue,2,"non-tumor
tissues"
PXD036307,normal human lung,KLA31_02,GTEX-18465-0626-SM-7LT8X,3.81771232318619,2.57858363676897,GTEx_v8_Lung,KLA31_02,normal_tissue,Healthy human lung tissue,2,"non-tumor
tissues"
PXD036307,normal human lung,KLA31_02,GTEX-18A66-0926-SM-718BG,4.12201190013762,2.69748086497734,GTEx_v8_Lung,KLA31_02,normal_tissue,Healthy human lung tissue,2,"non-tumor
tissues"
PXD036307,normal human lung,KLA31_02,GTEX-18A67-1126-SM-7KFSB,3.85030243366598,2.63060117411013,GTEx_v8_Lung,KLA31_02,normal_tissue,Healthy human lung tissue,2,"non-tumor
tissues"
PXD036307,normal human lung,KLA31_02,GTEX-18A6Q-0826-SM-7KFRD,3.82819638635409,2.5562904064799,GTEx_v8_Lung,KLA31_02,normal_tissue,Healthy human lung tissue,2,"non-tumor
tissues"
PXD036307,normal human lung,KLA31_02,GTEX-18A7A-1026-SM-7LT8B,3.85797561800935,2.57858363676897,GTEx_v8_Lung,KLA31_02,normal_tissue,Healthy human lung tissue,2,"non-tumor
tissues"
PXD036307,normal human lung,KLA31_02,GTEX-18D9A-0226-SM-7KFSJ,3.87256582685588,2.58601471353199,GTEx_v8_Lung,KLA31_02,normal_tissue,Healthy human lung tissue,2,"non-tumor
tissues"
PXD036307,normal human lung,KLA31_02,GTEX-18D9B-1026-SM-CNPO5,3.88307717164768,2.60087686705804,GTEx_v8_Lung,KLA31_02,normal_tissue,Healthy human lung tissue,2,"non-tumor
tissues"
PXD036307,normal human lung,KLA31_02,GTEX-18D9U-0526-SM-72D7C,3.98218573785137,2.66775655792524,GTEx_v8_Lung,KLA31_02,normal_tissue,Healthy human lung tissue,2,"non-tumor
tissues"
PXD036307,normal human lung,KLA31_02,GTEX-18QFQ-0926-SM-7LG4V,3.8781868618426,2.60087686705804,GTEx_v8_Lung,KLA31_02,normal_tissue,Healthy human lung tissue,2,"non-tumor
tissues"
PXD036307,normal human lung,KLA31_02,GTEX-1A32A-0726-SM-731D4,3.91214515820975,2.58601471353199,GTEx_v8_Lung,KLA31_02,normal_tissue,Healthy human lung tissue,2,"non-tumor
tissues"
PXD036307,normal human lung,KLA31_02,GTEX-1A3MV-0526-SM-72D5A,3.96829649369777,2.60087686705804,GTEx_v8_Lung,KLA31_02,normal_tissue,Healthy human lung tissue,2,"non-tumor
tissues"
PXD036307,normal human lung,KLA31_02,GTEX-1A8FM-0826-SM-793D5,3.78784622757239,2.52656609942781,GTEx_v8_Lung,KLA31_02,normal_tissue,Healthy human lung tissue,2,"non-tumor
tissues"
PXD036307,normal human lung,KLA31_02,GTEX-1A8G6-0726-SM-73KV5,3.89042487764339,2.57858363676897,GTEx_v8_Lung,KLA31_02,normal_tissue,Healthy human lung tissue,2,"non-tumor
tissues"
PXD036307,normal human lung,KLA31_02,GTEX-1AX8Z-5010-SM-AHZ33,3.923372749694,2.67518763468827,GTEx_v8_Lung,KLA31_02,normal_tissue,Healthy human lung tissue,2,"non-tumor
tissues"
PXD036307,normal human lung,KLA31_02,GTEX-1AX9I-0826-SM-73KUT,3.91352619028413,2.58601471353199,GTEx_v8_Lung,KLA31_02,normal_tissue,Healthy human lung tissue,2,"non-tumor
tissues"
PXD036307,normal human lung,KLA31_02,GTEX-1AX9J-1626-SM-73KUI,3.91530489200704,2.61573902058408,GTEx_v8_Lung,KLA31_02,normal_tissue,Healthy human lung tissue,2,"non-tumor
tissues"
PXD036307,normal human lung,KLA31_02,GTEX-1AX9K-0826-SM-731F9,3.86904236871846,2.63060117411013,GTEx_v8_Lung,KLA31_02,normal_tissue,Healthy human lung tissue,2,"non-tumor
tissues"
PXD036307,normal human lung,KLA31_02,GTEX-1AYCT-0726-SM-7IGNG,3.95333364021009,2.61573902058408,GTEx_v8_Lung,KLA31_02,normal_tissue,Healthy human lung tissue,2,"non-tumor
tissues"
PXD036307,normal human lung,KLA31_02,GTEX-1AYD5-1226-SM-7EWEP,3.90661821744048,2.64546332763617,GTEx_v8_Lung,KLA31_02,normal_tissue,Healthy human lung tissue,2,"non-tumor
tissues"
PXD036307,normal human lung,KLA31_02,GTEX-1B8KZ-0526-SM-73KW2,3.89323540197614,2.62317009734711,GTEx_v8_Lung,KLA31_02,normal_tissue,Healthy human lung tissue,2,"non-tumor
tissues"
PXD036307,normal human lung,KLA31_02,GTEX-1B8L1-0626-SM-7EPHL,3.86208942218912,2.58601471353199,GTEx_v8_Lung,KLA31_02,normal_tissue,Healthy human lung tissue,2,"non-tumor
tissues"
PXD036307,normal human lung,KLA31_02,GTEX-1B8SF-0826-SM-73KW8,3.92475815872611,2.56372148324292,GTEx_v8_Lung,KLA31_02,normal_tissue,Healthy human lung tissue,2,"non-tumor
tissues"
PXD036307,normal human lung,KLA31_02,GTEX-1B932-0726-SM-731EY,4.01371293461628,2.66775655792524,GTEx_v8_Lung,KLA31_02,normal_tissue,Healthy human lung tissue,2,"non-tumor
tissues"
PXD036307,normal human lung,KLA31_02,GTEX-1B933-0926-SM-9OSVH,3.92128671440682,2.59344579029501,GTEx_v8_Lung,KLA31_02,normal_tissue,Healthy human lung tissue,2,"non-tumor
tissues"
PXD036307,normal human lung,KLA31_02,GTEX-1B97I-0226-SM-73KVO,3.86108563146802,2.60087686705804,GTEx_v8_Lung,KLA31_02,normal_tissue,Healthy human lung tissue,2,"non-tumor
tissues"
PXD036307,normal human lung,KLA31_02,GTEX-1B996-0726-SM-7IGPI,3.87960484972463,2.56372148324292,GTEx_v8_Lung,KLA31_02,normal_tissue,Healthy human lung tissue,2,"non-tumor
tissues"
PXD036307,normal human lung,KLA31_02,GTEX-1BAJH-1326-SM-7RHFS,3.81667523884738,2.60087686705804,GTEx_v8_Lung,KLA31_02,normal_tissue,Healthy human lung tissue,2,"non-tumor
tissues"
PXD036307,normal human lung,KLA31_02,GTEX-1C4CL-0826-SM-7EWEZ,3.91214515820975,2.61573902058408,GTEx_v8_Lung,KLA31_02,normal_tissue,Healthy human lung tissue,2,"non-tumor
tissues"
PXD036307,normal human lung,KLA31_02,GTEX-1C64O-1226-SM-79OOC,3.76610168450472,2.60087686705804,GTEx_v8_Lung,KLA31_02,normal_tissue,Healthy human lung tissue,2,"non-tumor
tissues"
PXD036307,normal human lung,KLA31_02,GTEX-1C6VR-0626-SM-79OOY,3.87610093266662,2.56372148324292,GTEx_v8_Lung,KLA31_02,normal_tissue,Healthy human lung tissue,2,"non-tumor
tissues"
PXD036307,normal human lung,KLA31_02,GTEX-1C6VS-1226-SM-79OO2,3.8757319162374,2.57858363676897,GTEx_v8_Lung,KLA31_02,normal_tissue,Healthy human lung tissue,2,"non-tumor
tissues"
PXD036307,normal human lung,KLA31_02,GTEX-1C6WA-0726-SM-7IGQ5,3.86869998038517,2.52656609942781,GTEx_v8_Lung,KLA31_02,normal_tissue,Healthy human lung tissue,2,"non-tumor
tissues"
PXD036307,normal human lung,KLA31_02,GTEX-1CAMQ-1026-SM-7EPIC,3.93909825545951,2.57858363676897,GTEx_v8_Lung,KLA31_02,normal_tissue,Healthy human lung tissue,2,"non-tumor
tissues"
PXD036307,normal human lung,KLA31_02,GTEX-1CAV2-0626-SM-7P8QE,3.91282533372152,2.60830794382106,GTEx_v8_Lung,KLA31_02,normal_tissue,Healthy human lung tissue,2,"non-tumor
tissues"
PXD036307,normal human lung,KLA31_02,GTEX-1CB4F-0926-SM-7DHMJ,4.16218551982822,2.68261871145129,GTEx_v8_Lung,KLA31_02,normal_tissue,Healthy human lung tissue,2,"non-tumor
tissues"
PXD036307,normal human lung,KLA31_02,GTEX-1CB4I-2126-SM-793AG,3.91389595438532,2.6528944043992,GTEx_v8_Lung,KLA31_02,normal_tissue,Healthy human lung tissue,2,"non-tumor
tissues"
PXD036307,normal human lung,KLA31_02,GTEX-1CB4J-1726-SM-79OOL,4.03111579603603,2.63803225087315,GTEx_v8_Lung,KLA31_02,normal_tissue,Healthy human lung tissue,2,"non-tumor
tissues"
PXD036307,normal human lung,KLA31_02,GTEX-1E1VI-0926-SM-7P8T3,3.84115546283466,2.5562904064799,GTEx_v8_Lung,KLA31_02,normal_tissue,Healthy human lung tissue,2,"non-tumor
tissues"
PXD036307,normal human lung,KLA31_02,GTEX-1E2YA-0926-SM-7MXUK,3.84150994567837,2.58601471353199,GTEx_v8_Lung,KLA31_02,normal_tissue,Healthy human lung tissue,2,"non-tumor
tissues"
PXD036307,normal human lung,KLA31_02,GTEX-1EKGG-1326-SM-7MXUM,3.88065792665579,2.61573902058408,GTEx_v8_Lung,KLA31_02,normal_tissue,Healthy human lung tissue,2,"non-tumor
tissues"
PXD036307,normal human lung,KLA31_02,GTEX-1EMGI-1426-SM-7IGNQ,3.90904438442339,2.61573902058408,GTEx_v8_Lung,KLA31_02,normal_tissue,Healthy human lung tissue,2,"non-tumor
tissues"
PXD036307,normal human lung,KLA31_02,GTEX-1EN7A-0826-SM-7MKFV,3.84221912469434,2.6528944043992,GTEx_v8_Lung,KLA31_02,normal_tissue,Healthy human lung tissue,2,"non-tumor
tissues"
PXD036307,normal human lung,KLA31_02,GTEX-1EWIQ-0926-SM-7RHG7,3.8862314012275,2.54885932971688,GTEx_v8_Lung,KLA31_02,normal_tissue,Healthy human lung tissue,2,"non-tumor
tissues"
PXD036307,normal human lung,KLA31_02,GTEX-1EX96-0226-SM-7RHHR,3.89748192094365,2.60087686705804,GTEx_v8_Lung,KLA31_02,normal_tissue,Healthy human lung tissue,2,"non-tumor
tissues"
PXD036307,normal human lung,KLA31_02,GTEX-1F48J-0826-SM-9WPOD,3.92690540277151,2.6528944043992,GTEx_v8_Lung,KLA31_02,normal_tissue,Healthy human lung tissue,2,"non-tumor
tissues"
PXD036307,normal human lung,KLA31_02,GTEX-1F5PK-0526-SM-7MXUA,3.95131389164564,2.58601471353199,GTEx_v8_Lung,KLA31_02,normal_tissue,Healthy human lung tissue,2,"non-tumor
tissues"
PXD036307,normal human lung,KLA31_02,GTEX-1F6I4-1026-SM-7P8PS,3.83243200290695,2.54885932971688,GTEx_v8_Lung,KLA31_02,normal_tissue,Healthy human lung tissue,2,"non-tumor
tissues"
PXD036307,normal human lung,KLA31_02,GTEX-1F6RS-0826-SM-7P8T9,3.95401867517292,2.57115256000595,GTEx_v8_Lung,KLA31_02,normal_tissue,Healthy human lung tissue,2,"non-tumor
tissues"
PXD036307,normal human lung,KLA31_02,GTEX-1F75B-1026-SM-9JGFS,3.82013361945805,2.57115256000595,GTEx_v8_Lung,KLA31_02,normal_tissue,Healthy human lung tissue,2,"non-tumor
tissues"
PXD036307,normal human lung,KLA31_02,GTEX-1F75W-0626-SM-7PC13,3.92234912281252,2.61573902058408,GTEx_v8_Lung,KLA31_02,normal_tissue,Healthy human lung tissue,2,"non-tumor
tissues"
PXD036307,normal human lung,KLA31_02,GTEX-1F7RK-0826-SM-7SB8V,4.01967468649929,2.58601471353199,GTEx_v8_Lung,KLA31_02,normal_tissue,Healthy human lung tissue,2,"non-tumor
tissues"
PXD036307,normal human lung,KLA31_02,GTEX-1F88F-0926-SM-7RHH8,3.79422543297984,2.60830794382106,GTEx_v8_Lung,KLA31_02,normal_tissue,Healthy human lung tissue,2,"non-tumor
tissues"
PXD036307,normal human lung,KLA31_02,GTEX-1FIGZ-0326-SM-7RHGT,3.8886539633228,2.63060117411013,GTEx_v8_Lung,KLA31_02,normal_tissue,Healthy human lung tissue,2,"non-tumor
tissues"
PXD036307,normal human lung,KLA31_02,GTEX-1GF9V-1026-SM-9KNW3,4.00045333605116,2.62317009734711,GTEx_v8_Lung,KLA31_02,normal_tissue,Healthy human lung tissue,2,"non-tumor
tissues"
PXD036307,normal human lung,KLA31_02,GTEX-1GF9X-0326-SM-7P8R9,3.94394618718422,2.60087686705804,GTEx_v8_Lung,KLA31_02,normal_tissue,Healthy human lung tissue,2,"non-tumor
tissues"
PXD036307,normal human lung,KLA31_02,GTEX-1GL5R-0526-SM-9WPOQ,3.89288636713844,2.61573902058408,GTEx_v8_Lung,KLA31_02,normal_tissue,Healthy human lung tissue,2,"non-tumor
tissues"
PXD036307,normal human lung,KLA31_02,GTEX-1GMR2-0126-SM-9JGHC,3.923372749694,2.59344579029501,GTEx_v8_Lung,KLA31_02,normal_tissue,Healthy human lung tissue,2,"non-tumor
tissues"
PXD036307,normal human lung,KLA31_02,GTEX-1GMR3-0226-SM-7RHIB,3.87011112958507,2.62317009734711,GTEx_v8_Lung,KLA31_02,normal_tissue,Healthy human lung tissue,2,"non-tumor
tissues"
PXD036307,normal human lung,KLA31_02,GTEX-1GMR8-1426-SM-7RHHL,3.94148461176784,2.58601471353199,GTEx_v8_Lung,KLA31_02,normal_tissue,Healthy human lung tissue,2,"non-tumor
tissues"
PXD036307,normal human lung,KLA31_02,GTEX-1GMRU-1426-SM-9WPPL,4.01476994443742,2.5562904064799,GTEx_v8_Lung,KLA31_02,normal_tissue,Healthy human lung tissue,2,"non-tumor
tissues"
PXD036307,normal human lung,KLA31_02,GTEX-1GN1U-1026-SM-9WYUP,4.1741279801649,2.70491194174036,GTEx_v8_Lung,KLA31_02,normal_tissue,Healthy human lung tissue,2,"non-tumor
tissues"
PXD036307,normal human lung,KLA31_02,GTEX-1GN1W-1026-SM-9OSW2,3.92024058049765,2.63803225087315,GTEx_v8_Lung,KLA31_02,normal_tissue,Healthy human lung tissue,2,"non-tumor
tissues"
PXD036307,normal human lung,KLA31_02,GTEX-1GN2E-1526-SM-7P8TD,3.83871828551716,2.57858363676897,GTEx_v8_Lung,KLA31_02,normal_tissue,Healthy human lung tissue,2,"non-tumor
tissues"
PXD036307,normal human lung,KLA31_02,GTEX-1GN73-1026-SM-9KNV9,3.95957982020029,2.5562904064799,GTEx_v8_Lung,KLA31_02,normal_tissue,Healthy human lung tissue,2,"non-tumor
tissues"
PXD036307,normal human lung,KLA31_02,GTEX-1GPI7-1526-SM-9JGG8,3.91179284315832,2.6528944043992,GTEx_v8_Lung,KLA31_02,normal_tissue,Healthy human lung tissue,2,"non-tumor
tissues"
PXD036307,normal human lung,KLA31_02,GTEX-1GTWX-0626-SM-9WYU1,3.93182775597658,2.58601471353199,GTEx_v8_Lung,KLA31_02,normal_tissue,Healthy human lung tissue,2,"non-tumor
tissues"
PXD036307,normal human lung,KLA31_02,GTEX-1GZ2Q-0726-SM-9KNVV,3.8429165279369,2.57858363676897,GTEx_v8_Lung,KLA31_02,normal_tissue,Healthy human lung tissue,2,"non-tumor
tissues"
PXD036307,normal human lung,KLA31_02,GTEX-1GZ4H-0426-SM-7MXV5,3.86836052353412,2.58601471353199,GTEx_v8_Lung,KLA31_02,normal_tissue,Healthy human lung tissue,2,"non-tumor
tissues"
PXD036307,normal human lung,KLA31_02,GTEX-1GZ4I-0726-SM-9QEHL,4.10558209451906,2.69748086497734,GTEx_v8_Lung,KLA31_02,normal_tissue,Healthy human lung tissue,2,"non-tumor
tissues"
PXD036307,normal human lung,KLA31_02,GTEX-1GZHY-0826-SM-9OSXT,3.9808137678,2.52656609942781,GTEx_v8_Lung,KLA31_02,normal_tissue,Healthy human lung tissue,2,"non-tumor
tissues"
PXD036307,normal human lung,KLA31_02,GTEX-1H11D-0726-SM-9OSWA,3.95436240577895,2.66775655792524,GTEx_v8_Lung,KLA31_02,normal_tissue,Healthy human lung tissue,2,"non-tumor
tissues"
PXD036307,normal human lung,KLA31_02,GTEX-1H1CY-0626-SM-9KNVE,4.00010266660547,2.60087686705804,GTEx_v8_Lung,KLA31_02,normal_tissue,Healthy human lung tissue,2,"non-tumor
tissues"
PXD036307,normal human lung,KLA31_02,GTEX-1H1DG-1026-SM-9MQJS,3.83837197435021,2.59344579029501,GTEx_v8_Lung,KLA31_02,normal_tissue,Healthy human lung tissue,2,"non-tumor
tissues"
PXD036307,normal human lung,KLA31_02,GTEX-1H1E6-0726-SM-9WPQ4,3.87117590904126,2.60830794382106,GTEx_v8_Lung,KLA31_02,normal_tissue,Healthy human lung tissue,2,"non-tumor
tissues"
PXD036307,normal human lung,KLA31_02,GTEX-1H1ZS-0826-SM-A9SMD,3.98185841479058,2.66032548116222,GTEx_v8_Lung,KLA31_02,normal_tissue,Healthy human lung tissue,2,"non-tumor
tissues"
PXD036307,normal human lung,KLA31_02,GTEX-1H23P-1026-SM-9QEHQ,3.98185841479058,2.66775655792524,GTEx_v8_Lung,KLA31_02,normal_tissue,Healthy human lung tissue,2,"non-tumor
tissues"
PXD036307,normal human lung,KLA31_02,GTEX-1H2FU-1226-SM-9KNVY,3.95233111433128,2.57858363676897,GTEx_v8_Lung,KLA31_02,normal_tissue,Healthy human lung tissue,2,"non-tumor
tissues"
PXD036307,normal human lung,KLA31_02,GTEX-1H3O1-0326-SM-9WPO8,3.91530489200704,2.59344579029501,GTEx_v8_Lung,KLA31_02,normal_tissue,Healthy human lung tissue,2,"non-tumor
tissues"
PXD036307,normal human lung,KLA31_02,GTEX-1H3VY-1426-SM-9WPOB,3.83067888732034,2.62317009734711,GTEx_v8_Lung,KLA31_02,normal_tissue,Healthy human lung tissue,2,"non-tumor
tissues"
PXD036307,normal human lung,KLA31_02,GTEX-1HB9E-0726-SM-AHZ4L,3.97141553712681,2.63803225087315,GTEx_v8_Lung,KLA31_02,normal_tissue,Healthy human lung tissue,2,"non-tumor
tissues"
PXD036307,normal human lung,KLA31_02,GTEX-1HBPH-1326-SM-9WYSN,3.97941690501239,2.57115256000595,GTEx_v8_Lung,KLA31_02,normal_tissue,Healthy human lung tissue,2,"non-tumor
tissues"
PXD036307,normal human lung,KLA31_02,GTEX-1HBPM-0826-SM-9WYSP,3.96691593011432,2.61573902058408,GTEx_v8_Lung,KLA31_02,normal_tissue,Healthy human lung tissue,2,"non-tumor
tissues"
PXD036307,normal human lung,KLA31_02,GTEX-1HCU7-0926-SM-A96TK,4.02736083618812,2.66775655792524,GTEx_v8_Lung,KLA31_02,normal_tissue,Healthy human lung tissue,2,"non-tumor
tissues"
PXD036307,normal human lung,KLA31_02,GTEX-1HCUA-0226-SM-A8N88,3.87360122745317,2.61573902058408,GTEx_v8_Lung,KLA31_02,normal_tissue,Healthy human lung tissue,2,"non-tumor
tissues"
PXD036307,normal human lung,KLA31_02,GTEX-1HCVE-0626-SM-A9SL2,3.99100073347283,2.57115256000595,GTEx_v8_Lung,KLA31_02,normal_tissue,Healthy human lung tissue,2,"non-tumor
tissues"
PXD036307,normal human lung,KLA31_02,GTEX-1HFI6-0926-SM-9WPPV,3.94323611306877,2.57858363676897,GTEx_v8_Lung,KLA31_02,normal_tissue,Healthy human lung tissue,2,"non-tumor
tissues"
PXD036307,normal human lung,KLA31_02,GTEX-1HSKV-1126-SM-ADEIA,3.95471963156545,2.63060117411013,GTEx_v8_Lung,KLA31_02,normal_tissue,Healthy human lung tissue,2,"non-tumor
tissues"
PXD036307,normal human lung,KLA31_02,GTEX-1HSMO-0926-SM-A96S7,3.99029729836022,2.59344579029501,GTEx_v8_Lung,KLA31_02,normal_tissue,Healthy human lung tissue,2,"non-tumor
tissues"
PXD036307,normal human lung,KLA31_02,GTEX-1HSMP-1326-SM-A96TR,3.96168428680894,2.66032548116222,GTEx_v8_Lung,KLA31_02,normal_tissue,Healthy human lung tissue,2,"non-tumor
tissues"
PXD036307,normal human lung,KLA31_02,GTEX-1HSMQ-0726-SM-B2LXY,3.83067888732034,2.63060117411013,GTEx_v8_Lung,KLA31_02,normal_tissue,Healthy human lung tissue,2,"non-tumor
tissues"
PXD036307,normal human lung,KLA31_02,GTEX-1HT8W-1426-SM-CE6S2,3.84435229805073,2.60830794382106,GTEx_v8_Lung,KLA31_02,normal_tissue,Healthy human lung tissue,2,"non-tumor
tissues"
PXD036307,normal human lung,KLA31_02,GTEX-1I19N-0526-SM-A9G27,3.85097572207081,2.60830794382106,GTEx_v8_Lung,KLA31_02,normal_tissue,Healthy human lung tissue,2,"non-tumor
tissues"
PXD036307,normal human lung,KLA31_02,GTEX-1I1CD-0926-SM-CL55I,3.98748232314318,2.66032548116222,GTEx_v8_Lung,KLA31_02,normal_tissue,Healthy human lung tissue,2,"non-tumor
tissues"
PXD036307,normal human lung,KLA31_02,GTEX-1I1GP-0526-SM-ARL7G,4.04548300066225,2.60830794382106,GTEx_v8_Lung,KLA31_02,normal_tissue,Healthy human lung tissue,2,"non-tumor
tissues"
PXD036307,normal human lung,KLA31_02,GTEX-1I1GQ-1126-SM-CNNQT,3.96237578741738,2.60830794382106,GTEx_v8_Lung,KLA31_02,normal_tissue,Healthy human lung tissue,2,"non-tumor
tissues"
PXD036307,normal human lung,KLA31_02,GTEX-1I1GR-0726-SM-B2LWL,3.88588214206664,2.59344579029501,GTEx_v8_Lung,KLA31_02,normal_tissue,Healthy human lung tissue,2,"non-tumor
tissues"
PXD036307,normal human lung,KLA31_02,GTEX-1I1GS-1426-SM-COH3W,3.97486601330668,2.64546332763617,GTEx_v8_Lung,KLA31_02,normal_tissue,Healthy human lung tissue,2,"non-tumor
tissues"
PXD036307,normal human lung,KLA31_02,GTEX-1I1GU-0526-SM-B2LX2,3.90453037024404,2.61573902058408,GTEx_v8_Lung,KLA31_02,normal_tissue,Healthy human lung tissue,2,"non-tumor
tissues"
PXD036307,normal human lung,KLA31_02,GTEX-1I1GV-0926-SM-B2LXM,3.8739588704944,2.57858363676897,GTEx_v8_Lung,KLA31_02,normal_tissue,Healthy human lung tissue,2,"non-tumor
tissues"
PXD036307,normal human lung,KLA31_02,GTEX-1I4MK-0326-SM-B2LWP,3.83803423179392,2.66775655792524,GTEx_v8_Lung,KLA31_02,normal_tissue,Healthy human lung tissue,2,"non-tumor
tissues"
PXD036307,normal human lung,KLA31_02,GTEX-1I6K6-0926-SM-AHZ2N,3.83031014091707,2.60830794382106,GTEx_v8_Lung,KLA31_02,normal_tissue,Healthy human lung tissue,2,"non-tumor
tissues"
PXD036307,normal human lung,KLA31_02,GTEX-1I6K7-1226-SM-B2LVS,3.87084019701037,2.64546332763617,GTEx_v8_Lung,KLA31_02,normal_tissue,Healthy human lung tissue,2,"non-tumor
tissues"
PXD036307,normal human lung,KLA31_02,GTEX-1ICLY-0926-SM-CM2RJ,3.85165289138182,2.59344579029501,GTEx_v8_Lung,KLA31_02,normal_tissue,Healthy human lung tissue,2,"non-tumor
tissues"
PXD036307,normal human lung,KLA31_02,GTEX-1ICLZ-0926-SM-CKZPQ,3.91042357074094,2.60830794382106,GTEx_v8_Lung,KLA31_02,normal_tissue,Healthy human lung tissue,2,"non-tumor
tissues"
PXD036307,normal human lung,KLA31_02,GTEX-1IDJH-0726-SM-ARU7U,3.99381074809784,2.58601471353199,GTEx_v8_Lung,KLA31_02,normal_tissue,Healthy human lung tissue,2,"non-tumor
tissues"
PXD036307,normal human lung,KLA31_02,GTEX-1IDJI-0626-SM-C1YQD,4.07972199521877,2.68261871145129,GTEx_v8_Lung,KLA31_02,normal_tissue,Healthy human lung tissue,2,"non-tumor
tissues"
PXD036307,normal human lung,KLA31_02,GTEX-1IDJU-0226-SM-CKZOF,3.85866162214745,2.59344579029501,GTEx_v8_Lung,KLA31_02,normal_tissue,Healthy human lung tissue,2,"non-tumor
tissues"
PXD036307,normal human lung,KLA31_02,GTEX-1IKJJ-0926-SM-A9G2L,3.86349555274139,2.57115256000595,GTEx_v8_Lung,KLA31_02,normal_tissue,Healthy human lung tissue,2,"non-tumor
tissues"
PXD036307,normal human lung,KLA31_02,GTEX-1IKK5-1926-SM-A9G2V,3.92234912281252,2.62317009734711,GTEx_v8_Lung,KLA31_02,normal_tissue,Healthy human lung tissue,2,"non-tumor
tissues"
PXD036307,normal human lung,KLA31_02,GTEX-1IL2U-0926-SM-CKZOB,3.93977310199789,2.59344579029501,GTEx_v8_Lung,KLA31_02,normal_tissue,Healthy human lung tissue,2,"non-tumor
tissues"
PXD036307,normal human lung,KLA31_02,GTEX-1IL2V-0726-SM-ARZMB,3.85375014869391,2.60830794382106,GTEx_v8_Lung,KLA31_02,normal_tissue,Healthy human lung tissue,2,"non-tumor
tissues"
PXD036307,normal human lung,KLA31_02,GTEX-1IOXB-1126-SM-CNNQ5,3.87256582685588,2.57858363676897,GTEx_v8_Lung,KLA31_02,normal_tissue,Healthy human lung tissue,2,"non-tumor
tissues"
PXD036307,normal human lung,KLA31_02,GTEX-1IY9M-1126-SM-A9SLV,3.91954195916795,2.61573902058408,GTEx_v8_Lung,KLA31_02,normal_tissue,Healthy human lung tissue,2,"non-tumor
tissues"
PXD036307,normal human lung,KLA31_02,GTEX-1J1OQ-0926-SM-CJI34,4.07561891981778,2.68261871145129,GTEx_v8_Lung,KLA31_02,normal_tissue,Healthy human lung tissue,2,"non-tumor
tissues"
PXD036307,normal human lung,KLA31_02,GTEX-1J1R8-0226-SM-AHZ3C,3.90730727863626,2.64546332763617,GTEx_v8_Lung,KLA31_02,normal_tissue,Healthy human lung tissue,2,"non-tumor
tissues"
PXD036307,normal human lung,KLA31_02,GTEX-1J8EW-1026-SM-A96T7,3.74291342221017,2.57115256000595,GTEx_v8_Lung,KLA31_02,normal_tissue,Healthy human lung tissue,2,"non-tumor
tissues"
PXD036307,normal human lung,KLA31_02,GTEX-1J8JJ-1126-SM-CL55P,3.81525242502876,2.54142825295385,GTEx_v8_Lung,KLA31_02,normal_tissue,Healthy human lung tissue,2,"non-tumor
tissues"
PXD036307,normal human lung,KLA31_02,GTEX-1J8QM-0526-SM-AHZ3Y,3.84041721012348,2.61573902058408,GTEx_v8_Lung,KLA31_02,normal_tissue,Healthy human lung tissue,2,"non-tumor
tissues"
PXD036307,normal human lung,KLA31_02,GTEX-1JJE9-0926-SM-CNNP9,3.93561683488834,2.61573902058408,GTEx_v8_Lung,KLA31_02,normal_tissue,Healthy human lung tissue,2,"non-tumor
tissues"
PXD036307,normal human lung,KLA31_02,GTEX-1JJEA-1126-SM-CKZOC,3.87854226064511,2.56372148324292,GTEx_v8_Lung,KLA31_02,normal_tissue,Healthy human lung tissue,2,"non-tumor
tissues"
PXD036307,normal human lung,KLA31_02,GTEX-1JK1U-1126-SM-CY8HK,3.94811706165789,2.57115256000595,GTEx_v8_Lung,KLA31_02,normal_tissue,Healthy human lung tissue,2,"non-tumor
tissues"
PXD036307,normal human lung,KLA31_02,GTEX-1JKYN-2126-SM-ARU8W,3.92059458375613,2.62317009734711,GTEx_v8_Lung,KLA31_02,normal_tissue,Healthy human lung tissue,2,"non-tumor
tissues"
PXD036307,normal human lung,KLA31_02,GTEX-1JMLX-0926-SM-CNNPQ,3.86765439319864,2.66775655792524,GTEx_v8_Lung,KLA31_02,normal_tissue,Healthy human lung tissue,2,"non-tumor
tissues"
PXD036307,normal human lung,KLA31_02,GTEX-1JMOU-0526-SM-CNNPE,4.0601097499368,2.60830794382106,GTEx_v8_Lung,KLA31_02,normal_tissue,Healthy human lung tissue,2,"non-tumor
tissues"
PXD036307,normal human lung,KLA31_02,GTEX-1JMPZ-1126-SM-ARU8X,3.8967478935856,2.63060117411013,GTEx_v8_Lung,KLA31_02,normal_tissue,Healthy human lung tissue,2,"non-tumor
tissues"
PXD036307,normal human lung,KLA31_02,GTEX-1JMQI-1126-SM-ARZN2,3.95781802263383,2.5936385255648,GTEx_v8_Lung,KLA31_02,normal_tissue,Healthy human lung tissue,2,"non-tumor
tissues"
PXD036307,normal human lung,KLA31_02,GTEX-1JMQJ-2126-SM-CNPPA,3.76008897234735,2.59344579029501,GTEx_v8_Lung,KLA31_02,normal_tissue,Healthy human lung tissue,2,"non-tumor
tissues"
PXD036307,normal human lung,KLA31_02,GTEX-1JMQL-1126-SM-CKZOP,3.84819122641653,2.61573902058408,GTEx_v8_Lung,KLA31_02,normal_tissue,Healthy human lung tissue,2,"non-tumor
tissues"
PXD036307,normal human lung,KLA31_02,GTEX-1JN6P-0726-SM-ARZN7,3.90201844502456,2.57115256000595,GTEx_v8_Lung,KLA31_02,normal_tissue,Healthy human lung tissue,2,"non-tumor
tissues"
PXD036307,normal human lung,KLA31_02,GTEX-1JN76-0826-SM-C1YRK,3.93807533594474,2.66775655792524,GTEx_v8_Lung,KLA31_02,normal_tissue,Healthy human lung tissue,2,"non-tumor
tissues"
PXD036307,normal human lung,KLA31_02,GTEX-1K2DU-0526-SM-D4P2Y,3.9491823071743,2.6528944043992,GTEx_v8_Lung,KLA31_02,normal_tissue,Healthy human lung tissue,2,"non-tumor
tissues"
PXD036307,normal human lung,KLA31_02,GTEX-1K9T9-0926-SM-D3L9C,3.91779724827342,2.59344579029501,GTEx_v8_Lung,KLA31_02,normal_tissue,Healthy human lung tissue,2,"non-tumor
tissues"
PXD036307,normal human lung,KLA31_02,GTEX-1KAFJ-0326-SM-DHXJG,3.90974614897718,2.63803225087315,GTEx_v8_Lung,KLA31_02,normal_tissue,Healthy human lung tissue,2,"non-tumor
tissues"
PXD036307,normal human lung,KLA31_02,GTEX-1KANB-1026-SM-D3L9F,3.98959031052783,2.59344579029501,GTEx_v8_Lung,KLA31_02,normal_tissue,Healthy human lung tissue,2,"non-tumor
tissues"
PXD036307,normal human lung,KLA31_02,GTEX-1KD4Q-0926-SM-CXZKI,3.92475815872611,2.63803225087315,GTEx_v8_Lung,KLA31_02,normal_tissue,Healthy human lung tissue,2,"non-tumor
tissues"
PXD036307,normal human lung,KLA31_02,GTEX-1KD5A-1126-SM-CXZK6,3.94079985210712,2.62317009734711,GTEx_v8_Lung,KLA31_02,normal_tissue,Healthy human lung tissue,2,"non-tumor
tissues"
PXD036307,normal human lung,KLA31_02,GTEX-1KWVE-0426-SM-DHXJX,3.79810419027886,2.56372148324292,GTEx_v8_Lung,KLA31_02,normal_tissue,Healthy human lung tissue,2,"non-tumor
tissues"
PXD036307,normal human lung,KLA31_02,GTEX-1KXAM-0426-SM-DHXKG,3.99138482979025,2.69748086497734,GTEx_v8_Lung,KLA31_02,normal_tissue,Healthy human lung tissue,2,"non-tumor
tissues"
PXD036307,normal human lung,KLA31_02,GTEX-1L5NE-0726-SM-CXZKQ,4.00218500578324,2.63060117411013,GTEx_v8_Lung,KLA31_02,normal_tissue,Healthy human lung tissue,2,"non-tumor
tissues"
PXD036307,normal human lung,KLA31_02,GTEX-1LB8K-0826-SM-D4P41,3.83067888732034,2.56372148324292,GTEx_v8_Lung,KLA31_02,normal_tissue,Healthy human lung tissue,2,"non-tumor
tissues"
PXD036307,normal human lung,KLA31_02,GTEX-1LC47-1126-SM-D4P43,3.9842907125598,2.63803225087315,GTEx_v8_Lung,KLA31_02,normal_tissue,Healthy human lung tissue,2,"non-tumor
tissues"
PXD036307,normal human lung,KLA31_02,GTEX-1LG7Y-0826-SM-E9TJX,3.83592419894547,2.66032548116222,GTEx_v8_Lung,KLA31_02,normal_tissue,Healthy human lung tissue,2,"non-tumor
tissues"
PXD036307,normal human lung,KLA31_02,GTEX-1LGRB-0226-SM-CNPQK,3.94462471802137,2.62317009734711,GTEx_v8_Lung,KLA31_02,normal_tissue,Healthy human lung tissue,2,"non-tumor
tissues"
PXD036307,normal human lung,KLA31_02,GTEX-1LSVX-0626-SM-E9U59,3.85064236352054,2.60830794382106,GTEx_v8_Lung,KLA31_02,normal_tissue,Healthy human lung tissue,2,"non-tumor
tissues"
PXD036307,normal human lung,KLA31_02,GTEX-1LVAN-1126-SM-CNNRE,3.90130628597797,2.63060117411013,GTEx_v8_Lung,KLA31_02,normal_tissue,Healthy human lung tissue,2,"non-tumor
tissues"
PXD036307,normal human lung,KLA31_02,GTEX-1LVAO-1226-SM-DIPGB,3.88900727933907,2.63060117411013,GTEx_v8_Lung,KLA31_02,normal_tissue,Healthy human lung tissue,2,"non-tumor
tissues"
PXD036307,normal human lung,KLA31_02,GTEX-1M4P7-0826-SM-E9TJR,3.88724580144292,2.61573902058408,GTEx_v8_Lung,KLA31_02,normal_tissue,Healthy human lung tissue,2,"non-tumor
tissues"
PXD036307,normal human lung,KLA31_02,GTEX-1MA7X-0626-SM-E9TJI,4.01619234273144,2.60087686705804,GTEx_v8_Lung,KLA31_02,normal_tissue,Healthy human lung tissue,2,"non-tumor
tissues"
PXD036307,normal human lung,KLA31_02,GTEX-1MCC2-0726-SM-EV7AL,3.85097572207081,2.61573902058408,GTEx_v8_Lung,KLA31_02,normal_tissue,Healthy human lung tissue,2,"non-tumor
tissues"
PXD036307,normal human lung,KLA31_02,GTEX-1MGNQ-0826-SM-EVR41,4.00218500578324,2.67518763468827,GTEx_v8_Lung,KLA31_02,normal_tissue,Healthy human lung tissue,2,"non-tumor
tissues"
PXD036307,normal human lung,KLA31_02,GTEX-1MJIX-0626-SM-DTX8V,3.95852076065107,2.61573902058408,GTEx_v8_Lung,KLA31_02,normal_tissue,Healthy human lung tissue,2,"non-tumor
tissues"
PXD036307,normal human lung,KLA31_02,GTEX-1MJK2-1126-SM-E9TJ7,3.85900913938582,2.57858363676897,GTEx_v8_Lung,KLA31_02,normal_tissue,Healthy human lung tissue,2,"non-tumor
tissues"
PXD036307,normal human lung,KLA31_02,GTEX-1N2DW-1126-SM-EVR59,3.85338551219457,2.62317009734711,GTEx_v8_Lung,KLA31_02,normal_tissue,Healthy human lung tissue,2,"non-tumor
tissues"
PXD036307,normal human lung,KLA31_02,GTEX-1NSGN-1626-SM-EXOJF,3.88588214206664,2.59344579029501,GTEx_v8_Lung,KLA31_02,normal_tissue,Healthy human lung tissue,2,"non-tumor
tissues"
PXD036307,normal human lung,KLA31_02,GTEX-1NV5F-0926-SM-DTX8N,3.90310658543731,2.58601471353199,GTEx_v8_Lung,KLA31_02,normal_tissue,Healthy human lung tissue,2,"non-tumor
tissues"
PXD036307,normal human lung,KLA31_02,GTEX-1OJC3-0726-SM-DTX92,3.90236944572939,2.63060117411013,GTEx_v8_Lung,KLA31_02,normal_tissue,Healthy human lung tissue,2,"non-tumor
tissues"
PXD036307,normal human lung,KLA31_02,GTEX-1OJC4-0626-SM-DTXEY,3.87924170683304,2.54142825295385,GTEx_v8_Lung,KLA31_02,normal_tissue,Healthy human lung tissue,2,"non-tumor
tissues"
PXD036307,normal human lung,KLA31_02,GTEX-1P4AB-1026-SM-DTXES,3.83592419894547,2.57115256000595,GTEx_v8_Lung,KLA31_02,normal_tissue,Healthy human lung tissue,2,"non-tumor
tissues"
PXD036307,normal human lung,KLA31_02,GTEX-1PIIG-1826-SM-DTX7N,3.97451582219095,2.62317009734711,GTEx_v8_Lung,KLA31_02,normal_tissue,Healthy human lung tissue,2,"non-tumor
tissues"
PXD036307,normal human lung,KLA31_02,GTEX-1PPGY-1826-SM-EXOJ8,3.76538722669027,2.5936385255648,GTEx_v8_Lung,KLA31_02,normal_tissue,Healthy human lung tissue,2,"non-tumor
tissues"
PXD036307,normal human lung,KLA31_02,GTEX-1PPH7-0226-SM-E76Q1,3.93423979351932,2.57858363676897,GTEx_v8_Lung,KLA31_02,normal_tissue,Healthy human lung tissue,2,"non-tumor
tissues"
PXD036307,normal human lung,KLA31_02,GTEX-1PWST-0826-SM-DTXF1,3.95644741374965,2.63803225087315,GTEx_v8_Lung,KLA31_02,normal_tissue,Healthy human lung tissue,2,"non-tumor
tissues"
PXD036307,normal human lung,KLA31_02,GTEX-1QAET-0426-SM-EXUSM,3.92268333365947,2.66775655792524,GTEx_v8_Lung,KLA31_02,normal_tissue,Healthy human lung tissue,2,"non-tumor
tissues"
PXD036307,normal human lung,KLA31_02,GTEX-1QCLY-1026-SM-EWRNI,3.82819638635409,2.60830794382106,GTEx_v8_Lung,KLA31_02,normal_tissue,Healthy human lung tissue,2,"non-tumor
tissues"
PXD036307,normal human lung,KLA31_02,GTEX-1QEPI-0826-SM-DTX9B,3.91530489200704,2.60087686705804,GTEx_v8_Lung,KLA31_02,normal_tissue,Healthy human lung tissue,2,"non-tumor
tissues"
PXD036307,normal human lung,KLA31_02,GTEX-1QMI2-0926-SM-DTX7S,3.78821523239933,2.57115256000595,GTEx_v8_Lung,KLA31_02,normal_tissue,Healthy human lung tissue,2,"non-tumor
tissues"
PXD036307,normal human lung,KLA31_02,GTEX-1QP29-1226-SM-E6CQ1,3.91109796244944,2.63803225087315,GTEx_v8_Lung,KLA31_02,normal_tissue,Healthy human lung tissue,2,"non-tumor
tissues"
PXD036307,normal human lung,KLA31_02,GTEX-1QP2A-1226-SM-EVR3I,3.85233987846586,2.61573902058408,GTEx_v8_Lung,KLA31_02,normal_tissue,Healthy human lung tissue,2,"non-tumor
tissues"
PXD036307,normal human lung,KLA31_02,GTEX-1R9PM-0426-SM-EVR3P,3.8967478935856,2.68261871145129,GTEx_v8_Lung,KLA31_02,normal_tissue,Healthy human lung tissue,2,"non-tumor
tissues"
PXD036307,normal human lung,KLA31_02,GTEX-1RAZQ-1026-SM-EAZ4R,4.08631760252157,2.66775655792524,GTEx_v8_Lung,KLA31_02,normal_tissue,Healthy human lung tissue,2,"non-tumor
tissues"
PXD036307,normal human lung,KLA31_02,GTEX-1RAZR-0726-SM-EV7BA,3.94672065673016,2.6528944043992,GTEx_v8_Lung,KLA31_02,normal_tissue,Healthy human lung tissue,2,"non-tumor
tissues"
PXD036307,normal human lung,KLA31_02,GTEX-1RAZS-2226-SM-E8VMU,3.91352619028413,2.57858363676897,GTEx_v8_Lung,KLA31_02,normal_tissue,Healthy human lung tissue,2,"non-tumor
tissues"
PXD036307,normal human lung,KLA31_02,GTEX-1RDX4-1626-SM-EVR53,3.80233082489809,2.56372148324292,GTEx_v8_Lung,KLA31_02,normal_tissue,Healthy human lung tissue,2,"non-tumor
tissues"
PXD036307,normal human lung,KLA31_02,GTEX-1RLM8-0626-SM-E76OW,3.80300810712375,2.63060117411013,GTEx_v8_Lung,KLA31_02,normal_tissue,Healthy human lung tissue,2,"non-tumor
tissues"
PXD036307,normal human lung,KLA31_02,GTEX-1RNSC-1226-SM-E9U52,3.86453238766732,2.60087686705804,GTEx_v8_Lung,KLA31_02,normal_tissue,Healthy human lung tissue,2,"non-tumor
tissues"
PXD036307,normal human lung,KLA31_02,GTEX-1RQED-1026-SM-EVYCT,3.8334787439817,2.57115256000595,GTEx_v8_Lung,KLA31_02,normal_tissue,Healthy human lung tissue,2,"non-tumor
tissues"
PXD036307,normal human lung,KLA31_02,GTEX-1S5VW-0926-SM-EWRNU,4.03043115114009,2.57115256000595,GTEx_v8_Lung,KLA31_02,normal_tissue,Healthy human lung tissue,2,"non-tumor
tissues"
PXD036307,normal human lung,KLA31_02,GTEX-1S82P-0826-SM-EVR4P,3.88065792665579,2.59344579029501,GTEx_v8_Lung,KLA31_02,normal_tissue,Healthy human lung tissue,2,"non-tumor
tissues"
PXD036307,normal human lung,KLA31_02,GTEX-N7MS-0926-SM-2HMIZ,3.91109796244944,2.58601471353199,GTEx_v8_Lung,KLA31_02,normal_tissue,Healthy human lung tissue,2,"non-tumor
tissues"
PXD036307,normal human lung,KLA31_02,GTEX-N7MT-0126-SM-2D7VT,3.95957982020029,2.64546332763617,GTEx_v8_Lung,KLA31_02,normal_tissue,Healthy human lung tissue,2,"non-tumor
tissues"
PXD036307,normal human lung,KLA31_02,GTEX-NFK9-1026-SM-2HMK1,3.90382863155561,2.63060117411013,GTEx_v8_Lung,KLA31_02,normal_tissue,Healthy human lung tissue,2,"non-tumor
tissues"
PXD036307,normal human lung,KLA31_02,GTEX-NPJ8-0326-SM-2D7VV,3.91494934720288,2.56372148324292,GTEx_v8_Lung,KLA31_02,normal_tissue,Healthy human lung tissue,2,"non-tumor
tissues"
PXD036307,normal human lung,KLA31_02,GTEX-O5YT-0526-SM-32PK8,4.16466128708717,2.69748086497734,GTEx_v8_Lung,KLA31_02,normal_tissue,Healthy human lung tissue,2,"non-tumor
tissues"
PXD036307,normal human lung,KLA31_02,GTEX-O5YV-0526-SM-2I5GE,3.97001627215146,2.63060117411013,GTEx_v8_Lung,KLA31_02,normal_tissue,Healthy human lung tissue,2,"non-tumor
tissues"
PXD036307,normal human lung,KLA31_02,GTEX-O5YW-0526-SM-2YUMX,3.88169680816411,2.59344579029501,GTEx_v8_Lung,KLA31_02,normal_tissue,Healthy human lung tissue,2,"non-tumor
tissues"
PXD036307,normal human lung,KLA31_02,GTEX-OHPL-0526-SM-3NM8U,3.93493606559267,2.62317009734711,GTEx_v8_Lung,KLA31_02,normal_tissue,Healthy human lung tissue,2,"non-tumor
tissues"
PXD036307,normal human lung,KLA31_02,GTEX-OHPM-0526-SM-2YUMJ,3.92760684055915,2.59344579029501,GTEx_v8_Lung,KLA31_02,normal_tissue,Healthy human lung tissue,2,"non-tumor
tissues"
PXD036307,normal human lung,KLA31_02,GTEX-OIZF-0526-SM-7MXVM,3.89393904807698,2.61573902058408,GTEx_v8_Lung,KLA31_02,normal_tissue,Healthy human lung tissue,2,"non-tumor
tissues"
PXD036307,normal human lung,KLA31_02,GTEX-OIZG-0526-SM-2HMLF,3.87717480520516,2.60830794382106,GTEx_v8_Lung,KLA31_02,normal_tissue,Healthy human lung tissue,2,"non-tumor
tissues"
PXD036307,normal human lung,KLA31_02,GTEX-OIZH-0526-SM-2HMKV,3.91884105607577,2.60087686705804,GTEx_v8_Lung,KLA31_02,normal_tissue,Healthy human lung tissue,2,"non-tumor
tissues"
PXD036307,normal human lung,KLA31_02,GTEX-OIZI-1026-SM-3NB1K,3.89359889596919,2.60087686705804,GTEx_v8_Lung,KLA31_02,normal_tissue,Healthy human lung tissue,2,"non-tumor
tissues"
PXD036307,normal human lung,KLA31_02,GTEX-OOBJ-0526-SM-48TDK,3.80929414156527,2.54885932971688,GTEx_v8_Lung,KLA31_02,normal_tissue,Healthy human lung tissue,2,"non-tumor
tissues"
PXD036307,normal human lung,KLA31_02,GTEX-OOBK-0526-SM-2HMJJ,3.86728218102752,2.57115256000595,GTEx_v8_Lung,KLA31_02,normal_tissue,Healthy human lung tissue,2,"non-tumor
tissues"
PXD036307,normal human lung,KLA31_02,GTEX-OXRK-0926-SM-2HMKP,3.93701163652778,2.59344579029501,GTEx_v8_Lung,KLA31_02,normal_tissue,Healthy human lung tissue,2,"non-tumor
tissues"
PXD036307,normal human lung,KLA31_02,GTEX-OXRL-0526-SM-2I3EZ,3.94182356615317,2.60087686705804,GTEx_v8_Lung,KLA31_02,normal_tissue,Healthy human lung tissue,2,"non-tumor
tissues"
PXD036307,normal human lung,KLA31_02,GTEX-OXRN-0526-SM-2I5EN,3.95923329222119,2.63060117411013,GTEx_v8_Lung,KLA31_02,normal_tissue,Healthy human lung tissue,2,"non-tumor
tissues"
PXD036307,normal human lung,KLA31_02,GTEX-OXRO-0326-SM-33HBM,4.05215242218403,2.57115256000595,GTEx_v8_Lung,KLA31_02,normal_tissue,Healthy human lung tissue,2,"non-tumor
tissues"
PXD036307,normal human lung,KLA31_02,GTEX-OXRP-0526-SM-2I3EW,3.99244035851621,2.57115256000595,GTEx_v8_Lung,KLA31_02,normal_tissue,Healthy human lung tissue,2,"non-tumor
tissues"
PXD036307,normal human lung,KLA31_02,GTEX-P44H-1126-SM-48TBU,4.01967468649929,2.63803225087315,GTEx_v8_Lung,KLA31_02,normal_tissue,Healthy human lung tissue,2,"non-tumor
tissues"
PXD036307,normal human lung,KLA31_02,GTEX-P4PP-0526-SM-2HMKE,3.93320199003624,2.60087686705804,GTEx_v8_Lung,KLA31_02,normal_tissue,Healthy human lung tissue,2,"non-tumor
tissues"
PXD036307,normal human lung,KLA31_02,GTEX-P4PQ-0526-SM-2HMKR,3.9338996534296,2.60087686705804,GTEx_v8_Lung,KLA31_02,normal_tissue,Healthy human lung tissue,2,"non-tumor
tissues"
PXD036307,normal human lung,KLA31_02,GTEX-P4QS-0526-SM-2I3ET,3.94359006662368,2.66032548116222,GTEx_v8_Lung,KLA31_02,normal_tissue,Healthy human lung tissue,2,"non-tumor
tissues"
PXD036307,normal human lung,KLA31_02,GTEX-P4QT-0526-SM-2I3EX,3.87048076448986,2.60087686705804,GTEx_v8_Lung,KLA31_02,normal_tissue,Healthy human lung tissue,2,"non-tumor
tissues"
PXD036307,normal human lung,KLA31_02,GTEX-P78B-0926-SM-2I5FA,3.94012154764374,2.60830794382106,GTEx_v8_Lung,KLA31_02,normal_tissue,Healthy human lung tissue,2,"non-tumor
tissues"
PXD036307,normal human lung,KLA31_02,GTEX-PLZ4-0726-SM-2TC6Q,3.90694812427871,2.66032548116222,GTEx_v8_Lung,KLA31_02,normal_tissue,Healthy human lung tissue,2,"non-tumor
tissues"
PXD036307,normal human lung,KLA31_02,GTEX-PLZ5-0726-SM-2I5F9,3.97451582219095,2.63822829964328,GTEx_v8_Lung,KLA31_02,normal_tissue,Healthy human lung tissue,2,"non-tumor
tissues"
PXD036307,normal human lung,KLA31_02,GTEX-PLZ6-0426-SM-5IJDW,3.90555932837926,2.64546332763617,GTEx_v8_Lung,KLA31_02,normal_tissue,Healthy human lung tissue,2,"non-tumor
tissues"
PXD036307,normal human lung,KLA31_02,GTEX-POMQ-0526-SM-3GADD,3.9689432985301,2.66775655792524,GTEx_v8_Lung,KLA31_02,normal_tissue,Healthy human lung tissue,2,"non-tumor
tissues"
PXD036307,normal human lung,KLA31_02,GTEX-POYW-1226-SM-2XCEP,4.06940382851646,2.6528944043992,GTEx_v8_Lung,KLA31_02,normal_tissue,Healthy human lung tissue,2,"non-tumor
tissues"
PXD036307,normal human lung,KLA31_02,GTEX-PSDG-1126-SM-2S1ON,3.94394618718422,2.60830794382106,GTEx_v8_Lung,KLA31_02,normal_tissue,Healthy human lung tissue,2,"non-tumor
tissues"
PXD036307,normal human lung,KLA31_02,GTEX-PVOW-1026-SM-2XCF9,3.9966066225791,2.59344579029501,GTEx_v8_Lung,KLA31_02,normal_tissue,Healthy human lung tissue,2,"non-tumor
tissues"
PXD036307,normal human lung,KLA31_02,GTEX-PW2O-0526-SM-2I3DX,3.96480034716985,2.68261871145129,GTEx_v8_Lung,KLA31_02,normal_tissue,Healthy human lung tissue,2,"non-tumor
tissues"
PXD036307,normal human lung,KLA31_02,GTEX-PX3G-0526-SM-2I3EM,4.03635027634346,2.68261871145129,GTEx_v8_Lung,KLA31_02,normal_tissue,Healthy human lung tissue,2,"non-tumor
tissues"
PXD036307,normal human lung,KLA31_02,GTEX-Q2AG-1026-SM-33HBW,3.94323611306877,2.61573902058408,GTEx_v8_Lung,KLA31_02,normal_tissue,Healthy human lung tissue,2,"non-tumor
tissues"
PXD036307,normal human lung,KLA31_02,GTEX-Q2AH-0426-SM-2I3EP,3.88972537173737,2.58601471353199,GTEx_v8_Lung,KLA31_02,normal_tissue,Healthy human lung tissue,2,"non-tumor
tissues"
PXD036307,normal human lung,KLA31_02,GTEX-Q734-0626-SM-2I3EF,4.078372685523,2.66032548116222,GTEx_v8_Lung,KLA31_02,normal_tissue,Healthy human lung tissue,2,"non-tumor
tissues"
PXD036307,normal human lung,KLA31_02,GTEX-QCQG-0326-SM-2I3ES,3.95608861077466,2.54885932971688,GTEx_v8_Lung,KLA31_02,normal_tissue,Healthy human lung tissue,2,"non-tumor
tissues"
PXD036307,normal human lung,KLA31_02,GTEX-QDT8-0926-SM-32PL2,4.13845868215361,2.66775655792524,GTEx_v8_Lung,KLA31_02,normal_tissue,Healthy human lung tissue,2,"non-tumor
tissues"
PXD036307,normal human lung,KLA31_02,GTEX-QDVJ-0926-SM-2I5FU,3.95367810514538,2.68261871145129,GTEx_v8_Lung,KLA31_02,normal_tissue,Healthy human lung tissue,2,"non-tumor
tissues"
PXD036307,normal human lung,KLA31_02,GTEX-QDVN-0726-SM-4B64L,3.89112802457039,2.61573902058408,GTEx_v8_Lung,KLA31_02,normal_tissue,Healthy human lung tissue,2,"non-tumor
tissues"
PXD036307,normal human lung,KLA31_02,GTEX-QEG4-0526-SM-48TZD,3.87610093266662,2.58601471353199,GTEx_v8_Lung,KLA31_02,normal_tissue,Healthy human lung tissue,2,"non-tumor
tissues"
PXD036307,normal human lung,KLA31_02,GTEX-QEG5-1126-SM-33HC2,3.92724661959405,2.61573902058408,GTEx_v8_Lung,KLA31_02,normal_tissue,Healthy human lung tissue,2,"non-tumor
tissues"
PXD036307,normal human lung,KLA31_02,GTEX-QEL4-0826-SM-3GAF2,4.00780734115228,2.58601471353199,GTEx_v8_Lung,KLA31_02,normal_tissue,Healthy human lung tissue,2,"non-tumor
tissues"
PXD036307,normal human lung,KLA31_02,GTEX-QESD-0626-SM-2I5G4,4.12342144953983,2.60830794382106,GTEx_v8_Lung,KLA31_02,normal_tissue,Healthy human lung tissue,2,"non-tumor
tissues"
PXD036307,normal human lung,KLA31_02,GTEX-QMR6-1926-SM-32PL9,3.97906012300728,2.63803225087315,GTEx_v8_Lung,KLA31_02,normal_tissue,Healthy human lung tissue,2,"non-tumor
tissues"
PXD036307,normal human lung,KLA31_02,GTEX-QMRM-0826-SM-3NB33,3.90730727863626,2.58601471353199,GTEx_v8_Lung,KLA31_02,normal_tissue,Healthy human lung tissue,2,"non-tumor
tissues"
PXD036307,normal human lung,KLA31_02,GTEX-QV44-0926-SM-2S1RH,4.04933088875788,2.68261871145129,GTEx_v8_Lung,KLA31_02,normal_tissue,Healthy human lung tissue,2,"non-tumor
tissues"
PXD036307,normal human lung,KLA31_02,GTEX-QVUS-2026-SM-EYYW9,3.91426442790849,2.57115256000595,GTEx_v8_Lung,KLA31_02,normal_tissue,Healthy human lung tissue,2,"non-tumor
tissues"
PXD036307,normal human lung,KLA31_02,GTEX-QXCU-0626-SM-2TC69,3.94741867794971,2.60830794382106,GTEx_v8_Lung,KLA31_02,normal_tissue,Healthy human lung tissue,2,"non-tumor
tissues"
PXD036307,normal human lung,KLA31_02,GTEX-R3RS-1026-SM-3GADF,3.88099573874992,2.59344579029501,GTEx_v8_Lung,KLA31_02,normal_tissue,Healthy human lung tissue,2,"non-tumor
tissues"
PXD036307,normal human lung,KLA31_02,GTEX-R55C-0526-SM-3GIKA,3.97071493595425,2.66032548116222,GTEx_v8_Lung,KLA31_02,normal_tissue,Healthy human lung tissue,2,"non-tumor
tissues"
PXD036307,normal human lung,KLA31_02,GTEX-R55D-0926-SM-3GAEU,3.91214515820975,2.57858363676897,GTEx_v8_Lung,KLA31_02,normal_tissue,Healthy human lung tissue,2,"non-tumor
tissues"
PXD036307,normal human lung,KLA31_02,GTEX-R55G-0826-SM-2TC5U,4.0597547364692,2.68261871145129,GTEx_v8_Lung,KLA31_02,normal_tissue,Healthy human lung tissue,2,"non-tumor
tissues"
PXD036307,normal human lung,KLA31_02,GTEX-REY6-0426-SM-2TF5G,3.97416682017944,2.59344579029501,GTEx_v8_Lung,KLA31_02,normal_tissue,Healthy human lung tissue,2,"non-tumor
tissues"
PXD036307,normal human lung,KLA31_02,GTEX-RM2N-0426-SM-2TF4T,3.85727630702358,2.60087686705804,GTEx_v8_Lung,KLA31_02,normal_tissue,Healthy human lung tissue,2,"non-tumor
tissues"
PXD036307,normal human lung,KLA31_02,GTEX-RN64-1226-SM-2TC6E,4.02389999252571,2.57134363852557,GTEx_v8_Lung,KLA31_02,normal_tissue,Healthy human lung tissue,2,"non-tumor
tissues"
PXD036307,normal human lung,KLA31_02,GTEX-RNOR-0726-SM-2TF5I,3.87996084401136,2.57115256000595,GTEx_v8_Lung,KLA31_02,normal_tissue,Healthy human lung tissue,2,"non-tumor
tissues"
PXD036307,normal human lung,KLA31_02,GTEX-RTLS-0926-SM-2TF5X,3.89886555757966,2.58601471353199,GTEx_v8_Lung,KLA31_02,normal_tissue,Healthy human lung tissue,2,"non-tumor
tissues"
PXD036307,normal human lung,KLA31_02,GTEX-RU1J-0126-SM-2TF6Y,3.97382160168121,2.63803225087315,GTEx_v8_Lung,KLA31_02,normal_tissue,Healthy human lung tissue,2,"non-tumor
tissues"
PXD036307,normal human lung,KLA31_02,GTEX-RU72-0526-SM-2TF5Z,3.8886539633228,2.50427286913874,GTEx_v8_Lung,KLA31_02,normal_tissue,Healthy human lung tissue,2,"non-tumor
tissues"
PXD036307,normal human lung,KLA31_02,GTEX-RUSQ-0626-SM-2TF5V,3.91144572745058,2.60087686705804,GTEx_v8_Lung,KLA31_02,normal_tissue,Healthy human lung tissue,2,"non-tumor
tissues"
PXD036307,normal human lung,KLA31_02,GTEX-RVPV-1726-SM-2NKAQ,4.02526457579422,2.58601471353199,GTEx_v8_Lung,KLA31_02,normal_tissue,Healthy human lung tissue,2,"non-tumor
tissues"
PXD036307,normal human lung,KLA31_02,GTEX-RWS6-0226-SM-2XCA9,3.96202402519824,2.63803225087315,GTEx_v8_Lung,KLA31_02,normal_tissue,Healthy human lung tissue,2,"non-tumor
tissues"
PXD036307,normal human lung,KLA31_02,GTEX-RWSA-1126-SM-2XCAZ,3.9463719049317,2.58601471353199,GTEx_v8_Lung,KLA31_02,normal_tissue,Healthy human lung tissue,2,"non-tumor
tissues"
PXD036307,normal human lung,KLA31_02,GTEX-S32W-0326-SM-2XCBI,4.0256210311681,2.60087686705804,GTEx_v8_Lung,KLA31_02,normal_tissue,Healthy human lung tissue,2,"non-tumor
tissues"
PXD036307,normal human lung,KLA31_02,GTEX-S33H-0626-SM-2XCBJ,4.0628405320001,2.66032548116222,GTEx_v8_Lung,KLA31_02,normal_tissue,Healthy human lung tissue,2,"non-tumor
tissues"
PXD036307,normal human lung,KLA31_02,GTEX-S341-0326-SM-2XCAU,3.85338551219457,2.60087686705804,GTEx_v8_Lung,KLA31_02,normal_tissue,Healthy human lung tissue,2,"non-tumor
tissues"
PXD036307,normal human lung,KLA31_02,GTEX-S3LF-1126-SM-EVR33,3.97836831703887,2.56372148324292,GTEx_v8_Lung,KLA31_02,normal_tissue,Healthy human lung tissue,2,"non-tumor
tissues"
PXD036307,normal human lung,KLA31_02,GTEX-S7SE-0926-SM-2XCD6,3.96860920416279,2.60830794382106,GTEx_v8_Lung,KLA31_02,normal_tissue,Healthy human lung tissue,2,"non-tumor
tissues"
PXD036307,normal human lung,KLA31_02,GTEX-SE5C-0526-SM-2XCE1,3.78428344555205,2.58601471353199,GTEx_v8_Lung,KLA31_02,normal_tissue,Healthy human lung tissue,2,"non-tumor
tissues"
PXD036307,normal human lung,KLA31_02,GTEX-SIU8-0926-SM-COH1X,3.8781868618426,2.6528944043992,GTEx_v8_Lung,KLA31_02,normal_tissue,Healthy human lung tissue,2,"non-tumor
tissues"
PXD036307,normal human lung,KLA31_02,GTEX-SJXC-1026-SM-EYYVA,3.93114180957889,2.61573902058408,GTEx_v8_Lung,KLA31_02,normal_tissue,Healthy human lung tissue,2,"non-tumor
tissues"
PXD036307,normal human lung,KLA31_02,GTEX-SN8G-0926-SM-4DM5I,3.80788998931296,2.59344579029501,GTEx_v8_Lung,KLA31_02,normal_tissue,Healthy human lung tissue,2,"non-tumor
tissues"
PXD036307,normal human lung,KLA31_02,GTEX-SNOS-0426-SM-32PMH,3.91179284315832,2.60087686705804,GTEx_v8_Lung,KLA31_02,normal_tissue,Healthy human lung tissue,2,"non-tumor
tissues"
PXD036307,normal human lung,KLA31_02,GTEX-SUCS-0626-SM-32PM5,3.86108563146802,2.60830794382106,GTEx_v8_Lung,KLA31_02,normal_tissue,Healthy human lung tissue,2,"non-tumor
tissues"
PXD036307,normal human lung,KLA31_02,GTEX-T2IS-0526-SM-32QP9,3.85691143305647,2.60087686705804,GTEx_v8_Lung,KLA31_02,normal_tissue,Healthy human lung tissue,2,"non-tumor
tissues"
PXD036307,normal human lung,KLA31_02,GTEX-T5JC-0826-SM-32PMC,3.95887742523821,2.61573902058408,GTEx_v8_Lung,KLA31_02,normal_tissue,Healthy human lung tissue,2,"non-tumor
tissues"
PXD036307,normal human lung,KLA31_02,GTEX-T6MN-0826-SM-32PM4,3.89393904807698,2.58601471353199,GTEx_v8_Lung,KLA31_02,normal_tissue,Healthy human lung tissue,2,"non-tumor
tissues"
PXD036307,normal human lung,KLA31_02,GTEX-T6MO-0426-SM-32QOI,3.95748411302877,2.64546332763617,GTEx_v8_Lung,KLA31_02,normal_tissue,Healthy human lung tissue,2,"non-tumor
tissues"
PXD036307,normal human lung,KLA31_02,GTEX-T8EM-0326-SM-3DB7F,4.0158346946171,2.68261871145129,GTEx_v8_Lung,KLA31_02,normal_tissue,Healthy human lung tissue,2,"non-tumor
tissues"
PXD036307,normal human lung,KLA31_02,GTEX-TML8-0326-SM-4GICN,3.87360122745317,2.57858363676897,GTEx_v8_Lung,KLA31_02,normal_tissue,Healthy human lung tissue,2,"non-tumor
tissues"
PXD036307,normal human lung,KLA31_02,GTEX-TMMY-0926-SM-4TT1Z,3.83558901911447,2.57858363676897,GTEx_v8_Lung,KLA31_02,normal_tissue,Healthy human lung tissue,2,"non-tumor
tissues"
PXD036307,normal human lung,KLA31_02,GTEX-TSE9-0726-SM-3DB8C,3.99764795109479,2.58601471353199,GTEx_v8_Lung,KLA31_02,normal_tissue,Healthy human lung tissue,2,"non-tumor
tissues"
PXD036307,normal human lung,KLA31_02,GTEX-U3ZH-0526-SM-3DB75,4.0256210311681,2.62317009734711,GTEx_v8_Lung,KLA31_02,normal_tissue,Healthy human lung tissue,2,"non-tumor
tissues"
PXD036307,normal human lung,KLA31_02,GTEX-U3ZM-0426-SM-3DB73,3.94079985210712,2.62317009734711,GTEx_v8_Lung,KLA31_02,normal_tissue,Healthy human lung tissue,2,"non-tumor
tissues"
PXD036307,normal human lung,KLA31_02,GTEX-U3ZN-0626-SM-3DB7U,4.03216398763759,2.63060117411013,GTEx_v8_Lung,KLA31_02,normal_tissue,Healthy human lung tissue,2,"non-tumor
tissues"
PXD036307,normal human lung,KLA31_02,GTEX-U412-0826-SM-3DB9K,4.0158346946171,2.59344579029501,GTEx_v8_Lung,KLA31_02,normal_tissue,Healthy human lung tissue,2,"non-tumor
tissues"
PXD036307,normal human lung,KLA31_02,GTEX-U8T8-2226-SM-3DB95,3.90453037024404,2.57115256000595,GTEx_v8_Lung,KLA31_02,normal_tissue,Healthy human lung tissue,2,"non-tumor
tissues"
PXD036307,normal human lung,KLA31_02,GTEX-U8XE-1426-SM-3DB8Q,3.89183694325538,2.60087686705804,GTEx_v8_Lung,KLA31_02,normal_tissue,Healthy human lung tissue,2,"non-tumor
tissues"
PXD036307,normal human lung,KLA31_02,GTEX-UJHI-0726-SM-3DB92,3.87610093266662,2.60830794382106,GTEx_v8_Lung,KLA31_02,normal_tissue,Healthy human lung tissue,2,"non-tumor
tissues"
PXD036307,normal human lung,KLA31_02,GTEX-UJMC-0726-SM-3GADX,4.00323780026552,2.62317009734711,GTEx_v8_Lung,KLA31_02,normal_tissue,Healthy human lung tissue,2,"non-tumor
tissues"
PXD036307,normal human lung,KLA31_02,GTEX-UPJH-0826-SM-4WKFD,3.90730727863626,2.5562904064799,GTEx_v8_Lung,KLA31_02,normal_tissue,Healthy human lung tissue,2,"non-tumor
tissues"
PXD036307,normal human lung,KLA31_02,GTEX-UPK5-1126-SM-3GAEJ,4.17066673308285,2.68261871145129,GTEx_v8_Lung,KLA31_02,normal_tissue,Healthy human lung tissue,2,"non-tumor
tissues"
PXD036307,normal human lung,KLA31_02,GTEX-V1D1-0826-SM-3P5ZA,3.84007440316183,2.60830794382106,GTEx_v8_Lung,KLA31_02,normal_tissue,Healthy human lung tissue,2,"non-tumor
tissues"
PXD036307,normal human lung,KLA31_02,GTEX-VJWN-1326-SM-EVR2Z,3.91988653247652,2.62317009734711,GTEx_v8_Lung,KLA31_02,normal_tissue,Healthy human lung tissue,2,"non-tumor
tissues"
PXD036307,normal human lung,KLA31_02,GTEX-VJYA-0326-SM-3GAEX,3.8862314012275,2.60830794382106,GTEx_v8_Lung,KLA31_02,normal_tissue,Healthy human lung tissue,2,"non-tumor
tissues"
PXD036307,normal human lung,KLA31_02,GTEX-VUSG-0926-SM-3GIK6,4.0297502328113,2.60830794382106,GTEx_v8_Lung,KLA31_02,normal_tissue,Healthy human lung tissue,2,"non-tumor
tissues"
PXD036307,normal human lung,KLA31_02,GTEX-W5X1-0526-SM-3GILH,4.00429776055317,2.66032548116222,GTEx_v8_Lung,KLA31_02,normal_tissue,Healthy human lung tissue,2,"non-tumor
tissues"
PXD036307,normal human lung,KLA31_02,GTEX-WFG7-0526-SM-3GIKI,3.95333364021009,2.67518763468827,GTEx_v8_Lung,KLA31_02,normal_tissue,Healthy human lung tissue,2,"non-tumor
tissues"
PXD036307,normal human lung,KLA31_02,GTEX-WFG8-0926-SM-3GIKJ,3.9491823071743,2.6528944043992,GTEx_v8_Lung,KLA31_02,normal_tissue,Healthy human lung tissue,2,"non-tumor
tissues"
PXD036307,normal human lung,KLA31_02,GTEX-WFJO-0326-SM-3GIL3,3.92304159932699,2.60087686705804,GTEx_v8_Lung,KLA31_02,normal_tissue,Healthy human lung tissue,2,"non-tumor
tissues"
PXD036307,normal human lung,KLA31_02,GTEX-WFON-0426-SM-3GIL4,4.03252014678522,2.67518763468827,GTEx_v8_Lung,KLA31_02,normal_tissue,Healthy human lung tissue,2,"non-tumor
tissues"
PXD036307,normal human lung,KLA31_02,GTEX-WH7G-0726-SM-3NMBM,3.9425301565658,2.67518763468827,GTEx_v8_Lung,KLA31_02,normal_tissue,Healthy human lung tissue,2,"non-tumor
tissues"
PXD036307,normal human lung,KLA31_02,GTEX-WHPG-1426-SM-3NMBB,3.87084019701037,2.60830794382106,GTEx_v8_Lung,KLA31_02,normal_tissue,Healthy human lung tissue,2,"non-tumor
tissues"
PXD036307,normal human lung,KLA31_02,GTEX-WHSB-0326-SM-5FQSD,3.83067888732034,2.61573902058408,GTEx_v8_Lung,KLA31_02,normal_tissue,Healthy human lung tissue,2,"non-tumor
tissues"
PXD036307,normal human lung,KLA31_02,GTEX-WK11-0526-SM-3NB3O,3.8876038333191,2.62317009734711,GTEx_v8_Lung,KLA31_02,normal_tissue,Healthy human lung tissue,2,"non-tumor
tissues"
PXD036307,normal human lung,KLA31_02,GTEX-WOFM-0126-SM-3MJFE,3.90201844502456,2.63060117411013,GTEx_v8_Lung,KLA31_02,normal_tissue,Healthy human lung tissue,2,"non-tumor
tissues"
PXD036307,normal human lung,KLA31_02,GTEX-WRHU-0226-SM-3MJFV,3.88794730770892,2.59344579029501,GTEx_v8_Lung,KLA31_02,normal_tissue,Healthy human lung tissue,2,"non-tumor
tissues"
PXD036307,normal human lung,KLA31_02,GTEX-WVJS-0826-SM-4MVNR,3.8012953941886,2.56372148324292,GTEx_v8_Lung,KLA31_02,normal_tissue,Healthy human lung tissue,2,"non-tumor
tissues"
PXD036307,normal human lung,KLA31_02,GTEX-WWYW-0926-SM-3NB2Z,3.85583010685897,2.61573902058408,GTEx_v8_Lung,KLA31_02,normal_tissue,Healthy human lung tissue,2,"non-tumor
tissues"
PXD036307,normal human lung,KLA31_02,GTEX-WY7C-0426-SM-3NB3C,3.91109796244944,2.62317009734711,GTEx_v8_Lung,KLA31_02,normal_tissue,Healthy human lung tissue,2,"non-tumor
tissues"
PXD036307,normal human lung,KLA31_02,GTEX-WYBS-1126-SM-3NMAM,3.93458431272498,2.66775655792524,GTEx_v8_Lung,KLA31_02,normal_tissue,Healthy human lung tissue,2,"non-tumor
tissues"
PXD036307,normal human lung,KLA31_02,GTEX-WYJK-0826-SM-3NM8Y,3.89393904807698,2.58601471353199,GTEx_v8_Lung,KLA31_02,normal_tissue,Healthy human lung tissue,2,"non-tumor
tissues"
PXD036307,normal human lung,KLA31_02,GTEX-WYVS-0526-SM-3NM9W,4.14966227592317,2.67518763468827,GTEx_v8_Lung,KLA31_02,normal_tissue,Healthy human lung tissue,2,"non-tumor
tissues"
PXD036307,normal human lung,KLA31_02,GTEX-WZTO-0426-SM-3NM99,3.93773276871405,2.5562904064799,GTEx_v8_Lung,KLA31_02,normal_tissue,Healthy human lung tissue,2,"non-tumor
tissues"
PXD036307,normal human lung,KLA31_02,GTEX-X15G-0626-SM-EVR32,3.86728218102752,2.56372148324292,GTEx_v8_Lung,KLA31_02,normal_tissue,Healthy human lung tissue,2,"non-tumor
tissues"
PXD036307,normal human lung,KLA31_02,GTEX-X261-1026-SM-3NMDL,3.99138482979025,2.63803225087315,GTEx_v8_Lung,KLA31_02,normal_tissue,Healthy human lung tissue,2,"non-tumor
tissues"
PXD036307,normal human lung,KLA31_02,GTEX-X3Y1-0626-SM-3P5YS,3.86728218102752,2.60830794382106,GTEx_v8_Lung,KLA31_02,normal_tissue,Healthy human lung tissue,2,"non-tumor
tissues"
PXD036307,normal human lung,KLA31_02,GTEX-X4EO-0926-SM-3P5Z2,4.00780734115228,2.60087686705804,GTEx_v8_Lung,KLA31_02,normal_tissue,Healthy human lung tissue,2,"non-tumor
tissues"
PXD036307,normal human lung,KLA31_02,GTEX-X4EP-0526-SM-3P5YW,4.02595965249062,2.60087686705804,GTEx_v8_Lung,KLA31_02,normal_tissue,Healthy human lung tissue,2,"non-tumor
tissues"
PXD036307,normal human lung,KLA31_02,GTEX-X4LF-0526-SM-3NMB6,3.93493606559267,2.6528944043992,GTEx_v8_Lung,KLA31_02,normal_tissue,Healthy human lung tissue,2,"non-tumor
tissues"
PXD036307,normal human lung,KLA31_02,GTEX-X4XX-1026-SM-4QARO,3.85338551219457,2.60087686705804,GTEx_v8_Lung,KLA31_02,normal_tissue,Healthy human lung tissue,2,"non-tumor
tissues"
PXD036307,normal human lung,KLA31_02,GTEX-X4XY-1026-SM-46MVX,3.86076537942974,2.58601471353199,GTEx_v8_Lung,KLA31_02,normal_tissue,Healthy human lung tissue,2,"non-tumor
tissues"
PXD036307,normal human lung,KLA31_02,GTEX-X585-1026-SM-46MW6,3.81560296703897,2.58601471353199,GTEx_v8_Lung,KLA31_02,normal_tissue,Healthy human lung tissue,2,"non-tumor
tissues"
PXD036307,normal human lung,KLA31_02,GTEX-X5EB-0426-SM-46MVY,3.83973970586989,2.61573902058408,GTEx_v8_Lung,KLA31_02,normal_tissue,Healthy human lung tissue,2,"non-tumor
tissues"
PXD036307,normal human lung,KLA31_02,GTEX-XBEC-1026-SM-4QASM,4.01371293461628,2.6528944043992,GTEx_v8_Lung,KLA31_02,normal_tissue,Healthy human lung tissue,2,"non-tumor
tissues"
PXD036307,normal human lung,KLA31_02,GTEX-XBED-0826-SM-47JYC,3.94707248612703,2.6528944043992,GTEx_v8_Lung,KLA31_02,normal_tissue,Healthy human lung tissue,2,"non-tumor
tissues"
PXD036307,normal human lung,KLA31_02,GTEX-XBEW-0226-SM-4AT6A,3.76783360855552,2.59344579029501,GTEx_v8_Lung,KLA31_02,normal_tissue,Healthy human lung tissue,2,"non-tumor
tissues"
PXD036307,normal human lung,KLA31_02,GTEX-XGQ4-0826-SM-4AT4T,3.87646144984326,2.57115256000595,GTEx_v8_Lung,KLA31_02,normal_tissue,Healthy human lung tissue,2,"non-tumor
tissues"
PXD036307,normal human lung,KLA31_02,GTEX-XMD2-1026-SM-4WWE8,3.91352619028413,2.58601471353199,GTEx_v8_Lung,KLA31_02,normal_tissue,Healthy human lung tissue,2,"non-tumor
tissues"
PXD036307,normal human lung,KLA31_02,GTEX-XOT4-1426-SM-4B65T,3.88794730770892,2.57115256000595,GTEx_v8_Lung,KLA31_02,normal_tissue,Healthy human lung tissue,2,"non-tumor
tissues"
PXD036307,normal human lung,KLA31_02,GTEX-XPVG-1026-SM-4B64Y,3.93632406241476,2.67518763468827,GTEx_v8_Lung,KLA31_02,normal_tissue,Healthy human lung tissue,2,"non-tumor
tissues"
PXD036307,normal human lung,KLA31_02,GTEX-XQ3S-0926-SM-4BOPI,3.85199922969153,2.6528944043992,GTEx_v8_Lung,KLA31_02,normal_tissue,Healthy human lung tissue,2,"non-tumor
tissues"
PXD036307,normal human lung,KLA31_02,GTEX-XQ8I-1126-SM-4BOO2,3.71606931453561,2.56372148324292,GTEx_v8_Lung,KLA31_02,normal_tissue,Healthy human lung tissue,2,"non-tumor
tissues"
PXD036307,normal human lung,KLA31_02,GTEX-XV7Q-0426-SM-4BRVN,3.9338996534296,2.68261871145129,GTEx_v8_Lung,KLA31_02,normal_tissue,Healthy human lung tissue,2,"non-tumor
tissues"
PXD036307,normal human lung,KLA31_02,GTEX-XXEK-0626-SM-4BRWE,3.89359889596919,2.59344579029501,GTEx_v8_Lung,KLA31_02,normal_tissue,Healthy human lung tissue,2,"non-tumor
tissues"
PXD036307,normal human lung,KLA31_02,GTEX-XYKS-0526-SM-4BRW2,3.88972537173737,2.59344579029501,GTEx_v8_Lung,KLA31_02,normal_tissue,Healthy human lung tissue,2,"non-tumor
tissues"
PXD036307,normal human lung,KLA31_02,GTEX-Y111-1026-SM-4TT22,3.87500022971813,2.60087686705804,GTEx_v8_Lung,KLA31_02,normal_tissue,Healthy human lung tissue,2,"non-tumor
tissues"
PXD036307,normal human lung,KLA31_02,GTEX-Y3I4-0426-SM-4TT29,4.0028831178975,2.67518763468827,GTEx_v8_Lung,KLA31_02,normal_tissue,Healthy human lung tissue,2,"non-tumor
tissues"
PXD036307,normal human lung,KLA31_02,GTEX-Y3IK-0626-SM-4WWE4,3.76923024618996,2.60087686705804,GTEx_v8_Lung,KLA31_02,normal_tissue,Healthy human lung tissue,2,"non-tumor
tissues"
PXD036307,normal human lung,KLA31_02,GTEX-Y5LM-0726-SM-4VBRP,3.85762527725462,2.60087686705804,GTEx_v8_Lung,KLA31_02,normal_tissue,Healthy human lung tissue,2,"non-tumor
tissues"
PXD036307,normal human lung,KLA31_02,GTEX-Y5V5-0826-SM-4VBQD,3.85233987846586,2.60830794382106,GTEx_v8_Lung,KLA31_02,normal_tissue,Healthy human lung tissue,2,"non-tumor
tissues"
PXD036307,normal human lung,KLA31_02,GTEX-Y5V6-0226-SM-4V6G7,3.85762527725462,2.61573902058408,GTEx_v8_Lung,KLA31_02,normal_tissue,Healthy human lung tissue,2,"non-tumor
tissues"
PXD036307,normal human lung,KLA31_02,GTEX-Y8E4-0526-SM-4V6GC,3.9209513801007,2.61573902058408,GTEx_v8_Lung,KLA31_02,normal_tissue,Healthy human lung tissue,2,"non-tumor
tissues"
PXD036307,normal human lung,KLA31_02,GTEX-Y8LW-0326-SM-4VBQ9,3.83104223010335,2.63803225087315,GTEx_v8_Lung,KLA31_02,normal_tissue,Healthy human lung tissue,2,"non-tumor
tissues"
PXD036307,normal human lung,KLA31_02,GTEX-Y9LG-0526-SM-4VBRY,3.97661205499209,2.69004978821431,GTEx_v8_Lung,KLA31_02,normal_tissue,Healthy human lung tissue,2,"non-tumor
tissues"
PXD036307,normal human lung,KLA31_02,GTEX-YB5E-0726-SM-4VDSH,3.84256415912436,2.60830794382106,GTEx_v8_Lung,KLA31_02,normal_tissue,Healthy human lung tissue,2,"non-tumor
tissues"
PXD036307,normal human lung,KLA31_02,GTEX-YEC3-0226-SM-DO11B,3.83383253046229,2.59344579029501,GTEx_v8_Lung,KLA31_02,normal_tissue,Healthy human lung tissue,2,"non-tumor
tissues"
PXD036307,normal human lung,KLA31_02,GTEX-YEC4-0526-SM-4W21U,3.86142093541301,2.62317009734711,GTEx_v8_Lung,KLA31_02,normal_tissue,Healthy human lung tissue,2,"non-tumor
tissues"
PXD036307,normal human lung,KLA31_02,GTEX-YECK-0926-SM-4W214,3.78145803124682,2.5562904064799,GTEx_v8_Lung,KLA31_02,normal_tissue,Healthy human lung tissue,2,"non-tumor
tissues"
PXD036307,normal human lung,KLA31_02,GTEX-YF7O-0626-SM-4W21R,3.85481438886015,2.60087686705804,GTEx_v8_Lung,KLA31_02,normal_tissue,Healthy human lung tissue,2,"non-tumor
tissues"
PXD036307,normal human lung,KLA31_02,GTEX-YFC4-1126-SM-5RQJN,3.98152060816065,2.57115256000595,GTEx_v8_Lung,KLA31_02,normal_tissue,Healthy human lung tissue,2,"non-tumor
tissues"
PXD036307,normal human lung,KLA31_02,GTEX-YFCO-0426-SM-4W1Z7,3.74752675579096,2.57858363676897,GTEx_v8_Lung,KLA31_02,normal_tissue,Healthy human lung tissue,2,"non-tumor
tissues"
PXD036307,normal human lung,KLA31_02,GTEX-YJ8O-1826-SM-5HL82,3.85583010685897,2.57115256000595,GTEx_v8_Lung,KLA31_02,normal_tissue,Healthy human lung tissue,2,"non-tumor
tissues"
PXD036307,normal human lung,KLA31_02,GTEX-ZA64-0326-SM-5HL8T,3.94079985210712,2.67518763468827,GTEx_v8_Lung,KLA31_02,normal_tissue,Healthy human lung tissue,2,"non-tumor
tissues"
PXD036307,normal human lung,KLA31_02,GTEX-ZAB4-0626-SM-5CVN3,3.98324509089432,2.67518763468827,GTEx_v8_Lung,KLA31_02,normal_tissue,Healthy human lung tissue,2,"non-tumor
tissues"
PXD036307,normal human lung,KLA31_02,GTEX-ZAB5-0626-SM-5PNVB,3.95436240577895,2.59344579029501,GTEx_v8_Lung,KLA31_02,normal_tissue,Healthy human lung tissue,2,"non-tumor
tissues"
PXD036307,normal human lung,KLA31_02,GTEX-ZC5H-0926-SM-5CVMZ,3.86836052353412,2.6528944043992,GTEx_v8_Lung,KLA31_02,normal_tissue,Healthy human lung tissue,2,"non-tumor
tissues"
PXD036307,normal human lung,KLA31_02,GTEX-ZDTS-1026-SM-4WAXS,3.79704642600205,2.51913502266478,GTEx_v8_Lung,KLA31_02,normal_tissue,Healthy human lung tissue,2,"non-tumor
tissues"
PXD036307,normal human lung,KLA31_02,GTEX-ZDTT-0926-SM-5J2MS,3.89604820043466,2.60830794382106,GTEx_v8_Lung,KLA31_02,normal_tissue,Healthy human lung tissue,2,"non-tumor
tissues"
PXD036307,normal human lung,KLA31_02,GTEX-ZDXO-1326-SM-57WBS,3.81667523884738,2.57115256000595,GTEx_v8_Lung,KLA31_02,normal_tissue,Healthy human lung tissue,2,"non-tumor
tissues"
PXD036307,normal human lung,KLA31_02,GTEX-ZDYS-0426-SM-5IJEQ,3.91282533372152,2.59344579029501,GTEx_v8_Lung,KLA31_02,normal_tissue,Healthy human lung tissue,2,"non-tumor
tissues"
PXD036307,normal human lung,KLA31_02,GTEX-ZE7O-0826-SM-57WCP,3.84782884338288,2.56372148324292,GTEx_v8_Lung,KLA31_02,normal_tissue,Healthy human lung tissue,2,"non-tumor
tissues"
PXD036307,normal human lung,KLA31_02,GTEX-ZEX8-0526-SM-DO115,3.90730727863626,2.68261871145129,GTEx_v8_Lung,KLA31_02,normal_tissue,Healthy human lung tissue,2,"non-tumor
tissues"
PXD036307,normal human lung,KLA31_02,GTEX-ZF28-0726-SM-4WKFU,3.88535549019987,2.60087686705804,GTEx_v8_Lung,KLA31_02,normal_tissue,Healthy human lung tissue,2,"non-tumor
tissues"
PXD036307,normal human lung,KLA31_02,GTEX-ZF29-1026-SM-4WKGC,3.89748192094365,2.61573902058408,GTEx_v8_Lung,KLA31_02,normal_tissue,Healthy human lung tissue,2,"non-tumor
tissues"
PXD036307,normal human lung,KLA31_02,GTEX-ZF2S-0626-SM-4WKH2,3.95852076065107,2.61573902058408,GTEx_v8_Lung,KLA31_02,normal_tissue,Healthy human lung tissue,2,"non-tumor
tissues"
PXD036307,normal human lung,KLA31_02,GTEX-ZF3C-0926-SM-DO92P,3.86693431892846,2.66032548116222,GTEx_v8_Lung,KLA31_02,normal_tissue,Healthy human lung tissue,2,"non-tumor
tissues"
PXD036307,normal human lung,KLA31_02,GTEX-ZG7Y-1026-SM-4WWDG,3.95233111433128,2.62317009734711,GTEx_v8_Lung,KLA31_02,normal_tissue,Healthy human lung tissue,2,"non-tumor
tissues"
PXD036307,normal human lung,KLA31_02,GTEX-ZLV1-0426-SM-4WWC2,3.9338996534296,2.58601471353199,GTEx_v8_Lung,KLA31_02,normal_tissue,Healthy human lung tissue,2,"non-tumor
tissues"
PXD036307,normal human lung,KLA31_02,GTEX-ZLWG-0626-SM-4WWFR,3.92865874379158,2.60087686705804,GTEx_v8_Lung,KLA31_02,normal_tissue,Healthy human lung tissue,2,"non-tumor
tissues"
PXD036307,normal human lung,KLA31_02,GTEX-ZPCL-0926-SM-DNZZ8,3.85030243366598,2.60087686705804,GTEx_v8_Lung,KLA31_02,normal_tissue,Healthy human lung tissue,2,"non-tumor
tissues"
PXD036307,normal human lung,KLA31_02,GTEX-ZPIC-0626-SM-57WDY,3.97141553712681,2.63803225087315,GTEx_v8_Lung,KLA31_02,normal_tissue,Healthy human lung tissue,2,"non-tumor
tissues"
PXD036307,normal human lung,KLA31_02,GTEX-ZPU1-0926-SM-57WDO,3.86349555274139,2.57858363676897,GTEx_v8_Lung,KLA31_02,normal_tissue,Healthy human lung tissue,2,"non-tumor
tissues"
PXD036307,normal human lung,KLA31_02,GTEX-ZQG8-0326-SM-51MSE,3.85375014869391,2.63803225087315,GTEx_v8_Lung,KLA31_02,normal_tissue,Healthy human lung tissue,2,"non-tumor
tissues"
PXD036307,normal human lung,KLA31_02,GTEX-ZT9W-0726-SM-9JGG2,3.90765429717398,2.63060117411013,GTEx_v8_Lung,KLA31_02,normal_tissue,Healthy human lung tissue,2,"non-tumor
tissues"
PXD036307,normal human lung,KLA31_02,GTEX-ZT9X-0326-SM-51MTE,4.1534846032316,2.70491194174036,GTEx_v8_Lung,KLA31_02,normal_tissue,Healthy human lung tissue,2,"non-tumor
tissues"
PXD036307,normal human lung,KLA31_02,GTEX-ZTPG-0926-SM-5O99H,3.9665650331331,2.63803225087315,GTEx_v8_Lung,KLA31_02,normal_tissue,Healthy human lung tissue,2,"non-tumor
tissues"
PXD036307,normal human lung,KLA31_02,GTEX-ZTTD-1126-SM-51MRP,4.0256210311681,2.60087686705804,GTEx_v8_Lung,KLA31_02,normal_tissue,Healthy human lung tissue,2,"non-tumor
tissues"
PXD036307,normal human lung,KLA31_02,GTEX-ZUA1-1026-SM-4YCEA,3.77655989857255,2.57115256000595,GTEx_v8_Lung,KLA31_02,normal_tissue,Healthy human lung tissue,2,"non-tumor
tissues"
PXD036307,normal human lung,KLA31_02,GTEX-ZVT3-0926-SM-5GICK,3.78072932455723,2.58601471353199,GTEx_v8_Lung,KLA31_02,normal_tissue,Healthy human lung tissue,2,"non-tumor
tissues"
PXD036307,normal human lung,KLA31_02,GTEX-ZVZQ-1526-SM-5N9G6,3.91144572745058,2.56372148324292,GTEx_v8_Lung,KLA31_02,normal_tissue,Healthy human lung tissue,2,"non-tumor
tissues"
PXD036307,normal human lung,KLA31_02,GTEX-ZXG5-0826-SM-5GID6,3.93561683488834,2.57115256000595,GTEx_v8_Lung,KLA31_02,normal_tissue,Healthy human lung tissue,2,"non-tumor
tissues"
PXD036307,normal human lung,KLA31_02,GTEX-ZY6K-0326-SM-5SIBB,3.95333364021009,2.68261871145129,GTEx_v8_Lung,KLA31_02,normal_tissue,Healthy human lung tissue,2,"non-tumor
tissues"
PXD036307,normal human lung,KLA31_02,GTEX-ZYFG-0226-SM-5GIDT,3.87360122745317,2.64546332763617,GTEx_v8_Lung,KLA31_02,normal_tissue,Healthy human lung tissue,2,"non-tumor
tissues"
PXD036307,normal human lung,KLA31_02,GTEX-ZYT6-0526-SM-5GIEA,3.86349555274139,2.58601471353199,GTEx_v8_Lung,KLA31_02,normal_tissue,Healthy human lung tissue,2,"non-tumor
tissues"
PXD036307,normal human lung,KLA31_02,GTEX-ZYVF-1726-SM-5E443,3.88099573874992,2.57115256000595,GTEx_v8_Lung,KLA31_02,normal_tissue,Healthy human lung tissue,2,"non-tumor
tissues"
PXD036307,normal human lung,KLA31_02,GTEX-ZYW4-1526-SM-5SIBA,3.92024058049765,2.60830794382106,GTEx_v8_Lung,KLA31_02,normal_tissue,Healthy human lung tissue,2,"non-tumor
tissues"
PXD036307,normal human lung,KLA31_02,GTEX-ZYY3-0926-SM-5E454,3.90730727863626,2.59344579029501,GTEx_v8_Lung,KLA31_02,normal_tissue,Healthy human lung tissue,2,"non-tumor
tissues"
PXD036307,normal human lung,KLA31_02,GTEX-ZZPT-1326-SM-5E43H,3.94323611306877,2.57858363676897,GTEx_v8_Lung,KLA31_02,normal_tissue,Healthy human lung tissue,2,"non-tumor
tissues"
PXD036307,normal human lung,KLA31_02,GTEX-ZZPU-0526-SM-5E44U,3.91884105607577,2.62317009734711,GTEx_v8_Lung,KLA31_02,normal_tissue,Healthy human lung tissue,2,"non-tumor
tissues"
PXD046800,adjacent skin,KLA31_04,SK1.Input_FPKM,4.68974081748249,2.66862170087977,GSE181540_adjacent_NS_input,KLA31_04,normal_tissue,Adjacent skin tissue,4,"non-tumor
tissues"
PXD046800,adjacent skin,KLA31_04,SK2.Input_FPKM,4.64028921158784,2.66862170087977,GSE181540_adjacent_NS_input,KLA31_04,normal_tissue,Adjacent skin tissue,4,"non-tumor
tissues"
PXD046800,adjacent skin,KLA31_04,SK3.Input_FPKM,4.73291151252808,2.67595307917889,GSE181540_adjacent_NS_input,KLA31_04,normal_tissue,Adjacent skin tissue,4,"non-tumor
tissues"
PXD046800,hypertrophic scar,KLA31_03,SC1.Input_FPKM,4.64082051746481,2.79152489947417,GSE181540_HS_input,KLA31_03,normal_tissue,Hypertrophic scar tissue,3,"non-tumor
tissues"
PXD046800,hypertrophic scar,KLA31_03,SC2.Input_FPKM,4.51193914604679,2.80699041138262,GSE181540_HS_input,KLA31_03,normal_tissue,Hypertrophic scar tissue,3,"non-tumor
tissues"
PXD046800,hypertrophic scar,KLA31_03,SC3.Input_FPKM,4.51151343507843,2.79925765542839,GSE181540_HS_input,KLA31_03,normal_tissue,Hypertrophic scar tissue,3,"non-tumor
tissues"
PXD050147,HepG2 WT and SIRT1 or SIRT3 KO,KLA31_18,GSM4802741,2.9379821193557,3.41656987998451,HepG2_DMSO24h,KLA31_18,cancer_cells,"HepG2 cells (WT, SIRT1 KO and SIRT3 KO)",19,"cancer
cell lines"
PXD050147,HepG2 WT and SIRT1 or SIRT3 KO,KLA31_18,GSM4802742,2.98497119919297,3.42591696506339,HepG2_DMSO24h,KLA31_18,cancer_cells,"HepG2 cells (WT, SIRT1 KO and SIRT3 KO)",19,"cancer
cell lines"
PXD050147,HepG2 WT and SIRT1 or SIRT3 KO,KLA31_18,GSM4802743,2.98809678821046,3.42624854819977,HepG2_DMSO24h,KLA31_18,cancer_cells,"HepG2 cells (WT, SIRT1 KO and SIRT3 KO)",19,"cancer
cell lines"
PXD050470,human hippocampus,KLA31_05,GTEX-11DXW-0011-R1a-SM-DNZZD,2.66106895330849,2.57350011951239,GTEx_v8_Hippocampus,KLA31_05,normal_tissue,Human hippocampus tissue,5,"non-tumor
tissues"
PXD050470,human hippocampus,KLA31_05,GTEX-11EI6-0011-R1a-SM-DO93L,2.66851751008315,2.53366265636204,GTEx_v8_Hippocampus,KLA31_05,normal_tissue,Human hippocampus tissue,5,"non-tumor
tissues"
PXD050470,human hippocampus,KLA31_05,GTEX-11GS4-0011-R1a-SM-DO129,2.66377844085813,2.54163014899211,GTEx_v8_Hippocampus,KLA31_05,normal_tissue,Human hippocampus tissue,5,"non-tumor
tissues"
PXD050470,human hippocampus,KLA31_05,GTEX-11GSO-0011-R1b-SM-57WD3,2.81038800686241,2.60537009003267,GTEx_v8_Hippocampus,KLA31_05,normal_tissue,Human hippocampus tissue,5,"non-tumor
tissues"
PXD050470,human hippocampus,KLA31_05,GTEX-11GSP-0011-R1a-SM-9QEJ3,2.74795372086699,2.61333758266274,GTEx_v8_Hippocampus,KLA31_05,normal_tissue,Human hippocampus tissue,5,"non-tumor
tissues"
PXD050470,human hippocampus,KLA31_05,GTEX-11ONC-0011-R1a-SM-57WD4,2.79562851219928,2.57350011951239,GTEx_v8_Hippocampus,KLA31_05,normal_tissue,Human hippocampus tissue,5,"non-tumor
tissues"
PXD050470,human hippocampus,KLA31_05,GTEX-11TUW-0011-R1a-SM-DO92S,2.92470545431136,2.62927256792288,GTEx_v8_Hippocampus,KLA31_05,normal_tissue,Human hippocampus tissue,5,"non-tumor
tissues"
PXD050470,human hippocampus,KLA31_05,GTEX-11UD1-0011-R1b-SM-5BC7D,2.91049489691727,2.62130507529281,GTEx_v8_Hippocampus,KLA31_05,normal_tissue,Human hippocampus tissue,5,"non-tumor
tissues"
PXD050470,human hippocampus,KLA31_05,GTEX-11WQC-0011-R1b-SM-DO932,2.84456068135437,2.57350011951239,GTEx_v8_Hippocampus,KLA31_05,normal_tissue,Human hippocampus tissue,5,"non-tumor
tissues"
PXD050470,human hippocampus,KLA31_05,GTEX-11ZTS-0011-R1a-SM-5BC71,2.90484082758223,2.66114253844315,GTEx_v8_Hippocampus,KLA31_05,normal_tissue,Human hippocampus tissue,5,"non-tumor
tissues"
PXD050470,human hippocampus,KLA31_05,GTEX-11ZVC-0011-R1b-SM-5BC6M,2.81887238903771,2.61333758266274,GTEx_v8_Hippocampus,KLA31_05,normal_tissue,Human hippocampus tissue,5,"non-tumor
tissues"
PXD050470,human hippocampus,KLA31_05,GTEX-1212Z-0011-R1b-SM-5BC72,2.8844119555254,2.58943510477253,GTEx_v8_Hippocampus,KLA31_05,normal_tissue,Human hippocampus tissue,5,"non-tumor
tissues"
PXD050470,human hippocampus,KLA31_05,GTEX-12WSD-0011-R1b-SM-5LZVY,2.67194395464269,2.55756513425225,GTEx_v8_Hippocampus,KLA31_05,normal_tissue,Human hippocampus tissue,5,"non-tumor
tissues"
PXD050470,human hippocampus,KLA31_05,GTEX-12WSE-0011-R1b-SM-5GU4V,2.63148728084559,2.55756513425225,GTEx_v8_Hippocampus,KLA31_05,normal_tissue,Human hippocampus tissue,5,"non-tumor
tissues"
PXD050470,human hippocampus,KLA31_05,GTEX-12WSF-0011-R1a-SM-5DUVI,2.75862131056644,2.5974025974026,GTEx_v8_Hippocampus,KLA31_05,normal_tissue,Human hippocampus tissue,5,"non-tumor
tissues"
PXD050470,human hippocampus,KLA31_05,GTEX-12WSH-0011-R1a-SM-5GU5V,2.74385788252492,2.56553262688232,GTEx_v8_Hippocampus,KLA31_05,normal_tissue,Human hippocampus tissue,5,"non-tumor
tissues"
PXD050470,human hippocampus,KLA31_05,GTEX-12WSM-0011-R1a-SM-5LZW6,2.72056512067762,2.54959764162218,GTEx_v8_Hippocampus,KLA31_05,normal_tissue,Human hippocampus tissue,5,"non-tumor
tissues"
PXD050470,human hippocampus,KLA31_05,GTEX-12ZZX-0011-R1a-SM-5EQ6B,2.69155448580258,2.56553262688232,GTEx_v8_Hippocampus,KLA31_05,normal_tissue,Human hippocampus tissue,5,"non-tumor
tissues"
PXD050470,human hippocampus,KLA31_05,GTEX-13112-0011-R1b-SM-5HL7K,2.64976579253792,2.58146761214246,GTEx_v8_Hippocampus,KLA31_05,normal_tissue,Human hippocampus tissue,5,"non-tumor
tissues"
PXD050470,human hippocampus,KLA31_05,GTEX-1313W-0011-R1b-SM-5EQ4A,2.72612238694033,2.55756513425225,GTEx_v8_Hippocampus,KLA31_05,normal_tissue,Human hippocampus tissue,5,"non-tumor
tissues"
PXD050470,human hippocampus,KLA31_05,GTEX-131XH-0011-R1a-SM-5DUWA,2.70337980136018,2.57350011951239,GTEx_v8_Hippocampus,KLA31_05,normal_tissue,Human hippocampus tissue,5,"non-tumor
tissues"
PXD050470,human hippocampus,KLA31_05,GTEX-131YS-0011-R1a-SM-5DUXC,2.68704992585357,2.57350011951239,GTEx_v8_Hippocampus,KLA31_05,normal_tissue,Human hippocampus tissue,5,"non-tumor
tissues"
PXD050470,human hippocampus,KLA31_05,GTEX-132Q8-0011-R1a-SM-5EGLK,2.78602960536541,2.60537009003267,GTEx_v8_Hippocampus,KLA31_05,normal_tissue,Human hippocampus tissue,5,"non-tumor
tissues"
PXD050470,human hippocampus,KLA31_05,GTEX-1399T-0011-R1b-SM-5DUWN,2.61690454206802,2.5177276711019,GTEx_v8_Hippocampus,KLA31_05,normal_tissue,Human hippocampus tissue,5,"non-tumor
tissues"
PXD050470,human hippocampus,KLA31_05,GTEX-139T8-0011-R1a-SM-5HL75,2.66679680771234,2.56553262688232,GTEx_v8_Hippocampus,KLA31_05,normal_tissue,Human hippocampus tissue,5,"non-tumor
tissues"
PXD050470,human hippocampus,KLA31_05,GTEX-139TT-0011-R1a-SM-5LZVD,2.7030396619195,2.56553262688232,GTEx_v8_Hippocampus,KLA31_05,normal_tissue,Human hippocampus tissue,5,"non-tumor
tissues"
PXD050470,human hippocampus,KLA31_05,GTEX-13CF2-0011-R1a-SM-5LZY1,2.70407362624994,2.55756513425225,GTEx_v8_Hippocampus,KLA31_05,normal_tissue,Human hippocampus tissue,5,"non-tumor
tissues"
PXD050470,human hippocampus,KLA31_05,GTEX-13FHO-0011-R1b-SM-5KLZG,2.82354471447662,2.55756513425225,GTEx_v8_Hippocampus,KLA31_05,normal_tissue,Human hippocampus tissue,5,"non-tumor
tissues"
PXD050470,human hippocampus,KLA31_05,GTEX-13FHP-0011-R1b-SM-5K7XL,2.71753525900842,2.54163014899211,GTEx_v8_Hippocampus,KLA31_05,normal_tissue,Human hippocampus tissue,5,"non-tumor
tissues"
PXD050470,human hippocampus,KLA31_05,GTEX-13FLW-0011-R1b-SM-5LZX2,2.69805947844163,2.54959764162218,GTEx_v8_Hippocampus,KLA31_05,normal_tissue,Human hippocampus tissue,5,"non-tumor
tissues"
PXD050470,human hippocampus,KLA31_05,GTEX-13FTY-0011-R1a-SM-5LZXE,2.71381329482203,2.56553262688232,GTEx_v8_Hippocampus,KLA31_05,normal_tissue,Human hippocampus tissue,5,"non-tumor
tissues"
PXD050470,human hippocampus,KLA31_05,GTEX-13FXS-0011-R1a-SM-5K7U6,2.57023440859018,2.52569516373197,GTEx_v8_Hippocampus,KLA31_05,normal_tissue,Human hippocampus tissue,5,"non-tumor
tissues"
PXD050470,human hippocampus,KLA31_05,GTEX-13G51-0011-R1a-SM-5LZYR,2.76031425928967,2.57350011951239,GTEx_v8_Hippocampus,KLA31_05,normal_tissue,Human hippocampus tissue,5,"non-tumor
tissues"
PXD050470,human hippocampus,KLA31_05,GTEX-13JUV-0011-R1a-SM-5LZY4,2.76459235555379,2.60537009003267,GTEx_v8_Hippocampus,KLA31_05,normal_tissue,Human hippocampus tissue,5,"non-tumor
tissues"
PXD050470,human hippocampus,KLA31_05,GTEX-13JVG-0011-R1a-SM-5KM32,2.86842239160824,2.63724006055294,GTEx_v8_Hippocampus,KLA31_05,normal_tissue,Human hippocampus tissue,5,"non-tumor
tissues"
PXD050470,human hippocampus,KLA31_05,GTEX-13N1W-0011-R1b-SM-5MR4T,2.76231856600744,2.54163014899211,GTEx_v8_Hippocampus,KLA31_05,normal_tissue,Human hippocampus tissue,5,"non-tumor
tissues"
PXD050470,human hippocampus,KLA31_05,GTEX-13N2G-0011-R1b-SM-5MR3G,2.65289075330175,2.56553262688232,GTEx_v8_Hippocampus,KLA31_05,normal_tissue,Human hippocampus tissue,5,"non-tumor
tissues"
PXD050470,human hippocampus,KLA31_05,GTEX-13NYB-0011-R1b-SM-5KM4F,2.68226866427129,2.53366265636204,GTEx_v8_Hippocampus,KLA31_05,normal_tissue,Human hippocampus tissue,5,"non-tumor
tissues"
PXD050470,human hippocampus,KLA31_05,GTEX-13NYS-0011-R1b-SM-5MR55,2.73715399311227,2.60537009003267,GTEx_v8_Hippocampus,KLA31_05,normal_tissue,Human hippocampus tissue,5,"non-tumor
tissues"
PXD050470,human hippocampus,KLA31_05,GTEX-13NZ8-0011-R1b-SM-5KM3V,2.98197595350259,2.65317504581308,GTEx_v8_Hippocampus,KLA31_05,normal_tissue,Human hippocampus tissue,5,"non-tumor
tissues"
PXD050470,human hippocampus,KLA31_05,GTEX-13NZA-0011-R1b-SM-5LUAF,2.98762216577945,2.64520755318301,GTEx_v8_Hippocampus,KLA31_05,normal_tissue,Human hippocampus tissue,5,"non-tumor
tissues"
PXD050470,human hippocampus,KLA31_05,GTEX-13O3O-0011-R1b-SM-5KM2K,2.7244679521182,2.5974025974026,GTEx_v8_Hippocampus,KLA31_05,normal_tissue,Human hippocampus tissue,5,"non-tumor
tissues"
PXD050470,human hippocampus,KLA31_05,GTEX-13O3Q-0011-R1b-SM-5KM3L,2.62166483751909,2.50976017847184,GTEx_v8_Hippocampus,KLA31_05,normal_tissue,Human hippocampus tissue,5,"non-tumor
tissues"
PXD050470,human hippocampus,KLA31_05,GTEX-13OVJ-0011-R1b-SM-5L3I6,2.76360547890851,2.56553262688232,GTEx_v8_Hippocampus,KLA31_05,normal_tissue,Human hippocampus tissue,5,"non-tumor
tissues"
PXD050470,human hippocampus,KLA31_05,GTEX-13OVL-0011-R1a-SM-5L3H5,2.88507293368265,2.61333758266274,GTEx_v8_Hippocampus,KLA31_05,normal_tissue,Human hippocampus tissue,5,"non-tumor
tissues"
PXD050470,human hippocampus,KLA31_05,GTEX-13OW5-0011-R1b-SM-5L3GE,2.84920695723552,2.63724006055294,GTEx_v8_Hippocampus,KLA31_05,normal_tissue,Human hippocampus tissue,5,"non-tumor
tissues"
PXD050470,human hippocampus,KLA31_05,GTEX-13OW6-0011-R1a-SM-5L3HQ,2.72612238694033,2.60537009003267,GTEx_v8_Hippocampus,KLA31_05,normal_tissue,Human hippocampus tissue,5,"non-tumor
tissues"
PXD050470,human hippocampus,KLA31_05,GTEX-13OW7-0011-R1b-SM-5L3HF,2.71719094705741,2.53366265636204,GTEx_v8_Hippocampus,KLA31_05,normal_tissue,Human hippocampus tissue,5,"non-tumor
tissues"
PXD050470,human hippocampus,KLA31_05,GTEX-13OW8-0011-R1a-SM-5L3HI,2.75668092815178,2.58943510477253,GTEx_v8_Hippocampus,KLA31_05,normal_tissue,Human hippocampus tissue,5,"non-tumor
tissues"
PXD050470,human hippocampus,KLA31_05,GTEX-13PDP-0011-R1a-SM-5PNX5,2.75106403179117,2.58146761214246,GTEx_v8_Hippocampus,KLA31_05,normal_tissue,Human hippocampus tissue,5,"non-tumor
tissues"
PXD050470,human hippocampus,KLA31_05,GTEX-13QIC-0011-R1a-SM-5O9CJ,3.09886154449186,2.68504501633336,GTEx_v8_Hippocampus,KLA31_05,normal_tissue,Human hippocampus tissue,5,"non-tumor
tissues"
PXD050470,human hippocampus,KLA31_05,GTEX-13QJC-0011-R1b-SM-5S2UU,2.93353669480589,2.62927256792288,GTEx_v8_Hippocampus,KLA31_05,normal_tissue,Human hippocampus tissue,5,"non-tumor
tissues"
PXD050470,human hippocampus,KLA31_05,GTEX-13RTJ-0011-R1a-SM-5O9D9,2.94930420408078,2.62927256792288,GTEx_v8_Hippocampus,KLA31_05,normal_tissue,Human hippocampus tissue,5,"non-tumor
tissues"
PXD050470,human hippocampus,KLA31_05,GTEX-13RTL-0011-R1a-SM-5PNZ8,2.87008180437181,2.57350011951239,GTEx_v8_Hippocampus,KLA31_05,normal_tissue,Human hippocampus tissue,5,"non-tumor
tissues"
PXD050470,human hippocampus,KLA31_05,GTEX-13S7M-0011-R1b-SM-5PNZE,2.73715399311227,2.5974025974026,GTEx_v8_Hippocampus,KLA31_05,normal_tissue,Human hippocampus tissue,5,"non-tumor
tissues"
PXD050470,human hippocampus,KLA31_05,GTEX-13SLW-0011-R1a-SM-5S2W7,2.69155448580258,2.54959764162218,GTEx_v8_Hippocampus,KLA31_05,normal_tissue,Human hippocampus tissue,5,"non-tumor
tissues"
PXD050470,human hippocampus,KLA31_05,GTEX-13X6I-0011-R1b-SM-5PNZC,2.69433065287505,2.58943510477253,GTEx_v8_Hippocampus,KLA31_05,normal_tissue,Human hippocampus tissue,5,"non-tumor
tissues"
PXD050470,human hippocampus,KLA31_05,GTEX-144GL-0011-R1a-SM-5PNZ5,2.72253774810542,2.53366265636204,GTEx_v8_Hippocampus,KLA31_05,normal_tissue,Human hippocampus tissue,5,"non-tumor
tissues"
PXD050470,human hippocampus,KLA31_05,GTEX-144GO-0011-R1a-SM-5PNWO,2.8284986190163,2.60537009003267,GTEx_v8_Hippocampus,KLA31_05,normal_tissue,Human hippocampus tissue,5,"non-tumor
tissues"
PXD050470,human hippocampus,KLA31_05,GTEX-145LS-0011-R1b-SM-5PNUP,2.78602960536541,2.55756513425225,GTEx_v8_Hippocampus,KLA31_05,normal_tissue,Human hippocampus tissue,5,"non-tumor
tissues"
PXD050470,human hippocampus,KLA31_05,GTEX-145LU-0011-R1a-SM-5Q5CE,2.85546324384574,2.58943510477253,GTEx_v8_Hippocampus,KLA31_05,normal_tissue,Human hippocampus tissue,5,"non-tumor
tissues"
PXD050470,human hippocampus,KLA31_05,GTEX-145MH-0011-R1b-SM-5PNWY,2.701032830619,2.55756513425225,GTEx_v8_Hippocampus,KLA31_05,normal_tissue,Human hippocampus tissue,5,"non-tumor
tissues"
PXD050470,human hippocampus,KLA31_05,GTEX-14ABY-0011-R1a-SM-6EU2W,2.72056512067762,2.55756513425225,GTEx_v8_Hippocampus,KLA31_05,normal_tissue,Human hippocampus tissue,5,"non-tumor
tissues"
PXD050470,human hippocampus,KLA31_05,GTEX-14ASI-0011-R1b-SM-5S2TY,2.69016097925521,2.56553262688232,GTEx_v8_Hippocampus,KLA31_05,normal_tissue,Human hippocampus tissue,5,"non-tumor
tissues"
PXD050470,human hippocampus,KLA31_05,GTEX-14BIM-0011-R1a-SM-69LQI,2.81333112919905,2.57350011951239,GTEx_v8_Hippocampus,KLA31_05,normal_tissue,Human hippocampus tissue,5,"non-tumor
tissues"
PXD050470,human hippocampus,KLA31_05,GTEX-14C5O-0011-R1b-SM-6AJBW,2.75106403179117,2.58943510477253,GTEx_v8_Hippocampus,KLA31_05,normal_tissue,Human hippocampus tissue,5,"non-tumor
tissues"
PXD050470,human hippocampus,KLA31_05,GTEX-14E6D-0011-R1b-SM-5YYAW,2.69227337948884,2.56553262688232,GTEx_v8_Hippocampus,KLA31_05,normal_tissue,Human hippocampus tissue,5,"non-tumor
tissues"
PXD050470,human hippocampus,KLA31_05,GTEX-14E7W-0011-R1b-SM-5YYAT,2.75699798258991,2.56553262688232,GTEx_v8_Hippocampus,KLA31_05,normal_tissue,Human hippocampus tissue,5,"non-tumor
tissues"
PXD050470,human hippocampus,KLA31_05,GTEX-14JIY-0011-R1a-SM-68713,2.67757442197503,2.54163014899211,GTEx_v8_Hippocampus,KLA31_05,normal_tissue,Human hippocampus tissue,5,"non-tumor
tissues"
PXD050470,human hippocampus,KLA31_05,GTEX-14LLW-0011-R1a-SM-5ZZVD,2.70544127341781,2.54959764162218,GTEx_v8_Hippocampus,KLA31_05,normal_tissue,Human hippocampus tissue,5,"non-tumor
tissues"
PXD050470,human hippocampus,KLA31_05,GTEX-14LZ3-0011-R1a-SM-69LP5,2.90150908326956,2.63724006055294,GTEx_v8_Hippocampus,KLA31_05,normal_tissue,Human hippocampus tissue,5,"non-tumor
tissues"
PXD050470,human hippocampus,KLA31_05,GTEX-14PJM-0011-R1a-SM-CNPO3,2.78068985700077,2.58146761214246,GTEx_v8_Hippocampus,KLA31_05,normal_tissue,Human hippocampus tissue,5,"non-tumor
tissues"
PXD050470,human hippocampus,KLA31_05,GTEX-14PJO-0011-R1b-SM-6AJAK,2.82688016069505,2.58943510477253,GTEx_v8_Hippocampus,KLA31_05,normal_tissue,Human hippocampus tissue,5,"non-tumor
tissues"
PXD050470,human hippocampus,KLA31_05,GTEX-14PN4-0011-R1b-SM-69LP8,2.63749446541974,2.65317504581308,GTEx_v8_Hippocampus,KLA31_05,normal_tissue,Human hippocampus tissue,5,"non-tumor
tissues"
PXD050470,human hippocampus,KLA31_05,GTEX-14PQA-0011-R1b-SM-6EU1G,2.82017501237287,2.62927256792288,GTEx_v8_Hippocampus,KLA31_05,normal_tissue,Human hippocampus tissue,5,"non-tumor
tissues"
PXD050470,human hippocampus,KLA31_05,GTEX-15CHQ-0011-R1a-SM-COH27,2.74863790172333,2.57350011951239,GTEx_v8_Hippocampus,KLA31_05,normal_tissue,Human hippocampus tissue,5,"non-tumor
tissues"
PXD050470,human hippocampus,KLA31_05,GTEX-15DCD-0011-R1b-SM-6LPIJ,2.71482878782095,2.57350011951239,GTEx_v8_Hippocampus,KLA31_05,normal_tissue,Human hippocampus tissue,5,"non-tumor
tissues"
PXD050470,human hippocampus,KLA31_05,GTEX-15ER7-0011-R1b-SM-7KUE1,2.83899579023587,2.58943510477253,GTEx_v8_Hippocampus,KLA31_05,normal_tissue,Human hippocampus tissue,5,"non-tumor
tissues"
PXD050470,human hippocampus,KLA31_05,GTEX-15UF6-0011-R1a-SM-9QEGH,2.95605258067123,2.63724006055294,GTEx_v8_Hippocampus,KLA31_05,normal_tissue,Human hippocampus tissue,5,"non-tumor
tissues"
PXD050470,human hippocampus,KLA31_05,GTEX-16GPK-0011-R1b-SM-7EWDH,2.94825506315495,2.64520755318301,GTEx_v8_Hippocampus,KLA31_05,normal_tissue,Human hippocampus tissue,5,"non-tumor
tissues"
PXD050470,human hippocampus,KLA31_05,GTEX-16NPV-0011-R1b-SM-7MGVZ,2.83865030225695,2.66114253844315,GTEx_v8_Hippocampus,KLA31_05,normal_tissue,Human hippocampus tissue,5,"non-tumor
tissues"
PXD050470,human hippocampus,KLA31_05,GTEX-16XZZ-0011-R1a-SM-7LTAH,2.7749691887046,2.54959764162218,GTEx_v8_Hippocampus,KLA31_05,normal_tissue,Human hippocampus tissue,5,"non-tumor
tissues"
PXD050470,human hippocampus,KLA31_05,GTEX-16YQH-0011-R1a-SM-7LT8R,2.6722923532688,2.61333758266274,GTEx_v8_Hippocampus,KLA31_05,normal_tissue,Human hippocampus tissue,5,"non-tumor
tissues"
PXD050470,human hippocampus,KLA31_05,GTEX-16Z82-0011-R1b-SM-7EPHZ,2.66957851559832,2.57350011951239,GTEx_v8_Hippocampus,KLA31_05,normal_tissue,Human hippocampus tissue,5,"non-tumor
tissues"
PXD050470,human hippocampus,KLA31_05,GTEX-17EVP-0011-R1a-SM-7DHLA,2.85351546590211,2.58943510477253,GTEx_v8_Hippocampus,KLA31_05,normal_tissue,Human hippocampus tissue,5,"non-tumor
tissues"
PXD050470,human hippocampus,KLA31_05,GTEX-17EVQ-0011-R1a-SM-7189S,2.8532169037264,2.56553262688232,GTEx_v8_Hippocampus,KLA31_05,normal_tissue,Human hippocampus tissue,5,"non-tumor
tissues"
PXD050470,human hippocampus,KLA31_05,GTEX-17F97-0011-R1b-SM-7IGM9,2.701032830619,2.53366265636204,GTEx_v8_Hippocampus,KLA31_05,normal_tissue,Human hippocampus tissue,5,"non-tumor
tissues"
PXD050470,human hippocampus,KLA31_05,GTEX-17HG3-0011-R1a-SM-7LG6H,2.67854555171503,2.53366265636204,GTEx_v8_Hippocampus,KLA31_05,normal_tissue,Human hippocampus tissue,5,"non-tumor
tissues"
PXD050470,human hippocampus,KLA31_05,GTEX-17HHY-0011-R1a-SM-7189V,2.75930223570295,2.57350011951239,GTEx_v8_Hippocampus,KLA31_05,normal_tissue,Human hippocampus tissue,5,"non-tumor
tissues"
PXD050470,human hippocampus,KLA31_05,GTEX-17HII-0011-R1b-SM-7MGVW,2.77037869743378,2.54959764162218,GTEx_v8_Hippocampus,KLA31_05,normal_tissue,Human hippocampus tissue,5,"non-tumor
tissues"
PXD050470,human hippocampus,KLA31_05,GTEX-17JCI-0011-R1b-SM-718A3,2.65118103554048,2.62927256792288,GTEx_v8_Hippocampus,KLA31_05,normal_tissue,Human hippocampus tissue,5,"non-tumor
tissues"
PXD050470,human hippocampus,KLA31_05,GTEX-17MF6-0011-R1a-SM-72D6O,2.96229198914769,2.65317504581308,GTEx_v8_Hippocampus,KLA31_05,normal_tissue,Human hippocampus tissue,5,"non-tumor
tissues"
PXD050470,human hippocampus,KLA31_05,GTEX-183WM-0011-R1a-SM-718A8,2.81204370505576,2.58146761214246,GTEx_v8_Hippocampus,KLA31_05,normal_tissue,Human hippocampus tissue,5,"non-tumor
tissues"
PXD050470,human hippocampus,KLA31_05,GTEX-18A6Q-0011-R1b-SM-731DI,3.0914600498812,2.7009800015935,GTEx_v8_Hippocampus,KLA31_05,normal_tissue,Human hippocampus tissue,5,"non-tumor
tissues"
PXD050470,human hippocampus,KLA31_05,GTEX-1A32A-0011-R1a-SM-7P8SQ,2.82050085366648,2.62130507529281,GTEx_v8_Hippocampus,KLA31_05,normal_tissue,Human hippocampus tissue,5,"non-tumor
tissues"
PXD050470,human hippocampus,KLA31_05,GTEX-1A3MX-0011-R1b-SM-7P8PH,2.65936482290996,2.55756513425225,GTEx_v8_Hippocampus,KLA31_05,normal_tissue,Human hippocampus tissue,5,"non-tumor
tissues"
PXD050470,human hippocampus,KLA31_05,GTEX-1A8G6-0011-R1a-SM-7P8PC,2.66818776752486,2.57350011951239,GTEx_v8_Hippocampus,KLA31_05,normal_tissue,Human hippocampus tissue,5,"non-tumor
tissues"
PXD050470,human hippocampus,KLA31_05,GTEX-1AX9I-0011-R1b-SM-7RHG2,2.70441899821053,2.54959764162218,GTEx_v8_Hippocampus,KLA31_05,normal_tissue,Human hippocampus tissue,5,"non-tumor
tissues"
PXD050470,human hippocampus,KLA31_05,GTEX-1B8L1-0011-R1a-SM-7P8SS,2.75537784042069,2.57350011951239,GTEx_v8_Hippocampus,KLA31_05,normal_tissue,Human hippocampus tissue,5,"non-tumor
tissues"
PXD050470,human hippocampus,KLA31_05,GTEX-1B8SF-0011-R1b-SM-7P8Q8,2.67690982671292,2.54959764162218,GTEx_v8_Hippocampus,KLA31_05,normal_tissue,Human hippocampus tissue,5,"non-tumor
tissues"
PXD050470,human hippocampus,KLA31_05,GTEX-1B933-0011-R1b-SM-9QEGW,2.62201726775871,2.50976017847184,GTEx_v8_Hippocampus,KLA31_05,normal_tissue,Human hippocampus tissue,5,"non-tumor
tissues"
PXD050470,human hippocampus,KLA31_05,GTEX-1B996-0011-R1b-SM-7P8PO,2.65320933044188,2.55756513425225,GTEx_v8_Hippocampus,KLA31_05,normal_tissue,Human hippocampus tissue,5,"non-tumor
tissues"
PXD050470,human hippocampus,KLA31_05,GTEX-1BAJH-0011-R1a-SM-7P8SV,2.76459235555379,2.57350011951239,GTEx_v8_Hippocampus,KLA31_05,normal_tissue,Human hippocampus tissue,5,"non-tumor
tissues"
PXD050470,human hippocampus,KLA31_05,GTEX-1C64N-0011-R1b-SM-7P8Q7,2.7244679521182,2.54163014899211,GTEx_v8_Hippocampus,KLA31_05,normal_tissue,Human hippocampus tissue,5,"non-tumor
tissues"
PXD050470,human hippocampus,KLA31_05,GTEX-1C6VQ-0011-R1a-SM-7P8Q2,2.88536824501305,2.58943510477253,GTEx_v8_Hippocampus,KLA31_05,normal_tissue,Human hippocampus tissue,5,"non-tumor
tissues"
PXD050470,human hippocampus,KLA31_05,GTEX-1C6VR-0011-R1a-SM-7MXUE,2.70841877327398,2.5974025974026,GTEx_v8_Hippocampus,KLA31_05,normal_tissue,Human hippocampus tissue,5,"non-tumor
tissues"
PXD050470,human hippocampus,KLA31_05,GTEX-1CAV2-0011-R1a-SM-ARZML,2.73383210599421,2.58146761214246,GTEx_v8_Hippocampus,KLA31_05,normal_tissue,Human hippocampus tissue,5,"non-tumor
tissues"
PXD050470,human hippocampus,KLA31_05,GTEX-1CB4G-0011-R1b-SM-9QEHT,2.61588135387158,2.54959764162218,GTEx_v8_Hippocampus,KLA31_05,normal_tissue,Human hippocampus tissue,5,"non-tumor
tissues"
PXD050470,human hippocampus,KLA31_05,GTEX-1CB4J-0011-R1a-SM-9WG64,3.04610855104913,2.73284997211378,GTEx_v8_Hippocampus,KLA31_05,normal_tissue,Human hippocampus tissue,5,"non-tumor
tissues"
PXD050470,human hippocampus,KLA31_05,GTEX-1E1VI-0011-R1a-SM-ARZMM,2.71920684361172,2.55756513425225,GTEx_v8_Hippocampus,KLA31_05,normal_tissue,Human hippocampus tissue,5,"non-tumor
tissues"
PXD050470,human hippocampus,KLA31_05,GTEX-1E2YA-0011-R1b-SM-CJI29,2.87605205149658,2.62130507529281,GTEx_v8_Hippocampus,KLA31_05,normal_tissue,Human hippocampus tissue,5,"non-tumor
tissues"
PXD050470,human hippocampus,KLA31_05,GTEX-1EH9U-0011-R1b-SM-CJI2B,2.73045443834318,2.56553262688232,GTEx_v8_Hippocampus,KLA31_05,normal_tissue,Human hippocampus tissue,5,"non-tumor
tissues"
PXD050470,human hippocampus,KLA31_05,GTEX-1EKGG-0011-R1b-SM-9QEI1,2.69935635726939,2.58943510477253,GTEx_v8_Hippocampus,KLA31_05,normal_tissue,Human hippocampus tissue,5,"non-tumor
tissues"
PXD050470,human hippocampus,KLA31_05,GTEX-1EMGI-0011-R1b-SM-9OSWZ,2.65687702441796,2.54163014899211,GTEx_v8_Hippocampus,KLA31_05,normal_tissue,Human hippocampus tissue,5,"non-tumor
tissues"
PXD050470,human hippocampus,KLA31_05,GTEX-1EWIQ-0011-R1a-SM-9OSX7,2.66039588401218,2.52569516373197,GTEx_v8_Hippocampus,KLA31_05,normal_tissue,Human hippocampus tissue,5,"non-tumor
tissues"
PXD050470,human hippocampus,KLA31_05,GTEX-1EX96-0011-R1a-SM-CE6R5,2.62435783104191,2.55756513425225,GTEx_v8_Hippocampus,KLA31_05,normal_tissue,Human hippocampus tissue,5,"non-tumor
tissues"
PXD050470,human hippocampus,KLA31_05,GTEX-1F48J-0011-R1a-SM-9QEIC,2.66039588401218,2.58146761214246,GTEx_v8_Hippocampus,KLA31_05,normal_tissue,Human hippocampus tissue,5,"non-tumor
tissues"
PXD050470,human hippocampus,KLA31_05,GTEX-1F6I4-0011-R1a-SM-9OSWU,2.64369169514602,2.58943510477253,GTEx_v8_Hippocampus,KLA31_05,normal_tissue,Human hippocampus tissue,5,"non-tumor
tissues"
PXD050470,human hippocampus,KLA31_05,GTEX-1F6IF-0011-R1b-SM-9WG78,2.74595290223842,2.54959764162218,GTEx_v8_Hippocampus,KLA31_05,normal_tissue,Human hippocampus tissue,5,"non-tumor
tissues"
PXD050470,human hippocampus,KLA31_05,GTEX-1F75A-0011-R1b-SM-CE6RA,2.65320933044188,2.54959764162218,GTEx_v8_Hippocampus,KLA31_05,normal_tissue,Human hippocampus tissue,5,"non-tumor
tissues"
PXD050470,human hippocampus,KLA31_05,GTEX-1F75W-0011-R1a-SM-ARU81,2.74045314742188,2.60537009003267,GTEx_v8_Hippocampus,KLA31_05,normal_tissue,Human hippocampus tissue,5,"non-tumor
tissues"
PXD050470,human hippocampus,KLA31_05,GTEX-1GF9V-0011-R1a-SM-CKZNQ,2.68840484154157,2.5974025974026,GTEx_v8_Hippocampus,KLA31_05,normal_tissue,Human hippocampus tissue,5,"non-tumor
tissues"
PXD050470,human hippocampus,KLA31_05,GTEX-1GF9W-0011-R1a-SM-9QEIQ,2.67922279220177,2.58943510477253,GTEx_v8_Hippocampus,KLA31_05,normal_tissue,Human hippocampus tissue,5,"non-tumor
tissues"
PXD050470,human hippocampus,KLA31_05,GTEX-1GMR8-0011-R1b-SM-CJI2O,2.63182586716757,2.58146761214246,GTEx_v8_Hippocampus,KLA31_05,normal_tissue,Human hippocampus tissue,5,"non-tumor
tissues"
PXD050470,human hippocampus,KLA31_05,GTEX-1GN1U-0011-R1a-SM-CJI25,2.6722923532688,2.57350011951239,GTEx_v8_Hippocampus,KLA31_05,normal_tissue,Human hippocampus tissue,5,"non-tumor
tissues"
PXD050470,human hippocampus,KLA31_05,GTEX-1GN2E-0011-R1b-SM-CE6RJ,2.88007473894945,2.58943510477253,GTEx_v8_Hippocampus,KLA31_05,normal_tissue,Human hippocampus tissue,5,"non-tumor
tissues"
PXD050470,human hippocampus,KLA31_05,GTEX-1GN73-0011-R1a-SM-CKZNT,2.62234463412575,2.61333758266274,GTEx_v8_Hippocampus,KLA31_05,normal_tissue,Human hippocampus tissue,5,"non-tumor
tissues"
PXD050470,human hippocampus,KLA31_05,GTEX-1GTWX-0011-R1a-SM-CE6RL,2.73283010248038,2.57350011951239,GTEx_v8_Hippocampus,KLA31_05,normal_tissue,Human hippocampus tissue,5,"non-tumor
tissues"
PXD050470,human hippocampus,KLA31_05,GTEX-1GZ2Q-0011-R1a-SM-CJI2Y,2.72612238694033,2.58146761214246,GTEx_v8_Hippocampus,KLA31_05,normal_tissue,Human hippocampus tissue,5,"non-tumor
tissues"
PXD050470,human hippocampus,KLA31_05,GTEX-1GZHY-0011-R1a-SM-CE6RR,2.85836579942359,2.55756513425225,GTEx_v8_Hippocampus,KLA31_05,normal_tissue,Human hippocampus tissue,5,"non-tumor
tissues"
PXD050470,human hippocampus,KLA31_05,GTEX-1H1CY-0011-R1a-SM-CKZOZ,2.85086775390346,2.62130507529281,GTEx_v8_Hippocampus,KLA31_05,normal_tissue,Human hippocampus tissue,5,"non-tumor
tissues"
PXD050470,human hippocampus,KLA31_05,GTEX-1H1DG-0011-R1b-SM-CKZP1,2.79792628929547,2.62130507529281,GTEx_v8_Hippocampus,KLA31_05,normal_tissue,Human hippocampus tissue,5,"non-tumor
tissues"
PXD050470,human hippocampus,KLA31_05,GTEX-1H1ZS-0011-R1b-SM-A9G1E,2.74897688280196,2.56553262688232,GTEx_v8_Hippocampus,KLA31_05,normal_tissue,Human hippocampus tissue,5,"non-tumor
tissues"
PXD050470,human hippocampus,KLA31_05,GTEX-1H23P-0011-R1a-SM-ACKVC,3.13448153216288,2.7009800015935,GTEx_v8_Hippocampus,KLA31_05,normal_tissue,Human hippocampus tissue,5,"non-tumor
tissues"
PXD050470,human hippocampus,KLA31_05,GTEX-1H3NZ-0011-R1a-SM-CKZP5,2.76938514012231,2.58146761214246,GTEx_v8_Hippocampus,KLA31_05,normal_tissue,Human hippocampus tissue,5,"non-tumor
tissues"
PXD050470,human hippocampus,KLA31_05,GTEX-1H3O1-0011-R1b-SM-CL554,2.78134335848215,2.58943510477253,GTEx_v8_Hippocampus,KLA31_05,normal_tissue,Human hippocampus tissue,5,"non-tumor
tissues"
PXD050470,human hippocampus,KLA31_05,GTEX-1H3VE-0011-R1a-SM-A9G1K,2.67395656640326,2.54959764162218,GTEx_v8_Hippocampus,KLA31_05,normal_tissue,Human hippocampus tissue,5,"non-tumor
tissues"
PXD050470,human hippocampus,KLA31_05,GTEX-1H4P4-0011-R1b-SM-CL54V,2.95187387119499,2.64520755318301,GTEx_v8_Hippocampus,KLA31_05,normal_tissue,Human hippocampus tissue,5,"non-tumor
tissues"
PXD050470,human hippocampus,KLA31_05,GTEX-1HBPI-0011-R1b-SM-A9SKF,2.79094063705365,2.58943510477253,GTEx_v8_Hippocampus,KLA31_05,normal_tissue,Human hippocampus tissue,5,"non-tumor
tissues"
PXD050470,human hippocampus,KLA31_05,GTEX-1HGF4-0011-R1a-SM-CJI3S,2.75068440690832,2.60537009003267,GTEx_v8_Hippocampus,KLA31_05,normal_tissue,Human hippocampus tissue,5,"non-tumor
tissues"
PXD050470,human hippocampus,KLA31_05,GTEX-1HR98-0011-R1a-SM-ARZLQ,2.75268115197777,2.55756513425225,GTEx_v8_Hippocampus,KLA31_05,normal_tissue,Human hippocampus tissue,5,"non-tumor
tissues"
PXD050470,human hippocampus,KLA31_05,GTEX-1HSKV-0011-R1b-SM-CMKH7,2.75830755585581,2.5974025974026,GTEx_v8_Hippocampus,KLA31_05,normal_tissue,Human hippocampus tissue,5,"non-tumor
tissues"
PXD050470,human hippocampus,KLA31_05,GTEX-1HSMO-0011-R1a-SM-CM2SV,2.72645532064368,2.57350011951239,GTEx_v8_Hippocampus,KLA31_05,normal_tissue,Human hippocampus tissue,5,"non-tumor
tissues"
PXD050470,human hippocampus,KLA31_05,GTEX-1HT8W-0011-R1b-SM-CJI3V,2.66410340220093,2.55756513425225,GTEx_v8_Hippocampus,KLA31_05,normal_tissue,Human hippocampus tissue,5,"non-tumor
tissues"
PXD050470,human hippocampus,KLA31_05,GTEX-1I1GQ-0011-R1a-SM-CY8GG,2.75373395145545,2.56553262688232,GTEx_v8_Hippocampus,KLA31_05,normal_tissue,Human hippocampus tissue,5,"non-tumor
tissues"
PXD050470,human hippocampus,KLA31_05,GTEX-1I1GS-0011-R1a-SM-CJI43,2.68803583309764,2.5974025974026,GTEx_v8_Hippocampus,KLA31_05,normal_tissue,Human hippocampus tissue,5,"non-tumor
tissues"
PXD050470,human hippocampus,KLA31_05,GTEX-1I1GV-0011-R1a-SM-CL559,2.95669467272406,2.65317504581308,GTEx_v8_Hippocampus,KLA31_05,normal_tissue,Human hippocampus tissue,5,"non-tumor
tissues"
PXD050470,human hippocampus,KLA31_05,GTEX-1I1HK-0011-R1b-SM-CM2T7,2.67823936564957,2.55756513425225,GTEx_v8_Hippocampus,KLA31_05,normal_tissue,Human hippocampus tissue,5,"non-tumor
tissues"
PXD050470,human hippocampus,KLA31_05,GTEX-1ICLZ-0011-R1b-SM-A9SM3,2.70972299085907,2.57350011951239,GTEx_v8_Hippocampus,KLA31_05,normal_tissue,Human hippocampus tissue,5,"non-tumor
tissues"
PXD050470,human hippocampus,KLA31_05,GTEX-1IDJH-0011-R1b-SM-ARU6U,2.63683905567513,2.56553262688232,GTEx_v8_Hippocampus,KLA31_05,normal_tissue,Human hippocampus tissue,5,"non-tumor
tissues"
PXD050470,human hippocampus,KLA31_05,GTEX-1IKK5-0011-R1b-SM-CE6SQ,2.701032830619,2.56553262688232,GTEx_v8_Hippocampus,KLA31_05,normal_tissue,Human hippocampus tissue,5,"non-tumor
tissues"
PXD050470,human hippocampus,KLA31_05,GTEX-1IOXB-0011-R1a-SM-D4P27,2.69190234285569,2.54163014899211,GTEx_v8_Hippocampus,KLA31_05,normal_tissue,Human hippocampus tissue,5,"non-tumor
tissues"
PXD050470,human hippocampus,KLA31_05,GTEX-1IY9M-0011-R1a-SM-EXURZ,2.69462053383738,2.58146761214246,GTEx_v8_Hippocampus,KLA31_05,normal_tissue,Human hippocampus tissue,5,"non-tumor
tissues"
PXD050470,human hippocampus,KLA31_05,GTEX-1J1OQ-0011-R1a-SM-A9G1Z,2.77298265207975,2.57350011951239,GTEx_v8_Hippocampus,KLA31_05,normal_tissue,Human hippocampus tissue,5,"non-tumor
tissues"
PXD050470,human hippocampus,KLA31_05,GTEX-1J8Q2-0011-R1a-SM-D4P2D,2.67557140891316,2.60537009003267,GTEx_v8_Hippocampus,KLA31_05,normal_tissue,Human hippocampus tissue,5,"non-tumor
tissues"
PXD050470,human hippocampus,KLA31_05,GTEX-1LB8K-0011-R1b-SM-EZ6MV,2.89218110141184,2.62927256792288,GTEx_v8_Hippocampus,KLA31_05,normal_tissue,Human hippocampus tissue,5,"non-tumor
tissues"
PXD050470,human hippocampus,KLA31_05,GTEX-1LG7Y-0011-R1a-SM-EYYWV,2.7141533061532,2.54959764162218,GTEx_v8_Hippocampus,KLA31_05,normal_tissue,Human hippocampus tissue,5,"non-tumor
tissues"
PXD050470,human hippocampus,KLA31_05,GTEX-N7MS-0011-R1a-SM-2HMJG,2.65320933044188,2.54163014899211,GTEx_v8_Hippocampus,KLA31_05,normal_tissue,Human hippocampus tissue,5,"non-tumor
tissues"
PXD050470,human hippocampus,KLA31_05,GTEX-N7MT-0011-R1a-SM-CNPO1,2.69670944806728,2.60537009003267,GTEx_v8_Hippocampus,KLA31_05,normal_tissue,Human hippocampus tissue,5,"non-tumor
tissues"
PXD050470,human hippocampus,KLA31_05,GTEX-NL3H-0011-R1a-SM-48TDJ,2.71140771029906,2.53366265636204,GTEx_v8_Hippocampus,KLA31_05,normal_tissue,Human hippocampus tissue,5,"non-tumor
tissues"
PXD050470,human hippocampus,KLA31_05,GTEX-NPJ7-0011-R1a-SM-3GACT,2.73652188469215,2.58943510477253,GTEx_v8_Hippocampus,KLA31_05,normal_tissue,Human hippocampus tissue,5,"non-tumor
tissues"
PXD050470,human hippocampus,KLA31_05,GTEX-NPJ8-0011-R1a-SM-33HCB,2.98599340764617,2.66911003107322,GTEx_v8_Hippocampus,KLA31_05,normal_tissue,Human hippocampus tissue,5,"non-tumor
tissues"
PXD050470,human hippocampus,KLA31_05,GTEX-OHPN-0011-R1A-SM-2I5GB,2.70071161719526,2.54959764162218,GTEx_v8_Hippocampus,KLA31_05,normal_tissue,Human hippocampus tissue,5,"non-tumor
tissues"
PXD050470,human hippocampus,KLA31_05,GTEX-P44G-0011-R1A-SM-2I3FE,2.6812311925454,2.58943510477253,GTEx_v8_Hippocampus,KLA31_05,normal_tissue,Human hippocampus tissue,5,"non-tumor
tissues"
PXD050470,human hippocampus,KLA31_05,GTEX-P44H-0011-R1A-SM-3NM8J,2.72022494146957,2.58943510477253,GTEx_v8_Hippocampus,KLA31_05,normal_tissue,Human hippocampus tissue,5,"non-tumor
tissues"
PXD050470,human hippocampus,KLA31_05,GTEX-PVOW-0011-R1A-SM-32PL6,2.7244679521182,2.57350011951239,GTEx_v8_Hippocampus,KLA31_05,normal_tissue,Human hippocampus tissue,5,"non-tumor
tissues"
PXD050470,human hippocampus,KLA31_05,GTEX-PWO3-0011-R1A-SM-2I5EW,2.79694388366944,2.64520755318301,GTEx_v8_Hippocampus,KLA31_05,normal_tissue,Human hippocampus tissue,5,"non-tumor
tissues"
PXD050470,human hippocampus,KLA31_05,GTEX-Q2AG-0011-R1A-SM-2HMJI,2.70071161719526,2.55756513425225,GTEx_v8_Hippocampus,KLA31_05,normal_tissue,Human hippocampus tissue,5,"non-tumor
tissues"
PXD050470,human hippocampus,KLA31_05,GTEX-QDT8-0011-R1A-SM-32PKS,2.8844119555254,2.60537009003267,GTEx_v8_Hippocampus,KLA31_05,normal_tissue,Human hippocampus tissue,5,"non-tumor
tissues"
PXD050470,human hippocampus,KLA31_05,GTEX-QMR6-0011-R1A-SM-32PKW,2.89847067706008,2.61333758266274,GTEx_v8_Hippocampus,KLA31_05,normal_tissue,Human hippocampus tissue,5,"non-tumor
tissues"
PXD050470,human hippocampus,KLA31_05,GTEX-QVJO-0011-R1A-SM-2S1QI,2.74112905502861,2.54959764162218,GTEx_v8_Hippocampus,KLA31_05,normal_tissue,Human hippocampus tissue,5,"non-tumor
tissues"
PXD050470,human hippocampus,KLA31_05,GTEX-QVUS-0011-R1A-SM-3GAD2,2.80288613795847,2.58943510477253,GTEx_v8_Hippocampus,KLA31_05,normal_tissue,Human hippocampus tissue,5,"non-tumor
tissues"
PXD050470,human hippocampus,KLA31_05,GTEX-R55E-0011-R1A-SM-2TC6N,2.73383210599421,2.56553262688232,GTEx_v8_Hippocampus,KLA31_05,normal_tissue,Human hippocampus tissue,5,"non-tumor
tissues"
PXD050470,human hippocampus,KLA31_05,GTEX-RNOR-0011-R1A-SM-CNNP5,2.701032830619,2.56553262688232,GTEx_v8_Hippocampus,KLA31_05,normal_tissue,Human hippocampus tissue,5,"non-tumor
tissues"
PXD050470,human hippocampus,KLA31_05,GTEX-S7SE-0011-R1A-SM-2XCDE,2.755046165149,2.56553262688232,GTEx_v8_Hippocampus,KLA31_05,normal_tissue,Human hippocampus tissue,5,"non-tumor
tissues"
PXD050470,human hippocampus,KLA31_05,GTEX-T5JC-0011-R1A-SM-32PM6,2.6607009840718,2.54163014899211,GTEx_v8_Hippocampus,KLA31_05,normal_tissue,Human hippocampus tissue,5,"non-tumor
tissues"
PXD050470,human hippocampus,KLA31_05,GTEX-T6MN-0011-R1A-SM-32QOY,2.81333112919905,2.58943510477253,GTEx_v8_Hippocampus,KLA31_05,normal_tissue,Human hippocampus tissue,5,"non-tumor
tissues"
PXD050470,human hippocampus,KLA31_05,GTEX-TSE9-0011-R1A-SM-3DB7E,2.77003867620772,2.54163014899211,GTEx_v8_Hippocampus,KLA31_05,normal_tissue,Human hippocampus tissue,5,"non-tumor
tissues"
PXD050470,human hippocampus,KLA31_05,GTEX-UTHO-0011-R1A-SM-3GIJO,3.01247996848442,2.68504501633336,GTEx_v8_Hippocampus,KLA31_05,normal_tissue,Human hippocampus tissue,5,"non-tumor
tissues"
PXD050470,human hippocampus,KLA31_05,GTEX-WHSE-0011-R1A-SM-3P5ZK,2.59756889207516,2.55756513425225,GTEx_v8_Hippocampus,KLA31_05,normal_tissue,Human hippocampus tissue,5,"non-tumor
tissues"
PXD050470,human hippocampus,KLA31_05,GTEX-WL46-0011-R1A-SM-3LK6M,2.71107132009898,2.55756513425225,GTEx_v8_Hippocampus,KLA31_05,normal_tissue,Human hippocampus tissue,5,"non-tumor
tissues"
PXD050470,human hippocampus,KLA31_05,GTEX-WVLH-0011-R1A-SM-4MVOK,2.63749446541974,2.55756513425225,GTEx_v8_Hippocampus,KLA31_05,normal_tissue,Human hippocampus tissue,5,"non-tumor
tissues"
PXD050470,human hippocampus,KLA31_05,GTEX-WWYW-0011-R1A-SM-3TW8G,2.78968485440541,2.58943510477253,GTEx_v8_Hippocampus,KLA31_05,normal_tissue,Human hippocampus tissue,5,"non-tumor
tissues"
PXD050470,human hippocampus,KLA31_05,GTEX-WZTO-0011-R1B-SM-3NMAR,2.78166632880643,2.62927256792288,GTEx_v8_Hippocampus,KLA31_05,normal_tissue,Human hippocampus tissue,5,"non-tumor
tissues"
PXD050470,human hippocampus,KLA31_05,GTEX-X4EP-0011-R1A-SM-3P624,3.06983280087364,2.66911003107322,GTEx_v8_Hippocampus,KLA31_05,normal_tissue,Human hippocampus tissue,5,"non-tumor
tissues"
PXD050470,human hippocampus,KLA31_05,GTEX-X4XX-0011-R1B-SM-3P622,2.78233478284802,2.61333758266274,GTEx_v8_Hippocampus,KLA31_05,normal_tissue,Human hippocampus tissue,5,"non-tumor
tissues"
PXD050470,human hippocampus,KLA31_05,GTEX-X585-0011-R1B-SM-46MVE,2.76597903762923,2.55756513425225,GTEx_v8_Hippocampus,KLA31_05,normal_tissue,Human hippocampus tissue,5,"non-tumor
tissues"
PXD050470,human hippocampus,KLA31_05,GTEX-XMD1-0011-R1A-SM-4AT4C,2.88377530446998,2.65317504581308,GTEx_v8_Hippocampus,KLA31_05,normal_tissue,Human hippocampus tissue,5,"non-tumor
tissues"
PXD050470,human hippocampus,KLA31_05,GTEX-Y8DK-0011-R1A-SM-4RGLO,2.79368988619345,2.57350011951239,GTEx_v8_Hippocampus,KLA31_05,normal_tissue,Human hippocampus tissue,5,"non-tumor
tissues"
PXD050470,human hippocampus,KLA31_05,GTEX-YFC4-0011-R1a-SM-4V6EH,2.65355673552454,2.54959764162218,GTEx_v8_Hippocampus,KLA31_05,normal_tissue,Human hippocampus tissue,5,"non-tumor
tissues"
PXD050470,human hippocampus,KLA31_05,GTEX-YJ89-0011-R1a-SM-4RGLS,2.72173207422311,2.54959764162218,GTEx_v8_Hippocampus,KLA31_05,normal_tissue,Human hippocampus tissue,5,"non-tumor
tissues"
PXD050470,human hippocampus,KLA31_05,GTEX-ZAB4-0011-R1a-SM-4RGNO,2.82389252540589,2.60537009003267,GTEx_v8_Hippocampus,KLA31_05,normal_tissue,Human hippocampus tissue,5,"non-tumor
tissues"
PXD050470,human hippocampus,KLA31_05,GTEX-ZDXO-0011-R1a-SM-4WKF4,2.68328012631807,2.58146761214246,GTEx_v8_Hippocampus,KLA31_05,normal_tissue,Human hippocampus tissue,5,"non-tumor
tissues"
PXD050470,human hippocampus,KLA31_05,GTEX-ZE7O-0011-R1a-SM-57WDM,2.76328841543498,2.58943510477253,GTEx_v8_Hippocampus,KLA31_05,normal_tissue,Human hippocampus tissue,5,"non-tumor
tissues"
PXD050470,human hippocampus,KLA31_05,GTEX-ZF28-0011-R1a-SM-4WWD1,2.72349542049213,2.55756513425225,GTEx_v8_Hippocampus,KLA31_05,normal_tissue,Human hippocampus tissue,5,"non-tumor
tissues"
PXD050470,human hippocampus,KLA31_05,GTEX-ZUA1-0011-R1a-SM-4YCE2,2.75734059445368,2.55756513425225,GTEx_v8_Hippocampus,KLA31_05,normal_tissue,Human hippocampus tissue,5,"non-tumor
tissues"
PXD050470,human hippocampus,KLA31_05,GTEX-ZVZQ-0011-R1a-SM-57WBU,2.77597808572085,2.57350011951239,GTEx_v8_Hippocampus,KLA31_05,normal_tissue,Human hippocampus tissue,5,"non-tumor
tissues"
PXD054919,A549,KLA31_19,Control_1,4.87276431986432,3.07756813417191,GSE171750_A549_untreated,KLA31_19,cancer_cells,A549 cells,20,"cancer
cell lines"
PXD054919,A549,KLA31_19,Control_2,4.93835513717893,3.07756813417191,GSE171750_A549_untreated,KLA31_19,cancer_cells,A549 cells,20,"cancer
cell lines"
PXD054919,A549,KLA31_19,Control_3,4.91287007702382,3.07756813417191,GSE171750_A549_untreated,KLA31_19,cancer_cells,A549 cells,20,"cancer
cell lines"
PXD058534,pretreated HK-2,KLA31_27,GSM7708662,5.11974145489116,2.95447206974491,HK2_untreated,KLA31_27;KLA31_28,normal_cells,Untreated HK-2 cells,30,"normal
cell lines"
PXD058534,pretreated HK-2,KLA31_27,GSM7708663,5.11816391366562,2.95447206974491,HK2_untreated,KLA31_27;KLA31_28,normal_cells,Untreated HK-2 cells,30,"normal
cell lines"
PXD058534,pretreated HK-2,KLA31_27,GSM7708664,5.13986228001592,2.95447206974491,HK2_untreated,KLA31_27;KLA31_28,normal_cells,Untreated HK-2 cells,30,"normal
cell lines"
PXD060185,MCF10A,KLA31_29,GSM2773021,2.79461176414201,3.40698919497712,GSE103520_MCF10A_control,KLA31_29,normal_cells,MCF10A cells (baseline),32,"normal
cell lines"
PXD060185,MCF10A,KLA31_29,GSM2773022,2.77759336513709,3.34858366592037,GSE103520_MCF10A_control,KLA31_29,normal_cells,MCF10A cells (baseline),32,"normal
cell lines"
PXD060185,MCF10A,KLA31_29,GSM2773023,2.70757391900718,3.33884941107758,GSE103520_MCF10A_control,KLA31_29,normal_cells,MCF10A cells (baseline),32,"normal
cell lines"
PXD060185,MCF7,KLA31_13,GSM4763907,4.61630589363389,3.06795131845842,MCF7_DMSO7d,KLA31_13,cancer_cells,MCF7 cells,14,"cancer
cell lines"
PXD060185,MCF7,KLA31_13,GSM4763908,4.65999390201853,3.06795131845842,MCF7_DMSO7d,KLA31_13,cancer_cells,MCF7 cells,14,"cancer
cell lines"
PXD060185,MCF7,KLA31_13,GSM4763909,4.67296925907208,3.06795131845842,MCF7_DMSO7d,KLA31_13,cancer_cells,MCF7 cells,14,"cancer
cell lines"
PXD060185,MDA-MB-468,KLA31_20,GSM4763917,4.67784838553756,3.10828025477707,MDAMB468_DMSO7d,KLA31_20,cancer_cells,MDA-MB-468 cells,21,"cancer
cell lines"
PXD060185,MDA-MB-468,KLA31_20,GSM4763918,4.69411941008675,3.0828025477707,MDAMB468_DMSO7d,KLA31_20,cancer_cells,MDA-MB-468 cells,21,"cancer
cell lines"
PXD060185,MDA-MB-468,KLA31_20,GSM4763919,4.74975225524584,3.10828025477707,MDAMB468_DMSO7d,KLA31_20,cancer_cells,MDA-MB-468 cells,21,"cancer
cell lines"
PXD060185,T-47D,KLA31_21,rep1_0h_S60_R1_001_cut_rRNArem_sorted.bam,5.55599234578702,3.08605341246291,GSE283812_T47D_vehicle,KLA31_21,cancer_cells,T-47D cells,22,"cancer
cell lines"
PXD060185,T-47D,KLA31_21,rep2_0h_S63_R1_001_cut_rRNArem_sorted.bam,5.52268991438599,3.09453158117847,GSE283812_T47D_vehicle,KLA31_21,cancer_cells,T-47D cells,22,"cancer
cell lines"
PXD060185,T-47D,KLA31_21,rep3_0h_S66_R1_001_cut_rRNArem_sorted.bam,5.58097399883776,3.07731434384537,GSE283812_T47D_vehicle,KLA31_21,cancer_cells,T-47D cells,22,"cancer
cell lines"
PXD060185,T-47D,KLA31_21,rep4_0h_S69_R1_001_cut_rRNArem_sorted.bam,5.56423120345522,3.08605341246291,GSE283812_T47D_vehicle,KLA31_21,cancer_cells,T-47D cells,22,"cancer
cell lines"
PXD063047,normal pregnancy placenta,KLA31_06,PE12.03,3.57820418573928,2.80221063283257,GSE114691_control_placenta,KLA31_06,normal_tissue,Healthy human placenta,6,"non-tumor
tissues"
PXD063047,normal pregnancy placenta,KLA31_06,PE12.08,3.50206996808571,2.79442671440803,GSE114691_control_placenta,KLA31_06,normal_tissue,Healthy human placenta,6,"non-tumor
tissues"
PXD063047,normal pregnancy placenta,KLA31_06,PE13.16,3.47654169538633,2.77885887755896,GSE114691_control_placenta,KLA31_06,normal_tissue,Healthy human placenta,6,"non-tumor
tissues"
PXD063047,normal pregnancy placenta,KLA31_06,PE13.20,3.50453925368829,2.7866427959835,GSE114691_control_placenta,KLA31_06,normal_tissue,Healthy human placenta,6,"non-tumor
tissues"
PXD063047,normal pregnancy placenta,KLA31_06,PE13.27,3.51626994117698,2.76329104070989,GSE114691_control_placenta,KLA31_06,normal_tissue,Healthy human placenta,6,"non-tumor
tissues"
PXD063047,normal pregnancy placenta,KLA31_06,PE13.31,3.4714175589872,2.79442671440803,GSE114691_control_placenta,KLA31_06,normal_tissue,Healthy human placenta,6,"non-tumor
tissues"
PXD063047,normal pregnancy placenta,KLA31_06,PE14.19,3.51102837037214,2.80221063283257,GSE114691_control_placenta,KLA31_06,normal_tissue,Healthy human placenta,6,"non-tumor
tissues"
PXD063047,normal pregnancy placenta,KLA31_06,PE14.22,3.49616899458069,2.77107495913443,GSE114691_control_placenta,KLA31_06,normal_tissue,Healthy human placenta,6,"non-tumor
tissues"
PXD063047,normal pregnancy placenta,KLA31_06,PE14.33,3.527653754358,2.80221063283257,GSE114691_control_placenta,KLA31_06,normal_tissue,Healthy human placenta,6,"non-tumor
tissues"
PXD063047,normal pregnancy placenta,KLA31_06,PE15.26,3.48265379849575,2.74772320386082,GSE114691_control_placenta,KLA31_06,normal_tissue,Healthy human placenta,6,"non-tumor
tissues"
PXD063047,normal pregnancy placenta,KLA31_06,X267.05,3.51999016902384,2.7866427959835,GSE114691_control_placenta,KLA31_06,normal_tissue,Healthy human placenta,6,"non-tumor
tissues"
PXD063047,normal pregnancy placenta,KLA31_06,X279.06,3.44316391228747,2.73993928543629,GSE114691_control_placenta,KLA31_06,normal_tissue,Healthy human placenta,6,"non-tumor
tissues"
PXD063047,normal pregnancy placenta,KLA31_06,X293.06,3.49416799271705,2.7866427959835,GSE114691_control_placenta,KLA31_06,normal_tissue,Healthy human placenta,6,"non-tumor
tissues"
PXD063047,normal pregnancy placenta,KLA31_06,X328.08,3.51064880831001,2.8099945512571,GSE114691_control_placenta,KLA31_06,normal_tissue,Healthy human placenta,6,"non-tumor
tissues"
PXD063047,normal pregnancy placenta,KLA31_06,X338.08,3.5241679273233,2.79442671440803,GSE114691_control_placenta,KLA31_06,normal_tissue,Healthy human placenta,6,"non-tumor
tissues"
PXD063047,normal pregnancy placenta,KLA31_06,X383.10,3.47386502714954,2.75550712228536,GSE114691_control_placenta,KLA31_06,normal_tissue,Healthy human placenta,6,"non-tumor
tissues"
PXD063047,normal pregnancy placenta,KLA31_06,X399.10,3.61232002621643,2.79442671440803,GSE114691_control_placenta,KLA31_06,normal_tissue,Healthy human placenta,6,"non-tumor
tissues"
PXD063047,normal pregnancy placenta,KLA31_06,X400.10,3.48584894870327,2.79442671440803,GSE114691_control_placenta,KLA31_06,normal_tissue,Healthy human placenta,6,"non-tumor
tissues"
PXD063047,normal pregnancy placenta,KLA31_06,X401.10,3.48297750186519,2.8099945512571,GSE114691_control_placenta,KLA31_06,normal_tissue,Healthy human placenta,6,"non-tumor
tissues"
PXD063047,normal pregnancy placenta,KLA31_06,X403.10,3.49767121015473,2.7866427959835,GSE114691_control_placenta,KLA31_06,normal_tissue,Healthy human placenta,6,"non-tumor
tissues"
PXD063047,normal pregnancy placenta,KLA31_06,X550,3.4801788869696,2.7866427959835,GSE114691_control_placenta,KLA31_06,normal_tissue,Healthy human placenta,6,"non-tumor
tissues"
PXD063266,PC-3M,KLA31_22,GSM7506018,4.70675287359439,3.07848443843031,PC3M_DMSO,KLA31_22,cancer_cells,Heavy SILAC-labeled PC-3M cells,23,"cancer
cell lines"
PXD063266,PC-3M,KLA31_22,GSM7506019,4.73303899676163,3.07848443843031,PC3M_DMSO,KLA31_22,cancer_cells,Heavy SILAC-labeled PC-3M cells,23,"cancer
cell lines"
PXD063266,PC-3M,KLA31_22,GSM7506020,4.7032408424245,3.08694181326116,PC3M_DMSO,KLA31_22,cancer_cells,Heavy SILAC-labeled PC-3M cells,23,"cancer
cell lines"
PXD064038,MEC and NEC ESCC groups,KLA31_10,TCGA-IC-A6RF-01A,4.18621095559503,2.79109324261636,TCGA_ESCA_ESCC,KLA31_10,cancer_tissue,Independent ESCC tumor whole proteome,10,"tumor
tissues"
PXD064038,MEC and NEC ESCC groups,KLA31_10,TCGA-IG-A3I8-01A,4.52934598750997,2.79882480284521,TCGA_ESCA_ESCC,KLA31_10,cancer_tissue,Independent ESCC tumor whole proteome,10,"tumor
tissues"
PXD064038,MEC and NEC ESCC groups,KLA31_10,TCGA-IG-A3QL-01A,4.41744921631538,2.80655636307407,TCGA_ESCA_ESCC,KLA31_10,cancer_tissue,Independent ESCC tumor whole proteome,10,"tumor
tissues"
PXD064038,MEC and NEC ESCC groups,KLA31_10,TCGA-IG-A3Y9-01A,4.24492943162234,2.79109324261636,TCGA_ESCA_ESCC,KLA31_10,cancer_tissue,Independent ESCC tumor whole proteome,10,"tumor
tissues"
PXD064038,MEC and NEC ESCC groups,KLA31_10,TCGA-IG-A3YA-01A,4.36451228502408,2.79882480284521,TCGA_ESCA_ESCC,KLA31_10,cancer_tissue,Independent ESCC tumor whole proteome,10,"tumor
tissues"
PXD064038,MEC and NEC ESCC groups,KLA31_10,TCGA-IG-A3YB-01A,4.22671222090777,2.75243544147209,TCGA_ESCA_ESCC,KLA31_10,cancer_tissue,Independent ESCC tumor whole proteome,10,"tumor
tissues"
PXD064038,MEC and NEC ESCC groups,KLA31_10,TCGA-IG-A3YC-01A,4.24084187546727,2.78336168238751,TCGA_ESCA_ESCC,KLA31_10,cancer_tissue,Independent ESCC tumor whole proteome,10,"tumor
tissues"
PXD064038,MEC and NEC ESCC groups,KLA31_10,TCGA-IG-A4P3-01A,4.34182426999812,2.7678985619298,TCGA_ESCA_ESCC,KLA31_10,cancer_tissue,Independent ESCC tumor whole proteome,10,"tumor
tissues"
PXD064038,MEC and NEC ESCC groups,KLA31_10,TCGA-IG-A4QT-01A,4.31680317347119,2.78336168238751,TCGA_ESCA_ESCC,KLA31_10,cancer_tissue,Independent ESCC tumor whole proteome,10,"tumor
tissues"
PXD064038,MEC and NEC ESCC groups,KLA31_10,TCGA-IG-A50L-01A,4.45369352758488,2.79882480284521,TCGA_ESCA_ESCC,KLA31_10,cancer_tissue,Independent ESCC tumor whole proteome,10,"tumor
tissues"
PXD064038,MEC and NEC ESCC groups,KLA31_10,TCGA-IG-A51D-01A,4.54477162334795,2.80655636307407,TCGA_ESCA_ESCC,KLA31_10,cancer_tissue,Independent ESCC tumor whole proteome,10,"tumor
tissues"
PXD064038,MEC and NEC ESCC groups,KLA31_10,TCGA-IG-A5B8-01A,4.30339684688177,2.80655636307407,TCGA_ESCA_ESCC,KLA31_10,cancer_tissue,Independent ESCC tumor whole proteome,10,"tumor
tissues"
PXD064038,MEC and NEC ESCC groups,KLA31_10,TCGA-IG-A5S3-01A,4.52412645270983,2.77563012215865,TCGA_ESCA_ESCC,KLA31_10,cancer_tissue,Independent ESCC tumor whole proteome,10,"tumor
tissues"
PXD064038,MEC and NEC ESCC groups,KLA31_10,TCGA-IG-A625-01A,4.22480805191673,2.78357689631176,TCGA_ESCA_ESCC,KLA31_10,cancer_tissue,Independent ESCC tumor whole proteome,10,"tumor
tissues"
PXD064038,MEC and NEC ESCC groups,KLA31_10,TCGA-IG-A6QS-01A,4.44121707876987,2.79882480284521,TCGA_ESCA_ESCC,KLA31_10,cancer_tissue,Independent ESCC tumor whole proteome,10,"tumor
tissues"
PXD064038,MEC and NEC ESCC groups,KLA31_10,TCGA-IG-A8O2-01A,4.35111904885026,2.78336168238751,TCGA_ESCA_ESCC,KLA31_10,cancer_tissue,Independent ESCC tumor whole proteome,10,"tumor
tissues"
PXD064038,MEC and NEC ESCC groups,KLA31_10,TCGA-IG-A97H-01A,4.51604576814722,2.78357689631176,TCGA_ESCA_ESCC,KLA31_10,cancer_tissue,Independent ESCC tumor whole proteome,10,"tumor
tissues"
PXD064038,MEC and NEC ESCC groups,KLA31_10,TCGA-IG-A97I-01A,4.33050300874455,2.80655636307407,TCGA_ESCA_ESCC,KLA31_10,cancer_tissue,Independent ESCC tumor whole proteome,10,"tumor
tissues"
PXD064038,MEC and NEC ESCC groups,KLA31_10,TCGA-JY-A6FA-01A,4.29467791362575,2.80655636307407,TCGA_ESCA_ESCC,KLA31_10,cancer_tissue,Independent ESCC tumor whole proteome,10,"tumor
tissues"
PXD064038,MEC and NEC ESCC groups,KLA31_10,TCGA-JY-A6FD-01A,4.46011026839862,2.80655636307407,TCGA_ESCA_ESCC,KLA31_10,cancer_tissue,Independent ESCC tumor whole proteome,10,"tumor
tissues"
PXD064038,MEC and NEC ESCC groups,KLA31_10,TCGA-JY-A6FE-01A,4.42614207099815,2.82201948353178,TCGA_ESCA_ESCC,KLA31_10,cancer_tissue,Independent ESCC tumor whole proteome,10,"tumor
tissues"
PXD064038,MEC and NEC ESCC groups,KLA31_10,TCGA-JY-A6FG-01A,3.91816089175699,2.78336168238751,TCGA_ESCA_ESCC,KLA31_10,cancer_tissue,Independent ESCC tumor whole proteome,10,"tumor
tissues"
PXD064038,MEC and NEC ESCC groups,KLA31_10,TCGA-JY-A93F-01A,4.24571786669867,2.81428792330292,TCGA_ESCA_ESCC,KLA31_10,cancer_tissue,Independent ESCC tumor whole proteome,10,"tumor
tissues"
PXD064038,MEC and NEC ESCC groups,KLA31_10,TCGA-KH-A6WC-01A,4.09081551545945,2.80655636307407,TCGA_ESCA_ESCC,KLA31_10,cancer_tissue,Independent ESCC tumor whole proteome,10,"tumor
tissues"
PXD064038,MEC and NEC ESCC groups,KLA31_10,TCGA-L5-A43H-01A,4.37555058668234,2.79109324261636,TCGA_ESCA_ESCC,KLA31_10,cancer_tissue,Independent ESCC tumor whole proteome,10,"tumor
tissues"
PXD064038,MEC and NEC ESCC groups,KLA31_10,TCGA-L5-A43J-01A,4.46275439177585,2.80655636307407,TCGA_ESCA_ESCC,KLA31_10,cancer_tissue,Independent ESCC tumor whole proteome,10,"tumor
tissues"
PXD064038,MEC and NEC ESCC groups,KLA31_10,TCGA-L5-A4OM-01A,4.56563347637045,2.79882480284521,TCGA_ESCA_ESCC,KLA31_10,cancer_tissue,Independent ESCC tumor whole proteome,10,"tumor
tissues"
PXD064038,MEC and NEC ESCC groups,KLA31_10,TCGA-L5-A88S-01A,4.00617088248795,2.77563012215865,TCGA_ESCA_ESCC,KLA31_10,cancer_tissue,Independent ESCC tumor whole proteome,10,"tumor
tissues"
PXD064038,MEC and NEC ESCC groups,KLA31_10,TCGA-L5-A88W-01A,4.25292355318325,2.81428792330292,TCGA_ESCA_ESCC,KLA31_10,cancer_tissue,Independent ESCC tumor whole proteome,10,"tumor
tissues"
PXD064038,MEC and NEC ESCC groups,KLA31_10,TCGA-L5-A88Z-01A,4.11750106678402,2.78336168238751,TCGA_ESCA_ESCC,KLA31_10,cancer_tissue,Independent ESCC tumor whole proteome,10,"tumor
tissues"
PXD064038,MEC and NEC ESCC groups,KLA31_10,TCGA-L5-A8NK-01A,4.25335061214028,2.80655636307407,TCGA_ESCA_ESCC,KLA31_10,cancer_tissue,Independent ESCC tumor whole proteome,10,"tumor
tissues"
PXD064038,MEC and NEC ESCC groups,KLA31_10,TCGA-L5-A8NQ-01A,4.04415218617572,2.75243544147209,TCGA_ESCA_ESCC,KLA31_10,cancer_tissue,Independent ESCC tumor whole proteome,10,"tumor
tissues"
PXD064038,MEC and NEC ESCC groups,KLA31_10,TCGA-L7-A56G-01A,4.34516404888844,2.80655636307407,TCGA_ESCA_ESCC,KLA31_10,cancer_tissue,Independent ESCC tumor whole proteome,10,"tumor
tissues"
PXD064038,MEC and NEC ESCC groups,KLA31_10,TCGA-LN-A49K-01A,4.51861562938115,2.78336168238751,TCGA_ESCA_ESCC,KLA31_10,cancer_tissue,Independent ESCC tumor whole proteome,10,"tumor
tissues"
PXD064038,MEC and NEC ESCC groups,KLA31_10,TCGA-LN-A49L-01A,4.63516505998926,2.79109324261636,TCGA_ESCA_ESCC,KLA31_10,cancer_tissue,Independent ESCC tumor whole proteome,10,"tumor
tissues"
PXD064038,MEC and NEC ESCC groups,KLA31_10,TCGA-LN-A49M-01A,4.38087491731043,2.80655636307407,TCGA_ESCA_ESCC,KLA31_10,cancer_tissue,Independent ESCC tumor whole proteome,10,"tumor
tissues"
PXD064038,MEC and NEC ESCC groups,KLA31_10,TCGA-LN-A49N-01A,4.22480805191673,2.7678985619298,TCGA_ESCA_ESCC,KLA31_10,cancer_tissue,Independent ESCC tumor whole proteome,10,"tumor
tissues"
PXD064038,MEC and NEC ESCC groups,KLA31_10,TCGA-LN-A49O-01A,4.64391934565424,2.80655636307407,TCGA_ESCA_ESCC,KLA31_10,cancer_tissue,Independent ESCC tumor whole proteome,10,"tumor
tissues"
PXD064038,MEC and NEC ESCC groups,KLA31_10,TCGA-LN-A49P-01A,4.21976203638296,2.78336168238751,TCGA_ESCA_ESCC,KLA31_10,cancer_tissue,Independent ESCC tumor whole proteome,10,"tumor
tissues"
PXD064038,MEC and NEC ESCC groups,KLA31_10,TCGA-LN-A49R-01A,4.24913728150134,2.78336168238751,TCGA_ESCA_ESCC,KLA31_10,cancer_tissue,Independent ESCC tumor whole proteome,10,"tumor
tissues"
PXD064038,MEC and NEC ESCC groups,KLA31_10,TCGA-LN-A49S-01A,4.2591017888919,2.79882480284521,TCGA_ESCA_ESCC,KLA31_10,cancer_tissue,Independent ESCC tumor whole proteome,10,"tumor
tissues"
PXD064038,MEC and NEC ESCC groups,KLA31_10,TCGA-LN-A49U-01A,4.4325357006635,2.79882480284521,TCGA_ESCA_ESCC,KLA31_10,cancer_tissue,Independent ESCC tumor whole proteome,10,"tumor
tissues"
PXD064038,MEC and NEC ESCC groups,KLA31_10,TCGA-LN-A49V-01A,4.83635259727724,2.84521416421834,TCGA_ESCA_ESCC,KLA31_10,cancer_tissue,Independent ESCC tumor whole proteome,10,"tumor
tissues"
PXD064038,MEC and NEC ESCC groups,KLA31_10,TCGA-LN-A49W-01A,4.34632169605973,2.77563012215865,TCGA_ESCA_ESCC,KLA31_10,cancer_tissue,Independent ESCC tumor whole proteome,10,"tumor
tissues"
PXD064038,MEC and NEC ESCC groups,KLA31_10,TCGA-LN-A49X-01A,4.46049369642793,2.79882480284521,TCGA_ESCA_ESCC,KLA31_10,cancer_tissue,Independent ESCC tumor whole proteome,10,"tumor
tissues"
PXD064038,MEC and NEC ESCC groups,KLA31_10,TCGA-LN-A49Y-01A,4.49698049103422,2.79882480284521,TCGA_ESCA_ESCC,KLA31_10,cancer_tissue,Independent ESCC tumor whole proteome,10,"tumor
tissues"
PXD064038,MEC and NEC ESCC groups,KLA31_10,TCGA-LN-A4A1-01A,4.2553191346397,2.80655636307407,TCGA_ESCA_ESCC,KLA31_10,cancer_tissue,Independent ESCC tumor whole proteome,10,"tumor
tissues"
PXD064038,MEC and NEC ESCC groups,KLA31_10,TCGA-LN-A4A2-01A,4.52456631017173,2.82201948353178,TCGA_ESCA_ESCC,KLA31_10,cancer_tissue,Independent ESCC tumor whole proteome,10,"tumor
tissues"
PXD064038,MEC and NEC ESCC groups,KLA31_10,TCGA-LN-A4A3-01A,4.36922273250604,2.80655636307407,TCGA_ESCA_ESCC,KLA31_10,cancer_tissue,Independent ESCC tumor whole proteome,10,"tumor
tissues"
PXD064038,MEC and NEC ESCC groups,KLA31_10,TCGA-LN-A4A4-01A,4.27185385084276,2.79882480284521,TCGA_ESCA_ESCC,KLA31_10,cancer_tissue,Independent ESCC tumor whole proteome,10,"tumor
tissues"
PXD064038,MEC and NEC ESCC groups,KLA31_10,TCGA-LN-A4A5-01A,4.38395096097043,2.78336168238751,TCGA_ESCA_ESCC,KLA31_10,cancer_tissue,Independent ESCC tumor whole proteome,10,"tumor
tissues"
PXD064038,MEC and NEC ESCC groups,KLA31_10,TCGA-LN-A4A6-01A,4.61228164793876,2.81428792330292,TCGA_ESCA_ESCC,KLA31_10,cancer_tissue,Independent ESCC tumor whole proteome,10,"tumor
tissues"
PXD064038,MEC and NEC ESCC groups,KLA31_10,TCGA-LN-A4A8-01A,4.55236952754544,2.79882480284521,TCGA_ESCA_ESCC,KLA31_10,cancer_tissue,Independent ESCC tumor whole proteome,10,"tumor
tissues"
PXD064038,MEC and NEC ESCC groups,KLA31_10,TCGA-LN-A4A9-01A,4.11783584319693,2.77563012215865,TCGA_ESCA_ESCC,KLA31_10,cancer_tissue,Independent ESCC tumor whole proteome,10,"tumor
tissues"
PXD064038,MEC and NEC ESCC groups,KLA31_10,TCGA-LN-A4MQ-01A,4.54023775604009,2.81428792330292,TCGA_ESCA_ESCC,KLA31_10,cancer_tissue,Independent ESCC tumor whole proteome,10,"tumor
tissues"
PXD064038,MEC and NEC ESCC groups,KLA31_10,TCGA-LN-A4MR-01A,4.24084187546727,2.77563012215865,TCGA_ESCA_ESCC,KLA31_10,cancer_tissue,Independent ESCC tumor whole proteome,10,"tumor
tissues"
PXD064038,MEC and NEC ESCC groups,KLA31_10,TCGA-LN-A5U5-01A,4.44080873045775,2.80655636307407,TCGA_ESCA_ESCC,KLA31_10,cancer_tissue,Independent ESCC tumor whole proteome,10,"tumor
tissues"
PXD064038,MEC and NEC ESCC groups,KLA31_10,TCGA-LN-A5U6-01A,4.40578207046045,2.80655636307407,TCGA_ESCA_ESCC,KLA31_10,cancer_tissue,Independent ESCC tumor whole proteome,10,"tumor
tissues"
PXD064038,MEC and NEC ESCC groups,KLA31_10,TCGA-LN-A5U7-01A,4.5925316541816,2.82201948353178,TCGA_ESCA_ESCC,KLA31_10,cancer_tissue,Independent ESCC tumor whole proteome,10,"tumor
tissues"
PXD064038,MEC and NEC ESCC groups,KLA31_10,TCGA-LN-A7HV-01A,4.51604576814722,2.77563012215865,TCGA_ESCA_ESCC,KLA31_10,cancer_tissue,Independent ESCC tumor whole proteome,10,"tumor
tissues"
PXD064038,MEC and NEC ESCC groups,KLA31_10,TCGA-LN-A7HW-01A,4.22227744866464,2.79882480284521,TCGA_ESCA_ESCC,KLA31_10,cancer_tissue,Independent ESCC tumor whole proteome,10,"tumor
tissues"
PXD064038,MEC and NEC ESCC groups,KLA31_10,TCGA-LN-A7HX-01A,4.37406244442791,2.81428792330292,TCGA_ESCA_ESCC,KLA31_10,cancer_tissue,Independent ESCC tumor whole proteome,10,"tumor
tissues"
PXD064038,MEC and NEC ESCC groups,KLA31_10,TCGA-LN-A7HY-01A,4.12666326507417,2.76016700170094,TCGA_ESCA_ESCC,KLA31_10,cancer_tissue,Independent ESCC tumor whole proteome,10,"tumor
tissues"
PXD064038,MEC and NEC ESCC groups,KLA31_10,TCGA-LN-A7HZ-01A,4.39192266134093,2.79882480284521,TCGA_ESCA_ESCC,KLA31_10,cancer_tissue,Independent ESCC tumor whole proteome,10,"tumor
tissues"
PXD064038,MEC and NEC ESCC groups,KLA31_10,TCGA-LN-A8HZ-01A,4.40739699633647,2.81428792330292,TCGA_ESCA_ESCC,KLA31_10,cancer_tissue,Independent ESCC tumor whole proteome,10,"tumor
tissues"
PXD064038,MEC and NEC ESCC groups,KLA31_10,TCGA-LN-A8I0-01A,4.09803857263993,2.7678985619298,TCGA_ESCA_ESCC,KLA31_10,cancer_tissue,Independent ESCC tumor whole proteome,10,"tumor
tissues"
PXD064038,MEC and NEC ESCC groups,KLA31_10,TCGA-LN-A8I1-01A,4.22522342283752,2.7678985619298,TCGA_ESCA_ESCC,KLA31_10,cancer_tissue,Independent ESCC tumor whole proteome,10,"tumor
tissues"
PXD064038,MEC and NEC ESCC groups,KLA31_10,TCGA-LN-A9FO-01A,4.5618494067845,2.75243544147209,TCGA_ESCA_ESCC,KLA31_10,cancer_tissue,Independent ESCC tumor whole proteome,10,"tumor
tissues"
PXD064038,MEC and NEC ESCC groups,KLA31_10,TCGA-LN-A9FP-01A,4.03572573756865,2.77563012215865,TCGA_ESCA_ESCC,KLA31_10,cancer_tissue,Independent ESCC tumor whole proteome,10,"tumor
tissues"
PXD064038,MEC and NEC ESCC groups,KLA31_10,TCGA-LN-A9FQ-01A,4.34069816836488,2.79109324261636,TCGA_ESCA_ESCC,KLA31_10,cancer_tissue,Independent ESCC tumor whole proteome,10,"tumor
tissues"
PXD064038,MEC and NEC ESCC groups,KLA31_10,TCGA-LN-A9FR-01A,4.30220655834908,2.79882480284521,TCGA_ESCA_ESCC,KLA31_10,cancer_tissue,Independent ESCC tumor whole proteome,10,"tumor
tissues"
PXD064038,MEC and NEC ESCC groups,KLA31_10,TCGA-Q9-A6FU-01A,4.40385578518325,2.81428792330292,TCGA_ESCA_ESCC,KLA31_10,cancer_tissue,Independent ESCC tumor whole proteome,10,"tumor
tissues"
PXD064038,MEC and NEC ESCC groups,KLA31_10,TCGA-S8-A6BW-01A,4.22866388324114,2.79109324261636,TCGA_ESCA_ESCC,KLA31_10,cancer_tissue,Independent ESCC tumor whole proteome,10,"tumor
tissues"
PXD064038,MEC and NEC ESCC groups,KLA31_10,TCGA-V5-A7RC-01B,4.47952865385964,2.82201948353178,TCGA_ESCA_ESCC,KLA31_10,cancer_tissue,Independent ESCC tumor whole proteome,10,"tumor
tissues"
PXD064038,MEC and NEC ESCC groups,KLA31_10,TCGA-V5-AASV-01A,4.38843041009314,2.81428792330292,TCGA_ESCA_ESCC,KLA31_10,cancer_tissue,Independent ESCC tumor whole proteome,10,"tumor
tissues"
PXD064038,MEC and NEC ESCC groups,KLA31_10,TCGA-VR-A8EO-01A,4.62831077327791,2.81428792330292,TCGA_ESCA_ESCC,KLA31_10,cancer_tissue,Independent ESCC tumor whole proteome,10,"tumor
tissues"
PXD064038,MEC and NEC ESCC groups,KLA31_10,TCGA-VR-A8EP-01A,4.39120874655544,2.79109324261636,TCGA_ESCA_ESCC,KLA31_10,cancer_tissue,Independent ESCC tumor whole proteome,10,"tumor
tissues"
PXD064038,MEC and NEC ESCC groups,KLA31_10,TCGA-VR-A8ER-01A,4.40421357812481,2.79882480284521,TCGA_ESCA_ESCC,KLA31_10,cancer_tissue,Independent ESCC tumor whole proteome,10,"tumor
tissues"
PXD064038,MEC and NEC ESCC groups,KLA31_10,TCGA-VR-A8ET-01A,4.19240649945271,2.80655636307407,TCGA_ESCA_ESCC,KLA31_10,cancer_tissue,Independent ESCC tumor whole proteome,10,"tumor
tissues"
PXD064038,MEC and NEC ESCC groups,KLA31_10,TCGA-VR-A8EU-01A,4.43589717332516,2.80655636307407,TCGA_ESCA_ESCC,KLA31_10,cancer_tissue,Independent ESCC tumor whole proteome,10,"tumor
tissues"
PXD064038,MEC and NEC ESCC groups,KLA31_10,TCGA-VR-A8EW-01A,4.39789255519194,2.82201948353178,TCGA_ESCA_ESCC,KLA31_10,cancer_tissue,Independent ESCC tumor whole proteome,10,"tumor
tissues"
PXD064038,MEC and NEC ESCC groups,KLA31_10,TCGA-VR-A8EX-01A,4.2726243339983,2.79109324261636,TCGA_ESCA_ESCC,KLA31_10,cancer_tissue,Independent ESCC tumor whole proteome,10,"tumor
tissues"
PXD064038,MEC and NEC ESCC groups,KLA31_10,TCGA-VR-A8EY-01A,4.36636352622029,2.82201948353178,TCGA_ESCA_ESCC,KLA31_10,cancer_tissue,Independent ESCC tumor whole proteome,10,"tumor
tissues"
PXD064038,MEC and NEC ESCC groups,KLA31_10,TCGA-VR-A8EZ-01A,4.43705810162745,2.78336168238751,TCGA_ESCA_ESCC,KLA31_10,cancer_tissue,Independent ESCC tumor whole proteome,10,"tumor
tissues"
PXD064038,MEC and NEC ESCC groups,KLA31_10,TCGA-VR-A8Q7-01A,4.5978393704356,2.79109324261636,TCGA_ESCA_ESCC,KLA31_10,cancer_tissue,Independent ESCC tumor whole proteome,10,"tumor
tissues"
PXD064038,MEC and NEC ESCC groups,KLA31_10,TCGA-VR-AA4G-01A,4.47035500204797,2.79882480284521,TCGA_ESCA_ESCC,KLA31_10,cancer_tissue,Independent ESCC tumor whole proteome,10,"tumor
tissues"
PXD064038,MEC and NEC ESCC groups,KLA31_10,TCGA-VR-AA7B-01A,4.37406244442791,2.81428792330292,TCGA_ESCA_ESCC,KLA31_10,cancer_tissue,Independent ESCC tumor whole proteome,10,"tumor
tissues"
PXD064038,MEC and NEC ESCC groups,KLA31_10,TCGA-VR-AA7D-01A,4.67181304320093,2.82201948353178,TCGA_ESCA_ESCC,KLA31_10,cancer_tissue,Independent ESCC tumor whole proteome,10,"tumor
tissues"
PXD064038,MEC and NEC ESCC groups,KLA31_10,TCGA-VR-AA7I-01A,4.27150570690328,2.78336168238751,TCGA_ESCA_ESCC,KLA31_10,cancer_tissue,Independent ESCC tumor whole proteome,10,"tumor
tissues"
PXD064038,MEC and NEC ESCC groups,KLA31_10,TCGA-XP-A8T6-01A,4.1964790324106,2.77563012215865,TCGA_ESCA_ESCC,KLA31_10,cancer_tissue,Independent ESCC tumor whole proteome,10,"tumor
tissues"
PXD064038,MEC and NEC ESCC groups,KLA31_10,TCGA-XP-A8T8-01A,4.43928583800869,2.80655636307407,TCGA_ESCA_ESCC,KLA31_10,cancer_tissue,Independent ESCC tumor whole proteome,10,"tumor
tissues"
PXD064038,MEC and NEC ESCC groups,KLA31_10,TCGA-Z6-A8JD-01A,4.43928583800869,2.79882480284521,TCGA_ESCA_ESCC,KLA31_10,cancer_tissue,Independent ESCC tumor whole proteome,10,"tumor
tissues"
PXD064038,MEC and NEC ESCC groups,KLA31_10,TCGA-Z6-A8JE-01A,4.52607388281289,2.80655636307407,TCGA_ESCA_ESCC,KLA31_10,cancer_tissue,Independent ESCC tumor whole proteome,10,"tumor
tissues"
PXD064038,MEC and NEC ESCC groups,KLA31_10,TCGA-Z6-A9VB-01A,4.46580603226077,2.80655636307407,TCGA_ESCA_ESCC,KLA31_10,cancer_tissue,Independent ESCC tumor whole proteome,10,"tumor
tissues"
PXD064038,MEC and NEC ESCC groups,KLA31_10,TCGA-Z6-AAPN-01A,4.30649263945266,2.79882480284521,TCGA_ESCA_ESCC,KLA31_10,cancer_tissue,Independent ESCC tumor whole proteome,10,"tumor
tissues"
PXD064912,human sperm,KLA31_07,GSM1602978,2.96214080639631,2.84873949579832,sperm_GroupI,KLA31_07,normal_tissue,Human sperm,7,"non-tumor
tissues"
PXD064912,human sperm,KLA31_07,GSM1602981,2.90556840403843,2.77310924369748,sperm_GroupI,KLA31_07,normal_tissue,Human sperm,7,"non-tumor
tissues"
PXD064912,human sperm,KLA31_07,GSM1602982,2.74772188020501,2.85690278127888,sperm_GroupI,KLA31_07,normal_tissue,Human sperm,7,"non-tumor
tissues"
PXD064912,human sperm,KLA31_07,GSM1602983,3.01124812294226,2.873708091757,sperm_GroupI,KLA31_07,normal_tissue,Human sperm,7,"non-tumor
tissues"
PXD066054,BPH,KLA31_08,GSM3890639,4.19556851574721,2.54548018615146,GSE132714_BPH,KLA31_08,normal_tissue,Benign prostatic hyperplasia tissue,8,"non-tumor
tissues"
PXD066054,BPH,KLA31_08,GSM3890640,4.0758034729305,2.54548018615146,GSE132714_BPH,KLA31_08,normal_tissue,Benign prostatic hyperplasia tissue,8,"non-tumor
tissues"
PXD066054,BPH,KLA31_08,GSM3890641,4.12446610964074,2.54548018615146,GSE132714_BPH,KLA31_08,normal_tissue,Benign prostatic hyperplasia tissue,8,"non-tumor
tissues"
PXD066054,BPH,KLA31_08,GSM3890642,4.34687827533439,2.56663376110563,GSE132714_BPH,KLA31_08,normal_tissue,Benign prostatic hyperplasia tissue,8,"non-tumor
tissues"
PXD066054,BPH,KLA31_08,GSM3890643,4.25537436116616,2.53137780284868,GSE132714_BPH,KLA31_08,normal_tissue,Benign prostatic hyperplasia tissue,8,"non-tumor
tissues"
PXD066054,BPH,KLA31_08,GSM3890644,4.44107936230374,2.55958256945424,GSE132714_BPH,KLA31_08,normal_tissue,Benign prostatic hyperplasia tissue,8,"non-tumor
tissues"
PXD066054,BPH,KLA31_08,GSM3890645,4.1692973610662,2.54548018615146,GSE132714_BPH,KLA31_08,normal_tissue,Benign prostatic hyperplasia tissue,8,"non-tumor
tissues"
PXD066054,BPH,KLA31_08,GSM3890646,4.36552902400203,2.53137780284868,GSE132714_BPH,KLA31_08,normal_tissue,Benign prostatic hyperplasia tissue,8,"non-tumor
tissues"
PXD066054,BPH,KLA31_08,GSM3890647,4.17713635585299,2.5172754195459,GSE132714_BPH,KLA31_08,normal_tissue,Benign prostatic hyperplasia tissue,8,"non-tumor
tissues"
PXD066054,BPH,KLA31_08,GSM3890648,4.19240572075412,2.53137780284868,GSE132714_BPH,KLA31_08,normal_tissue,Benign prostatic hyperplasia tissue,8,"non-tumor
tissues"
PXD066054,BPH,KLA31_08,GSM3890649,4.20623373375493,2.59483852771118,GSE132714_BPH,KLA31_08,normal_tissue,Benign prostatic hyperplasia tissue,8,"non-tumor
tissues"
PXD066054,BPH,KLA31_08,GSM3890650,4.21835858499495,2.56663376110563,GSE132714_BPH,KLA31_08,normal_tissue,Benign prostatic hyperplasia tissue,8,"non-tumor
tissues"
PXD066054,BPH,KLA31_08,GSM3890651,4.12178129248163,2.48907065294035,GSE132714_BPH,KLA31_08,normal_tissue,Benign prostatic hyperplasia tissue,8,"non-tumor
tissues"
PXD066054,BPH,KLA31_08,GSM3890652,4.21016002874837,2.52432661119729,GSE132714_BPH,KLA31_08,normal_tissue,Benign prostatic hyperplasia tissue,8,"non-tumor
tissues"
PXD066054,BPH,KLA31_08,GSM3890653,4.10941657572138,2.54548018615146,GSE132714_BPH,KLA31_08,normal_tissue,Benign prostatic hyperplasia tissue,8,"non-tumor
tissues"
PXD066054,BPH,KLA31_08,GSM3890654,4.22695844258799,2.52432661119729,GSE132714_BPH,KLA31_08,normal_tissue,Benign prostatic hyperplasia tissue,8,"non-tumor
tissues"
PXD066054,BPH,KLA31_08,GSM3890655,4.29398781625803,2.54548018615146,GSE132714_BPH,KLA31_08,normal_tissue,Benign prostatic hyperplasia tissue,8,"non-tumor
tissues"
PXD066054,BPH,KLA31_08,GSM3890656,4.28075098593938,2.53842899450007,GSE132714_BPH,KLA31_08,normal_tissue,Benign prostatic hyperplasia tissue,8,"non-tumor
tissues"
PXD066054,prostate cancer,KLA31_11,TCGA-2A-A8VL-01A,3.88481446090786,2.66924564796905,TCGA_PRAD_primary,KLA31_11,cancer_tissue,Prostate cancer tissue,11,"tumor
tissues"
PXD066054,prostate cancer,KLA31_11,TCGA-2A-A8VO-01A,3.94359874286738,2.70019342359768,TCGA_PRAD_primary,KLA31_11,cancer_tissue,Prostate cancer tissue,11,"tumor
tissues"
PXD066054,prostate cancer,KLA31_11,TCGA-2A-A8VT-01A,4.16334286544877,2.73887814313346,TCGA_PRAD_primary,KLA31_11,cancer_tissue,Prostate cancer tissue,11,"tumor
tissues"
PXD066054,prostate cancer,KLA31_11,TCGA-2A-A8VV-01A,4.00336785379808,2.70793036750484,TCGA_PRAD_primary,KLA31_11,cancer_tissue,Prostate cancer tissue,11,"tumor
tissues"
PXD066054,prostate cancer,KLA31_11,TCGA-2A-A8VX-01A,4.01346490723648,2.76982591876209,TCGA_PRAD_primary,KLA31_11,cancer_tissue,Prostate cancer tissue,11,"tumor
tissues"
PXD066054,prostate cancer,KLA31_11,TCGA-2A-A8W1-01A,4.10179348137711,2.76982591876209,TCGA_PRAD_primary,KLA31_11,cancer_tissue,Prostate cancer tissue,11,"tumor
tissues"
PXD066054,prostate cancer,KLA31_11,TCGA-2A-A8W3-01A,4.00937467643461,2.74661508704062,TCGA_PRAD_primary,KLA31_11,cancer_tissue,Prostate cancer tissue,11,"tumor
tissues"
PXD066054,prostate cancer,KLA31_11,TCGA-2A-AAYF-01A,3.95793880780792,2.69245647969052,TCGA_PRAD_primary,KLA31_11,cancer_tissue,Prostate cancer tissue,11,"tumor
tissues"
PXD066054,prostate cancer,KLA31_11,TCGA-2A-AAYO-01A,3.87887624966808,2.70793036750484,TCGA_PRAD_primary,KLA31_11,cancer_tissue,Prostate cancer tissue,11,"tumor
tissues"
PXD066054,prostate cancer,KLA31_11,TCGA-2A-AAYU-01A,3.99845689557902,2.70019342359768,TCGA_PRAD_primary,KLA31_11,cancer_tissue,Prostate cancer tissue,11,"tumor
tissues"
PXD066054,prostate cancer,KLA31_11,TCGA-4L-AA1F-01A,3.850564964687,2.70019342359768,TCGA_PRAD_primary,KLA31_11,cancer_tissue,Prostate cancer tissue,11,"tumor
tissues"
PXD066054,prostate cancer,KLA31_11,TCGA-CH-5737-01A,3.84826773509618,2.71566731141199,TCGA_PRAD_primary,KLA31_11,cancer_tissue,Prostate cancer tissue,11,"tumor
tissues"
PXD066054,prostate cancer,KLA31_11,TCGA-CH-5738-01A,3.98494406364216,2.68471953578337,TCGA_PRAD_primary,KLA31_11,cancer_tissue,Prostate cancer tissue,11,"tumor
tissues"
PXD066054,prostate cancer,KLA31_11,TCGA-CH-5739-01A,4.13209190405818,2.73887814313346,TCGA_PRAD_primary,KLA31_11,cancer_tissue,Prostate cancer tissue,11,"tumor
tissues"
PXD066054,prostate cancer,KLA31_11,TCGA-CH-5740-01A,4.0392480345278,2.71566731141199,TCGA_PRAD_primary,KLA31_11,cancer_tissue,Prostate cancer tissue,11,"tumor
tissues"
PXD066054,prostate cancer,KLA31_11,TCGA-CH-5741-01A,4.02675826495456,2.71566731141199,TCGA_PRAD_primary,KLA31_11,cancer_tissue,Prostate cancer tissue,11,"tumor
tissues"
PXD066054,prostate cancer,KLA31_11,TCGA-CH-5743-01A,3.97807429082842,2.67698259187621,TCGA_PRAD_primary,KLA31_11,cancer_tissue,Prostate cancer tissue,11,"tumor
tissues"
PXD066054,prostate cancer,KLA31_11,TCGA-CH-5744-01A,3.97357940211469,2.73114119922631,TCGA_PRAD_primary,KLA31_11,cancer_tissue,Prostate cancer tissue,11,"tumor
tissues"
PXD066054,prostate cancer,KLA31_11,TCGA-CH-5745-01A,3.94473855385615,2.64603481624758,TCGA_PRAD_primary,KLA31_11,cancer_tissue,Prostate cancer tissue,11,"tumor
tissues"
PXD066054,prostate cancer,KLA31_11,TCGA-CH-5746-01A,4.11198905126132,2.70793036750484,TCGA_PRAD_primary,KLA31_11,cancer_tissue,Prostate cancer tissue,11,"tumor
tissues"
PXD066054,prostate cancer,KLA31_11,TCGA-CH-5748-01A,4.0392480345278,2.75435203094778,TCGA_PRAD_primary,KLA31_11,cancer_tissue,Prostate cancer tissue,11,"tumor
tissues"
PXD066054,prostate cancer,KLA31_11,TCGA-CH-5750-01A,4.18419971823917,2.77756286266925,TCGA_PRAD_primary,KLA31_11,cancer_tissue,Prostate cancer tissue,11,"tumor
tissues"
PXD066054,prostate cancer,KLA31_11,TCGA-CH-5751-01A,4.30401981436338,2.7852998065764,TCGA_PRAD_primary,KLA31_11,cancer_tissue,Prostate cancer tissue,11,"tumor
tissues"
PXD066054,prostate cancer,KLA31_11,TCGA-CH-5752-01A,4.2553235130946,2.79303675048356,TCGA_PRAD_primary,KLA31_11,cancer_tissue,Prostate cancer tissue,11,"tumor
tissues"
PXD066054,prostate cancer,KLA31_11,TCGA-CH-5753-01A,4.20163400931931,2.73887814313346,TCGA_PRAD_primary,KLA31_11,cancer_tissue,Prostate cancer tissue,11,"tumor
tissues"
PXD066054,prostate cancer,KLA31_11,TCGA-CH-5754-01A,4.04948396473093,2.75435203094778,TCGA_PRAD_primary,KLA31_11,cancer_tissue,Prostate cancer tissue,11,"tumor
tissues"
PXD066054,prostate cancer,KLA31_11,TCGA-CH-5761-01A,4.31278402642612,2.7852998065764,TCGA_PRAD_primary,KLA31_11,cancer_tissue,Prostate cancer tissue,11,"tumor
tissues"
PXD066054,prostate cancer,KLA31_11,TCGA-CH-5762-01A,4.07533090922046,2.72340425531915,TCGA_PRAD_primary,KLA31_11,cancer_tissue,Prostate cancer tissue,11,"tumor
tissues"
PXD066054,prostate cancer,KLA31_11,TCGA-CH-5763-01A,3.92404993162823,2.66924564796905,TCGA_PRAD_primary,KLA31_11,cancer_tissue,Prostate cancer tissue,11,"tumor
tissues"
PXD066054,prostate cancer,KLA31_11,TCGA-CH-5764-01A,4.07874293191918,2.73114119922631,TCGA_PRAD_primary,KLA31_11,cancer_tissue,Prostate cancer tissue,11,"tumor
tissues"
PXD066054,prostate cancer,KLA31_11,TCGA-CH-5765-01A,4.19452900529337,2.73114119922631,TCGA_PRAD_primary,KLA31_11,cancer_tissue,Prostate cancer tissue,11,"tumor
tissues"
PXD066054,prostate cancer,KLA31_11,TCGA-CH-5766-01A,4.02831028379935,2.70793036750484,TCGA_PRAD_primary,KLA31_11,cancer_tissue,Prostate cancer tissue,11,"tumor
tissues"
PXD066054,prostate cancer,KLA31_11,TCGA-CH-5767-01A,3.95180652366848,2.73114119922631,TCGA_PRAD_primary,KLA31_11,cancer_tissue,Prostate cancer tissue,11,"tumor
tissues"
PXD066054,prostate cancer,KLA31_11,TCGA-CH-5768-01A,4.12829919791412,2.73887814313346,TCGA_PRAD_primary,KLA31_11,cancer_tissue,Prostate cancer tissue,11,"tumor
tissues"
PXD066054,prostate cancer,KLA31_11,TCGA-CH-5769-01A,4.1830230736062,2.76982591876209,TCGA_PRAD_primary,KLA31_11,cancer_tissue,Prostate cancer tissue,11,"tumor
tissues"
PXD066054,prostate cancer,KLA31_11,TCGA-CH-5771-01A,3.92068843356599,2.67698259187621,TCGA_PRAD_primary,KLA31_11,cancer_tissue,Prostate cancer tissue,11,"tumor
tissues"
PXD066054,prostate cancer,KLA31_11,TCGA-CH-5772-01A,4.09836217557085,2.70793036750484,TCGA_PRAD_primary,KLA31_11,cancer_tissue,Prostate cancer tissue,11,"tumor
tissues"
PXD066054,prostate cancer,KLA31_11,TCGA-CH-5788-01A,4.23438036460666,2.79303675048356,TCGA_PRAD_primary,KLA31_11,cancer_tissue,Prostate cancer tissue,11,"tumor
tissues"
PXD066054,prostate cancer,KLA31_11,TCGA-CH-5789-01A,4.0011255110014,2.67698259187621,TCGA_PRAD_primary,KLA31_11,cancer_tissue,Prostate cancer tissue,11,"tumor
tissues"
PXD066054,prostate cancer,KLA31_11,TCGA-CH-5790-01A,4.1184585695516,2.70019342359768,TCGA_PRAD_primary,KLA31_11,cancer_tissue,Prostate cancer tissue,11,"tumor
tissues"
PXD066054,prostate cancer,KLA31_11,TCGA-CH-5791-01A,4.04529499692474,2.71566731141199,TCGA_PRAD_primary,KLA31_11,cancer_tissue,Prostate cancer tissue,11,"tumor
tissues"
PXD066054,prostate cancer,KLA31_11,TCGA-CH-5792-01A,3.94436712538701,2.68471953578337,TCGA_PRAD_primary,KLA31_11,cancer_tissue,Prostate cancer tissue,11,"tumor
tissues"
PXD066054,prostate cancer,KLA31_11,TCGA-CH-5794-01A,3.99432545432305,2.72340425531915,TCGA_PRAD_primary,KLA31_11,cancer_tissue,Prostate cancer tissue,11,"tumor
tissues"
PXD066054,prostate cancer,KLA31_11,TCGA-EJ-5494-01A,4.01915855240658,2.69245647969052,TCGA_PRAD_primary,KLA31_11,cancer_tissue,Prostate cancer tissue,11,"tumor
tissues"
PXD066054,prostate cancer,KLA31_11,TCGA-EJ-5495-01A,3.99771184821744,2.70793036750484,TCGA_PRAD_primary,KLA31_11,cancer_tissue,Prostate cancer tissue,11,"tumor
tissues"
PXD066054,prostate cancer,KLA31_11,TCGA-EJ-5496-01A,4.07610378887434,2.74661508704062,TCGA_PRAD_primary,KLA31_11,cancer_tissue,Prostate cancer tissue,11,"tumor
tissues"
PXD066054,prostate cancer,KLA31_11,TCGA-EJ-5497-01A,4.00975899934629,2.68471953578337,TCGA_PRAD_primary,KLA31_11,cancer_tissue,Prostate cancer tissue,11,"tumor
tissues"
PXD066054,prostate cancer,KLA31_11,TCGA-EJ-5498-01A,3.89350966874738,2.66924564796905,TCGA_PRAD_primary,KLA31_11,cancer_tissue,Prostate cancer tissue,11,"tumor
tissues"
PXD066054,prostate cancer,KLA31_11,TCGA-EJ-5499-01A,4.10593926456278,2.75435203094778,TCGA_PRAD_primary,KLA31_11,cancer_tissue,Prostate cancer tissue,11,"tumor
tissues"
PXD066054,prostate cancer,KLA31_11,TCGA-EJ-5501-01A,3.93988559673416,2.70019342359768,TCGA_PRAD_primary,KLA31_11,cancer_tissue,Prostate cancer tissue,11,"tumor
tissues"
PXD066054,prostate cancer,KLA31_11,TCGA-EJ-5502-01A,3.9879722621338,2.67698259187621,TCGA_PRAD_primary,KLA31_11,cancer_tissue,Prostate cancer tissue,11,"tumor
tissues"
PXD066054,prostate cancer,KLA31_11,TCGA-EJ-5503-01A,3.94359874286738,2.67698259187621,TCGA_PRAD_primary,KLA31_11,cancer_tissue,Prostate cancer tissue,11,"tumor
tissues"
PXD066054,prostate cancer,KLA31_11,TCGA-EJ-5504-01A,3.97284834586122,2.70019342359768,TCGA_PRAD_primary,KLA31_11,cancer_tissue,Prostate cancer tissue,11,"tumor
tissues"
PXD066054,prostate cancer,KLA31_11,TCGA-EJ-5505-01A,3.99129257768783,2.70019342359768,TCGA_PRAD_primary,KLA31_11,cancer_tissue,Prostate cancer tissue,11,"tumor
tissues"
PXD066054,prostate cancer,KLA31_11,TCGA-EJ-5506-01A,4.01993690176179,2.69245647969052,TCGA_PRAD_primary,KLA31_11,cancer_tissue,Prostate cancer tissue,11,"tumor
tissues"
PXD066054,prostate cancer,KLA31_11,TCGA-EJ-5507-01A,4.05902955591368,2.73114119922631,TCGA_PRAD_primary,KLA31_11,cancer_tissue,Prostate cancer tissue,11,"tumor
tissues"
PXD066054,prostate cancer,KLA31_11,TCGA-EJ-5508-01A,4.14386688850922,2.69245647969052,TCGA_PRAD_primary,KLA31_11,cancer_tissue,Prostate cancer tissue,11,"tumor
tissues"
PXD066054,prostate cancer,KLA31_11,TCGA-EJ-5509-01A,4.02179289703372,2.69245647969052,TCGA_PRAD_primary,KLA31_11,cancer_tissue,Prostate cancer tissue,11,"tumor
tissues"
PXD066054,prostate cancer,KLA31_11,TCGA-EJ-5510-01A,3.94768720623771,2.66924564796905,TCGA_PRAD_primary,KLA31_11,cancer_tissue,Prostate cancer tissue,11,"tumor
tissues"
PXD066054,prostate cancer,KLA31_11,TCGA-EJ-5511-01A,4.05976728407983,2.69245647969052,TCGA_PRAD_primary,KLA31_11,cancer_tissue,Prostate cancer tissue,11,"tumor
tissues"
PXD066054,prostate cancer,KLA31_11,TCGA-EJ-5512-01A,3.97545289774544,2.68471953578337,TCGA_PRAD_primary,KLA31_11,cancer_tissue,Prostate cancer tissue,11,"tumor
tissues"
PXD066054,prostate cancer,KLA31_11,TCGA-EJ-5514-01A,4.14273421991141,2.75435203094778,TCGA_PRAD_primary,KLA31_11,cancer_tissue,Prostate cancer tissue,11,"tumor
tissues"
PXD066054,prostate cancer,KLA31_11,TCGA-EJ-5515-01A,3.94881430436949,2.69245647969052,TCGA_PRAD_primary,KLA31_11,cancer_tissue,Prostate cancer tissue,11,"tumor
tissues"
PXD066054,prostate cancer,KLA31_11,TCGA-EJ-5516-01A,4.09798626796711,2.69245647969052,TCGA_PRAD_primary,KLA31_11,cancer_tissue,Prostate cancer tissue,11,"tumor
tissues"
PXD066054,prostate cancer,KLA31_11,TCGA-EJ-5517-01A,3.99055385195302,2.69245647969052,TCGA_PRAD_primary,KLA31_11,cancer_tissue,Prostate cancer tissue,11,"tumor
tissues"
PXD066054,prostate cancer,KLA31_11,TCGA-EJ-5518-01A,4.0202945026718,2.71566731141199,TCGA_PRAD_primary,KLA31_11,cancer_tissue,Prostate cancer tissue,11,"tumor
tissues"
PXD066054,prostate cancer,KLA31_11,TCGA-EJ-5519-01A,4.07420956184816,2.72340425531915,TCGA_PRAD_primary,KLA31_11,cancer_tissue,Prostate cancer tissue,11,"tumor
tissues"
PXD066054,prostate cancer,KLA31_11,TCGA-EJ-5521-01A,3.81438813340608,2.70019342359768,TCGA_PRAD_primary,KLA31_11,cancer_tissue,Prostate cancer tissue,11,"tumor
tissues"
PXD066054,prostate cancer,KLA31_11,TCGA-EJ-5522-01A,4.11008602842485,2.70793036750484,TCGA_PRAD_primary,KLA31_11,cancer_tissue,Prostate cancer tissue,11,"tumor
tissues"
PXD066054,prostate cancer,KLA31_11,TCGA-EJ-5524-01A,4.14386688850922,2.73114119922631,TCGA_PRAD_primary,KLA31_11,cancer_tissue,Prostate cancer tissue,11,"tumor
tissues"
PXD066054,prostate cancer,KLA31_11,TCGA-EJ-5525-01A,4.16523867948311,2.77756286266925,TCGA_PRAD_primary,KLA31_11,cancer_tissue,Prostate cancer tissue,11,"tumor
tissues"
PXD066054,prostate cancer,KLA31_11,TCGA-EJ-5526-01A,4.20733946301534,2.72340425531915,TCGA_PRAD_primary,KLA31_11,cancer_tissue,Prostate cancer tissue,11,"tumor
tissues"
PXD066054,prostate cancer,KLA31_11,TCGA-EJ-5527-01A,4.01051127517545,2.66924564796905,TCGA_PRAD_primary,KLA31_11,cancer_tissue,Prostate cancer tissue,11,"tumor
tissues"
PXD066054,prostate cancer,KLA31_11,TCGA-EJ-5530-01A,4.09989991337165,2.70019342359768,TCGA_PRAD_primary,KLA31_11,cancer_tissue,Prostate cancer tissue,11,"tumor
tissues"
PXD066054,prostate cancer,KLA31_11,TCGA-EJ-5531-01A,3.99582707130243,2.70019342359768,TCGA_PRAD_primary,KLA31_11,cancer_tissue,Prostate cancer tissue,11,"tumor
tissues"
PXD066054,prostate cancer,KLA31_11,TCGA-EJ-5532-01A,4.08217803398873,2.69245647969052,TCGA_PRAD_primary,KLA31_11,cancer_tissue,Prostate cancer tissue,11,"tumor
tissues"
PXD066054,prostate cancer,KLA31_11,TCGA-EJ-5542-01A,4.11350435782231,2.72340425531915,TCGA_PRAD_primary,KLA31_11,cancer_tissue,Prostate cancer tissue,11,"tumor
tissues"
PXD066054,prostate cancer,KLA31_11,TCGA-EJ-7115-01A,3.94216003037963,2.67698259187621,TCGA_PRAD_primary,KLA31_11,cancer_tissue,Prostate cancer tissue,11,"tumor
tissues"
PXD066054,prostate cancer,KLA31_11,TCGA-EJ-7123-01A,4.01387528948163,2.73887814313346,TCGA_PRAD_primary,KLA31_11,cancer_tissue,Prostate cancer tissue,11,"tumor
tissues"
PXD066054,prostate cancer,KLA31_11,TCGA-EJ-7125-01A,4.06317987242094,2.73114119922631,TCGA_PRAD_primary,KLA31_11,cancer_tissue,Prostate cancer tissue,11,"tumor
tissues"
PXD066054,prostate cancer,KLA31_11,TCGA-EJ-7218-01B,3.9758203494635,2.68471953578337,TCGA_PRAD_primary,KLA31_11,cancer_tissue,Prostate cancer tissue,11,"tumor
tissues"
PXD066054,prostate cancer,KLA31_11,TCGA-EJ-7312-01B,3.93208143726271,2.67698259187621,TCGA_PRAD_primary,KLA31_11,cancer_tissue,Prostate cancer tissue,11,"tumor
tissues"
PXD066054,prostate cancer,KLA31_11,TCGA-EJ-7314-01A,4.04609275297982,2.70019342359768,TCGA_PRAD_primary,KLA31_11,cancer_tissue,Prostate cancer tissue,11,"tumor
tissues"
PXD066054,prostate cancer,KLA31_11,TCGA-EJ-7315-01A,4.00524402786188,2.68471953578337,TCGA_PRAD_primary,KLA31_11,cancer_tissue,Prostate cancer tissue,11,"tumor
tissues"
PXD066054,prostate cancer,KLA31_11,TCGA-EJ-7317-01A,4.00260261640207,2.70019342359768,TCGA_PRAD_primary,KLA31_11,cancer_tissue,Prostate cancer tissue,11,"tumor
tissues"
PXD066054,prostate cancer,KLA31_11,TCGA-EJ-7318-01B,3.83324764012549,2.71566731141199,TCGA_PRAD_primary,KLA31_11,cancer_tissue,Prostate cancer tissue,11,"tumor
tissues"
PXD066054,prostate cancer,KLA31_11,TCGA-EJ-7321-01A,4.10893349523996,2.72340425531915,TCGA_PRAD_primary,KLA31_11,cancer_tissue,Prostate cancer tissue,11,"tumor
tissues"
PXD066054,prostate cancer,KLA31_11,TCGA-EJ-7325-01B,3.88038065466372,2.65377176015474,TCGA_PRAD_primary,KLA31_11,cancer_tissue,Prostate cancer tissue,11,"tumor
tissues"
PXD066054,prostate cancer,KLA31_11,TCGA-EJ-7327-01A,4.1415792586799,2.72340425531915,TCGA_PRAD_primary,KLA31_11,cancer_tissue,Prostate cancer tissue,11,"tumor
tissues"
PXD066054,prostate cancer,KLA31_11,TCGA-EJ-7328-01A,3.9236694045867,2.66924564796905,TCGA_PRAD_primary,KLA31_11,cancer_tissue,Prostate cancer tissue,11,"tumor
tissues"
PXD066054,prostate cancer,KLA31_11,TCGA-EJ-7330-01A,4.0225801302951,2.69245647969052,TCGA_PRAD_primary,KLA31_11,cancer_tissue,Prostate cancer tissue,11,"tumor
tissues"
PXD066054,prostate cancer,KLA31_11,TCGA-EJ-7331-01A,4.06508421910882,2.70793036750484,TCGA_PRAD_primary,KLA31_11,cancer_tissue,Prostate cancer tissue,11,"tumor
tissues"
PXD066054,prostate cancer,KLA31_11,TCGA-EJ-7781-01A,4.0995171967886,2.70793036750484,TCGA_PRAD_primary,KLA31_11,cancer_tissue,Prostate cancer tissue,11,"tumor
tissues"
PXD066054,prostate cancer,KLA31_11,TCGA-EJ-7782-01A,4.13401283090936,2.73114119922631,TCGA_PRAD_primary,KLA31_11,cancer_tissue,Prostate cancer tissue,11,"tumor
tissues"
PXD066054,prostate cancer,KLA31_11,TCGA-EJ-7783-01A,4.11162461174281,2.70019342359768,TCGA_PRAD_primary,KLA31_11,cancer_tissue,Prostate cancer tissue,11,"tumor
tissues"
PXD066054,prostate cancer,KLA31_11,TCGA-EJ-7784-01A,4.1468684231602,2.73114119922631,TCGA_PRAD_primary,KLA31_11,cancer_tissue,Prostate cancer tissue,11,"tumor
tissues"
PXD066054,prostate cancer,KLA31_11,TCGA-EJ-7785-01A,4.09010152166594,2.70793036750484,TCGA_PRAD_primary,KLA31_11,cancer_tissue,Prostate cancer tissue,11,"tumor
tissues"
PXD066054,prostate cancer,KLA31_11,TCGA-EJ-7786-01A,3.9290284008348,2.68471953578337,TCGA_PRAD_primary,KLA31_11,cancer_tissue,Prostate cancer tissue,11,"tumor
tissues"
PXD066054,prostate cancer,KLA31_11,TCGA-EJ-7788-01A,4.15243629770854,2.77756286266925,TCGA_PRAD_primary,KLA31_11,cancer_tissue,Prostate cancer tissue,11,"tumor
tissues"
PXD066054,prostate cancer,KLA31_11,TCGA-EJ-7789-01A,4.16715566446432,2.79303675048356,TCGA_PRAD_primary,KLA31_11,cancer_tissue,Prostate cancer tissue,11,"tumor
tissues"
PXD066054,prostate cancer,KLA31_11,TCGA-EJ-7791-01A,3.9301397589951,2.69245647969052,TCGA_PRAD_primary,KLA31_11,cancer_tissue,Prostate cancer tissue,11,"tumor
tissues"
PXD066054,prostate cancer,KLA31_11,TCGA-EJ-7792-01A,3.95832551973978,2.66924564796905,TCGA_PRAD_primary,KLA31_11,cancer_tissue,Prostate cancer tissue,11,"tumor
tissues"
PXD066054,prostate cancer,KLA31_11,TCGA-EJ-7793-01A,4.0347255474175,2.69245647969052,TCGA_PRAD_primary,KLA31_11,cancer_tissue,Prostate cancer tissue,11,"tumor
tissues"
PXD066054,prostate cancer,KLA31_11,TCGA-EJ-7794-01A,4.01614712118321,2.70019342359768,TCGA_PRAD_primary,KLA31_11,cancer_tissue,Prostate cancer tissue,11,"tumor
tissues"
PXD066054,prostate cancer,KLA31_11,TCGA-EJ-7797-01A,4.04722012595985,2.69245647969052,TCGA_PRAD_primary,KLA31_11,cancer_tissue,Prostate cancer tissue,11,"tumor
tissues"
PXD066054,prostate cancer,KLA31_11,TCGA-EJ-8468-01A,3.97545289774544,2.66924564796905,TCGA_PRAD_primary,KLA31_11,cancer_tissue,Prostate cancer tissue,11,"tumor
tissues"
PXD066054,prostate cancer,KLA31_11,TCGA-EJ-8469-01A,4.32380374727559,2.80851063829787,TCGA_PRAD_primary,KLA31_11,cancer_tissue,Prostate cancer tissue,11,"tumor
tissues"
PXD066054,prostate cancer,KLA31_11,TCGA-EJ-8470-01A,4.10630568496178,2.71566731141199,TCGA_PRAD_primary,KLA31_11,cancer_tissue,Prostate cancer tissue,11,"tumor
tissues"
PXD066054,prostate cancer,KLA31_11,TCGA-EJ-8472-01A,4.17284002534965,2.74661508704062,TCGA_PRAD_primary,KLA31_11,cancer_tissue,Prostate cancer tissue,11,"tumor
tissues"
PXD066054,prostate cancer,KLA31_11,TCGA-EJ-8474-01A,3.9879722621338,2.73114119922631,TCGA_PRAD_primary,KLA31_11,cancer_tissue,Prostate cancer tissue,11,"tumor
tissues"
PXD066054,prostate cancer,KLA31_11,TCGA-EJ-A46B-01A,3.93320731479852,2.66924564796905,TCGA_PRAD_primary,KLA31_11,cancer_tissue,Prostate cancer tissue,11,"tumor
tissues"
PXD066054,prostate cancer,KLA31_11,TCGA-EJ-A46D-01A,3.90576370348233,2.6615087040619,TCGA_PRAD_primary,KLA31_11,cancer_tissue,Prostate cancer tissue,11,"tumor
tissues"
PXD066054,prostate cancer,KLA31_11,TCGA-EJ-A46E-01A,3.90688185590539,2.6615087040619,TCGA_PRAD_primary,KLA31_11,cancer_tissue,Prostate cancer tissue,11,"tumor
tissues"
PXD066054,prostate cancer,KLA31_11,TCGA-EJ-A46F-01A,3.94025749917251,2.74661508704062,TCGA_PRAD_primary,KLA31_11,cancer_tissue,Prostate cancer tissue,11,"tumor
tissues"
PXD066054,prostate cancer,KLA31_11,TCGA-EJ-A46G-01A,4.00599063367431,2.75435203094778,TCGA_PRAD_primary,KLA31_11,cancer_tissue,Prostate cancer tissue,11,"tumor
tissues"
PXD066054,prostate cancer,KLA31_11,TCGA-EJ-A46H-01A,3.85548315069367,2.64603481624758,TCGA_PRAD_primary,KLA31_11,cancer_tissue,Prostate cancer tissue,11,"tumor
tissues"
PXD066054,prostate cancer,KLA31_11,TCGA-EJ-A46I-01A,3.95105518935553,2.68471953578337,TCGA_PRAD_primary,KLA31_11,cancer_tissue,Prostate cancer tissue,11,"tumor
tissues"
PXD066054,prostate cancer,KLA31_11,TCGA-EJ-A65B-01A,3.68055150054409,2.62282398452611,TCGA_PRAD_primary,KLA31_11,cancer_tissue,Prostate cancer tissue,11,"tumor
tissues"
PXD066054,prostate cancer,KLA31_11,TCGA-EJ-A65D-01A,4.03771141888527,2.7852998065764,TCGA_PRAD_primary,KLA31_11,cancer_tissue,Prostate cancer tissue,11,"tumor
tissues"
PXD066054,prostate cancer,KLA31_11,TCGA-EJ-A65E-01A,4.03059794063966,2.71566731141199,TCGA_PRAD_primary,KLA31_11,cancer_tissue,Prostate cancer tissue,11,"tumor
tissues"
PXD066054,prostate cancer,KLA31_11,TCGA-EJ-A65F-01A,4.01655072457994,2.71566731141199,TCGA_PRAD_primary,KLA31_11,cancer_tissue,Prostate cancer tissue,11,"tumor
tissues"
PXD066054,prostate cancer,KLA31_11,TCGA-EJ-A65G-01A,3.90726080278813,2.70019342359768,TCGA_PRAD_primary,KLA31_11,cancer_tissue,Prostate cancer tissue,11,"tumor
tissues"
PXD066054,prostate cancer,KLA31_11,TCGA-EJ-A65J-01A,4.0157858143697,2.71566731141199,TCGA_PRAD_primary,KLA31_11,cancer_tissue,Prostate cancer tissue,11,"tumor
tissues"
PXD066054,prostate cancer,KLA31_11,TCGA-EJ-A65M-01A,3.84347625357899,2.67698259187621,TCGA_PRAD_primary,KLA31_11,cancer_tissue,Prostate cancer tissue,11,"tumor
tissues"
PXD066054,prostate cancer,KLA31_11,TCGA-EJ-A6RA-01A,3.89648519623736,2.66924564796905,TCGA_PRAD_primary,KLA31_11,cancer_tissue,Prostate cancer tissue,11,"tumor
tissues"
PXD066054,prostate cancer,KLA31_11,TCGA-EJ-A6RC-01A,3.8336278377269,2.68471953578337,TCGA_PRAD_primary,KLA31_11,cancer_tissue,Prostate cancer tissue,11,"tumor
tissues"
PXD066054,prostate cancer,KLA31_11,TCGA-EJ-A7NF-01A,3.97284834586122,2.70793036750484,TCGA_PRAD_primary,KLA31_11,cancer_tissue,Prostate cancer tissue,11,"tumor
tissues"
PXD066054,prostate cancer,KLA31_11,TCGA-EJ-A7NG-01A,3.92217786269369,2.65377176015474,TCGA_PRAD_primary,KLA31_11,cancer_tissue,Prostate cancer tissue,11,"tumor
tissues"
PXD066054,prostate cancer,KLA31_11,TCGA-EJ-A7NH-01A,3.90538647603234,2.65377176015474,TCGA_PRAD_primary,KLA31_11,cancer_tissue,Prostate cancer tissue,11,"tumor
tissues"
PXD066054,prostate cancer,KLA31_11,TCGA-EJ-A7NJ-01A,3.9236694045867,2.6615087040619,TCGA_PRAD_primary,KLA31_11,cancer_tissue,Prostate cancer tissue,11,"tumor
tissues"
PXD066054,prostate cancer,KLA31_11,TCGA-EJ-A7NK-01A,3.89313427167668,2.66924564796905,TCGA_PRAD_primary,KLA31_11,cancer_tissue,Prostate cancer tissue,11,"tumor
tissues"
PXD066054,prostate cancer,KLA31_11,TCGA-EJ-A7NM-01A,3.9290284008348,2.73114119922631,TCGA_PRAD_primary,KLA31_11,cancer_tissue,Prostate cancer tissue,11,"tumor
tissues"
PXD066054,prostate cancer,KLA31_11,TCGA-EJ-A7NN-01A,3.91582790434107,2.70793036750484,TCGA_PRAD_primary,KLA31_11,cancer_tissue,Prostate cancer tissue,11,"tumor
tissues"
PXD066054,prostate cancer,KLA31_11,TCGA-EJ-A8FN-01A,3.79704088405608,2.6615087040619,TCGA_PRAD_primary,KLA31_11,cancer_tissue,Prostate cancer tissue,11,"tumor
tissues"
PXD066054,prostate cancer,KLA31_11,TCGA-EJ-A8FO-01A,3.90461394832543,2.70793036750484,TCGA_PRAD_primary,KLA31_11,cancer_tissue,Prostate cancer tissue,11,"tumor
tissues"
PXD066054,prostate cancer,KLA31_11,TCGA-EJ-A8FP-01A,3.84640553700757,2.65377176015474,TCGA_PRAD_primary,KLA31_11,cancer_tissue,Prostate cancer tissue,11,"tumor
tissues"
PXD066054,prostate cancer,KLA31_11,TCGA-EJ-A8FS-01A,3.98076386776363,2.73887814313346,TCGA_PRAD_primary,KLA31_11,cancer_tissue,Prostate cancer tissue,11,"tumor
tissues"
PXD066054,prostate cancer,KLA31_11,TCGA-EJ-A8FU-01A,3.8702601270306,2.68471953578337,TCGA_PRAD_primary,KLA31_11,cancer_tissue,Prostate cancer tissue,11,"tumor
tissues"
PXD066054,prostate cancer,KLA31_11,TCGA-EJ-AB20-01A,3.80392337572968,2.64603481624758,TCGA_PRAD_primary,KLA31_11,cancer_tissue,Prostate cancer tissue,11,"tumor
tissues"
PXD066054,prostate cancer,KLA31_11,TCGA-EJ-AB27-01A,3.8770307525087,2.70793036750484,TCGA_PRAD_primary,KLA31_11,cancer_tissue,Prostate cancer tissue,11,"tumor
tissues"
PXD066054,prostate cancer,KLA31_11,TCGA-FC-7708-01A,3.95033184706098,2.68471953578337,TCGA_PRAD_primary,KLA31_11,cancer_tissue,Prostate cancer tissue,11,"tumor
tissues"
PXD066054,prostate cancer,KLA31_11,TCGA-FC-7961-01A,4.05939946983201,2.75435203094778,TCGA_PRAD_primary,KLA31_11,cancer_tissue,Prostate cancer tissue,11,"tumor
tissues"
PXD066054,prostate cancer,KLA31_11,TCGA-FC-A4JI-01A,4.49052053734448,2.80851063829787,TCGA_PRAD_primary,KLA31_11,cancer_tissue,Prostate cancer tissue,11,"tumor
tissues"
PXD066054,prostate cancer,KLA31_11,TCGA-FC-A5OB-01A,4.06127818814118,2.75435203094778,TCGA_PRAD_primary,KLA31_11,cancer_tissue,Prostate cancer tissue,11,"tumor
tissues"
PXD066054,prostate cancer,KLA31_11,TCGA-FC-A66V-01A,3.76692840851792,2.62282398452611,TCGA_PRAD_primary,KLA31_11,cancer_tissue,Prostate cancer tissue,11,"tumor
tissues"
PXD066054,prostate cancer,KLA31_11,TCGA-FC-A6HD-01A,3.97209246541582,2.76982591876209,TCGA_PRAD_primary,KLA31_11,cancer_tissue,Prostate cancer tissue,11,"tumor
tissues"
PXD066054,prostate cancer,KLA31_11,TCGA-FC-A8O0-01A,3.9290284008348,2.68471953578337,TCGA_PRAD_primary,KLA31_11,cancer_tissue,Prostate cancer tissue,11,"tumor
tissues"
PXD066054,prostate cancer,KLA31_11,TCGA-G9-6329-01A,3.82045127352837,2.68471953578337,TCGA_PRAD_primary,KLA31_11,cancer_tissue,Prostate cancer tissue,11,"tumor
tissues"
PXD066054,prostate cancer,KLA31_11,TCGA-G9-6332-01A,3.98194428858234,2.68471953578337,TCGA_PRAD_primary,KLA31_11,cancer_tissue,Prostate cancer tissue,11,"tumor
tissues"
PXD066054,prostate cancer,KLA31_11,TCGA-G9-6333-01A,3.84640553700757,2.67698259187621,TCGA_PRAD_primary,KLA31_11,cancer_tissue,Prostate cancer tissue,11,"tumor
tissues"
PXD066054,prostate cancer,KLA31_11,TCGA-G9-6336-01A,3.88038065466372,2.67698259187621,TCGA_PRAD_primary,KLA31_11,cancer_tissue,Prostate cancer tissue,11,"tumor
tissues"
PXD066054,prostate cancer,KLA31_11,TCGA-G9-6338-01A,3.70827001848508,2.6073500967118,TCGA_PRAD_primary,KLA31_11,cancer_tissue,Prostate cancer tissue,11,"tumor
tissues"
PXD066054,prostate cancer,KLA31_11,TCGA-G9-6339-01A,3.94025749917251,2.68471953578337,TCGA_PRAD_primary,KLA31_11,cancer_tissue,Prostate cancer tissue,11,"tumor
tissues"
PXD066054,prostate cancer,KLA31_11,TCGA-G9-6342-01A,3.85509641237248,2.69245647969052,TCGA_PRAD_primary,KLA31_11,cancer_tissue,Prostate cancer tissue,11,"tumor
tissues"
PXD066054,prostate cancer,KLA31_11,TCGA-G9-6343-01A,3.7846445933825,2.69245647969052,TCGA_PRAD_primary,KLA31_11,cancer_tissue,Prostate cancer tissue,11,"tumor
tissues"
PXD066054,prostate cancer,KLA31_11,TCGA-G9-6347-01A,3.65478074454815,2.56092843326886,TCGA_PRAD_primary,KLA31_11,cancer_tissue,Prostate cancer tissue,11,"tumor
tissues"
PXD066054,prostate cancer,KLA31_11,TCGA-G9-6348-01A,3.81702563669583,2.65377176015474,TCGA_PRAD_primary,KLA31_11,cancer_tissue,Prostate cancer tissue,11,"tumor
tissues"
PXD066054,prostate cancer,KLA31_11,TCGA-G9-6351-01A,3.88898102759621,2.65377176015474,TCGA_PRAD_primary,KLA31_11,cancer_tissue,Prostate cancer tissue,11,"tumor
tissues"
PXD066054,prostate cancer,KLA31_11,TCGA-G9-6353-01A,3.82379551841988,2.63829787234043,TCGA_PRAD_primary,KLA31_11,cancer_tissue,Prostate cancer tissue,11,"tumor
tissues"
PXD066054,prostate cancer,KLA31_11,TCGA-G9-6354-01A,3.8826024366175,2.6615087040619,TCGA_PRAD_primary,KLA31_11,cancer_tissue,Prostate cancer tissue,11,"tumor
tissues"
PXD066054,prostate cancer,KLA31_11,TCGA-G9-6356-01A,3.8347723515584,2.67698259187621,TCGA_PRAD_primary,KLA31_11,cancer_tissue,Prostate cancer tissue,11,"tumor
tissues"
PXD066054,prostate cancer,KLA31_11,TCGA-G9-6361-01A,3.87777471098822,2.65377176015474,TCGA_PRAD_primary,KLA31_11,cancer_tissue,Prostate cancer tissue,11,"tumor
tissues"
PXD066054,prostate cancer,KLA31_11,TCGA-G9-6362-01A,3.92404993162823,2.66924564796905,TCGA_PRAD_primary,KLA31_11,cancer_tissue,Prostate cancer tissue,11,"tumor
tissues"
PXD066054,prostate cancer,KLA31_11,TCGA-G9-6363-01A,4.00224513599523,2.72340425531915,TCGA_PRAD_primary,KLA31_11,cancer_tissue,Prostate cancer tissue,11,"tumor
tissues"
PXD066054,prostate cancer,KLA31_11,TCGA-G9-6364-01A,3.78425886098922,2.67698259187621,TCGA_PRAD_primary,KLA31_11,cancer_tissue,Prostate cancer tissue,11,"tumor
tissues"
PXD066054,prostate cancer,KLA31_11,TCGA-G9-6365-01A,3.8317382996592,2.66924564796905,TCGA_PRAD_primary,KLA31_11,cancer_tissue,Prostate cancer tissue,11,"tumor
tissues"
PXD066054,prostate cancer,KLA31_11,TCGA-G9-6366-01A,3.9462227511834,2.67698259187621,TCGA_PRAD_primary,KLA31_11,cancer_tissue,Prostate cancer tissue,11,"tumor
tissues"
PXD066054,prostate cancer,KLA31_11,TCGA-G9-6367-01A,3.83098870884733,2.6615087040619,TCGA_PRAD_primary,KLA31_11,cancer_tissue,Prostate cancer tissue,11,"tumor
tissues"
PXD066054,prostate cancer,KLA31_11,TCGA-G9-6369-01A,3.86269879671678,2.70019342359768,TCGA_PRAD_primary,KLA31_11,cancer_tissue,Prostate cancer tissue,11,"tumor
tissues"
PXD066054,prostate cancer,KLA31_11,TCGA-G9-6370-01A,3.83815467412297,2.6615087040619,TCGA_PRAD_primary,KLA31_11,cancer_tissue,Prostate cancer tissue,11,"tumor
tissues"
PXD066054,prostate cancer,KLA31_11,TCGA-G9-6371-01A,3.91166323217957,2.71566731141199,TCGA_PRAD_primary,KLA31_11,cancer_tissue,Prostate cancer tissue,11,"tumor
tissues"
PXD066054,prostate cancer,KLA31_11,TCGA-G9-6373-01A,3.89162010113523,2.6615087040619,TCGA_PRAD_primary,KLA31_11,cancer_tissue,Prostate cancer tissue,11,"tumor
tissues"
PXD066054,prostate cancer,KLA31_11,TCGA-G9-6377-01A,3.90726080278813,2.66924564796905,TCGA_PRAD_primary,KLA31_11,cancer_tissue,Prostate cancer tissue,11,"tumor
tissues"
PXD066054,prostate cancer,KLA31_11,TCGA-G9-6378-01A,3.84903847470473,2.63829787234043,TCGA_PRAD_primary,KLA31_11,cancer_tissue,Prostate cancer tissue,11,"tumor
tissues"
PXD066054,prostate cancer,KLA31_11,TCGA-G9-6379-01A,3.67980852549975,2.52224371373308,TCGA_PRAD_primary,KLA31_11,cancer_tissue,Prostate cancer tissue,11,"tumor
tissues"
PXD066054,prostate cancer,KLA31_11,TCGA-G9-6384-01A,4.0275423999228,2.70019342359768,TCGA_PRAD_primary,KLA31_11,cancer_tissue,Prostate cancer tissue,11,"tumor
tissues"
PXD066054,prostate cancer,KLA31_11,TCGA-G9-6385-01A,3.92217786269369,2.67698259187621,TCGA_PRAD_primary,KLA31_11,cancer_tissue,Prostate cancer tissue,11,"tumor
tissues"
PXD066054,prostate cancer,KLA31_11,TCGA-G9-6494-01A,3.97209246541582,2.70019342359768,TCGA_PRAD_primary,KLA31_11,cancer_tissue,Prostate cancer tissue,11,"tumor
tissues"
PXD066054,prostate cancer,KLA31_11,TCGA-G9-6496-01A,3.84788610543994,2.73114119922631,TCGA_PRAD_primary,KLA31_11,cancer_tissue,Prostate cancer tissue,11,"tumor
tissues"
PXD066054,prostate cancer,KLA31_11,TCGA-G9-6498-01A,3.81099341940972,2.62282398452611,TCGA_PRAD_primary,KLA31_11,cancer_tissue,Prostate cancer tissue,11,"tumor
tissues"
PXD066054,prostate cancer,KLA31_11,TCGA-G9-6499-01A,3.86720773561701,2.69245647969052,TCGA_PRAD_primary,KLA31_11,cancer_tissue,Prostate cancer tissue,11,"tumor
tissues"
PXD066054,prostate cancer,KLA31_11,TCGA-G9-7509-01A,3.9380278574611,2.66924564796905,TCGA_PRAD_primary,KLA31_11,cancer_tissue,Prostate cancer tissue,11,"tumor
tissues"
PXD066054,prostate cancer,KLA31_11,TCGA-G9-7510-01A,3.83815467412297,2.68471953578337,TCGA_PRAD_primary,KLA31_11,cancer_tissue,Prostate cancer tissue,11,"tumor
tissues"
PXD066054,prostate cancer,KLA31_11,TCGA-G9-7519-01A,3.8321276015945,2.66924564796905,TCGA_PRAD_primary,KLA31_11,cancer_tissue,Prostate cancer tissue,11,"tumor
tissues"
PXD066054,prostate cancer,KLA31_11,TCGA-G9-7521-01A,4.00336785379808,2.70793036750484,TCGA_PRAD_primary,KLA31_11,cancer_tissue,Prostate cancer tissue,11,"tumor
tissues"
PXD066054,prostate cancer,KLA31_11,TCGA-G9-7522-01A,3.91056719803837,2.65377176015474,TCGA_PRAD_primary,KLA31_11,cancer_tissue,Prostate cancer tissue,11,"tumor
tissues"
PXD066054,prostate cancer,KLA31_11,TCGA-G9-7523-01A,3.67446854415506,2.61508704061896,TCGA_PRAD_primary,KLA31_11,cancer_tissue,Prostate cancer tissue,11,"tumor
tissues"
PXD066054,prostate cancer,KLA31_11,TCGA-G9-7525-01A,3.92253432588902,2.74661508704062,TCGA_PRAD_primary,KLA31_11,cancer_tissue,Prostate cancer tissue,11,"tumor
tissues"
PXD066054,prostate cancer,KLA31_11,TCGA-G9-A9S0-01A,4.00749620423428,2.76982591876209,TCGA_PRAD_primary,KLA31_11,cancer_tissue,Prostate cancer tissue,11,"tumor
tissues"
PXD066054,prostate cancer,KLA31_11,TCGA-G9-A9S4-01A,4.09312646397361,2.73887814313346,TCGA_PRAD_primary,KLA31_11,cancer_tissue,Prostate cancer tissue,11,"tumor
tissues"
PXD066054,prostate cancer,KLA31_11,TCGA-G9-A9S7-01A,4.02179289703372,2.75435203094778,TCGA_PRAD_primary,KLA31_11,cancer_tissue,Prostate cancer tissue,11,"tumor
tissues"
PXD066054,prostate cancer,KLA31_11,TCGA-H9-7775-01A,3.97061112041356,2.71566731141199,TCGA_PRAD_primary,KLA31_11,cancer_tissue,Prostate cancer tissue,11,"tumor
tissues"
PXD066054,prostate cancer,KLA31_11,TCGA-H9-A6BX-01A,3.8294498808433,2.68471953578337,TCGA_PRAD_primary,KLA31_11,cancer_tissue,Prostate cancer tissue,11,"tumor
tissues"
PXD066054,prostate cancer,KLA31_11,TCGA-H9-A6BY-01A,3.90576370348233,2.72340425531915,TCGA_PRAD_primary,KLA31_11,cancer_tissue,Prostate cancer tissue,11,"tumor
tissues"
PXD066054,prostate cancer,KLA31_11,TCGA-HC-7075-01A,4.0927349572908,2.73887814313346,TCGA_PRAD_primary,KLA31_11,cancer_tissue,Prostate cancer tissue,11,"tumor
tissues"
PXD066054,prostate cancer,KLA31_11,TCGA-HC-7077-01A,4.05214779030517,2.75435203094778,TCGA_PRAD_primary,KLA31_11,cancer_tissue,Prostate cancer tissue,11,"tumor
tissues"
PXD066054,prostate cancer,KLA31_11,TCGA-HC-7078-01A,3.94995377671351,2.70793036750484,TCGA_PRAD_primary,KLA31_11,cancer_tissue,Prostate cancer tissue,11,"tumor
tissues"
PXD066054,prostate cancer,KLA31_11,TCGA-HC-7079-01A,3.96985133750246,2.71566731141199,TCGA_PRAD_primary,KLA31_11,cancer_tissue,Prostate cancer tissue,11,"tumor
tissues"
PXD066054,prostate cancer,KLA31_11,TCGA-HC-7080-01A,3.95143059405554,2.70793036750484,TCGA_PRAD_primary,KLA31_11,cancer_tissue,Prostate cancer tissue,11,"tumor
tissues"
PXD066054,prostate cancer,KLA31_11,TCGA-HC-7081-01A,3.90163639821607,2.70793036750484,TCGA_PRAD_primary,KLA31_11,cancer_tissue,Prostate cancer tissue,11,"tumor
tissues"
PXD066054,prostate cancer,KLA31_11,TCGA-HC-7209-01A,3.97769796511152,2.70793036750484,TCGA_PRAD_primary,KLA31_11,cancer_tissue,Prostate cancer tissue,11,"tumor
tissues"
PXD066054,prostate cancer,KLA31_11,TCGA-HC-7210-01A,3.96432144331817,2.66924564796905,TCGA_PRAD_primary,KLA31_11,cancer_tissue,Prostate cancer tissue,11,"tumor
tissues"
PXD066054,prostate cancer,KLA31_11,TCGA-HC-7211-01A,4.1165639256079,2.72340425531915,TCGA_PRAD_primary,KLA31_11,cancer_tissue,Prostate cancer tissue,11,"tumor
tissues"
PXD066054,prostate cancer,KLA31_11,TCGA-HC-7212-01A,4.16523867948311,2.73114119922631,TCGA_PRAD_primary,KLA31_11,cancer_tissue,Prostate cancer tissue,11,"tumor
tissues"
PXD066054,prostate cancer,KLA31_11,TCGA-HC-7213-01A,4.09649356504304,2.74661508704062,TCGA_PRAD_primary,KLA31_11,cancer_tissue,Prostate cancer tissue,11,"tumor
tissues"
PXD066054,prostate cancer,KLA31_11,TCGA-HC-7230-01A,4.14079866309076,2.76208897485493,TCGA_PRAD_primary,KLA31_11,cancer_tissue,Prostate cancer tissue,11,"tumor
tissues"
PXD066054,prostate cancer,KLA31_11,TCGA-HC-7231-01A,4.02179289703372,2.66924564796905,TCGA_PRAD_primary,KLA31_11,cancer_tissue,Prostate cancer tissue,11,"tumor
tissues"
PXD066054,prostate cancer,KLA31_11,TCGA-HC-7232-01A,4.01842488965008,2.69245647969052,TCGA_PRAD_primary,KLA31_11,cancer_tissue,Prostate cancer tissue,11,"tumor
tissues"
PXD066054,prostate cancer,KLA31_11,TCGA-HC-7233-01A,4.07079495796819,2.70019342359768,TCGA_PRAD_primary,KLA31_11,cancer_tissue,Prostate cancer tissue,11,"tumor
tissues"
PXD066054,prostate cancer,KLA31_11,TCGA-HC-7736-01A,3.91433463661242,2.73114119922631,TCGA_PRAD_primary,KLA31_11,cancer_tissue,Prostate cancer tissue,11,"tumor
tissues"
PXD066054,prostate cancer,KLA31_11,TCGA-HC-7737-01A,3.8615822603545,2.66924564796905,TCGA_PRAD_primary,KLA31_11,cancer_tissue,Prostate cancer tissue,11,"tumor
tissues"
PXD066054,prostate cancer,KLA31_11,TCGA-HC-7738-01A,4.02636877619312,2.73887814313346,TCGA_PRAD_primary,KLA31_11,cancer_tissue,Prostate cancer tissue,11,"tumor
tissues"
PXD066054,prostate cancer,KLA31_11,TCGA-HC-7740-01A,3.82196722529162,2.6615087040619,TCGA_PRAD_primary,KLA31_11,cancer_tissue,Prostate cancer tissue,11,"tumor
tissues"
PXD066054,prostate cancer,KLA31_11,TCGA-HC-7740-01B,4.02372476055752,2.6615087040619,TCGA_PRAD_primary,KLA31_11,cancer_tissue,Prostate cancer tissue,11,"tumor
tissues"
PXD066054,prostate cancer,KLA31_11,TCGA-HC-7742-01A,3.94693729541938,2.72340425531915,TCGA_PRAD_primary,KLA31_11,cancer_tissue,Prostate cancer tissue,11,"tumor
tissues"
PXD066054,prostate cancer,KLA31_11,TCGA-HC-7744-01A,4.16334286544877,2.75435203094778,TCGA_PRAD_primary,KLA31_11,cancer_tissue,Prostate cancer tissue,11,"tumor
tissues"
PXD066054,prostate cancer,KLA31_11,TCGA-HC-7745-01A,3.88336302077844,2.6615087040619,TCGA_PRAD_primary,KLA31_11,cancer_tissue,Prostate cancer tissue,11,"tumor
tissues"
PXD066054,prostate cancer,KLA31_11,TCGA-HC-7747-01A,3.88038065466372,2.6615087040619,TCGA_PRAD_primary,KLA31_11,cancer_tissue,Prostate cancer tissue,11,"tumor
tissues"
PXD066054,prostate cancer,KLA31_11,TCGA-HC-7748-01A,4.01503529316553,2.67698259187621,TCGA_PRAD_primary,KLA31_11,cancer_tissue,Prostate cancer tissue,11,"tumor
tissues"
PXD066054,prostate cancer,KLA31_11,TCGA-HC-7749-01A,3.9657856967475,2.69245647969052,TCGA_PRAD_primary,KLA31_11,cancer_tissue,Prostate cancer tissue,11,"tumor
tissues"
PXD066054,prostate cancer,KLA31_11,TCGA-HC-7750-01A,3.86644473801307,2.67698259187621,TCGA_PRAD_primary,KLA31_11,cancer_tissue,Prostate cancer tissue,11,"tumor
tissues"
PXD066054,prostate cancer,KLA31_11,TCGA-HC-7752-01A,3.90576370348233,2.6073500967118,TCGA_PRAD_primary,KLA31_11,cancer_tissue,Prostate cancer tissue,11,"tumor
tissues"
PXD066054,prostate cancer,KLA31_11,TCGA-HC-7817-01B,3.87139753254197,2.71566731141199,TCGA_PRAD_primary,KLA31_11,cancer_tissue,Prostate cancer tissue,11,"tumor
tissues"
PXD066054,prostate cancer,KLA31_11,TCGA-HC-7818-01A,4.07002307184164,2.69245647969052,TCGA_PRAD_primary,KLA31_11,cancer_tissue,Prostate cancer tissue,11,"tumor
tissues"
PXD066054,prostate cancer,KLA31_11,TCGA-HC-7819-01A,4.0555405752105,2.73887814313346,TCGA_PRAD_primary,KLA31_11,cancer_tissue,Prostate cancer tissue,11,"tumor
tissues"
PXD066054,prostate cancer,KLA31_11,TCGA-HC-7820-01A,4.0157858143697,2.65377176015474,TCGA_PRAD_primary,KLA31_11,cancer_tissue,Prostate cancer tissue,11,"tumor
tissues"
PXD066054,prostate cancer,KLA31_11,TCGA-HC-7821-01A,3.96985133750246,2.70019342359768,TCGA_PRAD_primary,KLA31_11,cancer_tissue,Prostate cancer tissue,11,"tumor
tissues"
PXD066054,prostate cancer,KLA31_11,TCGA-HC-8213-01A,4.05786735685205,2.70793036750484,TCGA_PRAD_primary,KLA31_11,cancer_tissue,Prostate cancer tissue,11,"tumor
tissues"
PXD066054,prostate cancer,KLA31_11,TCGA-HC-8216-01A,4.07911697482983,2.71566731141199,TCGA_PRAD_primary,KLA31_11,cancer_tissue,Prostate cancer tissue,11,"tumor
tissues"
PXD066054,prostate cancer,KLA31_11,TCGA-HC-8256-01A,4.00224513599523,2.71566731141199,TCGA_PRAD_primary,KLA31_11,cancer_tissue,Prostate cancer tissue,11,"tumor
tissues"
PXD066054,prostate cancer,KLA31_11,TCGA-HC-8257-01A,4.02831028379935,2.69245647969052,TCGA_PRAD_primary,KLA31_11,cancer_tissue,Prostate cancer tissue,11,"tumor
tissues"
PXD066054,prostate cancer,KLA31_11,TCGA-HC-8258-01A,3.92522956689921,2.67698259187621,TCGA_PRAD_primary,KLA31_11,cancer_tissue,Prostate cancer tissue,11,"tumor
tissues"
PXD066054,prostate cancer,KLA31_11,TCGA-HC-8258-01B,4.17172160081668,2.63829787234043,TCGA_PRAD_primary,KLA31_11,cancer_tissue,Prostate cancer tissue,11,"tumor
tissues"
PXD066054,prostate cancer,KLA31_11,TCGA-HC-8259-01A,4.06585776848765,2.73114119922631,TCGA_PRAD_primary,KLA31_11,cancer_tissue,Prostate cancer tissue,11,"tumor
tissues"
PXD066054,prostate cancer,KLA31_11,TCGA-HC-8260-01A,3.97925038746667,2.66924564796905,TCGA_PRAD_primary,KLA31_11,cancer_tissue,Prostate cancer tissue,11,"tumor
tissues"
PXD066054,prostate cancer,KLA31_11,TCGA-HC-8261-01A,3.99806533893246,2.68471953578337,TCGA_PRAD_primary,KLA31_11,cancer_tissue,Prostate cancer tissue,11,"tumor
tissues"
PXD066054,prostate cancer,KLA31_11,TCGA-HC-8261-01B,4.22943338299426,2.69245647969052,TCGA_PRAD_primary,KLA31_11,cancer_tissue,Prostate cancer tissue,11,"tumor
tissues"
PXD066054,prostate cancer,KLA31_11,TCGA-HC-8262-01A,4.07572164409205,2.70793036750484,TCGA_PRAD_primary,KLA31_11,cancer_tissue,Prostate cancer tissue,11,"tumor
tissues"
PXD066054,prostate cancer,KLA31_11,TCGA-HC-8264-01B,3.87963348807998,2.69245647969052,TCGA_PRAD_primary,KLA31_11,cancer_tissue,Prostate cancer tissue,11,"tumor
tissues"
PXD066054,prostate cancer,KLA31_11,TCGA-HC-8265-01A,3.89010120628054,2.70019342359768,TCGA_PRAD_primary,KLA31_11,cancer_tissue,Prostate cancer tissue,11,"tumor
tissues"
PXD066054,prostate cancer,KLA31_11,TCGA-HC-8265-01B,4.23821322704253,2.72340425531915,TCGA_PRAD_primary,KLA31_11,cancer_tissue,Prostate cancer tissue,11,"tumor
tissues"
PXD066054,prostate cancer,KLA31_11,TCGA-HC-8266-01A,3.95105518935553,2.68471953578337,TCGA_PRAD_primary,KLA31_11,cancer_tissue,Prostate cancer tissue,11,"tumor
tissues"
PXD066054,prostate cancer,KLA31_11,TCGA-HC-A48F-01A,4.01993690176179,2.70793036750484,TCGA_PRAD_primary,KLA31_11,cancer_tissue,Prostate cancer tissue,11,"tumor
tissues"
PXD066054,prostate cancer,KLA31_11,TCGA-HC-A4ZV-01A,4.07911697482983,2.76208897485493,TCGA_PRAD_primary,KLA31_11,cancer_tissue,Prostate cancer tissue,11,"tumor
tissues"
PXD066054,prostate cancer,KLA31_11,TCGA-HC-A631-01A,4.0313280939972,2.76208897485493,TCGA_PRAD_primary,KLA31_11,cancer_tissue,Prostate cancer tissue,11,"tumor
tissues"
PXD066054,prostate cancer,KLA31_11,TCGA-HC-A632-01A,4.00599063367431,2.72340425531915,TCGA_PRAD_primary,KLA31_11,cancer_tissue,Prostate cancer tissue,11,"tumor
tissues"
PXD066054,prostate cancer,KLA31_11,TCGA-HC-A6AL-01A,3.82120798071184,2.69245647969052,TCGA_PRAD_primary,KLA31_11,cancer_tissue,Prostate cancer tissue,11,"tumor
tissues"
PXD066054,prostate cancer,KLA31_11,TCGA-HC-A6AN-01A,3.80914183954059,2.6615087040619,TCGA_PRAD_primary,KLA31_11,cancer_tissue,Prostate cancer tissue,11,"tumor
tissues"
PXD066054,prostate cancer,KLA31_11,TCGA-HC-A6AO-01A,3.89837655585388,2.71566731141199,TCGA_PRAD_primary,KLA31_11,cancer_tissue,Prostate cancer tissue,11,"tumor
tissues"
PXD066054,prostate cancer,KLA31_11,TCGA-HC-A6AP-01A,3.60878595254005,2.63829787234043,TCGA_PRAD_primary,KLA31_11,cancer_tissue,Prostate cancer tissue,11,"tumor
tissues"
PXD066054,prostate cancer,KLA31_11,TCGA-HC-A6AQ-01A,3.77594202861458,2.64603481624758,TCGA_PRAD_primary,KLA31_11,cancer_tissue,Prostate cancer tissue,11,"tumor
tissues"
PXD066054,prostate cancer,KLA31_11,TCGA-HC-A6AS-01A,3.75444496911868,2.63829787234043,TCGA_PRAD_primary,KLA31_11,cancer_tissue,Prostate cancer tissue,11,"tumor
tissues"
PXD066054,prostate cancer,KLA31_11,TCGA-HC-A6HX-01A,3.71167751603243,2.56092843326886,TCGA_PRAD_primary,KLA31_11,cancer_tissue,Prostate cancer tissue,11,"tumor
tissues"
PXD066054,prostate cancer,KLA31_11,TCGA-HC-A6HY-01A,3.88747401656924,2.70793036750484,TCGA_PRAD_primary,KLA31_11,cancer_tissue,Prostate cancer tissue,11,"tumor
tissues"
PXD066054,prostate cancer,KLA31_11,TCGA-HC-A76W-01A,3.91958491193765,2.6615087040619,TCGA_PRAD_primary,KLA31_11,cancer_tissue,Prostate cancer tissue,11,"tumor
tissues"
PXD066054,prostate cancer,KLA31_11,TCGA-HC-A76X-01A,4.1112334764103,2.76208897485493,TCGA_PRAD_primary,KLA31_11,cancer_tissue,Prostate cancer tissue,11,"tumor
tissues"
PXD066054,prostate cancer,KLA31_11,TCGA-HC-A8CY-01A,4.02831028379935,2.70793036750484,TCGA_PRAD_primary,KLA31_11,cancer_tissue,Prostate cancer tissue,11,"tumor
tissues"
PXD066054,prostate cancer,KLA31_11,TCGA-HC-A8D0-01A,4.01503529316553,2.69245647969052,TCGA_PRAD_primary,KLA31_11,cancer_tissue,Prostate cancer tissue,11,"tumor
tissues"
PXD066054,prostate cancer,KLA31_11,TCGA-HC-A8D1-01A,3.96204622243602,2.69245647969052,TCGA_PRAD_primary,KLA31_11,cancer_tissue,Prostate cancer tissue,11,"tumor
tissues"
PXD066054,prostate cancer,KLA31_11,TCGA-HC-A9TE-01A,3.82005180323026,2.65377176015474,TCGA_PRAD_primary,KLA31_11,cancer_tissue,Prostate cancer tissue,11,"tumor
tissues"
PXD066054,prostate cancer,KLA31_11,TCGA-HC-A9TH-01A,4.01655072457994,2.74661508704062,TCGA_PRAD_primary,KLA31_11,cancer_tissue,Prostate cancer tissue,11,"tumor
tissues"
PXD066054,prostate cancer,KLA31_11,TCGA-HI-7168-01A,3.90613259608495,2.67698259187621,TCGA_PRAD_primary,KLA31_11,cancer_tissue,Prostate cancer tissue,11,"tumor
tissues"
PXD066054,prostate cancer,KLA31_11,TCGA-HI-7169-01A,3.69046640435589,2.57640232108317,TCGA_PRAD_primary,KLA31_11,cancer_tissue,Prostate cancer tissue,11,"tumor
tissues"
PXD066054,prostate cancer,KLA31_11,TCGA-HI-7170-01A,3.7816222935855,2.65377176015474,TCGA_PRAD_primary,KLA31_11,cancer_tissue,Prostate cancer tissue,11,"tumor
tissues"
PXD066054,prostate cancer,KLA31_11,TCGA-HI-7171-01A,4.01238400914378,2.73114119922631,TCGA_PRAD_primary,KLA31_11,cancer_tissue,Prostate cancer tissue,11,"tumor
tissues"
PXD066054,prostate cancer,KLA31_11,TCGA-J4-8198-01A,4.13740419184071,2.67698259187621,TCGA_PRAD_primary,KLA31_11,cancer_tissue,Prostate cancer tissue,11,"tumor
tissues"
PXD066054,prostate cancer,KLA31_11,TCGA-J4-8200-01A,3.90015182267068,2.66924564796905,TCGA_PRAD_primary,KLA31_11,cancer_tissue,Prostate cancer tissue,11,"tumor
tissues"
PXD066054,prostate cancer,KLA31_11,TCGA-J4-A67K-01A,3.84640553700757,2.6615087040619,TCGA_PRAD_primary,KLA31_11,cancer_tissue,Prostate cancer tissue,11,"tumor
tissues"
PXD066054,prostate cancer,KLA31_11,TCGA-J4-A67L-01A,3.77366587792386,2.66924564796905,TCGA_PRAD_primary,KLA31_11,cancer_tissue,Prostate cancer tissue,11,"tumor
tissues"
PXD066054,prostate cancer,KLA31_11,TCGA-J4-A67M-01A,3.75070139308287,2.59187620889749,TCGA_PRAD_primary,KLA31_11,cancer_tissue,Prostate cancer tissue,11,"tumor
tissues"
PXD066054,prostate cancer,KLA31_11,TCGA-J4-A67N-01A,3.81213572991883,2.6615087040619,TCGA_PRAD_primary,KLA31_11,cancer_tissue,Prostate cancer tissue,11,"tumor
tissues"
PXD066054,prostate cancer,KLA31_11,TCGA-J4-A67O-01A,3.67710196226982,2.53771760154739,TCGA_PRAD_primary,KLA31_11,cancer_tissue,Prostate cancer tissue,11,"tumor
tissues"
PXD066054,prostate cancer,KLA31_11,TCGA-J4-A67Q-01A,3.70827001848508,2.58413926499033,TCGA_PRAD_primary,KLA31_11,cancer_tissue,Prostate cancer tissue,11,"tumor
tissues"
PXD066054,prostate cancer,KLA31_11,TCGA-J4-A67R-01A,3.74195033150926,2.58413926499033,TCGA_PRAD_primary,KLA31_11,cancer_tissue,Prostate cancer tissue,11,"tumor
tissues"
PXD066054,prostate cancer,KLA31_11,TCGA-J4-A67S-01A,3.85205131006879,2.63829787234043,TCGA_PRAD_primary,KLA31_11,cancer_tissue,Prostate cancer tissue,11,"tumor
tissues"
PXD066054,prostate cancer,KLA31_11,TCGA-J4-A67T-01A,3.91845958537255,2.67698259187621,TCGA_PRAD_primary,KLA31_11,cancer_tissue,Prostate cancer tissue,11,"tumor
tissues"
PXD066054,prostate cancer,KLA31_11,TCGA-J4-A6G1-01A,3.94655838291441,2.72340425531915,TCGA_PRAD_primary,KLA31_11,cancer_tissue,Prostate cancer tissue,11,"tumor
tissues"
PXD066054,prostate cancer,KLA31_11,TCGA-J4-A6G3-01A,3.91056719803837,2.71566731141199,TCGA_PRAD_primary,KLA31_11,cancer_tissue,Prostate cancer tissue,11,"tumor
tissues"
PXD066054,prostate cancer,KLA31_11,TCGA-J4-A6M7-01A,4.10481265134593,2.73114119922631,TCGA_PRAD_primary,KLA31_11,cancer_tissue,Prostate cancer tissue,11,"tumor
tissues"
PXD066054,prostate cancer,KLA31_11,TCGA-J4-A83I-01A,4.07231112728329,2.68471953578337,TCGA_PRAD_primary,KLA31_11,cancer_tissue,Prostate cancer tissue,11,"tumor
tissues"
PXD066054,prostate cancer,KLA31_11,TCGA-J4-A83J-01A,3.89237979384512,2.71566731141199,TCGA_PRAD_primary,KLA31_11,cancer_tissue,Prostate cancer tissue,11,"tumor
tissues"
PXD066054,prostate cancer,KLA31_11,TCGA-J4-A83K-01A,3.96015759818559,2.68471953578337,TCGA_PRAD_primary,KLA31_11,cancer_tissue,Prostate cancer tissue,11,"tumor
tissues"
PXD066054,prostate cancer,KLA31_11,TCGA-J4-A83L-01A,3.82083738752146,2.66924564796905,TCGA_PRAD_primary,KLA31_11,cancer_tissue,Prostate cancer tissue,11,"tumor
tissues"
PXD066054,prostate cancer,KLA31_11,TCGA-J4-A83M-01A,3.97886121562015,2.67698259187621,TCGA_PRAD_primary,KLA31_11,cancer_tissue,Prostate cancer tissue,11,"tumor
tissues"
PXD066054,prostate cancer,KLA31_11,TCGA-J4-A83N-01A,3.9541260702225,2.71566731141199,TCGA_PRAD_primary,KLA31_11,cancer_tissue,Prostate cancer tissue,11,"tumor
tissues"
PXD066054,prostate cancer,KLA31_11,TCGA-J4-AATV-01A,3.82005180323026,2.67698259187621,TCGA_PRAD_primary,KLA31_11,cancer_tissue,Prostate cancer tissue,11,"tumor
tissues"
PXD066054,prostate cancer,KLA31_11,TCGA-J4-AATZ-01A,4.12982020178257,2.72340425531915,TCGA_PRAD_primary,KLA31_11,cancer_tissue,Prostate cancer tissue,11,"tumor
tissues"
PXD066054,prostate cancer,KLA31_11,TCGA-J4-AAU2-01A,3.9350693115453,2.70019342359768,TCGA_PRAD_primary,KLA31_11,cancer_tissue,Prostate cancer tissue,11,"tumor
tissues"
PXD066054,prostate cancer,KLA31_11,TCGA-J9-A52B-01A,3.88519781791627,2.69245647969052,TCGA_PRAD_primary,KLA31_11,cancer_tissue,Prostate cancer tissue,11,"tumor
tissues"
PXD066054,prostate cancer,KLA31_11,TCGA-J9-A52C-01A,3.8336278377269,2.61508704061896,TCGA_PRAD_primary,KLA31_11,cancer_tissue,Prostate cancer tissue,11,"tumor
tissues"
PXD066054,prostate cancer,KLA31_11,TCGA-J9-A52D-01A,4.2274652415666,2.80851063829787,TCGA_PRAD_primary,KLA31_11,cancer_tissue,Prostate cancer tissue,11,"tumor
tissues"
PXD066054,prostate cancer,KLA31_11,TCGA-J9-A52E-01A,3.93652670579256,2.70793036750484,TCGA_PRAD_primary,KLA31_11,cancer_tissue,Prostate cancer tissue,11,"tumor
tissues"
PXD066054,prostate cancer,KLA31_11,TCGA-J9-A8CK-01A,3.89648519623736,2.69245647969052,TCGA_PRAD_primary,KLA31_11,cancer_tissue,Prostate cancer tissue,11,"tumor
tissues"
PXD066054,prostate cancer,KLA31_11,TCGA-J9-A8CL-01A,4.06889819139668,2.70019342359768,TCGA_PRAD_primary,KLA31_11,cancer_tissue,Prostate cancer tissue,11,"tumor
tissues"
PXD066054,prostate cancer,KLA31_11,TCGA-J9-A8CM-01A,3.90688185590539,2.71566731141199,TCGA_PRAD_primary,KLA31_11,cancer_tissue,Prostate cancer tissue,11,"tumor
tissues"
PXD066054,prostate cancer,KLA31_11,TCGA-J9-A8CN-01A,3.89800979000712,2.69245647969052,TCGA_PRAD_primary,KLA31_11,cancer_tissue,Prostate cancer tissue,11,"tumor
tissues"
PXD066054,prostate cancer,KLA31_11,TCGA-J9-A8CP-01A,3.9439789297192,2.69245647969052,TCGA_PRAD_primary,KLA31_11,cancer_tissue,Prostate cancer tissue,11,"tumor
tissues"
PXD066054,prostate cancer,KLA31_11,TCGA-KC-A4BL-01A,3.89536519069347,2.68471953578337,TCGA_PRAD_primary,KLA31_11,cancer_tissue,Prostate cancer tissue,11,"tumor
tissues"
PXD066054,prostate cancer,KLA31_11,TCGA-KC-A4BN-01A,3.98645488348034,2.70019342359768,TCGA_PRAD_primary,KLA31_11,cancer_tissue,Prostate cancer tissue,11,"tumor
tissues"
PXD066054,prostate cancer,KLA31_11,TCGA-KC-A4BR-01A,3.88038065466372,2.63056092843327,TCGA_PRAD_primary,KLA31_11,cancer_tissue,Prostate cancer tissue,11,"tumor
tissues"
PXD066054,prostate cancer,KLA31_11,TCGA-KC-A4BV-01A,4.03658686903939,2.70793036750484,TCGA_PRAD_primary,KLA31_11,cancer_tissue,Prostate cancer tissue,11,"tumor
tissues"
PXD066054,prostate cancer,KLA31_11,TCGA-KC-A7F3-01A,3.89086499546936,2.70019342359768,TCGA_PRAD_primary,KLA31_11,cancer_tissue,Prostate cancer tissue,11,"tumor
tissues"
PXD066054,prostate cancer,KLA31_11,TCGA-KC-A7F5-01A,3.90312245021356,2.75435203094778,TCGA_PRAD_primary,KLA31_11,cancer_tissue,Prostate cancer tissue,11,"tumor
tissues"
PXD066054,prostate cancer,KLA31_11,TCGA-KC-A7F6-01A,3.92068843356599,2.71566731141199,TCGA_PRAD_primary,KLA31_11,cancer_tissue,Prostate cancer tissue,11,"tumor
tissues"
PXD066054,prostate cancer,KLA31_11,TCGA-KC-A7FA-01A,3.8807535131116,2.65377176015474,TCGA_PRAD_primary,KLA31_11,cancer_tissue,Prostate cancer tissue,11,"tumor
tissues"
PXD066054,prostate cancer,KLA31_11,TCGA-KC-A7FD-01A,4.03961219583789,2.75435203094778,TCGA_PRAD_primary,KLA31_11,cancer_tissue,Prostate cancer tissue,11,"tumor
tissues"
PXD066054,prostate cancer,KLA31_11,TCGA-KC-A7FE-01A,3.87177456868741,2.66924564796905,TCGA_PRAD_primary,KLA31_11,cancer_tissue,Prostate cancer tissue,11,"tumor
tissues"
PXD066054,prostate cancer,KLA31_11,TCGA-KK-A59V-01A,4.19491617928892,2.75435203094778,TCGA_PRAD_primary,KLA31_11,cancer_tissue,Prostate cancer tissue,11,"tumor
tissues"
PXD066054,prostate cancer,KLA31_11,TCGA-KK-A59X-01A,3.98115886297985,2.76208897485493,TCGA_PRAD_primary,KLA31_11,cancer_tissue,Prostate cancer tissue,11,"tumor
tissues"
PXD066054,prostate cancer,KLA31_11,TCGA-KK-A59Y-01A,3.8442124479833,2.70019342359768,TCGA_PRAD_primary,KLA31_11,cancer_tissue,Prostate cancer tissue,11,"tumor
tissues"
PXD066054,prostate cancer,KLA31_11,TCGA-KK-A59Z-01A,3.76997185203699,2.65377176015474,TCGA_PRAD_primary,KLA31_11,cancer_tissue,Prostate cancer tissue,11,"tumor
tissues"
PXD066054,prostate cancer,KLA31_11,TCGA-KK-A5A1-01A,4.17396949661533,2.73887814313346,TCGA_PRAD_primary,KLA31_11,cancer_tissue,Prostate cancer tissue,11,"tumor
tissues"
PXD066054,prostate cancer,KLA31_11,TCGA-KK-A6DY-01A,3.89980662502984,2.66924564796905,TCGA_PRAD_primary,KLA31_11,cancer_tissue,Prostate cancer tissue,11,"tumor
tissues"
PXD066054,prostate cancer,KLA31_11,TCGA-KK-A6E0-01A,3.88709015686752,2.72340425531915,TCGA_PRAD_primary,KLA31_11,cancer_tissue,Prostate cancer tissue,11,"tumor
tissues"
PXD066054,prostate cancer,KLA31_11,TCGA-KK-A6E1-01A,4.04911577601466,2.77756286266925,TCGA_PRAD_primary,KLA31_11,cancer_tissue,Prostate cancer tissue,11,"tumor
tissues"
PXD066054,prostate cancer,KLA31_11,TCGA-KK-A6E2-01A,4.16182470882025,2.76982591876209,TCGA_PRAD_primary,KLA31_11,cancer_tissue,Prostate cancer tissue,11,"tumor
tissues"
PXD066054,prostate cancer,KLA31_11,TCGA-KK-A6E3-01A,3.63983219649568,2.63056092843327,TCGA_PRAD_primary,KLA31_11,cancer_tissue,Prostate cancer tissue,11,"tumor
tissues"
PXD066054,prostate cancer,KLA31_11,TCGA-KK-A6E4-01A,3.89837655585388,2.71566731141199,TCGA_PRAD_primary,KLA31_11,cancer_tissue,Prostate cancer tissue,11,"tumor
tissues"
PXD066054,prostate cancer,KLA31_11,TCGA-KK-A6E5-01A,3.85278492724528,2.68471953578337,TCGA_PRAD_primary,KLA31_11,cancer_tissue,Prostate cancer tissue,11,"tumor
tissues"
PXD066054,prostate cancer,KLA31_11,TCGA-KK-A6E6-01A,3.92180016149039,2.67698259187621,TCGA_PRAD_primary,KLA31_11,cancer_tissue,Prostate cancer tissue,11,"tumor
tissues"
PXD066054,prostate cancer,KLA31_11,TCGA-KK-A6E7-01A,4.01915855240658,2.75435203094778,TCGA_PRAD_primary,KLA31_11,cancer_tissue,Prostate cancer tissue,11,"tumor
tissues"
PXD066054,prostate cancer,KLA31_11,TCGA-KK-A6E8-01A,3.91657644853815,2.73887814313346,TCGA_PRAD_primary,KLA31_11,cancer_tissue,Prostate cancer tissue,11,"tumor
tissues"
PXD066054,prostate cancer,KLA31_11,TCGA-KK-A7AP-01A,4.0768602695276,2.71566731141199,TCGA_PRAD_primary,KLA31_11,cancer_tissue,Prostate cancer tissue,11,"tumor
tissues"
PXD066054,prostate cancer,KLA31_11,TCGA-KK-A7AQ-01A,3.74652296617968,2.67698259187621,TCGA_PRAD_primary,KLA31_11,cancer_tissue,Prostate cancer tissue,11,"tumor
tissues"
PXD066054,prostate cancer,KLA31_11,TCGA-KK-A7AU-01A,4.04797491796626,2.77756286266925,TCGA_PRAD_primary,KLA31_11,cancer_tissue,Prostate cancer tissue,11,"tumor
tissues"
PXD066054,prostate cancer,KLA31_11,TCGA-KK-A7AV-01A,3.87515082835585,2.6615087040619,TCGA_PRAD_primary,KLA31_11,cancer_tissue,Prostate cancer tissue,11,"tumor
tissues"
PXD066054,prostate cancer,KLA31_11,TCGA-KK-A7AW-01A,3.77632340878652,2.63056092843327,TCGA_PRAD_primary,KLA31_11,cancer_tissue,Prostate cancer tissue,11,"tumor
tissues"
PXD066054,prostate cancer,KLA31_11,TCGA-KK-A7AY-01A,3.80279022131033,2.6615087040619,TCGA_PRAD_primary,KLA31_11,cancer_tissue,Prostate cancer tissue,11,"tumor
tissues"
PXD066054,prostate cancer,KLA31_11,TCGA-KK-A7AZ-01A,3.87215000495075,2.70793036750484,TCGA_PRAD_primary,KLA31_11,cancer_tissue,Prostate cancer tissue,11,"tumor
tissues"
PXD066054,prostate cancer,KLA31_11,TCGA-KK-A7B0-01A,3.69084029022559,2.59961315280464,TCGA_PRAD_primary,KLA31_11,cancer_tissue,Prostate cancer tissue,11,"tumor
tissues"
PXD066054,prostate cancer,KLA31_11,TCGA-KK-A7B1-01A,3.931689990398,2.72340425531915,TCGA_PRAD_primary,KLA31_11,cancer_tissue,Prostate cancer tissue,11,"tumor
tissues"
PXD066054,prostate cancer,KLA31_11,TCGA-KK-A7B2-01A,3.85168631102358,2.62282398452611,TCGA_PRAD_primary,KLA31_11,cancer_tissue,Prostate cancer tissue,11,"tumor
tissues"
PXD066054,prostate cancer,KLA31_11,TCGA-KK-A7B3-01A,3.82454142381763,2.66924564796905,TCGA_PRAD_primary,KLA31_11,cancer_tissue,Prostate cancer tissue,11,"tumor
tissues"
PXD066054,prostate cancer,KLA31_11,TCGA-KK-A7B4-01A,4.0927349572908,2.76208897485493,TCGA_PRAD_primary,KLA31_11,cancer_tissue,Prostate cancer tissue,11,"tumor
tissues"
PXD066054,prostate cancer,KLA31_11,TCGA-KK-A8I4-01A,3.82344096892504,2.68471953578337,TCGA_PRAD_primary,KLA31_11,cancer_tissue,Prostate cancer tissue,11,"tumor
tissues"
PXD066054,prostate cancer,KLA31_11,TCGA-KK-A8I5-01A,3.91319829531491,2.66924564796905,TCGA_PRAD_primary,KLA31_11,cancer_tissue,Prostate cancer tissue,11,"tumor
tissues"
PXD066054,prostate cancer,KLA31_11,TCGA-KK-A8I6-01A,4.01182039506188,2.70793036750484,TCGA_PRAD_primary,KLA31_11,cancer_tissue,Prostate cancer tissue,11,"tumor
tissues"
PXD066054,prostate cancer,KLA31_11,TCGA-KK-A8I7-01A,3.83815467412297,2.71587743732591,TCGA_PRAD_primary,KLA31_11,cancer_tissue,Prostate cancer tissue,11,"tumor
tissues"
PXD066054,prostate cancer,KLA31_11,TCGA-KK-A8I8-01A,4.12868266182123,2.73887814313346,TCGA_PRAD_primary,KLA31_11,cancer_tissue,Prostate cancer tissue,11,"tumor
tissues"
PXD066054,prostate cancer,KLA31_11,TCGA-KK-A8I9-01A,3.85818324418418,2.67698259187621,TCGA_PRAD_primary,KLA31_11,cancer_tissue,Prostate cancer tissue,11,"tumor
tissues"
PXD066054,prostate cancer,KLA31_11,TCGA-KK-A8IA-01A,4.0275423999228,2.75435203094778,TCGA_PRAD_primary,KLA31_11,cancer_tissue,Prostate cancer tissue,11,"tumor
tissues"
PXD066054,prostate cancer,KLA31_11,TCGA-KK-A8IB-01A,3.84826773509618,2.66924564796905,TCGA_PRAD_primary,KLA31_11,cancer_tissue,Prostate cancer tissue,11,"tumor
tissues"
PXD066054,prostate cancer,KLA31_11,TCGA-KK-A8IC-01A,3.9380278574611,2.70793036750484,TCGA_PRAD_primary,KLA31_11,cancer_tissue,Prostate cancer tissue,11,"tumor
tissues"
PXD066054,prostate cancer,KLA31_11,TCGA-KK-A8ID-01A,4.12753828168594,2.76982591876209,TCGA_PRAD_primary,KLA31_11,cancer_tissue,Prostate cancer tissue,11,"tumor
tissues"
PXD066054,prostate cancer,KLA31_11,TCGA-KK-A8IF-01A,3.99582707130243,2.72340425531915,TCGA_PRAD_primary,KLA31_11,cancer_tissue,Prostate cancer tissue,11,"tumor
tissues"
PXD066054,prostate cancer,KLA31_11,TCGA-KK-A8IG-01A,3.8593118105027,2.6615087040619,TCGA_PRAD_primary,KLA31_11,cancer_tissue,Prostate cancer tissue,11,"tumor
tissues"
PXD066054,prostate cancer,KLA31_11,TCGA-KK-A8IH-01A,3.884084043732,2.69245647969052,TCGA_PRAD_primary,KLA31_11,cancer_tissue,Prostate cancer tissue,11,"tumor
tissues"
PXD066054,prostate cancer,KLA31_11,TCGA-KK-A8II-01A,4.09498016206609,2.75435203094778,TCGA_PRAD_primary,KLA31_11,cancer_tissue,Prostate cancer tissue,11,"tumor
tissues"
PXD066054,prostate cancer,KLA31_11,TCGA-KK-A8IJ-01A,3.92976900735729,2.70019342359768,TCGA_PRAD_primary,KLA31_11,cancer_tissue,Prostate cancer tissue,11,"tumor
tissues"
PXD066054,prostate cancer,KLA31_11,TCGA-KK-A8IK-01A,4.08141706489379,2.77756286266925,TCGA_PRAD_primary,KLA31_11,cancer_tissue,Prostate cancer tissue,11,"tumor
tissues"
PXD066054,prostate cancer,KLA31_11,TCGA-KK-A8IL-01A,4.02336238407319,2.69245647969052,TCGA_PRAD_primary,KLA31_11,cancer_tissue,Prostate cancer tissue,11,"tumor
tissues"
PXD066054,prostate cancer,KLA31_11,TCGA-KK-A8IM-01A,4.01012905637229,2.70793036750484,TCGA_PRAD_primary,KLA31_11,cancer_tissue,Prostate cancer tissue,11,"tumor
tissues"
PXD066054,prostate cancer,KLA31_11,TCGA-M7-A71Y-01A,3.87816569614802,2.66924564796905,TCGA_PRAD_primary,KLA31_11,cancer_tissue,Prostate cancer tissue,11,"tumor
tissues"
PXD066054,prostate cancer,KLA31_11,TCGA-M7-A71Z-01A,4.03544452813374,2.76208897485493,TCGA_PRAD_primary,KLA31_11,cancer_tissue,Prostate cancer tissue,11,"tumor
tissues"
PXD066054,prostate cancer,KLA31_11,TCGA-M7-A720-01A,3.94804233299989,2.66924564796905,TCGA_PRAD_primary,KLA31_11,cancer_tissue,Prostate cancer tissue,11,"tumor
tissues"
PXD066054,prostate cancer,KLA31_11,TCGA-M7-A721-01A,3.87740214278579,2.69245647969052,TCGA_PRAD_primary,KLA31_11,cancer_tissue,Prostate cancer tissue,11,"tumor
tissues"
PXD066054,prostate cancer,KLA31_11,TCGA-M7-A722-01A,4.02983946758337,2.72340425531915,TCGA_PRAD_primary,KLA31_11,cancer_tissue,Prostate cancer tissue,11,"tumor
tissues"
PXD066054,prostate cancer,KLA31_11,TCGA-M7-A723-01A,3.73177946636526,2.65377176015474,TCGA_PRAD_primary,KLA31_11,cancer_tissue,Prostate cancer tissue,11,"tumor
tissues"
PXD066054,prostate cancer,KLA31_11,TCGA-M7-A724-01A,4.10404419073098,2.80851063829787,TCGA_PRAD_primary,KLA31_11,cancer_tissue,Prostate cancer tissue,11,"tumor
tissues"
PXD066054,prostate cancer,KLA31_11,TCGA-M7-A725-01A,4.21344873750789,2.77756286266925,TCGA_PRAD_primary,KLA31_11,cancer_tissue,Prostate cancer tissue,11,"tumor
tissues"
PXD066054,prostate cancer,KLA31_11,TCGA-MG-AAMC-01A,3.92180016149039,2.68471953578337,TCGA_PRAD_primary,KLA31_11,cancer_tissue,Prostate cancer tissue,11,"tumor
tissues"
PXD066054,prostate cancer,KLA31_11,TCGA-QU-A6IL-01A,3.84459100193461,2.65377176015474,TCGA_PRAD_primary,KLA31_11,cancer_tissue,Prostate cancer tissue,11,"tumor
tissues"
PXD066054,prostate cancer,KLA31_11,TCGA-QU-A6IM-01A,3.68857482598021,2.58413926499033,TCGA_PRAD_primary,KLA31_11,cancer_tissue,Prostate cancer tissue,11,"tumor
tissues"
PXD066054,prostate cancer,KLA31_11,TCGA-QU-A6IN-01A,3.91433463661242,2.6615087040619,TCGA_PRAD_primary,KLA31_11,cancer_tissue,Prostate cancer tissue,11,"tumor
tissues"
PXD066054,prostate cancer,KLA31_11,TCGA-QU-A6IO-01A,3.7563747978739,2.63056092843327,TCGA_PRAD_primary,KLA31_11,cancer_tissue,Prostate cancer tissue,11,"tumor
tissues"
PXD066054,prostate cancer,KLA31_11,TCGA-QU-A6IP-01A,3.8615822603545,2.70019342359768,TCGA_PRAD_primary,KLA31_11,cancer_tissue,Prostate cancer tissue,11,"tumor
tissues"
PXD066054,prostate cancer,KLA31_11,TCGA-SU-A7E7-01A,3.99470264274418,2.69245647969052,TCGA_PRAD_primary,KLA31_11,cancer_tissue,Prostate cancer tissue,11,"tumor
tissues"
PXD066054,prostate cancer,KLA31_11,TCGA-TK-A8OK-01A,3.81852778680701,2.65377176015474,TCGA_PRAD_primary,KLA31_11,cancer_tissue,Prostate cancer tissue,11,"tumor
tissues"
PXD066054,prostate cancer,KLA31_11,TCGA-TP-A8TT-01A,4.00260261640207,2.66924564796905,TCGA_PRAD_primary,KLA31_11,cancer_tissue,Prostate cancer tissue,11,"tumor
tissues"
PXD066054,prostate cancer,KLA31_11,TCGA-TP-A8TV-01A,3.99845689557902,2.72340425531915,TCGA_PRAD_primary,KLA31_11,cancer_tissue,Prostate cancer tissue,11,"tumor
tissues"
PXD066054,prostate cancer,KLA31_11,TCGA-V1-A8MF-01A,3.80615342312753,2.68471953578337,TCGA_PRAD_primary,KLA31_11,cancer_tissue,Prostate cancer tissue,11,"tumor
tissues"
PXD066054,prostate cancer,KLA31_11,TCGA-V1-A8MG-01A,3.91281656575029,2.70019342359768,TCGA_PRAD_primary,KLA31_11,cancer_tissue,Prostate cancer tissue,11,"tumor
tissues"
PXD066054,prostate cancer,KLA31_11,TCGA-V1-A8MJ-01A,3.9210703921109,2.66924564796905,TCGA_PRAD_primary,KLA31_11,cancer_tissue,Prostate cancer tissue,11,"tumor
tissues"
PXD066054,prostate cancer,KLA31_11,TCGA-V1-A8MK-01A,3.86310289616371,2.66924564796905,TCGA_PRAD_primary,KLA31_11,cancer_tissue,Prostate cancer tissue,11,"tumor
tissues"
PXD066054,prostate cancer,KLA31_11,TCGA-V1-A8ML-01A,3.85777533420602,2.69245647969052,TCGA_PRAD_primary,KLA31_11,cancer_tissue,Prostate cancer tissue,11,"tumor
tissues"
PXD066054,prostate cancer,KLA31_11,TCGA-V1-A8MM-01A,3.78274046851905,2.68471953578337,TCGA_PRAD_primary,KLA31_11,cancer_tissue,Prostate cancer tissue,11,"tumor
tissues"
PXD066054,prostate cancer,KLA31_11,TCGA-V1-A8MU-01A,3.81024429485938,2.68471953578337,TCGA_PRAD_primary,KLA31_11,cancer_tissue,Prostate cancer tissue,11,"tumor
tissues"
PXD066054,prostate cancer,KLA31_11,TCGA-V1-A8WL-01A,3.90834093304546,2.68471953578337,TCGA_PRAD_primary,KLA31_11,cancer_tissue,Prostate cancer tissue,11,"tumor
tissues"
PXD066054,prostate cancer,KLA31_11,TCGA-V1-A8WN-01A,3.9567913916674,2.70793036750484,TCGA_PRAD_primary,KLA31_11,cancer_tissue,Prostate cancer tissue,11,"tumor
tissues"
PXD066054,prostate cancer,KLA31_11,TCGA-V1-A8WS-01A,4.1245166264722,2.75435203094778,TCGA_PRAD_primary,KLA31_11,cancer_tissue,Prostate cancer tissue,11,"tumor
tissues"
PXD066054,prostate cancer,KLA31_11,TCGA-V1-A8WV-01A,3.9301397589951,2.73114119922631,TCGA_PRAD_primary,KLA31_11,cancer_tissue,Prostate cancer tissue,11,"tumor
tissues"
PXD066054,prostate cancer,KLA31_11,TCGA-V1-A8WW-01A,3.88898102759621,2.72340425531915,TCGA_PRAD_primary,KLA31_11,cancer_tissue,Prostate cancer tissue,11,"tumor
tissues"
PXD066054,prostate cancer,KLA31_11,TCGA-V1-A8X3-01A,3.97246887440908,2.70793036750484,TCGA_PRAD_primary,KLA31_11,cancer_tissue,Prostate cancer tissue,11,"tumor
tissues"
PXD066054,prostate cancer,KLA31_11,TCGA-V1-A9O5-01A,4.0116423209367,2.75435203094778,TCGA_PRAD_primary,KLA31_11,cancer_tissue,Prostate cancer tissue,11,"tumor
tissues"
PXD066054,prostate cancer,KLA31_11,TCGA-V1-A9O7-01A,3.88038065466372,2.69245647969052,TCGA_PRAD_primary,KLA31_11,cancer_tissue,Prostate cancer tissue,11,"tumor
tissues"
PXD066054,prostate cancer,KLA31_11,TCGA-V1-A9O9-01A,3.9567913916674,2.72340425531915,TCGA_PRAD_primary,KLA31_11,cancer_tissue,Prostate cancer tissue,11,"tumor
tissues"
PXD066054,prostate cancer,KLA31_11,TCGA-V1-A9OA-01A,3.79033386388472,2.66924564796905,TCGA_PRAD_primary,KLA31_11,cancer_tissue,Prostate cancer tissue,11,"tumor
tissues"
PXD066054,prostate cancer,KLA31_11,TCGA-V1-A9OF-01A,4.02336238407319,2.70793036750484,TCGA_PRAD_primary,KLA31_11,cancer_tissue,Prostate cancer tissue,11,"tumor
tissues"
PXD066054,prostate cancer,KLA31_11,TCGA-V1-A9OH-01A,3.91166323217957,2.70019342359768,TCGA_PRAD_primary,KLA31_11,cancer_tissue,Prostate cancer tissue,11,"tumor
tissues"
PXD066054,prostate cancer,KLA31_11,TCGA-V1-A9OL-01A,4.0432163120166,2.76982591876209,TCGA_PRAD_primary,KLA31_11,cancer_tissue,Prostate cancer tissue,11,"tumor
tissues"
PXD066054,prostate cancer,KLA31_11,TCGA-V1-A9OQ-01A,3.79554427956441,2.70019342359768,TCGA_PRAD_primary,KLA31_11,cancer_tissue,Prostate cancer tissue,11,"tumor
tissues"
PXD066054,prostate cancer,KLA31_11,TCGA-V1-A9OT-01A,3.92714426269567,2.66924564796905,TCGA_PRAD_primary,KLA31_11,cancer_tissue,Prostate cancer tissue,11,"tumor
tissues"
PXD066054,prostate cancer,KLA31_11,TCGA-V1-A9OX-01A,3.83401502025722,2.69245647969052,TCGA_PRAD_primary,KLA31_11,cancer_tissue,Prostate cancer tissue,11,"tumor
tissues"
PXD066054,prostate cancer,KLA31_11,TCGA-V1-A9OY-01A,3.95793880780792,2.70019342359768,TCGA_PRAD_primary,KLA31_11,cancer_tissue,Prostate cancer tissue,11,"tumor
tissues"
PXD066054,prostate cancer,KLA31_11,TCGA-V1-A9Z7-01A,3.85470614028161,2.70793036750484,TCGA_PRAD_primary,KLA31_11,cancer_tissue,Prostate cancer tissue,11,"tumor
tissues"
PXD066054,prostate cancer,KLA31_11,TCGA-V1-A9Z8-01A,3.99961066393362,2.71566731141199,TCGA_PRAD_primary,KLA31_11,cancer_tissue,Prostate cancer tissue,11,"tumor
tissues"
PXD066054,prostate cancer,KLA31_11,TCGA-V1-A9Z9-01A,3.88223859075069,2.70019342359768,TCGA_PRAD_primary,KLA31_11,cancer_tissue,Prostate cancer tissue,11,"tumor
tissues"
PXD066054,prostate cancer,KLA31_11,TCGA-V1-A9ZG-01A,4.01387528948163,2.69245647969052,TCGA_PRAD_primary,KLA31_11,cancer_tissue,Prostate cancer tissue,11,"tumor
tissues"
PXD066054,prostate cancer,KLA31_11,TCGA-V1-A9ZI-01A,3.77557605217601,2.69245647969052,TCGA_PRAD_primary,KLA31_11,cancer_tissue,Prostate cancer tissue,11,"tumor
tissues"
PXD066054,prostate cancer,KLA31_11,TCGA-V1-A9ZK-01A,3.94958320960213,2.69245647969052,TCGA_PRAD_primary,KLA31_11,cancer_tissue,Prostate cancer tissue,11,"tumor
tissues"
PXD066054,prostate cancer,KLA31_11,TCGA-V1-A9ZR-01A,3.89350966874738,2.62282398452611,TCGA_PRAD_primary,KLA31_11,cancer_tissue,Prostate cancer tissue,11,"tumor
tissues"
PXD066054,prostate cancer,KLA31_11,TCGA-VN-A88I-01A,3.76805341656852,2.6073500967118,TCGA_PRAD_primary,KLA31_11,cancer_tissue,Prostate cancer tissue,11,"tumor
tissues"
PXD066054,prostate cancer,KLA31_11,TCGA-VN-A88K-01A,3.94842782476115,2.70019342359768,TCGA_PRAD_primary,KLA31_11,cancer_tissue,Prostate cancer tissue,11,"tumor
tissues"
PXD066054,prostate cancer,KLA31_11,TCGA-VN-A88L-01A,3.8158586564327,2.68471953578337,TCGA_PRAD_primary,KLA31_11,cancer_tissue,Prostate cancer tissue,11,"tumor
tissues"
PXD066054,prostate cancer,KLA31_11,TCGA-VN-A88M-01A,3.92481652474574,2.70793036750484,TCGA_PRAD_primary,KLA31_11,cancer_tissue,Prostate cancer tissue,11,"tumor
tissues"
PXD066054,prostate cancer,KLA31_11,TCGA-VN-A88N-01A,3.96432144331817,2.73114119922631,TCGA_PRAD_primary,KLA31_11,cancer_tissue,Prostate cancer tissue,11,"tumor
tissues"
PXD066054,prostate cancer,KLA31_11,TCGA-VN-A88O-01A,3.92828203171111,2.70793036750484,TCGA_PRAD_primary,KLA31_11,cancer_tissue,Prostate cancer tissue,11,"tumor
tissues"
PXD066054,prostate cancer,KLA31_11,TCGA-VN-A88P-01A,3.86194732264206,2.6615087040619,TCGA_PRAD_primary,KLA31_11,cancer_tissue,Prostate cancer tissue,11,"tumor
tissues"
PXD066054,prostate cancer,KLA31_11,TCGA-VN-A88Q-01A,4.07002307184164,2.72340425531915,TCGA_PRAD_primary,KLA31_11,cancer_tissue,Prostate cancer tissue,11,"tumor
tissues"
PXD066054,prostate cancer,KLA31_11,TCGA-VN-A88R-01A,3.86269879671678,2.73114119922631,TCGA_PRAD_primary,KLA31_11,cancer_tissue,Prostate cancer tissue,11,"tumor
tissues"
PXD066054,prostate cancer,KLA31_11,TCGA-VN-A943-01A,4.03998127424747,2.75435203094778,TCGA_PRAD_primary,KLA31_11,cancer_tissue,Prostate cancer tissue,11,"tumor
tissues"
PXD066054,prostate cancer,KLA31_11,TCGA-VP-A872-01A,3.79899191744411,2.6615087040619,TCGA_PRAD_primary,KLA31_11,cancer_tissue,Prostate cancer tissue,11,"tumor
tissues"
PXD066054,prostate cancer,KLA31_11,TCGA-VP-A875-01A,4.08896868634067,2.76208897485493,TCGA_PRAD_primary,KLA31_11,cancer_tissue,Prostate cancer tissue,11,"tumor
tissues"
PXD066054,prostate cancer,KLA31_11,TCGA-VP-A876-01A,4.13818976050001,2.76208897485493,TCGA_PRAD_primary,KLA31_11,cancer_tissue,Prostate cancer tissue,11,"tumor
tissues"
PXD066054,prostate cancer,KLA31_11,TCGA-VP-A878-01A,3.78691353425242,2.67698259187621,TCGA_PRAD_primary,KLA31_11,cancer_tissue,Prostate cancer tissue,11,"tumor
tissues"
PXD066054,prostate cancer,KLA31_11,TCGA-VP-A879-01A,3.8615822603545,2.6615087040619,TCGA_PRAD_primary,KLA31_11,cancer_tissue,Prostate cancer tissue,11,"tumor
tissues"
PXD066054,prostate cancer,KLA31_11,TCGA-VP-A87B-01A,3.96761456636954,2.70793036750484,TCGA_PRAD_primary,KLA31_11,cancer_tissue,Prostate cancer tissue,11,"tumor
tissues"
PXD066054,prostate cancer,KLA31_11,TCGA-VP-A87C-01A,3.95793880780792,2.70019342359768,TCGA_PRAD_primary,KLA31_11,cancer_tissue,Prostate cancer tissue,11,"tumor
tissues"
PXD066054,prostate cancer,KLA31_11,TCGA-VP-A87D-01A,4.2495854184759,2.71566731141199,TCGA_PRAD_primary,KLA31_11,cancer_tissue,Prostate cancer tissue,11,"tumor
tissues"
PXD066054,prostate cancer,KLA31_11,TCGA-VP-A87E-01A,3.77483980605898,2.64603481624758,TCGA_PRAD_primary,KLA31_11,cancer_tissue,Prostate cancer tissue,11,"tumor
tissues"
PXD066054,prostate cancer,KLA31_11,TCGA-VP-A87H-01A,4.01804059778875,2.72340425531915,TCGA_PRAD_primary,KLA31_11,cancer_tissue,Prostate cancer tissue,11,"tumor
tissues"
PXD066054,prostate cancer,KLA31_11,TCGA-VP-A87J-01A,4.04835510536938,2.72340425531915,TCGA_PRAD_primary,KLA31_11,cancer_tissue,Prostate cancer tissue,11,"tumor
tissues"
PXD066054,prostate cancer,KLA31_11,TCGA-VP-A87K-01A,4.07496794346909,2.73887814313346,TCGA_PRAD_primary,KLA31_11,cancer_tissue,Prostate cancer tissue,11,"tumor
tissues"
PXD066054,prostate cancer,KLA31_11,TCGA-VP-AA1N-01A,3.85509641237248,2.69245647969052,TCGA_PRAD_primary,KLA31_11,cancer_tissue,Prostate cancer tissue,11,"tumor
tissues"
PXD066054,prostate cancer,KLA31_11,TCGA-WW-A8ZI-01A,4.09424951118921,2.70019342359768,TCGA_PRAD_primary,KLA31_11,cancer_tissue,Prostate cancer tissue,11,"tumor
tissues"
PXD066054,prostate cancer,KLA31_11,TCGA-X4-A8KQ-01A,3.81625679468211,2.70019342359768,TCGA_PRAD_primary,KLA31_11,cancer_tissue,Prostate cancer tissue,11,"tumor
tissues"
PXD066054,prostate cancer,KLA31_11,TCGA-X4-A8KS-01A,3.80501841581599,2.67698259187621,TCGA_PRAD_primary,KLA31_11,cancer_tissue,Prostate cancer tissue,11,"tumor
tissues"
PXD066054,prostate cancer,KLA31_11,TCGA-XA-A8JR-01A,3.9236694045867,2.66924564796905,TCGA_PRAD_primary,KLA31_11,cancer_tissue,Prostate cancer tissue,11,"tumor
tissues"
PXD066054,prostate cancer,KLA31_11,TCGA-XJ-A83F-01A,3.88000815005664,2.73114119922631,TCGA_PRAD_primary,KLA31_11,cancer_tissue,Prostate cancer tissue,11,"tumor
tissues"
PXD066054,prostate cancer,KLA31_11,TCGA-XJ-A83G-01A,3.82608149251809,2.71566731141199,TCGA_PRAD_primary,KLA31_11,cancer_tissue,Prostate cancer tissue,11,"tumor
tissues"
PXD066054,prostate cancer,KLA31_11,TCGA-XJ-A83H-01A,3.92789992082428,2.70793036750484,TCGA_PRAD_primary,KLA31_11,cancer_tissue,Prostate cancer tissue,11,"tumor
tissues"
PXD066054,prostate cancer,KLA31_11,TCGA-XJ-A9DI-01A,3.92976900735729,2.69245647969052,TCGA_PRAD_primary,KLA31_11,cancer_tissue,Prostate cancer tissue,11,"tumor
tissues"
PXD066054,prostate cancer,KLA31_11,TCGA-XJ-A9DK-01A,3.8702601270306,2.69245647969052,TCGA_PRAD_primary,KLA31_11,cancer_tissue,Prostate cancer tissue,11,"tumor
tissues"
PXD066054,prostate cancer,KLA31_11,TCGA-XJ-A9DQ-01A,3.884084043732,2.66924564796905,TCGA_PRAD_primary,KLA31_11,cancer_tissue,Prostate cancer tissue,11,"tumor
tissues"
PXD066054,prostate cancer,KLA31_11,TCGA-XJ-A9DX-01A,3.93839155158522,2.70019342359768,TCGA_PRAD_primary,KLA31_11,cancer_tissue,Prostate cancer tissue,11,"tumor
tissues"
PXD066054,prostate cancer,KLA31_11,TCGA-XK-AAIR-01A,3.91281656575029,2.66924564796905,TCGA_PRAD_primary,KLA31_11,cancer_tissue,Prostate cancer tissue,11,"tumor
tissues"
PXD066054,prostate cancer,KLA31_11,TCGA-XK-AAIV-01A,4.08557515904867,2.76982591876209,TCGA_PRAD_primary,KLA31_11,cancer_tissue,Prostate cancer tissue,11,"tumor
tissues"
PXD066054,prostate cancer,KLA31_11,TCGA-XK-AAIW-01A,4.30248795152597,2.80851063829787,TCGA_PRAD_primary,KLA31_11,cancer_tissue,Prostate cancer tissue,11,"tumor
tissues"
PXD066054,prostate cancer,KLA31_11,TCGA-XK-AAJ3-01A,3.94995377671351,2.73114119922631,TCGA_PRAD_primary,KLA31_11,cancer_tissue,Prostate cancer tissue,11,"tumor
tissues"
PXD066054,prostate cancer,KLA31_11,TCGA-XK-AAJA-01A,3.92031892047449,2.71566731141199,TCGA_PRAD_primary,KLA31_11,cancer_tissue,Prostate cancer tissue,11,"tumor
tissues"
PXD066054,prostate cancer,KLA31_11,TCGA-XK-AAJP-01A,4.00224513599523,2.76982591876209,TCGA_PRAD_primary,KLA31_11,cancer_tissue,Prostate cancer tissue,11,"tumor
tissues"
PXD066054,prostate cancer,KLA31_11,TCGA-XK-AAJR-01A,3.93652670579256,2.71566731141199,TCGA_PRAD_primary,KLA31_11,cancer_tissue,Prostate cancer tissue,11,"tumor
tissues"
PXD066054,prostate cancer,KLA31_11,TCGA-XK-AAJT-01A,3.88336302077844,2.6615087040619,TCGA_PRAD_primary,KLA31_11,cancer_tissue,Prostate cancer tissue,11,"tumor
tissues"
PXD066054,prostate cancer,KLA31_11,TCGA-XK-AAJU-01A,3.90907442295223,2.68471953578337,TCGA_PRAD_primary,KLA31_11,cancer_tissue,Prostate cancer tissue,11,"tumor
tissues"
PXD066054,prostate cancer,KLA31_11,TCGA-XK-AAK1-01A,3.89425604423196,2.72340425531915,TCGA_PRAD_primary,KLA31_11,cancer_tissue,Prostate cancer tissue,11,"tumor
tissues"
PXD066054,prostate cancer,KLA31_11,TCGA-XQ-A8TA-01A,4.42213051967961,2.77756286266925,TCGA_PRAD_primary,KLA31_11,cancer_tissue,Prostate cancer tissue,11,"tumor
tissues"
PXD066054,prostate cancer,KLA31_11,TCGA-XQ-A8TB-01A,4.00823788283047,2.71566731141199,TCGA_PRAD_primary,KLA31_11,cancer_tissue,Prostate cancer tissue,11,"tumor
tissues"
PXD066054,prostate cancer,KLA31_11,TCGA-Y6-A8TL-01A,3.89837655585388,2.69245647969052,TCGA_PRAD_primary,KLA31_11,cancer_tissue,Prostate cancer tissue,11,"tumor
tissues"
PXD066054,prostate cancer,KLA31_11,TCGA-Y6-A9XI-01A,3.97061112041356,2.73887814313346,TCGA_PRAD_primary,KLA31_11,cancer_tissue,Prostate cancer tissue,11,"tumor
tissues"
PXD066054,prostate cancer,KLA31_11,TCGA-YJ-A8SW-01A,4.09498016206609,2.74661508704062,TCGA_PRAD_primary,KLA31_11,cancer_tissue,Prostate cancer tissue,11,"tumor
tissues"
PXD066054,prostate cancer,KLA31_11,TCGA-YL-A8HJ-01A,3.86349132203793,2.70019342359768,TCGA_PRAD_primary,KLA31_11,cancer_tissue,Prostate cancer tissue,11,"tumor
tissues"
PXD066054,prostate cancer,KLA31_11,TCGA-YL-A8HK-01A,3.93208143726271,2.71566731141199,TCGA_PRAD_primary,KLA31_11,cancer_tissue,Prostate cancer tissue,11,"tumor
tissues"
PXD066054,prostate cancer,KLA31_11,TCGA-YL-A8HL-01A,4.05177829831319,2.73114119922631,TCGA_PRAD_primary,KLA31_11,cancer_tissue,Prostate cancer tissue,11,"tumor
tissues"
PXD066054,prostate cancer,KLA31_11,TCGA-YL-A8HM-01A,4.07610378887434,2.77756286266925,TCGA_PRAD_primary,KLA31_11,cancer_tissue,Prostate cancer tissue,11,"tumor
tissues"
PXD066054,prostate cancer,KLA31_11,TCGA-YL-A8HO-01A,3.84007631870081,2.70793036750484,TCGA_PRAD_primary,KLA31_11,cancer_tissue,Prostate cancer tissue,11,"tumor
tissues"
PXD066054,prostate cancer,KLA31_11,TCGA-YL-A8S8-01A,3.98721912713882,2.73887814313346,TCGA_PRAD_primary,KLA31_11,cancer_tissue,Prostate cancer tissue,11,"tumor
tissues"
PXD066054,prostate cancer,KLA31_11,TCGA-YL-A8S9-01A,4.04568977805625,2.79303675048356,TCGA_PRAD_primary,KLA31_11,cancer_tissue,Prostate cancer tissue,11,"tumor
tissues"
PXD066054,prostate cancer,KLA31_11,TCGA-YL-A8SA-01A,4.03283689966487,2.73114119922631,TCGA_PRAD_primary,KLA31_11,cancer_tissue,Prostate cancer tissue,11,"tumor
tissues"
PXD066054,prostate cancer,KLA31_11,TCGA-YL-A8SB-01A,3.91958491193765,2.69245647969052,TCGA_PRAD_primary,KLA31_11,cancer_tissue,Prostate cancer tissue,11,"tumor
tissues"
PXD066054,prostate cancer,KLA31_11,TCGA-YL-A8SC-01A,4.09462816178474,2.75435203094778,TCGA_PRAD_primary,KLA31_11,cancer_tissue,Prostate cancer tissue,11,"tumor
tissues"
PXD066054,prostate cancer,KLA31_11,TCGA-YL-A8SF-01A,4.0719293253336,2.75435203094778,TCGA_PRAD_primary,KLA31_11,cancer_tissue,Prostate cancer tissue,11,"tumor
tissues"
PXD066054,prostate cancer,KLA31_11,TCGA-YL-A8SH-01B,3.8826024366175,2.70793036750484,TCGA_PRAD_primary,KLA31_11,cancer_tissue,Prostate cancer tissue,11,"tumor
tissues"
PXD066054,prostate cancer,KLA31_11,TCGA-YL-A8SI-01A,3.89237979384512,2.67698259187621,TCGA_PRAD_primary,KLA31_11,cancer_tissue,Prostate cancer tissue,11,"tumor
tissues"
PXD066054,prostate cancer,KLA31_11,TCGA-YL-A8SJ-01B,3.99621858163989,2.71566731141199,TCGA_PRAD_primary,KLA31_11,cancer_tissue,Prostate cancer tissue,11,"tumor
tissues"
PXD066054,prostate cancer,KLA31_11,TCGA-YL-A8SK-01B,3.85509641237248,2.67698259187621,TCGA_PRAD_primary,KLA31_11,cancer_tissue,Prostate cancer tissue,11,"tumor
tissues"
PXD066054,prostate cancer,KLA31_11,TCGA-YL-A8SL-01B,4.21570755518631,2.76982591876209,TCGA_PRAD_primary,KLA31_11,cancer_tissue,Prostate cancer tissue,11,"tumor
tissues"
PXD066054,prostate cancer,KLA31_11,TCGA-YL-A8SO-01B,3.82045127352837,2.73114119922631,TCGA_PRAD_primary,KLA31_11,cancer_tissue,Prostate cancer tissue,11,"tumor
tissues"
PXD066054,prostate cancer,KLA31_11,TCGA-YL-A8SP-01B,4.18077757158915,2.74661508704062,TCGA_PRAD_primary,KLA31_11,cancer_tissue,Prostate cancer tissue,11,"tumor
tissues"
PXD066054,prostate cancer,KLA31_11,TCGA-YL-A8SQ-01B,3.91433463661242,2.71566731141199,TCGA_PRAD_primary,KLA31_11,cancer_tissue,Prostate cancer tissue,11,"tumor
tissues"
PXD066054,prostate cancer,KLA31_11,TCGA-YL-A8SR-01B,3.8702601270306,2.70019342359768,TCGA_PRAD_primary,KLA31_11,cancer_tissue,Prostate cancer tissue,11,"tumor
tissues"
PXD066054,prostate cancer,KLA31_11,TCGA-YL-A9WH-01A,4.17433436401794,2.7852998065764,TCGA_PRAD_primary,KLA31_11,cancer_tissue,Prostate cancer tissue,11,"tumor
tissues"
PXD066054,prostate cancer,KLA31_11,TCGA-YL-A9WI-01A,4.09122438650654,2.7852998065764,TCGA_PRAD_primary,KLA31_11,cancer_tissue,Prostate cancer tissue,11,"tumor
tissues"
PXD066054,prostate cancer,KLA31_11,TCGA-YL-A9WJ-01A,3.92031892047449,2.70793036750484,TCGA_PRAD_primary,KLA31_11,cancer_tissue,Prostate cancer tissue,11,"tumor
tissues"
PXD066054,prostate cancer,KLA31_11,TCGA-YL-A9WK-01A,3.9350693115453,2.6615087040619,TCGA_PRAD_primary,KLA31_11,cancer_tissue,Prostate cancer tissue,11,"tumor
tissues"
PXD066054,prostate cancer,KLA31_11,TCGA-YL-A9WL-01A,3.99202653032737,2.76208897485493,TCGA_PRAD_primary,KLA31_11,cancer_tissue,Prostate cancer tissue,11,"tumor
tissues"
PXD066054,prostate cancer,KLA31_11,TCGA-YL-A9WX-01A,3.91469963360683,2.66924564796905,TCGA_PRAD_primary,KLA31_11,cancer_tissue,Prostate cancer tissue,11,"tumor
tissues"
PXD066054,prostate cancer,KLA31_11,TCGA-YL-A9WY-01A,4.02410955665415,2.73114119922631,TCGA_PRAD_primary,KLA31_11,cancer_tissue,Prostate cancer tissue,11,"tumor
tissues"
PXD066054,prostate cancer,KLA31_11,TCGA-ZG-A8QW-01A,3.87330273807448,2.70019342359768,TCGA_PRAD_primary,KLA31_11,cancer_tissue,Prostate cancer tissue,11,"tumor
tissues"
PXD066054,prostate cancer,KLA31_11,TCGA-ZG-A8QX-01A,3.8460187846192,2.68471953578337,TCGA_PRAD_primary,KLA31_11,cancer_tissue,Prostate cancer tissue,11,"tumor
tissues"
PXD066054,prostate cancer,KLA31_11,TCGA-ZG-A8QY-01A,3.84981724848353,2.71566731141199,TCGA_PRAD_primary,KLA31_11,cancer_tissue,Prostate cancer tissue,11,"tumor
tissues"
PXD066054,prostate cancer,KLA31_11,TCGA-ZG-A8QZ-01A,3.98981235090215,2.68471953578337,TCGA_PRAD_primary,KLA31_11,cancer_tissue,Prostate cancer tissue,11,"tumor
tissues"
PXD066054,prostate cancer,KLA31_11,TCGA-ZG-A9KY-01A,4.26214114051006,2.7852998065764,TCGA_PRAD_primary,KLA31_11,cancer_tissue,Prostate cancer tissue,11,"tumor
tissues"
PXD066054,prostate cancer,KLA31_11,TCGA-ZG-A9L0-01A,3.89945459661999,2.70019342359768,TCGA_PRAD_primary,KLA31_11,cancer_tissue,Prostate cancer tissue,11,"tumor
tissues"
PXD066054,prostate cancer,KLA31_11,TCGA-ZG-A9L1-01A,3.95336456298659,2.74661508704062,TCGA_PRAD_primary,KLA31_11,cancer_tissue,Prostate cancer tissue,11,"tumor
tissues"
PXD066054,prostate cancer,KLA31_11,TCGA-ZG-A9L2-01A,3.93357252286249,2.71566731141199,TCGA_PRAD_primary,KLA31_11,cancer_tissue,Prostate cancer tissue,11,"tumor
tissues"
PXD066054,prostate cancer,KLA31_11,TCGA-ZG-A9L4-01A,3.87177456868741,2.70793036750484,TCGA_PRAD_primary,KLA31_11,cancer_tissue,Prostate cancer tissue,11,"tumor
tissues"
PXD066054,prostate cancer,KLA31_11,TCGA-ZG-A9L5-01A,4.14796398965679,2.73887814313346,TCGA_PRAD_primary,KLA31_11,cancer_tissue,Prostate cancer tissue,11,"tumor
tissues"
PXD066054,prostate cancer,KLA31_11,TCGA-ZG-A9L6-01A,3.87367266878481,2.6615087040619,TCGA_PRAD_primary,KLA31_11,cancer_tissue,Prostate cancer tissue,11,"tumor
tissues"
PXD066054,prostate cancer,KLA31_11,TCGA-ZG-A9L9-01A,3.87515082835585,2.69245647969052,TCGA_PRAD_primary,KLA31_11,cancer_tissue,Prostate cancer tissue,11,"tumor
tissues"
PXD066054,prostate cancer,KLA31_11,TCGA-ZG-A9LB-01A,3.96873989886736,2.69245647969052,TCGA_PRAD_primary,KLA31_11,cancer_tissue,Prostate cancer tissue,11,"tumor
tissues"
PXD066054,prostate cancer,KLA31_11,TCGA-ZG-A9LM-01A,3.92291215806023,2.70019342359768,TCGA_PRAD_primary,KLA31_11,cancer_tissue,Prostate cancer tissue,11,"tumor
tissues"
PXD066054,prostate cancer,KLA31_11,TCGA-ZG-A9LN-01A,3.93578174586387,2.71566731141199,TCGA_PRAD_primary,KLA31_11,cancer_tissue,Prostate cancer tissue,11,"tumor
tissues"
PXD066054,prostate cancer,KLA31_11,TCGA-ZG-A9LS-01A,3.82196722529162,2.69245647969052,TCGA_PRAD_primary,KLA31_11,cancer_tissue,Prostate cancer tissue,11,"tumor
tissues"
PXD066054,prostate cancer,KLA31_11,TCGA-ZG-A9LU-01A,3.88672402093047,2.69245647969052,TCGA_PRAD_primary,KLA31_11,cancer_tissue,Prostate cancer tissue,11,"tumor
tissues"
PXD066054,prostate cancer,KLA31_11,TCGA-ZG-A9LY-01A,3.99771184821744,2.68471953578337,TCGA_PRAD_primary,KLA31_11,cancer_tissue,Prostate cancer tissue,11,"tumor
tissues"
PXD066054,prostate cancer,KLA31_11,TCGA-ZG-A9LZ-01A,4.00035949814059,2.70793036750484,TCGA_PRAD_primary,KLA31_11,cancer_tissue,Prostate cancer tissue,11,"tumor
tissues"
PXD066054,prostate cancer,KLA31_11,TCGA-ZG-A9M4-01A,3.96204622243602,2.70040235221294,TCGA_PRAD_primary,KLA31_11,cancer_tissue,Prostate cancer tissue,11,"tumor
tissues"
PXD066054,prostate cancer,KLA31_11,TCGA-ZG-A9MC-01A,3.92031892047449,2.67698259187621,TCGA_PRAD_primary,KLA31_11,cancer_tissue,Prostate cancer tissue,11,"tumor
tissues"
PXD066054,prostate cancer,KLA31_11,TCGA-ZG-A9N3-01A,4.19863618908102,2.79303675048356,TCGA_PRAD_primary,KLA31_11,cancer_tissue,Prostate cancer tissue,11,"tumor
tissues"
PXD066054,prostate cancer,KLA31_11,TCGA-ZG-A9ND-01A,3.92142874136944,2.75435203094778,TCGA_PRAD_primary,KLA31_11,cancer_tissue,Prostate cancer tissue,11,"tumor
tissues"
PXD066054,prostate cancer,KLA31_11,TCGA-ZG-A9NI-01A,3.8294498808433,2.72340425531915,TCGA_PRAD_primary,KLA31_11,cancer_tissue,Prostate cancer tissue,11,"tumor
tissues"
PXD070007,glioblastoma stem cells,KLA31_23,GSM8255530,4.66437981846991,3.04934238083271,GSE266884_MES28_vector_control,KLA31_23,cancer_cells,Glioblastoma stem-cell models,24,"cancer
cell lines"
PXD070007,glioblastoma stem cells,KLA31_23,GSM8255531,4.64958853606985,3.04934238083271,GSE266884_MES28_vector_control,KLA31_23,cancer_cells,Glioblastoma stem-cell models,24,"cancer
cell lines"
PXD070007,glioblastoma stem cells,KLA31_23,GSM8255534,4.74874962819651,3.04934238083271,GSE266884_MES28_vector_control,KLA31_23,cancer_cells,Glioblastoma stem-cell models,24,"cancer
cell lines"
PXD070007,glioblastoma stem cells,KLA31_23,GSM8255535,4.73803904414856,3.04934238083271,GSE266884_MES28_vector_control,KLA31_23,cancer_cells,Glioblastoma stem-cell models,24,"cancer
cell lines"
PXD070007,neural stem cells,KLA31_30,GSM3384847,3.2113188702202,3.16013100823227,GSE119834_NSC,KLA31_30,normal_cells,Neural stem-cell models,33,"normal
cell lines"
PXD070007,neural stem cells,KLA31_30,GSM3384849,3.74533736820189,3.16013100823227,GSE119834_NSC,KLA31_30,normal_cells,Neural stem-cell models,33,"normal
cell lines"
PXD070007,neural stem cells,KLA31_30,GSM3384850,2.82392475781805,3.1424271930601,GSE119834_NSC,KLA31_30,normal_cells,Neural stem-cell models,33,"normal
cell lines"
PXD070007,neural stem cells,KLA31_30,GSM3384851,2.94218011473742,3.13357528547402,GSE119834_NSC,KLA31_30,normal_cells,Neural stem-cell models,33,"normal
cell lines"
PXD070007,neural stem cells,KLA31_30,GSM3384852,3.02099579315377,3.17783482340444,GSE119834_NSC,KLA31_30,normal_cells,Neural stem-cell models,33,"normal
cell lines"
PXD070007,neural stem cells,KLA31_30,GSM3384853,3.04356617551484,3.16898291581836,GSE119834_NSC,KLA31_30,normal_cells,Neural stem-cell models,33,"normal
cell lines"
PXD070007,neural stem cells,KLA31_30,GSM3384854,3.28253171538728,3.19553863857661,GSE119834_NSC,KLA31_30,normal_cells,Neural stem-cell models,33,"normal
cell lines"
PXD070007,neural stem cells,KLA31_30,GSM3384855,3.84310125334724,3.15127910064619,GSE119834_NSC,KLA31_30,normal_cells,Neural stem-cell models,33,"normal
cell lines"
PXD073311,HUVEC control and Pg infection,KLA31_31,GSM6176178,4.51392671356577,3.06122448979592,HUVEC_untreated,KLA31_31,normal_cells,HUVECs (A0h baseline),34,"normal
cell lines"
PXD073311,HUVEC control and Pg infection,KLA31_31,GSM6176183,4.54443847742015,3.06122448979592,HUVEC_untreated,KLA31_31,normal_cells,HUVECs (A0h baseline),34,"normal
cell lines"
PXD073311,HUVEC control and Pg infection,KLA31_31,GSM6176188,4.49807305312638,3.04449648711944,HUVEC_untreated,KLA31_31,normal_cells,HUVECs (A0h baseline),34,"normal
cell lines"
PXD073311,HUVEC control and Pg infection,KLA31_31,GSM6176193,4.46934978424913,3.05286048845768,HUVEC_untreated,KLA31_31,normal_cells,HUVECs (A0h baseline),34,"normal
cell lines"
PXD075377,HCC,KLA31_12,TCGA-2V-A95S-01A,3.51398163081125,2.92382878328278,TCGA_LIHC_primary,KLA31_12,cancer_tissue,Primary HCC tissue,12,"tumor
tissues"
PXD075377,HCC,KLA31_12,TCGA-2Y-A9GS-01A,3.54313607452026,2.98281092012134,TCGA_LIHC_primary,KLA31_12,cancer_tissue,Primary HCC tissue,12,"tumor
tissues"
PXD075377,HCC,KLA31_12,TCGA-2Y-A9GT-01A,3.33214770125082,2.92382878328278,TCGA_LIHC_primary,KLA31_12,cancer_tissue,Primary HCC tissue,12,"tumor
tissues"
PXD075377,HCC,KLA31_12,TCGA-2Y-A9GU-01A,3.34662626249803,2.94068082237951,TCGA_LIHC_primary,KLA31_12,cancer_tissue,Primary HCC tissue,12,"tumor
tissues"
PXD075377,HCC,KLA31_12,TCGA-2Y-A9GV-01A,3.19234674056956,2.86484664644422,TCGA_LIHC_primary,KLA31_12,cancer_tissue,Primary HCC tissue,12,"tumor
tissues"
PXD075377,HCC,KLA31_12,TCGA-2Y-A9GW-01A,3.15671139929632,2.82271654870239,TCGA_LIHC_primary,KLA31_12,cancer_tissue,Primary HCC tissue,12,"tumor
tissues"
PXD075377,HCC,KLA31_12,TCGA-2Y-A9GX-01A,3.27904850138609,2.85642062689585,TCGA_LIHC_primary,KLA31_12,cancer_tissue,Primary HCC tissue,12,"tumor
tissues"
PXD075377,HCC,KLA31_12,TCGA-2Y-A9GY-01A,3.47574036210422,2.94910684192787,TCGA_LIHC_primary,KLA31_12,cancer_tissue,Primary HCC tissue,12,"tumor
tissues"
PXD075377,HCC,KLA31_12,TCGA-2Y-A9GZ-01A,3.3281210700667,2.93225480283114,TCGA_LIHC_primary,KLA31_12,cancer_tissue,Primary HCC tissue,12,"tumor
tissues"
PXD075377,HCC,KLA31_12,TCGA-2Y-A9H0-01A,3.49911376440995,2.9659588810246,TCGA_LIHC_primary,KLA31_12,cancer_tissue,Primary HCC tissue,12,"tumor
tissues"
PXD075377,HCC,KLA31_12,TCGA-2Y-A9H1-01A,3.15103896170159,2.72160431412201,TCGA_LIHC_primary,KLA31_12,cancer_tissue,Primary HCC tissue,12,"tumor
tissues"
PXD075377,HCC,KLA31_12,TCGA-2Y-A9H2-01A,3.47826610916589,2.92382878328278,TCGA_LIHC_primary,KLA31_12,cancer_tissue,Primary HCC tissue,12,"tumor
tissues"
PXD075377,HCC,KLA31_12,TCGA-2Y-A9H3-01A,3.02708047572464,2.70475227502528,TCGA_LIHC_primary,KLA31_12,cancer_tissue,Primary HCC tissue,12,"tumor
tissues"
PXD075377,HCC,KLA31_12,TCGA-2Y-A9H4-01A,3.43442125674949,2.90697674418605,TCGA_LIHC_primary,KLA31_12,cancer_tissue,Primary HCC tissue,12,"tumor
tissues"
PXD075377,HCC,KLA31_12,TCGA-2Y-A9H5-01A,3.26591372237767,2.87327266599259,TCGA_LIHC_primary,KLA31_12,cancer_tissue,Primary HCC tissue,12,"tumor
tissues"
PXD075377,HCC,KLA31_12,TCGA-2Y-A9H6-01A,3.19195365913393,2.7974384900573,TCGA_LIHC_primary,KLA31_12,cancer_tissue,Primary HCC tissue,12,"tumor
tissues"
PXD075377,HCC,KLA31_12,TCGA-2Y-A9H7-01A,3.4124802263143,2.97438490057297,TCGA_LIHC_primary,KLA31_12,cancer_tissue,Primary HCC tissue,12,"tumor
tissues"
PXD075377,HCC,KLA31_12,TCGA-2Y-A9H8-01A,3.44253931250201,2.89012470508932,TCGA_LIHC_primary,KLA31_12,cancer_tissue,Primary HCC tissue,12,"tumor
tissues"
PXD075377,HCC,KLA31_12,TCGA-2Y-A9H9-01A,3.38088132085165,2.94068082237951,TCGA_LIHC_primary,KLA31_12,cancer_tissue,Primary HCC tissue,12,"tumor
tissues"
PXD075377,HCC,KLA31_12,TCGA-2Y-A9HA-01A,3.32567637776145,2.9659588810246,TCGA_LIHC_primary,KLA31_12,cancer_tissue,Primary HCC tissue,12,"tumor
tissues"
PXD075377,HCC,KLA31_12,TCGA-2Y-A9HB-01A,3.40495011143955,2.89012470508932,TCGA_LIHC_primary,KLA31_12,cancer_tissue,Primary HCC tissue,12,"tumor
tissues"
PXD075377,HCC,KLA31_12,TCGA-3K-AAZ8-01A,3.29101139729568,2.92382878328278,TCGA_LIHC_primary,KLA31_12,cancer_tissue,Primary HCC tissue,12,"tumor
tissues"
PXD075377,HCC,KLA31_12,TCGA-4R-AA8I-01A,3.34418491292646,2.88169868554095,TCGA_LIHC_primary,KLA31_12,cancer_tissue,Primary HCC tissue,12,"tumor
tissues"
PXD075377,HCC,KLA31_12,TCGA-5C-A9VG-01A,3.59809022343921,2.94910684192787,TCGA_LIHC_primary,KLA31_12,cancer_tissue,Primary HCC tissue,12,"tumor
tissues"
PXD075377,HCC,KLA31_12,TCGA-5C-A9VH-01A,3.19754893894593,2.88145589350409,TCGA_LIHC_primary,KLA31_12,cancer_tissue,Primary HCC tissue,12,"tumor
tissues"
PXD075377,HCC,KLA31_12,TCGA-5C-AAPD-01A,3.38169595573701,2.85642062689585,TCGA_LIHC_primary,KLA31_12,cancer_tissue,Primary HCC tissue,12,"tumor
tissues"
PXD075377,HCC,KLA31_12,TCGA-5R-AA1C-01A,3.48644431684224,2.9659588810246,TCGA_LIHC_primary,KLA31_12,cancer_tissue,Primary HCC tissue,12,"tumor
tissues"
PXD075377,HCC,KLA31_12,TCGA-5R-AA1D-01A,3.1235367311937,2.7974384900573,TCGA_LIHC_primary,KLA31_12,cancer_tissue,Primary HCC tissue,12,"tumor
tissues"
PXD075377,HCC,KLA31_12,TCGA-5R-AAAM-01A,3.08031433563541,2.83114256825076,TCGA_LIHC_primary,KLA31_12,cancer_tissue,Primary HCC tissue,12,"tumor
tissues"
PXD075377,HCC,KLA31_12,TCGA-BC-4072-01B,3.51518565991829,2.90697674418605,TCGA_LIHC_primary,KLA31_12,cancer_tissue,Primary HCC tissue,12,"tumor
tissues"
PXD075377,HCC,KLA31_12,TCGA-BC-4073-01B,3.54271072511573,2.92382878328278,TCGA_LIHC_primary,KLA31_12,cancer_tissue,Primary HCC tissue,12,"tumor
tissues"
PXD075377,HCC,KLA31_12,TCGA-BC-A10Q-01A,3.29874983503607,2.94910684192787,TCGA_LIHC_primary,KLA31_12,cancer_tissue,Primary HCC tissue,12,"tumor
tissues"
PXD075377,HCC,KLA31_12,TCGA-BC-A10R-01A,3.12877409275717,2.83956858779912,TCGA_LIHC_primary,KLA31_12,cancer_tissue,Primary HCC tissue,12,"tumor
tissues"
PXD075377,HCC,KLA31_12,TCGA-BC-A10S-01A,3.12066071716163,2.7974384900573,TCGA_LIHC_primary,KLA31_12,cancer_tissue,Primary HCC tissue,12,"tumor
tissues"
PXD075377,HCC,KLA31_12,TCGA-BC-A10T-01A,3.30115371431236,2.94068082237951,TCGA_LIHC_primary,KLA31_12,cancer_tissue,Primary HCC tissue,12,"tumor
tissues"
PXD075377,HCC,KLA31_12,TCGA-BC-A10U-01A,3.23860505862045,2.89012470508932,TCGA_LIHC_primary,KLA31_12,cancer_tissue,Primary HCC tissue,12,"tumor
tissues"
PXD075377,HCC,KLA31_12,TCGA-BC-A10W-01A,3.55257105794918,3.04179305695989,TCGA_LIHC_primary,KLA31_12,cancer_tissue,Primary HCC tissue,12,"tumor
tissues"
PXD075377,HCC,KLA31_12,TCGA-BC-A10X-01A,3.28979068478829,2.82271654870239,TCGA_LIHC_primary,KLA31_12,cancer_tissue,Primary HCC tissue,12,"tumor
tissues"
PXD075377,HCC,KLA31_12,TCGA-BC-A10Y-01A,3.64827846009057,2.95753286147624,TCGA_LIHC_primary,KLA31_12,cancer_tissue,Primary HCC tissue,12,"tumor
tissues"
PXD075377,HCC,KLA31_12,TCGA-BC-A10Z-01A,3.54229305189787,2.98281092012134,TCGA_LIHC_primary,KLA31_12,cancer_tissue,Primary HCC tissue,12,"tumor
tissues"
PXD075377,HCC,KLA31_12,TCGA-BC-A110-01A,3.0193209490592,2.66262217728345,TCGA_LIHC_primary,KLA31_12,cancer_tissue,Primary HCC tissue,12,"tumor
tissues"
PXD075377,HCC,KLA31_12,TCGA-BC-A112-01A,3.40607705431351,2.95753286147624,TCGA_LIHC_primary,KLA31_12,cancer_tissue,Primary HCC tissue,12,"tumor
tissues"
PXD075377,HCC,KLA31_12,TCGA-BC-A216-01A,3.56685787130971,2.93225480283114,TCGA_LIHC_primary,KLA31_12,cancer_tissue,Primary HCC tissue,12,"tumor
tissues"
PXD075377,HCC,KLA31_12,TCGA-BC-A217-01A,3.50197939310279,2.88169868554095,TCGA_LIHC_primary,KLA31_12,cancer_tissue,Primary HCC tissue,12,"tumor
tissues"
PXD075377,HCC,KLA31_12,TCGA-BC-A3KF-01A,3.32081829402905,2.95753286147624,TCGA_LIHC_primary,KLA31_12,cancer_tissue,Primary HCC tissue,12,"tumor
tissues"
PXD075377,HCC,KLA31_12,TCGA-BC-A3KG-01A,3.83941775150458,3.00808897876643,TCGA_LIHC_primary,KLA31_12,cancer_tissue,Primary HCC tissue,12,"tumor
tissues"
PXD075377,HCC,KLA31_12,TCGA-BC-A5W4-01A,3.21932255071563,2.86484664644422,TCGA_LIHC_primary,KLA31_12,cancer_tissue,Primary HCC tissue,12,"tumor
tissues"
PXD075377,HCC,KLA31_12,TCGA-BC-A69H-01A,3.3615085594905,2.84799460734749,TCGA_LIHC_primary,KLA31_12,cancer_tissue,Primary HCC tissue,12,"tumor
tissues"
PXD075377,HCC,KLA31_12,TCGA-BC-A69I-01A,3.14778449223187,2.81429052915403,TCGA_LIHC_primary,KLA31_12,cancer_tissue,Primary HCC tissue,12,"tumor
tissues"
PXD075377,HCC,KLA31_12,TCGA-BC-A8YO-01A,3.68055628855552,3.0165149983148,TCGA_LIHC_primary,KLA31_12,cancer_tissue,Primary HCC tissue,12,"tumor
tissues"
PXD075377,HCC,KLA31_12,TCGA-BD-A2L6-01A,3.44421491016186,2.93225480283114,TCGA_LIHC_primary,KLA31_12,cancer_tissue,Primary HCC tissue,12,"tumor
tissues"
PXD075377,HCC,KLA31_12,TCGA-BD-A3EP-01A,3.22086807168861,2.84799460734749,TCGA_LIHC_primary,KLA31_12,cancer_tissue,Primary HCC tissue,12,"tumor
tissues"
PXD075377,HCC,KLA31_12,TCGA-BD-A3ER-01A,3.14134939225936,2.83114256825076,TCGA_LIHC_primary,KLA31_12,cancer_tissue,Primary HCC tissue,12,"tumor
tissues"
PXD075377,HCC,KLA31_12,TCGA-BW-A5NO-01A,3.26591372237767,2.85642062689585,TCGA_LIHC_primary,KLA31_12,cancer_tissue,Primary HCC tissue,12,"tumor
tissues"
PXD075377,HCC,KLA31_12,TCGA-BW-A5NP-01A,3.4467035907478,2.97438490057297,TCGA_LIHC_primary,KLA31_12,cancer_tissue,Primary HCC tissue,12,"tumor
tissues"
PXD075377,HCC,KLA31_12,TCGA-BW-A5NQ-01A,3.61145304049898,2.99966295921807,TCGA_LIHC_primary,KLA31_12,cancer_tissue,Primary HCC tissue,12,"tumor
tissues"
PXD075377,HCC,KLA31_12,TCGA-CC-5258-01A,3.49712345674142,2.99966295921807,TCGA_LIHC_primary,KLA31_12,cancer_tissue,Primary HCC tissue,12,"tumor
tissues"
PXD075377,HCC,KLA31_12,TCGA-CC-5259-01A,3.31208905053806,2.78901247050893,TCGA_LIHC_primary,KLA31_12,cancer_tissue,Primary HCC tissue,12,"tumor
tissues"
PXD075377,HCC,KLA31_12,TCGA-CC-5260-01A,3.384122551468,2.93225480283114,TCGA_LIHC_primary,KLA31_12,cancer_tissue,Primary HCC tissue,12,"tumor
tissues"
PXD075377,HCC,KLA31_12,TCGA-CC-5261-01A,3.41211207332267,2.89855072463768,TCGA_LIHC_primary,KLA31_12,cancer_tissue,Primary HCC tissue,12,"tumor
tissues"
PXD075377,HCC,KLA31_12,TCGA-CC-5262-01A,3.18103925600982,2.83956858779912,TCGA_LIHC_primary,KLA31_12,cancer_tissue,Primary HCC tissue,12,"tumor
tissues"
PXD075377,HCC,KLA31_12,TCGA-CC-5263-01A,3.73395927533789,2.98281092012134,TCGA_LIHC_primary,KLA31_12,cancer_tissue,Primary HCC tissue,12,"tumor
tissues"
PXD075377,HCC,KLA31_12,TCGA-CC-5264-01A,3.67281132075466,2.99966295921807,TCGA_LIHC_primary,KLA31_12,cancer_tissue,Primary HCC tissue,12,"tumor
tissues"
PXD075377,HCC,KLA31_12,TCGA-CC-A123-01A,3.31884836990019,2.86484664644422,TCGA_LIHC_primary,KLA31_12,cancer_tissue,Primary HCC tissue,12,"tumor
tissues"
PXD075377,HCC,KLA31_12,TCGA-CC-A1HT-01A,3.62883542729833,2.93225480283114,TCGA_LIHC_primary,KLA31_12,cancer_tissue,Primary HCC tissue,12,"tumor
tissues"
PXD075377,HCC,KLA31_12,TCGA-CC-A3M9-01A,3.6416070119484,3.00808897876643,TCGA_LIHC_primary,KLA31_12,cancer_tissue,Primary HCC tissue,12,"tumor
tissues"
PXD075377,HCC,KLA31_12,TCGA-CC-A3MA-01A,3.37723257205561,2.93225480283114,TCGA_LIHC_primary,KLA31_12,cancer_tissue,Primary HCC tissue,12,"tumor
tissues"
PXD075377,HCC,KLA31_12,TCGA-CC-A3MB-01A,3.51147057480864,2.9912369396697,TCGA_LIHC_primary,KLA31_12,cancer_tissue,Primary HCC tissue,12,"tumor
tissues"
PXD075377,HCC,KLA31_12,TCGA-CC-A3MC-01A,3.35063275411109,2.89855072463768,TCGA_LIHC_primary,KLA31_12,cancer_tissue,Primary HCC tissue,12,"tumor
tissues"
PXD075377,HCC,KLA31_12,TCGA-CC-A5UC-01A,3.4161070539361,2.93225480283114,TCGA_LIHC_primary,KLA31_12,cancer_tissue,Primary HCC tissue,12,"tumor
tissues"
PXD075377,HCC,KLA31_12,TCGA-CC-A5UD-01A,3.52501581912945,2.95753286147624,TCGA_LIHC_primary,KLA31_12,cancer_tissue,Primary HCC tissue,12,"tumor
tissues"
PXD075377,HCC,KLA31_12,TCGA-CC-A5UE-01A,3.3900706806152,2.97438490057297,TCGA_LIHC_primary,KLA31_12,cancer_tissue,Primary HCC tissue,12,"tumor
tissues"
PXD075377,HCC,KLA31_12,TCGA-CC-A7IE-01A,3.40330972073861,2.91540276373441,TCGA_LIHC_primary,KLA31_12,cancer_tissue,Primary HCC tissue,12,"tumor
tissues"
PXD075377,HCC,KLA31_12,TCGA-CC-A7IF-01A,3.40688919817876,2.94068082237951,TCGA_LIHC_primary,KLA31_12,cancer_tissue,Primary HCC tissue,12,"tumor
tissues"
PXD075377,HCC,KLA31_12,TCGA-CC-A7IG-01A,3.5090201460674,2.87327266599259,TCGA_LIHC_primary,KLA31_12,cancer_tissue,Primary HCC tissue,12,"tumor
tissues"
PXD075377,HCC,KLA31_12,TCGA-CC-A7IH-01A,3.39919773834244,2.95753286147624,TCGA_LIHC_primary,KLA31_12,cancer_tissue,Primary HCC tissue,12,"tumor
tissues"
PXD075377,HCC,KLA31_12,TCGA-CC-A7II-01A,3.75757909455948,2.95753286147624,TCGA_LIHC_primary,KLA31_12,cancer_tissue,Primary HCC tissue,12,"tumor
tissues"
PXD075377,HCC,KLA31_12,TCGA-CC-A7IJ-01A,3.4810992011891,2.94068082237951,TCGA_LIHC_primary,KLA31_12,cancer_tissue,Primary HCC tissue,12,"tumor
tissues"
PXD075377,HCC,KLA31_12,TCGA-CC-A7IK-01A,3.66910767813048,2.99966295921807,TCGA_LIHC_primary,KLA31_12,cancer_tissue,Primary HCC tissue,12,"tumor
tissues"
PXD075377,HCC,KLA31_12,TCGA-CC-A7IL-01A,3.28540336590481,2.99966295921807,TCGA_LIHC_primary,KLA31_12,cancer_tissue,Primary HCC tissue,12,"tumor
tissues"
PXD075377,HCC,KLA31_12,TCGA-CC-A8HS-01A,3.72428790303637,2.9659588810246,TCGA_LIHC_primary,KLA31_12,cancer_tissue,Primary HCC tissue,12,"tumor
tissues"
PXD075377,HCC,KLA31_12,TCGA-CC-A8HT-01A,3.5270696669338,2.94068082237951,TCGA_LIHC_primary,KLA31_12,cancer_tissue,Primary HCC tissue,12,"tumor
tissues"
PXD075377,HCC,KLA31_12,TCGA-CC-A8HU-01A,3.48236052308695,2.90697674418605,TCGA_LIHC_primary,KLA31_12,cancer_tissue,Primary HCC tissue,12,"tumor
tissues"
PXD075377,HCC,KLA31_12,TCGA-CC-A8HV-01A,3.3900706806152,2.92382878328278,TCGA_LIHC_primary,KLA31_12,cancer_tissue,Primary HCC tissue,12,"tumor
tissues"
PXD075377,HCC,KLA31_12,TCGA-CC-A9FS-01A,3.31208905053806,2.90697674418605,TCGA_LIHC_primary,KLA31_12,cancer_tissue,Primary HCC tissue,12,"tumor
tissues"
PXD075377,HCC,KLA31_12,TCGA-CC-A9FU-01A,3.58370650595635,2.9912369396697,TCGA_LIHC_primary,KLA31_12,cancer_tissue,Primary HCC tissue,12,"tumor
tissues"
PXD075377,HCC,KLA31_12,TCGA-CC-A9FV-01A,3.09838713629803,2.80586450960566,TCGA_LIHC_primary,KLA31_12,cancer_tissue,Primary HCC tissue,12,"tumor
tissues"
PXD075377,HCC,KLA31_12,TCGA-CC-A9FW-01A,3.38528825118603,2.9659588810246,TCGA_LIHC_primary,KLA31_12,cancer_tissue,Primary HCC tissue,12,"tumor
tissues"
PXD075377,HCC,KLA31_12,TCGA-DD-A113-01A,3.43317905496602,2.94068082237951,TCGA_LIHC_primary,KLA31_12,cancer_tissue,Primary HCC tissue,12,"tumor
tissues"
PXD075377,HCC,KLA31_12,TCGA-DD-A114-01A,3.55907420613256,2.91540276373441,TCGA_LIHC_primary,KLA31_12,cancer_tissue,Primary HCC tissue,12,"tumor
tissues"
PXD075377,HCC,KLA31_12,TCGA-DD-A115-01A,3.35905242276138,2.89855072463768,TCGA_LIHC_primary,KLA31_12,cancer_tissue,Primary HCC tissue,12,"tumor
tissues"
PXD075377,HCC,KLA31_12,TCGA-DD-A116-01A,3.20400393416193,2.75530839231547,TCGA_LIHC_primary,KLA31_12,cancer_tissue,Primary HCC tissue,12,"tumor
tissues"
PXD075377,HCC,KLA31_12,TCGA-DD-A118-01A,3.20605460796182,2.86484664644422,TCGA_LIHC_primary,KLA31_12,cancer_tissue,Primary HCC tissue,12,"tumor
tissues"
PXD075377,HCC,KLA31_12,TCGA-DD-A119-01A,3.04275912461495,2.74688237276711,TCGA_LIHC_primary,KLA31_12,cancer_tissue,Primary HCC tissue,12,"tumor
tissues"
PXD075377,HCC,KLA31_12,TCGA-DD-A11A-01A,3.43806357933127,2.92382878328278,TCGA_LIHC_primary,KLA31_12,cancer_tissue,Primary HCC tissue,12,"tumor
tissues"
PXD075377,HCC,KLA31_12,TCGA-DD-A11B-01A,3.35179052212739,2.90697674418605,TCGA_LIHC_primary,KLA31_12,cancer_tissue,Primary HCC tissue,12,"tumor
tissues"
PXD075377,HCC,KLA31_12,TCGA-DD-A11C-01A,3.56762834303957,2.94910684192787,TCGA_LIHC_primary,KLA31_12,cancer_tissue,Primary HCC tissue,12,"tumor
tissues"
PXD075377,HCC,KLA31_12,TCGA-DD-A11D-01A,3.26276996785497,2.89855072463768,TCGA_LIHC_primary,KLA31_12,cancer_tissue,Primary HCC tissue,12,"tumor
tissues"
PXD075377,HCC,KLA31_12,TCGA-DD-A1EA-01A,3.47363322438489,2.98281092012134,TCGA_LIHC_primary,KLA31_12,cancer_tissue,Primary HCC tissue,12,"tumor
tissues"
PXD075377,HCC,KLA31_12,TCGA-DD-A1EB-01A,3.35063275411109,2.89855072463768,TCGA_LIHC_primary,KLA31_12,cancer_tissue,Primary HCC tissue,12,"tumor
tissues"
PXD075377,HCC,KLA31_12,TCGA-DD-A1EC-01A,3.2885763838178,2.94068082237951,TCGA_LIHC_primary,KLA31_12,cancer_tissue,Primary HCC tissue,12,"tumor
tissues"
PXD075377,HCC,KLA31_12,TCGA-DD-A1ED-01A,3.11345737627606,2.78058645096057,TCGA_LIHC_primary,KLA31_12,cancer_tissue,Primary HCC tissue,12,"tumor
tissues"
PXD075377,HCC,KLA31_12,TCGA-DD-A1EE-01A,3.40252460194415,2.98281092012134,TCGA_LIHC_primary,KLA31_12,cancer_tissue,Primary HCC tissue,12,"tumor
tissues"
PXD075377,HCC,KLA31_12,TCGA-DD-A1EF-01A,3.56565947102876,2.94910684192787,TCGA_LIHC_primary,KLA31_12,cancer_tissue,Primary HCC tissue,12,"tumor
tissues"
PXD075377,HCC,KLA31_12,TCGA-DD-A1EG-01A,3.33095129920031,2.91540276373441,TCGA_LIHC_primary,KLA31_12,cancer_tissue,Primary HCC tissue,12,"tumor
tissues"
PXD075377,HCC,KLA31_12,TCGA-DD-A1EH-01A,3.36836138670877,2.94068082237951,TCGA_LIHC_primary,KLA31_12,cancer_tissue,Primary HCC tissue,12,"tumor
tissues"
PXD075377,HCC,KLA31_12,TCGA-DD-A1EI-01A,3.30153345189608,2.88169868554095,TCGA_LIHC_primary,KLA31_12,cancer_tissue,Primary HCC tissue,12,"tumor
tissues"
PXD075377,HCC,KLA31_12,TCGA-DD-A1EJ-01A,3.44210603930889,3.00808897876643,TCGA_LIHC_primary,KLA31_12,cancer_tissue,Primary HCC tissue,12,"tumor
tissues"
PXD075377,HCC,KLA31_12,TCGA-DD-A1EK-01A,3.10734466635601,2.85642062689585,TCGA_LIHC_primary,KLA31_12,cancer_tissue,Primary HCC tissue,12,"tumor
tissues"
PXD075377,HCC,KLA31_12,TCGA-DD-A1EL-01A,3.57586271561878,2.98281092012134,TCGA_LIHC_primary,KLA31_12,cancer_tissue,Primary HCC tissue,12,"tumor
tissues"
PXD075377,HCC,KLA31_12,TCGA-DD-A39V-01A,3.1681749079688,2.81429052915403,TCGA_LIHC_primary,KLA31_12,cancer_tissue,Primary HCC tissue,12,"tumor
tissues"
PXD075377,HCC,KLA31_12,TCGA-DD-A39W-01A,3.41486824442932,2.9659588810246,TCGA_LIHC_primary,KLA31_12,cancer_tissue,Primary HCC tissue,12,"tumor
tissues"
PXD075377,HCC,KLA31_12,TCGA-DD-A39X-01A,3.06248921955571,2.7974384900573,TCGA_LIHC_primary,KLA31_12,cancer_tissue,Primary HCC tissue,12,"tumor
tissues"
PXD075377,HCC,KLA31_12,TCGA-DD-A39Y-01A,3.46443170139336,2.93225480283114,TCGA_LIHC_primary,KLA31_12,cancer_tissue,Primary HCC tissue,12,"tumor
tissues"
PXD075377,HCC,KLA31_12,TCGA-DD-A39Z-01A,3.3876820884971,2.91540276373441,TCGA_LIHC_primary,KLA31_12,cancer_tissue,Primary HCC tissue,12,"tumor
tissues"
PXD075377,HCC,KLA31_12,TCGA-DD-A3A1-01A,3.24269436036601,2.88169868554095,TCGA_LIHC_primary,KLA31_12,cancer_tissue,Primary HCC tissue,12,"tumor
tissues"
PXD075377,HCC,KLA31_12,TCGA-DD-A3A2-01A,3.25067214686178,2.82271654870239,TCGA_LIHC_primary,KLA31_12,cancer_tissue,Primary HCC tissue,12,"tumor
tissues"
PXD075377,HCC,KLA31_12,TCGA-DD-A3A3-01A,3.14253180218309,2.83956858779912,TCGA_LIHC_primary,KLA31_12,cancer_tissue,Primary HCC tissue,12,"tumor
tissues"
PXD075377,HCC,KLA31_12,TCGA-DD-A3A4-01A,3.33898871353174,2.91540276373441,TCGA_LIHC_primary,KLA31_12,cancer_tissue,Primary HCC tissue,12,"tumor
tissues"
PXD075377,HCC,KLA31_12,TCGA-DD-A3A5-01A,3.46321870549937,2.90697674418605,TCGA_LIHC_primary,KLA31_12,cancer_tissue,Primary HCC tissue,12,"tumor
tissues"
PXD075377,HCC,KLA31_12,TCGA-DD-A3A6-01A,2.88643245696528,2.63734411863836,TCGA_LIHC_primary,KLA31_12,cancer_tissue,Primary HCC tissue,12,"tumor
tissues"
PXD075377,HCC,KLA31_12,TCGA-DD-A3A7-01A,3.2304975045764,2.78901247050893,TCGA_LIHC_primary,KLA31_12,cancer_tissue,Primary HCC tissue,12,"tumor
tissues"
PXD075377,HCC,KLA31_12,TCGA-DD-A3A8-01A,3.2260736206876,2.88169868554095,TCGA_LIHC_primary,KLA31_12,cancer_tissue,Primary HCC tissue,12,"tumor
tissues"
PXD075377,HCC,KLA31_12,TCGA-DD-A3A9-01A,3.09233316485062,2.78058645096057,TCGA_LIHC_primary,KLA31_12,cancer_tissue,Primary HCC tissue,12,"tumor
tissues"
PXD075377,HCC,KLA31_12,TCGA-DD-A4NA-01A,3.35463991191703,2.93225480283114,TCGA_LIHC_primary,KLA31_12,cancer_tissue,Primary HCC tissue,12,"tumor
tissues"
PXD075377,HCC,KLA31_12,TCGA-DD-A4NB-01A,3.05160007256237,2.7974384900573,TCGA_LIHC_primary,KLA31_12,cancer_tissue,Primary HCC tissue,12,"tumor
tissues"
PXD075377,HCC,KLA31_12,TCGA-DD-A4ND-01A,3.38253976416836,2.88169868554095,TCGA_LIHC_primary,KLA31_12,cancer_tissue,Primary HCC tissue,12,"tumor
tissues"
PXD075377,HCC,KLA31_12,TCGA-DD-A4NE-01A,3.57908234716756,2.97438490057297,TCGA_LIHC_primary,KLA31_12,cancer_tissue,Primary HCC tissue,12,"tumor
tissues"
PXD075377,HCC,KLA31_12,TCGA-DD-A4NF-01A,3.3196467282842,2.85642062689585,TCGA_LIHC_primary,KLA31_12,cancer_tissue,Primary HCC tissue,12,"tumor
tissues"
PXD075377,HCC,KLA31_12,TCGA-DD-A4NG-01A,3.32448790832445,2.92382878328278,TCGA_LIHC_primary,KLA31_12,cancer_tissue,Primary HCC tissue,12,"tumor
tissues"
PXD075377,HCC,KLA31_12,TCGA-DD-A4NH-01A,3.28142393634421,2.88169868554095,TCGA_LIHC_primary,KLA31_12,cancer_tissue,Primary HCC tissue,12,"tumor
tissues"
PXD075377,HCC,KLA31_12,TCGA-DD-A4NI-01A,3.23208918202907,2.85642062689585,TCGA_LIHC_primary,KLA31_12,cancer_tissue,Primary HCC tissue,12,"tumor
tissues"
PXD075377,HCC,KLA31_12,TCGA-DD-A4NJ-01A,3.52623063485662,2.9659588810246,TCGA_LIHC_primary,KLA31_12,cancer_tissue,Primary HCC tissue,12,"tumor
tissues"
PXD075377,HCC,KLA31_12,TCGA-DD-A4NK-01A,3.27346632981422,2.89855072463768,TCGA_LIHC_primary,KLA31_12,cancer_tissue,Primary HCC tissue,12,"tumor
tissues"
PXD075377,HCC,KLA31_12,TCGA-DD-A4NL-01A,3.20972480380077,2.78058645096057,TCGA_LIHC_primary,KLA31_12,cancer_tissue,Primary HCC tissue,12,"tumor
tissues"
PXD075377,HCC,KLA31_12,TCGA-DD-A4NN-01A,3.51684134326444,2.95753286147624,TCGA_LIHC_primary,KLA31_12,cancer_tissue,Primary HCC tissue,12,"tumor
tissues"
PXD075377,HCC,KLA31_12,TCGA-DD-A4NO-01A,3.19314615680521,2.88169868554095,TCGA_LIHC_primary,KLA31_12,cancer_tissue,Primary HCC tissue,12,"tumor
tissues"
PXD075377,HCC,KLA31_12,TCGA-DD-A4NP-01A,3.17263022696271,2.80586450960566,TCGA_LIHC_primary,KLA31_12,cancer_tissue,Primary HCC tissue,12,"tumor
tissues"
PXD075377,HCC,KLA31_12,TCGA-DD-A4NQ-01A,3.41366822870145,2.91540276373441,TCGA_LIHC_primary,KLA31_12,cancer_tissue,Primary HCC tissue,12,"tumor
tissues"
PXD075377,HCC,KLA31_12,TCGA-DD-A4NR-01A,3.32043252750263,2.92382878328278,TCGA_LIHC_primary,KLA31_12,cancer_tissue,Primary HCC tissue,12,"tumor
tissues"
PXD075377,HCC,KLA31_12,TCGA-DD-A4NS-01A,3.0395380591774,2.78901247050893,TCGA_LIHC_primary,KLA31_12,cancer_tissue,Primary HCC tissue,12,"tumor
tissues"
PXD075377,HCC,KLA31_12,TCGA-DD-A4NV-01A,3.19632909230654,2.83956858779912,TCGA_LIHC_primary,KLA31_12,cancer_tissue,Primary HCC tissue,12,"tumor
tissues"
PXD075377,HCC,KLA31_12,TCGA-DD-A73A-01A,3.33214770125082,2.93225480283114,TCGA_LIHC_primary,KLA31_12,cancer_tissue,Primary HCC tissue,12,"tumor
tissues"
PXD075377,HCC,KLA31_12,TCGA-DD-A73B-01A,3.550086559121,3.00808897876643,TCGA_LIHC_primary,KLA31_12,cancer_tissue,Primary HCC tissue,12,"tumor
tissues"
PXD075377,HCC,KLA31_12,TCGA-DD-A73C-01A,3.32932634244851,2.90697674418605,TCGA_LIHC_primary,KLA31_12,cancer_tissue,Primary HCC tissue,12,"tumor
tissues"
PXD075377,HCC,KLA31_12,TCGA-DD-A73D-01A,3.41090813661838,2.98281092012134,TCGA_LIHC_primary,KLA31_12,cancer_tissue,Primary HCC tissue,12,"tumor
tissues"
PXD075377,HCC,KLA31_12,TCGA-DD-A73E-01A,3.46361301537731,2.95753286147624,TCGA_LIHC_primary,KLA31_12,cancer_tissue,Primary HCC tissue,12,"tumor
tissues"
PXD075377,HCC,KLA31_12,TCGA-DD-A73F-01A,3.44994139883585,2.94910684192787,TCGA_LIHC_primary,KLA31_12,cancer_tissue,Primary HCC tissue,12,"tumor
tissues"
PXD075377,HCC,KLA31_12,TCGA-DD-A73G-01A,3.23578339480835,2.71317829457364,TCGA_LIHC_primary,KLA31_12,cancer_tissue,Primary HCC tissue,12,"tumor
tissues"
PXD075377,HCC,KLA31_12,TCGA-DD-AA3A-01A,3.62063944806099,2.95753286147624,TCGA_LIHC_primary,KLA31_12,cancer_tissue,Primary HCC tissue,12,"tumor
tissues"
PXD075377,HCC,KLA31_12,TCGA-DD-AAC8-01A,3.40293212251319,2.90697674418605,TCGA_LIHC_primary,KLA31_12,cancer_tissue,Primary HCC tissue,12,"tumor
tissues"
PXD075377,HCC,KLA31_12,TCGA-DD-AAC9-01A,3.14455219960608,2.74688237276711,TCGA_LIHC_primary,KLA31_12,cancer_tissue,Primary HCC tissue,12,"tumor
tissues"
PXD075377,HCC,KLA31_12,TCGA-DD-AACA-01A,3.50524895679649,2.98281092012134,TCGA_LIHC_primary,KLA31_12,cancer_tissue,Primary HCC tissue,12,"tumor
tissues"
PXD075377,HCC,KLA31_12,TCGA-DD-AACB-01A,3.45072014308466,2.91540276373441,TCGA_LIHC_primary,KLA31_12,cancer_tissue,Primary HCC tissue,12,"tumor
tissues"
PXD075377,HCC,KLA31_12,TCGA-DD-AACC-01A,3.13358719947559,2.86484664644422,TCGA_LIHC_primary,KLA31_12,cancer_tissue,Primary HCC tissue,12,"tumor
tissues"
PXD075377,HCC,KLA31_12,TCGA-DD-AACD-01A,3.13812086436689,2.74688237276711,TCGA_LIHC_primary,KLA31_12,cancer_tissue,Primary HCC tissue,12,"tumor
tissues"
PXD075377,HCC,KLA31_12,TCGA-DD-AACE-01A,3.28979068478829,2.98281092012134,TCGA_LIHC_primary,KLA31_12,cancer_tissue,Primary HCC tissue,12,"tumor
tissues"
PXD075377,HCC,KLA31_12,TCGA-DD-AACF-01A,3.54025026865982,2.94068082237951,TCGA_LIHC_primary,KLA31_12,cancer_tissue,Primary HCC tissue,12,"tumor
tissues"
PXD075377,HCC,KLA31_12,TCGA-DD-AACG-01A,3.42955905633318,2.88169868554095,TCGA_LIHC_primary,KLA31_12,cancer_tissue,Primary HCC tissue,12,"tumor
tissues"
PXD075377,HCC,KLA31_12,TCGA-DD-AACH-01A,3.66247232138566,2.94068082237951,TCGA_LIHC_primary,KLA31_12,cancer_tissue,Primary HCC tissue,12,"tumor
tissues"
PXD075377,HCC,KLA31_12,TCGA-DD-AACI-01A,3.08069789355259,2.72160431412201,TCGA_LIHC_primary,KLA31_12,cancer_tissue,Primary HCC tissue,12,"tumor
tissues"
PXD075377,HCC,KLA31_12,TCGA-DD-AACJ-01A,3.29385117978451,2.87327266599259,TCGA_LIHC_primary,KLA31_12,cancer_tissue,Primary HCC tissue,12,"tumor
tissues"
PXD075377,HCC,KLA31_12,TCGA-DD-AACK-01A,3.40047662950449,2.95753286147624,TCGA_LIHC_primary,KLA31_12,cancer_tissue,Primary HCC tissue,12,"tumor
tissues"
PXD075377,HCC,KLA31_12,TCGA-DD-AACL-01A,3.40451345296401,2.90697674418605,TCGA_LIHC_primary,KLA31_12,cancer_tissue,Primary HCC tissue,12,"tumor
tissues"
PXD075377,HCC,KLA31_12,TCGA-DD-AACN-01A,3.20644254913471,2.85642062689585,TCGA_LIHC_primary,KLA31_12,cancer_tissue,Primary HCC tissue,12,"tumor
tissues"
PXD075377,HCC,KLA31_12,TCGA-DD-AACO-01A,3.30360184794471,2.76373441186384,TCGA_LIHC_primary,KLA31_12,cancer_tissue,Primary HCC tissue,12,"tumor
tissues"
PXD075377,HCC,KLA31_12,TCGA-DD-AACP-01A,3.51147057480864,2.97438490057297,TCGA_LIHC_primary,KLA31_12,cancer_tissue,Primary HCC tissue,12,"tumor
tissues"
PXD075377,HCC,KLA31_12,TCGA-DD-AACQ-01A,3.32932634244851,2.94910684192787,TCGA_LIHC_primary,KLA31_12,cancer_tissue,Primary HCC tissue,12,"tumor
tissues"
PXD075377,HCC,KLA31_12,TCGA-DD-AACS-01A,3.6921584902264,2.97438490057297,TCGA_LIHC_primary,KLA31_12,cancer_tissue,Primary HCC tissue,12,"tumor
tissues"
PXD075377,HCC,KLA31_12,TCGA-DD-AACT-01A,3.09756890597036,2.84799460734749,TCGA_LIHC_primary,KLA31_12,cancer_tissue,Primary HCC tissue,12,"tumor
tissues"
PXD075377,HCC,KLA31_12,TCGA-DD-AACU-01A,3.31006200936292,2.88169868554095,TCGA_LIHC_primary,KLA31_12,cancer_tissue,Primary HCC tissue,12,"tumor
tissues"
PXD075377,HCC,KLA31_12,TCGA-DD-AACV-01A,3.61731860804899,2.9912369396697,TCGA_LIHC_primary,KLA31_12,cancer_tissue,Primary HCC tissue,12,"tumor
tissues"
PXD075377,HCC,KLA31_12,TCGA-DD-AACW-01A,3.5274981328954,2.9912369396697,TCGA_LIHC_primary,KLA31_12,cancer_tissue,Primary HCC tissue,12,"tumor
tissues"
PXD075377,HCC,KLA31_12,TCGA-DD-AACX-01A,3.43522792241403,3.02494101786316,TCGA_LIHC_primary,KLA31_12,cancer_tissue,Primary HCC tissue,12,"tumor
tissues"
PXD075377,HCC,KLA31_12,TCGA-DD-AACY-01A,3.16694943858646,2.84799460734749,TCGA_LIHC_primary,KLA31_12,cancer_tissue,Primary HCC tissue,12,"tumor
tissues"
PXD075377,HCC,KLA31_12,TCGA-DD-AACZ-01A,3.51398163081125,2.97438490057297,TCGA_LIHC_primary,KLA31_12,cancer_tissue,Primary HCC tissue,12,"tumor
tissues"
PXD075377,HCC,KLA31_12,TCGA-DD-AAD0-01A,3.52176868051367,3.03336703741153,TCGA_LIHC_primary,KLA31_12,cancer_tissue,Primary HCC tissue,12,"tumor
tissues"
PXD075377,HCC,KLA31_12,TCGA-DD-AAD1-01A,3.24906277960502,2.85642062689585,TCGA_LIHC_primary,KLA31_12,cancer_tissue,Primary HCC tissue,12,"tumor
tissues"
PXD075377,HCC,KLA31_12,TCGA-DD-AAD2-01A,3.26515447343163,2.88169868554095,TCGA_LIHC_primary,KLA31_12,cancer_tissue,Primary HCC tissue,12,"tumor
tissues"
PXD075377,HCC,KLA31_12,TCGA-DD-AAD3-01A,3.20644254913471,2.87327266599259,TCGA_LIHC_primary,KLA31_12,cancer_tissue,Primary HCC tissue,12,"tumor
tissues"
PXD075377,HCC,KLA31_12,TCGA-DD-AAD5-01A,3.25426310618415,2.92382878328278,TCGA_LIHC_primary,KLA31_12,cancer_tissue,Primary HCC tissue,12,"tumor
tissues"
PXD075377,HCC,KLA31_12,TCGA-DD-AAD6-01A,3.55087773445657,2.9912369396697,TCGA_LIHC_primary,KLA31_12,cancer_tissue,Primary HCC tissue,12,"tumor
tissues"
PXD075377,HCC,KLA31_12,TCGA-DD-AAD8-01A,3.38372062794175,2.97438490057297,TCGA_LIHC_primary,KLA31_12,cancer_tissue,Primary HCC tissue,12,"tumor
tissues"
PXD075377,HCC,KLA31_12,TCGA-DD-AADA-01A,3.2722910484803,2.84799460734749,TCGA_LIHC_primary,KLA31_12,cancer_tissue,Primary HCC tissue,12,"tumor
tissues"
PXD075377,HCC,KLA31_12,TCGA-DD-AADB-01A,3.55990709503832,2.98281092012134,TCGA_LIHC_primary,KLA31_12,cancer_tissue,Primary HCC tissue,12,"tumor
tissues"
PXD075377,HCC,KLA31_12,TCGA-DD-AADC-01A,3.59318121688122,2.99966295921807,TCGA_LIHC_primary,KLA31_12,cancer_tissue,Primary HCC tissue,12,"tumor
tissues"
PXD075377,HCC,KLA31_12,TCGA-DD-AADD-01A,3.57382019783574,3.0165149983148,TCGA_LIHC_primary,KLA31_12,cancer_tissue,Primary HCC tissue,12,"tumor
tissues"
PXD075377,HCC,KLA31_12,TCGA-DD-AADF-01A,3.44917328535842,2.95753286147624,TCGA_LIHC_primary,KLA31_12,cancer_tissue,Primary HCC tissue,12,"tumor
tissues"
PXD075377,HCC,KLA31_12,TCGA-DD-AADG-01A,3.37681931325153,2.97438490057297,TCGA_LIHC_primary,KLA31_12,cancer_tissue,Primary HCC tissue,12,"tumor
tissues"
PXD075377,HCC,KLA31_12,TCGA-DD-AADI-01A,3.18352579682184,2.78901247050893,TCGA_LIHC_primary,KLA31_12,cancer_tissue,Primary HCC tissue,12,"tumor
tissues"
PXD075377,HCC,KLA31_12,TCGA-DD-AADJ-01A,3.32081829402905,2.87327266599259,TCGA_LIHC_primary,KLA31_12,cancer_tissue,Primary HCC tissue,12,"tumor
tissues"
PXD075377,HCC,KLA31_12,TCGA-DD-AADK-01A,3.0730355590522,2.76373441186384,TCGA_LIHC_primary,KLA31_12,cancer_tissue,Primary HCC tissue,12,"tumor
tissues"
PXD075377,HCC,KLA31_12,TCGA-DD-AADL-01A,3.47080535774672,2.95753286147624,TCGA_LIHC_primary,KLA31_12,cancer_tissue,Primary HCC tissue,12,"tumor
tissues"
PXD075377,HCC,KLA31_12,TCGA-DD-AADM-01A,3.41857424217037,2.88169868554095,TCGA_LIHC_primary,KLA31_12,cancer_tissue,Primary HCC tissue,12,"tumor
tissues"
PXD075377,HCC,KLA31_12,TCGA-DD-AADN-01A,3.39284800065028,2.89855072463768,TCGA_LIHC_primary,KLA31_12,cancer_tissue,Primary HCC tissue,12,"tumor
tissues"
PXD075377,HCC,KLA31_12,TCGA-DD-AADO-01A,3.25191399302657,2.86484664644422,TCGA_LIHC_primary,KLA31_12,cancer_tissue,Primary HCC tissue,12,"tumor
tissues"
PXD075377,HCC,KLA31_12,TCGA-DD-AADP-01A,3.3796640035545,2.95753286147624,TCGA_LIHC_primary,KLA31_12,cancer_tissue,Primary HCC tissue,12,"tumor
tissues"
PXD075377,HCC,KLA31_12,TCGA-DD-AADQ-01A,3.21332903331781,2.91540276373441,TCGA_LIHC_primary,KLA31_12,cancer_tissue,Primary HCC tissue,12,"tumor
tissues"
PXD075377,HCC,KLA31_12,TCGA-DD-AADR-01A,3.45995546119239,2.93225480283114,TCGA_LIHC_primary,KLA31_12,cancer_tissue,Primary HCC tissue,12,"tumor
tissues"
PXD075377,HCC,KLA31_12,TCGA-DD-AADS-01A,3.04197216963145,2.71317829457364,TCGA_LIHC_primary,KLA31_12,cancer_tissue,Primary HCC tissue,12,"tumor
tissues"
PXD075377,HCC,KLA31_12,TCGA-DD-AADU-01A,3.31764013847991,2.84799460734749,TCGA_LIHC_primary,KLA31_12,cancer_tissue,Primary HCC tissue,12,"tumor
tissues"
PXD075377,HCC,KLA31_12,TCGA-DD-AADV-01A,3.44296711896909,2.9659588810246,TCGA_LIHC_primary,KLA31_12,cancer_tissue,Primary HCC tissue,12,"tumor
tissues"
PXD075377,HCC,KLA31_12,TCGA-DD-AADW-01A,3.53368950140491,2.97438490057297,TCGA_LIHC_primary,KLA31_12,cancer_tissue,Primary HCC tissue,12,"tumor
tissues"
PXD075377,HCC,KLA31_12,TCGA-DD-AADY-01A,3.3983875435711,2.9659588810246,TCGA_LIHC_primary,KLA31_12,cancer_tissue,Primary HCC tissue,12,"tumor
tissues"
PXD075377,HCC,KLA31_12,TCGA-DD-AAE0-01A,3.41486824442932,2.89012470508932,TCGA_LIHC_primary,KLA31_12,cancer_tissue,Primary HCC tissue,12,"tumor
tissues"
PXD075377,HCC,KLA31_12,TCGA-DD-AAE1-01A,3.35463991191703,2.95753286147624,TCGA_LIHC_primary,KLA31_12,cancer_tissue,Primary HCC tissue,12,"tumor
tissues"
PXD075377,HCC,KLA31_12,TCGA-DD-AAE2-01A,3.35663780010641,2.91540276373441,TCGA_LIHC_primary,KLA31_12,cancer_tissue,Primary HCC tissue,12,"tumor
tissues"
PXD075377,HCC,KLA31_12,TCGA-DD-AAE3-01A,3.06734911431228,2.78901247050893,TCGA_LIHC_primary,KLA31_12,cancer_tissue,Primary HCC tissue,12,"tumor
tissues"
PXD075377,HCC,KLA31_12,TCGA-DD-AAE4-01A,3.30153345189608,2.86484664644422,TCGA_LIHC_primary,KLA31_12,cancer_tissue,Primary HCC tissue,12,"tumor
tissues"
PXD075377,HCC,KLA31_12,TCGA-DD-AAE6-01A,3.49592491006967,2.95753286147624,TCGA_LIHC_primary,KLA31_12,cancer_tissue,Primary HCC tissue,12,"tumor
tissues"
PXD075377,HCC,KLA31_12,TCGA-DD-AAE7-01A,3.19314615680521,2.80586450960566,TCGA_LIHC_primary,KLA31_12,cancer_tissue,Primary HCC tissue,12,"tumor
tissues"
PXD075377,HCC,KLA31_12,TCGA-DD-AAE9-01A,3.25026978328132,2.91540276373441,TCGA_LIHC_primary,KLA31_12,cancer_tissue,Primary HCC tissue,12,"tumor
tissues"
PXD075377,HCC,KLA31_12,TCGA-DD-AAEA-01A,3.42913818323395,2.9659588810246,TCGA_LIHC_primary,KLA31_12,cancer_tissue,Primary HCC tissue,12,"tumor
tissues"
PXD075377,HCC,KLA31_12,TCGA-DD-AAEB-01A,3.20034303106941,2.7972027972028,TCGA_LIHC_primary,KLA31_12,cancer_tissue,Primary HCC tissue,12,"tumor
tissues"
PXD075377,HCC,KLA31_12,TCGA-DD-AAED-01A,3.32043252750263,2.90697674418605,TCGA_LIHC_primary,KLA31_12,cancer_tissue,Primary HCC tissue,12,"tumor
tissues"
PXD075377,HCC,KLA31_12,TCGA-DD-AAEE-01A,3.44421491016186,2.94068082237951,TCGA_LIHC_primary,KLA31_12,cancer_tissue,Primary HCC tissue,12,"tumor
tissues"
PXD075377,HCC,KLA31_12,TCGA-DD-AAEG-01A,3.20522188222407,2.85642062689585,TCGA_LIHC_primary,KLA31_12,cancer_tissue,Primary HCC tissue,12,"tumor
tissues"
PXD075377,HCC,KLA31_12,TCGA-DD-AAEH-01A,3.18518350661727,2.89012470508932,TCGA_LIHC_primary,KLA31_12,cancer_tissue,Primary HCC tissue,12,"tumor
tissues"
PXD075377,HCC,KLA31_12,TCGA-DD-AAEI-01A,3.45630469013959,2.99966295921807,TCGA_LIHC_primary,KLA31_12,cancer_tissue,Primary HCC tissue,12,"tumor
tissues"
PXD075377,HCC,KLA31_12,TCGA-DD-AAEK-01A,3.41327966381544,2.94910684192787,TCGA_LIHC_primary,KLA31_12,cancer_tissue,Primary HCC tissue,12,"tumor
tissues"
PXD075377,HCC,KLA31_12,TCGA-DD-AAVP-01A,3.20765737203261,2.83956858779912,TCGA_LIHC_primary,KLA31_12,cancer_tissue,Primary HCC tissue,12,"tumor
tissues"
PXD075377,HCC,KLA31_12,TCGA-DD-AAVQ-01A,3.30804032172672,2.86484664644422,TCGA_LIHC_primary,KLA31_12,cancer_tissue,Primary HCC tissue,12,"tumor
tissues"
PXD075377,HCC,KLA31_12,TCGA-DD-AAVR-01A,3.13034576787129,2.78901247050893,TCGA_LIHC_primary,KLA31_12,cancer_tissue,Primary HCC tissue,12,"tumor
tissues"
PXD075377,HCC,KLA31_12,TCGA-DD-AAVS-01A,3.3679693225206,2.94068082237951,TCGA_LIHC_primary,KLA31_12,cancer_tissue,Primary HCC tissue,12,"tumor
tissues"
PXD075377,HCC,KLA31_12,TCGA-DD-AAVU-01A,3.31289976646479,2.95753286147624,TCGA_LIHC_primary,KLA31_12,cancer_tissue,Primary HCC tissue,12,"tumor
tissues"
PXD075377,HCC,KLA31_12,TCGA-DD-AAVV-01A,3.11743704558067,2.83114256825076,TCGA_LIHC_primary,KLA31_12,cancer_tissue,Primary HCC tissue,12,"tumor
tissues"
PXD075377,HCC,KLA31_12,TCGA-DD-AAVW-01A,3.11581034039847,2.83114256825076,TCGA_LIHC_primary,KLA31_12,cancer_tissue,Primary HCC tissue,12,"tumor
tissues"
PXD075377,HCC,KLA31_12,TCGA-DD-AAVX-01A,3.30153345189608,2.88169868554095,TCGA_LIHC_primary,KLA31_12,cancer_tissue,Primary HCC tissue,12,"tumor
tissues"
PXD075377,HCC,KLA31_12,TCGA-DD-AAVY-01A,3.36595116896746,2.92382878328278,TCGA_LIHC_primary,KLA31_12,cancer_tissue,Primary HCC tissue,12,"tumor
tissues"
PXD075377,HCC,KLA31_12,TCGA-DD-AAVZ-01A,3.336196697127,2.93225480283114,TCGA_LIHC_primary,KLA31_12,cancer_tissue,Primary HCC tissue,12,"tumor
tissues"
PXD075377,HCC,KLA31_12,TCGA-DD-AAW0-01A,3.1323668094713,2.87327266599259,TCGA_LIHC_primary,KLA31_12,cancer_tissue,Primary HCC tissue,12,"tumor
tissues"
PXD075377,HCC,KLA31_12,TCGA-DD-AAW1-01A,3.39477756164958,2.89012470508932,TCGA_LIHC_primary,KLA31_12,cancer_tissue,Primary HCC tissue,12,"tumor
tissues"
PXD075377,HCC,KLA31_12,TCGA-DD-AAW2-01A,3.3760449263162,2.97438490057297,TCGA_LIHC_primary,KLA31_12,cancer_tissue,Primary HCC tissue,12,"tumor
tissues"
PXD075377,HCC,KLA31_12,TCGA-DD-AAW3-01A,3.34942685088738,2.94068082237951,TCGA_LIHC_primary,KLA31_12,cancer_tissue,Primary HCC tissue,12,"tumor
tissues"
PXD075377,HCC,KLA31_12,TCGA-ED-A459-01A,3.37282305964542,2.92382878328278,TCGA_LIHC_primary,KLA31_12,cancer_tissue,Primary HCC tissue,12,"tumor
tissues"
PXD075377,HCC,KLA31_12,TCGA-ED-A4XI-01A,3.14576077729897,2.81429052915403,TCGA_LIHC_primary,KLA31_12,cancer_tissue,Primary HCC tissue,12,"tumor
tissues"
PXD075377,HCC,KLA31_12,TCGA-ED-A5KG-01A,3.43277497376719,2.94910684192787,TCGA_LIHC_primary,KLA31_12,cancer_tissue,Primary HCC tissue,12,"tumor
tissues"
PXD075377,HCC,KLA31_12,TCGA-ED-A627-01A,3.12024882822116,2.7721604314122,TCGA_LIHC_primary,KLA31_12,cancer_tissue,Primary HCC tissue,12,"tumor
tissues"
PXD075377,HCC,KLA31_12,TCGA-ED-A66X-01A,3.26078216187637,2.94068082237951,TCGA_LIHC_primary,KLA31_12,cancer_tissue,Primary HCC tissue,12,"tumor
tissues"
PXD075377,HCC,KLA31_12,TCGA-ED-A66Y-01A,3.56317208946268,2.97438490057297,TCGA_LIHC_primary,KLA31_12,cancer_tissue,Primary HCC tissue,12,"tumor
tissues"
PXD075377,HCC,KLA31_12,TCGA-ED-A7PX-01A,3.42793399172455,2.90697674418605,TCGA_LIHC_primary,KLA31_12,cancer_tissue,Primary HCC tissue,12,"tumor
tissues"
PXD075377,HCC,KLA31_12,TCGA-ED-A7PY-01A,3.23984983361891,2.89012470508932,TCGA_LIHC_primary,KLA31_12,cancer_tissue,Primary HCC tissue,12,"tumor
tissues"
PXD075377,HCC,KLA31_12,TCGA-ED-A7PZ-01A,3.40607705431351,2.92382878328278,TCGA_LIHC_primary,KLA31_12,cancer_tissue,Primary HCC tissue,12,"tumor
tissues"
PXD075377,HCC,KLA31_12,TCGA-ED-A7XO-01A,3.38729117404495,2.89855072463768,TCGA_LIHC_primary,KLA31_12,cancer_tissue,Primary HCC tissue,12,"tumor
tissues"
PXD075377,HCC,KLA31_12,TCGA-ED-A7XP-01A,3.293469696025,2.91540276373441,TCGA_LIHC_primary,KLA31_12,cancer_tissue,Primary HCC tissue,12,"tumor
tissues"
PXD075377,HCC,KLA31_12,TCGA-ED-A82E-01A,3.32285481592665,2.89012470508932,TCGA_LIHC_primary,KLA31_12,cancer_tissue,Primary HCC tissue,12,"tumor
tissues"
PXD075377,HCC,KLA31_12,TCGA-ED-A8O5-01A,3.44501589084404,2.98281092012134,TCGA_LIHC_primary,KLA31_12,cancer_tissue,Primary HCC tissue,12,"tumor
tissues"
PXD075377,HCC,KLA31_12,TCGA-ED-A8O6-01A,3.31370110628836,2.92382878328278,TCGA_LIHC_primary,KLA31_12,cancer_tissue,Primary HCC tissue,12,"tumor
tissues"
PXD075377,HCC,KLA31_12,TCGA-ED-A97K-01A,3.2153094400382,2.85642062689585,TCGA_LIHC_primary,KLA31_12,cancer_tissue,Primary HCC tissue,12,"tumor
tissues"
PXD075377,HCC,KLA31_12,TCGA-EP-A12J-01A,3.49300790430491,2.9659588810246,TCGA_LIHC_primary,KLA31_12,cancer_tissue,Primary HCC tissue,12,"tumor
tissues"
PXD075377,HCC,KLA31_12,TCGA-EP-A26S-01A,3.40252460194415,2.89855072463768,TCGA_LIHC_primary,KLA31_12,cancer_tissue,Primary HCC tissue,12,"tumor
tissues"
PXD075377,HCC,KLA31_12,TCGA-EP-A2KA-01A,3.44336434481587,2.94910684192787,TCGA_LIHC_primary,KLA31_12,cancer_tissue,Primary HCC tissue,12,"tumor
tissues"
PXD075377,HCC,KLA31_12,TCGA-EP-A2KB-01A,3.51847015966038,2.9659588810246,TCGA_LIHC_primary,KLA31_12,cancer_tissue,Primary HCC tissue,12,"tumor
tissues"
PXD075377,HCC,KLA31_12,TCGA-EP-A2KC-01A,3.33052806308171,2.94068082237951,TCGA_LIHC_primary,KLA31_12,cancer_tissue,Primary HCC tissue,12,"tumor
tissues"
PXD075377,HCC,KLA31_12,TCGA-EP-A3JL-01A,3.21694117673301,2.83956858779912,TCGA_LIHC_primary,KLA31_12,cancer_tissue,Primary HCC tissue,12,"tumor
tissues"
PXD075377,HCC,KLA31_12,TCGA-EP-A3RK-01A,3.3164348148672,2.89012470508932,TCGA_LIHC_primary,KLA31_12,cancer_tissue,Primary HCC tissue,12,"tumor
tissues"
PXD075377,HCC,KLA31_12,TCGA-ES-A2HS-01A,3.13075122355835,2.82271654870239,TCGA_LIHC_primary,KLA31_12,cancer_tissue,Primary HCC tissue,12,"tumor
tissues"
PXD075377,HCC,KLA31_12,TCGA-ES-A2HT-01A,3.04680898887455,2.69632625547691,TCGA_LIHC_primary,KLA31_12,cancer_tissue,Primary HCC tissue,12,"tumor
tissues"
PXD075377,HCC,KLA31_12,TCGA-FV-A23B-01A,3.47244564318105,3.00808897876643,TCGA_LIHC_primary,KLA31_12,cancer_tissue,Primary HCC tissue,12,"tumor
tissues"
PXD075377,HCC,KLA31_12,TCGA-FV-A2QQ-01A,3.12554507944264,2.7974384900573,TCGA_LIHC_primary,KLA31_12,cancer_tissue,Primary HCC tissue,12,"tumor
tissues"
PXD075377,HCC,KLA31_12,TCGA-FV-A2QR-01A,3.18518350661727,2.89012470508932,TCGA_LIHC_primary,KLA31_12,cancer_tissue,Primary HCC tissue,12,"tumor
tissues"
PXD075377,HCC,KLA31_12,TCGA-FV-A3I0-01A,3.15553730917339,2.80586450960566,TCGA_LIHC_primary,KLA31_12,cancer_tissue,Primary HCC tissue,12,"tumor
tissues"
PXD075377,HCC,KLA31_12,TCGA-FV-A3I1-01A,3.34456130673403,2.94068082237951,TCGA_LIHC_primary,KLA31_12,cancer_tissue,Primary HCC tissue,12,"tumor
tissues"
PXD075377,HCC,KLA31_12,TCGA-FV-A3R2-01A,3.30717793411765,2.95753286147624,TCGA_LIHC_primary,KLA31_12,cancer_tissue,Primary HCC tissue,12,"tumor
tissues"
PXD075377,HCC,KLA31_12,TCGA-FV-A3R3-01A,3.06896815932332,2.76373441186384,TCGA_LIHC_primary,KLA31_12,cancer_tissue,Primary HCC tissue,12,"tumor
tissues"
PXD075377,HCC,KLA31_12,TCGA-FV-A495-01A,3.2885763838178,2.75530839231547,TCGA_LIHC_primary,KLA31_12,cancer_tissue,Primary HCC tissue,12,"tumor
tissues"
PXD075377,HCC,KLA31_12,TCGA-FV-A496-01A,3.24353678272439,2.92382878328278,TCGA_LIHC_primary,KLA31_12,cancer_tissue,Primary HCC tissue,12,"tumor
tissues"
PXD075377,HCC,KLA31_12,TCGA-FV-A4ZP-01A,3.20195464370671,2.76373441186384,TCGA_LIHC_primary,KLA31_12,cancer_tissue,Primary HCC tissue,12,"tumor
tissues"
PXD075377,HCC,KLA31_12,TCGA-FV-A4ZQ-01A,3.49712345674142,3.02494101786316,TCGA_LIHC_primary,KLA31_12,cancer_tissue,Primary HCC tissue,12,"tumor
tissues"
PXD075377,HCC,KLA31_12,TCGA-G3-A25S-01A,3.41327966381544,2.92382878328278,TCGA_LIHC_primary,KLA31_12,cancer_tissue,Primary HCC tissue,12,"tumor
tissues"
PXD075377,HCC,KLA31_12,TCGA-G3-A25T-01A,3.36392035722355,2.82271654870239,TCGA_LIHC_primary,KLA31_12,cancer_tissue,Primary HCC tissue,12,"tumor
tissues"
PXD075377,HCC,KLA31_12,TCGA-G3-A25U-01A,3.66037801284507,3.03336703741153,TCGA_LIHC_primary,KLA31_12,cancer_tissue,Primary HCC tissue,12,"tumor
tissues"
PXD075377,HCC,KLA31_12,TCGA-G3-A25V-01A,3.0799058224477,2.78877748757267,TCGA_LIHC_primary,KLA31_12,cancer_tissue,Primary HCC tissue,12,"tumor
tissues"
PXD075377,HCC,KLA31_12,TCGA-G3-A25X-01A,3.29585859382464,2.7721604314122,TCGA_LIHC_primary,KLA31_12,cancer_tissue,Primary HCC tissue,12,"tumor
tissues"
PXD075377,HCC,KLA31_12,TCGA-G3-A25Y-01A,3.41652376994811,2.87327266599259,TCGA_LIHC_primary,KLA31_12,cancer_tissue,Primary HCC tissue,12,"tumor
tissues"
PXD075377,HCC,KLA31_12,TCGA-G3-A25Z-01A,3.27670084367711,2.91540276373441,TCGA_LIHC_primary,KLA31_12,cancer_tissue,Primary HCC tissue,12,"tumor
tissues"
PXD075377,HCC,KLA31_12,TCGA-G3-A3CG-01A,3.21614465661502,2.85642062689585,TCGA_LIHC_primary,KLA31_12,cancer_tissue,Primary HCC tissue,12,"tumor
tissues"
PXD075377,HCC,KLA31_12,TCGA-G3-A3CH-01A,3.38845586960586,2.90697674418605,TCGA_LIHC_primary,KLA31_12,cancer_tissue,Primary HCC tissue,12,"tumor
tissues"
PXD075377,HCC,KLA31_12,TCGA-G3-A3CI-01A,3.09756890597036,2.81429052915403,TCGA_LIHC_primary,KLA31_12,cancer_tissue,Primary HCC tissue,12,"tumor
tissues"
PXD075377,HCC,KLA31_12,TCGA-G3-A3CJ-01A,3.07700342007475,2.84799460734749,TCGA_LIHC_primary,KLA31_12,cancer_tissue,Primary HCC tissue,12,"tumor
tissues"
PXD075377,HCC,KLA31_12,TCGA-G3-A3CK-01A,3.44994139883585,2.94910684192787,TCGA_LIHC_primary,KLA31_12,cancer_tissue,Primary HCC tissue,12,"tumor
tissues"
PXD075377,HCC,KLA31_12,TCGA-G3-A5SI-01A,3.62680031317575,2.97438490057297,TCGA_LIHC_primary,KLA31_12,cancer_tissue,Primary HCC tissue,12,"tumor
tissues"
PXD075377,HCC,KLA31_12,TCGA-G3-A5SJ-01A,3.47617133472537,2.90697674418605,TCGA_LIHC_primary,KLA31_12,cancer_tissue,Primary HCC tissue,12,"tumor
tissues"
PXD075377,HCC,KLA31_12,TCGA-G3-A5SK-01A,3.18998646119374,2.7721604314122,TCGA_LIHC_primary,KLA31_12,cancer_tissue,Primary HCC tissue,12,"tumor
tissues"
PXD075377,HCC,KLA31_12,TCGA-G3-A5SL-01A,3.29101139729568,2.92382878328278,TCGA_LIHC_primary,KLA31_12,cancer_tissue,Primary HCC tissue,12,"tumor
tissues"
PXD075377,HCC,KLA31_12,TCGA-G3-A5SM-01A,3.1915328510829,2.84799460734749,TCGA_LIHC_primary,KLA31_12,cancer_tissue,Primary HCC tissue,12,"tumor
tissues"
PXD075377,HCC,KLA31_12,TCGA-G3-A6UC-01A,3.22486512629635,2.94068082237951,TCGA_LIHC_primary,KLA31_12,cancer_tissue,Primary HCC tissue,12,"tumor
tissues"
PXD075377,HCC,KLA31_12,TCGA-G3-A7M5-01A,3.18312098644692,2.86484664644422,TCGA_LIHC_primary,KLA31_12,cancer_tissue,Primary HCC tissue,12,"tumor
tissues"
PXD075377,HCC,KLA31_12,TCGA-G3-A7M6-01A,3.42145536943131,2.90697674418605,TCGA_LIHC_primary,KLA31_12,cancer_tissue,Primary HCC tissue,12,"tumor
tissues"
PXD075377,HCC,KLA31_12,TCGA-G3-A7M7-01A,3.17303302156903,2.78901247050893,TCGA_LIHC_primary,KLA31_12,cancer_tissue,Primary HCC tissue,12,"tumor
tissues"
PXD075377,HCC,KLA31_12,TCGA-G3-A7M8-01A,3.15345657263151,2.89012470508932,TCGA_LIHC_primary,KLA31_12,cancer_tissue,Primary HCC tissue,12,"tumor
tissues"
PXD075377,HCC,KLA31_12,TCGA-G3-A7M9-01A,3.7234405054511,2.9659588810246,TCGA_LIHC_primary,KLA31_12,cancer_tissue,Primary HCC tissue,12,"tumor
tissues"
PXD075377,HCC,KLA31_12,TCGA-G3-AAUZ-01A,3.34103659775955,2.89012470508932,TCGA_LIHC_primary,KLA31_12,cancer_tissue,Primary HCC tissue,12,"tumor
tissues"
PXD075377,HCC,KLA31_12,TCGA-G3-AAV0-01A,3.16204774346246,2.84799460734749,TCGA_LIHC_primary,KLA31_12,cancer_tissue,Primary HCC tissue,12,"tumor
tissues"
PXD075377,HCC,KLA31_12,TCGA-G3-AAV1-01A,3.36916444578257,2.98281092012134,TCGA_LIHC_primary,KLA31_12,cancer_tissue,Primary HCC tissue,12,"tumor
tissues"
PXD075377,HCC,KLA31_12,TCGA-G3-AAV2-01A,3.32567637776145,2.83114256825076,TCGA_LIHC_primary,KLA31_12,cancer_tissue,Primary HCC tissue,12,"tumor
tissues"
PXD075377,HCC,KLA31_12,TCGA-G3-AAV3-01A,3.45872662683701,2.92382878328278,TCGA_LIHC_primary,KLA31_12,cancer_tissue,Primary HCC tissue,12,"tumor
tissues"
PXD075377,HCC,KLA31_12,TCGA-G3-AAV4-01A,3.36309242198131,2.94068082237951,TCGA_LIHC_primary,KLA31_12,cancer_tissue,Primary HCC tissue,12,"tumor
tissues"
PXD075377,HCC,KLA31_12,TCGA-G3-AAV5-01A,3.4571169481418,2.95753286147624,TCGA_LIHC_primary,KLA31_12,cancer_tissue,Primary HCC tissue,12,"tumor
tissues"
PXD075377,HCC,KLA31_12,TCGA-G3-AAV6-01A,3.49219832312113,2.92382878328278,TCGA_LIHC_primary,KLA31_12,cancer_tissue,Primary HCC tissue,12,"tumor
tissues"
PXD075377,HCC,KLA31_12,TCGA-G3-AAV7-01A,3.52420185107091,2.95753286147624,TCGA_LIHC_primary,KLA31_12,cancer_tissue,Primary HCC tissue,12,"tumor
tissues"
PXD075377,HCC,KLA31_12,TCGA-GJ-A3OU-01A,3.13812086436689,2.81429052915403,TCGA_LIHC_primary,KLA31_12,cancer_tissue,Primary HCC tissue,12,"tumor
tissues"
PXD075377,HCC,KLA31_12,TCGA-GJ-A6C0-01A,3.38806397308255,2.86484664644422,TCGA_LIHC_primary,KLA31_12,cancer_tissue,Primary HCC tissue,12,"tumor
tissues"
PXD075377,HCC,KLA31_12,TCGA-GJ-A9DB-01A,3.29831215925589,2.92382878328278,TCGA_LIHC_primary,KLA31_12,cancer_tissue,Primary HCC tissue,12,"tumor
tissues"
PXD075377,HCC,KLA31_12,TCGA-HP-A5MZ-01A,3.05242188932967,2.7974384900573,TCGA_LIHC_primary,KLA31_12,cancer_tissue,Primary HCC tissue,12,"tumor
tissues"
PXD075377,HCC,KLA31_12,TCGA-HP-A5N0-01A,3.0588530619318,2.7721604314122,TCGA_LIHC_primary,KLA31_12,cancer_tissue,Primary HCC tissue,12,"tumor
tissues"
PXD075377,HCC,KLA31_12,TCGA-K7-A5RF-01A,3.11021615892646,2.78058645096057,TCGA_LIHC_primary,KLA31_12,cancer_tissue,Primary HCC tissue,12,"tumor
tissues"
PXD075377,HCC,KLA31_12,TCGA-K7-A5RG-01A,3.49672493990005,2.94910684192787,TCGA_LIHC_primary,KLA31_12,cancer_tissue,Primary HCC tissue,12,"tumor
tissues"
PXD075377,HCC,KLA31_12,TCGA-K7-A6G5-01A,3.1673707752261,2.83114256825076,TCGA_LIHC_primary,KLA31_12,cancer_tissue,Primary HCC tissue,12,"tumor
tissues"
PXD075377,HCC,KLA31_12,TCGA-K7-AAU7-01A,3.41211207332267,2.89855072463768,TCGA_LIHC_primary,KLA31_12,cancer_tissue,Primary HCC tissue,12,"tumor
tissues"
PXD075377,HCC,KLA31_12,TCGA-KR-A7K0-01A,3.29831215925589,2.89012470508932,TCGA_LIHC_primary,KLA31_12,cancer_tissue,Primary HCC tissue,12,"tumor
tissues"
PXD075377,HCC,KLA31_12,TCGA-KR-A7K2-01A,3.33294268733124,2.80586450960566,TCGA_LIHC_primary,KLA31_12,cancer_tissue,Primary HCC tissue,12,"tumor
tissues"
PXD075377,HCC,KLA31_12,TCGA-KR-A7K7-01A,3.42105967642617,2.90697674418605,TCGA_LIHC_primary,KLA31_12,cancer_tissue,Primary HCC tissue,12,"tumor
tissues"
PXD075377,HCC,KLA31_12,TCGA-KR-A7K8-01A,3.14253180218309,2.83114256825076,TCGA_LIHC_primary,KLA31_12,cancer_tissue,Primary HCC tissue,12,"tumor
tissues"
PXD075377,HCC,KLA31_12,TCGA-LG-A6GG-01A,3.21814881392908,2.97438490057297,TCGA_LIHC_primary,KLA31_12,cancer_tissue,Primary HCC tissue,12,"tumor
tissues"
PXD075377,HCC,KLA31_12,TCGA-LG-A9QC-01A,3.30760227018291,2.94910684192787,TCGA_LIHC_primary,KLA31_12,cancer_tissue,Primary HCC tissue,12,"tumor
tissues"
PXD075377,HCC,KLA31_12,TCGA-LG-A9QD-01A,3.18955168604253,2.81429052915403,TCGA_LIHC_primary,KLA31_12,cancer_tissue,Primary HCC tissue,12,"tumor
tissues"
PXD075377,HCC,KLA31_12,TCGA-MI-A75C-01A,3.30512400765324,2.89012470508932,TCGA_LIHC_primary,KLA31_12,cancer_tissue,Primary HCC tissue,12,"tumor
tissues"
PXD075377,HCC,KLA31_12,TCGA-MI-A75E-01A,3.18186564749933,2.83956858779912,TCGA_LIHC_primary,KLA31_12,cancer_tissue,Primary HCC tissue,12,"tumor
tissues"
PXD075377,HCC,KLA31_12,TCGA-MI-A75G-01A,3.27791014514739,2.87327266599259,TCGA_LIHC_primary,KLA31_12,cancer_tissue,Primary HCC tissue,12,"tumor
tissues"
PXD075377,HCC,KLA31_12,TCGA-MI-A75H-01A,3.28895875629094,2.90697674418605,TCGA_LIHC_primary,KLA31_12,cancer_tissue,Primary HCC tissue,12,"tumor
tissues"
PXD075377,HCC,KLA31_12,TCGA-MI-A75I-01A,3.3578621180768,2.94910684192787,TCGA_LIHC_primary,KLA31_12,cancer_tissue,Primary HCC tissue,12,"tumor
tissues"
PXD075377,HCC,KLA31_12,TCGA-MR-A520-01A,3.22646944489884,2.83956858779912,TCGA_LIHC_primary,KLA31_12,cancer_tissue,Primary HCC tissue,12,"tumor
tissues"
PXD075377,HCC,KLA31_12,TCGA-MR-A8JO-01A,3.07581628748672,2.7721604314122,TCGA_LIHC_primary,KLA31_12,cancer_tissue,Primary HCC tissue,12,"tumor
tissues"
PXD075377,HCC,KLA31_12,TCGA-NI-A4U2-01A,3.19234674056956,2.87327266599259,TCGA_LIHC_primary,KLA31_12,cancer_tissue,Primary HCC tissue,12,"tumor
tissues"
PXD075377,HCC,KLA31_12,TCGA-NI-A8LF-01A,3.14333053382464,2.84799460734749,TCGA_LIHC_primary,KLA31_12,cancer_tissue,Primary HCC tissue,12,"tumor
tissues"
PXD075377,HCC,KLA31_12,TCGA-O8-A75V-01A,3.22450165555829,2.86484664644422,TCGA_LIHC_primary,KLA31_12,cancer_tissue,Primary HCC tissue,12,"tumor
tissues"
PXD075377,HCC,KLA31_12,TCGA-PD-A5DF-01A,3.37039282859538,2.89855072463768,TCGA_LIHC_primary,KLA31_12,cancer_tissue,Primary HCC tissue,12,"tumor
tissues"
PXD075377,HCC,KLA31_12,TCGA-QA-A7B7-01A,3.73903997489764,2.97438490057297,TCGA_LIHC_primary,KLA31_12,cancer_tissue,Primary HCC tissue,12,"tumor
tissues"
PXD075377,HCC,KLA31_12,TCGA-RC-A6M3-01A,3.65707012817727,2.9659588810246,TCGA_LIHC_primary,KLA31_12,cancer_tissue,Primary HCC tissue,12,"tumor
tissues"
PXD075377,HCC,KLA31_12,TCGA-RC-A6M4-01A,3.3796640035545,2.9912369396697,TCGA_LIHC_primary,KLA31_12,cancer_tissue,Primary HCC tissue,12,"tumor
tissues"
PXD075377,HCC,KLA31_12,TCGA-RC-A6M5-01A,3.05764353174979,2.7721604314122,TCGA_LIHC_primary,KLA31_12,cancer_tissue,Primary HCC tissue,12,"tumor
tissues"
PXD075377,HCC,KLA31_12,TCGA-RC-A6M6-01A,3.41486824442932,2.93225480283114,TCGA_LIHC_primary,KLA31_12,cancer_tissue,Primary HCC tissue,12,"tumor
tissues"
PXD075377,HCC,KLA31_12,TCGA-RC-A7S9-01A,3.42632484520728,2.94068082237951,TCGA_LIHC_primary,KLA31_12,cancer_tissue,Primary HCC tissue,12,"tumor
tissues"
PXD075377,HCC,KLA31_12,TCGA-RC-A7SB-01A,3.25587463701369,2.89012470508932,TCGA_LIHC_primary,KLA31_12,cancer_tissue,Primary HCC tissue,12,"tumor
tissues"
PXD075377,HCC,KLA31_12,TCGA-RC-A7SF-01A,3.3655187110704,2.94910684192787,TCGA_LIHC_primary,KLA31_12,cancer_tissue,Primary HCC tissue,12,"tumor
tissues"
PXD075377,HCC,KLA31_12,TCGA-RC-A7SH-01A,3.34662626249803,2.91540276373441,TCGA_LIHC_primary,KLA31_12,cancer_tissue,Primary HCC tissue,12,"tumor
tissues"
PXD075377,HCC,KLA31_12,TCGA-RC-A7SK-01A,3.28299911588417,2.93225480283114,TCGA_LIHC_primary,KLA31_12,cancer_tissue,Primary HCC tissue,12,"tumor
tissues"
PXD075377,HCC,KLA31_12,TCGA-RG-A7D4-01A,3.59023301003993,3.00808897876643,TCGA_LIHC_primary,KLA31_12,cancer_tissue,Primary HCC tissue,12,"tumor
tissues"
PXD075377,HCC,KLA31_12,TCGA-T1-A6J8-01A,3.12795481391481,2.82271654870239,TCGA_LIHC_primary,KLA31_12,cancer_tissue,Primary HCC tissue,12,"tumor
tissues"
PXD075377,HCC,KLA31_12,TCGA-UB-A7MA-01A,3.40330972073861,2.92382878328278,TCGA_LIHC_primary,KLA31_12,cancer_tissue,Primary HCC tissue,12,"tumor
tissues"
PXD075377,HCC,KLA31_12,TCGA-UB-A7MB-01A,3.6068115254286,2.9912369396697,TCGA_LIHC_primary,KLA31_12,cancer_tissue,Primary HCC tissue,12,"tumor
tissues"
PXD075377,HCC,KLA31_12,TCGA-UB-A7MC-01A,3.68831915268116,3.02494101786316,TCGA_LIHC_primary,KLA31_12,cancer_tissue,Primary HCC tissue,12,"tumor
tissues"
PXD075377,HCC,KLA31_12,TCGA-UB-A7MD-01A,3.28339043855431,2.85642062689585,TCGA_LIHC_primary,KLA31_12,cancer_tissue,Primary HCC tissue,12,"tumor
tissues"
PXD075377,HCC,KLA31_12,TCGA-UB-A7ME-01A,3.37482680433413,2.83114256825076,TCGA_LIHC_primary,KLA31_12,cancer_tissue,Primary HCC tissue,12,"tumor
tissues"
PXD075377,HCC,KLA31_12,TCGA-UB-A7MF-01A,3.44171248138473,2.92382878328278,TCGA_LIHC_primary,KLA31_12,cancer_tissue,Primary HCC tissue,12,"tumor
tissues"
PXD075377,HCC,KLA31_12,TCGA-UB-AA0U-01A,3.4819500701357,2.94068082237951,TCGA_LIHC_primary,KLA31_12,cancer_tissue,Primary HCC tissue,12,"tumor
tissues"
PXD075377,HCC,KLA31_12,TCGA-UB-AA0V-01A,3.18027988683005,2.83114256825076,TCGA_LIHC_primary,KLA31_12,cancer_tissue,Primary HCC tissue,12,"tumor
tissues"
PXD075377,HCC,KLA31_12,TCGA-WJ-A86L-01A,3.2806387649559,2.9151571320246,TCGA_LIHC_primary,KLA31_12,cancer_tissue,Primary HCC tissue,12,"tumor
tissues"
PXD075377,HCC,KLA31_12,TCGA-WQ-A9G7-01A,3.34341382103039,2.88169868554095,TCGA_LIHC_primary,KLA31_12,cancer_tissue,Primary HCC tissue,12,"tumor
tissues"
PXD075377,HCC,KLA31_12,TCGA-WQ-AB4B-01A,3.1915328510829,2.7974384900573,TCGA_LIHC_primary,KLA31_12,cancer_tissue,Primary HCC tissue,12,"tumor
tissues"
PXD075377,HCC,KLA31_12,TCGA-WX-AA44-01A,3.3196467282842,2.90697674418605,TCGA_LIHC_primary,KLA31_12,cancer_tissue,Primary HCC tissue,12,"tumor
tissues"
PXD075377,HCC,KLA31_12,TCGA-WX-AA46-01A,3.21088172551763,2.86484664644422,TCGA_LIHC_primary,KLA31_12,cancer_tissue,Primary HCC tissue,12,"tumor
tissues"
PXD075377,HCC,KLA31_12,TCGA-WX-AA47-01A,3.29101139729568,2.89012470508932,TCGA_LIHC_primary,KLA31_12,cancer_tissue,Primary HCC tissue,12,"tumor
tissues"
PXD075377,HCC,KLA31_12,TCGA-XR-A8TC-01A,3.43239147874925,3.00808897876643,TCGA_LIHC_primary,KLA31_12,cancer_tissue,Primary HCC tissue,12,"tumor
tissues"
PXD075377,HCC,KLA31_12,TCGA-XR-A8TD-01A,3.36997222836622,2.94068082237951,TCGA_LIHC_primary,KLA31_12,cancer_tissue,Primary HCC tissue,12,"tumor
tissues"
PXD075377,HCC,KLA31_12,TCGA-XR-A8TE-01A,3.18634081948457,2.87327266599259,TCGA_LIHC_primary,KLA31_12,cancer_tissue,Primary HCC tissue,12,"tumor
tissues"
PXD075377,HCC,KLA31_12,TCGA-XR-A8TF-01A,3.34456130673403,2.95753286147624,TCGA_LIHC_primary,KLA31_12,cancer_tissue,Primary HCC tissue,12,"tumor
tissues"
PXD075377,HCC,KLA31_12,TCGA-XR-A8TG-01A,3.55172389245339,2.97438490057297,TCGA_LIHC_primary,KLA31_12,cancer_tissue,Primary HCC tissue,12,"tumor
tissues"
PXD075377,HCC,KLA31_12,TCGA-YA-A8S7-01A,3.30360184794471,2.94068082237951,TCGA_LIHC_primary,KLA31_12,cancer_tissue,Primary HCC tissue,12,"tumor
tissues"
PXD075377,HCC,KLA31_12,TCGA-ZP-A9CV-01A,3.28023923763476,2.91540276373441,TCGA_LIHC_primary,KLA31_12,cancer_tissue,Primary HCC tissue,12,"tumor
tissues"
PXD075377,HCC,KLA31_12,TCGA-ZP-A9CY-01A,3.2703450553595,2.87327266599259,TCGA_LIHC_primary,KLA31_12,cancer_tissue,Primary HCC tissue,12,"tumor
tissues"
PXD075377,HCC,KLA31_12,TCGA-ZP-A9CZ-01A,3.53984353154214,2.93225480283114,TCGA_LIHC_primary,KLA31_12,cancer_tissue,Primary HCC tissue,12,"tumor
tissues"
PXD075377,HCC,KLA31_12,TCGA-ZP-A9D0-01A,3.31330914694385,2.88169868554095,TCGA_LIHC_primary,KLA31_12,cancer_tissue,Primary HCC tissue,12,"tumor
tissues"
PXD075377,HCC,KLA31_12,TCGA-ZP-A9D1-01A,3.26631944955024,2.86484664644422,TCGA_LIHC_primary,KLA31_12,cancer_tissue,Primary HCC tissue,12,"tumor
tissues"
PXD075377,HCC,KLA31_12,TCGA-ZP-A9D2-01A,3.4579138042351,2.9659588810246,TCGA_LIHC_primary,KLA31_12,cancer_tissue,Primary HCC tissue,12,"tumor
tissues"
PXD075377,HCC,KLA31_12,TCGA-ZP-A9D4-01A,3.51725993472528,2.95753286147624,TCGA_LIHC_primary,KLA31_12,cancer_tissue,Primary HCC tissue,12,"tumor
tissues"
PXD075377,HCC,KLA31_12,TCGA-ZS-A9CD-01A,3.09672395407505,2.81429052915403,TCGA_LIHC_primary,KLA31_12,cancer_tissue,Primary HCC tissue,12,"tumor
tissues"
PXD075377,HCC,KLA31_12,TCGA-ZS-A9CE-01A,3.21251886676821,2.92382878328278,TCGA_LIHC_primary,KLA31_12,cancer_tissue,Primary HCC tissue,12,"tumor
tissues"
PXD075377,HCC,KLA31_12,TCGA-ZS-A9CF-01A,3.51315692811086,2.94910684192787,TCGA_LIHC_primary,KLA31_12,cancer_tissue,Primary HCC tissue,12,"tumor
tissues"
PXD075377,HCC,KLA31_12,TCGA-ZS-A9CG-01A,3.22086807168861,2.89012470508932,TCGA_LIHC_primary,KLA31_12,cancer_tissue,Primary HCC tissue,12,"tumor
tissues"
PXD075377,adjacent liver,KLA31_09,TCGA-BC-A10Q-11A,2.64875416236178,2.86092715231788,TCGA_LIHC_normal,KLA31_09,normal_tissue,Adjacent liver tissue,9,"non-tumor
tissues"
PXD075377,adjacent liver,KLA31_09,TCGA-BC-A10R-11A,2.67905172228171,2.80794701986755,TCGA_LIHC_normal,KLA31_09,normal_tissue,Adjacent liver tissue,9,"non-tumor
tissues"
PXD075377,adjacent liver,KLA31_09,TCGA-BC-A10T-11A,2.65938687851161,2.78145695364238,TCGA_LIHC_normal,KLA31_09,normal_tissue,Adjacent liver tissue,9,"non-tumor
tissues"
PXD075377,adjacent liver,KLA31_09,TCGA-BC-A10U-11A,2.65698956230896,2.77262693156733,TCGA_LIHC_normal,KLA31_09,normal_tissue,Adjacent liver tissue,9,"non-tumor
tissues"
PXD075377,adjacent liver,KLA31_09,TCGA-BC-A10W-11A,2.63736270425338,2.75496688741722,TCGA_LIHC_normal,KLA31_09,normal_tissue,Adjacent liver tissue,9,"non-tumor
tissues"
PXD075377,adjacent liver,KLA31_09,TCGA-BC-A10X-11A,2.71630757498645,2.84326710816777,TCGA_LIHC_normal,KLA31_09,normal_tissue,Adjacent liver tissue,9,"non-tumor
tissues"
PXD075377,adjacent liver,KLA31_09,TCGA-BC-A10Y-11A,2.72691560563269,2.78145695364238,TCGA_LIHC_normal,KLA31_09,normal_tissue,Adjacent liver tissue,9,"non-tumor
tissues"
PXD075377,adjacent liver,KLA31_09,TCGA-BC-A10Z-11A,2.61859436152467,2.79028697571744,TCGA_LIHC_normal,KLA31_09,normal_tissue,Adjacent liver tissue,9,"non-tumor
tissues"
PXD075377,adjacent liver,KLA31_09,TCGA-BC-A110-11A,2.59533923522699,2.75496688741722,TCGA_LIHC_normal,KLA31_09,normal_tissue,Adjacent liver tissue,9,"non-tumor
tissues"
PXD075377,adjacent liver,KLA31_09,TCGA-BC-A216-11A,2.61449137205838,2.85209713024283,TCGA_LIHC_normal,KLA31_09,normal_tissue,Adjacent liver tissue,9,"non-tumor
tissues"
PXD075377,adjacent liver,KLA31_09,TCGA-BD-A2L6-11A,2.66430902614043,2.78145695364238,TCGA_LIHC_normal,KLA31_09,normal_tissue,Adjacent liver tissue,9,"non-tumor
tissues"
PXD075377,adjacent liver,KLA31_09,TCGA-BD-A3EP-11A,2.64991181579234,2.81677704194261,TCGA_LIHC_normal,KLA31_09,normal_tissue,Adjacent liver tissue,9,"non-tumor
tissues"
PXD075377,adjacent liver,KLA31_09,TCGA-DD-A113-11A,2.6099156230713,2.80794701986755,TCGA_LIHC_normal,KLA31_09,normal_tissue,Adjacent liver tissue,9,"non-tumor
tissues"
PXD075377,adjacent liver,KLA31_09,TCGA-DD-A114-11A,2.85434264396615,2.91390728476821,TCGA_LIHC_normal,KLA31_09,normal_tissue,Adjacent liver tissue,9,"non-tumor
tissues"
PXD075377,adjacent liver,KLA31_09,TCGA-DD-A116-11A,2.80881910276466,2.87858719646799,TCGA_LIHC_normal,KLA31_09,normal_tissue,Adjacent liver tissue,9,"non-tumor
tissues"
PXD075377,adjacent liver,KLA31_09,TCGA-DD-A118-11A,2.68564013161262,2.88741721854305,TCGA_LIHC_normal,KLA31_09,normal_tissue,Adjacent liver tissue,9,"non-tumor
tissues"
PXD075377,adjacent liver,KLA31_09,TCGA-DD-A119-11A,2.6538366533596,2.83443708609272,TCGA_LIHC_normal,KLA31_09,normal_tissue,Adjacent liver tissue,9,"non-tumor
tissues"
PXD075377,adjacent liver,KLA31_09,TCGA-DD-A11A-11A,2.67605894432615,2.79028697571744,TCGA_LIHC_normal,KLA31_09,normal_tissue,Adjacent liver tissue,9,"non-tumor
tissues"
PXD075377,adjacent liver,KLA31_09,TCGA-DD-A11B-11A,2.64959352255336,2.80794701986755,TCGA_LIHC_normal,KLA31_09,normal_tissue,Adjacent liver tissue,9,"non-tumor
tissues"
PXD075377,adjacent liver,KLA31_09,TCGA-DD-A11C-11A,2.7450388646302,2.83443708609272,TCGA_LIHC_normal,KLA31_09,normal_tissue,Adjacent liver tissue,9,"non-tumor
tissues"
PXD075377,adjacent liver,KLA31_09,TCGA-DD-A11D-11A,2.78622250891449,2.78145695364238,TCGA_LIHC_normal,KLA31_09,normal_tissue,Adjacent liver tissue,9,"non-tumor
tissues"
PXD075377,adjacent liver,KLA31_09,TCGA-DD-A1EB-11A,2.72012169352834,2.84326710816777,TCGA_LIHC_normal,KLA31_09,normal_tissue,Adjacent liver tissue,9,"non-tumor
tissues"
PXD075377,adjacent liver,KLA31_09,TCGA-DD-A1EC-11A,2.65427777554046,2.81677704194261,TCGA_LIHC_normal,KLA31_09,normal_tissue,Adjacent liver tissue,9,"non-tumor
tissues"
PXD075377,adjacent liver,KLA31_09,TCGA-DD-A1EE-11A,2.71790359841752,2.79911699779249,TCGA_LIHC_normal,KLA31_09,normal_tissue,Adjacent liver tissue,9,"non-tumor
tissues"
PXD075377,adjacent liver,KLA31_09,TCGA-DD-A1EG-11A,2.70805350698555,2.77262693156733,TCGA_LIHC_normal,KLA31_09,normal_tissue,Adjacent liver tissue,9,"non-tumor
tissues"
PXD075377,adjacent liver,KLA31_09,TCGA-DD-A1EH-11A,2.65734041324476,2.81677704194261,TCGA_LIHC_normal,KLA31_09,normal_tissue,Adjacent liver tissue,9,"non-tumor
tissues"
PXD075377,adjacent liver,KLA31_09,TCGA-DD-A1EI-11A,2.84241670816693,2.91390728476821,TCGA_LIHC_normal,KLA31_09,normal_tissue,Adjacent liver tissue,9,"non-tumor
tissues"
PXD075377,adjacent liver,KLA31_09,TCGA-DD-A1EJ-11A,2.74424805911053,2.84326710816777,TCGA_LIHC_normal,KLA31_09,normal_tissue,Adjacent liver tissue,9,"non-tumor
tissues"
PXD075377,adjacent liver,KLA31_09,TCGA-DD-A1EL-11A,2.7499388969576,2.88741721854305,TCGA_LIHC_normal,KLA31_09,normal_tissue,Adjacent liver tissue,9,"non-tumor
tissues"
PXD075377,adjacent liver,KLA31_09,TCGA-DD-A39V-11A,2.60235598575426,2.79911699779249,TCGA_LIHC_normal,KLA31_09,normal_tissue,Adjacent liver tissue,9,"non-tumor
tissues"
PXD075377,adjacent liver,KLA31_09,TCGA-DD-A39W-11A,2.71037661548167,2.80794701986755,TCGA_LIHC_normal,KLA31_09,normal_tissue,Adjacent liver tissue,9,"non-tumor
tissues"
PXD075377,adjacent liver,KLA31_09,TCGA-DD-A39X-11A,2.70928148187578,2.82560706401766,TCGA_LIHC_normal,KLA31_09,normal_tissue,Adjacent liver tissue,9,"non-tumor
tissues"
PXD075377,adjacent liver,KLA31_09,TCGA-DD-A39Z-11A,2.69531081678736,2.84326710816777,TCGA_LIHC_normal,KLA31_09,normal_tissue,Adjacent liver tissue,9,"non-tumor
tissues"
PXD075377,adjacent liver,KLA31_09,TCGA-DD-A3A1-11A,2.48740427549923,2.70198675496689,TCGA_LIHC_normal,KLA31_09,normal_tissue,Adjacent liver tissue,9,"non-tumor
tissues"
PXD075377,adjacent liver,KLA31_09,TCGA-DD-A3A2-11A,2.73883001616493,2.79028697571744,TCGA_LIHC_normal,KLA31_09,normal_tissue,Adjacent liver tissue,9,"non-tumor
tissues"
PXD075377,adjacent liver,KLA31_09,TCGA-DD-A3A3-11A,2.56742911392179,2.70198675496689,TCGA_LIHC_normal,KLA31_09,normal_tissue,Adjacent liver tissue,9,"non-tumor
tissues"
PXD075377,adjacent liver,KLA31_09,TCGA-DD-A3A4-11A,2.64028717834181,2.78145695364238,TCGA_LIHC_normal,KLA31_09,normal_tissue,Adjacent liver tissue,9,"non-tumor
tissues"
PXD075377,adjacent liver,KLA31_09,TCGA-DD-A3A5-11A,2.70252004523936,2.84326710816777,TCGA_LIHC_normal,KLA31_09,normal_tissue,Adjacent liver tissue,9,"non-tumor
tissues"
PXD075377,adjacent liver,KLA31_09,TCGA-DD-A3A6-11A,2.6585622213939,2.76379690949227,TCGA_LIHC_normal,KLA31_09,normal_tissue,Adjacent liver tissue,9,"non-tumor
tissues"
PXD075377,adjacent liver,KLA31_09,TCGA-DD-A3A8-11A,2.53953465789497,2.78145695364238,TCGA_LIHC_normal,KLA31_09,normal_tissue,Adjacent liver tissue,9,"non-tumor
tissues"
PXD075377,adjacent liver,KLA31_09,TCGA-EP-A12J-11A,2.81142517409688,2.8962472406181,TCGA_LIHC_normal,KLA31_09,normal_tissue,Adjacent liver tissue,9,"non-tumor
tissues"
PXD075377,adjacent liver,KLA31_09,TCGA-EP-A26S-11A,2.60658637127102,2.80794701986755,TCGA_LIHC_normal,KLA31_09,normal_tissue,Adjacent liver tissue,9,"non-tumor
tissues"
PXD075377,adjacent liver,KLA31_09,TCGA-EP-A3RK-11A,2.74467728087849,2.86092715231788,TCGA_LIHC_normal,KLA31_09,normal_tissue,Adjacent liver tissue,9,"non-tumor
tissues"
PXD075377,adjacent liver,KLA31_09,TCGA-ES-A2HT-11A,2.71234000092396,2.86092715231788,TCGA_LIHC_normal,KLA31_09,normal_tissue,Adjacent liver tissue,9,"non-tumor
tissues"
PXD075377,adjacent liver,KLA31_09,TCGA-FV-A23B-11A,2.66027525837988,2.76379690949227,TCGA_LIHC_normal,KLA31_09,normal_tissue,Adjacent liver tissue,9,"non-tumor
tissues"
PXD075377,adjacent liver,KLA31_09,TCGA-FV-A2QR-11A,2.62944924714404,2.73730684326711,TCGA_LIHC_normal,KLA31_09,normal_tissue,Adjacent liver tissue,9,"non-tumor
tissues"
PXD075377,adjacent liver,KLA31_09,TCGA-FV-A3I0-11A,2.63656333191148,2.85209713024283,TCGA_LIHC_normal,KLA31_09,normal_tissue,Adjacent liver tissue,9,"non-tumor
tissues"
PXD075377,adjacent liver,KLA31_09,TCGA-FV-A3I1-11A,2.69870352096542,2.79911699779249,TCGA_LIHC_normal,KLA31_09,normal_tissue,Adjacent liver tissue,9,"non-tumor
tissues"
PXD075377,adjacent liver,KLA31_09,TCGA-FV-A3R2-11A,2.52512368592433,2.70198675496689,TCGA_LIHC_normal,KLA31_09,normal_tissue,Adjacent liver tissue,9,"non-tumor
tissues"
PXD075377,adjacent liver,KLA31_09,TCGA-G3-A3CH-11A,2.67942600102678,2.79028697571744,TCGA_LIHC_normal,KLA31_09,normal_tissue,Adjacent liver tissue,9,"non-tumor
tissues"
PXD078013,RKO WT and GSK3B KO,KLA31_24,C1_count,4.85183187913927,3.25210616903705,RKO_DMSO,KLA31_24,cancer_cells,RKO cells,25,"cancer
cell lines"
PXD078013,RKO WT and GSK3B KO,KLA31_24,C2_count,4.83236422239067,3.25210616903705,RKO_DMSO,KLA31_24,cancer_cells,RKO cells,25,"cancer
cell lines"
PXD078013,RKO WT and GSK3B KO,KLA31_24,C3_count,4.87405763463967,3.25210616903705,RKO_DMSO,KLA31_24,cancer_cells,RKO cells,25,"cancer
cell lines"
