ConnGroup,dropped_train_group,Model,N,Pos,AP_new,LogLoss_new,Brier_new,ROC_new,AP_orig,LogLoss_orig,Brier_orig,ROC_orig,diff_AP,diff_LogLoss,diff_Brier,diff_ROC
2,1,M0,280,21,0.075,0.568302284315392,0.188091698641892,0.5,0.075,0.562856131045747,0.185442551013687,0.5,0,0.00544615326964493,0.00264914762820528,0
3,1,M0,146,39,0.267123287671233,0.623746521443001,0.215645626435991,0.5,0.267123287671233,0.621673150969817,0.214645337188004,0.5,-1.11022302462516e-16,0.00207337047318401,0.00100028924798706,0
4,1,M0,146,25,0.171232876712329,0.590220498703022,0.199050097946833,0.5,0.171232876712329,0.586656681377199,0.19732792739409,0.5,-2.4980018054066e-16,0.00356381732582312,0.00172217055274318,0
5,1,M0,228,8,0.0350877192982456,0.553175769443156,0.180613309261459,0.5,0.0350877192982456,0.547196568051153,0.177707554500243,0.5,1.38777878078145e-17,0.00597920139200325,0.00290575476121588,0
6,1,M0,276,5,0.0181159420289855,0.553559218788854,0.1807535527342,0.5,0.0181159420289855,0.547122442672379,0.17761786620828,0.5,6.93889390390723e-18,0.00643677611647497,0.00313568652591978,0
7,1,M0,561,257,0.458110516934046,0.696549545823884,0.25161062697073,0.5,0.458110516934046,0.697471039960059,0.252052285471729,0.5,3.88578058618805e-16,-0.000921494136175038,-0.00044165850099892,0
8,1,M0,320,157,0.490625,0.709506676455809,0.258004839143981,0.5,0.490625,0.710869082160444,0.258658173147009,0.5,0,-0.00136240570463475,-0.000653334003028305,0
9,1,M0,288,82,0.284722222222222,0.631503819921973,0.219467122561307,0.5,0.284722222222222,0.629600156384745,0.21854708861997,0.5,2.22044604925031e-16,0.00190366353722793,0.000920033941337411,0
10,1,M0,677,358,0.528803545051699,0.730294893901629,0.268178921505665,0.5,0.528803545051699,0.732404609655295,0.269181907043285,0.5,-3.33066907387547e-16,-0.00210971575366614,-0.00100298553761968,0
11,1,M0,1193,375,0.314333612740989,0.648354423132074,0.2277516542374,0.5,0.314333612740989,0.646309322118626,0.226753611420743,0.5,1.11022302462516e-16,0.00204510101344801,0.00099804281665683,0
12,1,M0,303,228,0.752475247524752,0.833377189983071,0.318828159241363,0.5,0.752475247524752,0.838524762619821,0.321269775463568,0.5,4.44089209850063e-16,-0.00514757263675025,-0.0024416162222049,0
13,1,M0,175,86,0.491428571428572,0.709083866653007,0.257805719564591,0.5,0.491428571428572,0.710409150802034,0.258442324719295,0.5,-5.55111512312578e-16,-0.00132528414902744,-0.000636605154703596,0
14,1,M0,177,28,0.15819209039548,0.587060946364427,0.197471045884599,0.5,0.15819209039548,0.583238574015162,0.195621871820536,0.5,2.4980018054066e-16,0.00382237234926508,0.00184917406406263,0
15,1,M0,627,384,0.61244019138756,0.774581780054387,0.289840797180382,0.5,0.61244019138756,0.777929016289496,0.291420610714475,0.5,-2.22044604925031e-16,-0.00334723623510869,-0.00157981353409314,0
16,1,M0,193,90,0.466321243523316,0.699049139805867,0.252854049049151,0.5,0.466321243523316,0.700004150686475,0.253312977329909,0.5,5.55111512312578e-17,-0.000955010880608564,-0.000458928280758331,0
17,1,M0,287,141,0.491289198606272,0.709609340214183,0.258057630711916,0.5,0.491289198606272,0.710970454130806,0.258710588767755,0.5,-2.22044604925031e-16,-0.00136111391662286,-0.00065295805583937,0
18,1,M0,432,230,0.532407407407407,0.728868636482005,0.267521555478475,0.5,0.532407407407407,0.730916804952054,0.268499911381838,0.5,4.44089209850063e-16,-0.00204816847004952,-0.000978355903362649,0
19,1,M0,323,172,0.532507739938081,0.727584414531421,0.266907120393717,0.5,0.532507739938081,0.729584045754148,0.267864262533819,0.5,-4.44089209850063e-16,-0.00199963122272695,-0.00095714214010173,0
2,1,MP,280,21,0.61880951579528,0.535381741151395,0.182197592347103,0.910185695899982,0.618967467720808,0.530761573324404,0.180152846459861,0.909450266593124,-0.0001579519255277,0.00462016782699082,0.00204474588724238,0.00073542930685766
3,1,MP,146,39,0.613244102969514,0.621876427647895,0.215076306080103,0.78600527198658,0.634921249570518,0.60885899698863,0.209979844859851,0.790678169182842,-0.0216771466010036,0.0130174306592649,0.00509646122025179,-0.00467289719626152
4,1,MP,146,25,0.477958615422131,0.604430921468661,0.210376807882922,0.764132231404959,0.507072153692925,0.590105149151892,0.204734924557639,0.768595041322314,-0.0291135382707944,0.0143257723167689,0.00564188332528312,-0.00446280991735537
5,1,MP,228,8,0.271024979725543,0.622623944191897,0.218438978622884,0.791477272727273,0.292081554191196,0.614748611284955,0.215313284783294,0.790056818181818,-0.0210565744656526,0.00787533290694176,0.00312569383959013,0.0014204545454547
6,1,MP,276,5,0.0439086710023875,0.653901399951808,0.22517316719348,0.717712177121771,0.0445351791264003,0.645505496730541,0.221390882791666,0.721033210332103,-0.000626508124012846,0.00839590322126671,0.00378228440181366,-0.00332103321033173
7,1,MP,561,257,0.812465102701266,0.541113156229423,0.178205060600777,0.816717438050379,0.809641730255759,0.543535576692664,0.180027778653934,0.812634394839238,0.00282337244550734,-0.00242242046324148,-0.00182271805315687,0.00408304321114084
8,1,MP,320,157,0.819435031081986,0.563543029878283,0.18733483361088,0.794361298894143,0.816005108355322,0.567939233434807,0.188962877424044,0.791430581063655,0.00342992272666409,-0.00439620355652448,-0.00162804381316434,0.00293071783048737
9,1,MP,288,82,0.629469714902251,0.544730575618501,0.181074147154571,0.774360644091878,0.630780549548471,0.542515776736445,0.179919264453227,0.775455837082643,-0.00131083464622017,0.00221479888205611,0.00115488270134417,-0.00109519299076521
10,1,MP,677,358,0.91835339445927,0.456272301812037,0.145067393195217,0.917159944659463,0.921148186153207,0.457852184983101,0.145889675587365,0.918928740302271,-0.00279479169393726,-0.00157988317106383,-0.000822282392147739,-0.00176879564280796
11,1,MP,1193,375,0.555264912609714,0.617148651356313,0.213465605754474,0.719957620211899,0.556786508886677,0.612091531791435,0.211281295622712,0.721066014669927,-0.00152159627696258,0.00505711956487787,0.00218431013176221,-0.00110839445802813
12,1,MP,303,228,0.921170128649634,0.823278682471487,0.287744551265138,0.789649122807018,0.921265319834541,0.827472610090691,0.289478325240095,0.791023391812866,-9.5191184906529e-05,-0.00419392761920367,-0.00173377397495694,-0.00137426900584847
13,1,MP,175,86,0.850498652077142,0.470294371603258,0.153123806775703,0.872484975176378,0.842616443006938,0.474984934236286,0.155333547580898,0.868630781290828,0.00788220907020432,-0.00469056263302814,-0.00220974080519545,0.00385419388555031
14,1,MP,177,28,0.68585175051153,0.540289001437208,0.183732506584173,0.920182166826462,0.675545566033652,0.533620992501976,0.180645434912642,0.919103547459252,0.0103061844778779,0.00666800893523167,0.00308707167153108,0.0010786193672101
15,1,MP,627,384,0.874421211746346,0.66486800830426,0.230635091228203,0.814520104595336,0.875118076715491,0.668298079394011,0.232117472868872,0.815725737311385,-0.00069686496914545,-0.00343007108975146,-0.00148238164066911,-0.0012056327160489
16,1,MP,193,90,0.786187889466599,0.574123361774223,0.190183764128573,0.780960086299892,0.778268195285482,0.579335039004122,0.192355742983181,0.775728155339806,0.00791969418111693,-0.0052116772298989,-0.00217197885460779,0.00523193096008612
17,1,MP,287,141,0.910411514719267,0.463964264009007,0.148135278064039,0.910667443893909,0.91014612933295,0.466104700375446,0.149272002347979,0.909963081706014,0.00026538538631693,-0.00214043636643868,-0.00113672428393999,0.000704362187894492
18,1,MP,432,230,0.901670781789127,0.500251107493266,0.164238850782914,0.88852776582006,0.901948090038083,0.5031924618743,0.165606420245448,0.888570813603099,-0.000277308248955444,-0.00294135438103382,-0.0013675694625345,-4.30477830386522e-05
19,1,MP,323,172,0.854783487343382,0.580003650789143,0.195037579927685,0.818400585245649,0.854340229869587,0.583236574485018,0.196421938838919,0.817476513168027,0.0004432574737947,-0.00323292369587513,-0.00138435891123354,0.000924072077622129
2,1,MP_cal,280,21,0.61880951579528,0.512117524872813,0.169492294316061,0.910185695899982,0.618967467720808,0.511680905613815,0.169587350867771,0.909450266593124,-0.0001579519255277,0.000436619258998072,-9.50565517102708e-05,0.00073542930685766
3,1,MP_cal,146,39,0.613244102969514,0.587147539837909,0.20189936796075,0.78600527198658,0.634921249570518,0.58711678440151,0.201776274601967,0.790678169182842,-0.0216771466010036,3.0755436399299e-05,0.000123093358782661,-0.00467289719626152
4,1,MP_cal,146,25,0.477958615422131,0.570451838409884,0.19595742322275,0.764132231404959,0.507072153692925,0.570252950753273,0.19617228859426,0.768595041322314,-0.0291135382707944,0.00019888765661058,-0.000214865371509915,-0.00446280991735537
5,1,MP_cal,228,8,0.271024979725543,0.5767979537875,0.198869216534649,0.791477272727273,0.292081554191196,0.582861580946596,0.201778057726393,0.790056818181818,-0.0210565744656526,-0.0060636271590957,-0.00290884119174414,0.0014204545454547
6,1,MP_cal,276,5,0.0439086710023875,0.591201177577334,0.204200741694328,0.717712177121771,0.0445351791264003,0.597036273300108,0.206477625348077,0.721033210332103,-0.000626508124012846,-0.00583509572277452,-0.0022768836537494,-0.00332103321033173
7,1,MP_cal,561,257,0.812465102701266,0.548492982502565,0.182739364262684,0.816717438050379,0.809641730255759,0.551470493160351,0.184188321873093,0.812634394839238,0.00282337244550734,-0.00297751065778651,-0.00144895761040859,0.00408304321114084
8,1,MP_cal,320,157,0.819435031081986,0.565562504911893,0.189787100613515,0.794361298894143,0.816005108355322,0.568814984527702,0.191254512960473,0.791430581063655,0.00342992272666409,-0.00325247961580877,-0.00146741234695835,0.00293071783048737
9,1,MP_cal,288,82,0.629469714902251,0.530293079893026,0.175250502309368,0.774360644091878,0.630780549548471,0.530644716146234,0.175303372839258,0.775455837082643,-0.00131083464622017,-0.000351636253207555,-5.28705298900034e-05,-0.00109519299076521
10,1,MP_cal,677,358,0.91835339445927,0.491371177800976,0.15875291561847,0.917159944659463,0.921148186153207,0.492782856236411,0.159491018648133,0.918928740302271,-0.00279479169393726,-0.00141167843543483,-0.000738103029662596,-0.00176879564280796
11,1,MP_cal,1193,375,0.555264912609714,0.603502089977433,0.208808098997889,0.719957620211899,0.556786508886677,0.597096532017347,0.206054193610353,0.721066014669927,-0.00152159627696258,0.00640555796008557,0.00275390538753567,-0.00110839445802813
12,1,MP_cal,303,228,0.921170128649634,0.827654782751897,0.300721357809848,0.789649122807018,0.921265319834541,0.841754791973352,0.304909991105865,0.791023391812866,-9.5191184906529e-05,-0.0141000092214548,-0.00418863329601687,-0.00137426900584847
13,1,MP_cal,175,86,0.850498652077142,0.497909198154351,0.162722685537444,0.872484975176378,0.842616443006938,0.497069748390844,0.163249890341954,0.868630781290828,0.00788220907020432,0.000839449763506528,-0.000527204804510156,0.00385419388555031
14,1,MP_cal,177,28,0.68585175051153,0.512265692320428,0.169401730738702,0.920182166826462,0.675545566033652,0.502499111494608,0.165933775225944,0.919103547459252,0.0103061844778779,0.0097665808258196,0.00346795551275758,0.0010786193672101
15,1,MP_cal,627,384,0.874421211746346,0.687513855069846,0.244246179715145,0.814520104595336,0.875118076715491,0.692868315326095,0.245717115929365,0.815725737311385,-0.00069686496914545,-0.00535446025624953,-0.00147093621422012,-0.0012056327160489
16,1,MP_cal,193,90,0.786187889466599,0.568969745544614,0.190762079330381,0.780960086299892,0.778268195285482,0.572848608732251,0.192610539287929,0.775728155339806,0.00791969418111693,-0.00387886318763731,-0.00184845995754776,0.00523193096008612
17,1,MP_cal,287,141,0.910411514719267,0.494624483166076,0.16007096264109,0.910667443893909,0.91014612933295,0.495486239147011,0.16045109145637,0.909963081706014,0.00026538538631693,-0.000861755980935353,-0.00038012881528024,0.000704362187894492
18,1,MP_cal,432,230,0.901670781789127,0.534629748097588,0.178239262710098,0.88852776582006,0.901948090038083,0.536129899104109,0.178809491974435,0.888570813603099,-0.000277308248955444,-0.00150015100652101,-0.00057022926433678,-4.30477830386522e-05
19,1,MP_cal,323,172,0.854783487343382,0.598101944118262,0.204398325201858,0.818400585245649,0.854340229869587,0.59776293728645,0.204427678047874,0.817476513168027,0.0004432574737947,0.000339006831811872,-2.93528460164894e-05,0.000924072077622129
2,1,ME,280,21,0.352545471617468,0.528803836270665,0.169429410496138,0.830299687442545,0.352545471617468,0.52291730782217,0.166655053545391,0.830299687442545,-3.88578058618805e-16,0.00588652844849447,0.00277435695074726,-4.44089209850063e-16
3,1,ME,146,39,0.627640986501488,0.613648930106986,0.21075082558228,0.780254013898874,0.627640986501488,0.610935013062588,0.209442921752146,0.780254013898874,-3.33066907387547e-16,0.00271391704439827,0.00130790383013377,-3.33066907387547e-16
4,1,ME,146,25,0.270445997467497,0.547705135002303,0.17915433365927,0.625454545454546,0.270445997467497,0.544038083938858,0.177471926458478,0.625454545454546,4.44089209850063e-16,0.00366705106344467,0.0016824072007921,-5.55111512312578e-16
5,1,ME,228,8,0.14653932334428,0.498757757172603,0.15487000002683,0.817045454545455,0.14653932334428,0.492204016654421,0.151805923534161,0.817045454545455,2.4980018054066e-16,0.00655374051818164,0.00306407649266907,-4.44089209850063e-16
6,1,ME,276,5,0.0694705677464298,0.469003722645877,0.14073890951879,0.677490774907749,0.0694705677464298,0.461096203356855,0.137101733540443,0.677490774907749,1.38777878078145e-17,0.00790751928902217,0.00363717597834676,1.11022302462516e-16
7,1,ME,561,257,0.622320050323158,0.681109221511659,0.244072682290261,0.643124104034405,0.622320050323158,0.681918513715047,0.244466259296513,0.643124104034405,2.22044604925031e-16,-0.000809292203387657,-0.000393577006252338,1.11022302462516e-16
8,1,ME,320,157,0.546521562334421,0.721608533591794,0.263365413677699,0.558047751162518,0.546521562334421,0.723934665119574,0.264410764209395,0.558047751162518,1.11022302462516e-16,-0.0023261315277805,-0.00104535053169585,0
9,1,ME,288,82,0.534064545668899,0.602111020236132,0.20550954392132,0.727563343594601,0.534064545668899,0.59976278937235,0.204424316111453,0.727563343594601,2.22044604925031e-16,0.00234823086378222,0.00108522780986658,0
10,1,ME,677,358,0.60951279599075,0.706366277247582,0.256482492489976,0.588982679812963,0.60951279599075,0.707898866258615,0.257213405461652,0.588982679812963,4.44089209850063e-16,-0.00153258901103337,-0.000730912971676545,0
11,1,ME,1193,375,0.350259612236911,0.676400647922382,0.241725450773443,0.516050529747351,0.350259612236911,0.673712104555657,0.240397745157377,0.516050529747351,4.44089209850063e-16,0.00268854336672497,0.00132770561606618,2.22044604925031e-16
12,1,ME,303,228,0.715818859221255,1.05877410505076,0.41371766379789,0.417017543859649,0.715818859221255,1.06876699810025,0.417493346648271,0.417017543859649,0,-0.00999289304948614,-0.00377568285038155,1.11022302462516e-16
13,1,ME,175,86,0.63835468867811,0.680387707855009,0.243716617270389,0.644107656127515,0.63835468867811,0.680796975946184,0.243924795215392,0.644107656127515,-4.44089209850063e-16,-0.000409268091175252,-0.000208177945002969,0
14,1,ME,177,28,0.292554678123871,0.622155391133652,0.215055066916306,0.601629913710451,0.292554678123871,0.618400722438184,0.213233840573084,0.601629913710451,2.22044604925031e-16,0.00375466869546748,0.00182122634322207,-4.44089209850063e-16
15,1,ME,627,384,0.669255585186163,0.809576699094371,0.304551319840215,0.564021776406036,0.669255585186163,0.814288706532725,0.306578091278746,0.564021776406036,4.44089209850063e-16,-0.00471200743835387,-0.00202677143853125,-3.33066907387547e-16
16,1,ME,193,90,0.640295909123075,0.669881403709855,0.238536595180909,0.651887810140237,0.640295909123075,0.669980386717813,0.238594030734564,0.651887810140237,1.11022302462516e-16,-9.89830079579646e-05,-5.74355536546445e-05,3.33066907387547e-16
17,1,ME,287,141,0.609694672081817,0.685610923138714,0.246241293663101,0.603711260079666,0.609694672081817,0.686165327851417,0.246511418891886,0.603711260079666,-1.11022302462516e-16,-0.000554404712702628,-0.000270125228784668,-2.22044604925031e-16
18,1,ME,432,230,0.594957228523913,0.706724274555738,0.256728606736301,0.557942315970728,0.594957228523913,0.70803868332774,0.257369102329719,0.557942315970728,1.11022302462516e-16,-0.00131440877200228,-0.000640495593417834,-4.44089209850063e-16
19,1,ME,323,172,0.681281213672649,0.713250190655304,0.259704803863632,0.623556137378716,0.681281213672649,0.715103785672504,0.26058315021586,0.623556137378716,-5.55111512312578e-16,-0.00185359501720039,-0.000878346352228443,-4.44089209850063e-16
2,1,ME2,280,21,0.352545471617468,0.498834756686138,0.155534356545012,0.830299687442545,0.352545471617468,0.491282732588704,0.152078465671711,0.830299687442545,-3.88578058618805e-16,0.00755202409743427,0.00345589087330067,-4.44089209850063e-16
3,1,ME2,146,39,0.593847482483282,0.620634850183376,0.214277741169225,0.759645339084591,0.592728866204126,0.6184530143501,0.213230670529191,0.758686796069974,0.00111861627915566,0.00218183583327591,0.00104707064003398,0.000958543014617397
4,1,ME2,146,25,0.270445997467497,0.54399744134877,0.177594557514639,0.625454545454546,0.270445997467497,0.540584948625043,0.17604778020966,0.625454545454546,4.44089209850063e-16,0.0034124927237269,0.00154677730497882,-5.55111512312578e-16
5,1,ME2,228,8,0.14653932334428,0.512411482279757,0.161570337587034,0.817045454545455,0.14653932334428,0.507117749719337,0.159096491810122,0.817045454545455,2.4980018054066e-16,0.00529373256041987,0.00247384577691237,-4.44089209850063e-16
6,1,ME2,276,5,0.0694705677464298,0.704678351797678,0.255652989606221,0.677490774907749,0.0694705677464298,0.703641510717045,0.255132505284508,0.677490774907749,1.38777878078145e-17,0.00103684108063284,0.000520484321712589,1.11022302462516e-16
7,1,ME2,561,257,0.609232936796983,0.677191115194159,0.242138891650627,0.639642637722711,0.608737917037293,0.677741097182295,0.242403290295357,0.639169055908253,0.000495019759689463,-0.000549981988136383,-0.00026439864473024,0.000473581814458446
8,1,ME2,320,157,0.545052416424332,0.716674484712524,0.260929438619795,0.556445625415185,0.544987720680913,0.718399054665175,0.26169087372583,0.556484701652925,6.46957434193851e-05,-0.00172456995265147,-0.000761435106034658,-3.90762377399101e-05
9,1,ME2,288,82,0.534064545668899,0.596398417414221,0.202919247538218,0.727563343594601,0.534064545668899,0.593989620109714,0.201820033759654,0.727563343594601,2.22044604925031e-16,0.00240879730450727,0.00109921377856428,0
10,1,ME2,677,358,0.599689315707932,0.692824394493732,0.24986368992097,0.582870702789793,0.598961082098987,0.693238010245069,0.250058725714968,0.582485420570568,0.000728233608944584,-0.000413615751337471,-0.000195035793998072,0.000385282219225513
11,1,ME2,1193,375,0.365256303056515,0.666468775757272,0.236967711079156,0.546136919315403,0.366174653072298,0.662804401793566,0.23520602674111,0.549132844335778,-0.000918350015782721,0.00366437396370578,0.00176168433804605,-0.0029959250203746
12,1,ME2,303,228,0.715818859221255,1.04959237187125,0.410086492069317,0.417017543859649,0.715818859221255,1.0527365246882,0.411194576525907,0.417017543859649,0,-0.00314415281695313,-0.00110808445658989,1.11022302462516e-16
13,1,ME2,175,86,0.63835468867811,0.698116711394414,0.252393343890841,0.644107656127515,0.63835468867811,0.70065417854977,0.253594132859692,0.644107656127515,-4.44089209850063e-16,-0.00253746715535619,-0.0012007889688509,0
14,1,ME2,177,28,0.292554678123871,0.591582889132973,0.200421785969867,0.601629913710451,0.292554678123871,0.586498528534607,0.198015014246776,0.601629913710451,2.22044604925031e-16,0.00508436059836626,0.00240677172309081,-4.44089209850063e-16
15,1,ME2,627,384,0.644200715363597,0.837926119864139,0.316660226241963,0.517221793552812,0.643564451934811,0.843331656820639,0.318885310967372,0.516160836762689,0.000636263428786199,-0.00540553695649981,-0.00222508472540878,0.00106095679012308
16,1,ME2,193,90,0.640295909123075,0.66473292906786,0.23600036461797,0.651887810140237,0.640295909123075,0.664521088338737,0.235902506765947,0.651887810140237,1.11022302462516e-16,0.000211840729123391,9.78578520229867e-05,3.33066907387547e-16
17,1,ME2,287,141,0.609694672081817,0.684348700945672,0.245570032414734,0.603711260079666,0.609694672081817,0.68488295033684,0.245820605709397,0.603711260079666,-1.11022302462516e-16,-0.000534249391168418,-0.000250573294663298,-2.22044604925031e-16
18,1,ME2,432,230,0.594957228523913,0.768150885051476,0.285112536642527,0.557942315970728,0.594957228523913,0.774006721419936,0.287649119665135,0.557942315970728,1.11022302462516e-16,-0.00585583636845954,-0.00253658302260784,-4.44089209850063e-16
19,1,ME2,323,172,0.681281213672649,0.719299572273277,0.262370731133761,0.623556137378716,0.681281213672649,0.721568397251319,0.263409554268042,0.623556137378716,-5.55111512312578e-16,-0.00226882497804226,-0.0010388231342815,-4.44089209850063e-16
2,1,ME_P,280,21,0.664617351973745,0.495260585339327,0.161862617505011,0.923515352086781,0.662189103945433,0.491659150396886,0.160622837328073,0.92388306674021,0.00242824802831243,0.00360143494244092,0.00123978017693765,-0.00036771465342933
3,1,ME_P,146,39,0.632448914043859,0.590011901587334,0.202793986925899,0.807093218308172,0.637367803369133,0.591494652945118,0.203226191025108,0.806853582554517,-0.00491888932527362,-0.0014827513577842,-0.000432204099209466,0.000239635753654599
4,1,ME_P,146,25,0.502836898884399,0.548290999068701,0.186123123226784,0.772561983471074,0.522462982469667,0.546116454535335,0.185514465042654,0.775206611570248,-0.0196260835852685,0.00217454453336652,0.000608658184130112,-0.00264462809917354
5,1,ME_P,228,8,0.283889317550056,0.553253355216435,0.188320219853387,0.809090909090909,0.310782340757036,0.555375279516176,0.189584020516142,0.805681818181818,-0.0268930232069802,-0.00212192429974067,-0.00126380066275489,0.00340909090909103
6,1,ME_P,276,5,0.0470146728138875,0.571879060124775,0.196127648243821,0.71660516605166,0.0486234180549762,0.568377411539884,0.194662216158458,0.719557195571956,-0.00160874524108868,0.0035016485848911,0.00146543208536304,-0.0029520295202955
7,1,ME_P,561,257,0.824674712118287,0.54319170378232,0.180786733024735,0.82624667212779,0.822408560812974,0.545021957546932,0.181782846085472,0.824352344869957,0.0022661513053126,-0.00183025376461243,-0.00099611306073677,0.00189432725783323
8,1,ME_P,320,157,0.824108711759564,0.570584771402695,0.192077854072296,0.799069985541792,0.821638018584694,0.575740355172383,0.194339120457988,0.796569106326443,0.00247069317486959,-0.00515558376968839,-0.00226126638569182,0.00250087921534903
9,1,ME_P,288,82,0.642956160569907,0.517494651093939,0.169745424452837,0.792150130239167,0.646098737686954,0.515205835639023,0.16870867908056,0.794873312810798,-0.00314257711704713,0.00228881545491622,0.00103674537227699,-0.00272318257163151
10,1,ME_P,677,358,0.923853916056057,0.485413436183601,0.156101553620012,0.92052678587065,0.926074694130088,0.485354187957101,0.15620999844456,0.922251799443092,-0.00222077807403154,5.92482265003302e-05,-0.00010844482454761,-0.0017250135724417
11,1,ME_P,1193,375,0.56320354905441,0.625115848400787,0.217357732600414,0.712180929095355,0.565185572253852,0.617602649693974,0.214256996406054,0.713220863895681,-0.00198202319944252,0.00751319870681277,0.00310073619435952,-0.00103993480032638
12,1,ME_P,303,228,0.91280899428821,0.980473298376307,0.357172606654104,0.76327485380117,0.914536113686531,0.992882047418664,0.359573026389496,0.767076023391813,-0.00172711939832082,-0.0124087490423574,-0.00240041973539179,-0.00380116959064347
13,1,ME_P,175,86,0.858529065193291,0.487665801537505,0.157701049716163,0.880977266788607,0.853248456413857,0.486345049964339,0.158073574935433,0.877711000783904,0.00528060877943426,0.00132075157316602,-0.000372525219269615,0.00326626600470326
14,1,ME_P,177,28,0.666471806597873,0.534512754984657,0.178630922488723,0.911313518696069,0.664776908094356,0.523539779084723,0.174492126200586,0.912032598274209,0.00169489850351701,0.0109729758999336,0.00413879628813724,-0.000719079578139992
15,1,ME_P,627,384,0.879684273331503,0.71047670233905,0.254035435908593,0.813989626200274,0.880395830327317,0.714422671215809,0.254759841038867,0.815554269547325,-0.000711556995813711,-0.00394596887675958,-0.000724405130273886,-0.00156464334705064
16,1,ME_P,193,90,0.799164382393517,0.553680297935706,0.18526236813634,0.797087378640777,0.791053707368294,0.559700332174447,0.187891187690379,0.789859762675297,0.00811067502522289,-0.00602003423874109,-0.00262881955403888,0.00722761596547972
17,1,ME_P,287,141,0.915534045456326,0.486247985615053,0.155780852635966,0.911056057514816,0.915368394369211,0.488718009321256,0.156924670941088,0.911007480812203,0.000165651087114971,-0.00247002370620253,-0.00114381830512236,4.85767026129347e-05
18,1,ME_P,432,230,0.900051371466139,0.527102714035378,0.174735796145947,0.886655187257856,0.901664370465652,0.530053269908332,0.175932241519331,0.887171760654326,-0.00161299899951339,-0.00295055587295434,-0.00119644537338431,-0.000516573396469822
19,1,ME_P,323,172,0.862415753703232,0.59376610839158,0.202883265869722,0.826774988449099,0.862206266999923,0.593684127782039,0.202973256543068,0.825773910365009,0.00020948670330867,8.19806095408993e-05,-8.99906733460021e-05,0.00100107808409
2,1,ME2P,280,21,0.674052159237046,0.474481643528437,0.152818574425589,0.927376355947785,0.666659952205726,0.46765464740917,0.150249726393829,0.927376355947785,0.00739220703132026,0.00682699611926646,0.00256884803176025,-4.44089209850063e-16
3,1,ME2P,146,39,0.613138058889231,0.600024781194973,0.206577206686991,0.8058950395399,0.622881023257221,0.602599537877383,0.207323076786502,0.807093218308172,-0.0097429643679896,-0.00257475668240958,-0.000745870099511159,-0.00119817876827266
4,1,ME2P,146,25,0.507212075302729,0.544187918063697,0.184176863079732,0.775206611570248,0.532762714618409,0.542275066862308,0.18365210426285,0.778512396694215,-0.0255506393156797,0.00191285120138884,0.000524758816882076,-0.00330578512396706
5,1,ME2P,228,8,0.303204930133553,0.567576209522061,0.19411281479194,0.816477272727273,0.290435885707201,0.570063811692634,0.195424565406249,0.810795454545455,0.012769044426352,-0.00248760217057265,-0.00131175061430866,0.00568181818181779
6,1,ME2P,276,5,0.0519811384382813,0.846466626712336,0.305465144016459,0.718819188191882,0.0513741718257847,0.837213590922828,0.300048782287087,0.718819188191882,0.000606966612496589,0.00925303578950809,0.00541636172937232,0
7,1,ME2P,561,257,0.826502328479146,0.539632571482295,0.179323706367364,0.828486586115093,0.824259837328525,0.541655543754828,0.180382128693697,0.826323469178784,0.00224249115062125,-0.00202297227253301,-0.00105842232633341,0.00216311693630922
8,1,ME2P,320,157,0.82367301545029,0.566472390813338,0.190639027375347,0.798405689500215,0.821353721207088,0.571504422505245,0.192837781899433,0.796061115235825,0.00231929424320188,-0.00503203169190714,-0.00219875452408588,0.00234457426438994
9,1,ME2P,288,82,0.652996156749687,0.512703264730206,0.167761938722158,0.798484489699266,0.653635153532495,0.510822465365798,0.166902240823523,0.801326071513142,-0.000638996782808432,0.00188079936440799,0.000859697898634687,-0.00284158181387606
10,1,ME2P,677,358,0.921112934869718,0.476872805198855,0.15173718372888,0.917891105234584,0.92328863847133,0.477140656414924,0.151993094009755,0.919633631635173,-0.00217570360161223,-0.000267851216069037,-0.000255910280874766,-0.0017425264005887
11,1,ME2P,1193,375,0.564123264147799,0.623461574582641,0.216641882117603,0.713233903830481,0.570714994827432,0.610782485739556,0.211265459447364,0.718531377343113,-0.0065917306796327,0.0126790888430847,0.00537642267023852,-0.00529747351263221
12,1,ME2P,303,228,0.913952524449119,1.04587975832876,0.379682769777253,0.766140350877193,0.915223843255688,1.062026365068,0.382799756600106,0.769239766081871,-0.0012713188065695,-0.0161466067392428,-0.00311698682285266,-0.00309941520467794
13,1,ME2P,175,86,0.861123812101916,0.501518046712565,0.165523056010799,0.88359027959237,0.857165593406358,0.500973035768053,0.16608553577356,0.880324013587667,0.00395821869555824,0.000545010944511759,-0.000562479762760609,0.00326626600470303
14,1,ME2P,177,28,0.670730415914725,0.512672646511389,0.169166673425586,0.910354745925216,0.667655037442792,0.503947727278529,0.166110172343629,0.910834132310642,0.00307537847193251,0.00872491923285945,0.0030565010819571,-0.000479386385426328
15,1,ME2P,627,384,0.868612084216722,0.738661888716002,0.264606116844014,0.796628515089163,0.870565831044925,0.742242873269687,0.264927354342677,0.799479166666667,-0.00195374682820282,-0.00358098455368505,-0.000321237498663252,-0.00285065157750375
16,1,ME2P,193,90,0.800828864430681,0.548406156764089,0.183343251590808,0.801833872707659,0.795718420039373,0.553979561609776,0.185803897229932,0.795145631067961,0.00511044439130759,-0.00557340484568736,-0.00246064563912382,0.00668824163969817
17,1,ME2P,287,141,0.916209063082295,0.486711721162618,0.156107804158636,0.910764597299135,0.916270872718946,0.488885357210821,0.157109386395513,0.911007480812203,-6.18096366513665e-05,-0.00217363604820331,-0.00100158223687741,-0.000242883513067671
18,1,ME2P,432,230,0.897781497283492,0.598385674433201,0.208447431418932,0.884330606973741,0.898899356641353,0.600100011216948,0.20927654936294,0.884718037021093,-0.00111785935786113,-0.00171433678374666,-0.000829117944007946,-0.000387430047352089
19,1,ME2P,323,172,0.86456606805834,0.601998665946391,0.206608313722227,0.830201755736947,0.863714427276751,0.600109836163424,0.205949044567452,0.829085168643154,0.00085164078158928,0.00188882978296656,0.000659269154775044,0.00111658709379348
1,2,M0,112,22,0.196428571428571,0.607719098942402,0.207628852294285,0.5,0.196428571428571,0.59476012459852,0.201348944547837,0.5,4.16333634234434e-16,0.012958974343882,0.00627990774644824,0
3,2,M0,146,39,0.267123287671233,0.630396615215312,0.218871429715227,0.5,0.267123287671233,0.621673150969817,0.214645337188004,0.5,-1.11022302462516e-16,0.00872346424549464,0.00422609252722295,0
4,2,M0,146,25,0.171232876712329,0.601363859339186,0.204463683785888,0.5,0.171232876712329,0.586656681377199,0.19732792739409,0.5,-2.4980018054066e-16,0.0147071779619867,0.00713575639179803,0
5,2,M0,228,8,0.0350877192982456,0.571367910945136,0.189498332876381,0.5,0.0350877192982456,0.547196568051153,0.177707554500243,0.5,1.38777878078145e-17,0.0241713428939834,0.011790778376138,0
6,2,M0,276,5,0.0181159420289855,0.572989642618291,0.190264817923416,0.5,0.0181159420289855,0.547122442672379,0.17761786620828,0.5,6.93889390390723e-18,0.0258671999459117,0.0126469517151363,0
7,2,M0,561,257,0.458110516934046,0.694045793650334,0.250403377841383,0.5,0.458110516934046,0.697471039960059,0.252052285471729,0.5,3.88578058618805e-16,-0.00342524630972463,-0.00164890763034609,0
8,2,M0,320,157,0.490625,0.705615661927226,0.256128035651313,0.5,0.490625,0.710869082160444,0.258658173147009,0.5,0,-0.00525342023321762,-0.00253013749569608,0
9,2,M0,288,82,0.284722222222222,0.637630232510763,0.222444162021687,0.5,0.284722222222222,0.629600156384745,0.21854708861997,0.5,2.22044604925031e-16,0.00803007612601758,0.0038970734017173,0
10,2,M0,677,358,0.528803545051699,0.723933974911821,0.26513462000663,0.5,0.528803545051699,0.732404609655295,0.269181907043285,0.5,-3.33066907387547e-16,-0.00847063474347431,-0.00404728703665513,0
11,2,M0,1193,375,0.314333612740989,0.654926904235365,0.230976701189542,0.5,0.314333612740989,0.646309322118626,0.226753611420743,0.5,1.11022302462516e-16,0.00861758211673847,0.00422308976879884,0
12,2,M0,303,228,0.752475247524752,0.817217395502029,0.311113693502866,0.5,0.752475247524752,0.838524762619821,0.321269775463568,0.5,4.44089209850063e-16,-0.0213073671177918,-0.0101560819607019,0
13,2,M0,175,86,0.491428571428572,0.705318886744697,0.255987045063866,0.5,0.491428571428572,0.710409150802034,0.258442324719295,0.5,-5.55111512312578e-16,-0.00509026405733726,-0.0024552796554293,0
14,2,M0,177,28,0.15819209039548,0.598957730028126,0.203256805816759,0.5,0.15819209039548,0.583238574015162,0.195621871820536,0.5,2.4980018054066e-16,0.0157191560129636,0.00763493399622334,0
15,2,M0,627,384,0.61244019138756,0.764044354963128,0.284832469098653,0.5,0.61244019138756,0.777929016289496,0.291420610714475,0.5,-2.22044604925031e-16,-0.0138846613263685,-0.00658814161582194,0
16,2,M0,193,90,0.466321243523316,0.696432901089758,0.251589820900701,0.5,0.466321243523316,0.700004150686475,0.253312977329909,0.5,5.55111512312578e-17,-0.00357124959671673,-0.0017231564292079,0
17,2,M0,287,141,0.491289198606272,0.705724720148723,0.256183305799124,0.5,0.491289198606272,0.710970454130806,0.258710588767755,0.5,-2.22044604925031e-16,-0.00524573398208317,-0.00252728296863136,0
18,2,M0,432,230,0.532407407407407,0.72277905409578,0.264594721616682,0.5,0.532407407407407,0.730916804952054,0.268499911381838,0.5,4.44089209850063e-16,-0.00813775085627366,-0.00390518976515591,0
19,2,M0,323,172,0.532507739938081,0.721679331653379,0.26406371680045,0.5,0.532507739938081,0.729584045754148,0.267864262533819,0.5,-4.44089209850063e-16,-0.00790471410076943,-0.00380054573336863,0
1,2,MP,112,22,0.765148546116214,0.538069716090714,0.184109652893725,0.87020202020202,0.760214831257374,0.526578558308318,0.179012648370709,0.869444444444445,0.00493371485884031,0.0114911577823955,0.00509700452301604,0.00075757575757518
3,2,MP,146,39,0.62126935726028,0.617962629395437,0.213772831049189,0.792834890965732,0.634921249570518,0.60885899698863,0.209979844859851,0.790678169182842,-0.0136518923102377,0.00910363240680712,0.0037929861893384,0.00215672178289017
4,2,MP,146,25,0.534894695162057,0.604784166131836,0.211135291589078,0.768595041322314,0.507072153692925,0.590105149151892,0.204734924557639,0.768595041322314,0.0278225414691323,0.0146790169799436,0.00640036703143873,0
5,2,MP,228,8,0.25797832182684,0.655536373398525,0.232627629262113,0.769034090909091,0.292081554191196,0.614748611284955,0.215313284783294,0.790056818181818,-0.034103232364356,0.0407877621135697,0.0173143444788188,-0.0210227272727271
6,2,MP,276,5,0.0410569349763863,0.678244984012897,0.235009296418518,0.711070110701107,0.0445351791264003,0.645505496730541,0.221390882791666,0.721033210332103,-0.003478244150014,0.0327394872823564,0.0136184136268518,-0.00996309963099595
7,2,MP,561,257,0.79840345238441,0.545755121090982,0.181002960383413,0.805965850911325,0.809641730255759,0.543535576692664,0.180027778653934,0.812634394839238,-0.0112382778713493,0.00221954439831806,0.000975181729478664,-0.00666854392791305
8,2,MP,320,157,0.816468863418499,0.565751233565704,0.188257641217679,0.790824899378688,0.816005108355322,0.567939233434807,0.188962877424044,0.791430581063655,0.000463755063177085,-0.00218799986910279,-0.000705236206364923,-0.000605681684967219
9,2,MP,288,82,0.613859592452289,0.563131806903688,0.189108188557472,0.764977504143974,0.630780549548471,0.542515776736445,0.179919264453227,0.775455837082643,-0.0169209570961821,0.0206160301672429,0.00918892410424455,-0.0104783329386695
10,2,MP,677,358,0.919847821003155,0.451336249184393,0.142582766756775,0.917965534754208,0.921148186153207,0.457852184983101,0.145889675587365,0.918928740302271,-0.00130036515005227,-0.00651593579870818,-0.00330690883059001,-0.000963205548063506
11,2,MP,1193,375,0.547065829752463,0.62484104641363,0.216733820470373,0.720451507742461,0.556786508886677,0.612091531791435,0.211281295622712,0.721066014669927,-0.00972067913421426,0.0127495146221953,0.00545252484766134,-0.000614506927465786
12,2,MP,303,228,0.924337778390618,0.799205012025182,0.278339387168825,0.795906432748538,0.921265319834541,0.827472610090691,0.289478325240095,0.791023391812866,0.00307245855607741,-0.0282675980655087,-0.0111389380712698,0.00488304093567205
13,2,MP,175,86,0.841287765684789,0.472900174228938,0.154189554041082,0.867193624248759,0.842616443006938,0.474984934236286,0.155333547580898,0.868630781290828,-0.00132867732214936,-0.00208476000734759,-0.00114399353981651,-0.00143715704206926
14,2,MP,177,28,0.659096854733664,0.553606205262189,0.188916903069429,0.916466922339406,0.675545566033652,0.533620992501976,0.180645434912642,0.919103547459252,-0.0164487112999876,0.0199852127602127,0.0082714681567865,-0.00263662511984653
15,2,MP,627,384,0.876942568030471,0.646932780600119,0.223164810847303,0.817515432098766,0.875118076715491,0.668298079394011,0.232117472868872,0.815725737311385,0.00182449131497964,-0.0213652987938922,-0.00895266202156894,0.00178969478738045
16,2,MP,193,90,0.772124815565451,0.583967647636903,0.19439044868657,0.769848975188781,0.778268195285482,0.579335039004122,0.192355742983181,0.775728155339806,-0.00614337972003154,0.00463260863278125,0.00203470570338848,-0.00587918015102495
17,2,MP,287,141,0.898905267113633,0.462144935700049,0.147028777403893,0.906732730982221,0.91014612933295,0.466104700375446,0.149272002347979,0.909963081706014,-0.011240862219317,-0.00395976467539688,-0.00224322494408591,-0.00323035072379307
18,2,MP,432,230,0.900422120329192,0.495520662074531,0.16192643302348,0.886805854498493,0.901948090038083,0.5031924618743,0.165606420245448,0.888570813603099,-0.00152596970889063,-0.00767179979976945,-0.00367998722196825,-0.00176495910460561
19,2,MP,323,172,0.849248147703372,0.577480966672784,0.193795352323122,0.813125673802557,0.854340229869587,0.583236574485018,0.196421938838919,0.817476513168027,-0.00509208216621537,-0.00575560781223405,-0.00262658651579739,-0.00435083936547043
1,2,MP_cal,112,22,0.765148546116214,0.522618877881234,0.174806319431668,0.87020202020202,0.760214831257374,0.513108551569847,0.170773989649966,0.869444444444445,0.00493371485884031,0.00951032631138649,0.00403232978170215,0.00075757575757518
3,2,MP_cal,146,39,0.62126935726028,0.588542823244508,0.202536828382699,0.792834890965732,0.634921249570518,0.58711678440151,0.201776274601967,0.790678169182842,-0.0136518923102377,0.0014260388429983,0.000760553780732087,0.00215672178289017
4,2,MP_cal,146,25,0.534894695162057,0.577135685820562,0.199083798589677,0.768595041322314,0.507072153692925,0.570252950753273,0.19617228859426,0.768595041322314,0.0278225414691323,0.0068827350672892,0.00291150999541737,0
5,2,MP_cal,228,8,0.25797832182684,0.613987192196686,0.215472898095023,0.769034090909091,0.292081554191196,0.582861580946596,0.201778057726393,0.790056818181818,-0.034103232364356,0.0311256112500899,0.0136948403686303,-0.0210227272727271
6,2,MP_cal,276,5,0.0410569349763863,0.620062465963542,0.216612088675815,0.711070110701107,0.0445351791264003,0.597036273300108,0.206477625348077,0.721033210332103,-0.003478244150014,0.0230261926634335,0.0101344633277382,-0.00996309963099595
7,2,MP_cal,561,257,0.79840345238441,0.550879782165513,0.183853092511144,0.805965850911325,0.809641730255759,0.551470493160351,0.184188321873093,0.812634394839238,-0.0112382778713493,-0.000590710994838428,-0.000335229361949491,-0.00666854392791305
8,2,MP_cal,320,157,0.816468863418499,0.565542862157881,0.189803486226416,0.790824899378688,0.816005108355322,0.568814984527702,0.191254512960473,0.791430581063655,0.000463755063177085,-0.00327212236982077,-0.0014510267340567,-0.000605681684967219
9,2,MP_cal,288,82,0.613859592452289,0.547859301302443,0.183214412821336,0.764977504143974,0.630780549548471,0.530644716146234,0.175303372839258,0.775455837082643,-0.0169209570961821,0.017214585156209,0.00791103998207809,-0.0104783329386695
10,2,MP_cal,677,358,0.919847821003155,0.482470791043951,0.154382659357271,0.917965534754208,0.921148186153207,0.492782856236411,0.159491018648133,0.918928740302271,-0.00130036515005227,-0.0103120651924598,-0.00510835929086156,-0.000963205548063506
11,2,MP_cal,1193,375,0.547065829752463,0.61086618320677,0.212006596194948,0.720451507742461,0.556786508886677,0.597096532017347,0.206054193610353,0.721066014669927,-0.00972067913421426,0.013769651189423,0.00595240258459467,-0.000614506927465786
12,2,MP_cal,303,228,0.924337778390618,0.802235565647934,0.290604392092848,0.795906432748538,0.921265319834541,0.841754791973352,0.304909991105865,0.791023391812866,0.00307245855607741,-0.0395192263254178,-0.0143055990130172,0.00488304093567205
13,2,MP_cal,175,86,0.841287765684789,0.500985375207662,0.163811770155056,0.867193624248759,0.842616443006938,0.497069748390844,0.163249890341954,0.868630781290828,-0.00132867732214936,0.00391562681681773,0.000561879813101962,-0.00143715704206926
14,2,MP_cal,177,28,0.659096854733664,0.524016313402968,0.174309381295622,0.916466922339406,0.675545566033652,0.502499111494608,0.165933775225944,0.919103547459252,-0.0164487112999876,0.0215172019083604,0.00837560606967849,-0.00263662511984653
15,2,MP_cal,627,384,0.876942568030471,0.668997318044934,0.236314753256771,0.817515432098766,0.875118076715491,0.692868315326095,0.245717115929365,0.815725737311385,0.00182449131497964,-0.0238709972811609,-0.00940236267259392,0.00178969478738045
16,2,MP_cal,193,90,0.772124815565451,0.576816034832827,0.194357007345021,0.769848975188781,0.778268195285482,0.572848608732251,0.192610539287929,0.775728155339806,-0.00614337972003154,0.00396742610057566,0.00174646805709189,-0.00587918015102495
17,2,MP_cal,287,141,0.898905267113633,0.492066504783624,0.15857369906364,0.906732730982221,0.91014612933295,0.495486239147011,0.16045109145637,0.909963081706014,-0.011240862219317,-0.00341973436338716,-0.00187739239273005,-0.00323035072379307
18,2,MP_cal,432,230,0.900422120329192,0.529490801906285,0.17559036179428,0.886805854498493,0.901948090038083,0.536129899104109,0.178809491974435,0.888570813603099,-0.00152596970889063,-0.00663909719782407,-0.00321913018015479,-0.00176495910460561
19,2,MP_cal,323,172,0.849248147703372,0.593552158311524,0.202260666912855,0.813125673802557,0.854340229869587,0.59776293728645,0.204427678047874,0.817476513168027,-0.00509208216621537,-0.00421077897492583,-0.00216701113501919,-0.00435083936547043
1,2,ME,112,22,0.379349309363493,0.590365541707042,0.199397957353068,0.714646464646465,0.379349309363493,0.576402401085563,0.19279129716684,0.714646464646465,3.33066907387547e-16,0.0139631406214789,0.0066066601862283,-3.33066907387547e-16
3,2,ME,146,39,0.627640986501488,0.621734976716923,0.214657307633812,0.780254013898874,0.627640986501488,0.610935013062588,0.209442921752146,0.780254013898874,-3.33066907387547e-16,0.0107999636543354,0.00521438588166601,-3.33066907387547e-16
4,2,ME,146,25,0.270445997467497,0.560404992484092,0.185027923023699,0.625454545454546,0.270445997467497,0.544038083938858,0.177471926458478,0.625454545454546,4.44089209850063e-16,0.0163669085452335,0.00755599656522141,-5.55111512312578e-16
5,2,ME,228,8,0.14653932334428,0.520469980206384,0.165095114422373,0.817045454545455,0.14653932334428,0.492204016654421,0.151805923534161,0.817045454545455,2.4980018054066e-16,0.0282659635519629,0.0132891908882118,-4.44089209850063e-16
6,2,ME,276,5,0.0694705677464298,0.497475513568294,0.153993515279062,0.677490774907749,0.0694705677464298,0.461096203356855,0.137101733540443,0.677490774907749,1.38777878078145e-17,0.0363793102114386,0.0168917817386195,1.11022302462516e-16
7,2,ME,561,257,0.622320050323158,0.679652376441382,0.243359641599264,0.643124104034405,0.622320050323158,0.681918513715047,0.244466259296513,0.643124104034405,2.22044604925031e-16,-0.00226613727366554,-0.00110661769724923,1.11022302462516e-16
8,2,ME,320,157,0.546521562334421,0.714512089615035,0.260154246859764,0.558047751162518,0.546521562334421,0.723934665119574,0.264410764209395,0.558047751162518,1.11022302462516e-16,-0.00942257550453862,-0.00425651734963106,0
9,2,ME,288,82,0.534064545668899,0.610395798437531,0.209377068771664,0.727563343594601,0.534064545668899,0.59976278937235,0.204424316111453,0.727563343594601,2.22044604925031e-16,0.0106330090651811,0.00495275266021067,0
10,2,ME,677,358,0.60951279599075,0.702821164042501,0.254792420805491,0.588982679812963,0.60951279599075,0.707898866258615,0.257213405461652,0.588982679812963,4.44089209850063e-16,-0.0050777022161137,-0.00242098465616125,0
11,2,ME,1193,375,0.350259612236911,0.68201391241338,0.244498517211407,0.516050529747351,0.350259612236911,0.673712104555657,0.240397745157377,0.516050529747351,4.44089209850063e-16,0.00830180785772294,0.00410077205403039,2.22044604925031e-16
12,2,ME,303,228,0.715818859221255,1.02233392366761,0.399726289245458,0.417017543859649,0.715818859221255,1.06876699810025,0.417493346648271,0.417017543859649,0,-0.0464330744326418,-0.0177670574028126,1.11022302462516e-16
13,2,ME,175,86,0.63835468867811,0.680327593221131,0.243670632172885,0.644107656127515,0.63835468867811,0.680796975946184,0.243924795215392,0.644107656127515,-4.44089209850063e-16,-0.000469382725053369,-0.000254163042506972,0
14,2,ME,177,28,0.292554678123871,0.631074344342108,0.21936314523077,0.601629913710451,0.292554678123871,0.618400722438184,0.213233840573084,0.601629913710451,2.22044604925031e-16,0.0126736219039241,0.00612930465768616,-4.44089209850063e-16
15,2,ME,627,384,0.669255585186163,0.794159950135245,0.297879193152328,0.564021776406036,0.669255585186163,0.814288706532725,0.306578091278746,0.564021776406036,4.44089209850063e-16,-0.0201287563974801,-0.00869889812641755,-3.33066907387547e-16
16,2,ME,193,90,0.640295909123075,0.670767958861377,0.238949618983499,0.651887810140237,0.640295909123075,0.669980386717813,0.238594030734564,0.651887810140237,1.11022302462516e-16,0.000787572143564175,0.000355588248934641,3.33066907387547e-16
17,2,ME,287,141,0.609694672081817,0.68492733240615,0.245913280577625,0.603711260079666,0.609694672081817,0.686165327851417,0.246511418891886,0.603711260079666,-1.11022302462516e-16,-0.00123799544526682,-0.000598138314260532,-2.22044604925031e-16
18,2,ME,432,230,0.594957228523913,0.703778078843717,0.255288161906768,0.557942315970728,0.594957228523913,0.70803868332774,0.257369102329719,0.557942315970728,1.11022302462516e-16,-0.00426060448402277,-0.00208094042295126,-4.44089209850063e-16
19,2,ME,323,172,0.681281213672649,0.708579237867876,0.257499802402248,0.623556137378716,0.681281213672649,0.715103785672504,0.26058315021586,0.623556137378716,-5.55111512312578e-16,-0.00652454780462852,-0.00308334781361186,-4.44089209850063e-16
1,2,ME2,112,22,0.379349309363493,0.573849470736983,0.19162191353149,0.714646464646465,0.379349309363493,0.556423573239536,0.183584400153156,0.714646464646465,3.33066907387547e-16,0.0174258974974472,0.00803751337833372,-3.33066907387547e-16
3,2,ME2,146,39,0.597071208134929,0.626816122313395,0.217229704399006,0.762041696621136,0.592728866204126,0.6184530143501,0.213230670529191,0.758686796069974,0.00434234193080285,0.00836310796329476,0.00399903386981529,0.00335490055116183
4,2,ME2,146,25,0.270445997467497,0.556345304370524,0.183234099374055,0.625454545454546,0.270445997467497,0.540584948625043,0.17604778020966,0.625454545454546,4.44089209850063e-16,0.0157603557454808,0.00718631916439491,-5.55111512312578e-16
5,2,ME2,228,8,0.14653932334428,0.530106206887174,0.169873221496773,0.817045454545455,0.14653932334428,0.507117749719337,0.159096491810122,0.817045454545455,2.4980018054066e-16,0.0229884571678373,0.0107767296866514,-4.44089209850063e-16
6,2,ME2,276,5,0.0694705677464298,0.706540435653683,0.256608651158308,0.677490774907749,0.0694705677464298,0.703641510717045,0.255132505284508,0.677490774907749,1.38777878078145e-17,0.0028989249366379,0.00147614587379985,1.11022302462516e-16
7,2,ME2,561,257,0.611284833898878,0.676489333823749,0.241801229210021,0.640781793979111,0.608737917037293,0.677741097182295,0.242403290295357,0.639169055908253,0.00254691686158548,-0.00125176335854638,-0.000602061085335864,0.00161273807085816
8,2,ME2,320,157,0.545602306468514,0.711223945933423,0.258514027911747,0.556680082841624,0.544987720680913,0.718399054665175,0.26169087372583,0.556484701652925,0.000614585787600763,-0.00717510873175209,-0.00317684581408312,0.000195381188698995
9,2,ME2,288,82,0.534064545668899,0.605251911134503,0.206998502578973,0.727563343594601,0.534064545668899,0.593989620109714,0.201820033759654,0.727563343594601,2.22044604925031e-16,0.0112622910247886,0.00517846881931938,0
10,2,ME2,677,358,0.600561573768852,0.692994288625256,0.249965405547764,0.583588728743805,0.598961082098987,0.693238010245069,0.250058725714968,0.582485420570568,0.00160049166986542,-0.000243721619812676,-9.33201672040918e-05,0.00110330817323689
11,2,ME2,1193,375,0.358712301799164,0.677003356002846,0.242060300461388,0.53158435207824,0.366174653072298,0.662804401793566,0.23520602674111,0.549132844335778,-0.00746235127313455,0.01419895420928,0.00685427372027841,-0.0175484922575384
12,2,ME2,303,228,0.715818859221255,1.03929002193732,0.406590805434998,0.417017543859649,0.715818859221255,1.0527365246882,0.411194576525907,0.417017543859649,0,-0.0134465027508839,-0.00460377109090865,1.11022302462516e-16
13,2,ME2,175,86,0.63835468867811,0.691454824769409,0.249202895079616,0.644107656127515,0.63835468867811,0.70065417854977,0.253594132859692,0.644107656127515,-4.44089209850063e-16,-0.00919935378036141,-0.00439123778007558,0
14,2,ME2,177,28,0.292554678123871,0.607130906268479,0.207791353981145,0.601629913710451,0.292554678123871,0.586498528534607,0.198015014246776,0.601629913710451,2.22044604925031e-16,0.0206323777338715,0.00977633973436937,-4.44089209850063e-16
15,2,ME2,627,384,0.646999251425173,0.818550882724172,0.308587076822835,0.521594221536351,0.643564451934811,0.843331656820639,0.318885310967372,0.516160836762689,0.00343479949036163,-0.0247807740964675,-0.0102982341445373,0.00543338477366218
16,2,ME2,193,90,0.640295909123075,0.666557727858212,0.236876081309962,0.651887810140237,0.640295909123075,0.664521088338737,0.235902506765947,0.651887810140237,1.11022302462516e-16,0.00203663951947486,0.000973574544014866,3.33066907387547e-16
17,2,ME2,287,141,0.609694672081817,0.683633443693965,0.245251466050285,0.603711260079666,0.609694672081817,0.68488295033684,0.245820605709397,0.603711260079666,-1.11022302462516e-16,-0.00124950664287482,-0.000569139659111567,-2.22044604925031e-16
18,2,ME2,432,230,0.594957228523913,0.749234631899613,0.276744302419416,0.557942315970728,0.594957228523913,0.774006721419936,0.287649119665135,0.557942315970728,1.11022302462516e-16,-0.0247720895203235,-0.0109048172457187,-4.44089209850063e-16
19,2,ME2,323,172,0.681281213672649,0.712860837993887,0.259429834448004,0.623556137378716,0.681281213672649,0.721568397251319,0.263409554268042,0.623556137378716,-5.55111512312578e-16,-0.00870755925743194,-0.00397971982003792,-4.44089209850063e-16
1,2,ME_P,112,22,0.766576453503789,0.518782814750969,0.17308369653085,0.867171717171717,0.756541260671696,0.508862951014907,0.168929663480133,0.867676767676768,0.0100351928320934,0.00991986373606235,0.0041540330507174,-0.000505050505050897
3,2,ME_P,146,39,0.628286369260359,0.591443724287889,0.203597315182901,0.803019410496046,0.637367803369133,0.591494652945118,0.203226191025108,0.806853582554517,-0.00908143410877449,-5.09286572295542e-05,0.000371124157792696,-0.00383417205847103
4,2,ME_P,146,25,0.514982871974546,0.556655771642535,0.189978459084003,0.770909090909091,0.522462982469667,0.546116454535335,0.185514465042654,0.775206611570248,-0.00748011049512143,0.0105393171071999,0.00446399404134851,-0.00429752066115707
5,2,ME_P,228,8,0.259590974165064,0.591928497370024,0.205703145138162,0.780113636363636,0.310782340757036,0.555375279516176,0.189584020516142,0.805681818181818,-0.0511913665919721,0.0365532178538484,0.0161191246220203,-0.0255681818181817
6,2,ME_P,276,5,0.0423233654940972,0.607118859732431,0.211247993062823,0.71070110701107,0.0486234180549762,0.568377411539884,0.194662216158458,0.719557195571956,-0.006300052560879,0.0387414481925474,0.0165857769043651,-0.00885608856088582
7,2,ME_P,561,257,0.807152401422073,0.545360729065466,0.181735942549542,0.813485562154413,0.822408560812974,0.545021957546932,0.181782846085472,0.824352344869957,-0.015256159390901,0.000338771518534453,-4.69035359301484e-05,-0.0108667827155438
8,2,ME_P,320,157,0.821860068312682,0.569113197882076,0.191397199639314,0.795670352858427,0.821638018584694,0.575740355172383,0.194339120457988,0.796569106326443,0.000222049727987672,-0.00662715729030738,-0.0029419208186742,-0.000898753468016156
9,2,ME_P,288,82,0.623764821543117,0.535546058062422,0.177899522282438,0.779422211697845,0.646098737686954,0.515205835639023,0.16870867908056,0.794873312810798,-0.0223339161438371,0.0203402224233986,0.00919084320187794,-0.0154511011129529
10,2,ME_P,677,358,0.925405659164513,0.476881639603545,0.151888423557946,0.921971594192746,0.926074694130088,0.485354187957101,0.15620999844456,0.922251799443092,-0.000669034965575022,-0.00847254835355593,-0.00432157488661428,-0.000280205250345778
11,2,ME_P,1193,375,0.562195627159625,0.632315957232194,0.220464677489012,0.714567237163814,0.565185572253852,0.617602649693974,0.214256996406054,0.713220863895681,-0.00298994509422723,0.0147133075382203,0.00620768108295763,0.00134637326813325
12,2,ME_P,303,228,0.916712476560467,0.946851031033104,0.345172750500065,0.770584795321637,0.914536113686531,0.992882047418664,0.359573026389496,0.767076023391813,0.00217636287393586,-0.0460310163855605,-0.0144002758894315,0.00350877192982435
13,2,ME_P,175,86,0.853318639033814,0.491210578242564,0.159030765759385,0.876796446302587,0.853248456413857,0.486345049964339,0.158073574935433,0.877711000783904,7.01826199566158e-05,0.00486552827822462,0.000957190823952181,-0.000914554481317054
14,2,ME_P,177,28,0.661749117979506,0.5443108907046,0.182788875655596,0.911313518696069,0.664776908094356,0.523539779084723,0.174492126200586,0.912032598274209,-0.00302779011484988,0.0207711116198768,0.00829674945501016,-0.000719079578139992
15,2,ME_P,627,384,0.882936981913492,0.689432765453084,0.245238063120396,0.818726423182442,0.880395830327317,0.714422671215809,0.254759841038867,0.815554269547325,0.00254115158617496,-0.024989905762725,-0.00952177791847136,0.00317215363511669
16,2,ME_P,193,90,0.78513850294946,0.562428027072963,0.189150417051455,0.785868392664509,0.791053707368294,0.559700332174447,0.187891187690379,0.789859762675297,-0.00591520441883364,0.00272769489851554,0.00125922936107561,-0.00399137001078786
17,2,ME_P,287,141,0.90616309465092,0.484431565833151,0.15467176948439,0.907947148547557,0.915368394369211,0.488718009321256,0.156924670941088,0.911007480812203,-0.00920529971829131,-0.00428644348810486,-0.0022529014566981,-0.00306033226464642
18,2,ME_P,432,230,0.900101605581892,0.522562429469816,0.172358127570816,0.88643994834266,0.901664370465652,0.530053269908332,0.175932241519331,0.887171760654326,-0.00156276488375984,-0.00749084043851578,-0.00357411394851537,-0.000731812311665636
19,2,ME_P,323,172,0.857271756555515,0.589072067427321,0.200616662396836,0.820845525951024,0.862206266999923,0.593684127782039,0.202973256543068,0.825773910365009,-0.00493451044440829,-0.00461206035471817,-0.00235659414623177,-0.0049283844139848
1,2,ME2P,112,22,0.765120573365516,0.507046138520045,0.167997810301708,0.866666666666667,0.752996257301478,0.49158537338009,0.161519377395368,0.865151515151515,0.0121243160640375,0.015460765139955,0.00647843290634009,0.00151515151515169
3,2,ME2P,146,39,0.624720724231314,0.598163008992741,0.206181757019166,0.804936496525282,0.622881023257221,0.602599537877383,0.207323076786502,0.807093218308172,0.0018397009740927,-0.00443652888464208,-0.0011413197673357,-0.0021567217828905
4,2,ME2P,146,25,0.522678342173499,0.552822913425306,0.188182081816469,0.771900826446281,0.532762714618409,0.542275066862308,0.18365210426285,0.778512396694215,-0.0100843724449098,0.0105478465629979,0.00452997755361889,-0.00661157024793402
5,2,ME2P,228,8,0.25305555988349,0.601257258181931,0.209419195038668,0.785795454545455,0.290435885707201,0.570063811692634,0.195424565406249,0.810795454545455,-0.0373803258237108,0.0311934464892969,0.0139946296324187,-0.0250000000000005
6,2,ME2P,276,5,0.0429294030820748,0.846815620959628,0.305830000953174,0.706273062730627,0.0513741718257847,0.837213590922828,0.300048782287087,0.718819188191882,-0.00844476874370986,0.00960203003679982,0.00578121866608661,-0.0125461254612547
7,2,ME2P,561,257,0.810680824858272,0.542863629757359,0.180720231540557,0.815866270735204,0.824259837328525,0.541655543754828,0.180382128693697,0.826323469178784,-0.0135790124702527,0.00120808600253097,0.000338102846860339,-0.0104571984435802
8,2,ME2P,320,157,0.822004371032944,0.566448304193354,0.190487221311796,0.796022038998085,0.821353721207088,0.571504422505245,0.192837781899433,0.796061115235825,0.000650649825855498,-0.00505611831189101,-0.00235056058763661,-3.90762377397991e-05
9,2,ME2P,288,82,0.6253605904578,0.531539432519721,0.176208840986832,0.784631778356619,0.653635153532495,0.510822465365798,0.166902240823523,0.801326071513142,-0.0282745630746949,0.0207169671539227,0.00930660016330928,-0.0166942931565234
10,2,ME2P,677,358,0.924453788651796,0.472456518324092,0.149615270637739,0.920903311675803,0.92328863847133,0.477140656414924,0.151993094009755,0.919633631635173,0.00116515018046648,-0.0046841380908319,-0.002377823372016,0.00126968004062955
11,2,ME2P,1193,375,0.557764797097675,0.636781983983033,0.222368850340975,0.71160717196414,0.570714994827432,0.610782485739556,0.211265459447364,0.718531377343113,-0.0129501977297575,0.0259994982434773,0.0111033908936114,-0.00692420537897287
12,2,ME2P,303,228,0.918063025161221,1.03003199384409,0.374472700647482,0.774736842105263,0.915223843255688,1.062026365068,0.382799756600106,0.769239766081871,0.00283918190553356,-0.0319943712239135,-0.00832705595262434,0.00549707602339222
13,2,ME2P,175,86,0.855305792139738,0.500331104377827,0.164377970337893,0.879148157825973,0.857165593406358,0.500973035768053,0.16608553577356,0.880324013587667,-0.00185980126662022,-0.000641931390225725,-0.00170756543566669,-0.00117585576169366
14,2,ME2P,177,28,0.664256876438378,0.529222593527403,0.176245755257653,0.910115052732502,0.667655037442792,0.503947727278529,0.166110172343629,0.910834132310642,-0.00339816100441359,0.025274866248874,0.0101355829140245,-0.000719079578139659
15,2,ME2P,627,384,0.873860321634412,0.713707464864702,0.254628076537019,0.804023062414266,0.870565831044925,0.742242873269687,0.264927354342677,0.799479166666667,0.00329449058948739,-0.0285354084049855,-0.010299277805658,0.00454389574759917
16,2,ME2P,193,90,0.790542223063866,0.558174358611826,0.187597596353899,0.791477885652643,0.795718420039373,0.553979561609776,0.185803897229932,0.795145631067961,-0.00517619697550731,0.00419479700204983,0.00179369912396668,-0.003667745415318
17,2,ME2P,287,141,0.907238672598938,0.484538731965453,0.154827827007394,0.908190032060624,0.916270872718946,0.488885357210821,0.157109386395513,0.911007480812203,-0.00903220012000827,-0.00434662524536789,-0.00228155938811855,-0.00281744875157919
18,2,ME2P,432,230,0.898594868805393,0.577850362405963,0.19902442542445,0.884330606973741,0.898899356641353,0.600100011216948,0.20927654936294,0.884718037021093,-0.000304487835960376,-0.0222496488109849,-0.0102521239384901,-0.000387430047352089
19,2,ME2P,323,172,0.85897213772712,0.595245743188341,0.203433003416084,0.823848760203296,0.863714427276751,0.600109836163424,0.205949044567452,0.829085168643154,-0.00474228954963074,-0.00486409297508339,-0.00251604115136775,-0.00523640843985807
1,3,M0,112,22,0.196428571428571,0.597463286875585,0.202653319658123,0.5,0.196428571428571,0.59476012459852,0.201348944547837,0.5,4.16333634234434e-16,0.00270316227706446,0.001304375110286,0
2,3,M0,280,21,0.075,0.567690067112794,0.187793556970688,0.5,0.075,0.562856131045747,0.185442551013687,0.5,0,0.00483393606704652,0.00235100595700064,0
4,3,M0,146,25,0.171232876712329,0.589753713700227,0.198824262019366,0.5,0.171232876712329,0.586656681377199,0.19732792739409,0.5,-2.4980018054066e-16,0.00309703232302794,0.00149633462527571,0
5,3,M0,228,8,0.0350877192982456,0.552488409901597,0.18027888263969,0.5,0.0350877192982456,0.547196568051153,0.177707554500243,0.5,1.38777878078145e-17,0.00529184185044429,0.00257132813944747,0
6,3,M0,276,5,0.0181159420289855,0.552863407978566,0.180414201923589,0.5,0.0181159420289855,0.547122442672379,0.17761786620828,0.5,6.93889390390723e-18,0.00574096530618695,0.00279633571530913,0
7,3,M0,561,257,0.458110516934046,0.696686224210889,0.251676222577319,0.5,0.458110516934046,0.697471039960059,0.252052285471729,0.5,3.88578058618805e-16,-0.000784815749169776,-0.000376062894410389,0
8,3,M0,320,157,0.490625,0.709708861046534,0.258101919710624,0.5,0.490625,0.710869082160444,0.258658173147009,0.5,0,-0.00116022111391045,-0.000556253436385545,0
9,3,M0,288,82,0.284722222222222,0.631253566101113,0.219346029481653,0.5,0.284722222222222,0.629600156384745,0.21854708861997,0.5,2.22044604925031e-16,0.00165340971636796,0.000798940861683001,0
10,3,M0,677,358,0.528803545051699,0.730658473223773,0.26835201120148,0.5,0.528803545051699,0.732404609655295,0.269181907043285,0.5,-3.33066907387547e-16,-0.00174613643152166,-0.000829895841804873,0
11,3,M0,1193,375,0.314333612740989,0.648141087914247,0.227647408581965,0.5,0.314333612740989,0.646309322118626,0.226753611420743,0.5,1.11022302462516e-16,0.00183176579562105,0.000893797161221954,0
12,3,M0,303,228,0.752475247524752,0.834302386337628,0.319267574800703,0.5,0.752475247524752,0.838524762619821,0.321269775463568,0.5,4.44089209850063e-16,-0.00422237628219291,-0.00200220066286483,0
13,3,M0,175,86,0.491428571428572,0.709274607754821,0.257897456637415,0.5,0.491428571428572,0.710409150802034,0.258442324719295,0.5,-5.55111512312578e-16,-0.00113454304721328,-0.000544868081879812,0
14,3,M0,177,28,0.15819209039548,0.586572223795455,0.197234333243172,0.5,0.15819209039548,0.583238574015162,0.195621871820536,0.5,2.4980018054066e-16,0.0033336497802926,0.0016124614226363,0
15,3,M0,627,384,0.61244019138756,0.775226658161182,0.290145585207865,0.5,0.61244019138756,0.777929016289496,0.291420610714475,0.5,-2.22044604925031e-16,-0.00270235812831365,-0.00127502550661041,0
16,3,M0,193,90,0.466321243523316,0.699184623764299,0.252919236795128,0.5,0.466321243523316,0.700004150686475,0.253312977329909,0.5,5.55111512312578e-17,-0.00081952692217635,-0.000393740534781084,0
17,3,M0,287,141,0.491289198606272,0.709810004549279,0.258154016448764,0.5,0.491289198606272,0.710970454130806,0.258710588767755,0.5,-2.22044604925031e-16,-0.00116044958152728,-0.000556572318990645,0
18,3,M0,432,230,0.532407407407407,0.729195702695003,0.267677992015672,0.5,0.532407407407407,0.730916804952054,0.268499911381838,0.5,4.44089209850063e-16,-0.00172110225705069,-0.000821919366165658,0
19,3,M0,323,172,0.532507739938081,0.727892704602459,0.267054876036908,0.5,0.532507739938081,0.729584045754148,0.267864262533819,0.5,-4.44089209850063e-16,-0.00169134115168879,-0.000809386496911091,0
1,3,MP,112,22,0.727278177419365,0.542269377813215,0.185207726351904,0.868434343434343,0.760214831257374,0.526578558308318,0.179012648370709,0.869444444444445,-0.0329366538380094,0.0156908195048974,0.00619507798119456,-0.00101010101010157
2,3,MP,280,21,0.637680384620973,0.535291902290302,0.182033855225006,0.915333701047987,0.618967467720808,0.530761573324404,0.180152846459861,0.909450266593124,0.0187129169001649,0.004530328965898,0.00188100876514455,0.00588343445486272
4,3,MP,146,25,0.492141173375964,0.606096052269066,0.211070375725243,0.764462809917355,0.507072153692925,0.590105149151892,0.204734924557639,0.768595041322314,-0.0149309803169615,0.0159909031171738,0.00633545116760439,-0.00413223140495866
5,3,MP,228,8,0.290719475905508,0.626324956473728,0.219519383680517,0.790909090909091,0.292081554191196,0.614748611284955,0.215313284783294,0.790056818181818,-0.00136207828568813,0.0115763451887733,0.00420609889722273,0.00085227272727284
6,3,MP,276,5,0.042813412418129,0.659488406945279,0.225735064073859,0.718450184501845,0.0445351791264003,0.645505496730541,0.221390882791666,0.721033210332103,-0.00172176670827134,0.0139829102147382,0.00434418128219258,-0.00258302583025793
7,3,MP,561,257,0.810060397905449,0.539410599924018,0.178473584975054,0.814912707352038,0.809641730255759,0.543535576692664,0.180027778653934,0.812634394839238,0.00041866764969023,-0.0041249767686462,-0.00155419367888035,0.00227831251279964
8,3,MP,320,157,0.816373052418014,0.562018193660713,0.18658516901451,0.792251182056192,0.816005108355322,0.567939233434807,0.188962877424044,0.791430581063655,0.000367944062691916,-0.00592103977409364,-0.00237770840953422,0.000820600992536558
9,3,MP,288,82,0.642835678612553,0.542083385636849,0.179628527531192,0.778179019654274,0.630780549548471,0.542515776736445,0.179919264453227,0.775455837082643,0.0120551290640815,-0.000432391099596141,-0.000290736922035129,0.00272318257163118
10,3,MP,677,358,0.922139778287029,0.453170902905897,0.14374132652284,0.919944484334775,0.921148186153207,0.457852184983101,0.145889675587365,0.918928740302271,0.00099159213382205,-0.0046812820772037,-0.00214834906452455,0.00101574403250426
11,3,MP,1193,375,0.560828673458874,0.615932037301328,0.213033099226156,0.721629991850041,0.556786508886677,0.612091531791435,0.211281295622712,0.721066014669927,0.00404216457219664,0.00384050550989268,0.00175180360344432,0.000563977180113695
12,3,MP,303,228,0.922040127933665,0.823199304313024,0.287513616832234,0.791081871345029,0.921265319834541,0.827472610090691,0.289478325240095,0.791023391812866,0.000774808099124336,-0.00427330577766683,-0.00196470840786117,5.84795321633136e-05
13,3,MP,175,86,0.844759397173955,0.472300426655772,0.153918259269397,0.870198588973086,0.842616443006938,0.474984934236286,0.155333547580898,0.868630781290828,0.00214295416701704,-0.0026845075805137,-0.00141528831150095,0.00156780768225795
14,3,MP,177,28,0.717299168923917,0.537016229212571,0.18267117764972,0.925215723873442,0.675545566033652,0.533620992501976,0.180645434912642,0.919103547459252,0.0417536028902648,0.00339523671059505,0.00202574273707751,0.00611217641418993
15,3,MP,627,384,0.875682376630654,0.663941443706823,0.230332352977761,0.81544174382716,0.875118076715491,0.668298079394011,0.232117472868872,0.815725737311385,0.000564299915163047,-0.00435663568718803,-0.00178511989111074,-0.000283993484224476
16,3,MP,193,90,0.778380290637261,0.579385485511808,0.19241653111039,0.774056094929881,0.778268195285482,0.579335039004122,0.192355742983181,0.775728155339806,0.000112095351779362,5.04465076863747e-05,6.07881272085831e-05,-0.00167206040992463
17,3,MP,287,141,0.910861558914156,0.461468098803078,0.147346948843017,0.91154182454095,0.91014612933295,0.466104700375446,0.149272002347979,0.909963081706014,0.000715429581205629,-0.00463660157236756,-0.00192505350496189,0.00157874283493609
18,3,MP,432,230,0.89870578149981,0.501180870640058,0.164818291112542,0.887279380111924,0.901948090038083,0.5031924618743,0.165606420245448,0.888570813603099,-0.00324230853827345,-0.00201159123424199,-0.000788129132906407,-0.00129143349117478
19,3,MP,323,172,0.854453750710564,0.581650181795528,0.195800047610225,0.817611273679347,0.854340229869587,0.583236574485018,0.196421938838919,0.817476513168027,0.000113520840976711,-0.0015863926894899,-0.000621891228693688,0.000134760511319887
1,3,MP_cal,112,22,0.727278177419365,0.520841712023231,0.173889595570342,0.868434343434343,0.760214831257374,0.513108551569847,0.170773989649966,0.869444444444445,-0.0329366538380094,0.00773316045338424,0.00311560592037602,-0.00101010101010157
2,3,MP_cal,280,21,0.637680384620973,0.512482211955127,0.169710339374181,0.915333701047987,0.618967467720808,0.511680905613815,0.169587350867771,0.909450266593124,0.0187129169001649,0.000801306341311814,0.000122988506409794,0.00588343445486272
4,3,MP_cal,146,25,0.492141173375964,0.57652545898128,0.198874869410963,0.764462809917355,0.507072153692925,0.570252950753273,0.19617228859426,0.768595041322314,-0.0149309803169615,0.0062725082280074,0.00270258081670255,-0.00413223140495866
5,3,MP_cal,228,8,0.290719475905508,0.584879404574434,0.202423697188804,0.790909090909091,0.292081554191196,0.582861580946596,0.201778057726393,0.790056818181818,-0.00136207828568813,0.0020178236278382,0.000645639462411363,0.00085227272727284
6,3,MP_cal,276,5,0.042813412418129,0.598961255461001,0.207168366172196,0.718450184501845,0.0445351791264003,0.597036273300108,0.206477625348077,0.721033210332103,-0.00172176670827134,0.00192498216089321,0.00069074082411924,-0.00258302583025793
7,3,MP_cal,561,257,0.810060397905449,0.54633218490745,0.18193122759933,0.814912707352038,0.809641730255759,0.551470493160351,0.184188321873093,0.812634394839238,0.00041866764969023,-0.00513830825290085,-0.00225709427376333,0.00227831251279964
8,3,MP_cal,320,157,0.816373052418014,0.562338470565157,0.18838849274663,0.792251182056192,0.816005108355322,0.568814984527702,0.191254512960473,0.791430581063655,0.000367944062691916,-0.00647651396254512,-0.00286602021384305,0.000820600992536558
9,3,MP_cal,288,82,0.642835678612553,0.527579085291873,0.174019901353427,0.778179019654274,0.630780549548471,0.530644716146234,0.175303372839258,0.775455837082643,0.0120551290640815,-0.0030656308543614,-0.00128347148583083,0.00272318257163118
10,3,MP_cal,677,358,0.922139778287029,0.483121139263786,0.155234450018604,0.919944484334775,0.921148186153207,0.492782856236411,0.159491018648133,0.918928740302271,0.00099159213382205,-0.00966171697262502,-0.00425656862952861,0.00101574403250426
11,3,MP_cal,1193,375,0.560828673458874,0.602757046226458,0.208621802708598,0.721629991850041,0.556786508886677,0.597096532017347,0.206054193610353,0.721066014669927,0.00404216457219664,0.00566051420911051,0.00256760909824536,0.000563977180113695
12,3,MP_cal,303,228,0.922040127933665,0.829349041257354,0.302029731613514,0.791081871345029,0.921265319834541,0.841754791973352,0.304909991105865,0.791023391812866,0.000774808099124336,-0.0124057507159985,-0.00288025949235055,5.84795321633136e-05
13,3,MP_cal,175,86,0.844759397173955,0.503817414788195,0.165055702650923,0.870198588973086,0.842616443006938,0.497069748390844,0.163249890341954,0.868630781290828,0.00214295416701704,0.00674766639735097,0.00180581230896856,0.00156780768225795
14,3,MP_cal,177,28,0.717299168923917,0.50593525973447,0.166398743913215,0.925215723873442,0.675545566033652,0.502499111494608,0.165933775225944,0.919103547459252,0.0417536028902648,0.00343614823986238,0.000464968687271306,0.00611217641418993
15,3,MP_cal,627,384,0.875682376630654,0.690373951224622,0.245766872273133,0.81544174382716,0.875118076715491,0.692868315326095,0.245717115929365,0.815725737311385,0.000564299915163047,-0.0024943641014733,4.97563437682203e-05,-0.000283993484224476
16,3,MP_cal,193,90,0.778380290637261,0.574687086684791,0.193246335936773,0.774056094929881,0.778268195285482,0.572848608732251,0.192610539287929,0.775728155339806,0.000112095351779362,0.00183847795253966,0.000635796648843556,-0.00167206040992463
17,3,MP_cal,287,141,0.910861558914156,0.498028764398969,0.161689339591066,0.91154182454095,0.91014612933295,0.495486239147011,0.16045109145637,0.909963081706014,0.000715429581205629,0.00254252525195842,0.00123824813469564,0.00157874283493609
18,3,MP_cal,432,230,0.89870578149981,0.540780514305541,0.181064543548889,0.887279380111924,0.901948090038083,0.536129899104109,0.178809491974435,0.888570813603099,-0.00324230853827345,0.0046506152014324,0.00225505157445391,-0.00129143349117478
19,3,MP_cal,323,172,0.854453750710564,0.602782986250061,0.206483198143413,0.817611273679347,0.854340229869587,0.59776293728645,0.204427678047874,0.817476513168027,0.000113520840976711,0.00502004896361086,0.00205552009553914,0.000134760511319887
1,3,ME,112,22,0.379349309363493,0.579931040730853,0.194460434752363,0.714646464646465,0.379349309363493,0.576402401085563,0.19279129716684,0.714646464646465,3.33066907387547e-16,0.00352863964528993,0.00166913758552303,-3.33066907387547e-16
2,3,ME,280,21,0.352545471617468,0.528806948955405,0.169441406630865,0.830299687442545,0.352545471617468,0.52291730782217,0.166655053545391,0.830299687442545,-3.88578058618805e-16,0.00588964113323542,0.0027863530854742,-4.44089209850063e-16
4,3,ME,146,25,0.270445997467497,0.547591330375037,0.179107708654461,0.625454545454546,0.270445997467497,0.544038083938858,0.177471926458478,0.625454545454546,4.44089209850063e-16,0.00355324643617949,0.00163578219598334,-5.55111512312578e-16
5,3,ME,228,8,0.14653932334428,0.498583781218696,0.154797942196372,0.817045454545455,0.14653932334428,0.492204016654421,0.151805923534161,0.817045454545455,2.4980018054066e-16,0.0063797645642748,0.00299201866221066,-4.44089209850063e-16
6,3,ME,276,5,0.0694705677464298,0.468191139053572,0.140372720869174,0.677490774907749,0.0694705677464298,0.461096203356855,0.137101733540443,0.677490774907749,1.38777878078145e-17,0.00709493569671671,0.00327098732873055,1.11022302462516e-16
7,3,ME,561,257,0.622320050323158,0.680920706622326,0.243979030532228,0.643124104034405,0.622320050323158,0.681918513715047,0.244466259296513,0.643124104034405,2.22044604925031e-16,-0.000997807092720793,-0.00048722876428467,1.11022302462516e-16
8,3,ME,320,157,0.546521562334421,0.721597636674857,0.263353064650027,0.558047751162518,0.546521562334421,0.723934665119574,0.264410764209395,0.558047751162518,1.11022302462516e-16,-0.00233702844471684,-0.00105769955936807,0
9,3,ME,288,82,0.534064545668899,0.601994783634536,0.205457092589223,0.727563343594601,0.534064545668899,0.59976278937235,0.204424316111453,0.727563343594601,2.22044604925031e-16,0.00223199426218623,0.0010327764777697,0
10,3,ME,677,358,0.60951279599075,0.706124680389278,0.256362991022345,0.588982679812963,0.60951279599075,0.707898866258615,0.257213405461652,0.588982679812963,4.44089209850063e-16,-0.00177418586933686,-0.000850414439307223,0
11,3,ME,1193,375,0.350259612236911,0.677888554514341,0.242460143710607,0.516050529747351,0.350259612236911,0.673712104555657,0.240397745157377,0.516050529747351,4.44089209850063e-16,0.00417644995868405,0.00206239855322973,2.22044604925031e-16
12,3,ME,303,228,0.715818859221255,1.05949837369842,0.413946342622346,0.417017543859649,0.715818859221255,1.06876699810025,0.417493346648271,0.417017543859649,0,-0.00926862440183251,-0.00354700402592467,1.11022302462516e-16
13,3,ME,175,86,0.63835468867811,0.680094803655925,0.243570806048937,0.644107656127515,0.63835468867811,0.680796975946184,0.243924795215392,0.644107656127515,-4.44089209850063e-16,-0.000702172290258707,-0.000353989166454849,0
14,3,ME,177,28,0.292554678123871,0.6233054342455,0.215626824687287,0.601629913710451,0.292554678123871,0.618400722438184,0.213233840573084,0.601629913710451,2.22044604925031e-16,0.00490471180731589,0.00239298411420272,-4.44089209850063e-16
15,3,ME,627,384,0.669255585186163,0.809378462466698,0.304445834427503,0.564021776406036,0.669255585186163,0.814288706532725,0.306578091278746,0.564021776406036,4.44089209850063e-16,-0.00491024406602747,-0.00213225685124263,-3.33066907387547e-16
16,3,ME,193,90,0.640295909123075,0.669611976724011,0.238402629366556,0.651887810140237,0.640295909123075,0.669980386717813,0.238594030734564,0.651887810140237,1.11022302462516e-16,-0.000368409993801722,-0.000191401368007993,3.33066907387547e-16
17,3,ME,287,141,0.609694672081817,0.685370477408571,0.246121445746677,0.603711260079666,0.609694672081817,0.686165327851417,0.246511418891886,0.603711260079666,-1.11022302462516e-16,-0.000794850442845885,-0.000389973145208583,-2.22044604925031e-16
18,3,ME,432,230,0.594957228523913,0.706451030178018,0.256594624237717,0.557942315970728,0.594957228523913,0.70803868332774,0.257369102329719,0.557942315970728,1.11022302462516e-16,-0.0015876531497222,-0.000774478092001707,-4.44089209850063e-16
19,3,ME,323,172,0.681281213672649,0.712980125422731,0.259569306432128,0.623556137378716,0.681281213672649,0.715103785672504,0.26058315021586,0.623556137378716,-5.55111512312578e-16,-0.00212366024977306,-0.00101384378373193,-4.44089209850063e-16
1,3,ME2,112,22,0.379349309363493,0.559273384407223,0.184904040980393,0.714646464646465,0.379349309363493,0.556423573239536,0.183584400153156,0.714646464646465,3.33066907387547e-16,0.0028498111676869,0.00131964082723696,-3.33066907387547e-16
2,3,ME2,280,21,0.352545471617468,0.495954881070339,0.154242475258315,0.830299687442545,0.352545471617468,0.491282732588704,0.152078465671711,0.830299687442545,-3.88578058618805e-16,0.00467214848163539,0.00216400958660395,-4.44089209850063e-16
4,3,ME2,146,25,0.270445997467497,0.544024305674828,0.177631471052504,0.625454545454546,0.270445997467497,0.540584948625043,0.17604778020966,0.625454545454546,4.44089209850063e-16,0.00343935704978482,0.0015836908428439,-5.55111512312578e-16
5,3,ME2,228,8,0.14653932334428,0.514248597946937,0.162480369715929,0.817045454545455,0.14653932334428,0.507117749719337,0.159096491810122,0.817045454545455,2.4980018054066e-16,0.00713084822759991,0.00338387790580738,-4.44089209850063e-16
6,3,ME2,276,5,0.0694705677464298,0.720059096488311,0.263242501200884,0.677490774907749,0.0694705677464298,0.703641510717045,0.255132505284508,0.677490774907749,1.38777878078145e-17,0.0164175857712662,0.00810999591637607,1.11022302462516e-16
7,3,ME2,561,257,0.607926855676555,0.676539825771208,0.24181626372501,0.63874667212779,0.608737917037293,0.677741097182295,0.242403290295357,0.639169055908253,-0.000811061360737941,-0.00120127141108672,-0.00058702657034701,-0.000422383780462776
8,3,ME2,320,157,0.544963189609111,0.716103794229015,0.260642178367498,0.556523777890665,0.544987720680913,0.718399054665175,0.26169087372583,0.556484701652925,-2.45310718018921e-05,-0.00229526043616035,-0.00104869535833185,3.9076237739688e-05
9,3,ME2,288,82,0.534064545668899,0.596083999386275,0.202786481926469,0.727563343594601,0.534064545668899,0.593989620109714,0.201820033759654,0.727563343594601,2.22044604925031e-16,0.00209437927656086,0.000966448166815126,0
10,3,ME2,677,358,0.598548347285076,0.691285603631496,0.249110941138336,0.582380343601688,0.598961082098987,0.693238010245069,0.250058725714968,0.582485420570568,-0.000412734813910909,-0.0019524066135731,-0.000947784576631611,-0.000105076968879736
11,3,ME2,1193,375,0.367344140897978,0.666570079762792,0.237062522499575,0.550019559902201,0.366174653072298,0.662804401793566,0.23520602674111,0.549132844335778,0.00116948782567999,0.00376567796922622,0.00185649575846467,0.000886715566422502
12,3,ME2,303,228,0.715818859221255,1.03792481460546,0.405374663426286,0.417017543859649,0.715818859221255,1.0527365246882,0.411194576525907,0.417017543859649,0,-0.014811710082741,-0.0058199130996211,1.11022302462516e-16
13,3,ME2,175,86,0.63835468867811,0.699132364736652,0.252866342592831,0.644107656127515,0.63835468867811,0.70065417854977,0.253594132859692,0.644107656127515,-4.44089209850063e-16,-0.00152181381311789,-0.000727790266861206,0
14,3,ME2,177,28,0.292554678123871,0.590583775928769,0.199985750945797,0.601629913710451,0.292554678123871,0.586498528534607,0.198015014246776,0.601629913710451,2.22044604925031e-16,0.00408524739416227,0.00197073669902087,-4.44089209850063e-16
15,3,ME2,627,384,0.64310239429788,0.838584747791774,0.316863777297693,0.515314214677641,0.643564451934811,0.843331656820639,0.318885310967372,0.516160836762689,-0.000462057636931301,-0.00474690902886477,-0.00202153366967928,-0.000846622085048376
16,3,ME2,193,90,0.640295909123075,0.663972359146256,0.235625943087723,0.651887810140237,0.640295909123075,0.664521088338737,0.235902506765947,0.651887810140237,1.11022302462516e-16,-0.000548729192481501,-0.000276563678224012,3.33066907387547e-16
17,3,ME2,287,141,0.609694672081817,0.683813767518429,0.245300316304151,0.603711260079666,0.609694672081817,0.68488295033684,0.245820605709397,0.603711260079666,-1.11022302462516e-16,-0.00106918281841151,-0.000520289405245594,-2.22044604925031e-16
18,3,ME2,432,230,0.594957228523913,0.771186212231871,0.28641265133339,0.557942315970728,0.594957228523913,0.774006721419936,0.287649119665135,0.557942315970728,1.11022302462516e-16,-0.00282050918806476,-0.00123646833174512,-4.44089209850063e-16
19,3,ME2,323,172,0.681281213672649,0.719031641029081,0.262209808518549,0.623556137378716,0.681281213672649,0.721568397251319,0.263409554268042,0.623556137378716,-5.55111512312578e-16,-0.00253675622223826,-0.00119974574949278,-4.44089209850063e-16
1,3,ME_P,112,22,0.742028956614197,0.517167627139976,0.172299849106918,0.867171717171717,0.756541260671696,0.508862951014907,0.168929663480133,0.867676767676768,-0.0145123040574991,0.00830467612506913,0.0033701856267849,-0.000505050505050897
2,3,ME_P,280,21,0.629978106945263,0.494748986116665,0.16174476730785,0.926640926640927,0.662189103945433,0.491659150396886,0.160622837328073,0.92388306674021,-0.0322109970001704,0.00308983571977878,0.00112192997977661,0.00275785990071664
4,3,ME_P,146,25,0.514469880606972,0.553298477799365,0.188698509155569,0.768595041322314,0.522462982469667,0.546116454535335,0.185514465042654,0.775206611570248,-0.00799310186269486,0.00718202326403039,0.00318404411291448,-0.00661157024793391
5,3,ME_P,228,8,0.26249014143751,0.560068644578466,0.191381460251817,0.799431818181818,0.310782340757036,0.555375279516176,0.189584020516142,0.805681818181818,-0.0482921993195262,0.00469336506229001,0.00179743973567503,-0.00624999999999987
6,3,ME_P,276,5,0.0434456282846339,0.576324893272056,0.19785093536081,0.71660516605166,0.0486234180549762,0.568377411539884,0.194662216158458,0.719557195571956,-0.00517778977034234,0.00794748173217197,0.00318871920235159,-0.0029520295202955
7,3,ME_P,561,257,0.822825510729492,0.540073571889575,0.179602806267088,0.825414704075364,0.822408560812974,0.545021957546932,0.181782846085472,0.824352344869957,0.000416949916517972,-0.00494838565735711,-0.00218003981838427,0.00106235920540654
8,3,ME_P,320,157,0.823002956682613,0.567208102487755,0.190446471580636,0.798327537024735,0.821638018584694,0.575740355172383,0.194339120457988,0.796569106326443,0.00136493809791916,-0.00853225268462821,-0.0038926488773518,0.00175843069829229
9,3,ME_P,288,82,0.651423932903542,0.513836275069297,0.168241046296257,0.79516931091641,0.646098737686954,0.515205835639023,0.16870867908056,0.794873312810798,0.00532519521658803,-0.00136956056972659,-0.00046763278430309,0.000295998105612205
10,3,ME_P,677,358,0.928037767304702,0.476044055605411,0.152100442284437,0.923547748725942,0.926074694130088,0.485354187957101,0.15620999844456,0.922251799443092,0.00196307317461342,-0.00931013235168959,-0.00410955616012346,0.00129594928284971
11,3,ME_P,1193,375,0.570256662281548,0.628249882538713,0.218662049239801,0.713077424612877,0.565185572253852,0.617602649693974,0.214256996406054,0.713220863895681,0.00507109002769624,0.0106472328447391,0.00440505283374748,-0.000143439282804025
12,3,ME_P,303,228,0.912573447932536,0.995406554725385,0.363102930683923,0.761929824561404,0.914536113686531,0.992882047418664,0.359573026389496,0.767076023391813,-0.00196266575399517,0.00252450730672071,0.00352990429442696,-0.00514619883040957
13,3,ME_P,175,86,0.855171823800155,0.491551956922183,0.159076392683992,0.879540109746538,0.853248456413857,0.486345049964339,0.158073574935433,0.877711000783904,0.00192336738629739,0.00520690695784432,0.00100281774855912,0.00182910896263377
14,3,ME_P,177,28,0.699051670223213,0.531789219589206,0.177329821760875,0.915388302972196,0.664776908094356,0.523539779084723,0.174492126200586,0.912032598274209,0.0342747621288568,0.00824944050448251,0.00283769556028882,0.00335570469798663
15,3,ME_P,627,384,0.881017436951495,0.715837571419649,0.256472307891595,0.814225394375857,0.880395830327317,0.714422671215809,0.254759841038867,0.815554269547325,0.000621606624177873,0.0014149002038395,0.00171246685272808,-0.00132887517146763
16,3,ME_P,193,90,0.796097342442575,0.556970411652535,0.186832874461347,0.793311758360302,0.791053707368294,0.559700332174447,0.187891187690379,0.789859762675297,0.00504363507428096,-0.00272992052191212,-0.00105831322903233,0.00345199568500509
17,3,ME_P,287,141,0.918372416052761,0.487906293636952,0.156481376362359,0.913630622753328,0.915368394369211,0.488718009321256,0.156924670941088,0.911007480812203,0.00300402168354974,-0.000811715684303938,-0.000443294578729436,0.00262314194112456
18,3,ME_P,432,230,0.897200913534383,0.531375241623745,0.176632184522867,0.884976323719329,0.901664370465652,0.530053269908332,0.175932241519331,0.887171760654326,-0.00446345693126882,0.00132197171541315,0.000699943003536124,-0.00219543693499757
19,3,ME_P,323,172,0.861243112875488,0.597639176117298,0.204673742875109,0.825735407361774,0.862206266999923,0.593684127782039,0.202973256543068,0.825773910365009,-0.000963154124434928,0.00395504833525862,0.00170048633204062,-3.85030032348244e-05
1,3,ME2P,112,22,0.75565836913416,0.498311722274945,0.164270707325968,0.869191919191919,0.752996257301478,0.49158537338009,0.161519377395368,0.865151515151515,0.00266211183268184,0.00672634889485463,0.00275132993060004,0.00404040404040418
2,3,ME2P,280,21,0.653493941216422,0.468872145644552,0.150520007805509,0.929214929214929,0.666659952205726,0.46765464740917,0.150249726393829,0.927376355947785,-0.0131660109893045,0.00121749823538236,0.000270281411680257,0.00183857326714421
4,3,ME2P,146,25,0.516249404510608,0.549273744606419,0.186774464646972,0.771570247933884,0.532762714618409,0.542275066862308,0.18365210426285,0.778512396694215,-0.0165133101078009,0.00699867774411112,0.00312236038412211,-0.00694214876033072
5,3,ME2P,228,8,0.276123137952672,0.575752497293071,0.197603419232755,0.80625,0.290435885707201,0.570063811692634,0.195424565406249,0.810795454545455,-0.0143127477545291,0.00568868560043656,0.00217885382650584,-0.00454545454545496
6,3,ME2P,276,5,0.0494812885415971,0.860303471748665,0.308788139397432,0.721771217712177,0.0513741718257847,0.837213590922828,0.300048782287087,0.718819188191882,-0.00189288328418761,0.0230898808258367,0.0087393571103454,0.00295202952029516
7,3,ME2P,561,257,0.826764015980284,0.536363500642308,0.178078095588874,0.828576182674585,0.824259837328525,0.541655543754828,0.180382128693697,0.826323469178784,0.00250417865175878,-0.00529204311251996,-0.00230403310482338,0.00225271349580136
8,3,ME2P,320,157,0.823259021190323,0.562911243241097,0.188954715281882,0.799226290492751,0.821353721207088,0.571504422505245,0.192837781899433,0.796061115235825,0.00190529998323508,-0.00859317926414804,-0.00388306661755106,0.00316517525692639
9,3,ME2P,288,82,0.660874035384106,0.509239916785492,0.166386374032876,0.802036466966612,0.653635153532495,0.510822465365798,0.166902240823523,0.801326071513142,0.00723888185161059,-0.00158254858030604,-0.00051586679064719,0.000710395453469515
10,3,ME2P,677,358,0.925222301016823,0.467269541445073,0.147622058531081,0.920947093746169,0.92328863847133,0.477140656414924,0.151993094009755,0.919633631635173,0.00193366254549277,-0.0098711149698511,-0.00437103547867396,0.00131346211099614
11,3,ME2P,1193,375,0.57279323664184,0.624043747565294,0.216833041156526,0.715978810105949,0.570714994827432,0.610782485739556,0.211265459447364,0.718531377343113,0.0020782418144083,0.0132612618257382,0.00556758170916197,-0.00255256723716357
12,3,ME2P,303,228,0.913400370005995,1.0307761129032,0.375364750811302,0.763976608187135,0.915223843255688,1.062026365068,0.382799756600106,0.769239766081871,-0.0018234732496929,-0.0312502521647968,-0.00743500578880424,-0.00526315789473641
13,3,ME2P,175,86,0.859058783763483,0.509142758026739,0.169005965392066,0.882414423830677,0.857165593406358,0.500973035768053,0.16608553577356,0.880324013587667,0.00189319035712476,0.00816972225868595,0.00292042961850597,0.00209041024300982
14,3,ME2P,177,28,0.679974022586872,0.503467662532026,0.165008235850944,0.910834132310642,0.667655037442792,0.503947727278529,0.166110172343629,0.910834132310642,0.0123189851440803,-0.000480064746502529,-0.00110193649268467,3.33066907387547e-16
15,3,ME2P,627,384,0.866978425593108,0.748041173964143,0.268345601708,0.79272762345679,0.870565831044925,0.742242873269687,0.264927354342677,0.799479166666667,-0.00358740545181724,0.00579830069445642,0.00341824736532265,-0.00675154320987681
16,3,ME2P,193,90,0.802654948803666,0.550378772813427,0.184426517368491,0.800431499460626,0.795718420039373,0.553979561609776,0.185803897229932,0.795145631067961,0.00693652876429252,-0.0036007887963494,-0.00137737986144085,0.00528586839266465
17,3,ME2P,287,141,0.917664078231936,0.487742018443125,0.156577735639262,0.911104634217429,0.916270872718946,0.488885357210821,0.157109386395513,0.911007480812203,0.00139320551299005,-0.00114333876769568,-0.000531650756251112,9.71534052263134e-05
18,3,ME2P,432,230,0.893268059747091,0.613890243189524,0.215511150288944,0.881188118811881,0.898899356641353,0.600100011216948,0.20927654936294,0.884718037021093,-0.00563129689426245,0.0137902319725758,0.00623460092600373,-0.00352991820921178
19,3,ME2P,323,172,0.862900914085291,0.607180389195695,0.20896354540399,0.828931156630217,0.863714427276751,0.600109836163424,0.205949044567452,0.829085168643154,-0.000813513191459947,0.00707055303227122,0.00301450083653756,-0.000154012012936855
1,4,M0,112,22,0.196428571428571,0.599362919680063,0.203571804491654,0.5,0.196428571428571,0.59476012459852,0.201348944547837,0.5,4.16333634234434e-16,0.00460279508154315,0.00222285994381677,0
2,4,M0,280,21,0.075,0.570829943809414,0.189323531925797,0.5,0.075,0.562856131045747,0.185442551013687,0.5,0,0.0079738127636666,0.00388098091211,0
3,4,M0,146,39,0.267123287671233,0.624735609105402,0.216123771993973,0.5,0.267123287671233,0.621673150969817,0.214645337188004,0.5,-1.11022302462516e-16,0.00306245813558459,0.00147843480596865,0
5,4,M0,228,8,0.0350877192982456,0.555953342343633,0.18196569839905,0.5,0.0350877192982456,0.547196568051153,0.177707554500243,0.5,1.38777878078145e-17,0.00875677429248001,0.00425814389880722,0
6,4,M0,276,5,0.0181159420289855,0.556533557079206,0.182205178563762,0.5,0.0181159420289855,0.547122442672379,0.17761786620828,0.5,6.93889390390723e-18,0.00941111440682663,0.00458731235548165,0
7,4,M0,561,257,0.458110516934046,0.696131761379539,0.251409928954651,0.5,0.458110516934046,0.697471039960059,0.252052285471729,0.5,3.88578058618805e-16,-0.0013392785805203,-0.000642356517077836,0
8,4,M0,320,157,0.490625,0.708879193315976,0.257703271757309,0.5,0.490625,0.710869082160444,0.258658173147009,0.5,0,-0.00198988884446794,-0.000954901389699947,0
9,4,M0,288,82,0.284722222222222,0.632411703001769,0.219906789520376,0.5,0.284722222222222,0.629600156384745,0.21854708861997,0.5,2.22044604925031e-16,0.00281154661702365,0.00135970090040558,0
10,4,M0,677,358,0.528803545051699,0.729295561563721,0.267702655116358,0.5,0.528803545051699,0.732404609655295,0.269181907043285,0.5,-3.33066907387547e-16,-0.00310904809157431,-0.00147925192692705,0
11,4,M0,1193,375,0.314333612740989,0.649321151214485,0.228224417434657,0.5,0.314333612740989,0.646309322118626,0.226753611420743,0.5,1.11022302462516e-16,0.00301182909585929,0.00147080601391444,0
12,4,M0,303,228,0.752475247524752,0.830899796013898,0.317650312663848,0.5,0.752475247524752,0.838524762619821,0.321269775463568,0.5,4.44089209850063e-16,-0.00762496660592316,-0.0036194627997202,0
13,4,M0,175,86,0.491428571428572,0.708475785526284,0.257513006090912,0.5,0.491428571428572,0.710409150802034,0.258442324719295,0.5,-5.55111512312578e-16,-0.00193336527575028,-0.000929318628383025,0
14,4,M0,177,28,0.15819209039548,0.588859453916779,0.198342841654762,0.5,0.15819209039548,0.583238574015162,0.195621871820536,0.5,2.4980018054066e-16,0.00562087990161719,0.00272096983422643,0
15,4,M0,627,384,0.61244019138756,0.772960552716092,0.289073674817394,0.5,0.61244019138756,0.777929016289496,0.291420610714475,0.5,-2.22044604925031e-16,-0.00496846357340364,-0.0023469358970814,0
16,4,M0,193,90,0.466321243523316,0.69861646837119,0.252645688506937,0.5,0.466321243523316,0.700004150686475,0.253312977329909,0.5,5.55111512312578e-17,-0.00138768231528463,-0.000667288822972456,0
17,4,M0,287,141,0.491289198606272,0.708982875543588,0.257756445768367,0.5,0.491289198606272,0.710970454130806,0.258710588767755,0.5,-2.22044604925031e-16,-0.00198757858721821,-0.00095414299938773,0
18,4,M0,432,230,0.532407407407407,0.727908150290488,0.267061701965518,0.5,0.532407407407407,0.730916804952054,0.268499911381838,0.5,4.44089209850063e-16,-0.00300865466156652,-0.00143820941631961,0
19,4,M0,323,172,0.532507739938081,0.726651004304627,0.266459339841429,0.5,0.532507739938081,0.729584045754148,0.267864262533819,0.5,-4.44089209850063e-16,-0.00293304144952078,-0.0014049226923904,0
1,4,MP,112,22,0.712541966374973,0.545253225792678,0.18632095663956,0.861363636363636,0.760214831257374,0.526578558308318,0.179012648370709,0.869444444444445,-0.0476728648824013,0.0186746674843596,0.00730830826885137,-0.00808080808080869
2,4,MP,280,21,0.615989005188388,0.538450322030973,0.183491362636293,0.91055341055341,0.618967467720808,0.530761573324404,0.180152846459861,0.909450266593124,-0.00297846253242029,0.00768874870656944,0.00333851617643163,0.00110314396028655
3,4,MP,146,39,0.619522786648242,0.626070264254412,0.216677320984107,0.785526000479272,0.634921249570518,0.60885899698863,0.209979844859851,0.790678169182842,-0.0153984629222765,0.0172112672657818,0.00669747612425645,-0.00515216870357049
5,4,MP,228,8,0.308903767604331,0.626592430753311,0.22005629376778,0.791761363636364,0.292081554191196,0.614748611284955,0.215313284783294,0.790056818181818,0.0168222134131353,0.0118438194683558,0.00474300898448629,0.00170454545454557
6,4,MP,276,5,0.0431144319982093,0.662181600880721,0.227182789994351,0.716236162361624,0.0445351791264003,0.645505496730541,0.221390882791666,0.721033210332103,-0.001420747128191,0.0166761041501803,0.00579190720268527,-0.00479704797047942
7,4,MP,561,257,0.810451204564734,0.540520806502438,0.178797740419988,0.813709553553144,0.809641730255759,0.543535576692664,0.180027778653934,0.812634394839238,0.000809474308974933,-0.00301477019022622,-0.00123003823394555,0.00107515871390551
8,4,MP,320,157,0.818249665302167,0.567036466798714,0.186867974688604,0.791215661756086,0.816005108355322,0.567939233434807,0.188962877424044,0.791430581063655,0.002244556946845,-0.0009027666360929,-0.00209490273544047,-0.000214919307568895
9,4,MP,288,82,0.632319153861731,0.546057733257848,0.181707954864412,0.774597442576368,0.630780549548471,0.542515776736445,0.179919264453227,0.775455837082643,0.00153860431325992,0.00354195652140243,0.00178869041118515,-0.000858394506275451
10,4,MP,677,358,0.921463144239999,0.452620511906378,0.143441646270964,0.919743086811089,0.921148186153207,0.457852184983101,0.145889675587365,0.918928740302271,0.000314958086792161,-0.00523167307672345,-0.00244802931640056,0.000814346508818065
11,4,MP,1193,375,0.56210537655191,0.616537198370567,0.213263788924765,0.722475957620212,0.556786508886677,0.612091531791435,0.211281295622712,0.721066014669927,0.00531886766523326,0.00444566657913204,0.00198249330205255,0.00140994295028485
12,4,MP,303,228,0.922472694748216,0.819787029383791,0.286731946054939,0.791432748538012,0.921265319834541,0.827472610090691,0.289478325240095,0.791023391812866,0.00120737491367529,-0.00768558070689951,-0.00274637918515647,0.000409356725145749
13,4,MP,175,86,0.8400589510333,0.473350540765557,0.154537490639599,0.868304154690358,0.842616443006938,0.474984934236286,0.155333547580898,0.868630781290828,-0.0025574919736383,-0.00163439347072869,-0.000796056941299472,-0.000326626600470115
14,4,MP,177,28,0.685202769487586,0.542238155137231,0.183817660587393,0.924616490891659,0.675545566033652,0.533620992501976,0.180645434912642,0.919103547459252,0.00965720345393406,0.00861716263525458,0.00317222567475145,0.0055129434324066
15,4,MP,627,384,0.875377294517669,0.662765770361361,0.229809382292641,0.815093449931413,0.875118076715491,0.668298079394011,0.232117472868872,0.815725737311385,0.000259217802178191,-0.00553230903264967,-0.00230809057623085,-0.000632287379972119
16,4,MP,193,90,0.778905428230483,0.5779429950308,0.192150772188136,0.775889967637541,0.778268195285482,0.579335039004122,0.192355742983181,0.775728155339806,0.000637232945001065,-0.00139204397332215,-0.000204970795045112,0.000161812297734487
17,4,MP,287,141,0.909895577433922,0.462965153308394,0.147872019501967,0.910060235111241,0.91014612933295,0.466104700375446,0.149272002347979,0.909963081706014,-0.00025055189902834,-0.0031395470670525,-0.00139998284601159,9.71534052266465e-05
18,4,MP,432,230,0.902358457645956,0.497846075942335,0.163223528694138,0.889625484287559,0.901948090038083,0.5031924618743,0.165606420245448,0.888570813603099,0.000410367607873496,-0.0053463859319654,-0.00238289155131,0.00105467068446019
19,4,MP,323,172,0.855558761138415,0.578400657382166,0.194526926265866,0.818612351763438,0.854340229869587,0.583236574485018,0.196421938838919,0.817476513168027,0.00121853126882787,-0.00483591710285247,-0.0018950125730535,0.00113583859541044
1,4,MP_cal,112,22,0.712541966374973,0.523445134976062,0.174839113946006,0.861363636363636,0.760214831257374,0.513108551569847,0.170773989649966,0.869444444444445,-0.0476728648824013,0.0103365834062154,0.00406512429603997,-0.00808080808080869
2,4,MP_cal,280,21,0.615989005188388,0.515988859415866,0.171203333451848,0.91055341055341,0.618967467720808,0.511680905613815,0.169587350867771,0.909450266593124,-0.00297846253242029,0.00430795380205051,0.00161598258407722,0.00110314396028655
3,4,MP_cal,146,39,0.619522786648242,0.594605537486874,0.205088211663635,0.785526000479272,0.634921249570518,0.58711678440151,0.201776274601967,0.790678169182842,-0.0153984629222765,0.00748875308536345,0.0033119370616681,-0.00515216870357049
5,4,MP_cal,228,8,0.308903767604331,0.585910107995727,0.203022245333608,0.791761363636364,0.292081554191196,0.582861580946596,0.201778057726393,0.790056818181818,0.0168222134131353,0.00304852704913061,0.00124418760721542,0.00170454545454557
6,4,MP_cal,276,5,0.0431144319982093,0.601590848436623,0.208428277693742,0.716236162361624,0.0445351791264003,0.597036273300108,0.206477625348077,0.721033210332103,-0.001420747128191,0.00455457513651514,0.00195065234566474,-0.00479704797047942
7,4,MP_cal,561,257,0.810451204564734,0.547162151517639,0.182257183519848,0.813709553553144,0.809641730255759,0.551470493160351,0.184188321873093,0.812634394839238,0.000809474308974933,-0.00430834164271221,-0.00193113835324502,0.00107515871390551
8,4,MP_cal,320,157,0.818249665302167,0.562891239603942,0.188276437925485,0.791215661756086,0.816005108355322,0.568814984527702,0.191254512960473,0.791430581063655,0.002244556946845,-0.00592374492375958,-0.00297807503498818,-0.000214919307568895
9,4,MP_cal,288,82,0.632319153861731,0.531938482041686,0.176132677611411,0.774597442576368,0.630780549548471,0.530644716146234,0.175303372839258,0.775455837082643,0.00153860431325992,0.00129376589545149,0.000829304772152734,-0.000858394506275451
10,4,MP_cal,677,358,0.921463144239999,0.482769982138966,0.154973307828895,0.919743086811089,0.921148186153207,0.492782856236411,0.159491018648133,0.918928740302271,0.000314958086792161,-0.0100128740974453,-0.00451771081923777,0.000814346508818065
11,4,MP_cal,1193,375,0.56210537655191,0.602829676004085,0.208561524535263,0.722475957620212,0.556786508886677,0.597096532017347,0.206054193610353,0.721066014669927,0.00531886766523326,0.00573314398673808,0.00250733092491046,0.00140994295028485
12,4,MP_cal,303,228,0.922472694748216,0.826904696732685,0.301195001582107,0.791432748538012,0.921265319834541,0.841754791973352,0.304909991105865,0.791023391812866,0.00120737491367529,-0.0148500952406673,-0.00371498952375759,0.000409356725145749
13,4,MP_cal,175,86,0.8400589510333,0.505190439092708,0.165799512229376,0.868304154690358,0.842616443006938,0.497069748390844,0.163249890341954,0.868630781290828,-0.0025574919736383,0.00812069070186422,0.00254962188742164,-0.000326626600470115
14,4,MP_cal,177,28,0.685202769487586,0.508343294158932,0.16718497473405,0.924616490891659,0.675545566033652,0.502499111494608,0.165933775225944,0.919103547459252,0.00965720345393406,0.00584418266432374,0.0012511995081064,0.0055129434324066
15,4,MP_cal,627,384,0.875377294517669,0.688873360160173,0.245101687509458,0.815093449931413,0.875118076715491,0.692868315326095,0.245717115929365,0.815725737311385,0.000259217802178191,-0.00399495516592208,-0.000615428419907471,-0.000632287379972119
16,4,MP_cal,193,90,0.778905428230483,0.574162950417919,0.193257152996783,0.775889967637541,0.778268195285482,0.572848608732251,0.192610539287929,0.775728155339806,0.000637232945001065,0.00131434168566791,0.000646613708854021,0.000161812297734487
17,4,MP_cal,287,141,0.909895577433922,0.499467239174127,0.162195019684132,0.910060235111241,0.91014612933295,0.495486239147011,0.16045109145637,0.909963081706014,-0.00025055189902834,0.00398100002711599,0.00174392822776201,9.71534052266465e-05
18,4,MP_cal,432,230,0.902358457645956,0.537971497220791,0.179660117967605,0.889625484287559,0.901948090038083,0.536129899104109,0.178809491974435,0.888570813603099,0.000410367607873496,0.00184159811668172,0.000850625993170318,0.00105467068446019
19,4,MP_cal,323,172,0.855558761138415,0.600227635764974,0.205478205406787,0.818612351763438,0.854340229869587,0.59776293728645,0.204427678047874,0.817476513168027,0.00121853126882787,0.00246469847852349,0.00105052735891328,0.00113583859541044
1,4,ME,112,22,0.379349309363493,0.581101885643963,0.194996032437759,0.714646464646465,0.379349309363493,0.576402401085563,0.19279129716684,0.714646464646465,3.33066907387547e-16,0.00469948455839997,0.00220473527091866,-3.33066907387547e-16
2,4,ME,280,21,0.352545471617468,0.531849032676163,0.170843830805321,0.830299687442545,0.352545471617468,0.52291730782217,0.166655053545391,0.830299687442545,-3.88578058618805e-16,0.00893172485399263,0.00418877725993033,-4.44089209850063e-16
3,4,ME,146,39,0.627640986501488,0.614431147531134,0.211120132223779,0.780254013898874,0.627640986501488,0.610935013062588,0.209442921752146,0.780254013898874,-3.33066907387547e-16,0.00349613446854602,0.00167721047163319,-3.33066907387547e-16
5,4,ME,228,8,0.14653932334428,0.502613837123846,0.156655738319188,0.817045454545455,0.14653932334428,0.492204016654421,0.151805923534161,0.817045454545455,2.4980018054066e-16,0.0104098204694251,0.00484981478502733,-4.44089209850063e-16
6,4,ME,276,5,0.0694705677464298,0.475603564901995,0.143766622443491,0.677490774907749,0.0694705677464298,0.461096203356855,0.137101733540443,0.677490774907749,1.38777878078145e-17,0.0145073615451404,0.00666488890304809,1.11022302462516e-16
7,4,ME,561,257,0.622320050323158,0.681314173609769,0.244177682194322,0.643124104034405,0.622320050323158,0.681918513715047,0.244466259296513,0.643124104034405,2.22044604925031e-16,-0.000604340105277657,-0.000288577102191046,1.11022302462516e-16
8,4,ME,320,157,0.546521562334421,0.720459586346927,0.262864753215729,0.558047751162518,0.546521562334421,0.723934665119574,0.264410764209395,0.558047751162518,1.11022302462516e-16,-0.00347507877264741,-0.00154601099366608,0
9,4,ME,288,82,0.534064545668899,0.603662104110324,0.206225988206697,0.727563343594601,0.534064545668899,0.59976278937235,0.204424316111453,0.727563343594601,2.22044604925031e-16,0.00389931473797378,0.0018016720952444,0
10,4,ME,677,358,0.60951279599075,0.706549670834508,0.25658567940646,0.588982679812963,0.60951279599075,0.707898866258615,0.257213405461652,0.588982679812963,4.44089209850063e-16,-0.00134919542410716,-0.000627726055192179,0
11,4,ME,1193,375,0.350259612236911,0.675565468161368,0.241312041709338,0.516050529747351,0.350259612236911,0.673712104555657,0.240397745157377,0.516050529747351,4.44089209850063e-16,0.00185336360571087,0.000914296551961347,2.22044604925031e-16
12,4,ME,303,228,0.715818859221255,1.05305074525523,0.411610315869543,0.417017543859649,0.715818859221255,1.06876699810025,0.417493346648271,0.417017543859649,0,-0.015716252845017,-0.0058830307787282,1.11022302462516e-16
13,4,ME,175,86,0.63835468867811,0.681016973520219,0.244027489399083,0.644107656127515,0.63835468867811,0.680796975946184,0.243924795215392,0.644107656127515,-4.44089209850063e-16,0.000219997574035347,0.000102694183691354,0
14,4,ME,177,28,0.292554678123871,0.621625916182104,0.214769518343131,0.601629913710451,0.292554678123871,0.618400722438184,0.213233840573084,0.601629913710451,2.22044604925031e-16,0.00322519374392005,0.00153567777004696,-4.44089209850063e-16
15,4,ME,627,384,0.669255585186163,0.807594640849066,0.303744607245039,0.564021776406036,0.669255585186163,0.814288706532725,0.306578091278746,0.564021776406036,4.44089209850063e-16,-0.00669406568365938,-0.00283348403370681,-3.33066907387547e-16
16,4,ME,193,90,0.640295909123075,0.670608226734386,0.238893755307781,0.651887810140237,0.640295909123075,0.669980386717813,0.238594030734564,0.651887810140237,1.11022302462516e-16,0.000627840016573344,0.000299724573216559,3.33066907387547e-16
17,4,ME,287,141,0.609694672081817,0.686039998453377,0.246457937939108,0.603711260079666,0.609694672081817,0.686165327851417,0.246511418891886,0.603711260079666,-1.11022302462516e-16,-0.000125329398039997,-5.34809527777125e-05,-2.22044604925031e-16
18,4,ME,432,230,0.594957228523913,0.706947214443574,0.256839580626331,0.557942315970728,0.594957228523913,0.70803868332774,0.257369102329719,0.557942315970728,1.11022302462516e-16,-0.001091468884166,-0.00052952170338777,-4.44089209850063e-16
19,4,ME,323,172,0.681281213672649,0.713123313500882,0.259666035529948,0.623556137378716,0.681281213672649,0.715103785672504,0.26058315021586,0.623556137378716,-5.55111512312578e-16,-0.00198047217162167,-0.000917114685912379,-4.44089209850063e-16
1,4,ME2,112,22,0.379349309363493,0.560811916842796,0.185583096794083,0.714646464646465,0.379349309363493,0.556423573239536,0.183584400153156,0.714646464646465,3.33066907387547e-16,0.00438834360325946,0.00199869664092711,-3.33066907387547e-16
2,4,ME2,280,21,0.352545471617468,0.500092994148256,0.156088118047766,0.830299687442545,0.352545471617468,0.491282732588704,0.152078465671711,0.830299687442545,-3.88578058618805e-16,0.0088102615595515,0.0040096523760553,-4.44089209850063e-16
3,4,ME2,146,39,0.591045996107277,0.621847524054615,0.21485867241372,0.757728253055356,0.592728866204126,0.6184530143501,0.213230670529191,0.758686796069974,-0.00168287009684909,0.00339450970451527,0.00162800188452891,-0.000958543014618174
5,4,ME2,228,8,0.14653932334428,0.517190832038473,0.163811627457625,0.817045454545455,0.14653932334428,0.507117749719337,0.159096491810122,0.817045454545455,2.4980018054066e-16,0.0100730823191356,0.00471513564750289,-4.44089209850063e-16
6,4,ME2,276,5,0.0694705677464298,0.723168646450216,0.264810248370079,0.677490774907749,0.0694705677464298,0.703641510717045,0.255132505284508,0.677490774907749,1.38777878078145e-17,0.0195271357331711,0.00967774308557096,1.11022302462516e-16
7,4,ME2,561,257,0.607486869558517,0.677134148515479,0.242114599910677,0.638490681957813,0.608737917037293,0.677741097182295,0.242403290295357,0.639169055908253,-0.00125104747877636,-0.000606948666815876,-0.000288690384680046,-0.000678373950440236
8,4,ME2,320,157,0.544974854916234,0.715252314121571,0.26029668469819,0.556562854128405,0.544987720680913,0.718399054665175,0.26169087372583,0.556484701652925,-1.28657646789598e-05,-0.00314674054360398,-0.00139418902763983,7.81524754795981e-05
9,4,ME2,288,82,0.534064545668899,0.597697815023054,0.203511538710954,0.727563343594601,0.534064545668899,0.593989620109714,0.201820033759654,0.727563343594601,2.22044604925031e-16,0.0037081949133394,0.00169150495130022,0
10,4,ME2,677,358,0.598510275750071,0.69219299688866,0.249560760151737,0.582345317945395,0.598961082098987,0.693238010245069,0.250058725714968,0.582485420570568,-0.000450806348915922,-0.00104501335640905,-0.000497965563230618,-0.000140102625172944
11,4,ME2,1193,375,0.366164652663647,0.664836644865614,0.236183880785876,0.549175224123879,0.366174653072298,0.662804401793566,0.23520602674111,0.549132844335778,-1.00004086505678e-05,0.00203224307204797,0.000977854044766302,4.23797881013988e-05
12,4,ME2,303,228,0.715818859221255,1.0359411175025,0.404784237026011,0.417017543859649,0.715818859221255,1.0527365246882,0.411194576525907,0.417017543859649,0,-0.0167954071857011,-0.00641033949989606,1.11022302462516e-16
13,4,ME2,175,86,0.63835468867811,0.699582448931421,0.253103422783982,0.644107656127515,0.63835468867811,0.70065417854977,0.253594132859692,0.644107656127515,-4.44089209850063e-16,-0.00107172961834867,-0.000490710075710332,0
14,4,ME2,177,28,0.292554678123871,0.589826685465113,0.199550137442802,0.601629913710451,0.292554678123871,0.586498528534607,0.198015014246776,0.601629913710451,2.22044604925031e-16,0.00332815693050581,0.00153512319602606,-4.44089209850063e-16
15,4,ME2,627,384,0.643120595247139,0.836452734501071,0.316079609206103,0.514981995884774,0.643564451934811,0.843331656820639,0.318885310967372,0.516160836762689,-0.000443856687672439,-0.00687892231956788,-0.0028057017612686,-0.00117884087791531
16,4,ME2,193,90,0.640295909123075,0.665089707284008,0.236173148591588,0.651887810140237,0.640295909123075,0.664521088338737,0.235902506765947,0.651887810140237,1.11022302462516e-16,0.000568618945271271,0.000270641825640905,3.33066907387547e-16
17,4,ME2,287,141,0.609694672081817,0.684550244335797,0.245674848806791,0.603711260079666,0.609694672081817,0.68488295033684,0.245820605709397,0.603711260079666,-1.11022302462516e-16,-0.000332706001042737,-0.000145756902606098,-2.22044604925031e-16
18,4,ME2,432,230,0.594957228523913,0.770119110314697,0.286000344076449,0.557942315970728,0.594957228523913,0.774006721419936,0.287649119665135,0.557942315970728,1.11022302462516e-16,-0.00388761110523939,-0.00164877558868626,-4.44089209850063e-16
19,4,ME2,323,172,0.681281213672649,0.719098889102248,0.262299389711055,0.623556137378716,0.681281213672649,0.721568397251319,0.263409554268042,0.623556137378716,-5.55111512312578e-16,-0.00246950814907154,-0.00111016455698748,-4.44089209850063e-16
1,4,ME_P,112,22,0.741455218516979,0.519342091162987,0.17303437607932,0.863131313131313,0.756541260671696,0.508862951014907,0.168929663480133,0.867676767676768,-0.015086042154717,0.0104791401480805,0.00410471259918679,-0.00454545454545496
2,4,ME_P,280,21,0.655505171243834,0.500283124171836,0.164113355720389,0.923147637433352,0.662189103945433,0.491659150396886,0.160622837328073,0.92388306674021,-0.00668393270159884,0.00862397377495017,0.00349051839231609,-0.000735429306858326
3,4,ME_P,146,39,0.629076189286359,0.596945552186675,0.2057769195973,0.802060867481428,0.637367803369133,0.591494652945118,0.203226191025108,0.806853582554517,-0.00829161408277379,0.00545089924155651,0.00255072857219177,-0.00479271507308876
5,4,ME_P,228,8,0.352652436712791,0.566584422669843,0.194441635288681,0.803409090909091,0.310782340757036,0.555375279516176,0.189584020516142,0.805681818181818,0.0418700959557554,0.0112091431536667,0.00485761477253857,-0.00227272727272709
6,4,ME_P,276,5,0.0447966437663331,0.591782141385241,0.204389419228357,0.717343173431734,0.0486234180549762,0.568377411539884,0.194662216158458,0.719557195571956,-0.00382677428864314,0.023404729845357,0.00972720306989863,-0.00221402214022159
7,4,ME_P,561,257,0.821595638724626,0.542251038747418,0.180445248982032,0.822266024984641,0.822408560812974,0.545021957546932,0.181782846085472,0.824352344869957,-0.000812922088348045,-0.00277091879951419,-0.00133759710344006,-0.00208631988531638
8,4,ME_P,320,157,0.823539765170353,0.566947635182339,0.190068220901857,0.795240514243289,0.821638018584694,0.575740355172383,0.194339120457988,0.796569106326443,0.00190174658565878,-0.00879271999004416,-0.00427089955613078,-0.00132859208315428
9,4,ME_P,288,82,0.642655965565065,0.520193306514357,0.171129147375269,0.787946957139474,0.646098737686954,0.515205835639023,0.16870867908056,0.794873312810798,-0.00344277212188882,0.00498747087533424,0.00242046829470863,-0.00692635567132371
10,4,ME_P,677,358,0.927643259715467,0.477544967502292,0.152675148181455,0.923425158928915,0.926074694130088,0.485354187957101,0.15620999844456,0.922251799443092,0.00156856558537888,-0.00780922045480881,-0.00353485026310518,0.00117335948582342
11,4,ME_P,1193,375,0.571764257005795,0.622761817122644,0.216462087777558,0.715251833740831,0.565185572253852,0.617602649693974,0.214256996406054,0.713220863895681,0.0065786847519429,0.00515916742866951,0.00220509137150435,0.00203096984515039
12,4,ME_P,303,228,0.913439104261171,0.979963691598171,0.358158856716719,0.763976608187135,0.914536113686531,0.992882047418664,0.359573026389496,0.767076023391813,-0.00109700942536006,-0.0129183558204934,-0.00141416967277752,-0.00309941520467849
13,4,ME_P,175,86,0.851868286934557,0.495029077973503,0.160793960082727,0.877449699503528,0.853248456413857,0.486345049964339,0.158073574935433,0.877711000783904,-0.0013801694793002,0.00868402800916346,0.00272038514729436,-0.00026130128037638
14,4,ME_P,177,28,0.661466473640185,0.528931596279986,0.175746910414984,0.917305848513902,0.664776908094356,0.523539779084723,0.174492126200586,0.912032598274209,-0.00331043445417112,0.00539181719526283,0.00125478421439795,0.00527325023969316
15,4,ME_P,627,384,0.880701745149092,0.711983752640252,0.254930231658914,0.814643347050754,0.880395830327317,0.714422671215809,0.254759841038867,0.815554269547325,0.000305914821775222,-0.00243891857555756,0.000170390620046923,-0.000910922496570543
16,4,ME_P,193,90,0.792857608288224,0.559250200945734,0.187802469549484,0.791370010787487,0.791053707368294,0.559700332174447,0.187891187690379,0.789859762675297,0.00180390091992988,-0.000450131228713402,-8.87181408945059e-05,0.00151024811218947
17,4,ME_P,287,141,0.914039647877077,0.491308557563015,0.158005062346456,0.910133100165161,0.915368394369211,0.488718009321256,0.156924670941088,0.911007480812203,-0.00132874649213421,0.00259054824175875,0.00108039140536767,-0.00087438064704215
18,4,ME_P,432,230,0.901525231708461,0.530680139152714,0.176232176717445,0.887774429616875,0.901664370465652,0.530053269908332,0.175932241519331,0.887171760654326,-0.000139138757191404,0.000626869244381489,0.000299935198114026,0.00060266896254868
19,4,ME_P,323,172,0.861981315705561,0.596308382462251,0.204112595178968,0.826004928384414,0.862206266999923,0.593684127782039,0.202973256543068,0.825773910365009,-0.000224951294362286,0.00262425468021166,0.00113933863590043,0.000231018019404949
1,4,ME2P,112,22,0.740394342243874,0.501287285569037,0.165314416213938,0.863636363636364,0.752996257301478,0.49158537338009,0.161519377395368,0.865151515151515,-0.0126019150576042,0.00970191218894723,0.00379503881857013,-0.00151515151515136
2,4,ME2P,280,21,0.673620134338981,0.47629290136345,0.153687403821349,0.927008641294356,0.666659952205726,0.46765464740917,0.150249726393829,0.927376355947785,0.00696018213325467,0.00863825395427986,0.00343767742751969,-0.000367714653429441
3,4,ME2P,146,39,0.61219034214915,0.606807238234223,0.209412098060251,0.799185238437575,0.622881023257221,0.602599537877383,0.207323076786502,0.807093218308172,-0.010690681108071,0.00420770035684048,0.00208902127374941,-0.0079079798705971
5,4,ME2P,228,8,0.367290232139225,0.580472948164926,0.199949305534252,0.811363636363636,0.290435885707201,0.570063811692634,0.195424565406249,0.810795454545455,0.0768543464320244,0.0104091364722915,0.00452474012800297,0.000568181818181412
6,4,ME2P,276,5,0.0480422738265277,0.868089962538545,0.312392071263634,0.715867158671587,0.0513741718257847,0.837213590922828,0.300048782287087,0.718819188191882,-0.003331897999257,0.0308763716157169,0.012343288976547,-0.00295202952029527
7,4,ME2P,561,257,0.824242793895209,0.538879348275332,0.179071331874498,0.824838726192914,0.824259837328525,0.541655543754828,0.180382128693697,0.826323469178784,-1.70434333163216e-05,-0.00277619547949637,-0.00131079681919866,-0.00148474298586976
8,4,ME2P,320,157,0.823312089426185,0.563044490113803,0.18875601832003,0.796451877613223,0.821353721207088,0.571504422505245,0.192837781899433,0.796061115235825,0.00195836821909667,-0.00845993239144194,-0.00408176357940274,0.000390762377398435
9,4,ME2P,288,82,0.64858734029899,0.515620150829876,0.169232377914398,0.794044518115084,0.653635153532495,0.510822465365798,0.166902240823523,0.801326071513142,-0.00504781323350545,0.00479768546407822,0.00233013709087507,-0.00728155339805792
10,4,ME2P,677,358,0.924632384960739,0.469757309916513,0.148689339945344,0.92057932435509,0.92328863847133,0.477140656414924,0.151993094009755,0.919633631635173,0.00134374648940871,-0.00738334649841133,-0.00330375406441141,0.000945692719917179
11,4,ME2P,1193,375,0.573268485233206,0.620398981776994,0.215437488473949,0.716735126324369,0.570714994827432,0.610782485739556,0.211265459447364,0.718531377343113,0.00255349040577402,0.00961649603743808,0.00417202902658526,-0.00179625101874459
12,4,ME2P,303,228,0.914151897998407,1.02268992727669,0.373110528866456,0.765555555555556,0.915223843255688,1.062026365068,0.382799756600106,0.769239766081871,-0.00107194525728138,-0.0393364377913084,-0.00968922773365016,-0.0036842105263154
13,4,ME2P,175,86,0.853894265957275,0.51187759523209,0.170300558288619,0.87940945910635,0.857165593406358,0.500973035768053,0.16608553577356,0.880324013587667,-0.00327132744908254,0.0109045594640366,0.00421502251505945,-0.000914554481317387
14,4,ME2P,177,28,0.661347239914246,0.502791428684241,0.164383367853145,0.915388302972196,0.667655037442792,0.503947727278529,0.166110172343629,0.910834132310642,-0.00630779752854649,-0.00115629859428756,-0.00172680449048362,0.00455417066155361
15,4,ME2P,627,384,0.867788518725302,0.742973104262497,0.266510959629297,0.793659979423868,0.870565831044925,0.742242873269687,0.264927354342677,0.799479166666667,-0.00277731231962264,0.000730230992810221,0.00158360528662022,-0.00581918724279862
16,4,ME2P,193,90,0.796951593736031,0.552970934580195,0.185477216048889,0.797626752966559,0.795718420039373,0.553979561609776,0.185803897229932,0.795145631067961,0.00123317369665821,-0.00100862702958138,-0.000326681181043148,0.00248112189859784
17,4,ME2P,287,141,0.915024347844766,0.491259131004124,0.158142166072197,0.909210142815506,0.916270872718946,0.488885357210821,0.157109386395513,0.911007480812203,-0.0012465248741802,0.00237377379330306,0.00103277967668403,-0.00179733799669723
18,4,ME2P,432,230,0.90012789490383,0.609929738197561,0.213740795579172,0.886052518295308,0.898899356641353,0.600100011216948,0.20927654936294,0.884718037021093,0.00122853826247671,0.0098297269806128,0.00446424621623159,0.00133448127421487
19,4,ME2P,323,172,0.864616463616953,0.605392624312635,0.208227500835317,0.830124749730479,0.863714427276751,0.600109836163424,0.205949044567452,0.829085168643154,0.000902036340202361,0.00528278814921135,0.0022784562678651,0.00103958108732505
1,5,M0,112,22,0.196428571428571,0.606461009991046,0.207016371883661,0.5,0.196428571428571,0.59476012459852,0.201348944547837,0.5,4.16333634234434e-16,0.0117008853925261,0.0056674273358239,0
2,5,M0,280,21,0.075,0.582682000909501,0.195117797670502,0.5,0.075,0.562856131045747,0.185442551013687,0.5,0,0.0198258698637535,0.00967524665681527,0
3,5,M0,146,39,0.267123287671233,0.629538211857195,0.218453651188339,0.5,0.267123287671233,0.621673150969817,0.214645337188004,0.5,-1.11022302462516e-16,0.00786506088737782,0.00380831400033491,0
4,5,M0,146,25,0.171232876712329,0.599932472384625,0.203766021878228,0.5,0.171232876712329,0.586656681377199,0.19732792739409,0.5,-2.4980018054066e-16,0.0132757910074264,0.00643809448413835,0
6,5,M0,276,5,0.0181159420289855,0.570408325941143,0.188997574491539,0.5,0.0181159420289855,0.547122442672379,0.17761786620828,0.5,6.93889390390723e-18,0.0232858832687638,0.0113797082832588,0
7,5,M0,561,257,0.458110516934046,0.69432080877913,0.250536523201872,0.5,0.458110516934046,0.697471039960059,0.252052285471729,0.5,3.88578058618805e-16,-0.00315023118092861,-0.00151576226985717,0
8,5,M0,320,157,0.490625,0.706061640477685,0.256343975928784,0.5,0.490625,0.710869082160444,0.258658173147009,0.5,0,-0.00480744168275915,-0.00231419721822512,0
9,5,M0,288,82,0.284722222222222,0.636827907315437,0.222052994556252,0.5,0.284722222222222,0.629600156384745,0.21854708861997,0.5,2.22044604925031e-16,0.00722775093069183,0.00350590593628228,0
10,5,M0,677,358,0.528803545051699,0.724651534440613,0.265479552908807,0.5,0.528803545051699,0.732404609655295,0.269181907043285,0.5,-3.33066907387547e-16,-0.00775307521468216,-0.00370235413447811,0
11,5,M0,1193,375,0.314333612740989,0.654003230570908,0.230522033300222,0.5,0.314333612740989,0.646309322118626,0.226753611420743,0.5,1.11022302462516e-16,0.00769390845228168,0.00376842187947932,0
12,5,M0,303,228,0.752475247524752,0.819060535503299,0.311997285294044,0.5,0.752475247524752,0.838524762619821,0.321269775463568,0.5,4.44089209850063e-16,-0.0194642271165216,-0.00927249016952408,0
13,5,M0,175,86,0.491428571428572,0.705753392537218,0.256197706139191,0.5,0.491428571428572,0.710409150802034,0.258442324719295,0.5,-5.55111512312578e-16,-0.00465575826481612,-0.00224461858010439,0
14,5,M0,177,28,0.15819209039548,0.597422311860378,0.202507671423684,0.5,0.15819209039548,0.583238574015162,0.195621871820536,0.5,2.4980018054066e-16,0.0141837378452158,0.00688579960314834,0
15,5,M0,627,384,0.61244019138756,0.765212655898707,0.285390322104033,0.5,0.61244019138756,0.777929016289496,0.291420610714475,0.5,-2.22044604925031e-16,-0.0127163603907893,-0.00603028861044241,0
16,5,M0,193,90,0.466321243523316,0.696727157495164,0.251732540588801,0.5,0.466321243523316,0.700004150686475,0.253312977329909,0.5,5.55111512312578e-17,-0.00327699319131136,-0.00158043674110808,0
17,5,M0,287,141,0.491289198606272,0.706170798523734,0.2563993565055,0.5,0.491289198606272,0.710970454130806,0.258710588767755,0.5,-2.22044604925031e-16,-0.00479965560707207,-0.00231123226225505,0
18,5,M0,432,230,0.532407407407407,0.723479866375007,0.264932914505564,0.5,0.532407407407407,0.730916804952054,0.268499911381838,0.5,4.44089209850063e-16,-0.00743693857704741,-0.00356699687627393,0
19,5,M0,323,172,0.532507739938081,0.722364586175478,0.264394962544564,0.5,0.532507739938081,0.729584045754148,0.267864262533819,0.5,-4.44089209850063e-16,-0.00721945957866965,-0.00346929998925494,0
1,5,MP,112,22,0.729308122372565,0.542610486011736,0.185335188015164,0.867676767676768,0.760214831257374,0.526578558308318,0.179012648370709,0.869444444444445,-0.0309067088848093,0.0160319277034175,0.00632253964445473,-0.00176767676767731
2,5,MP,280,21,0.591109205357977,0.564060530040876,0.194258647662868,0.901452472881044,0.618967467720808,0.530761573324404,0.180152846459861,0.909450266593124,-0.0278582623628312,0.0332989567164717,0.0141058012030068,-0.00799779371207965
3,5,MP,146,39,0.614195905156648,0.627902538119923,0.216812582839048,0.785406182602444,0.634921249570518,0.60885899698863,0.209979844859851,0.790678169182842,-0.0207253444138705,0.0190435411312927,0.00683273797919701,-0.00527198658039763
4,5,MP,146,25,0.530461045521528,0.608600976814804,0.212115257450882,0.768099173553719,0.507072153692925,0.590105149151892,0.204734924557639,0.768595041322314,0.023388891828603,0.018495827662912,0.0073803328932433,-0.000495867768595004
6,5,MP,276,5,0.0428931922868342,0.678195637303813,0.233778536088049,0.717712177121771,0.0445351791264003,0.645505496730541,0.221390882791666,0.721033210332103,-0.0016419868395661,0.0326901405732719,0.0123876532963829,-0.00332103321033173
7,5,MP,561,257,0.804596486403715,0.540764951191338,0.179036329253157,0.808948136391563,0.809641730255759,0.543535576692664,0.180027778653934,0.812634394839238,-0.00504524385204397,-0.00277062550132634,-0.000991449400776806,-0.00368625844767545
8,5,MP,320,157,0.812539191557817,0.56382378568589,0.18784181193054,0.789593997889883,0.816005108355322,0.567939233434807,0.188962877424044,0.791430581063655,-0.00346591679750552,-0.0041154477489167,-0.00112106549350366,-0.00183658317377189
9,5,MP,288,82,0.601883642928269,0.561649502212244,0.187601501042202,0.767404688609993,0.630780549548471,0.542515776736445,0.179919264453227,0.775455837082643,-0.0288969066202024,0.0191337254757991,0.0076822365889746,-0.0080511484726501
10,5,MP,677,358,0.920231459342722,0.448904664523489,0.141703474998344,0.91934904817779,0.921148186153207,0.457852184983101,0.145889675587365,0.918928740302271,-0.000916726810485269,-0.00894752045961211,-0.00418620058902147,0.000420307875519277
11,5,MP,1193,375,0.559599002768775,0.622578674879736,0.215795401483218,0.723326813365933,0.556786508886677,0.612091531791435,0.211281295622712,0.721066014669927,0.00281249388209803,0.010487143088301,0.00451410586050591,0.00226079869600615
12,5,MP,303,228,0.922268648302606,0.804926194662708,0.280721005648957,0.792017543859649,0.921265319834541,0.827472610090691,0.289478325240095,0.791023391812866,0.00100332846806472,-0.0225464154279827,-0.00875731959113807,0.000994152046783214
13,5,MP,175,86,0.841198630522486,0.471819749917137,0.153671539032567,0.867912202769794,0.842616443006938,0.474984934236286,0.155333547580898,0.868630781290828,-0.00141781248445172,-0.00316518431914936,-0.00166200854833143,-0.000718578521034519
14,5,MP,177,28,0.663889175812223,0.554783914669851,0.189404270382278,0.917066155321189,0.675545566033652,0.533620992501976,0.180645434912642,0.919103547459252,-0.0116563902214293,0.0211629221678749,0.00875883546963566,-0.0020373921380632
15,5,MP,627,384,0.87725496830999,0.650284793214539,0.224641824360956,0.818512088477366,0.875118076715491,0.668298079394011,0.232117472868872,0.815725737311385,0.00213689159449859,-0.0180132861794717,-0.00747564850791613,0.00278635116598125
16,5,MP,193,90,0.775580363820737,0.580174539733676,0.192948586051367,0.772761596548004,0.778268195285482,0.579335039004122,0.192355742983181,0.775728155339806,-0.00268783146474516,0.000839500729553855,0.000592843068186383,-0.00296655879180163
17,5,MP,287,141,0.911979779906237,0.456264798841946,0.144846762072567,0.912173321674925,0.91014612933295,0.466104700375446,0.149272002347979,0.909963081706014,0.00183365057328722,-0.00983990153350017,-0.00442524027541177,0.00221023996891068
18,5,MP,432,230,0.900925171173276,0.493194399436439,0.161064938462727,0.887860525182953,0.901948090038083,0.5031924618743,0.165606420245448,0.888570813603099,-0.00102291886480721,-0.00999806243786128,-0.00454148178272137,-0.000710288420145866
19,5,MP,323,172,0.852099499365497,0.575552694195454,0.19314401799169,0.815724626520869,0.854340229869587,0.583236574485018,0.196421938838919,0.817476513168027,-0.00224073050409013,-0.00768388028956379,-0.00327792084722867,-0.00175188664715842
1,5,MP_cal,112,22,0.729308122372565,0.522356381550095,0.174498934103852,0.867676767676768,0.760214831257374,0.513108551569847,0.170773989649966,0.869444444444445,-0.0309067088848093,0.00924782998024787,0.00372494445388635,-0.00176767676767731
2,5,MP_cal,280,21,0.591109205357977,0.539298491663051,0.181739648337681,0.901452472881044,0.618967467720808,0.511680905613815,0.169587350867771,0.909450266593124,-0.0278582623628312,0.0276175860492359,0.0121522974699097,-0.00799779371207965
3,5,MP_cal,146,39,0.614195905156648,0.595926445732296,0.205344282935612,0.785406182602444,0.634921249570518,0.58711678440151,0.201776274601967,0.790678169182842,-0.0207253444138705,0.00880966133078587,0.00356800833364446,-0.00527198658039763
4,5,MP_cal,146,25,0.530461045521528,0.579869299871166,0.200264241266806,0.768099173553719,0.507072153692925,0.570252950753273,0.19617228859426,0.768595041322314,0.023388891828603,0.00961634911789289,0.00409195267254614,-0.000495867768595004
6,5,MP_cal,276,5,0.0428931922868342,0.614561500412846,0.214166367217014,0.717712177121771,0.0445351791264003,0.597036273300108,0.206477625348077,0.721033210332103,-0.0016419868395661,0.0175252271127383,0.00768874186893684,-0.00332103321033173
7,5,MP_cal,561,257,0.804596486403715,0.546603677957527,0.182030417598982,0.808948136391563,0.809641730255759,0.551470493160351,0.184188321873093,0.812634394839238,-0.00504524385204397,-0.00486681520282406,-0.00215790427411058,-0.00368625844767545
8,5,MP_cal,320,157,0.812539191557817,0.564598200529168,0.189553842814082,0.789593997889883,0.816005108355322,0.568814984527702,0.191254512960473,0.791430581063655,-0.00346591679750552,-0.00421678399853431,-0.00170067014639103,-0.00183658317377189
9,5,MP_cal,288,82,0.601883642928269,0.543406034258217,0.181212365684418,0.767404688609993,0.630780549548471,0.530644716146234,0.175303372839258,0.775455837082643,-0.0288969066202024,0.0127613181119827,0.00590899284515997,-0.0080511484726501
10,5,MP_cal,677,358,0.920231459342722,0.478009182796471,0.152716444073483,0.91934904817779,0.921148186153207,0.492782856236411,0.159491018648133,0.918928740302271,-0.000916726810485269,-0.0147736734399404,-0.00677457457465025,0.000420307875519277
11,5,MP_cal,1193,375,0.559599002768775,0.608449523004006,0.210995060729101,0.723326813365933,0.556786508886677,0.597096532017347,0.206054193610353,0.721066014669927,0.00281249388209803,0.011352990986659,0.00494086711874794,0.00226079869600615
12,5,MP_cal,303,228,0.922268648302606,0.812539360618816,0.295241873628444,0.792017543859649,0.921265319834541,0.841754791973352,0.304909991105865,0.791023391812866,0.00100332846806472,-0.0292154313545359,-0.00966811747742064,0.000994152046783214
13,5,MP_cal,175,86,0.841198630522486,0.503347312794529,0.164698041630296,0.867912202769794,0.842616443006938,0.497069748390844,0.163249890341954,0.868630781290828,-0.00141781248445172,0.00627756440368471,0.001448151288342,-0.000718578521034519
14,5,MP_cal,177,28,0.663889175812223,0.5185963568663,0.171796528072539,0.917066155321189,0.675545566033652,0.502499111494608,0.165933775225944,0.919103547459252,-0.0116563902214293,0.016097245371692,0.00586275284659463,-0.0020373921380632
15,5,MP_cal,627,384,0.87725496830999,0.677408903423665,0.240116749246963,0.818512088477366,0.875118076715491,0.692868315326095,0.245717115929365,0.815725737311385,0.00213689159449859,-0.0154594119024296,-0.00560036668240199,0.00278635116598125
16,5,MP_cal,193,90,0.775580363820737,0.575305568875005,0.193720093826318,0.772761596548004,0.778268195285482,0.572848608732251,0.192610539287929,0.775728155339806,-0.00268783146474516,0.00245696014275365,0.00110955453838865,-0.00296655879180163
17,5,MP_cal,287,141,0.911979779906237,0.495727816293739,0.160185647787109,0.912173321674925,0.91014612933295,0.495486239147011,0.16045109145637,0.909963081706014,0.00183365057328722,0.000241577146727789,-0.000265443669260568,0.00221023996891068
18,5,MP_cal,432,230,0.900925171173276,0.535212946375872,0.178081577539865,0.887860525182953,0.901948090038083,0.536129899104109,0.178809491974435,0.888570813603099,-0.00102291886480721,-0.000916952728236886,-0.000727914434570404,-0.000710288420145866
19,5,MP_cal,323,172,0.852099499365497,0.59719998335059,0.204066342925915,0.815724626520869,0.854340229869587,0.59776293728645,0.204427678047874,0.817476513168027,-0.00224073050409013,-0.000562953935860033,-0.0003613351219591,-0.00175188664715842
1,5,ME,112,22,0.379349309363493,0.589113551464556,0.198791192926855,0.714646464646465,0.379349309363493,0.576402401085563,0.19279129716684,0.714646464646465,3.33066907387547e-16,0.0127111503789931,0.00599989576001542,-3.33066907387547e-16
2,5,ME,280,21,0.352545471617468,0.546008031946955,0.17755900125825,0.830299687442545,0.352545471617468,0.52291730782217,0.166655053545391,0.830299687442545,-3.88578058618805e-16,0.0230907241247852,0.0109039477128591,-4.44089209850063e-16
3,5,ME,146,39,0.627640986501488,0.620498863579485,0.214050700156784,0.780254013898874,0.627640986501488,0.610935013062588,0.209442921752146,0.780254013898874,-3.33066907387547e-16,0.00956385051689701,0.00460777840463802,-3.33066907387547e-16
4,5,ME,146,25,0.270445997467497,0.55961780840971,0.184649755108641,0.625454545454546,0.270445997467497,0.544038083938858,0.177471926458478,0.625454545454546,4.44089209850063e-16,0.015579724470852,0.00717782865016287,-5.55111512312578e-16
6,5,ME,276,5,0.0694705677464298,0.496843991228564,0.153680804376252,0.677490774907749,0.0694705677464298,0.461096203356855,0.137101733540443,0.677490774907749,1.38777878078145e-17,0.0357477878717086,0.0165790708358087,1.11022302462516e-16
7,5,ME,561,257,0.622320050323158,0.680265700987196,0.243664116283309,0.643124104034405,0.622320050323158,0.681918513715047,0.244466259296513,0.643124104034405,2.22044604925031e-16,-0.00165281272785123,-0.000802143013204276,1.11022302462516e-16
8,5,ME,320,157,0.546521562334421,0.715032784308936,0.260405405432495,0.558047751162518,0.546521562334421,0.723934665119574,0.264410764209395,0.558047751162518,1.11022302462516e-16,-0.0089018808106377,-0.00400535877690011,0
9,5,ME,288,82,0.534064545668899,0.609946207494009,0.209162232976204,0.727563343594601,0.534064545668899,0.59976278937235,0.204424316111453,0.727563343594601,2.22044604925031e-16,0.0101834181216586,0.004737916864751,0
10,5,ME,677,358,0.60951279599075,0.703931406474921,0.255337678530743,0.588982679812963,0.60951279599075,0.707898866258615,0.257213405461652,0.588982679812963,4.44089209850063e-16,-0.00396745978369439,-0.00187572693090926,0
11,5,ME,1193,375,0.350259612236911,0.679495849746298,0.243252717315638,0.516050529747351,0.350259612236911,0.673712104555657,0.240397745157377,0.516050529747351,4.44089209850063e-16,0.00578374519064095,0.00285497215826119,2.22044604925031e-16
12,5,ME,303,228,0.715818859221255,1.02300589877206,0.400053939212974,0.417017543859649,0.715818859221255,1.06876699810025,0.417493346648271,0.417017543859649,0,-0.0457610993281916,-0.0174394074352973,1.11022302462516e-16
13,5,ME,175,86,0.63835468867811,0.681029007000131,0.244021485113826,0.644107656127515,0.63835468867811,0.680796975946184,0.243924795215392,0.644107656127515,-4.44089209850063e-16,0.000232031053946757,9.66898984344489e-05,0
14,5,ME,177,28,0.292554678123871,0.628152355502154,0.217918170483489,0.601629913710451,0.292554678123871,0.618400722438184,0.213233840573084,0.601629913710451,2.22044604925031e-16,0.00975163306396998,0.00468432991040538,-4.44089209850063e-16
15,5,ME,627,384,0.669255585186163,0.795364476450465,0.298450615469243,0.564021776406036,0.669255585186163,0.814288706532725,0.306578091278746,0.564021776406036,4.44089209850063e-16,-0.0189242300822597,-0.00812747580950324,-3.33066907387547e-16
16,5,ME,193,90,0.640295909123075,0.671339105872154,0.23923604864379,0.651887810140237,0.640295909123075,0.669980386717813,0.238594030734564,0.651887810140237,1.11022302462516e-16,0.00135871915434072,0.000642017909225912,3.33066907387547e-16
17,5,ME,287,141,0.609694672081817,0.685568936344161,0.246232506819417,0.603711260079666,0.609694672081817,0.686165327851417,0.246511418891886,0.603711260079666,-1.11022302462516e-16,-0.000596391507255989,-0.000278912072468829,-2.22044604925031e-16
18,5,ME,432,230,0.594957228523913,0.70475945669728,0.255770709024583,0.557942315970728,0.594957228523913,0.70803868332774,0.257369102329719,0.557942315970728,1.11022302462516e-16,-0.00327922663046021,-0.00159839330513617,-4.44089209850063e-16
19,5,ME,323,172,0.681281213672649,0.709627884333022,0.258016689092273,0.623556137378716,0.681281213672649,0.715103785672504,0.26058315021586,0.623556137378716,-5.55111512312578e-16,-0.00547590133948184,-0.00256646112358655,-4.44089209850063e-16
1,5,ME2,112,22,0.379349309363493,0.566714420133248,0.188302347909453,0.714646464646465,0.379349309363493,0.556423573239536,0.183584400153156,0.714646464646465,3.33066907387547e-16,0.0102908468937122,0.00471794775629678,-3.33066907387547e-16
2,5,ME2,280,21,0.352545471617468,0.510411499310911,0.160844900933658,0.830299687442545,0.352545471617468,0.491282732588704,0.152078465671711,0.830299687442545,-3.88578058618805e-16,0.0191287667222068,0.0087664352619474,-4.44089209850063e-16
3,5,ME2,146,39,0.582239217935683,0.629160131179773,0.218415996302225,0.753175173735921,0.592728866204126,0.6184530143501,0.213230670529191,0.758686796069974,-0.0104896482684431,0.0107071168296726,0.00518532577303357,-0.00551162233405267
4,5,ME2,146,25,0.270445997467497,0.555622154745146,0.182932663707215,0.625454545454546,0.270445997467497,0.540584948625043,0.17604778020966,0.625454545454546,4.44089209850063e-16,0.0150372061201033,0.00688488349755545,-5.55111512312578e-16
6,5,ME2,276,5,0.0694705677464298,0.777667002554865,0.291743530479917,0.677490774907749,0.0694705677464298,0.703641510717045,0.255132505284508,0.677490774907749,1.38777878078145e-17,0.0740254918378204,0.0366110251954093,1.11022302462516e-16
7,5,ME2,561,257,0.60313514434053,0.675766506354576,0.241445067114151,0.635764386647553,0.608737917037293,0.677741097182295,0.242403290295357,0.639169055908253,-0.00560277269676301,-0.00197459082771856,-0.000958223181206197,-0.00340466926070027
8,5,ME2,320,157,0.544843962637393,0.709553867302455,0.257704543086696,0.556328396701966,0.544987720680913,0.718399054665175,0.26169087372583,0.556484701652925,-0.000143758043519848,-0.00884518736271955,-0.00398633063913384,-0.000156304950959418
9,5,ME2,288,82,0.534064545668899,0.603613022774024,0.206249124441482,0.727563343594601,0.534064545668899,0.593989620109714,0.201820033759654,0.727563343594601,2.22044604925031e-16,0.0096234026643095,0.00442909068182798,0
10,5,ME2,677,358,0.596677314921584,0.688911658245238,0.247961599585827,0.581574753506944,0.598961082098987,0.693238010245069,0.250058725714968,0.582485420570568,-0.00228376717740297,-0.004326351999831,-0.00209712612914065,-0.000910667063624082
11,5,ME2,1193,375,0.369514606568229,0.667124696757251,0.237324934918197,0.554140179299104,0.366174653072298,0.662804401793566,0.23520602674111,0.549132844335778,0.00333995349593075,0.00432029496368491,0.00211890817708654,0.00500733496332551
12,5,ME2,303,228,0.715818859221255,0.989594621266028,0.386267344061873,0.417017543859649,0.715818859221255,1.0527365246882,0.411194576525907,0.417017543859649,0,-0.0631419034221717,-0.0249272324640336,1.11022302462516e-16
13,5,ME2,175,86,0.63835468867811,0.699825509024571,0.25323855610721,0.644107656127515,0.63835468867811,0.70065417854977,0.253594132859692,0.644107656127515,-4.44089209850063e-16,-0.000828669525198778,-0.000355576752482212,0
14,5,ME2,177,28,0.292554678123871,0.593024030226763,0.201029125948669,0.601629913710451,0.292554678123871,0.586498528534607,0.198015014246776,0.601629913710451,2.22044604925031e-16,0.00652550169215593,0.0030141117018925,-4.44089209850063e-16
15,5,ME2,627,384,0.639654934451712,0.824547675983569,0.31110483485574,0.509591478052126,0.643564451934811,0.843331656820639,0.318885310967372,0.516160836762689,-0.00390951748309909,-0.0187839808370703,-0.00778047611163196,-0.00656935871056275
16,5,ME2,193,90,0.640295909123075,0.665426954563931,0.236322492007414,0.651887810140237,0.640295909123075,0.664521088338737,0.235902506765947,0.651887810140237,1.11022302462516e-16,0.000905866225193841,0.000419985241466747,3.33066907387547e-16
17,5,ME2,287,141,0.609694672081817,0.683668821202765,0.245257867959538,0.603711260079666,0.609694672081817,0.68488295033684,0.245820605709397,0.603711260079666,-1.11022302462516e-16,-0.00121412913407537,-0.000562737749858711,-2.22044604925031e-16
18,5,ME2,432,230,0.594957228523913,0.768842324860613,0.285492650905238,0.557942315970728,0.594957228523913,0.774006721419936,0.287649119665135,0.557942315970728,1.11022302462516e-16,-0.00516439655932255,-0.00215646875989711,-4.44089209850063e-16
19,5,ME2,323,172,0.681281213672649,0.715131957088303,0.260467815178568,0.623556137378716,0.681281213672649,0.721568397251319,0.263409554268042,0.623556137378716,-5.55111512312578e-16,-0.00643644016301592,-0.00294173908947398,-4.44089209850063e-16
1,5,ME_P,112,22,0.74973498788981,0.518754907413603,0.172883435908742,0.866666666666667,0.756541260671696,0.508862951014907,0.168929663480133,0.867676767676768,-0.00680627278188584,0.00989195639869567,0.00395377242860939,-0.00101010101010135
2,5,ME_P,280,21,0.610422274865001,0.525066375772193,0.175381021334166,0.910645339216768,0.662189103945433,0.491659150396886,0.160622837328073,0.92388306674021,-0.0517668290804322,0.0334072253753073,0.0147581840060932,-0.0132377275234422
3,5,ME_P,146,39,0.632120645944734,0.598310350963885,0.206106178910013,0.799424874191229,0.637367803369133,0.591494652945118,0.203226191025108,0.806853582554517,-0.00524715742439863,0.0068156980187668,0.00287998788490512,-0.00742870836328768
4,5,ME_P,146,25,0.53846248300078,0.563393552960974,0.193048669319381,0.770909090909091,0.522462982469667,0.546116454535335,0.185514465042654,0.775206611570248,0.0159995005311125,0.0172770984256387,0.0075342042767273,-0.00429752066115707
6,5,ME_P,276,5,0.0443299634381989,0.608349570127767,0.211611079807935,0.719557195571956,0.0486234180549762,0.568377411539884,0.194662216158458,0.719557195571956,-0.00429345461677726,0.0399721585878828,0.0169488636494769,-2.22044604925031e-16
7,5,ME_P,561,257,0.814826497659919,0.541644563069791,0.180180514952317,0.816967028466107,0.822408560812974,0.545021957546932,0.181782846085472,0.824352344869957,-0.00758206315305543,-0.00337739447714103,-0.00160233113315547,-0.0073853164038501
8,5,ME_P,320,157,0.817823186917009,0.567863709736306,0.190987985740765,0.794146379586573,0.821638018584694,0.575740355172383,0.194339120457988,0.796569106326443,-0.0038148316676847,-0.00787664543607736,-0.00335113471722343,-0.00242272673986954
9,5,ME_P,288,82,0.619101189589101,0.532118407744127,0.17636854513589,0.781434998816008,0.646098737686954,0.515205835639023,0.16870867908056,0.794873312810798,-0.0269975480978535,0.0169125721051037,0.00765986605532984,-0.0134383139947905
10,5,ME_P,677,358,0.925796939387867,0.473036904361989,0.150513465844126,0.923144953678569,0.926074694130088,0.485354187957101,0.15620999844456,0.922251799443092,-0.000277754742221359,-0.0123172835951123,-0.00569653260043404,0.000893154235477534
11,5,ME_P,1193,375,0.571379063594126,0.628350295238971,0.218854211691282,0.716829665851671,0.565185572253852,0.617602649693974,0.214256996406054,0.713220863895681,0.00619349134027347,0.0107476455449971,0.00459721528522825,0.00360880195598978
12,5,ME_P,303,228,0.914992781220812,0.957452825139891,0.34956367202204,0.76672514619883,0.914536113686531,0.992882047418664,0.359573026389496,0.767076023391813,0.000456667534280864,-0.0354292222787732,-0.0100093543674556,-0.000350877192982657
13,5,ME_P,175,86,0.847697399338699,0.493788651071529,0.160014595407289,0.876143193101646,0.853248456413857,0.486345049964339,0.158073574935433,0.877711000783904,-0.00555105707515824,0.00744360110718989,0.00194102047185599,-0.00156780768225773
14,5,ME_P,177,28,0.671253498070106,0.537784470308331,0.179850128425214,0.912032598274209,0.664776908094356,0.523539779084723,0.174492126200586,0.912032598274209,0.00647658997575018,0.0142446912236075,0.00535800222462843,0
15,5,ME_P,627,384,0.883274258052312,0.698385170871449,0.249162651562651,0.819337277091907,0.880395830327317,0.714422671215809,0.254759841038867,0.815554269547325,0.00287842772499491,-0.0160375003443598,-0.00559718947621604,0.00378300754458172
16,5,ME_P,193,90,0.789224996259743,0.561419844423108,0.188629700473052,0.789428263214671,0.791053707368294,0.559700332174447,0.187891187690379,0.789859762675297,-0.00182871110855132,0.00171951224866063,0.000738512782673007,-0.000431499460626039
17,5,ME_P,287,141,0.917677846309585,0.488111107951504,0.156270952939598,0.91338773924026,0.915368394369211,0.488718009321256,0.156924670941088,0.911007480812203,0.0023094519403738,-0.000606901369752,-0.000653718001490416,0.00238025842805745
18,5,ME_P,432,230,0.901083323896025,0.528404951468255,0.174866596840369,0.887774429616875,0.901664370465652,0.530053269908332,0.175932241519331,0.887171760654326,-0.000581046569626653,-0.00164831844007662,-0.00106564467896209,0.00060266896254868
19,5,ME_P,323,172,0.858843418738451,0.593316085899741,0.202665945167398,0.823309718158016,0.862206266999923,0.593684127782039,0.202973256543068,0.825773910365009,-0.00336284826147149,-0.000368041882297887,-0.000307311375670472,-0.00246419220699268
1,5,ME2P,112,22,0.747617824800208,0.497451618953915,0.163772570460181,0.866666666666667,0.752996257301478,0.49158537338009,0.161519377395368,0.865151515151515,-0.00537843250127035,0.0058662455738252,0.00225319306481259,0.00151515151515169
2,5,ME2P,280,21,0.605843566432281,0.493884834329782,0.161891846524163,0.915977201691488,0.666659952205726,0.46765464740917,0.150249726393829,0.927376355947785,-0.0608163857734448,0.0262301869206117,0.0116421201303345,-0.0113991542562976
3,5,ME2P,146,39,0.610364927822379,0.610894720328849,0.210754706773446,0.798466331176612,0.622881023257221,0.602599537877383,0.207323076786502,0.807093218308172,-0.0125160954348417,0.00829518245146632,0.00343162998694363,-0.00862688713156046
4,5,ME2P,146,25,0.530802356990232,0.558988857179789,0.190929739226264,0.771570247933884,0.532762714618409,0.542275066862308,0.18365210426285,0.778512396694215,-0.00196035762817737,0.0167137903174813,0.00727763496341399,-0.00694214876033072
6,5,ME2P,276,5,0.0462658851052286,0.93111767730035,0.336081427865794,0.714391143911439,0.0513741718257847,0.837213590922828,0.300048782287087,0.718819188191882,-0.00510828672055614,0.0939040863775224,0.0360326455787068,-0.00442804428044286
7,5,ME2P,561,257,0.81920689406981,0.537558012801879,0.178535972939769,0.82079408150727,0.824259837328525,0.541655543754828,0.180382128693697,0.826323469178784,-0.00505294325871541,-0.00409753095294918,-0.00184615575392755,-0.0055293876715139
8,5,ME2P,320,157,0.819443533664327,0.563155224795623,0.189394715537435,0.795318666718768,0.821353721207088,0.571504422505245,0.192837781899433,0.796061115235825,-0.00191018754276162,-0.00834919770962217,-0.00344306636199751,-0.000742448517056737
9,5,ME2P,288,82,0.632835815975109,0.526860033210722,0.174180099205716,0.788716552214066,0.653635153532495,0.510822465365798,0.166902240823523,0.801326071513142,-0.0207993375573858,0.0160375678449239,0.00727785838219297,-0.0126095192990762
10,5,ME2P,677,358,0.922869309185597,0.462971892747674,0.145391982671356,0.920404196073624,0.92328863847133,0.477140656414924,0.151993094009755,0.919633631635173,-0.000419329285732628,-0.01416876366725,-0.00660111133839886,0.000770564438450916
11,5,ME2P,1193,375,0.575605001434272,0.622650175428629,0.216388758510776,0.720738386308068,0.570714994827432,0.610782485739556,0.211265459447364,0.718531377343113,0.0048900066068398,0.0118676896890733,0.00512329906341213,0.0022070089649554
12,5,ME2P,303,228,0.915171074026644,0.972463060169045,0.354944537670315,0.767368421052632,0.915223843255688,1.062026365068,0.382799756600106,0.769239766081871,-5.27692290439585e-05,-0.0895633048989552,-0.0278552189297912,-0.00187134502923936
13,5,ME2P,175,86,0.85266250863995,0.512582824282789,0.170657475008798,0.879148157825973,0.857165593406358,0.500973035768053,0.16608553577356,0.880324013587667,-0.00450308476640804,0.0116097885147363,0.00457193923523808,-0.00117585576169366
14,5,ME2P,177,28,0.673884858089045,0.505954896293524,0.166089650223093,0.910115052732502,0.667655037442792,0.503947727278529,0.166110172343629,0.910834132310642,0.00622982064625266,0.0020071690149952,-2.05221205364092e-05,-0.000719079578139659
15,5,ME2P,627,384,0.869164707348258,0.731451854968623,0.261532492008723,0.796532064471879,0.870565831044925,0.742242873269687,0.264927354342677,0.799479166666667,-0.00140112369666678,-0.0107910183010644,-0.00339486233395431,-0.00294710219478767
16,5,ME2P,193,90,0.793811804520698,0.554245343699743,0.18597557554414,0.795037756202805,0.795718420039373,0.553979561609776,0.185803897229932,0.795145631067961,-0.00190661551867488,0.000265782089967415,0.000171678314207918,-0.000107874865156288
17,5,ME2P,287,141,0.917666538224999,0.487688841196246,0.156264872782109,0.912027591567085,0.916270872718946,0.488885357210821,0.157109386395513,0.911007480812203,0.00139566550605275,-0.00119651601457549,-0.000844513613404513,0.00102011075488151
18,5,ME2P,432,230,0.898828142835615,0.611070580826502,0.214163160405144,0.884847180370211,0.898899356641353,0.600100011216948,0.20927654936294,0.884718037021093,-7.12138057383793e-05,0.0109705696095543,0.0048866110422045,0.000129143349117955
19,5,ME2P,323,172,0.861693404760315,0.602253898429693,0.206743631299193,0.827660557523487,0.863714427276751,0.600109836163424,0.205949044567452,0.829085168643154,-0.00202102251643577,0.00214406226626895,0.000794586731740599,-0.00142461111966707
1,6,M0,112,22,0.196428571428571,0.609792473286826,0.20863944852136,0.5,0.196428571428571,0.59476012459852,0.201348944547837,0.5,4.16333634234434e-16,0.0150323486883058,0.00729050397352268,0
2,6,M0,280,21,0.075,0.588229621334744,0.197839553503267,0.5,0.075,0.562856131045747,0.185442551013687,0.5,0,0.0253734902889966,0.01239700248958,0
3,6,M0,146,39,0.267123287671233,0.631820598717428,0.219565309416217,0.5,0.267123287671233,0.621673150969817,0.214645337188004,0.5,-1.11022302462516e-16,0.010147447747611,0.00491997222821308,0
4,6,M0,146,25,0.171232876712329,0.603695369349264,0.205601407431859,0.5,0.171232876712329,0.586656681377199,0.19732792739409,0.5,-2.4980018054066e-16,0.017038687972065,0.00827348003776873,0
5,6,M0,228,8,0.0350877192982456,0.575060968208583,0.191309435177255,0.5,0.0350877192982456,0.547196568051153,0.177707554500243,0.5,1.38777878078145e-17,0.0278644001574304,0.0136018806770123,0
7,6,M0,561,257,0.458110516934046,0.693592300033342,0.250183518765868,0.5,0.458110516934046,0.697471039960059,0.252052285471729,0.5,3.88578058618805e-16,-0.00387873992671661,-0.00186876670586078,0
8,6,M0,320,157,0.490625,0.704867648357311,0.25576536730714,0.5,0.490625,0.710869082160444,0.258658173147009,0.5,0,-0.00600143380313301,-0.00289280583986945,0
9,6,M0,288,82,0.284722222222222,0.638941935564171,0.223084440010753,0.5,0.284722222222222,0.629600156384745,0.21854708861997,0.5,2.22044604925031e-16,0.00934177917942547,0.00453735139078254,0
10,6,M0,677,358,0.528803545051699,0.722642530436708,0.264512856132643,0.5,0.528803545051699,0.732404609655295,0.269181907043285,0.5,-3.33066907387547e-16,-0.00976207921858652,-0.00466905091064163,0
11,6,M0,1193,375,0.314333612740989,0.656303980809747,0.231655316660891,0.5,0.314333612740989,0.646309322118626,0.226753611420743,0.5,1.11022302462516e-16,0.00999465869112137,0.00490170524014777,0
12,6,M0,303,228,0.752475247524752,0.813789804449173,0.309468055868403,0.5,0.752475247524752,0.838524762619821,0.321269775463568,0.5,4.44089209850063e-16,-0.0247349581706477,-0.0118017195951649,0
13,6,M0,175,86,0.491428571428572,0.704598448401682,0.255637307237852,0.5,0.491428571428572,0.710409150802034,0.258442324719295,0.5,-5.55111512312578e-16,-0.00581070240035164,-0.00280501748144352,0
14,6,M0,177,28,0.15819209039548,0.601433709589572,0.204466247199404,0.5,0.15819209039548,0.583238574015162,0.195621871820536,0.5,2.4980018054066e-16,0.0181951355744101,0.00884437537886831,0
15,6,M0,627,384,0.61244019138756,0.761807444364442,0.283762606373801,0.5,0.61244019138756,0.777929016289496,0.291420610714475,0.5,-2.22044604925031e-16,-0.016121571925054,-0.00765800434067365,0
16,6,M0,193,90,0.466321243523316,0.695952336041414,0.251356440119011,0.5,0.466321243523316,0.700004150686475,0.253312977329909,0.5,5.55111512312578e-17,-0.00405181464506077,-0.00195653721089784,0
17,6,M0,287,141,0.491289198606272,0.70497830273698,0.255821311725278,0.5,0.491289198606272,0.710970454130806,0.258710588767755,0.5,-2.22044604925031e-16,-0.00599215139382592,-0.00288927704247738,0
18,6,M0,432,230,0.532407407407407,0.721558345391664,0.264004802395894,0.5,0.532407407407407,0.730916804952054,0.268499911381838,0.5,4.44089209850063e-16,-0.00935845956039005,-0.00449510898594407,0
19,6,M0,323,172,0.532507739938081,0.72050318621766,0.263494400564042,0.5,0.532507739938081,0.729584045754148,0.267864262533819,0.5,-4.44089209850063e-16,-0.00908085953648818,-0.00436986196977657,0
1,6,MP,112,22,0.755055816451116,0.547291381362383,0.18824863808332,0.866666666666667,0.760214831257374,0.526578558308318,0.179012648370709,0.869444444444445,-0.00515901480625769,0.0207128230540654,0.00923598971261141,-0.00277777777777832
2,6,MP,280,21,0.584698138447947,0.563177082942488,0.193603348795381,0.908347122632837,0.618967467720808,0.530761573324404,0.180152846459861,0.909450266593124,-0.0342693292728611,0.032415509618084,0.0134505023355198,-0.0011031439602871
3,6,MP,146,39,0.634430807620657,0.638521104582958,0.218515183771122,0.790438533429188,0.634921249570518,0.60885899698863,0.209979844859851,0.790678169182842,-0.000490441949861364,0.029662107594328,0.00853533891127076,-0.000239635753654266
4,6,MP,146,25,0.507075574756493,0.621655200462771,0.215646613886417,0.767438016528926,0.507072153692925,0.590105149151892,0.204734924557639,0.768595041322314,3.42106356754357e-06,0.0315500513108793,0.010911689328778,-0.00115702479338842
5,6,MP,228,8,0.320706432291786,0.654358582950911,0.230311307951965,0.79375,0.292081554191196,0.614748611284955,0.215313284783294,0.790056818181818,0.0286248781005896,0.0396099716659558,0.014998023168671,0.0036931818181819
7,6,MP,561,257,0.809426440875542,0.539975957759664,0.178809512098859,0.809831302477985,0.809641730255759,0.543535576692664,0.180027778653934,0.812634394839238,-0.000215289380217309,-0.00355961893299983,-0.00121826655507501,-0.0028030923612532
8,6,MP,320,157,0.816305766669809,0.561008329192803,0.186906410949845,0.791860419678793,0.816005108355322,0.567939233434807,0.188962877424044,0.791430581063655,0.000300658314487334,-0.00693090424200404,-0.00205646647419899,0.000429838615138234
9,6,MP,288,82,0.6284514495635,0.554647526125672,0.185494887839427,0.772022259057542,0.630780549548471,0.542515776736445,0.179919264453227,0.775455837082643,-0.00232909998497055,0.0121317493892272,0.0055756233862001,-0.00343357802510091
10,6,MP,677,358,0.919777519907971,0.447404397769428,0.141375055647873,0.917676573089788,0.921148186153207,0.457852184983101,0.145889675587365,0.918928740302271,-0.00137066624523607,-0.010447787213673,-0.00451461993949157,-0.00125216721248278
11,6,MP,1193,375,0.554141401885881,0.629432380681621,0.217716778748007,0.721323553382233,0.556786508886677,0.612091531791435,0.211281295622712,0.721066014669927,-0.0026451070007959,0.0173408488901863,0.00643548312529538,0.000257538712306049
12,6,MP,303,228,0.92144075303435,0.801825564946693,0.279936170689278,0.791491228070175,0.921265319834541,0.827472610090691,0.289478325240095,0.791023391812866,0.000175433199808617,-0.0256470451439985,-0.00954215455081664,0.000467836257309506
13,6,MP,175,86,0.842974458638174,0.469586908946533,0.153174697357407,0.868434805330546,0.842616443006938,0.474984934236286,0.155333547580898,0.868630781290828,0.000358015631235942,-0.00539802528975264,-0.00215885022349058,-0.00019597596028198
14,6,MP,177,28,0.677534271474084,0.558966678943361,0.190625992100916,0.920421860019175,0.675545566033652,0.533620992501976,0.180645434912642,0.919103547459252,0.00198870544043195,0.0253456864413846,0.00998055718827359,0.00131831255992343
15,6,MP,627,384,0.875627645860089,0.6481958128036,0.223918342213601,0.816020447530864,0.875118076715491,0.668298079394011,0.232117472868872,0.815725737311385,0.000509569144597766,-0.0201022665904109,-0.00819913065527142,0.000294710219479244
16,6,MP,193,90,0.774409520529639,0.578385782469521,0.19262369718036,0.773678532901834,0.778268195285482,0.579335039004122,0.192355742983181,0.775728155339806,-0.00385867475584301,-0.000949256534601317,0.000267954197178594,-0.00204962243797213
17,6,MP,287,141,0.914370050755105,0.455105659401979,0.144424750397093,0.9131691440785,0.91014612933295,0.466104700375446,0.149272002347979,0.909963081706014,0.00422392142215466,-0.0109990409734673,-0.00484725195088603,0.00320606237248589
18,6,MP,432,230,0.901529746834034,0.491764293911061,0.160768664050679,0.888075764098149,0.901948090038083,0.5031924618743,0.165606420245448,0.888570813603099,-0.000418343204048655,-0.0114281679632386,-0.00483775619476892,-0.000495049504950051
19,6,MP,323,172,0.851360362050993,0.57373999093811,0.192815845549646,0.813587709841368,0.854340229869587,0.583236574485018,0.196421938838919,0.817476513168027,-0.00297986781859405,-0.00949658354690786,-0.00360609328927311,-0.00388880332665942
1,6,MP_cal,112,22,0.755055816451116,0.528436341214481,0.177557037588715,0.866666666666667,0.760214831257374,0.513108551569847,0.170773989649966,0.869444444444445,-0.00515901480625769,0.0153277896446336,0.00678304793874909,-0.00277777777777832
2,6,MP_cal,280,21,0.584698138447947,0.539241062472162,0.181586171288667,0.908347122632837,0.618967467720808,0.511680905613815,0.169587350867771,0.909450266593124,-0.0342693292728611,0.0275601568583472,0.0119988204208959,-0.0011031439602871
3,6,MP_cal,146,39,0.634430807620657,0.599632274737177,0.20678346144774,0.790438533429188,0.634921249570518,0.58711678440151,0.201776274601967,0.790678169182842,-0.000490441949861364,0.0125154903356667,0.00500718684577342,-0.000239635753654266
4,6,MP_cal,146,25,0.507075574756493,0.587828321891307,0.20352731746724,0.767438016528926,0.507072153692925,0.570252950753273,0.19617228859426,0.768595041322314,3.42106356754357e-06,0.0175753711380343,0.00735502887297976,-0.00115702479338842
5,6,MP_cal,228,8,0.320706432291786,0.607947565835363,0.212569572010899,0.79375,0.292081554191196,0.582861580946596,0.201778057726393,0.790056818181818,0.0286248781005896,0.0250859848887668,0.0107915142845057,0.0036931818181819
7,6,MP_cal,561,257,0.809426440875542,0.545643890896501,0.181533009292276,0.809831302477985,0.809641730255759,0.551470493160351,0.184188321873093,0.812634394839238,-0.000215289380217309,-0.00582660226385001,-0.00265531258081667,-0.0028030923612532
8,6,MP_cal,320,157,0.816305766669809,0.561717849029999,0.188289187158164,0.791860419678793,0.816005108355322,0.568814984527702,0.191254512960473,0.791430581063655,0.000300658314487334,-0.00709713549770352,-0.00296532580230935,0.000429838615138234
9,6,MP_cal,288,82,0.6284514495635,0.539182517410289,0.179415031509426,0.772022259057542,0.630780549548471,0.530644716146234,0.175303372839258,0.775455837082643,-0.00232909998497055,0.00853780126405457,0.00411165867016791,-0.00343357802510091
10,6,MP_cal,677,358,0.919777519907971,0.476507098919721,0.152081095935247,0.917676573089788,0.921148186153207,0.492782856236411,0.159491018648133,0.918928740302271,-0.00137066624523607,-0.0162757573166898,-0.0074099227128861,-0.00125216721248278
11,6,MP_cal,1193,375,0.554141401885881,0.613297667707768,0.212814799307672,0.721323553382233,0.556786508886677,0.597096532017347,0.206054193610353,0.721066014669927,-0.0026451070007959,0.0162011356904206,0.00676060569731862,0.000257538712306049
12,6,MP_cal,303,228,0.92144075303435,0.808844560675359,0.293647763132649,0.791491228070175,0.921265319834541,0.841754791973352,0.304909991105865,0.791023391812866,0.000175433199808617,-0.032910231297993,-0.0112622279732158,0.000467836257309506
13,6,MP_cal,175,86,0.842974458638174,0.499958108687054,0.163390971815932,0.868434805330546,0.842616443006938,0.497069748390844,0.163249890341954,0.868630781290828,0.000358015631235942,0.00288836029620948,0.000141081473977928,-0.00019597596028198
14,6,MP_cal,177,28,0.677534271474084,0.52270164235393,0.173616975565784,0.920421860019175,0.675545566033652,0.502499111494608,0.165933775225944,0.919103547459252,0.00198870544043195,0.0202025308593218,0.00768320033984021,0.00131831255992343
15,6,MP_cal,627,384,0.875627645860089,0.673119264781296,0.238154559297719,0.816020447530864,0.875118076715491,0.692868315326095,0.245717115929365,0.815725737311385,0.000509569144597766,-0.0197490505447995,-0.0075625566316464,0.000294710219479244
16,6,MP_cal,193,90,0.774409520529639,0.573330510118606,0.193018995735421,0.773678532901834,0.778268195285482,0.572848608732251,0.192610539287929,0.775728155339806,-0.00385867475584301,0.000481901386355177,0.000408456447492073,-0.00204962243797213
17,6,MP_cal,287,141,0.914370050755105,0.492183599241856,0.158568243816772,0.9131691440785,0.91014612933295,0.495486239147011,0.16045109145637,0.909963081706014,0.00422392142215466,-0.00330263990515539,-0.00188284763959753,0.00320606237248589
18,6,MP_cal,432,230,0.901529746834034,0.531878935789373,0.176717033671748,0.888075764098149,0.901948090038083,0.536129899104109,0.178809491974435,0.888570813603099,-0.000418343204048655,-0.00425096331473585,-0.0020924583026867,-0.000495049504950051
19,6,MP_cal,323,172,0.851360362050993,0.594418860378005,0.202927142271366,0.813587709841368,0.854340229869587,0.59776293728645,0.204427678047874,0.817476513168027,-0.00297986781859405,-0.00334407690844518,-0.00150053577650833,-0.00388880332665942
1,6,ME,112,22,0.379349309363493,0.593901078507267,0.201039859572037,0.714646464646465,0.379349309363493,0.576402401085563,0.19279129716684,0.714646464646465,3.33066907387547e-16,0.0174986774217042,0.00824856240519714,-3.33066907387547e-16
2,6,ME,280,21,0.352545471617468,0.556970944989517,0.182745384520073,0.830299687442545,0.352545471617468,0.52291730782217,0.166655053545391,0.830299687442545,-3.88578058618805e-16,0.0340536371673464,0.0160903309746815,-4.44089209850063e-16
3,6,ME,146,39,0.627640986501488,0.623060590380814,0.215273658236837,0.780254013898874,0.627640986501488,0.610935013062588,0.209442921752146,0.780254013898874,-3.33066907387547e-16,0.0121255773182263,0.00583073648469146,-3.33066907387547e-16
4,6,ME,146,25,0.270445997467497,0.568531650235952,0.188788718693431,0.625454545454546,0.270445997467497,0.544038083938858,0.177471926458478,0.625454545454546,4.44089209850063e-16,0.0244935662970939,0.0113167922349531,-5.55111512312578e-16
5,6,ME,228,8,0.14653932334428,0.533156525704489,0.171070944104709,0.817045454545455,0.14653932334428,0.492204016654421,0.151805923534161,0.817045454545455,2.4980018054066e-16,0.0409525090500676,0.0192650205705479,-4.44089209850063e-16
7,6,ME,561,257,0.622320050323158,0.681870108658045,0.24445627326483,0.643124104034405,0.622320050323158,0.681918513715047,0.244466259296513,0.643124104034405,2.22044604925031e-16,-4.84050570019878e-05,-9.98603168253509e-06,1.11022302462516e-16
8,6,ME,320,157,0.546521562334421,0.711492634553565,0.258816128012727,0.558047751162518,0.546521562334421,0.723934665119574,0.264410764209395,0.558047751162518,1.11022302462516e-16,-0.0124420305660096,-0.00559463619666756,0
9,6,ME,288,82,0.534064545668899,0.61602163984714,0.212024225791441,0.727563343594601,0.534064545668899,0.59976278937235,0.204424316111453,0.727563343594601,2.22044604925031e-16,0.0162588504747901,0.00759990967998822,0
10,6,ME,677,358,0.60951279599075,0.705949083579959,0.256354042034541,0.588982679812963,0.60951279599075,0.707898866258615,0.257213405461652,0.588982679812963,4.44089209850063e-16,-0.00194978267865564,-0.000859363427111071,0
11,6,ME,1193,375,0.350259612236911,0.676151267036662,0.241585702066496,0.516050529747351,0.350259612236911,0.673712104555657,0.240397745157377,0.516050529747351,4.44089209850063e-16,0.00243916248100462,0.00118795690911877,2.22044604925031e-16
12,6,ME,303,228,0.715818859221255,0.997808955482988,0.390252274825908,0.417017543859649,0.715818859221255,1.06876699810025,0.417493346648271,0.417017543859649,0,-0.0709580426172624,-0.0272410718223627,1.11022302462516e-16
13,6,ME,175,86,0.63835468867811,0.684030705734034,0.245508325383634,0.644107656127515,0.63835468867811,0.680796975946184,0.243924795215392,0.644107656127515,-4.44089209850063e-16,0.00323372978784964,0.00158353016824173,0
14,6,ME,177,28,0.292554678123871,0.625196836452424,0.216379882664407,0.601629913710451,0.292554678123871,0.618400722438184,0.213233840573084,0.601629913710451,2.22044604925031e-16,0.00679611401423941,0.00314604209132249,-4.44089209850063e-16
15,6,ME,627,384,0.669255585186163,0.787724920534784,0.295225517678023,0.564021776406036,0.669255585186163,0.814288706532725,0.306578091278746,0.564021776406036,4.44089209850063e-16,-0.026563785997941,-0.0113525736007227,-3.33066907387547e-16
16,6,ME,193,90,0.640295909123075,0.674703121126263,0.240895250698567,0.651887810140237,0.640295909123075,0.669980386717813,0.238594030734564,0.651887810140237,1.11022302462516e-16,0.00472273440844973,0.00230121996400268,3.33066907387547e-16
17,6,ME,287,141,0.609694672081817,0.687832059282481,0.247364486442897,0.603711260079666,0.609694672081817,0.686165327851417,0.246511418891886,0.603711260079666,-1.11022302462516e-16,0.00166673143106388,0.000853067551010667,-2.22044604925031e-16
18,6,ME,432,230,0.594957228523913,0.70640486968624,0.256584082404971,0.557942315970728,0.594957228523913,0.70803868332774,0.257369102329719,0.557942315970728,1.11022302462516e-16,-0.00163381364149962,-0.00078501992474761,-4.44089209850063e-16
19,6,ME,323,172,0.681281213672649,0.710055034689395,0.258288373751234,0.623556137378716,0.681281213672649,0.715103785672504,0.26058315021586,0.623556137378716,-5.55111512312578e-16,-0.00504875098310909,-0.00229477646462611,-4.44089209850063e-16
1,6,ME2,112,22,0.379349309363493,0.558972723020608,0.184687300184005,0.714646464646465,0.379349309363493,0.556423573239536,0.183584400153156,0.714646464646465,3.33066907387547e-16,0.00254914978107212,0.00110290003084865,-3.33066907387547e-16
2,6,ME2,280,21,0.352545471617468,0.494866455757606,0.153577894409981,0.830299687442545,0.352545471617468,0.491282732588704,0.152078465671711,0.830299687442545,-3.88578058618805e-16,0.00358372316890249,0.00149942873826972,-4.44089209850063e-16
3,6,ME2,146,39,0.533901611177827,0.642564184838781,0.225028811413964,0.721063982746226,0.592728866204126,0.6184530143501,0.213230670529191,0.758686796069974,-0.0588272550262993,0.0241111704886805,0.0117981408847726,-0.0376228133237483
4,6,ME2,146,25,0.270445997467497,0.568990385965013,0.189199825516529,0.625454545454546,0.270445997467497,0.540584948625043,0.17604778020966,0.625454545454546,4.44089209850063e-16,0.0284054373399701,0.0131520453068693,-5.55111512312578e-16
5,6,ME2,228,8,0.14653932334428,0.579243505618495,0.193684399711915,0.817045454545455,0.14653932334428,0.507117749719337,0.159096491810122,0.817045454545455,2.4980018054066e-16,0.0721257558991577,0.0345879079017927,-4.44089209850063e-16
7,6,ME2,561,257,0.577974617997787,0.67553972594502,0.24133083459285,0.61125332787221,0.608737917037293,0.677741097182295,0.242403290295357,0.639169055908253,-0.0307632990395064,-0.00220137123727471,-0.00107245570250702,-0.0279157280360433
8,6,ME2,320,157,0.544835925191671,0.69988393926221,0.2531754253778,0.556172091751006,0.544987720680913,0.718399054665175,0.26169087372583,0.556484701652925,-0.000151795489242268,-0.0185151154029655,-0.00851544834803048,-0.000312609901918726
9,6,ME2,288,82,0.534064545668899,0.609462943980294,0.208994587814093,0.727563343594601,0.534064545668899,0.593989620109714,0.201820033759654,0.727563343594601,2.22044604925031e-16,0.0154733238705803,0.00717455405443912,0
10,6,ME2,677,358,0.585990770565083,0.683727045881322,0.245375828264375,0.572783313777342,0.598961082098987,0.693238010245069,0.250058725714968,0.582485420570568,-0.0129703115339036,-0.00951096436374699,-0.00468289745059275,-0.00970210679322603
11,6,ME2,1193,375,0.373744069797771,0.65270675526235,0.230871820028242,0.575101874490628,0.366174653072298,0.662804401793566,0.23520602674111,0.549132844335778,0.00756941672547318,-0.0100976465312159,-0.00433420671286811,0.0259690301548495
12,6,ME2,303,228,0.715818859221255,0.856825928842202,0.32845111682107,0.417017543859649,0.715818859221255,1.0527365246882,0.411194576525907,0.417017543859649,0,-0.195910595845997,-0.082743459704837,1.11022302462516e-16
13,6,ME2,175,86,0.63835468867811,0.731636407364806,0.26802082713979,0.644107656127515,0.63835468867811,0.70065417854977,0.253594132859692,0.644107656127515,-4.44089209850063e-16,0.0309822288150364,0.0144266942800982,0
14,6,ME2,177,28,0.292554678123871,0.564061431205552,0.187160848077119,0.601629913710451,0.292554678123871,0.586498528534607,0.198015014246776,0.601629913710451,2.22044604925031e-16,-0.022437097329055,-0.0108541661696571,-4.44089209850063e-16
15,6,ME2,627,384,0.611506450418897,0.827814317548583,0.312294832308392,0.471182698902606,0.643564451934811,0.843331656820639,0.318885310967372,0.516160836762689,-0.0320580015159139,-0.0155173392720557,-0.00659047865898033,-0.0449781378600826
16,6,ME2,193,90,0.640295909123075,0.665614149091544,0.236400923876945,0.651887810140237,0.640295909123075,0.664521088338737,0.235902506765947,0.651887810140237,1.11022302462516e-16,0.00109306075280702,0.000498417110997879,3.33066907387547e-16
17,6,ME2,287,141,0.609694672081817,0.684757864056475,0.245797855716675,0.603711260079666,0.609694672081817,0.68488295033684,0.245820605709397,0.603711260079666,-1.11022302462516e-16,-0.000125086280365339,-2.27499927221986e-05,-2.22044604925031e-16
18,6,ME2,432,230,0.594957228523913,0.840658267706401,0.31541441601481,0.557942315970728,0.594957228523913,0.774006721419936,0.287649119665135,0.557942315970728,1.11022302462516e-16,0.0666515462864646,0.0277652963496746,-4.44089209850063e-16
19,6,ME2,323,172,0.681281213672649,0.717790098284811,0.261762462754635,0.623556137378716,0.681281213672649,0.721568397251319,0.263409554268042,0.623556137378716,-5.55111512312578e-16,-0.0037782989665085,-0.00164709151340747,-4.44089209850063e-16
1,6,ME_P,112,22,0.75180632733149,0.526416906829153,0.17665531692376,0.867171717171717,0.756541260671696,0.508862951014907,0.168929663480133,0.867676767676768,-0.00473493334020603,0.017553955814246,0.00772565344362686,-0.000505050505050897
2,6,ME_P,280,21,0.605005537664738,0.534278467573169,0.179362588255166,0.911380768523626,0.662189103945433,0.491659150396886,0.160622837328073,0.92388306674021,-0.057183566280695,0.042619317176283,0.0187397509270935,-0.0125022982165843
3,6,ME_P,146,39,0.628687454421598,0.600426795027791,0.206987901140686,0.797747423915648,0.637367803369133,0.591494652945118,0.203226191025108,0.806853582554517,-0.00868034894753478,0.00893214208267246,0.00376171011557791,-0.00910615863886877
4,6,ME_P,146,25,0.526924919088693,0.582912246895007,0.201399331006559,0.767933884297521,0.522462982469667,0.546116454535335,0.185514465042654,0.775206611570248,0.00446193661902605,0.0367957923596722,0.0158848659639049,-0.00727272727272732
5,6,ME_P,228,8,0.321546948576351,0.604298704986161,0.21097013602745,0.795454545454545,0.310782340757036,0.555375279516176,0.189584020516142,0.805681818181818,0.010764607819315,0.0489234254699845,0.0213861155113082,-0.0102272727272726
7,6,ME_P,561,257,0.81542302764364,0.543227308527084,0.180615968586398,0.813511161171411,0.822408560812974,0.545021957546932,0.181782846085472,0.824352344869957,-0.00698553316933404,-0.00179464901984827,-0.00116687749907407,-0.010841183698546
8,6,ME_P,320,157,0.819516875901367,0.563017635200193,0.188847476485736,0.79488882810363,0.821638018584694,0.575740355172383,0.194339120457988,0.796569106326443,-0.00212114268332675,-0.0127227199721898,-0.00549164397225191,-0.0016802782228128
9,6,ME_P,288,82,0.635837801439498,0.533534228542449,0.176985600703187,0.778830215486621,0.646098737686954,0.515205835639023,0.16870867908056,0.794873312810798,-0.0102609362474561,0.0183283929034257,0.00827692162262714,-0.0160430973241771
10,6,ME_P,677,358,0.92283369673293,0.475044682077586,0.151432819767584,0.919484772595927,0.926074694130088,0.485354187957101,0.15620999844456,0.922251799443092,-0.00324099739715777,-0.0103095058795154,-0.00477717867697583,-0.00276702684716545
11,6,ME_P,1193,375,0.566890380270905,0.62618525757218,0.217832905537989,0.717660961695192,0.565185572253852,0.617602649693974,0.214256996406054,0.713220863895681,0.00170480801705331,0.00858260787820564,0.00357590913193523,0.0044400977995106
12,6,ME_P,303,228,0.915854963696098,0.92334215371849,0.337161330760977,0.771754385964912,0.914536113686531,0.992882047418664,0.359573026389496,0.767076023391813,0.00131885000956677,-0.0695398937001742,-0.0224116956285187,0.00467836257309928
13,6,ME_P,175,86,0.849216245879602,0.495023856328845,0.160985200980775,0.873268879017507,0.853248456413857,0.486345049964339,0.158073574935433,0.877711000783904,-0.00403221053425551,0.00867880636450547,0.00291162604534154,-0.0044421217663968
14,6,ME_P,177,28,0.6675567280097,0.53354520541007,0.178103691356884,0.915148609779482,0.664776908094356,0.523539779084723,0.174492126200586,0.912032598274209,0.00277981991534393,0.0100054263253474,0.0036115651562981,0.0031160115052733
15,6,ME_P,627,384,0.881065202915021,0.686692078075725,0.244118672389908,0.817268947187929,0.880395830327317,0.714422671215809,0.254759841038867,0.815554269547325,0.000669372587703609,-0.0277305931400838,-0.0106411686489591,0.00171467764060362
16,6,ME_P,193,90,0.781349723380298,0.565921269000922,0.190308716326909,0.78133764832794,0.791053707368294,0.559700332174447,0.187891187690379,0.789859762675297,-0.00970398398799577,0.00622093682647518,0.00241752863653003,-0.00852211434735739
17,6,ME_P,287,141,0.918421061537208,0.4884199814477,0.1566312474306,0.914213543184689,0.915368394369211,0.488718009321256,0.156924670941088,0.911007480812203,0.00305266716799646,-0.000298027873555928,-0.000293423510487556,0.00320606237248566
18,6,ME_P,432,230,0.902303698933561,0.528864894429573,0.175301682831075,0.88751614291864,0.901664370465652,0.530053269908332,0.175932241519331,0.887171760654326,0.000639328467909262,-0.00118837547875883,-0.000630558688256372,0.000344382264313659
19,6,ME_P,323,172,0.855527244930916,0.592499114385545,0.202231399541554,0.81772678268905,0.862206266999923,0.593684127782039,0.202973256543068,0.825773910365009,-0.00667902206900706,-0.00118501339649413,-0.000741857001514162,-0.00804712767595928
1,6,ME2P,112,22,0.761094781093052,0.487919845341268,0.160336644472397,0.866666666666667,0.752996257301478,0.49158537338009,0.161519377395368,0.865151515151515,0.00809852379157416,-0.00366552803882203,-0.00118273292297091,0.00151515151515169
2,6,ME2P,280,21,0.653466331168349,0.468775014924814,0.151281357810351,0.923147637433352,0.666659952205726,0.46765464740917,0.150249726393829,0.927376355947785,-0.0131936210373768,0.00112036751564432,0.00103163141652185,-0.00422871851443329
3,6,ME2P,146,39,0.612408176659745,0.631823066960924,0.218529851568038,0.793913251857177,0.622881023257221,0.602599537877383,0.207323076786502,0.807093218308172,-0.0104728465974765,0.0292235290835413,0.0112067747815358,-0.013179966450995
4,6,ME2P,146,25,0.515665928377753,0.584244439272396,0.201448254716053,0.772231404958678,0.532762714618409,0.542275066862308,0.18365210426285,0.778512396694215,-0.0170967862406564,0.0419693724100879,0.0177961504532031,-0.00628099173553731
5,6,ME2P,228,8,0.357464839082486,0.66004787306888,0.233432423986726,0.809659090909091,0.290435885707201,0.570063811692634,0.195424565406249,0.810795454545455,0.0670289533752851,0.0899840613762463,0.0380078585804765,-0.00113636363636405
7,6,ME2P,561,257,0.817668385877916,0.535258287323913,0.177437021618182,0.817223018636084,0.824259837328525,0.541655543754828,0.180382128693697,0.826323469178784,-0.0065914514506088,-0.00639725643091549,-0.00294510707551515,-0.00910045054269959
8,6,ME2P,320,157,0.82291987987881,0.552174486431736,0.185199747404233,0.797702317220898,0.821353721207088,0.571504422505245,0.192837781899433,0.796061115235825,0.00156615867172183,-0.019329936073509,-0.00763803449519965,0.001641201985073
9,6,ME2P,288,82,0.644649304940785,0.527440909509325,0.174569977925929,0.790433341226616,0.653635153532495,0.510822465365798,0.166902240823523,0.801326071513142,-0.00898584859170992,0.0166184441435272,0.0076677371024059,-0.0108927302865258
10,6,ME2P,677,358,0.915936558243599,0.453884317855845,0.140958796346871,0.913171398049071,0.92328863847133,0.477140656414924,0.151993094009755,0.919633631635173,-0.00735208022773093,-0.0232563385590792,-0.0110342976628841,-0.00646223358610198
11,6,ME2P,1193,375,0.575105872330377,0.60387442983607,0.20801390753633,0.733374083129584,0.570714994827432,0.610782485739556,0.211265459447364,0.718531377343113,0.00439087750294531,-0.00690805590348631,-0.00325155191103416,0.0148427057864713
12,6,ME2P,303,228,0.914878223403466,0.797946098575836,0.289387769546084,0.769239766081871,0.915223843255688,1.062026365068,0.382799756600106,0.769239766081871,-0.000345619852221479,-0.264080266492164,-0.093411987054022,4.44089209850063e-16
13,6,ME2P,175,86,0.855732304529767,0.547861156659269,0.188706177570141,0.879540109746538,0.857165593406358,0.500973035768053,0.16608553577356,0.880324013587667,-0.00143328887659078,0.0468881208912159,0.0226206417965809,-0.000783903841129252
14,6,ME2P,177,28,0.657018234714079,0.466117138663982,0.149382453655876,0.910354745925216,0.667655037442792,0.503947727278529,0.166110172343629,0.910834132310642,-0.0106368027287134,-0.0378305886145472,-0.016727718687753,-0.000479386385426328
15,6,ME2P,627,384,0.850121601822982,0.739145209118478,0.262728703303767,0.768904320987654,0.870565831044925,0.742242873269687,0.264927354342677,0.799479166666667,-0.0204442292219432,-0.00309766415120871,-0.00219865103890998,-0.0305748456790127
16,6,ME2P,193,90,0.787458927134176,0.552958814335279,0.185539690463584,0.793635382955771,0.795718420039373,0.553979561609776,0.185803897229932,0.795145631067961,-0.00825949290519712,-0.00102074727449675,-0.000264206766347558,-0.00151024811218969
17,6,ME2P,287,141,0.919740681014172,0.485427855230205,0.155697284930482,0.91338773924026,0.916270872718946,0.488885357210821,0.157109386395513,0.911007480812203,0.00346980829522636,-0.00345750198061567,-0.00141210146503057,0.00238025842805745
18,6,ME2P,432,230,0.898957180832763,0.711467087560202,0.25612899539813,0.885148514851485,0.898899356641353,0.600100011216948,0.20927654936294,0.884718037021093,5.78241914099831e-05,0.111367076343254,0.0468524460351901,0.000430477830392184
19,6,ME2P,323,172,0.861073733502801,0.605358317783835,0.207906434781141,0.825850916371477,0.863714427276751,0.600109836163424,0.205949044567452,0.829085168643154,-0.00264069377394982,0.00524848162041147,0.00195739021368851,-0.00323425227167695
1,7,M0,112,22,0.196428571428571,0.590554402059652,0.19932596218764,0.5,0.196428571428571,0.59476012459852,0.201348944547837,0.5,4.16333634234434e-16,-0.00420572253886797,-0.0020229823601973,0
2,7,M0,280,21,0.075,0.557226486227326,0.182711650048361,0.5,0.075,0.562856131045747,0.185442551013687,0.5,0,-0.00562964481842065,-0.00273090096532627,0
3,7,M0,146,39,0.267123287671233,0.618878407180434,0.213301614477966,0.5,0.267123287671233,0.621673150969817,0.214645337188004,0.5,-1.11022302462516e-16,-0.00279474378938349,-0.00134372271003819,0
4,7,M0,146,25,0.171232876712329,0.58202878145278,0.195098846684859,0.5,0.171232876712329,0.586656681377199,0.19732792739409,0.5,-2.4980018054066e-16,-0.00462789992441859,-0.00222908070923109,0
5,7,M0,228,8,0.0350877192982456,0.54078092645535,0.174598425691768,0.5,0.0350877192982456,0.547196568051153,0.177707554500243,0.5,1.38777878078145e-17,-0.0064156415958031,-0.00310912880847544,0
6,7,M0,276,5,0.0181159420289855,0.540868631052112,0.174579236807406,0.5,0.0181159420289855,0.547122442672379,0.17761786620828,0.5,6.93889390390723e-18,-0.00625381162026661,-0.0030386294008741,0
8,7,M0,320,157,0.490625,0.713226544882594,0.259784068021664,0.5,0.490625,0.710869082160444,0.258658173147009,0.5,0,0.00235746272214998,0.00112589487465536,0
9,7,M0,288,82,0.284722222222222,0.627173384116157,0.217378140285071,0.5,0.284722222222222,0.629600156384745,0.21854708861997,0.5,2.22044604925031e-16,-0.00242677226858756,-0.00116894833489925,0
10,7,M0,677,358,0.528803545051699,0.736828088454536,0.271273950893585,0.5,0.528803545051699,0.732404609655295,0.269181907043285,0.5,-3.33066907387547e-16,0.00442347879924088,0.00209204385029954,0
11,7,M0,1193,375,0.314333612740989,0.644494619782547,0.225870567656755,0.5,0.314333612740989,0.646309322118626,0.226753611420743,0.5,1.11022302462516e-16,-0.00181470233607939,-0.000883043763987623,0
12,7,M0,303,228,0.752475247524752,0.849484893219272,0.326442110032536,0.5,0.752475247524752,0.838524762619821,0.321269775463568,0.5,4.44089209850063e-16,0.0109601305994509,0.00517233456896799,0
13,7,M0,175,86,0.491428571428572,0.71259603451025,0.259488781143245,0.5,0.491428571428572,0.710409150802034,0.258442324719295,0.5,-5.55111512312578e-16,0.0021868837082164,0.00104645642395013,0
14,7,M0,177,28,0.15819209039548,0.578442327292988,0.193308937873695,0.5,0.15819209039548,0.583238574015162,0.195621871820536,0.5,2.4980018054066e-16,-0.00479624672217371,-0.00231293394684085,0
15,7,M0,627,384,0.61244019138756,0.785886041791004,0.295154149250004,0.5,0.61244019138756,0.777929016289496,0.291420610714475,0.5,-2.22044604925031e-16,0.00795702550150845,0.00373353853552921,0
16,7,M0,193,90,0.466321243523316,0.701592668930001,0.254073429766292,0.5,0.466321243523316,0.700004150686475,0.253312977329909,0.5,5.55111512312578e-17,0.00158851824352546,0.000760452436382508,0
17,7,M0,287,141,0.491289198606272,0.713300782984731,0.259824004554688,0.5,0.491289198606272,0.710970454130806,0.258710588767755,0.5,-2.22044604925031e-16,0.00233032885392492,0.00111341578693264,0
18,7,M0,432,230,0.532407407407407,0.734761703516899,0.270328206587404,0.5,0.532407407407407,0.730916804952054,0.268499911381838,0.5,4.44089209850063e-16,0.00384489856484493,0.00182829520556582,0
19,7,M0,323,172,0.532507739938081,0.73315060424282,0.269564175283357,0.5,0.532507739938081,0.729584045754148,0.267864262533819,0.5,-4.44089209850063e-16,0.00356655848867182,0.00169991274953807,0
1,7,MP,112,22,0.757365764457847,0.512053037031841,0.169669286407265,0.863383838383838,0.760214831257374,0.526578558308318,0.179012648370709,0.869444444444445,-0.00284906679952668,-0.0145255212764767,-0.00934336196344424,-0.00606060606060666
2,7,MP,280,21,0.616329759266341,0.531063347375376,0.180197387935089,0.902463688177974,0.618967467720808,0.530761573324404,0.180152846459861,0.909450266593124,-0.00263770845446687,0.000301774050972314,4.45414752276441e-05,-0.00698657841515016
3,7,MP,146,39,0.631034634969835,0.592441099201099,0.203785926223235,0.787562904385334,0.634921249570518,0.60885899698863,0.209979844859851,0.790678169182842,-0.00388661460068285,-0.0164178977875307,-0.0061939186366157,-0.00311526479750768
4,7,MP,146,25,0.501172122073942,0.577763734407376,0.199616198949759,0.76,0.507072153692925,0.590105149151892,0.204734924557639,0.768595041322314,-0.00590003161898345,-0.012341414744516,-0.00511872560788035,-0.00859504132231404
5,7,MP,228,8,0.300270446880859,0.606234483916022,0.212118360119706,0.799147727272727,0.292081554191196,0.614748611284955,0.215313284783294,0.790056818181818,0.00818889268966272,-0.0085141273689332,-0.00319492466358789,0.00909090909090926
6,7,MP,276,5,0.0413677819090256,0.636551974771886,0.218182243742506,0.687822878228782,0.0445351791264003,0.645505496730541,0.221390882791666,0.721033210332103,-0.00316739721737466,-0.00895352195865473,-0.00320863904915977,-0.0332103321033207
8,7,MP,320,157,0.815433861846613,0.584183832640362,0.194184980843423,0.785471454808331,0.816005108355322,0.567939233434807,0.188962877424044,0.791430581063655,-0.0005712465087091,0.0162445992055554,0.00522210341937904,-0.00595912625532402
9,7,MP,288,82,0.608705503760236,0.558936460080018,0.185626831621051,0.750591996211224,0.630780549548471,0.542515776736445,0.179919264453227,0.775455837082643,-0.0220750457882347,0.0164206833435727,0.00570756716782392,-0.0248638408714187
10,7,MP,677,358,0.922926329042335,0.467415635028563,0.15026995282914,0.919821894537749,0.921148186153207,0.457852184983101,0.145889675587365,0.918928740302271,0.00177814288912748,0.00956345004546166,0.00438027724177498,0.000893154235477867
11,7,MP,1193,375,0.552011288839323,0.606674203927551,0.209597763341271,0.721714751426243,0.556786508886677,0.612091531791435,0.211281295622712,0.721066014669927,-0.00477522004735376,-0.00541732786388383,-0.00168353228144058,0.000648736756315826
12,7,MP,303,228,0.92166316845797,0.824755246604083,0.29031697931402,0.795233918128655,0.921265319834541,0.827472610090691,0.289478325240095,0.791023391812866,0.000397848623429398,-0.00271736348660756,0.000838654073924527,0.004210526315789
13,7,MP,175,86,0.839394781266958,0.483877869334189,0.159372209861152,0.863404755683303,0.842616443006938,0.474984934236286,0.155333547580898,0.868630781290828,-0.0032216617399804,0.00889293509790257,0.00403866228025443,-0.00522602560752516
14,7,MP,177,28,0.66014657646273,0.526868698763328,0.178026224802409,0.906879194630872,0.675545566033652,0.533620992501976,0.180645434912642,0.919103547459252,-0.0153989895709222,-0.00675229373864794,-0.00261921011023322,-0.0122243528283795
15,7,MP,627,384,0.873947484380609,0.672513914127553,0.235129918477972,0.816068672839506,0.875118076715491,0.668298079394011,0.232117472868872,0.815725737311385,-0.00117059233488215,0.00421583473354192,0.00301244560909994,0.000342935528121147
16,7,MP,193,90,0.781552459786132,0.587953803205677,0.194503881417152,0.775620280474649,0.778268195285482,0.579335039004122,0.192355742983181,0.775728155339806,0.00328426450064956,0.00861876420155483,0.00214813843397063,-0.000107874865156621
17,7,MP,287,141,0.911679403757187,0.470725159994115,0.151549207718878,0.914213543184689,0.91014612933295,0.466104700375446,0.149272002347979,0.909963081706014,0.00153327442423734,0.00462045961866864,0.00227720537089851,0.00425046147867458
18,7,MP,432,230,0.910278681569526,0.504669804218445,0.166304658560395,0.897051226861817,0.901948090038083,0.5031924618743,0.165606420245448,0.888570813603099,0.00833059153144333,0.00147734234414509,0.000698238314946503,0.00848041325871762
19,7,MP,323,172,0.845178182708746,0.595407581739375,0.201443412006121,0.8093523794856,0.854340229869587,0.583236574485018,0.196421938838919,0.817476513168027,-0.00916204716084057,0.0121710072543572,0.00502147316720172,-0.00812413368242715
1,7,MP_cal,112,22,0.757365764457847,0.488689678525253,0.159052121892447,0.863383838383838,0.760214831257374,0.513108551569847,0.170773989649966,0.869444444444445,-0.00284906679952668,-0.0244188730445941,-0.0117218677575187,-0.00606060606060666
2,7,MP_cal,280,21,0.616329759266341,0.506228323396447,0.166800808730415,0.902463688177974,0.618967467720808,0.511680905613815,0.169587350867771,0.909450266593124,-0.00263770845446687,-0.00545258221736777,-0.00278654213735566,-0.00698657841515016
3,7,MP_cal,146,39,0.631034634969835,0.567353718354718,0.193352299182329,0.787562904385334,0.634921249570518,0.58711678440151,0.201776274601967,0.790678169182842,-0.00388661460068285,-0.0197630660467925,-0.00842397541963771,-0.00311526479750768
4,7,MP_cal,146,25,0.501172122073942,0.551386373554058,0.187671424464719,0.76,0.507072153692925,0.570252950753273,0.19617228859426,0.768595041322314,-0.00590003161898345,-0.0188665771992146,-0.00850086412954129,-0.00859504132231404
5,7,MP_cal,228,8,0.300270446880859,0.563748707867635,0.193306397362485,0.799147727272727,0.292081554191196,0.582861580946596,0.201778057726393,0.790056818181818,0.00818889268966272,-0.0191128730789606,-0.00847166036390834,0.00909090909090926
6,7,MP_cal,276,5,0.0413677819090256,0.576223693366456,0.197441670932403,0.687822878228782,0.0445351791264003,0.597036273300108,0.206477625348077,0.721033210332103,-0.00316739721737466,-0.0208125799336525,-0.00903595441567384,-0.0332103321033207
8,7,MP_cal,320,157,0.815433861846613,0.581947632299974,0.196199409615649,0.785471454808331,0.816005108355322,0.568814984527702,0.191254512960473,0.791430581063655,-0.0005712465087091,0.013132647772272,0.00494489665517589,-0.00595912625532402
9,7,MP_cal,288,82,0.608705503760236,0.539842687505924,0.179108017671027,0.750591996211224,0.630780549548471,0.530644716146234,0.175303372839258,0.775455837082643,-0.0220750457882347,0.00919797135968969,0.00380464483176901,-0.0248638408714187
10,7,MP_cal,677,358,0.922926329042335,0.499534345786782,0.163282451639782,0.919821894537749,0.921148186153207,0.492782856236411,0.159491018648133,0.918928740302271,0.00177814288912748,0.00675148955037108,0.00379143299164894,0.000893154235477867
11,7,MP_cal,1193,375,0.552011288839323,0.593463190076462,0.204757010857144,0.721714751426243,0.556786508886677,0.597096532017347,0.206054193610353,0.721066014669927,-0.00477522004735376,-0.00363334194088494,-0.001297182753209,0.000648736756315826
12,7,MP_cal,303,228,0.92166316845797,0.844229751647493,0.309210459115123,0.795233918128655,0.921265319834541,0.841754791973352,0.304909991105865,0.791023391812866,0.000397848623429398,0.00247495967414091,0.00430046800925832,0.004210526315789
13,7,MP_cal,175,86,0.839394781266958,0.518055219766187,0.171877322281041,0.863404755683303,0.842616443006938,0.497069748390844,0.163249890341954,0.868630781290828,-0.0032216617399804,0.020985471375343,0.0086274319390873,-0.00522602560752516
14,7,MP_cal,177,28,0.66014657646273,0.493491151691342,0.160571554673881,0.906879194630872,0.675545566033652,0.502499111494608,0.165933775225944,0.919103547459252,-0.0153989895709222,-0.0090079598032663,-0.00536222055206334,-0.0122243528283795
15,7,MP_cal,627,384,0.873947484380609,0.710042485469348,0.254668315267761,0.816068672839506,0.875118076715491,0.692868315326095,0.245717115929365,0.815725737311385,-0.00117059233488215,0.0171741701432526,0.00895119933839642,0.000342935528121147
16,7,MP_cal,193,90,0.781552459786132,0.582620835039909,0.196531183130025,0.775620280474649,0.778268195285482,0.572848608732251,0.192610539287929,0.775728155339806,0.00328426450064956,0.00977222630765806,0.00392064384209551,-0.000107874865156621
17,7,MP_cal,287,141,0.911679403757187,0.511983147816826,0.168489611580291,0.914213543184689,0.91014612933295,0.495486239147011,0.16045109145637,0.909963081706014,0.00153327442423734,0.0164969086698147,0.00803852012392081,0.00425046147867458
18,7,MP_cal,432,230,0.910278681569526,0.55047593668113,0.185764739238337,0.897051226861817,0.901948090038083,0.536129899104109,0.178809491974435,0.888570813603099,0.00833059153144333,0.0143460375770212,0.00695524726390243,0.00848041325871762
19,7,MP_cal,323,172,0.845178182708746,0.61867960248844,0.213500546499607,0.8093523794856,0.854340229869587,0.59776293728645,0.204427678047874,0.817476513168027,-0.00916204716084057,0.0209166652019896,0.00907286845173289,-0.00812413368242715
1,7,ME,112,22,0.379349309363493,0.572717570267801,0.19102313265878,0.714646464646465,0.379349309363493,0.576402401085563,0.19279129716684,0.714646464646465,3.33066907387547e-16,-0.00368483081776172,-0.00176816450806047,-3.33066907387547e-16
2,7,ME,280,21,0.352545471617468,0.519697351036083,0.165069683732598,0.830299687442545,0.352545471617468,0.52291730782217,0.166655053545391,0.830299687442545,-3.88578058618805e-16,-0.00321995678608744,-0.00158536981279336,-4.44089209850063e-16
3,7,ME,146,39,0.627640986501488,0.607272992222967,0.207665422817114,0.780254013898874,0.627640986501488,0.610935013062588,0.209442921752146,0.780254013898874,-3.33066907387547e-16,-0.00366202083962131,-0.00177749893503207,-3.33066907387547e-16
4,7,ME,146,25,0.270445997467497,0.542183650476451,0.176580871053287,0.625454545454546,0.270445997467497,0.544038083938858,0.177471926458478,0.625454545454546,4.44089209850063e-16,-0.00185443346240666,-0.000891055405190716,-5.55111512312578e-16
5,7,ME,228,8,0.14653932334428,0.489599161118187,0.15052174831576,0.817045454545455,0.14653932334428,0.492204016654421,0.151805923534161,0.817045454545455,2.4980018054066e-16,-0.00260485553623419,-0.0012841752184006,-4.44089209850063e-16
6,7,ME,276,5,0.0694705677464298,0.463573574111849,0.138161639745943,0.677490774907749,0.0694705677464298,0.461096203356855,0.137101733540443,0.677490774907749,1.38777878078145e-17,0.00247737075499371,0.00105990620550026,1.11022302462516e-16
8,7,ME,320,157,0.546521562334421,0.726433620647815,0.265593683000945,0.558047751162518,0.546521562334421,0.723934665119574,0.264410764209395,0.558047751162518,1.11022302462516e-16,0.00249895552824098,0.00118291879154953,0
9,7,ME,288,82,0.534064545668899,0.599068941072563,0.204100343924411,0.727563343594601,0.534064545668899,0.59976278937235,0.204424316111453,0.727563343594601,2.22044604925031e-16,-0.000693848299786692,-0.000323972187042221,0
10,7,ME,677,358,0.60951279599075,0.713519505464241,0.259952096808933,0.588982679812963,0.60951279599075,0.707898866258615,0.257213405461652,0.588982679812963,4.44089209850063e-16,0.00562063920562628,0.00273869134728061,0
11,7,ME,1193,375,0.350259612236911,0.668680203514705,0.237909197217501,0.516050529747351,0.350259612236911,0.673712104555657,0.240397745157377,0.516050529747351,4.44089209850063e-16,-0.00503190104095219,-0.00248854793987585,2.22044604925031e-16
12,7,ME,303,228,0.715818859221255,1.08131372167786,0.422421619936081,0.417017543859649,0.715818859221255,1.06876699810025,0.417493346648271,0.417017543859649,0,0.0125467235776127,0.00492827328781043,1.11022302462516e-16
13,7,ME,175,86,0.63835468867811,0.683988150200038,0.245515151208132,0.644107656127515,0.63835468867811,0.680796975946184,0.243924795215392,0.644107656127515,-4.44089209850063e-16,0.0031911742538544,0.00159035599273991,0
14,7,ME,177,28,0.292554678123871,0.609406324031078,0.208796852647872,0.601629913710451,0.292554678123871,0.618400722438184,0.213233840573084,0.601629913710451,2.22044604925031e-16,-0.0089943984071057,-0.00443698792521236,-4.44089209850063e-16
15,7,ME,627,384,0.669255585186163,0.82319611382365,0.31058564960122,0.564021776406036,0.669255585186163,0.814288706532725,0.306578091278746,0.564021776406036,4.44089209850063e-16,0.00890740729092465,0.00400755832247396,-3.33066907387547e-16
16,7,ME,193,90,0.640295909123075,0.672671822603186,0.239940051978757,0.651887810140237,0.640295909123075,0.669980386717813,0.238594030734564,0.651887810140237,1.11022302462516e-16,0.00269143588537257,0.00134602124419284,3.33066907387547e-16
17,7,ME,287,141,0.609694672081817,0.689161024232387,0.247996989470557,0.603711260079666,0.609694672081817,0.686165327851417,0.246511418891886,0.603711260079666,-1.11022302462516e-16,0.00299569638097019,0.00148557057867108,-2.22044604925031e-16
18,7,ME,432,230,0.594957228523913,0.712687182570805,0.259637100883586,0.557942315970728,0.594957228523913,0.70803868332774,0.257369102329719,0.557942315970728,1.11022302462516e-16,0.00464849924306443,0.00226799855386739,-4.44089209850063e-16
19,7,ME,323,172,0.681281213672649,0.71985138006751,0.262902468946574,0.623556137378716,0.681281213672649,0.715103785672504,0.26058315021586,0.623556137378716,-5.55111512312578e-16,0.00474759439500616,0.00231931873071378,-4.44089209850063e-16
1,7,ME2,112,22,0.379349309363493,0.55394069492255,0.182405276767781,0.714646464646465,0.379349309363493,0.556423573239536,0.183584400153156,0.714646464646465,3.33066907387547e-16,-0.00248287831698635,-0.00117912338537485,-3.33066907387547e-16
2,7,ME2,280,21,0.352545471617468,0.490005919265039,0.151401749825679,0.830299687442545,0.352545471617468,0.491282732588704,0.152078465671711,0.830299687442545,-3.88578058618805e-16,-0.00127681332366547,-0.000676715846031628,-4.44089209850063e-16
3,7,ME2,146,39,0.59226360565822,0.614056822973702,0.21105747229234,0.758447160316319,0.592728866204126,0.6184530143501,0.213230670529191,0.758686796069974,-0.000465260545906232,-0.0043961913763978,-0.00217319823685078,-0.000239635753654821
4,7,ME2,146,25,0.270445997467497,0.53869044134566,0.175133366494756,0.625454545454546,0.270445997467497,0.540584948625043,0.17604778020966,0.625454545454546,4.44089209850063e-16,-0.00189450727938312,-0.000914413714903556,-5.55111512312578e-16
5,7,ME2,228,8,0.14653932334428,0.503777385729227,0.15744181176446,0.817045454545455,0.14653932334428,0.507117749719337,0.159096491810122,0.817045454545455,2.4980018054066e-16,-0.00334036399010995,-0.00165468004566249,-4.44089209850063e-16
6,7,ME2,276,5,0.0694705677464298,0.705090530165921,0.255868533543785,0.677490774907749,0.0694705677464298,0.703641510717045,0.255132505284508,0.677490774907749,1.38777878078145e-17,0.00144901944887643,0.0007360282592771,1.11022302462516e-16
8,7,ME2,320,157,0.544988528614401,0.720713934915938,0.262794478325762,0.556484701652925,0.544987720680913,0.718399054665175,0.26169087372583,0.556484701652925,8.07933487778634e-07,0.00231488025076343,0.00110360459993153,-1.11022302462516e-16
9,7,ME2,288,82,0.534064545668899,0.59326297905126,0.201468749117057,0.727563343594601,0.534064545668899,0.593989620109714,0.201820033759654,0.727563343594601,2.22044604925031e-16,-0.000726641058453992,-0.00035128464259751,0
10,7,ME2,677,358,0.59955332687154,0.69792710838649,0.252351057287038,0.582756869406841,0.598961082098987,0.693238010245069,0.250058725714968,0.582485420570568,0.000592244772553263,0.00468909814142093,0.00229233157206959,0.000271448836272503
11,7,ME2,1193,375,0.366184422919832,0.658837827269625,0.23323863378039,0.548712306438468,0.366174653072298,0.662804401793566,0.23520602674111,0.549132844335778,9.76984753431331e-06,-0.00396657452394089,-0.00196739296072043,-0.000420537897310225
12,7,ME2,303,228,0.715818859221255,1.07836000000436,0.421279516246728,0.417017543859649,0.715818859221255,1.0527365246882,0.411194576525907,0.417017543859649,0,0.0256234753161557,0.010084939720821,1.11022302462516e-16
13,7,ME2,175,86,0.63835468867811,0.704710587161012,0.255549748027654,0.644107656127515,0.63835468867811,0.70065417854977,0.253594132859692,0.644107656127515,-4.44089209850063e-16,0.00405640861124157,0.00195561516796205,0
14,7,ME2,177,28,0.292554678123871,0.580039173135553,0.19484277106437,0.601629913710451,0.292554678123871,0.586498528534607,0.198015014246776,0.601629913710451,2.22044604925031e-16,-0.00645935539905429,-0.00317224318240583,-4.44089209850063e-16
15,7,ME2,627,384,0.643313474996346,0.852504488203082,0.322847781960678,0.515646433470508,0.643564451934811,0.843331656820639,0.318885310967372,0.516160836762689,-0.000250976938464986,0.00917283138244329,0.00396247099330638,-0.000514403292181442
16,7,ME2,193,90,0.640295909123075,0.666698515037473,0.236984979392923,0.651887810140237,0.640295909123075,0.664521088338737,0.235902506765947,0.651887810140237,1.11022302462516e-16,0.00217742669873555,0.00108247262697622,3.33066907387547e-16
17,7,ME2,287,141,0.609694672081817,0.687550127557996,0.247138810323491,0.603711260079666,0.609694672081817,0.68488295033684,0.245820605709397,0.603711260079666,-1.11022302462516e-16,0.00266717722115617,0.00131820461409421,-2.22044604925031e-16
18,7,ME2,432,230,0.594957228523913,0.78166251159336,0.291035815993171,0.557942315970728,0.594957228523913,0.774006721419936,0.287649119665135,0.557942315970728,1.11022302462516e-16,0.00765579017342444,0.00338669632803623,-4.44089209850063e-16
19,7,ME2,323,172,0.681281213672649,0.726045777055147,0.265586350282685,0.623556137378716,0.681281213672649,0.721568397251319,0.263409554268042,0.623556137378716,-5.55111512312578e-16,0.00447737980382812,0.0021767960146431,-4.44089209850063e-16
1,7,ME_P,112,22,0.755846315879575,0.484935533447162,0.157417604510582,0.863131313131313,0.756541260671696,0.508862951014907,0.168929663480133,0.867676767676768,-0.000694944792120733,-0.023927417567745,-0.0115120589695505,-0.00454545454545496
2,7,ME_P,280,21,0.657191194509894,0.48900658433418,0.158984863175544,0.915793344364773,0.662189103945433,0.491659150396886,0.160622837328073,0.92388306674021,-0.00499790943553857,-0.00265256606270597,-0.00163797415252934,-0.00808972237543715
3,7,ME_P,146,39,0.635323151134017,0.56875139628892,0.193666927281821,0.804457225017973,0.637367803369133,0.591494652945118,0.203226191025108,0.806853582554517,-0.00204465223511596,-0.022743256656198,-0.00955926374328656,-0.00239635753654432
4,7,ME_P,146,25,0.51566428606577,0.530755540983118,0.178420099755639,0.762644628099174,0.522462982469667,0.546116454535335,0.185514465042654,0.775206611570248,-0.00679869640389663,-0.015360913552217,-0.00709436528701535,-0.0125619834710744
5,7,ME_P,228,8,0.305687551437364,0.539766262458361,0.182496729063979,0.805681818181818,0.310782340757036,0.555375279516176,0.189584020516142,0.805681818181818,-0.00509478931967189,-0.0156090170578149,-0.00708729145216278,1.11022302462516e-16
6,7,ME_P,276,5,0.0438845358765334,0.55574249529446,0.188804394060719,0.690036900369004,0.0486234180549762,0.568377411539884,0.194662216158458,0.719557195571956,-0.00473888217844277,-0.0126349162454242,-0.00585782209773877,-0.0295202952029523
8,7,ME_P,320,157,0.820122459022857,0.588656379549764,0.198935014940031,0.788792935016217,0.821638018584694,0.575740355172383,0.194339120457988,0.796569106326443,-0.00151555956183713,0.0129160243773806,0.00459589448204295,-0.00777617131022634
9,7,ME_P,288,82,0.626738487912276,0.526907773940017,0.173646176161413,0.768588681032441,0.646098737686954,0.515205835639023,0.16870867908056,0.794873312810798,-0.0193602497746782,0.0117019383009941,0.00493749708085342,-0.0262846317783566
10,7,ME_P,677,358,0.927735429580492,0.493499783032529,0.160577008891929,0.923477697413355,0.926074694130088,0.485354187957101,0.15620999844456,0.922251799443092,0.00166073545040346,0.00814559507542839,0.00436701044736851,0.00122589797026329
11,7,ME_P,1193,375,0.560415424862261,0.612505647161725,0.212347590807201,0.713680521597392,0.565185572253852,0.617602649693974,0.214256996406054,0.713220863895681,-0.00477014739159098,-0.00509700253224865,-0.00190940559885255,0.00045965770171108
12,7,ME_P,303,228,0.913214350032921,1.01054018967255,0.370891913010549,0.765672514619883,0.914536113686531,0.992882047418664,0.359573026389496,0.767076023391813,-0.00132176365361003,0.017658142253887,0.0113188866210533,-0.00140350877192996
13,7,ME_P,175,86,0.849495702125697,0.505819412201441,0.16596062636019,0.87379148157826,0.853248456413857,0.486345049964339,0.158073574935433,0.877711000783904,-0.00375275428816046,0.019474362237102,0.00788705142475721,-0.00391951920564426
14,7,ME_P,177,28,0.653518035326468,0.51433563129419,0.169248038875921,0.899328859060403,0.664776908094356,0.523539779084723,0.174492126200586,0.912032598274209,-0.0112588727678877,-0.00920414779053302,-0.00524408732466469,-0.0127037392138063
15,7,ME_P,627,384,0.881952161822455,0.736743538995388,0.265726769208478,0.815865054869685,0.880395830327317,0.714422671215809,0.254759841038867,0.815554269547325,0.00155633149513756,0.0223208677795789,0.0109669281696106,0.000310785322359508
16,7,ME_P,193,90,0.793092535019818,0.565869900148329,0.190499623979224,0.791477885652643,0.791053707368294,0.559700332174447,0.187891187690379,0.789859762675297,0.0020388276515243,0.00616956797388202,0.0026084362888448,0.00161812297734598
17,7,ME_P,287,141,0.915904032112079,0.502259952215886,0.163459828050021,0.914505003400369,0.915368394369211,0.488718009321256,0.156924670941088,0.911007480812203,0.000535637742868356,0.0135419428946298,0.00653515710893329,0.00349752258816627
18,7,ME_P,432,230,0.910317959121358,0.541589977800398,0.181489623449362,0.895566078346965,0.901664370465652,0.530053269908332,0.175932241519331,0.887171760654326,0.0086535886557062,0.0115367078920662,0.00555738193003125,0.0083943176926391
19,7,ME_P,323,172,0.852213743774945,0.613899113967985,0.211888713174148,0.815763129524103,0.862206266999923,0.593684127782039,0.202973256543068,0.825773910365009,-0.00999252322497823,0.0202149861859463,0.00891545663108004,-0.0100107808409061
1,7,ME2P,112,22,0.753775085048377,0.468848732094163,0.150551098124838,0.863131313131313,0.752996257301478,0.49158537338009,0.161519377395368,0.865151515151515,0.00077882774689908,-0.0227366412859266,-0.0109682792705302,-0.00202020202020192
2,7,ME2P,280,21,0.659456335615472,0.465476975132157,0.148674874026785,0.919654348225777,0.666659952205726,0.46765464740917,0.150249726393829,0.927376355947785,-0.00720361659025426,-0.00217767227701332,-0.00157485236704388,-0.00772200772200815
3,7,ME2P,146,39,0.619209984394344,0.577688132665666,0.197011680340354,0.804696860771627,0.622881023257221,0.602599537877383,0.207323076786502,0.807093218308172,-0.00367103886287667,-0.0249114052117173,-0.0103113964461484,-0.00239635753654488
4,7,ME2P,146,25,0.525569410977067,0.527043104706265,0.176609710194299,0.765619834710744,0.532762714618409,0.542275066862308,0.18365210426285,0.778512396694215,-0.00719330364134241,-0.0152319621560434,-0.00704239406855098,-0.0128925619834712
5,7,ME2P,228,8,0.317305831423478,0.553211986723432,0.187965847951987,0.814204545454546,0.290435885707201,0.570063811692634,0.195424565406249,0.810795454545455,0.0268699457162774,-0.0168518249692017,-0.00745871745426227,0.00340909090909047
6,7,ME2P,276,5,0.0491610616850945,0.817539829200391,0.294643038146883,0.697416974169742,0.0513741718257847,0.837213590922828,0.300048782287087,0.718819188191882,-0.00221311014069021,-0.0196737617224372,-0.00540574414020373,-0.0214022140221403
8,7,ME2P,320,157,0.819126953223464,0.583429964349046,0.19710081876734,0.787464342933062,0.821353721207088,0.571504422505245,0.192837781899433,0.796061115235825,-0.00222676798362398,0.0119255418438006,0.00426303686790747,-0.00859677230276257
9,7,ME2P,288,82,0.631252981831588,0.521594461633747,0.171499992892774,0.776284631778357,0.653635153532495,0.510822465365798,0.166902240823523,0.801326071513142,-0.0223821717009066,0.0107719962679492,0.00459775206925075,-0.0250414397347853
10,7,ME2P,677,358,0.925008608403425,0.483247525257099,0.15533404162901,0.921069683543195,0.92328863847133,0.477140656414924,0.151993094009755,0.919633631635173,0.00171996993209467,0.00610686884217526,0.00334094761925469,0.00143605190802243
11,7,ME2P,1193,375,0.56484990956265,0.607246615389727,0.210036409899404,0.717657701711492,0.570714994827432,0.610782485739556,0.211265459447364,0.718531377343113,-0.00586508526478213,-0.00353587034982894,-0.00122904954795955,-0.000873675631621551
12,7,ME2P,303,228,0.913742455055857,1.03734616128829,0.380296477431162,0.766842105263158,0.915223843255688,1.062026365068,0.382799756600106,0.769239766081871,-0.00148138819983101,-0.0246802037797067,-0.00250327916894438,-0.00239766081871307
13,7,ME2P,175,86,0.853911870002089,0.529895452381765,0.178976796338942,0.877711000783904,0.857165593406358,0.500973035768053,0.16608553577356,0.880324013587667,-0.00325372340426866,0.0289224166137119,0.0128912605653825,-0.00261301280376314
14,7,ME2P,177,28,0.65044027086758,0.485491551379085,0.15677898008695,0.896931927133269,0.667655037442792,0.503947727278529,0.166110172343629,0.910834132310642,-0.0172147665752118,-0.0184561758994442,-0.00933119225667881,-0.0139022051773726
15,7,ME2P,627,384,0.868353567368889,0.772279333920862,0.278306554136808,0.793006258573388,0.870565831044925,0.742242873269687,0.264927354342677,0.799479166666667,-0.002212263676036,0.030036460651175,0.0133791997941305,-0.00647290809327872
16,7,ME2P,193,90,0.7968663319084,0.558146961657615,0.187646567272512,0.798166127292341,0.795718420039373,0.553979561609776,0.185803897229932,0.795145631067961,0.00114791186902685,0.004167400047839,0.00184267004258024,0.00302049622437994
17,7,ME2P,287,141,0.916335412663238,0.501568315175802,0.163369679333837,0.912999125619353,0.916270872718946,0.488885357210821,0.157109386395513,0.911007480812203,6.45399442923411e-05,0.0126829579649811,0.00626029293832445,0.00199164480714997
18,7,ME2P,432,230,0.906317295662347,0.635058398903013,0.225516690120396,0.892251399052949,0.898899356641353,0.600100011216948,0.20927654936294,0.884718037021093,0.0074179390209943,0.0349583876860647,0.0162401407574561,0.00753336203185584
19,7,ME2P,323,172,0.854373391638326,0.623431440902599,0.216179113182648,0.81899738179578,0.863714427276751,0.600109836163424,0.205949044567452,0.829085168643154,-0.00934103563842525,0.0233216047391749,0.0102300686151958,-0.0100877868473739
1,8,M0,112,22,0.196428571428571,0.591035722849711,0.199557069589391,0.5,0.196428571428571,0.59476012459852,0.201348944547837,0.5,4.16333634234434e-16,-0.00372440174880861,-0.00179187495844624,0
2,8,M0,280,21,0.075,0.55740549538263,0.182798364427355,0.5,0.075,0.562856131045747,0.185442551013687,0.5,0,-0.0054506356631171,-0.00264418658633242,0
3,8,M0,146,39,0.267123287671233,0.619205378072002,0.213458538496817,0.5,0.267123287671233,0.621673150969817,0.214645337188004,0.5,-1.11022302462516e-16,-0.00246777289781508,-0.00118679869118657,0
4,8,M0,146,25,0.171232876712329,0.582511058648331,0.195330741787464,0.5,0.171232876712329,0.586656681377199,0.19732792739409,0.5,-2.4980018054066e-16,-0.00414562272886765,-0.00199718560662568,0
5,8,M0,228,8,0.0350877192982456,0.541064096193167,0.174735457274983,0.5,0.0350877192982456,0.547196568051153,0.177707554500243,0.5,1.38777878078145e-17,-0.00613247185798638,-0.00297209722525954,0
6,8,M0,276,5,0.0181159420289855,0.54092319027437,0.174605711286094,0.5,0.0181159420289855,0.547122442672379,0.17761786620828,0.5,6.93889390390723e-18,-0.00619925239800856,-0.00301215492218648,0
7,8,M0,561,257,0.458110516934046,0.698855519696545,0.252713290960588,0.5,0.458110516934046,0.697471039960059,0.252052285471729,0.5,3.88578058618805e-16,0.00138447973648581,0.000661005488859001,0
9,8,M0,288,82,0.284722222222222,0.627424090446405,0.217498689939053,0.5,0.284722222222222,0.629600156384745,0.21854708861997,0.5,2.22044604925031e-16,-0.00217606593833997,-0.00104839868091688,0
10,8,M0,677,358,0.528803545051699,0.735912325400562,0.270842067343929,0.5,0.528803545051699,0.732404609655295,0.269181907043285,0.5,-3.33066907387547e-16,0.00350771574526731,0.00166016030064375,0
11,8,M0,1193,375,0.314333612740989,0.644473520433145,0.225860315687466,0.5,0.314333612740989,0.646309322118626,0.226753611420743,0.5,1.11022302462516e-16,-0.00183580168548081,-0.000893295733277205,0
12,8,M0,303,228,0.752475247524752,0.847179107634665,0.325356974498889,0.5,0.752475247524752,0.838524762619821,0.321269775463568,0.5,4.44089209850063e-16,0.00865434501484408,0.00408719903532123,0
13,8,M0,175,86,0.491428571428572,0.712261094373131,0.259328830527522,0.5,0.491428571428572,0.710409150802034,0.258442324719295,0.5,-5.55111512312578e-16,0.00185194357109675,0.000886505808227134,0
14,8,M0,177,28,0.15819209039548,0.57889503041393,0.193526884578794,0.5,0.15819209039548,0.583238574015162,0.195621871820536,0.5,2.4980018054066e-16,-0.00434354360123224,-0.00209498724174248,0
15,8,M0,627,384,0.61244019138756,0.78405900648507,0.294299642653614,0.5,0.61244019138756,0.777929016289496,0.291420610714475,0.5,-2.22044604925031e-16,0.00612999019557381,0.00287903193913863,0
16,8,M0,193,90,0.466321243523316,0.701351213991233,0.253958071321667,0.5,0.466321243523316,0.700004150686475,0.253312977329909,0.5,5.55111512312578e-17,0.0013470633047582,0.000645093991757884,0
17,8,M0,287,141,0.491289198606272,0.712923131454203,0.259643948807962,0.5,0.491289198606272,0.710970454130806,0.258710588767755,0.5,-2.22044604925031e-16,0.00195267732339732,0.000933360040206777,0
18,8,M0,432,230,0.532407407407407,0.734051824017701,0.269991469489359,0.5,0.532407407407407,0.730916804952054,0.268499911381838,0.5,4.44089209850063e-16,0.00313501906564717,0.00149155810752122,0
19,8,M0,323,172,0.532507739938081,0.732531841772161,0.269269926187048,0.5,0.532507739938081,0.729584045754148,0.267864262533819,0.5,-4.44089209850063e-16,0.00294779601801287,0.00140566365322931,0
1,8,MP,112,22,0.769879513427858,0.513739141623545,0.174083519983255,0.87449494949495,0.760214831257374,0.526578558308318,0.179012648370709,0.869444444444445,0.009664682170484,-0.0128394166847733,-0.0049291283874538,0.00505050505050453
2,8,MP,280,21,0.619193821334021,0.528151693466763,0.179185515639665,0.90990990990991,0.618967467720808,0.530761573324404,0.180152846459861,0.909450266593124,0.000226353613212771,-0.00260987985764138,-0.000967330820196094,0.00045964331678594
3,8,MP,146,39,0.632354646975861,0.594995747867103,0.204686073158336,0.788042175892643,0.634921249570518,0.60885899698863,0.209979844859851,0.790678169182842,-0.00256660259465746,-0.0138632491215273,-0.00529377170151513,-0.00263599329019881
4,8,MP,146,25,0.506074806784205,0.585402390703041,0.199998322798186,0.760661157024793,0.507072153692925,0.590105149151892,0.204734924557639,0.768595041322314,-0.000997346908719776,-0.00470275844885126,-0.00473660175945281,-0.00793388429752062
5,8,MP,228,8,0.294352109984347,0.608929176169257,0.213650829434353,0.795738636363636,0.292081554191196,0.614748611284955,0.215313284783294,0.790056818181818,0.002270555793151,-0.00581943511569771,-0.00166245534894108,0.00568181818181834
6,8,MP,276,5,0.0437540020816761,0.637367876280934,0.218949635294943,0.725461254612546,0.0445351791264003,0.645505496730541,0.221390882791666,0.721033210332103,-0.000781177044724198,-0.00813762044960742,-0.00244124749672323,0.00442804428044319
7,8,MP,561,257,0.806696924672487,0.553229703148807,0.183141142910626,0.808192965390129,0.809641730255759,0.543535576692664,0.180027778653934,0.812634394839238,-0.00294480558327248,0.00969412645614287,0.0031133642566922,-0.00444142944910908
9,8,MP,288,82,0.614461965025686,0.540818580318242,0.179927404610541,0.773413450153919,0.630780549548471,0.542515776736445,0.179919264453227,0.775455837082643,-0.0163185845227851,-0.00169719641820287,8.14015731420703e-06,-0.00204238692872394
10,8,MP,677,358,0.915365035994805,0.463982686348653,0.148842878817145,0.915167860457785,0.921148186153207,0.457852184983101,0.145889675587365,0.918928740302271,-0.00578315015840236,0.00613050136555182,0.00295320322977954,-0.0037608798444857
11,8,MP,1193,375,0.552898395207006,0.611680683771514,0.211424302446281,0.719540342298289,0.556786508886677,0.612091531791435,0.211281295622712,0.721066014669927,-0.00388811367967068,-0.000410848019921306,0.000143006823569464,-0.00152567237163848
12,8,MP,303,228,0.923131482450276,0.828713573256243,0.29000382884418,0.793421052631579,0.921265319834541,0.827472610090691,0.289478325240095,0.791023391812866,0.00186616261573469,0.001240963165552,0.00052550360408532,0.00239766081871295
13,8,MP,175,86,0.835339612856938,0.481702240591259,0.158260129434053,0.861836948001045,0.842616443006938,0.474984934236286,0.155333547580898,0.868630781290828,-0.00727683015000058,0.00671730635497253,0.00292658185315509,-0.00679383328978289
14,8,MP,177,28,0.672920229226057,0.524866959786305,0.177149713187154,0.918504314477469,0.675545566033652,0.533620992501976,0.180645434912642,0.919103547459252,-0.00262533680759536,-0.00875403271567143,-0.00349572172548848,-0.000599232981783215
15,8,MP,627,384,0.874916305565154,0.670174190840715,0.232930631737562,0.815275634430727,0.875118076715491,0.668298079394011,0.232117472868872,0.815725737311385,-0.000201771150336927,0.00187611144670419,0.000813158868689878,-0.000450102880657943
16,8,MP,193,90,0.772487576291479,0.575331566280697,0.190642532180014,0.777292340884574,0.778268195285482,0.579335039004122,0.192355742983181,0.775728155339806,-0.00578061899400295,-0.00400347272342505,-0.00171321080316716,0.00156418554476789
17,8,MP,287,141,0.906821128677695,0.473227830409871,0.151609545190298,0.905299718255125,0.91014612933295,0.466104700375446,0.149272002347979,0.909963081706014,-0.00332500065525465,0.00712313003442466,0.00233754284231882,-0.00466336345088914
18,8,MP,432,230,0.897124111171819,0.506179597900131,0.166971547365048,0.887085665088248,0.901948090038083,0.5031924618743,0.165606420245448,0.888570813603099,-0.00482397886626385,0.00298713602583101,0.0013651271196003,-0.00148514851485104
19,8,MP,323,172,0.855067213554935,0.582861493947403,0.196572144119023,0.819517172339442,0.854340229869587,0.583236574485018,0.196421938838919,0.817476513168027,0.000726983685347959,-0.000375080537614703,0.00015020528010376,0.00204065917141538
1,8,MP_cal,112,22,0.769879513427858,0.497396900884025,0.163877234071109,0.87449494949495,0.760214831257374,0.513108551569847,0.170773989649966,0.869444444444445,0.009664682170484,-0.0157116506858221,-0.00689675557885652,0.00505050505050453
2,8,MP_cal,280,21,0.619193821334021,0.504032259016306,0.166188250988291,0.90990990990991,0.618967467720808,0.511680905613815,0.169587350867771,0.909450266593124,0.000226353613212771,-0.00764864659750908,-0.0033990998794797,0.00045964331678594
3,8,MP_cal,146,39,0.632354646975861,0.569915168408565,0.194724702466958,0.788042175892643,0.634921249570518,0.58711678440151,0.201776274601967,0.790678169182842,-0.00256660259465746,-0.0172016159929448,-0.00705157213500876,-0.00263599329019881
4,8,MP_cal,146,25,0.506074806784205,0.552870010916047,0.188059644511603,0.760661157024793,0.507072153692925,0.570252950753273,0.19617228859426,0.768595041322314,-0.000997346908719776,-0.0173829398372261,-0.00811264408265677,-0.00793388429752062
5,8,MP_cal,228,8,0.294352109984347,0.569121039124389,0.196161314598279,0.795738636363636,0.292081554191196,0.582861580946596,0.201778057726393,0.790056818181818,0.002270555793151,-0.0137405418222071,-0.00561674312811361,0.00568181818181834
6,8,MP_cal,276,5,0.0437540020816761,0.580133522933118,0.199593736455731,0.725461254612546,0.0445351791264003,0.597036273300108,0.206477625348077,0.721033210332103,-0.000781177044724198,-0.0169027503669904,-0.00688388889234609,0.00442804428044319
7,8,MP_cal,561,257,0.806696924672487,0.557431733231932,0.186452186100694,0.808192965390129,0.809641730255759,0.551470493160351,0.184188321873093,0.812634394839238,-0.00294480558327248,0.00596124007158061,0.00226386422760083,-0.00444142944910908
9,8,MP_cal,288,82,0.614461965025686,0.529348456014832,0.17523535931758,0.773413450153919,0.630780549548471,0.530644716146234,0.175303372839258,0.775455837082643,-0.0163185845227851,-0.00129626013140194,-6.80135216775679e-05,-0.00204238692872394
10,8,MP_cal,677,358,0.915365035994805,0.496691791905154,0.161753868524081,0.915167860457785,0.921148186153207,0.492782856236411,0.159491018648133,0.918928740302271,-0.00578315015840236,0.00390893566874273,0.00226284987594833,-0.0037608798444857
11,8,MP_cal,1193,375,0.552898395207006,0.597394376414328,0.20628848561573,0.719540342298289,0.556786508886677,0.597096532017347,0.206054193610353,0.721066014669927,-0.00388811367967068,0.000297844396980551,0.00023429200537689,-0.00152567237163848
12,8,MP_cal,303,228,0.923131482450276,0.837781474616712,0.305631794448833,0.793421052631579,0.921265319834541,0.841754791973352,0.304909991105865,0.791023391812866,0.00186616261573469,-0.00397331735663997,0.00072180334296823,0.00239766081871295
13,8,MP_cal,175,86,0.835339612856938,0.513621427653122,0.169872994308452,0.861836948001045,0.842616443006938,0.497069748390844,0.163249890341954,0.868630781290828,-0.00727683015000058,0.0165516792622784,0.00662310396649762,-0.00679383328978289
14,8,MP_cal,177,28,0.672920229226057,0.494076125920847,0.160930121933526,0.918504314477469,0.675545566033652,0.502499111494608,0.165933775225944,0.919103547459252,-0.00262533680759536,-0.00842298557376065,-0.00500365329241812,-0.000599232981783215
15,8,MP_cal,627,384,0.874916305565154,0.70350991463295,0.251131054574158,0.815275634430727,0.875118076715491,0.692868315326095,0.245717115929365,0.815725737311385,-0.000201771150336927,0.0106415993068547,0.00541393864479259,-0.000450102880657943
16,8,MP_cal,193,90,0.772487576291479,0.574119354465722,0.193272173268789,0.777292340884574,0.778268195285482,0.572848608732251,0.192610539287929,0.775728155339806,-0.00578061899400295,0.00127074573347108,0.000661633980859805,0.00156418554476789
17,8,MP_cal,287,141,0.906821128677695,0.509257734735072,0.166768873154232,0.905299718255125,0.91014612933295,0.495486239147011,0.16045109145637,0.909963081706014,-0.00332500065525465,0.013771495588061,0.00631778169786224,-0.00466336345088914
18,8,MP_cal,432,230,0.897124111171819,0.548709753587622,0.184783016766331,0.887085665088248,0.901948090038083,0.536129899104109,0.178809491974435,0.888570813603099,-0.00482397886626385,0.0125798544835132,0.00597352479189592,-0.00148514851485104
19,8,MP_cal,323,172,0.855067213554935,0.608331422171882,0.209174783685084,0.819517172339442,0.854340229869587,0.59776293728645,0.204427678047874,0.817476513168027,0.000726983685347959,0.0105684848854318,0.00474710563721004,0.00204065917141538
1,8,ME,112,22,0.379349309363493,0.570157789115028,0.189878139994638,0.714646464646465,0.379349309363493,0.576402401085563,0.19279129716684,0.714646464646465,3.33066907387547e-16,-0.00624461197053472,-0.00291315717220156,-3.33066907387547e-16
2,8,ME,280,21,0.352545471617468,0.513248952900536,0.162147214065196,0.830299687442545,0.352545471617468,0.52291730782217,0.166655053545391,0.830299687442545,-3.88578058618805e-16,-0.0096683549216342,-0.00450783948019479,-4.44089209850063e-16
3,8,ME,146,39,0.627640986501488,0.606142660237653,0.207151653502491,0.780254013898874,0.627640986501488,0.610935013062588,0.209442921752146,0.780254013898874,-3.33066907387547e-16,-0.00479235282493506,-0.00229126824965531,-3.33066907387547e-16
4,8,ME,146,25,0.270445997467497,0.536829558152385,0.174206201299963,0.625454545454546,0.270445997467497,0.544038083938858,0.177471926458478,0.625454545454546,4.44089209850063e-16,-0.0072085257864728,-0.00326572515851481,-5.55111512312578e-16
5,8,ME,228,8,0.14653932334428,0.481000209948478,0.146623365115961,0.817045454545455,0.14653932334428,0.492204016654421,0.151805923534161,0.817045454545455,2.4980018054066e-16,-0.0112038067059431,-0.00518255841819976,-4.44089209850063e-16
6,8,ME,276,5,0.0694705677464298,0.448481969659922,0.131364546093201,0.677490774907749,0.0694705677464298,0.461096203356855,0.137101733540443,0.677490774907749,1.38777878078145e-17,-0.0126142336969327,-0.00573718744724189,1.11022302462516e-16
7,8,ME,561,257,0.622320050323158,0.683325450655144,0.24513566677925,0.643124104034405,0.622320050323158,0.681918513715047,0.244466259296513,0.643124104034405,2.22044604925031e-16,0.00140693694009664,0.000669407482737056,1.11022302462516e-16
9,8,ME,288,82,0.534064545668899,0.595164379859947,0.20231944481911,0.727563343594601,0.534064545668899,0.59976278937235,0.204424316111453,0.727563343594601,2.22044604925031e-16,-0.00459840951240331,-0.00210487129234269,0
10,8,ME,677,358,0.60951279599075,0.710746392787546,0.258540416210495,0.588982679812963,0.60951279599075,0.707898866258615,0.257213405461652,0.588982679812963,4.44089209850063e-16,0.00284752652893117,0.00132701074884278,0
11,8,ME,1193,375,0.350259612236911,0.671757862148391,0.239433072232333,0.516050529747351,0.350259612236911,0.673712104555657,0.240397745157377,0.516050529747351,4.44089209850063e-16,-0.00195424240726627,-0.000964672925043791,2.22044604925031e-16
12,8,ME,303,228,0.715818859221255,1.11116092018998,0.432820856870809,0.417017543859649,0.715818859221255,1.06876699810025,0.417493346648271,0.417017543859649,0,0.0423939220897331,0.0153275102225378,1.11022302462516e-16
13,8,ME,175,86,0.63835468867811,0.680916141282323,0.243992471388759,0.644107656127515,0.63835468867811,0.680796975946184,0.243924795215392,0.644107656127515,-4.44089209850063e-16,0.000119165336138427,6.76761733668374e-05,0
14,8,ME,177,28,0.292554678123871,0.613644494294372,0.210969699875646,0.601629913710451,0.292554678123871,0.618400722438184,0.213233840573084,0.601629913710451,2.22044604925031e-16,-0.0047562281438116,-0.00226414069743819,-4.44089209850063e-16
15,8,ME,627,384,0.669255585186163,0.830081572926179,0.313129097668855,0.564021776406036,0.669255585186163,0.814288706532725,0.306578091278746,0.564021776406036,4.44089209850063e-16,0.0157928663934536,0.00655100639010925,-3.33066907387547e-16
16,8,ME,193,90,0.640295909123075,0.669527692491898,0.238384977717774,0.651887810140237,0.640295909123075,0.669980386717813,0.238594030734564,0.651887810140237,1.11022302462516e-16,-0.000452694225914874,-0.000209053016790167,3.33066907387547e-16
17,8,ME,287,141,0.609694672081817,0.686745090381886,0.246782680138747,0.603711260079666,0.609694672081817,0.686165327851417,0.246511418891886,0.603711260079666,-1.11022302462516e-16,0.000579762530469097,0.000271261246860555,-2.22044604925031e-16
18,8,ME,432,230,0.594957228523913,0.710196204835613,0.258413068400873,0.557942315970728,0.594957228523913,0.70803868332774,0.257369102329719,0.557942315970728,1.11022302462516e-16,0.00215752150787341,0.00104396607115376,-4.44089209850063e-16
19,8,ME,323,172,0.681281213672649,0.718649798092581,0.262225188683216,0.623556137378716,0.681281213672649,0.715103785672504,0.26058315021586,0.623556137378716,-5.55111512312578e-16,0.00354601242007691,0.00164203846735583,-4.44089209850063e-16
1,8,ME2,112,22,0.379349309363493,0.551799523559291,0.181494672467769,0.714646464646465,0.379349309363493,0.556423573239536,0.183584400153156,0.714646464646465,3.33066907387547e-16,-0.00462404968024488,-0.00208972768538743,-3.33066907387547e-16
2,8,ME2,280,21,0.352545471617468,0.48379699764478,0.148698732158374,0.830299687442545,0.352545471617468,0.491282732588704,0.152078465671711,0.830299687442545,-3.88578058618805e-16,-0.00748573494392446,-0.00337973351333712,-4.44089209850063e-16
3,8,ME2,146,39,0.595535808392771,0.613775883760446,0.210986750283294,0.760603882099209,0.592728866204126,0.6184530143501,0.213230670529191,0.758686796069974,0.00280694218864463,-0.00467713058965413,-0.00224392024589679,0.00191708602923513
4,8,ME2,146,25,0.270445997467497,0.5340760395041,0.173119788706753,0.625454545454546,0.270445997467497,0.540584948625043,0.17604778020966,0.625454545454546,4.44089209850063e-16,-0.00650890912094349,-0.00292799150290671,-5.55111512312578e-16
5,8,ME2,228,8,0.14653932334428,0.49607315779885,0.153951885942486,0.817045454545455,0.14653932334428,0.507117749719337,0.159096491810122,0.817045454545455,2.4980018054066e-16,-0.0110445919204869,-0.00514460586763635,-4.44089209850063e-16
6,8,ME2,276,5,0.0694705677464298,0.684063021682598,0.245447979762367,0.677490774907749,0.0694705677464298,0.703641510717045,0.255132505284508,0.677490774907749,1.38777878078145e-17,-0.0195784890344474,-0.00968452552214105,1.11022302462516e-16
7,8,ME2,561,257,0.610151734014085,0.679043655807612,0.243020722646575,0.640295412656154,0.608737917037293,0.677741097182295,0.242403290295357,0.639169055908253,0.00141381697679155,0.00130255862531725,0.000617432351218,0.00112635674790096
9,8,ME2,288,82,0.534064545668899,0.589899526237795,0.199969346134297,0.727563343594601,0.534064545668899,0.593989620109714,0.201820033759654,0.727563343594601,2.22044604925031e-16,-0.00409009387191917,-0.00185068762535687,0
10,8,ME2,677,358,0.600373850417064,0.69598010438958,0.251364657940821,0.583361061977899,0.598961082098987,0.693238010245069,0.250058725714968,0.582485420570568,0.00141276831807713,0.00274209414451121,0.00130593222585307,0.000875641407330874
11,8,ME2,1193,375,0.365612673894281,0.66175183526082,0.234691837201281,0.547062754686227,0.366174653072298,0.662804401793566,0.23520602674111,0.549132844335778,-0.000561979178017091,-0.00105256653274555,-0.000514189539829346,-0.00207008964955147
12,8,ME2,303,228,0.715818859221255,1.11048672588808,0.432568348237229,0.417017543859649,0.715818859221255,1.0527365246882,0.411194576525907,0.417017543859649,0,0.0577502011998761,0.0213737717113219,1.11022302462516e-16
13,8,ME2,175,86,0.63835468867811,0.700822746234903,0.253647660206863,0.644107656127515,0.63835468867811,0.70065417854977,0.253594132859692,0.644107656127515,-4.44089209850063e-16,0.00016856768513307,5.35273471705677e-05,0
14,8,ME2,177,28,0.292554678123871,0.584022277984424,0.196903977409396,0.601629913710451,0.292554678123871,0.586498528534607,0.198015014246776,0.601629913710451,2.22044604925031e-16,-0.0024762505501833,-0.00111103683738004,-4.44089209850063e-16
15,8,ME2,627,384,0.646977469814291,0.858107745383846,0.324762823145047,0.52156207133059,0.643564451934811,0.843331656820639,0.318885310967372,0.516160836762689,0.00341301787947956,0.0147760885632074,0.00587751217767518,0.00540123456790087
16,8,ME2,193,90,0.640295909123075,0.664111146146787,0.235711547818057,0.651887810140237,0.640295909123075,0.664521088338737,0.235902506765947,0.651887810140237,1.11022302462516e-16,-0.000409942191949675,-0.000190958947889647,3.33066907387547e-16
17,8,ME2,287,141,0.609694672081817,0.685491725253624,0.246093878501058,0.603711260079666,0.609694672081817,0.68488295033684,0.245820605709397,0.603711260079666,-1.11022302462516e-16,0.000608774916784349,0.000273272791660617,-2.22044604925031e-16
18,8,ME2,432,230,0.594957228523913,0.77637029021508,0.288604273958442,0.557942315970728,0.594957228523913,0.774006721419936,0.287649119665135,0.557942315970728,1.11022302462516e-16,0.00236356879514421,0.000955154293306726,-4.44089209850063e-16
19,8,ME2,323,172,0.681281213672649,0.725056674766362,0.264969436435281,0.623556137378716,0.681281213672649,0.721568397251319,0.263409554268042,0.623556137378716,-5.55111512312578e-16,0.00348827751504277,0.00155988216723896,-4.44089209850063e-16
1,8,ME_P,112,22,0.764423031693134,0.492276949815717,0.161690356214511,0.873232323232323,0.756541260671696,0.508862951014907,0.168929663480133,0.867676767676768,0.00788177102143828,-0.0165860011991901,-0.00723930726562225,0.0055555555555552
2,8,ME_P,280,21,0.663213068244888,0.482682015990877,0.156620159521726,0.926089354660783,0.662189103945433,0.491659150396886,0.160622837328073,0.92388306674021,0.00102396429945528,-0.00897713440600867,-0.00400267780634742,0.0022062879205732
3,8,ME_P,146,39,0.632765543122953,0.572302681811838,0.195220800377047,0.803498682003355,0.637367803369133,0.591494652945118,0.203226191025108,0.806853582554517,-0.00460226024617982,-0.0191919711332805,-0.00800539064806083,-0.00335490055116205
4,8,ME_P,146,25,0.520677696658026,0.527612371851608,0.176819021273767,0.768925619834711,0.522462982469667,0.546116454535335,0.185514465042654,0.775206611570248,-0.0017852858116415,-0.0185040826837269,-0.00869544376888715,-0.0062809917355372
5,8,ME_P,228,8,0.311258358111806,0.53930060387652,0.182937870561573,0.813068181818182,0.310782340757036,0.555375279516176,0.189584020516142,0.805681818181818,0.000476017354770375,-0.0160746756396558,-0.00664614995456855,0.0073863636363638
6,8,ME_P,276,5,0.0472601474865793,0.550391101460258,0.187242887021048,0.729889298892989,0.0486234180549762,0.568377411539884,0.194662216158458,0.719557195571956,-0.00136327056839686,-0.0179863100796255,-0.00741932913740973,0.010332103321033
7,8,ME_P,561,257,0.820202120934933,0.551367027533334,0.184206477994048,0.818016588163015,0.822408560812974,0.545021957546932,0.181782846085472,0.824352344869957,-0.00220643987804103,0.00634506998640183,0.00242363190857642,-0.00633575670694242
9,8,ME_P,288,82,0.632237674696595,0.513685286049607,0.168471463791963,0.794044518115084,0.646098737686954,0.515205835639023,0.16870867908056,0.794873312810798,-0.0138610629903588,-0.00152054958941594,-0.000237215288597381,-0.000828794695713953
10,8,ME_P,677,358,0.919850770188744,0.489876371497303,0.158752873191473,0.918232605383443,0.926074694130088,0.485354187957101,0.15620999844456,0.922251799443092,-0.00622392394134363,0.00452218354020212,0.0025428747469125,-0.00401919405964857
11,8,ME_P,1193,375,0.561226858709409,0.619008788913969,0.214969222138629,0.711010594947025,0.565185572253852,0.617602649693974,0.214256996406054,0.713220863895681,-0.00395871354444277,0.00140613921999466,0.000712225732574956,-0.00221026894865572
12,8,ME_P,303,228,0.912586630382669,1.02464073424558,0.374061268359065,0.760233918128655,0.914536113686531,0.992882047418664,0.359573026389496,0.767076023391813,-0.00194948330386169,0.0317586868269165,0.0144882419695693,-0.00684210526315809
13,8,ME_P,175,86,0.850279596457568,0.50011487445959,0.163309471530415,0.875359289260518,0.853248456413857,0.486345049964339,0.158073574935433,0.877711000783904,-0.00296885995628926,0.0137698244952513,0.00523589659498197,-0.00235171152338654
14,8,ME_P,177,28,0.665752375262618,0.518198983246654,0.171141555801103,0.908676893576222,0.664776908094356,0.523539779084723,0.174492126200586,0.912032598274209,0.000975467168262356,-0.00534079583806868,-0.00335057039948333,-0.00335570469798663
15,8,ME_P,627,384,0.880143817697989,0.736892798799708,0.264939137899034,0.813850308641975,0.880395830327317,0.714422671215809,0.254759841038867,0.815554269547325,-0.000252012629328502,0.0224701275838993,0.0101792968601667,-0.00170396090534974
16,8,ME_P,193,90,0.788865257426713,0.554834110517216,0.185950394792747,0.798381877022654,0.791053707368294,0.559700332174447,0.187891187690379,0.789859762675297,-0.00218844994158063,-0.0048662216572315,-0.00194079289763155,0.00852211434735672
17,8,ME_P,287,141,0.912635964650193,0.498464594812824,0.161254681650692,0.905421160011658,0.915368394369211,0.488718009321256,0.156924670941088,0.911007480812203,-0.00273242971901788,0.00974658549156815,0.00433001070960443,-0.00558632080054455
18,8,ME_P,432,230,0.897349253620631,0.538752618078029,0.180109541140818,0.88489022815325,0.901664370465652,0.530053269908332,0.175932241519331,0.887171760654326,-0.00431511684502139,0.00869934816969709,0.00417729962148719,-0.00228153250107588
19,8,ME_P,323,172,0.862698716296728,0.603830969016154,0.207624312575689,0.828892653626983,0.862206266999923,0.593684127782039,0.202973256543068,0.825773910365009,0.000492449296804587,0.0101468412341148,0.00465105603262128,0.00311874326197392
1,8,ME2P,112,22,0.761103136752155,0.476498659196432,0.154953991095458,0.872727272727273,0.752996257301478,0.49158537338009,0.161519377395368,0.865151515151515,0.00810687945067723,-0.0150867141836577,-0.00656538629991033,0.00757575757575768
2,8,ME2P,280,21,0.66718659445285,0.460308728742394,0.146941767173348,0.929950358521787,0.666659952205726,0.46765464740917,0.150249726393829,0.927376355947785,0.000526642247123732,-0.00734591866677597,-0.00330795922048097,0.00257400257400209
3,8,ME2P,146,39,0.621317716244261,0.581942067804342,0.198800785903219,0.805655403786245,0.622881023257221,0.602599537877383,0.207323076786502,0.807093218308172,-0.00156330701295959,-0.0206574700730411,-0.00852229088328255,-0.00143781452192715
4,8,ME2P,146,25,0.531246808012674,0.52456742602449,0.175318821806132,0.771570247933884,0.532762714618409,0.542275066862308,0.18365210426285,0.778512396694215,-0.00151590660573508,-0.0177076408378182,-0.00833328245671758,-0.00694214876033072
5,8,ME2P,228,8,0.314362519608794,0.553187130062764,0.188529773219683,0.816477272727273,0.290435885707201,0.570063811692634,0.195424565406249,0.810795454545455,0.0239266339015934,-0.0168766816298704,-0.00689479218656647,0.00568181818181779
6,8,ME2P,276,5,0.0493718931782126,0.805474466738137,0.288879899479377,0.728413284132841,0.0513741718257847,0.837213590922828,0.300048782287087,0.718819188191882,-0.00200227864757211,-0.0317391241846914,-0.0111688828077102,0.00959409594095939
7,8,ME2P,561,257,0.822732339154224,0.547330388881577,0.182536089829265,0.820397296743805,0.824259837328525,0.541655543754828,0.180382128693697,0.826323469178784,-0.00152749817430065,0.00567484512674887,0.0021539611355684,-0.00592617243497895
9,8,ME2P,288,82,0.642563725727091,0.508806228740713,0.16646145083887,0.800911674165285,0.653635153532495,0.510822465365798,0.166902240823523,0.801326071513142,-0.0110714278054036,-0.00201623662508532,-0.000440789984652884,-0.000414397347856643
10,8,ME2P,677,358,0.916399393579642,0.479829494233976,0.153643258194894,0.915089052731125,0.92328863847133,0.477140656414924,0.151993094009755,0.919633631635173,-0.00688924489168752,0.0026888378190521,0.00165016418513941,-0.00454457890404747
11,8,ME2P,1193,375,0.566624470931961,0.61363827409036,0.212619603518024,0.71519967400163,0.570714994827432,0.610782485739556,0.211265459447364,0.718531377343113,-0.00409052389547093,0.0028557883508038,0.00135414407065954,-0.00333170334148303
12,8,ME2P,303,228,0.913228476474363,1.0554544949707,0.38467304636411,0.762046783625731,0.915223843255688,1.062026365068,0.382799756600106,0.769239766081871,-0.00199536678132528,-0.0065718700972992,0.00187328976400425,-0.00719298245613997
13,8,ME2P,175,86,0.853607937322868,0.521171901616868,0.17497547399683,0.87940945910635,0.857165593406358,0.500973035768053,0.16608553577356,0.880324013587667,-0.00355765608348979,0.0201988658488148,0.00888993822326958,-0.000914554481317387
14,8,ME2P,177,28,0.66311177319491,0.489930930406849,0.15898750868209,0.906999041227229,0.667655037442792,0.503947727278529,0.166110172343629,0.910834132310642,-0.00454326424788187,-0.0140167968716804,-0.00712266366153855,-0.00383509108341285
15,8,ME2P,627,384,0.866958592426319,0.770170131345306,0.276791468362625,0.793263460219479,0.870565831044925,0.742242873269687,0.264927354342677,0.799479166666667,-0.00360723861860568,0.0279272580756185,0.011864114019948,-0.00621570644718827
16,8,ME2P,193,90,0.796326930587254,0.547831205810267,0.183227138138282,0.804638619201726,0.795718420039373,0.553979561609776,0.185803897229932,0.795145631067961,0.000608510547881247,-0.0061483557995089,-0.00257675909164989,0.00949298813376498
17,8,ME2P,287,141,0.912475345486581,0.498250081143679,0.161318126466849,0.903040901583601,0.916270872718946,0.488885357210821,0.157109386395513,0.911007480812203,-0.00379552723236454,0.00936472393285787,0.0042087400713357,-0.00796657922860244
18,8,ME2P,432,230,0.893475461174142,0.6248869846672,0.220424774876756,0.88127421437796,0.898899356641353,0.600100011216948,0.20927654936294,0.884718037021093,-0.00542389546721078,0.0247869734502523,0.0111482255138163,-0.00344382264313348
19,8,ME2P,323,172,0.864586095022912,0.613478579584742,0.211899876276688,0.831972893885723,0.863714427276751,0.600109836163424,0.205949044567452,0.829085168643154,0.000871667746160987,0.013368743421318,0.00595083170923624,0.00288772524256908
1,9,M0,112,22,0.196428571428571,0.599538261439701,0.203656657980351,0.5,0.196428571428571,0.59476012459852,0.201348944547837,0.5,4.16333634234434e-16,0.00477813684118078,0.00230771343251393,0
2,9,M0,280,21,0.075,0.571481118615687,0.189641107185763,0.5,0.075,0.562856131045747,0.185442551013687,0.5,0,0.00862498756994012,0.00419855617207637,0
3,9,M0,146,39,0.267123287671233,0.62484701026378,0.216177663451554,0.5,0.267123287671233,0.621673150969817,0.214645337188004,0.5,-1.11022302462516e-16,0.00317385929396341,0.00153232626355018,0
4,9,M0,146,25,0.171232876712329,0.592138157504733,0.199978707931634,0.5,0.171232876712329,0.586656681377199,0.19732792739409,0.5,-2.4980018054066e-16,0.00548147612753402,0.00265078053754353,0
5,9,M0,228,8,0.0350877192982456,0.556621064253527,0.182291044186858,0.5,0.0350877192982456,0.547196568051153,0.177707554500243,0.5,1.38777878078145e-17,0.00942449620237351,0.00458348968661543,0
6,9,M0,276,5,0.0181159420289855,0.557380760633334,0.182618956059093,0.5,0.0181159420289855,0.547122442672379,0.17761786620828,0.5,6.93889390390723e-18,0.0102583179609546,0.00500108985081302,0
7,9,M0,561,257,0.458110516934046,0.696129242903764,0.251408718229359,0.5,0.458110516934046,0.697471039960059,0.252052285471729,0.5,3.88578058618805e-16,-0.00134179705629489,-0.000643567242369747,0
8,9,M0,320,157,0.490625,0.708871132975782,0.257699395248339,0.5,0.490625,0.710869082160444,0.258658173147009,0.5,0,-0.00199794918466234,-0.00095877789867016,0
10,9,M0,677,358,0.528803545051699,0.729418237332274,0.26776116096607,0.5,0.528803545051699,0.732404609655295,0.269181907043285,0.5,-3.33066907387547e-16,-0.00298637232302068,-0.00142074607721543,0
11,9,M0,1193,375,0.314333612740989,0.649640195264586,0.228380572310104,0.5,0.314333612740989,0.646309322118626,0.226753611420743,0.5,1.11022302462516e-16,0.00333087314595948,0.00162696088936082,0
12,9,M0,303,228,0.752475247524752,0.831301436744423,0.317841388615255,0.5,0.752475247524752,0.838524762619821,0.321269775463568,0.5,4.44089209850063e-16,-0.00722332587539809,-0.00342838684831331,0
13,9,M0,175,86,0.491428571428572,0.708451923493997,0.257501511596348,0.5,0.491428571428572,0.710409150802034,0.258442324719295,0.5,-5.55111512312578e-16,-0.0019572273080366,-0.000940813122947082,0
14,9,M0,177,28,0.15819209039548,0.589147130911118,0.198482387499292,0.5,0.15819209039548,0.583238574015162,0.195621871820536,0.5,2.4980018054066e-16,0.00590855689595637,0.00286051567875559,0
15,9,M0,627,384,0.61244019138756,0.773344226346869,0.289255333082501,0.5,0.61244019138756,0.777929016289496,0.291420610714475,0.5,-2.22044604925031e-16,-0.00458478994262734,-0.00216527763197361,0
16,9,M0,193,90,0.466321243523316,0.698596628916583,0.252636127795655,0.5,0.466321243523316,0.700004150686475,0.253312977329909,0.5,5.55111512312578e-17,-0.00140752176989178,-0.000676849534254231,0
17,9,M0,287,141,0.491289198606272,0.708971188270225,0.25775082294946,0.5,0.491289198606272,0.710970454130806,0.258710588767755,0.5,-2.22044604925031e-16,-0.00199926586058075,-0.000959765818295377,0
18,9,M0,432,230,0.532407407407407,0.727955597040832,0.267084433893956,0.5,0.532407407407407,0.730916804952054,0.268499911381838,0.5,4.44089209850063e-16,-0.00296120791122179,-0.00141547748788251,0
19,9,M0,323,172,0.532507739938081,0.726666952476113,0.266466995887436,0.5,0.532507739938081,0.729584045754148,0.267864262533819,0.5,-4.44089209850063e-16,-0.00291709327803524,-0.0013972666463829,0
1,9,MP,112,22,0.745770600270405,0.532273755433606,0.181977317425579,0.857575757575758,0.760214831257374,0.526578558308318,0.179012648370709,0.869444444444445,-0.0144442309869693,0.00569519712528832,0.00296466905487003,-0.0118686868686875
2,9,MP,280,21,0.602325659567723,0.552004154429491,0.1896252390517,0.900165471594043,0.618967467720808,0.530761573324404,0.180152846459861,0.909450266593124,-0.0166418081530852,0.021242581105087,0.00947239259183893,-0.00928479499908097
3,9,MP,146,39,0.635202392370827,0.608083804400705,0.209532926867357,0.786125089863408,0.634921249570518,0.60885899698863,0.209979844859851,0.790678169182842,0.000281142800308887,-0.000775192587925466,-0.000446917992494411,-0.00455307931943438
4,9,MP,146,25,0.512491416634365,0.597092022290002,0.208283164020629,0.761487603305785,0.507072153692925,0.590105149151892,0.204734924557639,0.768595041322314,0.00541926294143968,0.00698687313810975,0.00354823946299007,-0.00710743801652891
5,9,MP,228,8,0.257107749289696,0.638917527675438,0.225067449750382,0.777840909090909,0.292081554191196,0.614748611284955,0.215313284783294,0.790056818181818,-0.0349738049014996,0.0241689163904834,0.00975416496708814,-0.012215909090909
6,9,MP,276,5,0.0416096365194596,0.658150145109896,0.227258332056174,0.708856088560886,0.0445351791264003,0.645505496730541,0.221390882791666,0.721033210332103,-0.00292554260694073,0.0126446483793551,0.00586744926450783,-0.0121771217712174
7,9,MP,561,257,0.793591553656439,0.553794940435333,0.183548210039476,0.801550020479214,0.809641730255759,0.543535576692664,0.180027778653934,0.812634394839238,-0.0160501765993201,0.0102593637426694,0.00352043138554209,-0.0110843743600244
8,9,MP,320,157,0.807489768884951,0.566628507562359,0.189171441614137,0.788402172638818,0.816005108355322,0.567939233434807,0.188962877424044,0.791430581063655,-0.00851533947037087,-0.00131072587244852,0.000208564190093019,-0.00302840842483676
10,9,MP,677,358,0.918719489143579,0.457822954435272,0.145711978396795,0.917444528116846,0.921148186153207,0.457852184983101,0.145889675587365,0.918928740302271,-0.002428697009628,-2.92305478285515e-05,-0.000177697190570369,-0.00148421218542538
11,9,MP,1193,375,0.561585554293994,0.613589890094699,0.212371142686862,0.724371638141809,0.556786508886677,0.612091531791435,0.211281295622712,0.721066014669927,0.00479904540731724,0.00149835830326339,0.00108984706415,0.00330562347188224
12,9,MP,303,228,0.922002720789629,0.81114377714256,0.283677622150373,0.794649122807018,0.921265319834541,0.827472610090691,0.289478325240095,0.791023391812866,0.000737400955088452,-0.0163288329481313,-0.00580070308972158,0.00362573099415153
13,9,MP,175,86,0.843259204659434,0.473426600810104,0.154630369636493,0.869218709171675,0.842616443006938,0.474984934236286,0.155333547580898,0.868630781290828,0.000642761652495993,-0.00155833342618189,-0.00070317794440522,0.000587927880846939
14,9,MP,177,28,0.674802182474708,0.537244809130714,0.182566628430491,0.916586768935762,0.675545566033652,0.533620992501976,0.180645434912642,0.919103547459252,-0.000743383558943989,0.0036238166287379,0.00192119351784859,-0.00251677852348986
15,9,MP,627,384,0.877803337602909,0.655853107734784,0.227180683135186,0.819690929355281,0.875118076715491,0.668298079394011,0.232117472868872,0.815725737311385,0.00268526088741816,-0.0124449716592266,-0.00493678973368639,0.00396519204389623
16,9,MP,193,90,0.768199454135486,0.590812796792421,0.196544873033458,0.766181229773463,0.778268195285482,0.579335039004122,0.192355742983181,0.775728155339806,-0.0100687411499958,0.0114777577882987,0.00418913005027694,-0.00954692556634318
17,9,MP,287,141,0.908034887372741,0.465095419510664,0.148793357397742,0.90792286019625,0.91014612933295,0.466104700375446,0.149272002347979,0.909963081706014,-0.00211124196020884,-0.00100928086478186,-0.00047864495023725,-0.00204022150976413
18,9,MP,432,230,0.903364903990724,0.498267735654184,0.163495051913099,0.891024537236332,0.901948090038083,0.5031924618743,0.165606420245448,0.888570813603099,0.00141681395264126,-0.00492472622011592,-0.00211136833234915,0.00245372363323337
19,9,MP,323,172,0.849469868453586,0.582501105196232,0.196117521963189,0.813164176805791,0.854340229869587,0.583236574485018,0.196421938838919,0.817476513168027,-0.00487036141600095,-0.000735469288785651,-0.000304416875730212,-0.00431233636223616
1,9,MP_cal,112,22,0.745770600270405,0.515142184958299,0.171392999800631,0.857575757575758,0.760214831257374,0.513108551569847,0.170773989649966,0.869444444444445,-0.0144442309869693,0.00203363338845197,0.0006190101506649,-0.0118686868686875
2,9,MP_cal,280,21,0.602325659567723,0.528670431762883,0.176912087820087,0.900165471594043,0.618967467720808,0.511680905613815,0.169587350867771,0.909450266593124,-0.0166418081530852,0.0169895261490677,0.00732473695231575,-0.00928479499908097
3,9,MP_cal,146,39,0.635202392370827,0.57963298855871,0.198395626126583,0.786125089863408,0.634921249570518,0.58711678440151,0.201776274601967,0.790678169182842,0.000281142800308887,-0.00748379584280001,-0.00338064847538364,-0.00455307931943438
4,9,MP_cal,146,25,0.512491416634365,0.570151245860493,0.196187162286156,0.761487603305785,0.507072153692925,0.570252950753273,0.19617228859426,0.768595041322314,0.00541926294143968,-0.000101704892780163,1.48736918960668e-05,-0.00710743801652891
5,9,MP_cal,228,8,0.257107749289696,0.593315242280062,0.206378139424285,0.777840909090909,0.292081554191196,0.582861580946596,0.201778057726393,0.790056818181818,-0.0349738049014996,0.0104536613334657,0.00460008169789186,-0.012215909090909
6,9,MP_cal,276,5,0.0416096365194596,0.597758597192764,0.207148350428572,0.708856088560886,0.0445351791264003,0.597036273300108,0.206477625348077,0.721033210332103,-0.00292554260694073,0.000722323892655696,0.000670725080495399,-0.0121771217712174
7,9,MP_cal,561,257,0.793591553656439,0.558056450435497,0.186942325954608,0.801550020479214,0.809641730255759,0.551470493160351,0.184188321873093,0.812634394839238,-0.0160501765993201,0.00658595727514544,0.00275400408151499,-0.0110843743600244
8,9,MP_cal,320,157,0.807489768884951,0.56824559026091,0.191413266763869,0.788402172638818,0.816005108355322,0.568814984527702,0.191254512960473,0.791430581063655,-0.00851533947037087,-0.000569394266791812,0.000158753803396,-0.00302840842483676
10,9,MP_cal,677,358,0.918719489143579,0.491782860128103,0.15880184322009,0.917444528116846,0.921148186153207,0.492782856236411,0.159491018648133,0.918928740302271,-0.002428697009628,-0.000999996108308254,-0.00068917542804342,-0.00148421218542538
11,9,MP_cal,1193,375,0.561585554293994,0.599342073192549,0.207209490768931,0.724371638141809,0.556786508886677,0.597096532017347,0.206054193610353,0.721066014669927,0.00479904540731724,0.00224554117520215,0.00115529715857757,0.00330562347188224
12,9,MP_cal,303,228,0.922002720789629,0.814502276999271,0.297095673536449,0.794649122807018,0.921265319834541,0.841754791973352,0.304909991105865,0.791023391812866,0.000737400955088452,-0.0272525149740813,-0.00781431756941559,0.00362573099415153
13,9,MP_cal,175,86,0.843259204659434,0.507694332488834,0.166737782323853,0.869218709171675,0.842616443006938,0.497069748390844,0.163249890341954,0.868630781290828,0.000642761652495993,0.0106245840979897,0.00348789198189928,0.000587927880846939
14,9,MP_cal,177,28,0.674802182474708,0.508006402452327,0.166815966718944,0.916586768935762,0.675545566033652,0.502499111494608,0.165933775225944,0.919103547459252,-0.000743383558943989,0.00550729095771896,0.000882191492999923,-0.00251677852348986
15,9,MP_cal,627,384,0.877803337602909,0.68637843601278,0.244074867569639,0.819690929355281,0.875118076715491,0.692868315326095,0.245717115929365,0.815725737311385,0.00268526088741816,-0.00648987931331546,-0.00164224835972571,0.00396519204389623
16,9,MP_cal,193,90,0.768199454135486,0.58405694940191,0.197123868858763,0.766181229773463,0.778268195285482,0.572848608732251,0.192610539287929,0.775728155339806,-0.0100687411499958,0.0112083406696594,0.00451332957083378,-0.00954692556634318
17,9,MP_cal,287,141,0.908034887372741,0.503733529365511,0.16414055082281,0.90792286019625,0.91014612933295,0.495486239147011,0.16045109145637,0.909963081706014,-0.00211124196020884,0.00824729021850018,0.00368945936644002,-0.00204022150976413
18,9,MP_cal,432,230,0.903364903990724,0.54088702688009,0.181031297733179,0.891024537236332,0.901948090038083,0.536129899104109,0.178809491974435,0.888570813603099,0.00141681395264126,0.00475712777598103,0.00222180575874364,0.00245372363323337
19,9,MP_cal,323,172,0.849469868453586,0.604521549636872,0.207287291035179,0.813164176805791,0.854340229869587,0.59776293728645,0.204427678047874,0.817476513168027,-0.00487036141600095,0.00675861235042163,0.0028596129873053,-0.00431233636223616
1,9,ME,112,22,0.379349309363493,0.58228549767918,0.195549453394894,0.714646464646465,0.379349309363493,0.576402401085563,0.19279129716684,0.714646464646465,3.33066907387547e-16,0.00588309659361741,0.00275815622805439,-3.33066907387547e-16
2,9,ME,280,21,0.352545471617468,0.534283445909608,0.171986266558583,0.830299687442545,0.352545471617468,0.52291730782217,0.166655053545391,0.830299687442545,-3.88578058618805e-16,0.0113661380874379,0.00533121301319162,-4.44089209850063e-16
3,9,ME,146,39,0.627640986501488,0.615227818292037,0.211500711024608,0.780254013898874,0.627640986501488,0.610935013062588,0.209442921752146,0.780254013898874,-3.33066907387547e-16,0.00429280522944886,0.00205778927246161,-3.33066907387547e-16
4,9,ME,146,25,0.270445997467497,0.551649889587751,0.180951224505208,0.625454545454546,0.270445997467497,0.544038083938858,0.177471926458478,0.625454545454546,4.44089209850063e-16,0.00761180564889286,0.00347929804673014,-5.55111512312578e-16
5,9,ME,228,8,0.14653932334428,0.50550036996354,0.158002924923788,0.817045454545455,0.14653932334428,0.492204016654421,0.151805923534161,0.817045454545455,2.4980018054066e-16,0.0132963533091193,0.00619700138962689,-4.44089209850063e-16
6,9,ME,276,5,0.0694705677464298,0.479774300585103,0.145693240752033,0.677490774907749,0.0694705677464298,0.461096203356855,0.137101733540443,0.677490774907749,1.38777878078145e-17,0.0186780972282484,0.00859150721158955,1.11022302462516e-16
7,9,ME,561,257,0.622320050323158,0.681455455273384,0.244249677157313,0.643124104034405,0.622320050323158,0.681918513715047,0.244466259296513,0.643124104034405,2.22044604925031e-16,-0.000463058441662723,-0.000216582139200366,1.11022302462516e-16
8,9,ME,320,157,0.546521562334421,0.719525900163089,0.262453323234738,0.558047751162518,0.546521562334421,0.723934665119574,0.264410764209395,0.558047751162518,1.11022302462516e-16,-0.00440876495648535,-0.0019574409746575,0
10,9,ME,677,358,0.60951279599075,0.706817593740633,0.256725988145487,0.588982679812963,0.60951279599075,0.707898866258615,0.257213405461652,0.588982679812963,4.44089209850063e-16,-0.00108127251798162,-0.000487417316165473,0
11,9,ME,1193,375,0.350259612236911,0.676427410092871,0.241737527230056,0.516050529747351,0.350259612236911,0.673712104555657,0.240397745157377,0.516050529747351,4.44089209850063e-16,0.00271530553721377,0.0013397820726791,2.22044604925031e-16
12,9,ME,303,228,0.715818859221255,1.0465555595164,0.409183064669997,0.417017543859649,0.715818859221255,1.06876699810025,0.417493346648271,0.417017543859649,0,-0.0222114385838466,-0.00831028197827422,1.11022302462516e-16
13,9,ME,175,86,0.63835468867811,0.681400739791005,0.24421670070077,0.644107656127515,0.63835468867811,0.680796975946184,0.243924795215392,0.644107656127515,-4.44089209850063e-16,0.000603763844820859,0.000291905485378441,0
14,9,ME,177,28,0.292554678123871,0.622065261154329,0.214969018699229,0.601629913710451,0.292554678123871,0.618400722438184,0.213233840573084,0.601629913710451,2.22044604925031e-16,0.00366453871614492,0.0017351781261451,-4.44089209850063e-16
15,9,ME,627,384,0.669255585186163,0.805756939022254,0.302995702101617,0.564021776406036,0.669255585186163,0.814288706532725,0.306578091278746,0.564021776406036,4.44089209850063e-16,-0.00853176751047102,-0.00358238917712922,-3.33066907387547e-16
16,9,ME,193,90,0.640295909123075,0.671073769169484,0.239121976210561,0.651887810140237,0.640295909123075,0.669980386717813,0.238594030734564,0.651887810140237,1.11022302462516e-16,0.00109338245167045,0.000527945475996466,3.33066907387547e-16
17,9,ME,287,141,0.609694672081817,0.686300697625508,0.246589819188907,0.603711260079666,0.609694672081817,0.686165327851417,0.246511418891886,0.603711260079666,-1.11022302462516e-16,0.000135369774090788,7.84002970207198e-05,-2.22044604925031e-16
18,9,ME,432,230,0.594957228523913,0.707109088041797,0.256920204402903,0.557942315970728,0.594957228523913,0.70803868332774,0.257369102329719,0.557942315970728,1.11022302462516e-16,-0.000929595285942941,-0.000448897926815739,-4.44089209850063e-16
19,9,ME,323,172,0.681281213672649,0.71299668202116,0.259620484013161,0.623556137378716,0.681281213672649,0.715103785672504,0.26058315021586,0.623556137378716,-5.55111512312578e-16,-0.00210710365134437,-0.000962666202699414,-4.44089209850063e-16
1,9,ME2,112,22,0.379349309363493,0.562469553549203,0.186338178231321,0.714646464646465,0.379349309363493,0.556423573239536,0.183584400153156,0.714646464646465,3.33066907387547e-16,0.00604598030966719,0.00275377807816474,-3.33066907387547e-16
2,9,ME2,280,21,0.352545471617468,0.503560115290305,0.157672404672397,0.830299687442545,0.352545471617468,0.491282732588704,0.152078465671711,0.830299687442545,-3.88578058618805e-16,0.0122773827016008,0.00559393900068639,-4.44089209850063e-16
3,9,ME2,146,39,0.592047772109053,0.622487229374258,0.215157226965187,0.758207524562665,0.592728866204126,0.6184530143501,0.213230670529191,0.758686796069974,-0.000681094095073109,0.00403421502415768,0.00192655643599612,-0.000479271507309309
4,9,ME2,146,25,0.270445997467497,0.547812209085257,0.179320095021079,0.625454545454546,0.270445997467497,0.540584948625043,0.17604778020966,0.625454545454546,4.44089209850063e-16,0.00722726046021394,0.00327231481141882,-5.55111512312578e-16
5,9,ME2,228,8,0.14653932334428,0.519713497916295,0.16498756219286,0.817045454545455,0.14653932334428,0.507117749719337,0.159096491810122,0.817045454545455,2.4980018054066e-16,0.0125957481969582,0.00589107038273848,-4.44089209850063e-16
6,9,ME2,276,5,0.0694705677464298,0.724215174798331,0.265337407418,0.677490774907749,0.0694705677464298,0.703641510717045,0.255132505284508,0.677490774907749,1.38777878078145e-17,0.0205736640812858,0.010204902133492,1.11022302462516e-16
7,9,ME2,561,257,0.607661429163973,0.677265493214364,0.242182060522699,0.638554679500307,0.608737917037293,0.677741097182295,0.242403290295357,0.639169055908253,-0.00107648787332026,-0.000475603967931004,-0.00022122977265801,-0.000614376407945816
8,9,ME2,320,157,0.544963189609111,0.714472150196539,0.259959439296968,0.556523777890665,0.544987720680913,0.718399054665175,0.26169087372583,0.556484701652925,-2.45310718018921e-05,-0.00392690446863586,-0.00173143442886253,3.9076237739688e-05
10,9,ME2,677,358,0.598606294762785,0.692596596269456,0.249761841975338,0.582415369257982,0.598961082098987,0.693238010245069,0.250058725714968,0.582485420570568,-0.000354787336202089,-0.000641413975613125,-0.00029688373963016,-7.00513125865276e-05
11,9,ME2,1193,375,0.365815374645714,0.666243219626479,0.236858740846455,0.54800814995925,0.366174653072298,0.662804401793566,0.23520602674111,0.549132844335778,-0.000359278426584397,0.00343881783291256,0.00165271410534493,-0.00112469437652785
12,9,ME2,303,228,0.715818859221255,1.03298947811969,0.403743583777126,0.417017543859649,0.715818859221255,1.0527365246882,0.411194576525907,0.417017543859649,0,-0.0197470465685097,-0.00745099274878147,1.11022302462516e-16
13,9,ME2,175,86,0.63835468867811,0.699065997765151,0.252866003803863,0.644107656127515,0.63835468867811,0.70065417854977,0.253594132859692,0.644107656127515,-4.44089209850063e-16,-0.00158818078461864,-0.000728129055829141,0
14,9,ME2,177,28,0.292554678123871,0.591323618350103,0.200241155738257,0.601629913710451,0.292554678123871,0.586498528534607,0.198015014246776,0.601629913710451,2.22044604925031e-16,0.00482508981549601,0.00222614149148107,-4.44089209850063e-16
15,9,ME2,627,384,0.643098110304315,0.833918479534972,0.315072267054252,0.514960562414266,0.643564451934811,0.843331656820639,0.318885310967372,0.516160836762689,-0.000466341630495748,-0.00941317728566715,-0.00381304391312026,-0.00120027434842285
16,9,ME2,193,90,0.640295909123075,0.665547046952012,0.23639571625293,0.651887810140237,0.640295909123075,0.664521088338737,0.235902506765947,0.651887810140237,1.11022302462516e-16,0.0010259586132747,0.00049320948698256,3.33066907387547e-16
17,9,ME2,287,141,0.609694672081817,0.684689035549672,0.245750071247904,0.603711260079666,0.609694672081817,0.68488295033684,0.245820605709397,0.603711260079666,-1.11022302462516e-16,-0.000193914787167793,-7.05344614929382e-05,-2.22044604925031e-16
18,9,ME2,432,230,0.594957228523913,0.768278716080373,0.285219269626457,0.557942315970728,0.594957228523913,0.774006721419936,0.287649119665135,0.557942315970728,1.11022302462516e-16,-0.0057280053395633,-0.00242985003867763,-4.44089209850063e-16
19,9,ME2,323,172,0.681281213672649,0.718580434298145,0.262082780997158,0.623556137378716,0.681281213672649,0.721568397251319,0.263409554268042,0.623556137378716,-5.55111512312578e-16,-0.00298796295317416,-0.00132677327088415,-4.44089209850063e-16
1,9,ME_P,112,22,0.749582481928866,0.510889763326562,0.169507650897052,0.858585858585859,0.756541260671696,0.508862951014907,0.168929663480133,0.867676767676768,-0.00695877874282957,0.00202681231165514,0.000577987416919418,-0.00909090909090948
2,9,ME_P,280,21,0.637073858357207,0.510877199187756,0.168861533371776,0.912300055157198,0.662189103945433,0.491659150396886,0.160622837328073,0.92388306674021,-0.0251152455882265,0.0192180487908696,0.00823869604370286,-0.011583011583012
3,9,ME_P,146,39,0.637423393071271,0.582667994207504,0.199526050075741,0.802060867481428,0.637367803369133,0.591494652945118,0.203226191025108,0.806853582554517,5.55897021375928e-05,-0.00882665873761435,-0.00370014094936691,-0.00479271507308876
4,9,ME_P,146,25,0.528926029339858,0.548215961405182,0.186420069258081,0.764297520661157,0.522462982469667,0.546116454535335,0.185514465042654,0.775206611570248,0.00646304687019095,0.0020995068698465,0.000905604215427264,-0.010909090909091
5,9,ME_P,228,8,0.28058549873066,0.568180187925496,0.195158017536982,0.790909090909091,0.310782340757036,0.555375279516176,0.189584020516142,0.805681818181818,-0.030196842026376,0.0128049084093197,0.00557399702083999,-0.0147727272727272
6,9,ME_P,276,5,0.044273285890933,0.575908910739805,0.198003928336194,0.711439114391144,0.0486234180549762,0.568377411539884,0.194662216158458,0.719557195571956,-0.00435013216404324,0.00753149919992147,0.00334171217773618,-0.00811808118081203
7,9,ME_P,561,257,0.805141243132835,0.552027455998045,0.184699953191913,0.810592873233668,0.822408560812974,0.545021957546932,0.181782846085472,0.824352344869957,-0.0172673176801386,0.00700549845111276,0.00291710710644075,-0.0137594716362892
8,9,ME_P,320,157,0.817535718113984,0.572797203072621,0.193502213586029,0.796451877613223,0.821638018584694,0.575740355172383,0.194339120457988,0.796569106326443,-0.00410230047070959,-0.00294315209976204,-0.000836906871959309,-0.000117228713219508
10,9,ME_P,677,358,0.924461897697139,0.485672593743533,0.156022917440274,0.922120453231992,0.926074694130088,0.485354187957101,0.15620999844456,0.922251799443092,-0.00161279643294909,0.000318405786432219,-0.000187081004285911,-0.000131346211099559
11,9,ME_P,1193,375,0.568380613291364,0.620549430033311,0.215763403188077,0.717061124694377,0.565185572253852,0.617602649693974,0.214256996406054,0.713220863895681,0.003195041037512,0.0029467803393366,0.00150640678202349,0.00384026079869559
12,9,ME_P,303,228,0.9153050955337,0.96644896281363,0.354863469340248,0.769590643274854,0.914536113686531,0.992882047418664,0.359573026389496,0.767076023391813,0.000768981847168782,-0.0264330846050344,-0.00470955704924791,0.0025146198830408
13,9,ME_P,175,86,0.852781028863423,0.496314552991904,0.161162811510572,0.878364253984845,0.853248456413857,0.486345049964339,0.158073574935433,0.877711000783904,-0.000467427550434496,0.00996950302756533,0.00308923657513893,0.000653253200940562
14,9,ME_P,177,28,0.669701378672244,0.529889681479068,0.176034448793573,0.910115052732502,0.664776908094356,0.523539779084723,0.174492126200586,0.912032598274209,0.00492447057788836,0.00634990239434474,0.00154232259298706,-0.00191754554170664
15,9,ME_P,627,384,0.883673591129747,0.710448266138963,0.254333869827836,0.819551611796982,0.880395830327317,0.714422671215809,0.254759841038867,0.815554269547325,0.00327776080242992,-0.0039744050768461,-0.000425971211031495,0.0039973422496572
16,9,ME_P,193,90,0.784064557795644,0.566999484426868,0.190914829666156,0.784789644012945,0.791053707368294,0.559700332174447,0.187891187690379,0.789859762675297,-0.00698914957265029,0.00729915225242084,0.00302364197577656,-0.00507011866235207
17,9,ME_P,287,141,0.913977623589216,0.494008445881721,0.159141109066675,0.909501603031186,0.915368394369211,0.488718009321256,0.156924670941088,0.911007480812203,-0.00139077077999461,0.00529043656046524,0.00221643812558658,-0.00150587778101674
18,9,ME_P,432,230,0.901947614527708,0.531923450983141,0.176758550411913,0.889324149806285,0.901664370465652,0.530053269908332,0.175932241519331,0.887171760654326,0.000283244062056487,0.00187018107480863,0.0008263088925822,0.00215238915195892
19,9,ME_P,323,172,0.856851041411548,0.599444164464617,0.205459602619126,0.822308640073926,0.862206266999923,0.593684127782039,0.202973256543068,0.825773910365009,-0.00535522558837465,0.00576003668257774,0.00248634607605847,-0.00346527029108323
1,9,ME2P,112,22,0.747903289103604,0.492759936881369,0.161660442033268,0.857575757575758,0.752996257301478,0.49158537338009,0.161519377395368,0.865151515151515,-0.00509296819787442,0.00117456350127898,0.000141064637900368,-0.00757575757575746
2,9,ME2P,280,21,0.644285349612166,0.485315094222138,0.157701238980468,0.918367346938776,0.666659952205726,0.46765464740917,0.150249726393829,0.927376355947785,-0.0223746025935604,0.0176604468129676,0.00745151258663868,-0.00900900900900947
3,9,ME2P,146,39,0.620423624277794,0.592785729070678,0.203418925391718,0.800383417205847,0.622881023257221,0.602599537877383,0.207323076786502,0.807093218308172,-0.00245739897942754,-0.00981380880670491,-0.00390415139478439,-0.00670980110232489
4,9,ME2P,146,25,0.5303291526057,0.544081515731401,0.184436167463975,0.767933884297521,0.532762714618409,0.542275066862308,0.18365210426285,0.778512396694215,-0.00243356201270872,0.00180644886909254,0.000784063201124979,-0.0105785123966944
5,9,ME2P,228,8,0.301890767481961,0.582463400296096,0.200938281456267,0.8,0.290435885707201,0.570063811692634,0.195424565406249,0.810795454545455,0.0114548817747598,0.0123995886034621,0.00551371605001766,-0.0107954545454549
6,9,ME2P,276,5,0.0474246586746587,0.846158427391517,0.305890566268724,0.71070110701107,0.0513741718257847,0.837213590922828,0.300048782287087,0.718819188191882,-0.00394951315112602,0.00894483646868915,0.00584178398163698,-0.00811808118081181
7,9,ME2P,561,257,0.810098223905431,0.547723880710209,0.182953751610737,0.814151136596355,0.824259837328525,0.541655543754828,0.180382128693697,0.826323469178784,-0.0141616134230935,0.00606833695538067,0.00257162291704002,-0.0121723325824292
8,9,ME2P,320,157,0.817426417292447,0.5677853647506,0.191649202902492,0.796686335039662,0.821353721207088,0.571504422505245,0.192837781899433,0.796061115235825,-0.00392730391464102,-0.00371905775464543,-0.00118857899694133,0.00062521980383734
10,9,ME2P,677,358,0.921187311308492,0.47501870464647,0.150598887853955,0.919300887900387,0.92328863847133,0.477140656414924,0.151993094009755,0.919633631635173,-0.00210132716283773,-0.00212195176845437,-0.00139420615579955,-0.000332743734785979
11,9,ME2P,1193,375,0.57327695390098,0.614767290747965,0.21321876606576,0.721142624286879,0.570714994827432,0.610782485739556,0.211265459447364,0.718531377343113,0.0025619590735475,0.0039848050084087,0.00195330661839566,0.00261124694376558
12,9,ME2P,303,228,0.91550959789479,0.973971060571148,0.357603519913466,0.769941520467836,0.915223843255688,1.062026365068,0.382799756600106,0.769239766081871,0.000285754639101965,-0.0880553044968516,-0.0251962366866405,0.000701754385965314
13,9,ME2P,175,86,0.8562553161609,0.516249420115309,0.172521571639987,0.882153122550301,0.857165593406358,0.500973035768053,0.16608553577356,0.880324013587667,-0.000910277245458446,0.0152763843472556,0.00643603586642666,0.00182910896263355
14,9,ME2P,177,28,0.659918987968546,0.498812537069401,0.162516520024077,0.907718120805369,0.667655037442792,0.503947727278529,0.166110172343629,0.910834132310642,-0.007736049474246,-0.00513519020912789,-0.00359365231955189,-0.00311601150527285
15,9,ME2P,627,384,0.870104282022165,0.744784933879109,0.266982752275901,0.79849322702332,0.870565831044925,0.742242873269687,0.264927354342677,0.799479166666667,-0.000461549022760632,0.00254206060942253,0.00205539793322396,-0.000985939643347367
16,9,ME2P,193,90,0.787164450228611,0.559565529273632,0.188168699864519,0.791046386192017,0.795718420039373,0.553979561609776,0.185803897229932,0.795145631067961,-0.0085539698107624,0.00558596766385577,0.00236480263458708,-0.00409924487594371
17,9,ME2P,287,141,0.913237605800811,0.493235746589852,0.159008227091134,0.907704265034489,0.916270872718946,0.488885357210821,0.157109386395513,0.911007480812203,-0.00303326691813477,0.00435038937903048,0.00189884069562091,-0.00330321577771353
18,9,ME2P,432,230,0.899818351226941,0.614861522761417,0.216186341294404,0.886224709427465,0.898899356641353,0.600100011216948,0.20927654936294,0.884718037021093,0.000918994585588306,0.0147615115444694,0.00690979193146366,0.00150667240637148
19,9,ME2P,323,172,0.859252896925781,0.608586579849068,0.209603552465318,0.826158940397351,0.863714427276751,0.600109836163424,0.205949044567452,0.829085168643154,-0.0044615303509703,0.008476743685644,0.00365450789786626,-0.00292622824580302
1,10,M0,112,22,0.196428571428571,0.582921050269843,0.195675967561678,0.5,0.196428571428571,0.59476012459852,0.201348944547837,0.5,4.16333634234434e-16,-0.011839074328677,-0.00567297698615862,0
2,10,M0,280,21,0.075,0.54456749005752,0.176600975222913,0.5,0.075,0.562856131045747,0.185442551013687,0.5,0,-0.0182886409882269,-0.00884157579077371,0
3,10,M0,146,39,0.267123287671233,0.613941897650393,0.210942341494129,0.5,0.267123287671233,0.621673150969817,0.214645337188004,0.5,-1.11022302462516e-16,-0.00773125331942437,-0.00370299569387483,0
4,10,M0,146,25,0.171232876712329,0.573358250222809,0.190946647776493,0.5,0.171232876712329,0.586656681377199,0.19732792739409,0.5,-2.4980018054066e-16,-0.0132984311543902,-0.00638127961759682,0
5,10,M0,228,8,0.0350877192982456,0.52672076465545,0.1678186899622,0.5,0.0350877192982456,0.547196568051153,0.177707554500243,0.5,1.38777878078145e-17,-0.020475803395703,-0.00988886453804308,0
6,10,M0,276,5,0.0181159420289855,0.526064196808341,0.167419599194635,0.5,0.0181159420289855,0.547122442672379,0.17761786620828,0.5,6.93889390390723e-18,-0.0210582458640385,-0.0101982670136452,0
7,10,M0,561,257,0.458110516934046,0.702259676547007,0.254326112696109,0.5,0.458110516934046,0.697471039960059,0.252052285471729,0.5,3.88578058618805e-16,0.00478863658694828,0.00227382722437985,0
8,10,M0,320,157,0.490625,0.717479599376218,0.261800654464972,0.5,0.490625,0.710869082160444,0.258658173147009,0.5,0,0.00661051721577355,0.00314248131796341,0
9,10,M0,288,82,0.284722222222222,0.622754086289293,0.215261925064177,0.5,0.284722222222222,0.629600156384745,0.21854708861997,0.5,2.22044604925031e-16,-0.00684607009545235,-0.00328516355579336,0
11,10,M0,1193,375,0.314333612740989,0.640189544781444,0.223786751300336,0.5,0.314333612740989,0.646309322118626,0.226753611420743,0.5,1.11022302462516e-16,-0.00611977733718183,-0.00296686012040717,0
12,10,M0,303,228,0.752475247524752,0.865566216877755,0.333964358951324,0.5,0.752475247524752,0.838524762619821,0.321269775463568,0.5,4.44089209850063e-16,0.0270414542579343,0.0126945834877558,0
13,10,M0,175,86,0.491428571428572,0.716646309115654,0.261413813166792,0.5,0.491428571428572,0.710409150802034,0.258442324719295,0.5,-5.55111512312578e-16,0.00623715831361971,0.00297148844749745,0
14,10,M0,177,28,0.15819209039548,0.569206360800974,0.188880069522658,0.5,0.15819209039548,0.583238574015162,0.195621871820536,0.5,2.4980018054066e-16,-0.014032213214188,-0.00674180229787794,0
15,10,M0,627,384,0.61244019138756,0.797138051900728,0.30037985776829,0.5,0.61244019138756,0.777929016289496,0.291420610714475,0.5,-2.22044604925031e-16,0.0192090356112322,0.00895924705381523,0
16,10,M0,193,90,0.466321243523316,0.704635325060929,0.255520206279241,0.5,0.466321243523316,0.700004150686475,0.253312977329909,0.5,5.55111512312578e-17,0.00463117437445426,0.0022072289493324,0
17,10,M0,287,141,0.491289198606272,0.717527038213371,0.261828954261206,0.5,0.491289198606272,0.710970454130806,0.258710588767755,0.5,-2.22044604925031e-16,0.00655658408256488,0.00311836549345085,0
18,10,M0,432,230,0.532407407407407,0.741155285222405,0.273344249547356,0.5,0.532407407407407,0.730916804952054,0.268499911381838,0.5,4.44089209850063e-16,0.0102384802703505,0.00484433816551766,0
19,10,M0,323,172,0.532507739938081,0.739257594434977,0.272453172281614,0.5,0.532507739938081,0.729584045754148,0.267864262533819,0.5,-4.44089209850063e-16,0.00967354868082926,0.00458890974779463,0
1,10,MP,112,22,0.738610815920484,0.517104582467223,0.174376479836272,0.862878787878788,0.760214831257374,0.526578558308318,0.179012648370709,0.869444444444445,-0.0216040153368902,-0.00947397584109511,-0.00463616853443721,-0.00656565656565711
2,10,MP,280,21,0.603272540442723,0.515566782140378,0.172707537383598,0.906324692038978,0.618967467720808,0.530761573324404,0.180152846459861,0.909450266593124,-0.0156949272780851,-0.0151947911840257,-0.00744530907626334,-0.00312557455414619
3,10,MP,146,39,0.58759407663849,0.587779181675524,0.200980713280413,0.795710520009585,0.634921249570518,0.60885899698863,0.209979844859851,0.790678169182842,-0.0473271729320282,-0.0210798153131064,-0.00899913157943844,0.00503235082674347
4,10,MP,146,25,0.502965572860922,0.566952396943874,0.194387894556093,0.774710743801653,0.507072153692925,0.590105149151892,0.204734924557639,0.768595041322314,-0.00410658083200288,-0.0231527522080182,-0.0103470300015464,0.0061157024793389
5,10,MP,228,8,0.262762410953481,0.589388111375487,0.203899925295062,0.785795454545455,0.292081554191196,0.614748611284955,0.215313284783294,0.790056818181818,-0.0293191432377152,-0.0253604999094681,-0.0114133594882323,-0.00426136363636354
6,10,MP,276,5,0.0443925704996273,0.621173767200854,0.211408207447699,0.709594095940959,0.0445351791264003,0.645505496730541,0.221390882791666,0.721033210332103,-0.000142608626773032,-0.0243317295296872,-0.00998267534396702,-0.0114391143911435
7,10,MP,561,257,0.804143282228854,0.555170226217608,0.185511920397586,0.807975373745648,0.809641730255759,0.543535576692664,0.180027778653934,0.812634394839238,-0.00549844802690513,0.0116346495249435,0.00548414174365197,-0.00465902109358984
8,10,MP,320,157,0.801551859420855,0.579872941193027,0.195118596509171,0.780938611230511,0.816005108355322,0.567939233434807,0.188962877424044,0.791430581063655,-0.0144532489344675,0.0119337077582197,0.00615571908512674,-0.0104919698331443
9,10,MP,288,82,0.61312904651715,0.5414663597148,0.179305638290489,0.768026284631778,0.630780549548471,0.542515776736445,0.179919264453227,0.775455837082643,-0.0176515030313213,-0.00104941702164507,-0.000613626162737968,-0.00742955245086463
11,10,MP,1193,375,0.559063329094832,0.596804647035402,0.204902256734119,0.722203748981255,0.556786508886677,0.612091531791435,0.211281295622712,0.721066014669927,0.00227682020815523,-0.0152868847560332,-0.00637903888859273,0.00113773431132802
12,10,MP,303,228,0.9126316989419,0.848065344784052,0.300129557712635,0.776345029239766,0.921265319834541,0.827472610090691,0.289478325240095,0.791023391812866,-0.00863362089264108,0.0205927346933615,0.0106512324725398,-0.0146783625730998
13,10,MP,175,86,0.832865187792642,0.493786630437204,0.163405175995834,0.860203814998694,0.842616443006938,0.474984934236286,0.155333547580898,0.868630781290828,-0.00975125521429576,0.0188016962009178,0.00807162841493622,-0.00842696629213457
14,10,MP,177,28,0.667197964992716,0.516460415518002,0.172479214026774,0.916466922339406,0.675545566033652,0.533620992501976,0.180645434912642,0.919103547459252,-0.0083476010409359,-0.0171605769839741,-0.00816622088586783,-0.00263662511984653
15,10,MP,627,384,0.867879210848501,0.688384951336826,0.242171891779826,0.806884430727023,0.875118076715491,0.668298079394011,0.232117472868872,0.815725737311385,-0.00723886586698952,0.0200868719428154,0.0100544189109543,-0.00884130658436166
16,10,MP,193,90,0.778678495851145,0.581919646622927,0.194302825507026,0.772491909385113,0.778268195285482,0.579335039004122,0.192355742983181,0.775728155339806,0.000410300565663047,0.00258460761880497,0.00194708252384509,-0.00323624595469274
17,10,MP,287,141,0.900878251881524,0.487630529995157,0.159022002890048,0.904935392985524,0.91014612933295,0.466104700375446,0.149272002347979,0.909963081706014,-0.00926787745142621,0.0215258296197109,0.00975000054206859,-0.00502768872048987
18,10,MP,432,230,0.886386090909944,0.53241735124719,0.178584594069668,0.875441239776152,0.901948090038083,0.5031924618743,0.165606420245448,0.888570813603099,-0.0155619991281387,0.0292248893728904,0.0129781738242204,-0.0131295738269475
19,10,MP,323,172,0.839964878142858,0.599386352127295,0.204155543076128,0.810083936547051,0.854340229869587,0.583236574485018,0.196421938838919,0.817476513168027,-0.0143753517267289,0.0161497776422773,0.00773360423720937,-0.00739257662097637
1,10,MP_cal,112,22,0.738610815920484,0.495643050161833,0.16176935184937,0.862878787878788,0.760214831257374,0.513108551569847,0.170773989649966,0.869444444444445,-0.0216040153368902,-0.0174655014080143,-0.0090046378005956,-0.00656565656565711
2,10,MP_cal,280,21,0.603272540442723,0.487510554623226,0.157531208501924,0.906324692038978,0.618967467720808,0.511680905613815,0.169587350867771,0.909450266593124,-0.0156949272780851,-0.0241703509905893,-0.0120561423658465,-0.00312557455414619
3,10,MP_cal,146,39,0.58759407663849,0.558277561471071,0.188820290140756,0.795710520009585,0.634921249570518,0.58711678440151,0.201776274601967,0.790678169182842,-0.0473271729320282,-0.0288392229304392,-0.012955984461211,0.00503235082674347
4,10,MP_cal,146,25,0.502965572860922,0.536643688408655,0.180479810237689,0.774710743801653,0.507072153692925,0.570252950753273,0.19617228859426,0.768595041322314,-0.00410658083200288,-0.033609262344618,-0.0156924783565708,0.0061157024793389
5,10,MP_cal,228,8,0.262762410953481,0.541814555773169,0.182706557250545,0.785795454545455,0.292081554191196,0.582861580946596,0.201778057726393,0.790056818181818,-0.0293191432377152,-0.0410470251734274,-0.0190715004758485,-0.00426136363636354
6,10,MP_cal,276,5,0.0443925704996273,0.55614580360508,0.188212801733637,0.709594095940959,0.0445351791264003,0.597036273300108,0.206477625348077,0.721033210332103,-0.000142608626773032,-0.0408904696950282,-0.0182648236144403,-0.0114391143911435
7,10,MP_cal,561,257,0.804143282228854,0.5671352471144,0.191489533249691,0.807975373745648,0.809641730255759,0.551470493160351,0.184188321873093,0.812634394839238,-0.00549844802690513,0.015664753954049,0.00730121137659787,-0.00465902109358984
8,10,MP_cal,320,157,0.801551859420855,0.586802200602631,0.19959159711686,0.780938611230511,0.816005108355322,0.568814984527702,0.191254512960473,0.791430581063655,-0.0144532489344675,0.0179872160749285,0.00833708415638657,-0.0104919698331443
9,10,MP_cal,288,82,0.61312904651715,0.528017901932072,0.173903478275964,0.768026284631778,0.630780549548471,0.530644716146234,0.175303372839258,0.775455837082643,-0.0176515030313213,-0.00262681421416189,-0.00139989456329367,-0.00742955245086463
11,10,MP_cal,1193,375,0.559063329094832,0.581959818521724,0.198966241967505,0.722203748981255,0.556786508886677,0.597096532017347,0.206054193610353,0.721066014669927,0.00227682020815523,-0.0151367134956228,-0.00708795164284759,0.00113773431132802
12,10,MP_cal,303,228,0.9126316989419,0.854056842772057,0.315626285129574,0.776345029239766,0.921265319834541,0.841754791973352,0.304909991105865,0.791023391812866,-0.00863362089264108,0.0123020507987054,0.0107162940237088,-0.0146783625730998
13,10,MP_cal,175,86,0.832865187792642,0.534194821780631,0.178807972917099,0.860203814998694,0.842616443006938,0.497069748390844,0.163249890341954,0.868630781290828,-0.00975125521429576,0.0371250733897874,0.015558082575145,-0.00842696629213457
14,10,MP_cal,177,28,0.667197964992716,0.489077162826911,0.156790892526185,0.916466922339406,0.675545566033652,0.502499111494608,0.165933775225944,0.919103547459252,-0.0083476010409359,-0.0134219486676974,-0.00914288269975894,-0.00263662511984653
15,10,MP_cal,627,384,0.867879210848501,0.725675971197816,0.2621903015667,0.806884430727023,0.875118076715491,0.692868315326095,0.245717115929365,0.815725737311385,-0.00723886586698952,0.0328076558717207,0.0164731856373348,-0.00884130658436166
16,10,MP_cal,193,90,0.778678495851145,0.586297914529862,0.198892136795177,0.772491909385113,0.778268195285482,0.572848608732251,0.192610539287929,0.775728155339806,0.000410300565663047,0.0134493057976114,0.00628159750724797,-0.00323624595469274
17,10,MP_cal,287,141,0.900878251881524,0.534335853303621,0.178413208213354,0.904935392985524,0.91014612933295,0.495486239147011,0.16045109145637,0.909963081706014,-0.00926787745142621,0.0388496141566102,0.0179621167569843,-0.00502768872048987
18,10,MP_cal,432,230,0.886386090909944,0.580581579486217,0.199464517572065,0.875441239776152,0.901948090038083,0.536129899104109,0.178809491974435,0.888570813603099,-0.0155619991281387,0.0444516803821078,0.0206550255976297,-0.0131295738269475
19,10,MP_cal,323,172,0.839964878142858,0.627590497251938,0.218506563652007,0.810083936547051,0.854340229869587,0.59776293728645,0.204427678047874,0.817476513168027,-0.0143753517267289,0.0298275599654878,0.0140788856041328,-0.00739257662097637
1,10,ME,112,22,0.379349309363493,0.567787654335885,0.188695566565522,0.714646464646465,0.379349309363493,0.576402401085563,0.19279129716684,0.714646464646465,3.33066907387547e-16,-0.00861474674967822,-0.00409573060131777,-3.33066907387547e-16
2,10,ME,280,21,0.352545471617468,0.512120995139458,0.161474372120999,0.830299687442545,0.352545471617468,0.52291730782217,0.166655053545391,0.830299687442545,-3.88578058618805e-16,-0.0107963126827121,-0.00518068142439201,-4.44089209850063e-16
3,10,ME,146,39,0.627640986501488,0.602980830874204,0.20560979223432,0.780254013898874,0.627640986501488,0.610935013062588,0.209442921752146,0.780254013898874,-3.33066907387547e-16,-0.00795418218838395,-0.00383312951782641,-3.33066907387547e-16
4,10,ME,146,25,0.270445997467497,0.53814083148827,0.174711191432327,0.625454545454546,0.270445997467497,0.544038083938858,0.177471926458478,0.625454545454546,4.44089209850063e-16,-0.00589725245058859,-0.00276073502615151,-5.55111512312578e-16
5,10,ME,228,8,0.14653932334428,0.48192626017697,0.146908275601207,0.817045454545455,0.14653932334428,0.492204016654421,0.151805923534161,0.817045454545455,2.4980018054066e-16,-0.0102777564774511,-0.00489764793295425,-4.44089209850063e-16
6,10,ME,276,5,0.0694705677464298,0.458375392508006,0.135715431815175,0.677490774907749,0.0694705677464298,0.461096203356855,0.137101733540443,0.677490774907749,1.38777878078145e-17,-0.00272081084884906,-0.00138630172526819,1.11022302462516e-16
7,10,ME,561,257,0.622320050323158,0.688011919694989,0.24744891797032,0.643124104034405,0.622320050323158,0.681918513715047,0.244466259296513,0.643124104034405,2.22044604925031e-16,0.00609340597994235,0.0029826586738072,1.11022302462516e-16
8,10,ME,320,157,0.546521562334421,0.729744291812494,0.267115303984301,0.558047751162518,0.546521562334421,0.723934665119574,0.264410764209395,0.558047751162518,1.11022302462516e-16,0.00580962669291962,0.0027045397749062,0
9,10,ME,288,82,0.534064545668899,0.596967938026629,0.203141726446868,0.727563343594601,0.534064545668899,0.59976278937235,0.204424316111453,0.727563343594601,2.22044604925031e-16,-0.00279485134572111,-0.00128258966458519,0
11,10,ME,1193,375,0.350259612236911,0.665449436485865,0.236314890649614,0.516050529747351,0.350259612236911,0.673712104555657,0.240397745157377,0.516050529747351,4.44089209850063e-16,-0.00826266806979192,-0.0040828545077633,2.22044604925031e-16
12,10,ME,303,228,0.715818859221255,1.09514131882247,0.427592693983619,0.417017543859649,0.715818859221255,1.06876699810025,0.417493346648271,0.417017543859649,0,0.0263743207222158,0.0100993473353476,1.11022302462516e-16
13,10,ME,175,86,0.63835468867811,0.687075465858472,0.247050815772294,0.644107656127515,0.63835468867811,0.680796975946184,0.243924795215392,0.644107656127515,-4.44089209850063e-16,0.00627848991228841,0.00312602055690242,0
14,10,ME,177,28,0.292554678123871,0.601255228442368,0.20481633722877,0.601629913710451,0.292554678123871,0.618400722438184,0.213233840573084,0.601629913710451,2.22044604925031e-16,-0.0171454939958156,-0.0084175033443144,-4.44089209850063e-16
15,10,ME,627,384,0.669255585186163,0.830502343922638,0.313829650850083,0.564021776406036,0.669255585186163,0.814288706532725,0.306578091278746,0.564021776406036,4.44089209850063e-16,0.0162136373899127,0.00725155957133655,-3.33066907387547e-16
16,10,ME,193,90,0.640295909123075,0.675172076371264,0.241192662356792,0.651887810140237,0.640295909123075,0.669980386717813,0.238594030734564,0.651887810140237,1.11022302462516e-16,0.00519168965345063,0.00259863162222837,3.33066907387547e-16
17,10,ME,287,141,0.609694672081817,0.692284492343899,0.24953809163305,0.603711260079666,0.609694672081817,0.686165327851417,0.246511418891886,0.603711260079666,-1.11022302462516e-16,0.00611916449248195,0.00302667274116403,-2.22044604925031e-16
18,10,ME,432,230,0.594957228523913,0.717733577356457,0.262086193951606,0.557942315970728,0.594957228523913,0.70803868332774,0.257369102329719,0.557942315970728,1.11022302462516e-16,0.00969489402871737,0.00471709162188688,-4.44089209850063e-16
19,10,ME,323,172,0.681281213672649,0.724857859526278,0.265319011530444,0.623556137378716,0.681281213672649,0.715103785672504,0.26058315021586,0.623556137378716,-5.55111512312578e-16,0.00975407385377369,0.00473586131458387,-4.44089209850063e-16
1,10,ME2,112,22,0.379349309363493,0.553750133781672,0.182306219440448,0.714646464646465,0.379349309363493,0.556423573239536,0.183584400153156,0.714646464646465,3.33066907387547e-16,-0.00267343945786436,-0.00127818071270802,-3.33066907387547e-16
2,10,ME2,280,21,0.352545471617468,0.490328844210607,0.15150786045723,0.830299687442545,0.352545471617468,0.491282732588704,0.152078465671711,0.830299687442545,-3.88578058618805e-16,-0.000953888378097068,-0.000570605214480879,-4.44089209850063e-16
3,10,ME2,146,39,0.595367651508196,0.611054800210929,0.209593605341567,0.760364246345555,0.592728866204126,0.6184530143501,0.213230670529191,0.758686796069974,0.00263878530406991,-0.00739821413917063,-0.00363706518762369,0.00167745027558075
4,10,ME2,146,25,0.270445997467497,0.536231500555211,0.173997915303871,0.625454545454546,0.270445997467497,0.540584948625043,0.17604778020966,0.625454545454546,4.44089209850063e-16,-0.00435344806983162,-0.00204986490578901,-5.55111512312578e-16
5,10,ME2,228,8,0.14653932334428,0.497456640813374,0.154455284041922,0.817045454545455,0.14653932334428,0.507117749719337,0.159096491810122,0.817045454545455,2.4980018054066e-16,-0.00966110890596333,-0.00464120776819982,-4.44089209850063e-16
6,10,ME2,276,5,0.0694705677464298,0.700751461892796,0.253709189764567,0.677490774907749,0.0694705677464298,0.703641510717045,0.255132505284508,0.677490774907749,1.38777878078145e-17,-0.00289004882424937,-0.00142331551994135,1.11022302462516e-16
7,10,ME2,561,257,0.611179671240002,0.682411388350263,0.244696718964408,0.640730595945116,0.608737917037293,0.677741097182295,0.242403290295357,0.639169055908253,0.00244175420270909,0.00467029116796791,0.00229342866905144,0.00156154003686271
8,10,ME2,320,157,0.545618975071432,0.72360325640488,0.264122844393284,0.556719159079364,0.544987720680913,0.718399054665175,0.26169087372583,0.556484701652925,0.000631254390519365,0.0052042017397046,0.00243197066745421,0.000234457426438905
9,10,ME2,288,82,0.534064545668899,0.5922354651203,0.200996618324946,0.727563343594601,0.534064545668899,0.593989620109714,0.201820033759654,0.727563343594601,2.22044604925031e-16,-0.00175415498941411,-0.000823415434708458,0
11,10,ME2,1193,375,0.365113104389966,0.659474587522206,0.233528721065616,0.544862265688672,0.366174653072298,0.662804401793566,0.23520602674111,0.549132844335778,-0.00106154868233244,-0.0033298142713597,-0.0016773056754939,-0.00427057864710645
12,10,ME2,303,228,0.715818859221255,1.14590961573954,0.446596731287126,0.417017543859649,0.715818859221255,1.0527365246882,0.411194576525907,0.417017543859649,0,0.0931730910513378,0.0354021547612194,1.11022302462516e-16
13,10,ME2,175,86,0.63835468867811,0.702478144877504,0.254500166874077,0.644107656127515,0.63835468867811,0.70065417854977,0.253594132859692,0.644107656127515,-4.44089209850063e-16,0.00182396632773374,0.000906034014385271,0
14,10,ME2,177,28,0.292554678123871,0.581073639713187,0.195323423006849,0.601629913710451,0.292554678123871,0.586498528534607,0.198015014246776,0.601629913710451,2.22044604925031e-16,-0.00542488882142012,-0.00269159123992699,-4.44089209850063e-16
15,10,ME2,627,384,0.647220536283585,0.853072527797223,0.323053567768671,0.521851423182442,0.643564451934811,0.843331656820639,0.318885310967372,0.516160836762689,0.00365608434877407,0.0097408709765836,0.0041682568012989,0.00569058641975273
16,10,ME2,193,90,0.640295909123075,0.667964254749024,0.237616841884429,0.651887810140237,0.640295909123075,0.664521088338737,0.235902506765947,0.651887810140237,1.11022302462516e-16,0.00344316641028719,0.00171433511848235,3.33066907387547e-16
17,10,ME2,287,141,0.609694672081817,0.688747070212479,0.247732781524335,0.603711260079666,0.609694672081817,0.68488295033684,0.245820605709397,0.603711260079666,-1.11022302462516e-16,0.00386411987563895,0.00191217581493836,-2.22044604925031e-16
18,10,ME2,432,230,0.594957228523913,0.775322852509786,0.28829766283107,0.557942315970728,0.594957228523913,0.774006721419936,0.287649119665135,0.557942315970728,1.11022302462516e-16,0.00131613108984952,0.000648543165935211,-4.44089209850063e-16
19,10,ME2,323,172,0.681281213672649,0.727256288318092,0.266192319770914,0.623556137378716,0.681281213672649,0.721568397251319,0.263409554268042,0.623556137378716,-5.55111512312578e-16,0.00568789106677314,0.00278276550287176,-4.44089209850063e-16
1,10,ME_P,112,22,0.74935911707806,0.493021475745087,0.160621480150588,0.860606060606061,0.756541260671696,0.508862951014907,0.168929663480133,0.867676767676768,-0.00718214359363611,-0.0158414752698197,-0.00830818332954519,-0.00707070707070745
2,10,ME_P,280,21,0.632550325787138,0.474369154819889,0.151527431812555,0.91855120426549,0.662189103945433,0.491659150396886,0.160622837328073,0.92388306674021,-0.0296387781582949,-0.0172899955769972,-0.00909540551551841,-0.00533186247472006
3,10,ME_P,146,39,0.642091804283044,0.560479585798728,0.189378642590647,0.813084112149533,0.637367803369133,0.591494652945118,0.203226191025108,0.806853582554517,0.0047240009139109,-0.0310150671463899,-0.0138475484344606,0.00623052959501569
4,10,ME_P,146,25,0.514309621343244,0.520620268613682,0.17326026311036,0.778181818181818,0.522462982469667,0.546116454535335,0.185514465042654,0.775206611570248,-0.00815336112642317,-0.0254961859216531,-0.0122542019322939,0.00297520661157025
5,10,ME_P,228,8,0.268129833129833,0.523999965077761,0.174655267816394,0.800568181818182,0.310782340757036,0.555375279516176,0.189584020516142,0.805681818181818,-0.0426525076272029,-0.0313753144384148,-0.0149287526997476,-0.00511363636363627
6,10,ME_P,276,5,0.0473000534150263,0.546338221237298,0.184060996341084,0.71070110701107,0.0486234180549762,0.568377411539884,0.194662216158458,0.719557195571956,-0.00132336463994992,-0.0220391903025861,-0.0106012198173742,-0.00885608856088582
7,10,ME_P,561,257,0.813689298317433,0.56277887862538,0.189874086005375,0.816058263362687,0.822408560812974,0.545021957546932,0.181782846085472,0.824352344869957,-0.00871926249554134,0.0177569210784483,0.00809123991990296,-0.00829408150727018
8,10,ME_P,320,157,0.80671974710023,0.592426753739766,0.202171158533234,0.784924387479973,0.821638018584694,0.575740355172383,0.194339120457988,0.796569106326443,-0.014918271484464,0.0166863985673834,0.00783203807524621,-0.0116447188464696
9,10,ME_P,288,82,0.632309191403439,0.518193552744242,0.169612991829337,0.783270187070803,0.646098737686954,0.515205835639023,0.16870867908056,0.794873312810798,-0.0137895462835154,0.00298771710521906,0.000904312748777142,-0.0116031257399952
11,10,ME_P,1193,375,0.568402794741379,0.600367155688164,0.20681354351552,0.713869600651997,0.565185572253852,0.617602649693974,0.214256996406054,0.713220863895681,0.00321722248752654,-0.0172354940058101,-0.00744345289053433,0.000648736756315826
12,10,ME_P,303,228,0.904490731419737,1.00222419120085,0.371995241230268,0.74906432748538,0.914536113686531,0.992882047418664,0.359573026389496,0.767076023391813,-0.0100453822667936,0.00934214378219045,0.0124222148407722,-0.0180116959064329
13,10,ME_P,175,86,0.845531741531929,0.524489044578224,0.173891123553238,0.871178468774497,0.853248456413857,0.486345049964339,0.158073574935433,0.877711000783904,-0.00771671488192816,0.0381439946138852,0.0158175486178046,-0.00653253200940696
14,10,ME_P,177,28,0.670837574682251,0.508489346444345,0.165147755471898,0.910594439117929,0.664776908094356,0.523539779084723,0.174492126200586,0.912032598274209,0.00606066658789461,-0.0150504326403782,-0.00934437072868832,-0.00143815915627998
15,10,ME_P,627,384,0.872487556403551,0.746684759672696,0.271059444418562,0.806337877229081,0.880395830327317,0.714422671215809,0.254759841038867,0.815554269547325,-0.00790827392376647,0.0322620884568864,0.0162996033796951,-0.00921639231824411
16,10,ME_P,193,90,0.791513064494167,0.572352198351224,0.193533231535485,0.786515641855448,0.791053707368294,0.559700332174447,0.187891187690379,0.789859762675297,0.000459357125872972,0.0126518661767774,0.00564204384510564,-0.00334412081984936
17,10,ME_P,287,141,0.908006013037224,0.525599628730734,0.173782561444069,0.906489847469154,0.915368394369211,0.488718009321256,0.156924670941088,0.911007480812203,-0.00736238133198675,0.036881619409478,0.0168578905029809,-0.00451763334304911
18,10,ME_P,432,230,0.885884864596436,0.572718368333224,0.195684221303876,0.874558760223849,0.901664370465652,0.530053269908332,0.175932241519331,0.887171760654326,-0.0157795058692162,0.0426650984248916,0.0197519797845454,-0.0126130004304775
19,10,ME_P,323,172,0.849308654769831,0.62320192617733,0.216812537044422,0.81799630371169,0.862206266999923,0.593684127782039,0.202973256543068,0.825773910365009,-0.012897612230092,0.0295177983952911,0.0138392805013541,-0.0077776066533195
1,10,ME2P,112,22,0.744907197213721,0.48395200349428,0.156659412013565,0.858080808080808,0.752996257301478,0.49158537338009,0.161519377395368,0.865151515151515,-0.00808906008775734,-0.00763336988580976,-0.0048599653818035,-0.00707070707070689
2,10,ME2P,280,21,0.642870157313002,0.463865558663487,0.146880520838889,0.921492921492922,0.666659952205726,0.46765464740917,0.150249726393829,0.927376355947785,-0.0237897948927242,-0.00378908874568279,-0.00336920555494019,-0.0058834344548635
3,10,ME2P,146,39,0.62937717877674,0.568762454159652,0.192602437855179,0.812844476395878,0.622881023257221,0.602599537877383,0.207323076786502,0.807093218308172,0.00649615551951888,-0.0338370837177308,-0.0147206389313226,0.00575125808770627
4,10,ME2P,146,25,0.516471899263186,0.518952585733568,0.172376472039063,0.779834710743802,0.532762714618409,0.542275066862308,0.18365210426285,0.778512396694215,-0.0162908153552229,-0.0233224811287397,-0.0112756322237866,0.0013223140495866
5,10,ME2P,228,8,0.288486405835544,0.535368941260476,0.179306145733566,0.807954545454546,0.290435885707201,0.570063811692634,0.195424565406249,0.810795454545455,-0.00194947987165733,-0.0346948704321578,-0.0161184196726828,-0.0028409090909095
6,10,ME2P,276,5,0.0493734230822733,0.781486137443315,0.280954825862015,0.711439114391144,0.0513741718257847,0.837213590922828,0.300048782287087,0.718819188191882,-0.0020007487435114,-0.0557274534795126,-0.0190939564250719,-0.00738007380073802
7,10,ME2P,561,257,0.817184541801437,0.558954576367393,0.188245818807966,0.81897655130043,0.824259837328525,0.541655543754828,0.180382128693697,0.826323469178784,-0.00707529552708808,0.0172990326125645,0.00786369011426924,-0.00734691787835395
8,10,ME2P,320,157,0.807020459661099,0.588269325287642,0.200604255211552,0.784377320151616,0.821353721207088,0.571504422505245,0.192837781899433,0.796061115235825,-0.0143332615459895,0.0167649027823966,0.0077664733121188,-0.0116837950842092
9,10,ME2P,288,82,0.639891901031593,0.514717596718062,0.168131254962778,0.790314941984371,0.653635153532495,0.510822465365798,0.166902240823523,0.801326071513142,-0.0137432525009022,0.00389513135226349,0.00122901413925486,-0.0110111295287706
11,10,ME2P,1193,375,0.570853742850678,0.598797869565176,0.206097300664213,0.715659331703342,0.570714994827432,0.610782485739556,0.211265459447364,0.718531377343113,0.000138748023245538,-0.0119846161743804,-0.00516815878315083,-0.0028720456397715
12,10,ME2P,303,228,0.9065232146213,1.10307861558999,0.407635804485911,0.753450292397661,0.915223843255688,1.062026365068,0.382799756600106,0.769239766081871,-0.0087006286343877,0.0410522505219886,0.0248360478858051,-0.0157894736842101
13,10,ME2P,175,86,0.84947334021448,0.539656210130212,0.182410469455114,0.875359289260518,0.857165593406358,0.500973035768053,0.16608553577356,0.880324013587667,-0.00769225319187816,0.0386831743621587,0.0163249336815541,-0.00496472432714956
14,10,ME2P,177,28,0.664865764261499,0.491843641350586,0.157823272359851,0.905800575263662,0.667655037442792,0.503947727278529,0.166110172343629,0.910834132310642,-0.00278927318129296,-0.012104085927943,-0.0082868999837778,-0.0050335570469795
15,10,ME2P,627,384,0.860275137502111,0.769550998351689,0.279406217339222,0.787090620713306,0.870565831044925,0.742242873269687,0.264927354342677,0.799479166666667,-0.010290693542814,0.0273081250820023,0.0144788629965453,-0.012388545953361
16,10,ME2P,193,90,0.799696584200818,0.564657668993508,0.190489334809683,0.794498381877023,0.795718420039373,0.553979561609776,0.185803897229932,0.795145631067961,0.00397816416144514,0.0106781073837317,0.00468543757975112,-0.000647249190938282
17,10,ME2P,287,141,0.907821075759331,0.523042717412512,0.17252390711379,0.904061012338483,0.916270872718946,0.488885357210821,0.157109386395513,0.911007480812203,-0.00844979695961479,0.0341573602016914,0.0154145207182769,-0.00694646847372049
18,10,ME2P,432,230,0.883136900738144,0.641954812368964,0.228479578288123,0.87137322427895,0.898899356641353,0.600100011216948,0.20927654936294,0.884718037021093,-0.0157624559032091,0.0418548011520161,0.0192030289251834,-0.0133448127421434
19,10,ME2P,323,172,0.853280813183661,0.626844404178195,0.218560647521259,0.823117203141845,0.863714427276751,0.600109836163424,0.205949044567452,0.829085168643154,-0.0104336140930896,0.0267345680147713,0.0126116029538067,-0.00596796550130885
1,11,M0,112,22,0.196428571428571,0.612662976423813,0.21004096867898,0.5,0.196428571428571,0.59476012459852,0.201348944547837,0.5,4.16333634234434e-16,0.0179028518252932,0.00869202413114284,0
2,11,M0,280,21,0.075,0.595874106150593,0.201599192662997,0.5,0.075,0.562856131045747,0.185442551013687,0.5,0,0.0330179751048457,0.0161566416493096,0
3,11,M0,146,39,0.267123287671233,0.633758594608031,0.220511268788812,0.5,0.267123287671233,0.621673150969817,0.214645337188004,0.5,-1.11022302462516e-16,0.0120854436382144,0.00586593160080834,0
4,11,M0,146,25,0.171232876712329,0.607242014542779,0.207335151805312,0.5,0.171232876712329,0.586656681377199,0.19732792739409,0.5,-2.4980018054066e-16,0.0205853331655803,0.010007224411222,0
5,11,M0,228,8,0.0350877192982456,0.583011842602884,0.195216287238421,0.5,0.0350877192982456,0.547196568051153,0.177707554500243,0.5,1.38777878078145e-17,0.0358152745517311,0.0175087327381783,0
6,11,M0,276,5,0.0181159420289855,0.586462319336398,0.196895366296771,0.5,0.0181159420289855,0.547122442672379,0.17761786620828,0.5,6.93889390390723e-18,0.0393398766640191,0.0192775000884912,0
7,11,M0,561,257,0.458110516934046,0.693247030536989,0.250015867398996,0.5,0.458110516934046,0.697471039960059,0.252052285471729,0.5,3.88578058618805e-16,-0.00422400942307033,-0.00203641807273269,0
8,11,M0,320,157,0.490625,0.704287647983317,0.255483739392431,0.5,0.490625,0.710869082160444,0.258658173147009,0.5,0,-0.00658143417712742,-0.00317443375457832,0
9,11,M0,288,82,0.284722222222222,0.641016477465489,0.224098932905813,0.5,0.284722222222222,0.629600156384745,0.21854708861997,0.5,2.22044604925031e-16,0.0114163210807439,0.00555184428584313,0
10,11,M0,677,358,0.528803545051699,0.72250255824421,0.264445392550868,0.5,0.528803545051699,0.732404609655295,0.269181907043285,0.5,-3.33066907387547e-16,-0.00990205141108536,-0.0047365144924168,0
12,11,M0,303,228,0.752475247524752,0.814308245229947,0.309717171682864,0.5,0.752475247524752,0.838524762619821,0.321269775463568,0.5,4.44089209850063e-16,-0.0242165173898743,-0.0115526037807044,0
13,11,M0,175,86,0.491428571428572,0.703951724520307,0.255322875976563,0.5,0.491428571428572,0.710409150802034,0.258442324719295,0.5,-5.55111512312578e-16,-0.00645742628172752,-0.00311944874273246,0
14,11,M0,177,28,0.15819209039548,0.605506558156218,0.206459333843815,0.5,0.15819209039548,0.583238574015162,0.195621871820536,0.5,2.4980018054066e-16,0.0222679841410561,0.0108374620232789,0
15,11,M0,627,384,0.61244019138756,0.762895040924794,0.284283066273257,0.5,0.61244019138756,0.777929016289496,0.291420610714475,0.5,-2.22044604925031e-16,-0.0150339753647016,-0.007137544441218,0
16,11,M0,193,90,0.466321243523316,0.695508461904353,0.251140543933071,0.5,0.466321243523316,0.700004150686475,0.253312977329909,0.5,5.55111512312578e-17,-0.00449568878212192,-0.00217243339683848,0
17,11,M0,287,141,0.491289198606272,0.704379580529059,0.255530511070486,0.5,0.491289198606272,0.710970454130806,0.258710588767755,0.5,-2.22044604925031e-16,-0.00659087360174682,-0.0031800776972688,0
18,11,M0,432,230,0.532407407407407,0.720995961236644,0.263732667586931,0.5,0.532407407407407,0.730916804952054,0.268499911381838,0.5,4.44089209850063e-16,-0.00992084371541047,-0.00476724379490745,0
19,11,M0,323,172,0.532507739938081,0.719775210656074,0.263141531209115,0.5,0.532507739938081,0.729584045754148,0.267864262533819,0.5,-4.44089209850063e-16,-0.00980883509807362,-0.00472273132470391,0
1,11,MP,112,22,0.741506152418586,0.570831408635394,0.19851976407862,0.863636363636364,0.760214831257374,0.526578558308318,0.179012648370709,0.869444444444445,-0.0187086788387884,0.0442528503270759,0.0195071157079111,-0.00580808080808137
2,11,MP,280,21,0.552446517689804,0.573648174281684,0.198970673982973,0.895569038426181,0.618967467720808,0.530761573324404,0.180152846459861,0.909450266593124,-0.0665209500310037,0.0428866009572799,0.0188178275231116,-0.0138812281669427
3,11,MP,146,39,0.647395571442733,0.63630045431544,0.222599183466239,0.805415768032591,0.634921249570518,0.60885899698863,0.209979844859851,0.790678169182842,0.0124743218722154,0.0274414573268097,0.0126193386063882,0.0147375988497486
4,11,MP,146,25,0.546572529828535,0.619375134294362,0.218188528354412,0.785619834710744,0.507072153692925,0.590105149151892,0.204734924557639,0.768595041322314,0.0395003761356095,0.0292699851424699,0.0134536037967733,0.0170247933884298
5,11,MP,228,8,0.385794644393638,0.658722184890902,0.235074335081843,0.813352272727273,0.292081554191196,0.614748611284955,0.215313284783294,0.790056818181818,0.0937130902024416,0.0439735736059468,0.0197610502985493,0.0232954545454547
6,11,MP,276,5,0.0550512490373976,0.701452700814659,0.244311245284018,0.72619926199262,0.0445351791264003,0.645505496730541,0.221390882791666,0.721033210332103,0.0105160699109973,0.0559472040841176,0.0229203624923521,0.00516605166051698
7,11,MP,561,257,0.797885982757758,0.534772861016283,0.177017870404297,0.813274370264182,0.809641730255759,0.543535576692664,0.180027778653934,0.812634394839238,-0.0117557474980011,-0.00876271567638143,-0.00300990824963685,0.000639975424943762
8,11,MP,320,157,0.809598236109318,0.568238928890358,0.189924537132343,0.78570591223477,0.816005108355322,0.567939233434807,0.188962877424044,0.791430581063655,-0.00640687224600367,0.000299695455550753,0.000961659708298673,-0.00572466882888501
9,11,MP,288,82,0.6577860160933,0.545706974261603,0.18262763869594,0.790462941037177,0.630780549548471,0.542515776736445,0.179919264453227,0.775455837082643,0.0270054665448288,0.00319119752515817,0.002708374242713,0.0150071039545344
10,11,MP,677,358,0.926993008271041,0.434608251473024,0.13494765315116,0.923762280870738,0.921148186153207,0.457852184983101,0.145889675587365,0.918928740302271,0.00584482211783366,-0.0232439335100771,-0.0109420224362048,0.00483354056846685
12,11,MP,303,228,0.923392462038201,0.804502980853092,0.277886031833479,0.789356725146199,0.921265319834541,0.827472610090691,0.289478325240095,0.791023391812866,0.00212714220366006,-0.0229696292375987,-0.0115922934066164,-0.00166666666666715
13,11,MP,175,86,0.843168424236288,0.468434489880421,0.152472223285952,0.864188659524432,0.842616443006938,0.474984934236286,0.155333547580898,0.868630781290828,0.000551981229350074,-0.00655044435586488,-0.00286132429494648,-0.00444212176639636
14,11,MP,177,28,0.579525409623461,0.600593115455715,0.207993997582306,0.882430488974113,0.675545566033652,0.533620992501976,0.180645434912642,0.919103547459252,-0.0960201564101907,0.0669721229537388,0.0273485626696642,-0.0366730584851389
15,11,MP,627,384,0.861274291154144,0.665017511732,0.229321956104636,0.801965449245542,0.875118076715491,0.668298079394011,0.232117472868872,0.815725737311385,-0.0138437855613471,-0.00328056766201068,-0.00279551676423587,-0.0137602880658432
16,11,MP,193,90,0.779635880374593,0.571655703989888,0.190374661610065,0.781877022653722,0.778268195285482,0.579335039004122,0.192355742983181,0.775728155339806,0.00136768508911056,-0.0076793350142339,-0.00198108137311556,0.00614886731391573
17,11,MP,287,141,0.913490701942381,0.456344558128405,0.143612228240692,0.905834061983873,0.91014612933295,0.466104700375446,0.149272002347979,0.909963081706014,0.00334457260943066,-0.00976014224704125,-0.00565977410728707,-0.00412901972214153
18,11,MP,432,230,0.897380159947142,0.487296094008813,0.158151610839087,0.883663366336634,0.901948090038083,0.5031924618743,0.165606420245448,0.888570813603099,-0.00456793009094081,-0.0158963678654865,-0.00745480940636067,-0.0049074472664653
19,11,MP,323,172,0.860935841813637,0.565078847574063,0.187816807188381,0.822501155090097,0.854340229869587,0.583236574485018,0.196421938838919,0.817476513168027,0.00659561194405012,-0.0181577269109551,-0.00860513165053767,0.00502464192206997
1,11,MP_cal,112,22,0.741506152418586,0.557398506083605,0.191069900501099,0.863636363636364,0.760214831257374,0.513108551569847,0.170773989649966,0.869444444444445,-0.0187086788387884,0.0442899545137581,0.020295910851133,-0.00580808080808137
2,11,MP_cal,280,21,0.552446517689804,0.555058978083914,0.189456391615423,0.895569038426181,0.618967467720808,0.511680905613815,0.169587350867771,0.909450266593124,-0.0665209500310037,0.0433780724700992,0.0198690407476522,-0.0138812281669427
3,11,MP_cal,146,39,0.647395571442733,0.615745212967337,0.214991771328323,0.805415768032591,0.634921249570518,0.58711678440151,0.201776274601967,0.790678169182842,0.0124743218722154,0.0286284285658266,0.0132154967263562,0.0147375988497486
4,11,MP_cal,146,25,0.546572529828535,0.600337835764558,0.209744260897362,0.785619834710744,0.507072153692925,0.570252950753273,0.19617228859426,0.768595041322314,0.0395003761356095,0.0300848850112854,0.0135719723031021,0.0170247933884298
5,11,MP_cal,228,8,0.385794644393638,0.628792092759761,0.222550702151101,0.813352272727273,0.292081554191196,0.582861580946596,0.201778057726393,0.790056818181818,0.0937130902024416,0.0459305118131648,0.0207726444247081,0.0232954545454547
6,11,MP_cal,276,5,0.0550512490373976,0.651339184579943,0.229649726899067,0.72619926199262,0.0445351791264003,0.597036273300108,0.206477625348077,0.721033210332103,0.0105160699109973,0.0543029112798345,0.0231721015509901,0.00516605166051698
7,11,MP_cal,561,257,0.797885982757758,0.539056172299767,0.179001920830268,0.813274370264182,0.809641730255759,0.551470493160351,0.184188321873093,0.812634394839238,-0.0117557474980011,-0.0124143208605841,-0.00518640104282533,0.000639975424943762
8,11,MP_cal,320,157,0.809598236109318,0.567712047688188,0.190529569456795,0.78570591223477,0.816005108355322,0.568814984527702,0.191254512960473,0.791430581063655,-0.00640687224600367,-0.00110293683951435,-0.0007249435036778,-0.00572466882888501
9,11,MP_cal,288,82,0.6577860160933,0.534038795593615,0.177728154311959,0.790462941037177,0.630780549548471,0.530644716146234,0.175303372839258,0.775455837082643,0.0270054665448288,0.00339407944738079,0.00242478147270078,0.0150071039545344
10,11,MP_cal,677,358,0.926993008271041,0.461666669116177,0.144403659120462,0.923762280870738,0.921148186153207,0.492782856236411,0.159491018648133,0.918928740302271,0.00584482211783366,-0.0311161871202344,-0.0150873595276712,0.00483354056846685
12,11,MP_cal,303,228,0.923392462038201,0.800485713778076,0.286240985503185,0.789356725146199,0.921265319834541,0.841754791973352,0.304909991105865,0.791023391812866,0.00212714220366006,-0.0412690781952765,-0.0186690056026804,-0.00166666666666715
13,11,MP_cal,175,86,0.843168424236288,0.484779712479141,0.157202485168715,0.864188659524432,0.842616443006938,0.497069748390844,0.163249890341954,0.868630781290828,0.000551981229350074,-0.0122900359117026,-0.00604740517323943,-0.00444212176639636
14,11,MP_cal,177,28,0.579525409623461,0.575039041928886,0.197184165590515,0.882430488974113,0.675545566033652,0.502499111494608,0.165933775225944,0.919103547459252,-0.0960201564101907,0.0725399304342783,0.031250390364571,-0.0366730584851389
15,11,MP_cal,627,384,0.861274291154144,0.685457849622685,0.240538566085197,0.801965449245542,0.875118076715491,0.692868315326095,0.245717115929365,0.815725737311385,-0.0138437855613471,-0.00741046570341009,-0.00517854984416777,-0.0137602880658432
16,11,MP_cal,193,90,0.779635880374593,0.564959656802969,0.189267480921222,0.781877022653722,0.778268195285482,0.572848608732251,0.192610539287929,0.775728155339806,0.00136768508911056,-0.00788895192928207,-0.00334305836670662,0.00614886731391573
17,11,MP_cal,287,141,0.913490701942381,0.473361326393264,0.150311537968616,0.905834061983873,0.91014612933295,0.495486239147011,0.16045109145637,0.909963081706014,0.00334457260943066,-0.022124912753747,-0.0101395534877537,-0.00412901972214153
18,11,MP_cal,432,230,0.897380159947142,0.509731884691417,0.16673135671188,0.883663366336634,0.901948090038083,0.536129899104109,0.178809491974435,0.888570813603099,-0.00456793009094081,-0.0263980144126924,-0.0120781352625552,-0.0049074472664653
19,11,MP_cal,323,172,0.860935841813637,0.574691800002126,0.193267397314307,0.822501155090097,0.854340229869587,0.59776293728645,0.204427678047874,0.817476513168027,0.00659561194405012,-0.0230711372843242,-0.0111602807335666,0.00502464192206997
1,11,ME,112,22,0.379349309363493,0.597340361799731,0.202951038992397,0.714646464646465,0.379349309363493,0.576402401085563,0.19279129716684,0.714646464646465,3.33066907387547e-16,0.020937960714168,0.0101597418255573,-3.33066907387547e-16
2,11,ME,280,21,0.352545471617468,0.552074736827967,0.18087067510292,0.830299687442545,0.352545471617468,0.52291730782217,0.166655053545391,0.830299687442545,-3.88578058618805e-16,0.0291574290057964,0.0142156215575286,-4.44089209850063e-16
3,11,ME,146,39,0.627640986501488,0.634317874002983,0.221048156697935,0.780254013898874,0.627640986501488,0.610935013062588,0.209442921752146,0.780254013898874,-3.33066907387547e-16,0.0233828609403947,0.0116052349457887,-3.33066907387547e-16
4,11,ME,146,25,0.270445997467497,0.55599741475043,0.183215490970932,0.625454545454546,0.270445997467497,0.544038083938858,0.177471926458478,0.625454545454546,4.44089209850063e-16,0.0119593308115722,0.00574356451245395,-5.55111512312578e-16
5,11,ME,228,8,0.14653932334428,0.517912195628993,0.164244736832286,0.817045454545455,0.14653932334428,0.492204016654421,0.151805923534161,0.817045454545455,2.4980018054066e-16,0.0257081789745717,0.0124388132981248,-4.44089209850063e-16
6,11,ME,276,5,0.0694705677464298,0.473623677846377,0.14324998517932,0.677490774907749,0.0694705677464298,0.461096203356855,0.137101733540443,0.677490774907749,1.38777878078145e-17,0.0125274744895218,0.00614825163887656,1.11022302462516e-16
7,11,ME,561,257,0.622320050323158,0.671964128631442,0.239520540292004,0.643124104034405,0.622320050323158,0.681918513715047,0.244466259296513,0.643124104034405,2.22044604925031e-16,-0.00995438508360524,-0.00494571900450916,1.11022302462516e-16
8,11,ME,320,157,0.546521562334421,0.716937394472972,0.260969709464477,0.558047751162518,0.546521562334421,0.723934665119574,0.264410764209395,0.558047751162518,1.11022302462516e-16,-0.00699727064660194,-0.00344105474491846,0
9,11,ME,288,82,0.534064545668899,0.607507983133987,0.208165337322784,0.727563343594601,0.534064545668899,0.59976278937235,0.204424316111453,0.727563343594601,2.22044604925031e-16,0.00774519376163718,0.00374102121133058,0
10,11,ME,677,358,0.60951279599075,0.692025603246287,0.249438705390033,0.588982679812963,0.60951279599075,0.707898866258615,0.257213405461652,0.588982679812963,4.44089209850063e-16,-0.0158732630123278,-0.00777470007161873,0
12,11,ME,303,228,0.715818859221255,1.08694244092785,0.422443677564632,0.417017543859649,0.715818859221255,1.06876699810025,0.417493346648271,0.417017543859649,0,0.0181754428275984,0.0049503309163611,1.11022302462516e-16
13,11,ME,175,86,0.63835468867811,0.671009242966615,0.239051104317061,0.644107656127515,0.63835468867811,0.680796975946184,0.243924795215392,0.644107656127515,-4.44089209850063e-16,-0.00978773297956892,-0.00487369089833073,0
14,11,ME,177,28,0.292554678123871,0.673893349228949,0.240546169245891,0.601629913710451,0.292554678123871,0.618400722438184,0.213233840573084,0.601629913710451,2.22044604925031e-16,0.0554926267907647,0.0273123286728066,-4.44089209850063e-16
15,11,ME,627,384,0.669255585186163,0.801127766202379,0.2999853018903,0.564021776406036,0.669255585186163,0.814288706532725,0.306578091278746,0.564021776406036,4.44089209850063e-16,-0.0131609403303465,-0.0065927893884456,-3.33066907387547e-16
16,11,ME,193,90,0.640295909123075,0.662239865676217,0.234762896717619,0.651887810140237,0.640295909123075,0.669980386717813,0.238594030734564,0.651887810140237,1.11022302462516e-16,-0.00774052104159617,-0.00383113401694513,3.33066907387547e-16
17,11,ME,287,141,0.609694672081817,0.677736171255447,0.242352885295559,0.603711260079666,0.609694672081817,0.686165327851417,0.246511418891886,0.603711260079666,-1.11022302462516e-16,-0.00842915659597043,-0.0041585335963267,-2.22044604925031e-16
18,11,ME,432,230,0.594957228523913,0.693667711497183,0.250325364413014,0.557942315970728,0.594957228523913,0.70803868332774,0.257369102329719,0.557942315970728,1.11022302462516e-16,-0.0143709718305569,-0.00704373791670521,-4.44089209850063e-16
19,11,ME,323,172,0.681281213672649,0.698391336490916,0.25232533776601,0.623556137378716,0.681281213672649,0.715103785672504,0.26058315021586,0.623556137378716,-5.55111512312578e-16,-0.0167124491815877,-0.00825781244985036,-4.44089209850063e-16
1,11,ME2,112,22,0.379349309363493,0.583725322655015,0.196518781443356,0.714646464646465,0.379349309363493,0.556423573239536,0.183584400153156,0.714646464646465,3.33066907387547e-16,0.0273017494154791,0.0129343812902002,-3.33066907387547e-16
2,11,ME2,280,21,0.352545471617468,0.540322636086787,0.175321056954281,0.830299687442545,0.352545471617468,0.491282732588704,0.152078465671711,0.830299687442545,-3.88578058618805e-16,0.0490399034980834,0.0232425912825699,-4.44089209850063e-16
3,11,ME2,146,39,0.603366429463295,0.639880887461319,0.223913719712609,0.767313683201534,0.592728866204126,0.6184530143501,0.213230670529191,0.758686796069974,0.0106375632591694,0.0214278731112194,0.0106830491834176,0.00862688713155968
4,11,ME2,146,25,0.270445997467497,0.552796908729884,0.181839594420415,0.625454545454546,0.270445997467497,0.540584948625043,0.17604778020966,0.625454545454546,4.44089209850063e-16,0.0122119601048413,0.00579181421075459,-5.55111512312578e-16
5,11,ME2,228,8,0.14653932334428,0.525495969426454,0.168051753011006,0.817045454545455,0.14653932334428,0.507117749719337,0.159096491810122,0.817045454545455,2.4980018054066e-16,0.018378219707117,0.0089552612008838,-4.44089209850063e-16
6,11,ME2,276,5,0.0694705677464298,0.677773251860289,0.242330981582129,0.677490774907749,0.0694705677464298,0.703641510717045,0.255132505284508,0.677490774907749,1.38777878078145e-17,-0.025868258856756,-0.0128015237023787,1.11022302462516e-16
7,11,ME2,561,257,0.616440825389741,0.669965013267665,0.238543837180697,0.643840876510342,0.608737917037293,0.677741097182295,0.242403290295357,0.639169055908253,0.00770290835244802,-0.00777608391463025,-0.00385945311465954,0.00467182060208904
8,11,ME2,320,157,0.545799722205912,0.715164156529733,0.260032635204944,0.557031768981283,0.544987720680913,0.718399054665175,0.26169087372583,0.556484701652925,0.000812001524998607,-0.00323489813544164,-0.00165823852088609,0.00054706732835752
9,11,ME2,288,82,0.534064545668899,0.60372215536043,0.206468920794893,0.727563343594601,0.534064545668899,0.593989620109714,0.201820033759654,0.727563343594601,2.22044604925031e-16,0.00973253525071549,0.00464888703523894,0
10,11,ME2,677,358,0.603582416754721,0.686726578637004,0.246866410780681,0.585917934887305,0.598961082098987,0.693238010245069,0.250058725714968,0.582485420570568,0.00462133465573411,-0.00651143160806544,-0.00319231493428654,0.00343251431673697
12,11,ME2,303,228,0.715818859221255,1.17950941981453,0.456338925173404,0.417017543859649,0.715818859221255,1.0527365246882,0.411194576525907,0.417017543859649,0,0.126772895126333,0.0451443486474965,1.11022302462516e-16
13,11,ME2,175,86,0.63835468867811,0.675323894893934,0.241235043922192,0.644107656127515,0.63835468867811,0.70065417854977,0.253594132859692,0.644107656127515,-4.44089209850063e-16,-0.0253302836558365,-0.0123590889375004,0
14,11,ME2,177,28,0.292554678123871,0.655945808021166,0.231836716076888,0.601629913710451,0.292554678123871,0.586498528534607,0.198015014246776,0.601629913710451,2.22044604925031e-16,0.069447279486559,0.0338217018301123,-4.44089209850063e-16
15,11,ME2,627,384,0.653319338373032,0.825589598956972,0.310553092746317,0.534400720164609,0.643564451934811,0.843331656820639,0.318885310967372,0.516160836762689,0.0097548864382212,-0.0177420578636669,-0.00833221822105484,0.0182398834019201
16,11,ME2,193,90,0.640295909123075,0.660046563273275,0.233723683888867,0.651887810140237,0.640295909123075,0.664521088338737,0.235902506765947,0.651887810140237,1.11022302462516e-16,-0.00447452506546175,-0.00217882287708021,3.33066907387547e-16
17,11,ME2,287,141,0.609694672081817,0.677239321345439,0.242094164365192,0.603711260079666,0.609694672081817,0.68488295033684,0.245820605709397,0.603711260079666,-1.11022302462516e-16,-0.00764362899140147,-0.00372644134420486,-2.22044604925031e-16
18,11,ME2,432,230,0.594957228523913,0.728561962350652,0.267011467670619,0.557942315970728,0.594957228523913,0.774006721419936,0.287649119665135,0.557942315970728,1.11022302462516e-16,-0.0454447590692842,-0.0206376519945157,-4.44089209850063e-16
19,11,ME2,323,172,0.681281213672649,0.702483380455346,0.254151457934867,0.623556137378716,0.681281213672649,0.721568397251319,0.263409554268042,0.623556137378716,-5.55111512312578e-16,-0.0190850167959733,-0.00925809633317537,-4.44089209850063e-16
1,11,ME_P,112,22,0.73474467262874,0.556813710305366,0.19058142693807,0.860606060606061,0.756541260671696,0.508862951014907,0.168929663480133,0.867676767676768,-0.0217965880429561,0.0479507592904586,0.0216517634579369,-0.00707070707070745
2,11,ME_P,280,21,0.61576463450947,0.52868935761997,0.177722258275463,0.918367346938776,0.662189103945433,0.491659150396886,0.160622837328073,0.92388306674021,-0.0464244694359632,0.0370302072230838,0.0170994209473901,-0.0055157198014345
3,11,ME_P,146,39,0.65930974432825,0.637147965379053,0.222744415605703,0.828181164629763,0.637367803369133,0.591494652945118,0.203226191025108,0.806853582554517,0.0219419409591166,0.0456533124339348,0.0195182245805952,0.0213275820752458
4,11,ME_P,146,25,0.544432154760876,0.562655079150847,0.193076679440176,0.788099173553719,0.522462982469667,0.546116454535335,0.185514465042654,0.775206611570248,0.021969172291209,0.0165386246155118,0.00756221439752244,0.0128925619834711
5,11,ME_P,228,8,0.404778412121591,0.586147555110295,0.204111326727626,0.822727272727273,0.310782340757036,0.555375279516176,0.189584020516142,0.805681818181818,0.0939960713645546,0.0307722755941188,0.014527306211484,0.0170454545454547
6,11,ME_P,276,5,0.0673695337801349,0.590743166795651,0.205281934155791,0.730627306273063,0.0486234180549762,0.568377411539884,0.194662216158458,0.719557195571956,0.0187461157251587,0.0223657552557666,0.0106197179973327,0.0110701107011068
7,11,ME_P,561,257,0.814893054729706,0.528154342627066,0.174957592655138,0.826989043620725,0.822408560812974,0.545021957546932,0.181782846085472,0.824352344869957,-0.00751550608326779,-0.0168676149198657,-0.00682525343033422,0.002636698750768
8,11,ME_P,320,157,0.815179184272446,0.57344291836446,0.193176196797541,0.79027783205033,0.821638018584694,0.575740355172383,0.194339120457988,0.796569106326443,-0.00645883431224825,-0.00229743680792349,-0.0011629236604471,-0.00629127427611276
9,11,ME_P,288,82,0.678175638962496,0.515198663204976,0.169768037284922,0.813284394979872,0.646098737686954,0.515205835639023,0.16870867908056,0.794873312810798,0.0320769012755422,-7.17243404668722e-06,0.00105935820436198,0.0184110821690742
10,11,ME_P,677,358,0.930667265752839,0.453094302950815,0.140973668686576,0.924966287805818,0.926074694130088,0.485354187957101,0.15620999844456,0.922251799443092,0.00459257162275084,-0.0322598850062862,-0.0152363297579838,0.00271448836272581
12,11,ME_P,303,228,0.91042553460777,1.00209074839474,0.357657356150974,0.752865497076023,0.914536113686531,0.992882047418664,0.359573026389496,0.767076023391813,-0.00411057907876122,0.00920870097607562,-0.00191567023852213,-0.0142105263157897
13,11,ME_P,175,86,0.857265757077698,0.471357095204524,0.150768998996443,0.876665795662399,0.853248456413857,0.486345049964339,0.158073574935433,0.877711000783904,0.00401730066384121,-0.0149879547598151,-0.00730457593898953,-0.00104520512150519
14,11,ME_P,177,28,0.599673318068892,0.627412946071217,0.217950906635765,0.88326941514861,0.664776908094356,0.523539779084723,0.174492126200586,0.912032598274209,-0.065103590025464,0.103873166986494,0.0434587804351791,-0.0287631831255992
15,11,ME_P,627,384,0.866916548589169,0.716131965381164,0.252539938900436,0.797539437585734,0.880395830327317,0.714422671215809,0.254759841038867,0.815554269547325,-0.0134792817381478,0.00170929416535492,-0.0022199021384311,-0.0180148319615912
16,11,ME_P,193,90,0.792333541584806,0.541464775469861,0.181118240065071,0.804638619201726,0.791053707368294,0.559700332174447,0.187891187690379,0.789859762675297,0.00127983421651212,-0.0182355567045857,-0.00677294762530845,0.014778856526429
17,11,ME_P,287,141,0.916416597513048,0.46136778900791,0.144761670498222,0.903235208394054,0.915368394369211,0.488718009321256,0.156924670941088,0.911007480812203,0.00104820314383658,-0.0273502203133457,-0.0121630004428661,-0.00777227241814871
18,11,ME_P,432,230,0.89470245216464,0.497284855058742,0.161278589756634,0.879767541971589,0.901664370465652,0.530053269908332,0.175932241519331,0.887171760654326,-0.00696191830101223,-0.0327684148495897,-0.0146536517626973,-0.00740421868273755
19,11,ME_P,323,172,0.868372173003528,0.565517609841183,0.189944217247157,0.831818881872786,0.862206266999923,0.593684127782039,0.202973256543068,0.825773910365009,0.00616590600360456,-0.0281665179408558,-0.0130290392959114,0.00604497150777705
1,11,ME2P,112,22,0.73474467262874,0.554531683050488,0.189620459857456,0.860606060606061,0.752996257301478,0.49158537338009,0.161519377395368,0.865151515151515,-0.0182515846727381,0.0629463096703977,0.0281010824620875,-0.00454545454545441
2,11,ME2P,280,21,0.616230719840551,0.53837525158364,0.181828880723629,0.917631917631918,0.666659952205726,0.46765464740917,0.150249726393829,0.927376355947785,-0.0504292323651752,0.07072060417447,0.0315791543298003,-0.00974443831586735
3,11,ME2P,146,39,0.655126821401728,0.639981401629364,0.223738156747384,0.827222621615145,0.622881023257221,0.602599537877383,0.207323076786502,0.807093218308172,0.0322457981445072,0.0373818637519811,0.0164150799608823,0.0201294033069729
4,11,ME2P,146,25,0.538818249676988,0.561695204264725,0.192624563600635,0.787768595041322,0.532762714618409,0.542275066862308,0.18365210426285,0.778512396694215,0.00605553505857881,0.0194201374024171,0.00897245933778448,0.00925619834710734
5,11,ME2P,228,8,0.385921298019911,0.589416649492062,0.205319356155154,0.822727272727273,0.290435885707201,0.570063811692634,0.195424565406249,0.810795454545455,0.0954854123127102,0.0193528377994281,0.00989479074890515,0.0119318181818178
6,11,ME2P,276,5,0.0700257947488913,0.783845939389599,0.278671912529249,0.730627306273063,0.0513741718257847,0.837213590922828,0.300048782287087,0.718819188191882,0.0186516229231066,-0.0533676515332285,-0.0213768697578382,0.0118081180811808
7,11,ME2P,561,257,0.815738951981926,0.527176937985125,0.174570885529503,0.827513823469179,0.824259837328525,0.541655543754828,0.180382128693697,0.826323469178784,-0.00852088534659867,-0.0144786057697032,-0.0058112431641941,0.00119035429039482
8,11,ME2P,320,157,0.814713417579131,0.572566477204939,0.192973046571553,0.789887069672932,0.821353721207088,0.571504422505245,0.192837781899433,0.796061115235825,-0.00664030362795709,0.00106205469969378,0.000135264672120078,-0.00617404556289314
9,11,ME2P,288,82,0.680100553622386,0.513292372888793,0.168965438886798,0.815474780961402,0.653635153532495,0.510822465365798,0.166902240823523,0.801326071513142,0.0264654000898908,0.00246990752299447,0.00206319806327449,0.0141487094482599
10,11,ME2P,677,358,0.929720631141017,0.452288973470928,0.140582421818779,0.924081889984414,0.92328863847133,0.477140656414924,0.151993094009755,0.919633631635173,0.00643199266968708,-0.0248516829439963,-0.0114106721909764,0.00444825834924056
12,11,ME2P,303,228,0.913536554695698,1.19027763601888,0.416506676128868,0.760116959064328,0.915223843255688,1.062026365068,0.382799756600106,0.769239766081871,-0.00168728855999045,0.128251270950876,0.0337069195287621,-0.00912280701754342
13,11,ME2P,175,86,0.857982212727018,0.472581362415788,0.15176093862039,0.877188398223151,0.857165593406358,0.500973035768053,0.16608553577356,0.880324013587667,0.000816619320660017,-0.0283916733522648,-0.0143245971531702,-0.00313561536451568
14,11,ME2P,177,28,0.598042281038695,0.628759735845981,0.218502294535656,0.88326941514861,0.667655037442792,0.503947727278529,0.166110172343629,0.910834132310642,-0.0696127564040967,0.124812008567452,0.0523921221920266,-0.0275647171620322
15,11,ME2P,627,384,0.860330461518838,0.739490772117019,0.260766909456514,0.787347822359397,0.870565831044925,0.742242873269687,0.264927354342677,0.799479166666667,-0.0102353695260873,-0.00275210115266755,-0.00416044488616291,-0.0121313443072705
16,11,ME2P,193,90,0.790218567379463,0.539692240913261,0.180480443853813,0.806472491909385,0.795718420039373,0.553979561609776,0.185803897229932,0.795145631067961,-0.00549985265991038,-0.0142873206965147,-0.00532345337611934,0.0113268608414241
17,11,ME2P,287,141,0.916104529052241,0.462013403121768,0.145116388600845,0.902166520936559,0.916270872718946,0.488885357210821,0.157109386395513,0.911007480812203,-0.000166343666704649,-0.0268719540890534,-0.0119929977946679,-0.00884095987564415
18,11,ME2P,432,230,0.8934327486542,0.531175781681585,0.177204850918059,0.878476108480413,0.898899356641353,0.600100011216948,0.20927654936294,0.884718037021093,-0.00546660798715293,-0.0689242295353627,-0.0320716984448814,-0.00624192854067973
19,11,ME2P,323,172,0.868049507251601,0.569713569576043,0.191773310613036,0.831972893885723,0.863714427276751,0.600109836163424,0.205949044567452,0.829085168643154,0.00433507997485005,-0.0303962665873806,-0.0141757339544158,0.00288772524256908
1,12,M0,112,22,0.196428571428571,0.580840328929235,0.194686280062361,0.5,0.196428571428571,0.59476012459852,0.201348944547837,0.5,4.16333634234434e-16,-0.013919795669285,-0.00666266448547595,0
2,12,M0,280,21,0.075,0.540049771699922,0.174431055510127,0.5,0.075,0.562856131045747,0.185442551013687,0.5,0,-0.0228063593458255,-0.0110114955035604,0
3,12,M0,146,39,0.267123287671233,0.612640312330661,0.210323600333186,0.5,0.267123287671233,0.621673150969817,0.214645337188004,0.5,-1.11022302462516e-16,-0.00903283863915583,-0.00432173685481846,0
4,12,M0,146,25,0.171232876712329,0.570883575785913,0.189767757687644,0.5,0.171232876712329,0.586656681377199,0.19732792739409,0.5,-2.4980018054066e-16,-0.0157731055912856,-0.00756016970644649,0
5,12,M0,228,8,0.0350877192982456,0.521828649602234,0.165471488847973,0.5,0.0350877192982456,0.547196568051153,0.177707554500243,0.5,1.38777878078145e-17,-0.0253679184489189,-0.0122360656522697,0
6,12,M0,276,5,0.0181159420289855,0.520496933310825,0.164740309529821,0.5,0.0181159420289855,0.547122442672379,0.17761786620828,0.5,6.93889390390723e-18,-0.0266255093615545,-0.0128775566784586,0
7,12,M0,561,257,0.458110516934046,0.702954397387841,0.254653160429292,0.5,0.458110516934046,0.697471039960059,0.252052285471729,0.5,3.88578058618805e-16,0.00548335742778239,0.00260087495756323,0
8,12,M0,320,157,0.490625,0.718449556667858,0.262257952264122,0.5,0.490625,0.710869082160444,0.258658173147009,0.5,0,0.00758047450741362,0.00359977911711307,0
9,12,M0,288,82,0.284722222222222,0.621536082355046,0.214681815181883,0.5,0.284722222222222,0.629600156384745,0.21854708861997,0.5,2.22044604925031e-16,-0.00806407402969944,-0.00386527343808671,0
10,12,M0,677,358,0.528803545051699,0.744744591837292,0.274980842685008,0.5,0.528803545051699,0.732404609655295,0.269181907043285,0.5,-3.33066907387547e-16,0.0123399821819968,0.0057989356417234,0
11,12,M0,1193,375,0.314333612740989,0.638673785867771,0.223057298034703,0.5,0.314333612740989,0.646309322118626,0.226753611420743,0.5,1.11022302462516e-16,-0.00763553625085467,-0.00369631338603968,0
13,12,M0,175,86,0.491428571428572,0.717648613721128,0.261887594732998,0.5,0.491428571428572,0.710409150802034,0.258442324719295,0.5,-5.55111512312578e-16,0.00723946291909394,0.0034452700137026,0
14,12,M0,177,28,0.15819209039548,0.566467227676793,0.187573417811349,0.5,0.15819209039548,0.583238574015162,0.195621871820536,0.5,2.4980018054066e-16,-0.0167713463383685,-0.00804845400918666,0
15,12,M0,627,384,0.61244019138756,0.798106145964601,0.300826470143407,0.5,0.61244019138756,0.777929016289496,0.291420610714475,0.5,-2.22044604925031e-16,0.0201771296751053,0.00940585942893163,0
16,12,M0,193,90,0.466321243523316,0.705413012917115,0.255887986336305,0.5,0.466321243523316,0.700004150686475,0.253312977329909,0.5,5.55111512312578e-17,0.00540886223063997,0.00257500900639573,0
17,12,M0,287,141,0.491289198606272,0.718508727062201,0.262292053068235,0.5,0.491289198606272,0.710970454130806,0.258710588767755,0.5,-2.22044604925031e-16,0.00753827293139497,0.0035814643004804,0
18,12,M0,432,230,0.532407407407407,0.742348973649643,0.273903985417189,0.5,0.532407407407407,0.730916804952054,0.268499911381838,0.5,4.44089209850063e-16,0.0114321686975889,0.00540407403535059,0
19,12,M0,323,172,0.532507739938081,0.740524411279743,0.273048999354571,0.5,0.532507739938081,0.729584045754148,0.267864262533819,0.5,-4.44089209850063e-16,0.0109403655255954,0.00518473682075205,0
1,12,MP,112,22,0.757930360070464,0.515232486267079,0.174196099126339,0.86489898989899,0.760214831257374,0.526578558308318,0.179012648370709,0.869444444444445,-0.00228447118691033,-0.0113460720412388,-0.00481654924437,-0.00454545454545507
2,12,MP,280,21,0.61979979197066,0.500072199202888,0.16741557002066,0.911196911196911,0.618967467720808,0.530761573324404,0.180152846459861,0.909450266593124,0.000832324249852245,-0.0306893741215157,-0.0127372764392012,0.00174664460378715
3,12,MP,146,39,0.635888656383247,0.599867278404248,0.205975547441095,0.791397076443805,0.634921249570518,0.60885899698863,0.209979844859851,0.790678169182842,0.000967406812728999,-0.00899171858438253,-0.00400429741875591,0.000718907260963464
4,12,MP,146,25,0.508852564499246,0.574154937136888,0.198888716736516,0.772066115702479,0.507072153692925,0.590105149151892,0.204734924557639,0.768595041322314,0.00178041080632063,-0.0159502120150041,-0.00584620782112336,0.00347107438016525
5,12,MP,228,8,0.293860429693763,0.584785611834609,0.203259063188063,0.800568181818182,0.292081554191196,0.614748611284955,0.215313284783294,0.790056818181818,0.001778875502567,-0.0299629994503458,-0.0120542215952308,0.0105113636363637
6,12,MP,276,5,0.0444577601620945,0.61739398189687,0.210529506448618,0.719926199261993,0.0445351791264003,0.645505496730541,0.221390882791666,0.721033210332103,-7.74189643057768e-05,-0.0281115148336706,-0.0108613763430482,-0.00110701107011035
7,12,MP,561,257,0.814455485055334,0.543420122144533,0.180360763579835,0.819302938767151,0.809641730255759,0.543535576692664,0.180027778653934,0.812634394839238,0.0048137547995748,-0.000115454548131,0.00033298492590142,0.00666854392791327
8,12,MP,320,157,0.817745535829083,0.570238690660761,0.189571447482647,0.792778711265679,0.816005108355322,0.567939233434807,0.188962877424044,0.791430581063655,0.00174042747376058,0.00229945722595404,0.000608570058602959,0.00134813020202429
9,12,MP,288,82,0.632912882210729,0.525336483738931,0.173302973793918,0.779599810561212,0.630780549548471,0.542515776736445,0.179919264453227,0.775455837082643,0.00213233266225821,-0.0171792929975136,-0.0066162906593086,0.00414397347856943
10,12,MP,677,358,0.919418115851935,0.468347893271103,0.151139539912121,0.916279925045096,0.921148186153207,0.457852184983101,0.145889675587365,0.918928740302271,-0.00173007030127204,0.0104957082880015,0.00524986432475583,-0.00264881525717553
11,12,MP,1193,375,0.556145736024746,0.604571966335886,0.207517784185013,0.71959413202934,0.556786508886677,0.612091531791435,0.211281295622712,0.721066014669927,-0.000640772861931427,-0.00751956545554866,-0.00376351143769946,-0.00147188264058717
13,12,MP,175,86,0.844620736744284,0.474649343854074,0.156066081032411,0.871897047295532,0.842616443006938,0.474984934236286,0.155333547580898,0.868630781290828,0.00200429373734601,-0.000335590382212425,0.00073253345151339,0.0032662660047037
14,12,MP,177,28,0.675021249743238,0.515799963355187,0.173112374714408,0.917785234899329,0.675545566033652,0.533620992501976,0.180645434912642,0.919103547459252,-0.000524316290414384,-0.0178210291467892,-0.00753306019823416,-0.00131831255992321
15,12,MP,627,384,0.873103211508535,0.696880588570529,0.243401567670005,0.813887817215364,0.875118076715491,0.668298079394011,0.232117472868872,0.815725737311385,-0.00201486520695626,0.0285825091765178,0.0112840948011326,-0.00183792009602146
16,12,MP,193,90,0.781469207543245,0.573839027874814,0.190982947372062,0.780528586839266,0.778268195285482,0.579335039004122,0.192355742983181,0.775728155339806,0.00320101225776315,-0.00549601112930853,-0.0013727956111195,0.00480043149946041
17,12,MP,287,141,0.910679226425492,0.470952964999149,0.15227787724253,0.911226075973963,0.91014612933295,0.466104700375446,0.149272002347979,0.909963081706014,0.00053309709254179,0.00484826462370253,0.00300587489455059,0.00126299426794885
18,12,MP,432,230,0.899443315529092,0.515729269380439,0.171389289053877,0.885449849332759,0.901948090038083,0.5031924618743,0.165606420245448,0.888570813603099,-0.00250477450899056,0.0125368075061387,0.00578286880842918,-0.00312096427033959
19,12,MP,323,172,0.856796419926296,0.594726099888261,0.201142288290412,0.819305405821654,0.854340229869587,0.583236574485018,0.196421938838919,0.817476513168027,0.00245619005670861,0.0114895254032428,0.00472034945149269,0.00182889265362707
1,12,MP_cal,112,22,0.757930360070464,0.491186479435454,0.161106480675849,0.86489898989899,0.760214831257374,0.513108551569847,0.170773989649966,0.869444444444445,-0.00228447118691033,-0.0219220721343935,-0.00966750897411733,-0.00454545454545507
2,12,MP_cal,280,21,0.61979979197066,0.467690646151387,0.150320806494804,0.911196911196911,0.618967467720808,0.511680905613815,0.169587350867771,0.909450266593124,0.000832324249852245,-0.0439902594624276,-0.0192665443729668,0.00174664460378715
3,12,MP_cal,146,39,0.635888656383247,0.560199422590459,0.190094515888203,0.791397076443805,0.634921249570518,0.58711678440151,0.201776274601967,0.790678169182842,0.000967406812728999,-0.026917361811051,-0.0116817587137637,0.000718907260963464
4,12,MP_cal,146,25,0.508852564499246,0.535096406033745,0.180942874051285,0.772066115702479,0.507072153692925,0.570252950753273,0.19617228859426,0.768595041322314,0.00178041080632063,-0.0351565447195278,-0.0152294145429748,0.00347107438016525
5,12,MP_cal,228,8,0.293860429693763,0.524484984663529,0.176263300917452,0.800568181818182,0.292081554191196,0.582861580946596,0.201778057726393,0.790056818181818,0.001778875502567,-0.0583765962830668,-0.0255147568089406,0.0105113636363637
6,12,MP_cal,276,5,0.0444577601620945,0.540769834330081,0.182935551650997,0.719926199261993,0.0445351791264003,0.597036273300108,0.206477625348077,0.721033210332103,-7.74189643057768e-05,-0.0562664389700267,-0.0235420736970804,-0.00110701107011035
7,12,MP_cal,561,257,0.814455485055334,0.560009457128365,0.188407046257523,0.819302938767151,0.809641730255759,0.551470493160351,0.184188321873093,0.812634394839238,0.0048137547995748,0.00853896396801424,0.00421872438443044,0.00666854392791327
8,12,MP_cal,320,157,0.817745535829083,0.576846489855449,0.194412832344951,0.792778711265679,0.816005108355322,0.568814984527702,0.191254512960473,0.791430581063655,0.00174042747376058,0.00803150532774688,0.00315831938447786,0.00134813020202429
9,12,MP_cal,288,82,0.632912882210729,0.51133332756033,0.167137882228431,0.779599810561212,0.630780549548471,0.530644716146234,0.175303372839258,0.775455837082643,0.00213233266225821,-0.0193113885859039,-0.00816549061082744,0.00414397347856943
10,12,MP_cal,677,358,0.919418115851935,0.514723227408489,0.169926807842164,0.916279925045096,0.921148186153207,0.492782856236411,0.159491018648133,0.918928740302271,-0.00173007030127204,0.021940371172078,0.0104357891940308,-0.00264881525717553
11,12,MP_cal,1193,375,0.556145736024746,0.588599438712915,0.202092080344581,0.71959413202934,0.556786508886677,0.597096532017347,0.206054193610353,0.721066014669927,-0.000640772861931427,-0.00849709330443238,-0.00396211326577237,-0.00147188264058717
13,12,MP_cal,175,86,0.844620736744284,0.502236831162637,0.165996155947666,0.871897047295532,0.842616443006938,0.497069748390844,0.163249890341954,0.868630781290828,0.00200429373734601,0.00516708277179284,0.00274626560571209,0.0032662660047037
14,12,MP_cal,177,28,0.675021249743238,0.48747836539601,0.158803109241504,0.917785234899329,0.675545566033652,0.502499111494608,0.165933775225944,0.919103547459252,-0.000524316290414384,-0.0150207460985982,-0.00713066598443982,-0.00131831255992321
15,12,MP_cal,627,384,0.873103211508535,0.731625068063853,0.260840940891992,0.813887817215364,0.875118076715491,0.692868315326095,0.245717115929365,0.815725737311385,-0.00201486520695626,0.0387567527377581,0.015123824962627,-0.00183792009602146
16,12,MP_cal,193,90,0.781469207543245,0.573528195344587,0.193015232505858,0.780528586839266,0.778268195285482,0.572848608732251,0.192610539287929,0.775728155339806,0.00320101225776315,0.000679586612336025,0.000404693217928548,0.00480043149946041
17,12,MP_cal,287,141,0.910679226425492,0.502127229804407,0.164809432938974,0.911226075973963,0.91014612933295,0.495486239147011,0.16045109145637,0.909963081706014,0.00053309709254179,0.0066409906573956,0.00435834148260397,0.00126299426794885
18,12,MP_cal,432,230,0.899443315529092,0.551460825690014,0.18631638706475,0.885449849332759,0.901948090038083,0.536129899104109,0.178809491974435,0.888570813603099,-0.00250477450899056,0.0153309265859046,0.00750689509031516,-0.00312096427033959
19,12,MP_cal,323,172,0.856796419926296,0.614637842135579,0.211304618070084,0.819305405821654,0.854340229869587,0.59776293728645,0.204427678047874,0.817476513168027,0.00245619005670861,0.0168749048491287,0.00687694002221004,0.00182889265362707
1,12,ME,112,22,0.379349309363493,0.551171022723497,0.181341241088244,0.714646464646465,0.379349309363493,0.576402401085563,0.19279129716684,0.714646464646465,3.33066907387547e-16,-0.0252313783620657,-0.011450056078596,-3.33066907387547e-16
2,12,ME,280,21,0.352545471617468,0.476352134624877,0.145641424121756,0.830299687442545,0.352545471617468,0.52291730782217,0.166655053545391,0.830299687442545,-3.88578058618805e-16,-0.0465651731972926,-0.0210136294236349,-4.44089209850063e-16
3,12,ME,146,39,0.627640986501488,0.593439484270696,0.201286136584277,0.780254013898874,0.627640986501488,0.610935013062588,0.209442921752146,0.780254013898874,-3.33066907387547e-16,-0.0174955287918923,-0.00815678516786944,-3.33066907387547e-16
4,12,ME,146,25,0.270445997467497,0.510992291089994,0.162997958074086,0.625454545454546,0.270445997467497,0.544038083938858,0.177471926458478,0.625454545454546,4.44089209850063e-16,-0.0330457928488639,-0.0144739683843918,-5.55111512312578e-16
5,12,ME,228,8,0.14653932334428,0.435728271502397,0.126537696062229,0.817045454545455,0.14653932334428,0.492204016654421,0.151805923534161,0.817045454545455,2.4980018054066e-16,-0.0564757451520244,-0.0252682274719322,-4.44089209850063e-16
6,12,ME,276,5,0.0694705677464298,0.384152746564048,0.103619113429036,0.677490774907749,0.0694705677464298,0.461096203356855,0.137101733540443,0.677490774907749,1.38777878078145e-17,-0.0769434567928072,-0.0334826201114069,1.11022302462516e-16
7,12,ME,561,257,0.622320050323158,0.685643446471344,0.245979856380636,0.643124104034405,0.622320050323158,0.681918513715047,0.244466259296513,0.643124104034405,2.22044604925031e-16,0.00372493275629726,0.00151359708412252,1.11022302462516e-16
8,12,ME,320,157,0.546521562334421,0.755990847131785,0.277558259925625,0.558047751162518,0.546521562334421,0.723934665119574,0.264410764209395,0.558047751162518,1.11022302462516e-16,0.0320561820122105,0.0131474957162299,0
9,12,ME,288,82,0.534064545668899,0.57702135000513,0.194287126282739,0.727563343594601,0.534064545668899,0.59976278937235,0.204424316111453,0.727563343594601,2.22044604925031e-16,-0.0227414393672204,-0.0101371898287141,0
10,12,ME,677,358,0.60951279599075,0.715014047991767,0.260045284830428,0.588982679812963,0.60951279599075,0.707898866258615,0.257213405461652,0.588982679812963,4.44089209850063e-16,0.00711518173315184,0.00283187936877583,0
11,12,ME,1193,375,0.350259612236911,0.677107076835258,0.24194982536203,0.516050529747351,0.350259612236911,0.673712104555657,0.240397745157377,0.516050529747351,4.44089209850063e-16,0.00339497227960062,0.00155208020465264,2.22044604925031e-16
13,12,ME,175,86,0.63835468867811,0.675547342720717,0.241346516739963,0.644107656127515,0.63835468867811,0.680796975946184,0.243924795215392,0.644107656127515,-4.44089209850063e-16,-0.00524963322546745,-0.00257827847542882,0
14,12,ME,177,28,0.292554678123871,0.614244103699333,0.211698530765219,0.601629913710451,0.292554678123871,0.618400722438184,0.213233840573084,0.601629913710451,2.22044604925031e-16,-0.00415661873885098,-0.00153530980786479,-4.44089209850063e-16
15,12,ME,627,384,0.669255585186163,0.885949297602563,0.333723966058414,0.564021776406036,0.669255585186163,0.814288706532725,0.306578091278746,0.564021776406036,4.44089209850063e-16,0.0716605910698376,0.0271458747796677,-3.33066907387547e-16
16,12,ME,193,90,0.640295909123075,0.662868397141926,0.235115780845187,0.651887810140237,0.640295909123075,0.669980386717813,0.238594030734564,0.651887810140237,1.11022302462516e-16,-0.00711198957588743,-0.0034782498893767,3.33066907387547e-16
17,12,ME,287,141,0.609694672081817,0.684266988000122,0.245415992386694,0.603711260079666,0.609694672081817,0.686165327851417,0.246511418891886,0.603711260079666,-1.11022302462516e-16,-0.00189833985129539,-0.00109542650519165,-2.22044604925031e-16
18,12,ME,432,230,0.594957228523913,0.711212596698367,0.258844544296289,0.557942315970728,0.594957228523913,0.70803868332774,0.257369102329719,0.557942315970728,1.11022302462516e-16,0.00317391337062745,0.00147544196657001,-4.44089209850063e-16
19,12,ME,323,172,0.681281213672649,0.726415951594461,0.265331905230502,0.623556137378716,0.681281213672649,0.715103785672504,0.26058315021586,0.623556137378716,-5.55111512312578e-16,0.0113121659219571,0.00474875501464234,-4.44089209850063e-16
1,12,ME2,112,22,0.379349309363493,0.550210050307392,0.180910369482858,0.714646464646465,0.379349309363493,0.556423573239536,0.183584400153156,0.714646464646465,3.33066907387547e-16,-0.0062135229321435,-0.00267403067029823,-3.33066907387547e-16
2,12,ME2,280,21,0.352545471617468,0.480219456697673,0.147365300915349,0.830299687442545,0.352545471617468,0.491282732588704,0.152078465671711,0.830299687442545,-3.88578058618805e-16,-0.0110632758910315,-0.00471316475636194,-4.44089209850063e-16
3,12,ME2,146,39,0.621474735949504,0.594951114191726,0.202030032164861,0.777138749101366,0.592728866204126,0.6184530143501,0.213230670529191,0.758686796069974,0.0287458697453783,-0.0235019001583736,-0.0112006383643299,0.0184519530313919
4,12,ME2,146,25,0.270445997467497,0.511268875467865,0.163135313952088,0.625454545454546,0.270445997467497,0.540584948625043,0.17604778020966,0.625454545454546,4.44089209850063e-16,-0.0293160731571784,-0.0129124662575717,-5.55111512312578e-16
5,12,ME2,228,8,0.14653932334428,0.440832317438856,0.128886973815,0.817045454545455,0.14653932334428,0.507117749719337,0.159096491810122,0.817045454545455,2.4980018054066e-16,-0.0662854322804812,-0.0302095179951218,-4.44089209850063e-16
6,12,ME2,276,5,0.0694705677464298,0.501675976714265,0.156923001876282,0.677490774907749,0.0694705677464298,0.703641510717045,0.255132505284508,0.677490774907749,1.38777878078145e-17,-0.20196553400278,-0.0982095034082257,1.11022302462516e-16
7,12,ME2,561,257,0.622125592260307,0.6855220999992,0.245922174025641,0.643213700593897,0.608737917037293,0.677741097182295,0.242403290295357,0.639169055908253,0.0133876752230141,0.00778100281690453,0.00351888373028447,0.00404464468564414
8,12,ME2,320,157,0.546501584092543,0.755935549070027,0.277533834399919,0.558008674924778,0.544987720680913,0.718399054665175,0.26169087372583,0.556484701652925,0.00151386341162973,0.0375364944048522,0.0158429606740894,0.00152397327185327
9,12,ME2,288,82,0.534064545668899,0.576842265292186,0.194212772353013,0.727563343594601,0.534064545668899,0.593989620109714,0.201820033759654,0.727563343594601,2.22044604925031e-16,-0.0171473548175282,-0.00760726140664125,0
10,12,ME2,677,358,0.613323993784627,0.723099832868965,0.263819577050792,0.591031680706117,0.598961082098987,0.693238010245069,0.250058725714968,0.582485420570568,0.0143629116856402,0.0298618226238963,0.0137608513358237,0.00854626013554927
11,12,ME2,1193,375,0.327087252889084,0.689937663906103,0.248119112562137,0.486169519152404,0.366174653072298,0.662804401793566,0.23520602674111,0.549132844335778,-0.0390874001832146,0.027133262112537,0.012913085821027,-0.0629633251833738
13,12,ME2,175,86,0.63835468867811,0.677909023778489,0.242510564779826,0.644107656127515,0.63835468867811,0.70065417854977,0.253594132859692,0.644107656127515,-4.44089209850063e-16,-0.0227451547712815,-0.0110835680798663,0
14,12,ME2,177,28,0.292554678123871,0.616293966385874,0.212674932080965,0.601629913710451,0.292554678123871,0.586498528534607,0.198015014246776,0.601629913710451,2.22044604925031e-16,0.0297954378512669,0.0146599178341887,-4.44089209850063e-16
15,12,ME2,627,384,0.666254797750141,0.889020149644983,0.335172798449043,0.558491941015089,0.643564451934811,0.843331656820639,0.318885310967372,0.516160836762689,0.0226903458153301,0.0456884928243435,0.016287487481671,0.0423311042524002
16,12,ME2,193,90,0.640295909123075,0.662493410902332,0.234930838915069,0.651887810140237,0.640295909123075,0.664521088338737,0.235902506765947,0.651887810140237,1.11022302462516e-16,-0.00202767743640497,-0.000971667850877656,3.33066907387547e-16
17,12,ME2,287,141,0.609694672081817,0.684224678809851,0.245385647919609,0.603711260079666,0.609694672081817,0.68488295033684,0.245820605709397,0.603711260079666,-1.11022302462516e-16,-0.000658271526989385,-0.000434957789788137,-2.22044604925031e-16
18,12,ME2,432,230,0.594957228523913,0.730888697702596,0.268066986138888,0.557942315970728,0.594957228523913,0.774006721419936,0.287649119665135,0.557942315970728,1.11022302462516e-16,-0.0431180237173399,-0.0195821335262469,-4.44089209850063e-16
19,12,ME2,323,172,0.681281213672649,0.727279527636741,0.265685228079179,0.623556137378716,0.681281213672649,0.721568397251319,0.263409554268042,0.623556137378716,-5.55111512312578e-16,0.00571113038542148,0.0022756738111373,-4.44089209850063e-16
1,12,ME_P,112,22,0.754728295268749,0.481780182869932,0.157277816665251,0.865656565656566,0.756541260671696,0.508862951014907,0.168929663480133,0.867676767676768,-0.00181296540294673,-0.0270827681449753,-0.0116518468148819,-0.00202020202020237
2,12,ME_P,280,21,0.649873440060577,0.429431512102892,0.133655223201439,0.936385364956793,0.662189103945433,0.491659150396886,0.160622837328073,0.92388306674021,-0.0123156638848564,-0.0622276382939939,-0.0269676141266341,0.0125022982165834
3,12,ME_P,146,39,0.64828694381266,0.564214051674837,0.191136832530973,0.819314641744548,0.637367803369133,0.591494652945118,0.203226191025108,0.806853582554517,0.0109191404435269,-0.0272806012702815,-0.0120893584941347,0.0124610591900313
4,12,ME_P,146,25,0.525192181013266,0.489475295242377,0.160666322629596,0.777851239669421,0.522462982469667,0.546116454535335,0.185514465042654,0.775206611570248,0.00272919854359865,-0.0566411592929582,-0.0248481424130577,0.00264462809917354
5,12,ME_P,228,8,0.274006382940947,0.467246267520328,0.15115081872184,0.822727272727273,0.310782340757036,0.555375279516176,0.189584020516142,0.805681818181818,-0.0367759578160893,-0.0881290119958479,-0.0384332017943024,0.0170454545454547
6,12,ME_P,276,5,0.0518190754562695,0.460387657637632,0.149833257317703,0.722509225092251,0.0486234180549762,0.568377411539884,0.194662216158458,0.719557195571956,0.00319565740129327,-0.107989753902252,-0.0448289588407549,0.00295202952029494
7,12,ME_P,561,257,0.831682635574023,0.553599410705049,0.186319045097828,0.834591951669056,0.822408560812974,0.545021957546932,0.181782846085472,0.824352344869957,0.00927407476104947,0.00857745315811687,0.0045361990123563,0.0102396067990989
8,12,ME_P,320,157,0.821185321466193,0.601629180067496,0.204845101504649,0.796295572662264,0.821638018584694,0.575740355172383,0.194339120457988,0.796569106326443,-0.000452697118501155,0.025888824895113,0.0105059810466606,-0.000273533664178927
9,12,ME_P,288,82,0.660418502144993,0.485868613988122,0.156697665272082,0.812100402557424,0.646098737686954,0.515205835639023,0.16870867908056,0.794873312810798,0.0143197644580386,-0.029337221650901,-0.0120110138084785,0.0172270897466257
10,12,ME_P,677,358,0.918888733145184,0.50593076877872,0.166288736750847,0.912987513353531,0.926074694130088,0.485354187957101,0.15620999844456,0.922251799443092,-0.00718596098490421,0.0205765808216192,0.0100787383062874,-0.00926428608956054
11,12,ME_P,1193,375,0.556813865132296,0.621799249906633,0.215028145291518,0.703920130399348,0.565185572253852,0.617602649693974,0.214256996406054,0.713220863895681,-0.00837170712155577,0.004196600212659,0.000771148885463924,-0.00930073349633298
13,12,ME_P,175,86,0.858852897487544,0.482867832415471,0.156601147699553,0.88502743663444,0.853248456413857,0.486345049964339,0.158073574935433,0.877711000783904,0.00560444107368696,-0.00347721754886832,-0.00147242723588034,0.00731643585053554
14,12,ME_P,177,28,0.658927810851407,0.525496859781507,0.174418130309844,0.903643336529243,0.664776908094356,0.523539779084723,0.174492126200586,0.912032598274209,-0.00584909724294946,0.00195708069678402,-7.39958907424176e-05,-0.00838926174496646
15,12,ME_P,627,384,0.873688008813886,0.80150673176288,0.286228214514441,0.801901148834019,0.880395830327317,0.714422671215809,0.254759841038867,0.815554269547325,-0.00670782151343152,0.087084060547071,0.0314683734755739,-0.0136531207133058
16,12,ME_P,193,90,0.803540052773485,0.543000736816104,0.182167795240644,0.807874865156419,0.791053707368294,0.559700332174447,0.187891187690379,0.789859762675297,0.0124863454051914,-0.0166995953583433,-0.00572339244973483,0.0180151024811216
17,12,ME_P,287,141,0.913218818103625,0.485624576785945,0.156460902314886,0.904789662877684,0.915368394369211,0.488718009321256,0.156924670941088,0.911007480812203,-0.00214957626558643,-0.00309343253531152,-0.00046376862620226,-0.00621781793451914
18,12,ME_P,432,230,0.894129927223518,0.536237890888233,0.179564767711585,0.879207920792079,0.901664370465652,0.530053269908332,0.175932241519331,0.887171760654326,-0.00753444324213382,0.00618462097990091,0.00363252619225438,-0.0079638398622468
19,12,ME_P,323,172,0.865110437536428,0.611345981130962,0.210533113695825,0.829162174649623,0.862206266999923,0.593684127782039,0.202973256543068,0.825773910365009,0.0029041705365046,0.0176618533489228,0.00755985715275712,0.0033882642846137
1,12,ME2P,112,22,0.753157165960995,0.489225277324005,0.160495828601392,0.864646464646465,0.752996257301478,0.49158537338009,0.161519377395368,0.865151515151515,0.00016090865951679,-0.00236009605608456,-0.00102354879397584,-0.000505050505050342
2,12,ME2P,280,21,0.657348346007589,0.447811726427123,0.141528098785264,0.933995219709505,0.666659952205726,0.46765464740917,0.150249726393829,0.927376355947785,-0.00931160619813698,-0.0198429209820472,-0.00872162760856479,0.00661886376172038
3,12,ME2P,146,39,0.654453974628571,0.560966061905461,0.189879479466568,0.819793913251857,0.622881023257221,0.602599537877383,0.207323076786502,0.807093218308172,0.03157295137135,-0.0416334759719219,-0.0174435973199344,0.0127006949436851
4,12,ME2P,146,25,0.524646734144325,0.488915971987624,0.160503344002891,0.780495867768595,0.532762714618409,0.542275066862308,0.18365210426285,0.778512396694215,-0.00811598047408402,-0.0533590948746842,-0.0231487602599587,0.00198347107438002
5,12,ME2P,228,8,0.280903169433321,0.464972223449284,0.150221349805711,0.822727272727273,0.290435885707201,0.570063811692634,0.195424565406249,0.810795454545455,-0.00953271627387964,-0.10509158824335,-0.0452032156005379,0.0119318181818178
6,12,ME2P,276,5,0.0520245087813491,0.571183787068902,0.194827054184496,0.724723247232472,0.0513741718257847,0.837213590922828,0.300048782287087,0.718819188191882,0.0006503369555644,-0.266029803853926,-0.105221728102591,0.00590405904059033
7,12,ME2P,561,257,0.831947509859407,0.554776443353679,0.186836059174673,0.834425558058571,0.824259837328525,0.541655543754828,0.180382128693697,0.826323469178784,0.00768767253088176,0.0131208995988509,0.00645393048097565,0.00810208887978659
8,12,ME2P,320,157,0.82131060210876,0.603884592546241,0.205689899754766,0.796334648900004,0.821353721207088,0.571504422505245,0.192837781899433,0.796061115235825,-4.31190983277707e-05,0.0323801700409963,0.0128521178553327,0.000273533664178927
9,12,ME2P,288,82,0.660762522614392,0.48595837537567,0.156731734122128,0.812041202936301,0.653635153532495,0.510822465365798,0.166902240823523,0.801326071513142,0.00712736908189671,-0.0248640899901276,-0.0101705067013945,0.0107151314231593
10,12,ME2P,677,358,0.923643754194654,0.521739166544718,0.174325722605432,0.918101259172344,0.92328863847133,0.477140656414924,0.151993094009755,0.919633631635173,0.000355115723323918,0.044598510129794,0.0223326285956773,-0.00153237246282922
11,12,ME2P,1193,375,0.526344989781106,0.650036992531308,0.226755631952171,0.684878565607172,0.570714994827432,0.610782485739556,0.211265459447364,0.718531377343113,-0.0443700050463262,0.039254506791752,0.0154901725048071,-0.033652811735941
13,12,ME2P,175,86,0.858759209409803,0.481857356132286,0.15601478063752,0.884896785994251,0.857165593406358,0.500973035768053,0.16608553577356,0.880324013587667,0.00159361600344465,-0.0191156796357667,-0.0100707551360396,0.00457277240658438
14,12,ME2P,177,28,0.656449945055285,0.53968638567751,0.180492752149009,0.903883029721956,0.667655037442792,0.503947727278529,0.166110172343629,0.910834132310642,-0.0112050923875071,0.0357386583989814,0.0143825798053801,-0.00695110258868614
15,12,ME2P,627,384,0.873558393195195,0.801940813440991,0.28640920814267,0.80167609739369,0.870565831044925,0.742242873269687,0.264927354342677,0.799479166666667,0.00299256215026988,0.0596979401713039,0.021481853799993,0.00219693072702298
16,12,ME2P,193,90,0.80349665880346,0.544091063200049,0.182573358425406,0.807659115426106,0.795718420039373,0.553979561609776,0.185803897229932,0.795145631067961,0.00777823876408734,-0.00988849840972761,-0.00323053880452642,0.0125134843581447
17,12,ME2P,287,141,0.913608069496239,0.485560718084818,0.156419349801857,0.905518313416885,0.916270872718946,0.488885357210821,0.157109386395513,0.911007480812203,-0.00266280322270651,-0.00332463912600278,-0.00069003659365649,-0.00548916739531768
18,12,ME2P,432,230,0.893774780599172,0.548788396553355,0.185466381016134,0.878777442961687,0.898899356641353,0.600100011216948,0.20927654936294,0.884718037021093,-0.00512457604218131,-0.0513116146635935,-0.0238101683468063,-0.0059405940594055
19,12,ME2P,323,172,0.865098897042936,0.609932203521566,0.209917874017391,0.829162174649623,0.863714427276751,0.600109836163424,0.205949044567452,0.829085168643154,0.00138446976618467,0.00982236735814224,0.0039688294499394,7.70060064687606e-05
1,13,M0,112,22,0.196428571428571,0.592742287564403,0.20037734725547,0.5,0.196428571428571,0.59476012459852,0.201348944547837,0.5,4.16333634234434e-16,-0.00201783703411662,-0.000971597292367454,0
2,13,M0,280,21,0.075,0.559906893809107,0.184010918947972,0.5,0.075,0.562856131045747,0.185442551013687,0.5,0,-0.00294923723664053,-0.00143163206571528,0
3,13,M0,146,39,0.267123287671233,0.620332885422262,0.214000252576544,0.5,0.267123287671233,0.621673150969817,0.214645337188004,0.5,-1.11022302462516e-16,-0.00134026554755506,-0.000645084611459818,0
4,13,M0,146,25,0.171232876712329,0.584411820808528,0.196245606307904,0.5,0.171232876712329,0.586656681377199,0.19732792739409,0.5,-2.4980018054066e-16,-0.00224486056867146,-0.00108232108618625,0
5,13,M0,228,8,0.0350877192982456,0.543879250371478,0.176098767734987,0.5,0.0350877192982456,0.547196568051153,0.177707554500243,0.5,1.38777878078145e-17,-0.00331731767967503,-0.00160878676525564,0
6,13,M0,276,5,0.0181159420289855,0.543768435213411,0.175987207995175,0.5,0.0181159420289855,0.547122442672379,0.17761786620828,0.5,6.93889390390723e-18,-0.0033540074589683,-0.00163065821310479,0
7,13,M0,561,257,0.458110516934046,0.698201652216531,0.252401485263751,0.5,0.458110516934046,0.697471039960059,0.252052285471729,0.5,3.88578058618805e-16,0.00073061225647153,0.000349199792021748,0
8,13,M0,320,157,0.490625,0.711916691820162,0.25915921767518,0.5,0.490625,0.710869082160444,0.258658173147009,0.5,0,0.00104760965971762,0.000501044528171069,0
9,13,M0,288,82,0.284722222222222,0.628417524826777,0.217976861795866,0.5,0.284722222222222,0.629600156384745,0.21854708861997,0.5,2.22044604925031e-16,-0.00118263155796794,-0.000570226824103765,0
10,13,M0,677,358,0.528803545051699,0.734270417077892,0.270066132247231,0.5,0.528803545051699,0.732404609655295,0.269181907043285,0.5,-3.33066907387547e-16,0.00186580742259657,0.00088422520394632,0
11,13,M0,1193,375,0.314333612740989,0.64531248958719,0.226268234316881,0.5,0.314333612740989,0.646309322118626,0.226753611420743,0.5,1.11022302462516e-16,-0.000996832531436009,-0.000485377103861928,0
12,13,M0,303,228,0.752475247524752,0.843161307602499,0.323462281498104,0.5,0.752475247524752,0.838524762619821,0.321269775463568,0.5,4.44089209850063e-16,0.00463654498267752,0.00219250603453586,0
14,13,M0,177,28,0.15819209039548,0.580887052242713,0.194486822974919,0.5,0.15819209039548,0.583238574015162,0.195621871820536,0.5,2.4980018054066e-16,-0.00235152177244879,-0.00113504884561699,0
15,13,M0,627,384,0.61244019138756,0.781198634813696,0.292958527259403,0.5,0.61244019138756,0.777929016289496,0.291420610714475,0.5,-2.22044604925031e-16,0.00326961852420027,0.00153791654492835,0
16,13,M0,193,90,0.466321243523316,0.700718428692565,0.253655359257261,0.5,0.466321243523316,0.700004150686475,0.253312977329909,0.5,5.55111512312578e-17,0.000714278006089475,0.000342381927352198,0
17,13,M0,287,141,0.491289198606272,0.71200940423457,0.259207691240419,0.5,0.491289198606272,0.710970454130806,0.258710588767755,0.5,-2.22044604925031e-16,0.00103895010376409,0.000497102472664157,0
18,13,M0,432,230,0.532407407407407,0.732588271258572,0.269296049442827,0.5,0.532407407407407,0.730916804952054,0.268499911381838,0.5,4.44089209850063e-16,0.00167146630651793,0.000796138060989216,0
19,13,M0,323,172,0.532507739938081,0.731157140543112,0.26861518853481,0.5,0.532507739938081,0.729584045754148,0.267864262533819,0.5,-4.44089209850063e-16,0.00157309478896417,0.000750926000990582,0
1,13,MP,112,22,0.766789187750905,0.519249554194211,0.175589536299266,0.872727272727273,0.760214831257374,0.526578558308318,0.179012648370709,0.869444444444445,0.00657435649353089,-0.00732900411410686,-0.00342311207144275,0.00328282828282767
2,13,MP,280,21,0.618963778588889,0.529445747290346,0.179448114898258,0.90724397867255,0.618967467720808,0.530761573324404,0.180152846459861,0.909450266593124,-3.68913191861608e-06,-0.00131582603405855,-0.000704731561602778,-0.00220628792057387
3,13,MP,146,39,0.631602792234854,0.605727731013216,0.208428041381809,0.785526000479272,0.634921249570518,0.60885899698863,0.209979844859851,0.790678169182842,-0.00331845733566427,-0.00313126597541369,-0.00155180347804182,-0.00515216870357049
4,13,MP,146,25,0.496842746890375,0.588146115882183,0.203856440858208,0.764628099173554,0.507072153692925,0.590105149151892,0.204734924557639,0.768595041322314,-0.0102294068025497,-0.00195903326970959,-0.000878483699430666,-0.00396694214876037
5,13,MP,228,8,0.285570127409702,0.612319193496134,0.214097375596815,0.783806818181818,0.292081554191196,0.614748611284955,0.215313284783294,0.790056818181818,-0.00651142678149369,-0.00242941778882122,-0.00121590918647876,-0.00624999999999987
6,13,MP,276,5,0.0428198420346128,0.642087896769922,0.220098688733962,0.708487084870849,0.0445351791264003,0.645505496730541,0.221390882791666,0.721033210332103,-0.00171533709178746,-0.00341759996061952,-0.00129219405770395,-0.0125461254612543
7,13,MP,561,257,0.8089172141295,0.546770584538376,0.181511827103903,0.811687231210322,0.809641730255759,0.543535576692664,0.180027778653934,0.812634394839238,-0.000724516126259123,0.0032350078457124,0.00148404844996933,-0.000947163628916559
8,13,MP,320,157,0.812851721457858,0.571987525596772,0.190765055628235,0.789164159274745,0.816005108355322,0.567939233434807,0.188962877424044,0.791430581063655,-0.00315338689746425,0.00404829216196445,0.00180217820419129,-0.00226642178891001
9,13,MP,288,82,0.631387037726132,0.541568872744841,0.179514364570914,0.775426237272082,0.630780549548471,0.542515776736445,0.179919264453227,0.775455837082643,0.000606488177660625,-0.000946903991604242,-0.000404899882312598,-2.95998105614981e-05
10,13,MP,677,358,0.918722054735178,0.463553480618515,0.148350171071446,0.916577643123588,0.921148186153207,0.457852184983101,0.145889675587365,0.918928740302271,-0.00242613141802894,0.00570129563541388,0.00246049548408125,-0.00235109717868298
11,13,MP,1193,375,0.556440059310557,0.611302447497511,0.211055066536108,0.720565607171964,0.556786508886677,0.612091531791435,0.211281295622712,0.721066014669927,-0.000346449576119623,-0.000789084293924103,-0.000226229086603691,-0.000500407497962874
12,13,MP,303,228,0.92185479819358,0.82727878726268,0.289973717494126,0.792923976608187,0.921265319834541,0.827472610090691,0.289478325240095,0.791023391812866,0.00058947835903933,-0.000193822828010504,0.000495392254030891,0.00190058479532118
14,13,MP,177,28,0.686113013197153,0.527732661696121,0.17786482923144,0.924017257909875,0.675545566033652,0.533620992501976,0.180645434912642,0.919103547459252,0.0105674471635006,-0.00588833080585538,-0.00278060568120161,0.00491371045062328
15,13,MP,627,384,0.876149729422119,0.670599614318501,0.232938886547618,0.815120241769547,0.875118076715491,0.668298079394011,0.232117472868872,0.815725737311385,0.00103165270662764,0.00230153492448959,0.000821413678746163,-0.000605495541837642
16,13,MP,193,90,0.767777169949726,0.584656757887433,0.194909127841431,0.768230852211435,0.778268195285482,0.579335039004122,0.192355742983181,0.775728155339806,-0.0104910253357555,0.00532171888331046,0.00255338485825049,-0.00749730312837127
17,13,MP,287,141,0.910138905237371,0.468192243291762,0.150091855058979,0.910618867191295,0.91014612933295,0.466104700375446,0.149272002347979,0.909963081706014,-7.22409557885051e-06,0.00208754291631641,0.000819852710999991,0.000655785485281002
18,13,MP,432,230,0.898964892761889,0.50747095281427,0.167415436216338,0.886332328885063,0.901948090038083,0.5031924618743,0.165606420245448,0.888570813603099,-0.00298319727619367,0.0042784909399699,0.0018090159708902,-0.00223848471803656
19,13,MP,323,172,0.855242370334049,0.584778722500962,0.197201783229087,0.81691821962113,0.854340229869587,0.583236574485018,0.196421938838919,0.817476513168027,0.000902140464462353,0.00154214801594366,0.000779844390167706,-0.000558293546896627
1,13,MP_cal,112,22,0.766789187750905,0.498843774399904,0.163680142269781,0.872727272727273,0.760214831257374,0.513108551569847,0.170773989649966,0.869444444444445,0.00657435649353089,-0.0142647771699433,-0.00709384738018529,0.00328282828282767
2,13,MP_cal,280,21,0.618963778588889,0.498661168326855,0.162915960515434,0.90724397867255,0.618967467720808,0.511680905613815,0.169587350867771,0.909450266593124,-3.68913191861608e-06,-0.0130197372869599,-0.00667139035233658,-0.00220628792057387
3,13,MP_cal,146,39,0.631602792234854,0.565663243503873,0.19216698471358,0.785526000479272,0.634921249570518,0.58711678440151,0.201776274601967,0.790678169182842,-0.00331845733566427,-0.0214535408976368,-0.00960928988838691,-0.00515216870357049
4,13,MP_cal,146,25,0.496842746890375,0.547223095575459,0.185495083409048,0.764628099173554,0.507072153692925,0.570252950753273,0.19617228859426,0.768595041322314,-0.0102294068025497,-0.0230298551778143,-0.0106772051852117,-0.00396694214876037
5,13,MP_cal,228,8,0.285570127409702,0.549847363835154,0.186422919545049,0.783806818181818,0.292081554191196,0.582861580946596,0.201778057726393,0.790056818181818,-0.00651142678149369,-0.0330142171114424,-0.0153551381813437,-0.00624999999999987
6,13,MP_cal,276,5,0.0428198420346128,0.563049856482309,0.191764697394895,0.708487084870849,0.0445351791264003,0.597036273300108,0.206477625348077,0.721033210332103,-0.00171533709178746,-0.0339864168177994,-0.0147129279531821,-0.0125461254612543
7,13,MP_cal,561,257,0.8089172141295,0.561910408242254,0.18880759764153,0.811687231210322,0.809641730255759,0.551470493160351,0.184188321873093,0.812634394839238,-0.000724516126259123,0.0104399150819033,0.00461927576843688,-0.000947163628916559
8,13,MP_cal,320,157,0.812851721457858,0.578168265503406,0.195248795338457,0.789164159274745,0.816005108355322,0.568814984527702,0.191254512960473,0.791430581063655,-0.00315338689746425,0.00935328097570387,0.00399428237798352,-0.00226642178891001
9,13,MP_cal,288,82,0.631387037726132,0.526077485776624,0.172979693986719,0.775426237272082,0.630780549548471,0.530644716146234,0.175303372839258,0.775455837082643,0.000606488177660625,-0.00456723036961049,-0.00232367885253867,-2.95998105614981e-05
10,13,MP_cal,677,358,0.918722054735178,0.513788749194674,0.168579043894228,0.916577643123588,0.921148186153207,0.492782856236411,0.159491018648133,0.918928740302271,-0.00242613141802894,0.0210058929582631,0.00908802524609465,-0.00235109717868298
11,13,MP_cal,1193,375,0.556440059310557,0.595796133336776,0.205443088247251,0.720565607171964,0.556786508886677,0.597096532017347,0.206054193610353,0.721066014669927,-0.000346449576119623,-0.00130039868057108,-0.000611105363101855,-0.000500407497962874
12,13,MP_cal,303,228,0.92185479819358,0.83097167212561,0.302776855816213,0.792923976608187,0.921265319834541,0.841754791973352,0.304909991105865,0.791023391812866,0.00058947835903933,-0.0107831198477424,-0.00213313528965187,0.00190058479532118
14,13,MP_cal,177,28,0.686113013197153,0.504840052897674,0.16518948600039,0.924017257909875,0.675545566033652,0.502499111494608,0.165933775225944,0.919103547459252,0.0105674471635006,0.0023409414030664,-0.000744289225554279,0.00491371045062328
15,13,MP_cal,627,384,0.876149729422119,0.696653164999974,0.247651564342284,0.815120241769547,0.875118076715491,0.692868315326095,0.245717115929365,0.815725737311385,0.00103165270662764,0.00378484967387871,0.00193444841291854,-0.000605495541837642
16,13,MP_cal,193,90,0.767777169949726,0.580085387707307,0.195731443232939,0.768230852211435,0.778268195285482,0.572848608732251,0.192610539287929,0.775728155339806,-0.0104910253357555,0.00723677897505637,0.00312090394500963,-0.00749730312837127
17,13,MP_cal,287,141,0.910138905237371,0.498927494636504,0.162335806756352,0.910618867191295,0.91014612933295,0.495486239147011,0.16045109145637,0.909963081706014,-7.22409557885051e-06,0.00344125548949331,0.00188471529998169,0.000655785485281002
18,13,MP_cal,432,230,0.898964892761889,0.542685458390387,0.181983928979376,0.886332328885063,0.901948090038083,0.536129899104109,0.178809491974435,0.888570813603099,-0.00298319727619367,0.00655555928627838,0.0031744370049413,-0.00223848471803656
19,13,MP_cal,323,172,0.855242370334049,0.602391547864024,0.206392970568856,0.81691821962113,0.854340229869587,0.59776293728645,0.204427678047874,0.817476513168027,0.000902140464462353,0.00462861057757347,0.00196529252098213,-0.000558293546896627
1,13,ME,112,22,0.379349309363493,0.575814347421917,0.192496689146349,0.714646464646465,0.379349309363493,0.576402401085563,0.19279129716684,0.714646464646465,3.33066907387547e-16,-0.000588053663645893,-0.000294608020490972,-3.33066907387547e-16
2,13,ME,280,21,0.352545471617468,0.522818120088555,0.166575631600115,0.830299687442545,0.352545471617468,0.52291730782217,0.166655053545391,0.830299687442545,-3.88578058618805e-16,-9.91877336153912e-05,-7.94219452756595e-05,-4.44089209850063e-16
3,13,ME,146,39,0.627640986501488,0.61011349581667,0.209037324450841,0.780254013898874,0.627640986501488,0.610935013062588,0.209442921752146,0.780254013898874,-3.33066907387547e-16,-0.000821517245917836,-0.000405597301304766,-3.33066907387547e-16
4,13,ME,146,25,0.270445997467497,0.544358238212749,0.177597813167739,0.625454545454546,0.270445997467497,0.544038083938858,0.177471926458478,0.625454545454546,4.44089209850063e-16,0.000320154273891315,0.000125886709260808,-5.55111512312578e-16
5,13,ME,228,8,0.14653932334428,0.492579945731008,0.151949252421491,0.817045454545455,0.14653932334428,0.492204016654421,0.151805923534161,0.817045454545455,2.4980018054066e-16,0.00037592907658679,0.000143328887330263,-4.44089209850063e-16
6,13,ME,276,5,0.0694705677464298,0.463619201330109,0.138223478883311,0.677490774907749,0.0694705677464298,0.461096203356855,0.137101733540443,0.677490774907749,1.38777878078145e-17,0.00252299797325434,0.0011217453428681,1.11022302462516e-16
7,13,ME,561,257,0.622320050323158,0.682971695050761,0.244988071375581,0.643124104034405,0.622320050323158,0.681918513715047,0.244466259296513,0.643124104034405,2.22044604925031e-16,0.00105318133571386,0.000521812079067679,1.11022302462516e-16
8,13,ME,320,157,0.546521562334421,0.723979442006475,0.264462010022845,0.558047751162518,0.546521562334421,0.723934665119574,0.264410764209395,0.558047751162518,1.11022302462516e-16,4.47768869007437e-05,5.1245813449452e-05,0
9,13,ME,288,82,0.534064545668899,0.600142235660266,0.204595774666303,0.727563343594601,0.534064545668899,0.59976278937235,0.204424316111453,0.727563343594601,2.22044604925031e-16,0.000379446287916196,0.000171458554850346,0
10,13,ME,677,358,0.60951279599075,0.709888982819279,0.258194184948037,0.588982679812963,0.60951279599075,0.707898866258615,0.257213405461652,0.588982679812963,4.44089209850063e-16,0.00199011656066417,0.000980779486384864,0
11,13,ME,1193,375,0.350259612236911,0.672538483326685,0.239817402390154,0.516050529747351,0.350259612236911,0.673712104555657,0.240397745157377,0.516050529747351,4.44089209850063e-16,-0.00117362122897169,-0.000580342767222603,2.22044604925031e-16
12,13,ME,303,228,0.715818859221255,1.06602023499547,0.416583378049591,0.417017543859649,0.715818859221255,1.06876699810025,0.417493346648271,0.417017543859649,0,-0.00274676310478283,-0.000909968598680089,1.11022302462516e-16
14,13,ME,177,28,0.292554678123871,0.615546649273767,0.211814042411667,0.601629913710451,0.292554678123871,0.618400722438184,0.213233840573084,0.601629913710451,2.22044604925031e-16,-0.00285407316441733,-0.00141979816141674,-4.44089209850063e-16
15,13,ME,627,384,0.669255585186163,0.814888865700228,0.306943102247285,0.564021776406036,0.669255585186163,0.814288706532725,0.306578091278746,0.564021776406036,4.44089209850063e-16,0.000600159167502556,0.000365010968539414,-3.33066907387547e-16
16,13,ME,193,90,0.640295909123075,0.671172144521135,0.239187191701373,0.651887810140237,0.640295909123075,0.669980386717813,0.238594030734564,0.651887810140237,1.11022302462516e-16,0.00119175780332215,0.000593160966809392,3.33066907387547e-16
17,13,ME,287,141,0.609694672081817,0.687320559675737,0.247086875265415,0.603711260079666,0.609694672081817,0.686165327851417,0.246511418891886,0.603711260079666,-1.11022302462516e-16,0.0011552318243202,0.000575456373529265,-2.22044604925031e-16
18,13,ME,432,230,0.594957228523913,0.709672570882734,0.258168742372443,0.557942315970728,0.594957228523913,0.70803868332774,0.257369102329719,0.557942315970728,1.11022302462516e-16,0.00163388755499438,0.000799640042724148,-4.44089209850063e-16
19,13,ME,323,172,0.681281213672649,0.716545287691358,0.26130298464936,0.623556137378716,0.681281213672649,0.715103785672504,0.26058315021586,0.623556137378716,-5.55111512312578e-16,0.00144150201885418,0.000719834433499877,-4.44089209850063e-16
1,13,ME2,112,22,0.379349309363493,0.552842273039314,0.181925528654018,0.714646464646465,0.379349309363493,0.556423573239536,0.183584400153156,0.714646464646465,3.33066907387547e-16,-0.00358130020022174,-0.00165887149913821,-3.33066907387547e-16
2,13,ME2,280,21,0.352545471617468,0.486687388911557,0.149934610516236,0.830299687442545,0.352545471617468,0.491282732588704,0.152078465671711,0.830299687442545,-3.88578058618805e-16,-0.00459534367714715,-0.00214385515547547,-4.44089209850063e-16
3,13,ME2,146,39,0.586616137632907,0.616714674031894,0.212375670994578,0.754612988257848,0.592728866204126,0.6184530143501,0.213230670529191,0.758686796069974,-0.00611272857121881,-0.00173834031820597,-0.000854999534612711,-0.00407380781212596
4,13,ME2,146,25,0.270445997467497,0.539489149207087,0.175528959244169,0.625454545454546,0.270445997467497,0.540584948625043,0.17604778020966,0.625454545454546,4.44089209850063e-16,-0.00109579941795601,-0.000518820965491024,-5.55111512312578e-16
5,13,ME2,228,8,0.14653932334428,0.506665083266118,0.158855056640619,0.817045454545455,0.14653932334428,0.507117749719337,0.159096491810122,0.817045454545455,2.4980018054066e-16,-0.000452666453219286,-0.000241435169502591,-4.44089209850063e-16
6,13,ME2,276,5,0.0694705677464298,0.730377381071602,0.268357512766892,0.677490774907749,0.0694705677464298,0.703641510717045,0.255132505284508,0.677490774907749,1.38777878078145e-17,0.0267358703545572,0.0132250074823838,1.11022302462516e-16
7,13,ME2,561,257,0.604441103653652,0.678982891942944,0.243013515426581,0.636660352242474,0.608737917037293,0.677741097182295,0.242403290295357,0.639169055908253,-0.00429681338364119,0.00124179476064845,0.000610225131224051,-0.00250870366577916
8,13,ME2,320,157,0.544886566490296,0.718450641468145,0.261733990280429,0.556406549177445,0.544987720680913,0.718399054665175,0.26169087372583,0.556484701652925,-0.000101154190617292,5.15868029703492e-05,4.3116554598488e-05,-7.81524754798202e-05
9,13,ME2,288,82,0.534064545668899,0.593146197112075,0.201426284174851,0.727563343594601,0.534064545668899,0.593989620109714,0.201820033759654,0.727563343594601,2.22044604925031e-16,-0.000843422997638621,-0.000393749584802733,0
10,13,ME2,677,358,0.597410878985828,0.693747831087694,0.250312420981966,0.58177615103063,0.598961082098987,0.693238010245069,0.250058725714968,0.582485420570568,-0.00155020311315912,0.00050982084262452,0.000253695266998366,-0.000709269539937996
11,13,ME2,1193,375,0.368591889054074,0.659670116722126,0.233693334191613,0.551897310513447,0.366174653072298,0.662804401793566,0.23520602674111,0.549132844335778,0.00241723598177579,-0.00313428507144042,-0.00151269254949729,0.00276446617766946
12,13,ME2,303,228,0.715818859221255,1.0405266788735,0.40650212086183,0.417017543859649,0.715818859221255,1.0527365246882,0.411194576525907,0.417017543859649,0,-0.0122098458146955,-0.00469245566407717,1.11022302462516e-16
14,13,ME2,177,28,0.292554678123871,0.578747599539457,0.194279070408827,0.601629913710451,0.292554678123871,0.586498528534607,0.198015014246776,0.601629913710451,2.22044604925031e-16,-0.00775092899514962,-0.0037359438379494,-4.44089209850063e-16
15,13,ME2,627,384,0.639454678255886,0.850798718033209,0.322074492833845,0.509173525377229,0.643564451934811,0.843331656820639,0.318885310967372,0.516160836762689,-0.00410977367892473,0.00746706121257046,0.00318918186647282,-0.00698731138545994
16,13,ME2,193,90,0.640295909123075,0.665424204353782,0.236352417375888,0.651887810140237,0.640295909123075,0.664521088338737,0.235902506765947,0.651887810140237,1.11022302462516e-16,0.000903116015044669,0.000449910609940457,3.33066907387547e-16
17,13,ME2,287,141,0.609694672081817,0.686563039178175,0.246643960350718,0.603711260079666,0.609694672081817,0.68488295033684,0.245820605709397,0.603711260079666,-1.11022302462516e-16,0.00168008884133497,0.00082335464132105,-2.22044604925031e-16
18,13,ME2,432,230,0.594957228523913,0.79329048781039,0.295950670804437,0.557942315970728,0.594957228523913,0.774006721419936,0.287649119665135,0.557942315970728,1.11022302462516e-16,0.0192837663904538,0.00830155113930237,-4.44089209850063e-16
19,13,ME2,323,172,0.681281213672649,0.725263459667712,0.265171790166037,0.623556137378716,0.681281213672649,0.721568397251319,0.263409554268042,0.623556137378716,-5.55111512312578e-16,0.00369506241639284,0.00176223589799523,-4.44089209850063e-16
1,13,ME_P,112,22,0.758098037228472,0.495570339776079,0.162248219042985,0.868181818181818,0.756541260671696,0.508862951014907,0.168929663480133,0.867676767676768,0.00155677655677611,-0.0132926112388276,-0.00668144443714786,0.00050505050505012
2,13,ME_P,280,21,0.654605268672498,0.481774238067025,0.15527968863803,0.922228350799779,0.662189103945433,0.491659150396886,0.160622837328073,0.92388306674021,-0.00758383527293494,-0.00988491232986066,-0.00534314869004313,-0.00165471594043065
3,13,ME_P,146,39,0.637907994430213,0.568359678416614,0.19306713168724,0.805655403786245,0.637367803369133,0.591494652945118,0.203226191025108,0.806853582554517,0.000540191061080164,-0.0231349745285037,-0.0101590593378677,-0.00119817876827211
4,13,ME_P,146,25,0.5119750028484,0.525542433044924,0.175706016773289,0.770247933884298,0.522462982469667,0.546116454535335,0.185514465042654,0.775206611570248,-0.0104879796212668,-0.0205740214904109,-0.00980844826936453,-0.00495867768595038
5,13,ME_P,228,8,0.297132352941176,0.524809958714884,0.175139600225026,0.798295454545455,0.310782340757036,0.555375279516176,0.189584020516142,0.805681818181818,-0.0136499878158595,-0.0305653208012917,-0.0144444202911161,-0.00738636363636347
6,13,ME_P,276,5,0.0474069458652262,0.538511146194181,0.181355997298656,0.712177121771218,0.0486234180549762,0.568377411539884,0.194662216158458,0.719557195571956,-0.00121647218975,-0.0298662653457028,-0.0133062188598021,-0.00738007380073824
7,13,ME_P,561,257,0.820737242186922,0.556093536518077,0.186635081319533,0.821306061847225,0.822408560812974,0.545021957546932,0.181782846085472,0.824352344869957,-0.00167131862605252,0.0110715789711447,0.004852235234061,-0.00304628302273191
8,13,ME_P,320,157,0.819544385719026,0.584559171919672,0.198147966540537,0.794654370677191,0.821638018584694,0.575740355172383,0.194339120457988,0.796569106326443,-0.00209363286566833,0.00881881674728891,0.00380884608254864,-0.00191473564925171
9,13,ME_P,288,82,0.644011671364001,0.513083914011163,0.16741231338133,0.79345252190386,0.646098737686954,0.515205835639023,0.16870867908056,0.794873312810798,-0.00208706632295319,-0.00212192162786018,-0.00129636569922953,-0.00142079090693814
10,13,ME_P,677,358,0.925234083688082,0.507421277186414,0.16562000758683,0.921472478590568,0.926074694130088,0.485354187957101,0.15620999844456,0.922251799443092,-0.00084061044200634,0.0220670892293129,0.00941000914227025,-0.000779320852524412
11,13,ME_P,1193,375,0.564448785944073,0.615615036488626,0.213474545769224,0.712268948655257,0.565185572253852,0.617602649693974,0.214256996406054,0.713220863895681,-0.000736786309779247,-0.0019876132053479,-0.000782450636830079,-0.000951915240424261
12,13,ME_P,303,228,0.915113053679246,0.973762036381311,0.35604904082832,0.768421052631579,0.914536113686531,0.992882047418664,0.359573026389496,0.767076023391813,0.000576939992715575,-0.0191200110373529,-0.00352398556117578,0.00134502923976587
14,13,ME_P,177,28,0.681126143834513,0.523040742809267,0.172827075936304,0.919223394055609,0.664776908094356,0.523539779084723,0.174492126200586,0.912032598274209,0.0163492357401571,-0.000499036275456222,-0.00166505026428204,0.00719079578139981
15,13,ME_P,627,384,0.881403123294799,0.716771704310691,0.256138401038712,0.815897205075446,0.880395830327317,0.714422671215809,0.254759841038867,0.815554269547325,0.00100729296748237,0.0023490330948821,0.00137855999984543,0.000342935528120814
16,13,ME_P,193,90,0.782306990399846,0.5651819696475,0.190373733541043,0.783603020496225,0.791053707368294,0.559700332174447,0.187891187690379,0.789859762675297,-0.00874671696844809,0.00548163747305341,0.00248254585066435,-0.00625674217907257
17,13,ME_P,287,141,0.914402469334059,0.490633951806121,0.158045405435897,0.910667443893909,0.915368394369211,0.488718009321256,0.156924670941088,0.911007480812203,-0.000965925035151805,0.0019159424848651,0.00112073449480896,-0.000340036918294429
18,13,ME_P,432,230,0.8991195576313,0.53501587488267,0.17837256064748,0.885320705983642,0.901664370465652,0.530053269908332,0.175932241519331,0.887171760654326,-0.00254481283435193,0.00496260497433787,0.0024403191281486,-0.00185105467068414
19,13,ME_P,323,172,0.860734180829291,0.597664016630181,0.204692701803258,0.823925766209764,0.862206266999923,0.593684127782039,0.202973256543068,0.825773910365009,-0.0014720861706321,0.00397988884814193,0.0017194452601898,-0.0018481441552447
1,13,ME2P,112,22,0.756329887015082,0.476408770633721,0.153954046016319,0.866161616161616,0.752996257301478,0.49158537338009,0.161519377395368,0.865151515151515,0.0033336297136044,-0.0151766027463686,-0.00756533137904941,0.00101010101010113
2,13,ME2P,280,21,0.659481692377566,0.453684110157158,0.143068041782748,0.926089354660783,0.666659952205726,0.46765464740917,0.150249726393829,0.927376355947785,-0.00717825982816056,-0.0139705372520125,-0.00718168461108051,-0.00128700128700177
3,13,ME2P,146,39,0.624763810664908,0.578169972561286,0.196879434610016,0.805415768032591,0.622881023257221,0.602599537877383,0.207323076786502,0.807093218308172,0.00188278740768755,-0.0244295653160966,-0.0104436421764857,-0.00167745027558153
4,13,ME2P,146,25,0.521935295549555,0.520409655751004,0.173302234903502,0.773223140495868,0.532762714618409,0.542275066862308,0.18365210426285,0.778512396694215,-0.0108274190688538,-0.0218654111113038,-0.0103498693593478,-0.00528925619834719
5,13,ME2P,228,8,0.281854416950571,0.539303822496153,0.181173989082473,0.805113636363636,0.290435885707201,0.570063811692634,0.195424565406249,0.810795454545455,-0.0085814687566303,-0.030759989196481,-0.0142505763237763,-0.00568181818181868
6,13,ME2P,276,5,0.049169687162891,0.845485687785894,0.306543142388993,0.707749077490775,0.0513741718257847,0.837213590922828,0.300048782287087,0.718819188191882,-0.00220448466289366,0.00827209686306551,0.00649436010190557,-0.0110701107011071
7,13,ME2P,561,257,0.822644899489795,0.551615858813634,0.184778473816367,0.824045156665984,0.824259837328525,0.541655543754828,0.180382128693697,0.826323469178784,-0.0016149378387299,0.00996031505880546,0.00439634512266976,-0.00227831251279997
8,13,ME2P,320,157,0.817835568826474,0.578571605610684,0.195876006440432,0.793052244929858,0.821353721207088,0.571504422505245,0.192837781899433,0.796061115235825,-0.00351815238061448,0.00706718310543841,0.00303822454099884,-0.00300887030596686
9,13,ME2P,288,82,0.65291444269769,0.506167333199725,0.164592895198568,0.800734075301918,0.653635153532495,0.510822465365798,0.166902240823523,0.801326071513142,-0.000720710834804739,-0.00465513216607327,-0.0023093456249553,-0.000591996211223855
10,13,ME2P,677,358,0.919475963509008,0.492613910621062,0.158090461871064,0.915833347927357,0.92328863847133,0.477140656414924,0.151993094009755,0.919633631635173,-0.00381267496232207,0.0154732542061385,0.00609736786130949,-0.00380028370781615
11,13,ME2P,1193,375,0.570639167067219,0.608665596969573,0.210434357101339,0.717256723716381,0.570714994827432,0.610782485739556,0.211265459447364,0.718531377343113,-7.58277602134205e-05,-0.00211688876998284,-0.000831102346025014,-0.00127465362673163
12,13,ME2P,303,228,0.915195649444303,0.984366626906366,0.359832092158114,0.768654970760234,0.915223843255688,1.062026365068,0.382799756600106,0.769239766081871,-2.81938113847469e-05,-0.0776597381616335,-0.0229676644419923,-0.000584795321637022
14,13,ME2P,177,28,0.681731019171064,0.483836265668908,0.1558668053966,0.916347075743049,0.667655037442792,0.503947727278529,0.166110172343629,0.910834132310642,0.0140759817282723,-0.020111461609621,-0.010243366947029,0.00551294343240683
15,13,ME2P,627,384,0.865961605071056,0.759468241013352,0.271452448364053,0.790723593964335,0.870565831044925,0.742242873269687,0.264927354342677,0.799479166666667,-0.00460422597386878,0.0172253677436649,0.00652509402137569,-0.00875557270233229
16,13,ME2P,193,90,0.787317480594493,0.557660851524181,0.187623557450415,0.790830636461704,0.795718420039373,0.553979561609776,0.185803897229932,0.795145631067961,-0.00840093944487952,0.00368128991440508,0.00181966022048299,-0.00431499460625662
17,13,ME2P,287,141,0.915689504654798,0.491087437369363,0.158527460094858,0.909987370057321,0.916270872718946,0.488885357210821,0.157109386395513,0.911007480812203,-0.000581368064147991,0.00220208015854195,0.0014180736993446,-0.0010201107548824
18,13,ME2P,432,230,0.896408569978155,0.6309629828113,0.223037633150741,0.882565647869135,0.898899356641353,0.600100011216948,0.20927654936294,0.884718037021093,-0.00249078666319802,0.0308629715943518,0.0137610837878012,-0.00215238915195826
19,13,ME2P,323,172,0.863951474261736,0.607656967184738,0.209211258060191,0.828276605575235,0.863714427276751,0.600109836163424,0.205949044567452,0.829085168643154,0.00023704698498539,0.00754713102131377,0.00326221349273947,-0.000808563067919099
1,14,M0,112,22,0.196428571428571,0.600697502522953,0.204217963296944,0.5,0.196428571428571,0.59476012459852,0.201348944547837,0.5,4.16333634234434e-16,0.00593737792443339,0.00286901874910725,0
2,14,M0,280,21,0.075,0.573107333647435,0.190434611512128,0.5,0.075,0.562856131045747,0.185442551013687,0.5,0,0.0102512026016874,0.00499206049844056,0
3,14,M0,146,39,0.267123287671233,0.625631288470439,0.216557278843092,0.5,0.267123287671233,0.621673150969817,0.214645337188004,0.5,-1.11022302462516e-16,0.00395813750062224,0.00191194165508765,0
4,14,M0,146,25,0.171232876712329,0.593418105621653,0.200599236857693,0.5,0.171232876712329,0.586656681377199,0.19732792739409,0.5,-2.4980018054066e-16,0.00676142424445358,0.00327130946360327,0
5,14,M0,228,8,0.0350877192982456,0.558454037630903,0.183184615856284,0.5,0.0350877192982456,0.547196568051153,0.177707554500243,0.5,1.38777878078145e-17,0.0112574695797503,0.00547706135604134,0
6,14,M0,276,5,0.0181159420289855,0.559212088314882,0.183513830157142,0.5,0.0181159420289855,0.547122442672379,0.17761786620828,0.5,6.93889390390723e-18,0.0120896456425031,0.0058959639488621,0
7,14,M0,561,257,0.458110516934046,0.695768615191131,0.251235240701657,0.5,0.458110516934046,0.697471039960059,0.252052285471729,0.5,3.88578058618805e-16,-0.0017024247689279,-0.000817044770072273,0
8,14,M0,320,157,0.490625,0.708327680633101,0.257437869761286,0.5,0.490625,0.710869082160444,0.258658173147009,0.5,0,-0.00254140152734328,-0.00122030338572338,0
9,14,M0,288,82,0.284722222222222,0.63323561094403,0.220306265946236,0.5,0.284722222222222,0.629600156384745,0.21854708861997,0.5,2.22044604925031e-16,0.0036354545592846,0.00175917732626557,0
10,14,M0,677,358,0.528803545051699,0.728412269882599,0.2672810665518,0.5,0.528803545051699,0.732404609655295,0.269181907043285,0.5,-3.33066907387547e-16,-0.00399233977269609,-0.00190084049148465,0
11,14,M0,1193,375,0.314333612740989,0.650205363387109,0.228657347068967,0.5,0.314333612740989,0.646309322118626,0.226753611420743,0.5,1.11022302462516e-16,0.00389604126848286,0.00190373564822427,0
12,14,M0,303,228,0.752475247524752,0.828694651575431,0.316600412334946,0.5,0.752475247524752,0.838524762619821,0.321269775463568,0.5,4.44089209850063e-16,-0.00983011104439047,-0.00466936312862187,0
13,14,M0,175,86,0.491428571428572,0.707941300523265,0.257255396686409,0.5,0.491428571428572,0.710409150802034,0.258442324719295,0.5,-5.55111512312578e-16,-0.00246785027876939,-0.00118692803288639,0
15,14,M0,627,384,0.61244019138756,0.771521546897273,0.288391720381797,0.5,0.61244019138756,0.777929016289496,0.291420610714475,0.5,-2.22044604925031e-16,-0.0064074693922227,-0.00302889033267839,0
16,14,M0,193,90,0.466321243523316,0.698239035235755,0.252463700977719,0.5,0.466321243523316,0.700004150686475,0.253312977329909,0.5,5.55111512312578e-17,-0.00176511545072033,-0.000849276352190231,0
17,14,M0,287,141,0.491289198606272,0.708432195925001,0.257491353427912,0.5,0.491289198606272,0.710970454130806,0.258710588767755,0.5,-2.22044604925031e-16,-0.00253825820580544,-0.00121923533984308,0
18,14,M0,432,230,0.532407407407407,0.727058939673132,0.266654564977198,0.5,0.532407407407407,0.730916804952054,0.268499911381838,0.5,4.44089209850063e-16,-0.00385786527892185,-0.00184534640464024,0
19,14,M0,323,172,0.532507739938081,0.725825737353148,0.266062912695917,0.5,0.532507739938081,0.729584045754148,0.267864262533819,0.5,-4.44089209850063e-16,-0.00375830840099978,-0.00180134983790237,0
1,14,MP,112,22,0.762167475541486,0.537116393857746,0.183913815836655,0.87020202020202,0.760214831257374,0.526578558308318,0.179012648370709,0.869444444444445,0.00195264428411146,0.0105378355494282,0.00490116746594646,0.00075757575757518
2,14,MP,280,21,0.583189107550321,0.543439661523205,0.185422220074125,0.910277624563339,0.618967467720808,0.530761573324404,0.180152846459861,0.909450266593124,-0.0357783601704874,0.0126780881988006,0.00526937361426397,0.000827357970214826
3,14,MP,146,39,0.643603460839253,0.613395733320531,0.212707926577938,0.794751976994968,0.634921249570518,0.60885899698863,0.209979844859851,0.790678169182842,0.00868221126873459,0.00453673633190121,0.00272808171808722,0.00407380781212574
4,14,MP,146,25,0.500950777269849,0.600551983305591,0.208638413572635,0.771570247933884,0.507072153692925,0.590105149151892,0.204734924557639,0.768595041322314,-0.00612137642307598,0.0104468341536985,0.00390348901499629,0.00297520661157025
5,14,MP,228,8,0.264878352373674,0.631177721915278,0.222173697017974,0.784375,0.292081554191196,0.614748611284955,0.215313284783294,0.790056818181818,-0.0272032018175218,0.0164291106303235,0.00686041223467959,-0.00568181818181801
6,14,MP,276,5,0.0455263445496634,0.661742770590572,0.227848143169917,0.723616236162362,0.0445351791264003,0.645505496730541,0.221390882791666,0.721033210332103,0.000991165423263093,0.0162372738600313,0.00645726037825117,0.0025830258302586
7,14,MP,561,257,0.805693512795097,0.541732318311286,0.1793734298398,0.811981619905796,0.809641730255759,0.543535576692664,0.180027778653934,0.812634394839238,-0.00394821746066165,-0.00180325838137774,-0.000654348814134204,-0.000652774933442402
8,14,MP,320,157,0.816321734333505,0.563112142939716,0.187125403073821,0.793130397405338,0.816005108355322,0.567939233434807,0.188962877424044,0.791430581063655,0.000316625978182605,-0.00482709049509089,-0.00183747435022272,0.00169981634168281
9,14,MP,288,82,0.637219465070623,0.544742914039523,0.181110784884098,0.778859815297182,0.630780549548471,0.542515776736445,0.179919264453227,0.775455837082643,0.00643891552215248,0.00222713730307778,0.00119152043087095,0.00340397821453908
10,14,MP,677,358,0.919954109707693,0.453272183234645,0.143649702325214,0.91817131048493,0.921148186153207,0.457852184983101,0.145889675587365,0.918928740302271,-0.00119407644551428,-0.00458000174845608,-0.00223997326215092,-0.000757429817340838
11,14,MP,1193,375,0.540860511395139,0.624741153227826,0.216166379412028,0.716718826405868,0.556786508886677,0.612091531791435,0.211281295622712,0.721066014669927,-0.0159259974915383,0.0126496214363906,0.00488508378931621,-0.00434718826405911
12,14,MP,303,228,0.920991313097123,0.817062305935636,0.285162224652431,0.790116959064327,0.921265319834541,0.827472610090691,0.289478325240095,0.791023391812866,-0.00027400673741762,-0.0104103041550552,-0.00431610058766363,-0.000906432748538522
13,14,MP,175,86,0.851220015287442,0.469029308221221,0.152494122921908,0.872550300496472,0.842616443006938,0.474984934236286,0.155333547580898,0.868630781290828,0.00860357228050379,-0.00595562601506522,-0.00283942465899048,0.00391951920564437
15,14,MP,627,384,0.873119221686959,0.66126743284714,0.229120439487226,0.814300411522634,0.875118076715491,0.668298079394011,0.232117472868872,0.815725737311385,-0.00199885502853225,-0.00703064654687147,-0.00299703338164586,-0.00142532578875121
16,14,MP,193,90,0.778286986153513,0.578246709793204,0.192276338504392,0.775458468176915,0.778268195285482,0.579335039004122,0.192355742983181,0.775728155339806,1.87908680308047e-05,-0.00108832921091806,-7.94044787889303e-05,-0.000269687162891219
17,14,MP,287,141,0.913635210677439,0.461241897979179,0.146962697576494,0.911808996405324,0.91014612933295,0.466104700375446,0.149272002347979,0.909963081706014,0.003489081344489,-0.00486280239626691,-0.0023093047714853,0.00184591469930995
18,14,MP,432,230,0.902798227855493,0.496393537390243,0.162496127035476,0.889130434782609,0.901948090038083,0.5031924618743,0.165606420245448,0.888570813603099,0.000850137817409946,-0.00679892448405711,-0.00311029320997214,0.000559621179509695
19,14,MP,323,172,0.855866275532275,0.576808823538928,0.193766265805902,0.818650854766672,0.854340229869587,0.583236574485018,0.196421938838919,0.817476513168027,0.00152604566268744,-0.00642775094609027,-0.0026556730330175,0.00117434159864471
1,14,MP_cal,112,22,0.762167475541486,0.515706887582555,0.171469333140896,0.87020202020202,0.760214831257374,0.513108551569847,0.170773989649966,0.869444444444445,0.00195264428411146,0.00259833601270776,0.00069534349092959,0.00075757575757518
2,14,MP_cal,280,21,0.583189107550321,0.512485594702196,0.169082903107576,0.910277624563339,0.618967467720808,0.511680905613815,0.169587350867771,0.909450266593124,-0.0357783601704874,0.000804689088380717,-0.000504447760195481,0.000827357970214826
3,14,MP_cal,146,39,0.643603460839253,0.57314670394358,0.196020585216128,0.794751976994968,0.634921249570518,0.58711678440151,0.201776274601967,0.790678169182842,0.00868221126873459,-0.0139700804579296,-0.00575568938583887,0.00407380781212574
4,14,MP_cal,146,25,0.500950777269849,0.556777455458507,0.189729135785226,0.771570247933884,0.507072153692925,0.570252950753273,0.19617228859426,0.768595041322314,-0.00612137642307598,-0.0134754952947657,-0.00644315280903438,0.00297520661157025
5,14,MP_cal,228,8,0.264878352373674,0.567301207610473,0.194398033927042,0.784375,0.292081554191196,0.582861580946596,0.201778057726393,0.790056818181818,-0.0272032018175218,-0.0155603733361231,-0.00738002379935129,-0.00568181818181801
6,14,MP_cal,276,5,0.0455263445496634,0.580102746006926,0.199302362018926,0.723616236162362,0.0445351791264003,0.597036273300108,0.206477625348077,0.721033210332103,0.000991165423263093,-0.0169335272931817,-0.00717526332915089,0.0025830258302586
7,14,MP_cal,561,257,0.805693512795097,0.556255374198268,0.186220863518017,0.811981619905796,0.809641730255759,0.551470493160351,0.184188321873093,0.812634394839238,-0.00394821746066165,0.00478488103791697,0.00203254164492442,-0.000652774933442402
8,14,MP_cal,320,157,0.816321734333505,0.56882241092543,0.191118525351632,0.793130397405338,0.816005108355322,0.568814984527702,0.191254512960473,0.791430581063655,0.000316625978182605,7.42639772766118e-06,-0.000135987608841037,0.00169981634168281
9,14,MP_cal,288,82,0.637219465070623,0.529885526849004,0.174671479036275,0.778859815297182,0.630780549548471,0.530644716146234,0.175303372839258,0.775455837082643,0.00643891552215248,-0.000759189297230067,-0.000631893802983147,0.00340397821453908
10,14,MP_cal,677,358,0.919954109707693,0.506627769947689,0.164632326640575,0.91817131048493,0.921148186153207,0.492782856236411,0.159491018648133,0.918928740302271,-0.00119407644551428,0.0138449137112777,0.00514130799244236,-0.000757429817340838
11,14,MP_cal,1193,375,0.540860511395139,0.607160761512644,0.21028132731076,0.716718826405868,0.556786508886677,0.597096532017347,0.206054193610353,0.721066014669927,-0.0159259974915383,0.0100642294952966,0.00422713370040664,-0.00434718826405911
12,14,MP_cal,303,228,0.920991313097123,0.814013522222734,0.295785383726415,0.790116959064327,0.921265319834541,0.841754791973352,0.304909991105865,0.791023391812866,-0.00027400673741762,-0.0277412697506181,-0.00912460737944998,-0.000906432748538522
13,14,MP_cal,175,86,0.851220015287442,0.500558344508652,0.163129629069126,0.872550300496472,0.842616443006938,0.497069748390844,0.163249890341954,0.868630781290828,0.00860357228050379,0.00348859611780822,-0.000120261272828187,0.00391951920564437
15,14,MP_cal,627,384,0.873119221686959,0.685188689297027,0.242861435905871,0.814300411522634,0.875118076715491,0.692868315326095,0.245717115929365,0.815725737311385,-0.00199885502853225,-0.0076796260290678,-0.00285568002349387,-0.00142532578875121
16,14,MP_cal,193,90,0.778286986153513,0.573026285453849,0.192654260849385,0.775458468176915,0.778268195285482,0.572848608732251,0.192610539287929,0.775728155339806,1.87908680308047e-05,0.000177676721598075,4.37215614564057e-05,-0.000269687162891219
17,14,MP_cal,287,141,0.913635210677439,0.492937307193739,0.159247819160045,0.911808996405324,0.91014612933295,0.495486239147011,0.16045109145637,0.909963081706014,0.003489081344489,-0.00254893195327166,-0.0012032722963248,0.00184591469930995
18,14,MP_cal,432,230,0.902798227855493,0.532157604776203,0.17689927235841,0.889130434782609,0.901948090038083,0.536129899104109,0.178809491974435,0.888570813603099,0.000850137817409946,-0.00397229432790613,-0.00191021961602483,0.000559621179509695
19,14,MP_cal,323,172,0.855866275532275,0.593881197364119,0.202628713109882,0.818650854766672,0.854340229869587,0.59776293728645,0.204427678047874,0.817476513168027,0.00152604566268744,-0.00388173992233132,-0.00179896493799186,0.00117434159864471
1,14,ME,112,22,0.379349309363493,0.582161984328089,0.195555299593436,0.714646464646465,0.379349309363493,0.576402401085563,0.19279129716684,0.714646464646465,3.33066907387547e-16,0.00575958324252612,0.0027640024265963,-3.33066907387547e-16
2,14,ME,280,21,0.352545471617468,0.531142473524416,0.170617997446399,0.830299687442545,0.352545471617468,0.52291730782217,0.166655053545391,0.830299687442545,-3.88578058618805e-16,0.00822516570224596,0.0039629439010081,-4.44089209850063e-16
3,14,ME,146,39,0.627640986501488,0.616640777344432,0.212232455403335,0.780254013898874,0.627640986501488,0.610935013062588,0.209442921752146,0.780254013898874,-3.33066907387547e-16,0.00570576428184366,0.00278953365118875,-3.33066907387547e-16
4,14,ME,146,25,0.270445997467497,0.54794640900563,0.179315496191035,0.625454545454546,0.270445997467497,0.544038083938858,0.177471926458478,0.625454545454546,4.44089209850063e-16,0.00390832506677175,0.00184356973255681,-5.55111512312578e-16
5,14,ME,228,8,0.14653932334428,0.500003594587451,0.155532326880115,0.817045454545455,0.14653932334428,0.492204016654421,0.151805923534161,0.817045454545455,2.4980018054066e-16,0.00779957793303016,0.00372640334595395,-4.44089209850063e-16
6,14,ME,276,5,0.0694705677464298,0.466050738545187,0.13946053037258,0.677490774907749,0.0694705677464298,0.461096203356855,0.137101733540443,0.677490774907749,1.38777878078145e-17,0.00495453518833161,0.00235879683213691,1.11022302462516e-16
7,14,ME,561,257,0.622320050323158,0.678922387464997,0.24298659047411,0.643124104034405,0.622320050323158,0.681918513715047,0.244466259296513,0.643124104034405,2.22044604925031e-16,-0.00299612625004975,-0.00147966882240289,1.11022302462516e-16
8,14,ME,320,157,0.546521562334421,0.721166279587911,0.263096971486511,0.558047751162518,0.546521562334421,0.723934665119574,0.264410764209395,0.558047751162518,1.11022302462516e-16,-0.00276838553166314,-0.00131379272288407,0
9,14,ME,288,82,0.534064545668899,0.60199375452917,0.20547108107124,0.727563343594601,0.534064545668899,0.59976278937235,0.204424316111453,0.727563343594601,2.22044604925031e-16,0.00223096515682009,0.00104676495978714,0
10,14,ME,677,358,0.60951279599075,0.702790201588595,0.254719413171816,0.588982679812963,0.60951279599075,0.707898866258615,0.257213405461652,0.588982679812963,4.44089209850063e-16,-0.00510866467002025,-0.0024939922898361,0
11,14,ME,1193,375,0.350259612236911,0.684586508597983,0.245758072003713,0.516050529747351,0.350259612236911,0.673712104555657,0.240397745157377,0.516050529747351,4.44089209850063e-16,0.010874404042326,0.00536032684633561,2.22044604925031e-16
12,14,ME,303,228,0.715818859221255,1.06701942666026,0.416466730758919,0.417017543859649,0.715818859221255,1.06876699810025,0.417493346648271,0.417017543859649,0,-0.00174757143999016,-0.00102661588935205,1.11022302462516e-16
13,14,ME,175,86,0.63835468867811,0.677683296979601,0.242369134859069,0.644107656127515,0.63835468867811,0.680796975946184,0.243924795215392,0.644107656127515,-4.44089209850063e-16,-0.00311367896658332,-0.00155566035632351,0
15,14,ME,627,384,0.669255585186163,0.808398624589615,0.303819751587858,0.564021776406036,0.669255585186163,0.814288706532725,0.306578091278746,0.564021776406036,4.44089209850063e-16,-0.00589008194310992,-0.00275833969088773,-3.33066907387547e-16
16,14,ME,193,90,0.640295909123075,0.667488078478393,0.237345689859649,0.651887810140237,0.640295909123075,0.669980386717813,0.238594030734564,0.651887810140237,1.11022302462516e-16,-0.00249230823941959,-0.00124834087491529,3.33066907387547e-16
17,14,ME,287,141,0.609694672081817,0.683289971740036,0.245086402501612,0.603711260079666,0.609694672081817,0.686165327851417,0.246511418891886,0.603711260079666,-1.11022302462516e-16,-0.00287535611138123,-0.00142501639027448,-2.22044604925031e-16
18,14,ME,432,230,0.594957228523913,0.703480137424962,0.255138136249334,0.557942315970728,0.594957228523913,0.70803868332774,0.257369102329719,0.557942315970728,1.11022302462516e-16,-0.00455854590277838,-0.00223096608038476,-4.44089209850063e-16
19,14,ME,323,172,0.681281213672649,0.710047743539923,0.258107387902776,0.623556137378716,0.681281213672649,0.715103785672504,0.26058315021586,0.623556137378716,-5.55111512312578e-16,-0.00505604213258126,-0.00247576231308366,-4.44089209850063e-16
1,14,ME2,112,22,0.379349309363493,0.564126875339077,0.18717070211055,0.714646464646465,0.379349309363493,0.556423573239536,0.183584400153156,0.714646464646465,3.33066907387547e-16,0.00770330209954095,0.00358630195739376,-3.33066907387547e-16
2,14,ME2,280,21,0.352545471617468,0.504862262774128,0.158403973260204,0.830299687442545,0.352545471617468,0.491282732588704,0.152078465671711,0.830299687442545,-3.88578058618805e-16,0.0135795301854236,0.00632550758849296,-4.44089209850063e-16
3,14,ME2,146,39,0.597472123187094,0.623217512074696,0.215571716027403,0.762520968128445,0.592728866204126,0.6184530143501,0.213230670529191,0.758686796069974,0.00474325698296751,0.00476449772459575,0.00234104549821201,0.0038341720584707
4,14,ME2,146,25,0.270445997467497,0.544556447674104,0.177892176497531,0.625454545454546,0.270445997467497,0.540584948625043,0.17604778020966,0.625454545454546,4.44089209850063e-16,0.00397149904906102,0.00184439628787109,-5.55111512312578e-16
5,14,ME2,228,8,0.14653932334428,0.512280889371056,0.161569126797821,0.817045454545455,0.14653932334428,0.507117749719337,0.159096491810122,0.817045454545455,2.4980018054066e-16,0.00516313965171922,0.00247263498769862,-4.44089209850063e-16
6,14,ME2,276,5,0.0694705677464298,0.686248355865116,0.246529166905833,0.677490774907749,0.0694705677464298,0.703641510717045,0.255132505284508,0.677490774907749,1.38777878078145e-17,-0.0173931548519288,-0.00860333837867486,1.11022302462516e-16
7,14,ME2,561,257,0.611813731829545,0.675608442576225,0.241353389868629,0.641229776776572,0.608737917037293,0.677741097182295,0.242403290295357,0.639169055908253,0.00307581479225205,-0.00213265460606993,-0.00104990042672823,0.00206072086831877
8,14,ME2,320,157,0.545664386851336,0.716985767547536,0.261022880417917,0.556758235317104,0.544987720680913,0.718399054665175,0.26169087372583,0.556484701652925,0.00067666617042339,-0.00141328711763888,-0.000667993307913395,0.000273533664178705
9,14,ME2,288,82,0.534064545668899,0.596909814243626,0.203177217253802,0.727563343594601,0.534064545668899,0.593989620109714,0.201820033759654,0.727563343594601,2.22044604925031e-16,0.00292019413391142,0.00135718349414785,0
10,14,ME2,677,358,0.600531011386037,0.691618704678627,0.249266413963357,0.583632510814171,0.598961082098987,0.693238010245069,0.250058725714968,0.582485420570568,0.00156992928704958,-0.00161930556644241,-0.000792311751610791,0.00114709024360338
11,14,ME2,1193,375,0.361140473990098,0.676671112469177,0.241934837648984,0.537475142624287,0.366174653072298,0.662804401793566,0.23520602674111,0.549132844335778,-0.00503417908219972,0.0138667106756109,0.00672881090787386,-0.0116577017114912
12,14,ME2,303,228,0.715818859221255,1.07554046272739,0.41977927235034,0.417017543859649,0.715818859221255,1.0527365246882,0.411194576525907,0.417017543859649,0,0.0228039380391929,0.008584695824433,1.11022302462516e-16
13,14,ME2,175,86,0.63835468867811,0.691900646040227,0.249382259572994,0.644107656127515,0.63835468867811,0.70065417854977,0.253594132859692,0.644107656127515,-4.44089209850063e-16,-0.00875353250954258,-0.0042118732866985,0
15,14,ME2,627,384,0.647792324464963,0.834761733279137,0.315145063263291,0.52318029835391,0.643564451934811,0.843331656820639,0.318885310967372,0.516160836762689,0.00422787253015233,-0.00856992354150232,-0.00374024770408116,0.00701946159122047
16,14,ME2,193,90,0.640295909123075,0.663296197536043,0.235290989853135,0.651887810140237,0.640295909123075,0.664521088338737,0.235902506765947,0.651887810140237,1.11022302462516e-16,-0.0012248908026945,-0.000611516912811694,3.33066907387547e-16
17,14,ME2,287,141,0.609694672081817,0.682390098343079,0.244602974122781,0.603711260079666,0.609694672081817,0.68488295033684,0.245820605709397,0.603711260079666,-1.11022302462516e-16,-0.00249285199376126,-0.00121763158661628,-2.22044604925031e-16
18,14,ME2,432,230,0.594957228523913,0.757335176337597,0.280263454866795,0.557942315970728,0.594957228523913,0.774006721419936,0.287649119665135,0.557942315970728,1.11022302462516e-16,-0.0166715450823387,-0.0073856647983398,-4.44089209850063e-16
19,14,ME2,323,172,0.681281213672649,0.715738626814679,0.26062784445853,0.623556137378716,0.681281213672649,0.721568397251319,0.263409554268042,0.623556137378716,-5.55111512312578e-16,-0.00582977043663957,-0.00278170980951215,-4.44089209850063e-16
1,14,ME_P,112,22,0.763408194663297,0.511732665308385,0.169713694877013,0.868686868686869,0.756541260671696,0.508862951014907,0.168929663480133,0.867676767676768,0.00686693399160088,0.00286971429347749,0.000784031396880408,0.00101010101010068
2,14,ME_P,280,21,0.637000586278504,0.492009549823623,0.15978938272353,0.924986210700497,0.662189103945433,0.491659150396886,0.160622837328073,0.92388306674021,-0.0251885176669293,0.000350399426737202,-0.000833454604542594,0.00110314396028643
3,14,ME_P,146,39,0.649268593246325,0.578206831724274,0.197972931241887,0.815240833932423,0.637367803369133,0.591494652945118,0.203226191025108,0.806853582554517,0.0119007898771916,-0.0132878212208439,-0.00525325978322089,0.00838725137790575
4,14,ME_P,146,25,0.493682294041294,0.530054219088694,0.177624230779219,0.779173553719008,0.522462982469667,0.546116454535335,0.185514465042654,0.775206611570248,-0.0287806884283731,-0.0160622354466414,-0.00789023426343455,0.00396694214876037
5,14,ME_P,228,8,0.271915943862951,0.536226103389859,0.18037327031548,0.803977272727273,0.310782340757036,0.555375279516176,0.189584020516142,0.805681818181818,-0.0388663968940854,-0.0191491761263171,-0.00921075020066212,-0.00170454545454535
6,14,ME_P,276,5,0.0490503472530141,0.544869276729357,0.184361899002135,0.724723247232472,0.0486234180549762,0.568377411539884,0.194662216158458,0.719557195571956,0.000426929198037857,-0.0235081348105272,-0.010300317156323,0.00516605166051631
7,14,ME_P,561,257,0.820256538340214,0.549412208952319,0.18360967531089,0.824070755682982,0.822408560812974,0.545021957546932,0.181782846085472,0.824352344869957,-0.0021520224727597,0.0043902514053874,0.00182682922541805,-0.000281589186975184
8,14,ME_P,320,157,0.822847705820027,0.576003581493793,0.19445963101378,0.797936774647337,0.821638018584694,0.575740355172383,0.194339120457988,0.796569106326443,0.00120968723533299,0.000263226321410182,0.000120510555792208,0.00136766832089397
9,14,ME_P,288,82,0.652487911282078,0.514505201322446,0.168034082337766,0.798839687426001,0.646098737686954,0.515205835639023,0.16870867908056,0.794873312810798,0.00638917359512414,-0.000700634316576854,-0.000674596742793826,0.00396637461520244
10,14,ME_P,677,358,0.925398113652292,0.499530532875799,0.161389880847382,0.921349888793541,0.926074694130088,0.485354187957101,0.15620999844456,0.922251799443092,-0.00067658047779573,0.0141763449186976,0.00517988240282236,-0.000901910649550697
11,14,ME_P,1193,375,0.549792559232218,0.633754971287915,0.22083984963861,0.708190709046455,0.565185572253852,0.617602649693974,0.214256996406054,0.713220863895681,-0.0153930130216344,0.0161523215939413,0.00658285323255581,-0.0050301548492262
12,14,ME_P,303,228,0.912697846380855,0.972327976521479,0.355144156165691,0.76233918128655,0.914536113686531,0.992882047418664,0.359573026389496,0.767076023391813,-0.00183826730567593,-0.0205540708971849,-0.00442887022380484,-0.00473684210526326
13,14,ME_P,175,86,0.861559669946435,0.491210695424987,0.158434910062127,0.882022471910112,0.853248456413857,0.486345049964339,0.158073574935433,0.877711000783904,0.00831121353257791,0.00486564546064799,0.000361335126693924,0.00431147112620844
15,14,ME_P,627,384,0.878873779207628,0.70892091710865,0.2529345999216,0.814011059670782,0.880395830327317,0.714422671215809,0.254759841038867,0.815554269547325,-0.00152205111968906,-0.00550175410715914,-0.00182524111726695,-0.00154320987654311
16,14,ME_P,193,90,0.792086147975112,0.556017807212766,0.186562792693271,0.792125134843582,0.791053707368294,0.559700332174447,0.187891187690379,0.789859762675297,0.00103244060681829,-0.00368252496168142,-0.00132839499710785,0.00226537216828449
17,14,ME_P,287,141,0.918365193250877,0.483923980611652,0.154601422585871,0.912270475080152,0.915368394369211,0.488718009321256,0.156924670941088,0.911007480812203,0.00299679888166604,-0.00479402870960444,-0.00232324835521663,0.00126299426794863
18,14,ME_P,432,230,0.901513061699897,0.523745331466559,0.172937915683652,0.887042617305209,0.901664370465652,0.530053269908332,0.175932241519331,0.887171760654326,-0.000151308765754532,-0.00630793844177358,-0.00299432583567882,-0.000129143349117178
19,14,ME_P,323,172,0.863251267389606,0.58859198283955,0.20070759250918,0.828084090559064,0.862206266999923,0.593684127782039,0.202973256543068,0.825773910365009,0.00104500038968347,-0.00509214494248889,-0.00226566403388767,0.0023101801940546
1,14,ME2P,112,22,0.753046943965437,0.498984768905638,0.164157624994981,0.865151515151515,0.752996257301478,0.49158537338009,0.161519377395368,0.865151515151515,5.06866639592429e-05,0.00739939552554769,0.0026382475996129,1.11022302462516e-16
2,14,ME2P,280,21,0.647445598408066,0.476455774782366,0.152994307116477,0.92719249862107,0.666659952205726,0.46765464740917,0.150249726393829,0.927376355947785,-0.0192143537976602,0.00880112737319599,0.00274458072264819,-0.000183857326714998
3,14,ME2P,146,39,0.640775461227411,0.586460807372416,0.201257771620747,0.815720105439732,0.622881023257221,0.602599537877383,0.207323076786502,0.807093218308172,0.0178944379701897,-0.0161387305049668,-0.00606530516575471,0.00862688713155957
4,14,ME2P,146,25,0.493031041663314,0.526649057307062,0.175993201409583,0.778842975206612,0.532762714618409,0.542275066862308,0.18365210426285,0.778512396694215,-0.0397316729550948,-0.0156260095552456,-0.00765890285326701,0.000330578512396595
5,14,ME2P,228,8,0.24581942899518,0.547507382645186,0.185025095772197,0.807386363636364,0.290435885707201,0.570063811692634,0.195424565406249,0.810795454545455,-0.0446164567120212,-0.0225564290474477,-0.0103994696340519,-0.00340909090909136
6,14,ME2P,276,5,0.0499689929870997,0.792676004375716,0.285765020770319,0.719557195571956,0.0513741718257847,0.837213590922828,0.300048782287087,0.718819188191882,-0.00140517883868503,-0.0445375865471124,-0.0142837615167684,0.000738007380073791
7,14,ME2P,561,257,0.822577243844552,0.546032795401904,0.182186426721833,0.826169875076797,0.824259837328525,0.541655543754828,0.180382128693697,0.826323469178784,-0.00168259348397293,0.00437725164707548,0.00180429802813609,-0.000153594101986898
8,14,ME2P,320,157,0.822859742996308,0.572072044551624,0.193017611185105,0.797624164745418,0.821353721207088,0.571504422505245,0.192837781899433,0.796061115235825,0.00150602178921977,0.000567622046378613,0.000179829285671507,0.0015630495095933
9,14,ME2P,288,82,0.659690445470603,0.509832101620409,0.16611605667086,0.804522851053753,0.653635153532495,0.510822465365798,0.166902240823523,0.801326071513142,0.00605529193810828,-0.000990363745388967,-0.000786184152662767,0.00319677954061126
10,14,ME2P,677,358,0.920857016900412,0.490668447538395,0.156888737377187,0.917348207562039,0.92328863847133,0.477140656414924,0.151993094009755,0.919633631635173,-0.00243162157091814,0.0135277911234707,0.00489564336743151,-0.00228542407313381
11,14,ME2P,1193,375,0.549824101323747,0.634337295206632,0.221091517774002,0.707825590872046,0.570714994827432,0.610782485739556,0.211265459447364,0.718531377343113,-0.0208908935036852,0.023554809467076,0.0098260583266383,-0.0107057864710673
12,14,ME2P,303,228,0.913681621641137,1.02681773718826,0.374279618218721,0.763976608187135,0.915223843255688,1.062026365068,0.382799756600106,0.769239766081871,-0.00154222161455087,-0.0352086278797372,-0.00852013838138543,-0.00526315789473641
13,14,ME2P,175,86,0.861109949227652,0.505887733552556,0.166983228111669,0.882675725111053,0.857165593406358,0.500973035768053,0.16608553577356,0.880324013587667,0.00394435582129427,0.00491469778450315,0.000897692338108658,0.00235171152338609
15,14,ME2P,627,384,0.867407969963013,0.739617166703986,0.264198650175533,0.795771176268861,0.870565831044925,0.742242873269687,0.264927354342677,0.799479166666667,-0.00315786108191218,-0.00262570656570138,-0.000728704167143879,-0.00370799039780556
16,14,ME2P,193,90,0.796108451365268,0.550647121045014,0.184618937482269,0.797626752966559,0.795718420039373,0.553979561609776,0.185803897229932,0.795145631067961,0.00039003132589488,-0.00333244056476179,-0.00118495974766325,0.00248112189859784
17,14,ME2P,287,141,0.917597551877738,0.48406370818364,0.154862642532752,0.910667443893909,0.916270872718946,0.488885357210821,0.157109386395513,0.911007480812203,0.00132667915879203,-0.00482164902718074,-0.00224674386276147,-0.000340036918294429
18,14,ME2P,432,230,0.898452913096276,0.584205162589786,0.201944368147222,0.884502798105897,0.898899356641353,0.600100011216948,0.20927654936294,0.884718037021093,-0.00044644354507728,-0.0158948486271624,-0.00733218121571752,-0.000215238915195481
19,14,ME2P,323,172,0.864456886384169,0.595005796183537,0.203651632849516,0.830471276759587,0.863714427276751,0.600109836163424,0.205949044567452,0.829085168643154,0.000742459107418103,-0.00510403997988695,-0.00229741171793563,0.00138610811643325
1,15,M0,112,22,0.196428571428571,0.576824419813857,0.192782965446403,0.5,0.196428571428571,0.59476012459852,0.201348944547837,0.5,4.16333634234434e-16,-0.0179357047846627,-0.00856597910143403,0
2,15,M0,280,21,0.075,0.533902923803571,0.171488478076195,0.5,0.075,0.562856131045747,0.185442551013687,0.5,0,-0.0289532072421761,-0.0139540729374917,0
3,15,M0,146,39,0.267123287671233,0.61010445942104,0.209122476498004,0.5,0.267123287671233,0.621673150969817,0.214645337188004,0.5,-1.11022302462516e-16,-0.0115686915487776,-0.00552286068999952,0
4,15,M0,146,25,0.171232876712329,0.566359832987639,0.187620376701652,0.5,0.171232876712329,0.586656681377199,0.19732792739409,0.5,-2.4980018054066e-16,-0.0202968483895603,-0.00970755069243784,0
5,15,M0,228,8,0.0350877192982456,0.51489339752925,0.162155128112477,0.5,0.0350877192982456,0.547196568051153,0.177707554500243,0.5,1.38777878078145e-17,-0.0323031705219035,-0.0155524263877655,0
6,15,M0,276,5,0.0181159420289855,0.5134435294733,0.161356841611198,0.5,0.0181159420289855,0.547122442672379,0.17761786620828,0.5,6.93889390390723e-18,-0.0336789131990795,-0.0162610245970818,0
7,15,M0,561,257,0.458110516934046,0.705091851897418,0.255655085701967,0.5,0.458110516934046,0.697471039960059,0.252052285471729,0.5,3.88578058618805e-16,0.00762081193735942,0.00360280023023785,0
8,15,M0,320,157,0.490625,0.721215898263456,0.263556909343281,0.5,0.490625,0.710869082160444,0.258658173147009,0.5,0,0.0103468161030122,0.00489873619627174,0
9,15,M0,288,82,0.284722222222222,0.619333863498735,0.213636758965607,0.5,0.284722222222222,0.629600156384745,0.21854708861997,0.5,2.22044604925031e-16,-0.0102662928860104,-0.00491032965436319,0
10,15,M0,677,358,0.528803545051699,0.749523236921361,0.277195287423717,0.5,0.528803545051699,0.732404609655295,0.269181907043285,0.5,-3.33066907387547e-16,0.0171186272660655,0.00801338038043209,0
11,15,M0,1193,375,0.314333612740989,0.636817535566913,0.222167438797347,0.5,0.314333612740989,0.646309322118626,0.226753611420743,0.5,1.11022302462516e-16,-0.00949178655171301,-0.004586172623396,0
12,15,M0,303,228,0.752475247524752,0.878367955766884,0.339893697706965,0.5,0.752475247524752,0.838524762619821,0.321269775463568,0.5,4.44089209850063e-16,0.0398431931470634,0.0186239222433967,0
13,15,M0,175,86,0.491428571428572,0.720229264787347,0.26310274892553,0.5,0.491428571428572,0.710409150802034,0.258442324719295,0.5,-5.55111512312578e-16,0.00982011398531268,0.00466042420623469,0
14,15,M0,177,28,0.15819209039548,0.561698216272497,0.185306461099419,0.5,0.15819209039548,0.583238574015162,0.195621871820536,0.5,2.4980018054066e-16,-0.0215403577426651,-0.0103154107211171,0
16,15,M0,193,90,0.466321243523316,0.70740071382715,0.256824376490474,0.5,0.466321243523316,0.700004150686475,0.253312977329909,0.5,5.55111512312578e-17,0.00739656314067483,0.00351139916056542,0
17,15,M0,287,141,0.491289198606272,0.721244080279697,0.263577263895224,0.5,0.491289198606272,0.710970454130806,0.258710588767755,0.5,-2.22044604925031e-16,0.010273626148891,0.00486667512746863,0
18,15,M0,432,230,0.532407407407407,0.746556797706211,0.275868618703986,0.5,0.532407407407407,0.730916804952054,0.268499911381838,0.5,4.44089209850063e-16,0.0156399927541574,0.00736870732214801,0
19,15,M0,323,172,0.532507739938081,0.744461058317318,0.274892922729685,0.5,0.532507739938081,0.729584045754148,0.267864262533819,0.5,-4.44089209850063e-16,0.0148770125631704,0.00702866019586623,0
1,15,MP,112,22,0.764303963756768,0.507770682564189,0.170780577439272,0.869444444444445,0.760214831257374,0.526578558308318,0.179012648370709,0.869444444444445,0.00408913249939424,-0.0188078757441296,-0.0082320709314368,-5.55111512312578e-16
2,15,MP,280,21,0.636216834927516,0.484699016943647,0.159838246136625,0.919654348225777,0.618967467720808,0.530761573324404,0.180152846459861,0.909450266593124,0.0172493672067081,-0.0460625563807573,-0.0203146003232361,0.0102040816326529
3,15,MP,146,39,0.644813578907039,0.590282254271441,0.20256539940288,0.800023963575366,0.634921249570518,0.60885899698863,0.209979844859851,0.790678169182842,0.00989232933652085,-0.0185767427171888,-0.0074144454569707,0.00934579439252348
4,15,MP,146,25,0.516434223955341,0.566967980951828,0.194976047427204,0.781487603305785,0.507072153692925,0.590105149151892,0.204734924557639,0.768595041322314,0.00936207026241631,-0.0231371682000644,-0.00975887713043477,0.0128925619834711
5,15,MP,228,8,0.298869047619048,0.566549457403842,0.194408871624824,0.79375,0.292081554191196,0.614748611284955,0.215313284783294,0.790056818181818,0.00678749342785157,-0.0481991538811127,-0.0209044131584701,0.0036931818181819
6,15,MP,276,5,0.0484072476272649,0.601513468225918,0.202851495803322,0.735055350553506,0.0445351791264003,0.645505496730541,0.221390882791666,0.721033210332103,0.00387206850086458,-0.0439920285046233,-0.0185393869883436,0.0140221402214026
7,15,MP,561,257,0.814065965271613,0.550300593618507,0.183084837521818,0.815130298996519,0.809641730255759,0.543535576692664,0.180027778653934,0.812634394839238,0.00442423501585354,0.00676501692584319,0.00305705886788435,0.00249590415728052
8,15,MP,320,157,0.817746910531679,0.572935498782899,0.19061422836607,0.791684576608964,0.816005108355322,0.567939233434807,0.188962877424044,0.791430581063655,0.00174180217635689,0.00499626534809228,0.00165135094202637,0.000253995545309027
9,15,MP,288,82,0.644202296959283,0.515945680775694,0.168448650718663,0.787739758465546,0.630780549548471,0.542515776736445,0.179919264453227,0.775455837082643,0.0134217474108116,-0.0265700959607511,-0.0114706137345644,0.0122839213829028
10,15,MP,677,358,0.917341160801936,0.477719488008828,0.155486391726887,0.914537398644507,0.921148186153207,0.457852184983101,0.145889675587365,0.918928740302271,-0.00380702535127098,0.0198673030257274,0.00959671613952168,-0.00439134165776389
11,15,MP,1193,375,0.544760336722308,0.606173434561659,0.208231199634303,0.712544417277914,0.556786508886677,0.612091531791435,0.211281295622712,0.721066014669927,-0.0120261721643695,-0.00591809722977621,-0.00305009598840855,-0.00852159739201341
12,15,MP,303,228,0.919324190143608,0.878811888961713,0.311629984689804,0.788450292397661,0.921265319834541,0.827472610090691,0.289478325240095,0.791023391812866,-0.00194112969093285,0.0513392788710216,0.0221516594497093,-0.00257309941520512
13,15,MP,175,86,0.849326870750712,0.482318176540628,0.157670085243065,0.873464854977789,0.842616443006938,0.474984934236286,0.155333547580898,0.868630781290828,0.00671042774377428,0.00733324230434201,0.0023365376621671,0.00483407368696132
14,15,MP,177,28,0.665240810774739,0.509113270164957,0.169885893366641,0.914189837008629,0.675545566033652,0.533620992501976,0.180645434912642,0.919103547459252,-0.0103047552589133,-0.0245077223370187,-0.010759541546001,-0.00491371045062305
16,15,MP,193,90,0.784607481897345,0.575098600350933,0.190551706827103,0.7819309600863,0.778268195285482,0.579335039004122,0.192355742983181,0.775728155339806,0.00633928661186323,-0.0042364386531889,-0.00180403615607797,0.00620280474649393
17,15,MP,287,141,0.897205459814577,0.494300366540047,0.161832568825798,0.891601088118139,0.91014612933295,0.466104700375446,0.149272002347979,0.909963081706014,-0.0129406695183729,0.0281956661646007,0.0125605664778188,-0.0183619935878755
18,15,MP,432,230,0.891263490544884,0.531179027234874,0.177409912711148,0.876883340507964,0.901948090038083,0.5031924618743,0.165606420245448,0.888570813603099,-0.0106845994931987,0.0279865653605739,0.0118034924657003,-0.0116874730951352
19,15,MP,323,172,0.855826060171012,0.600747197671895,0.204393163020031,0.818208070229478,0.854340229869587,0.583236574485018,0.196421938838919,0.817476513168027,0.00148583030142546,0.0175106231868768,0.00797122418111182,0.000731557061450894
1,15,MP_cal,112,22,0.764303963756768,0.483125871947505,0.156550660118061,0.869444444444445,0.760214831257374,0.513108551569847,0.170773989649966,0.869444444444445,0.00408913249939424,-0.0299826796223423,-0.0142233295319049,-5.55111512312578e-16
2,15,MP_cal,280,21,0.636216834927516,0.453567778464013,0.14256194784973,0.919654348225777,0.618967467720808,0.511680905613815,0.169587350867771,0.909450266593124,0.0172493672067081,-0.0581131271498019,-0.027025403018041,0.0102040816326529
3,15,MP_cal,146,39,0.644813578907039,0.54892841691732,0.185145749660435,0.800023963575366,0.634921249570518,0.58711678440151,0.201776274601967,0.790678169182842,0.00989232933652085,-0.0381883674841905,-0.0166305249415319,0.00934579439252348
4,15,MP_cal,146,25,0.516434223955341,0.523593694691239,0.175079555127651,0.781487603305785,0.507072153692925,0.570252950753273,0.19617228859426,0.768595041322314,0.00936207026241631,-0.046659256062034,-0.0210927334666094,0.0128925619834711
5,15,MP_cal,228,8,0.298869047619048,0.503211220736259,0.165685102825253,0.79375,0.292081554191196,0.582861580946596,0.201778057726393,0.790056818181818,0.00678749342785157,-0.079650360210337,-0.03609295490114,0.0036931818181819
6,15,MP_cal,276,5,0.0484072476272649,0.520289756954325,0.172837335686002,0.735055350553506,0.0445351791264003,0.597036273300108,0.206477625348077,0.721033210332103,0.00387206850086458,-0.0767465163457834,-0.0336402896620749,0.0140221402214026
7,15,MP_cal,561,257,0.814065965271613,0.570862231066813,0.192999996622445,0.815130298996519,0.809641730255759,0.551470493160351,0.184188321873093,0.812634394839238,0.00442423501585354,0.0193917379064615,0.00881167474935174,0.00249590415728052
8,15,MP_cal,320,157,0.817746910531679,0.583642463635447,0.197322679265624,0.791684576608964,0.816005108355322,0.568814984527702,0.191254512960473,0.791430581063655,0.00174180217635689,0.0148274791077447,0.00606816630515056,0.000253995545309027
9,15,MP_cal,288,82,0.644202296959283,0.502158653001295,0.162657633994249,0.787739758465546,0.630780549548471,0.530644716146234,0.175303372839258,0.775455837082643,0.0134217474108116,-0.028486063144939,-0.0126457388450092,0.0122839213829028
10,15,MP_cal,677,358,0.917341160801936,0.528982674670275,0.176851897958947,0.914537398644507,0.921148186153207,0.492782856236411,0.159491018648133,0.918928740302271,-0.00380702535127098,0.0361998184338641,0.0173608793108138,-0.00439134165776389
11,15,MP_cal,1193,375,0.544760336722308,0.589741849280575,0.202355222702993,0.712544417277914,0.556786508886677,0.597096532017347,0.206054193610353,0.721066014669927,-0.0120261721643695,-0.00735468273677242,-0.00369897090735966,-0.00852159739201341
12,15,MP_cal,303,228,0.919324190143608,0.909187807636546,0.332283299922863,0.788450292397661,0.921265319834541,0.841754791973352,0.304909991105865,0.791023391812866,-0.00194112969093285,0.0674330156631937,0.0273733088169984,-0.00257309941520512
13,15,MP_cal,175,86,0.849326870750712,0.5083893017764,0.168276450373752,0.873464854977789,0.842616443006938,0.497069748390844,0.163249890341954,0.868630781290828,0.00671042774377428,0.0113195533855563,0.00502656003179833,0.00483407368696132
14,15,MP_cal,177,28,0.665240810774739,0.476475825875103,0.153848786308357,0.914189837008629,0.675545566033652,0.502499111494608,0.165933775225944,0.919103547459252,-0.0103047552589133,-0.0260232856195053,-0.012084988917587,-0.00491371045062305
16,15,MP_cal,193,90,0.784607481897345,0.574285956441539,0.193174526965068,0.7819309600863,0.778268195285482,0.572848608732251,0.192610539287929,0.775728155339806,0.00633928661186323,0.0014373477092875,0.000563987677139138,0.00620280474649393
17,15,MP_cal,287,141,0.897205459814577,0.527957321301847,0.175539635399305,0.891601088118139,0.91014612933295,0.495486239147011,0.16045109145637,0.909963081706014,-0.0129406695183729,0.0324710821548361,0.0150885439429355,-0.0183619935878755
18,15,MP_cal,432,230,0.891263490544884,0.569110238030297,0.193985363220882,0.876883340507964,0.901948090038083,0.536129899104109,0.178809491974435,0.888570813603099,-0.0106845994931987,0.0329803389261876,0.0151758712464473,-0.0116874730951352
19,15,MP_cal,323,172,0.855826060171012,0.623103222152185,0.215982058717331,0.818208070229478,0.854340229869587,0.59776293728645,0.204427678047874,0.817476513168027,0.00148583030142546,0.025340284865735,0.0115543806694567,0.000731557061450894
1,15,ME,112,22,0.379349309363493,0.5521446804484,0.181615828067459,0.714646464646465,0.379349309363493,0.576402401085563,0.19279129716684,0.714646464646465,3.33066907387547e-16,-0.0242577206371634,-0.0111754690993807,-3.33066907387547e-16
2,15,ME,280,21,0.352545471617468,0.482602853782251,0.148118210751559,0.830299687442545,0.352545471617468,0.52291730782217,0.166655053545391,0.830299687442545,-3.88578058618805e-16,-0.0403144540399192,-0.0185368427938321,-4.44089209850063e-16
3,15,ME,146,39,0.627640986501488,0.591882148130276,0.200409231961764,0.780254013898874,0.627640986501488,0.610935013062588,0.209442921752146,0.780254013898874,-3.33066907387547e-16,-0.0190528649323123,-0.00903368979038185,-3.33066907387547e-16
4,15,ME,146,25,0.270445997467497,0.516711386666062,0.165304881917951,0.625454545454546,0.270445997467497,0.544038083938858,0.177471926458478,0.625454545454546,4.44089209850063e-16,-0.0273266972727961,-0.0121670445405266,-5.55111512312578e-16
5,15,ME,228,8,0.14653932334428,0.445858987734259,0.130702473036081,0.817045454545455,0.14653932334428,0.492204016654421,0.151805923534161,0.817045454545455,2.4980018054066e-16,-0.0463450289201624,-0.0211034504980805,-4.44089209850063e-16
6,15,ME,276,5,0.0694705677464298,0.406522512514887,0.112799815317689,0.677490774907749,0.0694705677464298,0.461096203356855,0.137101733540443,0.677490774907749,1.38777878078145e-17,-0.0545736908419678,-0.0243019182227537,1.11022302462516e-16
7,15,ME,561,257,0.622320050323158,0.689570870575483,0.248032369898608,0.643124104034405,0.622320050323158,0.681918513715047,0.244466259296513,0.643124104034405,2.22044604925031e-16,0.00765235686043642,0.00356611060209452,1.11022302462516e-16
8,15,ME,320,157,0.546521562334421,0.749508985478241,0.275327408436495,0.558047751162518,0.546521562334421,0.723934665119574,0.264410764209395,0.558047751162518,1.11022302462516e-16,0.0255743203586674,0.0109166442271004,0
9,15,ME,288,82,0.534064545668899,0.582236551523896,0.196545004631697,0.727563343594601,0.534064545668899,0.59976278937235,0.204424316111453,0.727563343594601,2.22044604925031e-16,-0.0175262378484544,-0.00787931147975618,0
10,15,ME,677,358,0.60951279599075,0.721014773669517,0.263210175576641,0.588982679812963,0.60951279599075,0.707898866258615,0.257213405461652,0.588982679812963,4.44089209850063e-16,0.0131159074109019,0.00599677011498928,0
11,15,ME,1193,375,0.350259612236911,0.664791485744976,0.235982295677648,0.516050529747351,0.350259612236911,0.673712104555657,0.240397745157377,0.516050529747351,4.44089209850063e-16,-0.00892061881068151,-0.00441544947972897,2.22044604925031e-16
12,15,ME,303,228,0.715818859221255,1.22205177986978,0.469598264523092,0.417017543859649,0.715818859221255,1.06876699810025,0.417493346648271,0.417017543859649,0,0.153284781769526,0.0521049178748206,1.11022302462516e-16
13,15,ME,175,86,0.63835468867811,0.682482006958338,0.244780718488768,0.644107656127515,0.63835468867811,0.680796975946184,0.243924795215392,0.644107656127515,-4.44089209850063e-16,0.00168503101215345,0.00085592327337583,0
14,15,ME,177,28,0.292554678123871,0.59838093268512,0.203755228566365,0.601629913710451,0.292554678123871,0.618400722438184,0.213233840573084,0.601629913710451,2.22044604925031e-16,-0.0200197897530645,-0.0094786120067194,-4.44089209850063e-16
16,15,ME,193,90,0.640295909123075,0.66943219910861,0.238367258099058,0.651887810140237,0.640295909123075,0.669980386717813,0.238594030734564,0.651887810140237,1.11022302462516e-16,-0.000548187609202944,-0.000226772635506245,3.33066907387547e-16
17,15,ME,287,141,0.609694672081817,0.689684298414494,0.248149463504404,0.603711260079666,0.609694672081817,0.686165327851417,0.246511418891886,0.603711260079666,-1.11022302462516e-16,0.00351897056307648,0.00163804461251821,-2.22044604925031e-16
18,15,ME,432,230,0.594957228523913,0.717964854412474,0.262126167667011,0.557942315970728,0.594957228523913,0.70803868332774,0.257369102329719,0.557942315970728,1.11022302462516e-16,0.00992617108473437,0.00475706533729203,-4.44089209850063e-16
19,15,ME,323,172,0.681281213672649,0.730998498963914,0.267842684246113,0.623556137378716,0.681281213672649,0.715103785672504,0.26058315021586,0.623556137378716,-5.55111512312578e-16,0.0158947132914105,0.00725953403025287,-4.44089209850063e-16
1,15,ME2,112,22,0.379349309363493,0.5276960612367,0.170873297196316,0.714646464646465,0.379349309363493,0.556423573239536,0.183584400153156,0.714646464646465,3.33066907387547e-16,-0.0287275120028361,-0.0127111029568397,-3.33066907387547e-16
2,15,ME2,280,21,0.352545471617468,0.439585996803955,0.129305725406267,0.830299687442545,0.352545471617468,0.491282732588704,0.152078465671711,0.830299687442545,-3.88578058618805e-16,-0.0516967357847488,-0.0227727402654443,-4.44089209850063e-16
3,15,ME2,146,39,0.588744512093124,0.600211815053968,0.204638788672976,0.757248981548047,0.592728866204126,0.6184530143501,0.213230670529191,0.758686796069974,-0.00398435411100218,-0.0182411992961322,-0.00859188185621523,-0.00143781452192704
4,15,ME2,146,25,0.270445997467497,0.512201862639987,0.163579033985032,0.625454545454546,0.270445997467497,0.540584948625043,0.17604778020966,0.625454545454546,4.44089209850063e-16,-0.0283830859850558,-0.012468746224628,-5.55111512312578e-16
5,15,ME2,228,8,0.14653932334428,0.461674171436825,0.138375442978527,0.817045454545455,0.14653932334428,0.507117749719337,0.159096491810122,0.817045454545455,2.4980018054066e-16,-0.0454435782825117,-0.020721048831595,-4.44089209850063e-16
6,15,ME2,276,5,0.0694705677464298,0.681478241678151,0.244149559178493,0.677490774907749,0.0694705677464298,0.703641510717045,0.255132505284508,0.677490774907749,1.38777878078145e-17,-0.022163269038894,-0.0109829461060149,1.11022302462516e-16
7,15,ME2,561,257,0.606318995400689,0.685024256424245,0.245722116754776,0.637786708990375,0.608737917037293,0.677741097182295,0.242403290295357,0.639169055908253,-0.00241892163660429,0.00728315924195022,0.00331882645941947,-0.0013823469178782
8,15,ME2,320,157,0.544915610410185,0.74183027710367,0.271521233889395,0.556445625415185,0.544987720680913,0.718399054665175,0.26169087372583,0.556484701652925,-7.21102707280652e-05,0.0234312224384949,0.00983036016356514,-3.90762377399101e-05
9,15,ME2,288,82,0.534064545668899,0.574472598559066,0.193194637101801,0.727563343594601,0.534064545668899,0.593989620109714,0.201820033759654,0.727563343594601,2.22044604925031e-16,-0.0195170215506479,-0.00862539665785325,0
10,15,ME2,677,358,0.598444178273803,0.699665127735608,0.252960127958448,0.582205215320222,0.598961082098987,0.693238010245069,0.250058725714968,0.582485420570568,-0.000516903825184545,0.00642711749053893,0.0029014022434799,-0.000280205250345889
11,15,ME2,1193,375,0.370738229344865,0.648974563425972,0.228751749865001,0.557970660146699,0.366174653072298,0.662804401793566,0.23520602674111,0.549132844335778,0.00456357627256693,-0.0138298383675941,-0.00645427687610903,0.00883781581092125
12,15,ME2,303,228,0.715818859221255,1.17229448807932,0.452518672535233,0.417017543859649,0.715818859221255,1.0527365246882,0.411194576525907,0.417017543859649,0,0.119557963391123,0.0413240960093257,1.11022302462516e-16
13,15,ME2,175,86,0.63835468867811,0.722987157051241,0.263650636621593,0.644107656127515,0.63835468867811,0.70065417854977,0.253594132859692,0.644107656127515,-4.44089209850063e-16,0.0223329785014708,0.0100565037619015,0
14,15,ME2,177,28,0.292554678123871,0.556714973545288,0.184384920196077,0.601629913710451,0.292554678123871,0.586498528534607,0.198015014246776,0.601629913710451,2.22044604925031e-16,-0.0297835549893188,-0.013630094050699,-4.44089209850063e-16
16,15,ME2,193,90,0.640295909123075,0.662520185563517,0.234941781719435,0.651887810140237,0.640295909123075,0.664521088338737,0.235902506765947,0.651887810140237,1.11022302462516e-16,-0.00200090277522047,-0.000960725046511735,3.33066907387547e-16
17,15,ME2,287,141,0.609694672081817,0.689897918312902,0.248034255815486,0.603711260079666,0.609694672081817,0.68488295033684,0.245820605709397,0.603711260079666,-1.11022302462516e-16,0.00501496797606171,0.00221365010608859,-2.22044604925031e-16
18,15,ME2,432,230,0.594957228523913,0.838668683843602,0.313616757473978,0.557942315970728,0.594957228523913,0.774006721419936,0.287649119665135,0.557942315970728,1.11022302462516e-16,0.0646619624236658,0.0259676378088428,-4.44089209850063e-16
19,15,ME2,323,172,0.681281213672649,0.745222586801508,0.273723979764926,0.623556137378716,0.681281213672649,0.721568397251319,0.263409554268042,0.623556137378716,-5.55111512312578e-16,0.0236541895501885,0.0103144254968835,-4.44089209850063e-16
1,15,ME_P,112,22,0.762799677845394,0.47625088301026,0.153644417480653,0.869191919191919,0.756541260671696,0.508862951014907,0.168929663480133,0.867676767676768,0.00625841717369813,-0.0326120680046467,-0.0152852459994802,0.00151515151515114
2,15,ME_P,280,21,0.679601620697339,0.42871190367441,0.131561459710424,0.937856223570509,0.662189103945433,0.491659150396886,0.160622837328073,0.92388306674021,0.0174125167519056,-0.0629472467224758,-0.0290613776176492,0.0139731568302992
3,15,ME_P,146,39,0.652865427898343,0.549986815505901,0.1852498774272,0.820752456266475,0.637367803369133,0.591494652945118,0.203226191025108,0.806853582554517,0.01549762452921,-0.041507837439217,-0.017976313597908,0.013898873711958
4,15,ME_P,146,25,0.542838356197605,0.492262467817589,0.160945077458078,0.783140495867769,0.522462982469667,0.546116454535335,0.185514465042654,0.775206611570248,0.0203753737279375,-0.0538539867177459,-0.024569387584576,0.00793388429752062
5,15,ME_P,228,8,0.31860328677894,0.466376888193439,0.149460401562512,0.813636363636364,0.310782340757036,0.555375279516176,0.189584020516142,0.805681818181818,0.00782094602190425,-0.0889983913227369,-0.0401236189536303,0.00795454545454555
6,15,ME_P,276,5,0.052134686788837,0.475931432148819,0.154297521677883,0.737269372693727,0.0486234180549762,0.568377411539884,0.194662216158458,0.719557195571956,0.00351126873386079,-0.0924459793910645,-0.040364694480575,0.017712177121771
7,15,ME_P,561,257,0.82944147196,0.566322918583999,0.191500872179245,0.828473786606594,0.822408560812974,0.545021957546932,0.181782846085472,0.824352344869957,0.00703291114702564,0.0213009610370665,0.00971802609377281,0.00412144173663731
8,15,ME_P,320,157,0.82233626259811,0.601317387874002,0.204877268888522,0.796569106326443,0.821638018584694,0.575740355172383,0.194339120457988,0.796569106326443,0.000698244013416005,0.0255770327016193,0.0105381484305337,-1.11022302462516e-16
9,15,ME_P,288,82,0.661343040063311,0.484581938738653,0.155471282492498,0.810916410134975,0.646098737686954,0.515205835639023,0.16870867908056,0.794873312810798,0.0152443023763572,-0.0306238969003703,-0.0132373965880619,0.0160430973241772
10,15,ME_P,677,358,0.920258500190662,0.521167430440824,0.173435472399713,0.915290450254812,0.926074694130088,0.485354187957101,0.15620999844456,0.922251799443092,-0.00581619393942578,0.0358132424837226,0.0172254739551526,-0.00696134918828029
11,15,ME_P,1193,375,0.551008655213996,0.611481261889097,0.210884343213217,0.700682966585167,0.565185572253852,0.617602649693974,0.214256996406054,0.713220863895681,-0.0141769170398556,-0.00612138780487681,-0.0033726531928375,-0.0125378973105139
12,15,ME_P,303,228,0.904061519684203,1.15426757194371,0.413430303094347,0.74093567251462,0.914536113686531,0.992882047418664,0.359573026389496,0.767076023391813,-0.0104745940023274,0.161385524525042,0.0538572767048511,-0.0261403508771931
13,15,ME_P,175,86,0.861199193513474,0.494547762118614,0.161634516678009,0.882545074470865,0.853248456413857,0.486345049964339,0.158073574935433,0.877711000783904,0.00795073709961669,0.00820271215427487,0.00356094174257554,0.00483407368696098
14,15,ME_P,177,28,0.658164492323736,0.501088437737507,0.163855798617756,0.906999041227229,0.664776908094356,0.523539779084723,0.174492126200586,0.912032598274209,-0.00661241577062022,-0.022451341347216,-0.0106363275828302,-0.00503355704697983
16,15,ME_P,193,90,0.797185433992688,0.55451875169597,0.185955600929674,0.799676375404531,0.791053707368294,0.559700332174447,0.187891187690379,0.789859762675297,0.00613172662439432,-0.00518158047847706,-0.00193558676070468,0.00981661272923373
17,15,ME_P,287,141,0.900012677866081,0.516801355345562,0.169925980850712,0.88885650442048,0.915368394369211,0.488718009321256,0.156924670941088,0.911007480812203,-0.0153557165031299,0.0280833460243056,0.0130013099096243,-0.022150976391723
18,15,ME_P,432,230,0.888422365168238,0.559389261545363,0.189590433770737,0.872965992251399,0.901664370465652,0.530053269908332,0.175932241519331,0.887171760654326,-0.0132420052974139,0.029335991637031,0.0136581922514057,-0.014205768402927
19,15,ME_P,323,172,0.865152673143521,0.620308642764296,0.215108738454113,0.828353611581703,0.862206266999923,0.593684127782039,0.202973256543068,0.825773910365009,0.0029464061435982,0.0266245149822574,0.0121354819110449,0.00257970121669437
1,15,ME2P,112,22,0.759415570794294,0.452832611447721,0.143741822176384,0.868181818181818,0.752996257301478,0.49158537338009,0.161519377395368,0.865151515151515,0.00641931349281555,-0.0387527619323688,-0.0177775552189843,0.00303030303030316
2,15,ME2P,280,21,0.671315154487044,0.391825209376282,0.116110893393425,0.941901084758228,0.666659952205726,0.46765464740917,0.150249726393829,0.927376355947785,0.00465520228131799,-0.0758294380328884,-0.0341388330004038,0.0145247288104426
3,15,ME2P,146,39,0.631836900523272,0.56394231616235,0.190774015460103,0.819314641744548,0.622881023257221,0.602599537877383,0.207323076786502,0.807093218308172,0.00895587726605129,-0.0386572217150331,-0.0165490613263985,0.0122214234363762
4,15,ME2P,146,25,0.535078238127451,0.486781089976065,0.158409936524472,0.787438016528926,0.532762714618409,0.542275066862308,0.18365210426285,0.778512396694215,0.00231552350904229,-0.0554939768862427,-0.025242167738378,0.00892561983471063
5,15,ME2P,228,8,0.26376118693606,0.483587493327192,0.156646161347715,0.815340909090909,0.290435885707201,0.570063811692634,0.195424565406249,0.810795454545455,-0.0266746987711414,-0.0864763183654418,-0.0387784040585344,0.00454545454545408
6,15,ME2P,276,5,0.054577620521893,0.80286415233487,0.287173501783368,0.735793357933579,0.0513741718257847,0.837213590922828,0.300048782287087,0.718819188191882,0.00320344869610827,-0.0343494385879578,-0.0128752805037187,0.0169741697416974
7,15,ME2P,561,257,0.830158847653953,0.561052147927045,0.18917786565831,0.82864018021708,0.824259837328525,0.541655543754828,0.180382128693697,0.826323469178784,0.00589901032542817,0.0193966041722166,0.00879573696461253,0.00231671103829567
8,15,ME2P,320,157,0.819382740366807,0.59315773435657,0.201729351276857,0.793638388495956,0.821353721207088,0.571504422505245,0.192837781899433,0.796061115235825,-0.00197098084028102,0.0216533118513252,0.00889156937742391,-0.00242272673986943
9,15,ME2P,288,82,0.669921173051814,0.477143438484738,0.152672835535903,0.818375562396401,0.653635153532495,0.510822465365798,0.166902240823523,0.801326071513142,0.0162860195193185,-0.03367902688106,-0.0142294052876204,0.0170494908832587
10,15,ME2P,677,358,0.908572659000791,0.500498059669613,0.163175997769102,0.90300520130996,0.92328863847133,0.477140656414924,0.151993094009755,0.919633631635173,-0.0147159794705394,0.0233574032546892,0.0111829037593471,-0.0166284303252134
11,15,ME2P,1193,375,0.557239732196255,0.598447102636496,0.205184892901132,0.710984515077425,0.570714994827432,0.610782485739556,0.211265459447364,0.718531377343113,-0.0134752626311769,-0.0123353831030598,-0.0060805665462316,-0.00754686226568835
12,15,ME2P,303,228,0.90393091231577,1.14695213584872,0.411239619073856,0.740643274853801,0.915223843255688,1.062026365068,0.382799756600106,0.769239766081871,-0.0112929309399182,0.0849257707807192,0.02843986247375,-0.0285964912280697
13,15,ME2P,175,86,0.861492581659832,0.538315136171437,0.184016722204175,0.884635484713875,0.857165593406358,0.500973035768053,0.16608553577356,0.880324013587667,0.00432698825347355,0.0373421004033838,0.0179311864306146,0.00431147112620811
14,15,ME2P,177,28,0.652975269709793,0.45734387869131,0.14558364565421,0.904122722914669,0.667655037442792,0.503947727278529,0.166110172343629,0.910834132310642,-0.014679767732999,-0.0466038485872192,-0.0205265266894188,-0.00671140939597281
16,15,ME2P,193,90,0.804812151428395,0.544997269073171,0.182381987775898,0.808522114347357,0.795718420039373,0.553979561609776,0.185803897229932,0.795145631067961,0.00909373138902236,-0.00898229253660499,-0.00342190945403356,0.0133764832793961
17,15,ME2P,287,141,0.898775385967685,0.518250616849382,0.170788822883315,0.885213251724473,0.916270872718946,0.488885357210821,0.157109386395513,0.911007480812203,-0.0174954867512616,0.0293652596385614,0.0136794364878024,-0.02579422908773
18,15,ME2P,432,230,0.881454751666324,0.700274636261685,0.251100135441181,0.865949203616014,0.898899356641353,0.600100011216948,0.20927654936294,0.884718037021093,-0.0174446049750286,0.100174625044737,0.0418235860782405,-0.0187688334050792
19,15,ME2P,323,172,0.865688460920475,0.636810662206875,0.222160110129121,0.830124749730479,0.863714427276751,0.600109836163424,0.205949044567452,0.829085168643154,0.00197403364372428,0.0367008260434506,0.0162110655616694,0.00103958108732505
1,16,M0,112,22,0.196428571428571,0.593175234118866,0.200585659221204,0.5,0.196428571428571,0.59476012459852,0.201348944547837,0.5,4.16333634234434e-16,-0.00158489047965371,-0.000763285326632696,0
2,16,M0,280,21,0.075,0.560674148826374,0.184383158602087,0.5,0.075,0.562856131045747,0.185442551013687,0.5,0,-0.00218198221937294,-0.00105939241160041,0
3,16,M0,146,39,0.267123287671233,0.620617335704851,0.214137058661241,0.5,0.267123287671233,0.621673150969817,0.214645337188004,0.5,-1.11022302462516e-16,-0.00105581526496623,-0.000508278526763301,0
4,16,M0,146,25,0.171232876712329,0.584907565864178,0.196484452106844,0.5,0.171232876712329,0.586656681377199,0.19732792739409,0.5,-2.4980018054066e-16,-0.00174911551302082,-0.000843475287246126,0
5,16,M0,228,8,0.0350877192982456,0.544721672438036,0.176507081594613,0.5,0.0350877192982456,0.547196568051153,0.177707554500243,0.5,1.38777878078145e-17,-0.00247489561311665,-0.00120047290563038,0
6,16,M0,276,5,0.0181159420289855,0.544678358687881,0.176429370594302,0.5,0.0181159420289855,0.547122442672379,0.17761786620828,0.5,6.93889390390723e-18,-0.00244408398449814,-0.00118849561397841,0
7,16,M0,561,257,0.458110516934046,0.698063108535965,0.25233533271868,0.5,0.458110516934046,0.697471039960059,0.252052285471729,0.5,3.88578058618805e-16,0.000592068575906213,0.000283047246950829,0
8,16,M0,320,157,0.490625,0.711716941845938,0.259063771406401,0.5,0.490625,0.710869082160444,0.258658173147009,0.5,0,0.000847859685493724,0.000405598259392126,0
9,16,M0,288,82,0.284722222222222,0.628678175690653,0.218102448349766,0.5,0.284722222222222,0.629600156384745,0.21854708861997,0.5,2.22044604925031e-16,-0.000921980694091884,-0.000444640270204327,0
10,16,M0,677,358,0.528803545051699,0.733967665187088,0.269922834176659,0.5,0.528803545051699,0.732404609655295,0.269181907043285,0.5,-3.33066907387547e-16,0.00156305553179315,0.000740927133373925,0
11,16,M0,1193,375,0.314333612740989,0.645593459841093,0.22640496833729,0.5,0.314333612740989,0.646309322118626,0.226753611420743,0.5,1.11022302462516e-16,-0.000715862277532953,-0.000348643083452588,0
12,16,M0,303,228,0.752475247524752,0.842439445470174,0.323121353473646,0.5,0.752475247524752,0.838524762619821,0.321269775463568,0.5,4.44089209850063e-16,0.0039146828503529,0.00185157801007807,0
13,16,M0,175,86,0.491428571428572,0.711200838191559,0.25882173538833,0.5,0.491428571428572,0.710409150802034,0.258442324719295,0.5,-5.55111512312578e-16,0.000791687389525286,0.000379410669035074,0
14,16,M0,177,28,0.15819209039548,0.581419947367034,0.194743869030019,0.5,0.15819209039548,0.583238574015162,0.195621871820536,0.5,2.4980018054066e-16,-0.00181862664812837,-0.000878002790516696,0
15,16,M0,627,384,0.61244019138756,0.780727988343043,0.292737473737324,0.5,0.61244019138756,0.777929016289496,0.291420610714475,0.5,-2.22044604925031e-16,0.00279897205354707,0.00131686302284922,0
17,16,M0,287,141,0.491289198606272,0.711809847316417,0.259112297457305,0.5,0.491289198606272,0.710970454130806,0.258710588767755,0.5,-2.22044604925031e-16,0.000839393185611104,0.000401708689549585,0
18,16,M0,432,230,0.532407407407407,0.732293276127941,0.269155689051135,0.5,0.532407407407407,0.730916804952054,0.268499911381838,0.5,4.44089209850063e-16,0.00137647117588646,0.000655777669296587,0
19,16,M0,323,172,0.532507739938081,0.730868588599452,0.2684775821551,0.5,0.532507739938081,0.729584045754148,0.267864262533819,0.5,-4.44089209850063e-16,0.00128454284530422,0.000613319621281305,0
1,16,MP,112,22,0.762868262850865,0.517597721653224,0.175296470963397,0.872474747474748,0.760214831257374,0.526578558308318,0.179012648370709,0.869444444444445,0.00265343159349096,-0.00898083665509453,-0.00371617740731228,0.00303030303030249
2,16,MP,280,21,0.627839911336741,0.533945259511378,0.181552793398298,0.905497334068763,0.618967467720808,0.530761573324404,0.180152846459861,0.909450266593124,0.0088724436159332,0.00318368618697373,0.00139994693843656,-0.00395293252436135
3,16,MP,146,39,0.631660829824903,0.609099545211017,0.210220294814563,0.783968368080518,0.634921249570518,0.60885899698863,0.209979844859851,0.790678169182842,-0.00326041974561475,0.000240548222386505,0.000240449954711675,-0.00670980110232433
4,16,MP,146,25,0.504333879062391,0.588264981433733,0.204508584484395,0.765950413223141,0.507072153692925,0.590105149151892,0.204734924557639,0.768595041322314,-0.00273827463053389,-0.00184016771815954,-0.000226340073244374,-0.00264462809917354
5,16,MP,228,8,0.299773740652138,0.61545924128848,0.215857412795417,0.786931818181818,0.292081554191196,0.614748611284955,0.215313284783294,0.790056818181818,0.00769218646094205,0.000710630003525115,0.000544128012123113,-0.00312499999999982
6,16,MP,276,5,0.0430482625482626,0.644845377454758,0.221634534296338,0.716974169741697,0.0445351791264003,0.645505496730541,0.221390882791666,0.721033210332103,-0.00148691657813774,-0.000660119275782911,0.000243651504671927,-0.00405904059040563
7,16,MP,561,257,0.808527446963244,0.547484174805229,0.180940938062976,0.811162451361868,0.809641730255759,0.543535576692664,0.180027778653934,0.812634394839238,-0.00111428329251473,0.00394859811256487,0.000913159409042047,-0.00147194347737034
8,16,MP,320,157,0.815035016918382,0.565960062243513,0.188013399000982,0.793071783048728,0.816005108355322,0.567939233434807,0.188962877424044,0.791430581063655,-0.000970091436940268,-0.0019791711912942,-0.000949478423062478,0.001641201985073
9,16,MP,288,82,0.619184440108765,0.550207468587631,0.182720955639964,0.765983897703055,0.630780549548471,0.542515776736445,0.179919264453227,0.775455837082643,-0.0115961094397062,0.00769169185118546,0.00280169118673698,-0.00947193937958824
10,16,MP,677,358,0.91900217693153,0.459035235440371,0.146592405228478,0.91694103430763,0.921148186153207,0.457852184983101,0.145889675587365,0.918928740302271,-0.00214600922167707,0.00118305045726969,0.00070272964111287,-0.00198770599464071
11,16,MP,1193,375,0.556301819338304,0.610984077493681,0.211092172152095,0.722500407497963,0.556786508886677,0.612091531791435,0.211281295622712,0.721066014669927,-0.000484689548372885,-0.00110745429775372,-0.000189123470616975,0.00143439282803548
12,16,MP,303,228,0.922577661682118,0.823971850526478,0.288689751712511,0.795877192982456,0.921265319834541,0.827472610090691,0.289478325240095,0.791023391812866,0.00131234184757711,-0.00350075956421325,-0.000788573527584102,0.00485380116959022
13,16,MP,175,86,0.832755464140219,0.480854029919023,0.158101246987239,0.861053044159916,0.842616443006938,0.474984934236286,0.155333547580898,0.868630781290828,-0.0098609788667191,0.00586909568273647,0.00276769940634106,-0.0075777371309117
14,16,MP,177,28,0.667960629631784,0.532434283249393,0.180537882038158,0.914908916586769,0.675545566033652,0.533620992501976,0.180645434912642,0.919103547459252,-0.00758493640186808,-0.00118670925258324,-0.000107552874483996,-0.00419463087248306
15,16,MP,627,384,0.877406284519228,0.667128240920424,0.231662198483902,0.8180405521262,0.875118076715491,0.668298079394011,0.232117472868872,0.815725737311385,0.00228820780373684,-0.00116983847358731,-0.000455274384969923,0.00231481481481532
17,16,MP,287,141,0.906166745521362,0.467596617155909,0.150152858687372,0.90814145535801,0.91014612933295,0.466104700375446,0.149272002347979,0.909963081706014,-0.00397938381158836,0.00149191678046262,0.000880856339392638,-0.00182162634800376
18,16,MP,432,230,0.904145093965546,0.501734321088611,0.165180395405252,0.890077486009471,0.901948090038083,0.5031924618743,0.165606420245448,0.888570813603099,0.00219700392746325,-0.0014581407856894,-0.000426024840195771,0.00150667240637159
19,16,MP,323,172,0.851567601631888,0.590818322912487,0.198473119805612,0.812259356229786,0.854340229869587,0.583236574485018,0.196421938838919,0.817476513168027,-0.00277262823769886,0.0075817484274685,0.00205118096669349,-0.0052171569382411
1,16,MP_cal,112,22,0.762868262850865,0.495976463676029,0.162741793940632,0.872474747474748,0.760214831257374,0.513108551569847,0.170773989649966,0.869444444444445,0.00265343159349096,-0.0171320878938177,-0.00803219570933408,0.00303030303030249
2,16,MP_cal,280,21,0.627839911336741,0.499822753881037,0.163725065305767,0.905497334068763,0.618967467720808,0.511680905613815,0.169587350867771,0.909450266593124,0.0088724436159332,-0.011858151732778,-0.00586228556200391,-0.00395293252436135
3,16,MP_cal,146,39,0.631660829824903,0.567727096441482,0.193334475829156,0.783968368080518,0.634921249570518,0.58711678440151,0.201776274601967,0.790678169182842,-0.00326041974561475,-0.0193896879600278,-0.00844179877281079,-0.00670980110232433
4,16,MP_cal,146,25,0.504333879062391,0.546650477415525,0.185576100584697,0.765950413223141,0.507072153692925,0.570252950753273,0.19617228859426,0.768595041322314,-0.00273827463053389,-0.023602473337748,-0.0105961880095635,-0.00264462809917354
5,16,MP_cal,228,8,0.299773740652138,0.549226486070512,0.186347784934866,0.786931818181818,0.292081554191196,0.582861580946596,0.201778057726393,0.790056818181818,0.00769218646094205,-0.033635094876084,-0.0154302727915271,-0.00312499999999982
6,16,MP_cal,276,5,0.0430482625482626,0.561877983001737,0.191523794033943,0.716974169741697,0.0445351791264003,0.597036273300108,0.206477625348077,0.721033210332103,-0.00148691657813774,-0.0351582902983714,-0.0149538313141342,-0.00405904059040563
7,16,MP_cal,561,257,0.808527446963244,0.561479565617178,0.188532073215846,0.811162451361868,0.809641730255759,0.551470493160351,0.184188321873093,0.812634394839238,-0.00111428329251473,0.0100090724568275,0.00434375134275261,-0.00147194347737034
8,16,MP_cal,320,157,0.815035016918382,0.574066851916302,0.19352208287717,0.793071783048728,0.816005108355322,0.568814984527702,0.191254512960473,0.791430581063655,-0.000970091436940268,0.00525186738859984,0.00226756991669744,0.001641201985073
9,16,MP_cal,288,82,0.619184440108765,0.529169573023442,0.174235600519044,0.765983897703055,0.630780549548471,0.530644716146234,0.175303372839258,0.775455837082643,-0.0115961094397062,-0.00147514312279162,-0.00106777232021396,-0.00947193937958824
10,16,MP_cal,677,358,0.91900217693153,0.508307806224486,0.166577628786685,0.91694103430763,0.921148186153207,0.492782856236411,0.159491018648133,0.918928740302271,-0.00214600922167707,0.0155249499880748,0.00708661013855227,-0.00198770599464071
11,16,MP_cal,1193,375,0.556301819338304,0.592844529940386,0.20432132678242,0.722500407497963,0.556786508886677,0.597096532017347,0.206054193610353,0.721066014669927,-0.000484689548372885,-0.00425200207696086,-0.00173286682793294,0.00143439282803548
12,16,MP_cal,303,228,0.922577661682118,0.841450395665293,0.305983457796185,0.795877192982456,0.921265319834541,0.841754791973352,0.304909991105865,0.791023391812866,0.00131234184757711,-0.000304396308059451,0.00107346669032021,0.00485380116959022
13,16,MP_cal,175,86,0.832755464140219,0.506962803502172,0.167522926945974,0.861053044159916,0.842616443006938,0.497069748390844,0.163249890341954,0.868630781290828,-0.0098609788667191,0.00989305511132826,0.00427303660401959,-0.0075777371309117
14,16,MP_cal,177,28,0.667960629631784,0.500255260544167,0.164472121081838,0.914908916586769,0.675545566033652,0.502499111494608,0.165933775225944,0.919103547459252,-0.00758493640186808,-0.00224385095044088,-0.00146165414410646,-0.00419463087248306
15,16,MP_cal,627,384,0.877406284519228,0.692560053408089,0.246221106072912,0.8180405521262,0.875118076715491,0.692868315326095,0.245717115929365,0.815725737311385,0.00228820780373684,-0.000308261918006036,0.000503990143546545,0.00231481481481532
17,16,MP_cal,287,141,0.906166745521362,0.49915883718691,0.16249485114514,0.90814145535801,0.91014612933295,0.495486239147011,0.16045109145637,0.909963081706014,-0.00397938381158836,0.0036725980398985,0.00204375968877021,-0.00182162634800376
18,16,MP_cal,432,230,0.904145093965546,0.538103537357902,0.179917358530176,0.890077486009471,0.901948090038083,0.536129899104109,0.178809491974435,0.888570813603099,0.00219700392746325,0.00197363825379315,0.00110786655574102,0.00150667240637159
19,16,MP_cal,323,172,0.851567601631888,0.603932817310203,0.206795144261281,0.812259356229786,0.854340229869587,0.59776293728645,0.204427678047874,0.817476513168027,-0.00277262823769886,0.00616988002375285,0.00236746621340694,-0.0052171569382411
1,16,ME,112,22,0.379349309363493,0.576287874995885,0.192718438131363,0.714646464646465,0.379349309363493,0.576402401085563,0.19279129716684,0.714646464646465,3.33066907387547e-16,-0.00011452608967788,-7.28590354766578e-05,-3.33066907387547e-16
2,16,ME,280,21,0.352545471617468,0.523713233407972,0.166994684234744,0.830299687442545,0.352545471617468,0.52291730782217,0.166655053545391,0.830299687442545,-3.88578058618805e-16,0.000795925585802215,0.000339630689352555,-4.44089209850063e-16
3,16,ME,146,39,0.627640986501488,0.610472353575184,0.209209275152046,0.780254013898874,0.627640986501488,0.610935013062588,0.209442921752146,0.780254013898874,-3.33066907387547e-16,-0.000462659487404205,-0.000233646600099974,-3.33066907387547e-16
4,16,ME,146,25,0.270445997467497,0.544938896850843,0.177862579768343,0.625454545454546,0.270445997467497,0.544038083938858,0.177471926458478,0.625454545454546,4.44089209850063e-16,0.00090081291198485,0.000390653309864764,-5.55111512312578e-16
5,16,ME,228,8,0.14653932334428,0.493616601046771,0.152431170880601,0.817045454545455,0.14653932334428,0.492204016654421,0.151805923534161,0.817045454545455,2.4980018054066e-16,0.00141258439235026,0.000625247346439539,-4.44089209850063e-16
6,16,ME,276,5,0.0694705677464298,0.465059278908609,0.138883299825712,0.677490774907749,0.0694705677464298,0.461096203356855,0.137101733540443,0.677490774907749,1.38777878078145e-17,0.00396307555175435,0.00178156628526929,1.11022302462516e-16
7,16,ME,561,257,0.622320050323158,0.682896559067679,0.244952213686789,0.643124104034405,0.622320050323158,0.681918513715047,0.244466259296513,0.643124104034405,2.22044604925031e-16,0.000978045352632018,0.000485954390275656,1.11022302462516e-16
8,16,ME,320,157,0.546521562334421,0.723626304108282,0.264304964806238,0.558047751162518,0.546521562334421,0.723934665119574,0.264410764209395,0.558047751162518,1.11022302462516e-16,-0.000308361011291836,-0.000105799403157192,0
9,16,ME,288,82,0.534064545668899,0.600523242756003,0.2047712726916,0.727563343594601,0.534064545668899,0.59976278937235,0.204424316111453,0.727563343594601,2.22044604925031e-16,0.00076045338365327,0.000346956580147356,0
10,16,ME,677,358,0.60951279599075,0.709744692659829,0.258127215496202,0.588982679812963,0.60951279599075,0.707898866258615,0.257213405461652,0.588982679812963,4.44089209850063e-16,0.00184582640121367,0.000913810034550211,0
11,16,ME,1193,375,0.350259612236911,0.672812666182924,0.239952715056455,0.516050529747351,0.350259612236911,0.673712104555657,0.240397745157377,0.516050529747351,4.44089209850063e-16,-0.000899438372733319,-0.000445030100922172,2.22044604925031e-16
12,16,ME,303,228,0.715818859221255,1.06459580712526,0.41604895339244,0.417017543859649,0.715818859221255,1.06876699810025,0.417493346648271,0.417017543859649,0,-0.00417119097499419,-0.00144439325583134,1.11022302462516e-16
13,16,ME,175,86,0.63835468867811,0.682110838365396,0.244578010175266,0.644107656127515,0.63835468867811,0.680796975946184,0.243924795215392,0.644107656127515,-4.44089209850063e-16,0.00131386241921216,0.00065321495987411,0
14,16,ME,177,28,0.292554678123871,0.615928424084975,0.211996714720773,0.601629913710451,0.292554678123871,0.618400722438184,0.213233840573084,0.601629913710451,2.22044604925031e-16,-0.00247229835320928,-0.00123712585231123,-4.44089209850063e-16
15,16,ME,627,384,0.669255585186163,0.814221759902761,0.306660428176279,0.564021776406036,0.669255585186163,0.814288706532725,0.306578091278746,0.564021776406036,4.44089209850063e-16,-6.6946629963649e-05,8.23368975328975e-05,-3.33066907387547e-16
17,16,ME,287,141,0.609694672081817,0.687293425437072,0.247074392697492,0.603711260079666,0.609694672081817,0.686165327851417,0.246511418891886,0.603711260079666,-1.11022302462516e-16,0.00112809758565502,0.000562973805606021,-2.22044604925031e-16
18,16,ME,432,230,0.594957228523913,0.709548304190613,0.258108646306298,0.557942315970728,0.594957228523913,0.70803868332774,0.257369102329719,0.557942315970728,1.11022302462516e-16,0.00150962086287287,0.000739543976579438,-4.44089209850063e-16
19,16,ME,323,172,0.681281213672649,0.716329207186326,0.26120273878326,0.623556137378716,0.681281213672649,0.715103785672504,0.26058315021586,0.623556137378716,-5.55111512312578e-16,0.00122542151382166,0.000619588567399687,-4.44089209850063e-16
1,16,ME2,112,22,0.379349309363493,0.556825804935062,0.183746871022406,0.714646464646465,0.379349309363493,0.556423573239536,0.183584400153156,0.714646464646465,3.33066907387547e-16,0.000402231695526112,0.000162470869249642,-3.33066907387547e-16
2,16,ME2,280,21,0.352545471617468,0.49296874557139,0.152806891318439,0.830299687442545,0.352545471617468,0.491282732588704,0.152078465671711,0.830299687442545,-3.88578058618805e-16,0.00168601298268617,0.000728425646727787,-4.44089209850063e-16
3,16,ME2,146,39,0.592728866204126,0.617771758491439,0.212876936130558,0.758686796069974,0.592728866204126,0.6184530143501,0.213230670529191,0.758686796069974,-5.55111512312578e-16,-0.000681255858660745,-0.000353734398633149,-3.33066907387547e-16
4,16,ME2,146,25,0.270445997467497,0.541402359481277,0.176393814433571,0.625454545454546,0.270445997467497,0.540584948625043,0.17604778020966,0.625454545454546,4.44089209850063e-16,0.000817410856234213,0.000346034223911468,-5.55111512312578e-16
5,16,ME2,228,8,0.14653932334428,0.508147689074984,0.159540177881952,0.817045454545455,0.14653932334428,0.507117749719337,0.159096491810122,0.817045454545455,2.4980018054066e-16,0.00102993935564677,0.000443686071829874,-4.44089209850063e-16
6,16,ME2,276,5,0.0694705677464298,0.705176348765767,0.255902167383833,0.677490774907749,0.0694705677464298,0.703641510717045,0.255132505284508,0.677490774907749,1.38777878078145e-17,0.00153483804872179,0.000769662099324997,1.11022302462516e-16
7,16,ME2,561,257,0.608177728486679,0.678542184661298,0.242802076490312,0.63897706328077,0.608737917037293,0.677741097182295,0.242403290295357,0.639169055908253,-0.00056018855061446,0.000801087479003093,0.000398786194954648,-0.00019199262748304
8,16,ME2,320,157,0.544941808378652,0.718130089139156,0.261603306968895,0.556406549177445,0.544987720680913,0.718399054665175,0.26169087372583,0.556484701652925,-4.59123022605867e-05,-0.000268965526019405,-8.75667569347205e-05,-7.81524754798202e-05
9,16,ME2,288,82,0.534064545668899,0.594709630122315,0.20213792440724,0.727563343594601,0.534064545668899,0.593989620109714,0.201820033759654,0.727563343594601,2.22044604925031e-16,0.000720010012601025,0.00031789064758625,0
10,16,ME2,677,358,0.598958767223884,0.694627966488458,0.250743965726938,0.582467907742421,0.598961082098987,0.693238010245069,0.250058725714968,0.582485420570568,-2.31487510304884e-06,0.00138995624338911,0.00068524001196979,-1.75128281466597e-05
11,16,ME2,1193,375,0.366148095654192,0.662428903256578,0.235011246305861,0.548947025264874,0.366174653072298,0.662804401793566,0.23520602674111,0.549132844335778,-2.65574181057549e-05,-0.00037549853698815,-0.000194780435249342,-0.000185819070904314
12,16,ME2,303,228,0.715818859221255,1.05179595740868,0.411001736240938,0.417017543859649,0.715818859221255,1.0527365246882,0.411194576525907,0.417017543859649,0,-0.000940567279524851,-0.000192840284969409,1.11022302462516e-16
13,16,ME2,175,86,0.63835468867811,0.701681656137652,0.254101381815852,0.644107656127515,0.63835468867811,0.70065417854977,0.253594132859692,0.644107656127515,-4.44089209850063e-16,0.00102747758788169,0.000507248956160222,0
14,16,ME2,177,28,0.292554678123871,0.585314048464917,0.197401629800309,0.601629913710451,0.292554678123871,0.586498528534607,0.198015014246776,0.601629913710451,2.22044604925031e-16,-0.0011844800696903,-0.000613384446466858,-4.44089209850063e-16
15,16,ME2,627,384,0.643279769719375,0.842897604325863,0.318807524094756,0.515528549382716,0.643564451934811,0.843331656820639,0.318885310967372,0.516160836762689,-0.000284682215436205,-0.000434052494776349,-7.77868726161701e-05,-0.000632287379972896
17,16,ME2,287,141,0.609694672081817,0.68574036461299,0.246251089384484,0.603711260079666,0.609694672081817,0.68488295033684,0.245820605709397,0.603711260079666,-1.11022302462516e-16,0.00085741427615027,0.000430483675087023,-2.22044604925031e-16
18,16,ME2,432,230,0.594957228523913,0.774969601357363,0.288117263364077,0.557942315970728,0.594957228523913,0.774006721419936,0.287649119665135,0.557942315970728,1.11022302462516e-16,0.000962879937426497,0.000468143698941548,-4.44089209850063e-16
19,16,ME2,323,172,0.681281213672649,0.722368560528521,0.263834870617793,0.623556137378716,0.681281213672649,0.721568397251319,0.263409554268042,0.623556137378716,-5.55111512312578e-16,0.000800163277201782,0.000425316349750737,-4.44089209850063e-16
1,16,ME_P,112,22,0.760721895559613,0.492816132546588,0.161365227287342,0.871717171717172,0.756541260671696,0.508862951014907,0.168929663480133,0.867676767676768,0.00418063488791698,-0.0160468184683194,-0.00756443619279093,0.00404040404040362
2,16,ME_P,280,21,0.664532919145925,0.482609841295616,0.155978609974261,0.919838205552491,0.662189103945433,0.491659150396886,0.160622837328073,0.92388306674021,0.00234381520049187,-0.00904930910127,-0.00464422735381218,-0.00404486118771874
3,16,ME_P,146,39,0.634087568239436,0.570154616906802,0.194195647825042,0.800623052959502,0.637367803369133,0.591494652945118,0.203226191025108,0.806853582554517,-0.00328023512969677,-0.0213400360383161,-0.0090305432000658,-0.00623052959501547
4,16,ME_P,146,25,0.51784648188748,0.524524628945876,0.175604157188417,0.770578512396694,0.522462982469667,0.546116454535335,0.185514465042654,0.775206611570248,-0.00461650058218754,-0.0215918255894589,-0.00991030785423716,-0.00462809917355378
5,16,ME_P,228,8,0.311602368220015,0.523529988114538,0.174766640180617,0.801136363636364,0.310782340757036,0.555375279516176,0.189584020516142,0.805681818181818,0.000820027462979267,-0.0318452914016379,-0.0148173803355255,-0.00454545454545441
6,16,ME_P,276,5,0.0467341915617778,0.536137204813078,0.180586684885987,0.718081180811808,0.0486234180549762,0.568377411539884,0.194662216158458,0.719557195571956,-0.00188922649319843,-0.0322402067268063,-0.0140755312724707,-0.0014760147601478
7,16,ME_P,561,257,0.822725200859455,0.555307576843356,0.186234190003967,0.822086831865656,0.822408560812974,0.545021957546932,0.181782846085472,0.824352344869957,0.000316640046480909,0.0102856192964238,0.00445134391849453,-0.00226551300430067
8,16,ME_P,320,157,0.822859295510444,0.580731082113301,0.196544192775055,0.800750263764605,0.821638018584694,0.575740355172383,0.194339120457988,0.796569106326443,0.00122127692574947,0.00499072694091762,0.00220507231706679,0.00418115743816183
9,16,ME_P,288,82,0.631030369703962,0.515337612388038,0.168411678774754,0.785046175704476,0.646098737686954,0.515205835639023,0.16870867908056,0.794873312810798,-0.0150683679829925,0.0001317767490151,-0.00029700030580615,-0.00982713710632244
10,16,ME_P,677,358,0.926469082426692,0.500921753932997,0.163173318953185,0.922505735451218,0.926074694130088,0.485354187957101,0.15620999844456,0.922251799443092,0.00039438829660432,0.0155675659758963,0.00696332050862494,0.000253936008126066
11,16,ME_P,1193,375,0.563161667355559,0.613381477601668,0.212557444619581,0.714740016299919,0.565185572253852,0.617602649693974,0.214256996406054,0.713220863895681,-0.00202390489829318,-0.00422117209230588,-0.0016995517864731,0.0015191524042375
12,16,ME_P,303,228,0.915622412009728,0.994108509243198,0.361739359499153,0.77046783625731,0.914536113686531,0.992882047418664,0.359573026389496,0.767076023391813,0.00108629832319751,0.00122646182453445,0.00216633310965658,0.00339181286549695
13,16,ME_P,175,86,0.843699452583062,0.4959116022787,0.162153226261913,0.870917167494121,0.853248456413857,0.486345049964339,0.158073574935433,0.877711000783904,-0.00954900383079471,0.00956655231436088,0.00407965132648014,-0.00679383328978322
14,16,ME_P,177,28,0.663815029616752,0.520926721296634,0.172994009565958,0.910354745925216,0.664776908094356,0.523539779084723,0.174492126200586,0.912032598274209,-0.000961878477603983,-0.00261305778808874,-0.0014981166346279,-0.00167785234899331
15,16,ME_P,627,384,0.883586436454386,0.712892532816228,0.254843975337807,0.819562328532236,0.880395830327317,0.714422671215809,0.254759841038867,0.815554269547325,0.00319060612706856,-0.00153013839958149,8.41342989403304e-05,0.00400805898491097
17,16,ME_P,287,141,0.912032668837462,0.490767929982447,0.158157875775126,0.909404449625959,0.915368394369211,0.488718009321256,0.156924670941088,0.911007480812203,-0.0033357255317491,0.00204992066119081,0.00123320483403758,-0.00160303118624361
18,16,ME_P,432,230,0.903531157539079,0.530339994862644,0.176222076004709,0.889324149806285,0.901664370465652,0.530053269908332,0.175932241519331,0.887171760654326,0.00186678707342713,0.000286724954312034,0.000289834485377977,0.00215238915195892
19,16,ME_P,323,172,0.857789670755451,0.59902589554355,0.205063775467819,0.820421992915447,0.862206266999923,0.593684127782039,0.202973256543068,0.825773910365009,-0.00441659624447244,0.00534176776151096,0.00209051892475057,-0.00535191744956165
1,16,ME2P,112,22,0.758862082115614,0.47692527764491,0.154505476973237,0.87020202020202,0.752996257301478,0.49158537338009,0.161519377395368,0.865151515151515,0.00586582481413567,-0.0146600957351801,-0.00701390042213121,0.00505050505050519
2,16,ME2P,280,21,0.667468043032406,0.458600531362511,0.145543054348729,0.923699209413495,0.666659952205726,0.46765464740917,0.150249726393829,0.927376355947785,0.000808090826679542,-0.00905411604665862,-0.00470667204509961,-0.00367714653428985
3,16,ME2P,146,39,0.62249184877275,0.580630694864365,0.198318947102855,0.801821231727774,0.622881023257221,0.602599537877383,0.207323076786502,0.807093218308172,-0.000389174484471178,-0.0219688430130175,-0.00900412968364656,-0.00527198658039829
4,16,ME2P,146,25,0.524986667508719,0.52076669964245,0.173806885458799,0.772561983471074,0.532762714618409,0.542275066862308,0.18365210426285,0.778512396694215,-0.00777604710968971,-0.0215083672198577,-0.00984521880405123,-0.00595041322314061
5,16,ME2P,228,8,0.293845639642618,0.538451808406737,0.181023129608851,0.805113636363636,0.290435885707201,0.570063811692634,0.195424565406249,0.810795454545455,0.00340975393541731,-0.0316120032858974,-0.0144014357973979,-0.00568181818181868
6,16,ME2P,276,5,0.0494407282359682,0.813729986684669,0.294124971212623,0.712915129151292,0.0513741718257847,0.837213590922828,0.300048782287087,0.718819188191882,-0.00193344358981646,-0.0234836042381585,-0.00592381107446394,-0.00590405904059044
7,16,ME2P,561,257,0.824485726155836,0.55034618693039,0.18414612371296,0.824761929141921,0.824259837328525,0.541655543754828,0.180382128693697,0.826323469178784,0.000225888827310561,0.00869064317556234,0.00376399501926344,-0.00156154003686304
8,16,ME2P,320,157,0.822721138710909,0.574531836336625,0.194121976737353,0.800515806338166,0.821353721207088,0.571504422505245,0.192837781899433,0.796061115235825,0.00136741750382041,0.00302741383138028,0.00128419483792019,0.00445469110234076
9,16,ME2P,288,82,0.640373404072533,0.509638377014924,0.166126537458892,0.792268529481411,0.653635153532495,0.510822465365798,0.166902240823523,0.801326071513142,-0.0132617494599618,-0.00118408835087447,-0.000775703364630648,-0.00905754203173059
10,16,ME2P,677,358,0.922060128154063,0.487200175672874,0.15619044491934,0.918337682352323,0.92328863847133,0.477140656414924,0.151993094009755,0.919633631635173,-0.00122851031726712,0.01005951925795,0.00419735090958456,-0.00129594928284993
11,16,ME2P,1193,375,0.569018236693216,0.607498812147716,0.209970801826145,0.719385493072535,0.570714994827432,0.610782485739556,0.211265459447364,0.718531377343113,-0.00169675813421566,-0.00328367359183968,-0.00129465762121936,0.000854115729421623
12,16,ME2P,303,228,0.916237756769014,1.02102250447084,0.371114942191525,0.771988304093567,0.915223843255688,1.062026365068,0.382799756600106,0.769239766081871,0.00101391351332647,-0.0410038605971561,-0.0116848144085809,0.00274853801169628
13,16,ME2P,175,86,0.848746975539363,0.51664288875387,0.173611985848041,0.875359289260518,0.857165593406358,0.500973035768053,0.16608553577356,0.880324013587667,-0.00841861786699472,0.0156698529858167,0.00752645007448102,-0.00496472432714956
14,16,ME2P,177,28,0.666029653986631,0.490677280755207,0.160033230330589,0.909156279961649,0.667655037442792,0.503947727278529,0.166110172343629,0.910834132310642,-0.00162538345616115,-0.0132704465233217,-0.00607694201304038,-0.00167785234899298
15,16,ME2P,627,384,0.869504520672664,0.747254621231401,0.267230113903122,0.79678926611797,0.870565831044925,0.742242873269687,0.264927354342677,0.799479166666667,-0.00106131037226076,0.00501174796171444,0.00230275956044501,-0.00268990054869711
17,16,ME2P,287,141,0.912678620945659,0.489883407752148,0.157958783363804,0.908287185465851,0.916270872718946,0.488885357210821,0.157109386395513,0.911007480812203,-0.00359225177328681,0.000998050541326789,0.000849396968290506,-0.00272029534635232
18,16,ME2P,432,230,0.901728317091047,0.6056044862142,0.211943966622096,0.887128712871287,0.898899356641353,0.600100011216948,0.20927654936294,0.884718037021093,0.00282896044969405,0.00550447499725149,0.0026674172591557,0.00241067585019417
19,16,ME2P,323,172,0.859666599539019,0.606116102751637,0.20831464984619,0.823579239180656,0.863714427276751,0.600109836163424,0.205949044567452,0.829085168643154,-0.00404782773773238,0.00600626658821268,0.00236560527873803,-0.00550592946249784
1,17,M0,112,22,0.196428571428571,0.591408437720232,0.199736103980944,0.5,0.196428571428571,0.59476012459852,0.201348944547837,0.5,4.16333634234434e-16,-0.0033516868782878,-0.00161284056689287,0
2,17,M0,280,21,0.075,0.557948468703837,0.183061437499333,0.5,0.075,0.562856131045747,0.185442551013687,0.5,0,-0.00490766234190987,-0.00238111351435363,0
3,17,M0,146,39,0.267123287671233,0.619451220960011,0.213576577338723,0.5,0.267123287671233,0.621673150969817,0.214645337188004,0.5,-1.11022302462516e-16,-0.00222193000980564,-0.00106875984928145,0
4,17,M0,146,25,0.171232876712329,0.582925959398908,0.195530315683774,0.5,0.171232876712329,0.586656681377199,0.19732792739409,0.5,-2.4980018054066e-16,-0.00373072197829083,-0.00179761171031595,0
5,17,M0,228,8,0.0350877192982456,0.541675902271804,0.17503158583425,0.5,0.0350877192982456,0.547196568051153,0.177707554500243,0.5,1.38777878078145e-17,-0.00552066577934873,-0.00267596866599318,0
6,17,M0,276,5,0.0181159420289855,0.541539745318485,0.174904933760193,0.5,0.0181159420289855,0.547122442672379,0.17761786620828,0.5,6.93889390390723e-18,-0.00558269735389383,-0.00271293244808749,0
7,17,M0,561,257,0.458110516934046,0.698709135527364,0.252643543595773,0.5,0.458110516934046,0.697471039960059,0.252052285471729,0.5,3.88578058618805e-16,0.00123809556730536,0.000591258124044314,0
8,17,M0,320,157,0.490625,0.712633556222794,0.259501411808702,0.5,0.490625,0.710869082160444,0.258658173147009,0.5,0,0.00176447406234947,0.000843238661692558,0
9,17,M0,288,82,0.284722222222222,0.627640304144324,0.217602694454651,0.5,0.284722222222222,0.629600156384745,0.21854708861997,0.5,2.22044604925031e-16,-0.00195985224042061,-0.000944394165319273,0
10,17,M0,677,358,0.528803545051699,0.735545394300055,0.270668840049903,0.5,0.528803545051699,0.732404609655295,0.269181907043285,0.5,-3.33066907387547e-16,0.00314078464476031,0.00148693300661834,0
11,17,M0,1193,375,0.314333612740989,0.644654513963802,0.225948270272339,0.5,0.314333612740989,0.646309322118626,0.226753611420743,0.5,1.11022302462516e-16,-0.00165480815482355,-0.000805341148404415,0
12,17,M0,303,228,0.752475247524752,0.846285428620982,0.32493596080364,0.5,0.752475247524752,0.838524762619821,0.321269775463568,0.5,4.44089209850063e-16,0.00776066600116065,0.00366618534007157,0
13,17,M0,175,86,0.491428571428572,0.712068861026946,0.259236976838228,0.5,0.491428571428572,0.710409150802034,0.258442324719295,0.5,-5.55111512312578e-16,0.00165971022491185,0.000794652118933037,0
14,17,M0,177,28,0.15819209039548,0.579329535136794,0.19373614258884,0.5,0.15819209039548,0.583238574015162,0.195621871820536,0.5,2.4980018054066e-16,-0.00390903887836835,-0.00188572923169605,0
15,17,M0,627,384,0.61244019138756,0.783419355450299,0.294000086096219,0.5,0.61244019138756,0.777929016289496,0.291420610714475,0.5,-2.22044604925031e-16,0.00549033916080299,0.00257947538174419,0
16,17,M0,193,90,0.466321243523316,0.701210301256508,0.253890710426865,0.5,0.466321243523316,0.700004150686475,0.253312977329909,0.5,5.55111512312578e-17,0.00120615057003337,0.000577733096956246,0
18,17,M0,432,230,0.532407407407407,0.733726084635274,0.269836828005844,0.5,0.532407407407407,0.730916804952054,0.268499911381838,0.5,4.44089209850063e-16,0.00280927968322031,0.0013369166240057,0
19,17,M0,323,172,0.532507739938081,0.732226436268974,0.269124588589658,0.5,0.532507739938081,0.729584045754148,0.267864262533819,0.5,-4.44089209850063e-16,0.00264239051482618,0.00126032605583887,0
1,17,MP,112,22,0.75729893507167,0.521093690119319,0.176147319335172,0.863888888888889,0.760214831257374,0.526578558308318,0.179012648370709,0.869444444444445,-0.00291589618570354,-0.00548486818899863,-0.00286532903553724,-0.00555555555555609
2,17,MP,280,21,0.598574376162473,0.526681421943251,0.177833754678981,0.904945762088619,0.618967467720808,0.530761573324404,0.180152846459861,0.909450266593124,-0.0203930915583347,-0.00408015138115325,-0.00231909178088011,-0.00450450450450479
3,17,MP,146,39,0.637138675590433,0.599672719111451,0.206299608158497,0.794272705487659,0.634921249570518,0.60885899698863,0.209979844859851,0.790678169182842,0.00221742601991459,-0.00918627787717863,-0.00368023670135406,0.00359453630481676
4,17,MP,146,25,0.507844882389941,0.58393357375296,0.202065947830454,0.769752066115703,0.507072153692925,0.590105149151892,0.204734924557639,0.768595041322314,0.000772728697015723,-0.00617157539893187,-0.00266897672718533,0.00115702479338842
5,17,MP,228,8,0.292747878725482,0.602362419442347,0.209768803348135,0.792613636363636,0.292081554191196,0.614748611284955,0.215313284783294,0.790056818181818,0.000666324534286333,-0.0123861918426077,-0.00554448143515868,0.0025568181818183
6,17,MP,276,5,0.0442812084824195,0.634076595715824,0.216399259201438,0.718450184501845,0.0445351791264003,0.645505496730541,0.221390882791666,0.721033210332103,-0.000253970643980826,-0.0114289010147167,-0.00499162359022812,-0.00258302583025793
7,17,MP,561,257,0.806892107909212,0.546619999152032,0.18165689550882,0.811277646938358,0.809641730255759,0.543535576692664,0.180027778653934,0.812634394839238,-0.00274962234654719,0.00308442245936791,0.00162911685488615,-0.00135674790088047
8,17,MP,320,157,0.812559305089622,0.575553575539571,0.191400257302966,0.785959907780079,0.816005108355322,0.567939233434807,0.188962877424044,0.791430581063655,-0.00344580326569965,0.00761434210476431,0.00243737987892154,-0.00547067328357609
9,17,MP,288,82,0.62839918295258,0.54151000031911,0.179432923095722,0.771104664930144,0.630780549548471,0.542515776736445,0.179919264453227,0.775455837082643,-0.00238136659589139,-0.00100577641733501,-0.000486341357504833,-0.00435117215249858
10,17,MP,677,358,0.918783593672165,0.468243208541103,0.150669297411935,0.917295669077599,0.921148186153207,0.457852184983101,0.145889675587365,0.918928740302271,-0.00236459248104193,0.0103910235580023,0.00477962182456962,-0.00163307122467171
11,17,MP,1193,375,0.557029379737188,0.609011727171417,0.209908251952154,0.719718011409943,0.556786508886677,0.612091531791435,0.211281295622712,0.721066014669927,0.000242870850511445,-0.003079804620018,-0.00137304367055757,-0.00134800325998408
12,17,MP,303,228,0.920719437224227,0.832064860740865,0.292772458097702,0.790672514619883,0.921265319834541,0.827472610090691,0.289478325240095,0.791023391812866,-0.000545882610313964,0.00459225065017399,0.00329413285760727,-0.000350877192982879
13,17,MP,175,86,0.843484685905774,0.478408504619046,0.156713299392114,0.870067938332898,0.842616443006938,0.474984934236286,0.155333547580898,0.868630781290828,0.000868242898836358,0.00342357038275948,0.00137975181121594,0.00143715704206981
14,17,MP,177,28,0.677810310296187,0.525736109520459,0.176931763659998,0.919463087248322,0.675545566033652,0.533620992501976,0.180645434912642,0.919103547459252,0.00226474426253487,-0.00788488298151691,-0.00371367125264416,0.000359539789070107
15,17,MP,627,384,0.864968942168672,0.682877247924799,0.238679551959673,0.801252786351166,0.875118076715491,0.668298079394011,0.232117472868872,0.815725737311385,-0.010149134546819,0.0145791685307882,0.00656207909080087,-0.0144729509602189
16,17,MP,193,90,0.77455242012086,0.581553588827919,0.193738644001738,0.772222222222222,0.778268195285482,0.579335039004122,0.192355742983181,0.775728155339806,-0.00371577516462185,0.00221854982379743,0.00138290101855743,-0.00350593311758374
18,17,MP,432,230,0.899653292360581,0.51224863867635,0.169705707844625,0.886224709427465,0.901948090038083,0.5031924618743,0.165606420245448,0.888570813603099,-0.00229479767750163,0.00905617680205029,0.00409928759917655,-0.00234610417563452
19,17,MP,323,172,0.84657410121601,0.589672498351846,0.199687995234413,0.813010164792854,0.854340229869587,0.583236574485018,0.196421938838919,0.817476513168027,-0.00776612865357729,0.00643592386682779,0.00326605639549407,-0.00446634837517323
1,17,MP_cal,112,22,0.75729893507167,0.498409981140848,0.163242181091637,0.863888888888889,0.760214831257374,0.513108551569847,0.170773989649966,0.869444444444445,-0.00291589618570354,-0.0146985704289992,-0.00753180855832861,-0.00555555555555609
2,17,MP_cal,280,21,0.598574376162473,0.493169638603631,0.160248928142089,0.904945762088619,0.618967467720808,0.511680905613815,0.169587350867771,0.909450266593124,-0.0203930915583347,-0.0185112670101841,-0.00933842272568192,-0.00450450450450479
3,17,MP_cal,146,39,0.637138675590433,0.559919073907901,0.189924511278414,0.794272705487659,0.634921249570518,0.58711678440151,0.201776274601967,0.790678169182842,0.00221742601991459,-0.0271977104936086,-0.0118517633235528,0.00359453630481676
4,17,MP_cal,146,25,0.507844882389941,0.541608669030612,0.182905472735473,0.769752066115703,0.507072153692925,0.570252950753273,0.19617228859426,0.768595041322314,0.000772728697015723,-0.0286442817226614,-0.0132668158587871,0.00115702479338842
5,17,MP_cal,228,8,0.292747878725482,0.537318533709475,0.180592593141315,0.792613636363636,0.292081554191196,0.582861580946596,0.201778057726393,0.790056818181818,0.000666324534286333,-0.0455430472371214,-0.0211854645850779,0.0025568181818183
6,17,MP_cal,276,5,0.0442812084824195,0.55109571511071,0.186197202835487,0.718450184501845,0.0445351791264003,0.597036273300108,0.206477625348077,0.721033210332103,-0.000253970643980826,-0.0459405581893984,-0.0202804225125901,-0.00258302583025793
7,17,MP_cal,561,257,0.806892107909212,0.564724655426145,0.190345120405151,0.811277646938358,0.809641730255759,0.551470493160351,0.184188321873093,0.812634394839238,-0.00274962234654719,0.0132541622657941,0.00615679853205819,-0.00135674790088047
8,17,MP_cal,320,157,0.812559305089622,0.581929873521407,0.196650775487589,0.785959907780079,0.816005108355322,0.568814984527702,0.191254512960473,0.791430581063655,-0.00344580326569965,0.0131148889937046,0.00539626252711595,-0.00547067328357609
9,17,MP_cal,288,82,0.62839918295258,0.524159760768866,0.172110582133625,0.771104664930144,0.630780549548471,0.530644716146234,0.175303372839258,0.775455837082643,-0.00238136659589139,-0.00648495537736837,-0.00319279070563341,-0.00435117215249858
10,17,MP_cal,677,358,0.918783593672165,0.521251639670338,0.172371183851054,0.917295669077599,0.921148186153207,0.492782856236411,0.159491018648133,0.918928740302271,-0.00236459248104193,0.0284687834339272,0.0128801652029209,-0.00163307122467171
11,17,MP_cal,1193,375,0.557029379737188,0.589964935433597,0.202826197274099,0.719718011409943,0.556786508886677,0.597096532017347,0.206054193610353,0.721066014669927,0.000242870850511445,-0.00713159658375018,-0.00322799633625445,-0.00134800325998408
12,17,MP_cal,303,228,0.920719437224227,0.846533404741442,0.309351677512539,0.790672514619883,0.921265319834541,0.841754791973352,0.304909991105865,0.791023391812866,-0.000545882610313964,0.00477861276808977,0.00444168640667425,-0.000350877192982879
13,17,MP_cal,175,86,0.843484685905774,0.507363189070635,0.167293634567712,0.870067938332898,0.842616443006938,0.497069748390844,0.163249890341954,0.868630781290828,0.000868242898836358,0.0102934406797913,0.00404374422575787,0.00143715704206981
14,17,MP_cal,177,28,0.677810310296187,0.494977509250936,0.161329918000037,0.919463087248322,0.675545566033652,0.502499111494608,0.165933775225944,0.919103547459252,0.00226474426253487,-0.00752160224367221,-0.00460385722590709,0.000359539789070107
15,17,MP_cal,627,384,0.864968942168672,0.706196072739739,0.252594259281152,0.801252786351166,0.875118076715491,0.692868315326095,0.245717115929365,0.815725737311385,-0.010149134546819,0.0133277574136442,0.00687714335178738,-0.0144729509602189
16,17,MP_cal,193,90,0.77455242012086,0.578303029594749,0.195214811049255,0.772222222222222,0.778268195285482,0.572848608732251,0.192610539287929,0.775728155339806,-0.00371577516462185,0.00545442086249792,0.00260427176132597,-0.00350593311758374
18,17,MP_cal,432,230,0.899653292360581,0.55295363886999,0.186444030014155,0.886224709427465,0.901948090038083,0.536129899104109,0.178809491974435,0.888570813603099,-0.00229479767750163,0.0168237397658808,0.00763453803971959,-0.00234610417563452
19,17,MP_cal,323,172,0.84657410121601,0.608960832535657,0.209894978180942,0.813010164792854,0.854340229869587,0.59776293728645,0.204427678047874,0.817476513168027,-0.00776612865357729,0.011197895249207,0.00546730013306782,-0.00446634837517323
1,17,ME,112,22,0.379349309363493,0.57509650149765,0.192153893238637,0.714646464646465,0.379349309363493,0.576402401085563,0.19279129716684,0.714646464646465,3.33066907387547e-16,-0.0013058995879125,-0.000637403928203384,-3.33066907387547e-16
2,17,ME,280,21,0.352545471617468,0.521992559337342,0.166177664470457,0.830299687442545,0.352545471617468,0.52291730782217,0.166655053545391,0.830299687442545,-3.88578058618805e-16,-0.000924748484827709,-0.000477389074933887,-4.44089209850063e-16
3,17,ME,146,39,0.627640986501488,0.609442380479168,0.208712191721007,0.780254013898874,0.627640986501488,0.610935013062588,0.209442921752146,0.780254013898874,-3.33066907387547e-16,-0.00149263258342025,-0.000730730031138799,-3.33066907387547e-16
4,17,ME,146,25,0.270445997467497,0.543879320443708,0.17737226313015,0.625454545454546,0.270445997467497,0.544038083938858,0.177471926458478,0.625454545454546,4.44089209850063e-16,-0.000158763495149983,-9.96633283280035e-05,-5.55111512312578e-16
5,17,ME,228,8,0.14653932334428,0.49179046487407,0.15157102069729,0.817045454545455,0.14653932334428,0.492204016654421,0.151805923534161,0.817045454545455,2.4980018054066e-16,-0.000413551780351185,-0.000234902836870554,-4.44089209850063e-16
6,17,ME,276,5,0.0694705677464298,0.463512970936835,0.138162113969359,0.677490774907749,0.0694705677464298,0.461096203356855,0.137101733540443,0.677490774907749,1.38777878078145e-17,0.00241676757997972,0.00106038042891643,1.11022302462516e-16
7,17,ME,561,257,0.622320050323158,0.683505762301492,0.245250665286057,0.643124104034405,0.622320050323158,0.681918513715047,0.244466259296513,0.643124104034405,2.22044604925031e-16,0.00158724858644543,0.000784405989544323,1.11022302462516e-16
8,17,ME,320,157,0.546521562334421,0.724452896620429,0.264683900451507,0.558047751162518,0.546521562334421,0.723934665119574,0.264410764209395,0.558047751162518,1.11022302462516e-16,0.000518231500855171,0.00027313624211156,0
9,17,ME,288,82,0.534064545668899,0.599907725609563,0.204486987981001,0.727563343594601,0.534064545668899,0.59976278937235,0.204424316111453,0.727563343594601,2.22044604925031e-16,0.0001449362372129,6.26718695480311e-05,0
10,17,ME,677,358,0.60951279599075,0.710990250775781,0.258731135154988,0.588982679812963,0.60951279599075,0.707898866258615,0.257213405461652,0.588982679812963,4.44089209850063e-16,0.00309138451716562,0.00151772969333636,0
11,17,ME,1193,375,0.350259612236911,0.672336930323179,0.239717917562303,0.516050529747351,0.350259612236911,0.673712104555657,0.240397745157377,0.516050529747351,4.44089209850063e-16,-0.00137517423247824,-0.000679827595074345,2.22044604925031e-16
12,17,ME,303,228,0.715818859221255,1.06835740631302,0.417485679503884,0.417017543859649,0.715818859221255,1.06876699810025,0.417493346648271,0.417017543859649,0,-0.000409591787234209,-7.66714438715788e-06,1.11022302462516e-16
13,17,ME,175,86,0.63835468867811,0.682630205109405,0.244837685384356,0.644107656127515,0.63835468867811,0.680796975946184,0.243924795215392,0.644107656127515,-4.44089209850063e-16,0.00183322916322071,0.000912890168964203,0
14,17,ME,177,28,0.292554678123871,0.614247546377251,0.211175530723715,0.601629913710451,0.292554678123871,0.618400722438184,0.213233840573084,0.601629913710451,2.22044604925031e-16,-0.00415317606093324,-0.00205830984936886,-4.44089209850063e-16
15,17,ME,627,384,0.669255585186163,0.816313100046621,0.307587401167225,0.564021776406036,0.669255585186163,0.814288706532725,0.306578091278746,0.564021776406036,4.44089209850063e-16,0.00202439351389638,0.00100930988847914,-3.33066907387547e-16
16,17,ME,193,90,0.640295909123075,0.67160322874548,0.239403178326152,0.651887810140237,0.640295909123075,0.669980386717813,0.238594030734564,0.651887810140237,1.11022302462516e-16,0.00162284202766672,0.000809147591587678,3.33066907387547e-16
18,17,ME,432,230,0.594957228523913,0.710528397649038,0.258586455645637,0.557942315970728,0.594957228523913,0.70803868332774,0.257369102329719,0.557942315970728,1.11022302462516e-16,0.00248971432129796,0.00121735331591755,-4.44089209850063e-16
19,17,ME,323,172,0.681281213672649,0.717401183726816,0.261720493993135,0.623556137378716,0.681281213672649,0.715103785672504,0.26058315021586,0.623556137378716,-5.55111512312578e-16,0.00229739805431151,0.00113734377727537,-4.44089209850063e-16
1,17,ME2,112,22,0.379349309363493,0.555152714629438,0.182976606013646,0.714646464646465,0.379349309363493,0.556423573239536,0.183584400153156,0.714646464646465,3.33066907387547e-16,-0.00127085861009824,-0.000607794139510065,-3.33066907387547e-16
2,17,ME2,280,21,0.352545471617468,0.490412707712078,0.15162820308332,0.830299687442545,0.352545471617468,0.491282732588704,0.152078465671711,0.830299687442545,-3.88578058618805e-16,-0.000870024876625519,-0.000450262588391287,-4.44089209850063e-16
3,17,ME2,146,39,0.591254121315402,0.616447584297856,0.212233247902087,0.75796788880901,0.592728866204126,0.6184530143501,0.213230670529191,0.758686796069974,-0.0014747448887239,-0.00200543005224396,-0.000997422627104394,-0.000718907260963686
4,17,ME2,146,25,0.270445997467497,0.540017694943159,0.17575901831214,0.625454545454546,0.270445997467497,0.540584948625043,0.17604778020966,0.625454545454546,4.44089209850063e-16,-0.000567253681884039,-0.000288761897519835,-5.55111512312578e-16
5,17,ME2,228,8,0.14653932334428,0.505884619827176,0.158469673554741,0.817045454545455,0.14653932334428,0.507117749719337,0.159096491810122,0.817045454545455,2.4980018054066e-16,-0.0012331298921614,-0.000626818255381384,-4.44089209850063e-16
6,17,ME2,276,5,0.0694705677464298,0.70379991965663,0.25522232292709,0.677490774907749,0.0694705677464298,0.703641510717045,0.255132505284508,0.677490774907749,1.38777878078145e-17,0.000158408939584853,8.98176425823127e-05,1.11022302462516e-16
7,17,ME2,561,257,0.60745255195652,0.679159433859623,0.243103324443297,0.63852908048331,0.608737917037293,0.677741097182295,0.242403290295357,0.639169055908253,-0.00128536508077282,0.0014183366773276,0.00070003414794026,-0.00063997542494354
8,17,ME2,320,157,0.544963189609111,0.718961266566919,0.261980913548089,0.556523777890665,0.544987720680913,0.718399054665175,0.26169087372583,0.556484701652925,-2.45310718018921e-05,0.000562211901744436,0.000290039822259447,3.9076237739688e-05
9,17,ME2,288,82,0.534064545668899,0.593818734680388,0.201729316667028,0.727563343594601,0.534064545668899,0.593989620109714,0.201820033759654,0.727563343594601,2.22044604925031e-16,-0.00017088542932564,-9.07170926263134e-05,0
10,17,ME2,677,358,0.598548677457921,0.695353847024353,0.251096992713325,0.582354074359468,0.598961082098987,0.693238010245069,0.250058725714968,0.582485420570568,-0.000412404641065622,0.00211583677928362,0.00103826699835674,-0.00013134621109967
11,17,ME2,1193,375,0.366218088421529,0.661570707136821,0.234598265168608,0.549321923390383,0.366174653072298,0.662804401793566,0.23520602674111,0.549132844335778,4.34353492311801e-05,-0.00123369465674472,-0.000607761572501919,0.000189079054604968
12,17,ME2,303,228,0.715818859221255,1.05278988991847,0.411360549661414,0.417017543859649,0.715818859221255,1.0527365246882,0.411194576525907,0.417017543859649,0,5.33652302665555e-05,0.000165973135506481,1.11022302462516e-16
13,17,ME2,175,86,0.63835468867811,0.703504470691269,0.254968059392735,0.644107656127515,0.63835468867811,0.70065417854977,0.253594132859692,0.644107656127515,-4.44089209850063e-16,0.00285029214149879,0.0013739265330428,0
14,17,ME2,177,28,0.292554678123871,0.582848596918779,0.196222959358583,0.601629913710451,0.292554678123871,0.586498528534607,0.198015014246776,0.601629913710451,2.22044604925031e-16,-0.00364993161582849,-0.0017920548881929,-4.44089209850063e-16
15,17,ME2,627,384,0.642837337013497,0.846492341974318,0.320322705768777,0.514767661179698,0.643564451934811,0.843331656820639,0.318885310967372,0.516160836762689,-0.000727114921314054,0.00316068515367907,0.00143739480140476,-0.00139317558299079
16,17,ME2,193,90,0.640295909123075,0.665749109679505,0.236511311117119,0.651887810140237,0.640295909123075,0.664521088338737,0.235902506765947,0.651887810140237,1.11022302462516e-16,0.0012280213407676,0.00060880435117186,3.33066907387547e-16
18,17,ME2,432,230,0.594957228523913,0.779589488709014,0.29012699683703,0.557942315970728,0.594957228523913,0.774006721419936,0.287649119665135,0.557942315970728,1.11022302462516e-16,0.00558276728907825,0.00247787717189518,-4.44089209850063e-16
19,17,ME2,323,172,0.681281213672649,0.72395603061683,0.264583066538673,0.623556137378716,0.681281213672649,0.721568397251319,0.263409554268042,0.623556137378716,-5.55111512312578e-16,0.00238763336551051,0.00117351227063073,-4.44089209850063e-16
1,17,ME_P,112,22,0.755682839636861,0.495785793670251,0.162134585663294,0.864141414141414,0.756541260671696,0.508862951014907,0.168929663480133,0.867676767676768,-0.000858421034834911,-0.0130771573446557,-0.00679507781683894,-0.00353535353535395
2,17,ME_P,280,21,0.650323365576912,0.477282027196385,0.153080028235116,0.919102776245633,0.662189103945433,0.491659150396886,0.160622837328073,0.92388306674021,-0.011865738368521,-0.0143771232005009,-0.00754280909295693,-0.00478029049457662
3,17,ME_P,146,39,0.63878743646057,0.562683256674102,0.190796843593589,0.808770668583753,0.637367803369133,0.591494652945118,0.203226191025108,0.806853582554517,0.001419633091437,-0.0288113962710157,-0.0124293474315192,0.00191708602923568
4,17,ME_P,146,25,0.52185871003372,0.521219937415768,0.17370191277102,0.774214876033058,0.522462982469667,0.546116454535335,0.185514465042654,0.775206611570248,-0.000604272435947406,-0.024896517119567,-0.0118125522716344,-0.000991735537190119
5,17,ME_P,228,8,0.307847381376793,0.513702740803568,0.169908355681169,0.807386363636364,0.310782340757036,0.555375279516176,0.189584020516142,0.805681818181818,-0.00293495938024285,-0.041672538712608,-0.0196756648349731,0.00170454545454557
6,17,ME_P,276,5,0.0491783529474536,0.528488543923071,0.176551273370926,0.726937269372694,0.0486234180549762,0.568377411539884,0.194662216158458,0.719557195571956,0.000554934892477411,-0.0398888676168129,-0.0181109427875317,0.0073800738007378
7,17,ME_P,561,257,0.820491911770659,0.559127705276907,0.188234570805788,0.822867601884088,0.822408560812974,0.545021957546932,0.181782846085472,0.824352344869957,-0.00191664904231526,0.0141057477299745,0.00645172472031597,-0.00148474298586931
8,17,ME_P,320,157,0.819643141823252,0.588640694892588,0.199699987977199,0.791919034035403,0.821638018584694,0.575740355172383,0.194339120457988,0.796569106326443,-0.00199487676144183,0.012900339720205,0.00536086751921103,-0.00465007229103986
9,17,ME_P,288,82,0.64215278311111,0.511307792014207,0.166590786800002,0.790433341226616,0.646098737686954,0.515205835639023,0.16870867908056,0.794873312810798,-0.00394595457584368,-0.00389804362481583,-0.00211789228055753,-0.00443997158418186
10,17,ME_P,677,358,0.924668533694275,0.514421753900647,0.169178325548115,0.920973362988389,0.926074694130088,0.485354187957101,0.15620999844456,0.922251799443092,-0.0014061604358131,0.0290675659435456,0.0129683271035545,-0.00127843645470305
11,17,ME_P,1193,375,0.564258303615578,0.610521700407645,0.211313741209274,0.710841075794621,0.565185572253852,0.617602649693974,0.214256996406054,0.713220863895681,-0.000927268638274081,-0.00708094928632896,-0.00294325519678029,-0.00237978810105988
12,17,ME_P,303,228,0.913685571858722,0.994299543207586,0.364018637122477,0.764035087719298,0.914536113686531,0.992882047418664,0.359573026389496,0.767076023391813,-0.00085054182780886,0.00141749578892159,0.00444561073298128,-0.00304093567251473
13,17,ME_P,175,86,0.853230958388321,0.497208465942498,0.162261267586328,0.878756205905409,0.853248456413857,0.486345049964339,0.158073574935433,0.877711000783904,-1.74980255363e-05,0.0108634159781592,0.00418769265089472,0.00104520512150497
14,17,ME_P,177,28,0.664748660960462,0.515648205660954,0.169931194087056,0.912032598274209,0.664776908094356,0.523539779084723,0.174492126200586,0.912032598274209,-2.82471338935997e-05,-0.00789157342376912,-0.0045609321135299,0
15,17,ME_P,627,384,0.871090474633584,0.725018913369159,0.260617023240138,0.801922582304527,0.880395830327317,0.714422671215809,0.254759841038867,0.815554269547325,-0.00930535569373281,0.0105962421533499,0.00585718220127113,-0.0136316872427983
16,17,ME_P,193,90,0.788701562659945,0.564077255685882,0.189970778067004,0.787918015102481,0.791053707368294,0.559700332174447,0.187891187690379,0.789859762675297,-0.00235214470834877,0.00437692351143515,0.00207959037662484,-0.00194174757281584
18,17,ME_P,432,230,0.899541434973719,0.545195113730174,0.182718851262414,0.884718037021093,0.901664370465652,0.530053269908332,0.175932241519331,0.887171760654326,-0.00212293549193343,0.0151418438218424,0.00678660974308329,-0.0024537236332326
19,17,ME_P,323,172,0.856769547858828,0.603951382441847,0.20792458456632,0.822193131064223,0.862206266999923,0.593684127782039,0.202973256543068,0.825773910365009,-0.00543671914109534,0.0102672546598082,0.00495132802325246,-0.00358077930078604
1,17,ME2P,112,22,0.752873687727093,0.479600751914791,0.155138587226756,0.861111111111111,0.752996257301478,0.49158537338009,0.161519377395368,0.865151515151515,-0.000122569574385278,-0.0119846214652994,-0.00638079016861234,-0.00404040404040384
2,17,ME2P,280,21,0.655198309441074,0.452862921506714,0.14245674004341,0.923147637433352,0.666659952205726,0.46765464740917,0.150249726393829,0.927376355947785,-0.011461642764652,-0.0147917259024563,-0.00779298635041897,-0.00422871851443329
3,17,ME2P,146,39,0.624792553242733,0.573008133828301,0.194843733724132,0.808770668583753,0.622881023257221,0.602599537877383,0.207323076786502,0.807093218308172,0.00191152998551236,-0.0295914040490818,-0.0124793430623699,0.00167745027558064
4,17,ME2P,146,25,0.530179617511967,0.517184653778159,0.171806138749543,0.777190082644628,0.532762714618409,0.542275066862308,0.18365210426285,0.778512396694215,-0.00258309710644156,-0.0250904130841486,-0.011845965513307,-0.00132231404958694
5,17,ME2P,228,8,0.292965367965368,0.527783250932978,0.175808111006787,0.813068181818182,0.290435885707201,0.570063811692634,0.195424565406249,0.810795454545455,0.0025294822581669,-0.0422805607596556,-0.0196164543994624,0.00227272727272687
6,17,ME2P,276,5,0.0518407801664088,0.800963842893567,0.289179153065712,0.724723247232472,0.0513741718257847,0.837213590922828,0.300048782287087,0.718819188191882,0.00046660834062412,-0.0362497480292607,-0.0108696292213753,0.00590405904059033
7,17,ME2P,561,257,0.823269497887005,0.55426668153878,0.186167531018601,0.825888285889822,0.824259837328525,0.541655543754828,0.180382128693697,0.826323469178784,-0.000990339441520049,0.0126111377839516,0.00578540232490357,-0.000435183288962082
8,17,ME2P,320,157,0.818888612969601,0.582659171796017,0.197433056968585,0.791137509280607,0.821353721207088,0.571504422505245,0.192837781899433,0.796061115235825,-0.00246510823748758,0.0111547492907723,0.00459527506915219,-0.00492360595521857
9,17,ME2P,288,82,0.649890927359315,0.505364411281079,0.164159775270374,0.797241297655695,0.653635153532495,0.510822465365798,0.166902240823523,0.801326071513142,-0.00374422617317993,-0.00545805408471878,-0.0027424655531493,-0.00408477385744699
10,17,ME2P,677,358,0.919284276427068,0.500334407077495,0.16198444212455,0.915631950403671,0.92328863847133,0.477140656414924,0.151993094009755,0.919633631635173,-0.00400436204426191,0.0231937506625713,0.00999134811479455,-0.00400168123150224
11,17,ME2P,1193,375,0.570279561065004,0.604196407197504,0.208502478007332,0.715799511002445,0.570714994827432,0.610782485739556,0.211265459447364,0.718531377343113,-0.000435433762428494,-0.00658607854205207,-0.00276298144003218,-0.00273186634066802
12,17,ME2P,303,228,0.914112341828723,1.01704275094412,0.37206511640854,0.765321637426901,0.915223843255688,1.062026365068,0.382799756600106,0.769239766081871,-0.00111150142696514,-0.0449836141238849,-0.0107346401915663,-0.00391812865497032
13,17,ME2P,175,86,0.858081856266764,0.519734904774902,0.174665254668634,0.883198327671806,0.857165593406358,0.500973035768053,0.16608553577356,0.880324013587667,0.000916262860406247,0.0187618690068485,0.008579718895074,0.00287431408413863
14,17,ME2P,177,28,0.665417585132843,0.485083437823792,0.156770103027288,0.908676893576222,0.667655037442792,0.503947727278529,0.166110172343629,0.910834132310642,-0.00223745230994887,-0.0188642894547376,-0.00934006931634127,-0.00215723873441964
15,17,ME2P,627,384,0.855907884466182,0.760742842109834,0.273688987667026,0.777852794924554,0.870565831044925,0.742242873269687,0.264927354342677,0.799479166666667,-0.0146579465787434,0.0184999688401467,0.00876163332434887,-0.0216263717421128
16,17,ME2P,193,90,0.796564110860842,0.556449171762824,0.187116714885134,0.795469255663431,0.795718420039373,0.553979561609776,0.185803897229932,0.795145631067961,0.000845690821468681,0.0024696101530477,0.00131281765520233,0.000323624595469418
18,17,ME2P,432,230,0.897246109386424,0.62487940301127,0.220599459918052,0.882350408953939,0.898899356641353,0.600100011216948,0.20927654936294,0.884718037021093,-0.00165324725492932,0.0247793917943222,0.0113229105551116,-0.00236762806715407
19,17,ME2P,323,172,0.859372232678808,0.61143583808943,0.211381095507039,0.825812413368243,0.863714427276751,0.600109836163424,0.205949044567452,0.829085168643154,-0.00434219459794283,0.0113260019260064,0.00543205093958685,-0.00327275527491122
1,18,M0,112,22,0.196428571428571,0.587213055429182,0.197724661810614,0.5,0.196428571428571,0.59476012459852,0.201348944547837,0.5,4.16333634234434e-16,-0.00754706916933845,-0.00362428273722304,0
2,18,M0,280,21,0.075,0.551240260755204,0.179816624554102,0.5,0.075,0.562856131045747,0.185442551013687,0.5,0,-0.0116158702905435,-0.00562592645958468,0
3,18,M0,146,39,0.267123287671233,0.616711123687866,0.212263469436984,0.5,0.267123287671233,0.621673150969817,0.214645337188004,0.5,-1.11022302462516e-16,-0.00496202728195117,-0.00238186775102012,0
4,18,M0,146,25,0.171232876712329,0.578191046378363,0.193256981129352,0.5,0.171232876712329,0.586656681377199,0.19732792739409,0.5,-2.4980018054066e-16,-0.00846563499883557,-0.00407094626473761,0
5,18,M0,228,8,0.0350877192982456,0.534201464385962,0.171419810758542,0.5,0.0350877192982456,0.547196568051153,0.177707554500243,0.5,1.38777878078145e-17,-0.0129951036651907,-0.0062877437417008,0
6,18,M0,276,5,0.0181159420289855,0.533754069102273,0.171132420476994,0.5,0.0181159420289855,0.547122442672379,0.17761786620828,0.5,6.93889390390723e-18,-0.0133683735701057,-0.00648544573128604,0
7,18,M0,561,257,0.458110516934046,0.70033695806174,0.253417298983573,0.5,0.458110516934046,0.697471039960059,0.252052285471729,0.5,3.88578058618805e-16,0.00286591810168091,0.00136501351184432,0
8,18,M0,320,157,0.490625,0.71489601177496,0.260577876365194,0.5,0.490625,0.710869082160444,0.258658173147009,0.5,0,0.00402692961451578,0.00191970321818463,0
9,18,M0,288,82,0.284722222222222,0.625195756383502,0.216429030814914,0.5,0.284722222222222,0.629600156384745,0.21854708861997,0.5,2.22044604925031e-16,-0.00440440000124276,-0.00211805780505639,0
10,18,M0,677,358,0.528803545051699,0.739333087953154,0.272452077766306,0.5,0.528803545051699,0.732404609655295,0.269181907043285,0.5,-3.33066907387547e-16,0.00692847829785948,0.00327017072302133,0
11,18,M0,1193,375,0.314333612740989,0.64236584470143,0.224838083775553,0.5,0.314333612740989,0.646309322118626,0.226753611420743,0.5,1.11022302462516e-16,-0.00394347741719636,-0.00191552764518974,0
12,18,M0,303,228,0.752475247524752,0.855292795381573,0.329168150958389,0.5,0.752475247524752,0.838524762619821,0.321269775463568,0.5,4.44089209850063e-16,0.0167680327617521,0.00789837549482109,0
13,18,M0,175,86,0.491428571428572,0.714217795899198,0.260261608334897,0.5,0.491428571428572,0.710409150802034,0.258442324719295,0.5,-5.55111512312578e-16,0.00380864509716372,0.00181928361560235,0
14,18,M0,177,28,0.15819209039548,0.574310795631013,0.1913235272413,0.5,0.15819209039548,0.583238574015162,0.195621871820536,0.5,2.4980018054066e-16,-0.00892777838414882,-0.00429834457923556,0
15,18,M0,627,384,0.61244019138756,0.789722848120453,0.296943214591108,0.5,0.61244019138756,0.777929016289496,0.291420610714475,0.5,-2.22044604925031e-16,0.0117938318309566,0.005522603876633,0
16,18,M0,193,90,0.466321243523316,0.702804301556304,0.254651077497558,0.5,0.466321243523316,0.700004150686475,0.253312977329909,0.5,5.55111512312578e-17,0.00280015086982921,0.00133810016764913,0
17,18,M0,287,141,0.491289198606272,0.714967289603644,0.26061679479583,0.5,0.491289198606272,0.710970454130806,0.258710588767755,0.5,-2.22044604925031e-16,0.00399683547283825,0.00190620602807473,0
19,18,M0,323,172,0.532507739938081,0.735523977076247,0.270690205729806,0.5,0.532507739938081,0.729584045754148,0.267864262533819,0.5,-4.44089209850063e-16,0.0059399313220988,0.00282594319598706,0
1,18,MP,112,22,0.76380515296455,0.515535768820876,0.173972983040864,0.871717171717172,0.760214831257374,0.526578558308318,0.179012648370709,0.869444444444445,0.00359032170717566,-0.0110427894874422,-0.00503966532984462,0.00227272727272665
2,18,MP,280,21,0.619148080773863,0.519098271217523,0.174520727080468,0.907795550652694,0.618967467720808,0.530761573324404,0.180152846459861,0.909450266593124,0.000180613053055279,-0.011663302106881,-0.00563211937939315,-0.00165471594043054
3,18,MP,146,39,0.627524190508187,0.603221272505593,0.208058912354512,0.787203450754853,0.634921249570518,0.60885899698863,0.209979844859851,0.790678169182842,-0.00739705906233112,-0.00563772448303723,-0.00192093250533862,-0.0034747184279893
4,18,MP,146,25,0.515855396088435,0.574642759997945,0.198027856423322,0.772066115702479,0.507072153692925,0.590105149151892,0.204734924557639,0.768595041322314,0.0087832423955102,-0.015462389153947,-0.00670706813431729,0.00347107438016525
5,18,MP,228,8,0.29799745746602,0.596153913063282,0.207003713558525,0.784943181818182,0.292081554191196,0.614748611284955,0.215313284783294,0.790056818181818,0.00591590327482428,-0.0185946982216728,-0.0083095712247693,-0.00511363636363627
6,18,MP,276,5,0.0429952473148862,0.628118401955381,0.214232014220118,0.712177121771218,0.0445351791264003,0.645505496730541,0.221390882791666,0.721033210332103,-0.00153993181151409,-0.0173870947751597,-0.00715886857154796,-0.00885608856088527
7,18,MP,561,257,0.813040855679096,0.545462249497543,0.180957408824465,0.816615041982388,0.809641730255759,0.543535576692664,0.180027778653934,0.812634394839238,0.00339912542333731,0.00192667280487868,0.000929630170530604,0.00398064714314983
8,18,MP,320,157,0.810746293320405,0.572647125505677,0.191192875784724,0.787522957289672,0.816005108355322,0.567939233434807,0.188962877424044,0.791430581063655,-0.00525881503491688,0.00470789207087041,0.00222999836068025,-0.0039076237739829
9,18,MP,288,82,0.627925226882769,0.535332086057219,0.176876565335319,0.775959033862183,0.630780549548471,0.542515776736445,0.179919264453227,0.775455837082643,-0.00285532266570154,-0.00718369067922631,-0.00304269911790794,0.000503196779540249
10,18,MP,677,358,0.913161177064128,0.47827643652576,0.154944416510429,0.910237999334513,0.921148186153207,0.457852184983101,0.145889675587365,0.918928740302271,-0.0079870090890789,0.0204242515426585,0.00905474092306358,-0.00869074096775846
11,18,MP,1193,375,0.554639308696964,0.605481960355697,0.20855440256491,0.718883455582722,0.556786508886677,0.612091531791435,0.211281295622712,0.721066014669927,-0.00214720018971271,-0.00660957143573837,-0.00272689305780166,-0.00218255908720499
12,18,MP,303,228,0.917050501893628,0.844472645830583,0.297823143905229,0.783859649122807,0.921265319834541,0.827472610090691,0.289478325240095,0.791023391812866,-0.0042148179409135,0.0170000357398916,0.00834481866513448,-0.00716374269005893
13,18,MP,175,86,0.837970749011335,0.48520453091122,0.159627521817723,0.864776587405278,0.842616443006938,0.474984934236286,0.155333547580898,0.868630781290828,-0.00464569399560277,0.0102195966749339,0.00429397423682498,-0.00385419388554975
14,18,MP,177,28,0.680218148336064,0.517493548934666,0.173370314188913,0.920302013422819,0.675545566033652,0.533620992501976,0.180645434912642,0.919103547459252,0.00467258230241174,-0.0161274435673101,-0.00727512072372913,0.00119846596356676
15,18,MP,627,384,0.865524726675984,0.689331432832019,0.24071366566369,0.803803369341564,0.875118076715491,0.668298079394011,0.232117472868872,0.815725737311385,-0.00959335003950701,0.0210333534380077,0.00859619279481794,-0.0119223679698212
16,18,MP,193,90,0.782375649132121,0.576106100828244,0.1915259109221,0.778586839266451,0.778268195285482,0.579335039004122,0.192355742983181,0.775728155339806,0.00410745384663858,-0.00322893817587788,-0.000829832061081476,0.0028586839266449
17,18,MP,287,141,0.904613712513111,0.479203353964134,0.155123328819628,0.904959681336831,0.91014612933295,0.466104700375446,0.149272002347979,0.909963081706014,-0.00553241681983929,0.0130986535886876,0.00585132647164938,-0.00500340036918323
19,18,MP,323,172,0.844262542067693,0.597216306393364,0.202940214200567,0.807696750346527,0.854340229869587,0.583236574485018,0.196421938838919,0.817476513168027,-0.0100776878018944,0.0139797319083461,0.0065182753616482,-0.00977976282150006
1,18,MP_cal,112,22,0.76380515296455,0.491579821604553,0.160272625951108,0.871717171717172,0.760214831257374,0.513108551569847,0.170773989649966,0.869444444444445,0.00359032170717566,-0.0215287299652945,-0.010501363698858,0.00227272727272665
2,18,MP_cal,280,21,0.619148080773863,0.483524264280871,0.155814485654989,0.907795550652694,0.618967467720808,0.511680905613815,0.169587350867771,0.909450266593124,0.000180613053055279,-0.0281566413329442,-0.0137728652127824,-0.00165471594043054
3,18,MP_cal,146,39,0.627524190508187,0.561295275733497,0.190663987884853,0.787203450754853,0.634921249570518,0.58711678440151,0.201776274601967,0.790678169182842,-0.00739705906233112,-0.0258215086680127,-0.0111122867171143,-0.0034747184279893
4,18,MP_cal,146,25,0.515855396088435,0.531607012306045,0.178358680832095,0.772066115702479,0.507072153692925,0.570252950753273,0.19617228859426,0.768595041322314,0.0087832423955102,-0.0386459384472276,-0.0178136077621652,0.00347107438016525
5,18,MP_cal,228,8,0.29799745746602,0.527906161250011,0.176170212086788,0.784943181818182,0.292081554191196,0.582861580946596,0.201778057726393,0.790056818181818,0.00591590327482428,-0.0549554196965852,-0.0256078456396051,-0.00511363636363627
6,18,MP_cal,276,5,0.0429952473148862,0.54228832379688,0.182432963186193,0.712177121771218,0.0445351791264003,0.597036273300108,0.206477625348077,0.721033210332103,-0.00153993181151409,-0.0547479495032276,-0.0240446621618843,-0.00885608856088527
7,18,MP_cal,561,257,0.813040855679096,0.565202556128024,0.190470659434911,0.816615041982388,0.809641730255759,0.551470493160351,0.184188321873093,0.812634394839238,0.00339912542333731,0.0137320629676727,0.00628233756181776,0.00398064714314983
8,18,MP_cal,320,157,0.810746293320405,0.583408790221213,0.197488642474529,0.787522957289672,0.816005108355322,0.568814984527702,0.191254512960473,0.791430581063655,-0.00525881503491688,0.014593805693511,0.00623412951405647,-0.0039076237739829
9,18,MP_cal,288,82,0.627925226882769,0.519179339606338,0.169903575076162,0.775959033862183,0.630780549548471,0.530644716146234,0.175303372839258,0.775455837082643,-0.00285532266570154,-0.0114653765398957,-0.0053997977630959,0.000503196779540249
10,18,MP_cal,677,358,0.913161177064128,0.531592466957207,0.177245800200374,0.910237999334513,0.921148186153207,0.492782856236411,0.159491018648133,0.918928740302271,-0.0079870090890789,0.0388096107207959,0.0177547815522414,-0.00869074096775846
11,18,MP_cal,1193,375,0.554639308696964,0.587200927933334,0.201593316557768,0.718883455582722,0.556786508886677,0.597096532017347,0.206054193610353,0.721066014669927,-0.00214720018971271,-0.00989560408401269,-0.00446087705258494,-0.00218255908720499
12,18,MP_cal,303,228,0.917050501893628,0.859148593261949,0.314795829194372,0.783859649122807,0.921265319834541,0.841754791973352,0.304909991105865,0.791023391812866,-0.0042148179409135,0.0173938012885969,0.00988583808850674,-0.00716374269005893
13,18,MP_cal,175,86,0.837970749011335,0.516147750020654,0.171181960535346,0.864776587405278,0.842616443006938,0.497069748390844,0.163249890341954,0.868630781290828,-0.00464569399560277,0.0190780016298102,0.00793207019339187,-0.00385419388554975
14,18,MP_cal,177,28,0.680218148336064,0.487591958622669,0.157783845878024,0.920302013422819,0.675545566033652,0.502499111494608,0.165933775225944,0.919103547459252,0.00467258230241174,-0.0149071528719386,-0.00814992934792028,0.00119846596356676
15,18,MP_cal,627,384,0.865524726675984,0.712600694172362,0.255618465565424,0.803803369341564,0.875118076715491,0.692868315326095,0.245717115929365,0.815725737311385,-0.00959335003950701,0.0197323788462667,0.0099013496360594,-0.0119223679698212
16,18,MP_cal,193,90,0.782375649132121,0.575596399504391,0.193991068767466,0.778586839266451,0.778268195285482,0.572848608732251,0.192610539287929,0.775728155339806,0.00410745384663858,0.00274779077213994,0.00138052947953737,0.0028586839266449
17,18,MP_cal,287,141,0.904613712513111,0.519341384978989,0.171204024503335,0.904959681336831,0.91014612933295,0.495486239147011,0.16045109145637,0.909963081706014,-0.00553241681983929,0.0238551458319784,0.0107529330469645,-0.00500340036918323
19,18,MP_cal,323,172,0.844262542067693,0.617923232440356,0.213760245700209,0.807696750346527,0.854340229869587,0.59776293728645,0.204427678047874,0.817476513168027,-0.0100776878018944,0.0201602951539064,0.00933256765233531,-0.00977976282150006
1,18,ME,112,22,0.379349309363493,0.571636838544256,0.190514868589611,0.714646464646465,0.379349309363493,0.576402401085563,0.19279129716684,0.714646464646465,3.33066907387547e-16,-0.00476556254130744,-0.00227642857722912,-3.33066907387547e-16
2,18,ME,280,21,0.352545471617468,0.516989780157852,0.163799366727101,0.830299687442545,0.352545471617468,0.52291730782217,0.166655053545391,0.830299687442545,-3.88578058618805e-16,-0.0059275276643177,-0.00285568681829035,-4.44089209850063e-16
3,18,ME,146,39,0.627640986501488,0.60638697445568,0.207240682758505,0.780254013898874,0.627640986501488,0.610935013062588,0.209442921752146,0.780254013898874,-3.33066907387547e-16,-0.00454803860690756,-0.00220223899364075,-3.33066907387547e-16
4,18,ME,146,25,0.270445997467497,0.540999030393149,0.176038006524643,0.625454545454546,0.270445997467497,0.544038083938858,0.177471926458478,0.625454545454546,4.44089209850063e-16,-0.00303905354570955,-0.00143391993383477,-5.55111512312578e-16
5,18,ME,228,8,0.14653932334428,0.486622407215736,0.149134998508628,0.817045454545455,0.14653932334428,0.492204016654421,0.151805923534161,0.817045454545455,2.4980018054066e-16,-0.00558160943868519,-0.00267092502553296,-4.44089209850063e-16
6,18,ME,276,5,0.0694705677464298,0.459260466063043,0.136178662818224,0.677490774907749,0.0694705677464298,0.461096203356855,0.137101733540443,0.677490774907749,1.38777878078145e-17,-0.00183573729381248,-0.000923070722218922,1.11022302462516e-16
7,18,ME,561,257,0.622320050323158,0.685403221148396,0.24617813726397,0.643124104034405,0.622320050323158,0.681918513715047,0.244466259296513,0.643124104034405,2.22044604925031e-16,0.00348470743334861,0.00171187796745653,1.11022302462516e-16
8,18,ME,320,157,0.546521562334421,0.72678317410723,0.265757441860285,0.558047751162518,0.546521562334421,0.723934665119574,0.264410764209395,0.558047751162518,1.11022302462516e-16,0.00284850898765576,0.00134667765088975,0
9,18,ME,288,82,0.534064545668899,0.598306496899286,0.203750708621418,0.727563343594601,0.534064545668899,0.59976278937235,0.204424316111453,0.727563343594601,2.22044604925031e-16,-0.00145629247306411,-0.000673607490035033,0
10,18,ME,677,358,0.60951279599075,0.714631966250934,0.260493568327026,0.588982679812963,0.60951279599075,0.707898866258615,0.257213405461652,0.588982679812963,4.44089209850063e-16,0.00673309999231908,0.00328016286537364,0
11,18,ME,1193,375,0.350259612236911,0.668854845135987,0.237996993359782,0.516050529747351,0.350259612236911,0.673712104555657,0.240397745157377,0.516050529747351,4.44089209850063e-16,-0.00485725941966975,-0.00240075179759466,2.22044604925031e-16
12,18,ME,303,228,0.715818859221255,1.07606780266551,0.420506387267064,0.417017543859649,0.715818859221255,1.06876699810025,0.417493346648271,0.417017543859649,0,0.00730080456525761,0.00301304061879271,1.11022302462516e-16
13,18,ME,175,86,0.63835468867811,0.68443474013077,0.245737898422762,0.644107656127515,0.63835468867811,0.680796975946184,0.243924795215392,0.644107656127515,-4.44089209850063e-16,0.00363776418458572,0.00181310320736963,0
14,18,ME,177,28,0.292554678123871,0.608280389863787,0.208252591105907,0.601629913710451,0.292554678123871,0.618400722438184,0.213233840573084,0.601629913710451,2.22044604925031e-16,-0.0101203325743974,-0.00498124946717748,-4.44089209850063e-16
15,18,ME,627,384,0.669255585186163,0.822017071821354,0.310133131758006,0.564021776406036,0.669255585186163,0.814288706532725,0.306578091278746,0.564021776406036,4.44089209850063e-16,0.00772836528862864,0.00355504047925981,-3.33066907387547e-16
16,18,ME,193,90,0.640295909123075,0.673005366700641,0.240108109533011,0.651887810140237,0.640295909123075,0.669980386717813,0.238594030734564,0.651887810140237,1.11022302462516e-16,0.00302497998282847,0.00151407879844706,3.33066907387547e-16
17,18,ME,287,141,0.609694672081817,0.6896417524149,0.248234036988156,0.603711260079666,0.609694672081817,0.686165327851417,0.246511418891886,0.603711260079666,-1.11022302462516e-16,0.00347642456348274,0.00172261809626983,-2.22044604925031e-16
19,18,ME,323,172,0.681281213672649,0.720655270965069,0.263292027903901,0.623556137378716,0.681281213672649,0.715103785672504,0.26058315021586,0.623556137378716,-5.55111512312578e-16,0.00555148529256544,0.00270887768804118,-4.44089209850063e-16
1,18,ME2,112,22,0.379349309363493,0.538118114721972,0.175297681418788,0.714646464646465,0.379349309363493,0.556423573239536,0.183584400153156,0.714646464646465,3.33066907387547e-16,-0.0183054585175637,-0.00828671873436754,-3.33066907387547e-16
2,18,ME2,280,21,0.352545471617468,0.462123363202606,0.138857804371113,0.830299687442545,0.352545471617468,0.491282732588704,0.152078465671711,0.830299687442545,-3.88578058618805e-16,-0.0291593693860984,-0.0132206613005984,-4.44089209850063e-16
3,18,ME2,146,39,0.56421451383006,0.611778892691493,0.210034426421708,0.742631200575126,0.592728866204126,0.6184530143501,0.213230670529191,0.758686796069974,-0.0285143523740664,-0.00667412165860704,-0.00319624410748332,-0.0160555954948483
4,18,ME2,146,25,0.270445997467497,0.531613026141847,0.171984912705395,0.625454545454546,0.270445997467497,0.540584948625043,0.17604778020966,0.625454545454546,4.44089209850063e-16,-0.00897192248319567,-0.00406286750426532,-5.55111512312578e-16
5,18,ME2,228,8,0.14653932334428,0.499744375116546,0.155648628184858,0.817045454545455,0.14653932334428,0.507117749719337,0.159096491810122,0.817045454545455,2.4980018054066e-16,-0.00737337460279081,-0.0034478636252642,-4.44089209850063e-16
6,18,ME2,276,5,0.0694705677464298,0.815653061714909,0.310170671236626,0.677490774907749,0.0694705677464298,0.703641510717045,0.255132505284508,0.677490774907749,1.38777878078145e-17,0.112011550997864,0.0550381659521185,1.11022302462516e-16
7,18,ME2,561,257,0.593260937311539,0.682029824135874,0.244463825543548,0.62704792135982,0.608737917037293,0.677741097182295,0.242403290295357,0.639169055908253,-0.0154769797257543,0.00428872695357896,0.00206053524819114,-0.0121211345484332
8,18,ME2,320,157,0.545408046114286,0.720911893610337,0.262795716342967,0.556601930366144,0.544987720680913,0.718399054665175,0.26169087372583,0.556484701652925,0.00042032543337267,0.00251283894516186,0.00110484261713739,0.000117228713219397
9,18,ME2,288,82,0.534064545668899,0.587093106809985,0.198696313076696,0.727563343594601,0.534064545668899,0.593989620109714,0.201820033759654,0.727563343594601,2.22044604925031e-16,-0.00689651329972862,-0.00312372068295758,0
10,18,ME2,677,358,0.593142681872326,0.693057461125665,0.24996697253486,0.578746431761265,0.598961082098987,0.693238010245069,0.250058725714968,0.582485420570568,-0.00581840022666136,-0.000180549119404128,-9.17531801083726e-05,-0.00373898880930279
11,18,ME2,1193,375,0.372295713453039,0.647177457318859,0.227878043731074,0.564533007334963,0.366174653072298,0.662804401793566,0.23520602674111,0.549132844335778,0.00612106038074051,-0.0156269444747075,-0.00732798301003565,0.0154001629991853
12,18,ME2,303,228,0.715818859221255,0.999425435113761,0.389817001515495,0.417017543859649,0.715818859221255,1.0527365246882,0.411194576525907,0.417017543859649,0,-0.0533110895744386,-0.0213775750104117,1.11022302462516e-16
13,18,ME2,175,86,0.63835468867811,0.73567400052679,0.269654277215344,0.644107656127515,0.63835468867811,0.70065417854977,0.253594132859692,0.644107656127515,-4.44089209850063e-16,0.0350198219770197,0.0160601443556515,0
14,18,ME2,177,28,0.292554678123871,0.553612158233705,0.182464919876918,0.601629913710451,0.292554678123871,0.586498528534607,0.198015014246776,0.601629913710451,2.22044604925031e-16,-0.0328863703009018,-0.0155500943698582,-4.44089209850063e-16
15,18,ME2,627,384,0.624947872308114,0.884742393449989,0.335553423350761,0.488308041838134,0.643564451934811,0.843331656820639,0.318885310967372,0.516160836762689,-0.0186165796266975,0.0414107366293501,0.016668112383389,-0.0278527949245546
16,18,ME2,193,90,0.640295909123075,0.665971167162839,0.236640644322068,0.651887810140237,0.640295909123075,0.664521088338737,0.235902506765947,0.651887810140237,1.11022302462516e-16,0.00145007882410242,0.000738137556121315,3.33066907387547e-16
17,18,ME2,287,141,0.609694672081817,0.690920973703899,0.248721199600158,0.603711260079666,0.609694672081817,0.68488295033684,0.245820605709397,0.603711260079666,-1.11022302462516e-16,0.00603802336705928,0.00290059389076075,-2.22044604925031e-16
19,18,ME2,323,172,0.681281213672649,0.738159777825112,0.271071864943159,0.623556137378716,0.681281213672649,0.721568397251319,0.263409554268042,0.623556137378716,-5.55111512312578e-16,0.0165913805737932,0.00766231067511697,-4.44089209850063e-16
1,18,ME_P,112,22,0.758622225586165,0.489187451843374,0.159247650198132,0.869191919191919,0.756541260671696,0.508862951014907,0.168929663480133,0.867676767676768,0.00208096491446863,-0.0196754991715333,-0.00968201328200138,0.00151515151515114
2,18,ME_P,280,21,0.651701745480133,0.469355781794072,0.149376606390105,0.920022062879206,0.662189103945433,0.491659150396886,0.160622837328073,0.92388306674021,-0.0104873584653,-0.022303368602814,-0.0112462309379678,-0.0038610038610043
3,18,ME_P,146,39,0.632773175172515,0.56361689870391,0.191296571743411,0.803738317757009,0.637367803369133,0.591494652945118,0.203226191025108,0.806853582554517,-0.0045946281966176,-0.0278777542412083,-0.0119296192816969,-0.00311526479750768
4,18,ME_P,146,25,0.522075110703409,0.513195954394752,0.170054762781664,0.776528925619835,0.522462982469667,0.546116454535335,0.185514465042654,0.775206611570248,-0.00038787176625843,-0.0329205001405828,-0.0154597022609902,0.00132231404958671
5,18,ME_P,228,8,0.304271786266092,0.506426589529385,0.166450666321619,0.797159090909091,0.310782340757036,0.555375279516176,0.189584020516142,0.805681818181818,-0.0065105544909439,-0.0489486899867908,-0.0231333541945233,-0.00852272727272718
6,18,ME_P,276,5,0.045945538599771,0.523117242865038,0.174250534707466,0.712915129151292,0.0486234180549762,0.568377411539884,0.194662216158458,0.719557195571956,-0.00267787945520517,-0.045260168674846,-0.0204116814509916,-0.00664206642066445
7,18,ME_P,561,257,0.826504870240831,0.559849121623575,0.18840114753039,0.826374667212779,0.822408560812974,0.545021957546932,0.181782846085472,0.824352344869957,0.00409630942785666,0.0148271640766425,0.00661830144491843,0.00202232234282207
8,18,ME_P,320,157,0.816644008307962,0.590288391533071,0.200669696998434,0.794732523152671,0.821638018584694,0.575740355172383,0.194339120457988,0.796569106326443,-0.00499401027673241,0.0145480363606878,0.00633057654044639,-0.00183658317377211
9,18,ME_P,288,82,0.648514416238615,0.507082918116692,0.16470100803631,0.7954061094009,0.646098737686954,0.515205835639023,0.16870867908056,0.794873312810798,0.00241567855166103,-0.00812291752233152,-0.00400767104425026,0.000532796590101858
10,18,ME_P,677,358,0.918098484172597,0.52495646519356,0.174134045768015,0.913600462338663,0.926074694130088,0.485354187957101,0.15620999844456,0.922251799443092,-0.00797620995749093,0.0396022772364585,0.0179240473234548,-0.00865133710442889
11,18,ME_P,1193,375,0.563537786263653,0.606256750767806,0.209477438349069,0.710629176854116,0.565185572253852,0.617602649693974,0.214256996406054,0.713220863895681,-0.00164778599019944,-0.0113458989261682,-0.00477955805698532,-0.00259168704156521
12,18,ME_P,303,228,0.910389734112244,1.00401993922353,0.368110274847042,0.758654970760234,0.914536113686531,0.992882047418664,0.359573026389496,0.767076023391813,-0.0041463795742871,0.0111378918048618,0.00853724845754628,-0.00842105263157911
13,18,ME_P,175,86,0.846915720846477,0.506110293051358,0.166225827746792,0.873007577737131,0.853248456413857,0.486345049964339,0.158073574935433,0.877711000783904,-0.00633273556738012,0.019765243087019,0.00815225281135851,-0.00470342304677307
14,18,ME_P,177,28,0.677884352865452,0.507651379871913,0.16617905331606,0.912272291466922,0.664776908094356,0.523539779084723,0.174492126200586,0.912032598274209,0.0131074447710956,-0.0158883992128102,-0.00831307288452632,0.000239693192713331
15,18,ME_P,627,384,0.870914085740101,0.730967073821015,0.263532896222463,0.803883744855967,0.880395830327317,0.714422671215809,0.254759841038867,0.815554269547325,-0.00948174458721629,0.0165444026052058,0.00877305518359606,-0.011670524691358
16,18,ME_P,193,90,0.79612853552314,0.561840187309336,0.188825590127505,0.793527508090615,0.791053707368294,0.559700332174447,0.187891187690379,0.789859762675297,0.00507482815484606,0.00213985513488879,0.000934402437125947,0.00366774541531789
17,18,ME_P,287,141,0.91035091121611,0.510793816062081,0.166730335244728,0.906538424171767,0.915368394369211,0.488718009321256,0.156924670941088,0.911007480812203,-0.00501748315310113,0.0220758067408252,0.00980566430363972,-0.00446905664043573
19,18,ME_P,323,172,0.852783335922045,0.613041504516525,0.211889652073376,0.816417680579085,0.862206266999923,0.593684127782039,0.202973256543068,0.825773910365009,-0.00942293107787762,0.0193573767344858,0.00891639553030826,-0.00935622978592388
1,18,ME2P,112,22,0.760787400344149,0.454006237190335,0.144194291089319,0.868686868686869,0.752996257301478,0.49158537338009,0.161519377395368,0.865151515151515,0.00779114304267126,-0.0375791361897554,-0.0173250863060495,0.00353535353535372
2,18,ME2P,280,21,0.664200368024647,0.41481658992497,0.126022721046129,0.92719249862107,0.666659952205726,0.46765464740917,0.150249726393829,0.927376355947785,-0.00245958418107894,-0.0528380574841995,-0.0242270053476999,-0.000183857326714998
3,18,ME2P,146,39,0.605805892565592,0.57588311980483,0.195929661837468,0.802540138988737,0.622881023257221,0.602599537877383,0.207323076786502,0.807093218308172,-0.0170751306916294,-0.0267164180725527,-0.0113934149490336,-0.00455307931943494
4,18,ME2P,146,25,0.530394901726966,0.502590722182605,0.165424793025055,0.778512396694215,0.532762714618409,0.542275066862308,0.18365210426285,0.778512396694215,-0.00236781289144261,-0.0396843446797026,-0.0182273112377948,-1.11022302462516e-16
5,18,ME2P,228,8,0.282319255947305,0.523211806465691,0.173589343768863,0.808522727272727,0.290435885707201,0.570063811692634,0.195424565406249,0.810795454545455,-0.0081166297598963,-0.0468520052269431,-0.0218352216373857,-0.00227272727272776
6,18,ME2P,276,5,0.0510433619638703,0.969630917422802,0.355012327275126,0.714391143911439,0.0513741718257847,0.837213590922828,0.300048782287087,0.718819188191882,-0.000330809861914361,0.132417326499974,0.0549635449880385,-0.00442804428044286
7,18,ME2P,561,257,0.828504345074951,0.555468405132836,0.186616145860144,0.827859410198648,0.824259837328525,0.541655543754828,0.180382128693697,0.826323469178784,0.00424450774642615,0.0138128613780081,0.00623401716644725,0.00153594101986443
8,18,ME2P,320,157,0.815502394363408,0.58247516519879,0.19764673857011,0.793130397405338,0.821353721207088,0.571504422505245,0.192837781899433,0.796061115235825,-0.00585132684368039,0.0109707426935445,0.00480895667067705,-0.00293071783048715
9,18,ME2P,288,82,0.65551246213662,0.495238530492009,0.159921793225156,0.806713237035283,0.653635153532495,0.510822465365798,0.166902240823523,0.801326071513142,0.00187730860412461,-0.0155839348737893,-0.00698044759836677,0.00538716552214102
10,18,ME2P,677,358,0.907153838559977,0.500493624966809,0.161900911809391,0.902427277981121,0.92328863847133,0.477140656414924,0.151993094009755,0.919633631635173,-0.0161347999113535,0.023352968551885,0.00990781779963623,-0.0172063536540518
11,18,ME2P,1193,375,0.571920124993306,0.588020035464833,0.201505938051629,0.722769356153219,0.570714994827432,0.610782485739556,0.211265459447364,0.718531377343113,0.0012051301658742,-0.0227624502747235,-0.00975952139573527,0.00423797881010624
12,18,ME2P,303,228,0.910281808843539,0.962700370983112,0.353369970708967,0.75812865497076,0.915223843255688,1.062026365068,0.382799756600106,0.769239766081871,-0.00494203441214902,-0.0993259940848875,-0.0294297858911392,-0.0111111111111107
13,18,ME2P,175,86,0.855449519539667,0.56010885987104,0.194013692583835,0.879540109746538,0.857165593406358,0.500973035768053,0.16608553577356,0.880324013587667,-0.00171607386669081,0.0591358241029869,0.027928156810275,-0.000783903841129252
14,18,ME2P,177,28,0.665294174982049,0.453450497125152,0.143039786773888,0.908437200383509,0.667655037442792,0.503947727278529,0.166110172343629,0.910834132310642,-0.00236086246074307,-0.0504972301533772,-0.0230703855697412,-0.00239693192713297
15,18,ME2P,627,384,0.843790026735123,0.803611740061149,0.289548790585278,0.761006087105624,0.870565831044925,0.742242873269687,0.264927354342677,0.799479166666667,-0.0267758043098025,0.0613688667914621,0.0246214362426007,-0.0384730795610428
16,18,ME2P,193,90,0.804862994144582,0.552791224333749,0.185435586691875,0.803236245954693,0.795718420039373,0.553979561609776,0.185803897229932,0.795145631067961,0.00914457410520953,-0.00118833727602741,-0.000368310538057359,0.00809061488673157
17,18,ME2P,287,141,0.910964492338129,0.5141323140403,0.168812249134535,0.904983969688138,0.916270872718946,0.488885357210821,0.157109386395513,0.911007480812203,-0.00530638038081743,0.0252469568294785,0.0117028627390218,-0.00602351112406541
19,18,ME2P,323,172,0.856432752185626,0.633878104336447,0.221150873544693,0.82134606499307,0.863714427276751,0.600109836163424,0.205949044567452,0.829085168643154,-0.00728167509112454,0.0337682681730227,0.0152018289772414,-0.00773910365008446
1,19,M0,112,22,0.196428571428571,0.58918388717456,0.198668506530874,0.5,0.196428571428571,0.59476012459852,0.201348944547837,0.5,4.16333634234434e-16,-0.0055762374239603,-0.00268043801696347,0
2,19,M0,280,21,0.075,0.554296781173175,0.181293630646533,0.5,0.075,0.562856131045747,0.185442551013687,0.5,0,-0.00855934987257234,-0.00414892036715417,0
3,19,M0,146,39,0.267123287671233,0.617995740277472,0.212878384665779,0.5,0.267123287671233,0.621673150969817,0.214645337188004,0.5,-1.11022302462516e-16,-0.00367741069234484,-0.00176695252222456,0
4,19,M0,146,25,0.171232876712329,0.580406527258359,0.194319514563044,0.5,0.171232876712329,0.586656681377199,0.19732792739409,0.5,-2.4980018054066e-16,-0.00625015411883989,-0.0030084128310465,0
5,19,M0,228,8,0.0350877192982456,0.537622860619204,0.173071441881316,0.5,0.0350877192982456,0.547196568051153,0.177707554500243,0.5,1.38777878078145e-17,-0.00957370743194918,-0.00463611261892658,0
6,19,M0,276,5,0.0181159420289855,0.537276462272002,0.17283755481375,0.5,0.0181159420289855,0.547122442672379,0.17761786620828,0.5,6.93889390390723e-18,-0.00984598040037665,-0.00478031139453036,0
7,19,M0,561,257,0.458110516934046,0.699530101830124,0.25303428034287,0.5,0.458110516934046,0.697471039960059,0.252052285471729,0.5,3.88578058618805e-16,0.00205906187006455,0.000981994871141478,0
8,19,M0,320,157,0.490625,0.713785926209595,0.260050368780583,0.5,0.490625,0.710869082160444,0.258658173147009,0.5,0,0.00291684404915127,0.00139219563357434,0
9,19,M0,288,82,0.284722222222222,0.626333236793366,0.216974535557756,0.5,0.284722222222222,0.629600156384745,0.21854708861997,0.5,2.22044604925031e-16,-0.0032669195913787,-0.00157255306221368,0
10,19,M0,677,358,0.528803545051699,0.737431287467462,0.271558077834835,0.5,0.528803545051699,0.732404609655295,0.269181907043285,0.5,-3.33066907387547e-16,0.00502667781216748,0.00237617079154961,0
11,19,M0,1193,375,0.314333612740989,0.643386163649779,0.225332472440836,0.5,0.314333612740989,0.646309322118626,0.226753611420743,0.5,1.11022302462516e-16,-0.00292315846884683,-0.00142113897990726,0
12,19,M0,303,228,0.752475247524752,0.850782649436137,0.32705213704584,0.5,0.752475247524752,0.838524762619821,0.321269775463568,0.5,4.44089209850063e-16,0.0122578868163157,0.00578236158227169,0
13,19,M0,175,86,0.491428571428572,0.713170221727091,0.259762713220401,0.5,0.491428571428572,0.710409150802034,0.258442324719295,0.5,-5.55111512312578e-16,0.00276107092505673,0.0013203885011055,0
14,19,M0,177,28,0.15819209039548,0.576649759872385,0.192446702311818,0.5,0.15819209039548,0.583238574015162,0.195621871820536,0.5,2.4980018054066e-16,-0.00658881414277701,-0.00317516950871827,0
15,19,M0,627,384,0.61244019138756,0.786516345758261,0.295448558328533,0.5,0.61244019138756,0.777929016289496,0.291420610714475,0.5,-2.22044604925031e-16,0.00858732946876517,0.00402794761405806,0
16,19,M0,193,90,0.466321243523316,0.70202458408479,0.254279579712884,0.5,0.466321243523316,0.700004150686475,0.253312977329909,0.5,5.55111512312578e-17,0.00202043339831515,0.00096660238297458,0
17,19,M0,287,141,0.491289198606272,0.713866256748044,0.26009333336469,0.5,0.491289198606272,0.710970454130806,0.258710588767755,0.5,-2.22044604925031e-16,0.00289580261723832,0.00138274459693533,0
18,19,M0,432,230,0.532407407407407,0.735477000059429,0.270667137121568,0.5,0.532407407407407,0.730916804952054,0.268499911381838,0.5,4.44089209850063e-16,0.00456019510737526,0.00216722573973033,0
1,19,MP,112,22,0.75580113190123,0.517150728104429,0.174963788764023,0.867424242424242,0.760214831257374,0.526578558308318,0.179012648370709,0.869444444444445,-0.00441369935614377,-0.00942783020388893,-0.00404885960668636,-0.00202020202020259
2,19,MP,280,21,0.618973604598386,0.52391042439292,0.176957387745801,0.906968192682479,0.618967467720808,0.530761573324404,0.180152846459861,0.909450266593124,6.13687757811121e-06,-0.00685114893148409,-0.00319545871405963,-0.00248207391064559
3,19,MP,146,39,0.633610342635274,0.605436996974608,0.208698926578651,0.786843997124371,0.634921249570518,0.60885899698863,0.209979844859851,0.790678169182842,-0.00131090693524438,-0.00342200001402171,-0.00128091828120011,-0.00383417205847103
4,19,MP,146,25,0.507031354307197,0.579288163359101,0.200476238196224,0.770743801652893,0.507072153692925,0.590105149151892,0.204734924557639,0.768595041322314,-4.07993857276523e-05,-0.0108169857927912,-0.00425868636141472,0.00214876033057854
5,19,MP,228,8,0.292718715393134,0.6036689350998,0.210537974893432,0.790909090909091,0.292081554191196,0.614748611284955,0.215313284783294,0.790056818181818,0.000637161201937964,-0.0110796761851552,-0.00477530988986163,0.00085227272727284
6,19,MP,276,5,0.0428721564052958,0.634201471845427,0.217025040379961,0.705166051660517,0.0445351791264003,0.645505496730541,0.221390882791666,0.721033210332103,-0.00166302272110454,-0.0113040248851142,-0.00436584241170523,-0.0158671586715864
7,19,MP,561,257,0.801661289395089,0.552186381966921,0.183425508423925,0.807412195371698,0.809641730255759,0.543535576692664,0.180027778653934,0.812634394839238,-0.00798044086066985,0.00865080527425655,0.00339772976999064,-0.00522219946754032
8,19,MP,320,157,0.814511997215305,0.568155280191947,0.189361891873329,0.791528271658005,0.816005108355322,0.567939233434807,0.188962877424044,0.791430581063655,-0.00149311114001738,0.000216046757139599,0.000399014449284529,9.76905943497197e-05
9,19,MP,288,82,0.624915489216998,0.541631258203108,0.17943898589058,0.769743073644329,0.630780549548471,0.542515776736445,0.179919264453227,0.775455837082643,-0.00586506033147338,-0.000884518533336931,-0.000480278562646958,-0.00571276343831428
10,19,MP,677,358,0.917515709678862,0.466636185023233,0.150065435683603,0.915553142677011,0.921148186153207,0.457852184983101,0.145889675587365,0.918928740302271,-0.00363247647434506,0.00878400004013208,0.00417576009623763,-0.00337559762526007
11,19,MP,1193,375,0.556427926110765,0.6062529892078,0.208771733254087,0.719662591687042,0.556786508886677,0.612091531791435,0.211281295622712,0.721066014669927,-0.000358582775911831,-0.00583854258363481,-0.00250956236862487,-0.00140342298288543
12,19,MP,303,228,0.920365587543656,0.839910846561395,0.29508455047236,0.789707602339181,0.921265319834541,0.827472610090691,0.289478325240095,0.791023391812866,-0.000899732290884581,0.0124382364707042,0.00560622523226545,-0.00131578947368471
13,19,MP,175,86,0.844309737940097,0.477882211043231,0.156744905265581,0.869153383851581,0.842616443006938,0.474984934236286,0.155333547580898,0.868630781290828,0.00169329493315928,0.00289727680694496,0.00141135768468256,0.000522602560752872
14,19,MP,177,28,0.677355208064037,0.521765230481291,0.175691104231716,0.918624161073826,0.675545566033652,0.533620992501976,0.180645434912642,0.919103547459252,0.00180964203038469,-0.0118557620206849,-0.00495433068092591,-0.00047938638542655
15,19,MP,627,384,0.872261175047142,0.678486638679605,0.237032506358639,0.813780649862826,0.875118076715491,0.668298079394011,0.232117472868872,0.815725737311385,-0.00285690166834907,0.0101885592855944,0.00491503348976705,-0.00194508744855915
16,19,MP,193,90,0.77533173046445,0.592061446581409,0.195772828488635,0.767745415318231,0.778268195285482,0.579335039004122,0.192355742983181,0.775728155339806,-0.00293646482103238,0.0127264075772873,0.00341708550545372,-0.00798274002157517
17,19,MP,287,141,0.905290386879452,0.473399607686767,0.152880693523199,0.907582823277956,0.91014612933295,0.466104700375446,0.149272002347979,0.909963081706014,-0.00485574245349785,0.00729490731132137,0.0036086911752205,-0.00238025842805811
18,19,MP,432,230,0.893918363779748,0.51431383223224,0.170800568267313,0.88123116659492,0.901948090038083,0.5031924618743,0.165606420245448,0.888570813603099,-0.00802972625833453,0.01112137035794,0.00519414802186483,-0.00733964700817857
1,19,MP_cal,112,22,0.75580113190123,0.492403587023367,0.161260215909711,0.867424242424242,0.760214831257374,0.513108551569847,0.170773989649966,0.869444444444445,-0.00441369935614377,-0.0207049645464802,-0.0095137737402555,-0.00202020202020259
2,19,MP_cal,280,21,0.618973604598386,0.486324846906551,0.157671910631511,0.906968192682479,0.618967467720808,0.511680905613815,0.169587350867771,0.909450266593124,6.13687757811121e-06,-0.0253560587072641,-0.0119154402362598,-0.00248207391064559
3,19,MP_cal,146,39,0.633610342635274,0.563231906434033,0.191388806073654,0.786843997124371,0.634921249570518,0.58711678440151,0.201776274601967,0.790678169182842,-0.00131090693524438,-0.0238848779674767,-0.0103874685283133,-0.00383417205847103
4,19,MP_cal,146,25,0.507031354307197,0.53641489639956,0.181142014515441,0.770743801652893,0.507072153692925,0.570252950753273,0.19617228859426,0.768595041322314,-4.07993857276523e-05,-0.0338380543537131,-0.0150302740788193,0.00214876033057854
5,19,MP_cal,228,8,0.292718715393134,0.534740598104774,0.179882351030638,0.790909090909091,0.292081554191196,0.582861580946596,0.201778057726393,0.790056818181818,0.000637161201937964,-0.0481209828418225,-0.0218957066957552,0.00085227272727284
6,19,MP_cal,276,5,0.0428721564052958,0.548466434452771,0.185653066308432,0.705166051660517,0.0445351791264003,0.597036273300108,0.206477625348077,0.721033210332103,-0.00166302272110454,-0.0485698388473367,-0.0208245590396451,-0.0158671586715864
7,19,MP_cal,561,257,0.801661289395089,0.566790992219441,0.190923964054426,0.807412195371698,0.809641730255759,0.551470493160351,0.184188321873093,0.812634394839238,-0.00798044086066985,0.0153204990590899,0.00673564218133252,-0.00522219946754032
8,19,MP_cal,320,157,0.814511997215305,0.578342650893311,0.195313928793843,0.791528271658005,0.816005108355322,0.568814984527702,0.191254512960473,0.791430581063655,-0.00149311114001738,0.00952766636560865,0.00405941583336983,9.76905943497197e-05
9,19,MP_cal,288,82,0.624915489216998,0.522017414732816,0.171257147803967,0.769743073644329,0.630780549548471,0.530644716146234,0.175303372839258,0.775455837082643,-0.00586506033147338,-0.0086273014134185,-0.00404622503529123,-0.00571276343831428
10,19,MP_cal,677,358,0.917515709678862,0.516081720784696,0.170491482074488,0.915553142677011,0.921148186153207,0.492782856236411,0.159491018648133,0.918928740302271,-0.00363247647434506,0.0232988645482852,0.0110004634263548,-0.00337559762526007
11,19,MP_cal,1193,375,0.556427926110765,0.588418430473963,0.202139064364246,0.719662591687042,0.556786508886677,0.597096532017347,0.206054193610353,0.721066014669927,-0.000358582775911831,-0.00867810154338367,-0.00391512924610671,-0.00140342298288543
12,19,MP_cal,303,228,0.920365587543656,0.850998664538629,0.310550637472309,0.789707602339181,0.921265319834541,0.841754791973352,0.304909991105865,0.791023391812866,-0.000899732290884581,0.00924387256527703,0.0056406463664439,-0.00131578947368471
13,19,MP_cal,175,86,0.844309737940097,0.507056578830084,0.167212136917823,0.869153383851581,0.842616443006938,0.497069748390844,0.163249890341954,0.868630781290828,0.00169329493315928,0.00998683043923959,0.00396224657586947,0.000522602560752872
14,19,MP_cal,177,28,0.677355208064037,0.492880949429712,0.160761693967164,0.918624161073826,0.675545566033652,0.502499111494608,0.165933775225944,0.919103547459252,0.00180964203038469,-0.00961816206489641,-0.0051720812587803,-0.00047938638542655
15,19,MP_cal,627,384,0.872261175047142,0.702687858811015,0.251343094350615,0.813780649862826,0.875118076715491,0.692868315326095,0.245717115929365,0.815725737311385,-0.00285690166834907,0.00981954348491998,0.00562597842125026,-0.00194508744855915
16,19,MP_cal,193,90,0.77533173046445,0.582088083513309,0.196166407876398,0.767745415318231,0.778268195285482,0.572848608732251,0.192610539287929,0.775728155339806,-0.00293646482103238,0.00923947478105836,0.00355586858846924,-0.00798274002157517
17,19,MP_cal,287,141,0.905290386879452,0.511004521467149,0.167714801996662,0.907582823277956,0.91014612933295,0.495486239147011,0.16045109145637,0.909963081706014,-0.00485574245349785,0.0155182823201375,0.00726371054029154,-0.00238025842805811
18,19,MP_cal,432,230,0.893918363779748,0.553575568397431,0.186870712148297,0.88123116659492,0.901948090038083,0.536129899104109,0.178809491974435,0.888570813603099,-0.00802972625833453,0.0174456692933221,0.00806122017386238,-0.00733964700817857
1,19,ME,112,22,0.379349309363493,0.571239739449399,0.190343189883183,0.714646464646465,0.379349309363493,0.576402401085563,0.19279129716684,0.714646464646465,3.33066907387547e-16,-0.00516266163616352,-0.00244810728365688,-3.33066907387547e-16
2,19,ME,280,21,0.352545471617468,0.515979967427215,0.163350813363775,0.830299687442545,0.352545471617468,0.52291730782217,0.166655053545391,0.830299687442545,-3.88578058618805e-16,-0.00693734039495464,-0.00330424018161576,-4.44089209850063e-16
3,19,ME,146,39,0.627640986501488,0.606301010243344,0.207205277552385,0.780254013898874,0.627640986501488,0.610935013062588,0.209442921752146,0.780254013898874,-3.33066907387547e-16,-0.0046340028192442,-0.00223764419976064,-3.33066907387547e-16
4,19,ME,146,25,0.270445997467497,0.539859030656023,0.175535460437152,0.625454545454546,0.270445997467497,0.544038083938858,0.177471926458478,0.625454545454546,4.44089209850063e-16,-0.00417905328283508,-0.00193646602132641,-5.55111512312578e-16
5,19,ME,228,8,0.14653932334428,0.48511825213577,0.148460934692376,0.817045454545455,0.14653932334428,0.492204016654421,0.151805923534161,0.817045454545455,2.4980018054066e-16,-0.00708576451865117,-0.00334498884178508,-4.44089209850063e-16
6,19,ME,276,5,0.0694705677464298,0.456187362027297,0.134801060363548,0.677490774907749,0.0694705677464298,0.461096203356855,0.137101733540443,0.677490774907749,1.38777878078145e-17,-0.00490884132955838,-0.0023006731768952,1.11022302462516e-16
7,19,ME,561,257,0.622320050323158,0.684674809289078,0.245815204964225,0.643124104034405,0.622320050323158,0.681918513715047,0.244466259296513,0.643124104034405,2.22044604925031e-16,0.00275629557403101,0.00134894566771152,1.11022302462516e-16
8,19,ME,320,157,0.546521562334421,0.727577196648907,0.266082646762022,0.558047751162518,0.546521562334421,0.723934665119574,0.264410764209395,0.558047751162518,1.11022302462516e-16,0.00364253152933336,0.00167188255262668,0
9,19,ME,288,82,0.534064545668899,0.597436568926438,0.203352738148133,0.727563343594601,0.534064545668899,0.59976278937235,0.204424316111453,0.727563343594601,2.22044604925031e-16,-0.00232622044591213,-0.00107157796332014,0
10,19,ME,677,358,0.60951279599075,0.713051818350707,0.259707393432154,0.588982679812963,0.60951279599075,0.707898866258615,0.257213405461652,0.588982679812963,4.44089209850063e-16,0.00515295209209188,0.00249398797050215,0
11,19,ME,1193,375,0.350259612236911,0.668459194043956,0.237802265908884,0.516050529747351,0.350259612236911,0.673712104555657,0.240397745157377,0.516050529747351,4.44089209850063e-16,-0.00525291051170129,-0.00259547924849335,2.22044604925031e-16
12,19,ME,303,228,0.715818859221255,1.08483385350259,0.423653804979548,0.417017543859649,0.715818859221255,1.06876699810025,0.417493346648271,0.417017543859649,0,0.0160668554023424,0.00616045833127749,1.11022302462516e-16
13,19,ME,175,86,0.63835468867811,0.683345533824618,0.245197579371296,0.644107656127515,0.63835468867811,0.680796975946184,0.243924795215392,0.644107656127515,-4.44089209850063e-16,0.00254855787843422,0.00127278415590387,0
14,19,ME,177,28,0.292554678123871,0.609383711777141,0.208814954443336,0.601629913710451,0.292554678123871,0.618400722438184,0.213233840573084,0.601629913710451,2.22044604925031e-16,-0.00901701066104266,-0.00441888612974853,-4.44089209850063e-16
15,19,ME,627,384,0.669255585186163,0.824094612280387,0.310903133594739,0.564021776406036,0.669255585186163,0.814288706532725,0.306578091278746,0.564021776406036,4.44089209850063e-16,0.00980590574766227,0.00432504231599284,-3.33066907387547e-16
16,19,ME,193,90,0.640295909123075,0.671937418038213,0.239578561125645,0.651887810140237,0.640295909123075,0.669980386717813,0.238594030734564,0.651887810140237,1.11022302462516e-16,0.00195703132040004,0.000984530391080984,3.33066907387547e-16
17,19,ME,287,141,0.609694672081817,0.688700453784388,0.247763329487577,0.603711260079666,0.609694672081817,0.686165327851417,0.246511418891886,0.603711260079666,-1.11022302462516e-16,0.00253512593297067,0.00125191059569132,-2.22044604925031e-16
18,19,ME,432,230,0.594957228523913,0.712337555452666,0.259463250507744,0.557942315970728,0.594957228523913,0.70803868332774,0.257369102329719,0.557942315970728,1.11022302462516e-16,0.00429887212492619,0.00209414817802517,-4.44089209850063e-16
1,19,ME2,112,22,0.379349309363493,0.550111334382798,0.180684425431767,0.714646464646465,0.379349309363493,0.556423573239536,0.183584400153156,0.714646464646465,3.33066907387547e-16,-0.00631223885673804,-0.00289997472138903,-3.33066907387547e-16
2,19,ME2,280,21,0.352545471617468,0.482008590000588,0.147802566562396,0.830299687442545,0.352545471617468,0.491282732588704,0.152078465671711,0.830299687442545,-3.88578058618805e-16,-0.0092741425881156,-0.00427589910931514,-4.44089209850063e-16
3,19,ME2,146,39,0.589403273621451,0.612946675950784,0.210550409054412,0.757488617301701,0.592728866204126,0.6184530143501,0.213230670529191,0.758686796069974,-0.0033255925826754,-0.0055063383993158,-0.00268026147477873,-0.00119817876827266
4,19,ME2,146,25,0.270445997467497,0.535364764100696,0.17365697309614,0.625454545454546,0.270445997467497,0.540584948625043,0.17604778020966,0.625454545454546,4.44089209850063e-16,-0.00522018452434714,-0.00239080711351983,-5.55111512312578e-16
5,19,ME2,228,8,0.14653932334428,0.498626303786699,0.155078306674872,0.817045454545455,0.14653932334428,0.507117749719337,0.159096491810122,0.817045454545455,2.4980018054066e-16,-0.00849144593263807,-0.00401818513524974,-4.44089209850063e-16
6,19,ME2,276,5,0.0694705677464298,0.699163830510468,0.252922056892799,0.677490774907749,0.0694705677464298,0.703641510717045,0.255132505284508,0.677490774907749,1.38777878078145e-17,-0.0044776802065768,-0.00221044839170886,1.11022302462516e-16
7,19,ME2,561,257,0.60639318896585,0.680308820605691,0.243652996520915,0.637850706532869,0.608737917037293,0.677741097182295,0.242403290295357,0.639169055908253,-0.00234472807144293,0.00256772342339606,0.00124970622555784,-0.00131834937538389
8,19,ME2,320,157,0.544915610410185,0.721952487925888,0.263303615097794,0.556445625415185,0.544987720680913,0.718399054665175,0.26169087372583,0.556484701652925,-7.21102707280652e-05,0.00355343326071311,0.00161274137196366,-3.90762377399101e-05
9,19,ME2,288,82,0.534064545668899,0.590727789059234,0.200327790528308,0.727563343594601,0.534064545668899,0.593989620109714,0.201820033759654,0.727563343594601,2.22044604925031e-16,-0.00326183105048028,-0.00149224323134581,0
10,19,ME2,677,358,0.598432477785751,0.696402666618823,0.251594432598046,0.582371587187615,0.598961082098987,0.693238010245069,0.250058725714968,0.582485420570568,-0.000528604313236536,0.00316465637375352,0.00153570688307808,-0.00011383338295301
11,19,ME2,1193,375,0.368586806179181,0.656659774017881,0.232227914703919,0.551903830480848,0.366174653072298,0.662804401793566,0.23520602674111,0.549132844335778,0.0024121531068827,-0.00614462777568525,-0.00297811203719103,0.00277098614506954
12,19,ME2,303,228,0.715818859221255,1.06194085259353,0.414752119716843,0.417017543859649,0.715818859221255,1.0527365246882,0.411194576525907,0.417017543859649,0,0.00920432790533154,0.00355754319093587,1.11022302462516e-16
13,19,ME2,175,86,0.63835468867811,0.707522351853029,0.256846885412324,0.644107656127515,0.63835468867811,0.70065417854977,0.253594132859692,0.644107656127515,-4.44089209850063e-16,0.0068681733032594,0.00325275255263224,0
14,19,ME2,177,28,0.292554678123871,0.576033495747238,0.19300113121216,0.601629913710451,0.292554678123871,0.586498528534607,0.198015014246776,0.601629913710451,2.22044604925031e-16,-0.0104650327873687,-0.00501388303461603,-4.44089209850063e-16
15,19,ME2,627,384,0.641739272249757,0.858220021315892,0.325084005488218,0.51326731824417,0.643564451934811,0.843331656820639,0.318885310967372,0.516160836762689,-0.00182517968505402,0.0148883644952524,0.00619869452084626,-0.00289351851851893
16,19,ME2,193,90,0.640295909123075,0.665780257737235,0.236536050257508,0.651887810140237,0.640295909123075,0.664521088338737,0.235902506765947,0.651887810140237,1.11022302462516e-16,0.00125916939849813,0.000633543491560695,3.33066907387547e-16
17,19,ME2,287,141,0.609694672081817,0.687479360806859,0.247082417278871,0.603711260079666,0.609694672081817,0.68488295033684,0.245820605709397,0.603711260079666,-1.11022302462516e-16,0.00259641047001924,0.00126181156947353,-2.22044604925031e-16
18,19,ME2,432,230,0.594957228523913,0.789957397472929,0.29451508382373,0.557942315970728,0.594957228523913,0.774006721419936,0.287649119665135,0.557942315970728,1.11022302462516e-16,0.0159506760529927,0.00686596415859514,-4.44089209850063e-16
1,19,ME_P,112,22,0.756909564719008,0.488894601345546,0.15973619084764,0.868181818181818,0.756541260671696,0.508862951014907,0.168929663480133,0.867676767676768,0.000368304047311807,-0.0199683496693612,-0.00919347263249279,0.00050505050505012
2,19,ME_P,280,21,0.658239156405769,0.469959683812113,0.150303221109439,0.920022062879206,0.662189103945433,0.491659150396886,0.160622837328073,0.92388306674021,-0.00394994753966427,-0.0216994665847735,-0.0103196162186337,-0.0038610038610043
3,19,ME_P,146,39,0.6366667253433,0.564722221156607,0.191813906752123,0.803019410496046,0.637367803369133,0.591494652945118,0.203226191025108,0.806853582554517,-0.000701078025832747,-0.0267724317885111,-0.0114122842729853,-0.00383417205847103
4,19,ME_P,146,25,0.520489865554949,0.515660347524459,0.171806763157442,0.774214876033058,0.522462982469667,0.546116454535335,0.185514465042654,0.775206611570248,-0.00197311691471791,-0.0304561070108763,-0.0137077018852122,-0.000991735537190119
5,19,ME_P,228,8,0.307527183597285,0.510430883242093,0.168939330770897,0.802840909090909,0.310782340757036,0.555375279516176,0.189584020516142,0.805681818181818,-0.00325515715975061,-0.0449443962740834,-0.0206446897452448,-0.00284090909090895
6,19,ME_P,276,5,0.0468620078341325,0.525442641415962,0.175876883175674,0.712177121771218,0.0486234180549762,0.568377411539884,0.194662216158458,0.719557195571956,-0.0017614102208437,-0.0429347701239217,-0.0187853329827843,-0.00738007380073824
7,19,ME_P,561,257,0.814477243570199,0.561198997698032,0.188916135777182,0.818054986688511,0.822408560812974,0.545021957546932,0.181782846085472,0.824352344869957,-0.00793131724277529,0.0161770401511002,0.00713328969171012,-0.00629735818144583
8,19,ME_P,320,157,0.821330395266702,0.586151230967407,0.1988292501304,0.797858622171857,0.821638018584694,0.575740355172383,0.194339120457988,0.796569106326443,-0.000307623317992056,0.0104108757950238,0.00449012967241205,0.00128951584541437
9,19,ME_P,288,82,0.63895367796904,0.508532870558898,0.165596949974761,0.788775751835188,0.646098737686954,0.515205835639023,0.16870867908056,0.794873312810798,-0.00714505971791413,-0.0066729650801246,-0.00311172910579888,-0.00609756097560976
10,19,ME_P,677,358,0.92422858204458,0.509143159644613,0.167305900935474,0.920561811526943,0.926074694130088,0.485354187957101,0.15620999844456,0.922251799443092,-0.00184611208550811,0.0237889716875123,0.011095902490914,-0.00168998791614849
11,19,ME_P,1193,375,0.564471091900371,0.607066777747915,0.209733281781083,0.71201140994295,0.565185572253852,0.617602649693974,0.214256996406054,0.713220863895681,-0.000714480353481095,-0.0105358719460595,-0.00452371462497056,-0.00120945395273064
12,19,ME_P,303,228,0.912572592989569,1.01296653410422,0.369668308837006,0.763391812865497,0.914536113686531,0.992882047418664,0.359573026389496,0.767076023391813,-0.0019635206969616,0.0200844866855606,0.0100952824475104,-0.00368421052631596
13,19,ME_P,175,86,0.8555177716438,0.495937869275497,0.161811888019987,0.879017507185785,0.853248456413857,0.486345049964339,0.158073574935433,0.877711000783904,0.00226931522994256,0.00959281931115802,0.00373831308455364,0.00130650640188124
14,19,ME_P,177,28,0.665118836571,0.513234961101878,0.169129093672988,0.910354745925216,0.664776908094356,0.523539779084723,0.174492126200586,0.912032598274209,0.000341928476643716,-0.0103048179828448,-0.00536303252759804,-0.00167785234899331
15,19,ME_P,627,384,0.878434136065287,0.726107367911106,0.26129117324418,0.813400205761317,0.880395830327317,0.714422671215809,0.254759841038867,0.815554269547325,-0.00196169426202986,0.011684696695297,0.00653133220531293,-0.00215406378600813
16,19,ME_P,193,90,0.787294784322284,0.566534277588039,0.190624108337607,0.782200647249191,0.791053707368294,0.559700332174447,0.187891187690379,0.789859762675297,-0.00375892304601044,0.00683394541359184,0.00273292064722847,-0.00765911542610609
17,19,ME_P,287,141,0.912167582708545,0.501620555796419,0.162791339335353,0.909404449625959,0.915368394369211,0.488718009321256,0.156924670941088,0.911007480812203,-0.0032008116606661,0.0129025464751629,0.00586666839426495,-0.00160303118624361
18,19,ME_P,432,230,0.895211762122884,0.545217222828122,0.182930476501351,0.88123116659492,0.901664370465652,0.530053269908332,0.175932241519331,0.887171760654326,-0.00645260834276762,0.0151639529197899,0.0069982349820201,-0.00594059405940561
1,19,ME2P,112,22,0.752923579417688,0.467300925690658,0.150590374355462,0.865656565656566,0.752996257301478,0.49158537338009,0.161519377395368,0.865151515151515,-7.26778837903952e-05,-0.0242844476894324,-0.0109290030399062,0.000505050505050675
2,19,ME2P,280,21,0.667202049198194,0.434994619085758,0.135286714452975,0.926089354660783,0.666659952205726,0.46765464740917,0.150249726393829,0.927376355947785,0.0005420969924681,-0.032660028323412,-0.0149630119408539,-0.00128700128700177
3,19,ME2P,146,39,0.62256901587666,0.578109755481696,0.197035469446368,0.803019410496046,0.622881023257221,0.602599537877383,0.207323076786502,0.807093218308172,-0.000312007380561252,-0.0244897823956867,-0.0102876073401341,-0.00407380781212607
4,19,ME2P,146,25,0.529920896379074,0.510439281884576,0.169443415895993,0.778512396694215,0.532762714618409,0.542275066862308,0.18365210426285,0.778512396694215,-0.00284181823933538,-0.0318357849777325,-0.0142086883668573,-1.11022302462516e-16
5,19,ME2P,228,8,0.294121258253424,0.528048656758514,0.17639169416666,0.806818181818182,0.290435885707201,0.570063811692634,0.195424565406249,0.810795454545455,0.00368537254622281,-0.0420151549341202,-0.0190328712395891,-0.00397727272727322
6,19,ME2P,276,5,0.0515989378910727,0.851484004074649,0.307934156499438,0.719557195571956,0.0513741718257847,0.837213590922828,0.300048782287087,0.718819188191882,0.000224766065288026,0.0142704131518207,0.00788537421235075,0.000738007380073791
7,19,ME2P,561,257,0.817829887130454,0.5551809609606,0.186401756922303,0.820870878558263,0.824259837328525,0.541655543754828,0.180382128693697,0.826323469178784,-0.00642995019807113,0.0135254172057721,0.00601962822860636,-0.00545259062052061
8,19,ME2P,320,157,0.821961386922783,0.578692590882561,0.195971173442444,0.798210308311516,0.821353721207088,0.571504422505245,0.192837781899433,0.796061115235825,0.000607665715694483,0.00718816837731562,0.00313339154301129,0.00214919307569073
9,19,ME2P,288,82,0.64976131011743,0.500842180344523,0.162574168358461,0.797714894624674,0.653635153532495,0.510822465365798,0.166902240823523,0.801326071513142,-0.00387384341506525,-0.00998028502127479,-0.00432807246506195,-0.00361117688846757
10,19,ME2P,677,358,0.919233244991225,0.489972843392168,0.15769135703506,0.915675732474037,0.92328863847133,0.477140656414924,0.151993094009755,0.919633631635173,-0.00405539348010486,0.012832186977244,0.00569826302530466,-0.00395789916113576
11,19,ME2P,1193,375,0.571810254276011,0.598589684634634,0.205997581882101,0.718772616136919,0.570714994827432,0.610782485739556,0.211265459447364,0.718531377343113,0.00109525944857891,-0.0121928011049223,-0.00526787756526276,0.000241238793806331
12,19,ME2P,303,228,0.913069919877714,1.04211850704439,0.379694512264203,0.76421052631579,0.915223843255688,1.062026365068,0.382799756600106,0.769239766081871,-0.00215392337797438,-0.0199078580236101,-0.00310524433590303,-0.0050292397660815
13,19,ME2P,175,86,0.859243413413567,0.519164918681002,0.174368779955018,0.882545074470865,0.857165593406358,0.500973035768053,0.16608553577356,0.880324013587667,0.00207782000720924,0.0181918829129486,0.00828324418145784,0.00222106088319796
14,19,ME2P,177,28,0.668618566088464,0.4833011573163,0.156260347343095,0.908676893576222,0.667655037442792,0.503947727278529,0.166110172343629,0.910834132310642,0.00096352864567173,-0.0206465699622291,-0.00984982500053391,-0.00215723873441964
15,19,ME2P,627,384,0.863988520339176,0.763538549566744,0.274997383233012,0.790134173525377,0.870565831044925,0.742242873269687,0.264927354342677,0.799479166666667,-0.00657731070574907,0.0212956762970568,0.0100700288903354,-0.00934499314128978
16,19,ME2P,193,90,0.794213295503565,0.55918087090182,0.187948060168091,0.789859762675297,0.795718420039373,0.553979561609776,0.185803897229932,0.795145631067961,-0.00150512453580764,0.00520130929204443,0.00214416293815931,-0.00528586839266432
17,19,ME2P,287,141,0.91231326679107,0.501540763753198,0.162913439761303,0.907558534926649,0.916270872718946,0.488885357210821,0.157109386395513,0.911007480812203,-0.00395760592787642,0.0126554065423773,0.0058040533657899,-0.00344894588555378
18,19,ME2P,432,230,0.89157423014525,0.633468159435418,0.224194346995459,0.877701248385708,0.898899356641353,0.600100011216948,0.20927654936294,0.884718037021093,-0.00732512649610306,0.0333681482184696,0.0149177976325189,-0.0070167886353848
