Ensembl,Importance,Rank
ENSG00000128268,2957.12448895466,1
ENSG00000152784,1831.02840375075,2
ENSG00000163492,1823.67681384938,3
ENSG00000186469,1662.74135529747,4
ENSG00000198400,1564.69131644232,5
ENSG00000077327,1512.08085709025,6
ENSG00000141506,1489.64974619494,7
ENSG00000232653,1462.74478610992,8
ENSG00000127831,1442.82582888727,9
ENSG00000140488,1431.29541774425,10
ENSG00000163359,1422.95848493918,11
ENSG00000198673,1401.38588203071,12
ENSG00000187715,1387.86418114873,13
ENSG00000158816,1344.32901698132,14
ENSG00000095370,1343.50614559401,15
ENSG00000105664,1328.61688315757,16
ENSG00000142621,1272.88579045798,17
ENSG00000140090,1241.48164225944,18
ENSG00000151883,1234.61010557971,19
ENSG00000102409,1225.5024337856,20
ENSG00000189221,1216.30684837248,21
ENSG00000167210,1199.91144212994,22
ENSG00000159713,1184.7863538627,23
ENSG00000165566,1170.65035205835,24
ENSG00000189367,1151.80293933208,25
ENSG00000112195,1149.98859563511,26
ENSG00000138741,1134.36322213025,27
ENSG00000118557,1110.28955988217,28
ENSG00000169618,1093.83211748501,29
ENSG00000173868,1084.85365375859,30
ENSG00000145335,1070.12364793388,31
ENSG00000143412,1062.93479951666,32
ENSG00000146049,1032.50037839591,33
ENSG00000173376,1012.36057026583,34
ENSG00000198216,1009.60668522275,35
ENSG00000189350,999.17777067747,36
ENSG00000153253,997.303182687077,37
ENSG00000042832,997.097518333788,38
ENSG00000244482,992.457567496744,39
ENSG00000083857,982.577409405505,40
ENSG00000168546,982.388853675985,41
ENSG00000198959,976.03683872143,42
ENSG00000106123,948.948409644662,43
ENSG00000125388,936.043084219856,44
ENSG00000174898,934.114119401849,45
ENSG00000151067,931.337242059766,46
ENSG00000105409,922.612400465661,47
ENSG00000138722,907.507519954023,48
ENSG00000106853,899.25236389391,49
ENSG00000134574,886.188857102077,50
ENSG00000164604,873.336769189469,51
ENSG00000152969,848.459092357932,52
ENSG00000080572,811.537967914317,53
ENSG00000114455,785.204312719067,54
ENSG00000123360,774.815140400302,55
ENSG00000159708,765.577449202958,56
ENSG00000175084,758.746275205276,57
ENSG00000188848,756.766745587288,58
ENSG00000196159,750.588905437552,59
ENSG00000175040,744.797563126889,60
ENSG00000164330,744.187334077154,61
ENSG00000109906,742.069487231841,62
ENSG00000166501,735.280104399371,63
ENSG00000184156,733.679136367014,64
ENSG00000117245,733.224928933693,65
ENSG00000112182,725.589029487006,66
ENSG00000183914,714.731819304411,67
ENSG00000186417,713.433757456467,68
ENSG00000050165,710.088667022308,69
ENSG00000162594,702.25686313857,70
ENSG00000185880,701.632836750407,71
ENSG00000067842,700.866887873562,72
ENSG00000166926,700.590121472258,73
ENSG00000034053,694.703108813434,74
ENSG00000146070,690.377744330024,75
ENSG00000006283,687.951119203019,76
ENSG00000115138,687.251268436806,77
ENSG00000185345,685.812906187118,78
ENSG00000184117,684.227665160237,79
ENSG00000250067,684.204039758303,80
ENSG00000175874,682.086465649585,81
ENSG00000074706,674.667990641324,82
ENSG00000173406,667.565060863422,83
ENSG00000106648,662.275913794173,84
ENSG00000168676,659.88708834089,85
ENSG00000169252,655.886526382883,86
ENSG00000171517,636.450299395048,87
ENSG00000186399,632.519308568826,88
ENSG00000129968,631.170954397343,89
ENSG00000169116,628.778179235748,90
ENSG00000118492,626.180239617478,91
ENSG00000188517,624.886935185403,92
ENSG00000177272,619.088200380563,93
ENSG00000188779,613.955596604544,94
ENSG00000138378,612.784856456523,95
ENSG00000154822,609.075278967026,96
ENSG00000143226,603.014126783409,97
ENSG00000070808,588.203121741425,98
ENSG00000174827,582.903652114637,99
ENSG00000152128,581.44151593502,100
ENSG00000168658,577.557026448032,101
ENSG00000116132,576.764967756517,102
ENSG00000144120,576.199394663361,103
ENSG00000038295,572.245438887489,104
ENSG00000157445,552.178504932219,105
ENSG00000128591,549.016215075818,106
ENSG00000121933,548.208494448872,107
ENSG00000079931,545.799810133578,108
ENSG00000170430,541.867833184681,109
ENSG00000176809,539.326816972605,110
ENSG00000154764,525.274169980718,111
ENSG00000196460,503.835009032564,112
ENSG00000214946,502.585818584912,113
ENSG00000115604,502.083554359876,114
ENSG00000066583,497.770769867936,115
ENSG00000146021,495.158905458334,116
ENSG00000102445,490.97838248715,117
ENSG00000165591,482.489538840259,118
ENSG00000146426,478.616454803812,119
ENSG00000050730,477.641923315382,120
ENSG00000145244,476.287921577712,121
ENSG00000129990,472.462389565745,122
ENSG00000152377,471.123811400114,123
ENSG00000164483,469.644647408056,124
ENSG00000238083,461.867207018477,125
ENSG00000120645,460.918008820467,126
ENSG00000140279,460.784201612599,127
ENSG00000102935,460.425479358014,128
ENSG00000168314,458.010712296782,129
ENSG00000175265,456.867237217848,130
ENSG00000136250,451.201576353887,131
ENSG00000007129,449.810976221727,132
ENSG00000101353,449.524910679064,133
ENSG00000111432,449.311123824491,134
ENSG00000130224,446.353112522827,135
ENSG00000104888,442.635987877844,136
ENSG00000139835,441.621750424158,137
ENSG00000069188,439.227019477531,138
ENSG00000111218,434.942152903944,139
ENSG00000108439,433.152443096167,140
ENSG00000111729,432.48937723701,141
ENSG00000184313,428.37164240595,142
ENSG00000101444,421.404554921155,143
ENSG00000159307,419.09194759859,144
ENSG00000053438,416.534352760193,145
ENSG00000254221,416.025148319991,146
ENSG00000123104,410.633069246815,147
ENSG00000154639,408.241860111936,148
ENSG00000176723,405.195954141238,149
ENSG00000119547,400.082693584952,150
ENSG00000171033,398.551369966177,151
ENSG00000198626,398.139171984309,152
ENSG00000057704,397.183223179044,153
ENSG00000169397,396.567141989704,154
ENSG00000184903,394.121843907048,155
ENSG00000169181,393.460206420341,156
ENSG00000171502,384.169280355134,157
ENSG00000164484,382.746952036825,158
ENSG00000130649,381.040912195277,159
ENSG00000075035,374.677717144482,160
ENSG00000145194,371.807069294403,161
ENSG00000122378,355.457664823598,162
ENSG00000161940,354.085414525412,163
ENSG00000081985,353.269128903206,164
ENSG00000179826,352.160696315985,165
ENSG00000154133,347.875768273966,166
ENSG00000164694,344.685535993301,167
ENSG00000112232,344.097705562353,168
ENSG00000163297,342.943678195198,169
ENSG00000023171,342.735974017108,170
ENSG00000181652,340.665770494693,171
ENSG00000114054,339.084534070407,172
ENSG00000115339,334.568276503876,173
ENSG00000151773,334.105610772568,174
ENSG00000205922,334.026786460414,175
ENSG00000166105,333.99272934872,176
ENSG00000142227,332.871785818863,177
ENSG00000164530,326.549284830553,178
ENSG00000184227,320.817879605645,179
ENSG00000253953,316.601805671003,180
ENSG00000168118,316.427315533052,181
ENSG00000147655,316.392920940306,182
ENSG00000135074,311.820492935459,183
ENSG00000090612,311.035727015683,184
ENSG00000164627,309.02333460888,185
ENSG00000203963,305.807436929282,186
ENSG00000173200,305.315370023545,187
ENSG00000146416,305.244312091413,188
ENSG00000254598,303.528869868042,189
ENSG00000143653,299.571110191499,190
ENSG00000120437,295.340020065086,191
ENSG00000184840,295.199750424583,192
ENSG00000171860,293.047221848996,193
ENSG00000026652,291.113460122649,194
ENSG00000131781,288.392595857383,195
ENSG00000119147,285.988134982584,196
ENSG00000149488,284.344544044683,197
ENSG00000166123,284.186815875215,198
ENSG00000126091,282.417397511245,199
ENSG00000137802,279.755409128712,200
ENSG00000101282,279.738681764124,201
ENSG00000168594,274.940634296204,202
ENSG00000162711,271.789295456154,203
ENSG00000154175,270.434788364331,204
ENSG00000172717,267.189606180722,205
ENSG00000107954,266.871600751289,206
ENSG00000068976,265.623780636985,207
ENSG00000141934,265.357729744293,208
ENSG00000143167,265.120026895603,209
ENSG00000123213,265.004674977238,210
ENSG00000242265,262.973432388975,211
ENSG00000131941,262.190756182939,212
ENSG00000136114,261.359879248734,213
ENSG00000126467,260.63418670459,214
ENSG00000004660,260.481571544482,215
ENSG00000142459,259.47433577774,216
ENSG00000127241,258.154885498716,217
ENSG00000178826,258.047043468903,218
ENSG00000141431,256.707288109882,219
ENSG00000100902,256.677063758024,220
ENSG00000121904,255.943122181853,221
ENSG00000071242,255.837618181788,222
ENSG00000171488,255.733805897454,223
ENSG00000116141,253.908157507561,224
ENSG00000169946,251.390055854465,225
ENSG00000104419,251.02400913075,226
ENSG00000188690,250.783511538464,227
ENSG00000100359,250.777310161351,228
ENSG00000164683,248.213482984393,229
ENSG00000149256,246.566345318397,230
ENSG00000222009,246.243291307707,231
ENSG00000136161,246.036377962487,232
ENSG00000129226,245.089483711218,233
ENSG00000160862,244.768363243788,234
ENSG00000133275,243.353786363391,235
ENSG00000105851,241.987244314692,236
ENSG00000120129,240.194817512548,237
ENSG00000006453,240.110044443804,238
ENSG00000197632,239.472123321111,239
ENSG00000214021,239.305332805509,240
ENSG00000103313,239.153350928008,241
ENSG00000099977,236.987362358236,242
ENSG00000005187,235.61160162019,243
ENSG00000106069,234.53974762031,244
ENSG00000253598,233.060161718526,245
ENSG00000187492,232.770223008934,246
ENSG00000214140,232.122144121701,247
ENSG00000160408,231.070511779177,248
ENSG00000197165,230.949858903845,249
ENSG00000148795,230.432962249064,250
ENSG00000133710,228.968316299444,251
ENSG00000117480,228.46518484967,252
ENSG00000186642,228.233149985412,253
ENSG00000150867,226.873844609242,254
ENSG00000110076,226.101024814403,255
ENSG00000185518,226.02329909884,256
ENSG00000215912,225.671593868785,257
ENSG00000114124,225.070717988249,258
ENSG00000099139,225.046720868448,259
ENSG00000154065,224.729050323981,260
ENSG00000147234,224.659310690512,261
ENSG00000135046,224.249931487613,262
ENSG00000189057,223.138971463612,263
ENSG00000183844,222.277918005899,264
ENSG00000160439,221.993451385844,265
ENSG00000161040,221.884549767449,266
ENSG00000131435,221.399757173423,267
ENSG00000140470,221.358216517337,268
ENSG00000214756,220.977736219222,269
ENSG00000110536,220.940612212974,270
ENSG00000162722,218.518576232203,271
ENSG00000149926,218.046941568469,272
ENSG00000205560,217.798399336949,273
ENSG00000068831,217.169800895317,274
ENSG00000162571,216.770197828774,275
ENSG00000129354,216.348148231909,276
ENSG00000147036,216.053578666303,277
ENSG00000124103,215.642252008751,278
ENSG00000092068,214.963979597107,279
ENSG00000150722,214.655099261751,280
ENSG00000127022,214.187792545228,281
ENSG00000176092,214.185675231584,282
ENSG00000141622,213.616253263178,283
ENSG00000142046,213.454258507374,284
ENSG00000142182,212.746100272693,285
ENSG00000023892,212.525972930135,286
ENSG00000108375,212.366367130298,287
ENSG00000130147,212.352478179877,288
ENSG00000106328,212.107985066179,289
ENSG00000120949,212.005985641357,290
ENSG00000117595,211.837906220173,291
ENSG00000174844,211.778012390801,292
ENSG00000197013,211.0009584583,293
ENSG00000162745,210.542302390075,294
ENSG00000239839,210.294378255689,295
ENSG00000148680,210.049479005604,296
ENSG00000125630,209.961760346718,297
ENSG00000124215,209.81601956312,298
ENSG00000165633,209.599234647557,299
ENSG00000182329,209.478182201505,300
ENSG00000170482,209.071130208577,301
ENSG00000168477,209.05580693592,302
ENSG00000204219,208.711457259906,303
ENSG00000170855,208.096515206141,304
ENSG00000187905,208.069330104939,305
ENSG00000105650,207.090529690513,306
ENSG00000125787,206.73218187329,307
ENSG00000120725,206.548321173306,308
ENSG00000137270,206.395386990932,309
ENSG00000008394,206.338182730553,310
ENSG00000161638,205.793241845273,311
ENSG00000150527,205.612961122708,312
ENSG00000153495,205.555237003176,313
ENSG00000136404,205.52323944388,314
ENSG00000130202,205.474565000633,315
ENSG00000007264,205.376230505698,316
ENSG00000113263,204.672379728359,317
ENSG00000181826,204.02522069087,318
ENSG00000174776,203.828583106478,319
ENSG00000206557,203.813010949204,320
ENSG00000169508,202.813579834844,321
ENSG00000064692,201.896303506943,322
ENSG00000141232,201.461864645505,323
ENSG00000060971,201.305994569443,324
ENSG00000112541,201.040104206567,325
ENSG00000154146,200.632011179699,326
ENSG00000160124,200.006407225778,327
ENSG00000165832,199.649873877119,328
ENSG00000170571,199.372789898286,329
ENSG00000103460,199.351172886628,330
ENSG00000159055,199.315241651021,331
ENSG00000170074,198.993936600855,332
ENSG00000141837,198.854710198733,333
ENSG00000180938,198.844771713894,334
ENSG00000188011,196.938597943226,335
ENSG00000141744,196.758933418579,336
ENSG00000185818,196.637867939824,337
ENSG00000129195,196.365623171775,338
ENSG00000178078,195.858896964478,339
ENSG00000111670,195.807722469077,340
ENSG00000238243,195.734407736484,341
ENSG00000166147,195.412624296946,342
ENSG00000053328,195.33325995599,343
ENSG00000183048,194.805422068821,344
ENSG00000074696,194.272567469755,345
ENSG00000102743,194.222488718988,346
ENSG00000131503,193.558211049402,347
ENSG00000175336,193.474777416485,348
ENSG00000072952,193.368832404096,349
ENSG00000111843,193.146118445794,350
ENSG00000102755,192.920543708156,351
ENSG00000159403,192.572003227248,352
ENSG00000163673,192.152180488119,353
ENSG00000150510,191.62579980272,354
ENSG00000117154,191.200591722336,355
ENSG00000272636,191.031183572907,356
ENSG00000175782,190.709653228161,357
ENSG00000178127,189.828395974386,358
ENSG00000073756,189.491659098342,359
ENSG00000163472,188.928496927358,360
ENSG00000158417,188.57274022936,361
ENSG00000171772,188.164989854517,362
ENSG00000143603,188.043630661403,363
ENSG00000114757,187.979258012105,364
ENSG00000127129,187.88490257441,365
ENSG00000143365,187.247917480726,366
ENSG00000163902,187.184871610946,367
ENSG00000121310,187.000481823729,368
ENSG00000142173,186.83810001809,369
ENSG00000160593,186.739711853461,370
ENSG00000160219,186.316415834145,371
ENSG00000110881,186.069478683314,372
ENSG00000149925,185.853196775282,373
ENSG00000197102,185.505218698937,374
ENSG00000107242,185.418128748158,375
ENSG00000124356,184.938713190038,376
ENSG00000113448,184.70546816294,377
ENSG00000167094,184.60918335756,378
ENSG00000140987,184.397922953262,379
ENSG00000104866,184.040847169744,380
ENSG00000122986,183.864974501928,381
ENSG00000081041,183.640325021037,382
ENSG00000154975,183.253219485157,383
ENSG00000145819,183.217974302361,384
ENSG00000126970,182.90005400716,385
ENSG00000126246,182.538804725507,386
ENSG00000015532,182.209556163381,387
ENSG00000111913,181.964011327403,388
ENSG00000116199,181.209288441449,389
ENSG00000163739,180.896408011281,390
ENSG00000125971,180.827328834674,391
ENSG00000110876,180.17614244318,392
ENSG00000133106,179.822484199298,393
ENSG00000139531,179.372145152866,394
ENSG00000027644,177.78660998816,395
ENSG00000100739,177.765550420947,396
ENSG00000188833,177.719602062158,397
ENSG00000141424,176.764583316861,398
ENSG00000124762,176.743077308197,399
ENSG00000184988,176.47114073424,400
ENSG00000155066,176.461297758518,401
ENSG00000204186,176.381191261212,402
ENSG00000100554,175.857391556844,403
ENSG00000183117,175.557144432376,404
ENSG00000186115,175.332959687278,405
ENSG00000171903,174.512394817555,406
ENSG00000214688,174.10506616437,407
ENSG00000167476,173.288347689618,408
ENSG00000145451,173.185176486743,409
ENSG00000019549,173.16385406637,410
ENSG00000166963,172.125028188683,411
ENSG00000186951,172.028331768494,412
ENSG00000100979,171.771459480892,413
ENSG00000234511,171.557176256844,414
ENSG00000240403,171.20050023505,415
ENSG00000114993,171.186471235012,416
ENSG00000173988,170.693128560611,417
ENSG00000135838,170.46671931855,418
ENSG00000126838,170.005267384766,419
ENSG00000120318,169.975201482568,420
ENSG00000087116,169.688743613947,421
ENSG00000011523,169.302935808207,422
ENSG00000131055,168.226916864114,423
ENSG00000126561,168.082845935585,424
ENSG00000188167,167.937090396581,425
ENSG00000162062,167.705642324523,426
ENSG00000159423,167.43201455027,427
ENSG00000168710,166.72461393351,428
ENSG00000118705,166.479704740996,429
ENSG00000108591,166.477493201597,430
ENSG00000123684,166.036046921273,431
ENSG00000182700,165.965207393745,432
ENSG00000113645,165.739677747478,433
ENSG00000225190,165.670816795552,434
ENSG00000164342,165.574120513126,435
ENSG00000149054,164.766290592175,436
ENSG00000203727,164.730624641561,437
ENSG00000132522,164.245319930431,438
ENSG00000204287,163.757770508834,439
ENSG00000026751,163.610368237347,440
ENSG00000138964,163.286267150661,441
ENSG00000114346,163.235332021451,442
ENSG00000165475,163.109056092317,443
ENSG00000100079,162.653568533412,444
ENSG00000105699,162.597377112053,445
ENSG00000006837,162.316096261929,446
ENSG00000113161,162.025366646343,447
ENSG00000137106,162.017191856076,448
ENSG00000109445,161.433962886022,449
ENSG00000242616,161.065989421524,450
ENSG00000170734,160.986049803515,451
ENSG00000162441,160.906547305201,452
ENSG00000138379,160.608583465043,453
ENSG00000185414,160.035763808725,454
ENSG00000265817,159.88095449676,455
ENSG00000145113,159.396995115775,456
ENSG00000172819,159.331737998018,457
ENSG00000186212,158.698453878095,458
ENSG00000142949,157.985648972763,459
ENSG00000112494,157.925125323585,460
ENSG00000110315,157.806393553622,461
ENSG00000179115,157.615619741845,462
ENSG00000141576,157.165478841353,463
ENSG00000171872,156.960062445263,464
ENSG00000109084,156.941930975874,465
ENSG00000172817,156.874327327739,466
ENSG00000115525,156.805298489058,467
ENSG00000112406,156.78649986033,468
ENSG00000095539,155.794941224399,469
ENSG00000123405,155.633358827392,470
ENSG00000206075,155.586942650656,471
ENSG00000128050,155.56816453358,472
ENSG00000176601,155.051819885284,473
ENSG00000169402,154.920969062203,474
ENSG00000164241,154.629313162544,475
ENSG00000184185,154.583981227025,476
ENSG00000149654,154.315332244909,477
ENSG00000064419,153.818906126184,478
ENSG00000137700,153.70947591012,479
ENSG00000135457,153.503577587405,480
ENSG00000141905,153.402998212487,481
ENSG00000169087,153.207334685303,482
ENSG00000163463,153.121684462602,483
ENSG00000119139,153.051912817435,484
ENSG00000102218,152.825736644346,485
ENSG00000085465,152.799061691897,486
ENSG00000122779,152.785009138155,487
ENSG00000204149,152.690000552652,488
ENSG00000037757,151.94062646445,489
ENSG00000027869,151.440721529329,490
ENSG00000122547,151.350549520012,491
ENSG00000244607,151.328527064883,492
ENSG00000181924,150.847144446912,493
ENSG00000172578,150.448724992267,494
ENSG00000216490,150.235593506935,495
ENSG00000165810,149.95857968169,496
ENSG00000072210,149.655583928019,497
ENSG00000132432,149.633651255995,498
ENSG00000155307,149.590187470393,499
ENSG00000085998,149.57055860543,500
ENSG00000001630,149.509244181779,501
ENSG00000112619,149.428671436747,502
ENSG00000125166,149.132125670683,503
ENSG00000140968,149.021869759833,504
ENSG00000162729,148.631580904084,505
ENSG00000173040,148.293414905208,506
ENSG00000173171,147.582265294524,507
ENSG00000248099,147.282768613834,508
ENSG00000115211,146.824139401862,509
ENSG00000108582,146.141791076632,510
ENSG00000066230,145.634331243423,511
ENSG00000104177,144.673645044659,512
ENSG00000163064,144.156452964329,513
ENSG00000140254,144.125226075619,514
ENSG00000102265,144.123090836372,515
ENSG00000111252,143.765763066623,516
ENSG00000128059,143.531604638624,517
ENSG00000077454,143.049968338247,518
ENSG00000163050,142.951158401395,519
ENSG00000008128,142.891843431835,520
ENSG00000139767,142.627399991091,521
ENSG00000184613,142.525835833051,522
ENSG00000159692,142.070483633943,523
ENSG00000128602,141.987823628138,524
ENSG00000185262,141.791652261435,525
ENSG00000167613,141.753071696313,526
ENSG00000177548,141.622650596406,527
ENSG00000139641,141.374607644567,528
ENSG00000240972,140.817216106271,529
ENSG00000114541,140.629009220228,530
ENSG00000129675,140.596228061954,531
ENSG00000172339,140.565281620458,532
ENSG00000124469,139.789273123541,533
ENSG00000167085,139.436884235405,534
ENSG00000175390,138.377796503239,535
ENSG00000106006,138.139651554974,536
ENSG00000243716,137.896009911076,537
ENSG00000175931,137.818135739234,538
ENSG00000231389,137.612793042166,539
ENSG00000176402,137.496136442901,540
ENSG00000180611,137.459657842832,541
ENSG00000150773,137.366743161104,542
ENSG00000135116,137.097202563899,543
ENSG00000116478,137.079906917607,544
ENSG00000173715,136.957114184766,545
ENSG00000186451,136.888857097907,546
ENSG00000197816,136.430259328787,547
ENSG00000185864,136.109229962648,548
ENSG00000010704,135.97979602277,549
ENSG00000015479,135.916682631941,550
ENSG00000120899,135.910783334007,551
ENSG00000232112,135.771903604848,552
ENSG00000197093,135.449542232371,553
ENSG00000168268,135.262087080739,554
ENSG00000073737,135.193375928135,555
ENSG00000184305,135.057317963163,556
ENSG00000115020,134.915876866169,557
ENSG00000138821,134.704331724582,558
ENSG00000143878,134.70012623922,559
ENSG00000165949,134.496056534613,560
ENSG00000135114,134.459290610018,561
ENSG00000167799,133.843376735898,562
ENSG00000007923,133.709051764254,563
ENSG00000174137,133.454061291831,564
ENSG00000134207,132.946018188268,565
ENSG00000136895,132.651088096943,566
ENSG00000101752,132.354942487314,567
ENSG00000173110,132.112106145123,568
ENSG00000198633,132.100651747849,569
ENSG00000106460,131.836577843553,570
ENSG00000143450,131.818452013171,571
ENSG00000143570,131.697387203232,572
ENSG00000179477,131.450696579576,573
ENSG00000198794,131.279090577657,574
ENSG00000215845,131.116005467633,575
ENSG00000028277,130.850262740255,576
ENSG00000168056,130.766251806257,577
ENSG00000197496,130.590493174802,578
ENSG00000120756,130.426192406946,579
ENSG00000137968,130.267782543485,580
ENSG00000139410,130.126996580811,581
ENSG00000090539,129.427010959898,582
ENSG00000070388,129.371667762495,583
ENSG00000123191,129.185354940063,584
ENSG00000124713,129.160706361058,585
ENSG00000133250,128.821915840375,586
ENSG00000243708,128.467230126752,587
ENSG00000143631,128.463829123137,588
ENSG00000167553,128.22834252281,589
ENSG00000021355,128.14227270774,590
ENSG00000171451,127.865155777487,591
ENSG00000107104,127.599306837748,592
ENSG00000168490,127.36586461918,593
ENSG00000082397,127.341254924626,594
ENSG00000164904,127.138832065915,595
ENSG00000065361,127.129843415276,596
ENSG00000163812,127.12005876263,597
ENSG00000105383,126.772417055144,598
ENSG00000083520,126.380830514383,599
ENSG00000110987,126.307235759618,600
ENSG00000266967,126.298417114314,601
ENSG00000176095,126.200051735822,602
ENSG00000168878,126.137331802719,603
ENSG00000165819,125.848513951555,604
ENSG00000105880,125.532450096309,605
ENSG00000204316,125.38295511566,606
ENSG00000254206,125.192541196609,607
ENSG00000223501,125.070226430647,608
ENSG00000167004,124.99564261545,609
ENSG00000105583,124.903699115868,610
ENSG00000109111,124.874163614878,611
ENSG00000168071,124.66418304419,612
ENSG00000183336,124.627772844131,613
ENSG00000239900,124.350133383371,614
ENSG00000133069,124.270034654049,615
ENSG00000163823,124.198786070168,616
ENSG00000127774,124.193870831559,617
ENSG00000146223,124.130437012732,618
ENSG00000154783,124.118932625564,619
ENSG00000139567,124.018770118265,620
ENSG00000162069,123.998207346958,621
ENSG00000164520,123.84168139124,622
ENSG00000197283,123.699667124576,623
ENSG00000187778,123.039336444036,624
ENSG00000163106,122.755803648137,625
ENSG00000169704,122.679511873976,626
ENSG00000130545,122.679295441304,627
ENSG00000136068,122.669569416033,628
ENSG00000073849,122.659170542429,629
ENSG00000182326,122.549284012829,630
ENSG00000112473,122.353341502788,631
ENSG00000117425,122.325887115625,632
ENSG00000184162,122.212547708701,633
ENSG00000221946,121.775891439233,634
ENSG00000146733,121.723830127047,635
ENSG00000198087,121.493978314386,636
ENSG00000140263,121.472490595585,637
ENSG00000121905,121.227428728987,638
ENSG00000129038,121.176927752981,639
ENSG00000155189,121.125205129138,640
ENSG00000165474,121.021527791748,641
ENSG00000130881,121.01507609748,642
ENSG00000065618,120.899534079684,643
ENSG00000127325,120.602861357915,644
ENSG00000128311,120.583425764179,645
ENSG00000108576,120.447808038945,646
ENSG00000086570,120.192669980135,647
ENSG00000137673,119.846845563214,648
ENSG00000179583,119.803107545083,649
ENSG00000162928,119.698839677268,650
ENSG00000101255,119.651710390294,651
ENSG00000164086,119.566341472323,652
ENSG00000150275,119.408193625632,653
ENSG00000133835,119.171958124554,654
ENSG00000143502,118.823967271152,655
ENSG00000187800,118.797505008349,656
ENSG00000130707,118.358741561117,657
ENSG00000164509,118.158029085292,658
ENSG00000169126,117.956217137058,659
ENSG00000119242,117.788333066443,660
ENSG00000163508,117.688143289013,661
ENSG00000166483,117.614204928072,662
ENSG00000158457,117.523264841593,663
ENSG00000127980,117.393577290073,664
ENSG00000103485,117.290551615299,665
ENSG00000187097,117.12557587834,666
ENSG00000231256,117.11925515473,667
ENSG00000090674,116.528248452163,668
ENSG00000064703,116.51930242324,669
ENSG00000155097,116.357011556745,670
ENSG00000096696,116.314992731993,671
ENSG00000165655,116.07175774939,672
ENSG00000111642,115.936283946557,673
ENSG00000130830,115.579341713407,674
ENSG00000110660,115.571535605147,675
ENSG00000172889,115.530400736068,676
ENSG00000111666,115.515665583494,677
ENSG00000182885,115.133241476187,678
ENSG00000121577,115.098039935939,679
ENSG00000196639,114.840794102947,680
ENSG00000198515,114.454488405651,681
ENSG00000180447,114.449962371857,682
ENSG00000196218,114.180694742469,683
ENSG00000162927,114.119412703886,684
ENSG00000162885,113.926575147127,685
ENSG00000197892,113.75241954787,686
ENSG00000134247,113.563219119186,687
ENSG00000154721,113.537227071413,688
ENSG00000008311,113.480466890443,689
ENSG00000172296,113.302637560915,690
ENSG00000004948,113.269549472167,691
ENSG00000142920,113.177657382753,692
ENSG00000130701,113.172378025777,693
ENSG00000203784,112.25776999895,694
ENSG00000138039,111.962315188977,695
ENSG00000054793,111.931946294977,696
ENSG00000130772,111.924906980165,697
ENSG00000169427,111.918518857125,698
ENSG00000225556,111.763906812587,699
ENSG00000118596,111.683275991731,700
ENSG00000111962,111.637393213725,701
ENSG00000125731,111.532663164142,702
ENSG00000011243,111.490702281258,703
ENSG00000165685,111.436003844542,704
ENSG00000183346,111.362132288469,705
ENSG00000181019,111.268577720227,706
ENSG00000159885,111.064299581403,707
ENSG00000129159,110.61481068147,708
ENSG00000188921,110.328576874668,709
ENSG00000213614,109.968898710725,710
ENSG00000267673,109.536963488396,711
ENSG00000143106,109.101806573531,712
ENSG00000117226,109.046266141374,713
ENSG00000219435,108.767265392364,714
ENSG00000137098,108.678508040564,715
ENSG00000052344,108.530944526291,716
ENSG00000074201,108.522125678485,717
ENSG00000124664,108.44672608845,718
ENSG00000091879,108.367567989453,719
ENSG00000136051,108.286479693453,720
ENSG00000122218,108.27297853742,721
ENSG00000135324,108.155703708954,722
ENSG00000111450,108.15085796916,723
ENSG00000176533,108.09989013109,724
ENSG00000235109,107.990009475376,725
ENSG00000171045,107.933996512408,726
ENSG00000141161,107.684551482358,727
ENSG00000196497,107.630543363383,728
ENSG00000133083,107.245552143032,729
ENSG00000145337,107.23146409911,730
ENSG00000130347,107.08486068815,731
ENSG00000095261,106.956447788695,732
ENSG00000177519,106.664723146238,733
ENSG00000173218,106.476752697365,734
ENSG00000178343,106.428506082461,735
ENSG00000188037,106.290978752068,736
ENSG00000197565,105.976518149107,737
ENSG00000169213,105.620160495541,738
ENSG00000129255,105.343393095771,739
ENSG00000104889,105.289422813444,740
ENSG00000243646,105.159118142819,741
ENSG00000241343,104.893508157929,742
ENSG00000253719,104.457603689048,743
ENSG00000071246,104.409715175718,744
ENSG00000115204,104.320216611161,745
ENSG00000160325,104.167654898187,746
ENSG00000177565,104.031993092096,747
ENSG00000172663,103.954456598907,748
ENSG00000164398,103.871214919623,749
ENSG00000205220,103.848815063318,750
ENSG00000198756,103.768332680633,751
ENSG00000166394,103.642611065972,752
ENSG00000071894,103.359457944123,753
ENSG00000161031,103.277609283998,754
ENSG00000184012,103.104401008907,755
ENSG00000166446,103.03975260985,756
ENSG00000178917,102.572284918024,757
ENSG00000130349,102.462572925854,758
ENSG00000176410,102.453519465425,759
ENSG00000166260,102.410539108188,760
ENSG00000182551,102.367817792027,761
ENSG00000051009,102.317623886749,762
ENSG00000125850,102.243361408836,763
ENSG00000186994,102.241364093678,764
ENSG00000169223,102.101522826807,765
ENSG00000184719,102.036719363145,766
ENSG00000155926,101.92176425724,767
ENSG00000239264,101.571612924598,768
ENSG00000215595,101.480981575826,769
ENSG00000107295,101.423387495824,770
ENSG00000112033,101.196005518116,771
ENSG00000168297,101.108567709888,772
ENSG00000082781,101.016909680284,773
ENSG00000185972,101.003095242898,774
ENSG00000100365,100.823137159722,775
ENSG00000126500,100.679554958693,776
ENSG00000186847,100.679279902911,777
ENSG00000117543,100.642780767988,778
ENSG00000112167,100.413308759675,779
ENSG00000117385,100.328362575033,780
ENSG00000122257,100.271586440352,781
ENSG00000172955,100.038890579524,782
ENSG00000144021,99.982824022429,783
ENSG00000127084,99.8618788540221,784
ENSG00000174498,99.8517044496112,785
ENSG00000181789,99.6707780074334,786
ENSG00000092009,99.6648472736877,787
ENSG00000176920,99.6248022845687,788
ENSG00000182196,99.5996800448236,789
ENSG00000139292,99.5996711388211,790
ENSG00000259571,99.2019975082048,791
ENSG00000065609,99.1305957501499,792
ENSG00000085662,98.9393134079547,793
ENSG00000157657,98.6991704036264,794
ENSG00000152670,98.543302557522,795
ENSG00000125510,98.5052535482128,796
ENSG00000183508,98.3481897236146,797
ENSG00000203811,98.1530070931192,798
ENSG00000091592,97.6250643726813,799
ENSG00000166743,97.3912704843453,800
ENSG00000112893,97.3858112911932,801
ENSG00000153574,97.3034386683901,802
ENSG00000149050,97.114534948329,803
ENSG00000064201,97.1024668982918,804
ENSG00000167384,97.0987987322463,805
ENSG00000197808,97.052944605873,806
ENSG00000070214,97.0364511419033,807
ENSG00000135069,97.0122644695893,808
ENSG00000161533,97.011108153785,809
ENSG00000115602,97.0013655604012,810
ENSG00000146233,96.7008267195356,811
ENSG00000132603,96.564533466621,812
ENSG00000214274,96.4863333164415,813
ENSG00000272325,96.3889917595255,814
ENSG00000182107,96.3733548782411,815
ENSG00000166828,96.2551242155931,816
ENSG00000100084,96.1635957978575,817
ENSG00000203926,96.0922731378181,818
ENSG00000125868,96.0669863136067,819
ENSG00000144730,95.9844560777061,820
ENSG00000137804,95.8931776216748,821
ENSG00000104325,95.8540826698743,822
ENSG00000179455,95.8239468098142,823
ENSG00000162552,95.8019577820769,824
ENSG00000006756,95.6369739383076,825
ENSG00000127419,95.591663866236,826
ENSG00000160633,95.2613054195787,827
ENSG00000131951,94.9420851220179,828
ENSG00000115616,94.9086314864077,829
ENSG00000204920,94.8796754075764,830
ENSG00000142408,94.8718109747501,831
ENSG00000150787,94.8716316057166,832
ENSG00000163840,94.6731871126568,833
ENSG00000137266,94.6544000871474,834
ENSG00000140009,94.569135478834,835
ENSG00000151914,94.5049857646204,836
ENSG00000135604,94.4010285569031,837
ENSG00000171444,94.2507854411324,838
ENSG00000087995,93.928844020576,839
ENSG00000111325,93.802630652854,840
ENSG00000241697,93.8013710666574,841
ENSG00000124466,93.7126911552176,842
ENSG00000188112,93.7116704992287,843
ENSG00000169083,93.4610399758854,844
ENSG00000120322,93.3170400476472,845
ENSG00000105379,93.3036694245147,846
ENSG00000137274,93.2481970142434,847
ENSG00000183691,93.155260895985,848
ENSG00000196943,92.9909861860904,849
ENSG00000134775,92.8964807401888,850
ENSG00000167178,92.8380817200971,851
ENSG00000157388,92.6679754429027,852
ENSG00000162641,92.5426971917315,853
ENSG00000143158,92.5163080239756,854
ENSG00000155792,92.3847173675921,855
ENSG00000169621,92.3643826250271,856
ENSG00000147166,92.3451864912159,857
ENSG00000256683,92.3179926123215,858
ENSG00000188868,92.2882675923559,859
ENSG00000142515,92.2103325507902,860
ENSG00000187601,92.1314634255185,861
ENSG00000060642,91.9476255143934,862
ENSG00000158716,91.9369296562365,863
ENSG00000131069,91.8906689415464,864
ENSG00000100433,91.8593715475849,865
ENSG00000181061,91.5823514011088,866
ENSG00000102977,91.460652565142,867
ENSG00000173486,91.1627912348369,868
ENSG00000142185,91.1130958887292,869
ENSG00000096264,91.0245256429678,870
ENSG00000176845,90.9596906872696,871
ENSG00000254726,90.7768008414654,872
ENSG00000180694,90.7588533065502,873
ENSG00000162496,90.5834921978986,874
ENSG00000169860,90.4631479223838,875
ENSG00000173801,90.4479365743389,876
ENSG00000164587,90.3951787863035,877
ENSG00000155099,89.9281512915746,878
ENSG00000143486,89.8764439646404,879
ENSG00000081791,89.8589288178679,880
ENSG00000196990,89.7284140474409,881
ENSG00000182264,89.6796140430598,882
ENSG00000131373,89.5546687594888,883
ENSG00000064218,89.1609222765746,884
ENSG00000066044,88.7949177053072,885
ENSG00000135390,88.7067625126513,886
ENSG00000178726,88.4779004992073,887
ENSG00000076924,88.2892492930898,888
ENSG00000142233,88.1505881133684,889
ENSG00000205133,88.1244915131337,890
ENSG00000005961,88.1237032705277,891
ENSG00000130475,88.0560918975426,892
ENSG00000170296,88.0306301101691,893
ENSG00000152578,87.9804085102402,894
ENSG00000151366,87.9683849660403,895
ENSG00000262814,87.9233233693919,896
ENSG00000178695,87.831277828488,897
ENSG00000143578,87.8261032961141,898
ENSG00000141867,87.7805098299606,899
ENSG00000077274,87.7793338156911,900
ENSG00000186487,87.539127491685,901
ENSG00000140941,87.3768067645888,902
ENSG00000244274,87.2799314944542,903
ENSG00000166507,87.2517546097517,904
ENSG00000139330,87.1438973691645,905
ENSG00000004487,87.077623927962,906
ENSG00000129451,87.0767841628186,907
ENSG00000005102,87.0187168152913,908
ENSG00000155890,86.9292724420936,909
ENSG00000173598,86.8776578631776,910
ENSG00000136541,86.784584639566,911
ENSG00000183780,86.7457191711046,912
ENSG00000187775,86.7063821500286,913
ENSG00000117748,86.5341840786767,914
ENSG00000164404,86.4435909870538,915
ENSG00000130045,86.3906752944392,916
ENSG00000150687,86.3624162676248,917
ENSG00000197557,86.3032786431225,918
ENSG00000110427,86.2004530110742,919
ENSG00000081692,86.1358739132086,920
ENSG00000083838,86.1126805336817,921
ENSG00000187955,86.0404794212924,922
ENSG00000164466,86.0396221547664,923
ENSG00000165689,85.9481667170574,924
ENSG00000105808,85.6276374035678,925
ENSG00000155886,85.5975455956831,926
ENSG00000197417,85.3807718884186,927
ENSG00000073754,85.3406134964513,928
ENSG00000104903,85.1611560130193,929
ENSG00000136147,85.1103231916081,930
ENSG00000221818,85.0537813722266,931
ENSG00000115364,85.0334394571881,932
ENSG00000178301,85.0210799635863,933
ENSG00000092036,84.9770756942705,934
ENSG00000177479,84.9372160804707,935
ENSG00000148219,84.9153667626975,936
ENSG00000078902,84.5623661565941,937
ENSG00000167601,84.5451071928764,938
ENSG00000127152,84.4861829595282,939
ENSG00000143543,84.4767676328368,940
ENSG00000182240,84.2989350977908,941
ENSG00000163412,84.207345941998,942
ENSG00000185662,84.0527524841176,943
ENSG00000179242,84.0285447237115,944
ENSG00000158301,84.0180775776575,945
ENSG00000123610,83.9830925645864,946
ENSG00000116857,83.8995291760494,947
ENSG00000225830,83.8830760615202,948
ENSG00000139998,83.8793952832415,949
ENSG00000124731,83.8747690731263,950
ENSG00000151892,83.7749979480821,951
ENSG00000244694,83.7620213934772,952
ENSG00000103316,83.7277185429554,953
ENSG00000158125,83.5753510515401,954
ENSG00000033627,83.562367349577,955
ENSG00000197061,83.4709980144663,956
ENSG00000100154,83.4469045574223,957
ENSG00000150477,83.3059415147133,958
ENSG00000101842,83.1946262951643,959
ENSG00000112996,83.1856425569889,960
ENSG00000108839,83.0015676065649,961
ENSG00000241360,82.987873494233,962
ENSG00000108106,82.8395372496288,963
ENSG00000188580,82.7957025025918,964
ENSG00000156574,82.766734093766,965
ENSG00000130733,82.734616866455,966
ENSG00000024422,82.7317539943627,967
ENSG00000187699,82.6390248368588,968
ENSG00000242220,82.4313012940656,969
ENSG00000189099,82.3791809289951,970
ENSG00000173338,82.3524056750022,971
ENSG00000197714,82.3244765111998,972
ENSG00000071054,82.2240738736504,973
ENSG00000118690,82.1189387800993,974
ENSG00000163216,82.0170963494326,975
ENSG00000100532,81.9824605909467,976
ENSG00000180834,81.9640419472979,977
ENSG00000165025,81.9542747447044,978
ENSG00000132581,81.9467226206811,979
ENSG00000168280,81.744718441664,980
ENSG00000203705,81.7180035376785,981
ENSG00000171777,81.6172674613604,982
ENSG00000177627,81.5725598811242,983
ENSG00000188051,81.553873648794,984
ENSG00000182983,81.4354938865125,985
ENSG00000062038,81.2369205205401,986
ENSG00000196358,81.2137521844492,987
ENSG00000184489,81.1444918197212,988
ENSG00000183395,81.1256789260931,989
ENSG00000171492,81.1018491440238,990
ENSG00000256671,81.0400602499412,991
ENSG00000196565,80.8854272558549,992
ENSG00000184470,80.8517913294762,993
ENSG00000180071,80.7700131240537,994
ENSG00000170370,80.7677821842888,995
ENSG00000240891,80.648943155651,996
ENSG00000167748,80.5908009542312,997
ENSG00000197410,80.3453661774733,998
ENSG00000212993,80.2561223623592,999
ENSG00000091262,80.109367268696,1000
ENSG00000177990,80.0170207018551,1001
ENSG00000092964,79.8455353748158,1002
ENSG00000058063,79.6627195438382,1003
ENSG00000183023,79.6011560565061,1004
ENSG00000164418,79.5727797303921,1005
ENSG00000181381,79.5592128971997,1006
ENSG00000166257,79.4747350215965,1007
ENSG00000198901,79.3700328306488,1008
ENSG00000185666,79.2246133348581,1009
ENSG00000163806,79.2212241208016,1010
ENSG00000164284,79.1552056041206,1011
ENSG00000204131,79.1082971125407,1012
ENSG00000164638,78.9000663874704,1013
ENSG00000144040,78.7752364534213,1014
ENSG00000176563,78.6808558324524,1015
ENSG00000221867,78.4582151359054,1016
ENSG00000131910,78.2628961630449,1017
ENSG00000100558,78.1478606216274,1018
ENSG00000091704,77.9954765439195,1019
ENSG00000162526,77.8648341812517,1020
ENSG00000099958,77.8612662042107,1021
ENSG00000179348,77.8397381623809,1022
ENSG00000185900,77.7393661534986,1023
ENSG00000112486,77.5461417512822,1024
ENSG00000117862,77.4709418884234,1025
ENSG00000119004,77.4189538881596,1026
ENSG00000165501,77.3800118810521,1027
ENSG00000182809,77.3614723249544,1028
ENSG00000174564,77.1180943715154,1029
ENSG00000178460,76.808187233273,1030
ENSG00000081479,76.7918641093975,1031
ENSG00000107833,76.7192551302328,1032
ENSG00000256294,76.6390519017986,1033
ENSG00000254535,76.5886242161588,1034
ENSG00000140905,76.4841980324259,1035
ENSG00000125246,76.4447056613498,1036
ENSG00000115207,76.3217157404751,1037
ENSG00000146674,76.3143852987669,1038
ENSG00000167112,76.2964963855601,1039
ENSG00000134765,76.244344918986,1040
ENSG00000172543,76.1527035600491,1041
ENSG00000067992,76.1376113595492,1042
ENSG00000173418,76.1283924708786,1043
ENSG00000183153,76.1009298514334,1044
ENSG00000131697,75.9609530749412,1045
ENSG00000154743,75.7869506399685,1046
ENSG00000119321,75.6243959557316,1047
ENSG00000081277,75.5656241305272,1048
ENSG00000169682,75.5633542739043,1049
ENSG00000141314,75.2621909484725,1050
ENSG00000101333,75.2457516155389,1051
ENSG00000100413,75.1840198777211,1052
ENSG00000213983,75.1558905393094,1053
ENSG00000125962,75.0688002913312,1054
ENSG00000176406,74.9951997071395,1055
ENSG00000104327,74.9209314165382,1056
ENSG00000116288,74.9023868492358,1057
ENSG00000116396,74.802886526332,1058
ENSG00000139178,74.7981769465832,1059
ENSG00000188643,74.7667981584175,1060
ENSG00000109805,74.5897848885867,1061
ENSG00000171385,74.5801619610236,1062
ENSG00000116791,74.4564919577449,1063
ENSG00000123154,74.4047724390864,1064
ENSG00000101463,74.0199351997191,1065
ENSG00000035115,74.0083782485754,1066
ENSG00000174607,73.9047493883622,1067
ENSG00000112293,73.85775623896,1068
ENSG00000143742,73.8570228384391,1069
ENSG00000172748,73.7804338885702,1070
ENSG00000125148,73.5165863508104,1071
ENSG00000241370,73.4768646569503,1072
ENSG00000105750,73.4637162907743,1073
ENSG00000163814,73.4011784763101,1074
ENSG00000088386,73.313632181774,1075
ENSG00000173809,73.1403216799663,1076
ENSG00000125149,72.9915635113892,1077
ENSG00000090554,72.9548529129917,1078
ENSG00000236699,72.881280245305,1079
ENSG00000135439,72.8627692562513,1080
ENSG00000164659,72.8260191145484,1081
ENSG00000121957,72.7540901763905,1082
ENSG00000121039,72.6853339076995,1083
ENSG00000128595,72.6845218693614,1084
ENSG00000143520,72.5578988514623,1085
ENSG00000080603,72.5334485818101,1086
ENSG00000004809,72.2822372310302,1087
ENSG00000124785,72.1728750886838,1088
ENSG00000214290,72.0593299114867,1089
ENSG00000219481,72.026290937502,1090
ENSG00000114270,71.8073151192926,1091
ENSG00000177706,71.7761901143466,1092
ENSG00000091831,71.5542678345029,1093
ENSG00000198523,71.4264559277796,1094
ENSG00000036448,71.4095439391571,1095
ENSG00000167985,71.4070397519089,1096
ENSG00000139970,71.3992265187999,1097
ENSG00000163702,71.3963202704823,1098
ENSG00000175756,71.3121222268669,1099
ENSG00000141384,71.0637190936324,1100
ENSG00000168610,71.0570273601755,1101
ENSG00000140945,70.9036908042482,1102
ENSG00000153250,70.7935891389623,1103
ENSG00000177459,70.7893956253333,1104
ENSG00000166923,70.7401536212126,1105
ENSG00000137817,70.5068469122837,1106
ENSG00000182670,70.4694494487163,1107
ENSG00000127914,70.2737770710164,1108
ENSG00000248098,70.2318122256734,1109
ENSG00000115008,70.1491187851505,1110
ENSG00000118495,70.0522278275603,1111
ENSG00000197647,69.9628362998069,1112
ENSG00000146802,69.8936790694069,1113
ENSG00000205867,69.8729474457252,1114
ENSG00000102760,69.8624252643683,1115
ENSG00000106178,69.7091417090043,1116
ENSG00000161082,69.7043539386179,1117
ENSG00000182774,69.655727879285,1118
ENSG00000187210,69.486183328853,1119
ENSG00000127507,69.4502760009256,1120
ENSG00000153904,69.4313315114081,1121
ENSG00000153395,69.4279796921008,1122
ENSG00000129204,69.3238755891171,1123
ENSG00000142156,69.3048956534599,1124
ENSG00000171865,69.1827973447121,1125
ENSG00000187513,69.1760936673469,1126
ENSG00000007202,69.1445003220271,1127
ENSG00000163083,69.0801200394764,1128
ENSG00000105048,69.0224147715589,1129
ENSG00000119411,68.9409133539499,1130
ENSG00000087076,68.9213416898782,1131
ENSG00000140563,68.8938741589672,1132
ENSG00000101335,68.8797760099243,1133
ENSG00000188677,68.8231170942147,1134
ENSG00000198130,68.4549746131034,1135
ENSG00000154263,68.4107108989066,1136
ENSG00000116783,68.2636130252671,1137
ENSG00000250423,67.8838183509158,1138
ENSG00000214736,67.8339969481689,1139
ENSG00000128849,67.810478052494,1140
ENSG00000104808,67.6062692422825,1141
ENSG00000257949,67.4011111595676,1142
ENSG00000123472,67.3843839925034,1143
ENSG00000165322,67.1793336428406,1144
ENSG00000174233,67.0599007433627,1145
ENSG00000118680,66.928813142216,1146
ENSG00000061676,66.9282345965424,1147
ENSG00000237440,66.7612082107893,1148
ENSG00000176020,66.6674481510721,1149
ENSG00000185883,66.5879048743615,1150
ENSG00000007314,66.5552521293291,1151
ENSG00000149527,66.5341035283876,1152
ENSG00000162959,66.4625891209602,1153
ENSG00000101084,66.4553752767656,1154
ENSG00000120075,66.4176075335676,1155
ENSG00000145147,66.4158709340189,1156
ENSG00000011083,66.3653293328414,1157
ENSG00000049249,66.3573670189968,1158
ENSG00000117266,66.3125592133233,1159
ENSG00000121764,66.2667360412599,1160
ENSG00000108932,66.178050507409,1161
ENSG00000070731,66.1403209329972,1162
ENSG00000161681,65.890878392518,1163
ENSG00000088053,65.8636184432688,1164
ENSG00000100167,65.7957178337973,1165
ENSG00000214300,65.7501596438583,1166
ENSG00000213366,65.5836578806383,1167
ENSG00000056972,65.5465264396543,1168
ENSG00000105085,65.4666423271028,1169
ENSG00000118137,65.4521820490541,1170
ENSG00000158987,65.4185893335128,1171
ENSG00000168143,65.3698095255412,1172
ENSG00000139574,65.3431005748815,1173
ENSG00000204120,65.3118076888553,1174
ENSG00000240053,65.2575886731047,1175
ENSG00000105220,65.2367661865494,1176
ENSG00000123700,65.125365238197,1177
ENSG00000197429,65.0831075416695,1178
ENSG00000167363,65.0539095332117,1179
ENSG00000163428,64.8335416802442,1180
ENSG00000169855,64.5753367336478,1181
ENSG00000111700,64.5723594996126,1182
ENSG00000039068,64.5669535381528,1183
ENSG00000182685,64.5376191808253,1184
ENSG00000106588,64.4877298327999,1185
ENSG00000164900,64.4438737026118,1186
ENSG00000162601,64.4112884536591,1187
ENSG00000214944,64.3896968235045,1188
ENSG00000198839,64.3074107377924,1189
ENSG00000134986,64.1353332137771,1190
ENSG00000158683,64.0856274426291,1191
ENSG00000162669,64.0319250702803,1192
ENSG00000138413,64.0244361281818,1193
ENSG00000134215,64.0142752757785,1194
ENSG00000254505,63.9145373217185,1195
ENSG00000166451,63.8361982575504,1196
ENSG00000257727,63.7786910885161,1197
ENSG00000198774,63.751736415871,1198
ENSG00000113073,63.7418604604882,1199
ENSG00000161958,63.7190851722781,1200
ENSG00000125037,63.6481791619757,1201
ENSG00000095321,63.4558502518912,1202
ENSG00000109062,63.3855057400496,1203
ENSG00000131379,63.3671637692824,1204
ENSG00000101605,63.3395982517983,1205
ENSG00000187736,63.3143142674842,1206
ENSG00000165752,63.304328365906,1207
ENSG00000176153,63.1679809758347,1208
ENSG00000188910,62.9653056932911,1209
ENSG00000141736,62.950615683488,1210
ENSG00000168282,62.8819194459732,1211
ENSG00000157150,62.8258170373957,1212
ENSG00000162989,62.6522716994275,1213
ENSG00000151846,62.6157529262539,1214
ENSG00000151743,62.5452217623697,1215
ENSG00000243725,62.5339275269583,1216
ENSG00000171862,62.4871789048347,1217
ENSG00000171476,62.4832406516738,1218
ENSG00000187498,62.3799638239473,1219
ENSG00000107736,62.3584301067121,1220
ENSG00000183741,62.3308410974868,1221
ENSG00000172594,62.1432568345183,1222
ENSG00000138448,61.9881580331556,1223
ENSG00000110025,61.8589501322765,1224
ENSG00000163694,61.8562412066081,1225
ENSG00000130294,61.7881517392798,1226
ENSG00000013288,61.7007016173184,1227
ENSG00000162068,61.6154721310039,1228
ENSG00000177105,61.5797613639018,1229
ENSG00000148090,61.5676972566118,1230
ENSG00000091656,61.4520283216871,1231
ENSG00000159166,61.4298338919384,1232
ENSG00000064989,61.4022864585996,1233
ENSG00000167165,61.3467874802965,1234
ENSG00000111859,61.3125304244939,1235
ENSG00000109511,61.2764307510037,1236
ENSG00000087085,61.238853895612,1237
ENSG00000005379,61.2338591786433,1238
ENSG00000161960,61.216685107722,1239
ENSG00000044524,61.1557684536389,1240
ENSG00000241635,61.1293361906532,1241
ENSG00000173013,61.1099338914019,1242
ENSG00000110852,61.012568811274,1243
ENSG00000123243,61.0078063381657,1244
ENSG00000175066,60.9105508258833,1245
ENSG00000170909,60.6709132771598,1246
ENSG00000122674,60.5904313018776,1247
ENSG00000106236,60.5724599176039,1248
ENSG00000151779,60.4946932051719,1249
ENSG00000104835,60.4865051385368,1250
ENSG00000187244,60.4850430047712,1251
ENSG00000137857,60.4411150457677,1252
ENSG00000115457,60.3894477305554,1253
ENSG00000104728,60.2514450933195,1254
ENSG00000106246,60.2470198044913,1255
ENSG00000077348,60.2303733930263,1256
ENSG00000113966,60.1515753827063,1257
ENSG00000122304,59.9950794150105,1258
ENSG00000060140,59.9484582966601,1259
ENSG00000166450,59.9332613953306,1260
ENSG00000141873,59.8573410859149,1261
ENSG00000099617,59.8449451797011,1262
ENSG00000176463,59.8305137820322,1263
ENSG00000065989,59.767803964031,1264
ENSG00000184731,59.3283317135428,1265
ENSG00000123388,59.3045157204417,1266
ENSG00000070785,58.9927770925718,1267
ENSG00000074317,58.9244491413741,1268
ENSG00000104413,58.8899734152685,1269
ENSG00000196611,58.8018753966725,1270
ENSG00000160161,58.5758350075625,1271
ENSG00000178026,58.5264784739329,1272
ENSG00000182108,58.4032933497978,1273
ENSG00000101407,58.2926422190969,1274
ENSG00000115232,58.2431638326027,1275
ENSG00000250510,58.1561176153561,1276
ENSG00000164287,58.0865623989003,1277
ENSG00000169403,58.0826080165826,1278
ENSG00000169981,58.0151382222184,1279
ENSG00000134531,58.0106655674968,1280
ENSG00000162946,57.9798430267475,1281
ENSG00000138944,57.9487437644703,1282
ENSG00000115705,57.9314698738735,1283
ENSG00000169469,57.8549752252894,1284
ENSG00000136720,57.8405394101976,1285
ENSG00000239474,57.7562292501772,1286
ENSG00000161652,57.6244497512587,1287
ENSG00000125551,57.2921021822238,1288
ENSG00000153048,57.2659476266693,1289
ENSG00000155158,57.2443556578371,1290
ENSG00000134343,57.1141154309601,1291
ENSG00000112379,57.1128214624851,1292
ENSG00000110203,57.0521591151954,1293
ENSG00000186334,57.0265354975831,1294
ENSG00000171617,57.0109245847539,1295
ENSG00000213413,56.9481308695863,1296
ENSG00000169851,56.9456984176863,1297
ENSG00000242028,56.7330734387332,1298
ENSG00000105855,56.6743804536856,1299
ENSG00000105402,56.6431404970735,1300
ENSG00000243480,56.6312577122706,1301
ENSG00000172345,56.4649460113557,1302
ENSG00000179593,56.3917961388901,1303
ENSG00000137573,56.2645886233829,1304
ENSG00000135709,56.2085766021661,1305
ENSG00000183087,56.1581625182952,1306
ENSG00000131153,56.135955331433,1307
ENSG00000062524,56.1075983497434,1308
ENSG00000112742,56.0216042297213,1309
ENSG00000141452,55.9098375259379,1310
ENSG00000127561,55.890316442286,1311
ENSG00000137310,55.8615282430844,1312
ENSG00000174928,55.7497036410226,1313
ENSG00000173436,55.6951242726255,1314
ENSG00000166974,55.6223217534374,1315
ENSG00000205420,55.5563901068095,1316
ENSG00000005801,55.530872736807,1317
ENSG00000167157,55.4845381879939,1318
ENSG00000165959,55.4575509701391,1319
ENSG00000204444,55.4545765703193,1320
ENSG00000147251,55.3705251346982,1321
ENSG00000171310,55.368817953459,1322
ENSG00000104964,55.3441217918778,1323
ENSG00000230778,55.2426738061432,1324
ENSG00000072736,55.1978072821946,1325
ENSG00000198342,55.1208635880719,1326
ENSG00000005469,55.1197736634347,1327
ENSG00000130513,55.1103537077618,1328
ENSG00000144426,55.0461128110797,1329
ENSG00000100890,55.0373591817266,1330
ENSG00000187792,54.9858655943596,1331
ENSG00000134597,54.938732235701,1332
ENSG00000140691,54.9169560796561,1333
ENSG00000154438,54.909832610716,1334
ENSG00000159063,54.9049161883156,1335
ENSG00000116035,54.8296607055441,1336
ENSG00000079112,54.6945120580869,1337
ENSG00000064932,54.6850328284696,1338
ENSG00000178184,54.5986597204255,1339
ENSG00000205213,54.5872352220878,1340
ENSG00000141258,54.5701278381094,1341
ENSG00000136630,54.5482040801236,1342
ENSG00000170989,54.4918774859291,1343
ENSG00000223802,54.4308793104291,1344
ENSG00000143977,54.4223269624263,1345
ENSG00000197114,54.4081965602091,1346
ENSG00000135404,54.403642895993,1347
ENSG00000166912,54.3746196589146,1348
ENSG00000133107,54.3279240490817,1349
ENSG00000007541,54.1181934540623,1350
ENSG00000172497,54.1017657045957,1351
ENSG00000115274,54.0815525388635,1352
ENSG00000136840,54.0623861167694,1353
ENSG00000062582,54.0066578330745,1354
ENSG00000197362,53.954327092432,1355
ENSG00000172456,53.9275822595678,1356
ENSG00000224420,53.9160641502292,1357
ENSG00000167528,53.848808570415,1358
ENSG00000136869,53.8180211177369,1359
ENSG00000186007,53.7896809697737,1360
ENSG00000163686,53.7881817576968,1361
ENSG00000111215,53.7683321542016,1362
ENSG00000163795,53.7589505813527,1363
ENSG00000128563,53.6958065156772,1364
ENSG00000140511,53.6912197534343,1365
ENSG00000131233,53.679105571091,1366
ENSG00000133030,53.5730373919781,1367
ENSG00000150540,53.5492889077684,1368
ENSG00000197409,53.5245790754729,1369
ENSG00000142867,53.51537618734,1370
ENSG00000188316,53.4293993376448,1371
ENSG00000164300,53.416176445064,1372
ENSG00000242114,53.2642747248367,1373
ENSG00000065413,53.2209475235393,1374
ENSG00000118194,53.2069098005287,1375
ENSG00000159733,53.1332690819772,1376
ENSG00000148942,53.1266692484028,1377
ENSG00000163633,52.9197328321158,1378
ENSG00000187908,52.8749303396649,1379
ENSG00000108417,52.8493649075059,1380
ENSG00000228727,52.8129090556314,1381
ENSG00000166840,52.8030470356324,1382
ENSG00000161267,52.7821389332595,1383
ENSG00000162438,52.7770932307644,1384
ENSG00000129455,52.7493426931095,1385
ENSG00000124143,52.6752953980767,1386
ENSG00000214530,52.6481289453743,1387
ENSG00000204514,52.6201509734563,1388
ENSG00000132698,52.601955210066,1389
ENSG00000077157,52.4934739091894,1390
ENSG00000112655,52.4276261711494,1391
ENSG00000172476,52.4240156347039,1392
ENSG00000134321,52.2815486634415,1393
ENSG00000113504,52.2040609542268,1394
ENSG00000115825,52.0982759127747,1395
ENSG00000135362,52.0921204787342,1396
ENSG00000139304,52.0843354402748,1397
ENSG00000169564,52.0711957033735,1398
ENSG00000167644,51.9423054131078,1399
ENSG00000185477,51.9260305867973,1400
ENSG00000167755,51.9193982852341,1401
ENSG00000158055,51.797118340271,1402
ENSG00000140682,51.6665083613875,1403
ENSG00000101307,51.5868691836224,1404
ENSG00000167397,51.5850181340316,1405
ENSG00000135914,51.570218834628,1406
ENSG00000101336,51.5211564422358,1407
ENSG00000198420,51.4706927994181,1408
ENSG00000151136,51.46954037378,1409
ENSG00000257335,51.3899895897904,1410
ENSG00000164687,51.3891764172097,1411
ENSG00000166930,51.3238918192998,1412
ENSG00000134460,51.2600059571748,1413
ENSG00000134762,51.1558775170754,1414
ENSG00000118246,51.0780487083006,1415
ENSG00000213639,50.9914187045027,1416
ENSG00000144810,50.8955161048355,1417
ENSG00000179057,50.8547260850031,1418
ENSG00000110031,50.6339313563915,1419
ENSG00000188611,50.5795227595999,1420
ENSG00000267855,50.5330065943998,1421
ENSG00000129194,50.500537545995,1422
ENSG00000181104,50.4094732670998,1423
ENSG00000186010,50.3588193087601,1424
ENSG00000125775,50.2781152238487,1425
ENSG00000123600,50.2637885408754,1426
ENSG00000128482,50.231918117657,1427
ENSG00000061938,50.2050261555356,1428
ENSG00000018280,50.1958104957858,1429
ENSG00000159388,50.1063197736517,1430
ENSG00000243789,50.1000804566207,1431
ENSG00000177383,49.9491220520008,1432
ENSG00000179091,49.9187079946908,1433
ENSG00000145198,49.8597252257742,1434
ENSG00000138336,49.8307157488118,1435
ENSG00000108312,49.7222882612726,1436
ENSG00000253731,49.7125487295659,1437
ENSG00000172179,49.6700811477015,1438
ENSG00000137975,49.5267650714827,1439
ENSG00000171346,49.5258265243038,1440
ENSG00000169814,49.5234004103052,1441
ENSG00000070269,49.5157553802215,1442
ENSG00000214212,49.4682249279292,1443
ENSG00000165702,49.2801169947675,1444
ENSG00000103995,49.2638385518808,1445
ENSG00000144229,49.2294145299677,1446
ENSG00000076351,49.1515275280509,1447
ENSG00000145777,49.1061428900783,1448
ENSG00000146938,48.9428367527043,1449
ENSG00000149798,48.8030716645903,1450
ENSG00000145536,48.7278674589249,1451
ENSG00000120215,48.7114272492554,1452
ENSG00000130957,48.6907745894431,1453
ENSG00000103037,48.6692822329803,1454
ENSG00000132837,48.6583094551224,1455
ENSG00000083807,48.5998673151624,1456
ENSG00000166391,48.571220456359,1457
ENSG00000115657,48.5703948242879,1458
ENSG00000185201,48.5476449060246,1459
ENSG00000171159,48.541863087428,1460
ENSG00000066735,48.5331200962157,1461
ENSG00000131746,48.4401422808059,1462
ENSG00000177989,48.4400520946946,1463
ENSG00000123689,48.3240146250912,1464
ENSG00000023572,48.2975823125386,1465
ENSG00000113430,48.2860665793245,1466
ENSG00000196557,48.2493381411801,1467
ENSG00000155511,48.1595843078484,1468
ENSG00000250120,48.1441366851505,1469
ENSG00000141401,48.1249401028818,1470
ENSG00000169594,47.8786817452317,1471
ENSG00000153406,47.6125049520864,1472
ENSG00000080031,47.4571433176839,1473
ENSG00000005022,47.4066583685257,1474
ENSG00000197646,47.3913632742837,1475
ENSG00000162078,47.3797067845067,1476
ENSG00000168000,47.3522923800236,1477
ENSG00000179133,47.3244193414494,1478
ENSG00000157827,47.2758131068723,1479
ENSG00000137547,47.269797832824,1480
ENSG00000110195,47.256118907113,1481
ENSG00000183196,47.1850205620227,1482
ENSG00000171603,47.1649242943563,1483
ENSG00000105617,47.0717472886479,1484
ENSG00000213145,47.0675308533674,1485
ENSG00000184060,47.058140352231,1486
ENSG00000128573,47.0574823894103,1487
ENSG00000165816,47.0473375455196,1488
ENSG00000106823,46.935048811843,1489
ENSG00000184574,46.9212389054837,1490
ENSG00000197467,46.8912895127475,1491
ENSG00000148584,46.8610337051962,1492
ENSG00000110330,46.781253003728,1493
ENSG00000197935,46.7531889333847,1494
ENSG00000168952,46.7213744640742,1495
ENSG00000018189,46.6765174415705,1496
ENSG00000164951,46.6754525886287,1497
ENSG00000163565,46.6538217706036,1498
ENSG00000116675,46.5638219900812,1499
ENSG00000110324,46.5405827385623,1500
ENSG00000197140,46.5180838979161,1501
ENSG00000130997,46.5052827876695,1502
ENSG00000168461,46.4895434546373,1503
ENSG00000125650,46.4688299279513,1504
ENSG00000169242,46.4373302387693,1505
ENSG00000160882,46.3392708127,1506
ENSG00000169446,46.2820866199479,1507
ENSG00000164081,46.195480391405,1508
ENSG00000072422,46.1525349363651,1509
ENSG00000174473,46.1457749456341,1510
ENSG00000139160,46.0990147830767,1511
ENSG00000188153,46.0455059712748,1512
ENSG00000073578,45.9881687249618,1513
ENSG00000173068,45.9651442791826,1514
ENSG00000104714,45.9506815328306,1515
ENSG00000166401,45.9219701869157,1516
ENSG00000145990,45.8026743909218,1517
ENSG00000122176,45.672109219031,1518
ENSG00000213265,45.627131971196,1519
ENSG00000156709,45.6061525682259,1520
ENSG00000167333,45.595450384848,1521
ENSG00000132849,45.4855423965694,1522
ENSG00000117174,45.407329963379,1523
ENSG00000096070,45.4038838715457,1524
ENSG00000183785,45.3564205502355,1525
ENSG00000135226,45.2697178332552,1526
ENSG00000166532,45.2243270299702,1527
ENSG00000167701,45.2210757143296,1528
ENSG00000164078,45.1821752602577,1529
ENSG00000136929,45.1801318164375,1530
ENSG00000148660,45.1221310971609,1531
ENSG00000106992,44.9465777809291,1532
ENSG00000162267,44.9370419239435,1533
ENSG00000138468,44.71505614419,1534
ENSG00000183570,44.6115211790869,1535
ENSG00000084710,44.5901478471899,1536
ENSG00000102034,44.5636255721974,1537
ENSG00000152894,44.5284193890966,1538
ENSG00000155380,44.5154587017319,1539
ENSG00000152601,44.5072607263526,1540
ENSG00000150630,44.4696371848143,1541
ENSG00000186910,44.3526813380293,1542
ENSG00000165476,44.313278604635,1543
ENSG00000160221,44.2701644531108,1544
ENSG00000215915,44.2410908727612,1545
ENSG00000033011,44.229973850409,1546
ENSG00000184270,44.2210765788398,1547
ENSG00000163993,44.2100708464168,1548
ENSG00000187954,44.0147400927433,1549
ENSG00000145506,43.8705709370124,1550
ENSG00000184702,43.7506063288171,1551
ENSG00000116299,43.7238293274217,1552
ENSG00000137965,43.7068486014927,1553
ENSG00000167244,43.6597879280991,1554
ENSG00000107731,43.620705716942,1555
ENSG00000197712,43.6177625908947,1556
ENSG00000169752,43.6136748210371,1557
ENSG00000204767,43.5271174502402,1558
ENSG00000170426,43.4427932370997,1559
ENSG00000167914,43.4282190769371,1560
ENSG00000154655,43.4070092025104,1561
ENSG00000145545,43.3870894622799,1562
ENSG00000131778,43.3548848551385,1563
ENSG00000116641,43.3116029274587,1564
ENSG00000175329,43.2618600433652,1565
ENSG00000165626,43.1540864787452,1566
ENSG00000183134,43.1259019224085,1567
ENSG00000168542,42.994344295555,1568
ENSG00000132541,42.9846878754449,1569
ENSG00000131378,42.9792803971795,1570
ENSG00000213420,42.8299326902559,1571
ENSG00000063169,42.7578732732847,1572
ENSG00000187742,42.7560100480315,1573
ENSG00000198951,42.7515393695746,1574
ENSG00000114520,42.7083416224291,1575
ENSG00000100055,42.6651538756101,1576
ENSG00000113580,42.6645731191091,1577
ENSG00000126562,42.6543595790376,1578
ENSG00000107902,42.5650035047427,1579
ENSG00000158296,42.5371428828158,1580
ENSG00000076344,42.5089275310473,1581
ENSG00000104833,42.4780240779725,1582
ENSG00000124839,42.4641980752284,1583
ENSG00000105227,42.4546073914017,1584
ENSG00000198554,42.3462307846614,1585
ENSG00000085978,42.2715298776868,1586
ENSG00000176293,42.2319337821753,1587
ENSG00000135597,42.2084356507908,1588
ENSG00000023839,42.1607150071694,1589
ENSG00000158856,42.1532464318956,1590
ENSG00000152672,42.1521677662537,1591
ENSG00000135821,42.1521221871189,1592
ENSG00000174502,42.1291370523904,1593
ENSG00000183206,42.0778628393868,1594
ENSG00000132975,42.0760758784937,1595
ENSG00000152049,42.0125490277929,1596
ENSG00000144481,41.9889609507205,1597
ENSG00000137731,41.9774736384347,1598
ENSG00000169876,41.9095722597492,1599
ENSG00000095066,41.8550719364616,1600
ENSG00000079385,41.8151439506746,1601
ENSG00000134917,41.7977750708654,1602
ENSG00000169629,41.715986641662,1603
ENSG00000157184,41.7029486609067,1604
ENSG00000115226,41.6584994793718,1605
ENSG00000174004,41.5045054597611,1606
ENSG00000161970,41.4639244661452,1607
ENSG00000151247,41.4586307656916,1608
ENSG00000204963,41.3900707357382,1609
ENSG00000169570,41.3281161329959,1610
ENSG00000219073,41.2896000979188,1611
ENSG00000121211,41.2650934703901,1612
ENSG00000138459,41.2322041795561,1613
ENSG00000135473,41.2262157450374,1614
ENSG00000186141,41.1946123819713,1615
ENSG00000133028,41.1901016119821,1616
ENSG00000048545,41.1381697507344,1617
ENSG00000123999,41.1161207000705,1618
ENSG00000000005,40.9988967058803,1619
ENSG00000150637,40.9932608966785,1620
ENSG00000161791,40.9432420045306,1621
ENSG00000166171,40.8861539157232,1622
ENSG00000100288,40.7865532358725,1623
ENSG00000106952,40.7487353937436,1624
ENSG00000167123,40.7244525397871,1625
ENSG00000139194,40.5680137605687,1626
ENSG00000188177,40.5319592926834,1627
ENSG00000104321,40.5062740870406,1628
ENSG00000086300,40.3484663727917,1629
ENSG00000159409,40.3177206345797,1630
ENSG00000170801,40.2705970279246,1631
ENSG00000166741,40.2060037143543,1632
ENSG00000175745,40.2021190210787,1633
ENSG00000137699,40.0961529786428,1634
ENSG00000004059,40.051171699141,1635
ENSG00000116574,40.0212958495693,1636
ENSG00000154124,39.9837262317506,1637
ENSG00000184497,39.9502622068795,1638
ENSG00000148143,39.8605559137144,1639
ENSG00000149091,39.8570744816657,1640
ENSG00000131016,39.8384229433802,1641
ENSG00000179938,39.773362885366,1642
ENSG00000172935,39.7492513959293,1643
ENSG00000168275,39.6957235497674,1644
ENSG00000156711,39.685609873768,1645
ENSG00000188508,39.6701919025049,1646
ENSG00000134240,39.6592516695797,1647
ENSG00000108669,39.6145925657361,1648
ENSG00000125520,39.5421586478811,1649
ENSG00000163661,39.5342469288386,1650
ENSG00000081138,39.4846272585123,1651
ENSG00000005436,39.4007723935726,1652
ENSG00000206538,39.3916038254985,1653
ENSG00000130529,39.3855319493645,1654
ENSG00000117461,39.3521961593454,1655
ENSG00000158258,39.3513194675355,1656
ENSG00000188322,39.3470354253442,1657
ENSG00000253250,39.3198277541866,1658
ENSG00000105974,39.3089802980715,1659
ENSG00000079215,39.2666753501772,1660
ENSG00000196118,39.2662597693319,1661
ENSG00000121988,39.2507597065894,1662
ENSG00000121797,39.2415943757077,1663
ENSG00000090661,39.2366724254522,1664
ENSG00000214338,39.1866671715323,1665
ENSG00000094755,39.1560430231369,1666
ENSG00000244474,39.1490172147589,1667
ENSG00000065978,39.1337265979269,1668
ENSG00000173041,39.0243451038498,1669
ENSG00000160223,39.0208103493724,1670
ENSG00000163449,38.9660823918811,1671
ENSG00000121552,38.9279500849076,1672
ENSG00000103381,38.9016740665743,1673
ENSG00000136859,38.9013236460603,1674
ENSG00000123384,38.8319047406386,1675
ENSG00000134709,38.7660561691745,1676
ENSG00000163681,38.7133170008526,1677
ENSG00000137648,38.555556542904,1678
ENSG00000183317,38.5375119299185,1679
ENSG00000036672,38.4884832508643,1680
ENSG00000213927,38.411551930467,1681
ENSG00000143333,38.3226518574243,1682
ENSG00000169258,38.3067491410281,1683
ENSG00000149418,38.2841424832831,1684
ENSG00000243509,38.2840920552378,1685
ENSG00000129355,38.2397238382903,1686
ENSG00000204103,38.2386716858602,1687
ENSG00000110218,38.2311391004269,1688
ENSG00000161594,38.1778457302928,1689
ENSG00000100219,38.1679182747299,1690
ENSG00000205323,38.1056178503023,1691
ENSG00000162599,38.0793948891344,1692
ENSG00000184709,38.0304804491063,1693
ENSG00000079101,38.0111097889961,1694
ENSG00000188001,37.9950315700609,1695
ENSG00000232629,37.9291307075767,1696
ENSG00000087495,37.9123296992118,1697
ENSG00000129535,37.8875141610547,1698
ENSG00000219200,37.8834898706126,1699
ENSG00000183671,37.8179328460232,1700
ENSG00000130413,37.8144203418106,1701
ENSG00000069956,37.7009819446629,1702
ENSG00000242173,37.6596625900522,1703
ENSG00000029639,37.6547633422841,1704
ENSG00000253910,37.606089175427,1705
ENSG00000144583,37.5831830624717,1706
ENSG00000077782,37.5756175976018,1707
ENSG00000184206,37.5541573702658,1708
ENSG00000163995,37.5450507923266,1709
ENSG00000258839,37.5222104102534,1710
ENSG00000125398,37.4801777534103,1711
ENSG00000143443,37.4115132602856,1712
ENSG00000148848,37.3970193372287,1713
ENSG00000101460,37.3403215914572,1714
ENSG00000177453,37.2996806382983,1715
ENSG00000232859,37.2251056740301,1716
ENSG00000171357,37.1781978914018,1717
ENSG00000186832,37.144165933746,1718
ENSG00000119973,37.105980659402,1719
ENSG00000197753,37.1020866511565,1720
ENSG00000141965,37.0968037032837,1721
ENSG00000134757,37.0833591333785,1722
ENSG00000102763,37.0765831162559,1723
ENSG00000138131,37.0602872461912,1724
ENSG00000157992,37.0305231939223,1725
ENSG00000141642,37.0169527984416,1726
ENSG00000181315,37.0105360550094,1727
ENSG00000187017,37.0082120947599,1728
ENSG00000131238,37.0058570215468,1729
ENSG00000176907,36.9748221596618,1730
ENSG00000188219,36.9630312697309,1731
ENSG00000187688,36.9282707421883,1732
ENSG00000181392,36.7604148520206,1733
ENSG00000167131,36.7008414327898,1734
ENSG00000005243,36.6905799355376,1735
ENSG00000129187,36.6516023700813,1736
ENSG00000075073,36.5985149845857,1737
ENSG00000261739,36.5293541390241,1738
ENSG00000168806,36.4497996350919,1739
ENSG00000122254,36.4252615444957,1740
ENSG00000157103,36.3940233668226,1741
ENSG00000177301,36.3818231243558,1742
ENSG00000183850,36.3573781206686,1743
ENSG00000184611,36.3338973051721,1744
ENSG00000162377,36.2975729887678,1745
ENSG00000140853,36.2717875297795,1746
ENSG00000225614,36.1943839058116,1747
ENSG00000069966,36.1545678548703,1748
ENSG00000179913,36.1312182843167,1749
ENSG00000187902,36.1073698313879,1750
ENSG00000074276,35.9512469855596,1751
ENSG00000129657,35.9103264562493,1752
ENSG00000173926,35.8902481266835,1753
ENSG00000177380,35.8864207114003,1754
ENSG00000138814,35.8829158158491,1755
ENSG00000128283,35.8714788481903,1756
ENSG00000172757,35.7780830430097,1757
ENSG00000137440,35.7084122329995,1758
ENSG00000185730,35.6906756065957,1759
ENSG00000021300,35.5833350397694,1760
ENSG00000176422,35.5438295381471,1761
ENSG00000135374,35.472855412879,1762
ENSG00000198908,35.392823287275,1763
ENSG00000108786,35.3862319094296,1764
ENSG00000126860,35.1978615176416,1765
ENSG00000102096,35.1349122036205,1766
ENSG00000186231,35.0650758782861,1767
ENSG00000132470,35.0624440233559,1768
ENSG00000213347,35.02466757647,1769
ENSG00000111145,34.9457884421023,1770
ENSG00000102572,34.943841982183,1771
ENSG00000185963,34.9336005925007,1772
ENSG00000177030,34.9314308605215,1773
ENSG00000131116,34.8911770683789,1774
ENSG00000258947,34.8892544757503,1775
ENSG00000198759,34.8728789539492,1776
ENSG00000095059,34.8210823789667,1777
ENSG00000120833,34.8093806402573,1778
ENSG00000106683,34.8011185161918,1779
ENSG00000140598,34.7920910535172,1780
ENSG00000167306,34.7373777771145,1781
ENSG00000127418,34.733317205996,1782
ENSG00000072786,34.600269130573,1783
ENSG00000198721,34.5734612068024,1784
ENSG00000105404,34.568434296478,1785
ENSG00000186834,34.51493727287,1786
ENSG00000074660,34.3944404444459,1787
ENSG00000010438,34.3295735671577,1788
ENSG00000156298,34.3199163848193,1789
ENSG00000135951,34.2819850600795,1790
ENSG00000183918,34.2320626196055,1791
ENSG00000144619,34.2011445685238,1792
ENSG00000241484,34.1865627542363,1793
ENSG00000077235,34.1775910591788,1794
ENSG00000095585,34.1241853594679,1795
ENSG00000169550,34.1079589954213,1796
ENSG00000146215,34.0860930692024,1797
ENSG00000166526,34.0848840037348,1798
ENSG00000152457,34.0075099489851,1799
ENSG00000136688,33.9896537506167,1800
ENSG00000078124,33.9786542657972,1801
ENSG00000187048,33.9480179827836,1802
ENSG00000178980,33.9183150974296,1803
ENSG00000231925,33.8881960958273,1804
ENSG00000204347,33.8413398493183,1805
ENSG00000116678,33.8198926777236,1806
ENSG00000111669,33.79890426823,1807
ENSG00000124782,33.7793870784408,1808
ENSG00000176788,33.7422391454515,1809
ENSG00000185942,33.7415484322094,1810
ENSG00000204420,33.7267961990963,1811
ENSG00000154240,33.7055965274074,1812
ENSG00000198729,33.6809604207976,1813
ENSG00000213246,33.5693496538545,1814
ENSG00000037280,33.560259050528,1815
ENSG00000137843,33.5471105382339,1816
ENSG00000182742,33.5465565318618,1817
ENSG00000109323,33.5419169315222,1818
ENSG00000111371,33.515812516065,1819
ENSG00000196712,33.4999724600448,1820
ENSG00000075407,33.4254435400517,1821
ENSG00000130038,33.4148372245736,1822
ENSG00000049283,33.4104075526517,1823
ENSG00000119185,33.3882618944389,1824
ENSG00000196862,33.3873539012464,1825
ENSG00000102882,33.3807561186408,1826
ENSG00000136826,33.3680957072914,1827
ENSG00000204822,33.3332178735481,1828
ENSG00000138028,33.3198030439206,1829
ENSG00000189433,33.3167539720487,1830
ENSG00000104783,33.2907324508322,1831
ENSG00000118508,33.279844166333,1832
ENSG00000154274,33.2737581020361,1833
ENSG00000112245,33.2677382981922,1834
ENSG00000106633,33.1789983469831,1835
ENSG00000256188,33.1784941314221,1836
ENSG00000196408,33.1711366065501,1837
ENSG00000168389,33.1552602251291,1838
ENSG00000178951,33.1278459167663,1839
ENSG00000130052,33.1201987246873,1840
ENSG00000101230,33.0580077204452,1841
ENSG00000204922,33.0544057673365,1842
ENSG00000147100,33.0502048571437,1843
ENSG00000140650,33.0395294390425,1844
ENSG00000132680,33.0084307546766,1845
ENSG00000157613,32.9094707865021,1846
ENSG00000166961,32.9054139973912,1847
ENSG00000117335,32.8200481506351,1848
ENSG00000136999,32.7925874334561,1849
ENSG00000135723,32.770878273487,1850
ENSG00000111540,32.7509672747575,1851
ENSG00000104205,32.7090599096538,1852
ENSG00000014138,32.7031843013693,1853
ENSG00000176142,32.6462064174889,1854
ENSG00000215193,32.6402551752423,1855
ENSG00000061337,32.5825443554172,1856
ENSG00000214456,32.5618039784285,1857
ENSG00000154096,32.5482299396163,1858
ENSG00000104689,32.5475521556492,1859
ENSG00000142669,32.4750078953668,1860
ENSG00000143401,32.4425364184617,1861
ENSG00000166681,32.4114708516861,1862
ENSG00000184922,32.3830774989385,1863
ENSG00000059728,32.3613183148851,1864
ENSG00000065923,32.3151186442383,1865
ENSG00000167995,32.2749319781476,1866
ENSG00000120251,32.272965483212,1867
ENSG00000126233,32.2544973402787,1868
ENSG00000175356,32.2482330231153,1869
ENSG00000184937,32.2317574141668,1870
ENSG00000186086,32.1077798749301,1871
ENSG00000157693,32.0925912580953,1872
ENSG00000131018,32.0673652504985,1873
ENSG00000164692,32.037531771724,1874
ENSG00000179869,32.0179740630914,1875
ENSG00000113070,31.9405364187319,1876
ENSG00000106868,31.8990457167591,1877
ENSG00000176531,31.8857560766205,1878
ENSG00000181350,31.8754964433639,1879
ENSG00000164106,31.8578182488807,1880
ENSG00000168481,31.8436587586572,1881
ENSG00000183628,31.8050733819471,1882
ENSG00000172728,31.788410067939,1883
ENSG00000170537,31.7794606332351,1884
ENSG00000145431,31.7159032206997,1885
ENSG00000165131,31.6996055333612,1886
ENSG00000149231,31.6821250485384,1887
ENSG00000115561,31.6725234109324,1888
ENSG00000198842,31.6721440704886,1889
ENSG00000184345,31.665857889075,1890
ENSG00000159216,31.6421538667294,1891
ENSG00000175161,31.6247457725478,1892
ENSG00000213588,31.6115640925686,1893
ENSG00000198885,31.5913766348809,1894
ENSG00000160867,31.5581255484346,1895
ENSG00000198947,31.4682378970001,1896
ENSG00000179855,31.437589223869,1897
ENSG00000165879,31.4201371444281,1898
ENSG00000147364,31.3968861945644,1899
ENSG00000122861,31.3623686237493,1900
ENSG00000112337,31.3190717613706,1901
ENSG00000149260,31.2470542236763,1902
ENSG00000105810,31.2114571451154,1903
ENSG00000183287,31.1246743695125,1904
ENSG00000196345,31.0645501207002,1905
ENSG00000206384,31.0456531385801,1906
ENSG00000101265,30.919762499127,1907
ENSG00000003436,30.9147961786361,1908
ENSG00000169862,30.8870890573125,1909
ENSG00000105131,30.8245823779545,1910
ENSG00000158290,30.8199327623156,1911
ENSG00000126883,30.7906259077396,1912
ENSG00000171097,30.7756890146741,1913
ENSG00000121900,30.7294722161782,1914
ENSG00000267368,30.7290333494122,1915
ENSG00000154342,30.7263834890949,1916
ENSG00000102890,30.7233653674276,1917
ENSG00000165675,30.6556139139587,1918
ENSG00000105963,30.626460103077,1919
ENSG00000213088,30.6217840619488,1920
ENSG00000150967,30.6058723359622,1921
ENSG00000196220,30.5633704070886,1922
ENSG00000164889,30.5143334593608,1923
ENSG00000120708,30.4794822043435,1924
ENSG00000169418,30.4794772971895,1925
ENSG00000170786,30.4773275584859,1926
ENSG00000105352,30.3912440701991,1927
ENSG00000244187,30.3828006834478,1928
ENSG00000213920,30.3390551230197,1929
ENSG00000148948,30.3081531545241,1930
ENSG00000168032,30.3068040076042,1931
ENSG00000101439,30.3044928645476,1932
ENSG00000067445,30.2846135328972,1933
ENSG00000130429,30.2338113274814,1934
ENSG00000167641,30.2292233825204,1935
ENSG00000187838,30.2109375945118,1936
ENSG00000062725,30.1980653710462,1937
ENSG00000187595,30.1915849470695,1938
ENSG00000072778,30.0860007354246,1939
ENSG00000069667,30.0576468013495,1940
ENSG00000152683,30.0037164503441,1941
ENSG00000167800,29.9740495105659,1942
ENSG00000138442,29.9261336159451,1943
ENSG00000050438,29.8796374422817,1944
ENSG00000148926,29.867242710056,1945
ENSG00000147813,29.8556972094634,1946
ENSG00000170955,29.8356667875649,1947
ENSG00000142611,29.8216054957802,1948
ENSG00000106351,29.7868944049522,1949
ENSG00000115084,29.727645868456,1950
ENSG00000115486,29.6729942103943,1951
ENSG00000165533,29.6477459652835,1952
ENSG00000179178,29.6112152473532,1953
ENSG00000150782,29.4958262197535,1954
ENSG00000198429,29.4954120093473,1955
ENSG00000145864,29.4010707398559,1956
ENSG00000041982,29.3777776516508,1957
ENSG00000148841,29.3266178698143,1958
ENSG00000139117,29.3129719766161,1959
ENSG00000258405,29.2784583944764,1960
ENSG00000157510,29.2322537085702,1961
ENSG00000149476,29.2182854981072,1962
ENSG00000102854,29.1737945935995,1963
ENSG00000123977,29.1254572960278,1964
ENSG00000006757,29.0892126911934,1965
ENSG00000240065,29.0824076119352,1966
ENSG00000136153,29.0784043012636,1967
ENSG00000055332,29.0287381596572,1968
ENSG00000074047,29.0210725632486,1969
ENSG00000163082,29.0016555568853,1970
ENSG00000100453,28.9825202530908,1971
ENSG00000111262,28.9405398232235,1972
ENSG00000173744,28.9183143737917,1973
ENSG00000182327,28.9166931130577,1974
ENSG00000152977,28.8752064864816,1975
ENSG00000086730,28.855727584885,1976
ENSG00000158089,28.8466285633528,1977
ENSG00000122729,28.8251287145563,1978
ENSG00000171223,28.7965970673919,1979
ENSG00000175189,28.7735301607007,1980
ENSG00000186364,28.7730844104942,1981
ENSG00000130656,28.7417134378773,1982
ENSG00000171956,28.7364594492129,1983
ENSG00000136854,28.7328892300089,1984
ENSG00000148734,28.7050572501325,1985
ENSG00000104332,28.7045977034497,1986
ENSG00000133195,28.6881913988255,1987
ENSG00000136152,28.658206201186,1988
ENSG00000159199,28.6410169786629,1989
ENSG00000135631,28.5638810823185,1990
ENSG00000102962,28.5408302110737,1991
ENSG00000136867,28.5058266913579,1992
ENSG00000172350,28.4849657279659,1993
ENSG00000243232,28.4507385743985,1994
ENSG00000188100,28.4453760172131,1995
ENSG00000162493,28.4372538221122,1996
ENSG00000136531,28.4107874238042,1997
ENSG00000185250,28.3880676004848,1998
ENSG00000105443,28.3596095201164,1999
ENSG00000170962,28.3078805141103,2000
ENSG00000198668,28.303258842789,2001
ENSG00000144824,28.2951525932863,2002
ENSG00000271303,28.2562472710325,2003
ENSG00000089225,28.2474530835915,2004
ENSG00000166793,28.2405836920916,2005
ENSG00000066027,28.1958947325923,2006
ENSG00000157653,28.1881101885344,2007
ENSG00000114656,28.1753645471633,2008
ENSG00000185070,28.1238660154838,2009
ENSG00000188452,28.1227356528755,2010
ENSG00000139133,28.1215551462149,2011
ENSG00000078177,28.1022127211711,2012
ENSG00000146463,28.0455930413758,2013
ENSG00000176595,28.0404853899786,2014
ENSG00000197162,28.0106248099759,2015
ENSG00000109670,27.9967554240043,2016
ENSG00000175567,27.9802073407609,2017
ENSG00000197046,27.95648515634,2018
ENSG00000160185,27.9292606198164,2019
ENSG00000150977,27.9234705381942,2020
ENSG00000188596,27.9158161982835,2021
ENSG00000132563,27.8876169734688,2022
ENSG00000112218,27.8393737005784,2023
ENSG00000155330,27.8355121068433,2024
ENSG00000116771,27.8223173481218,2025
ENSG00000124257,27.8191118508118,2026
ENSG00000182795,27.8183817512329,2027
ENSG00000095303,27.7980479478693,2028
ENSG00000179873,27.7310532029891,2029
ENSG00000137672,27.7253564666106,2030
ENSG00000175768,27.7125917100455,2031
ENSG00000154174,27.7076525788144,2032
ENSG00000047315,27.6955890482182,2033
ENSG00000183309,27.6725172401963,2034
ENSG00000179023,27.5654122729563,2035
ENSG00000164916,27.5362321368336,2036
ENSG00000129480,27.4630226714653,2037
ENSG00000141295,27.4209796990973,2038
ENSG00000173786,27.3849987282019,2039
ENSG00000196620,27.3711853876265,2040
ENSG00000103742,27.3705578341611,2041
ENSG00000182890,27.3476073586575,2042
ENSG00000124493,27.3162533506108,2043
ENSG00000176715,27.3120218192725,2044
ENSG00000116688,27.3035384686346,2045
ENSG00000139880,27.3001526777032,2046
ENSG00000115414,27.2955532720222,2047
ENSG00000184056,27.2734729846913,2048
ENSG00000158315,27.2658059779978,2049
ENSG00000253485,27.2040618360427,2050
ENSG00000067900,27.1942869724762,2051
ENSG00000057593,27.1795677599488,2052
ENSG00000137075,27.1134126295049,2053
ENSG00000184076,27.0647159466415,2054
ENSG00000203995,27.0456967851949,2055
ENSG00000121895,26.9991334305619,2056
ENSG00000123453,26.954831579604,2057
ENSG00000198156,26.9511299815375,2058
ENSG00000157168,26.9283078521576,2059
ENSG00000213759,26.8982373011071,2060
ENSG00000129003,26.8912886419709,2061
ENSG00000254772,26.8911125495794,2062
ENSG00000213689,26.8295519513457,2063
ENSG00000157851,26.8160867567249,2064
ENSG00000099194,26.7899110057594,2065
ENSG00000265681,26.785706546129,2066
ENSG00000146676,26.7533467926149,2067
ENSG00000140022,26.7501466413895,2068
ENSG00000107957,26.748044162216,2069
ENSG00000083845,26.6289008391197,2070
ENSG00000152936,26.5950693864134,2071
ENSG00000248905,26.5864927983544,2072
ENSG00000132437,26.5572800339431,2073
ENSG00000186205,26.5235406442662,2074
ENSG00000131043,26.446667428844,2075
ENSG00000168283,26.3783276260159,2076
ENSG00000105784,26.3555034872017,2077
ENSG00000187801,26.3435394303085,2078
ENSG00000240720,26.3426798158323,2079
ENSG00000135452,26.274988491077,2080
ENSG00000224383,26.2728285549937,2081
ENSG00000170542,26.2694262111415,2082
ENSG00000109861,26.2605063216991,2083
ENSG00000120963,26.1914576374608,2084
ENSG00000167656,26.1870821129973,2085
ENSG00000169554,26.1814988151264,2086
ENSG00000075234,26.1681051674628,2087
ENSG00000155026,26.1340356841062,2088
ENSG00000020577,26.1333388060083,2089
ENSG00000140416,26.1231624589383,2090
ENSG00000182749,26.0792592230205,2091
ENSG00000176358,26.0363975723024,2092
ENSG00000105398,26.0222184331091,2093
ENSG00000150471,25.9863694191281,2094
ENSG00000204291,25.9566628632523,2095
ENSG00000134369,25.9423653526009,2096
ENSG00000103034,25.9401997606558,2097
ENSG00000106366,25.8758381832081,2098
ENSG00000185479,25.8718731703458,2099
ENSG00000233198,25.8456291296417,2100
ENSG00000128052,25.8355046028339,2101
ENSG00000129084,25.7163268968003,2102
ENSG00000219545,25.7028411763979,2103
ENSG00000152465,25.6972557793587,2104
ENSG00000140479,25.6824149626709,2105
ENSG00000172421,25.6821233760593,2106
ENSG00000119927,25.6694901086952,2107
ENSG00000267795,25.6428062668379,2108
ENSG00000152804,25.6206322293963,2109
ENSG00000220008,25.6105946687308,2110
ENSG00000185101,25.5719203375633,2111
ENSG00000111641,25.5659575397931,2112
ENSG00000182580,25.5614462098443,2113
ENSG00000227234,25.556382621994,2114
ENSG00000174227,25.545150712228,2115
ENSG00000144749,25.5450682186855,2116
ENSG00000172404,25.5396891780473,2117
ENSG00000125912,25.5283955092578,2118
ENSG00000253293,25.516666295077,2119
ENSG00000128596,25.4498137796727,2120
ENSG00000137166,25.4454454642566,2121
ENSG00000131187,25.4424751776081,2122
ENSG00000168509,25.4372277659143,2123
ENSG00000162782,25.4334827446006,2124
ENSG00000112984,25.4089046753922,2125
ENSG00000181029,25.4083302378979,2126
ENSG00000108468,25.3851171560953,2127
ENSG00000170681,25.3829147859907,2128
ENSG00000049618,25.374987707594,2129
ENSG00000142273,25.3492543724347,2130
ENSG00000222014,25.3407640062853,2131
ENSG00000127616,25.3262231811131,2132
ENSG00000152484,25.3258743799977,2133
ENSG00000144045,25.3228293485321,2134
ENSG00000171680,25.2983850846096,2135
ENSG00000147654,25.2618635532226,2136
ENSG00000144199,25.2410414878551,2137
ENSG00000139714,25.2389730707333,2138
ENSG00000149596,25.2356077761997,2139
ENSG00000109107,25.226713779876,2140
ENSG00000090932,25.2250695931374,2141
ENSG00000010017,25.2160215766079,2142
ENSG00000163220,25.1853596567951,2143
ENSG00000158186,25.1782474049934,2144
ENSG00000080709,25.1766704213608,2145
ENSG00000187243,25.1700034344732,2146
ENSG00000143248,25.1124079253608,2147
ENSG00000179761,25.0943860977555,2148
ENSG00000092108,25.0935588889297,2149
ENSG00000164220,25.0906507666213,2150
ENSG00000110148,25.0826758434901,2151
ENSG00000187720,25.0826159173798,2152
ENSG00000102580,25.0366256602829,2153
ENSG00000171234,25.031283365529,2154
ENSG00000237651,25.0124280862869,2155
ENSG00000008083,24.9871455397205,2156
ENSG00000066382,24.962596819505,2157
ENSG00000123364,24.939200730332,2158
ENSG00000140678,24.9144955217378,2159
ENSG00000078140,24.8973705294016,2160
ENSG00000112053,24.8933314861133,2161
ENSG00000109182,24.8923403191452,2162
ENSG00000116209,24.8871040697773,2163
ENSG00000136167,24.8491054083304,2164
ENSG00000115170,24.8195281197393,2165
ENSG00000165650,24.8117901515058,2166
ENSG00000183632,24.7934385421505,2167
ENSG00000256043,24.7777675808993,2168
ENSG00000066248,24.7734649869478,2169
ENSG00000127928,24.7571037409426,2170
ENSG00000178409,24.7473007688569,2171
ENSG00000188869,24.7448483085271,2172
ENSG00000167842,24.7222646988045,2173
ENSG00000204681,24.7042239399855,2174
ENSG00000219607,24.6515971385694,2175
ENSG00000100731,24.6401968252356,2176
ENSG00000196155,24.6107498100961,2177
ENSG00000132010,24.6050389694352,2178
ENSG00000187957,24.5653313871278,2179
ENSG00000116514,24.5629882648438,2180
ENSG00000135218,24.5089491648293,2181
ENSG00000088726,24.4992699203393,2182
ENSG00000134317,24.4941913032326,2183
ENSG00000185670,24.4592566467186,2184
ENSG00000002822,24.4478180061441,2185
ENSG00000129514,24.432110594159,2186
ENSG00000172465,24.4153719068893,2187
ENSG00000124126,24.3467200851033,2188
ENSG00000117122,24.339522537611,2189
ENSG00000154945,24.3017012088983,2190
ENSG00000140199,24.2904141759577,2191
ENSG00000110435,24.2821691026392,2192
ENSG00000160469,24.2561664622698,2193
ENSG00000185630,24.252406170632,2194
ENSG00000177409,24.2412908346712,2195
ENSG00000198053,24.2311195168847,2196
ENSG00000114378,24.2175812392907,2197
ENSG00000166415,24.1751572824533,2198
ENSG00000086696,24.0979980960508,2199
ENSG00000177425,24.0873914286656,2200
ENSG00000091409,24.0511854548956,2201
ENSG00000154556,24.048996793172,2202
ENSG00000126218,24.0301164316062,2203
ENSG00000198795,24.0001501383042,2204
ENSG00000197641,23.9841552791095,2205
ENSG00000058804,23.9628050998819,2206
ENSG00000154027,23.9542042873971,2207
ENSG00000197576,23.9423300083448,2208
ENSG00000158571,23.9275323941379,2209
ENSG00000176732,23.8462533302022,2210
ENSG00000101115,23.8442319843047,2211
ENSG00000185561,23.8240344470763,2212
ENSG00000164713,23.7470284010864,2213
ENSG00000046647,23.7357410064312,2214
ENSG00000197375,23.7175919405195,2215
ENSG00000134250,23.710458306204,2216
ENSG00000163466,23.6800107978711,2217
ENSG00000146648,23.6581056775328,2218
ENSG00000214814,23.6413975492044,2219
ENSG00000198758,23.5820881983351,2220
ENSG00000086967,23.5813560482394,2221
ENSG00000184005,23.5722577087294,2222
ENSG00000162576,23.523366331079,2223
ENSG00000197956,23.4968918104987,2224
ENSG00000141738,23.4923953088539,2225
ENSG00000121851,23.4780109864223,2226
ENSG00000104973,23.4722434877839,2227
ENSG00000018510,23.42341969477,2228
ENSG00000092010,23.4097616165191,2229
ENSG00000142765,23.4018426960592,2230
ENSG00000204524,23.3829298530541,2231
ENSG00000143630,23.3816279343617,2232
ENSG00000090013,23.3286348448535,2233
ENSG00000197977,23.3097303848018,2234
ENSG00000269858,23.298627241448,2235
ENSG00000145824,23.2972531131082,2236
ENSG00000183379,23.1672127920498,2237
ENSG00000204271,23.1296792245524,2238
ENSG00000105518,23.1244717156451,2239
ENSG00000068781,23.1198256132941,2240
ENSG00000001461,23.1142423862368,2241
ENSG00000198003,23.1089031989558,2242
ENSG00000103168,23.0359752307375,2243
ENSG00000157927,23.0044343472922,2244
ENSG00000170775,23.0017515098546,2245
ENSG00000101384,23.0002578344727,2246
ENSG00000017483,22.9824482822349,2247
ENSG00000166250,22.9694893873705,2248
ENSG00000122735,22.9664057004985,2249
ENSG00000007341,22.9479480303069,2250
ENSG00000118898,22.9439038380536,2251
ENSG00000204174,22.9360328550629,2252
ENSG00000198650,22.8761023250265,2253
ENSG00000128274,22.8707251327396,2254
ENSG00000092531,22.8483782972677,2255
ENSG00000150455,22.8469224975181,2256
ENSG00000175895,22.8236015535853,2257
ENSG00000173530,22.8058167234324,2258
ENSG00000116962,22.7908638215407,2259
ENSG00000156345,22.7853940860664,2260
ENSG00000111981,22.7492953229848,2261
ENSG00000211460,22.7408863927692,2262
ENSG00000113296,22.7180860198424,2263
ENSG00000166337,22.7052552474598,2264
ENSG00000099953,22.6843998560605,2265
ENSG00000111674,22.6716594750769,2266
ENSG00000153012,22.6618505427025,2267
ENSG00000186081,22.6598332456278,2268
ENSG00000167874,22.6555868465993,2269
ENSG00000118640,22.5910704596445,2270
ENSG00000167969,22.5855792085624,2271
ENSG00000104221,22.5711320688482,2272
ENSG00000196517,22.554478421305,2273
ENSG00000051620,22.544519555756,2274
ENSG00000143297,22.5237603681301,2275
ENSG00000196660,22.4896081178693,2276
ENSG00000094963,22.4848353865971,2277
ENSG00000109133,22.4705949121202,2278
ENSG00000167100,22.4647437925081,2279
ENSG00000092929,22.4303261588789,2280
ENSG00000182158,22.4298085767115,2281
ENSG00000131094,22.346168324468,2282
ENSG00000154646,22.3432720466875,2283
ENSG00000111424,22.3374289567788,2284
ENSG00000172954,22.3195756792282,2285
ENSG00000167136,22.3166118126949,2286
ENSG00000186468,22.3019249256179,2287
ENSG00000183793,22.2645859987218,2288
ENSG00000159339,22.2564104590105,2289
ENSG00000141086,22.2033530809982,2290
ENSG00000206053,22.185288721873,2291
ENSG00000147684,22.1762791346589,2292
ENSG00000099910,22.1750504882453,2293
ENSG00000099284,22.1750287264248,2294
ENSG00000119711,22.1517877350546,2295
ENSG00000046653,22.1241553934592,2296
ENSG00000133065,22.0820350367685,2297
ENSG00000196604,22.0657641080857,2298
ENSG00000170540,22.044371449004,2299
ENSG00000123836,22.0437334941152,2300
ENSG00000140932,22.0039222161819,2301
ENSG00000120658,21.9921957845045,2302
ENSG00000171566,21.9763568826313,2303
ENSG00000167207,21.9715468062403,2304
ENSG00000137411,21.9144190708787,2305
ENSG00000158195,21.9131110183786,2306
ENSG00000141639,21.908418100721,2307
ENSG00000112699,21.9058009680638,2308
ENSG00000164117,21.8882873102519,2309
ENSG00000123975,21.8636788331063,2310
ENSG00000136546,21.8315349432275,2311
ENSG00000131747,21.7948811740432,2312
ENSG00000143632,21.747295710073,2313
ENSG00000103042,21.7472120486464,2314
ENSG00000137203,21.7272486809849,2315
ENSG00000132613,21.7195929853045,2316
ENSG00000213699,21.699383086027,2317
ENSG00000099256,21.6762913549546,2318
ENSG00000168612,21.6444839028629,2319
ENSG00000070404,21.6242813973535,2320
ENSG00000176046,21.612688694016,2321
ENSG00000120158,21.5717343862858,2322
ENSG00000130433,21.5558356120075,2323
ENSG00000075790,21.5390834672443,2324
ENSG00000164794,21.4600506183439,2325
ENSG00000211584,21.4507472527443,2326
ENSG00000204421,21.4425366415164,2327
ENSG00000143774,21.4130553475077,2328
ENSG00000171303,21.3900948803229,2329
ENSG00000126653,21.3656869135907,2330
ENSG00000132570,21.3415873890079,2331
ENSG00000135625,21.3016292728231,2332
ENSG00000121644,21.2507875861291,2333
ENSG00000169220,21.248895760537,2334
ENSG00000172379,21.2190966383836,2335
ENSG00000021826,21.2178731743323,2336
ENSG00000100399,21.2148803045607,2337
ENSG00000171989,21.2064428814029,2338
ENSG00000183019,21.200031588541,2339
ENSG00000107796,21.197789498887,2340
ENSG00000115109,21.1880654965662,2341
ENSG00000160801,21.1477333621588,2342
ENSG00000167037,21.1477283157647,2343
ENSG00000112309,21.1440690328218,2344
ENSG00000143772,21.1120491149115,2345
ENSG00000158874,21.111996175235,2346
ENSG00000181722,21.1069161126436,2347
ENSG00000188649,21.1037314820869,2348
ENSG00000118965,21.097715806365,2349
ENSG00000140839,21.0963916195583,2350
ENSG00000123130,21.0800967495339,2351
ENSG00000143093,21.0764778540895,2352
ENSG00000089356,21.0663531247383,2353
ENSG00000118432,21.0555552127555,2354
ENSG00000155918,21.0241434040847,2355
ENSG00000082213,20.9814745565643,2356
ENSG00000269855,20.9717699995337,2357
ENSG00000204947,20.9583783813422,2358
ENSG00000139055,20.953698383804,2359
ENSG00000183155,20.9510052222246,2360
ENSG00000261509,20.9465035218579,2361
ENSG00000138675,20.9336425958639,2362
ENSG00000269699,20.9142020673677,2363
ENSG00000078081,20.9116296474197,2364
ENSG00000115761,20.8983104481602,2365
ENSG00000173464,20.8825052045964,2366
ENSG00000103257,20.8442478975293,2367
ENSG00000162892,20.8330167238491,2368
ENSG00000136237,20.8319079697942,2369
ENSG00000104983,20.823093697924,2370
ENSG00000105559,20.8134670430199,2371
ENSG00000004939,20.8017478330136,2372
ENSG00000120915,20.797314254469,2373
ENSG00000116205,20.7970863482031,2374
ENSG00000129946,20.7952909365465,2375
ENSG00000182118,20.775339675079,2376
ENSG00000205269,20.7679537506095,2377
ENSG00000148803,20.7644064634616,2378
ENSG00000141200,20.7602861829076,2379
ENSG00000173826,20.7598299104057,2380
ENSG00000122574,20.7421901472452,2381
ENSG00000101144,20.7402981414791,2382
ENSG00000140374,20.731051423821,2383
ENSG00000101955,20.721683752128,2384
ENSG00000133454,20.7196932320339,2385
ENSG00000189001,20.6986728658617,2386
ENSG00000007312,20.6413141798267,2387
ENSG00000182600,20.5997967305936,2388
ENSG00000118922,20.5819594869805,2389
ENSG00000132681,20.5766687695116,2390
ENSG00000119686,20.5655794847876,2391
ENSG00000162817,20.5644979890437,2392
ENSG00000116473,20.5503410435573,2393
ENSG00000126785,20.5502510445859,2394
ENSG00000116128,20.5365188382585,2395
ENSG00000067182,20.4934467158886,2396
ENSG00000130653,20.4409968669003,2397
ENSG00000136193,20.4398807179863,2398
ENSG00000146555,20.432065007353,2399
ENSG00000161956,20.393252969308,2400
ENSG00000167614,20.3890429613199,2401
ENSG00000121350,20.3825706284607,2402
ENSG00000100422,20.3343407745833,2403
ENSG00000170549,20.3250400403992,2404
ENSG00000204237,20.3232451797775,2405
ENSG00000078098,20.2991099791329,2406
ENSG00000064270,20.2870865068619,2407
ENSG00000253457,20.2839928509669,2408
ENSG00000166598,20.2527439547882,2409
ENSG00000183036,20.2235445079721,2410
ENSG00000204634,20.1982213083362,2411
ENSG00000204344,20.1782601531206,2412
ENSG00000133878,20.1758086438174,2413
ENSG00000181072,20.1494925752528,2414
ENSG00000262874,20.1165325766952,2415
ENSG00000130559,20.1165006398178,2416
ENSG00000147883,20.0517788907875,2417
ENSG00000113721,20.0480995514024,2418
ENSG00000120159,20.0452391738296,2419
ENSG00000047617,20.0329616283551,2420
ENSG00000188033,20.0294805686448,2421
ENSG00000163701,20.0007207663594,2422
ENSG00000188257,19.9819853279949,2423
ENSG00000143994,19.9742152949028,2424
ENSG00000111046,19.9723522843448,2425
ENSG00000151116,19.9517791602358,2426
ENSG00000178934,19.9456586212326,2427
ENSG00000143436,19.8902006287277,2428
ENSG00000205795,19.8834170427625,2429
ENSG00000143549,19.8810747279596,2430
ENSG00000188783,19.8601665699969,2431
ENSG00000131446,19.8504295189138,2432
ENSG00000101298,19.8100294477267,2433
ENSG00000124802,19.7838713532635,2434
ENSG00000110318,19.7767904466268,2435
ENSG00000162433,19.7369727743528,2436
ENSG00000114638,19.7251443189642,2437
ENSG00000073584,19.721886028416,2438
ENSG00000108813,19.7075566009556,2439
ENSG00000175985,19.6967680752256,2440
ENSG00000133661,19.6802440037336,2441
ENSG00000073282,19.6772507104277,2442
ENSG00000226887,19.6660237043371,2443
ENSG00000101542,19.6296502348247,2444
ENSG00000160013,19.6240921837839,2445
ENSG00000124614,19.6149080645589,2446
ENSG00000198855,19.5991497230193,2447
ENSG00000186106,19.582363665091,2448
ENSG00000183066,19.5761431953591,2449
ENSG00000061794,19.5730690542741,2450
ENSG00000106399,19.5378986224986,2451
ENSG00000133316,19.5363361172711,2452
ENSG00000171345,19.5089909964618,2453
ENSG00000166664,19.4495202693921,2454
ENSG00000163568,19.4470812914727,2455
ENSG00000178538,19.4203170224144,2456
ENSG00000185973,19.3989764107809,2457
ENSG00000186891,19.3989012443193,2458
ENSG00000167625,19.3560098255844,2459
ENSG00000101974,19.3097793563367,2460
ENSG00000139651,19.2660777385658,2461
ENSG00000169906,19.2608620383488,2462
ENSG00000213281,19.2406109873787,2463
ENSG00000122687,19.1614485907394,2464
ENSG00000169230,19.1422788663091,2465
ENSG00000071127,19.1026279215103,2466
ENSG00000120802,19.0839299558355,2467
ENSG00000168447,19.0709055816694,2468
ENSG00000148604,19.0701182336324,2469
ENSG00000113638,19.0569337706732,2470
ENSG00000100368,19.052058158389,2471
ENSG00000060762,19.0197124504294,2472
ENSG00000150753,18.9926635452204,2473
ENSG00000175591,18.9409490965133,2474
ENSG00000186480,18.9044461885984,2475
ENSG00000185164,18.899267412399,2476
ENSG00000157833,18.8965738513803,2477
ENSG00000143127,18.8881583266174,2478
ENSG00000073792,18.8616812204893,2479
ENSG00000112818,18.8500591033628,2480
ENSG00000178209,18.7659676840031,2481
ENSG00000181915,18.7422263417554,2482
ENSG00000104154,18.7400410395055,2483
ENSG00000007038,18.7345358946001,2484
ENSG00000108691,18.7303641891965,2485
ENSG00000165125,18.7101144689884,2486
ENSG00000103227,18.6961629631111,2487
ENSG00000141446,18.6909244310116,2488
ENSG00000112280,18.6900750344155,2489
ENSG00000187066,18.6894719547335,2490
ENSG00000203852,18.6882177801701,2491
ENSG00000174456,18.6846231553546,2492
ENSG00000117971,18.6821988545731,2493
ENSG00000149435,18.6786487805011,2494
ENSG00000171873,18.6646888028328,2495
ENSG00000119912,18.6623864791981,2496
ENSG00000116117,18.6538602195129,2497
ENSG00000128655,18.6406568506603,2498
ENSG00000185565,18.6280857640726,2499
ENSG00000163382,18.5550798933464,2500
ENSG00000171847,18.5427839970385,2501
ENSG00000197961,18.5205714522532,2502
ENSG00000170558,18.5135040212125,2503
ENSG00000000971,18.5123571236613,2504
ENSG00000080618,18.4801295076913,2505
ENSG00000239697,18.476269389808,2506
ENSG00000076242,18.4509217796706,2507
ENSG00000181409,18.4329699040322,2508
ENSG00000185624,18.3571830654057,2509
ENSG00000169035,18.3429642972848,2510
ENSG00000069998,18.3420346859172,2511
ENSG00000144827,18.3117948716551,2512
ENSG00000119714,18.2930691820321,2513
ENSG00000103534,18.2598123970902,2514
ENSG00000184108,18.2498744906174,2515
ENSG00000198589,18.1989654185952,2516
ENSG00000162757,18.1749419179275,2517
ENSG00000165181,18.1747934536475,2518
ENSG00000240303,18.1512871512201,2519
ENSG00000156535,18.1468546288014,2520
ENSG00000172901,18.1388992279088,2521
ENSG00000105767,18.1248921387647,2522
ENSG00000110092,18.1193682772341,2523
ENSG00000070756,18.0843504365381,2524
ENSG00000177426,18.075013518262,2525
ENSG00000133401,18.0728736067522,2526
ENSG00000175087,18.0502394218266,2527
ENSG00000069696,18.0433757484247,2528
ENSG00000142675,18.0054687979973,2529
ENSG00000105281,18.0035597753183,2530
ENSG00000181513,17.9945615075662,2531
ENSG00000182472,17.9814322475377,2532
ENSG00000115165,17.9687845411589,2533
ENSG00000087510,17.9543106702571,2534
ENSG00000137460,17.9403938882023,2535
ENSG00000154134,17.9278680584074,2536
ENSG00000174343,17.9266725216379,2537
ENSG00000173674,17.9263158556484,2538
ENSG00000133997,17.9077836681557,2539
ENSG00000172243,17.8945075517544,2540
ENSG00000130675,17.8521588530414,2541
ENSG00000074211,17.8428923320038,2542
ENSG00000156414,17.8361194668885,2543
ENSG00000196866,17.8331283609684,2544
ENSG00000164142,17.8250974589912,2545
ENSG00000037897,17.8184736342479,2546
ENSG00000136100,17.7887447882064,2547
ENSG00000116704,17.7607351114808,2548
ENSG00000176597,17.7540179673929,2549
ENSG00000022976,17.7511860413307,2550
ENSG00000170465,17.7423536947751,2551
ENSG00000205456,17.7272491326626,2552
ENSG00000172061,17.7098716612028,2553
ENSG00000169896,17.708510833196,2554
ENSG00000166004,17.6973837536615,2555
ENSG00000168159,17.6861013797956,2556
ENSG00000121716,17.6781187228247,2557
ENSG00000007174,17.6712337825726,2558
ENSG00000152580,17.6495193250075,2559
ENSG00000149646,17.6287653364837,2560
ENSG00000103978,17.6280018206917,2561
ENSG00000059804,17.6264300429903,2562
ENSG00000102886,17.6169843945898,2563
ENSG00000148296,17.6089611459764,2564
ENSG00000180758,17.5373782906414,2565
ENSG00000142661,17.5159183745766,2566
ENSG00000139597,17.5123257573579,2567
ENSG00000189068,17.4881612058696,2568
ENSG00000103253,17.4651062144041,2569
ENSG00000120885,17.4571424554029,2570
ENSG00000039560,17.4386715616529,2571
ENSG00000178802,17.4051161713966,2572
ENSG00000111206,17.380369339877,2573
ENSG00000080200,17.3750194278425,2574
ENSG00000108469,17.3694094084604,2575
ENSG00000165300,17.3569735059478,2576
ENSG00000128989,17.3553562786214,2577
ENSG00000138622,17.3506761679954,2578
ENSG00000171552,17.3234445511032,2579
ENSG00000139549,17.3223075409087,2580
ENSG00000135047,17.3215865799229,2581
ENSG00000163283,17.3092979385655,2582
ENSG00000163191,17.2974108974089,2583
ENSG00000205609,17.2962907136398,2584
ENSG00000151917,17.2924169535981,2585
ENSG00000188536,17.2909279300427,2586
ENSG00000130748,17.2784274238494,2587
ENSG00000196235,17.2742372803675,2588
ENSG00000064787,17.2641665985324,2589
ENSG00000206052,17.2393542181238,2590
ENSG00000181027,17.2219872792432,2591
ENSG00000204310,17.2217872083705,2592
ENSG00000232040,17.2217508245861,2593
ENSG00000113269,17.2011967773052,2594
ENSG00000189375,17.1927698591966,2595
ENSG00000175106,17.1831440206525,2596
ENSG00000167779,17.1658490295433,2597
ENSG00000116016,17.1354135966761,2598
ENSG00000111652,17.1287487150558,2599
ENSG00000111817,17.1232119369212,2600
ENSG00000149599,17.1136610841751,2601
ENSG00000118402,17.096592417042,2602
ENSG00000172159,17.0839570187414,2603
ENSG00000204632,17.0594789570298,2604
ENSG00000243449,17.0536351981945,2605
ENSG00000128829,17.0439509523214,2606
ENSG00000081870,17.0290804432068,2607
ENSG00000144406,17.0181645703605,2608
ENSG00000105926,16.9897368099107,2609
ENSG00000128342,16.9884875881295,2610
ENSG00000108244,16.9798390138383,2611
ENSG00000135314,16.9797490139392,2612
ENSG00000119616,16.9715077101107,2613
ENSG00000138271,16.9689073927408,2614
ENSG00000184445,16.9681936872513,2615
ENSG00000101440,16.9645897035103,2616
ENSG00000162572,16.9632479476231,2617
ENSG00000163638,16.9566951528287,2618
ENSG00000241119,16.9558542818083,2619
ENSG00000167014,16.9507860596433,2620
ENSG00000136872,16.9504340611606,2621
ENSG00000179314,16.937841441978,2622
ENSG00000148498,16.9273786756102,2623
ENSG00000147689,16.9235025416906,2624
ENSG00000137343,16.9050958887147,2625
ENSG00000203485,16.8672215326669,2626
ENSG00000115556,16.8553029751683,2627
ENSG00000049192,16.8545635581561,2628
ENSG00000133101,16.8544077200382,2629
ENSG00000187189,16.8144278877011,2630
ENSG00000150783,16.8073078282195,2631
ENSG00000147676,16.8014475244454,2632
ENSG00000099338,16.7826645312231,2633
ENSG00000171094,16.7806784508664,2634
ENSG00000102145,16.7671640828532,2635
ENSG00000147697,16.7639210943864,2636
ENSG00000134871,16.7408296876505,2637
ENSG00000167220,16.7067434979531,2638
ENSG00000167608,16.6925114402199,2639
ENSG00000106536,16.6818450860332,2640
ENSG00000136689,16.6748095693882,2641
ENSG00000180113,16.6719850914301,2642
ENSG00000212710,16.6686283362265,2643
ENSG00000109501,16.6631168506852,2644
ENSG00000156735,16.6398331051476,2645
ENSG00000179046,16.6083549936764,2646
ENSG00000222018,16.6033921908346,2647
ENSG00000155966,16.6006614404053,2648
ENSG00000130164,16.5817178551553,2649
ENSG00000135506,16.5796033189795,2650
ENSG00000142197,16.576699302459,2651
ENSG00000177675,16.572429858566,2652
ENSG00000136944,16.5474272259316,2653
ENSG00000138769,16.5409453165268,2654
ENSG00000147044,16.5347222853705,2655
ENSG00000029153,16.5276712232598,2656
ENSG00000158517,16.521200546273,2657
ENSG00000166592,16.5123382629728,2658
ENSG00000122971,16.505207749464,2659
ENSG00000166557,16.5005956165397,2660
ENSG00000015520,16.4621008259839,2661
ENSG00000258643,16.4368811270204,2662
ENSG00000160410,16.4351967692564,2663
ENSG00000128165,16.4259977916549,2664
ENSG00000130517,16.4097543826387,2665
ENSG00000167754,16.4038321566386,2666
ENSG00000101188,16.3999878003139,2667
ENSG00000134594,16.3794716422401,2668
ENSG00000159640,16.3766737669577,2669
ENSG00000115290,16.3761263022835,2670
ENSG00000197747,16.3707752142501,2671
ENSG00000000003,16.3588397739498,2672
ENSG00000249992,16.3328918873924,2673
ENSG00000100350,16.3325226708194,2674
ENSG00000224712,16.2764672209584,2675
ENSG00000010278,16.2677726358532,2676
ENSG00000213762,16.2469343966897,2677
ENSG00000108528,16.2373881738996,2678
ENSG00000095002,16.2305586452408,2679
ENSG00000135333,16.2261942345775,2680
ENSG00000159352,16.211085960957,2681
ENSG00000164808,16.2073336002721,2682
ENSG00000128271,16.1893529214537,2683
ENSG00000132718,16.1865571457778,2684
ENSG00000153561,16.1339259267864,2685
ENSG00000165891,16.1133730849198,2686
ENSG00000244005,16.0891336694605,2687
ENSG00000189233,16.0713276082106,2688
ENSG00000146242,16.0385513215183,2689
ENSG00000104967,16.0329528394751,2690
ENSG00000144339,16.0249245732178,2691
ENSG00000164821,15.983106640556,2692
ENSG00000172172,15.958935446698,2693
ENSG00000178053,15.9303279989715,2694
ENSG00000145949,15.9276460616043,2695
ENSG00000122477,15.9247840923332,2696
ENSG00000129295,15.9184693748335,2697
ENSG00000215012,15.9081137474224,2698
ENSG00000179965,15.8906301792235,2699
ENSG00000164946,15.8755830832865,2700
ENSG00000142959,15.8673094827811,2701
ENSG00000137090,15.8429283193218,2702
ENSG00000136110,15.8346104652776,2703
ENSG00000156218,15.8320521663734,2704
ENSG00000187889,15.8237506637302,2705
ENSG00000179588,15.8218841143524,2706
ENSG00000174562,15.8162695081556,2707
ENSG00000166333,15.7935245707952,2708
ENSG00000130734,15.7728813300227,2709
ENSG00000160999,15.7712110478943,2710
ENSG00000204427,15.7660557544625,2711
ENSG00000079393,15.7420213546857,2712
ENSG00000089009,15.7350806227772,2713
ENSG00000163558,15.7233148227471,2714
ENSG00000236320,15.7155108299026,2715
ENSG00000143995,15.7119090462558,2716
ENSG00000152766,15.7060867475157,2717
ENSG00000175315,15.7047868284256,2718
ENSG00000171724,15.6872983039053,2719
ENSG00000111452,15.6688077775759,2720
ENSG00000183323,15.6562875911562,2721
ENSG00000134571,15.6473070277014,2722
ENSG00000185252,15.602788119932,2723
ENSG00000184047,15.6011143437089,2724
ENSG00000132549,15.600314280064,2725
ENSG00000213654,15.5915076081544,2726
ENSG00000134569,15.5742859536897,2727
ENSG00000135749,15.5564127168905,2728
ENSG00000126522,15.5543191395451,2729
ENSG00000140443,15.5482767764683,2730
ENSG00000198176,15.5376420029494,2731
ENSG00000166311,15.530071367715,2732
ENSG00000183305,15.5288894582103,2733
ENSG00000187537,15.5280081182218,2734
ENSG00000178919,15.4822525107965,2735
ENSG00000166159,15.4771513842656,2736
ENSG00000120820,15.4643693842987,2737
ENSG00000204930,15.4466019135018,2738
ENSG00000218891,15.4075438135915,2739
ENSG00000105289,15.3741753999755,2740
ENSG00000188687,15.3310276513126,2741
ENSG00000176884,15.324589525299,2742
ENSG00000156453,15.3209122811402,2743
ENSG00000171403,15.3170538548443,2744
ENSG00000134248,15.3132807710185,2745
ENSG00000088827,15.2884009636798,2746
ENSG00000176714,15.2835787793223,2747
ENSG00000151689,15.2801578272948,2748
ENSG00000173992,15.2710204541491,2749
ENSG00000203837,15.2517053622264,2750
ENSG00000164188,15.2368953153518,2751
ENSG00000196805,15.2097157795699,2752
ENSG00000103876,15.1869189814702,2753
ENSG00000188603,15.180650827129,2754
ENSG00000150337,15.1780621744081,2755
ENSG00000121270,15.1576912880428,2756
ENSG00000131409,15.1388585615547,2757
ENSG00000100221,15.1341783026297,2758
ENSG00000154930,15.1309452158874,2759
ENSG00000141337,15.1304524070435,2760
ENSG00000137941,15.0996189828436,2761
ENSG00000173557,15.0916249051125,2762
ENSG00000134072,15.0890230257341,2763
ENSG00000146701,15.0828643120039,2764
ENSG00000140948,15.0787767433585,2765
ENSG00000162746,15.0672206035884,2766
ENSG00000126456,15.0655829073498,2767
ENSG00000151640,15.0550460697725,2768
ENSG00000167751,15.0283812530724,2769
ENSG00000212123,15.0229238147521,2770
ENSG00000189171,15.0211683890142,2771
ENSG00000072840,15.0031365841151,2772
ENSG00000164038,14.9949910874684,2773
ENSG00000116918,14.9817248756224,2774
ENSG00000168890,14.9783772892841,2775
ENSG00000100577,14.969883764476,2776
ENSG00000134365,14.9598317098249,2777
ENSG00000064995,14.9450260363208,2778
ENSG00000073711,14.9424614351421,2779
ENSG00000125952,14.9402502005218,2780
ENSG00000107829,14.9390813845599,2781
ENSG00000095380,14.937344027807,2782
ENSG00000117394,14.9114506635621,2783
ENSG00000008513,14.9052583991668,2784
ENSG00000099377,14.8989472281608,2785
ENSG00000165801,14.8970753568709,2786
ENSG00000161179,14.883757164109,2787
ENSG00000139219,14.8810340922509,2788
ENSG00000133424,14.8726544650559,2789
ENSG00000215218,14.868275307066,2790
ENSG00000176165,14.8572440184698,2791
ENSG00000151012,14.8514727738778,2792
ENSG00000169218,14.8463394038665,2793
ENSG00000124920,14.8463387877193,2794
ENSG00000076826,14.8390721662196,2795
ENSG00000135750,14.8366930487584,2796
ENSG00000154518,14.8130768700255,2797
ENSG00000129474,14.8080181400064,2798
ENSG00000075223,14.7841451292668,2799
ENSG00000155269,14.763332028894,2800
ENSG00000164932,14.7594313024668,2801
ENSG00000174891,14.7510807595971,2802
ENSG00000067606,14.7388645098301,2803
ENSG00000130307,14.7228124632872,2804
ENSG00000189283,14.7031041218012,2805
ENSG00000021645,14.6596492546529,2806
ENSG00000091513,14.6591854114895,2807
ENSG00000011422,14.6590391506359,2808
ENSG00000173918,14.6523248825246,2809
ENSG00000069122,14.6322877607284,2810
ENSG00000164542,14.631044611354,2811
ENSG00000177700,14.6203655183271,2812
ENSG00000100889,14.601069717275,2813
ENSG00000143740,14.6010360377889,2814
ENSG00000262209,14.5833916864801,2815
ENSG00000127423,14.5820836277332,2816
ENSG00000063587,14.5772088085004,2817
ENSG00000182287,14.5757782058102,2818
ENSG00000105642,14.5741533620031,2819
ENSG00000197056,14.5703178948304,2820
ENSG00000117834,14.5623701600979,2821
ENSG00000102195,14.541904232524,2822
ENSG00000185875,14.5405224886374,2823
ENSG00000135926,14.5387879622302,2824
ENSG00000014257,14.5346670436664,2825
ENSG00000100612,14.5344309037276,2826
ENSG00000147400,14.5257043370134,2827
ENSG00000125170,14.511010582687,2828
ENSG00000167880,14.4952429126774,2829
ENSG00000144908,14.4805234838765,2830
ENSG00000189334,14.4576671346251,2831
ENSG00000101311,14.4569422955332,2832
ENSG00000138030,14.4342080342282,2833
ENSG00000163352,14.4305899409938,2834
ENSG00000100445,14.4258712716128,2835
ENSG00000149600,14.4156466279626,2836
ENSG00000197043,14.4126103599694,2837
ENSG00000139737,14.4081012007524,2838
ENSG00000078269,14.3952158522152,2839
ENSG00000100342,14.3863929502767,2840
ENSG00000033327,14.3853097455418,2841
ENSG00000141682,14.3847760681254,2842
ENSG00000167554,14.3666717409338,2843
ENSG00000133863,14.3545612115857,2844
ENSG00000096063,14.345833162898,2845
ENSG00000147475,14.3312954537738,2846
ENSG00000149043,14.3213647504884,2847
ENSG00000115607,14.3114938269596,2848
ENSG00000170006,14.2997946469131,2849
ENSG00000136141,14.2929856135531,2850
ENSG00000111249,14.2793947208551,2851
ENSG00000186111,14.2689731093715,2852
ENSG00000170876,14.2685775147357,2853
ENSG00000171798,14.2490182492197,2854
ENSG00000082482,14.2370880583675,2855
ENSG00000154229,14.2315583714379,2856
ENSG00000163209,14.231233656297,2857
ENSG00000016391,14.222247726539,2858
ENSG00000150556,14.2112259333141,2859
ENSG00000152464,14.204884714506,2860
ENSG00000175445,14.2040069527136,2861
ENSG00000174521,14.1987448404801,2862
ENSG00000071282,14.1948028299557,2863
ENSG00000162174,14.1909418918108,2864
ENSG00000204655,14.1885953785517,2865
ENSG00000178537,14.169608718544,2866
ENSG00000153989,14.1485907402264,2867
ENSG00000025796,14.1437051143802,2868
ENSG00000142082,14.137389402024,2869
ENSG00000139537,14.1365050215403,2870
ENSG00000198944,14.1239361806475,2871
ENSG00000183542,14.1002331651984,2872
ENSG00000073921,14.0981170639008,2873
ENSG00000084731,14.0882481437811,2874
ENSG00000174442,14.0785178958424,2875
ENSG00000136002,14.0695006367917,2876
ENSG00000140043,14.0486337410671,2877
ENSG00000087086,14.0167070900538,2878
ENSG00000198324,14.0126962735218,2879
ENSG00000102104,14.0023584998185,2880
ENSG00000129667,13.9818973444146,2881
ENSG00000164933,13.9592688467931,2882
ENSG00000137133,13.9556526088477,2883
ENSG00000165495,13.9272258624626,2884
ENSG00000183454,13.9239867135369,2885
ENSG00000164124,13.9176721972976,2886
ENSG00000071967,13.908047662941,2887
ENSG00000144681,13.9057222271712,2888
ENSG00000161929,13.9022053993485,2889
ENSG00000173991,13.8908020196664,2890
ENSG00000198570,13.8655376183452,2891
ENSG00000162426,13.8617097456872,2892
ENSG00000116353,13.8611066744314,2893
ENSG00000198736,13.8557219919519,2894
ENSG00000204385,13.8410757183517,2895
ENSG00000178814,13.8365293815039,2896
ENSG00000089248,13.8146063933204,2897
ENSG00000125245,13.8145117996668,2898
ENSG00000156009,13.8015092176621,2899
ENSG00000269526,13.7805755373382,2900
ENSG00000121680,13.7761784612876,2901
ENSG00000051180,13.7733652302292,2902
ENSG00000101883,13.7724324044208,2903
ENSG00000186523,13.7562686578778,2904
ENSG00000161847,13.7390486210958,2905
ENSG00000164867,13.7352335484473,2906
ENSG00000158793,13.6989790527757,2907
ENSG00000123416,13.6920217632444,2908
ENSG00000134516,13.6911529679687,2909
ENSG00000150048,13.68189712854,2910
ENSG00000143621,13.6729355860953,2911
ENSG00000205076,13.6541603622534,2912
ENSG00000205359,13.6373621862551,2913
ENSG00000135298,13.6169073336867,2914
ENSG00000162881,13.6134135611004,2915
ENSG00000196562,13.5969573385558,2916
ENSG00000112511,13.5513798281457,2917
ENSG00000196878,13.5472265552143,2918
ENSG00000142677,13.5384054695898,2919
ENSG00000174080,13.5260224169316,2920
ENSG00000189127,13.5242012766581,2921
ENSG00000147145,13.5083991724829,2922
ENSG00000000938,13.5074003327954,2923
ENSG00000006712,13.5038181767598,2924
ENSG00000172780,13.4783346228358,2925
ENSG00000198836,13.4668980567201,2926
ENSG00000170776,13.4521507890904,2927
ENSG00000125508,13.4437691885539,2928
ENSG00000112242,13.4340749983562,2929
ENSG00000186188,13.4307757745844,2930
ENSG00000148053,13.430489679696,2931
ENSG00000116459,13.4283265992911,2932
ENSG00000111305,13.4158429468551,2933
ENSG00000020129,13.3986627147653,2934
ENSG00000156521,13.3931383850779,2935
ENSG00000108799,13.3896411981135,2936
ENSG00000082701,13.3837709566577,2937
ENSG00000047648,13.3578133244564,2938
ENSG00000106819,13.357080648703,2939
ENSG00000126460,13.3508116790583,2940
ENSG00000184500,13.3367815945545,2941
ENSG00000186094,13.3295778670838,2942
ENSG00000130208,13.3075809584575,2943
ENSG00000123612,13.3047366611709,2944
ENSG00000139351,13.298743338393,2945
ENSG00000180357,13.2690614631038,2946
ENSG00000144476,13.257885863138,2947
ENSG00000054179,13.2528873252326,2948
ENSG00000084207,13.2503492591034,2949
ENSG00000196396,13.2495705954457,2950
ENSG00000105393,13.2410190744833,2951
ENSG00000184571,13.2150795053532,2952
ENSG00000123505,13.1963364497951,2953
ENSG00000097046,13.1894915714972,2954
ENSG00000043355,13.1665275014167,2955
ENSG00000204764,13.1505741226742,2956
ENSG00000100380,13.1047270023439,2957
ENSG00000237541,13.0932955119485,2958
ENSG00000133392,13.0821514219043,2959
ENSG00000152056,13.0808470495909,2960
ENSG00000272573,13.0620286693747,2961
ENSG00000113300,13.0620208364756,2962
ENSG00000036565,13.0549682853619,2963
ENSG00000243955,13.0493309791964,2964
ENSG00000198865,13.040841397387,2965
ENSG00000132274,13.0318743046338,2966
ENSG00000144485,13.0208011366405,2967
ENSG00000103363,13.0138686699928,2968
ENSG00000203783,13.0079243526589,2969
ENSG00000131471,13.0044427905701,2970
ENSG00000010404,12.9963485684194,2971
ENSG00000149380,12.9905952554141,2972
ENSG00000090776,12.9780455940436,2973
ENSG00000143195,12.9744709446426,2974
ENSG00000125457,12.9385658804062,2975
ENSG00000108821,12.9234549372405,2976
ENSG00000205436,12.9204655186481,2977
ENSG00000169903,12.9036842818038,2978
ENSG00000171115,12.9007517718854,2979
ENSG00000131653,12.8930270922513,2980
ENSG00000078053,12.8923180474174,2981
ENSG00000078898,12.8885910916379,2982
ENSG00000132855,12.8829746615122,2983
ENSG00000139278,12.8817288856319,2984
ENSG00000158764,12.8742548158924,2985
ENSG00000104267,12.862241517697,2986
ENSG00000130508,12.8596039578137,2987
ENSG00000105492,12.8466162805832,2988
ENSG00000134539,12.8424309766464,2989
ENSG00000120327,12.8373342551292,2990
ENSG00000121454,12.8362473895938,2991
ENSG00000135111,12.8337563133293,2992
ENSG00000113368,12.8290506631722,2993
ENSG00000213185,12.811358694134,2994
ENSG00000205208,12.8093815031065,2995
ENSG00000222038,12.7936103727564,2996
ENSG00000183621,12.7826557644562,2997
ENSG00000183775,12.7808395012024,2998
ENSG00000168913,12.7735923029092,2999
ENSG00000146476,12.7647188284179,3000
ENSG00000115884,12.7619869900052,3001
ENSG00000106976,12.7571667377379,3002
ENSG00000185742,12.7528738911005,3003
ENSG00000158373,12.7417370794074,3004
ENSG00000137809,12.7364305144048,3005
ENSG00000163704,12.727968600279,3006
ENSG00000221882,12.7062591291317,3007
ENSG00000115594,12.7053738953142,3008
ENSG00000197599,12.7034868434168,3009
ENSG00000151575,12.6954245994496,3010
ENSG00000158485,12.6913716983343,3011
ENSG00000012779,12.6814172277374,3012
ENSG00000136875,12.6567065177772,3013
ENSG00000164099,12.637063807995,3014
ENSG00000116852,12.6294254064444,3015
ENSG00000214842,12.6248272012504,3016
ENSG00000128245,12.6205644903336,3017
ENSG00000143252,12.6182761146253,3018
ENSG00000180596,12.5949857184731,3019
ENSG00000256229,12.59163798687,3020
ENSG00000128805,12.5904929582014,3021
ENSG00000070961,12.581381186021,3022
ENSG00000203724,12.5806281910194,3023
ENSG00000187260,12.5631499833667,3024
ENSG00000108604,12.5449092009014,3025
ENSG00000136891,12.536643952366,3026
ENSG00000176783,12.5189274205956,3027
ENSG00000242550,12.4924444236973,3028
ENSG00000159915,12.4850508084148,3029
ENSG00000146147,12.4698296172259,3030
ENSG00000257108,12.4612166222518,3031
ENSG00000058673,12.4565720341763,3032
ENSG00000136352,12.4545831699466,3033
ENSG00000152133,12.4530376816676,3034
ENSG00000187808,12.4463585636706,3035
ENSG00000243364,12.4454815852328,3036
ENSG00000086062,12.4449051924201,3037
ENSG00000125657,12.4353973231391,3038
ENSG00000162367,12.3915408380337,3039
ENSG00000143353,12.3866235497602,3040
ENSG00000167378,12.3733268176341,3041
ENSG00000152952,12.3719485548624,3042
ENSG00000134371,12.3717393616902,3043
ENSG00000072682,12.3491089607188,3044
ENSG00000075399,12.3353530922552,3045
ENSG00000124214,12.3278284258136,3046
ENSG00000096092,12.3251925900597,3047
ENSG00000100505,12.3036487955313,3048
ENSG00000197279,12.2981070384429,3049
ENSG00000197584,12.2931402603554,3050
ENSG00000077943,12.2564605227591,3051
ENSG00000146374,12.2493749404407,3052
ENSG00000130758,12.2468080850186,3053
ENSG00000171970,12.2448867367738,3054
ENSG00000156970,12.2392356239432,3055
ENSG00000146410,12.2068305678623,3056
ENSG00000104381,12.1970542870777,3057
ENSG00000087258,12.1927719915631,3058
ENSG00000149300,12.1882816505899,3059
ENSG00000109255,12.1757356085229,3060
ENSG00000057149,12.1710904025021,3061
ENSG00000146083,12.1311523153787,3062
ENSG00000156110,12.0974541353514,3063
ENSG00000141026,12.0873978894741,3064
ENSG00000177283,12.0850879534902,3065
ENSG00000185499,12.0784651875384,3066
ENSG00000110675,12.0643013843699,3067
ENSG00000164164,12.0520172597388,3068
ENSG00000187144,12.0443371211646,3069
ENSG00000031003,12.0431165743701,3070
ENSG00000110169,12.0251493500881,3071
ENSG00000110696,12.0222579244921,3072
ENSG00000136243,12.0172211481816,3073
ENSG00000131042,12.0159003531436,3074
ENSG00000138744,12.0058165403558,3075
ENSG00000189051,12.0052109745691,3076
ENSG00000145384,12.001476663409,3077
ENSG00000258315,11.9913737918746,3078
ENSG00000166535,11.9867933879388,3079
ENSG00000087128,11.9468491572514,3080
ENSG00000183032,11.9412140108112,3081
ENSG00000176222,11.9368769028798,3082
ENSG00000108557,11.9359949382567,3083
ENSG00000197958,11.9239289999935,3084
ENSG00000172548,11.9124547625177,3085
ENSG00000107165,11.9076505920755,3086
ENSG00000099889,11.9012391651283,3087
ENSG00000158555,11.9000506573647,3088
ENSG00000099822,11.8853146624741,3089
ENSG00000204918,11.8776084180737,3090
ENSG00000120690,11.8745028597068,3091
ENSG00000173175,11.853168319714,3092
ENSG00000168703,11.8301729123118,3093
ENSG00000179915,11.8181179395026,3094
ENSG00000114867,11.8105760131378,3095
ENSG00000102001,11.7843320573532,3096
ENSG00000167987,11.7680618611125,3097
ENSG00000237649,11.7491482512939,3098
ENSG00000100802,11.7462980186479,3099
ENSG00000244486,11.7372518546749,3100
ENSG00000204363,11.7359474840043,3101
ENSG00000006451,11.7312844888603,3102
ENSG00000255298,11.7202100703549,3103
ENSG00000163362,11.7181711255675,3104
ENSG00000145309,11.7169462777721,3105
ENSG00000088826,11.7118421909632,3106
ENSG00000162763,11.7116200260637,3107
ENSG00000232070,11.7030836036355,3108
ENSG00000159164,11.6839092265491,3109
ENSG00000126903,11.6807076876826,3110
ENSG00000101825,11.6796721610106,3111
ENSG00000022556,11.6794480685963,3112
ENSG00000181163,11.6766324162787,3113
ENSG00000213658,11.6688403436365,3114
ENSG00000182154,11.662764062743,3115
ENSG00000132915,11.6499298384599,3116
ENSG00000198734,11.6491690770027,3117
ENSG00000167740,11.6448914843744,3118
ENSG00000189079,11.6439313068249,3119
ENSG00000136574,11.6257579127869,3120
ENSG00000188089,11.623514305736,3121
ENSG00000101400,11.6127207422865,3122
ENSG00000067225,11.6112264101619,3123
ENSG00000113525,11.6082498198792,3124
ENSG00000126787,11.6065920204514,3125
ENSG00000168904,11.5962841695911,3126
ENSG00000172301,11.593081276311,3127
ENSG00000104918,11.5855515449845,3128
ENSG00000177807,11.5511599276318,3129
ENSG00000005073,11.5414688604254,3130
ENSG00000123572,11.5013923212658,3131
ENSG00000155265,11.4956934120025,3132
ENSG00000151623,11.4881033188559,3133
ENSG00000131495,11.4860838759034,3134
ENSG00000151692,11.483697252621,3135
ENSG00000109794,11.4489907518856,3136
ENSG00000132341,11.447547474316,3137
ENSG00000106484,11.4438317564352,3138
ENSG00000164758,11.4320236379764,3139
ENSG00000197768,11.4203673020195,3140
ENSG00000212659,11.4022968754788,3141
ENSG00000131068,11.3995694139462,3142
ENSG00000139182,11.3988776387919,3143
ENSG00000172818,11.3789292900957,3144
ENSG00000152382,11.3764399901216,3145
ENSG00000100852,11.350185833605,3146
ENSG00000132781,11.3443046838023,3147
ENSG00000155367,11.3424461508929,3148
ENSG00000104938,11.3342987217994,3149
ENSG00000183486,11.3193224818596,3150
ENSG00000205571,11.3155788231372,3151
ENSG00000148826,11.3124882608553,3152
ENSG00000108671,11.3111396607185,3153
ENSG00000173253,11.3103978481717,3154
ENSG00000102181,11.309882321442,3155
ENSG00000158292,11.3027976495922,3156
ENSG00000166889,11.2836493606956,3157
ENSG00000177542,11.2813440796686,3158
ENSG00000087253,11.2690547668644,3159
ENSG00000172731,11.2619800117662,3160
ENSG00000100626,11.2511901113912,3161
ENSG00000198844,11.246124003871,3162
ENSG00000203780,11.238393128596,3163
ENSG00000164949,11.235058282476,3164
ENSG00000184786,11.2281006722919,3165
ENSG00000164776,11.2187305438072,3166
ENSG00000253831,11.2179873184203,3167
ENSG00000162607,11.2111378131394,3168
ENSG00000109572,11.2041026078596,3169
ENSG00000161835,11.202533589249,3170
ENSG00000130544,11.2012512095261,3171
ENSG00000138653,11.1981737048806,3172
ENSG00000132155,11.1946571406787,3173
ENSG00000104886,11.1899194520797,3174
ENSG00000104972,11.1865303547845,3175
ENSG00000172650,11.1767753147267,3176
ENSG00000170298,11.1647322908071,3177
ENSG00000113532,11.1606473498011,3178
ENSG00000183150,11.1597165700649,3179
ENSG00000162384,11.1406865254643,3180
ENSG00000184203,11.1358417301981,3181
ENSG00000093010,11.1309450184108,3182
ENSG00000132677,11.1209808165014,3183
ENSG00000178750,11.1203115627513,3184
ENSG00000161860,11.1081587870563,3185
ENSG00000203685,11.0948659598305,3186
ENSG00000069509,11.0916533304529,3187
ENSG00000100321,11.0847205225942,3188
ENSG00000140464,11.0784916356634,3189
ENSG00000166716,11.0583124449511,3190
ENSG00000237330,11.0561133166807,3191
ENSG00000175093,11.045764747981,3192
ENSG00000006118,11.029709245928,3193
ENSG00000204305,11.0016915188839,3194
ENSG00000217236,10.9999735166319,3195
ENSG00000165376,10.9886512698844,3196
ENSG00000055732,10.9863289199882,3197
ENSG00000114698,10.9826654677706,3198
ENSG00000119509,10.9787494863886,3199
ENSG00000156876,10.9763111565816,3200
ENSG00000165233,10.9571102623858,3201
ENSG00000158321,10.9235470987746,3202
ENSG00000177096,10.9229758046817,3203
ENSG00000130844,10.9170635570842,3204
ENSG00000182628,10.9116797549622,3205
ENSG00000168487,10.9086839849018,3206
ENSG00000211448,10.8972517174262,3207
ENSG00000084453,10.8941773669201,3208
ENSG00000100784,10.893167997053,3209
ENSG00000203772,10.8841146781393,3210
ENSG00000167588,10.8789600480051,3211
ENSG00000198502,10.8768665051984,3212
ENSG00000089597,10.8730916881169,3213
ENSG00000107263,10.8679402679042,3214
ENSG00000133962,10.8676030507496,3215
ENSG00000170113,10.8671639946256,3216
ENSG00000111339,10.8527537701503,3217
ENSG00000139343,10.8471457897337,3218
ENSG00000168959,10.8337741469151,3219
ENSG00000172183,10.821021082905,3220
ENSG00000119844,10.8160971331399,3221
ENSG00000142252,10.8157326619171,3222
ENSG00000143452,10.8091001859184,3223
ENSG00000133169,10.8083031526215,3224
ENSG00000166619,10.8008089493328,3225
ENSG00000069535,10.8003502114944,3226
ENSG00000234602,10.7942609807362,3227
ENSG00000165118,10.7912585635831,3228
ENSG00000136986,10.789087441812,3229
ENSG00000261052,10.7858565252526,3230
ENSG00000171016,10.7781652778981,3231
ENSG00000111837,10.7727574453364,3232
ENSG00000177947,10.7624218320172,3233
ENSG00000019582,10.7581026484913,3234
ENSG00000165572,10.7570372325895,3235
ENSG00000115590,10.7440866663628,3236
ENSG00000131037,10.7318380041762,3237
ENSG00000166359,10.7175704461605,3238
ENSG00000071889,10.7173674582307,3239
ENSG00000183742,10.6997753893977,3240
ENSG00000160447,10.6804886046808,3241
ENSG00000059377,10.673136888118,3242
ENSG00000188549,10.6580357053929,3243
ENSG00000255587,10.6562188707205,3244
ENSG00000115539,10.6554800080226,3245
ENSG00000133135,10.6549529514881,3246
ENSG00000100314,10.6461973835903,3247
ENSG00000171453,10.6358108746579,3248
ENSG00000119673,10.6211917405644,3249
ENSG00000102871,10.6203464577395,3250
ENSG00000179958,10.617254728904,3251
ENSG00000178252,10.6072867525983,3252
ENSG00000227124,10.6031393421539,3253
ENSG00000131023,10.5994699639413,3254
ENSG00000228278,10.587665995107,3255
ENSG00000146038,10.5746760248151,3256
ENSG00000149573,10.5716956284976,3257
ENSG00000013619,10.56589872359,3258
ENSG00000136010,10.555325459452,3259
ENSG00000239857,10.5489026908214,3260
ENSG00000136231,10.531576576328,3261
ENSG00000138386,10.5256761879606,3262
ENSG00000126583,10.5246666721515,3263
ENSG00000109919,10.5237665359998,3264
ENSG00000140105,10.5225770530879,3265
ENSG00000196407,10.5066164008598,3266
ENSG00000182985,10.4922548810898,3267
ENSG00000124120,10.4922434050642,3268
ENSG00000171124,10.4625658280221,3269
ENSG00000113649,10.4549057757549,3270
ENSG00000175215,10.450225300706,3271
ENSG00000103489,10.4491516731909,3272
ENSG00000167258,10.4467005807392,3273
ENSG00000144278,10.4319570260374,3274
ENSG00000111057,10.4196703653544,3275
ENSG00000170412,10.4147422163606,3276
ENSG00000166589,10.4122225528292,3277
ENSG00000105193,10.4015458154675,3278
ENSG00000150627,10.400990776435,3279
ENSG00000154122,10.3980963297854,3280
ENSG00000182768,10.3813917727036,3281
ENSG00000156234,10.3658565980996,3282
ENSG00000100300,10.3648321099969,3283
ENSG00000114416,10.3641277454208,3284
ENSG00000197635,10.3625552586422,3285
ENSG00000156299,10.3605219409133,3286
ENSG00000144741,10.3435010247147,3287
ENSG00000182400,10.3371033172368,3288
ENSG00000156639,10.3349944280684,3289
ENSG00000100116,10.3343251719848,3290
ENSG00000149782,10.323957090008,3291
ENSG00000113327,10.3122303804003,3292
ENSG00000164512,10.3106657466173,3293
ENSG00000115526,10.308931994159,3294
ENSG00000106511,10.3069273636841,3295
ENSG00000177464,10.306254474293,3296
ENSG00000185640,10.3062049126163,3297
ENSG00000170270,10.2631136739717,3298
ENSG00000167653,10.2544541590207,3299
ENSG00000131386,10.2535554449806,3300
ENSG00000165246,10.2379993803295,3301
ENSG00000175198,10.236384814101,3302
ENSG00000173214,10.2231925573798,3303
ENSG00000185787,10.2174723248095,3304
ENSG00000006047,10.2133578001517,3305
ENSG00000009307,10.1840719262581,3306
ENSG00000155846,10.1814044770159,3307
ENSG00000134970,10.1374357762593,3308
ENSG00000204070,10.1307608043894,3309
ENSG00000187479,10.1271431417719,3310
ENSG00000169188,10.1235124203344,3311
ENSG00000198715,10.1115176561942,3312
ENSG00000125826,10.110135338291,3313
ENSG00000140332,10.0970348060574,3314
ENSG00000115234,10.0666555471649,3315
ENSG00000178096,10.050759102058,3316
ENSG00000139675,10.042639015184,3317
ENSG00000182446,10.0399067123053,3318
ENSG00000119865,10.0399014082604,3319
ENSG00000171940,10.0396973681456,3320
ENSG00000108622,10.0189472499841,3321
ENSG00000197142,10.0063803784446,3322
ENSG00000150551,10.0057217247217,3323
ENSG00000168811,10.0014190740651,3324
ENSG00000233493,9.99236351112426,3325
ENSG00000107968,9.99184325865124,3326
ENSG00000152926,9.98781089240545,3327
ENSG00000163817,9.98108465817687,3328
ENSG00000167377,9.97441262442721,3329
ENSG00000165458,9.97075111098494,3330
ENSG00000058085,9.96812121502828,3331
ENSG00000151929,9.96218756212285,3332
ENSG00000233436,9.95123957359973,3333
ENSG00000215440,9.95105351605115,3334
ENSG00000130940,9.94520549526624,3335
ENSG00000204962,9.94045238791767,3336
ENSG00000170921,9.93993786367006,3337
ENSG00000106153,9.93668409732621,3338
ENSG00000120458,9.93623615302966,3339
ENSG00000056736,9.93155911699426,3340
ENSG00000107485,9.91811594527313,3341
ENSG00000137434,9.90699075645301,3342
ENSG00000140961,9.89805447132692,3343
ENSG00000137364,9.89725545344936,3344
ENSG00000137634,9.88929310053098,3345
ENSG00000137561,9.87988337784953,3346
ENSG00000185238,9.87723287880653,3347
ENSG00000104848,9.86737994146235,3348
ENSG00000166682,9.84893252528855,3349
ENSG00000187045,9.84338127006131,3350
ENSG00000182511,9.8139058983492,3351
ENSG00000166946,9.795986216381,3352
ENSG00000177084,9.78391222794959,3353
ENSG00000205869,9.78194409565799,3354
ENSG00000261701,9.78186680956817,3355
ENSG00000158106,9.76728335288713,3356
ENSG00000143942,9.76485827403771,3357
ENSG00000173846,9.7470202608467,3358
ENSG00000091583,9.74662267850468,3359
ENSG00000180185,9.72498692228145,3360
ENSG00000170469,9.70890610846723,3361
ENSG00000173391,9.70782211711969,3362
ENSG00000008853,9.70019537361045,3363
ENSG00000109832,9.69969125414014,3364
ENSG00000104738,9.6654246314991,3365
ENSG00000177685,9.66085593866299,3366
ENSG00000126214,9.63482008666732,3367
ENSG00000119446,9.62888074701719,3368
ENSG00000163155,9.62240997524909,3369
ENSG00000174292,9.61772530974669,3370
ENSG00000105707,9.61671456764337,3371
ENSG00000181143,9.61071378459413,3372
ENSG00000185163,9.60127552999494,3373
ENSG00000122223,9.57382719844318,3374
ENSG00000006555,9.57298512903973,3375
ENSG00000106278,9.56112150569627,3376
ENSG00000110719,9.5542573465343,3377
ENSG00000147647,9.54957632654847,3378
ENSG00000129214,9.54220597915817,3379
ENSG00000149609,9.53779494866847,3380
ENSG00000088247,9.52594549613225,3381
ENSG00000172167,9.52226174828125,3382
ENSG00000241973,9.51341803672226,3383
ENSG00000110492,9.51087170785153,3384
ENSG00000105523,9.50757773788419,3385
ENSG00000127947,9.49865106515672,3386
ENSG00000123562,9.48223908026225,3387
ENSG00000144119,9.47054148845299,3388
ENSG00000158859,9.46186957400851,3389
ENSG00000154016,9.4591750724391,3390
ENSG00000169891,9.45883406618935,3391
ENSG00000158525,9.45424184036023,3392
ENSG00000166455,9.43991716844392,3393
ENSG00000169021,9.42079119586712,3394
ENSG00000196353,9.40879394854807,3395
ENSG00000128918,9.40550826916536,3396
ENSG00000169019,9.39909019574639,3397
ENSG00000107984,9.39574258801994,3398
ENSG00000136205,9.38616407428382,3399
ENSG00000165646,9.37701327091968,3400
ENSG00000188269,9.37624542434956,3401
ENSG00000100644,9.37362091000739,3402
ENSG00000120217,9.36817856480426,3403
ENSG00000115295,9.36744452716474,3404
ENSG00000221823,9.36692990631255,3405
ENSG00000004838,9.36276625603065,3406
ENSG00000110721,9.35175812615722,3407
ENSG00000167749,9.3396407296403,3408
ENSG00000162191,9.33684987367755,3409
ENSG00000187627,9.33629169285591,3410
ENSG00000140367,9.32972838828602,3411
ENSG00000139163,9.32763602541533,3412
ENSG00000145029,9.32486902987541,3413
ENSG00000196754,9.32323434350737,3414
ENSG00000088035,9.31692778953907,3415
ENSG00000186047,9.30206397801003,3416
ENSG00000099974,9.29935905860015,3417
ENSG00000160446,9.29755232038896,3418
ENSG00000154102,9.29504548753079,3419
ENSG00000196177,9.29304653149188,3420
ENSG00000008438,9.29111122397398,3421
ENSG00000164070,9.28620781139252,3422
ENSG00000149305,9.28577017065277,3423
ENSG00000130988,9.27950459037366,3424
ENSG00000165192,9.27882795691804,3425
ENSG00000168306,9.27690658486023,3426
ENSG00000135363,9.2751716367727,3427
ENSG00000241404,9.26564843292255,3428
ENSG00000159363,9.26187954768195,3429
ENSG00000156413,9.26028415642401,3430
ENSG00000109917,9.25686091427914,3431
ENSG00000183831,9.25083270788058,3432
ENSG00000203785,9.24163565598864,3433
ENSG00000171804,9.24124491971572,3434
ENSG00000175984,9.2357122464845,3435
ENSG00000170142,9.228728411876,3436
ENSG00000070759,9.22870664382904,3437
ENSG00000128731,9.22858396815967,3438
ENSG00000137185,9.21812849379025,3439
ENSG00000119915,9.21509484221051,3440
ENSG00000165637,9.21141867442109,3441
ENSG00000049769,9.20837884728961,3442
ENSG00000180881,9.19758958921993,3443
ENSG00000113140,9.19048145036805,3444
ENSG00000103061,9.18223577520238,3445
ENSG00000154645,9.1800149323278,3446
ENSG00000116044,9.17997000534145,3447
ENSG00000162735,9.1709866073912,3448
ENSG00000196876,9.16484168818717,3449
ENSG00000169783,9.15903605821939,3450
ENSG00000137693,9.1378713901352,3451
ENSG00000178401,9.13456851239436,3452
ENSG00000187837,9.13404991881073,3453
ENSG00000111275,9.1332643117936,3454
ENSG00000162924,9.13326343941811,3455
ENSG00000187626,9.11416730325914,3456
ENSG00000212725,9.10515231967578,3457
ENSG00000197497,9.09449896562326,3458
ENSG00000165457,9.07989390615549,3459
ENSG00000106080,9.07817785183969,3460
ENSG00000108342,9.07374924117941,3461
ENSG00000142875,9.07346902078884,3462
ENSG00000169006,9.06653591536702,3463
ENSG00000159593,9.05305207475193,3464
ENSG00000085449,9.03994311581069,3465
ENSG00000147065,9.03075173877504,3466
ENSG00000180739,9.0283506087895,3467
ENSG00000204389,9.02796282992936,3468
ENSG00000168575,9.02357635134575,3469
ENSG00000213930,9.01628952566197,3470
ENSG00000213199,9.01089499130111,3471
ENSG00000156113,9.00576980429979,3472
ENSG00000172349,8.99533270327479,3473
ENSG00000165821,8.98751730080243,3474
ENSG00000087884,8.98248337915563,3475
ENSG00000111203,8.9789453032671,3476
ENSG00000142494,8.97868802157475,3477
ENSG00000091128,8.96864033214589,3478
ENSG00000116983,8.96541748721426,3479
ENSG00000139174,8.96420480161611,3480
ENSG00000160877,8.96215829995336,3481
ENSG00000171208,8.96155832878425,3482
ENSG00000178828,8.95397070830815,3483
ENSG00000107890,8.93987450116573,3484
ENSG00000164040,8.92886793345452,3485
ENSG00000155659,8.92812627055972,3486
ENSG00000114646,8.92214922177132,3487
ENSG00000185303,8.91899253823558,3488
ENSG00000171219,8.91792755018323,3489
ENSG00000072501,8.90705702156498,3490
ENSG00000124251,8.90369411047059,3491
ENSG00000137770,8.90127588174486,3492
ENSG00000104129,8.89855315588077,3493
ENSG00000114745,8.89818827647132,3494
ENSG00000106038,8.89136746113044,3495
ENSG00000196262,8.8856384084718,3496
ENSG00000170421,8.87692757595397,3497
ENSG00000147127,8.85944077194532,3498
ENSG00000133056,8.83806935962729,3499
ENSG00000154269,8.82173221381697,3500
ENSG00000224877,8.82049560655491,3501
ENSG00000165443,8.81398274347623,3502
ENSG00000181074,8.81064840395399,3503
ENSG00000213398,8.80738696928178,3504
ENSG00000007255,8.80464785186033,3505
ENSG00000196570,8.80248576546181,3506
ENSG00000198453,8.80076087556798,3507
ENSG00000058866,8.79933032295523,3508
ENSG00000214860,8.79710598194695,3509
ENSG00000183034,8.78727259225189,3510
ENSG00000175182,8.78602428302798,3511
ENSG00000132669,8.78425377046976,3512
ENSG00000162736,8.76627363495133,3513
ENSG00000147570,8.75789500052826,3514
ENSG00000159337,8.75274244288174,3515
ENSG00000068697,8.75179251442296,3516
ENSG00000198925,8.75016206905343,3517
ENSG00000240021,8.74062147131943,3518
ENSG00000062822,8.73919677614444,3519
ENSG00000241322,8.73548199735233,3520
ENSG00000074410,8.73375289803138,3521
ENSG00000100968,8.73152858887801,3522
ENSG00000170891,8.72756880226053,3523
ENSG00000004866,8.72170095026231,3524
ENSG00000164938,8.72010737394926,3525
ENSG00000136378,8.70033475515466,3526
ENSG00000177485,8.69939904642564,3527
ENSG00000198692,8.69875200649985,3528
ENSG00000184363,8.67136407540807,3529
ENSG00000005810,8.67003518787518,3530
ENSG00000185760,8.66769319208081,3531
ENSG00000189007,8.66686407680577,3532
ENSG00000187987,8.6659873120819,3533
ENSG00000169474,8.65074195151005,3534
ENSG00000166822,8.64561393092736,3535
ENSG00000177191,8.64110584186524,3536
ENSG00000124374,8.63391854043253,3537
ENSG00000197959,8.63183844184479,3538
ENSG00000100897,8.63059855819948,3539
ENSG00000160746,8.62987127766664,3540
ENSG00000184254,8.62399520232866,3541
ENSG00000135953,8.61518767694436,3542
ENSG00000128422,8.61357134249395,3543
ENSG00000123146,8.61241010611875,3544
ENSG00000187796,8.60583323047555,3545
ENSG00000122026,8.59786643722602,3546
ENSG00000025434,8.59354499128892,3547
ENSG00000148344,8.5901143038429,3548
ENSG00000137309,8.58626089892931,3549
ENSG00000166313,8.58479855838087,3550
ENSG00000166046,8.58362777146889,3551
ENSG00000141316,8.57144376180267,3552
ENSG00000154917,8.56540118999689,3553
ENSG00000188763,8.55975474677363,3554
ENSG00000145216,8.55933939588857,3555
ENSG00000113083,8.55792920806058,3556
ENSG00000125999,8.54800543409895,3557
ENSG00000175564,8.54129910376226,3558
ENSG00000100442,8.54128138026211,3559
ENSG00000253313,8.53225087509537,3560
ENSG00000212807,8.52848419924428,3561
ENSG00000153815,8.52051715080578,3562
ENSG00000170099,8.51911256176696,3563
ENSG00000242950,8.51221842327039,3564
ENSG00000184787,8.50548354111958,3565
ENSG00000204252,8.49505282091302,3566
ENSG00000120055,8.49280274460512,3567
ENSG00000226124,8.48288511282811,3568
ENSG00000163331,8.47455221863541,3569
ENSG00000141252,8.47272588874144,3570
ENSG00000174807,8.47176761911416,3571
ENSG00000162385,8.46948558499411,3572
ENSG00000179889,8.46749439592206,3573
ENSG00000099804,8.46401677853265,3574
ENSG00000168016,8.44874723438302,3575
ENSG00000152127,8.43962093997886,3576
ENSG00000178662,8.43017951502662,3577
ENSG00000139637,8.42548354910285,3578
ENSG00000186777,8.41408315753617,3579
ENSG00000020633,8.40756824485498,3580
ENSG00000129007,8.398069025225,3581
ENSG00000143727,8.38755191631708,3582
ENSG00000164323,8.3869431211591,3583
ENSG00000065615,8.38048315127274,3584
ENSG00000244687,8.37908925519931,3585
ENSG00000089685,8.37222669169653,3586
ENSG00000174428,8.36599506222238,3587
ENSG00000131773,8.35835493852326,3588
ENSG00000155275,8.33697984127171,3589
ENSG00000164180,8.33534080469809,3590
ENSG00000085871,8.33378556984282,3591
ENSG00000166816,8.32694971495151,3592
ENSG00000179886,8.31646996247135,3593
ENSG00000229544,8.31539340340303,3594
ENSG00000196659,8.31425810478116,3595
ENSG00000058404,8.31354426999998,3596
ENSG00000181378,8.30695307980466,3597
ENSG00000111335,8.30191622117688,3598
ENSG00000166035,8.30020619939457,3599
ENSG00000148248,8.29211843425364,3600
ENSG00000047365,8.28849150154329,3601
ENSG00000130300,8.28369751540816,3602
ENSG00000186197,8.28145417693963,3603
ENSG00000188107,8.27935066307651,3604
ENSG00000164093,8.27300223158571,3605
ENSG00000132207,8.27189570736198,3606
ENSG00000100385,8.26771869630935,3607
ENSG00000197172,8.26734255178273,3608
ENSG00000103932,8.25973388658074,3609
ENSG00000137563,8.25712866701625,3610
ENSG00000181690,8.25267898809555,3611
ENSG00000226784,8.24186348122197,3612
ENSG00000110799,8.24039349249711,3613
ENSG00000132840,8.23548250328475,3614
ENSG00000122484,8.23200074804149,3615
ENSG00000050030,8.22715677541986,3616
ENSG00000184221,8.20994229822525,3617
ENSG00000129521,8.20795011667472,3618
ENSG00000125434,8.2059155642512,3619
ENSG00000163348,8.20414617229912,3620
ENSG00000183340,8.19618380292816,3621
ENSG00000175806,8.19135772363178,3622
ENSG00000127364,8.18881703090582,3623
ENSG00000178217,8.18725236594227,3624
ENSG00000075043,8.18196011957669,3625
ENSG00000127920,8.17662023275014,3626
ENSG00000137558,8.17401997094118,3627
ENSG00000196776,8.16999484108388,3628
ENSG00000075089,8.16336320345945,3629
ENSG00000241258,8.14627836079841,3630
ENSG00000160908,8.1428702290925,3631
ENSG00000140873,8.13413313132734,3632
ENSG00000158864,8.12825757339974,3633
ENSG00000133048,8.12758822957258,3634
ENSG00000181007,8.12102745352208,3635
ENSG00000168734,8.11227726396453,3636
ENSG00000175279,8.1060756657256,3637
ENSG00000056998,8.10282021414144,3638
ENSG00000120093,8.093880696853,3639
ENSG00000143556,8.08904673189707,3640
ENSG00000175287,8.07642418288919,3641
ENSG00000154548,8.06546320203791,3642
ENSG00000188162,8.05941306931503,3643
ENSG00000100121,8.05757285693433,3644
ENSG00000003989,8.02405701116483,3645
ENSG00000253548,8.02191659590998,3646
ENSG00000107317,8.02081843135933,3647
ENSG00000167792,8.01370080306358,3648
ENSG00000174640,8.01287223586123,3649
ENSG00000121413,8.01096000750925,3650
ENSG00000163040,8.00985117222022,3651
ENSG00000165799,8.00456511182219,3652
ENSG00000139190,7.99988305782074,3653
ENSG00000198185,7.99310966617582,3654
ENSG00000138698,7.98526542288054,3655
ENSG00000254997,7.97054493983544,3656
ENSG00000144597,7.97052739439636,3657
ENSG00000174871,7.96119328928865,3658
ENSG00000137273,7.95865352889175,3659
ENSG00000140534,7.95186628976643,3660
ENSG00000135549,7.93611522342441,3661
ENSG00000167618,7.92944772998703,3662
ENSG00000187024,7.92517865966851,3663
ENSG00000140398,7.91942161237609,3664
ENSG00000205765,7.91218565575975,3665
ENSG00000197446,7.903313530143,3666
ENSG00000004142,7.8998651400081,3667
ENSG00000197766,7.89041852594934,3668
ENSG00000106571,7.88819279142388,3669
ENSG00000023909,7.88332588172016,3670
ENSG00000101074,7.88102602464605,3671
ENSG00000164741,7.87387428310816,3672
ENSG00000111186,7.87359587167544,3673
ENSG00000108039,7.86903379362336,3674
ENSG00000070950,7.86873627913289,3675
ENSG00000069974,7.86726012526696,3676
ENSG00000168528,7.86673499683067,3677
ENSG00000155368,7.859893555813,3678
ENSG00000159197,7.85925885203958,3679
ENSG00000168779,7.85911840057571,3680
ENSG00000173559,7.85792809257389,3681
ENSG00000146085,7.85121630666958,3682
ENSG00000053371,7.84931999260676,3683
ENSG00000197153,7.84876037340367,3684
ENSG00000173621,7.84140722298676,3685
ENSG00000165828,7.83913332227111,3686
ENSG00000069849,7.83403834882546,3687
ENSG00000085276,7.83326042956457,3688
ENSG00000005513,7.8315536122957,3689
ENSG00000137801,7.82849590527976,3690
ENSG00000118689,7.82753248105448,3691
ENSG00000160188,7.82667971845661,3692
ENSG00000087299,7.82437883650692,3693
ENSG00000196569,7.81839269866563,3694
ENSG00000099250,7.81663520174839,3695
ENSG00000132749,7.81559228770738,3696
ENSG00000086061,7.81040619041587,3697
ENSG00000121940,7.80439767234237,3698
ENSG00000162458,7.80361587139967,3699
ENSG00000120324,7.79988858594736,3700
ENSG00000139168,7.79901539052804,3701
ENSG00000161849,7.78926208815495,3702
ENSG00000081014,7.78184099075708,3703
ENSG00000159147,7.77616938350606,3704
ENSG00000160785,7.77605343237989,3705
ENSG00000222036,7.76509870551166,3706
ENSG00000155749,7.7629700737217,3707
ENSG00000063245,7.76253652482446,3708
ENSG00000138646,7.75090020802361,3709
ENSG00000128944,7.74688233239271,3710
ENSG00000113328,7.74298686149236,3711
ENSG00000155393,7.73702952624077,3712
ENSG00000175893,7.73665195498356,3713
ENSG00000159588,7.7197124770657,3714
ENSG00000139155,7.71895556830611,3715
ENSG00000144579,7.70784058274206,3716
ENSG00000204209,7.70587864588982,3717
ENSG00000196787,7.70500992753626,3718
ENSG00000159228,7.68168545660796,3719
ENSG00000173905,7.68097469395785,3720
ENSG00000013561,7.67451657806549,3721
ENSG00000108639,7.67333769403344,3722
ENSG00000197903,7.67137672659699,3723
ENSG00000133121,7.66789940642114,3724
ENSG00000149557,7.66482605436851,3725
ENSG00000047936,7.66075609943997,3726
ENSG00000135925,7.65853462070152,3727
ENSG00000103047,7.65731823006039,3728
ENSG00000106631,7.65456812388512,3729
ENSG00000005812,7.64871851921373,3730
ENSG00000196935,7.64663141632208,3731
ENSG00000153044,7.64645197702067,3732
ENSG00000132329,7.64268835293952,3733
ENSG00000171532,7.64003954559924,3734
ENSG00000177494,7.62991272523003,3735
ENSG00000243566,7.62901288802487,3736
ENSG00000106771,7.6230646278467,3737
ENSG00000183186,7.62304825162957,3738
ENSG00000197256,7.61187051366549,3739
ENSG00000176894,7.61072163585563,3740
ENSG00000121410,7.60833031151139,3741
ENSG00000204965,7.60710352232535,3742
ENSG00000144791,7.60373054344915,3743
ENSG00000065325,7.60217555564162,3744
ENSG00000213892,7.58751658987254,3745
ENSG00000100888,7.58489740495576,3746
ENSG00000165084,7.58348441613108,3747
ENSG00000253767,7.58314313108586,3748
ENSG00000256162,7.5779636180652,3749
ENSG00000112116,7.56977155683958,3750
ENSG00000107771,7.56353740386465,3751
ENSG00000133488,7.55527948127129,3752
ENSG00000170191,7.55240631838376,3753
ENSG00000131236,7.55031928611797,3754
ENSG00000178531,7.53784601908165,3755
ENSG00000213977,7.53464488717794,3756
ENSG00000105856,7.53276759913533,3757
ENSG00000172057,7.53138475351082,3758
ENSG00000137871,7.52721014190684,3759
ENSG00000139540,7.52410468376218,3760
ENSG00000196458,7.52108390045486,3761
ENSG00000143393,7.51464609031402,3762
ENSG00000103811,7.5138222417105,3763
ENSG00000152213,7.51095401346262,3764
ENSG00000164076,7.51054405561509,3765
ENSG00000184144,7.50900519310647,3766
ENSG00000137161,7.49059728700377,3767
ENSG00000130309,7.48753549636371,3768
ENSG00000169129,7.48454506659848,3769
ENSG00000183560,7.47771969227264,3770
ENSG00000182585,7.47599249548244,3771
ENSG00000205277,7.4743426932575,3772
ENSG00000185737,7.4724019556596,3773
ENSG00000221963,7.47171716876693,3774
ENSG00000166548,7.44732891110658,3775
ENSG00000184110,7.44337581202443,3776
ENSG00000158786,7.43306270710542,3777
ENSG00000166821,7.42989095626369,3778
ENSG00000130005,7.42314622064271,3779
ENSG00000109180,7.42194926825367,3780
ENSG00000149970,7.41325826831322,3781
ENSG00000198113,7.41275536135823,3782
ENSG00000146955,7.40972733019525,3783
ENSG00000177098,7.40761868747947,3784
ENSG00000182568,7.39756510583326,3785
ENSG00000176371,7.39310515969526,3786
ENSG00000221923,7.3780136370736,3787
ENSG00000243989,7.3721297381669,3788
ENSG00000135899,7.3721101117234,3789
ENSG00000120054,7.36390967907669,3790
ENSG00000206177,7.36362634531665,3791
ENSG00000167261,7.35221899742191,3792
ENSG00000165804,7.35194765577051,3793
ENSG00000127528,7.34916062185469,3794
ENSG00000128694,7.34686263535079,3795
ENSG00000119862,7.3464652387574,3796
ENSG00000165730,7.34127295008651,3797
ENSG00000102683,7.33904991289183,3798
ENSG00000112149,7.3388784760353,3799
ENSG00000116350,7.33405471052948,3800
ENSG00000148798,7.32643450256856,3801
ENSG00000170631,7.3206976640791,3802
ENSG00000154553,7.31570288767712,3803
ENSG00000178718,7.30616796422207,3804
ENSG00000109321,7.30324647996097,3805
ENSG00000185306,7.2979317737871,3806
ENSG00000214435,7.29698232965351,3807
ENSG00000105223,7.29548528230233,3808
ENSG00000243749,7.29278053148985,3809
ENSG00000168148,7.28773952473097,3810
ENSG00000206199,7.28480398215598,3811
ENSG00000186716,7.28458653947196,3812
ENSG00000137124,7.28425033071364,3813
ENSG00000132639,7.27056068312959,3814
ENSG00000175518,7.26452738200151,3815
ENSG00000125285,7.25733961793319,3816
ENSG00000156049,7.25264633957198,3817
ENSG00000171130,7.24941128795356,3818
ENSG00000182208,7.24685093115957,3819
ENSG00000042429,7.24345255431438,3820
ENSG00000241685,7.24124308164245,3821
ENSG00000160972,7.23867206846637,3822
ENSG00000141504,7.23212007332681,3823
ENSG00000124177,7.23062281365925,3824
ENSG00000163075,7.21615283118709,3825
ENSG00000102057,7.21571173261571,3826
ENSG00000123561,7.21212145105313,3827
ENSG00000103507,7.21008433116204,3828
ENSG00000181467,7.20836966759083,3829
ENSG00000177707,7.20334138538098,3830
ENSG00000240583,7.19547008863201,3831
ENSG00000166165,7.19458427378486,3832
ENSG00000189320,7.18766430442978,3833
ENSG00000118514,7.18553751797219,3834
ENSG00000172426,7.18500362291723,3835
ENSG00000072163,7.18243168574265,3836
ENSG00000184384,7.17057582671114,3837
ENSG00000145107,7.16735408834072,3838
ENSG00000123454,7.15171897578659,3839
ENSG00000145192,7.15166518852068,3840
ENSG00000149968,7.14289374662918,3841
ENSG00000004399,7.13890933122854,3842
ENSG00000164822,7.12959400023217,3843
ENSG00000144559,7.12901481233403,3844
ENSG00000196248,7.12371610832354,3845
ENSG00000165905,7.11918463682073,3846
ENSG00000166920,7.1166728876542,3847
ENSG00000100412,7.11577779394446,3848
ENSG00000166851,7.11056890589569,3849
ENSG00000165490,7.10660939069971,3850
ENSG00000239789,7.10166131320523,3851
ENSG00000142632,7.09751817707298,3852
ENSG00000151502,7.09482854879782,3853
ENSG00000129596,7.09401069918301,3854
ENSG00000029559,7.08641020319822,3855
ENSG00000106327,7.08151114311737,3856
ENSG00000079313,7.07788923315494,3857
ENSG00000083307,7.06515104308135,3858
ENSG00000115648,7.05889429689949,3859
ENSG00000167654,7.05391809132841,3860
ENSG00000166707,7.05256842586892,3861
ENSG00000139146,7.05173196353246,3862
ENSG00000124767,7.05102808873881,3863
ENSG00000115266,7.03516366489627,3864
ENSG00000140368,7.02908547203453,3865
ENSG00000163249,7.02153004705709,3866
ENSG00000157110,7.00955523130012,3867
ENSG00000166734,7.00724840176047,3868
ENSG00000143344,7.00594430002877,3869
ENSG00000143183,7.00422325184196,3870
ENSG00000175764,6.99931696444559,3871
ENSG00000138835,6.99880601336795,3872
ENSG00000166173,6.99511665016064,3873
ENSG00000145888,6.99432171582175,3874
ENSG00000187474,6.9823874771322,3875
ENSG00000147324,6.97661623674654,3876
ENSG00000173626,6.97058938273502,3877
ENSG00000177683,6.96976004712961,3878
ENSG00000154889,6.96942470040923,3879
ENSG00000168874,6.96528231960488,3880
ENSG00000174516,6.96437700578688,3881
ENSG00000065717,6.96054455013511,3882
ENSG00000257594,6.95812210988229,3883
ENSG00000115271,6.95092034048142,3884
ENSG00000242715,6.94724643812433,3885
ENSG00000146828,6.94248690821522,3886
ENSG00000183479,6.94034531472292,3887
ENSG00000136883,6.93577113084395,3888
ENSG00000182013,6.93146088232461,3889
ENSG00000163430,6.93077147246074,3890
ENSG00000164050,6.92529221439837,3891
ENSG00000157766,6.92348553400853,3892
ENSG00000196547,6.92269713475485,3893
ENSG00000167103,6.92116684864787,3894
ENSG00000145284,6.92095340329502,3895
ENSG00000198848,6.91555696480914,3896
ENSG00000154734,6.91328578620408,3897
ENSG00000154654,6.90554792340414,3898
ENSG00000146729,6.89826737133064,3899
ENSG00000115866,6.89397155160268,3900
ENSG00000196843,6.89277312878272,3901
ENSG00000160551,6.88917167998658,3902
ENSG00000130643,6.88737133491731,3903
ENSG00000187773,6.88123000853445,3904
ENSG00000153814,6.8630319637091,3905
ENSG00000196440,6.86108424232711,3906
ENSG00000134864,6.85893016004097,3907
ENSG00000095383,6.85741361918661,3908
ENSG00000120913,6.8486806686376,3909
ENSG00000221968,6.84660427112939,3910
ENSG00000171848,6.84470707573555,3911
ENSG00000152595,6.8429399810594,3912
ENSG00000130720,6.83837291430144,3913
ENSG00000100664,6.82891512229596,3914
ENSG00000061455,6.82783621346389,3915
ENSG00000160097,6.8268604865704,3916
ENSG00000135437,6.80646403618352,3917
ENSG00000170289,6.79824689304187,3918
ENSG00000070814,6.79809216493109,3919
ENSG00000196378,6.7863276454896,3920
ENSG00000124444,6.78510147355188,3921
ENSG00000079335,6.77760948503227,3922
ENSG00000184207,6.77635321919799,3923
ENSG00000088832,6.77175480525219,3924
ENSG00000123843,6.76475844102794,3925
ENSG00000071991,6.7598274472265,3926
ENSG00000130876,6.7558773131741,3927
ENSG00000141385,6.75189197250083,3928
ENSG00000101306,6.74616253473103,3929
ENSG00000188130,6.7435516296319,3930
ENSG00000174695,6.73335094454803,3931
ENSG00000085719,6.72726557317737,3932
ENSG00000143217,6.72472288695563,3933
ENSG00000103496,6.72065327135756,3934
ENSG00000138101,6.71118759940903,3935
ENSG00000120647,6.70876102929477,3936
ENSG00000147144,6.70192006212705,3937
ENSG00000107581,6.69122164928801,3938
ENSG00000135108,6.68903833931638,3939
ENSG00000143379,6.68373376497192,3940
ENSG00000113838,6.68248682763406,3941
ENSG00000134216,6.68235724205385,3942
ENSG00000125355,6.68209562088603,3943
ENSG00000122733,6.66658999406104,3944
ENSG00000178462,6.66337546607328,3945
ENSG00000186001,6.66069569528291,3946
ENSG00000132622,6.65480576784373,3947
ENSG00000144455,6.6507100156151,3948
ENSG00000135148,6.64740713464859,3949
ENSG00000170315,6.64637807241086,3950
ENSG00000159784,6.6417821887366,3951
ENSG00000196498,6.64172630235762,3952
ENSG00000244414,6.63708917011489,3953
ENSG00000172568,6.63138058963532,3954
ENSG00000019169,6.62247286499194,3955
ENSG00000121653,6.6073321414904,3956
ENSG00000112378,6.60512188384426,3957
ENSG00000109193,6.60162713497725,3958
ENSG00000108509,6.59687890347352,3959
ENSG00000249915,6.59468423192529,3960
ENSG00000102189,6.58992473211304,3961
ENSG00000165699,6.58958837820213,3962
ENSG00000188313,6.5855847760542,3963
ENSG00000126759,6.58398745302746,3964
ENSG00000169895,6.57686345786817,3965
ENSG00000254858,6.57408323209951,3966
ENSG00000100196,6.57360514971288,3967
ENSG00000144355,6.56843168361228,3968
ENSG00000127329,6.56721523910457,3969
ENSG00000089847,6.56674904935956,3970
ENSG00000177752,6.56547515296657,3971
ENSG00000173227,6.56248704638104,3972
ENSG00000143819,6.56149155833108,3973
ENSG00000166073,6.55902144348901,3974
ENSG00000145358,6.55784445723657,3975
ENSG00000166848,6.55380358570069,3976
ENSG00000247596,6.55245765989067,3977
ENSG00000174306,6.54503553957376,3978
ENSG00000132170,6.53783128548506,3979
ENSG00000136146,6.53696044014228,3980
ENSG00000106809,6.53581607386393,3981
ENSG00000125810,6.5343046704914,3982
ENSG00000130640,6.53303479781356,3983
ENSG00000149483,6.52839283827705,3984
ENSG00000164715,6.52731288989862,3985
ENSG00000204539,6.52568733940122,3986
ENSG00000182836,6.51925424372591,3987
ENSG00000119913,6.51103757587718,3988
ENSG00000162882,6.50943268108431,3989
ENSG00000055609,6.50667264713219,3990
ENSG00000120903,6.50638370854148,3991
ENSG00000168517,6.50347158005007,3992
ENSG00000179604,6.50166177390429,3993
ENSG00000069011,6.50136643219368,3994
ENSG00000106263,6.49505648092585,3995
ENSG00000169297,6.49343771439192,3996
ENSG00000034510,6.49019731111059,3997
ENSG00000198768,6.4889031566902,3998
ENSG00000151414,6.48272411429901,3999
ENSG00000257017,6.48066794975313,4000
ENSG00000008382,6.47558230439509,4001
ENSG00000067955,6.47197308462532,4002
ENSG00000214753,6.4651297016047,4003
ENSG00000114999,6.46487133018268,4004
ENSG00000174243,6.46348265263802,4005
ENSG00000005471,6.46032537563809,4006
ENSG00000106538,6.45955533718335,4007
ENSG00000136848,6.45786967766796,4008
ENSG00000139908,6.45354145625493,4009
ENSG00000007866,6.45217162445351,4010
ENSG00000145794,6.45182652145372,4011
ENSG00000103494,6.44935803798732,4012
ENSG00000166510,6.44652026883001,4013
ENSG00000250506,6.44580952181589,4014
ENSG00000177483,6.44455277857072,4015
ENSG00000111752,6.44441233883621,4016
ENSG00000105643,6.44348065294271,4017
ENSG00000158545,6.44217713458733,4018
ENSG00000149534,6.44086228351899,4019
ENSG00000143851,6.43684051570266,4020
ENSG00000135454,6.43209846739357,4021
ENSG00000021461,6.427810074357,4022
ENSG00000253506,6.41671666450281,4023
ENSG00000167910,6.41421812584621,4024
ENSG00000196126,6.41230094604767,4025
ENSG00000154080,6.40542947279771,4026
ENSG00000119535,6.40531854842343,4027
ENSG00000112877,6.40486779313814,4028
ENSG00000205744,6.40258812868109,4029
ENSG00000249158,6.40227065277282,4030
ENSG00000136235,6.39220563970669,4031
ENSG00000104427,6.38970302230073,4032
ENSG00000094796,6.38830743213091,4033
ENSG00000196693,6.38323811747396,4034
ENSG00000180386,6.38200039047119,4035
ENSG00000154262,6.38111574817983,4036
ENSG00000099810,6.38010652655669,4037
ENSG00000063438,6.36955032623871,4038
ENSG00000205808,6.35915181733206,4039
ENSG00000124279,6.35104475836718,4040
ENSG00000143536,6.34432896030491,4041
ENSG00000092096,6.34350995663571,4042
ENSG00000103342,6.33718436529092,4043
ENSG00000163689,6.32977388836198,4044
ENSG00000163811,6.32655200067896,4045
ENSG00000116586,6.32164451262186,4046
ENSG00000100311,6.32111146459001,4047
ENSG00000130598,6.31520911677092,4048
ENSG00000169085,6.30682185912539,4049
ENSG00000130816,6.30464673868365,4050
ENSG00000108829,6.294617878349,4051
ENSG00000120137,6.2915184817866,4052
ENSG00000082074,6.28186321494415,4053
ENSG00000152661,6.27936825795919,4054
ENSG00000161395,6.27415470431479,4055
ENSG00000172893,6.27181457535872,4056
ENSG00000243667,6.27177688065612,4057
ENSG00000131097,6.27102227398421,4058
ENSG00000237190,6.26446474766228,4059
ENSG00000150625,6.25161395713247,4060
ENSG00000136518,6.24979719187587,4061
ENSG00000185860,6.24793245407636,4062
ENSG00000107201,6.24466827268826,4063
ENSG00000162591,6.24220508002865,4064
ENSG00000138160,6.24094543523926,4065
ENSG00000124507,6.240159243468,4066
ENSG00000197136,6.23448538527667,4067
ENSG00000143514,6.22435953018314,4068
ENSG00000149089,6.22328949063009,4069
ENSG00000129991,6.21860057024616,4070
ENSG00000175497,6.2183266542022,4071
ENSG00000106927,6.21788160548091,4072
ENSG00000120156,6.21783311757458,4073
ENSG00000026508,6.21433722904997,4074
ENSG00000187554,6.20397548704542,4075
ENSG00000121594,6.20066514399357,4076
ENSG00000115267,6.19811223031581,4077
ENSG00000177732,6.19363475393038,4078
ENSG00000134830,6.19228732623337,4079
ENSG00000196188,6.19005927631297,4080
ENSG00000138175,6.1890214371549,4081
ENSG00000197586,6.18801170045917,4082
ENSG00000120160,6.18492953385191,4083
ENSG00000169439,6.18407173813815,4084
ENSG00000197859,6.18384524604993,4085
ENSG00000184164,6.18346912332648,4086
ENSG00000115904,6.18273122583207,4087
ENSG00000115474,6.18125539066775,4088
ENSG00000172081,6.17986351480987,4089
ENSG00000198598,6.17537219718541,4090
ENSG00000166197,6.1718058904109,4091
ENSG00000174136,6.16933507892303,4092
ENSG00000152332,6.16570711915221,4093
ENSG00000204851,6.15942863872844,4094
ENSG00000104892,6.1575085600336,4095
ENSG00000163625,6.15686708599982,4096
ENSG00000166902,6.15108398447091,4097
ENSG00000141480,6.13776943779886,4098
ENSG00000169347,6.13604018405443,4099
ENSG00000188529,6.13532061690325,4100
ENSG00000223953,6.13310365777065,4101
ENSG00000197241,6.13129888769697,4102
ENSG00000140006,6.13108219429448,4103
ENSG00000174628,6.12175954249186,4104
ENSG00000184602,6.1217468039323,4105
ENSG00000161217,6.12171081047252,4106
ENSG00000100156,6.1216478542448,4107
ENSG00000112419,6.11555708931491,4108
ENSG00000125676,6.11109387268499,4109
ENSG00000065621,6.1090190768108,4110
ENSG00000002919,6.10438073557732,4111
ENSG00000149923,6.09818361055502,4112
ENSG00000105251,6.09400100936206,4113
ENSG00000188064,6.09170416806566,4114
ENSG00000169856,6.09124168617329,4115
ENSG00000105373,6.08870660396255,4116
ENSG00000167642,6.08346421465476,4117
ENSG00000139233,6.0811443127743,4118
ENSG00000049239,6.07293035144112,4119
ENSG00000073350,6.07160440842957,4120
ENSG00000100034,6.0667249663622,4121
ENSG00000101844,6.06600959988198,4122
ENSG00000089157,6.06341443849886,4123
ENSG00000086189,6.05728065233079,4124
ENSG00000154710,6.05696034916528,4125
ENSG00000184471,6.04920029348298,4126
ENSG00000144452,6.04803232700117,4127
ENSG00000160994,6.04718062611263,4128
ENSG00000154582,6.04671949056614,4129
ENSG00000196072,6.04528936995426,4130
ENSG00000125046,6.04288973135286,4131
ENSG00000169372,6.03968630334835,4132
ENSG00000213593,6.03064029456849,4133
ENSG00000127588,6.03016749182584,4134
ENSG00000179363,6.02915972534845,4135
ENSG00000143476,6.02638294491917,4136
ENSG00000102119,6.02013870676924,4137
ENSG00000188730,6.01950317070531,4138
ENSG00000117151,6.0192941729296,4139
ENSG00000126778,6.00297013217231,4140
ENSG00000133265,6.00138553621459,4141
ENSG00000128594,6.00081110245182,4142
ENSG00000186790,5.99417506915014,4143
ENSG00000178229,5.98863043339809,4144
ENSG00000096060,5.98414771720354,4145
ENSG00000135766,5.97233583632117,4146
ENSG00000042088,5.97225386772957,4147
ENSG00000159516,5.97007971547674,4148
ENSG00000175556,5.96679995905975,4149
ENSG00000060749,5.95123263820566,4150
ENSG00000183044,5.94641195213498,4151
ENSG00000143797,5.94503529115295,4152
ENSG00000167081,5.94309902051301,4153
ENSG00000159086,5.9341261163739,4154
ENSG00000081052,5.92812367227547,4155
ENSG00000107625,5.9224338997139,4156
ENSG00000163637,5.92118630356379,4157
ENSG00000174130,5.92092510737305,4158
ENSG00000115839,5.91552271541666,4159
ENSG00000153071,5.91188102375938,4160
ENSG00000138035,5.90930188693409,4161
ENSG00000101447,5.90878578658066,4162
ENSG00000039139,5.90805523598509,4163
ENSG00000198431,5.90104801022238,4164
ENSG00000169059,5.89740264601802,4165
ENSG00000115091,5.88429947512694,4166
ENSG00000113924,5.88392538134316,4167
ENSG00000159527,5.8800650122642,4168
ENSG00000023228,5.87781215995172,4169
ENSG00000100764,5.8767164748217,4170
ENSG00000108733,5.87506547087571,4171
ENSG00000227471,5.87469346037311,4172
ENSG00000136244,5.87082968083869,4173
ENSG00000154642,5.86662503876968,4174
ENSG00000140284,5.86568726005819,4175
ENSG00000137764,5.86384438419156,4176
ENSG00000151503,5.86360423443997,4177
ENSG00000103245,5.86147394820454,4178
ENSG00000179639,5.85897727003734,4179
ENSG00000188997,5.85813832662243,4180
ENSG00000136485,5.85202804795979,4181
ENSG00000099901,5.84639218804169,4182
ENSG00000162618,5.84636545805251,4183
ENSG00000168062,5.84381707466392,4184
ENSG00000100373,5.84050903762183,4185
ENSG00000086712,5.83920316072891,4186
ENSG00000131477,5.83380613777457,4187
ENSG00000145425,5.8311695832169,4188
ENSG00000180730,5.8301122691473,4189
ENSG00000130066,5.82980038862921,4190
ENSG00000165478,5.82907867751783,4191
ENSG00000175643,5.82585621600077,4192
ENSG00000129595,5.82311640803912,4193
ENSG00000197361,5.82056006966368,4194
ENSG00000270011,5.81474918741053,4195
ENSG00000050748,5.81291885677385,4196
ENSG00000180509,5.81276422489142,4197
ENSG00000147869,5.80438397467711,4198
ENSG00000136156,5.80182963255303,4199
ENSG00000167978,5.80067566633393,4200
ENSG00000006611,5.79758768026242,4201
ENSG00000154319,5.79423206609755,4202
ENSG00000244731,5.78570808801288,4203
ENSG00000057657,5.78008357532031,4204
ENSG00000187164,5.77491217368981,4205
ENSG00000141503,5.77174906432474,4206
ENSG00000188672,5.77001902101571,4207
ENSG00000205209,5.76389264895457,4208
ENSG00000132965,5.75804246490821,4209
ENSG00000166803,5.75564975709782,4210
ENSG00000186446,5.75329074246749,4211
ENSG00000169627,5.74440688289935,4212
ENSG00000134138,5.74400962269813,4213
ENSG00000099337,5.73154928700453,4214
ENSG00000166275,5.72789087271516,4215
ENSG00000163288,5.72694773580579,4216
ENSG00000230873,5.72683988846031,4217
ENSG00000138785,5.72268390541896,4218
ENSG00000167346,5.72085468507964,4219
ENSG00000167513,5.70575218614552,4220
ENSG00000146112,5.70252004316756,4221
ENSG00000108001,5.69765994109266,4222
ENSG00000197943,5.69266458421771,4223
ENSG00000105991,5.69254555428214,4224
ENSG00000104915,5.6884408167528,4225
ENSG00000197498,5.68360791230056,4226
ENSG00000171587,5.68307111894555,4227
ENSG00000163110,5.67693836025184,4228
ENSG00000180155,5.67411806246037,4229
ENSG00000181284,5.67145741837387,4230
ENSG00000072694,5.66880010876988,4231
ENSG00000123297,5.65742364617166,4232
ENSG00000198440,5.65512351091174,4233
ENSG00000144381,5.65484832238083,4234
ENSG00000111644,5.65477953639109,4235
ENSG00000002726,5.65410999372258,4236
ENSG00000197889,5.65341441160854,4237
ENSG00000132664,5.65335419374818,4238
ENSG00000205238,5.65183198937808,4239
ENSG00000101888,5.64367809756578,4240
ENSG00000163563,5.6429780330153,4241
ENSG00000213809,5.64085495892417,4242
ENSG00000171049,5.6356161774665,4243
ENSG00000159648,5.63519828220462,4244
ENSG00000157087,5.62461605194546,4245
ENSG00000184347,5.62412174159684,4246
ENSG00000130589,5.62244995627133,4247
ENSG00000266964,5.62057956578681,4248
ENSG00000140743,5.61646720199581,4249
ENSG00000137757,5.61524673690809,4250
ENSG00000121871,5.60383293155507,4251
ENSG00000179399,5.60308760035794,4252
ENSG00000178772,5.60065710109315,4253
ENSG00000187961,5.59953667200673,4254
ENSG00000086666,5.5933449894872,4255
ENSG00000167858,5.58528689419996,4256
ENSG00000125458,5.57450769613635,4257
ENSG00000217930,5.57238425044287,4258
ENSG00000149948,5.56488825112004,4259
ENSG00000135763,5.56471691567139,4260
ENSG00000055957,5.55945565761431,4261
ENSG00000125652,5.55893064373387,4262
ENSG00000180929,5.55160584566273,4263
ENSG00000151468,5.54443024352185,4264
ENSG00000155508,5.53686261596821,4265
ENSG00000006015,5.53185159605203,4266
ENSG00000077522,5.52088682750405,4267
ENSG00000136274,5.52032815232576,4268
ENSG00000130150,5.51436719861606,4269
ENSG00000047849,5.51386951307574,4270
ENSG00000168763,5.51243735779438,4271
ENSG00000099937,5.50841424475805,4272
ENSG00000170312,5.50830878156179,4273
ENSG00000198129,5.50714304154713,4274
ENSG00000130270,5.49578372683353,4275
ENSG00000129932,5.49518763639568,4276
ENSG00000170390,5.49405352240228,4277
ENSG00000137766,5.48762064222172,4278
ENSG00000163528,5.48504606826801,4279
ENSG00000171649,5.48268739118625,4280
ENSG00000169583,5.48074559487694,4281
ENSG00000127530,5.47391528334383,4282
ENSG00000140832,5.47077796785354,4283
ENSG00000167193,5.46737816034774,4284
ENSG00000102543,5.46213153532748,4285
ENSG00000122203,5.46043459300451,4286
ENSG00000076248,5.45928275900311,4287
ENSG00000198862,5.45421436617407,4288
ENSG00000106004,5.4540632346376,4289
ENSG00000167600,5.44939342165532,4290
ENSG00000172667,5.43790818233071,4291
ENSG00000149742,5.43435590007133,4292
ENSG00000187758,5.43285075787627,4293
ENSG00000112297,5.43278670562286,4294
ENSG00000176022,5.43237041197217,4295
ENSG00000158445,5.4314644368731,4296
ENSG00000183401,5.42284603646506,4297
ENSG00000135521,5.42074752750421,4298
ENSG00000080166,5.41960676822884,4299
ENSG00000115306,5.41861252771797,4300
ENSG00000154040,5.41702894428186,4301
ENSG00000121621,5.41435299720388,4302
ENSG00000213533,5.412454451281,4303
ENSG00000123136,5.41198661271721,4304
ENSG00000164615,5.40897674324916,4305
ENSG00000168298,5.40432604055478,4306
ENSG00000111728,5.39887122738341,4307
ENSG00000197894,5.38381076150178,4308
ENSG00000263155,5.38335969944883,4309
ENSG00000156966,5.37048783231231,4310
ENSG00000120254,5.36741020866009,4311
ENSG00000011304,5.36682393055734,4312
ENSG00000101413,5.36467934651081,4313
ENSG00000113739,5.3612417708654,4314
ENSG00000178386,5.35315683328951,4315
ENSG00000175264,5.35231141921878,4316
ENSG00000164647,5.34967283092247,4317
ENSG00000145975,5.34681528692436,4318
ENSG00000161980,5.34552285431992,4319
ENSG00000113583,5.34253509000607,4320
ENSG00000135094,5.33953987654342,4321
ENSG00000178338,5.33316814373645,4322
ENSG00000253729,5.33162709383518,4323
ENSG00000011028,5.33033844040542,4324
ENSG00000144285,5.32914886355912,4325
ENSG00000188817,5.32911640665795,4326
ENSG00000103067,5.32881274534605,4327
ENSG00000135040,5.32215490922675,4328
ENSG00000204300,5.31638972942452,4329
ENSG00000187690,5.30802508561403,4330
ENSG00000158220,5.30321575642231,4331
ENSG00000149577,5.30307400747362,4332
ENSG00000162654,5.30283479124674,4333
ENSG00000181191,5.29687498308311,4334
ENSG00000197329,5.29046322155901,4335
ENSG00000112394,5.28705899811348,4336
ENSG00000113312,5.28406492593984,4337
ENSG00000149792,5.28402000044083,4338
ENSG00000086232,5.27287697115789,4339
ENSG00000137171,5.27095408554898,4340
ENSG00000133937,5.26779450682979,4341
ENSG00000088812,5.2645367585849,4342
ENSG00000205643,5.25348588164346,4343
ENSG00000168671,5.25210900382758,4344
ENSG00000141505,5.25102792464426,4345
ENSG00000137834,5.24880352710164,4346
ENSG00000068308,5.24573081552773,4347
ENSG00000198822,5.2445850632118,4348
ENSG00000179409,5.24173436627677,4349
ENSG00000157873,5.23516277969404,4350
ENSG00000125903,5.23388469747709,4351
ENSG00000010165,5.23199546195986,4352
ENSG00000204882,5.22300144747034,4353
ENSG00000137752,5.22024427043618,4354
ENSG00000119820,5.21903253058446,4355
ENSG00000122557,5.21743565360713,4356
ENSG00000170323,5.21138172916515,4357
ENSG00000155893,5.20852850374206,4358
ENSG00000111077,5.20148779611759,4359
ENSG00000118972,5.19872123221081,4360
ENSG00000133703,5.19562710328941,4361
ENSG00000120685,5.19182540800821,4362
ENSG00000128383,5.18931842392874,4363
ENSG00000169359,5.18884495841793,4364
ENSG00000143768,5.18735470231329,4365
ENSG00000092850,5.1861301259461,4366
ENSG00000187266,5.18181592923617,4367
ENSG00000120438,5.18099516567471,4368
ENSG00000260027,5.1803847525509,4369
ENSG00000136279,5.17914307475765,4370
ENSG00000249709,5.17603413635815,4371
ENSG00000065675,5.17466300963352,4372
ENSG00000145916,5.17338861962923,4373
ENSG00000254852,5.17045148917041,4374
ENSG00000074935,5.16616015306045,4375
ENSG00000136044,5.16522877003037,4376
ENSG00000138356,5.16324697112272,4377
ENSG00000118193,5.15685296025236,4378
ENSG00000105323,5.15386354824415,4379
ENSG00000169740,5.14985614214069,4380
ENSG00000181616,5.14776054415412,4381
ENSG00000060718,5.14734817735462,4382
ENSG00000123739,5.14592346913853,4383
ENSG00000028137,5.14321459138519,4384
ENSG00000131100,5.1381775717563,4385
ENSG00000117616,5.13388109570253,4386
ENSG00000152591,5.13176291748264,4387
ENSG00000198892,5.13106140115301,4388
ENSG00000127533,5.13092403120905,4389
ENSG00000166164,5.12516989917937,4390
ENSG00000165259,5.1231580763452,4391
ENSG00000183114,5.12022328515213,4392
ENSG00000242866,5.11583627583535,4393
ENSG00000163581,5.11058327145783,4394
ENSG00000100028,5.10618166540723,4395
ENSG00000158352,5.10432076566882,4396
ENSG00000127472,5.10170406174751,4397
ENSG00000135441,5.10045537350803,4398
ENSG00000256660,5.09925701150246,4399
ENSG00000055813,5.09566164312972,4400
ENSG00000144043,5.09234689513989,4401
ENSG00000008056,5.08821523598704,4402
ENSG00000186193,5.08002734144471,4403
ENSG00000163319,5.07491556547163,4404
ENSG00000094841,5.07103806685716,4405
ENSG00000198513,5.07068174447269,4406
ENSG00000204536,5.06682970463859,4407
ENSG00000235162,5.06501511230879,4408
ENSG00000012223,5.06454468949799,4409
ENSG00000128714,5.05962072251042,4410
ENSG00000264364,5.05533003499836,4411
ENSG00000135334,5.05499177035478,4412
ENSG00000103671,5.05113354816218,4413
ENSG00000115963,5.04857453629689,4414
ENSG00000170439,5.044053736826,4415
ENSG00000144891,5.03895611819675,4416
ENSG00000107186,5.03800064199191,4417
ENSG00000116212,5.03753892293159,4418
ENSG00000204351,5.036337438855,4419
ENSG00000135336,5.03568901062349,4420
ENSG00000148842,5.03325009903062,4421
ENSG00000182578,5.02864534881355,4422
ENSG00000086475,5.02753967459378,4423
ENSG00000162695,5.02574426227366,4424
ENSG00000100209,5.0250578167194,4425
ENSG00000196476,5.02291444746064,4426
ENSG00000154330,5.02291022246261,4427
ENSG00000158691,5.02179872559742,4428
ENSG00000141968,5.02027926108326,4429
ENSG00000163634,5.01747774399817,4430
ENSG00000146247,5.00841799853835,4431
ENSG00000135447,5.00648492087694,4432
ENSG00000145375,5.00114963060593,4433
ENSG00000118418,4.99523430998036,4434
ENSG00000163898,4.99316736326807,4435
ENSG00000054654,4.98187501910188,4436
ENSG00000160182,4.97592391679505,4437
ENSG00000141956,4.97577956618898,4438
ENSG00000141540,4.96759846765551,4439
ENSG00000105695,4.96684293052602,4440
ENSG00000103035,4.96583237412745,4441
ENSG00000042493,4.96562249058233,4442
ENSG00000131188,4.96329729943982,4443
ENSG00000135916,4.96218792181523,4444
ENSG00000116254,4.96028081673022,4445
ENSG00000130477,4.95739633181752,4446
ENSG00000090006,4.95086318565857,4447
ENSG00000163344,4.94977132353809,4448
ENSG00000153551,4.94954503273999,4449
ENSG00000167549,4.94085412101336,4450
ENSG00000119314,4.94066564537643,4451
ENSG00000185885,4.93857286375103,4452
ENSG00000149328,4.93355680101464,4453
ENSG00000165072,4.92072757907668,4454
ENSG00000167202,4.91955992090871,4455
ENSG00000118655,4.91662926783681,4456
ENSG00000105939,4.91644713261598,4457
ENSG00000198074,4.9085572905008,4458
ENSG00000100934,4.90639661050309,4459
ENSG00000213203,4.89811189206227,4460
ENSG00000182132,4.89742362793615,4461
ENSG00000170291,4.89720325248438,4462
ENSG00000163482,4.89566069062566,4463
ENSG00000106336,4.88959307695078,4464
ENSG00000183283,4.8892013847162,4465
ENSG00000141579,4.88651040898034,4466
ENSG00000175470,4.88484000459909,4467
ENSG00000101160,4.88384102241031,4468
ENSG00000149177,4.8798372706296,4469
ENSG00000204616,4.87708658346766,4470
ENSG00000164209,4.87655502077968,4471
ENSG00000175318,4.87647500397389,4472
ENSG00000075240,4.87535817458687,4473
ENSG00000172058,4.87314918921221,4474
ENSG00000130299,4.87133154472236,4475
ENSG00000090924,4.86958208926376,4476
ENSG00000177469,4.86529419031205,4477
ENSG00000163444,4.86247708196931,4478
ENSG00000133321,4.85986737659411,4479
ENSG00000117650,4.85767003621693,4480
ENSG00000178645,4.85035642961925,4481
ENSG00000175899,4.84536345016994,4482
ENSG00000164307,4.84400493115158,4483
ENSG00000132334,4.84268358498518,4484
ENSG00000169562,4.83760693896177,4485
ENSG00000004799,4.83705799668832,4486
ENSG00000187054,4.83524958734229,4487
ENSG00000179921,4.83291092117433,4488
ENSG00000148943,4.83225185114573,4489
ENSG00000169499,4.82801514376176,4490
ENSG00000121766,4.82354679054617,4491
ENSG00000156381,4.82282651326666,4492
ENSG00000232838,4.81975702884879,4493
ENSG00000166938,4.81891040194523,4494
ENSG00000197355,4.81710785885263,4495
ENSG00000147799,4.81489492791937,4496
ENSG00000165527,4.81483785968344,4497
ENSG00000163734,4.81281524066138,4498
ENSG00000123908,4.81105159522442,4499
ENSG00000197150,4.8080855561971,4500
ENSG00000196154,4.80794225363748,4501
ENSG00000112238,4.8063161849844,4502
ENSG00000168309,4.80522623055988,4503
ENSG00000163531,4.8052107055396,4504
ENSG00000125788,4.79581141596276,4505
ENSG00000213886,4.79175372357161,4506
ENSG00000171540,4.7887831415562,4507
ENSG00000204866,4.78637559212521,4508
ENSG00000115758,4.7862448092266,4509
ENSG00000090061,4.78622890714786,4510
ENSG00000176383,4.78489358509408,4511
ENSG00000150961,4.78327323037739,4512
ENSG00000138768,4.78296019461495,4513
ENSG00000166118,4.78163278835205,4514
ENSG00000204954,4.77806019089525,4515
ENSG00000130956,4.77697740899205,4516
ENSG00000140451,4.77618797038273,4517
ENSG00000167996,4.77517580358985,4518
ENSG00000066405,4.77156963789515,4519
ENSG00000101003,4.76940759397752,4520
ENSG00000134326,4.76751321364101,4521
ENSG00000130939,4.76381100611213,4522
ENSG00000088766,4.76322734272169,4523
ENSG00000100364,4.76161973143753,4524
ENSG00000107105,4.76147481440008,4525
ENSG00000203778,4.7581280305413,4526
ENSG00000008517,4.74737478072913,4527
ENSG00000175229,4.74621800624302,4528
ENSG00000165802,4.74038920126336,4529
ENSG00000089159,4.73862236718042,4530
ENSG00000166595,4.73810892442646,4531
ENSG00000164600,4.73692723975459,4532
ENSG00000175003,4.73302602420937,4533
ENSG00000095970,4.73248627467085,4534
ENSG00000135999,4.73199137493849,4535
ENSG00000213214,4.73176371986986,4536
ENSG00000139926,4.73014432370223,4537
ENSG00000167107,4.72820159831506,4538
ENSG00000123560,4.72783716068091,4539
ENSG00000180901,4.72605932966815,4540
ENSG00000213853,4.72451934309889,4541
ENSG00000185668,4.72096992467616,4542
ENSG00000170162,4.71911895394696,4543
ENSG00000168301,4.71700614268845,4544
ENSG00000169692,4.71506971491343,4545
ENSG00000188629,4.7143302613018,4546
ENSG00000143801,4.71189821112801,4547
ENSG00000088538,4.71155343401886,4548
ENSG00000064102,4.70655461564717,4549
ENSG00000100170,4.7041781870272,4550
ENSG00000181004,4.70240433511061,4551
ENSG00000197982,4.6982098438227,4552
ENSG00000163202,4.68919335836027,4553
ENSG00000138678,4.68322580439951,4554
ENSG00000106541,4.65984162586288,4555
ENSG00000161281,4.65126888485,4556
ENSG00000132704,4.64956818194423,4557
ENSG00000122958,4.64502679743594,4558
ENSG00000166579,4.63613996168893,4559
ENSG00000122707,4.63517666683512,4560
ENSG00000198346,4.63498496766324,4561
ENSG00000081154,4.63348167859416,4562
ENSG00000110400,4.63309829290217,4563
ENSG00000260456,4.62825190971373,4564
ENSG00000109061,4.62801662141708,4565
ENSG00000185519,4.62661780407501,4566
ENSG00000169241,4.62212785082377,4567
ENSG00000149451,4.6219857055076,4568
ENSG00000224531,4.62167513399717,4569
ENSG00000160200,4.62108114122984,4570
ENSG00000143257,4.62058198868955,4571
ENSG00000144659,4.61447672125011,4572
ENSG00000139144,4.61432802698685,4573
ENSG00000204946,4.60664809062118,4574
ENSG00000136040,4.59844142126788,4575
ENSG00000092020,4.5979678700334,4576
ENSG00000160323,4.59033445935996,4577
ENSG00000162407,4.58892358701685,4578
ENSG00000214655,4.58891826121051,4579
ENSG00000147642,4.58658971525024,4580
ENSG00000165264,4.58602037467901,4581
ENSG00000081051,4.58453882486254,4582
ENSG00000143079,4.58393954690278,4583
ENSG00000133773,4.58009694139892,4584
ENSG00000211445,4.57850675464681,4585
ENSG00000165055,4.57570573582358,4586
ENSG00000140937,4.57271581177972,4587
ENSG00000133983,4.57252384319685,4588
ENSG00000177303,4.56867238045236,4589
ENSG00000163159,4.55965537471063,4590
ENSG00000188386,4.5587488324401,4591
ENSG00000184792,4.55659594695691,4592
ENSG00000137976,4.55459091707852,4593
ENSG00000120265,4.5545713570028,4594
ENSG00000118454,4.55089971504593,4595
ENSG00000255501,4.54384069986336,4596
ENSG00000159189,4.54022731650827,4597
ENSG00000161010,4.53407205323814,4598
ENSG00000174469,4.52754071108106,4599
ENSG00000139437,4.52571819760956,4600
ENSG00000165219,4.52536430219398,4601
ENSG00000159579,4.52239887439954,4602
ENSG00000101210,4.52149753659071,4603
ENSG00000214376,4.51698791785302,4604
ENSG00000102967,4.51631753758318,4605
ENSG00000114529,4.51574463678458,4606
ENSG00000167005,4.51464289623918,4607
ENSG00000142149,4.51399164841393,4608
ENSG00000065243,4.5099337494766,4609
ENSG00000247626,4.50965219741669,4610
ENSG00000128606,4.50092565659979,4611
ENSG00000136696,4.49979422810042,4612
ENSG00000075618,4.4967599184422,4613
ENSG00000108963,4.4889697817707,4614
ENSG00000116191,4.48810102934496,4615
ENSG00000215251,4.48425580059131,4616
ENSG00000091483,4.47479186860495,4617
ENSG00000183960,4.474593452246,4618
ENSG00000214013,4.47100138634373,4619
ENSG00000152254,4.47055535435758,4620
ENSG00000153802,4.46554403138204,4621
ENSG00000137745,4.46429156156191,4622
ENSG00000185361,4.46404978907685,4623
ENSG00000104312,4.46402228439366,4624
ENSG00000168495,4.46281592980307,4625
ENSG00000112159,4.45921546010597,4626
ENSG00000139154,4.45626426557102,4627
ENSG00000241644,4.45236289136594,4628
ENSG00000163481,4.45016737399633,4629
ENSG00000115163,4.44996394581287,4630
ENSG00000188404,4.44173922497169,4631
ENSG00000063015,4.43917148206083,4632
ENSG00000087074,4.43815233910001,4633
ENSG00000101958,4.42788540421894,4634
ENSG00000068745,4.42762595725205,4635
ENSG00000184999,4.42677146608619,4636
ENSG00000132382,4.42435717260977,4637
ENSG00000143847,4.42201927981292,4638
ENSG00000151552,4.42053911497044,4639
ENSG00000159110,4.41601373448282,4640
ENSG00000198830,4.41401043417177,4641
ENSG00000179902,4.41207294187374,4642
ENSG00000044446,4.41041560997689,4643
ENSG00000099860,4.40877654426876,4644
ENSG00000108960,4.40837977942327,4645
ENSG00000088448,4.40472519317702,4646
ENSG00000099899,4.40468413431442,4647
ENSG00000111605,4.40373175143606,4648
ENSG00000105549,4.40160536499665,4649
ENSG00000204859,4.39374968882726,4650
ENSG00000105889,4.39180223121111,4651
ENSG00000145623,4.38752085286292,4652
ENSG00000072364,4.38521404798864,4653
ENSG00000081181,4.38170022400728,4654
ENSG00000108578,4.37986030745372,4655
ENSG00000183496,4.37936963699893,4656
ENSG00000144227,4.37277220943978,4657
ENSG00000135973,4.37185882128806,4658
ENSG00000132424,4.36556395800606,4659
ENSG00000197147,4.36522146334034,4660
ENSG00000154781,4.36509403019716,4661
ENSG00000178690,4.36460815073544,4662
ENSG00000131620,4.36450775606245,4663
ENSG00000166348,4.36305022285227,4664
ENSG00000087448,4.35963714508568,4665
ENSG00000184985,4.35730527878783,4666
ENSG00000178700,4.35602701295761,4667
ENSG00000168116,4.35075541821301,4668
ENSG00000102007,4.34991369155225,4669
ENSG00000178809,4.34889020184893,4670
ENSG00000118804,4.34554977000607,4671
ENSG00000104824,4.34551975874356,4672
ENSG00000204296,4.34392670517486,4673
ENSG00000105327,4.33708648819531,4674
ENSG00000175877,4.33530314018901,4675
ENSG00000163032,4.3351267291115,4676
ENSG00000172367,4.33487473969624,4677
ENSG00000272333,4.33397186622677,4678
ENSG00000074370,4.33302461068848,4679
ENSG00000205078,4.33090052659799,4680
ENSG00000102349,4.32092256515648,4681
ENSG00000185873,4.31606196263866,4682
ENSG00000157502,4.31405111815769,4683
ENSG00000187730,4.30513707381738,4684
ENSG00000162623,4.30495382400648,4685
ENSG00000084090,4.301608052868,4686
ENSG00000204520,4.2996854132904,4687
ENSG00000121417,4.29707964149211,4688
ENSG00000213186,4.29204494021049,4689
ENSG00000162894,4.29125574160628,4690
ENSG00000179922,4.28499759423541,4691
ENSG00000163666,4.28442213317605,4692
ENSG00000079337,4.28145854091219,4693
ENSG00000172828,4.28012274875875,4694
ENSG00000189280,4.27848629892041,4695
ENSG00000070669,4.27769199235444,4696
ENSG00000137875,4.27502336312831,4697
ENSG00000204086,4.27298962807767,4698
ENSG00000112837,4.27037490498208,4699
ENSG00000005059,4.26448405606736,4700
ENSG00000111907,4.26059661680803,4701
ENSG00000149679,4.25800892431069,4702
ENSG00000135823,4.25760451372291,4703
ENSG00000186153,4.2534982077498,4704
ENSG00000107874,4.2493818959553,4705
ENSG00000006210,4.24825568092638,4706
ENSG00000067704,4.23949841780914,4707
ENSG00000176269,4.2347130825858,4708
ENSG00000214782,4.23379754801426,4709
ENSG00000135898,4.23172103930133,4710
ENSG00000124164,4.22488227210846,4711
ENSG00000143416,4.22385602441377,4712
ENSG00000153294,4.22235193143203,4713
ENSG00000186226,4.22013495745265,4714
ENSG00000112936,4.21967057612889,4715
ENSG00000169758,4.2181141654349,4716
ENSG00000134686,4.21714178492245,4717
ENSG00000048740,4.21528926110952,4718
ENSG00000163631,4.21347119849708,4719
ENSG00000175311,4.21279057627169,4720
ENSG00000181234,4.21232992601258,4721
ENSG00000147202,4.21095206925925,4722
ENSG00000100092,4.20878371350312,4723
ENSG00000067066,4.20758126858578,4724
ENSG00000169609,4.1964863567867,4725
ENSG00000070886,4.19392187761115,4726
ENSG00000124570,4.191888723412,4727
ENSG00000155438,4.18926427768252,4728
ENSG00000155974,4.1873609310736,4729
ENSG00000165795,4.18677430893952,4730
ENSG00000186575,4.18032163811696,4731
ENSG00000147853,4.1796888559318,4732
ENSG00000133943,4.17899218423757,4733
ENSG00000161270,4.17656709736293,4734
ENSG00000121005,4.17649230623447,4735
ENSG00000185559,4.17193598628184,4736
ENSG00000133315,4.16725220079185,4737
ENSG00000181291,4.16508462537586,4738
ENSG00000121775,4.15852498883938,4739
ENSG00000161914,4.15756217914419,4740
ENSG00000141279,4.15723975642771,4741
ENSG00000010295,4.15708130049064,4742
ENSG00000177427,4.15598046107823,4743
ENSG00000124795,4.15457488153936,4744
ENSG00000000460,4.15061020475416,4745
ENSG00000159184,4.14844177706148,4746
ENSG00000215277,4.14401419896744,4747
ENSG00000150672,4.13684183263415,4748
ENSG00000162976,4.13544565907363,4749
ENSG00000065357,4.13107438105586,4750
ENSG00000125505,4.12915142737061,4751
ENSG00000185177,4.12875930097017,4752
ENSG00000126216,4.12609544806404,4753
ENSG00000140859,4.12250768318237,4754
ENSG00000154188,4.12039411203196,4755
ENSG00000123810,4.10684598010103,4756
ENSG00000143546,4.10477008724548,4757
ENSG00000177058,4.10442780619403,4758
ENSG00000108349,4.10040315983213,4759
ENSG00000171433,4.10007445092862,4760
ENSG00000246922,4.09787252726939,4761
ENSG00000156795,4.09540028407945,4762
ENSG00000119725,4.09467951466983,4763
ENSG00000114026,4.09324651886806,4764
ENSG00000172209,4.09272078638917,4765
ENSG00000148572,4.09206294470429,4766
ENSG00000114686,4.08126273646724,4767
ENSG00000126458,4.08090907816998,4768
ENSG00000100297,4.0726199655417,4769
ENSG00000182504,4.06870311211725,4770
ENSG00000128284,4.06700686512575,4771
ENSG00000183778,4.06569386802478,4772
ENSG00000158246,4.06423714670707,4773
ENSG00000113597,4.06252633535025,4774
ENSG00000105246,4.06137538661374,4775
ENSG00000070413,4.06002124008408,4776
ENSG00000169245,4.05723006871383,4777
ENSG00000106665,4.05656478971118,4778
ENSG00000102271,4.05150961529172,4779
ENSG00000158104,4.04925718672283,4780
ENSG00000133895,4.04835358657618,4781
ENSG00000105854,4.04743008495585,4782
ENSG00000136535,4.04625574922503,4783
ENSG00000130035,4.04621989030102,4784
ENSG00000170965,4.03905399461891,4785
ENSG00000165355,4.03591448192599,4786
ENSG00000236104,4.03041071421665,4787
ENSG00000011465,4.02117980109406,4788
ENSG00000184524,4.02114480181596,4789
ENSG00000104626,4.02062484026534,4790
ENSG00000139618,4.01951083450511,4791
ENSG00000198746,4.01631403577188,4792
ENSG00000167733,4.01540868768738,4793
ENSG00000182199,4.01441930031614,4794
ENSG00000100528,4.01378141402593,4795
ENSG00000164306,4.01323268230818,4796
ENSG00000169826,4.00960141279823,4797
ENSG00000120457,4.00836922649163,4798
ENSG00000185958,4.00765204650461,4799
ENSG00000231924,4.00457765163708,4800
ENSG00000088543,4.00251561722928,4801
ENSG00000161542,4.00178963958728,4802
ENSG00000144362,4.00170263795811,4803
ENSG00000057663,4.00067043014918,4804
ENSG00000137478,3.99421000042954,4805
ENSG00000174106,3.99392146798568,4806
ENSG00000166582,3.99304754519931,4807
ENSG00000132376,3.98465441136166,4808
ENSG00000137571,3.98312182453692,4809
ENSG00000077984,3.9794267760839,4810
ENSG00000138777,3.97499744734715,4811
ENSG00000100162,3.97499181023333,4812
ENSG00000123728,3.97328875707285,4813
ENSG00000101161,3.96920068231743,4814
ENSG00000214063,3.96886309144006,4815
ENSG00000267467,3.96745576102471,4816
ENSG00000082014,3.96656696797883,4817
ENSG00000168843,3.96403947660467,4818
ENSG00000115548,3.95581414371473,4819
ENSG00000043039,3.95563260268612,4820
ENSG00000093009,3.95323562679459,4821
ENSG00000197261,3.95183838924801,4822
ENSG00000126602,3.95014112496992,4823
ENSG00000111331,3.94748415459949,4824
ENSG00000106367,3.94487089697534,4825
ENSG00000119953,3.94392292793343,4826
ENSG00000171564,3.94340137511503,4827
ENSG00000116809,3.93417841745217,4828
ENSG00000112237,3.93104361083258,4829
ENSG00000164825,3.93085360487805,4830
ENSG00000054690,3.92909869797842,4831
ENSG00000144057,3.92838647182853,4832
ENSG00000164591,3.92418880369221,4833
ENSG00000095906,3.92373180393524,4834
ENSG00000168785,3.92341123479809,4835
ENSG00000161055,3.92306199909816,4836
ENSG00000170275,3.92149681288758,4837
ENSG00000197953,3.92029353156098,4838
ENSG00000121316,3.91724084446335,4839
ENSG00000156219,3.91525216506621,4840
ENSG00000250722,3.91118016038638,4841
ENSG00000115392,3.91019992592937,4842
ENSG00000186564,3.91013646702631,4843
ENSG00000196236,3.90999461287161,4844
ENSG00000087338,3.90760399369353,4845
ENSG00000163904,3.90643531282956,4846
ENSG00000163736,3.89604972736935,4847
ENSG00000152592,3.89199479721423,4848
ENSG00000154640,3.8919739444536,4849
ENSG00000134028,3.89142511785369,4850
ENSG00000162032,3.88700147446737,4851
ENSG00000136874,3.8856959092388,4852
ENSG00000104812,3.88094654307358,4853
ENSG00000149503,3.87953935503168,4854
ENSG00000142303,3.87888045211698,4855
ENSG00000100749,3.87534831285085,4856
ENSG00000132823,3.87416737926251,4857
ENSG00000219626,3.87368165042905,4858
ENSG00000113212,3.87117983436644,4859
ENSG00000167578,3.87022566727479,4860
ENSG00000104611,3.86845019386799,4861
ENSG00000169067,3.86470922968228,4862
ENSG00000188981,3.86278376969369,4863
ENSG00000137948,3.8623922664788,4864
ENSG00000136750,3.86154949703311,4865
ENSG00000186474,3.86040120181843,4866
ENSG00000176485,3.84615839749083,4867
ENSG00000159173,3.84059684760615,4868
ENSG00000152223,3.84007753609973,4869
ENSG00000156097,3.83760185619398,4870
ENSG00000166448,3.8345754941074,4871
ENSG00000113209,3.82896010955737,4872
ENSG00000172775,3.82723918907321,4873
ENSG00000020181,3.82406144956441,4874
ENSG00000072041,3.82159182280072,4875
ENSG00000124299,3.81693795555778,4876
ENSG00000213903,3.81623272569169,4877
ENSG00000131400,3.81491637170177,4878
ENSG00000161048,3.81452870113892,4879
ENSG00000004139,3.81253313272062,4880
ENSG00000159176,3.81185516868898,4881
ENSG00000145901,3.81184637395272,4882
ENSG00000119699,3.81078949131819,4883
ENSG00000224389,3.80935915610792,4884
ENSG00000183248,3.80652602059124,4885
ENSG00000092841,3.80483037684331,4886
ENSG00000164326,3.8043518379827,4887
ENSG00000102287,3.80394784632925,4888
ENSG00000101224,3.80381405223298,4889
ENSG00000162065,3.80352127747308,4890
ENSG00000169908,3.80218660239667,4891
ENSG00000088256,3.79964534415288,4892
ENSG00000215252,3.79725035888713,4893
ENSG00000159387,3.79327984549744,4894
ENSG00000084623,3.79213124777336,4895
ENSG00000125144,3.79052943309901,4896
ENSG00000119720,3.78733970755657,4897
ENSG00000185633,3.78618965858129,4898
ENSG00000142973,3.78471855057449,4899
ENSG00000136169,3.78065027377292,4900
ENSG00000114573,3.78031262254261,4901
ENSG00000119203,3.77889483876532,4902
ENSG00000197870,3.77861857829402,4903
ENSG00000112977,3.77771947682636,4904
ENSG00000111291,3.77385357229821,4905
ENSG00000148606,3.77344341250229,4906
ENSG00000119723,3.76647676923336,4907
ENSG00000188710,3.76560399005986,4908
ENSG00000109458,3.76357214255611,4909
ENSG00000147548,3.7616951219769,4910
ENSG00000174514,3.76128847299278,4911
ENSG00000120729,3.75692364535143,4912
ENSG00000163517,3.75045070683127,4913
ENSG00000130119,3.74509010622196,4914
ENSG00000128253,3.74291647331767,4915
ENSG00000153292,3.74081180782486,4916
ENSG00000119396,3.73970761438514,4917
ENSG00000131473,3.73898841784461,4918
ENSG00000151532,3.73714478993224,4919
ENSG00000105146,3.73587784279278,4920
ENSG00000083454,3.73444089454808,4921
ENSG00000132793,3.72589492877568,4922
ENSG00000139433,3.72282582474965,4923
ENSG00000090376,3.72175562857247,4924
ENSG00000144354,3.71768910056011,4925
ENSG00000035141,3.71646128036367,4926
ENSG00000137198,3.71633621342215,4927
ENSG00000184984,3.71537494122883,4928
ENSG00000205413,3.71416078529456,4929
ENSG00000160294,3.71216105471251,4930
ENSG00000166272,3.71152750573798,4931
ENSG00000091972,3.71009721845492,4932
ENSG00000170144,3.70478564973443,4933
ENSG00000070018,3.70250960405113,4934
ENSG00000111602,3.70196266839141,4935
ENSG00000185013,3.70084555802272,4936
ENSG00000126953,3.7007787132864,4937
ENSG00000157557,3.68765053250229,4938
ENSG00000174606,3.68634240222367,4939
ENSG00000162889,3.68508807132307,4940
ENSG00000172232,3.68469931728928,4941
ENSG00000114209,3.68383973226434,4942
ENSG00000137876,3.68333247129456,4943
ENSG00000197448,3.68032630700225,4944
ENSG00000145808,3.679379424437,4945
ENSG00000013503,3.67807820602041,4946
ENSG00000189241,3.67802477726474,4947
ENSG00000008300,3.67711996481265,4948
ENSG00000215356,3.67312764917512,4949
ENSG00000140993,3.6652438323072,4950
ENSG00000180376,3.66327067082649,4951
ENSG00000134955,3.66255020892945,4952
ENSG00000135378,3.65471331598127,4953
ENSG00000198585,3.6525108429981,4954
ENSG00000197822,3.6522508592253,4955
ENSG00000022840,3.64931266990279,4956
ENSG00000176749,3.64819415408553,4957
ENSG00000179008,3.6460998184731,4958
ENSG00000003096,3.64329889810178,4959
ENSG00000151729,3.64033812277362,4960
ENSG00000175206,3.63710235394537,4961
ENSG00000118520,3.63701864216185,4962
ENSG00000213397,3.63597546448754,4963
ENSG00000158806,3.63357894320454,4964
ENSG00000023318,3.63107775752447,4965
ENSG00000143839,3.63073000439862,4966
ENSG00000153404,3.6257458844906,4967
ENSG00000103942,3.62083420873972,4968
ENSG00000171773,3.61722587760837,4969
ENSG00000129422,3.60601305788793,4970
ENSG00000092853,3.60222433180336,4971
ENSG00000141179,3.59195847966441,4972
ENSG00000119689,3.58903906852845,4973
ENSG00000134242,3.58625145352492,4974
ENSG00000162670,3.58567090788396,4975
ENSG00000176386,3.57739757018467,4976
ENSG00000165029,3.5767543345838,4977
ENSG00000198838,3.57579827716713,4978
ENSG00000213171,3.57566881658181,4979
ENSG00000134548,3.57564357315082,4980
ENSG00000135643,3.56971451874254,4981
ENSG00000196767,3.56964182610413,4982
ENSG00000120705,3.56828481639801,4983
ENSG00000100650,3.56182466060831,4984
ENSG00000182040,3.56175272431428,4985
ENSG00000253305,3.56026409849965,4986
ENSG00000105698,3.55997729051216,4987
ENSG00000103044,3.55974206446548,4988
ENSG00000128510,3.55874452583423,4989
ENSG00000204348,3.55817901293276,4990
ENSG00000186448,3.55465680675965,4991
ENSG00000233041,3.5545438313122,4992
ENSG00000155090,3.55230678793831,4993
ENSG00000134470,3.54268103474709,4994
ENSG00000162944,3.53919915460523,4995
ENSG00000179387,3.53801392592618,4996
ENSG00000111276,3.53631173865614,4997
ENSG00000204463,3.53517159242758,4998
ENSG00000109046,3.53461288542328,4999
ENSG00000156931,3.53427777690324,5000
ENSG00000075643,3.53065994582348,5001
ENSG00000174669,3.53064027216623,5002
ENSG00000175054,3.5304850508036,5003
ENSG00000127554,3.52943043022692,5004
ENSG00000138395,3.52725062966722,5005
ENSG00000213782,3.523590096733,5006
ENSG00000114942,3.52277775884065,5007
ENSG00000127334,3.52242146212322,5008
ENSG00000164818,3.52106342901473,5009
ENSG00000068654,3.51823711007759,5010
ENSG00000072042,3.51602381506035,5011
ENSG00000133640,3.50999986772856,5012
ENSG00000180785,3.50910190182697,5013
ENSG00000183145,3.50743022787627,5014
ENSG00000118526,3.50543101630695,5015
ENSG00000150764,3.50020453511362,5016
ENSG00000164134,3.49937730673214,5017
ENSG00000186854,3.49759701905827,5018
ENSG00000185475,3.4957602182483,5019
ENSG00000128928,3.49532468484619,5020
ENSG00000103018,3.49404538515717,5021
ENSG00000145002,3.48594383674944,5022
ENSG00000163975,3.4859186247967,5023
ENSG00000183054,3.48437212654652,5024
ENSG00000108384,3.48436048038217,5025
ENSG00000184860,3.4825683112092,5026
ENSG00000183735,3.48176142310136,5027
ENSG00000170484,3.48069661222634,5028
ENSG00000150656,3.47661034804713,5029
ENSG00000197451,3.47327425333246,5030
ENSG00000167705,3.47086581113694,5031
ENSG00000127743,3.46903949977487,5032
ENSG00000118271,3.46887775505735,5033
ENSG00000196932,3.46772722757051,5034
ENSG00000114200,3.46505640397988,5035
ENSG00000151702,3.46483926545855,5036
ENSG00000164898,3.46482951445089,5037
ENSG00000225968,3.46416210632847,5038
ENSG00000103740,3.46030534647027,5039
ENSG00000203791,3.45328641177958,5040
ENSG00000109466,3.45220786481579,5041
ENSG00000181585,3.44884020397488,5042
ENSG00000141971,3.44879849246901,5043
ENSG00000138792,3.44677900889528,5044
ENSG00000259431,3.44676992774033,5045
ENSG00000177508,3.44600493751513,5046
ENSG00000129450,3.44060649304777,5047
ENSG00000164400,3.43900652170679,5048
ENSG00000215018,3.43785589579727,5049
ENSG00000165269,3.43509524699906,5050
ENSG00000156384,3.43199770548916,5051
ENSG00000175595,3.42579749341081,5052
ENSG00000139352,3.42325707241893,5053
ENSG00000163206,3.42228284994637,5054
ENSG00000128886,3.42131666773504,5055
ENSG00000135919,3.41752442565415,5056
ENSG00000130173,3.41720352619715,5057
ENSG00000170423,3.41514917200233,5058
ENSG00000108823,3.40912134648007,5059
ENSG00000123200,3.40858037769449,5060
ENSG00000138772,3.40760543322817,5061
ENSG00000130726,3.40662511192315,5062
ENSG00000196946,3.40224441212918,5063
ENSG00000121671,3.39824584297033,5064
ENSG00000159461,3.39674205584894,5065
ENSG00000204231,3.39488036754086,5066
ENSG00000112559,3.39262371767787,5067
ENSG00000230657,3.39032119224721,5068
ENSG00000182667,3.39010303836293,5069
ENSG00000152078,3.38856996209292,5070
ENSG00000169676,3.388487674848,5071
ENSG00000183208,3.38106135746242,5072
ENSG00000236334,3.36837567244036,5073
ENSG00000243317,3.36583319092897,5074
ENSG00000171700,3.36515768091861,5075
ENSG00000233670,3.36436356601934,5076
ENSG00000170950,3.36398097046845,5077
ENSG00000073910,3.35773630833416,5078
ENSG00000135525,3.35685889560536,5079
ENSG00000125447,3.35675322696466,5080
ENSG00000138674,3.35547893600925,5081
ENSG00000116147,3.35507300127991,5082
ENSG00000169957,3.351962369267,5083
ENSG00000137868,3.34865313462168,5084
ENSG00000161180,3.34543044918284,5085
ENSG00000137070,3.34322076860654,5086
ENSG00000142065,3.34172063050431,5087
ENSG00000198604,3.34159452934745,5088
ENSG00000160539,3.34129622171901,5089
ENSG00000196730,3.33683499779378,5090
ENSG00000166847,3.3330903453239,5091
ENSG00000119383,3.33261407291443,5092
ENSG00000165935,3.32979356430649,5093
ENSG00000134996,3.32914955634216,5094
ENSG00000120262,3.32914447351813,5095
ENSG00000008323,3.32861762280758,5096
ENSG00000204278,3.32842255033085,5097
ENSG00000163599,3.32800857322017,5098
ENSG00000183722,3.32772944019031,5099
ENSG00000167617,3.3269389869126,5100
ENSG00000131203,3.32684067765481,5101
ENSG00000174373,3.32669072325084,5102
ENSG00000137507,3.32506185970103,5103
ENSG00000197385,3.32138163383364,5104
ENSG00000154359,3.31856150184299,5105
ENSG00000168411,3.31327185811311,5106
ENSG00000165417,3.31303746271641,5107
ENSG00000197016,3.31168568629618,5108
ENSG00000139914,3.31120319822062,5109
ENSG00000125207,3.31029531117235,5110
ENSG00000131368,3.30922523129802,5111
ENSG00000140600,3.30914991350415,5112
ENSG00000138152,3.3047767483618,5113
ENSG00000111727,3.3027728183315,5114
ENSG00000204279,3.30078920809073,5115
ENSG00000181754,3.29534168684937,5116
ENSG00000078596,3.29357235443097,5117
ENSG00000100024,3.29351614837012,5118
ENSG00000112077,3.28930147290387,5119
ENSG00000198276,3.28832692183433,5120
ENSG00000128833,3.28760634500283,5121
ENSG00000141556,3.28758221041621,5122
ENSG00000103222,3.28638126833149,5123
ENSG00000161654,3.28526071998716,5124
ENSG00000196305,3.28435080438001,5125
ENSG00000104755,3.28296054446718,5126
ENSG00000112679,3.28114071416816,5127
ENSG00000090534,3.27653044124956,5128
ENSG00000134909,3.27583763605618,5129
ENSG00000048052,3.27580657339003,5130
ENSG00000135940,3.2726854743338,5131
ENSG00000125898,3.27135429166572,5132
ENSG00000091536,3.27125216671461,5133
ENSG00000108588,3.2697683713946,5134
ENSG00000153339,3.26904307969997,5135
ENSG00000121742,3.26773454757567,5136
ENSG00000179271,3.26740047933959,5137
ENSG00000122367,3.26330273251533,5138
ENSG00000073605,3.26162305504547,5139
ENSG00000107014,3.26138568787952,5140
ENSG00000197863,3.25941523590038,5141
ENSG00000213722,3.25912702782228,5142
ENSG00000138650,3.25147268998183,5143
ENSG00000121068,3.24990629761326,5144
ENSG00000187753,3.24870002412238,5145
ENSG00000235750,3.24343454333611,5146
ENSG00000151093,3.23946306417219,5147
ENSG00000180697,3.23880746877911,5148
ENSG00000120471,3.23815624639022,5149
ENSG00000100842,3.23799053963852,5150
ENSG00000103154,3.23388589934546,5151
ENSG00000186591,3.23333461506548,5152
ENSG00000172236,3.23212972013376,5153
ENSG00000113916,3.23189639547619,5154
ENSG00000174990,3.22817383815154,5155
ENSG00000126106,3.22522796325409,5156
ENSG00000099330,3.22489344861489,5157
ENSG00000170236,3.21960283817643,5158
ENSG00000171360,3.21823868519624,5159
ENSG00000168234,3.21407341580291,5160
ENSG00000170873,3.213561608185,5161
ENSG00000159496,3.20886905590066,5162
ENSG00000244242,3.20498587098105,5163
ENSG00000232810,3.2046866720973,5164
ENSG00000113522,3.20373311848289,5165
ENSG00000137193,3.20197857825276,5166
ENSG00000186815,3.20084988417918,5167
ENSG00000113719,3.20063244735202,5168
ENSG00000184619,3.19799666956381,5169
ENSG00000172346,3.19437663570669,5170
ENSG00000196616,3.18807843146729,5171
ENSG00000175826,3.18619000186205,5172
ENSG00000160710,3.18470850066756,5173
ENSG00000099968,3.18211072245507,5174
ENSG00000174282,3.18161524815881,5175
ENSG00000243678,3.17849012925243,5176
ENSG00000100083,3.17588029030908,5177
ENSG00000147081,3.1739157499981,5178
ENSG00000138135,3.17325480426599,5179
ENSG00000064195,3.17194665771976,5180
ENSG00000187109,3.1712009459675,5181
ENSG00000029363,3.1700395812824,5182
ENSG00000175582,3.16873262836825,5183
ENSG00000133019,3.16606043393564,5184
ENSG00000173805,3.16494514481681,5185
ENSG00000127415,3.16466807174664,5186
ENSG00000178385,3.16228259685903,5187
ENSG00000012211,3.16102273214253,5188
ENSG00000119457,3.15938327825453,5189
ENSG00000025423,3.15937148820405,5190
ENSG00000068028,3.15761333508581,5191
ENSG00000174837,3.15389503013773,5192
ENSG00000182175,3.14771606127056,5193
ENSG00000162813,3.14535221201058,5194
ENSG00000159261,3.14320922893747,5195
ENSG00000102178,3.14288421423502,5196
ENSG00000163207,3.1409677445343,5197
ENSG00000104907,3.13815900401623,5198
ENSG00000180658,3.13703460115969,5199
ENSG00000140988,3.1364954002997,5200
ENSG00000160714,3.13511298461912,5201
ENSG00000188487,3.12992998907259,5202
ENSG00000114841,3.12790035816282,5203
ENSG00000100362,3.12573200113315,5204
ENSG00000186472,3.11713021553554,5205
ENSG00000112319,3.11401316864315,5206
ENSG00000153317,3.10618895855948,5207
ENSG00000092051,3.09914626859376,5208
ENSG00000162869,3.0982509409677,5209
ENSG00000112561,3.09793482743669,5210
ENSG00000128654,3.09721731646638,5211
ENSG00000171401,3.09411364545787,5212
ENSG00000182307,3.09365032135417,5213
ENSG00000174059,3.09254785924782,5214
ENSG00000171522,3.09211046187603,5215
ENSG00000075785,3.09142097972566,5216
ENSG00000163888,3.08866286231119,5217
ENSG00000171595,3.08765226065135,5218
ENSG00000137747,3.08639489323995,5219
ENSG00000122122,3.08621860205818,5220
ENSG00000129680,3.08089228076064,5221
ENSG00000164047,3.08045281745034,5222
ENSG00000118507,3.07855391244154,5223
ENSG00000117594,3.07568099560321,5224
ENSG00000149485,3.07258468098409,5225
ENSG00000100804,3.0713510666113,5226
ENSG00000204381,3.07109765629006,5227
ENSG00000110436,3.0706098589557,5228
ENSG00000104361,3.06952355479143,5229
ENSG00000151229,3.06692775426318,5230
ENSG00000050327,3.06386762097571,5231
ENSG00000147121,3.06149604692137,5232
ENSG00000174015,3.06123419372306,5233
ENSG00000104723,3.06091091466372,5234
ENSG00000138078,3.05849471402587,5235
ENSG00000023734,3.05696266001985,5236
ENSG00000075426,3.05512091484843,5237
ENSG00000124564,3.05333788996597,5238
ENSG00000182968,3.05143021143297,5239
ENSG00000133134,3.05102008316416,5240
ENSG00000177504,3.04260405647757,5241
ENSG00000101331,3.03423485496288,5242
ENSG00000100429,3.03322150045444,5243
ENSG00000135924,3.02814770416114,5244
ENSG00000121931,3.0254321696221,5245
ENSG00000066185,3.02127246332786,5246
ENSG00000173660,3.0190426828929,5247
ENSG00000122591,3.01822013783018,5248
ENSG00000086548,3.01788977519902,5249
ENSG00000130487,3.01704773083865,5250
ENSG00000143178,3.01577884924784,5251
ENSG00000130783,3.01370739743137,5252
ENSG00000162066,3.00730695768481,5253
ENSG00000178789,3.00692837626211,5254
ENSG00000011198,3.00688795079535,5255
ENSG00000137409,3.00654494976123,5256
ENSG00000127946,3.00482836467359,5257
ENSG00000160360,3.00349904526906,5258
ENSG00000178974,3.00303557601,5259
ENSG00000160949,3.00264359320268,5260
ENSG00000168404,3.00260094308115,5261
ENSG00000139180,3.00085829930089,5262
ENSG00000203782,2.99590781189094,5263
ENSG00000112137,2.99454213704511,5264
ENSG00000167619,2.99306088904275,5265
ENSG00000073150,2.99169095777346,5266
ENSG00000007933,2.98969081255246,5267
ENSG00000125741,2.98878638430718,5268
ENSG00000163956,2.98677674026965,5269
ENSG00000160799,2.98626623850464,5270
ENSG00000110801,2.98474865553476,5271
ENSG00000177599,2.98427159872642,5272
ENSG00000150403,2.9797076564679,5273
ENSG00000162897,2.97955888474654,5274
ENSG00000004455,2.97336251949521,5275
ENSG00000108479,2.96532258739163,5276
ENSG00000116455,2.96187463172537,5277
ENSG00000088756,2.95862805707075,5278
ENSG00000132024,2.95843890106737,5279
ENSG00000168993,2.95541997828796,5280
ENSG00000126861,2.95370919623498,5281
ENSG00000116690,2.95028791078641,5282
ENSG00000168427,2.94948096483851,5283
ENSG00000157456,2.94849531970394,5284
ENSG00000172216,2.94831423612116,5285
ENSG00000132623,2.94692652885822,5286
ENSG00000198561,2.94453167166808,5287
ENSG00000105366,2.94229470461597,5288
ENSG00000104883,2.94115781194231,5289
ENSG00000133812,2.93524992893252,5290
ENSG00000177106,2.93506924108385,5291
ENSG00000189269,2.93443846684643,5292
ENSG00000011201,2.93384809765689,5293
ENSG00000074800,2.92969331686884,5294
ENSG00000173546,2.92932676402468,5295
ENSG00000121753,2.92749452919036,5296
ENSG00000136932,2.92711629132168,5297
ENSG00000165553,2.92666771241916,5298
ENSG00000130024,2.92334876950356,5299
ENSG00000006576,2.9125914939498,5300
ENSG00000101017,2.90974215934566,5301
ENSG00000134020,2.90954223068133,5302
ENSG00000157837,2.908873854477,5303
ENSG00000116096,2.90834214866075,5304
ENSG00000143951,2.90759635296254,5305
ENSG00000177398,2.90192680435546,5306
ENSG00000113889,2.90080650295477,5307
ENSG00000138180,2.9002370702136,5308
ENSG00000049449,2.89461462415617,5309
ENSG00000163218,2.89361235419451,5310
ENSG00000172586,2.89267944037478,5311
ENSG00000174684,2.89044312508267,5312
ENSG00000197594,2.88961278966698,5313
ENSG00000119922,2.888628069442,5314
ENSG00000054967,2.88496466813853,5315
ENSG00000151690,2.88276077557978,5316
ENSG00000134817,2.8798340550657,5317
ENSG00000174886,2.87539810026498,5318
ENSG00000058729,2.87353280849778,5319
ENSG00000127314,2.86805823690427,5320
ENSG00000152642,2.86691236145288,5321
ENSG00000160588,2.85174381578413,5322
ENSG00000132429,2.84801624323774,5323
ENSG00000170419,2.84778376316442,5324
ENSG00000172340,2.84664453735449,5325
ENSG00000170802,2.8418398023901,5326
ENSG00000105967,2.84082304419635,5327
ENSG00000102309,2.83672374704342,5328
ENSG00000110844,2.83651639363985,5329
ENSG00000177291,2.83500984335423,5330
ENSG00000135842,2.83028046381942,5331
ENSG00000064205,2.82919390872043,5332
ENSG00000137218,2.82668338470961,5333
ENSG00000169871,2.82622063475827,5334
ENSG00000105357,2.82581419871016,5335
ENSG00000187867,2.82266006196575,5336
ENSG00000070761,2.82046040891245,5337
ENSG00000068400,2.81712573255663,5338
ENSG00000089327,2.8147737420974,5339
ENSG00000141002,2.81300512730315,5340
ENSG00000080822,2.80959393923834,5341
ENSG00000112305,2.80624745457196,5342
ENSG00000261247,2.80464543444688,5343
ENSG00000069702,2.80321616531363,5344
ENSG00000138623,2.80155046987191,5345
ENSG00000187860,2.8010505944785,5346
ENSG00000157895,2.80075729807909,5347
ENSG00000161249,2.80044835053949,5348
ENSG00000138111,2.80000488433712,5349
ENSG00000146276,2.7991217527514,5350
ENSG00000112425,2.79772565452711,5351
ENSG00000172938,2.7957787416473,5352
ENSG00000179222,2.79440895716887,5353
ENSG00000079102,2.79417224817386,5354
ENSG00000187824,2.7878463908516,5355
ENSG00000183795,2.78729059404286,5356
ENSG00000154856,2.78644625096329,5357
ENSG00000198742,2.78468190646323,5358
ENSG00000161999,2.78206533395258,5359
ENSG00000168484,2.78148027449167,5360
ENSG00000105976,2.78096543597523,5361
ENSG00000160111,2.77946705126367,5362
ENSG00000186510,2.77891406411578,5363
ENSG00000173258,2.77653331156666,5364
ENSG00000058262,2.77652842290758,5365
ENSG00000234776,2.77336213605562,5366
ENSG00000101773,2.77186742183421,5367
ENSG00000109171,2.77141245106895,5368
ENSG00000049541,2.77117676519844,5369
ENSG00000049540,2.77063471004695,5370
ENSG00000084093,2.76603556040057,5371
ENSG00000162643,2.76537625725728,5372
ENSG00000145741,2.76171073618234,5373
ENSG00000138771,2.75859355745754,5374
ENSG00000167065,2.75708017894504,5375
ENSG00000147454,2.75406329523475,5376
ENSG00000151348,2.75339775415758,5377
ENSG00000163285,2.75227854604519,5378
ENSG00000124780,2.75022016584956,5379
ENSG00000153093,2.74588739887373,5380
ENSG00000172915,2.74551066380524,5381
ENSG00000183801,2.74536391049821,5382
ENSG00000143545,2.74350302568376,5383
ENSG00000102243,2.74229602283906,5384
ENSG00000005249,2.74128584730108,5385
ENSG00000100330,2.73902069166896,5386
ENSG00000110651,2.73889602730642,5387
ENSG00000150593,2.73828108342648,5388
ENSG00000159899,2.73493994367184,5389
ENSG00000169031,2.73469357234079,5390
ENSG00000048828,2.73436219801358,5391
ENSG00000085415,2.73063575787635,5392
ENSG00000152402,2.73044521560187,5393
ENSG00000106462,2.7298290766469,5394
ENSG00000105819,2.72882886328973,5395
ENSG00000196277,2.72780735702951,5396
ENSG00000099622,2.72482264530363,5397
ENSG00000013583,2.72482080056175,5398
ENSG00000162645,2.72125090962037,5399
ENSG00000141068,2.71766852734413,5400
ENSG00000109079,2.71509566173823,5401
ENSG00000104518,2.7129193023648,5402
ENSG00000135480,2.7112531030949,5403
ENSG00000244094,2.71006209878538,5404
ENSG00000104899,2.70998225936092,5405
ENSG00000110665,2.70960537210858,5406
ENSG00000171224,2.70849880642348,5407
ENSG00000178445,2.7072603458419,5408
ENSG00000018408,2.70206790631468,5409
ENSG00000179813,2.70056029325872,5410
ENSG00000131876,2.70053493505914,5411
ENSG00000162383,2.69726146775925,5412
ENSG00000151572,2.69614471010183,5413
ENSG00000108518,2.69548037645571,5414
ENSG00000149506,2.69216949075935,5415
ENSG00000178057,2.6882703373204,5416
ENSG00000165046,2.68795436496143,5417
ENSG00000139354,2.68725583349689,5418
ENSG00000092098,2.68640747100015,5419
ENSG00000186051,2.68140716348401,5420
ENSG00000119138,2.68136850286269,5421
ENSG00000160767,2.67821283868296,5422
ENSG00000158486,2.67790018911347,5423
ENSG00000103241,2.67652133228549,5424
ENSG00000114654,2.67590081502418,5425
ENSG00000170075,2.67383218119393,5426
ENSG00000152910,2.67353027769157,5427
ENSG00000134259,2.6726370573586,5428
ENSG00000116014,2.67231288984069,5429
ENSG00000163873,2.67089746201749,5430
ENSG00000149295,2.66869742320032,5431
ENSG00000100336,2.6658088008645,5432
ENSG00000129009,2.66563684100815,5433
ENSG00000100836,2.66173559380799,5434
ENSG00000125257,2.66086984600814,5435
ENSG00000133398,2.65546676466229,5436
ENSG00000089041,2.65130197520045,5437
ENSG00000182957,2.65045109826489,5438
ENSG00000103528,2.6487312654118,5439
ENSG00000099795,2.64748542931386,5440
ENSG00000182195,2.64620318713545,5441
ENSG00000177602,2.64563111221936,5442
ENSG00000113594,2.6438749944491,5443
ENSG00000141977,2.64101405835277,5444
ENSG00000029534,2.64092567215814,5445
ENSG00000151655,2.63607697947303,5446
ENSG00000185352,2.63291758410507,5447
ENSG00000153002,2.63133082383242,5448
ENSG00000139350,2.63065025286196,5449
ENSG00000104660,2.62873583055937,5450
ENSG00000119669,2.62702704570635,5451
ENSG00000173825,2.61299355524592,5452
ENSG00000084234,2.61075398363949,5453
ENSG00000105778,2.60939451752894,5454
ENSG00000064545,2.60910868149149,5455
ENSG00000151304,2.60621201409199,5456
ENSG00000185869,2.60503000526687,5457
ENSG00000104897,2.6035438250642,5458
ENSG00000100865,2.60342057480769,5459
ENSG00000033800,2.60165502457564,5460
ENSG00000164346,2.60026797510288,5461
ENSG00000204267,2.59949334020415,5462
ENSG00000107815,2.59867574180455,5463
ENSG00000184502,2.59760802092502,5464
ENSG00000180828,2.59724054654548,5465
ENSG00000198597,2.59525957401094,5466
ENSG00000121807,2.59402825284233,5467
ENSG00000188038,2.59329550728152,5468
ENSG00000136444,2.59166828356117,5469
ENSG00000234906,2.59009828852391,5470
ENSG00000108231,2.58977971978293,5471
ENSG00000170231,2.5894402764141,5472
ENSG00000179088,2.58617909260514,5473
ENSG00000115318,2.585561202824,5474
ENSG00000182359,2.58469940171263,5475
ENSG00000172638,2.58038368079705,5476
ENSG00000103199,2.57992719712839,5477
ENSG00000174371,2.57795103237808,5478
ENSG00000187546,2.57653063384465,5479
ENSG00000118094,2.57439952600124,5480
ENSG00000130176,2.57279122581394,5481
ENSG00000185829,2.56866569023763,5482
ENSG00000185615,2.56847195454114,5483
ENSG00000060558,2.56729896193188,5484
ENSG00000143919,2.56621288221487,5485
ENSG00000164850,2.56537162123009,5486
ENSG00000151062,2.5646744443812,5487
ENSG00000136286,2.56022283318674,5488
ENSG00000102879,2.55057455278537,5489
ENSG00000182224,2.54353815699994,5490
ENSG00000137094,2.54228730385611,5491
ENSG00000010072,2.5410956738682,5492
ENSG00000146360,2.54044197110622,5493
ENSG00000142687,2.5402276674845,5494
ENSG00000134533,2.53941773246546,5495
ENSG00000172771,2.53806054454491,5496
ENSG00000181617,2.5354670272886,5497
ENSG00000161682,2.52944008273588,5498
ENSG00000187416,2.52864476755419,5499
ENSG00000114383,2.52853540930257,5500
ENSG00000198797,2.52574413511934,5501
ENSG00000214022,2.52491128394782,5502
ENSG00000121989,2.52224861252518,5503
ENSG00000101222,2.51948444235229,5504
ENSG00000178235,2.51889354832096,5505
ENSG00000197540,2.51784360379273,5506
ENSG00000170832,2.51487217695823,5507
ENSG00000121075,2.51271920637119,5508
ENSG00000090971,2.51196172339907,5509
ENSG00000166747,2.50772705455159,5510
ENSG00000123933,2.50623170386767,5511
ENSG00000183856,2.50372792710442,5512
ENSG00000147586,2.50294246287565,5513
ENSG00000125998,2.50164883046757,5514
ENSG00000231637,2.50015434796161,5515
ENSG00000196743,2.49968354930051,5516
ENSG00000095713,2.49709492758901,5517
ENSG00000114021,2.49303077967902,5518
ENSG00000092140,2.48906948405012,5519
ENSG00000156687,2.48814459349847,5520
ENSG00000198732,2.48665507981291,5521
ENSG00000205726,2.48491019359371,5522
ENSG00000153823,2.48159385853296,5523
ENSG00000187140,2.48007215598613,5524
ENSG00000124721,2.47956368704712,5525
ENSG00000132423,2.47125371213019,5526
ENSG00000164211,2.47103715102797,5527
ENSG00000121207,2.47002651502364,5528
ENSG00000164508,2.46575251427887,5529
ENSG00000150756,2.46091968742991,5530
ENSG00000169679,2.45692876255156,5531
ENSG00000132436,2.45603230655787,5532
ENSG00000161649,2.45548967324826,5533
ENSG00000173728,2.45522902535117,5534
ENSG00000168393,2.45170468170357,5535
ENSG00000172575,2.45156674083549,5536
ENSG00000092969,2.45119889017139,5537
ENSG00000128881,2.45003251585734,5538
ENSG00000136108,2.44156291700889,5539
ENSG00000081320,2.43928292336544,5540
ENSG00000150347,2.43582807964498,5541
ENSG00000136628,2.43150076185541,5542
ENSG00000169551,2.43029405065544,5543
ENSG00000160062,2.42578082620222,5544
ENSG00000008282,2.42410296706161,5545
ENSG00000157765,2.41971060846072,5546
ENSG00000204952,2.41919693544129,5547
ENSG00000164414,2.41859949190039,5548
ENSG00000137955,2.41844294546713,5549
ENSG00000122550,2.41823536217163,5550
ENSG00000146067,2.41340885245715,5551
ENSG00000142405,2.41036984893956,5552
ENSG00000205336,2.40848022407055,5553
ENSG00000176956,2.40831392407308,5554
ENSG00000156096,2.40690051604337,5555
ENSG00000205707,2.406122869935,5556
ENSG00000162738,2.40495924884942,5557
ENSG00000142871,2.40435111024172,5558
ENSG00000183475,2.40391567545988,5559
ENSG00000101343,2.40272280950192,5560
ENSG00000168101,2.40270016992332,5561
ENSG00000113108,2.40130202089879,5562
ENSG00000145912,2.40025372548786,5563
ENSG00000150636,2.39975995665358,5564
ENSG00000083093,2.39680568771143,5565
ENSG00000117298,2.39651483169783,5566
ENSG00000120659,2.38942634507319,5567
ENSG00000187094,2.38931068229889,5568
ENSG00000132005,2.3866080519582,5569
ENSG00000100883,2.38659922903498,5570
ENSG00000215375,2.38541871976623,5571
ENSG00000198049,2.38257799281064,5572
ENSG00000108219,2.38245721798551,5573
ENSG00000162825,2.38082803940845,5574
ENSG00000116731,2.37982430851965,5575
ENSG00000187672,2.37930011712652,5576
ENSG00000150281,2.37718692885751,5577
ENSG00000188807,2.37516816352296,5578
ENSG00000104213,2.37425499844318,5579
ENSG00000230453,2.37275175544354,5580
ENSG00000138615,2.3724014996425,5581
ENSG00000086717,2.37188087313355,5582
ENSG00000165379,2.37152431998509,5583
ENSG00000188738,2.37033683734952,5584
ENSG00000145246,2.36853378599539,5585
ENSG00000179148,2.36816807285052,5586
ENSG00000168961,2.36702256972493,5587
ENSG00000136206,2.36584937515343,5588
ENSG00000152954,2.36381616344859,5589
ENSG00000118322,2.36186941673857,5590
ENSG00000183439,2.3598522802275,5591
ENSG00000154478,2.35899289549757,5592
ENSG00000152076,2.35468053411142,5593
ENSG00000171608,2.35368771084342,5594
ENSG00000203814,2.35345479779202,5595
ENSG00000091986,2.34914274311423,5596
ENSG00000169228,2.34864573483108,5597
ENSG00000108819,2.34811341425801,5598
ENSG00000175063,2.34405836523427,5599
ENSG00000147224,2.33946414836335,5600
ENSG00000071539,2.33878724384012,5601
ENSG00000057468,2.33853316076775,5602
ENSG00000118971,2.33840009403203,5603
ENSG00000158863,2.3381912999503,5604
ENSG00000122966,2.33371792912402,5605
ENSG00000005238,2.33164643132571,5606
ENSG00000213341,2.32973259457342,5607
ENSG00000174444,2.32721340073919,5608
ENSG00000187950,2.32461154845216,5609
ENSG00000183734,2.32233713808403,5610
ENSG00000104805,2.31875078742597,5611
ENSG00000161016,2.31841478042131,5612
ENSG00000136560,2.31641731602158,5613
ENSG00000225697,2.31384522812151,5614
ENSG00000198198,2.31100160023841,5615
ENSG00000124449,2.30992402551168,5616
ENSG00000169733,2.30866169780012,5617
ENSG00000154118,2.30840201399706,5618
ENSG00000099949,2.30450024626486,5619
ENSG00000182899,2.30278418269666,5620
ENSG00000089063,2.30229072434269,5621
ENSG00000176055,2.29914076863771,5622
ENSG00000005844,2.29874868006732,5623
ENSG00000165304,2.29873401057842,5624
ENSG00000102753,2.2972090560339,5625
ENSG00000175697,2.29546083465557,5626
ENSG00000167721,2.29476497439559,5627
ENSG00000163703,2.29435180864321,5628
ENSG00000163545,2.29276250418865,5629
ENSG00000177468,2.29005037477819,5630
ENSG00000120068,2.28896487036561,5631
ENSG00000171450,2.28841444633655,5632
ENSG00000184357,2.28225734567238,5633
ENSG00000196083,2.28146924999834,5634
ENSG00000125735,2.28138468902313,5635
ENSG00000177875,2.28134533891332,5636
ENSG00000107819,2.27879660825981,5637
ENSG00000204435,2.27811663680497,5638
ENSG00000141040,2.27766018217738,5639
ENSG00000267041,2.27683576612406,5640
ENSG00000120280,2.27608588679309,5641
ENSG00000108018,2.27577379325629,5642
ENSG00000132153,2.27342187513461,5643
ENSG00000129965,2.26728756632842,5644
ENSG00000136810,2.26655867677783,5645
ENSG00000117500,2.26613613950557,5646
ENSG00000147573,2.26584364057792,5647
ENSG00000138613,2.26540585613123,5648
ENSG00000114446,2.26301892337817,5649
ENSG00000213918,2.26102573302529,5650
ENSG00000135519,2.26096330014567,5651
ENSG00000177984,2.25808780454729,5652
ENSG00000169118,2.25204411897458,5653
ENSG00000142619,2.25135725750706,5654
ENSG00000042445,2.25122711260832,5655
ENSG00000144015,2.24674235685065,5656
ENSG00000184672,2.24653243384973,5657
ENSG00000122756,2.24542642091514,5658
ENSG00000132768,2.24483448939602,5659
ENSG00000124459,2.24146329892597,5660
ENSG00000206579,2.24145630905328,5661
ENSG00000205835,2.24115785077111,5662
ENSG00000197852,2.23882989247276,5663
ENSG00000156261,2.23875376999704,5664
ENSG00000006282,2.23760368735084,5665
ENSG00000138375,2.23696498616824,5666
ENSG00000119979,2.23668893991257,5667
ENSG00000143341,2.23652006776267,5668
ENSG00000127948,2.23651853883665,5669
ENSG00000121289,2.23543873851735,5670
ENSG00000163624,2.23231245749883,5671
ENSG00000125872,2.23122614195421,5672
ENSG00000240771,2.23091473485623,5673
ENSG00000149591,2.23032269800643,5674
ENSG00000114744,2.22983366173774,5675
ENSG00000204969,2.22452368560641,5676
ENSG00000160868,2.22376945248147,5677
ENSG00000253368,2.22274728219336,5678
ENSG00000120992,2.22162949935422,5679
ENSG00000122359,2.21921028252141,5680
ENSG00000099399,2.21895604010116,5681
ENSG00000102125,2.21828315886232,5682
ENSG00000110395,2.2174593190134,5683
ENSG00000160321,2.21679642784403,5684
ENSG00000100106,2.21555246481136,5685
ENSG00000108654,2.21511299709246,5686
ENSG00000135164,2.21001143413568,5687
ENSG00000117362,2.20890086277673,5688
ENSG00000121361,2.20847380349094,5689
ENSG00000185038,2.20817729121845,5690
ENSG00000161800,2.20676392073566,5691
ENSG00000169964,2.20579917176731,5692
ENSG00000136827,2.20385971859848,5693
ENSG00000174851,2.20347101462628,5694
ENSG00000136197,2.19842919668372,5695
ENSG00000111875,2.19835687712184,5696
ENSG00000113211,2.19743192801143,5697
ENSG00000196352,2.19734994624781,5698
ENSG00000197746,2.19515758815436,5699
ENSG00000124496,2.18953728683364,5700
ENSG00000115183,2.18768853769877,5701
ENSG00000180921,2.18755583860415,5702
ENSG00000153165,2.18654045358632,5703
ENSG00000163874,2.18420739672054,5704
ENSG00000126803,2.18389808954159,5705
ENSG00000157014,2.18309932076324,5706
ENSG00000176978,2.18196241778569,5707
ENSG00000143850,2.1815307019242,5708
ENSG00000196344,2.17946508257163,5709
ENSG00000217555,2.17747141496522,5710
ENSG00000145416,2.17715143139556,5711
ENSG00000115598,2.17715026586778,5712
ENSG00000140107,2.1747317501499,5713
ENSG00000130203,2.17396507936281,5714
ENSG00000128346,2.1727135809489,5715
ENSG00000102606,2.16974642449292,5716
ENSG00000196600,2.16923855882954,5717
ENSG00000165186,2.16902919063457,5718
ENSG00000059769,2.16641577371105,5719
ENSG00000163683,2.16619108135439,5720
ENSG00000185215,2.16496378756031,5721
ENSG00000013297,2.16446290651948,5722
ENSG00000145040,2.1633836195499,5723
ENSG00000154928,2.16115958326729,5724
ENSG00000176076,2.16107793154684,5725
ENSG00000186074,2.15608631081565,5726
ENSG00000188488,2.1551839249525,5727
ENSG00000163431,2.15490841524088,5728
ENSG00000157077,2.15457418434662,5729
ENSG00000259207,2.15456219728465,5730
ENSG00000167791,2.15387236741614,5731
ENSG00000064601,2.15347000832594,5732
ENSG00000159871,2.15154813923224,5733
ENSG00000151090,2.150304869247,5734
ENSG00000188739,2.1490607860802,5735
ENSG00000104998,2.14878487980564,5736
ENSG00000108602,2.14805936276894,5737
ENSG00000184678,2.14757967932092,5738
ENSG00000122863,2.14752785548144,5739
ENSG00000130054,2.14325292627792,5740
ENSG00000089169,2.14048298631248,5741
ENSG00000108511,2.14028711529169,5742
ENSG00000100266,2.13948631591813,5743
ENSG00000104763,2.13843033852475,5744
ENSG00000154114,2.13695464203844,5745
ENSG00000162775,2.13690394508277,5746
ENSG00000198860,2.13597405155126,5747
ENSG00000197057,2.13527049612038,5748
ENSG00000173064,2.13248416267117,5749
ENSG00000146477,2.13029712002382,5750
ENSG00000198056,2.12975891765727,5751
ENSG00000168653,2.12950125740768,5752
ENSG00000188342,2.12942724246597,5753
ENSG00000166444,2.12927720243765,5754
ENSG00000164953,2.12762837295109,5755
ENSG00000183638,2.12758679611168,5756
ENSG00000117152,2.12741179748332,5757
ENSG00000125249,2.12317499260678,5758
ENSG00000255359,2.1229115222085,5759
ENSG00000198553,2.12245812927723,5760
ENSG00000146700,2.12042238419606,5761
ENSG00000083097,2.11861023068198,5762
ENSG00000143382,2.11747833360696,5763
ENSG00000111404,2.11741519875161,5764
ENSG00000188771,2.11674943966877,5765
ENSG00000110328,2.11606782586914,5766
ENSG00000107438,2.11535780164597,5767
ENSG00000142549,2.11518624045857,5768
ENSG00000133884,2.11327512512042,5769
ENSG00000180660,2.11015446527489,5770
ENSG00000138134,2.10885071256935,5771
ENSG00000175820,2.10576171999204,5772
ENSG00000196550,2.10562476895005,5773
ENSG00000174586,2.10391330152919,5774
ENSG00000180638,2.10185743802285,5775
ENSG00000176083,2.10099961508231,5776
ENSG00000152242,2.10039788177281,5777
ENSG00000130032,2.09934536062036,5778
ENSG00000165171,2.09621268175032,5779
ENSG00000141543,2.09594460702666,5780
ENSG00000151033,2.09553719974069,5781
ENSG00000167861,2.09551949962716,5782
ENSG00000101096,2.09449638415554,5783
ENSG00000189159,2.0936973472834,5784
ENSG00000103710,2.09286098948873,5785
ENSG00000154451,2.08975085833365,5786
ENSG00000148225,2.08764368170232,5787
ENSG00000156284,2.08594520307383,5788
ENSG00000180964,2.08537582903354,5789
ENSG00000077097,2.08174113000337,5790
ENSG00000132554,2.08168864562539,5791
ENSG00000235631,2.07943474144038,5792
ENSG00000113722,2.07681755217153,5793
ENSG00000100557,2.07650422021421,5794
ENSG00000137285,2.07542564200171,5795
ENSG00000261787,2.07450963046517,5796
ENSG00000153303,2.0734054807928,5797
ENSG00000178568,2.07059512745049,5798
ENSG00000111581,2.07044047386008,5799
ENSG00000138079,2.06967473754599,5800
ENSG00000165868,2.06719603920345,5801
ENSG00000172478,2.06595970708912,5802
ENSG00000054267,2.06468782248821,5803
ENSG00000011454,2.06445657982095,5804
ENSG00000114923,2.05842098846995,5805
ENSG00000118777,2.05816921755761,5806
ENSG00000183723,2.05798083733337,5807
ENSG00000189043,2.05599638907128,5808
ENSG00000183495,2.05574707815297,5809
ENSG00000072071,2.05437371021579,5810
ENSG00000082438,2.05428742951489,5811
ENSG00000180884,2.05347880762108,5812
ENSG00000099625,2.05265782154709,5813
ENSG00000182583,2.05125772776855,5814
ENSG00000223572,2.04927640174345,5815
ENSG00000185722,2.04901414014517,5816
ENSG00000110243,2.04822681346547,5817
ENSG00000213139,2.04790911461461,5818
ENSG00000106689,2.04650654086652,5819
ENSG00000168802,2.04555805215563,5820
ENSG00000170276,2.04512941299357,5821
ENSG00000143624,2.04480118517717,5822
ENSG00000116171,2.04170903299496,5823
ENSG00000137265,2.04002443310262,5824
ENSG00000033170,2.03995555144921,5825
ENSG00000239590,2.03929986783273,5826
ENSG00000161328,2.03569490774517,5827
ENSG00000088325,2.03475120864066,5828
ENSG00000141665,2.03280361900338,5829
ENSG00000174944,2.03136056890973,5830
ENSG00000156508,2.0288290499304,5831
ENSG00000171885,2.02502750065652,5832
ENSG00000185338,2.02413284332002,5833
ENSG00000177463,2.02314964388368,5834
ENSG00000078399,2.02268161740666,5835
ENSG00000102245,2.02225680713714,5836
ENSG00000049130,2.02210958643426,5837
ENSG00000106692,2.02102300041814,5838
ENSG00000196187,2.01895508301583,5839
ENSG00000151834,2.0183273734633,5840
ENSG00000171462,2.01734945718382,5841
ENSG00000159251,2.01567864950525,5842
ENSG00000011590,2.01470465492578,5843
ENSG00000237763,2.01155314639728,5844
ENSG00000109943,2.01139541238681,5845
ENSG00000149930,2.01034350112863,5846
ENSG00000235098,2.0097321715133,5847
ENSG00000166396,2.00965364109971,5848
ENSG00000151376,2.00958327101348,5849
ENSG00000196263,2.00787445293556,5850
ENSG00000185608,2.00418653299448,5851
ENSG00000196268,2.00380675868771,5852
ENSG00000144668,2.00301785911051,5853
ENSG00000118707,2.00215917866631,5854
ENSG00000189060,2.00154741618011,5855
ENSG00000127124,1.99959695397012,5856
ENSG00000101276,1.99793002088758,5857
ENSG00000166278,1.99759315005143,5858
ENSG00000139220,1.99752883293777,5859
ENSG00000129244,1.99701374101505,5860
ENSG00000053524,1.99656693404153,5861
ENSG00000011426,1.99603225781606,5862
ENSG00000160233,1.99597887244218,5863
ENSG00000198092,1.99444492759209,5864
ENSG00000161955,1.99296048781234,5865
ENSG00000119943,1.99257424120388,5866
ENSG00000132164,1.99137638526822,5867
ENSG00000148229,1.99047307040534,5868
ENSG00000163788,1.98907059838327,5869
ENSG00000188343,1.9880375401073,5870
ENSG00000165480,1.98556193676987,5871
ENSG00000197275,1.98419438485391,5872
ENSG00000130287,1.98348103343462,5873
ENSG00000183648,1.98163450134661,5874
ENSG00000171928,1.98070899939002,5875
ENSG00000085063,1.97728959541617,5876
ENSG00000105649,1.97663977378321,5877
ENSG00000172215,1.97574279865858,5878
ENSG00000198681,1.97370636420918,5879
ENSG00000134982,1.96824168479563,5880
ENSG00000055044,1.96731943667552,5881
ENSG00000116882,1.9667259367168,5882
ENSG00000131126,1.96671313247162,5883
ENSG00000133256,1.96658736444137,5884
ENSG00000109208,1.9640629822124,5885
ENSG00000249961,1.96371880977374,5886
ENSG00000174453,1.96282917664692,5887
ENSG00000224940,1.96150531114266,5888
ENSG00000125386,1.9613294905425,5889
ENSG00000100031,1.96063297479678,5890
ENSG00000137414,1.95981271924117,5891
ENSG00000111679,1.95852730724169,5892
ENSG00000164116,1.95794633989851,5893
ENSG00000124588,1.95580918655518,5894
ENSG00000223547,1.95159362082543,5895
ENSG00000116729,1.94969416305054,5896
ENSG00000168291,1.94857138442162,5897
ENSG00000124568,1.94845451016688,5898
ENSG00000197177,1.94672796479242,5899
ENSG00000088930,1.94635225396545,5900
ENSG00000085831,1.94582228116074,5901
ENSG00000184178,1.94503591685688,5902
ENSG00000155876,1.94248932874494,5903
ENSG00000145242,1.94243679967197,5904
ENSG00000167741,1.93992836130358,5905
ENSG00000164970,1.93948493424193,5906
ENSG00000132821,1.93799543334119,5907
ENSG00000186827,1.93614691936859,5908
ENSG00000119965,1.93414189336606,5909
ENSG00000124406,1.93329449782081,5910
ENSG00000179029,1.93172919665871,5911
ENSG00000072195,1.92832199306274,5912
ENSG00000125531,1.92694088511821,5913
ENSG00000066084,1.92669865243684,5914
ENSG00000183303,1.92618276173259,5915
ENSG00000099954,1.92532686428673,5916
ENSG00000203896,1.92322207736618,5917
ENSG00000139546,1.92260592935114,5918
ENSG00000166710,1.92257120269001,5919
ENSG00000181418,1.92210836810579,5920
ENSG00000145687,1.91968627044105,5921
ENSG00000162461,1.91671120386088,5922
ENSG00000186297,1.91304701605071,5923
ENSG00000142700,1.91218133434222,5924
ENSG00000018869,1.91172735897826,5925
ENSG00000066855,1.90934698239446,5926
ENSG00000167380,1.90279225284433,5927
ENSG00000116761,1.9024152883683,5928
ENSG00000130204,1.9003323164916,5929
ENSG00000184708,1.89954859821119,5930
ENSG00000138757,1.89723417382315,5931
ENSG00000187605,1.89681002358085,5932
ENSG00000136011,1.8967523310042,5933
ENSG00000157404,1.89665985047481,5934
ENSG00000104687,1.89642090834945,5935
ENSG00000145703,1.89547719499475,5936
ENSG00000173267,1.8937408560855,5937
ENSG00000197444,1.8864924928099,5938
ENSG00000101624,1.88469687771474,5939
ENSG00000173320,1.88450291908275,5940
ENSG00000128604,1.88443367650791,5941
ENSG00000003509,1.88432507596908,5942
ENSG00000090020,1.88271650914953,5943
ENSG00000157224,1.88088555581357,5944
ENSG00000110375,1.88029260840096,5945
ENSG00000099849,1.87979658475932,5946
ENSG00000179058,1.87926117013635,5947
ENSG00000148218,1.87904252725025,5948
ENSG00000128815,1.87856291538168,5949
ENSG00000187531,1.87823941762872,5950
ENSG00000067177,1.87204697336408,5951
ENSG00000004864,1.87164562349828,5952
ENSG00000132026,1.8714610867868,5953
ENSG00000162909,1.87115606420694,5954
ENSG00000119866,1.86994627271081,5955
ENSG00000144837,1.86550339831788,5956
ENSG00000123892,1.86402711675601,5957
ENSG00000012504,1.86306489440504,5958
ENSG00000204531,1.862640793315,5959
ENSG00000183091,1.8619579659374,5960
ENSG00000165644,1.86016068216096,5961
ENSG00000162631,1.85966612460699,5962
ENSG00000043514,1.85658446759837,5963
ENSG00000153130,1.85618483924803,5964
ENSG00000167693,1.85582652234398,5965
ENSG00000136770,1.85437833165517,5966
ENSG00000134508,1.85418679623237,5967
ENSG00000103449,1.85335960448689,5968
ENSG00000218739,1.85105638179625,5969
ENSG00000111737,1.85020289826137,5970
ENSG00000100139,1.84992801261928,5971
ENSG00000167977,1.84874383762875,5972
ENSG00000137225,1.84809004592823,5973
ENSG00000058091,1.84574898405728,5974
ENSG00000086991,1.84100835626798,5975
ENSG00000160654,1.84002624994548,5976
ENSG00000226479,1.83943377842583,5977
ENSG00000248483,1.83921040888583,5978
ENSG00000197857,1.83842256644566,5979
ENSG00000178921,1.83531283498391,5980
ENSG00000142541,1.83488819435349,5981
ENSG00000131634,1.83273702517626,5982
ENSG00000173681,1.83187014906638,5983
ENSG00000177951,1.83169694483855,5984
ENSG00000213445,1.82899304321334,5985
ENSG00000131771,1.82894517540486,5986
ENSG00000187980,1.82866677400538,5987
ENSG00000126016,1.82817785670713,5988
ENSG00000151615,1.82789219198888,5989
ENSG00000183307,1.82730068452513,5990
ENSG00000163501,1.82619671499364,5991
ENSG00000119121,1.82455307608337,5992
ENSG00000153283,1.82422218080024,5993
ENSG00000185758,1.82416501650663,5994
ENSG00000248487,1.82304390039193,5995
ENSG00000091010,1.82119611700224,5996
ENSG00000119559,1.82074406104529,5997
ENSG00000254093,1.82060061765253,5998
ENSG00000187240,1.82055934778803,5999
ENSG00000112144,1.81951720638584,6000
ENSG00000124116,1.81904545088729,6001
ENSG00000168724,1.81710067372202,6002
ENSG00000100285,1.81621307655078,6003
ENSG00000006652,1.81590959321733,6004
ENSG00000188959,1.81519799431902,6005
ENSG00000115239,1.81507871100245,6006
ENSG00000162723,1.813522613269,6007
ENSG00000107338,1.81306541506828,6008
ENSG00000196136,1.81251444283682,6009
ENSG00000180176,1.8107983696929,6010
ENSG00000170852,1.80864346323625,6011
ENSG00000183813,1.80862473555997,6012
ENSG00000179772,1.80395028067744,6013
ENSG00000178201,1.80369670994853,6014
ENSG00000118298,1.80248331671645,6015
ENSG00000050130,1.80205503122514,6016
ENSG00000143434,1.80191915951262,6017
ENSG00000050393,1.79950700277255,6018
ENSG00000187527,1.79906368810697,6019
ENSG00000130540,1.79715651461688,6020
ENSG00000168899,1.79517196804442,6021
ENSG00000168438,1.79344721762656,6022
ENSG00000198242,1.79250885415904,6023
ENSG00000100985,1.79035240561835,6024
ENSG00000175879,1.78969907623783,6025
ENSG00000147394,1.78708247848751,6026
ENSG00000122390,1.78705440175586,6027
ENSG00000104081,1.78487018129786,6028
ENSG00000186577,1.78273522517163,6029
ENSG00000132254,1.78031704814183,6030
ENSG00000104324,1.77939882166928,6031
ENSG00000132932,1.77651246303797,6032
ENSG00000197774,1.77536092231876,6033
ENSG00000061273,1.77525860834896,6034
ENSG00000100726,1.77472869519785,6035
ENSG00000155957,1.77375021499931,6036
ENSG00000114670,1.77246202275725,6037
ENSG00000101940,1.77236117370354,6038
ENSG00000046889,1.77052452263527,6039
ENSG00000120278,1.77040339826215,6040
ENSG00000147457,1.76961625330424,6041
ENSG00000066427,1.76888660146789,6042
ENSG00000224982,1.76507419714649,6043
ENSG00000176438,1.76237362595141,6044
ENSG00000111224,1.75832319265684,6045
ENSG00000084628,1.75759503004353,6046
ENSG00000164171,1.75655909736723,6047
ENSG00000132970,1.75573755004001,6048
ENSG00000121067,1.75553320302174,6049
ENSG00000092758,1.75485241567075,6050
ENSG00000168944,1.75390706964233,6051
ENSG00000101187,1.75293741378332,6052
ENSG00000198099,1.75214352465421,6053
ENSG00000148832,1.75097848005676,6054
ENSG00000167216,1.75063525096385,6055
ENSG00000120063,1.75024096610348,6056
ENSG00000196104,1.75016867170186,6057
ENSG00000120594,1.7501172989069,6058
ENSG00000112769,1.74962239173622,6059
ENSG00000160791,1.74955934053284,6060
ENSG00000185467,1.7489122064535,6061
ENSG00000175718,1.74839376650225,6062
ENSG00000171241,1.74661656731067,6063
ENSG00000181444,1.74393658277755,6064
ENSG00000156030,1.74372441014614,6065
ENSG00000111880,1.74271285514522,6066
ENSG00000011114,1.74170570566092,6067
ENSG00000147576,1.74076507754654,6068
ENSG00000173212,1.73715372931771,6069
ENSG00000197841,1.73560307703853,6070
ENSG00000106077,1.7348568662852,6071
ENSG00000153976,1.7342930123103,6072
ENSG00000114805,1.73394981369993,6073
ENSG00000134287,1.73261836910575,6074
ENSG00000112761,1.73224511010958,6075
ENSG00000139197,1.72997581094349,6076
ENSG00000158815,1.72519130547845,6077
ENSG00000183682,1.72511266802596,6078
ENSG00000162434,1.72480804071978,6079
ENSG00000106617,1.72427262708259,6080
ENSG00000165338,1.72363046441473,6081
ENSG00000131584,1.72315332984513,6082
ENSG00000175536,1.72312043596059,6083
ENSG00000174125,1.72286538804081,6084
ENSG00000173404,1.72242818787962,6085
ENSG00000139151,1.72222330532924,6086
ENSG00000246705,1.72184453119084,6087
ENSG00000130561,1.72073929926847,6088
ENSG00000105426,1.71911513630253,6089
ENSG00000128683,1.71651645021094,6090
ENSG00000132465,1.71609870280736,6091
ENSG00000134899,1.71594730983861,6092
ENSG00000039600,1.71447600139007,6093
ENSG00000203667,1.71404177149407,6094
ENSG00000095110,1.71329219772834,6095
ENSG00000105063,1.71319250777696,6096
ENSG00000228594,1.71297596162648,6097
ENSG00000079387,1.71186983608727,6098
ENSG00000103522,1.71114822357101,6099
ENSG00000135469,1.70979071517056,6100
ENSG00000228607,1.70824496287909,6101
ENSG00000006744,1.70794127062858,6102
ENSG00000118600,1.70718206965694,6103
ENSG00000156925,1.70663929338838,6104
ENSG00000117592,1.70598853238238,6105
ENSG00000174326,1.70590465455738,6106
ENSG00000005108,1.70511699488759,6107
ENSG00000014914,1.70444081641691,6108
ENSG00000183873,1.70400519805994,6109
ENSG00000165240,1.70385868602638,6110
ENSG00000168038,1.70342060341356,6111
ENSG00000197157,1.69905080485292,6112
ENSG00000007545,1.69869541186918,6113
ENSG00000205693,1.69863747294998,6114
ENSG00000169413,1.69852156642077,6115
ENSG00000135517,1.69612033896174,6116
ENSG00000177119,1.69575660836177,6117
ENSG00000158710,1.69559403701484,6118
ENSG00000171320,1.69538192464449,6119
ENSG00000152315,1.69322795413705,6120
ENSG00000204257,1.69217005275167,6121
ENSG00000113231,1.69191776420735,6122
ENSG00000116701,1.6904989670426,6123
ENSG00000171858,1.68960350419143,6124
ENSG00000173237,1.68917679748306,6125
ENSG00000164403,1.68821348167665,6126
ENSG00000237289,1.68811444853575,6127
ENSG00000174799,1.6879341165596,6128
ENSG00000188735,1.68630706955015,6129
ENSG00000152207,1.68596990432539,6130
ENSG00000128917,1.68326275816031,6131
ENSG00000129993,1.68222885131451,6132
ENSG00000115459,1.67726773422409,6133
ENSG00000167633,1.67592017730222,6134
ENSG00000123643,1.67544864454114,6135
ENSG00000128335,1.67540075900699,6136
ENSG00000016602,1.67531714633864,6137
ENSG00000112983,1.67441707361356,6138
ENSG00000172673,1.6727434314669,6139
ENSG00000131899,1.67193749581999,6140
ENSG00000002746,1.66976391345437,6141
ENSG00000106483,1.66893990603757,6142
ENSG00000189182,1.6688081003491,6143
ENSG00000140995,1.66816564882935,6144
ENSG00000176244,1.667791723574,6145
ENSG00000064763,1.66692916877823,6146
ENSG00000105185,1.66669181196001,6147
ENSG00000128487,1.66581477608046,6148
ENSG00000164172,1.66418877452302,6149
ENSG00000131831,1.66410850638076,6150
ENSG00000118873,1.66267000859042,6151
ENSG00000116748,1.66207350503816,6152
ENSG00000164690,1.6597660689559,6153
ENSG00000230178,1.65916727007622,6154
ENSG00000177374,1.65899855435705,6155
ENSG00000172716,1.65896058410783,6156
ENSG00000165716,1.65865896200008,6157
ENSG00000187037,1.65787054176982,6158
ENSG00000104880,1.65720056940394,6159
ENSG00000179674,1.65517944874911,6160
ENSG00000184209,1.65459953934513,6161
ENSG00000160194,1.65458676662293,6162
ENSG00000198720,1.65169060478157,6163
ENSG00000198863,1.64909485551005,6164
ENSG00000178623,1.64866945831588,6165
ENSG00000189369,1.64780361875318,6166
ENSG00000178878,1.64533867154575,6167
ENSG00000179344,1.64504925475008,6168
ENSG00000171722,1.64462799363343,6169
ENSG00000120616,1.64404472610186,6170
ENSG00000241852,1.64331585465345,6171
ENSG00000105372,1.64029899672978,6172
ENSG00000198435,1.63907788404248,6173
ENSG00000129988,1.63814672604992,6174
ENSG00000182919,1.63699069601389,6175
ENSG00000105997,1.63542008946589,6176
ENSG00000168264,1.63514770060462,6177
ENSG00000136695,1.63376066073516,6178
ENSG00000197406,1.63264796844379,6179
ENSG00000161057,1.62927474628144,6180
ENSG00000197728,1.62876005926235,6181
ENSG00000106560,1.62803300849965,6182
ENSG00000078589,1.62787349369523,6183
ENSG00000178999,1.62760778339578,6184
ENSG00000103657,1.62588656663639,6185
ENSG00000147588,1.6255845892608,6186
ENSG00000130812,1.62540083811487,6187
ENSG00000162706,1.62329597512998,6188
ENSG00000167766,1.62323130370716,6189
ENSG00000120696,1.62297786622161,6190
ENSG00000133246,1.62267521469444,6191
ENSG00000170396,1.62002870863384,6192
ENSG00000198858,1.61976118142254,6193
ENSG00000129646,1.61912773717745,6194
ENSG00000140280,1.617222934176,6195
ENSG00000173531,1.61499306878794,6196
ENSG00000031081,1.61453338640655,6197
ENSG00000249437,1.61308629537929,6198
ENSG00000071859,1.61250373607127,6199
ENSG00000136492,1.61019046371465,6200
ENSG00000155366,1.60875941943987,6201
ENSG00000102003,1.60742758398387,6202
ENSG00000090659,1.6073868355539,6203
ENSG00000185269,1.60708910073903,6204
ENSG00000136942,1.60676292116549,6205
ENSG00000204128,1.60565711503607,6206
ENSG00000163071,1.60532533197,6207
ENSG00000018610,1.60309438275447,6208
ENSG00000256977,1.60166246025543,6209
ENSG00000239732,1.60152035920092,6210
ENSG00000109846,1.6014622856445,6211
ENSG00000182916,1.60111524659936,6212
ENSG00000088926,1.59815207528579,6213
ENSG00000163645,1.5977253127684,6214
ENSG00000101849,1.59759416532004,6215
ENSG00000145217,1.59668853275758,6216
ENSG00000197837,1.59621106095595,6217
ENSG00000128513,1.59598269897122,6218
ENSG00000077800,1.59554021237791,6219
ENSG00000185271,1.59365946385529,6220
ENSG00000112029,1.59345559769712,6221
ENSG00000135090,1.591567989101,6222
ENSG00000198796,1.58968382881605,6223
ENSG00000128040,1.58890656352171,6224
ENSG00000179751,1.58544931994166,6225
ENSG00000041353,1.58388113757101,6226
ENSG00000137880,1.58251413796283,6227
ENSG00000177728,1.5818281350723,6228
ENSG00000177854,1.58168610625551,6229
ENSG00000214872,1.5796379805662,6230
ENSG00000162009,1.57896709414967,6231
ENSG00000167637,1.57846513899231,6232
ENSG00000197971,1.57845482564373,6233
ENSG00000132323,1.57815264326567,6234
ENSG00000056097,1.57770675382478,6235
ENSG00000189184,1.57742272714707,6236
ENSG00000159455,1.57709253603242,6237
ENSG00000120733,1.57699297790846,6238
ENSG00000171295,1.57656867199228,6239
ENSG00000168476,1.57617353606527,6240
ENSG00000136319,1.57383921004977,6241
ENSG00000142235,1.57143922442244,6242
ENSG00000183773,1.56958611759832,6243
ENSG00000140835,1.56625996750597,6244
ENSG00000178372,1.56578972878747,6245
ENSG00000142453,1.56452323811662,6246
ENSG00000214113,1.56435446463116,6247
ENSG00000173627,1.56432151559112,6248
ENSG00000198920,1.56327432005256,6249
ENSG00000152558,1.56321473946831,6250
ENSG00000170364,1.56237841561237,6251
ENSG00000163606,1.56214630136031,6252
ENSG00000144554,1.56203921018464,6253
ENSG00000176853,1.56147906624974,6254
ENSG00000104885,1.55937543336536,6255
ENSG00000169169,1.55928454415372,6256
ENSG00000213995,1.55813983440613,6257
ENSG00000106804,1.55694874378369,6258
ENSG00000253309,1.55685624518556,6259
ENSG00000133818,1.55608605440838,6260
ENSG00000088451,1.55551051072893,6261
ENSG00000177688,1.55441926648984,6262
ENSG00000180573,1.55433858982653,6263
ENSG00000167797,1.55409930986702,6264
ENSG00000089902,1.55254707213794,6265
ENSG00000113578,1.55130642575921,6266
ENSG00000187735,1.55075185497164,6267
ENSG00000159256,1.54779120300164,6268
ENSG00000213780,1.54757988601631,6269
ENSG00000165899,1.54634673544124,6270
ENSG00000100983,1.54450382088547,6271
ENSG00000135018,1.54388546037499,6272
ENSG00000215612,1.5438397250422,6273
ENSG00000160505,1.54344539115927,6274
ENSG00000104884,1.54338750740408,6275
ENSG00000145920,1.54241473734833,6276
ENSG00000133026,1.54229625710647,6277
ENSG00000173930,1.54082190431654,6278
ENSG00000198846,1.54008742451086,6279
ENSG00000105971,1.53992844513313,6280
ENSG00000108010,1.53941831963064,6281
ENSG00000167257,1.53494681906817,6282
ENSG00000125863,1.53490736700707,6283
ENSG00000145012,1.5348284857761,6284
ENSG00000137491,1.53271784621671,6285
ENSG00000063854,1.53223348600158,6286
ENSG00000163349,1.52948128765965,6287
ENSG00000124608,1.52723928351863,6288
ENSG00000204262,1.52657027225111,6289
ENSG00000204950,1.52577978318589,6290
ENSG00000181523,1.52498653514298,6291
ENSG00000109424,1.52455390453999,6292
ENSG00000198162,1.52166054167,6293
ENSG00000198331,1.52057532677718,6294
ENSG00000203950,1.52022793229961,6295
ENSG00000188060,1.5195246332217,6296
ENSG00000221926,1.51882771696019,6297
ENSG00000106086,1.51594613637788,6298
ENSG00000151835,1.5153940556005,6299
ENSG00000168229,1.51459629748444,6300
ENSG00000163754,1.51380191465583,6301
ENSG00000198417,1.51318028367098,6302
ENSG00000075275,1.51283001550261,6303
ENSG00000025293,1.51043985485312,6304
ENSG00000136682,1.50914765478279,6305
ENSG00000166927,1.50901152988123,6306
ENSG00000186919,1.50885554338609,6307
ENSG00000108556,1.50866726066892,6308
ENSG00000144792,1.50862502943193,6309
ENSG00000144035,1.50861493335157,6310
ENSG00000175283,1.50593896246356,6311
ENSG00000116031,1.50534956987992,6312
ENSG00000007372,1.50337556465152,6313
ENSG00000128609,1.50284923433978,6314
ENSG00000107821,1.50154174696968,6315
ENSG00000143507,1.50121429628823,6316
ENSG00000138433,1.49984813327024,6317
ENSG00000111713,1.49962472925475,6318
ENSG00000196420,1.49938266991807,6319
ENSG00000125817,1.49859037228279,6320
ENSG00000171988,1.49848760040315,6321
ENSG00000173480,1.4982748484842,6322
ENSG00000100345,1.49781511606261,6323
ENSG00000163964,1.49560749429748,6324
ENSG00000182272,1.49515871406478,6325
ENSG00000169231,1.49500978071376,6326
ENSG00000131558,1.49485129414522,6327
ENSG00000135976,1.49369370452634,6328
ENSG00000163877,1.49334002281516,6329
ENSG00000102908,1.4922121934284,6330
ENSG00000130702,1.49161725328412,6331
ENSG00000105369,1.4913025652557,6332
ENSG00000114861,1.49059219318419,6333
ENSG00000146221,1.48995714048439,6334
ENSG00000025708,1.48910381240178,6335
ENSG00000101457,1.48756336543703,6336
ENSG00000184292,1.48702874853518,6337
ENSG00000176903,1.48655365506443,6338
ENSG00000107099,1.48456634733439,6339
ENSG00000184925,1.48397748380693,6340
ENSG00000214510,1.4838887682834,6341
ENSG00000147571,1.48386988451159,6342
ENSG00000007516,1.4835355848886,6343
ENSG00000110628,1.4835288504436,6344
ENSG00000141404,1.48281090906469,6345
ENSG00000237765,1.48220498397531,6346
ENSG00000197265,1.48142255662009,6347
ENSG00000140044,1.48004435772696,6348
ENSG00000143815,1.4783447331461,6349
ENSG00000182004,1.47832085989922,6350
ENSG00000181827,1.47822063133355,6351
ENSG00000170584,1.47820976233493,6352
ENSG00000162545,1.47646193504083,6353
ENSG00000068097,1.47569791410852,6354
ENSG00000164406,1.4756142327675,6355
ENSG00000130822,1.47375031234581,6356
ENSG00000138823,1.47367170696049,6357
ENSG00000181790,1.47364183964883,6358
ENSG00000145779,1.46974013371891,6359
ENSG00000021852,1.46957957848917,6360
ENSG00000127311,1.46953586847114,6361
ENSG00000189114,1.46821620778053,6362
ENSG00000134940,1.4663964163111,6363
ENSG00000158156,1.46531754325031,6364
ENSG00000145191,1.46456475715205,6365
ENSG00000064666,1.46341891503526,6366
ENSG00000124574,1.46319907149163,6367
ENSG00000039523,1.46256274185326,6368
ENSG00000196196,1.46145226374676,6369
ENSG00000225950,1.46137196321055,6370
ENSG00000134853,1.45972245903357,6371
ENSG00000109065,1.4571644794959,6372
ENSG00000180245,1.45641569330124,6373
ENSG00000176387,1.45570311942475,6374
ENSG00000154760,1.4544286607597,6375
ENSG00000110880,1.45223809042129,6376
ENSG00000112667,1.45207613389846,6377
ENSG00000198932,1.45067402170092,6378
ENSG00000145354,1.44945921076866,6379
ENSG00000146267,1.44870058610563,6380
ENSG00000065457,1.44808816871077,6381
ENSG00000131183,1.44807006428356,6382
ENSG00000123171,1.4472579278287,6383
ENSG00000144591,1.44720679816307,6384
ENSG00000165197,1.44691655505392,6385
ENSG00000166750,1.44687206586692,6386
ENSG00000198015,1.44637341947645,6387
ENSG00000196586,1.4449167342456,6388
ENSG00000177311,1.44387767491292,6389
ENSG00000114127,1.44146327074882,6390
ENSG00000145780,1.43993327113181,6391
ENSG00000134049,1.43957758724408,6392
ENSG00000122592,1.43908768875851,6393
ENSG00000149218,1.43805606318556,6394
ENSG00000204475,1.43697429882317,6395
ENSG00000106400,1.43638143997629,6396
ENSG00000102547,1.43549253171674,6397
ENSG00000181450,1.43366444913577,6398
ENSG00000172208,1.43270852961577,6399
ENSG00000115286,1.43229092056927,6400
ENSG00000124203,1.43124784709483,6401
ENSG00000001561,1.42976667640438,6402
ENSG00000184863,1.42931068435014,6403
ENSG00000186442,1.42890706504614,6404
ENSG00000132561,1.42218004791738,6405
ENSG00000175857,1.42203103425961,6406
ENSG00000069248,1.42125726204849,6407
ENSG00000214078,1.42097634971938,6408
ENSG00000140943,1.42052224515694,6409
ENSG00000005381,1.42018840135436,6410
ENSG00000203879,1.42012057694024,6411
ENSG00000100142,1.41987357495455,6412
ENSG00000152217,1.41900786316732,6413
ENSG00000124302,1.41802833659199,6414
ENSG00000186666,1.41694425951026,6415
ENSG00000142444,1.41687571413907,6416
ENSG00000174808,1.41459111690545,6417
ENSG00000168028,1.414583480451,6418
ENSG00000100473,1.41411213938619,6419
ENSG00000174804,1.41384683438623,6420
ENSG00000162244,1.41233681339835,6421
ENSG00000147256,1.41164963033656,6422
ENSG00000055130,1.41144998896093,6423
ENSG00000121446,1.41086548834757,6424
ENSG00000167895,1.40950775860639,6425
ENSG00000139209,1.4089985000882,6426
ENSG00000164082,1.40825694481895,6427
ENSG00000163735,1.4073866992747,6428
ENSG00000118231,1.40662996294735,6429
ENSG00000149634,1.40644984479712,6430
ENSG00000204961,1.4055950832041,6431
ENSG00000168209,1.40491510934769,6432
ENSG00000161265,1.40450966082345,6433
ENSG00000182545,1.40445131485069,6434
ENSG00000267534,1.40394588757756,6435
ENSG00000198521,1.40366473167496,6436
ENSG00000204020,1.40343341781416,6437
ENSG00000259803,1.40180346492399,6438
ENSG00000124313,1.40176053835283,6439
ENSG00000102466,1.40030226283455,6440
ENSG00000110900,1.39946574160538,6441
ENSG00000214160,1.39853432893319,6442
ENSG00000168398,1.39839060862816,6443
ENSG00000099985,1.39762896538817,6444
ENSG00000126733,1.39760977248928,6445
ENSG00000122852,1.39618665952011,6446
ENSG00000099381,1.39535297417583,6447
ENSG00000167723,1.39497400251811,6448
ENSG00000089057,1.39495695716515,6449
ENSG00000123349,1.39449471944367,6450
ENSG00000130363,1.39439135116694,6451
ENSG00000067560,1.39405289867602,6452
ENSG00000138606,1.3937925877394,6453
ENSG00000146469,1.39348846988884,6454
ENSG00000183763,1.39208352412417,6455
ENSG00000026950,1.39140923059168,6456
ENSG00000172878,1.39139879329281,6457
ENSG00000085733,1.39075524003204,6458
ENSG00000244355,1.3892431171005,6459
ENSG00000149311,1.38562958572928,6460
ENSG00000088882,1.38557025787598,6461
ENSG00000181541,1.38532688398182,6462
ENSG00000105732,1.38480772088015,6463
ENSG00000139899,1.38478783119806,6464
ENSG00000180044,1.38395358004718,6465
ENSG00000063515,1.38360284790884,6466
ENSG00000049768,1.38339076727245,6467
ENSG00000100227,1.38313709745722,6468
ENSG00000131650,1.38241382246255,6469
ENSG00000255150,1.38177849040667,6470
ENSG00000178031,1.38168162162424,6471
ENSG00000145428,1.38125299734545,6472
ENSG00000135373,1.37975205076033,6473
ENSG00000123500,1.37933920546609,6474
ENSG00000105205,1.37904145069956,6475
ENSG00000213047,1.37787886532067,6476
ENSG00000187862,1.37737188119569,6477
ENSG00000197748,1.37681679378902,6478
ENSG00000175426,1.37608294727909,6479
ENSG00000104936,1.37537808424607,6480
ENSG00000137413,1.37360640898834,6481
ENSG00000167487,1.3735767861093,6482
ENSG00000161813,1.37189945609459,6483
ENSG00000185122,1.37102521689559,6484
ENSG00000168488,1.37000125061962,6485
ENSG00000198910,1.36993382756525,6486
ENSG00000106524,1.36816059264909,6487
ENSG00000071909,1.36757377674601,6488
ENSG00000163600,1.36610279145782,6489
ENSG00000225663,1.36556038360443,6490
ENSG00000035681,1.36385093149368,6491
ENSG00000111344,1.36203766459099,6492
ENSG00000118564,1.36092192321553,6493
ENSG00000166796,1.36024168831663,6494
ENSG00000139725,1.35934482510582,6495
ENSG00000103226,1.35931367764879,6496
ENSG00000175115,1.35881229113102,6497
ENSG00000213625,1.35793044626108,6498
ENSG00000164930,1.35773949555591,6499
ENSG00000102225,1.35755160864942,6500
ENSG00000165124,1.35629615021978,6501
ENSG00000257591,1.35571378126596,6502
ENSG00000033122,1.35552643049175,6503
ENSG00000163354,1.35532430801226,6504
ENSG00000111181,1.35419405509099,6505
ENSG00000090104,1.35374510471707,6506
ENSG00000176490,1.35344211333941,6507
ENSG00000106066,1.35263568493775,6508
ENSG00000155463,1.35251194990006,6509
ENSG00000178075,1.35244172751487,6510
ENSG00000071575,1.35235703603877,6511
ENSG00000197580,1.35124857007861,6512
ENSG00000139289,1.35082561658171,6513
ENSG00000158062,1.35001600866912,6514
ENSG00000158941,1.34950820375831,6515
ENSG00000139910,1.34824973921887,6516
ENSG00000167930,1.34701160832513,6517
ENSG00000221994,1.34664736848429,6518
ENSG00000169062,1.3461585361429,6519
ENSG00000197860,1.34315335490028,6520
ENSG00000138311,1.34275890167942,6521
ENSG00000143870,1.34235094872127,6522
ENSG00000142609,1.341510784331,6523
ENSG00000137807,1.34100404025945,6524
ENSG00000156150,1.34043062187314,6525
ENSG00000088836,1.33825230690077,6526
ENSG00000136717,1.33721525301436,6527
ENSG00000213465,1.33709121308494,6528
ENSG00000148488,1.33576484930117,6529
ENSG00000122877,1.33556405337143,6530
ENSG00000117399,1.33541951450755,6531
ENSG00000138109,1.33413349573234,6532
ENSG00000060138,1.33337632009678,6533
ENSG00000148057,1.33165221042286,6534
ENSG00000121297,1.32950645312201,6535
ENSG00000073464,1.329372364056,6536
ENSG00000144746,1.32842225806387,6537
ENSG00000156103,1.32836264144521,6538
ENSG00000166262,1.32735524818662,6539
ENSG00000130332,1.32600880484138,6540
ENSG00000142606,1.32555108269243,6541
ENSG00000147874,1.32511163239444,6542
ENSG00000147905,1.32455412170802,6543
ENSG00000143575,1.32425194913613,6544
ENSG00000106609,1.32405779721256,6545
ENSG00000108950,1.32390956128764,6546
ENSG00000143479,1.32348038015359,6547
ENSG00000068724,1.32339210640323,6548
ENSG00000010803,1.32215152322967,6549
ENSG00000122679,1.32061637186832,6550
ENSG00000137675,1.32018498772541,6551
ENSG00000151239,1.31934445450605,6552
ENSG00000127720,1.3181162204268,6553
ENSG00000213085,1.31789716245588,6554
ENSG00000108852,1.31749966002809,6555
ENSG00000156976,1.31644060746848,6556
ENSG00000117410,1.31624494714974,6557
ENSG00000157764,1.31542410604176,6558
ENSG00000158092,1.31511492766476,6559
ENSG00000174600,1.31511219557924,6560
ENSG00000170509,1.31484255614238,6561
ENSG00000114978,1.31425547782124,6562
ENSG00000186684,1.31416148346827,6563
ENSG00000172348,1.31353570978335,6564
ENSG00000108187,1.31300451942052,6565
ENSG00000075213,1.31285282043192,6566
ENSG00000119929,1.31281191870205,6567
ENSG00000104765,1.30929977345601,6568
ENSG00000089693,1.30843443291088,6569
ENSG00000166170,1.30842181420501,6570
ENSG00000131044,1.30678280284431,6571
ENSG00000196139,1.30472513865483,6572
ENSG00000152430,1.30386461520723,6573
ENSG00000166128,1.30334181544202,6574
ENSG00000174013,1.30291706694558,6575
ENSG00000151474,1.30280302265592,6576
ENSG00000183077,1.3024404246058,6577
ENSG00000161202,1.30194315000395,6578
ENSG00000162482,1.30146622456599,6579
ENSG00000162692,1.30074686153806,6580
ENSG00000132475,1.30018381103792,6581
ENSG00000170502,1.30009647031988,6582
ENSG00000186440,1.30006963493509,6583
ENSG00000149021,1.29979628882841,6584
ENSG00000104969,1.29602325294486,6585
ENSG00000242372,1.29398262957585,6586
ENSG00000101076,1.29315193675524,6587
ENSG00000137404,1.29055579357781,6588
ENSG00000126088,1.28947082323449,6589
ENSG00000176532,1.28842607763648,6590
ENSG00000064687,1.28813468696531,6591
ENSG00000143156,1.28785932398478,6592
ENSG00000103150,1.28730792122637,6593
ENSG00000160886,1.28655471554984,6594
ENSG00000167360,1.28639121749238,6595
ENSG00000019505,1.28531475819182,6596
ENSG00000111361,1.28510551429851,6597
ENSG00000145757,1.28362636382443,6598
ENSG00000161551,1.28190973904537,6599
ENSG00000133687,1.28050537310547,6600
ENSG00000242574,1.28015691218093,6601
ENSG00000149639,1.2798611677624,6602
ENSG00000173678,1.27898426889044,6603
ENSG00000110700,1.27805840609095,6604
ENSG00000184302,1.27771007423249,6605
ENSG00000093072,1.27660794382442,6606
ENSG00000146243,1.27569245439779,6607
ENSG00000113658,1.27536558896478,6608
ENSG00000136295,1.27523802721489,6609
ENSG00000103043,1.27512327461977,6610
ENSG00000152454,1.27454066479878,6611
ENSG00000129925,1.27292247565638,6612
ENSG00000187123,1.27156608582355,6613
ENSG00000185551,1.27007303213716,6614
ENSG00000172940,1.26875913799831,6615
ENSG00000164087,1.26832149662741,6616
ENSG00000118503,1.26830841098665,6617
ENSG00000116176,1.26785548676904,6618
ENSG00000084092,1.26782554165256,6619
ENSG00000117569,1.26772341625305,6620
ENSG00000091732,1.26632349182687,6621
ENSG00000204590,1.26527911373888,6622
ENSG00000101098,1.26488507476373,6623
ENSG00000144161,1.26278583078658,6624
ENSG00000147443,1.26180394307471,6625
ENSG00000132612,1.26170691380197,6626
ENSG00000241127,1.2599556215947,6627
ENSG00000055070,1.2585473256445,6628
ENSG00000178222,1.25762757039878,6629
ENSG00000126934,1.25716679570418,6630
ENSG00000167196,1.25568929369253,6631
ENSG00000127362,1.25436787480389,6632
ENSG00000099917,1.25388065643972,6633
ENSG00000118292,1.25272364813714,6634
ENSG00000188786,1.25172735289599,6635
ENSG00000132507,1.25147443885704,6636
ENSG00000127481,1.24951318095053,6637
ENSG00000170266,1.24851193755079,6638
ENSG00000156958,1.24804269615044,6639
ENSG00000178395,1.24782785404859,6640
ENSG00000165272,1.24742163459041,6641
ENSG00000140274,1.24693498558645,6642
ENSG00000114354,1.24542296097708,6643
ENSG00000164111,1.24453862162952,6644
ENSG00000171861,1.24417142532813,6645
ENSG00000144935,1.24340314879315,6646
ENSG00000178585,1.24308207857955,6647
ENSG00000171478,1.24214744603413,6648
ENSG00000167962,1.2421346792287,6649
ENSG00000181638,1.24074292389298,6650
ENSG00000239704,1.240648012729,6651
ENSG00000174915,1.24064464209697,6652
ENSG00000149016,1.24003482443456,6653
ENSG00000110871,1.2395847838885,6654
ENSG00000219438,1.23948532341525,6655
ENSG00000068394,1.2394797863831,6656
ENSG00000133393,1.23945052828989,6657
ENSG00000157856,1.23858255930658,6658
ENSG00000181958,1.23855203300786,6659
ENSG00000108405,1.23758568954861,6660
ENSG00000148450,1.23590590130782,6661
ENSG00000162777,1.23512080667913,6662
ENSG00000100564,1.23455867257807,6663
ENSG00000197562,1.23385575589252,6664
ENSG00000187372,1.23380539261175,6665
ENSG00000183098,1.23366937277623,6666
ENSG00000160339,1.2330308136321,6667
ENSG00000197928,1.2319075943435,6668
ENSG00000112365,1.23097885704349,6669
ENSG00000154258,1.23070313090761,6670
ENSG00000184226,1.23068398575581,6671
ENSG00000123595,1.22989308511518,6672
ENSG00000182348,1.22978159400122,6673
ENSG00000174197,1.22923293375144,6674
ENSG00000011143,1.22780317956424,6675
ENSG00000184867,1.22720796979906,6676
ENSG00000213424,1.22664672857495,6677
ENSG00000181323,1.22651259312406,6678
ENSG00000012660,1.22649296797733,6679
ENSG00000162592,1.22640137037654,6680
ENSG00000163001,1.22594381839131,6681
ENSG00000109956,1.22534584297225,6682
ENSG00000167543,1.22488788654416,6683
ENSG00000198719,1.22473993793827,6684
ENSG00000220201,1.22441354668021,6685
ENSG00000150667,1.22432848331511,6686
ENSG00000070010,1.22307377692912,6687
ENSG00000167191,1.22239733933145,6688
ENSG00000188493,1.22174888925871,6689
ENSG00000133612,1.21967154807842,6690
ENSG00000085511,1.21861143819606,6691
ENSG00000157554,1.2167116045159,6692
ENSG00000173662,1.21652563422866,6693
ENSG00000120896,1.21507797321767,6694
ENSG00000096384,1.21470167454953,6695
ENSG00000161513,1.21452325259265,6696
ENSG00000148513,1.21406074518784,6697
ENSG00000241878,1.21393336337095,6698
ENSG00000180919,1.2131085967166,6699
ENSG00000185278,1.21067812327854,6700
ENSG00000205307,1.21035762387611,6701
ENSG00000124602,1.20959667441036,6702
ENSG00000105669,1.20943400010867,6703
ENSG00000114248,1.20919711959385,6704
ENSG00000136463,1.20893052945065,6705
ENSG00000137509,1.20866404174309,6706
ENSG00000138756,1.20726484729638,6707
ENSG00000142676,1.20554707865502,6708
ENSG00000134827,1.20420777812474,6709
ENSG00000197079,1.20420700466633,6710
ENSG00000205364,1.20398949533208,6711
ENSG00000162769,1.20285192351197,6712
ENSG00000163235,1.20111163668508,6713
ENSG00000204661,1.20088970135008,6714
ENSG00000068001,1.19993700474311,6715
ENSG00000114650,1.19914541246608,6716
ENSG00000103152,1.19837183958874,6717
ENSG00000183662,1.19820705532769,6718
ENSG00000012822,1.19813018223613,6719
ENSG00000182621,1.19525512390462,6720
ENSG00000130584,1.1937630844865,6721
ENSG00000163145,1.19376121809775,6722
ENSG00000107518,1.19329159347536,6723
ENSG00000111863,1.19322346663134,6724
ENSG00000159140,1.19274926961008,6725
ENSG00000269343,1.19268449889957,6726
ENSG00000143185,1.19259547191845,6727
ENSG00000133313,1.191728172495,6728
ENSG00000116329,1.19087066717318,6729
ENSG00000168872,1.19026906181185,6730
ENSG00000183878,1.18938600164216,6731
ENSG00000142188,1.18894262120558,6732
ENSG00000204740,1.18855203987192,6733
ENSG00000197381,1.18851880062989,6734
ENSG00000110975,1.18820408092233,6735
ENSG00000251664,1.1876208971673,6736
ENSG00000162086,1.18696386778634,6737
ENSG00000198873,1.18653466521749,6738
ENSG00000169738,1.18578326309934,6739
ENSG00000206559,1.18549702472229,6740
ENSG00000111364,1.18469215055689,6741
ENSG00000010219,1.18422467934759,6742
ENSG00000147113,1.18291878770781,6743
ENSG00000134480,1.1821808560174,6744
ENSG00000131067,1.18210592458947,6745
ENSG00000185069,1.18195618881081,6746
ENSG00000113369,1.18125193043272,6747
ENSG00000124201,1.18100944555817,6748
ENSG00000067048,1.18093566509693,6749
ENSG00000185899,1.18091582012981,6750
ENSG00000128309,1.18074679955931,6751
ENSG00000161544,1.18044998866131,6752
ENSG00000259494,1.18024773375931,6753
ENSG00000065135,1.1800718503206,6754
ENSG00000185652,1.17761140904392,6755
ENSG00000198743,1.17642543461389,6756
ENSG00000185515,1.1763577516376,6757
ENSG00000184205,1.17541901377955,6758
ENSG00000129824,1.17519761493838,6759
ENSG00000133112,1.17443215784781,6760
ENSG00000197951,1.17408802881732,6761
ENSG00000185055,1.1737074914904,6762
ENSG00000149474,1.17322301699044,6763
ENSG00000132300,1.17267952039604,6764
ENSG00000175463,1.17240223393646,6765
ENSG00000139200,1.17236957366858,6766
ENSG00000196961,1.17175156682656,6767
ENSG00000163138,1.16990038512513,6768
ENSG00000196141,1.16922061235756,6769
ENSG00000181045,1.16863832614736,6770
ENSG00000164877,1.16795538327214,6771
ENSG00000172375,1.16764179825761,6772
ENSG00000043462,1.16684352545381,6773
ENSG00000179151,1.16371353254758,6774
ENSG00000115317,1.16285853323881,6775
ENSG00000066654,1.16176533584861,6776
ENSG00000134339,1.16174141204459,6777
ENSG00000131871,1.16075627231028,6778
ENSG00000131355,1.1605546499838,6779
ENSG00000106479,1.16009173051316,6780
ENSG00000081818,1.15909507454338,6781
ENSG00000166900,1.15892653224792,6782
ENSG00000075914,1.15799212612816,6783
ENSG00000167925,1.15780530164647,6784
ENSG00000153060,1.15777639428503,6785
ENSG00000008256,1.15744084694699,6786
ENSG00000248712,1.15696180091752,6787
ENSG00000140379,1.15675507039599,6788
ENSG00000148468,1.15547785726796,6789
ENSG00000163421,1.15478795667374,6790
ENSG00000007237,1.15464637827556,6791
ENSG00000146350,1.15211481206003,6792
ENSG00000102575,1.15209647072003,6793
ENSG00000102010,1.15162581685988,6794
ENSG00000070087,1.15148885537483,6795
ENSG00000099875,1.15124808669509,6796
ENSG00000228049,1.15115633281093,6797
ENSG00000140299,1.15104621576222,6798
ENSG00000164411,1.14989225293875,6799
ENSG00000048392,1.14901702135831,6800
ENSG00000104901,1.14848213112075,6801
ENSG00000064309,1.14831867074329,6802
ENSG00000167635,1.14646014481567,6803
ENSG00000022267,1.14642368167045,6804
ENSG00000181035,1.14617247288757,6805
ENSG00000115380,1.14582195593245,6806
ENSG00000137522,1.14562270257704,6807
ENSG00000102524,1.14526982620492,6808
ENSG00000183049,1.14517279029928,6809
ENSG00000163002,1.14476941132692,6810
ENSG00000213096,1.14423507981705,6811
ENSG00000162398,1.14369044704828,6812
ENSG00000231852,1.14356879269554,6813
ENSG00000063127,1.1418460330477,6814
ENSG00000168769,1.14080204869756,6815
ENSG00000088854,1.14028042243615,6816
ENSG00000087301,1.14003249794047,6817
ENSG00000023902,1.13820837614645,6818
ENSG00000170260,1.13812655424315,6819
ENSG00000072274,1.13749556595843,6820
ENSG00000260916,1.13670553595807,6821
ENSG00000105835,1.13566511655995,6822
ENSG00000164256,1.13544934505795,6823
ENSG00000151612,1.13522845730415,6824
ENSG00000051825,1.13446581841293,6825
ENSG00000137207,1.13430725592072,6826
ENSG00000107537,1.13335596963773,6827
ENSG00000142910,1.13284127466772,6828
ENSG00000172943,1.13279710698911,6829
ENSG00000168412,1.13062257867496,6830
ENSG00000181704,1.13057169638329,6831
ENSG00000188372,1.13000479042358,6832
ENSG00000173264,1.12999402026075,6833
ENSG00000103326,1.12886843928786,6834
ENSG00000008130,1.12843975826271,6835
ENSG00000119280,1.12764465766108,6836
ENSG00000101442,1.12725063434871,6837
ENSG00000205809,1.12588132335597,6838
ENSG00000115738,1.12587548652512,6839
ENSG00000144468,1.12523297220496,6840
ENSG00000014164,1.12488593203507,6841
ENSG00000149633,1.12416046033126,6842
ENSG00000249242,1.12284837018392,6843
ENSG00000164327,1.1219906611544,6844
ENSG00000188375,1.12089404072829,6845
ENSG00000140264,1.12016902124094,6846
ENSG00000126264,1.11822476614322,6847
ENSG00000071189,1.11589291478088,6848
ENSG00000001617,1.11527815814293,6849
ENSG00000163380,1.1150011477565,6850
ENSG00000169509,1.11492258708823,6851
ENSG00000114790,1.11417726312076,6852
ENSG00000090402,1.11370161014694,6853
ENSG00000018236,1.11328057524968,6854
ENSG00000137501,1.11277271890268,6855
ENSG00000164197,1.11229416019833,6856
ENSG00000136261,1.11199476555613,6857
ENSG00000102043,1.11145286717818,6858
ENSG00000142552,1.11087692620154,6859
ENSG00000271321,1.11054458219613,6860
ENSG00000112514,1.10997922285978,6861
ENSG00000186517,1.10830558154002,6862
ENSG00000184486,1.10772914224004,6863
ENSG00000122420,1.10647363092518,6864
ENSG00000100426,1.10510882416123,6865
ENSG00000167711,1.1046506745455,6866
ENSG00000106443,1.10435273372813,6867
ENSG00000163219,1.10432017957886,6868
ENSG00000241399,1.10373833857249,6869
ENSG00000273274,1.10325740577245,6870
ENSG00000128567,1.10200625338427,6871
ENSG00000105928,1.10083564987738,6872
ENSG00000170899,1.10060228390605,6873
ENSG00000188811,1.10009986633428,6874
ENSG00000185046,1.09931596568425,6875
ENSG00000112624,1.09922933354898,6876
ENSG00000125726,1.09824388265528,6877
ENSG00000157954,1.09814804534814,6878
ENSG00000211456,1.09802791018315,6879
ENSG00000120436,1.09800662194949,6880
ENSG00000132530,1.09701710582598,6881
ENSG00000148671,1.09607816546265,6882
ENSG00000099785,1.09602703713742,6883
ENSG00000143469,1.09585308240102,6884
ENSG00000170745,1.09498265933025,6885
ENSG00000130684,1.094487787932,6886
ENSG00000188227,1.0944027193482,6887
ENSG00000188725,1.09437641822593,6888
ENSG00000066056,1.0940861538981,6889
ENSG00000176971,1.09373185789329,6890
ENSG00000108947,1.09281336349749,6891
ENSG00000076706,1.09272506075721,6892
ENSG00000134755,1.0926416912913,6893
ENSG00000184388,1.09204463349313,6894
ENSG00000118096,1.08956835654208,6895
ENSG00000100234,1.08940097605947,6896
ENSG00000107020,1.08550802452178,6897
ENSG00000168066,1.0853747380155,6898
ENSG00000169020,1.08531520500366,6899
ENSG00000164744,1.08520808205992,6900
ENSG00000162702,1.08440547276178,6901
ENSG00000133800,1.08396196672574,6902
ENSG00000169071,1.08352774400645,6903
ENSG00000145016,1.08074036883599,6904
ENSG00000069812,1.08064298507589,6905
ENSG00000044090,1.08064204123046,6906
ENSG00000168078,1.07924023489682,6907
ENSG00000100095,1.07874352750074,6908
ENSG00000165861,1.07807436047087,6909
ENSG00000103512,1.07753340097198,6910
ENSG00000189420,1.07704826780445,6911
ENSG00000242802,1.07649981910174,6912
ENSG00000141485,1.07588587767637,6913
ENSG00000174358,1.07573694033141,6914
ENSG00000136928,1.07518481097036,6915
ENSG00000197561,1.07386072107928,6916
ENSG00000172137,1.07340712527779,6917
ENSG00000030419,1.07314786373875,6918
ENSG00000163377,1.07289677382065,6919
ENSG00000165194,1.07109297327584,6920
ENSG00000109472,1.07106031510758,6921
ENSG00000141441,1.0703530002198,6922
ENSG00000148688,1.07007940488309,6923
ENSG00000079277,1.06927612850664,6924
ENSG00000184260,1.06868134998588,6925
ENSG00000196653,1.06692583227881,6926
ENSG00000152503,1.06656432061607,6927
ENSG00000182871,1.06601008098366,6928
ENSG00000143457,1.06497498069071,6929
ENSG00000104290,1.0648491741987,6930
ENSG00000089723,1.06481431518126,6931
ENSG00000180871,1.06276721776452,6932
ENSG00000117533,1.06273247631782,6933
ENSG00000235194,1.06205912831176,6934
ENSG00000105011,1.05981121475314,6935
ENSG00000168300,1.05928551202972,6936
ENSG00000171365,1.05849468025804,6937
ENSG00000178607,1.05827452647034,6938
ENSG00000117305,1.05823436916753,6939
ENSG00000170819,1.05683608783275,6940
ENSG00000170458,1.05644534498125,6941
ENSG00000182853,1.05591588090977,6942
ENSG00000204478,1.05562159134424,6943
ENSG00000060982,1.05560296890698,6944
ENSG00000130717,1.05503734932161,6945
ENSG00000159753,1.05397131322998,6946
ENSG00000165943,1.05348575619265,6947
ENSG00000150433,1.0532573971838,6948
ENSG00000179172,1.05287219976443,6949
ENSG00000164684,1.05224629014031,6950
ENSG00000188559,1.0519464345323,6951
ENSG00000204438,1.05151661881246,6952
ENSG00000109738,1.0514491999977,6953
ENSG00000136982,1.04955015916485,6954
ENSG00000213221,1.04934829115526,6955
ENSG00000124786,1.04929106543993,6956
ENSG00000103260,1.04807919512065,6957
ENSG00000178074,1.0477864457899,6958
ENSG00000130700,1.04752030515918,6959
ENSG00000171657,1.04751936519551,6960
ENSG00000182902,1.04719930941465,6961
ENSG00000168124,1.04697602364974,6962
ENSG00000159377,1.04643501766064,6963
ENSG00000131626,1.046349940017,6964
ENSG00000072609,1.04623480817419,6965
ENSG00000205517,1.04607098512583,6966
ENSG00000130818,1.04556104815472,6967
ENSG00000144840,1.04344115125411,6968
ENSG00000176108,1.04300098883677,6969
ENSG00000125498,1.04216821324675,6970
ENSG00000006432,1.04113940968648,6971
ENSG00000170011,1.03919362580324,6972
ENSG00000241106,1.0385644295935,6973
ENSG00000198948,1.03844521816844,6974
ENSG00000112312,1.03715451640042,6975
ENSG00000181781,1.03619657011579,6976
ENSG00000251192,1.03495203722677,6977
ENSG00000134538,1.03417808096504,6978
ENSG00000198934,1.03386648391944,6979
ENSG00000134193,1.03189798512732,6980
ENSG00000163132,1.02850706586525,6981
ENSG00000009950,1.02844425104535,6982
ENSG00000148158,1.02843073052676,6983
ENSG00000062282,1.02818354753935,6984
ENSG00000163781,1.02806751230367,6985
ENSG00000176428,1.02761858880596,6986
ENSG00000172932,1.02712146374607,6987
ENSG00000143322,1.02628390379218,6988
ENSG00000185432,1.02473871993338,6989
ENSG00000196329,1.02349321175209,6990
ENSG00000166153,1.02316474555606,6991
ENSG00000175203,1.02298246987246,6992
ENSG00000126243,1.02288212485891,6993
ENSG00000170581,1.02285835292558,6994
ENSG00000011485,1.02161609231195,6995
ENSG00000100461,1.02127747714566,6996
ENSG00000013588,1.02112107301914,6997
ENSG00000135144,1.02098096203589,6998
ENSG00000037965,1.01915963891217,6999
ENSG00000261594,1.01855745442992,7000
ENSG00000128713,1.0175196848306,7001
ENSG00000198178,1.01748471571437,7002
ENSG00000026025,1.01680312847694,7003
ENSG00000136521,1.01572129282675,7004
ENSG00000129484,1.01569152166735,7005
ENSG00000179134,1.01466040532956,7006
ENSG00000140557,1.0144068742013,7007
ENSG00000150893,1.01370842308443,7008
ENSG00000184956,1.01342425117083,7009
ENSG00000105176,1.01301672809781,7010
ENSG00000162415,1.01290474511279,7011
ENSG00000178149,1.0119721097135,7012
ENSG00000115808,1.01189575880021,7013
ENSG00000182759,1.01020924237078,7014
ENSG00000214940,1.00977716834695,7015
ENSG00000164619,1.00972552530223,7016
ENSG00000103707,1.00954967991203,7017
ENSG00000140519,1.00917138899244,7018
ENSG00000103023,1.00859768418937,7019
ENSG00000100926,1.00833311934619,7020
ENSG00000241794,1.00761680210488,7021
ENSG00000041802,1.00627436902409,7022
ENSG00000104472,1.0060918356318,7023
ENSG00000167332,1.00428675088329,7024
ENSG00000101882,1.00422370635928,7025
ENSG00000130829,1.0015005437358,7026
ENSG00000159714,1.00091716969036,7027
ENSG00000104879,1.00085329645625,7028
ENSG00000168938,0.998392906699433,7029
ENSG00000188984,0.996676322374522,7030
ENSG00000183629,0.996316452129956,7031
ENSG00000141753,0.996183970048922,7032
ENSG00000137462,0.995629011915138,7033
ENSG00000215217,0.994960725374236,7034
ENSG00000102934,0.99410640257343,7035
ENSG00000183230,0.993854280050713,7036
ENSG00000172890,0.993792877626933,7037
ENSG00000173641,0.992162427896765,7038
ENSG00000186912,0.990334202576982,7039
ENSG00000134716,0.990331138155094,7040
ENSG00000016864,0.990031759040896,7041
ENSG00000174236,0.989120117755519,7042
ENSG00000196700,0.98910462320588,7043
ENSG00000134824,0.988896516402965,7044
ENSG00000065320,0.98857903720636,7045
ENSG00000137101,0.988409151522461,7046
ENSG00000187848,0.988154309183579,7047
ENSG00000153790,0.987924518002023,7048
ENSG00000213023,0.987786562257854,7049
ENSG00000056277,0.98683635012951,7050
ENSG00000174567,0.985898464810532,7051
ENSG00000188152,0.985880301134297,7052
ENSG00000198246,0.985765367711632,7053
ENSG00000115419,0.984997258752643,7054
ENSG00000148824,0.984966130234636,7055
ENSG00000102802,0.984862226094358,7056
ENSG00000204065,0.984451685259664,7057
ENSG00000172403,0.984412748677991,7058
ENSG00000135318,0.984258206432609,7059
ENSG00000198556,0.983964014202356,7060
ENSG00000142484,0.982852232572943,7061
ENSG00000100652,0.982804242687838,7062
ENSG00000164830,0.982804215669499,7063
ENSG00000167863,0.98265159074759,7064
ENSG00000126777,0.982615671918262,7065
ENSG00000184785,0.979339539059001,7066
ENSG00000156006,0.97891328030546,7067
ENSG00000168894,0.978043940707954,7068
ENSG00000129219,0.976772564162155,7069
ENSG00000160753,0.975460371771362,7070
ENSG00000082805,0.973875229702026,7071
ENSG00000151475,0.971798771934409,7072
ENSG00000185838,0.971331756880501,7073
ENSG00000135824,0.970082686394719,7074
ENSG00000125743,0.969672262543463,7075
ENSG00000159210,0.969335784393792,7076
ENSG00000160951,0.969031561237585,7077
ENSG00000171475,0.968842724871971,7078
ENSG00000139921,0.968563596941585,7079
ENSG00000179144,0.968480480507817,7080
ENSG00000062650,0.968330705826791,7081
ENSG00000125485,0.968199221016373,7082
ENSG00000184381,0.968138537648832,7083
ENSG00000033178,0.967993470052349,7084
ENSG00000131323,0.967980905274432,7085
ENSG00000108176,0.967387354031744,7086
ENSG00000026103,0.96738208564173,7087
ENSG00000110723,0.967007140304744,7088
ENSG00000175514,0.966412766452013,7089
ENSG00000107223,0.965922202197942,7090
ENSG00000213859,0.965655172559549,7091
ENSG00000179820,0.965388962983241,7092
ENSG00000164109,0.965198999478798,7093
ENSG00000165119,0.965110955036362,7094
ENSG00000109771,0.96411282812137,7095
ENSG00000134042,0.963921953022938,7096
ENSG00000184432,0.963385189636136,7097
ENSG00000125384,0.962841304002155,7098
ENSG00000116871,0.962327833816456,7099
ENSG00000171291,0.962210163066607,7100
ENSG00000178467,0.962171325898395,7101
ENSG00000198807,0.961447348061702,7102
ENSG00000169385,0.960477473381688,7103
ENSG00000198298,0.96042303610401,7104
ENSG00000111341,0.960075756559199,7105
ENSG00000162600,0.959936940532993,7106
ENSG00000223865,0.959461614220807,7107
ENSG00000121058,0.959249722167129,7108
ENSG00000111799,0.9585826454137,7109
ENSG00000107949,0.957364810005527,7110
ENSG00000183718,0.955563095807278,7111
ENSG00000176182,0.955040322403052,7112
ENSG00000155561,0.954152430100876,7113
ENSG00000111554,0.953645453322795,7114
ENSG00000196711,0.953401608112188,7115
ENSG00000143224,0.952975249887844,7116
ENSG00000119013,0.95108192162661,7117
ENSG00000173612,0.951007939715673,7118
ENSG00000014919,0.950895735681457,7119
ENSG00000198258,0.950534824250102,7120
ENSG00000117519,0.950123381741112,7121
ENSG00000038002,0.949790414131654,7122
ENSG00000189325,0.949110796983296,7123
ENSG00000234469,0.948545867266599,7124
ENSG00000168591,0.948431663467563,7125
ENSG00000147027,0.946682360664782,7126
ENSG00000188042,0.946538864855154,7127
ENSG00000215182,0.946398644486326,7128
ENSG00000104412,0.946141740745216,7129
ENSG00000126790,0.94596881831662,7130
ENSG00000172354,0.945933178050125,7131
ENSG00000204580,0.945647169460775,7132
ENSG00000070193,0.945586500494392,7133
ENSG00000175414,0.945446152840202,7134
ENSG00000113851,0.944236651336512,7135
ENSG00000188385,0.943837370177847,7136
ENSG00000154803,0.942544150420075,7137
ENSG00000167900,0.942388441169984,7138
ENSG00000177731,0.94133237952723,7139
ENSG00000185156,0.940885224633397,7140
ENSG00000090581,0.940621076300682,7141
ENSG00000122335,0.940550847544448,7142
ENSG00000243811,0.939721146831791,7143
ENSG00000127074,0.93960823937161,7144
ENSG00000076641,0.939110907908987,7145
ENSG00000167676,0.938585754135775,7146
ENSG00000127951,0.938025150968303,7147
ENSG00000162365,0.937398652884061,7148
ENSG00000198754,0.937159767344245,7149
ENSG00000172995,0.936704565277279,7150
ENSG00000109101,0.936497472706826,7151
ENSG00000162551,0.936453293644096,7152
ENSG00000171931,0.936123057714542,7153
ENSG00000087157,0.934895488883973,7154
ENSG00000162413,0.934852021532631,7155
ENSG00000138660,0.933969394835236,7156
ENSG00000100124,0.933001767148329,7157
ENSG00000162302,0.931634381072279,7158
ENSG00000104731,0.929597248225793,7159
ENSG00000164296,0.928635230989516,7160
ENSG00000061656,0.927844660412438,7161
ENSG00000143437,0.92754525964483,7162
ENSG00000070729,0.927231495467015,7163
ENSG00000129682,0.927200752264181,7164
ENSG00000140323,0.927140591583433,7165
ENSG00000198691,0.926948664336523,7166
ENSG00000164611,0.924682179787014,7167
ENSG00000150093,0.924054939924477,7168
ENSG00000136490,0.923932094861171,7169
ENSG00000141756,0.923367144740478,7170
ENSG00000163884,0.923262620816648,7171
ENSG00000166292,0.922341961107741,7172
ENSG00000145860,0.922174498391002,7173
ENSG00000172264,0.922165910224457,7174
ENSG00000136270,0.922030453940584,7175
ENSG00000174332,0.921825306653744,7176
ENSG00000167508,0.921675729220005,7177
ENSG00000136457,0.921660358783528,7178
ENSG00000077420,0.920489062466927,7179
ENSG00000081248,0.920453039677843,7180
ENSG00000143147,0.919888911053109,7181
ENSG00000100242,0.919132343270614,7182
ENSG00000156427,0.919088782331135,7183
ENSG00000146143,0.918894921817096,7184
ENSG00000204394,0.917279546234,7185
ENSG00000131196,0.917260792538922,7186
ENSG00000204599,0.915540134108384,7187
ENSG00000184995,0.915300125866401,7188
ENSG00000139192,0.915071577432373,7189
ENSG00000135775,0.914663599987543,7190
ENSG00000173261,0.914608663906678,7191
ENSG00000109103,0.914532078601137,7192
ENSG00000162595,0.913389204110659,7193
ENSG00000148334,0.912713723312248,7194
ENSG00000168936,0.912297230842552,7195
ENSG00000117013,0.912030247363222,7196
ENSG00000187922,0.911374679854496,7197
ENSG00000106258,0.910631126296579,7198
ENSG00000170498,0.910455503297795,7199
ENSG00000183018,0.909948932767315,7200
ENSG00000146285,0.909802285765531,7201
ENSG00000155816,0.909338510750757,7202
ENSG00000167889,0.908820236314423,7203
ENSG00000165512,0.908593408594345,7204
ENSG00000169925,0.908408281534533,7205
ENSG00000103966,0.907849786434334,7206
ENSG00000111245,0.905531153694239,7207
ENSG00000129083,0.905232834392034,7208
ENSG00000164920,0.905180412764598,7209
ENSG00000171703,0.904989749368105,7210
ENSG00000100299,0.904202029007516,7211
ENSG00000079841,0.903997366422957,7212
ENSG00000186714,0.903787028478837,7213
ENSG00000169714,0.902594669975892,7214
ENSG00000162981,0.901009309364439,7215
ENSG00000090382,0.900309171991248,7216
ENSG00000163521,0.900211093679653,7217
ENSG00000250317,0.899493414117105,7218
ENSG00000106384,0.899285393720114,7219
ENSG00000203985,0.898236456713115,7220
ENSG00000034693,0.897228879323429,7221
ENSG00000151576,0.897195752956413,7222
ENSG00000117906,0.895939667770028,7223
ENSG00000092201,0.895587661810219,7224
ENSG00000104946,0.895321364661621,7225
ENSG00000066422,0.89424609936373,7226
ENSG00000163623,0.893975636716119,7227
ENSG00000080493,0.893409357758665,7228
ENSG00000163618,0.893408858405983,7229
ENSG00000185862,0.893286895613885,7230
ENSG00000149452,0.892610909262316,7231
ENSG00000093144,0.892118845485282,7232
ENSG00000197363,0.892040899881104,7233
ENSG00000100997,0.891982146280236,7234
ENSG00000166508,0.891225066928204,7235
ENSG00000119888,0.890888880544837,7236
ENSG00000164620,0.890753316306131,7237
ENSG00000010379,0.890692895805987,7238
ENSG00000163293,0.890477677789284,7239
ENSG00000198890,0.889777783728656,7240
ENSG00000022277,0.889719515644712,7241
ENSG00000163938,0.889122419678024,7242
ENSG00000205084,0.888208785411473,7243
ENSG00000106948,0.888107458084665,7244
ENSG00000141574,0.88602495179791,7245
ENSG00000163156,0.884572799862653,7246
ENSG00000100949,0.883706326637654,7247
ENSG00000144815,0.88324211396364,7248
ENSG00000157343,0.883213811093279,7249
ENSG00000188505,0.882217350297113,7250
ENSG00000181195,0.879796023593575,7251
ENSG00000142733,0.879782964601904,7252
ENSG00000126254,0.879770266598556,7253
ENSG00000166897,0.879573179069747,7254
ENSG00000148634,0.879214542706924,7255
ENSG00000116584,0.876887865400502,7256
ENSG00000113356,0.876773375962308,7257
ENSG00000142731,0.876036748570834,7258
ENSG00000100220,0.875995024375625,7259
ENSG00000140612,0.875259255287776,7260
ENSG00000171443,0.874633799858537,7261
ENSG00000132879,0.874282060859558,7262
ENSG00000163251,0.873733495717577,7263
ENSG00000170807,0.873609228501213,7264
ENSG00000147174,0.873328428117602,7265
ENSG00000243649,0.873127549909028,7266
ENSG00000165775,0.871695297633531,7267
ENSG00000185418,0.871407321014067,7268
ENSG00000102781,0.869976828326954,7269
ENSG00000126353,0.86980511785633,7270
ENSG00000133020,0.869681072284875,7271
ENSG00000198252,0.869075342570353,7272
ENSG00000184350,0.86873716408583,7273
ENSG00000099940,0.868442234066548,7274
ENSG00000107872,0.868107851242786,7275
ENSG00000204856,0.867605708966439,7276
ENSG00000241837,0.865843538630524,7277
ENSG00000164035,0.8651627861109,7278
ENSG00000089335,0.865081869114423,7279
ENSG00000165953,0.864771606871147,7280
ENSG00000196628,0.86471698762149,7281
ENSG00000108759,0.86452972857171,7282
ENSG00000170619,0.863394707237922,7283
ENSG00000196091,0.863163677253844,7284
ENSG00000164532,0.862661687513639,7285
ENSG00000177570,0.862067998455001,7286
ENSG00000109113,0.861215427082881,7287
ENSG00000160318,0.860742585399603,7288
ENSG00000168077,0.860411964856554,7289
ENSG00000006042,0.859617795637868,7290
ENSG00000010318,0.859537283373065,7291
ENSG00000064012,0.859271040415704,7292
ENSG00000121749,0.858512320905005,7293
ENSG00000104343,0.858345107504749,7294
ENSG00000115760,0.857385766118532,7295
ENSG00000025156,0.857220476610935,7296
ENSG00000107882,0.857026917775395,7297
ENSG00000146918,0.856995307526784,7298
ENSG00000196860,0.856886373766691,7299
ENSG00000151632,0.856601875093584,7300
ENSG00000175602,0.856096283933682,7301
ENSG00000196418,0.855564254305769,7302
ENSG00000197360,0.85547800870661,7303
ENSG00000165140,0.8550298730043,7304
ENSG00000197888,0.855021516398039,7305
ENSG00000119946,0.85442865559872,7306
ENSG00000165694,0.853925404670881,7307
ENSG00000018699,0.853567981776148,7308
ENSG00000203883,0.853390137056325,7309
ENSG00000106686,0.852386990037288,7310
ENSG00000168887,0.851419923900365,7311
ENSG00000116237,0.850885170929294,7312
ENSG00000110717,0.849008437018696,7313
ENSG00000164163,0.848931236522236,7314
ENSG00000109576,0.848822950972477,7315
ENSG00000162896,0.848390031420231,7316
ENSG00000144647,0.848366190218592,7317
ENSG00000054392,0.848234618573217,7318
ENSG00000173757,0.847816087475527,7319
ENSG00000125861,0.847683607047368,7320
ENSG00000078246,0.847424899499016,7321
ENSG00000235718,0.847396839733236,7322
ENSG00000183668,0.84625515651668,7323
ENSG00000162390,0.846160463740838,7324
ENSG00000104953,0.845569723575037,7325
ENSG00000135541,0.844248767206271,7326
ENSG00000243709,0.843116402698957,7327
ENSG00000108242,0.843053458923387,7328
ENSG00000182247,0.842666138232249,7329
ENSG00000124226,0.841928101401892,7330
ENSG00000077312,0.841668302614329,7331
ENSG00000073417,0.841023782421013,7332
ENSG00000164691,0.840789574013303,7333
ENSG00000138068,0.840663821303315,7334
ENSG00000198467,0.840019669415942,7335
ENSG00000132824,0.839956746127689,7336
ENSG00000120306,0.839347328194137,7337
ENSG00000165506,0.83842016415402,7338
ENSG00000172987,0.838364490188844,7339
ENSG00000072958,0.83834616225108,7340
ENSG00000187942,0.838259293608637,7341
ENSG00000214694,0.837898720055368,7342
ENSG00000143028,0.837755267306516,7343
ENSG00000148950,0.837697223380354,7344
ENSG00000242419,0.837545485116752,7345
ENSG00000163710,0.837492957573937,7346
ENSG00000175274,0.837319087192387,7347
ENSG00000077514,0.837010778350115,7348
ENSG00000142556,0.836017247417243,7349
ENSG00000251380,0.835980683426256,7350
ENSG00000215045,0.835816320556332,7351
ENSG00000176928,0.835740799019608,7352
ENSG00000164465,0.834915355974026,7353
ENSG00000181631,0.834716287159174,7354
ENSG00000168702,0.834621196158158,7355
ENSG00000024526,0.83406552760995,7356
ENSG00000119787,0.833929619526106,7357
ENSG00000063322,0.833786405328792,7358
ENSG00000187733,0.832656104973401,7359
ENSG00000068078,0.832338876742724,7360
ENSG00000176454,0.832128907743609,7361
ENSG00000169174,0.832005598050403,7362
ENSG00000100867,0.831813897065098,7363
ENSG00000140548,0.831700630107758,7364
ENSG00000101150,0.831189306519576,7365
ENSG00000204397,0.828294311430757,7366
ENSG00000125351,0.827527491482746,7367
ENSG00000105609,0.82689520770892,7368
ENSG00000111087,0.826531373915226,7369
ENSG00000136631,0.825833018683625,7370
ENSG00000166997,0.825585027306224,7371
ENSG00000168765,0.825226758854758,7372
ENSG00000171202,0.824799640560057,7373
ENSG00000019991,0.824541194782664,7374
ENSG00000169607,0.824219641472984,7375
ENSG00000156194,0.824115061562716,7376
ENSG00000102144,0.823665345758374,7377
ENSG00000174718,0.823485770393847,7378
ENSG00000164366,0.820260883465962,7379
ENSG00000227051,0.820211692665352,7380
ENSG00000067191,0.819749960493882,7381
ENSG00000170743,0.819581983790791,7382
ENSG00000125875,0.819480699622582,7383
ENSG00000164405,0.819473438004317,7384
ENSG00000231824,0.819172802298881,7385
ENSG00000157093,0.818963935059315,7386
ENSG00000172382,0.818841345063913,7387
ENSG00000156510,0.817663630515126,7388
ENSG00000170017,0.816983394709107,7389
ENSG00000239672,0.81672180519932,7390
ENSG00000137767,0.816590821872739,7391
ENSG00000105929,0.81625567241605,7392
ENSG00000135119,0.815855861056323,7393
ENSG00000157368,0.815547754700994,7394
ENSG00000114107,0.815477843424887,7395
ENSG00000129749,0.815350526430964,7396
ENSG00000180332,0.814617587441284,7397
ENSG00000027075,0.814402621619142,7398
ENSG00000175155,0.814246472475847,7399
ENSG00000161405,0.814126911081792,7400
ENSG00000126746,0.813683973707601,7401
ENSG00000139193,0.812922906412158,7402
ENSG00000172725,0.812327992910207,7403
ENSG00000261115,0.812079424203661,7404
ENSG00000137709,0.811335718655329,7405
ENSG00000125611,0.810787949407397,7406
ENSG00000188315,0.810774483669662,7407
ENSG00000178950,0.81071526224917,7408
ENSG00000090054,0.810543977017209,7409
ENSG00000077044,0.809337342824736,7410
ENSG00000143126,0.808997887788098,7411
ENSG00000035720,0.808853424612353,7412
ENSG00000179213,0.808588301231284,7413
ENSG00000196542,0.808571711865468,7414
ENSG00000075303,0.807904594807998,7415
ENSG00000125798,0.807759744193783,7416
ENSG00000173114,0.807361227241105,7417
ENSG00000134198,0.806922192573089,7418
ENSG00000103490,0.805016647182409,7419
ENSG00000176209,0.804528202999151,7420
ENSG00000111961,0.804348387215043,7421
ENSG00000179397,0.802888569009705,7422
ENSG00000235169,0.802546369520511,7423
ENSG00000161671,0.802214155926835,7424
ENSG00000111696,0.801907774940948,7425
ENSG00000170516,0.80172499188206,7426
ENSG00000120526,0.801296755048679,7427
ENSG00000136877,0.800551305535453,7428
ENSG00000091664,0.800458417992639,7429
ENSG00000104047,0.800281834134817,7430
ENSG00000197238,0.800087812344544,7431
ENSG00000065534,0.799753416886437,7432
ENSG00000184923,0.799455311003329,7433
ENSG00000196475,0.798924349884357,7434
ENSG00000135127,0.798624805026768,7435
ENSG00000096006,0.797822135893948,7436
ENSG00000124357,0.796731607119174,7437
ENSG00000163827,0.794907812493766,7438
ENSG00000120800,0.79476087453041,7439
ENSG00000129757,0.794715954970751,7440
ENSG00000111058,0.794517254077313,7441
ENSG00000099331,0.793651139604059,7442
ENSG00000077279,0.793328640848849,7443
ENSG00000127184,0.79320154455368,7444
ENSG00000188467,0.792865689784492,7445
ENSG00000149124,0.792798285855068,7446
ENSG00000164128,0.79223340060487,7447
ENSG00000205363,0.791922145883827,7448
ENSG00000128512,0.791200323409983,7449
ENSG00000175175,0.790187980585007,7450
ENSG00000105982,0.789991544899305,7451
ENSG00000081842,0.789740720203001,7452
ENSG00000122678,0.789140180965438,7453
ENSG00000034239,0.78893839893883,7454
ENSG00000123570,0.788920574597119,7455
ENSG00000183324,0.788385209112574,7456
ENSG00000163832,0.787997471011584,7457
ENSG00000101349,0.787499260241668,7458
ENSG00000111319,0.787173746731563,7459
ENSG00000106244,0.786140212979168,7460
ENSG00000187116,0.785204498690189,7461
ENSG00000165698,0.785156959349628,7462
ENSG00000116106,0.784864025529589,7463
ENSG00000156650,0.783893122352165,7464
ENSG00000053501,0.782936464333945,7465
ENSG00000171204,0.782666542746549,7466
ENSG00000183862,0.782419974640594,7467
ENSG00000162444,0.782215734987258,7468
ENSG00000180138,0.782143277864278,7469
ENSG00000123594,0.782088243715931,7470
ENSG00000183798,0.781832373025743,7471
ENSG00000177169,0.781818576698555,7472
ENSG00000114796,0.780932366540626,7473
ENSG00000141577,0.779944335248441,7474
ENSG00000065802,0.779709411092146,7475
ENSG00000109272,0.779690746409295,7476
ENSG00000129128,0.778472729000558,7477
ENSG00000118515,0.77821968798586,7478
ENSG00000124249,0.777580757045362,7479
ENSG00000182111,0.777332221982957,7480
ENSG00000099365,0.777230919227062,7481
ENSG00000105136,0.777063708495844,7482
ENSG00000074527,0.776489464617101,7483
ENSG00000124942,0.776363244296244,7484
ENSG00000113249,0.775307242407915,7485
ENSG00000115355,0.774204544710257,7486
ENSG00000203908,0.773589301378868,7487
ENSG00000196455,0.773419730645004,7488
ENSG00000170782,0.773329568552985,7489
ENSG00000188277,0.771576357383967,7490
ENSG00000186998,0.771519876221934,7491
ENSG00000155629,0.771387219894459,7492
ENSG00000224051,0.771378005585037,7493
ENSG00000138767,0.771167443567785,7494
ENSG00000010322,0.770600773345082,7495
ENSG00000072134,0.770156676288134,7496
ENSG00000162300,0.7701254025245,7497
ENSG00000149972,0.769297890068585,7498
ENSG00000173947,0.76880397813629,7499
ENSG00000153015,0.768682682749441,7500
ENSG00000113248,0.76845003527938,7501
ENSG00000176087,0.768393601095049,7502
ENSG00000108559,0.768167993245646,7503
ENSG00000160917,0.768148303115879,7504
ENSG00000205810,0.767899532802418,7505
ENSG00000152137,0.766604961407607,7506
ENSG00000174151,0.765948537070333,7507
ENSG00000146090,0.765298632809709,7508
ENSG00000169519,0.765259230327225,7509
ENSG00000124194,0.76398358317159,7510
ENSG00000163815,0.762793088852206,7511
ENSG00000198574,0.762264864256916,7512
ENSG00000180818,0.762136452380219,7513
ENSG00000182606,0.761927575898216,7514
ENSG00000173821,0.76160171100586,7515
ENSG00000164022,0.761553185645084,7516
ENSG00000163918,0.761248496902525,7517
ENSG00000125885,0.761106892851174,7518
ENSG00000164100,0.760818585793124,7519
ENSG00000140836,0.76026209291433,7520
ENSG00000181038,0.760084891076905,7521
ENSG00000171368,0.759284908677437,7522
ENSG00000153914,0.759212123978897,7523
ENSG00000137815,0.759113412768667,7524
ENSG00000070190,0.758830327434349,7525
ENSG00000196511,0.758238042174256,7526
ENSG00000100603,0.757515425332025,7527
ENSG00000153162,0.755980108151489,7528
ENSG00000205593,0.755488222000488,7529
ENSG00000114767,0.755047509701457,7530
ENSG00000167972,0.754463865041083,7531
ENSG00000159217,0.753342685897726,7532
ENSG00000101981,0.752831718953614,7533
ENSG00000164136,0.752777014920139,7534
ENSG00000197506,0.752370909155463,7535
ENSG00000167769,0.752166844081323,7536
ENSG00000113569,0.752166387886951,7537
ENSG00000105722,0.751640549771499,7538
ENSG00000143110,0.751555788583425,7539
ENSG00000188883,0.751337339167774,7540
ENSG00000137726,0.75109695099626,7541
ENSG00000189042,0.751059176940468,7542
ENSG00000126950,0.750579020983316,7543
ENSG00000099800,0.750409362843668,7544
ENSG00000253537,0.750238075992827,7545
ENSG00000156928,0.750194548108571,7546
ENSG00000125691,0.749967751205091,7547
ENSG00000186198,0.749845780541422,7548
ENSG00000159958,0.749554322064389,7549
ENSG00000244045,0.749007364651858,7550
ENSG00000141510,0.74894196193005,7551
ENSG00000100284,0.748616733235584,7552
ENSG00000169902,0.748372068816854,7553
ENSG00000103495,0.74775474627412,7554
ENSG00000117528,0.747399746632262,7555
ENSG00000100324,0.747257095256689,7556
ENSG00000086205,0.74690657573719,7557
ENSG00000151651,0.744312759756431,7558
ENSG00000135052,0.743848763218528,7559
ENSG00000171055,0.743412041227566,7560
ENSG00000057019,0.742924037055098,7561
ENSG00000176953,0.74277203199028,7562
ENSG00000105865,0.742500136444418,7563
ENSG00000119042,0.742203494991525,7564
ENSG00000168067,0.741890621452614,7565
ENSG00000152409,0.7409894411045,7566
ENSG00000198900,0.740342780488536,7567
ENSG00000155093,0.740279476173746,7568
ENSG00000105376,0.740077566439467,7569
ENSG00000231738,0.740049855264195,7570
ENSG00000188610,0.739027089757379,7571
ENSG00000134057,0.738824009272366,7572
ENSG00000162063,0.738768030817795,7573
ENSG00000187741,0.737426939484567,7574
ENSG00000117091,0.737107637610152,7575
ENSG00000184304,0.737027334476938,7576
ENSG00000198356,0.73615843076316,7577
ENSG00000188306,0.735818012026677,7578
ENSG00000048991,0.73535109393594,7579
ENSG00000165406,0.735251191410966,7580
ENSG00000116819,0.733892529825156,7581
ENSG00000182979,0.732765754666998,7582
ENSG00000172508,0.732516190998693,7583
ENSG00000131171,0.732438820032953,7584
ENSG00000185246,0.732297908464492,7585
ENSG00000174992,0.731880767133061,7586
ENSG00000168135,0.731005361170417,7587
ENSG00000002834,0.730454426108201,7588
ENSG00000156232,0.729985110642738,7589
ENSG00000028116,0.729611672152481,7590
ENSG00000106565,0.729481232804765,7591
ENSG00000100938,0.729010104897043,7592
ENSG00000197779,0.728511341630605,7593
ENSG00000108849,0.728489625389855,7594
ENSG00000145721,0.728478295341558,7595
ENSG00000198853,0.728435959684692,7596
ENSG00000105197,0.725989647398705,7597
ENSG00000253148,0.725340767089219,7598
ENSG00000131914,0.725017912716616,7599
ENSG00000185619,0.724271584247454,7600
ENSG00000146809,0.72423731745877,7601
ENSG00000172247,0.72397785132139,7602
ENSG00000138798,0.723646362062684,7603
ENSG00000187689,0.723618586961122,7604
ENSG00000185716,0.723597247948943,7605
ENSG00000171840,0.723465009156594,7606
ENSG00000130749,0.723390915758355,7607
ENSG00000100665,0.723118625376956,7608
ENSG00000255524,0.722770830349633,7609
ENSG00000172062,0.722377808549849,7610
ENSG00000164118,0.722154513494008,7611
ENSG00000144674,0.721633226084872,7612
ENSG00000072401,0.721603641829267,7613
ENSG00000125878,0.721019045336696,7614
ENSG00000147650,0.720956458288099,7615
ENSG00000117472,0.72068313019065,7616
ENSG00000072858,0.720493602031871,7617
ENSG00000133142,0.720049216742817,7618
ENSG00000079150,0.719782403001489,7619
ENSG00000164379,0.719164117387526,7620
ENSG00000051596,0.719019125666324,7621
ENSG00000215305,0.718957167393295,7622
ENSG00000114853,0.718316724793374,7623
ENSG00000140992,0.718234351825278,7624
ENSG00000172794,0.718194811646157,7625
ENSG00000117602,0.717949956574896,7626
ENSG00000134146,0.717838183463115,7627
ENSG00000135587,0.717817855850829,7628
ENSG00000074964,0.717570022455628,7629
ENSG00000144848,0.71662648830519,7630
ENSG00000179520,0.716408597610315,7631
ENSG00000127989,0.716113928134196,7632
ENSG00000188373,0.715603810717352,7633
ENSG00000099769,0.7155559118893,7634
ENSG00000159761,0.715152338078297,7635
ENSG00000137288,0.715089262342663,7636
ENSG00000129810,0.714513623135063,7637
ENSG00000164402,0.713839774990614,7638
ENSG00000182095,0.713169761944832,7639
ENSG00000136908,0.713015109722299,7640
ENSG00000131142,0.711758907889795,7641
ENSG00000130558,0.710805679630285,7642
ENSG00000162337,0.710047948781576,7643
ENSG00000012232,0.709158060315052,7644
ENSG00000151327,0.707775231241365,7645
ENSG00000182952,0.707218778239026,7646
ENSG00000006747,0.7063529720238,7647
ENSG00000133193,0.706243755246644,7648
ENSG00000184194,0.706088432245488,7649
ENSG00000178971,0.705968553318089,7650
ENSG00000103056,0.705666680446057,7651
ENSG00000128965,0.704732714429265,7652
ENSG00000172031,0.704693593390526,7653
ENSG00000185985,0.704279018529982,7654
ENSG00000172986,0.703566062037156,7655
ENSG00000139973,0.7030582713077,7656
ENSG00000125648,0.702935719748792,7657
ENSG00000166261,0.702808472516655,7658
ENSG00000168539,0.702714702049329,7659
ENSG00000181588,0.701747871657403,7660
ENSG00000105339,0.700434838150868,7661
ENSG00000107554,0.69956001964787,7662
ENSG00000169760,0.698333175741245,7663
ENSG00000148677,0.698209439634811,7664
ENSG00000159917,0.698037330034447,7665
ENSG00000251247,0.697965873224079,7666
ENSG00000153563,0.697395284102997,7667
ENSG00000067221,0.697070179400442,7668
ENSG00000145736,0.696709548125895,7669
ENSG00000160856,0.69654903945468,7670
ENSG00000100519,0.696410328837417,7671
ENSG00000129465,0.696189676845795,7672
ENSG00000170791,0.696085419001436,7673
ENSG00000100908,0.695693566635364,7674
ENSG00000055955,0.695476272547336,7675
ENSG00000088305,0.694980071706392,7676
ENSG00000179526,0.694639832329922,7677
ENSG00000152785,0.692883970547602,7678
ENSG00000185158,0.692630698971218,7679
ENSG00000169047,0.692403063462938,7680
ENSG00000103187,0.691200156961892,7681
ENSG00000025770,0.690885753818497,7682
ENSG00000177954,0.690657807829411,7683
ENSG00000185480,0.690554167831113,7684
ENSG00000204356,0.690253509483125,7685
ENSG00000171132,0.689655399156443,7686
ENSG00000130226,0.689639098000127,7687
ENSG00000114554,0.688603715286733,7688
ENSG00000163646,0.688579789141468,7689
ENSG00000101079,0.688507051305962,7690
ENSG00000110429,0.688287610027583,7691
ENSG00000138755,0.688281498774042,7692
ENSG00000163346,0.688094731910154,7693
ENSG00000139793,0.688042009885125,7694
ENSG00000159335,0.687620674757265,7695
ENSG00000124074,0.687279190414614,7696
ENSG00000068438,0.686729871931574,7697
ENSG00000163479,0.686247991652651,7698
ENSG00000101191,0.685734193453895,7699
ENSG00000186462,0.685498285087408,7700
ENSG00000205352,0.685403981724812,7701
ENSG00000198625,0.685073482134088,7702
ENSG00000261221,0.684579394408391,7703
ENSG00000185669,0.684014622365167,7704
ENSG00000128656,0.683666605201957,7705
ENSG00000116774,0.683553387339154,7706
ENSG00000170638,0.683302956370586,7707
ENSG00000140285,0.683251307543374,7708
ENSG00000145725,0.682174757930829,7709
ENSG00000180543,0.682047851854528,7710
ENSG00000168026,0.68158002021374,7711
ENSG00000163536,0.680969591600892,7712
ENSG00000213380,0.68074953338458,7713
ENSG00000130382,0.680688620195695,7714
ENSG00000147606,0.680509820875217,7715
ENSG00000159231,0.680417491115462,7716
ENSG00000095917,0.680345247616848,7717
ENSG00000113810,0.680132541107523,7718
ENSG00000118369,0.680114914839098,7719
ENSG00000136478,0.680048440297338,7720
ENSG00000255378,0.679496011815209,7721
ENSG00000197579,0.679418728031276,7722
ENSG00000162753,0.679324300043081,7723
ENSG00000013275,0.679125090266829,7724
ENSG00000129245,0.678583232561381,7725
ENSG00000074755,0.678493575097856,7726
ENSG00000178586,0.676020848885608,7727
ENSG00000124939,0.675837981409626,7728
ENSG00000168454,0.674086301787219,7729
ENSG00000205659,0.673952702983661,7730
ENSG00000124562,0.673935183522641,7731
ENSG00000133317,0.673434687310683,7732
ENSG00000174483,0.673394412864982,7733
ENSG00000115268,0.672245030782135,7734
ENSG00000143627,0.672096135865533,7735
ENSG00000073111,0.671457387191593,7736
ENSG00000061987,0.671431867305796,7737
ENSG00000173705,0.671267940951153,7738
ENSG00000183576,0.671116013317078,7739
ENSG00000006116,0.670503619490897,7740
ENSG00000132635,0.6696148335322,7741
ENSG00000138032,0.668633393833414,7742
ENSG00000183527,0.668439804258756,7743
ENSG00000135744,0.668417555578897,7744
ENSG00000255974,0.668218109036796,7745
ENSG00000166340,0.668074489990863,7746
ENSG00000089876,0.667571095032108,7747
ENSG00000124641,0.667475423894386,7748
ENSG00000082515,0.667201291872181,7749
ENSG00000149131,0.666894299541499,7750
ENSG00000163519,0.666856389099201,7751
ENSG00000170365,0.665862017041891,7752
ENSG00000257704,0.665568291732343,7753
ENSG00000108433,0.664599821648997,7754
ENSG00000142748,0.664241466218655,7755
ENSG00000108826,0.664218804006348,7756
ENSG00000135451,0.66231758647057,7757
ENSG00000176136,0.661214175287019,7758
ENSG00000182177,0.661136926408308,7759
ENSG00000147509,0.661097838748967,7760
ENSG00000167767,0.660170463841168,7761
ENSG00000117597,0.659835535313945,7762
ENSG00000148935,0.659409454494702,7763
ENSG00000143669,0.658927042232812,7764
ENSG00000148288,0.658274151921738,7765
ENSG00000007306,0.658171238059935,7766
ENSG00000173083,0.658171238059935,7767
ENSG00000242110,0.657461080624031,7768
ENSG00000101405,0.657242825879075,7769
ENSG00000136925,0.656552237835953,7770
ENSG00000213339,0.656383227955996,7771
ENSG00000161634,0.655551985884435,7772
ENSG00000180914,0.655438822701748,7773
ENSG00000133985,0.655238003273134,7774
ENSG00000181938,0.654761038935496,7775
ENSG00000187118,0.654716389001813,7776
ENSG00000107593,0.654181192138087,7777
ENSG00000172006,0.653262692329357,7778
ENSG00000008294,0.653182577352651,7779
ENSG00000115255,0.652083098215749,7780
ENSG00000131828,0.65165850295822,7781
ENSG00000187806,0.651173012521351,7782
ENSG00000104863,0.650776523629495,7783
ENSG00000109927,0.65007254236599,7784
ENSG00000174951,0.649756995791513,7785
ENSG00000132196,0.648330510174592,7786
ENSG00000189410,0.647803042267216,7787
ENSG00000180934,0.647546333679871,7788
ENSG00000114120,0.646848836538276,7789
ENSG00000164729,0.646509457204724,7790
ENSG00000215853,0.646354383096332,7791
ENSG00000124253,0.64609616870115,7792
ENSG00000141741,0.645990124793025,7793
ENSG00000112320,0.645749987641997,7794
ENSG00000170959,0.645204077999784,7795
ENSG00000183814,0.645075359431619,7796
ENSG00000198648,0.645016754466575,7797
ENSG00000174697,0.641369356892187,7798
ENSG00000100567,0.641206090519328,7799
ENSG00000160808,0.64113262221872,7800
ENSG00000133706,0.639589091434638,7801
ENSG00000169756,0.639543750190351,7802
ENSG00000172458,0.639455145221269,7803
ENSG00000239306,0.639305717596732,7804
ENSG00000047457,0.63815789913365,7805
ENSG00000142186,0.63712643559702,7806
ENSG00000170153,0.636658372299848,7807
ENSG00000169715,0.636623831880999,7808
ENSG00000105507,0.635924774542917,7809
ENSG00000111834,0.635727630524618,7810
ENSG00000172724,0.634799647253065,7811
ENSG00000111653,0.634693132090441,7812
ENSG00000174950,0.634591120576079,7813
ENSG00000156885,0.631332460858686,7814
ENSG00000186862,0.629954555165561,7815
ENSG00000163322,0.629556310157554,7816
ENSG00000052795,0.629275601001253,7817
ENSG00000104951,0.62889330155099,7818
ENSG00000170653,0.628585556150153,7819
ENSG00000105983,0.628423099510146,7820
ENSG00000078401,0.628115911750569,7821
ENSG00000123096,0.627919454390998,7822
ENSG00000162402,0.627871953497575,7823
ENSG00000103569,0.627047984022815,7824
ENSG00000226763,0.626825567137625,7825
ENSG00000114812,0.626755659497605,7826
ENSG00000139865,0.626428957066091,7827
ENSG00000196388,0.625619207220127,7828
ENSG00000153029,0.625580878196481,7829
ENSG00000181767,0.625220715089818,7830
ENSG00000122035,0.624960353762786,7831
ENSG00000203722,0.62489577200525,7832
ENSG00000165695,0.623972302469163,7833
ENSG00000179262,0.623815709297287,7834
ENSG00000172752,0.623540973646625,7835
ENSG00000214046,0.623249902873677,7836
ENSG00000145723,0.623168781531866,7837
ENSG00000204977,0.622803542332474,7838
ENSG00000064726,0.622414873568805,7839
ENSG00000258659,0.621644199380471,7840
ENSG00000163607,0.620320564105146,7841
ENSG00000183891,0.619792673254953,7842
ENSG00000130711,0.619589085790322,7843
ENSG00000137962,0.619270389071055,7844
ENSG00000179168,0.619255988162971,7845
ENSG00000106688,0.619055804856085,7846
ENSG00000065613,0.618616694252334,7847
ENSG00000111271,0.618164053963985,7848
ENSG00000108961,0.617581947982166,7849
ENSG00000125319,0.616073693627972,7850
ENSG00000100122,0.615532350560847,7851
ENSG00000137103,0.615077973062908,7852
ENSG00000117215,0.61477389031108,7853
ENSG00000242732,0.614172441182542,7854
ENSG00000196199,0.613522046168422,7855
ENSG00000187556,0.612974227833241,7856
ENSG00000035687,0.611804027496144,7857
ENSG00000164929,0.611372584806893,7858
ENSG00000185347,0.610578573168634,7859
ENSG00000146963,0.609777225702914,7860
ENSG00000213648,0.609746592305253,7861
ENSG00000163687,0.608362489293344,7862
ENSG00000215131,0.608355051736187,7863
ENSG00000185614,0.608006643285917,7864
ENSG00000106404,0.607091038874874,7865
ENSG00000170477,0.606630962243476,7866
ENSG00000166135,0.606276554431442,7867
ENSG00000151726,0.606262483325845,7868
ENSG00000188895,0.606096722972085,7869
ENSG00000124827,0.605944972594676,7870
ENSG00000171490,0.605528461656504,7871
ENSG00000078699,0.605237440527592,7872
ENSG00000170471,0.605017918401687,7873
ENSG00000087494,0.604616929534478,7874
ENSG00000269964,0.604545083546054,7875
ENSG00000124491,0.604537260805784,7876
ENSG00000117407,0.603926143937046,7877
ENSG00000258713,0.603619569918294,7878
ENSG00000135577,0.602935978620197,7879
ENSG00000154473,0.602848818950508,7880
ENSG00000100030,0.601554310603144,7881
ENSG00000196781,0.601446220592363,7882
ENSG00000169302,0.600940119896659,7883
ENSG00000180398,0.600692342956478,7884
ENSG00000234965,0.600127566753145,7885
ENSG00000120053,0.59879455911788,7886
ENSG00000017797,0.598468907925417,7887
ENSG00000155542,0.598404240200791,7888
ENSG00000146376,0.597696837802438,7889
ENSG00000188389,0.597255892433327,7890
ENSG00000165071,0.597165477275694,7891
ENSG00000117984,0.597077827341447,7892
ENSG00000240344,0.59499199225393,7893
ENSG00000163958,0.594890089806926,7894
ENSG00000175121,0.594564572801885,7895
ENSG00000119801,0.59388633261004,7896
ENSG00000068489,0.593841452305176,7897
ENSG00000127527,0.59349733302489,7898
ENSG00000172531,0.593200189088064,7899
ENSG00000172020,0.593164109138102,7900
ENSG00000105672,0.592167711168993,7901
ENSG00000206172,0.592144694973704,7902
ENSG00000140983,0.591690125312074,7903
ENSG00000167182,0.591440202800619,7904
ENSG00000158023,0.591248345514643,7905
ENSG00000080986,0.591122344234027,7906
ENSG00000170248,0.591091781404211,7907
ENSG00000186329,0.590608963244013,7908
ENSG00000102053,0.59047859075759,7909
ENSG00000164849,0.590267039669356,7910
ENSG00000119421,0.589211368832885,7911
ENSG00000198286,0.589187983816279,7912
ENSG00000135845,0.588794472727088,7913
ENSG00000163864,0.58817225502737,7914
ENSG00000122490,0.588072463745979,7915
ENSG00000134802,0.58780860245425,7916
ENSG00000086289,0.587083097335415,7917
ENSG00000196208,0.586915811928673,7918
ENSG00000023445,0.58566704174153,7919
ENSG00000173156,0.585462565499491,7920
ENSG00000150990,0.585225890864044,7921
ENSG00000105993,0.584101892885068,7922
ENSG00000188211,0.582218272534257,7923
ENSG00000182601,0.581979406108,7924
ENSG00000206503,0.581845427319348,7925
ENSG00000006638,0.581834232796118,7926
ENSG00000258484,0.581021371576266,7927
ENSG00000145743,0.580966681514389,7928
ENSG00000164122,0.580423185838445,7929
ENSG00000120162,0.580417034795333,7930
ENSG00000158008,0.578729568132656,7931
ENSG00000183476,0.578412617903759,7932
ENSG00000166246,0.5779863013922,7933
ENSG00000120784,0.577705879529065,7934
ENSG00000166352,0.576758181384821,7935
ENSG00000118849,0.576550996376616,7936
ENSG00000196233,0.576224588215002,7937
ENSG00000197992,0.575815966324883,7938
ENSG00000080845,0.575462443640426,7939
ENSG00000160688,0.575214724211546,7940
ENSG00000101391,0.575115191723977,7941
ENSG00000189067,0.574932073174314,7942
ENSG00000112335,0.574123512094004,7943
ENSG00000164161,0.574056165937207,7944
ENSG00000186310,0.572893245446611,7945
ENSG00000107331,0.572734664539066,7946
ENSG00000036530,0.572486139990152,7947
ENSG00000164283,0.572122498673445,7948
ENSG00000063601,0.572073176963251,7949
ENSG00000142698,0.571396286102148,7950
ENSG00000141456,0.570847263356927,7951
ENSG00000102780,0.570578156279473,7952
ENSG00000152705,0.569910413289268,7953
ENSG00000116039,0.569405406141246,7954
ENSG00000154589,0.569217824392879,7955
ENSG00000134265,0.569104570339281,7956
ENSG00000113600,0.56885660253895,7957
ENSG00000116815,0.568168397864858,7958
ENSG00000177181,0.568123163982411,7959
ENSG00000186407,0.566032448243553,7960
ENSG00000101166,0.565649430145761,7961
ENSG00000135406,0.565126693315768,7962
ENSG00000198874,0.565011210012846,7963
ENSG00000101856,0.564815004630284,7964
ENSG00000197614,0.564762019385395,7965
ENSG00000153107,0.564406545046704,7966
ENSG00000180957,0.564127088768914,7967
ENSG00000198816,0.564122010761246,7968
ENSG00000027697,0.563805861130583,7969
ENSG00000168090,0.563400193346997,7970
ENSG00000111816,0.563328225134468,7971
ENSG00000074657,0.563089781407791,7972
ENSG00000183347,0.562981193643639,7973
ENSG00000170145,0.5626177556747,7974
ENSG00000180999,0.562579350153042,7975
ENSG00000089123,0.562392975324823,7976
ENSG00000154493,0.561932562552585,7977
ENSG00000033100,0.561878403406907,7978
ENSG00000133138,0.561800613866311,7979
ENSG00000100614,0.561546115098696,7980
ENSG00000146842,0.56015275224256,7981
ENSG00000119537,0.559988469045115,7982
ENSG00000054219,0.559952099539441,7983
ENSG00000186660,0.559662033840326,7984
ENSG00000103249,0.557850381948942,7985
ENSG00000153187,0.557763573370783,7986
ENSG00000153201,0.557576913255587,7987
ENSG00000032742,0.557530276053003,7988
ENSG00000176697,0.557393408209227,7989
ENSG00000164485,0.557354517705142,7990
ENSG00000100298,0.556899900277043,7991
ENSG00000143793,0.556693829261243,7992
ENSG00000171236,0.555907456131474,7993
ENSG00000169026,0.555823764295255,7994
ENSG00000152990,0.555753177821767,7995
ENSG00000147257,0.555283887439466,7996
ENSG00000124140,0.554527564398266,7997
ENSG00000175202,0.553944465641445,7998
ENSG00000103769,0.553799552284647,7999
ENSG00000225828,0.55349787640979,8000
ENSG00000163629,0.552884324200841,8001
ENSG00000212916,0.552737206774153,8002
ENSG00000180089,0.55166907891368,8003
ENSG00000168152,0.551604376512201,8004
ENSG00000136878,0.54995952070645,8005
ENSG00000173698,0.549907998440671,8006
ENSG00000078814,0.549270370447353,8007
ENSG00000154001,0.549165281302579,8008
ENSG00000132478,0.549048778329394,8009
ENSG00000187134,0.548360855035545,8010
ENSG00000165923,0.547849098515697,8011
ENSG00000046774,0.546123884908106,8012
ENSG00000179364,0.544784416800714,8013
ENSG00000019186,0.54380091998016,8014
ENSG00000180190,0.54375552213048,8015
ENSG00000101194,0.543643674036808,8016
ENSG00000189298,0.542951231946732,8017
ENSG00000114626,0.542243459324558,8018
ENSG00000145879,0.542164022084224,8019
ENSG00000185905,0.542071240417921,8020
ENSG00000180537,0.541798773810222,8021
ENSG00000139405,0.541435566425582,8022
ENSG00000115297,0.541012932681424,8023
ENSG00000154358,0.540965109202061,8024
ENSG00000074181,0.540507061376975,8025
ENSG00000115415,0.539831170107596,8026
ENSG00000183833,0.539804228249937,8027
ENSG00000146063,0.539137927480639,8028
ENSG00000177791,0.538922472215432,8029
ENSG00000157131,0.538771015063052,8030
ENSG00000170633,0.538156691622222,8031
ENSG00000166546,0.537445117804367,8032
ENSG00000163041,0.536945737545786,8033
ENSG00000125970,0.536727978303505,8034
ENSG00000168040,0.53516023238159,8035
ENSG00000185513,0.534214867834367,8036
ENSG00000101247,0.534048136390294,8037
ENSG00000157181,0.532693397175521,8038
ENSG00000149403,0.532305757199472,8039
ENSG00000168907,0.531847496224043,8040
ENSG00000100191,0.530742599868143,8041
ENSG00000171604,0.530482072181228,8042
ENSG00000013293,0.530300240942701,8043
ENSG00000108107,0.530016423660978,8044
ENSG00000204956,0.529839140017342,8045
ENSG00000117691,0.529326426213884,8046
ENSG00000175048,0.52891824147644,8047
ENSG00000169139,0.528690461813254,8048
ENSG00000125968,0.528117188374672,8049
ENSG00000205279,0.527467365382692,8050
ENSG00000138449,0.527009411060271,8051
ENSG00000044012,0.526596503914814,8052
ENSG00000177150,0.526207062767402,8053
ENSG00000103160,0.526108150847897,8054
ENSG00000205177,0.526012104924419,8055
ENSG00000106113,0.525788765089237,8056
ENSG00000139445,0.524789809305652,8057
ENSG00000250571,0.52440736637231,8058
ENSG00000132286,0.523987302279784,8059
ENSG00000164089,0.522939284042461,8060
ENSG00000139974,0.52216052051005,8061
ENSG00000151715,0.521958351913141,8062
ENSG00000134222,0.521230451797528,8063
ENSG00000172059,0.519886270747869,8064
ENSG00000169727,0.519550034139764,8065
ENSG00000149922,0.518794927031617,8066
ENSG00000095951,0.518158771192655,8067
ENSG00000170178,0.517874936909037,8068
ENSG00000002549,0.51778478748298,8069
ENSG00000196465,0.517664424897932,8070
ENSG00000188095,0.517644143323647,8071
ENSG00000204099,0.516934122831568,8072
ENSG00000106526,0.516815281138144,8073
ENSG00000229453,0.51680433096076,8074
ENSG00000185527,0.516710034631542,8075
ENSG00000168672,0.516618303558564,8076
ENSG00000067596,0.516467937187961,8077
ENSG00000100038,0.516139403190267,8078
ENSG00000109220,0.51594006268042,8079
ENSG00000239389,0.515851835516922,8080
ENSG00000123329,0.515484734163503,8081
ENSG00000085552,0.514933984247209,8082
ENSG00000125845,0.511821188672873,8083
ENSG00000070915,0.511818987296969,8084
ENSG00000143643,0.511609197369427,8085
ENSG00000198189,0.509514200447666,8086
ENSG00000163393,0.509436039797929,8087
ENSG00000134376,0.509162994676961,8088
ENSG00000186897,0.508612772742257,8089
ENSG00000139324,0.508541224772256,8090
ENSG00000107863,0.508519881380082,8091
ENSG00000165487,0.507685700651244,8092
ENSG00000101197,0.507506294946092,8093
ENSG00000128272,0.507141911358442,8094
ENSG00000066697,0.506560677671107,8095
ENSG00000087077,0.506476071882689,8096
ENSG00000228474,0.506001300837455,8097
ENSG00000144895,0.505923213867041,8098
ENSG00000134186,0.505286687985452,8099
ENSG00000080854,0.505191872746451,8100
ENSG00000168883,0.505160648589877,8101
ENSG00000204220,0.505109654639673,8102
ENSG00000147162,0.504694207550172,8103
ENSG00000109158,0.504159266344535,8104
ENSG00000147724,0.504145600723495,8105
ENSG00000005302,0.504085514403698,8106
ENSG00000175634,0.503650667156559,8107
ENSG00000179388,0.502623754109314,8108
ENSG00000089692,0.501671371495806,8109
ENSG00000164733,0.50166096869074,8110
ENSG00000078804,0.501632642011835,8111
ENSG00000160271,0.501621665472703,8112
ENSG00000156787,0.501360950341636,8113
ENSG00000165409,0.501237425171392,8114
ENSG00000123080,0.50122300649574,8115
ENSG00000154678,0.501143821318372,8116
ENSG00000197530,0.499310449550976,8117
ENSG00000111639,0.498919439410733,8118
ENSG00000162391,0.498907586648384,8119
ENSG00000126895,0.498839730841166,8120
ENSG00000166265,0.498595555525215,8121
ENSG00000169288,0.49855664965052,8122
ENSG00000161509,0.498496140589946,8123
ENSG00000166398,0.498490761036926,8124
ENSG00000113555,0.498299355020685,8125
ENSG00000127863,0.497815375907569,8126
ENSG00000105472,0.496951488132066,8127
ENSG00000177692,0.496777512004221,8128
ENSG00000073670,0.49574000505892,8129
ENSG00000161888,0.495599815588525,8130
ENSG00000102981,0.495294819868244,8131
ENSG00000161298,0.49505334758776,8132
ENSG00000139977,0.494740149053961,8133
ENSG00000117724,0.494145930551589,8134
ENSG00000166965,0.494098861755774,8135
ENSG00000179055,0.493991368269769,8136
ENSG00000034677,0.49398203188616,8137
ENSG00000144589,0.492570143668447,8138
ENSG00000153132,0.492502275806124,8139
ENSG00000165914,0.492458153875414,8140
ENSG00000138080,0.491786075291166,8141
ENSG00000112902,0.490888427165482,8142
ENSG00000198408,0.49085411885049,8143
ENSG00000183484,0.489993737881694,8144
ENSG00000138018,0.489840445311613,8145
ENSG00000176401,0.489669238511589,8146
ENSG00000186652,0.488497495232629,8147
ENSG00000204624,0.487981707430619,8148
ENSG00000080608,0.487083585042768,8149
ENSG00000134253,0.485659750259903,8150
ENSG00000168807,0.485531682407818,8151
ENSG00000134121,0.48546632577687,8152
ENSG00000163273,0.485343235508384,8153
ENSG00000273079,0.485252433224414,8154
ENSG00000130222,0.48496662123545,8155
ENSG00000160352,0.484734081290997,8156
ENSG00000109072,0.484558799652907,8157
ENSG00000196214,0.483977579313418,8158
ENSG00000114854,0.483140049022688,8159
ENSG00000049883,0.482939434997854,8160
ENSG00000127054,0.48230053181127,8161
ENSG00000072864,0.480911678729546,8162
ENSG00000151500,0.480802657129825,8163
ENSG00000100813,0.480295002610452,8164
ENSG00000116221,0.479481529558168,8165
ENSG00000139946,0.478798113397759,8166
ENSG00000185966,0.478774212825949,8167
ENSG00000138758,0.478751151919768,8168
ENSG00000111786,0.478407038071775,8169
ENSG00000151320,0.478087721251592,8170
ENSG00000145555,0.477975555193559,8171
ENSG00000170881,0.477786119651806,8172
ENSG00000257138,0.477428229069071,8173
ENSG00000163114,0.477238167240692,8174
ENSG00000179627,0.477204165110859,8175
ENSG00000095464,0.476577472737878,8176
ENSG00000140319,0.476326138252385,8177
ENSG00000141655,0.47620045279013,8178
ENSG00000162650,0.475895356776557,8179
ENSG00000198133,0.475867417721951,8180
ENSG00000187969,0.475541838796162,8181
ENSG00000196605,0.474911470409781,8182
ENSG00000196150,0.474685678554874,8183
ENSG00000141551,0.474622028663107,8184
ENSG00000166377,0.474570205982818,8185
ENSG00000170949,0.474529907608841,8186
ENSG00000188846,0.474286370935326,8187
ENSG00000090520,0.474078932872973,8188
ENSG00000079950,0.47374741306966,8189
ENSG00000100982,0.47349350733246,8190
ENSG00000138587,0.47347525867587,8191
ENSG00000105613,0.473426196973855,8192
ENSG00000117054,0.473020167276442,8193
ENSG00000198964,0.472724608555698,8194
ENSG00000167986,0.472689621131702,8195
ENSG00000133958,0.472626781684795,8196
ENSG00000187514,0.472483387720422,8197
ENSG00000085872,0.472421053894432,8198
ENSG00000122870,0.472385791451787,8199
ENSG00000176925,0.472310828375084,8200
ENSG00000151746,0.472142971526089,8201
ENSG00000106031,0.47170807759092,8202
ENSG00000146859,0.470741008723064,8203
ENSG00000180667,0.470482883064281,8204
ENSG00000197620,0.470412801478262,8205
ENSG00000170915,0.469993306703132,8206
ENSG00000180998,0.469948452572193,8207
ENSG00000067533,0.469905446593999,8208
ENSG00000175267,0.46974775586505,8209
ENSG00000009694,0.469635605765368,8210
ENSG00000137831,0.46947109191792,8211
ENSG00000101577,0.468498344565422,8212
ENSG00000160460,0.467972713735129,8213
ENSG00000241123,0.467664532403906,8214
ENSG00000104043,0.467413116491276,8215
ENSG00000145020,0.467154098928397,8216
ENSG00000149575,0.467081164282106,8217
ENSG00000164663,0.466806327628787,8218
ENSG00000116285,0.465945204707098,8219
ENSG00000175662,0.465591375465869,8220
ENSG00000141027,0.465510466927692,8221
ENSG00000110367,0.465362773123277,8222
ENSG00000136367,0.465125838922162,8223
ENSG00000169933,0.464864952643402,8224
ENSG00000112062,0.464671862927202,8225
ENSG00000177352,0.46454410894425,8226
ENSG00000196865,0.464349784913406,8227
ENSG00000003393,0.46420665871333,8228
ENSG00000130724,0.464194687416079,8229
ENSG00000149294,0.464108106754892,8230
ENSG00000204525,0.463932182426475,8231
ENSG00000086015,0.463623816755841,8232
ENSG00000156599,0.462533095485622,8233
ENSG00000204564,0.46159493875067,8234
ENSG00000065485,0.461163051145384,8235
ENSG00000105852,0.460428857170202,8236
ENSG00000172086,0.459981693538051,8237
ENSG00000198125,0.459734001346194,8238
ENSG00000118197,0.459714129178727,8239
ENSG00000151388,0.459584579455601,8240
ENSG00000137513,0.459265690815751,8241
ENSG00000120910,0.459176704837619,8242
ENSG00000100697,0.458678653023238,8243
ENSG00000134245,0.458343101329483,8244
ENSG00000145248,0.457892197044552,8245
ENSG00000141469,0.457881142410038,8246
ENSG00000198033,0.457804301793018,8247
ENSG00000136634,0.457506580031652,8248
ENSG00000173894,0.45720035446831,8249
ENSG00000134874,0.457118355304876,8250
ENSG00000149150,0.456239114208176,8251
ENSG00000054282,0.455644950104761,8252
ENSG00000121210,0.455612300436413,8253
ENSG00000117707,0.455563219103613,8254
ENSG00000127870,0.454847172157141,8255
ENSG00000053702,0.454390842647663,8256
ENSG00000189292,0.45437565865488,8257
ENSG00000125821,0.453282433575907,8258
ENSG00000128536,0.453125878069724,8259
ENSG00000145423,0.45311859828635,8260
ENSG00000221887,0.452537484971715,8261
ENSG00000177257,0.451776275896933,8262
ENSG00000134532,0.450969768098481,8263
ENSG00000178033,0.450883769057982,8264
ENSG00000167034,0.450819454440207,8265
ENSG00000146856,0.450390312049596,8266
ENSG00000182923,0.449932221514755,8267
ENSG00000138867,0.449884702500976,8268
ENSG00000131759,0.449755607381548,8269
ENSG00000182521,0.449706643145089,8270
ENSG00000186529,0.449455557816022,8271
ENSG00000142538,0.449416700246231,8272
ENSG00000198707,0.449220372994008,8273
ENSG00000187714,0.448892182865005,8274
ENSG00000067829,0.448678286150241,8275
ENSG00000115524,0.44852061732997,8276
ENSG00000015568,0.448508378490748,8277
ENSG00000197119,0.448301307932219,8278
ENSG00000244411,0.448301307932219,8279
ENSG00000188266,0.448171932350029,8280
ENSG00000185002,0.448069137381727,8281
ENSG00000254245,0.447789337581271,8282
ENSG00000184374,0.447515928242963,8283
ENSG00000114126,0.44692270741213,8284
ENSG00000100263,0.446651101084077,8285
ENSG00000130635,0.446558023423044,8286
ENSG00000172785,0.446115352258603,8287
ENSG00000163586,0.445880323916281,8288
ENSG00000196832,0.445432979259087,8289
ENSG00000196411,0.444788237125409,8290
ENSG00000101951,0.444556308502852,8291
ENSG00000147852,0.44433220295381,8292
ENSG00000109083,0.44329313366313,8293
ENSG00000167671,0.442176057086791,8294
ENSG00000105388,0.44158982581416,8295
ENSG00000165288,0.441508863872637,8296
ENSG00000221838,0.441145856196781,8297
ENSG00000197461,0.440749322264206,8298
ENSG00000083799,0.44025658515688,8299
ENSG00000070778,0.439069738358587,8300
ENSG00000155100,0.438910808613124,8301
ENSG00000034152,0.43826496548334,8302
ENSG00000164941,0.437712307815571,8303
ENSG00000166823,0.437671073057176,8304
ENSG00000243477,0.437549129113322,8305
ENSG00000185774,0.437486488852119,8306
ENSG00000233276,0.437229016735913,8307
ENSG00000162604,0.437216400893172,8308
ENSG00000106012,0.437093775233912,8309
ENSG00000103653,0.43671867194627,8310
ENSG00000136950,0.43658330523647,8311
ENSG00000124701,0.436503344177796,8312
ENSG00000182854,0.436313100963147,8313
ENSG00000006625,0.436201204484429,8314
ENSG00000172156,0.436167285989526,8315
ENSG00000175197,0.436016886634949,8316
ENSG00000159842,0.434962804269812,8317
ENSG00000111537,0.43491084158374,8318
ENSG00000183426,0.434518706172768,8319
ENSG00000172869,0.434050705025948,8320
ENSG00000102384,0.433920710959208,8321
ENSG00000255408,0.432606254785438,8322
ENSG00000101327,0.432557429950582,8323
ENSG00000110011,0.432553672475638,8324
ENSG00000198931,0.431956123145996,8325
ENSG00000067334,0.431697555786581,8326
ENSG00000103353,0.431306950975762,8327
ENSG00000144230,0.431128103738127,8328
ENSG00000239388,0.430609034913709,8329
ENSG00000165556,0.430596027168445,8330
ENSG00000008018,0.430003413830022,8331
ENSG00000203870,0.429858360266182,8332
ENSG00000136918,0.429094732155208,8333
ENSG00000187391,0.428901406464546,8334
ENSG00000113790,0.42850029189302,8335
ENSG00000011105,0.428310861708353,8336
ENSG00000106799,0.427800608115489,8337
ENSG00000022567,0.426958991087813,8338
ENSG00000268182,0.426280740665687,8339
ENSG00000089250,0.42579733292725,8340
ENSG00000178882,0.425355491385249,8341
ENSG00000157227,0.425326219427167,8342
ENSG00000104980,0.425317659902525,8343
ENSG00000011007,0.424900420530126,8344
ENSG00000131686,0.424859479095944,8345
ENSG00000037637,0.424734536688993,8346
ENSG00000174156,0.424672015800752,8347
ENSG00000169718,0.423985643202293,8348
ENSG00000171953,0.423956006067921,8349
ENSG00000100605,0.423883104414614,8350
ENSG00000152292,0.423802708697025,8351
ENSG00000242259,0.423736841363046,8352
ENSG00000176887,0.423463532149472,8353
ENSG00000168273,0.42346207187538,8354
ENSG00000103404,0.423303656123091,8355
ENSG00000106261,0.422668532912718,8356
ENSG00000187994,0.422531985567981,8357
ENSG00000154380,0.421732305795907,8358
ENSG00000212724,0.421642579480289,8359
ENSG00000011566,0.421560647670121,8360
ENSG00000019102,0.421204227173876,8361
ENSG00000108828,0.421182404484825,8362
ENSG00000214402,0.420939637273741,8363
ENSG00000196132,0.420768807924978,8364
ENSG00000105619,0.420529826203361,8365
ENSG00000197858,0.420155145459335,8366
ENSG00000100065,0.419939679114905,8367
ENSG00000183624,0.419777701048842,8368
ENSG00000160570,0.419439813034423,8369
ENSG00000042062,0.419308559213236,8370
ENSG00000188747,0.418648538950506,8371
ENSG00000173281,0.418553646831497,8372
ENSG00000237452,0.418454579481368,8373
ENSG00000121864,0.418432094741176,8374
ENSG00000135637,0.418402522060357,8375
ENSG00000102030,0.418358320854284,8376
ENSG00000142892,0.417876194486744,8377
ENSG00000156398,0.417840412596281,8378
ENSG00000171056,0.417461668394219,8379
ENSG00000177465,0.417438892740756,8380
ENSG00000105497,0.416664903201396,8381
ENSG00000104635,0.41662143133587,8382
ENSG00000162747,0.416279785937062,8383
ENSG00000112701,0.416023286805023,8384
ENSG00000100312,0.415807685679942,8385
ENSG00000161243,0.415491351399338,8386
ENSG00000099956,0.415076051942805,8387
ENSG00000176909,0.415015030375755,8388
ENSG00000125910,0.414490654268961,8389
ENSG00000166471,0.414379895197169,8390
ENSG00000185222,0.414304504993605,8391
ENSG00000182173,0.414017327919013,8392
ENSG00000167785,0.413066001545197,8393
ENSG00000113319,0.413008664641646,8394
ENSG00000136698,0.412962695930124,8395
ENSG00000159131,0.412597638775944,8396
ENSG00000165985,0.412521161293917,8397
ENSG00000154370,0.411794990887167,8398
ENSG00000100592,0.410656988708361,8399
ENSG00000118004,0.410484169844749,8400
ENSG00000135596,0.410450257791264,8401
ENSG00000153879,0.409133722802624,8402
ENSG00000157240,0.408783376392425,8403
ENSG00000174132,0.407971118963382,8404
ENSG00000115386,0.407802727166356,8405
ENSG00000064607,0.407717325599806,8406
ENSG00000107719,0.407239047307921,8407
ENSG00000101412,0.407184036665254,8408
ENSG00000173548,0.407104080370569,8409
ENSG00000134884,0.406773551544606,8410
ENSG00000035664,0.40661629512551,8411
ENSG00000141076,0.405206568859119,8412
ENSG00000104549,0.405067142058928,8413
ENSG00000160284,0.404783440626372,8414
ENSG00000102054,0.404687135923086,8415
ENSG00000228198,0.404221838242811,8416
ENSG00000145832,0.403520827864566,8417
ENSG00000125844,0.40343625101434,8418
ENSG00000113552,0.403357429150405,8419
ENSG00000171311,0.403343904655558,8420
ENSG00000068650,0.402965195925382,8421
ENSG00000163885,0.402142902434163,8422
ENSG00000179709,0.402057802879135,8423
ENSG00000114902,0.402048284058983,8424
ENSG00000134363,0.402032366718589,8425
ENSG00000186185,0.40188113043143,8426
ENSG00000101180,0.401637682343187,8427
ENSG00000138472,0.401444625978591,8428
ENSG00000130560,0.401440958557503,8429
ENSG00000163017,0.401378960784408,8430
ENSG00000116273,0.40101646126478,8431
ENSG00000205581,0.399966869215787,8432
ENSG00000162129,0.399537594363879,8433
ENSG00000112041,0.399218322677451,8434
ENSG00000174948,0.399091970245441,8435
ENSG00000132591,0.399081649613492,8436
ENSG00000243772,0.398585922575093,8437
ENSG00000198363,0.398526255846133,8438
ENSG00000167113,0.398293125240582,8439
ENSG00000147223,0.398172761506185,8440
ENSG00000140391,0.397793697998908,8441
ENSG00000126858,0.397782673017056,8442
ENSG00000129173,0.397444262054481,8443
ENSG00000133980,0.397391390419129,8444
ENSG00000186810,0.396950777780206,8445
ENSG00000108100,0.39679505149828,8446
ENSG00000088808,0.396251716843952,8447
ENSG00000145494,0.39594884568224,8448
ENSG00000197405,0.39559801115263,8449
ENSG00000188243,0.39544471138416,8450
ENSG00000099991,0.395408093351593,8451
ENSG00000166024,0.395213107190729,8452
ENSG00000151693,0.394490862120963,8453
ENSG00000125780,0.394363124283409,8454
ENSG00000160183,0.39428183653218,8455
ENSG00000074266,0.394255039971038,8456
ENSG00000189339,0.394255039971038,8457
ENSG00000185052,0.394230868802464,8458
ENSG00000059145,0.394187679562077,8459
ENSG00000130725,0.394140092926686,8460
ENSG00000149507,0.393462440257856,8461
ENSG00000128016,0.393401577199169,8462
ENSG00000174953,0.393078131936461,8463
ENSG00000112499,0.392866245454177,8464
ENSG00000012817,0.392449856862164,8465
ENSG00000197045,0.392221507385509,8466
ENSG00000133740,0.392135389218496,8467
ENSG00000021762,0.391775292799212,8468
ENSG00000133063,0.391699683230476,8469
ENSG00000196456,0.391396117986951,8470
ENSG00000080802,0.391365781486908,8471
ENSG00000132109,0.391338531045796,8472
ENSG00000163170,0.391110520101778,8473
ENSG00000100427,0.390787031330987,8474
ENSG00000105996,0.390740738967757,8475
ENSG00000180233,0.390740738967757,8476
ENSG00000128564,0.390734905685575,8477
ENSG00000181135,0.390109080773185,8478
ENSG00000108064,0.389983278146356,8479
ENSG00000115307,0.389380827834015,8480
ENSG00000114779,0.388527800207923,8481
ENSG00000178776,0.388322961823327,8482
ENSG00000177054,0.388291126400058,8483
ENSG00000013374,0.387940413178265,8484
ENSG00000055163,0.387869884766882,8485
ENSG00000122824,0.38768983959172,8486
ENSG00000176261,0.387437413894222,8487
ENSG00000148341,0.387074971264461,8488
ENSG00000101280,0.387000512857994,8489
ENSG00000153902,0.386748876352016,8490
ENSG00000119661,0.3865319540274,8491
ENSG00000124875,0.386299361275323,8492
ENSG00000177363,0.386266453010423,8493
ENSG00000069020,0.385916779227413,8494
ENSG00000107651,0.385916779227413,8495
ENSG00000027847,0.385667034990824,8496
ENSG00000109625,0.385594097514542,8497
ENSG00000085491,0.385189835417317,8498
ENSG00000112183,0.384649418834219,8499
ENSG00000177201,0.384427579982788,8500
ENSG00000163512,0.384025462387712,8501
ENSG00000105875,0.383879907340219,8502
ENSG00000213999,0.383463238184711,8503
ENSG00000143537,0.383369004339121,8504
ENSG00000221869,0.383123468102116,8505
ENSG00000204021,0.382811962102132,8506
ENSG00000076382,0.382805855696333,8507
ENSG00000147649,0.382804423539406,8508
ENSG00000124216,0.382695092811391,8509
ENSG00000136856,0.382343008893084,8510
ENSG00000079462,0.382131227512116,8511
ENSG00000130377,0.382070520480137,8512
ENSG00000137575,0.382013537817074,8513
ENSG00000076513,0.381497052518629,8514
ENSG00000104388,0.381370888337999,8515
ENSG00000166188,0.38114609800815,8516
ENSG00000143179,0.380814384439378,8517
ENSG00000262246,0.380762549131032,8518
ENSG00000162510,0.380692911779653,8519
ENSG00000130159,0.38001684349787,8520
ENSG00000156671,0.379948839477598,8521
ENSG00000185658,0.379881158305427,8522
ENSG00000108771,0.379682465819351,8523
ENSG00000066923,0.379421043070208,8524
ENSG00000174405,0.379044214339112,8525
ENSG00000129910,0.379038753751131,8526
ENSG00000038945,0.378893432364629,8527
ENSG00000182253,0.377859034688463,8528
ENSG00000179284,0.377759281610196,8529
ENSG00000142798,0.37729275859319,8530
ENSG00000203734,0.37715928334101,8531
ENSG00000130414,0.377103942576476,8532
ENSG00000170515,0.376763450299231,8533
ENSG00000073331,0.376555254227133,8534
ENSG00000225921,0.376115498736675,8535
ENSG00000182870,0.375940958931926,8536
ENSG00000105701,0.375934957765334,8537
ENSG00000197520,0.375585452564745,8538
ENSG00000075826,0.375215933287283,8539
ENSG00000122584,0.374811844871088,8540
ENSG00000164053,0.37471821419787,8541
ENSG00000143862,0.374637414887313,8542
ENSG00000109089,0.374036832793036,8543
ENSG00000178397,0.374003552396331,8544
ENSG00000163803,0.373295834510962,8545
ENSG00000100647,0.372938710668997,8546
ENSG00000151332,0.372718060563842,8547
ENSG00000009724,0.372281907192817,8548
ENSG00000100151,0.371726369506854,8549
ENSG00000205126,0.37099536240632,8550
ENSG00000110171,0.369928774048018,8551
ENSG00000226174,0.369799078664408,8552
ENSG00000186038,0.369717489087692,8553
ENSG00000171509,0.369536418621847,8554
ENSG00000106615,0.369144921366995,8555
ENSG00000122033,0.369100905982632,8556
ENSG00000115956,0.369025323509266,8557
ENSG00000102024,0.36892274887337,8558
ENSG00000168958,0.368598742611182,8559
ENSG00000204382,0.368447177967639,8560
ENSG00000165175,0.368369608053747,8561
ENSG00000165929,0.368235017052546,8562
ENSG00000072657,0.367772903530271,8563
ENSG00000178358,0.367718104527972,8564
ENSG00000089060,0.367478549487216,8565
ENSG00000087302,0.367300312602449,8566
ENSG00000140749,0.367230911415245,8567
ENSG00000176692,0.367048943218135,8568
ENSG00000160932,0.366977839366824,8569
ENSG00000128534,0.366843969103328,8570
ENSG00000127083,0.366696523925406,8571
ENSG00000149571,0.366593756313436,8572
ENSG00000141568,0.366265559826774,8573
ENSG00000118263,0.364693926210428,8574
ENSG00000182197,0.36436948987504,8575
ENSG00000116133,0.364335141939198,8576
ENSG00000187068,0.364180410992339,8577
ENSG00000011451,0.363918946169317,8578
ENSG00000162542,0.363108931572759,8579
ENSG00000157219,0.363011685831609,8580
ENSG00000162366,0.362873481293296,8581
ENSG00000086848,0.362295007760666,8582
ENSG00000160190,0.362212696514351,8583
ENSG00000174307,0.362180922075357,8584
ENSG00000166091,0.361313151835273,8585
ENSG00000214026,0.360729311666385,8586
ENSG00000101104,0.360676615319926,8587
ENSG00000235173,0.360675241639197,8588
ENSG00000095752,0.360322625086676,8589
ENSG00000268223,0.360288655008975,8590
ENSG00000173597,0.360218022371875,8591
ENSG00000110042,0.36011534054436,8592
ENSG00000008196,0.36009605111157,8593
ENSG00000034713,0.359299110226573,8594
ENSG00000179954,0.35927628335533,8595
ENSG00000140527,0.359141894731758,8596
ENSG00000187105,0.359036088958543,8597
ENSG00000060656,0.358618102681462,8598
ENSG00000078795,0.358441104095924,8599
ENSG00000182541,0.358351973423676,8600
ENSG00000196684,0.358319242140802,8601
ENSG00000174748,0.357858534298124,8602
ENSG00000089820,0.357162014973888,8603
ENSG00000244165,0.356884612775757,8604
ENSG00000107262,0.356272229629052,8605
ENSG00000187522,0.355639832358987,8606
ENSG00000152944,0.35455574775173,8607
ENSG00000196914,0.354483643256157,8608
ENSG00000124222,0.354394323520261,8609
ENSG00000197980,0.35427833167318,8610
ENSG00000106025,0.354160945257085,8611
ENSG00000189013,0.353443247570685,8612
ENSG00000153558,0.353417832764331,8613
ENSG00000188039,0.353377391926133,8614
ENSG00000078549,0.35321475360448,8615
ENSG00000101346,0.353154244056092,8616
ENSG00000182489,0.352771519247093,8617
ENSG00000154447,0.352583546473819,8618
ENSG00000214102,0.352353349983401,8619
ENSG00000143228,0.352292576395848,8620
ENSG00000086619,0.352161511732818,8621
ENSG00000101938,0.351148279998393,8622
ENSG00000221947,0.35087772267879,8623
ENSG00000166326,0.350686558956448,8624
ENSG00000141699,0.350406073716507,8625
ENSG00000090097,0.35037791467685,8626
ENSG00000123992,0.350305652906471,8627
ENSG00000135272,0.350016568596315,8628
ENSG00000160471,0.349969850978247,8629
ENSG00000187772,0.349927909096994,8630
ENSG00000011332,0.349162456264545,8631
ENSG00000167772,0.348905960213415,8632
ENSG00000175018,0.348876738454215,8633
ENSG00000187566,0.348833605816646,8634
ENSG00000011347,0.348650622465022,8635
ENSG00000157326,0.34830290577031,8636
ENSG00000172115,0.347850536706539,8637
ENSG00000187783,0.34731991616496,8638
ENSG00000188820,0.347283269770855,8639
ENSG00000143947,0.347225533686455,8640
ENSG00000212747,0.346924084168568,8641
ENSG00000145087,0.346727198773497,8642
ENSG00000168395,0.346701896752871,8643
ENSG00000172315,0.346277808830077,8644
ENSG00000131408,0.346211158111342,8645
ENSG00000145491,0.345916335146997,8646
ENSG00000141293,0.34555364645878,8647
ENSG00000040199,0.34521336545844,8648
ENSG00000187630,0.345203178628866,8649
ENSG00000144535,0.344811726956512,8650
ENSG00000166979,0.344450507081987,8651
ENSG00000187650,0.34413993410836,8652
ENSG00000121380,0.343878135190171,8653
ENSG00000176148,0.343659562564266,8654
ENSG00000172139,0.343580623091199,8655
ENSG00000183726,0.343445680951949,8656
ENSG00000158578,0.343253963818615,8657
ENSG00000198881,0.342525303553615,8658
ENSG00000167461,0.341916624913969,8659
ENSG00000145103,0.341742975382291,8660
ENSG00000121318,0.341716389807378,8661
ENSG00000107738,0.341469166649389,8662
ENSG00000137877,0.341074991399437,8663
ENSG00000245680,0.340781433827331,8664
ENSG00000165091,0.340425819790966,8665
ENSG00000071073,0.34032883978797,8666
ENSG00000130158,0.340300912823318,8667
ENSG00000159788,0.339958393145572,8668
ENSG00000120049,0.339872460614733,8669
ENSG00000112249,0.339692246886698,8670
ENSG00000138061,0.33951397798321,8671
ENSG00000112796,0.339418400554561,8672
ENSG00000213906,0.339394699018638,8673
ENSG00000152253,0.339379639993655,8674
ENSG00000119715,0.339270906394289,8675
ENSG00000089916,0.33894859716206,8676
ENSG00000103024,0.338930937133351,8677
ENSG00000114738,0.338854784364579,8678
ENSG00000111012,0.338424804653616,8679
ENSG00000122643,0.338423412814456,8680
ENSG00000173269,0.338289194957601,8681
ENSG00000168140,0.337672140715933,8682
ENSG00000169239,0.337504989776004,8683
ENSG00000051108,0.337126562764679,8684
ENSG00000128710,0.336999831062858,8685
ENSG00000155229,0.336872592951433,8686
ENSG00000125827,0.336675247989246,8687
ENSG00000125841,0.336190908508725,8688
ENSG00000166866,0.336124150920659,8689
ENSG00000169282,0.335980469843838,8690
ENSG00000182575,0.335689193301136,8691
ENSG00000183828,0.335128931286803,8692
ENSG00000132780,0.335006426756765,8693
ENSG00000119408,0.334948818934179,8694
ENSG00000273045,0.334901976703259,8695
ENSG00000115194,0.334881523809479,8696
ENSG00000174652,0.334877744495694,8697
ENSG00000198546,0.33474353380024,8698
ENSG00000151117,0.33460557885014,8699
ENSG00000182087,0.334046577063691,8700
ENSG00000165507,0.333764080803783,8701
ENSG00000133328,0.333472847762103,8702
ENSG00000103888,0.333352538763938,8703
ENSG00000175137,0.332942871716248,8704
ENSG00000167325,0.332874433529385,8705
ENSG00000198492,0.332730101990339,8706
ENSG00000166347,0.332667482893361,8707
ENSG00000129158,0.332639181543895,8708
ENSG00000188124,0.332465918029557,8709
ENSG00000115840,0.332258386824935,8710
ENSG00000176798,0.332212574221288,8711
ENSG00000178038,0.331996435052293,8712
ENSG00000171942,0.331986724574053,8713
ENSG00000198382,0.331962873888522,8714
ENSG00000101146,0.331689127954916,8715
ENSG00000131737,0.33166021393337,8716
ENSG00000134697,0.331572496605839,8717
ENSG00000135624,0.331290478466908,8718
ENSG00000072506,0.331255336928167,8719
ENSG00000114450,0.331037647291087,8720
ENSG00000102393,0.33082508484734,8721
ENSG00000179468,0.330538819253125,8722
ENSG00000168685,0.330516075329051,8723
ENSG00000155506,0.330430937598343,8724
ENSG00000189157,0.329941993664717,8725
ENSG00000215475,0.329588258731664,8726
ENSG00000151778,0.328859083046103,8727
ENSG00000134684,0.328602734734537,8728
ENSG00000175344,0.328567112198041,8729
ENSG00000186458,0.328511928541673,8730
ENSG00000158079,0.328133870837191,8731
ENSG00000138316,0.328097002519949,8732
ENSG00000147669,0.327984381560455,8733
ENSG00000161911,0.327888087723419,8734
ENSG00000180875,0.327383132530133,8735
ENSG00000103174,0.327161160945252,8736
ENSG00000116649,0.326917113414798,8737
ENSG00000137818,0.326894212992633,8738
ENSG00000196368,0.326401308044551,8739
ENSG00000120662,0.326022796105583,8740
ENSG00000122705,0.32561728247313,8741
ENSG00000113318,0.325471144825346,8742
ENSG00000254901,0.325450219581253,8743
ENSG00000259120,0.325041138315726,8744
ENSG00000167685,0.324907504950184,8745
ENSG00000167770,0.324851421321102,8746
ENSG00000183690,0.324715457055212,8747
ENSG00000187840,0.324546755183226,8748
ENSG00000258366,0.324170094551031,8749
ENSG00000214827,0.324165255087295,8750
ENSG00000160224,0.323773166839935,8751
ENSG00000166133,0.323773166839935,8752
ENSG00000213215,0.323773166839935,8753
ENSG00000160072,0.323417151632664,8754
ENSG00000198542,0.323255057719998,8755
ENSG00000102316,0.323221660614101,8756
ENSG00000155495,0.322983001616143,8757
ENSG00000129347,0.322906974126647,8758
ENSG00000162373,0.322899197524675,8759
ENSG00000005156,0.322820717180788,8760
ENSG00000158560,0.322434625226307,8761
ENSG00000198643,0.322046119358391,8762
ENSG00000080224,0.321950595699658,8763
ENSG00000121440,0.321915746199957,8764
ENSG00000188818,0.321119617611053,8765
ENSG00000134602,0.319985593553814,8766
ENSG00000137074,0.319969797083783,8767
ENSG00000244122,0.319736481712433,8768
ENSG00000161973,0.318859111014681,8769
ENSG00000046651,0.318360423597333,8770
ENSG00000157538,0.318308690005794,8771
ENSG00000091651,0.317962556474711,8772
ENSG00000189058,0.317740796606406,8773
ENSG00000185088,0.317453541910829,8774
ENSG00000164440,0.317419761073485,8775
ENSG00000197312,0.317325404609728,8776
ENSG00000082684,0.317203514888188,8777
ENSG00000102996,0.317099572506559,8778
ENSG00000132205,0.316839276447659,8779
ENSG00000169762,0.316690807397696,8780
ENSG00000161642,0.316539635974041,8781
ENSG00000153485,0.315636240477048,8782
ENSG00000040731,0.315485961962229,8783
ENSG00000170703,0.315457906868229,8784
ENSG00000095596,0.315131841135182,8785
ENSG00000151789,0.314614085242327,8786
ENSG00000003249,0.314495082279493,8787
ENSG00000052802,0.314251587645835,8788
ENSG00000108179,0.314251587645835,8789
ENSG00000146094,0.314251587645835,8790
ENSG00000170325,0.314246520228036,8791
ENSG00000254685,0.314238326139897,8792
ENSG00000130950,0.314174680833705,8793
ENSG00000171105,0.313843203516313,8794
ENSG00000184897,0.313766610008897,8795
ENSG00000147124,0.313734132206711,8796
ENSG00000177225,0.31306013059718,8797
ENSG00000241839,0.312939820958176,8798
ENSG00000114423,0.312738086644611,8799
ENSG00000163931,0.312509635985538,8800
ENSG00000127249,0.312423929584751,8801
ENSG00000119574,0.312100065758988,8802
ENSG00000179083,0.312097391876858,8803
ENSG00000139626,0.311866082236695,8804
ENSG00000189337,0.311383075170539,8805
ENSG00000146072,0.311187973027752,8806
ENSG00000147255,0.31063305835324,8807
ENSG00000127540,0.310501740742662,8808
ENSG00000100060,0.310297851909017,8809
ENSG00000110934,0.310205344317379,8810
ENSG00000177556,0.309559211856626,8811
ENSG00000125931,0.309181847583328,8812
ENSG00000104147,0.308233125451722,8813
ENSG00000118473,0.308226672624965,8814
ENSG00000261652,0.308197385724372,8815
ENSG00000158050,0.308187917301773,8816
ENSG00000092607,0.308179093198574,8817
ENSG00000232237,0.307668684922253,8818
ENSG00000162104,0.307572187187925,8819
ENSG00000169567,0.307279047243646,8820
ENSG00000170954,0.307163525686366,8821
ENSG00000123268,0.307037970473291,8822
ENSG00000197879,0.306897902259801,8823
ENSG00000109205,0.306616856300679,8824
ENSG00000115970,0.306468191698132,8825
ENSG00000164976,0.305612888948588,8826
ENSG00000204498,0.305092501086212,8827
ENSG00000136379,0.304718224341807,8828
ENSG00000090470,0.304599777365809,8829
ENSG00000144152,0.30310742154871,8830
ENSG00000173614,0.302792159602866,8831
ENSG00000122642,0.302330693165968,8832
ENSG00000056050,0.302101322884839,8833
ENSG00000068354,0.301371509785775,8834
ENSG00000152061,0.300803060392456,8835
ENSG00000134897,0.300561436238695,8836
ENSG00000147378,0.300428746979305,8837
ENSG00000166562,0.300021145313058,8838
ENSG00000092203,0.299967504416462,8839
ENSG00000182183,0.299951328825613,8840
ENSG00000178199,0.299723962959426,8841
ENSG00000176399,0.299701086433226,8842
ENSG00000178035,0.299666994308762,8843
ENSG00000203943,0.299495907439879,8844
ENSG00000155636,0.299007907145089,8845
ENSG00000185340,0.298633362333756,8846
ENSG00000178150,0.298002993843853,8847
ENSG00000106780,0.297442006102268,8848
ENSG00000155875,0.29666543955027,8849
ENSG00000126709,0.29654096663042,8850
ENSG00000167183,0.296351892313782,8851
ENSG00000070366,0.295803007279444,8852
ENSG00000183963,0.295741199371603,8853
ENSG00000005001,0.295572173708361,8854
ENSG00000108262,0.295425270976337,8855
ENSG00000154328,0.2953771882002,8856
ENSG00000139985,0.295375687897322,8857
ENSG00000167968,0.295340220607261,8858
ENSG00000140950,0.294587811496497,8859
ENSG00000112212,0.294474720389058,8860
ENSG00000197780,0.293977291668649,8861
ENSG00000177721,0.293890470334723,8862
ENSG00000143324,0.293882293211167,8863
ENSG00000124243,0.293803975906259,8864
ENSG00000050555,0.293746007696217,8865
ENSG00000110917,0.29321908658633,8866
ENSG00000085514,0.293168949470374,8867
ENSG00000169016,0.292736706663214,8868
ENSG00000196683,0.291623381404723,8869
ENSG00000178171,0.291134584789151,8870
ENSG00000107077,0.290461208256798,8871
ENSG00000130638,0.290355498476361,8872
ENSG00000177294,0.290311566522694,8873
ENSG00000104140,0.289973779349763,8874
ENSG00000111832,0.289322421690937,8875
ENSG00000142864,0.289207388473831,8876
ENSG00000122025,0.288851176280998,8877
ENSG00000135722,0.288634395118112,8878
ENSG00000140575,0.287976510020177,8879
ENSG00000122180,0.287530602346262,8880
ENSG00000135211,0.286644113926217,8881
ENSG00000143498,0.286257175837323,8882
ENSG00000063180,0.286248986893994,8883
ENSG00000181625,0.286012752016541,8884
ENSG00000016402,0.285437049912311,8885
ENSG00000185728,0.28537546811652,8886
ENSG00000048540,0.285333584421489,8887
ENSG00000081087,0.285073110721842,8888
ENSG00000180198,0.284692886221863,8889
ENSG00000197930,0.28417508288564,8890
ENSG00000142627,0.284117432725267,8891
ENSG00000175868,0.283813169716421,8892
ENSG00000013441,0.282636824923857,8893
ENSG00000117115,0.282571802883585,8894
ENSG00000204544,0.281902282236784,8895
ENSG00000186871,0.281792974608678,8896
ENSG00000256223,0.281778722471914,8897
ENSG00000078618,0.281658111200217,8898
ENSG00000206562,0.281397434697468,8899
ENSG00000179796,0.281082332357189,8900
ENSG00000177354,0.280986826179476,8901
ENSG00000185053,0.280927647362303,8902
ENSG00000156804,0.280759331297886,8903
ENSG00000161277,0.280152390504431,8904
ENSG00000101342,0.280027670344265,8905
ENSG00000115523,0.279887898296349,8906
ENSG00000103550,0.279887898296347,8907
ENSG00000166922,0.279868632493599,8908
ENSG00000184281,0.279781023504844,8909
ENSG00000132359,0.279773527660617,8910
ENSG00000099812,0.279512197658769,8911
ENSG00000204644,0.27950847524171,8912
ENSG00000165195,0.279289558960838,8913
ENSG00000004846,0.278618820801494,8914
ENSG00000147123,0.278511725533009,8915
ENSG00000182149,0.278316052814422,8916
ENSG00000163026,0.27817754557544,8917
ENSG00000094916,0.277902230497828,8918
ENSG00000204913,0.277736223247241,8919
ENSG00000060566,0.277605381758389,8920
ENSG00000196867,0.277272034409945,8921
ENSG00000074603,0.277083424431916,8922
ENSG00000011009,0.277031179297631,8923
ENSG00000167815,0.276592299497977,8924
ENSG00000160888,0.276590824774816,8925
ENSG00000177628,0.276267105174862,8926
ENSG00000161664,0.276036938363977,8927
ENSG00000173230,0.275710067429158,8928
ENSG00000141570,0.275514649885467,8929
ENSG00000147206,0.275264675674407,8930
ENSG00000108523,0.275224673202611,8931
ENSG00000142168,0.275046365809404,8932
ENSG00000114739,0.274834612008475,8933
ENSG00000136888,0.274776626739766,8934
ENSG00000141433,0.27465510227871,8935
ENSG00000165416,0.27412383131175,8936
ENSG00000158019,0.274078931747121,8937
ENSG00000132881,0.273662321317766,8938
ENSG00000102226,0.273579259736846,8939
ENSG00000106245,0.272610018830892,8940
ENSG00000040933,0.272029562767598,8941
ENSG00000179021,0.27131232900836,8942
ENSG00000168237,0.271300270045409,8943
ENSG00000179698,0.270433885581806,8944
ENSG00000180354,0.270293478352491,8945
ENSG00000180530,0.270137712572747,8946
ENSG00000048544,0.270137712572746,8947
ENSG00000251369,0.270137712572746,8948
ENSG00000106733,0.269970877819007,8949
ENSG00000073598,0.269955017419299,8950
ENSG00000196422,0.26989190192862,8951
ENSG00000143612,0.269573235169344,8952
ENSG00000141376,0.2695444122754,8953
ENSG00000158423,0.269257818215003,8954
ENSG00000178104,0.26857722265843,8955
ENSG00000126882,0.268573624406147,8956
ENSG00000140092,0.268352257350038,8957
ENSG00000205629,0.268310894828057,8958
ENSG00000130590,0.267187587845081,8959
ENSG00000132394,0.266849844010654,8960
ENSG00000143493,0.266426642435836,8961
ENSG00000117408,0.266278064410012,8962
ENSG00000163499,0.265645661280199,8963
ENSG00000144648,0.265521000654624,8964
ENSG00000120925,0.264647574783012,8965
ENSG00000166596,0.264526067978906,8966
ENSG00000041515,0.26423510098621,8967
ENSG00000177192,0.26384260144868,8968
ENSG00000154767,0.263653638791974,8969
ENSG00000106392,0.263387877386413,8970
ENSG00000126856,0.262464131465633,8971
ENSG00000129562,0.262394904652826,8972
ENSG00000198833,0.262394904652826,8973
ENSG00000180210,0.262069051679449,8974
ENSG00000051128,0.261640558225541,8975
ENSG00000198929,0.26162674398485,8976
ENSG00000183709,0.261125596492086,8977
ENSG00000073146,0.260877795158347,8978
ENSG00000100320,0.260789000745157,8979
ENSG00000067840,0.260493825978504,8980
ENSG00000188760,0.260300259629672,8981
ENSG00000176444,0.260093248348741,8982
ENSG00000102174,0.259544360722959,8983
ENSG00000162843,0.259417995712665,8984
ENSG00000121060,0.25854488600976,8985
ENSG00000186814,0.257949586687202,8986
ENSG00000204371,0.257576525661279,8987
ENSG00000134013,0.257104151375243,8988
ENSG00000151006,0.256809777221177,8989
ENSG00000159079,0.256534344251624,8990
ENSG00000136045,0.256119208058226,8991
ENSG00000213719,0.255768131718258,8992
ENSG00000186090,0.255527911474754,8993
ENSG00000146904,0.254802948185243,8994
ENSG00000148735,0.254789355799461,8995
ENSG00000111665,0.254729220854177,8996
ENSG00000176731,0.254677874835859,8997
ENSG00000160803,0.254617416743262,8998
ENSG00000159723,0.254334881984338,8999
ENSG00000138483,0.254016972268015,9000
ENSG00000047662,0.25367585395815,9001
ENSG00000119508,0.253361222410279,9002
ENSG00000152795,0.253191773939725,9003
ENSG00000106034,0.252053610041701,9004
ENSG00000156860,0.251784327339788,9005
ENSG00000197345,0.251451512651314,9006
ENSG00000163682,0.250990165785959,9007
ENSG00000204967,0.250882507432136,9008
ENSG00000186409,0.250369734350214,9009
ENSG00000125686,0.250357440715365,9010
ENSG00000179918,0.249954948822453,9011
ENSG00000180287,0.249555068448186,9012
ENSG00000176678,0.249351671030897,9013
ENSG00000113088,0.249039174503205,9014
ENSG00000179403,0.248940509056798,9015
ENSG00000126756,0.248821590337283,9016
ENSG00000001626,0.248410544588507,9017
ENSG00000102098,0.247957526970771,9018
ENSG00000113141,0.247743853607608,9019
ENSG00000213760,0.247324857833795,9020
ENSG00000127463,0.246992851698597,9021
ENSG00000169398,0.24675353045488,9022
ENSG00000197343,0.246463964953335,9023
ENSG00000137054,0.245852129235574,9024
ENSG00000196209,0.24448839689017,9025
ENSG00000115289,0.244251186544032,9026
ENSG00000132467,0.243642321483236,9027
ENSG00000185808,0.243226012130501,9028
ENSG00000010810,0.242884391502565,9029
ENSG00000054118,0.242829875129952,9030
ENSG00000115750,0.242829875129952,9031
ENSG00000116161,0.242829875129952,9032
ENSG00000128276,0.242829875129952,9033
ENSG00000148300,0.242829875129952,9034
ENSG00000185842,0.242829875129952,9035
ENSG00000187918,0.242829875129952,9036
ENSG00000198040,0.242829875129952,9037
ENSG00000205060,0.242829875129952,9038
ENSG00000152778,0.242706860772479,9039
ENSG00000248485,0.242441434301552,9040
ENSG00000133027,0.24090186309713,9041
ENSG00000182636,0.240375539612869,9042
ENSG00000186288,0.240318231985089,9043
ENSG00000185359,0.240053296118349,9044
ENSG00000182054,0.23967940860994,9045
ENSG00000105717,0.239357241511549,9046
ENSG00000135677,0.238242455321277,9047
ENSG00000169750,0.238083708454814,9048
ENSG00000137441,0.238004960131904,9049
ENSG00000187550,0.237816382126883,9050
ENSG00000169744,0.237574616928679,9051
ENSG00000161904,0.237567839020876,9052
ENSG00000113805,0.237255153863182,9053
ENSG00000163485,0.236916895367525,9054
ENSG00000196834,0.236891518351476,9055
ENSG00000162614,0.236535088985144,9056
ENSG00000166181,0.236168667144142,9057
ENSG00000165244,0.236157944853698,9058
ENSG00000197020,0.236155414187542,9059
ENSG00000108684,0.236122291700385,9060
ENSG00000242221,0.235997945237815,9061
ENSG00000203952,0.235485690549074,9062
ENSG00000218336,0.235285082902759,9063
ENSG00000114771,0.235026281884566,9064
ENSG00000135702,0.234666059535041,9065
ENSG00000001167,0.234416705922442,9066
ENSG00000070770,0.234394726478655,9067
ENSG00000100201,0.234333623752795,9068
ENSG00000096996,0.234297985964513,9069
ENSG00000196666,0.234254015327519,9070
ENSG00000198915,0.234027447370783,9071
ENSG00000121101,0.233982318782655,9072
ENSG00000206561,0.233519850225639,9073
ENSG00000198354,0.233428569553507,9074
ENSG00000171659,0.233042551919,9075
ENSG00000145214,0.232998561425119,9076
ENSG00000163468,0.232969215351652,9077
ENSG00000100918,0.232373194157321,9078
ENSG00000100994,0.23230851344188,9079
ENSG00000205502,0.23165763421595,9080
ENSG00000189362,0.231550067536448,9081
ENSG00000133872,0.231088505507954,9082
ENSG00000119878,0.230842391751808,9083
ENSG00000088002,0.230741399243416,9084
ENSG00000175482,0.230538836639666,9085
ENSG00000102978,0.230373049782698,9086
ENSG00000115350,0.229903839267366,9087
ENSG00000183655,0.228637110818876,9088
ENSG00000243710,0.228208338028435,9089
ENSG00000177981,0.228164056414509,9090
ENSG00000154099,0.228117887885961,9091
ENSG00000173275,0.228057637946826,9092
ENSG00000167981,0.227917044082787,9093
ENSG00000105771,0.227809580435714,9094
ENSG00000129933,0.227749740671366,9095
ENSG00000182325,0.227647398805995,9096
ENSG00000197081,0.227494533829609,9097
ENSG00000138801,0.227279870025334,9098
ENSG00000185189,0.227135847027283,9099
ENSG00000136866,0.226933291139911,9100
ENSG00000100678,0.226406997106184,9101
ENSG00000184845,0.226330343643442,9102
ENSG00000183807,0.225623598077364,9103
ENSG00000197872,0.225573254741335,9104
ENSG00000198624,0.225502163001365,9105
ENSG00000229809,0.225480748032354,9106
ENSG00000177694,0.224948507506342,9107
ENSG00000197021,0.224798720091949,9108
ENSG00000087237,0.22461981773343,9109
ENSG00000205542,0.224291588521199,9110
ENSG00000077264,0.224082478093166,9111
ENSG00000177108,0.223819390543187,9112
ENSG00000186868,0.223773184051155,9113
ENSG00000099992,0.223159691948662,9114
ENSG00000145979,0.22303038233288,9115
ENSG00000198792,0.222962312585965,9116
ENSG00000171790,0.222936473440767,9117
ENSG00000214960,0.222921766843545,9118
ENSG00000008118,0.222744136397187,9119
ENSG00000140543,0.222511108483799,9120
ENSG00000184408,0.222443001374749,9121
ENSG00000213190,0.222394474491712,9122
ENSG00000162511,0.222284480305505,9123
ENSG00000272047,0.222245405848167,9124
ENSG00000054938,0.2220910278964,9125
ENSG00000181847,0.222032152829997,9126
ENSG00000196704,0.221852770562826,9127
ENSG00000148483,0.221354631000402,9128
ENSG00000127580,0.221079997823945,9129
ENSG00000025039,0.22103933165496,9130
ENSG00000171174,0.220905449270445,9131
ENSG00000131849,0.220806559594348,9132
ENSG00000147041,0.220045939849595,9133
ENSG00000171611,0.220036284011774,9134
ENSG00000132676,0.219902336089974,9135
ENSG00000011260,0.219663062070674,9136
ENSG00000196296,0.219560331313695,9137
ENSG00000086758,0.219412063954022,9138
ENSG00000143119,0.219112560703745,9139
ENSG00000256762,0.219047909212081,9140
ENSG00000174792,0.21904790921208,9141
ENSG00000009765,0.219032966544954,9142
ENSG00000108592,0.218984329868021,9143
ENSG00000162734,0.218938777268282,9144
ENSG00000130303,0.218778684337742,9145
ENSG00000116977,0.218040331128454,9146
ENSG00000196387,0.217392461169125,9147
ENSG00000119471,0.216953330976427,9148
ENSG00000204390,0.216865854098753,9149
ENSG00000183060,0.216802618801767,9150
ENSG00000177873,0.216451908967836,9151
ENSG00000205221,0.216305191447827,9152
ENSG00000162624,0.216158197948622,9153
ENSG00000197472,0.216076889642589,9154
ENSG00000169926,0.215570785740396,9155
ENSG00000115947,0.215534297171951,9156
ENSG00000108239,0.215504868115026,9157
ENSG00000196338,0.215449816796667,9158
ENSG00000165502,0.21536009277558,9159
ENSG00000071655,0.215323495520264,9160
ENSG00000172260,0.215265423865087,9161
ENSG00000166441,0.215173092388541,9162
ENSG00000214087,0.215029552381646,9163
ENSG00000008441,0.214806836667947,9164
ENSG00000147164,0.214782091482717,9165
ENSG00000196284,0.214544258189249,9166
ENSG00000009830,0.214519450799053,9167
ENSG00000047056,0.214114038438158,9168
ENSG00000164885,0.213587428383747,9169
ENSG00000142279,0.21341101548716,9170
ENSG00000140400,0.213122075818465,9171
ENSG00000131475,0.212945859310141,9172
ENSG00000175467,0.212637391227756,9173
ENSG00000112208,0.212306453360192,9174
ENSG00000145734,0.210642093700335,9175
ENSG00000124172,0.210371580936422,9176
ENSG00000142961,0.210350939300581,9177
ENSG00000143595,0.210305836563329,9178
ENSG00000183273,0.210147892465466,9179
ENSG00000171560,0.210005896367082,9180
ENSG00000110200,0.20991592372226,9181
ENSG00000125247,0.209915923722259,9182
ENSG00000149257,0.209792103956715,9183
ENSG00000176842,0.20963470193051,9184
ENSG00000157741,0.209365685757599,9185
ENSG00000128709,0.209312446580433,9186
ENSG00000196821,0.209083414443884,9187
ENSG00000108878,0.208812484986271,9188
ENSG00000154127,0.208464056540164,9189
ENSG00000083720,0.207940304947697,9190
ENSG00000113494,0.207940304947697,9191
ENSG00000171160,0.207896629185299,9192
ENSG00000170967,0.207698581990956,9193
ENSG00000075142,0.207663633009637,9194
ENSG00000185567,0.207657777359476,9195
ENSG00000149636,0.207605000466516,9196
ENSG00000102924,0.207565355480983,9197
ENSG00000166924,0.2075060937339,9198
ENSG00000173456,0.207496985369595,9199
ENSG00000163875,0.20749567136621,9200
ENSG00000062194,0.207378442173358,9201
ENSG00000085231,0.207186898045751,9202
ENSG00000142686,0.207047378249074,9203
ENSG00000168955,0.206874000092124,9204
ENSG00000131398,0.206692072392803,9205
ENSG00000170917,0.206658888373078,9206
ENSG00000104133,0.206648750258595,9207
ENSG00000130713,0.206648750258595,9208
ENSG00000196873,0.206566397510225,9209
ENSG00000125755,0.206425394428632,9210
ENSG00000165973,0.206379378197564,9211
ENSG00000140990,0.206367977500093,9212
ENSG00000183876,0.206367977500093,9213
ENSG00000118491,0.206266067387754,9214
ENSG00000244038,0.205891831234643,9215
ENSG00000175324,0.205824110699621,9216
ENSG00000150712,0.205786988633728,9217
ENSG00000100526,0.205586473400501,9218
ENSG00000125484,0.205544857361921,9219
ENSG00000132670,0.205544857361921,9220
ENSG00000141519,0.20530551022895,9221
ENSG00000090263,0.205221864874067,9222
ENSG00000204195,0.205094101095776,9223
ENSG00000075413,0.204891643999752,9224
ENSG00000184898,0.204847045049624,9225
ENSG00000157212,0.204631699735197,9226
ENSG00000142330,0.204301195830485,9227
ENSG00000141994,0.204095027715586,9228
ENSG00000165630,0.203679659019246,9229
ENSG00000232434,0.203549212117571,9230
ENSG00000179041,0.203412637343252,9231
ENSG00000143067,0.203366070257125,9232
ENSG00000117868,0.203070774102005,9233
ENSG00000213015,0.202946889157465,9234
ENSG00000166780,0.202919786964934,9235
ENSG00000145287,0.202679553675276,9236
ENSG00000076650,0.2026763199407,9237
ENSG00000138315,0.202621035216245,9238
ENSG00000128519,0.20260328442956,9239
ENSG00000130751,0.20260328442956,9240
ENSG00000154025,0.20260328442956,9241
ENSG00000167992,0.202079166259507,9242
ENSG00000170381,0.201852986817074,9243
ENSG00000158966,0.20147539205342,9244
ENSG00000166037,0.201339716933872,9245
ENSG00000166825,0.201110386582159,9246
ENSG00000086065,0.201053815196428,9247
ENSG00000113657,0.200968975708998,9248
ENSG00000169105,0.200855467770187,9249
ENSG00000105397,0.200854605473694,9250
ENSG00000176014,0.200792048470903,9251
ENSG00000159495,0.20064282609669,9252
ENSG00000118939,0.200213096531879,9253
ENSG00000099364,0.199770340952324,9254
ENSG00000167447,0.199702994858199,9255
ENSG00000070985,0.199567057319073,9256
ENSG00000105287,0.198813928828749,9257
ENSG00000244734,0.198796050741405,9258
ENSG00000048707,0.198621258339868,9259
ENSG00000167110,0.197412792936688,9260
ENSG00000166200,0.196916032932924,9261
ENSG00000100150,0.19675675833039,9262
ENSG00000138443,0.196659859731088,9263
ENSG00000152822,0.196298600039154,9264
ENSG00000124635,0.196074407359789,9265
ENSG00000147862,0.196068822911853,9266
ENSG00000111885,0.195195481597144,9267
ENSG00000173692,0.195069414260671,9268
ENSG00000112812,0.195018947075751,9269
ENSG00000153993,0.194970704454459,9270
ENSG00000163913,0.194877234432784,9271
ENSG00000148773,0.194649074763869,9272
ENSG00000197721,0.194240455068926,9273
ENSG00000125967,0.194204884710984,9274
ENSG00000198093,0.194091861673689,9275
ENSG00000135929,0.193840917393354,9276
ENSG00000167768,0.193767014242665,9277
ENSG00000129151,0.193699199067912,9278
ENSG00000158428,0.193565033482213,9279
ENSG00000198108,0.193389423141583,9280
ENSG00000179833,0.192995529258042,9281
ENSG00000136158,0.192933006580337,9282
ENSG00000112139,0.192695282289758,9283
ENSG00000164096,0.192108137569609,9284
ENSG00000143369,0.191762093455414,9285
ENSG00000087088,0.191665178731084,9286
ENSG00000149357,0.191585860710067,9287
ENSG00000181929,0.190987405050138,9288
ENSG00000134545,0.190917659832542,9289
ENSG00000089091,0.190842443828034,9290
ENSG00000132952,0.190748526259318,9291
ENSG00000167645,0.190748526259318,9292
ENSG00000011132,0.190648082097869,9293
ENSG00000185507,0.190527912252459,9294
ENSG00000189056,0.189737816704495,9295
ENSG00000167658,0.18933940277205,9296
ENSG00000117228,0.189307109798276,9297
ENSG00000242366,0.189197935535689,9298
ENSG00000221983,0.188959192462244,9299
ENSG00000169306,0.188914218336433,9300
ENSG00000256463,0.188864994692383,9301
ENSG00000099203,0.188846939260824,9302
ENSG00000198203,0.188386824272839,9303
ENSG00000162676,0.188298961191118,9304
ENSG00000148356,0.187765683520294,9305
ENSG00000159961,0.187693643059683,9306
ENSG00000102032,0.187689539775425,9307
ENSG00000128298,0.187104136938811,9308
ENSG00000185933,0.186851377217313,9309
ENSG00000108465,0.18678355233695,9310
ENSG00000168005,0.186753188169329,9311
ENSG00000213967,0.186534136512312,9312
ENSG00000255423,0.186412862791738,9313
ENSG00000138074,0.18627115131891,9314
ENSG00000244405,0.1860533001109,9315
ENSG00000113360,0.185959873498534,9316
ENSG00000197566,0.185888033187242,9317
ENSG00000215421,0.185502230847138,9318
ENSG00000162148,0.185368692822725,9319
ENSG00000147133,0.185142487500882,9320
ENSG00000243137,0.184692791399721,9321
ENSG00000118785,0.184479557246603,9322
ENSG00000196812,0.184347154538664,9323
ENSG00000173812,0.184294703848933,9324
ENSG00000170545,0.184282318163339,9325
ENSG00000070081,0.184232339724898,9326
ENSG00000204217,0.183911263063899,9327
ENSG00000173334,0.183868601477163,9328
ENSG00000177174,0.183770173927482,9329
ENSG00000171823,0.183566110014922,9330
ENSG00000149554,0.183441571232397,9331
ENSG00000132357,0.183350860710658,9332
ENSG00000126752,0.183347088468683,9333
ENSG00000197128,0.183221954575335,9334
ENSG00000173610,0.183127183050674,9335
ENSG00000204052,0.182955107566359,9336
ENSG00000173273,0.182582505885653,9337
ENSG00000169836,0.182183713456616,9338
ENSG00000164944,0.182072155154194,9339
ENSG00000143702,0.181995966308689,9340
ENSG00000153896,0.181701513863402,9341
ENSG00000204610,0.181694507411015,9342
ENSG00000159348,0.181551799602981,9343
ENSG00000105248,0.181063198792341,9344
ENSG00000117791,0.1807091301404,9345
ENSG00000089022,0.180514898775299,9346
ENSG00000163705,0.180104961337842,9347
ENSG00000170464,0.179871619539263,9348
ENSG00000013016,0.179186184748833,9349
ENSG00000170417,0.179080518647628,9350
ENSG00000204481,0.178396814086969,9351
ENSG00000154620,0.177752288411415,9352
ENSG00000077152,0.176808657938964,9353
ENSG00000198791,0.176362565539942,9354
ENSG00000127366,0.176051563659032,9355
ENSG00000214128,0.176030018973167,9356
ENSG00000188917,0.175829635639711,9357
ENSG00000187608,0.175729616024742,9358
ENSG00000100711,0.175646426319176,9359
ENSG00000197213,0.175614040872795,9360
ENSG00000198856,0.175370666717412,9361
ENSG00000132464,0.174958060152421,9362
ENSG00000144712,0.174873803583672,9363
ENSG00000092978,0.174542774802712,9364
ENSG00000110944,0.174519705134066,9365
ENSG00000185697,0.174508070510561,9366
ENSG00000121281,0.174166851336428,9367
ENSG00000100014,0.174026878073149,9368
ENSG00000109689,0.173677916355908,9369
ENSG00000147854,0.173658370860547,9370
ENSG00000228856,0.173428048905513,9371
ENSG00000157703,0.173407751144827,9372
ENSG00000177994,0.173395034898374,9373
ENSG00000084444,0.173275648204959,9374
ENSG00000143061,0.173198887652048,9375
ENSG00000164761,0.172459897235882,9376
ENSG00000100991,0.172380051038344,9377
ENSG00000171388,0.172273134838266,9378
ENSG00000136816,0.172095927238275,9379
ENSG00000183092,0.171966481180789,9380
ENSG00000075239,0.171702015617528,9381
ENSG00000163762,0.171530386566823,9382
ENSG00000013523,0.171515268173593,9383
ENSG00000124523,0.171466450410633,9384
ENSG00000058799,0.171380746394643,9385
ENSG00000171161,0.171157497484863,9386
ENSG00000109684,0.170858165104595,9387
ENSG00000160606,0.170799158389385,9388
ENSG00000103275,0.17070507388594,9389
ENSG00000170180,0.170701707009329,9390
ENSG00000152092,0.170639483695377,9391
ENSG00000174796,0.17062511026259,9392
ENSG00000109390,0.170601471286841,9393
ENSG00000100906,0.170582263799854,9394
ENSG00000000457,0.170537587694787,9395
ENSG00000186973,0.17050247358426,9396
ENSG00000127954,0.170435692195431,9397
ENSG00000146857,0.170276852013747,9398
ENSG00000177042,0.169957841167809,9399
ENSG00000134001,0.169887911367114,9400
ENSG00000255302,0.169465264537906,9401
ENSG00000188393,0.169300373453922,9402
ENSG00000160781,0.168968968202294,9403
ENSG00000009335,0.168437004897292,9404
ENSG00000116032,0.168400049117419,9405
ENSG00000007944,0.168235504372715,9406
ENSG00000158473,0.168105298371071,9407
ENSG00000187151,0.168058506352187,9408
ENSG00000084764,0.168026685749355,9409
ENSG00000139436,0.16801358793641,9410
ENSG00000172888,0.168004870777229,9411
ENSG00000166831,0.168001743232104,9412
ENSG00000186908,0.167921921683275,9413
ENSG00000112039,0.167827018845666,9414
ENSG00000170027,0.167723262949719,9415
ENSG00000137502,0.167669158232253,9416
ENSG00000162949,0.167588051299159,9417
ENSG00000090512,0.167544131097317,9418
ENSG00000139988,0.167212367076993,9419
ENSG00000205129,0.167109743709676,9420
ENSG00000104356,0.167040481003336,9421
ENSG00000164896,0.166906815727925,9422
ENSG00000106018,0.166806764238043,9423
ENSG00000136709,0.166793833646825,9424
ENSG00000187122,0.166757603045119,9425
ENSG00000153933,0.166716048626242,9426
ENSG00000099817,0.166622256620176,9427
ENSG00000164265,0.166606467239826,9428
ENSG00000213463,0.166602171671937,9429
ENSG00000169696,0.166448712899874,9430
ENSG00000179010,0.166397059733896,9431
ENSG00000068796,0.166313052027339,9432
ENSG00000183571,0.166289009695109,9433
ENSG00000100056,0.166177030564002,9434
ENSG00000102317,0.166137741777085,9435
ENSG00000137692,0.166053754153632,9436
ENSG00000175550,0.166034956427495,9437
ENSG00000175455,0.165881060224856,9438
ENSG00000091164,0.165846871067231,9439
ENSG00000164129,0.165693918510573,9440
ENSG00000163093,0.165369453245832,9441
ENSG00000159314,0.165325240755312,9442
ENSG00000137574,0.165262534326623,9443
ENSG00000135720,0.165132107549958,9444
ENSG00000171100,0.165103502558051,9445
ENSG00000102401,0.164979423119723,9446
ENSG00000171469,0.164851310119848,9447
ENSG00000055147,0.164833551682091,9448
ENSG00000075420,0.164831663492074,9449
ENSG00000165525,0.16439662945212,9450
ENSG00000143363,0.164268249404784,9451
ENSG00000168675,0.164187939726166,9452
ENSG00000189430,0.164101272155724,9453
ENSG00000163462,0.16409243679748,9454
ENSG00000111911,0.164010805132872,9455
ENSG00000125851,0.163609033944438,9456
ENSG00000171302,0.16355619576262,9457
ENSG00000088298,0.163521843734321,9458
ENSG00000189046,0.163498736793699,9459
ENSG00000175707,0.163497814837855,9460
ENSG00000140505,0.16332925292087,9461
ENSG00000196839,0.163320717593742,9462
ENSG00000171316,0.163312679229828,9463
ENSG00000149090,0.163169757886209,9464
ENSG00000100353,0.163060543096821,9465
ENSG00000134987,0.162945267668241,9466
ENSG00000163161,0.162924006258334,9467
ENSG00000132872,0.162808641236565,9468
ENSG00000136099,0.162764632623876,9469
ENSG00000084754,0.162552421962395,9470
ENSG00000130193,0.162520479307801,9471
ENSG00000135436,0.162437747717224,9472
ENSG00000169991,0.162368868975309,9473
ENSG00000011258,0.162236904201156,9474
ENSG00000139579,0.162183006110659,9475
ENSG00000157191,0.162113341302524,9476
ENSG00000133805,0.162072159416608,9477
ENSG00000163914,0.162062163503608,9478
ENSG00000153721,0.162045843297838,9479
ENSG00000167536,0.162020662248426,9480
ENSG00000145936,0.161817222777856,9481
ENSG00000123352,0.161786688192749,9482
ENSG00000146386,0.161753642017535,9483
ENSG00000145362,0.161737296325561,9484
ENSG00000031823,0.161732877283779,9485
ENSG00000167695,0.161700368838317,9486
ENSG00000174885,0.161688373079203,9487
ENSG00000143816,0.161627767899015,9488
ENSG00000076984,0.161591374127226,9489
ENSG00000099783,0.161427144056404,9490
ENSG00000152689,0.16100184160872,9491
ENSG00000180209,0.160964230317697,9492
ENSG00000197601,0.160895661403963,9493
ENSG00000008226,0.160666359179537,9494
ENSG00000118946,0.160532315098215,9495
ENSG00000108784,0.160396792584448,9496
ENSG00000165280,0.160056301601926,9497
ENSG00000084693,0.159904543801131,9498
ENSG00000163374,0.159840849251668,9499
ENSG00000175787,0.159833245104426,9500
ENSG00000079432,0.159646939900558,9501
ENSG00000179832,0.159523994803196,9502
ENSG00000139547,0.1594530936745,9503
ENSG00000007350,0.159425131915588,9504
ENSG00000204839,0.159283750618517,9505
ENSG00000197408,0.159241143853113,9506
ENSG00000116539,0.159197006261275,9507
ENSG00000149289,0.159183517134919,9508
ENSG00000157193,0.159150576021879,9509
ENSG00000262484,0.158946263748294,9510
ENSG00000158747,0.158848163973395,9511
ENSG00000179841,0.158564317495766,9512
ENSG00000134463,0.158546906339558,9513
ENSG00000205038,0.158539194903919,9514
ENSG00000166033,0.15837467617006,9515
ENSG00000136731,0.158317954922823,9516
ENSG00000197372,0.158234563597201,9517
ENSG00000180304,0.158064269420483,9518
ENSG00000166225,0.157956232054887,9519
ENSG00000141696,0.157953100794199,9520
ENSG00000143155,0.157875046047577,9521
ENSG00000000419,0.157829826986254,9522
ENSG00000122696,0.15779710689807,9523
ENSG00000150681,0.157724035856091,9524
ENSG00000196576,0.157614762976271,9525
ENSG00000204618,0.157582711869247,9526
ENSG00000196363,0.157488586119289,9527
ENSG00000118579,0.157467450461096,9528
ENSG00000085274,0.157436942791695,9529
ENSG00000156587,0.157436942791695,9530
ENSG00000166342,0.15739413931212,9531
ENSG00000165434,0.157164802169893,9532
ENSG00000213714,0.157086311751301,9533
ENSG00000196436,0.157038278609718,9534
ENSG00000196367,0.156814960821142,9535
ENSG00000105258,0.156408012543106,9536
ENSG00000115425,0.156296295587102,9537
ENSG00000156076,0.156296295587102,9538
ENSG00000152413,0.156092263809405,9539
ENSG00000083812,0.155796520538599,9540
ENSG00000142089,0.155790395879394,9541
ENSG00000168060,0.155753362807183,9542
ENSG00000162105,0.155663669231108,9543
ENSG00000197208,0.155581760722997,9544
ENSG00000116127,0.155579102089694,9545
ENSG00000148655,0.155524186276481,9546
ENSG00000179988,0.155382461372559,9547
ENSG00000187051,0.155333151536513,9548
ENSG00000138629,0.155263562192398,9549
ENSG00000113262,0.155074135585674,9550
ENSG00000111596,0.154852413342534,9551
ENSG00000197798,0.154708471228398,9552
ENSG00000101473,0.154580485897488,9553
ENSG00000164303,0.15449571635503,9554
ENSG00000090060,0.1544239176095,9555
ENSG00000163939,0.15439606588883,9556
ENSG00000145919,0.15361746289744,9557
ENSG00000125633,0.153377977027398,9558
ENSG00000157916,0.153104065719526,9559
ENSG00000147437,0.152999296276526,9560
ENSG00000171759,0.152902514352314,9561
ENSG00000176407,0.152859194349963,9562
ENSG00000120709,0.152846454358943,9563
ENSG00000159873,0.152796716306591,9564
ENSG00000105671,0.152744661333182,9565
ENSG00000112367,0.152579464407638,9566
ENSG00000154814,0.152534686478321,9567
ENSG00000170624,0.152490084625937,9568
ENSG00000147119,0.152263805986739,9569
ENSG00000159224,0.152009605981002,9570
ENSG00000179304,0.152001879310759,9571
ENSG00000162378,0.151993238138064,9572
ENSG00000179673,0.151954731820794,9573
ENSG00000115137,0.151937249461771,9574
ENSG00000133104,0.151837307560392,9575
ENSG00000196705,0.151810211961478,9576
ENSG00000087266,0.151784782806179,9577
ENSG00000240747,0.151783444496643,9578
ENSG00000170500,0.151710667324776,9579
ENSG00000235863,0.151555577914973,9580
ENSG00000167272,0.151500420745461,9581
ENSG00000198563,0.151466867764198,9582
ENSG00000126259,0.151428547997502,9583
ENSG00000107290,0.151283592289343,9584
ENSG00000137821,0.151238510656636,9585
ENSG00000146006,0.151170100308093,9586
ENSG00000112294,0.151170100308091,9587
ENSG00000163378,0.151114397942758,9588
ENSG00000101489,0.151060397767958,9589
ENSG00000164649,0.151005383122829,9590
ENSG00000178084,0.150970619255342,9591
ENSG00000105427,0.150959751073737,9592
ENSG00000101638,0.150946475899352,9593
ENSG00000184545,0.150895442801877,9594
ENSG00000166986,0.150843659089995,9595
ENSG00000161920,0.15083216371305,9596
ENSG00000072110,0.15082808650649,9597
ENSG00000138381,0.150761771338672,9598
ENSG00000077684,0.150720614002668,9599
ENSG00000188501,0.150683465806565,9600
ENSG00000196376,0.150626599113602,9601
ENSG00000101337,0.150595146829728,9602
ENSG00000161013,0.150537333601271,9603
ENSG00000170608,0.150492626987892,9604
ENSG00000124343,0.150432967822041,9605
ENSG00000089220,0.15032105352381,9606
ENSG00000186280,0.150240855652562,9607
ENSG00000181896,0.150160161595559,9608
ENSG00000172113,0.149921776134222,9609
ENSG00000175416,0.149826316285935,9610
ENSG00000104447,0.149770819988276,9611
ENSG00000101004,0.149517982894962,9612
ENSG00000128313,0.149418718077126,9613
ENSG00000185304,0.149387966339411,9614
ENSG00000173193,0.14924051549437,9615
ENSG00000107937,0.148991200825432,9616
ENSG00000215041,0.148979086507483,9617
ENSG00000114353,0.148933856220692,9618
ENSG00000061492,0.148890682845566,9619
ENSG00000213337,0.148759178065528,9620
ENSG00000131848,0.148365565987653,9621
ENSG00000067715,0.148363022845595,9622
ENSG00000151364,0.14822474676124,9623
ENSG00000133243,0.148215201552708,9624
ENSG00000170166,0.148188012191669,9625
ENSG00000146457,0.148160871046945,9626
ENSG00000099994,0.148064169690669,9627
ENSG00000163257,0.147996011703974,9628
ENSG00000157680,0.147782244026941,9629
ENSG00000187866,0.147669148824294,9630
ENSG00000130787,0.147634836698126,9631
ENSG00000154165,0.147613967551115,9632
ENSG00000158467,0.147379086134431,9633
ENSG00000132406,0.147233851617901,9634
ENSG00000149346,0.14700328475947,9635
ENSG00000130182,0.146981688407282,9636
ENSG00000248383,0.146788627706505,9637
ENSG00000176771,0.146746717999823,9638
ENSG00000164181,0.146702536767611,9639
ENSG00000129691,0.146381190737098,9640
ENSG00000010626,0.146109483426437,9641
ENSG00000152760,0.146086951721866,9642
ENSG00000176302,0.146048514896179,9643
ENSG00000144893,0.146047268487295,9644
ENSG00000130669,0.145992574488315,9645
ENSG00000184838,0.145776240096708,9646
ENSG00000126432,0.145735700146358,9647
ENSG00000183569,0.145727170064114,9648
ENSG00000165275,0.145703044347174,9649
ENSG00000072133,0.145688498217234,9650
ENSG00000165113,0.145569247504958,9651
ENSG00000139173,0.145453102303261,9652
ENSG00000184584,0.145420650855405,9653
ENSG00000214415,0.145392503718176,9654
ENSG00000100246,0.145364834011452,9655
ENSG00000168385,0.14534359438793,9656
ENSG00000186260,0.145251154784506,9657
ENSG00000105278,0.144944600618561,9658
ENSG00000160117,0.1449064386864,9659
ENSG00000060709,0.144874197254205,9660
ENSG00000149932,0.144501351015388,9661
ENSG00000130511,0.144311108764639,9662
ENSG00000135372,0.144294604141731,9663
ENSG00000169429,0.144198370580212,9664
ENSG00000187764,0.144198370580212,9665
ENSG00000140365,0.144137978423698,9666
ENSG00000256797,0.144137978423698,9667
ENSG00000135365,0.144071530885383,9668
ENSG00000145908,0.144069357133703,9669
ENSG00000150045,0.14406862061442,9670
ENSG00000127586,0.144037254140363,9671
ENSG00000198887,0.143902307024047,9672
ENSG00000148482,0.143732065667498,9673
ENSG00000153487,0.143620234039838,9674
ENSG00000113648,0.143601911442704,9675
ENSG00000198055,0.143466686905769,9676
ENSG00000133619,0.143451966081489,9677
ENSG00000160813,0.143224832257722,9678
ENSG00000137872,0.143180049736169,9679
ENSG00000154485,0.142853264877864,9680
ENSG00000181036,0.142632914659082,9681
ENSG00000182704,0.14262185784569,9682
ENSG00000177666,0.142453420118778,9683
ENSG00000138614,0.14243568897454,9684
ENSG00000143882,0.142149206097674,9685
ENSG00000064042,0.142089561435976,9686
ENSG00000110697,0.142067489318084,9687
ENSG00000160326,0.141906142598251,9688
ENSG00000157570,0.141789805554785,9689
ENSG00000005339,0.14171000248917,9690
ENSG00000163872,0.141681157372033,9691
ENSG00000124107,0.141474556369125,9692
ENSG00000112078,0.141408024368633,9693
ENSG00000127080,0.141362192639004,9694
ENSG00000134852,0.141362192639004,9695
ENSG00000171446,0.141278405660603,9696
ENSG00000182508,0.141265317575075,9697
ENSG00000253958,0.141216855636565,9698
ENSG00000169136,0.141121488207435,9699
ENSG00000171408,0.141108370300858,9700
ENSG00000102109,0.141084191989037,9701
ENSG00000138308,0.141049955856666,9702
ENSG00000182393,0.140771625759575,9703
ENSG00000143367,0.140733630099581,9704
ENSG00000205572,0.140713341672992,9705
ENSG00000118482,0.140695474953223,9706
ENSG00000139746,0.140689794432576,9707
ENSG00000100036,0.140582284276265,9708
ENSG00000167491,0.140473096391186,9709
ENSG00000168556,0.140399751091849,9710
ENSG00000132746,0.140387484795414,9711
ENSG00000100302,0.140263319008576,9712
ENSG00000070526,0.140190659014188,9713
ENSG00000164105,0.140166536164797,9714
ENSG00000090905,0.140161413209978,9715
ENSG00000107443,0.139918220096493,9716
ENSG00000196850,0.139799406599499,9717
ENSG00000127483,0.139679528801273,9718
ENSG00000136603,0.139634184842376,9719
ENSG00000161647,0.139535186965833,9720
ENSG00000132912,0.139483179347008,9721
ENSG00000173432,0.139423858185648,9722
ENSG00000052850,0.139398654796416,9723
ENSG00000111348,0.139262947225594,9724
ENSG00000117525,0.139204369613602,9725
ENSG00000142599,0.139190106071794,9726
ENSG00000113716,0.139022598856362,9727
ENSG00000125730,0.13894677426682,9728
ENSG00000028839,0.138938685982255,9729
ENSG00000175387,0.138920366334409,9730
ENSG00000144231,0.13892036633438,9731
ENSG00000197483,0.138916192146113,9732
ENSG00000103852,0.138839272881363,9733
ENSG00000092295,0.138681411257479,9734
ENSG00000185721,0.13866814194998,9735
ENSG00000119681,0.138660713146865,9736
ENSG00000070182,0.138619449477177,9737
ENSG00000122140,0.138581677554328,9738
ENSG00000198522,0.138572037532867,9739
ENSG00000152192,0.138441038595251,9740
ENSG00000100351,0.138351057727494,9741
ENSG00000188647,0.138294284343239,9742
ENSG00000156136,0.138247414765035,9743
ENSG00000204511,0.138019963030005,9744
ENSG00000182518,0.137983676933232,9745
ENSG00000138398,0.137976020893431,9746
ENSG00000100814,0.137856159962248,9747
ENSG00000196993,0.137756973093958,9748
ENSG00000124749,0.13765746282466,9749
ENSG00000172732,0.13755839302692,9750
ENSG00000198783,0.137513149744598,9751
ENSG00000184939,0.137509214605525,9752
ENSG00000176945,0.137483493127511,9753
ENSG00000168439,0.137356514604151,9754
ENSG00000186792,0.137342050933585,9755
ENSG00000114251,0.137223163131392,9756
ENSG00000215788,0.137221446654934,9757
ENSG00000101246,0.137199405232794,9758
ENSG00000162910,0.137117462820243,9759
ENSG00000163399,0.137086988619179,9760
ENSG00000041988,0.137085671783818,9761
ENSG00000108666,0.13703570675722,9762
ENSG00000138696,0.137035600927979,9763
ENSG00000120699,0.136884281457573,9764
ENSG00000188486,0.136841334055585,9765
ENSG00000140350,0.136809402833329,9766
ENSG00000171960,0.136712317814585,9767
ENSG00000213988,0.136496430369909,9768
ENSG00000178691,0.136465785174165,9769
ENSG00000134070,0.136458561093197,9770
ENSG00000011478,0.136248947328073,9771
ENSG00000105355,0.136196437582752,9772
ENSG00000135776,0.136025588398028,9773
ENSG00000100439,0.135946590207539,9774
ENSG00000064655,0.135731942523562,9775
ENSG00000043143,0.135726705696085,9776
ENSG00000137496,0.135631817419366,9777
ENSG00000258986,0.135397472192924,9778
ENSG00000169122,0.13539739140727,9779
ENSG00000102313,0.135332586009465,9780
ENSG00000160087,0.135243983249122,9781
ENSG00000134255,0.135113539433689,9782
ENSG00000133789,0.134945122207791,9783
ENSG00000130340,0.134761673139717,9784
ENSG00000067141,0.134674270887318,9785
ENSG00000131469,0.13466892423195,9786
ENSG00000172331,0.134496607350273,9787
ENSG00000082641,0.13446579348715,9788
ENSG00000239998,0.134302533794827,9789
ENSG00000160401,0.134279218224838,9790
ENSG00000171533,0.134216605100417,9791
ENSG00000134812,0.134181314330781,9792
ENSG00000185800,0.134094144713534,9793
ENSG00000198001,0.133997592032247,9794
ENSG00000137076,0.133985938183265,9795
ENSG00000083535,0.13391414880724,9796
ENSG00000119917,0.133835530431476,9797
ENSG00000166794,0.133815625896445,9798
ENSG00000153714,0.133720138717617,9799
ENSG00000144843,0.133568553290288,9800
ENSG00000090432,0.133553930251594,9801
ENSG00000138071,0.133502319290506,9802
ENSG00000140153,0.133420316825053,9803
ENSG00000168421,0.133313171484583,9804
ENSG00000185385,0.133307208692582,9805
ENSG00000065600,0.133161587764509,9806
ENSG00000147439,0.133030731032806,9807
ENSG00000105737,0.133026420528244,9808
ENSG00000166797,0.132938894753628,9809
ENSG00000006695,0.132889746246517,9810
ENSG00000019144,0.132837923723249,9811
ENSG00000214491,0.13279019194431,9812
ENSG00000111110,0.132600941152486,9813
ENSG00000188483,0.13246878162933,9814
ENSG00000157064,0.132453780613097,9815
ENSG00000158813,0.132292362067266,9816
ENSG00000078747,0.13204080619954,9817
ENSG00000166736,0.131875923425647,9818
ENSG00000124019,0.131848440743293,9819
ENSG00000139687,0.131791918587871,9820
ENSG00000139832,0.131765150690859,9821
ENSG00000159625,0.131723014762683,9822
ENSG00000153956,0.13162122090545,9823
ENSG00000122515,0.131619501401508,9824
ENSG00000147535,0.131618645989853,9825
ENSG00000109519,0.131586432441254,9826
ENSG00000126461,0.131280347951106,9827
ENSG00000156395,0.130820279112771,9828
ENSG00000113441,0.13082027911277,9829
ENSG00000140025,0.13082027911277,9830
ENSG00000101665,0.130678577717394,9831
ENSG00000115993,0.130422894765968,9832
ENSG00000181192,0.130359692655184,9833
ENSG00000106100,0.130310479818724,9834
ENSG00000111269,0.130249410357104,9835
ENSG00000123685,0.130246912989252,9836
ENSG00000140545,0.130246912989252,9837
ENSG00000187187,0.130246912989252,9838
ENSG00000087842,0.130246912989252,9839
ENSG00000100077,0.130246912989252,9840
ENSG00000115464,0.130246912989252,9841
ENSG00000122741,0.130246912989252,9842
ENSG00000125877,0.130246912989252,9843
ENSG00000185247,0.130246912989252,9844
ENSG00000185019,0.129897780031111,9845
ENSG00000011677,0.129827711003741,9846
ENSG00000163728,0.129737365451154,9847
ENSG00000168522,0.129692146915128,9848
ENSG00000130165,0.129537669934391,9849
ENSG00000084734,0.129491757197276,9850
ENSG00000157933,0.129401765052899,9851
ENSG00000126226,0.129229528653399,9852
ENSG00000165669,0.129125139060547,9853
ENSG00000151131,0.12908265871508,9854
ENSG00000178187,0.129077033052658,9855
ENSG00000161618,0.128997310273066,9856
ENSG00000091527,0.128991469680856,9857
ENSG00000186174,0.128988277943223,9858
ENSG00000107021,0.128936333077366,9859
ENSG00000155719,0.128901891109588,9860
ENSG00000111247,0.128861115599546,9861
ENSG00000178988,0.128705633515696,9862
ENSG00000122121,0.128667789901267,9863
ENSG00000144063,0.128588410034776,9864
ENSG00000256235,0.128582483179809,9865
ENSG00000125534,0.128377336317644,9866
ENSG00000166569,0.128353221472382,9867
ENSG00000155111,0.128297782624519,9868
ENSG00000176834,0.12825273705359,9869
ENSG00000126217,0.128090296039201,9870
ENSG00000167083,0.127896208119673,9871
ENSG00000118217,0.127600472118633,9872
ENSG00000132434,0.127596120066111,9873
ENSG00000048028,0.127352513064398,9874
ENSG00000161203,0.127222878950397,9875
ENSG00000152219,0.127214981402113,9876
ENSG00000239887,0.126994188617242,9877
ENSG00000213626,0.126954214534955,9878
ENSG00000125449,0.126820894773817,9879
ENSG00000173928,0.126720217417402,9880
ENSG00000109685,0.126496756284934,9881
ENSG00000074855,0.126420555095705,9882
ENSG00000174500,0.126354721345446,9883
ENSG00000135778,0.126074845719617,9884
ENSG00000121853,0.125981011354525,9885
ENSG00000110455,0.125931420545843,9886
ENSG00000116194,0.125767355053001,9887
ENSG00000162728,0.125748666243588,9888
ENSG00000124198,0.125590883564641,9889
ENSG00000144635,0.125457951928758,9890
ENSG00000126267,0.125443031182047,9891
ENSG00000165898,0.125440781492824,9892
ENSG00000148481,0.125434407648427,9893
ENSG00000102390,0.125425987376599,9894
ENSG00000204671,0.125336809227046,9895
ENSG00000184210,0.125301765334234,9896
ENSG00000102103,0.125253133155755,9897
ENSG00000005882,0.125011651603767,9898
ENSG00000113971,0.124977633071816,9899
ENSG00000184343,0.124912232705014,9900
ENSG00000141959,0.12480546280311,9901
ENSG00000166407,0.12480546280311,9902
ENSG00000118816,0.124786158733303,9903
ENSG00000164088,0.124763508177872,9904
ENSG00000142409,0.124718606977345,9905
ENSG00000135828,0.124283177049976,9906
ENSG00000188171,0.124214132081615,9907
ENSG00000196123,0.123832649408557,9908
ENSG00000073067,0.12355941152334,9909
ENSG00000131504,0.123424132407159,9910
ENSG00000100325,0.123400649227123,9911
ENSG00000144034,0.123351480172129,9912
ENSG00000259224,0.123260840738687,9913
ENSG00000110046,0.122855377446802,9914
ENSG00000130762,0.122618232276455,9915
ENSG00000196531,0.122551998449992,9916
ENSG00000101986,0.122403755072723,9917
ENSG00000133739,0.122305364889791,9918
ENSG00000135535,0.121849543947232,9919
ENSG00000166152,0.121602185490312,9920
ENSG00000102554,0.121514786884199,9921
ENSG00000102898,0.12145087640101,9922
ENSG00000169955,0.121420384244877,9923
ENSG00000172493,0.121239285645872,9924
ENSG00000164068,0.121220876675041,9925
ENSG00000091136,0.12120258941748,9926
ENSG00000205002,0.121150841950788,9927
ENSG00000067369,0.12103672764037,9928
ENSG00000198909,0.120991502568671,9929
ENSG00000124532,0.120952243053827,9930
ENSG00000172037,0.120808613847941,9931
ENSG00000182308,0.120718945541419,9932
ENSG00000117625,0.120693075235205,9933
ENSG00000138795,0.120467367319739,9934
ENSG00000120149,0.120439327479422,9935
ENSG00000214309,0.120370331875238,9936
ENSG00000105135,0.12026586455795,9937
ENSG00000164654,0.120240330022702,9938
ENSG00000189227,0.120240240235755,9939
ENSG00000117016,0.120088997113795,9940
ENSG00000092820,0.119893415702747,9941
ENSG00000139505,0.119701027246076,9942
ENSG00000158869,0.119217828912068,9943
ENSG00000179930,0.119136887395784,9944
ENSG00000173163,0.119102642449012,9945
ENSG00000171916,0.119016860735501,9946
ENSG00000006715,0.118993625684176,9947
ENSG00000115718,0.118680236945904,9948
ENSG00000148600,0.118539702645503,9949
ENSG00000198301,0.118523089530761,9950
ENSG00000172534,0.118377479653922,9951
ENSG00000131174,0.118316547925118,9952
ENSG00000138495,0.118217826400913,9953
ENSG00000101236,0.118128385037708,9954
ENSG00000129467,0.118071277011011,9955
ENSG00000171853,0.11800125068186,9956
ENSG00000086288,0.117894447249651,9957
ENSG00000136783,0.117738251201493,9958
ENSG00000198373,0.117719605701517,9959
ENSG00000229676,0.117710045624182,9960
ENSG00000165617,0.117627112902162,9961
ENSG00000169972,0.117579917284544,9962
ENSG00000153975,0.117289196628051,9963
ENSG00000102904,0.117269761424162,9964
ENSG00000101972,0.117005121377908,9965
ENSG00000180448,0.116774000150486,9966
ENSG00000023191,0.116576160534401,9967
ENSG00000113456,0.116117146162156,9968
ENSG00000114098,0.116110466089944,9969
ENSG00000169217,0.116071940711787,9970
ENSG00000101843,0.116002856212368,9971
ENSG00000177103,0.11589316651573,9972
ENSG00000106355,0.115873472313539,9973
ENSG00000118308,0.115775033768224,9974
ENSG00000151650,0.115775033768224,9975
ENSG00000156313,0.115775033768224,9976
ENSG00000174721,0.115775033768224,9977
ENSG00000031698,0.115775033768224,9978
ENSG00000109184,0.115775033768224,9979
ENSG00000179564,0.115775033768224,9980
ENSG00000146122,0.115591133562033,9981
ENSG00000145241,0.115395638847731,9982
ENSG00000143811,0.115186863719799,9983
ENSG00000079308,0.115182421742938,9984
ENSG00000196510,0.115054337826296,9985
ENSG00000139263,0.114989302807342,9986
ENSG00000100147,0.114980398315965,9987
ENSG00000173327,0.114770881845965,9988
ENSG00000107798,0.114753835987605,9989
ENSG00000120942,0.114753835987605,9990
ENSG00000168065,0.114537516482473,9991
ENSG00000134461,0.114410994287231,9992
ENSG00000123143,0.114303040534665,9993
ENSG00000173898,0.114198887330349,9994
ENSG00000138246,0.114123167886573,9995
ENSG00000164291,0.113900763402067,9996
ENSG00000160752,0.113495361762834,9997
ENSG00000148399,0.113406340037538,9998
ENSG00000105245,0.113399643589728,9999
ENSG00000107789,0.11337087139002,10000
ENSG00000043591,0.113229230711557,10001
ENSG00000117308,0.113145982311151,10002
ENSG00000205189,0.113127936842327,10003
ENSG00000136997,0.113112132810969,10004
ENSG00000136824,0.112783705544673,10005
ENSG00000185149,0.112780289993952,10006
ENSG00000205138,0.112772906300583,10007
ENSG00000156564,0.112131667810946,10008
ENSG00000066294,0.112026420631017,10009
ENSG00000178307,0.11202097997885,10010
ENSG00000115128,0.111828763296297,10011
ENSG00000198680,0.111724654662597,10012
ENSG00000167522,0.111631336134111,10013
ENSG00000115423,0.110928042196185,10014
ENSG00000040487,0.110855956376006,10015
ENSG00000131148,0.110747704630223,10016
ENSG00000064886,0.110587373483237,10017
ENSG00000154914,0.110587373483237,10018
ENSG00000141582,0.110569417460152,10019
ENSG00000076258,0.110190912227241,10020
ENSG00000137500,0.110145622005446,10021
ENSG00000227500,0.10988405434362,10022
ENSG00000173409,0.109676426584268,10023
ENSG00000169764,0.109512167252135,10024
ENSG00000065809,0.109133653730976,10025
ENSG00000184601,0.109122063789951,10026
ENSG00000183971,0.108729580500039,10027
ENSG00000243414,0.108526511124219,10028
ENSG00000255398,0.108507925249549,10029
ENSG00000173599,0.107966573850019,10030
ENSG00000087274,0.107935800760752,10031
ENSG00000196449,0.10773586921455,10032
ENSG00000125843,0.107673781246762,10033
ENSG00000005194,0.107668791466662,10034
ENSG00000183751,0.107364147933622,10035
ENSG00000112290,0.107363592239511,10036
ENSG00000108848,0.10731447606266,10037
ENSG00000112584,0.107295812584904,10038
ENSG00000085563,0.10712876803831,10039
ENSG00000158796,0.10692757976157,10040
ENSG00000176720,0.106766120671295,10041
ENSG00000100580,0.106372855669537,10042
ENSG00000188282,0.106289875173563,10043
ENSG00000205649,0.106225844966948,10044
ENSG00000171119,0.106008854635037,10045
ENSG00000114125,0.105865424964359,10046
ENSG00000144290,0.105790498692084,10047
ENSG00000164304,0.105311653716686,10048
ENSG00000106344,0.105281030552389,10049
ENSG00000068024,0.105241196519753,10050
ENSG00000183715,0.105226430995048,10051
ENSG00000204228,0.105209196089774,10052
ENSG00000164114,0.10516015847298,10053
ENSG00000010292,0.105135036600404,10054
ENSG00000121022,0.104922722567557,10055
ENSG00000176746,0.104769008009578,10056
ENSG00000167186,0.104745324300504,10057
ENSG00000188993,0.104656223290217,10058
ENSG00000100138,0.104656223290216,10059
ENSG00000069869,0.104656223290216,10060
ENSG00000111850,0.104599371101685,10061
ENSG00000100796,0.104456343163938,10062
ENSG00000076356,0.104327606582199,10063
ENSG00000167664,0.104293793776555,10064
ENSG00000179912,0.104186177866975,10065
ENSG00000188613,0.103902143924827,10066
ENSG00000124783,0.103792807186866,10067
ENSG00000132275,0.103755617307033,10068
ENSG00000188706,0.103544655071571,10069
ENSG00000106009,0.103519715863658,10070
ENSG00000136383,0.103498579812236,10071
ENSG00000187021,0.103397341094204,10072
ENSG00000111707,0.10314200857305,10073
ENSG00000163539,0.103083276164049,10074
ENSG00000162851,0.103027587045297,10075
ENSG00000169313,0.102966517259469,10076
ENSG00000249931,0.102898129579669,10077
ENSG00000165169,0.10276609664131,10078
ENSG00000179454,0.102642780298338,10079
ENSG00000163530,0.102602189642879,10080
ENSG00000146282,0.102497798677181,10081
ENSG00000183808,0.102478687044408,10082
ENSG00000155034,0.102231963688813,10083
ENSG00000159905,0.10200594317077,10084
ENSG00000158481,0.101863503334606,10085
ENSG00000180228,0.101841469052386,10086
ENSG00000140465,0.101823369692589,10087
ENSG00000172795,0.101736055314424,10088
ENSG00000060491,0.101713975885665,10089
ENSG00000113361,0.101616321988462,10090
ENSG00000204572,0.101342595637238,10091
ENSG00000138075,0.101225758090949,10092
ENSG00000167904,0.101154881660896,10093
ENSG00000143184,0.101121782764807,10094
ENSG00000184634,0.101080946528207,10095
ENSG00000177432,0.101060735183477,10096
ENSG00000168036,0.100650331554054,10097
ENSG00000119335,0.100517413515252,10098
ENSG00000081853,0.100321413048345,10099
ENSG00000221826,0.100302935749735,10100
ENSG00000162755,0.100301933821756,10101
ENSG00000123395,0.10002379168426,10102
ENSG00000122224,0.0999176761744084,10103
ENSG00000125409,0.0998563856414403,10104
ENSG00000214107,0.0998443702424847,10105
ENSG00000131944,0.0997959124364425,10106
ENSG00000111144,0.0997469481523367,10107
ENSG00000177663,0.0996965697145688,10108
ENSG00000112706,0.0996518960695175,10109
ENSG00000160293,0.0996352104840917,10110
ENSG00000101199,0.099597723973231,10111
ENSG00000109265,0.0995859236793549,10112
ENSG00000153827,0.0994910271424342,10113
ENSG00000185504,0.0994651784718631,10114
ENSG00000160255,0.0993853459100546,10115
ENSG00000197024,0.0990907718405069,10116
ENSG00000091106,0.0990585068937908,10117
ENSG00000164104,0.0988197166261234,10118
ENSG00000135048,0.0986059991991424,10119
ENSG00000106305,0.0984819543958874,10120
ENSG00000140463,0.0981641481157858,10121
ENSG00000183111,0.0979099246559704,10122
ENSG00000129116,0.0978184382204199,10123
ENSG00000185324,0.0977947107155851,10124
ENSG00000147316,0.0976242283303873,10125
ENSG00000068912,0.0973299433132634,10126
ENSG00000175581,0.0972425999909974,10127
ENSG00000155622,0.0971961896506182,10128
ENSG00000092529,0.0971246057839999,10129
ENSG00000137714,0.0969378806047389,10130
ENSG00000105173,0.0967857712837576,10131
ENSG00000182793,0.0963141915225392,10132
ENSG00000151292,0.0962453527333173,10133
ENSG00000123159,0.0962021167168859,10134
ENSG00000135316,0.0961198990886533,10135
ENSG00000167394,0.0957340418477543,10136
ENSG00000107140,0.0956832409066992,10137
ENSG00000116898,0.095508350746888,10138
ENSG00000125864,0.0953313251806394,10139
ENSG00000183747,0.0950976651490782,10140
ENSG00000144649,0.0950860122115225,10141
ENSG00000189376,0.0949977876848682,10142
ENSG00000151025,0.0948770870196713,10143
ENSG00000170956,0.0948353058198227,10144
ENSG00000174579,0.0948050448219728,10145
ENSG00000079156,0.0947953046110924,10146
ENSG00000007952,0.0946725307826819,10147
ENSG00000153234,0.0944691534382655,10148
ENSG00000170579,0.0940741512327222,10149
ENSG00000125618,0.0940530261831009,10150
ENSG00000141527,0.0938707792524838,10151
ENSG00000184113,0.093808808271624,10152
ENSG00000106299,0.0937049225481787,10153
ENSG00000105321,0.0936558355331363,10154
ENSG00000163564,0.0936555814311287,10155
ENSG00000163239,0.0936435869628027,10156
ENSG00000082258,0.0936157593943171,10157
ENSG00000178202,0.0935260693410383,10158
ENSG00000140326,0.0934326051541139,10159
ENSG00000072415,0.0933374187630107,10160
ENSG00000103994,0.0932801011701231,10161
ENSG00000115073,0.0931723844818771,10162
ENSG00000188157,0.0930146056630183,10163
ENSG00000120314,0.0930016579054209,10164
ENSG00000109332,0.092999684171562,10165
ENSG00000163347,0.0927341336324534,10166
ENSG00000254122,0.092688018988234,10167
ENSG00000124225,0.0926355322519084,10168
ENSG00000169967,0.0926106402860896,10169
ENSG00000162994,0.0925343170532724,10170
ENSG00000149657,0.0924396704179962,10171
ENSG00000151422,0.0924396704179962,10172
ENSG00000138115,0.0923938174068608,10173
ENSG00000132305,0.0923465087446093,10174
ENSG00000184924,0.0923359326026257,10175
ENSG00000175471,0.0923193426409271,10176
ENSG00000162891,0.092258854222775,10177
ENSG00000172432,0.0922472381090338,10178
ENSG00000124743,0.0921346943012143,10179
ENSG00000131725,0.0920320999184769,10180
ENSG00000063978,0.091822489562961,10181
ENSG00000188770,0.0915387869784463,10182
ENSG00000164162,0.0914814360631572,10183
ENSG00000187010,0.0914406476398119,10184
ENSG00000197629,0.0912562914953764,10185
ENSG00000169484,0.0912561876383788,10186
ENSG00000159263,0.0910683324417332,10187
ENSG00000138161,0.0910066778287582,10188
ENSG00000153789,0.0909726126577386,10189
ENSG00000169660,0.0909197748810839,10190
ENSG00000066279,0.0908976321017253,10191
ENSG00000011600,0.0908950572198498,10192
ENSG00000078579,0.0908941070797523,10193
ENSG00000158769,0.0907644018612918,10194
ENSG00000120688,0.0906055499731665,10195
ENSG00000189108,0.0905753667860774,10196
ENSG00000197273,0.0905753667860774,10197
ENSG00000234545,0.0905701235924134,10198
ENSG00000075131,0.090480612002546,10199
ENSG00000124702,0.0902684349843057,10200
ENSG00000162419,0.0899274738323438,10201
ENSG00000131943,0.0896416737968975,10202
ENSG00000186191,0.0895202653764572,10203
ENSG00000172789,0.0893293592565606,10204
ENSG00000111405,0.0892986052344445,10205
ENSG00000157303,0.0892874261874724,10206
ENSG00000185863,0.0892797364417602,10207
ENSG00000072182,0.0891512445920725,10208
ENSG00000213213,0.0890844478494691,10209
ENSG00000184434,0.0890440177621547,10210
ENSG00000170632,0.0890242426740879,10211
ENSG00000181322,0.0890061382085551,10212
ENSG00000125356,0.0889475955171511,10213
ENSG00000204334,0.0885481859455176,10214
ENSG00000167118,0.0885179438030318,10215
ENSG00000188778,0.0884840654426014,10216
ENSG00000253846,0.0882146640689534,10217
ENSG00000158901,0.0882051400515143,10218
ENSG00000110514,0.0881999695560662,10219
ENSG00000120805,0.0881234042280848,10220
ENSG00000141448,0.0880904192599301,10221
ENSG00000197912,0.0880377813504529,10222
ENSG00000047410,0.0879310633924451,10223
ENSG00000134490,0.0877443220792848,10224
ENSG00000197070,0.0876656173743541,10225
ENSG00000183513,0.0875738309144508,10226
ENSG00000205758,0.0875604866467184,10227
ENSG00000008283,0.0874683391494637,10228
ENSG00000142615,0.0873944310436875,10229
ENSG00000160055,0.0871751391448925,10230
ENSG00000015285,0.0871550845018319,10231
ENSG00000071794,0.0869776788215168,10232
ENSG00000146263,0.0869312378822957,10233
ENSG00000234068,0.0868821468171915,10234
ENSG00000158748,0.086831275326168,10235
ENSG00000170871,0.086831275326168,10236
ENSG00000239282,0.086831275326168,10237
ENSG00000125538,0.0868253578104923,10238
ENSG00000115596,0.0867663728450655,10239
ENSG00000186635,0.0867140244527582,10240
ENSG00000151617,0.0866633377556209,10241
ENSG00000187288,0.0866285915192275,10242
ENSG00000136267,0.0865424992971166,10243
ENSG00000254440,0.0865214250015388,10244
ENSG00000162236,0.0864299912966962,10245
ENSG00000162399,0.0863993959709478,10246
ENSG00000109743,0.0862460461895337,10247
ENSG00000186272,0.0861881796658854,10248
ENSG00000169291,0.0861811779689873,10249
ENSG00000132693,0.0861696675162821,10250
ENSG00000128524,0.0860186188913285,10251
ENSG00000120860,0.085855751289113,10252
ENSG00000156282,0.0858324303130503,10253
ENSG00000147955,0.0857258951033291,10254
ENSG00000173372,0.0856443460993324,10255
ENSG00000121898,0.0855397345172805,10256
ENSG00000170788,0.0855327136592823,10257
ENSG00000139223,0.0854669966477923,10258
ENSG00000124615,0.0854329112933192,10259
ENSG00000138669,0.0854150322891655,10260
ENSG00000174123,0.085392247596131,10261
ENSG00000183615,0.0853765630898247,10262
ENSG00000197124,0.0853590180520192,10263
ENSG00000238269,0.0852960258044766,10264
ENSG00000166869,0.0852079734165199,10265
ENSG00000130821,0.0850844105435476,10266
ENSG00000203907,0.0850562780973927,10267
ENSG00000114737,0.0850562780973924,10268
ENSG00000137142,0.0850283171985793,10269
ENSG00000155324,0.0849921609908124,10270
ENSG00000159069,0.0849559319684195,10271
ENSG00000234465,0.0849485472929978,10272
ENSG00000112175,0.0848904668460768,10273
ENSG00000145604,0.0848902672564,10274
ENSG00000113763,0.0848332223892649,10275
ENSG00000140577,0.0847868654371377,10276
ENSG00000159023,0.0847653254625111,10277
ENSG00000111860,0.0847625083944949,10278
ENSG00000189401,0.0847559417273076,10279
ENSG00000145569,0.0847261973606073,10280
ENSG00000178761,0.0846849297488516,10281
ENSG00000017260,0.0846733575396065,10282
ENSG00000085721,0.0846271914909303,10283
ENSG00000118960,0.084610299765016,10284
ENSG00000166529,0.0846067510405555,10285
ENSG00000023697,0.0845258272569317,10286
ENSG00000131721,0.0844811899354485,10287
ENSG00000173578,0.0844642588927563,10288
ENSG00000154736,0.0843964491704246,10289
ENSG00000147533,0.0843078435985117,10290
ENSG00000198914,0.0842687677994036,10291
ENSG00000178363,0.0842364808969642,10292
ENSG00000178896,0.0841772558310768,10293
ENSG00000139187,0.0841079605214411,10294
ENSG00000139508,0.0840778941934891,10295
ENSG00000099840,0.0838556643273623,10296
ENSG00000123444,0.0838261980702082,10297
ENSG00000173535,0.0837744756635821,10298
ENSG00000101441,0.0836541144848526,10299
ENSG00000141564,0.0836133841937553,10300
ENSG00000166428,0.0835291803119879,10301
ENSG00000065883,0.0833452879207907,10302
ENSG00000102710,0.083332042550639,10303
ENSG00000120211,0.0831241918211555,10304
ENSG00000146950,0.0831038499877614,10305
ENSG00000180817,0.0830638962137164,10306
ENSG00000167757,0.0830430772231775,10307
ENSG00000076201,0.0830213647768396,10308
ENSG00000148396,0.0830213647768396,10309
ENSG00000049323,0.0830009608763794,10310
ENSG00000116198,0.0829521610829543,10311
ENSG00000087191,0.0829405301124278,10312
ENSG00000102900,0.0828755427075521,10313
ENSG00000099715,0.0828412364474789,10314
ENSG00000164292,0.0827278144674347,10315
ENSG00000166788,0.0827278144674201,10316
ENSG00000164742,0.0826947233416577,10317
ENSG00000151365,0.0826933742509992,10318
ENSG00000105677,0.0826602815576625,10319
ENSG00000108395,0.082660281557648,10320
ENSG00000204571,0.0825433099775416,10321
ENSG00000115107,0.082543309977541,10322
ENSG00000084674,0.082540153070091,10323
ENSG00000159259,0.0824955986281566,10324
ENSG00000079785,0.0824645896032162,10325
ENSG00000156463,0.0824098385678226,10326
ENSG00000160307,0.0823833942031924,10327
ENSG00000133742,0.0823545233783671,10328
ENSG00000145681,0.0823252052853166,10329
ENSG00000155254,0.0822728114878555,10330
ENSG00000132963,0.0822570930950267,10331
ENSG00000115966,0.0821253786713642,10332
ENSG00000157216,0.0821017661417063,10333
ENSG00000121690,0.0820272816763463,10334
ENSG00000169490,0.0820147739732056,10335
ENSG00000136436,0.0819776719385527,10336
ENSG00000114859,0.0819622587927152,10337
ENSG00000147231,0.0818854338895617,10338
ENSG00000180787,0.0818271858477165,10339
ENSG00000093217,0.0817792423853607,10340
ENSG00000105202,0.0817576439064214,10341
ENSG00000167720,0.0816832968052804,10342
ENSG00000170577,0.0816736468125018,10343
ENSG00000102383,0.0816215710521085,10344
ENSG00000085644,0.0814995912619052,10345
ENSG00000196350,0.0811496315568438,10346
ENSG00000099957,0.0810959563597153,10347
ENSG00000145649,0.0810308657699103,10348
ENSG00000182459,0.0809139075623825,10349
ENSG00000197321,0.0808955219450945,10350
ENSG00000132017,0.0808924295946054,10351
ENSG00000138642,0.0807039637854323,10352
ENSG00000213676,0.0807002792463172,10353
ENSG00000188620,0.0806772360743853,10354
ENSG00000163743,0.080546808449617,10355
ENSG00000188816,0.080497184861335,10356
ENSG00000196782,0.0804647646377271,10357
ENSG00000092094,0.0804336679986809,10358
ENSG00000179165,0.0803641626254685,10359
ENSG00000165076,0.0803539169081705,10360
ENSG00000166971,0.0803271074389529,10361
ENSG00000165238,0.0800468292824517,10362
ENSG00000148297,0.079941193348488,10363
ENSG00000239961,0.079941193348488,10364
ENSG00000163141,0.0799130658995236,10365
ENSG00000173120,0.0798601157083249,10366
ENSG00000137312,0.0797491310136102,10367
ENSG00000118046,0.0797243476848526,10368
ENSG00000162139,0.0796426833563419,10369
ENSG00000185298,0.0796321663753624,10370
ENSG00000128789,0.0795730573080073,10371
ENSG00000103089,0.0794844440659799,10372
ENSG00000145945,0.0794395817460339,10373
ENSG00000075290,0.0794287216485973,10374
ENSG00000136828,0.0794187018886951,10375
ENSG00000170835,0.0792163376928429,10376
ENSG00000114405,0.0791501003612939,10377
ENSG00000181894,0.0790656352807418,10378
ENSG00000143153,0.0790279735056683,10379
ENSG00000158402,0.0790041619378826,10380
ENSG00000122133,0.0789725951153263,10381
ENSG00000175334,0.0789347417349054,10382
ENSG00000167550,0.0789247612637482,10383
ENSG00000153233,0.0787637024999713,10384
ENSG00000059378,0.0787469358321359,10385
ENSG00000137806,0.0787138192620187,10386
ENSG00000131080,0.0785110249619174,10387
ENSG00000103647,0.0784921674676622,10388
ENSG00000196735,0.0784808326676328,10389
ENSG00000185664,0.0782775667754777,10390
ENSG00000009790,0.0781748117473326,10391
ENSG00000222028,0.078093253267838,10392
ENSG00000115353,0.0780929498727052,10393
ENSG00000062485,0.0780520732381416,10394
ENSG00000165912,0.0778438066738183,10395
ENSG00000103196,0.0777643975671017,10396
ENSG00000140931,0.0777538822277438,10397
ENSG00000116604,0.0777422993192886,10398
ENSG00000106628,0.0777417380586849,10399
ENSG00000133704,0.077674285921792,10400
ENSG00000077063,0.0776618694047319,10401
ENSG00000101680,0.0776567324108037,10402
ENSG00000103184,0.0776184142862585,10403
ENSG00000188800,0.0775825303319725,10404
ENSG00000113946,0.0775686378688316,10405
ENSG00000172425,0.0775686378688315,10406
ENSG00000151553,0.0774710502873713,10407
ENSG00000075891,0.077459321550672,10408
ENSG00000051523,0.0774186452991926,10409
ENSG00000164175,0.0773545998232084,10410
ENSG00000104164,0.0773241262579395,10411
ENSG00000183654,0.0772261647665691,10412
ENSG00000157426,0.0770865044956081,10413
ENSG00000188015,0.0770665633074677,10414
ENSG00000174963,0.0770650371500719,10415
ENSG00000181830,0.0770592497970283,10416
ENSG00000071205,0.0770386088108535,10417
ENSG00000206262,0.0770111831758218,10418
ENSG00000205097,0.0769827027086713,10419
ENSG00000176125,0.0769697061275438,10420
ENSG00000188937,0.0769531053604574,10421
ENSG00000197106,0.0769531053604533,10422
ENSG00000150938,0.0768902864989336,10423
ENSG00000155903,0.0768453871660918,10424
ENSG00000136636,0.0768293262208463,10425
ENSG00000022355,0.0768221213513334,10426
ENSG00000103723,0.0768221213513302,10427
ENSG00000124260,0.0767995783647417,10428
ENSG00000197324,0.0767186521348485,10429
ENSG00000066813,0.0767089986932115,10430
ENSG00000183733,0.0766665395116906,10431
ENSG00000112981,0.0766437849293579,10432
ENSG00000152583,0.0766377368410176,10433
ENSG00000138829,0.0765943328519061,10434
ENSG00000126453,0.0764504525941898,10435
ENSG00000165916,0.0764353313915199,10436
ENSG00000162923,0.0762495341114432,10437
ENSG00000215021,0.0762495341114432,10438
ENSG00000171551,0.0761959156884841,10439
ENSG00000144962,0.0761874535418174,10440
ENSG00000147117,0.0760122420246226,10441
ENSG00000120694,0.0757245863678181,10442
ENSG00000120948,0.0757056479822895,10443
ENSG00000106682,0.0756667674925094,10444
ENSG00000197008,0.0754597643886154,10445
ENSG00000163295,0.0753541486037419,10446
ENSG00000204315,0.0753282053396251,10447
ENSG00000163738,0.0752818533245372,10448
ENSG00000146205,0.0751412868341722,10449
ENSG00000227140,0.075114398909267,10450
ENSG00000137038,0.0751124161228072,10451
ENSG00000129473,0.075109244212741,10452
ENSG00000131507,0.075108041028582,10453
ENSG00000168453,0.0750387573502303,10454
ENSG00000155962,0.0749676053681279,10455
ENSG00000110693,0.0748511365739457,10456
ENSG00000169314,0.0745137105265167,10457
ENSG00000128340,0.0744721720372909,10458
ENSG00000068878,0.0743734528051937,10459
ENSG00000148719,0.0741252163503668,10460
ENSG00000186812,0.0740837617217694,10461
ENSG00000038382,0.0740018918485585,10462
ENSG00000033867,0.0738912424523005,10463
ENSG00000138496,0.0738361081754786,10464
ENSG00000174327,0.0738334155612974,10465
ENSG00000151164,0.073761222017758,10466
ENSG00000101868,0.0736804444035224,10467
ENSG00000105894,0.0735864070009338,10468
ENSG00000157542,0.0735864070009338,10469
ENSG00000166509,0.0735704637034314,10470
ENSG00000182566,0.0735600022084151,10471
ENSG00000136052,0.0734551494969996,10472
ENSG00000169515,0.0734198345212799,10473
ENSG00000158458,0.073297814771533,10474
ENSG00000127445,0.0732593563031514,10475
ENSG00000164308,0.073259356303151,10476
ENSG00000176101,0.0732271607233561,10477
ENSG00000170523,0.0732160454517871,10478
ENSG00000116679,0.0731681924152399,10479
ENSG00000170473,0.0730846753916849,10480
ENSG00000149179,0.0730039295157476,10481
ENSG00000148346,0.0728846454240265,10482
ENSG00000143171,0.0728621376274882,10483
ENSG00000043093,0.0726067579723022,10484
ENSG00000177414,0.0725581936748931,10485
ENSG00000156253,0.072454308431688,10486
ENSG00000205403,0.0724261826255032,10487
ENSG00000163507,0.0723936098399499,10488
ENSG00000118961,0.0723173918257307,10489
ENSG00000121351,0.0722460862422518,10490
ENSG00000102359,0.0721561569346813,10491
ENSG00000145476,0.072124384643379,10492
ENSG00000112110,0.072071410704244,10493
ENSG00000151224,0.0719487021206478,10494
ENSG00000117448,0.0718970357672661,10495
ENSG00000161381,0.0718796194584575,10496
ENSG00000162783,0.0718692176641489,10497
ENSG00000097096,0.0718150176508352,10498
ENSG00000160959,0.07170336414536,10499
ENSG00000053108,0.0716862049057372,10500
ENSG00000236761,0.0716588980472443,10501
ENSG00000174876,0.0715726450770019,10502
ENSG00000212122,0.0715477989804931,10503
ENSG00000255251,0.0713236517405749,10504
ENSG00000082497,0.0711481986931976,10505
ENSG00000124490,0.0710214945925503,10506
ENSG00000139364,0.07096912728813,10507
ENSG00000162694,0.0709593274077452,10508
ENSG00000173402,0.0709080018133464,10509
ENSG00000163376,0.0708547044245424,10510
ENSG00000151461,0.070552337264824,10511
ENSG00000198443,0.0703747722600289,10512
ENSG00000197757,0.0703638785383155,10513
ENSG00000134962,0.0702970528439328,10514
ENSG00000122778,0.0702017108917476,10515
ENSG00000117697,0.0701393655356078,10516
ENSG00000189129,0.0701113488003612,10517
ENSG00000101200,0.0700664780906227,10518
ENSG00000160305,0.0700373144200712,10519
ENSG00000158850,0.0700234336138237,10520
ENSG00000198870,0.0700099381215296,10521
ENSG00000182261,0.0700090287894058,10522
ENSG00000073861,0.0699760719866499,10523
ENSG00000148840,0.0699436419124613,10524
ENSG00000197044,0.0698418946196616,10525
ENSG00000165359,0.0698263299094324,10526
ENSG00000117859,0.0698009672768167,10527
ENSG00000132517,0.0696675213318963,10528
ENSG00000185974,0.0696647805793909,10529
ENSG00000167208,0.069612880138695,10530
ENSG00000181090,0.0695848326790874,10531
ENSG00000153707,0.0695643280914956,10532
ENSG00000169330,0.069463143983754,10533
ENSG00000138036,0.0694302088764307,10534
ENSG00000061936,0.0694027097511717,10535
ENSG00000120727,0.0693959854773166,10536
ENSG00000111802,0.0693106258128755,10537
ENSG00000174238,0.0692564780089415,10538
ENSG00000243896,0.0691375548381475,10539
ENSG00000186452,0.0691278583038074,10540
ENSG00000157637,0.0690864668903378,10541
ENSG00000070367,0.0690206812852048,10542
ENSG00000131242,0.0689402177245138,10543
ENSG00000182141,0.0689019686995816,10544
ENSG00000170160,0.068889590613122,10545
ENSG00000131263,0.0687872939270092,10546
ENSG00000155729,0.0686520007051295,10547
ENSG00000169992,0.0684037731488934,10548
ENSG00000162961,0.0683907869379618,10549
ENSG00000188176,0.06829847573593,10550
ENSG00000109452,0.0682667735152645,10551
ENSG00000165188,0.0682511759299669,10552
ENSG00000124006,0.0681609264411382,10553
ENSG00000077150,0.0678226337397064,10554
ENSG00000198105,0.0677112264045071,10555
ENSG00000176231,0.0676166012343056,10556
ENSG00000003400,0.0675580085340662,10557
ENSG00000145781,0.067460384938051,10558
ENSG00000181634,0.0674602405580226,10559
ENSG00000161640,0.0673696079338969,10560
ENSG00000071564,0.0673517859552521,10561
ENSG00000110422,0.0673304878352865,10562
ENSG00000153767,0.067323918220005,10563
ENSG00000167526,0.0672790006865673,10564
ENSG00000148337,0.0672350923692575,10565
ENSG00000185105,0.0672161240489804,10566
ENSG00000076770,0.0669604382344987,10567
ENSG00000173207,0.0668689567461552,10568
ENSG00000166411,0.0667786585647846,10569
ENSG00000176435,0.0666736701911899,10570
ENSG00000137814,0.0666503872014,10571
ENSG00000165782,0.0666132568097368,10572
ENSG00000068305,0.066566014801836,10573
ENSG00000138073,0.066529593329964,10574
ENSG00000147050,0.0662415942783118,10575
ENSG00000139318,0.0662027746083622,10576
ENSG00000184588,0.0661056419372326,10577
ENSG00000110274,0.0660108493357839,10578
ENSG00000088881,0.0659410803806386,10579
ENSG00000169224,0.0657652880059031,10580
ENSG00000109758,0.0656756598571083,10581
ENSG00000156239,0.065583563184854,10582
ENSG00000125871,0.0655228679716383,10583
ENSG00000101574,0.065410139556385,10584
ENSG00000136122,0.0653707788251304,10585
ENSG00000166959,0.0652938908513752,10586
ENSG00000171763,0.0652787954210944,10587
ENSG00000125991,0.0652480272243556,10588
ENSG00000183559,0.0652242172387268,10589
ENSG00000204396,0.0651510251621658,10590
ENSG00000143198,0.0649515093963128,10591
ENSG00000099814,0.0648592993079801,10592
ENSG00000165704,0.064707492625148,10593
ENSG00000189091,0.0647074926251371,10594
ENSG00000115009,0.0646719216343336,10595
ENSG00000213231,0.0645677977350263,10596
ENSG00000157601,0.0641706387940794,10597
ENSG00000174939,0.0641601557150425,10598
ENSG00000109610,0.0638817634086445,10599
ENSG00000168092,0.0638081498643151,10600
ENSG00000157322,0.063777973127435,10601
ENSG00000162852,0.0637558971673716,10602
ENSG00000143321,0.0636932490477921,10603
ENSG00000163950,0.0636886015056079,10604
ENSG00000163632,0.0636284597577356,10605
ENSG00000221988,0.0635271719070734,10606
ENSG00000087589,0.0634495295275847,10607
ENSG00000075336,0.0634184146025218,10608
ENSG00000133636,0.0633525135513506,10609
ENSG00000142937,0.0633461655323045,10610
ENSG00000139131,0.063343040655891,10611
ENSG00000138834,0.0632124800052698,10612
ENSG00000162460,0.0631806895781192,10613
ENSG00000186073,0.0630347911514982,10614
ENSG00000106211,0.0630010854738066,10615
ENSG00000125869,0.0630010854737775,10616
ENSG00000125084,0.0628592814475996,10617
ENSG00000184895,0.0627937339741297,10618
ENSG00000164574,0.0627937339741297,10619
ENSG00000176974,0.0627413195983681,10620
ENSG00000186376,0.0625128826225118,10621
ENSG00000173141,0.0624755302849808,10622
ENSG00000093183,0.0620934107094654,10623
ENSG00000160883,0.0619588091843543,10624
ENSG00000155959,0.0618760432203708,10625
ENSG00000171766,0.0617509622547486,10626
ENSG00000104368,0.0616281817757736,10627
ENSG00000115762,0.061601875173139,10628
ENSG00000156973,0.061569482064755,10629
ENSG00000215717,0.0615238196916762,10630
ENSG00000197838,0.061369073643742,10631
ENSG00000221829,0.0613514842829463,10632
ENSG00000144228,0.0610364723938401,10633
ENSG00000172366,0.0609637489289162,10634
ENSG00000105519,0.0607731493274316,10635
ENSG00000065029,0.060696802745515,10636
ENSG00000177595,0.0606383973333577,10637
ENSG00000171815,0.0605864307726515,10638
ENSG00000139684,0.0605155193299725,10639
ENSG00000101871,0.0605106945337611,10640
ENSG00000128285,0.0604716038587649,10641
ENSG00000145982,0.0604166793095646,10642
ENSG00000169435,0.0598794550842722,10643
ENSG00000158270,0.0598343686851731,10644
ENSG00000166482,0.0597787473828357,10645
ENSG00000167670,0.0597028410242056,10646
ENSG00000108641,0.0596473214262514,10647
ENSG00000136930,0.0595752071967701,10648
ENSG00000203857,0.0593291592091147,10649
ENSG00000076043,0.0592541226536159,10650
ENSG00000213390,0.059251899033659,10651
ENSG00000108443,0.0591463899333758,10652
ENSG00000105738,0.0591372918788543,10653
ENSG00000156222,0.0590077929300654,10654
ENSG00000119703,0.0589257848761627,10655
ENSG00000176194,0.0588691256007467,10656
ENSG00000148204,0.0586903515283557,10657
ENSG00000103145,0.0585728278901079,10658
ENSG00000122085,0.0585055067225658,10659
ENSG00000112599,0.0583836016967401,10660
ENSG00000101997,0.0582086613316788,10661
ENSG00000198930,0.057900444107283,10662
ENSG00000115461,0.0578572659001059,10663
ENSG00000205476,0.0578046894532199,10664
ENSG00000171757,0.0578019466356273,10665
ENSG00000113558,0.0577750455097994,10666
ENSG00000175395,0.0577525550194841,10667
ENSG00000160213,0.0576627273962367,10668
ENSG00000178175,0.0576612711992202,10669
ENSG00000109854,0.0576257985350094,10670
ENSG00000175793,0.0575867572274292,10671
ENSG00000105464,0.0574808341575554,10672
ENSG00000185219,0.0574209800666558,10673
ENSG00000125378,0.0573358699183336,10674
ENSG00000131732,0.0573235411050264,10675
ENSG00000185290,0.0573218497514749,10676
ENSG00000196419,0.0571684311060308,10677
ENSG00000152520,0.0570356947674882,10678
ENSG00000118058,0.0567735100942518,10679
ENSG00000132002,0.0564963266034192,10680
ENSG00000125675,0.0563959321464499,10681
ENSG00000182827,0.0563055493572138,10682
ENSG00000126368,0.0562994235245242,10683
ENSG00000152229,0.056296982857777,10684
ENSG00000188659,0.0561660008082981,10685
ENSG00000080573,0.0560655977139932,10686
ENSG00000160094,0.0560387714032368,10687
ENSG00000159267,0.0559412970313861,10688
ENSG00000197555,0.0559131677736878,10689
ENSG00000142789,0.0559006497028912,10690
ENSG00000157823,0.0558757250510971,10691
ENSG00000135917,0.0558411291295947,10692
ENSG00000204314,0.0557736446428462,10693
ENSG00000101417,0.0557550598340167,10694
ENSG00000198168,0.0557210328309447,10695
ENSG00000153140,0.0555646306238486,10696
ENSG00000171992,0.0555299092955684,10697
ENSG00000166886,0.0555222662593587,10698
ENSG00000160145,0.0554388072141883,10699
ENSG00000101558,0.0554349672919141,10700
ENSG00000006377,0.0554317028928081,10701
ENSG00000251493,0.0554296110561845,10702
ENSG00000114030,0.0553579944304619,10703
ENSG00000186300,0.0552403977432332,10704
ENSG00000167311,0.0552013471691025,10705
ENSG00000145882,0.0551817494586576,10706
ENSG00000185442,0.0551291506770067,10707
ENSG00000187616,0.0549621462953728,10708
ENSG00000117593,0.0549045970070511,10709
ENSG00000050820,0.054702041995246,10710
ENSG00000011295,0.0546069982728804,10711
ENSG00000143553,0.0544315755125717,10712
ENSG00000142512,0.0542714664007363,10713
ENSG00000072310,0.0542680808869045,10714
ENSG00000204657,0.0541816943613376,10715
ENSG00000204304,0.0540306206613604,10716
ENSG00000117118,0.0538654622607319,10717
ENSG00000154723,0.053725307558896,10718
ENSG00000096080,0.0536880284969084,10719
ENSG00000151948,0.0536536449176475,10720
ENSG00000143314,0.0533595385203371,10721
ENSG00000108830,0.0533129031875869,10722
ENSG00000109667,0.0532706243671782,10723
ENSG00000079435,0.053224120872206,10724
ENSG00000204519,0.0532024872135953,10725
ENSG00000158406,0.0531714878048879,10726
ENSG00000149743,0.053044533821143,10727
ENSG00000154839,0.0527362421895014,10728
ENSG00000187049,0.0526401854126598,10729
ENSG00000239713,0.0525197471114807,10730
ENSG00000150054,0.052328111645108,10731
ENSG00000161547,0.052328111645108,10732
ENSG00000258818,0.052328111645108,10733
ENSG00000155621,0.0521787970990408,10734
ENSG00000163794,0.0520239734792861,10735
ENSG00000204256,0.0519961225042389,10736
ENSG00000132466,0.0519532344999898,10737
ENSG00000104979,0.0519124224985953,10738
ENSG00000006607,0.0518952577935306,10739
ENSG00000100003,0.0517572541507543,10740
ENSG00000176024,0.0516343442228826,10741
ENSG00000114349,0.0514990340560034,10742
ENSG00000085224,0.0514238065064128,10743
ENSG00000123901,0.0511395475151367,10744
ENSG00000112739,0.0511252872326586,10745
ENSG00000151790,0.0511201044758491,10746
ENSG00000166670,0.0510511104896723,10747
ENSG00000163751,0.0509788436240651,10748
ENSG00000153086,0.0506716710904148,10749
ENSG00000175866,0.050657595659126,10750
ENSG00000184349,0.0506067027086101,10751
ENSG00000169813,0.0505127829610719,10752
ENSG00000081760,0.050434042862209,10753
ENSG00000101266,0.0504200431066929,10754
ENSG00000063177,0.0503848066826613,10755
ENSG00000155850,0.0501647200563093,10756
ENSG00000135220,0.0501377669094218,10757
ENSG00000217128,0.0499446082570576,10758
ENSG00000100271,0.0499406850938976,10759
ENSG00000133131,0.0498393812733411,10760
ENSG00000107566,0.0498002195877567,10761
ENSG00000135249,0.0497829645010424,10762
ENSG00000129538,0.0494607031759988,10763
ENSG00000162520,0.0494168335944414,10764
ENSG00000169436,0.0493091290577722,10765
ENSG00000063244,0.049181456852355,10766
ENSG00000130312,0.0488261029098649,10767
ENSG00000163810,0.048787590004853,10768
ENSG00000173575,0.0487305481409421,10769
ENSG00000256870,0.0485249885728117,10770
ENSG00000101193,0.0484608723227102,10771
ENSG00000120533,0.0484385778136784,10772
ENSG00000143776,0.0484297524426947,10773
ENSG00000198520,0.0484045449930418,10774
ENSG00000110079,0.0483422778740934,10775
ENSG00000104904,0.0483301664236351,10776
ENSG00000213585,0.0482783311187377,10777
ENSG00000161896,0.0482108161108554,10778
ENSG00000172005,0.0481551882461135,10779
ENSG00000179059,0.0481351319411333,10780
ENSG00000204897,0.0481142399567871,10781
ENSG00000159182,0.0480771595908736,10782
ENSG00000142039,0.0479952042319965,10783
ENSG00000152380,0.0479903491196601,10784
ENSG00000160678,0.0479679960663307,10785
ENSG00000120549,0.0479634007263521,10786
ENSG00000181274,0.0479394606730712,10787
ENSG00000087095,0.0479361306706633,10788
ENSG00000148357,0.0479156911378959,10789
ENSG00000154957,0.0478832048312761,10790
ENSG00000116183,0.0478448433164813,10791
ENSG00000167778,0.047681647542413,10792
ENSG00000221970,0.0475911287316631,10793
ENSG00000213020,0.0475528521192573,10794
ENSG00000065833,0.047500015616899,10795
ENSG00000175224,0.0474828788814484,10796
ENSG00000185651,0.0474132397438807,10797
ENSG00000112562,0.0474110722058322,10798
ENSG00000198960,0.0474004235249595,10799
ENSG00000221888,0.0473676351750189,10800
ENSG00000088320,0.0472399904495978,10801
ENSG00000112851,0.0471724293022999,10802
ENSG00000143614,0.0471673446770583,10803
ENSG00000163254,0.0470905327236524,10804
ENSG00000117153,0.0470015147033791,10805
ENSG00000162761,0.046996013716067,10806
ENSG00000086598,0.0469858502182906,10807
ENSG00000124205,0.0469638695856847,10808
ENSG00000178425,0.0469420201341418,10809
ENSG00000016082,0.0469301929685753,10810
ENSG00000144736,0.0469053753096814,10811
ENSG00000020256,0.0469044041358102,10812
ENSG00000205856,0.0469044041358102,10813
ENSG00000162975,0.0469019177640519,10814
ENSG00000131459,0.046884013180912,10815
ENSG00000116717,0.0468649396413093,10816
ENSG00000197915,0.0468505152216094,10817
ENSG00000106993,0.0468355756440433,10818
ENSG00000169045,0.0468277494844515,10819
ENSG00000155906,0.0468200928091246,10820
ENSG00000133119,0.0468200928091101,10821
ENSG00000198034,0.046770071342442,10822
ENSG00000171962,0.0467700713424274,10823
ENSG00000185267,0.046764320685239,10824
ENSG00000100104,0.0467333889335423,10825
ENSG00000119596,0.0467333889335423,10826
ENSG00000073969,0.0466725117443057,10827
ENSG00000131437,0.0466274175300641,10828
ENSG00000067798,0.0466274175300496,10829
ENSG00000179695,0.0466033331201834,10830
ENSG00000150768,0.0466033331201761,10831
ENSG00000178163,0.046600658438656,10832
ENSG00000156983,0.0465781285051926,10833
ENSG00000181408,0.0465517394430608,10834
ENSG00000120057,0.0465459443488653,10835
ENSG00000140830,0.046530122792552,10836
ENSG00000099282,0.0465299175545888,10837
ENSG00000124508,0.0465240307949644,10838
ENSG00000168781,0.0464507841761515,10839
ENSG00000156990,0.0462474797081395,10840
ENSG00000148308,0.0462420669719577,10841
ENSG00000173517,0.0460975605126732,10842
ENSG00000074803,0.0460941682970588,10843
ENSG00000140478,0.0460668254905268,10844
ENSG00000181778,0.0460668254905268,10845
ENSG00000269404,0.0460668254905268,10846
ENSG00000148153,0.045886034592626,10847
ENSG00000108651,0.0457094874665199,10848
ENSG00000129518,0.0456944885401026,10849
ENSG00000008988,0.0456773957807163,10850
ENSG00000146151,0.0456454987146135,10851
ENSG00000129351,0.0456278368225903,10852
ENSG00000161944,0.0455534013785,10853
ENSG00000261934,0.0454797431417392,10854
ENSG00000242612,0.0454274170758145,10855
ENSG00000169976,0.0452670200912398,10856
ENSG00000132361,0.0448638395734743,10857
ENSG00000151490,0.0448520913357934,10858
ENSG00000177674,0.0445996940474724,10859
ENSG00000123415,0.0445158014067929,10860
ENSG00000174547,0.044453767521416,10861
ENSG00000088986,0.0443359835340543,10862
ENSG00000165688,0.0443192193243033,10863
ENSG00000138670,0.0442945746241639,10864
ENSG00000108861,0.0442809078816244,10865
ENSG00000132003,0.0442809078816244,10866
ENSG00000153982,0.0442260897480883,10867
ENSG00000124813,0.0441898427819251,10868
ENSG00000134910,0.0441173678133273,10869
ENSG00000171557,0.0439952519084909,10870
ENSG00000162714,0.0439414531147631,10871
ENSG00000013375,0.0438254257101798,10872
ENSG00000170837,0.0437520043878758,10873
ENSG00000181026,0.0437202283565639,10874
ENSG00000214513,0.0436783359970037,10875
ENSG00000155666,0.043678061955703,10876
ENSG00000186453,0.0435640103711485,10877
ENSG00000163737,0.0434852030900729,10878
ENSG00000243335,0.0434138537757899,10879
ENSG00000104921,0.0434115221138927,10880
ENSG00000198026,0.0433265972501152,10881
ENSG00000032219,0.0433159379111967,10882
ENSG00000008838,0.0432393268214219,10883
ENSG00000197063,0.0432152649608033,10884
ENSG00000138382,0.0430685611565787,10885
ENSG00000116030,0.0428984471456788,10886
ENSG00000077009,0.0428916371186788,10887
ENSG00000144029,0.0428054570897366,10888
ENSG00000101049,0.0426637361937756,10889
ENSG00000162543,0.0425538954614622,10890
ENSG00000047932,0.0425148660070263,10891
ENSG00000186132,0.0424741195884708,10892
ENSG00000163617,0.042135872725572,10893
ENSG00000203760,0.0421334349081444,10894
ENSG00000171867,0.0420895496175072,10895
ENSG00000127884,0.0420848532618984,10896
ENSG00000115687,0.0420623843807553,10897
ENSG00000204568,0.0420533103120397,10898
ENSG00000050426,0.0419983057699756,10899
ENSG00000146047,0.0419814518380284,10900
ENSG00000081307,0.0419683541295817,10901
ENSG00000101204,0.0419307592840378,10902
ENSG00000102893,0.0419047690910957,10903
ENSG00000152556,0.0418680774163456,10904
ENSG00000139679,0.0418529687338669,10905
ENSG00000181396,0.0416478767256231,10906
ENSG00000048471,0.04156148833115,10907
ENSG00000183137,0.0415609810066708,10908
ENSG00000108984,0.0415152786753315,10909
ENSG00000124155,0.0414719167688381,10910
ENSG00000143971,0.0414613604139595,10911
ENSG00000117000,0.041297810678363,10912
ENSG00000139044,0.0412936396251826,10913
ENSG00000116698,0.0412462134085872,10914
ENSG00000112299,0.0410603849296895,10915
ENSG00000183888,0.0409890808614,10916
ENSG00000015676,0.040975020304053,10917
ENSG00000102452,0.0409620202242295,10918
ENSG00000127952,0.0407977141299634,10919
ENSG00000141096,0.0407145644520933,10920
ENSG00000130313,0.0406797390768188,10921
ENSG00000204852,0.0404764930207748,10922
ENSG00000205457,0.040462351966009,10923
ENSG00000184814,0.0404481432674007,10924
ENSG00000117281,0.0403541866630985,10925
ENSG00000005486,0.0403513539546038,10926
ENSG00000222011,0.0403082354810867,10927
ENSG00000168994,0.0402758536955225,10928
ENSG00000144115,0.0402342339227616,10929
ENSG00000186298,0.0401663142704929,10930
ENSG00000127824,0.0400128189188447,10931
ENSG00000149927,0.0397819262653065,10932
ENSG00000175262,0.0397787886506826,10933
ENSG00000243284,0.0395485972636234,10934
ENSG00000032444,0.0394579266470391,10935
ENSG00000171621,0.0393890465166936,10936
ENSG00000167771,0.0392460837338311,10937
ENSG00000213123,0.0392460837338311,10938
ENSG00000011405,0.039209899457499,10939
ENSG00000090889,0.03901903144061,10940
ENSG00000082516,0.0389943709893851,10941
ENSG00000174740,0.0388206241518274,10942
ENSG00000141219,0.0385090680595022,10943
ENSG00000112339,0.0383216802265961,10944
ENSG00000036473,0.0383095972454103,10945
ENSG00000089737,0.0382905421298019,10946
ENSG00000021488,0.0382382345010337,10947
ENSG00000079263,0.0382203207455023,10948
ENSG00000197535,0.0381906921681802,10949
ENSG00000100722,0.037820014906727,10950
ENSG00000132692,0.037775472416135,10951
ENSG00000140688,0.0377236275204596,10952
ENSG00000156052,0.0376639075522035,10953
ENSG00000185379,0.0375324680615995,10954
ENSG00000184557,0.0375005893251728,10955
ENSG00000149262,0.0374766601530719,10956
ENSG00000134258,0.0374731106247637,10957
ENSG00000177600,0.0374402399944374,10958
ENSG00000137221,0.0374312397504109,10959
ENSG00000227345,0.0374008095638856,10960
ENSG00000134160,0.0373680411263558,10961
ENSG00000197110,0.0373680411263558,10962
ENSG00000168582,0.0373014314273823,10963
ENSG00000168661,0.0372696885882178,10964
ENSG00000258227,0.0372181048551647,10965
ENSG00000119969,0.0371772778637278,10966
ENSG00000175573,0.0371484716986015,10967
ENSG00000186638,0.0371307944599976,10968
ENSG00000116703,0.0370644415649149,10969
ENSG00000075415,0.0369913377744924,10970
ENSG00000009844,0.0369502630326897,10971
ENSG00000183908,0.0369150206678314,10972
ENSG00000115112,0.0369083841490137,10973
ENSG00000196976,0.0368011567465255,10974
ENSG00000094804,0.0366380840835336,10975
ENSG00000109736,0.0365160890574189,10976
ENSG00000122882,0.0364145659562928,10977
ENSG00000099942,0.0363094927362472,10978
ENSG00000111412,0.0362356762437375,10979
ENSG00000049759,0.0360872387127602,10980
ENSG00000104760,0.0359296390495729,10981
ENSG00000110887,0.0359138860652747,10982
ENSG00000110777,0.0358775660865558,10983
ENSG00000109181,0.0358307865413663,10984
ENSG00000170925,0.0358093741702833,10985
ENSG00000132703,0.0357673852459993,10986
ENSG00000158077,0.0357231664293795,10987
ENSG00000116785,0.0357036313946373,10988
ENSG00000167434,0.0355803199385409,10989
ENSG00000144820,0.0355116842635107,10990
ENSG00000071626,0.0353855410760443,10991
ENSG00000179299,0.0353417734797986,10992
ENSG00000266714,0.0352845769285923,10993
ENSG00000011638,0.0352631996076671,10994
ENSG00000187231,0.0352552473521937,10995
ENSG00000204701,0.0352363019529876,10996
ENSG00000205111,0.0351736573626804,10997
ENSG00000198612,0.0351528741918171,10998
ENSG00000158014,0.0351024820108432,10999
ENSG00000161021,0.0350514524940081,11000
ENSG00000131845,0.034996912043728,11001
ENSG00000101782,0.0349643972157501,11002
ENSG00000152214,0.0349361099674716,11003
ENSG00000179846,0.0348588870670937,11004
ENSG00000187959,0.0348047831874937,11005
ENSG00000010610,0.0348014081781294,11006
ENSG00000166206,0.0347372528683627,11007
ENSG00000214967,0.0346803297792409,11008
ENSG00000125965,0.034580415256758,11009
ENSG00000172197,0.0345596687940779,11010
ENSG00000158805,0.034342923754004,11011
ENSG00000204516,0.0341458502533715,11012
ENSG00000147416,0.0341044061259017,11013
ENSG00000137822,0.0340196739691673,11014
ENSG00000173011,0.0340135588179965,11015
ENSG00000171954,0.0339351785374589,11016
ENSG00000105647,0.0339257363129036,11017
ENSG00000100027,0.0339172959975404,11018
ENSG00000125734,0.0338939681983829,11019
ENSG00000241935,0.0338574453749497,11020
ENSG00000133678,0.0338432255351363,11021
ENSG00000152932,0.0337104905707674,11022
ENSG00000176476,0.0335828563006944,11023
ENSG00000076944,0.0335606991878012,11024
ENSG00000100625,0.0335592573289869,11025
ENSG00000138100,0.0335556309040403,11026
ENSG00000154529,0.0335481423711608,11027
ENSG00000180423,0.0333829058781521,11028
ENSG00000082146,0.033286184599041,11029
ENSG00000184454,0.0332605719857092,11030
ENSG00000147889,0.0331058277941336,11031
ENSG00000105668,0.0330977650701534,11032
ENSG00000132199,0.0328704896027339,11033
ENSG00000115484,0.0328254918653402,11034
ENSG00000187475,0.0326470329135045,11035
ENSG00000105392,0.0325614617919531,11036
ENSG00000102910,0.0324296362891691,11037
ENSG00000064999,0.032281009313152,11038
ENSG00000165966,0.0322002160355369,11039
ENSG00000160789,0.032102421884425,11040
ENSG00000152348,0.0320260371361364,11041
ENSG00000134590,0.0319773005018942,11042
ENSG00000204619,0.0317632807215559,11043
ENSG00000180116,0.0317381170830959,11044
ENSG00000127252,0.03167253653027,11045
ENSG00000082458,0.0316184262927272,11046
ENSG00000133116,0.0315076381622639,11047
ENSG00000007001,0.0313756993079587,11048
ENSG00000113761,0.031305555555562,11049
ENSG00000133597,0.0312257877011689,11050
ENSG00000068366,0.0311917379462102,11051
ENSG00000205426,0.0311678645420179,11052
ENSG00000100632,0.0311605975220155,11053
ENSG00000084733,0.0311320231133723,11054
ENSG00000103365,0.0310517973545384,11055
ENSG00000272514,0.0310257374013308,11056
ENSG00000112855,0.0310167980183032,11057
ENSG00000104435,0.0309059542277537,11058
ENSG00000143921,0.0308984926807043,11059
ENSG00000140986,0.0307714335038909,11060
ENSG00000162627,0.0306917988854402,11061
ENSG00000164190,0.0306049635055824,11062
ENSG00000136943,0.0305469192905111,11063
ENSG00000059915,0.0305237055627936,11064
ENSG00000196275,0.0304973040313926,11065
ENSG00000240849,0.0304906098828942,11066
ENSG00000139269,0.0304263529718737,11067
ENSG00000151967,0.0303735197273418,11068
ENSG00000075461,0.0303598366524675,11069
ENSG00000021776,0.0303552724770998,11070
ENSG00000169221,0.0301646031444083,11071
ENSG00000124098,0.0301516565947968,11072
ENSG00000185813,0.0300728578601265,11073
ENSG00000131143,0.0299600816691636,11074
ENSG00000167780,0.0298861623169141,11075
ENSG00000130803,0.0298821478165919,11076
ENSG00000128739,0.0298259210569595,11077
ENSG00000154277,0.0297712669104803,11078
ENSG00000109132,0.0297677554598777,11079
ENSG00000160695,0.029743517179546,11080
ENSG00000142178,0.0296551153067558,11081
ENSG00000132688,0.0296308596999734,11082
ENSG00000183837,0.0296225732520688,11083
ENSG00000085982,0.029593070219591,11084
ENSG00000163320,0.0295088509021382,11085
ENSG00000020922,0.0295021562876282,11086
ENSG00000129152,0.0294948897466711,11087
ENSG00000230989,0.0292551333900192,11088
ENSG00000172782,0.0292551333900119,11089
ENSG00000164219,0.0292126278817013,11090
ENSG00000112972,0.0290073018668627,11091
ENSG00000166801,0.0287122404175734,11092
ENSG00000167280,0.0286825142128218,11093
ENSG00000143569,0.0286262316818393,11094
ENSG00000183072,0.0285169567541672,11095
ENSG00000134152,0.0284874137472336,11096
ENSG00000197181,0.028472454404211,11097
ENSG00000171150,0.0284429175582554,11098
ENSG00000089195,0.0283997601664729,11099
ENSG00000067064,0.028360025627102,11100
ENSG00000185015,0.0283097780583339,11101
ENSG00000198315,0.0282479306641617,11102
ENSG00000138640,0.0281751806087959,11103
ENSG00000137204,0.0281299629719251,11104
ENSG00000188624,0.0281025735746662,11105
ENSG00000114019,0.0280355402080313,11106
ENSG00000179934,0.0280099886340932,11107
ENSG00000227059,0.0279934448023269,11108
ENSG00000069764,0.0279708528165793,11109
ENSG00000165731,0.027743503330872,11110
ENSG00000174226,0.0277435033308648,11111
ENSG00000113396,0.027702186561191,11112
ENSG00000094914,0.0277015540576548,11113
ENSG00000182963,0.0276399676125729,11114
ENSG00000068903,0.0275913850127326,11115
ENSG00000134153,0.0275542398985758,11116
ENSG00000188542,0.0274888415104942,11117
ENSG00000157005,0.0274758024993535,11118
ENSG00000168884,0.0273932170311891,11119
ENSG00000148965,0.0273470303232269,11120
ENSG00000152475,0.0273047911640169,11121
ENSG00000139572,0.0272761029829708,11122
ENSG00000067057,0.0272675124377129,11123
ENSG00000087460,0.0272465219458973,11124
ENSG00000156858,0.0272256246020261,11125
ENSG00000137812,0.0271883663310146,11126
ENSG00000239810,0.0271269810346275,11127
ENSG00000082269,0.0270552726961032,11128
ENSG00000167281,0.0269266413583282,11129
ENSG00000135100,0.0268987379761384,11130
ENSG00000103248,0.0268518518518686,11131
ENSG00000156504,0.0268005410740152,11132
ENSG00000158882,0.0267715234430216,11133
ENSG00000166233,0.0266337631976348,11134
ENSG00000117222,0.026531659455537,11135
ENSG00000117036,0.0265111861413861,11136
ENSG00000184271,0.0264391275242579,11137
ENSG00000137947,0.0263247189941176,11138
ENSG00000147383,0.0262265602318075,11139
ENSG00000089177,0.0262008956635909,11140
ENSG00000183421,0.0261115325467108,11141
ENSG00000164294,0.0260240461555277,11142
ENSG00000196757,0.0260192375929473,11143
ENSG00000138081,0.0259465377569431,11144
ENSG00000050767,0.0258997517872267,11145
ENSG00000157045,0.0257979360007448,11146
ENSG00000079557,0.0257799904837448,11147
ENSG00000163909,0.0256834177868441,11148
ENSG00000100360,0.0254803242965863,11149
ENSG00000079691,0.0253373481364397,11150
ENSG00000180483,0.02530415778514,11151
ENSG00000122862,0.0252604735027417,11152
ENSG00000115241,0.0252596643937286,11153
ENSG00000132141,0.0250618841236574,11154
ENSG00000198963,0.024973894357332,11155
ENSG00000196872,0.024836999654377,11156
ENSG00000198785,0.0247812393279164,11157
ENSG00000140297,0.0247633204922931,11158
ENSG00000136881,0.0247605157270154,11159
ENSG00000107758,0.0245045582103339,11160
ENSG00000156206,0.0244479164562072,11161
ENSG00000164266,0.0244296146083143,11162
ENSG00000183397,0.0243731703954072,11163
ENSG00000170906,0.0242991134194017,11164
ENSG00000117069,0.0242805398684577,11165
ENSG00000168096,0.0242329443402705,11166
ENSG00000120341,0.0242126374305954,11167
ENSG00000142327,0.0241576632195465,11168
ENSG00000204482,0.0240019913413416,11169
ENSG00000173890,0.0239734276404342,11170
ENSG00000138802,0.0239326500608295,11171
ENSG00000135537,0.0239254763603385,11172
ENSG00000197776,0.023892496160086,11173
ENSG00000125354,0.0238816608713241,11174
ENSG00000089472,0.0238443027087487,11175
ENSG00000159882,0.0238443027087487,11176
ENSG00000100253,0.0237688810426043,11177
ENSG00000147059,0.023759772295929,11178
ENSG00000197272,0.0237390751484309,11179
ENSG00000010256,0.023714438344643,11180
ENSG00000213889,0.0237120446406407,11181
ENSG00000037474,0.0237046800019743,11182
ENSG00000146197,0.0236744561756677,11183
ENSG00000204642,0.0236644180031726,11184
ENSG00000173085,0.0236430415099167,11185
ENSG00000004975,0.0235945646608816,11186
ENSG00000164841,0.0234417747531552,11187
ENSG00000254585,0.0233813486721483,11188
ENSG00000104067,0.023126629461025,11189
ENSG00000071462,0.0231068116146416,11190
ENSG00000178982,0.0230642405391554,11191
ENSG00000167941,0.0230477351539303,11192
ENSG00000122126,0.023016832393012,11193
ENSG00000089127,0.0229324054000899,11194
ENSG00000163923,0.0228711215261719,11195
ENSG00000187664,0.0228159827153431,11196
ENSG00000167302,0.0228093690909736,11197
ENSG00000079482,0.0227539926366808,11198
ENSG00000139718,0.0227539926366735,11199
ENSG00000165794,0.022751895661946,11200
ENSG00000178997,0.0227076982629369,11201
ENSG00000102796,0.0226586283975048,11202
ENSG00000105662,0.0226361906466991,11203
ENSG00000158887,0.0226235240290989,11204
ENSG00000163933,0.0225159323793196,11205
ENSG00000173431,0.0224695204495802,11206
ENSG00000085433,0.0223984615017325,11207
ENSG00000135801,0.0223869854521618,11208
ENSG00000165948,0.0223832779612276,11209
ENSG00000198160,0.0223764490395261,11210
ENSG00000162522,0.0223118763891835,11211
ENSG00000057935,0.0222562992103049,11212
ENSG00000213937,0.0221342277620279,11213
ENSG00000254656,0.0221021137636526,11214
ENSG00000204704,0.0220494443467223,11215
ENSG00000125740,0.0220486868044536,11216
ENSG00000105290,0.0219770986416115,11217
ENSG00000240654,0.0219181382474126,11218
ENSG00000131127,0.0218883033444581,11219
ENSG00000188994,0.0216910539352248,11220
ENSG00000148408,0.0216858433248645,11221
ENSG00000163818,0.0216763320967586,11222
ENSG00000166211,0.0216151744856033,11223
ENSG00000170348,0.0215997929962978,11224
ENSG00000120519,0.0215461451031485,11225
ENSG00000204889,0.0215461451031485,11226
ENSG00000131724,0.0215287804752006,11227
ENSG00000090686,0.021471132915387,11228
ENSG00000134115,0.0213511667535931,11229
ENSG00000065154,0.0211953271637049,11230
ENSG00000152270,0.0211786616349727,11231
ENSG00000113303,0.0211014387165342,11232
ENSG00000144283,0.0210433641859054,11233
ENSG00000100815,0.0210049316170625,11234
ENSG00000143924,0.0209339547262462,11235
ENSG00000091482,0.0208631931635864,11236
ENSG00000189190,0.0208618000689239,11237
ENSG00000155592,0.0208376525236381,11238
ENSG00000005981,0.0208289017122952,11239
ENSG00000048649,0.0208116453706192,11240
ENSG00000065371,0.0207979294226971,11241
ENSG00000125571,0.0206788554406085,11242
ENSG00000165092,0.0205331340134726,11243
ENSG00000105576,0.020474104585679,11244
ENSG00000244476,0.0204672811962482,11245
ENSG00000153560,0.0202775563383475,11246
ENSG00000104059,0.0202543344643491,11247
ENSG00000130427,0.0201926769060083,11248
ENSG00000087206,0.0201502114580653,11249
ENSG00000148120,0.0201456989339276,11250
ENSG00000164796,0.0201260987668065,11251
ENSG00000038210,0.0200895424774208,11252
ENSG00000172840,0.0200806385015464,11253
ENSG00000080644,0.020045297251665,11254
ENSG00000166167,0.020034851742239,11255
ENSG00000133059,0.0199595650589035,11256
ENSG00000174032,0.0199245414791512,11257
ENSG00000130856,0.0199097435570939,11258
ENSG00000112787,0.0199028073060326,11259
ENSG00000163516,0.0197726131951204,11260
ENSG00000120329,0.0197354027830734,11261
ENSG00000135248,0.0196731982371857,11262
ENSG00000172867,0.0196406583619682,11263
ENSG00000188566,0.0195736205491994,11264
ENSG00000136870,0.0195700873132446,11265
ENSG00000146007,0.0195520633275519,11266
ENSG00000102241,0.0195055607471731,11267
ENSG00000118007,0.0194370421345375,11268
ENSG00000205531,0.0194352468535653,11269
ENSG00000116990,0.0193915305928337,11270
ENSG00000130304,0.0193915305928337,11271
ENSG00000165102,0.0193915305928337,11272
ENSG00000167523,0.0193915305928337,11273
ENSG00000159128,0.0192564992600855,11274
ENSG00000264424,0.0192525914419966,11275
ENSG00000169914,0.0191798704347457,11276
ENSG00000110244,0.019122464144275,11277
ENSG00000183943,0.0191140385736071,11278
ENSG00000109991,0.0191042784086312,11279
ENSG00000051341,0.0190046192717127,11280
ENSG00000003987,0.0189009300906255,11281
ENSG00000157978,0.0188826115728953,11282
ENSG00000117477,0.0188531141880521,11283
ENSG00000135409,0.0187669854304713,11284
ENSG00000134323,0.0187469657820748,11285
ENSG00000204130,0.0187428620582796,11286
ENSG00000204442,0.0186998207884608,11287
ENSG00000145826,0.0186619244344729,11288
ENSG00000008277,0.0186329500551365,11289
ENSG00000160741,0.0185335735054432,11290
ENSG00000085382,0.0183664602735807,11291
ENSG00000104228,0.0183574473602639,11292
ENSG00000169131,0.0183398535350789,11293
ENSG00000197353,0.01832724105753,11294
ENSG00000119782,0.0182717655001034,11295
ENSG00000213064,0.018149733512153,11296
ENSG00000160703,0.0181410827423279,11297
ENSG00000151611,0.0180648051943772,11298
ENSG00000152582,0.0180233687851287,11299
ENSG00000116005,0.0180127325844369,11300
ENSG00000138162,0.0180107331562976,11301
ENSG00000171843,0.0179636783973765,11302
ENSG00000164506,0.0177255586699248,11303
ENSG00000013392,0.0177190922820009,11304
ENSG00000146858,0.0176635276899906,11305
ENSG00000173838,0.0176613990200131,11306
ENSG00000139697,0.0176334222214064,11307
ENSG00000065183,0.0176133211393026,11308
ENSG00000111726,0.0176133211393026,11309
ENSG00000139620,0.0176091908586241,11310
ENSG00000142794,0.0175644114951865,11311
ENSG00000187173,0.0175508013598737,11312
ENSG00000066455,0.017514057071312,11313
ENSG00000009413,0.0174985562678412,11314
ENSG00000137727,0.0174423752330185,11315
ENSG00000171806,0.0173104378527787,11316
ENSG00000164031,0.0172619119053124,11317
ENSG00000103591,0.0172514604502358,11318
ENSG00000100884,0.0172394734918744,11319
ENSG00000205250,0.0171779824495243,11320
ENSG00000109586,0.0170940919576387,11321
ENSG00000123240,0.0170705629112746,11322
ENSG00000151338,0.0170654944775088,11323
ENSG00000135968,0.0170654944775051,11324
ENSG00000196911,0.017048408043509,11325
ENSG00000228716,0.0170248891643546,11326
ENSG00000173567,0.016957827576538,11327
ENSG00000130706,0.0168685758524516,11328
ENSG00000178860,0.0167476807417988,11329
ENSG00000088179,0.0167096264121356,11330
ENSG00000108510,0.0166900724042935,11331
ENSG00000118160,0.0166706050434223,11332
ENSG00000165996,0.0166210509372613,11333
ENSG00000068885,0.0166001143848334,11334
ENSG00000114166,0.0165363611017092,11335
ENSG00000064835,0.0164352448013706,11336
ENSG00000131019,0.0163863740752859,11337
ENSG00000179715,0.016364964950124,11338
ENSG00000099995,0.0163630858926597,11339
ENSG00000148484,0.0163043774537655,11340
ENSG00000091129,0.0161599377313005,11341
ENSG00000188991,0.0161586550364227,11342
ENSG00000197006,0.016139705767504,11343
ENSG00000144713,0.0161265927745226,11344
ENSG00000052749,0.0160960556207756,11345
ENSG00000168374,0.0160117593012474,11346
ENSG00000145685,0.015927802591541,11347
ENSG00000132589,0.0159184206359093,11348
ENSG00000178764,0.015842753752316,11349
ENSG00000184160,0.0157700931817599,11350
ENSG00000183840,0.0157527641330889,11351
ENSG00000128294,0.0157182185977144,11352
ENSG00000113595,0.0156953854266394,11353
ENSG00000197969,0.0156953854266394,11354
ENSG00000172554,0.0156718598000298,11355
ENSG00000134504,0.0156536001143977,11356
ENSG00000186918,0.0156513343318766,11357
ENSG00000118496,0.0153959224050268,11358
ENSG00000174206,0.0153906027517521,11359
ENSG00000148690,0.0153421546407481,11360
ENSG00000115902,0.0152922478114633,11361
ENSG00000102805,0.0152626415652267,11362
ENSG00000100578,0.0152607715129852,11363
ENSG00000196365,0.015230278645271,11364
ENSG00000036054,0.0152203659880324,11365
ENSG00000154079,0.0151693284244539,11366
ENSG00000128641,0.0151496332756512,11367
ENSG00000165757,0.0151472926022107,11368
ENSG00000124440,0.0150931977720466,11369
ENSG00000112695,0.0150815272837135,11370
ENSG00000090615,0.0150199648001435,11371
ENSG00000170790,0.014995200629899,11372
ENSG00000145730,0.0149715789170587,11373
ENSG00000144909,0.014941697472641,11374
ENSG00000132958,0.0149260342236521,11375
ENSG00000123609,0.014907529902528,11376
ENSG00000129048,0.0148984528980509,11377
ENSG00000179331,0.0148417655988887,11378
ENSG00000196954,0.014667883597489,11379
ENSG00000185739,0.0146337750518542,11380
ENSG00000198569,0.0145949724192615,11381
ENSG00000135547,0.0145597397089005,11382
ENSG00000128951,0.0145275071987126,11383
ENSG00000223601,0.0145225252003584,11384
ENSG00000160602,0.0145173552020569,11385
ENSG00000163825,0.0145056703058872,11386
ENSG00000099834,0.0145024851100097,11387
ENSG00000114013,0.0144996383918915,11388
ENSG00000132646,0.0144882739617024,11389
ENSG00000151233,0.0144602502209455,11390
ENSG00000115661,0.0144442366548028,11391
ENSG00000103343,0.0144442366547883,11392
ENSG00000168795,0.0144266217320546,11393
ENSG00000100294,0.0144249059888534,11394
ENSG00000151470,0.0144071526069165,11395
ENSG00000080823,0.0143966287554795,11396
ENSG00000107831,0.014348155257976,11397
ENSG00000186723,0.0143341433876194,11398
ENSG00000091947,0.0143033172728174,11399
ENSG00000121743,0.0143033172728174,11400
ENSG00000224470,0.0143028448615805,11401
ENSG00000149582,0.014297215112776,11402
ENSG00000213516,0.0142892649072164,11403
ENSG00000071051,0.0142680874273065,11404
ENSG00000196323,0.0142212453979228,11405
ENSG00000110583,0.014193083863589,11406
ENSG00000116001,0.0141643377490109,11407
ENSG00000158623,0.0141526064499631,11408
ENSG00000130234,0.0141396577239412,11409
ENSG00000084652,0.0141239653320881,11410
ENSG00000172023,0.0141239653320808,11411
ENSG00000176915,0.0141176470588252,11412
ENSG00000167264,0.0141065417708596,11413
ENSG00000180340,0.0140930068376001,11414
ENSG00000115946,0.0140919381998028,11415
ENSG00000172936,0.014072217164925,11416
ENSG00000175691,0.0140567083543065,11417
ENSG00000121053,0.0140539366285375,11418
ENSG00000092439,0.014041603996302,11419
ENSG00000112282,0.0140233090583342,11420
ENSG00000262576,0.0140164467576142,11421
ENSG00000213672,0.0139970015214349,11422
ENSG00000147614,0.0139802512913884,11423
ENSG00000101213,0.0139134988762671,11424
ENSG00000136861,0.0138954720119364,11425
ENSG00000186930,0.013871751665436,11426
ENSG00000182810,0.0138382567670051,11427
ENSG00000185115,0.0138356090597808,11428
ENSG00000001629,0.0138020190247335,11429
ENSG00000181751,0.013789540396072,11430
ENSG00000161714,0.0137861056060647,11431
ENSG00000134333,0.0137852366261359,11432
ENSG00000128891,0.0137752989939763,11433
ENSG00000177034,0.0137571725782036,11434
ENSG00000130522,0.0137396397448101,11435
ENSG00000132481,0.0137396397448101,11436
ENSG00000119514,0.0137186753494898,11437
ENSG00000147912,0.0137070642218459,11438
ENSG00000153936,0.0136800059310626,11439
ENSG00000188938,0.0136523955820012,11440
ENSG00000142784,0.0136180609509465,11441
ENSG00000166855,0.0136170010550777,11442
ENSG00000007402,0.0135806331015629,11443
ENSG00000174021,0.0135806331015629,11444
ENSG00000156515,0.0135668515348116,11445
ENSG00000111732,0.0135634905173138,11446
ENSG00000115468,0.0135634905173138,11447
ENSG00000131059,0.0135634905173138,11448
ENSG00000133477,0.0135634905173138,11449
ENSG00000240230,0.0135634905173101,11450
ENSG00000117020,0.0135440432361202,11451
ENSG00000101363,0.0134663406894678,11452
ENSG00000158122,0.0134663406894678,11453
ENSG00000100206,0.0134513955543662,11454
ENSG00000141013,0.0134513955543625,11455
ENSG00000143799,0.0134513955543625,11456
ENSG00000104231,0.0134086028037564,11457
ENSG00000213638,0.0134002595010097,11458
ENSG00000162512,0.0133794751089554,11459
ENSG00000184575,0.0133793863945175,11460
ENSG00000177885,0.0133427140146086,11461
ENSG00000096401,0.0133168815988138,11462
ENSG00000111845,0.0133168815988138,11463
ENSG00000172809,0.0133168815988138,11464
ENSG00000239382,0.0132636064078652,11465
ENSG00000171695,0.0132323294186208,11466
ENSG00000101220,0.0131868202821352,11467
ENSG00000165156,0.0131830172968621,11468
ENSG00000182362,0.0131685646527239,11469
ENSG00000107864,0.0131524756531508,11470
ENSG00000122787,0.0131524756531508,11471
ENSG00000135773,0.0131185333763424,11472
ENSG00000135338,0.013091421086574,11473
ENSG00000151208,0.0130786743169883,11474
ENSG00000136160,0.0130461679958171,11475
ENSG00000111052,0.0130354491758844,11476
ENSG00000175928,0.0130195582832675,11477
ENSG00000158985,0.0129956572253432,11478
ENSG00000109756,0.0129823546550615,11479
ENSG00000125848,0.0129612771797401,11480
ENSG00000198677,0.0129469682210729,11481
ENSG00000170779,0.0128802232539747,11482
ENSG00000079805,0.0128582096471509,11483
ENSG00000166002,0.0128319984968402,11484
ENSG00000166452,0.0128206384094956,11485
ENSG00000116489,0.0127788446254563,11486
ENSG00000092470,0.0127680013241479,11487
ENSG00000122565,0.0127609807178669,11488
ENSG00000115257,0.0127183706824217,11489
ENSG00000103540,0.0127163305536378,11490
ENSG00000167077,0.0126827443798247,11491
ENSG00000172985,0.0126737360786647,11492
ENSG00000145321,0.0126728464778862,11493
ENSG00000184220,0.0126720068193099,11494
ENSG00000107807,0.0125317997256061,11495
ENSG00000167632,0.0124121084961516,11496
ENSG00000169919,0.0123304459248266,11497
ENSG00000175505,0.0123304459248266,11498
ENSG00000176248,0.0123243999700635,11499
ENSG00000127511,0.0122999095703708,11500
ENSG00000119688,0.0122977521780704,11501
ENSG00000143512,0.0122695348670241,11502
ENSG00000162004,0.0122579075279355,11503
ENSG00000164077,0.0122359285146813,11504
ENSG00000134668,0.0122192449141294,11505
ENSG00000100053,0.0122015015207726,11506
ENSG00000182463,0.0121350469142744,11507
ENSG00000157514,0.0121258694345161,11508
ENSG00000081923,0.0121197066205211,11509
ENSG00000185453,0.0121014490536181,11510
ENSG00000179981,0.0120521973951472,11511
ENSG00000175029,0.0120105434526049,11512
ENSG00000196715,0.0120073266721156,11513
ENSG00000183598,0.0120016822445905,11514
ENSG00000089505,0.0119583050194196,11515
ENSG00000188612,0.0119239179854048,11516
ENSG00000113749,0.0119234725147617,11517
ENSG00000188716,0.0118493355317041,11518
ENSG00000090487,0.0118372280878357,11519
ENSG00000100523,0.0118372280878339,11520
ENSG00000155252,0.0118372280878339,11521
ENSG00000168631,0.0118194783395393,11522
ENSG00000204669,0.0118125231183367,11523
ENSG00000196109,0.0117366804385383,11524
ENSG00000188092,0.0117043623878271,11525
ENSG00000182150,0.0117014891144354,11526
ENSG00000118620,0.0116984371079161,11527
ENSG00000205784,0.0116538214877364,11528
ENSG00000119900,0.0116357390011035,11529
ENSG00000155313,0.0115978515066381,11530
ENSG00000143554,0.0115760771176101,11531
ENSG00000154727,0.0115340689589648,11532
ENSG00000197619,0.0115340689589648,11533
ENSG00000232125,0.0114933602200181,11534
ENSG00000198894,0.0114676715407986,11535
ENSG00000101290,0.0113910614821943,11536
ENSG00000111671,0.0113895117423854,11537
ENSG00000132386,0.0113869711969746,11538
ENSG00000117758,0.011376996318344,11539
ENSG00000135622,0.0113769963183404,11540
ENSG00000167850,0.011352620484613,11541
ENSG00000159111,0.0113255286543572,11542
ENSG00000120907,0.0113120353992563,11543
ENSG00000119487,0.0113026063024881,11544
ENSG00000065328,0.0113026063024299,11545
ENSG00000169299,0.01129592132978,11546
ENSG00000243279,0.01129592132978,11547
ENSG00000257987,0.0112876243303181,11548
ENSG00000165182,0.0112853326744516,11549
ENSG00000142945,0.0112557656984427,11550
ENSG00000140525,0.0111737257603963,11551
ENSG00000164548,0.0111630281376638,11552
ENSG00000173421,0.0111297020626007,11553
ENSG00000146755,0.0111284765134915,11554
ENSG00000109016,0.011111778898663,11555
ENSG00000006740,0.0110974013323466,11556
ENSG00000147679,0.0110974013323448,11557
ENSG00000155363,0.0110974013323448,11558
ENSG00000172939,0.0110974013323448,11559
ENSG00000159658,0.0110703746734071,11560
ENSG00000107551,0.0110629757269053,11561
ENSG00000203805,0.0110498238339096,11562
ENSG00000066651,0.0110463914670981,11563
ENSG00000149564,0.0110239824829478,11564
ENSG00000131979,0.0109988037431613,11565
ENSG00000007171,0.0109934587847856,11566
ENSG00000100941,0.0109835791485384,11567
ENSG00000125124,0.0109404148596477,11568
ENSG00000139842,0.0109351848388324,11569
ENSG00000104524,0.0109282798479253,11570
ENSG00000198815,0.0109244110282671,11571
ENSG00000145861,0.0108775538731206,11572
ENSG00000160584,0.0108739802725613,11573
ENSG00000135862,0.010865162814036,11574
ENSG00000225526,0.0108440844765792,11575
ENSG00000141668,0.010836619584501,11576
ENSG00000110013,0.010823987518379,11577
ENSG00000025772,0.0108205698670063,11578
ENSG00000236279,0.010806439893775,11579
ENSG00000196734,0.0107751377906119,11580
ENSG00000113812,0.0107730725515743,11581
ENSG00000148187,0.0107730725515743,11582
ENSG00000215883,0.0107730725515743,11583
ENSG00000121774,0.0107495960494853,11584
ENSG00000107745,0.0107343089465285,11585
ENSG00000004478,0.0107147951326042,11586
ENSG00000144645,0.0107024368826533,11587
ENSG00000184163,0.0106953317898297,11588
ENSG00000143889,0.0106855265671211,11589
ENSG00000228672,0.0106785597954295,11590
ENSG00000087586,0.010667686260218,11591
ENSG00000125656,0.0106659340484475,11592
ENSG00000112576,0.0106659340484439,11593
ENSG00000126814,0.0106659340484439,11594
ENSG00000168701,0.0106659340484439,11595
ENSG00000178188,0.0106659340484439,11596
ENSG00000136811,0.0106659340484402,11597
ENSG00000174791,0.0106581324888102,11598
ENSG00000118242,0.0106483183648641,11599
ENSG00000149269,0.0106195159964627,11600
ENSG00000204604,0.0105776257185498,11601
ENSG00000160310,0.0105708128491533,11602
ENSG00000103091,0.0105646677092591,11603
ENSG00000054983,0.0105614224248857,11604
ENSG00000160712,0.0105158679489978,11605
ENSG00000187553,0.0105100916352822,11606
ENSG00000108679,0.0104540937177953,11607
ENSG00000099385,0.0104342228879177,11608
ENSG00000173157,0.0104332878973801,11609
ENSG00000136159,0.010432430859626,11610
ENSG00000170043,0.0104286138227908,11611
ENSG00000104142,0.0104156910917445,11612
ENSG00000164253,0.010376950276026,11613
ENSG00000122970,0.0103542223717013,11614
ENSG00000105968,0.0103529131413088,11615
ENSG00000130338,0.0103210278610131,11616
ENSG00000132004,0.0103161317377308,11617
ENSG00000111716,0.0103120824372163,11618
ENSG00000092847,0.010303691659763,11619
ENSG00000256812,0.010301667217369,11620
ENSG00000179300,0.0102995751875278,11621
ENSG00000176390,0.0102986817460624,11622
ENSG00000138185,0.0102839017656515,11623
ENSG00000172831,0.0102616585984069,11624
ENSG00000185437,0.0102505605681472,11625
ENSG00000169548,0.0102505605681436,11626
ENSG00000106701,0.0102461633459097,11627
ENSG00000253710,0.0102456764108356,11628
ENSG00000158161,0.0102281814602902,11629
ENSG00000037241,0.0102236007840402,11630
ENSG00000106003,0.0102148016135325,11631
ENSG00000148339,0.0102126331452164,11632
ENSG00000149781,0.0102121678381227,11633
ENSG00000180592,0.0102096855977725,11634
ENSG00000143318,0.0102065658372012,11635
ENSG00000157399,0.0102002931755851,11636
ENSG00000105953,0.0101989046569215,11637
ENSG00000204577,0.0101988274214673,11638
ENSG00000069493,0.0101963543292368,11639
ENSG00000151882,0.0101956112032931,11640
ENSG00000180061,0.0101943770640646,11641
ENSG00000078142,0.010192374282924,11642
ENSG00000101654,0.0101826208147104,11643
ENSG00000139323,0.0101717419463239,11644
ENSG00000171503,0.0101525092324882,11645
ENSG00000105229,0.010146632076794,11646
ENSG00000116668,0.0101352137847571,11647
ENSG00000164168,0.0101349635824736,11648
ENSG00000117475,0.0101211455114899,11649
ENSG00000146872,0.0101114329870325,11650
ENSG00000130811,0.0100487230443396,11651
ENSG00000158427,0.0100257092444408,11652
ENSG00000060339,0.0100173674603284,11653
ENSG00000181626,0.0100157169123995,11654
ENSG00000170454,0.00998669388974668,11655
ENSG00000126773,0.00995714546847012,11656
ENSG00000135686,0.00995238768545823,11657
ENSG00000111300,0.00994759032287402,11658
ENSG00000158113,0.00990488109755097,11659
ENSG00000166323,0.00988759013131494,11660
ENSG00000101323,0.00986435673986307,11661
ENSG00000115520,0.00986435673986307,11662
ENSG00000196503,0.00986435673986307,11663
ENSG00000126231,0.00986059712310089,11664
ENSG00000114948,0.00986006347589137,11665
ENSG00000163808,0.00983977185602998,11666
ENSG00000166111,0.00983876563717786,11667
ENSG00000183160,0.00983876563717786,11668
ENSG00000030582,0.00981490053320158,11669
ENSG00000130921,0.00980511763717368,11670
ENSG00000123737,0.00980501114582694,11671
ENSG00000142657,0.00980151111044688,11672
ENSG00000156475,0.00979347791138571,11673
ENSG00000188295,0.00976134180667577,11674
ENSG00000140795,0.00975805352284806,11675
ENSG00000071553,0.00975171113000397,11676
ENSG00000105866,0.00969821388721175,11677
ENSG00000182168,0.00967869106289436,11678
ENSG00000134627,0.00964671019408343,11679
ENSG00000097033,0.00963038873349433,11680
ENSG00000231396,0.00960990053263595,11681
ENSG00000165886,0.0096093241572089,11682
ENSG00000198182,0.0095998301457148,11683
ENSG00000105374,0.00959367888831184,11684
ENSG00000197919,0.00956310190798831,11685
ENSG00000104613,0.00956169084191788,11686
ENSG00000096654,0.00956012496777112,11687
ENSG00000164815,0.00955905732601968,11688
ENSG00000157379,0.00953946366954733,11689
ENSG00000065268,0.00950399644623394,11690
ENSG00000172992,0.00948333824543806,11691
ENSG00000183396,0.00941602566745132,11692
ENSG00000182718,0.00938371621904662,11693
ENSG00000178105,0.00935703608320182,11694
ENSG00000173762,0.00933459951082477,11695
ENSG00000100354,0.0093103899929265,11696
ENSG00000144488,0.00930845153319024,11697
ENSG00000174840,0.00930096914171736,11698
ENSG00000073536,0.00930096914171008,11699
ENSG00000119630,0.00929152303357841,11700
ENSG00000185736,0.00922454595688032,11701
ENSG00000142224,0.00920408404647605,11702
ENSG00000164066,0.0091932763280347,11703
ENSG00000171466,0.00918231632566312,11704
ENSG00000132842,0.0091676438060822,11705
ENSG00000103549,0.00915134303891682,11706
ENSG00000070371,0.00914255265356041,11707
ENSG00000058056,0.00913069155632184,11708
ENSG00000181856,0.00911642610318086,11709
ENSG00000108587,0.00906910182684078,11710
ENSG00000197249,0.00906897333887173,11711
ENSG00000103375,0.00902285622308045,11712
ENSG00000114062,0.00902000236555614,11713
ENSG00000188352,0.00901032234288868,11714
ENSG00000112333,0.00900884590004353,11715
ENSG00000197299,0.00897653057496063,11716
ENSG00000174705,0.00890886708308244,11717
ENSG00000182180,0.00889176546994713,11718
ENSG00000180777,0.00884877491426232,11719
ENSG00000241186,0.00880535717538442,11720
ENSG00000122299,0.00879613465897273,11721
ENSG00000189144,0.00878761487279553,11722
ENSG00000188523,0.008778544576282,11723
ENSG00000159346,0.00874762616233056,11724
ENSG00000166016,0.00873090382460214,11725
ENSG00000106105,0.00873039821032762,11726
ENSG00000105556,0.00865621957107214,11727
ENSG00000133641,0.00860443058298552,11728
ENSG00000128581,0.00860125314575271,11729
ENSG00000152763,0.00860014661288005,11730
ENSG00000154305,0.00858866195607698,11731
ENSG00000173020,0.00856694615317974,11732
ENSG00000135049,0.00854375506295219,11733
ENSG00000167460,0.00854120114669786,11734
ENSG00000069424,0.00853274723875438,11735
ENSG00000237693,0.00853274723875438,11736
ENSG00000065882,0.00847943592007505,11737
ENSG00000164062,0.00847376494470245,11738
ENSG00000198753,0.00843905382208322,11739
ENSG00000152422,0.00842133203081176,11740
ENSG00000143756,0.00840895467517839,11741
ENSG00000109066,0.0083226858465523,11742
ENSG00000100304,0.00830123999298667,11743
ENSG00000156127,0.00825878090251354,11744
ENSG00000131873,0.00825673430168536,11745
ENSG00000239605,0.00823367822504952,11746
ENSG00000072818,0.00817277467513122,11747
ENSG00000172071,0.00814318495093175,11748
ENSG00000187855,0.00814120456200544,11749
ENSG00000133561,0.00812642594167119,11750
ENSG00000134061,0.00812642594166755,11751
ENSG00000204613,0.00810089794534724,11752
ENSG00000075624,0.00804318533060723,11753
ENSG00000038358,0.00804219733606442,11754
ENSG00000186566,0.00800127760859323,11755
ENSG00000123094,0.00798152182938066,11756
ENSG00000119125,0.00796659714837733,11757
ENSG00000101350,0.00796366873738589,11758
ENSG00000167114,0.0079621517833184,11759
ENSG00000012124,0.0079209071752266,11760
ENSG00000173545,0.00790978335076215,11761
ENSG00000101198,0.00787487086989859,11762
ENSG00000163217,0.00786400287615834,11763
ENSG00000196924,0.00782566716593647,11764
ENSG00000157999,0.00782432314477046,11765
ENSG00000156026,0.00780837903435167,11766
ENSG00000105088,0.00779411260357301,11767
ENSG00000090861,0.00776929465833642,11768
ENSG00000206073,0.00776444778768928,11769
ENSG00000119414,0.00775966903220979,11770
ENSG00000152102,0.00775709772364644,11771
ENSG00000110245,0.00771888563840912,11772
ENSG00000085185,0.00771431707436568,11773
ENSG00000117560,0.00768792042610767,11774
ENSG00000184261,0.00766181336472437,11775
ENSG00000163389,0.00763897004626779,11776
ENSG00000167634,0.00763448476081976,11777
ENSG00000176681,0.00762207128804585,11778
ENSG00000118518,0.00759988078085007,11779
ENSG00000117148,0.00758466421222511,11780
ENSG00000135697,0.00757506229187801,11781
ENSG00000113593,0.00756577292163274,11782
ENSG00000180008,0.00754731743509183,11783
ENSG00000147099,0.00752338763917214,11784
ENSG00000091009,0.00751277737861801,11785
ENSG00000003756,0.00747268641815754,11786
ENSG00000257315,0.00745852287200299,11787
ENSG00000181031,0.00744378736545332,11788
ENSG00000128923,0.00743007734272396,11789
ENSG00000206127,0.00741031040251255,11790
ENSG00000169900,0.00740511703277298,11791
ENSG00000152767,0.00738864039789769,11792
ENSG00000171951,0.0073577550095506,11793
ENSG00000183161,0.00734910444761044,11794
ENSG00000084774,0.00734658802964259,11795
ENSG00000120500,0.00729016262234654,11796
ENSG00000077585,0.00728753479174338,11797
ENSG00000162931,0.00728596907417523,11798
ENSG00000213923,0.00725753044675639,11799
ENSG00000088888,0.00721763655266113,11800
ENSG00000138735,0.00720439600327518,11801
ENSG00000171631,0.00719146532836021,11802
ENSG00000164736,0.00717165660769516,11803
ENSG00000165672,0.00714013792696642,11804
ENSG00000077721,0.0071321538843913,11805
ENSG00000101695,0.0071056643081829,11806
ENSG00000051382,0.00709064995378139,11807
ENSG00000213741,0.00701777706239773,11808
ENSG00000147677,0.00701661600557054,11809
ENSG00000163820,0.00700280177310924,11810
ENSG00000171877,0.00694938648561947,11811
ENSG00000166183,0.0069429935303051,11812
ENSG00000108846,0.00692553444381338,11813
ENSG00000105483,0.00691883448110457,11814
ENSG00000136940,0.00686792537363363,11815
ENSG00000163491,0.0068400870206824,11816
ENSG00000148834,0.00683370704543268,11817
ENSG00000155657,0.00683370704543086,11818
ENSG00000206530,0.00683370704542904,11819
ENSG00000058453,0.00682619779100423,11820
ENSG00000103510,0.00682619779100423,11821
ENSG00000090530,0.00682619779100241,11822
ENSG00000144868,0.0068261977910006,11823
ENSG00000148343,0.0068261977910006,11824
ENSG00000138347,0.00680482017307077,11825
ENSG00000206105,0.00680001471721334,11826
ENSG00000106991,0.00676176074243267,11827
ENSG00000004777,0.00670897749321739,11828
ENSG00000170684,0.00668602975094109,11829
ENSG00000104804,0.00666539471373835,11830
ENSG00000139625,0.00665027856637607,11831
ENSG00000198042,0.00657924729197475,11832
ENSG00000143199,0.00657578229287174,11833
ENSG00000256087,0.00655338910027058,11834
ENSG00000178226,0.00653201498849376,11835
ENSG00000100033,0.00652810308971675,11836
ENSG00000166130,0.00647298386696639,11837
ENSG00000116266,0.00644864562925704,11838
ENSG00000135486,0.00643353656704858,11839
ENSG00000254521,0.00640916428458877,11840
ENSG00000109790,0.00638041144015733,11841
ENSG00000160679,0.00635888948868887,11842
ENSG00000204574,0.00635888948868887,11843
ENSG00000176927,0.00635757582946098,11844
ENSG00000133110,0.00634604324730026,11845
ENSG00000188215,0.0062538159750693,11846
ENSG00000175193,0.00623502467664366,11847
ENSG00000131591,0.00622910643314026,11848
ENSG00000254999,0.00620857305680693,11849
ENSG00000160783,0.0061951990331836,11850
ENSG00000162374,0.00619467474807607,11851
ENSG00000181220,0.0061859345738776,11852
ENSG00000184216,0.00618514447923735,11853
ENSG00000085265,0.00618490541161737,11854
ENSG00000027001,0.00618226201654761,11855
ENSG00000155827,0.00618219307408072,11856
ENSG00000092199,0.00615807286821655,11857
ENSG00000147604,0.00615033634088832,11858
ENSG00000168778,0.00613807861832902,11859
ENSG00000197386,0.00612549571255659,11860
ENSG00000261857,0.0061224786801904,11861
ENSG00000116747,0.00612105050521495,11862
ENSG00000256061,0.00611746192180726,11863
ENSG00000135424,0.00611412868628395,11864
ENSG00000166166,0.00603214635844779,11865
ENSG00000075568,0.00595704299950739,11866
ENSG00000119041,0.00594873335015291,11867
ENSG00000112592,0.00592452032741858,11868
ENSG00000083444,0.0059201192551991,11869
ENSG00000165060,0.0059144137346666,11870
ENSG00000024862,0.00588336515548872,11871
ENSG00000177943,0.00587208627798646,11872
ENSG00000243943,0.00586865424735879,11873
ENSG00000121406,0.00584607720124768,11874
ENSG00000088992,0.00584024185290036,11875
ENSG00000183431,0.00583968502307835,11876
ENSG00000165424,0.00583678788365796,11877
ENSG00000179933,0.00583678788359975,11878
ENSG00000176973,0.00583428084617481,11879
ENSG00000126698,0.00582440212683287,11880
ENSG00000181619,0.00578317126224283,11881
ENSG00000090339,0.00576179203219908,11882
ENSG00000081059,0.00576125811729435,11883
ENSG00000173706,0.00575994479901328,11884
ENSG00000100097,0.00575195306388196,11885
ENSG00000105792,0.00573761083417048,11886
ENSG00000153006,0.00573690814967267,11887
ENSG00000135900,0.00571709431591444,11888
ENSG00000170340,0.00568849815917019,11889
ENSG00000143368,0.00568849815916838,11890
ENSG00000187510,0.00567201125563588,11891
ENSG00000171914,0.00566492249799194,11892
ENSG00000141985,0.00563291728612967,11893
ENSG00000145692,0.0056234134726692,11894
ENSG00000106144,0.00561610098840902,11895
ENSG00000111321,0.00561058489135758,11896
ENSG00000160051,0.00560746030536393,11897
ENSG00000116754,0.0056031904114061,11898
ENSG00000175105,0.00559812926632003,11899
ENSG00000188010,0.00559189365652856,11900
ENSG00000155970,0.00558531763963401,11901
ENSG00000176890,0.00557822247419972,11902
ENSG00000171126,0.00557695897956728,11903
ENSG00000139915,0.00557530790480087,11904
ENSG00000169251,0.00556205674857483,11905
ENSG00000101746,0.0055576548452118,11906
ENSG00000077092,0.00555016876838636,11907
ENSG00000181873,0.00555016876832815,11908
ENSG00000198793,0.00555016876832815,11909
ENSG00000100744,0.00554628570517525,11910
ENSG00000171425,0.00554610485915327,11911
ENSG00000083896,0.00554347806304577,11912
ENSG00000089199,0.00554018692752288,11913
ENSG00000078487,0.00553863752644975,11914
ENSG00000198682,0.00553475496570172,11915
ENSG00000099864,0.00551851092607831,11916
ENSG00000187634,0.00551593271869933,11917
ENSG00000103502,0.00551593271864113,11918
ENSG00000128699,0.00550499821854464,11919
ENSG00000163013,0.00547175162132771,11920
ENSG00000067082,0.00547116572858067,11921
ENSG00000198911,0.0054413591355551,11922
ENSG00000077147,0.0054411721522556,11923
ENSG00000142208,0.00542993006102188,11924
ENSG00000152234,0.00542212180176284,11925
ENSG00000140526,0.0054005566406413,11926
ENSG00000120332,0.00539386001034291,11927
ENSG00000096717,0.00537901015704119,11928
ENSG00000196975,0.00537283450705581,11929
ENSG00000075702,0.00536646087717963,11930
ENSG00000176769,0.00536513129937885,11931
ENSG00000064652,0.00536246250235126,11932
ENSG00000004766,0.0053622483217041,11933
ENSG00000181744,0.00534852017051162,11934
ENSG00000170615,0.00534739244505181,11935
ENSG00000184697,0.00534543187438976,11936
ENSG00000140675,0.00533380039708572,11937
ENSG00000015413,0.00533036801783601,11938
ENSG00000118363,0.00532523198399213,11939
ENSG00000104131,0.005316765802796,11940
ENSG00000126391,0.00531626796318597,11941
ENSG00000144445,0.00531441606010776,11942
ENSG00000185917,0.00530926494855521,11943
ENSG00000182732,0.00530924451501051,11944
ENSG00000240184,0.00530924451501051,11945
ENSG00000007968,0.00530486386461416,11946
ENSG00000178567,0.00529914921509226,11947
ENSG00000164463,0.00528679855434166,11948
ENSG00000138463,0.00528488184965681,11949
ENSG00000004534,0.00528217686209246,11950
ENSG00000121769,0.00528217686208518,11951
ENSG00000197302,0.00527373807533877,11952
ENSG00000070159,0.00527346601089084,11953
ENSG00000104827,0.00526806020240474,11954
ENSG00000066468,0.00525961686612573,11955
ENSG00000197296,0.00525791816675337,11956
ENSG00000113119,0.00525092137769752,11957
ENSG00000182473,0.00524971974961227,11958
ENSG00000145642,0.00523512159846723,11959
ENSG00000180745,0.00522516210780304,11960
ENSG00000102128,0.00522491984514636,11961
ENSG00000135317,0.00522127207042649,11962
ENSG00000203668,0.00522127207042649,11963
ENSG00000173638,0.00522057681393926,11964
ENSG00000183423,0.0052144566459101,11965
ENSG00000242441,0.00520635057175241,11966
ENSG00000146576,0.00519434586749412,11967
ENSG00000138600,0.00519434586743591,11968
ENSG00000214518,0.00519387941987952,11969
ENSG00000186907,0.00518741515277361,11970
ENSG00000174946,0.00518607522833918,11971
ENSG00000167535,0.00518531412153971,11972
ENSG00000180549,0.00517537703047856,11973
ENSG00000150873,0.00517233799933456,11974
ENSG00000170382,0.00515700683544856,11975
ENSG00000176919,0.00515008380372456,11976
ENSG00000066629,0.00513996118518844,11977
ENSG00000120539,0.00513458428386366,11978
ENSG00000185085,0.00513041334226728,11979
ENSG00000076604,0.00512576803326374,11980
ENSG00000206527,0.0051250479198352,11981
ENSG00000101057,0.00512317756225821,11982
ENSG00000168758,0.00512081766949996,11983
ENSG00000196535,0.00511964834325408,11984
ENSG00000005448,0.00511898815864697,11985
ENSG00000175600,0.00510501380995265,11986
ENSG00000146678,0.0050564428081525,11987
ENSG00000172239,0.00505621415787027,11988
ENSG00000153832,0.00503923570306506,11989
ENSG00000180613,0.00503874354571235,11990
ENSG00000141497,0.00500150880473666,11991
ENSG00000101966,0.00497743588927551,11992
ENSG00000180318,0.00496554132955498,11993
ENSG00000176171,0.00496520237068762,11994
ENSG00000160298,0.00496208804572234,11995
ENSG00000135913,0.0049584980447944,11996
ENSG00000189377,0.004950726562005,11997
ENSG00000168818,0.00494223516558122,11998
ENSG00000166484,0.00494081384592573,11999
ENSG00000081026,0.00490796551958192,12000
ENSG00000155714,0.00490313630987657,12001
ENSG00000174839,0.00489943862037035,12002
ENSG00000183549,0.00489943862031214,12003
ENSG00000144550,0.00489393210556591,12004
ENSG00000197442,0.00488528784696246,12005
ENSG00000127903,0.00488455922669164,12006
ENSG00000196747,0.00488267857779283,12007
ENSG00000144655,0.00487585556500562,12008
ENSG00000187676,0.0048758555650038,12009
ENSG00000118985,0.00487585556500198,12010
ENSG00000119950,0.00487585556500198,12011
ENSG00000204410,0.00487585556500198,12012
ENSG00000160180,0.0048592199360719,12013
ENSG00000091137,0.0048559041688568,12014
ENSG00000168214,0.00483459340024274,12015
ENSG00000128973,0.00480414074077271,12016
ENSG00000082996,0.00480288981355261,12017
ENSG00000076928,0.00480082392566328,12018
ENSG00000178295,0.00479772261821199,12019
ENSG00000159763,0.00477878219840932,12020
ENSG00000137492,0.0047680995328119,12021
ENSG00000094880,0.00474041513264274,12022
ENSG00000141522,0.00474041513264274,12023
ENSG00000179636,0.00474041513264274,12024
ENSG00000197077,0.00474041513264274,12025
ENSG00000147160,0.00474041513264092,12026
ENSG00000007520,0.0047404151326391,12027
ENSG00000163006,0.0047404151326391,12028
ENSG00000165516,0.00473674028128153,12029
ENSG00000185274,0.00473627068370115,12030
ENSG00000087245,0.00473352893819174,12031
ENSG00000158528,0.0047321696857689,12032
ENSG00000141255,0.00473030630149879,12033
ENSG00000103429,0.00472045260997402,12034
ENSG00000204428,0.0047106139844982,12035
ENSG00000151465,0.00466361658432288,12036
ENSG00000170190,0.00466361658432288,12037
ENSG00000130528,0.00465498025732813,12038
ENSG00000062096,0.00465226310689468,12039
ENSG00000205302,0.00463575831914204,12040
ENSG00000122136,0.00463422413529042,12041
ENSG00000158516,0.00463422413529042,12042
ENSG00000135903,0.00461695752068044,12043
ENSG00000170689,0.0046056819659425,12044
ENSG00000197705,0.00460496807278832,12045
ENSG00000137337,0.00459560550912283,12046
ENSG00000101608,0.00457419134373777,12047
ENSG00000160181,0.00456664656312205,12048
ENSG00000162241,0.00455485731572844,12049
ENSG00000205832,0.0045521018061263,12050
ENSG00000067113,0.00455079852733616,12051
ENSG00000177971,0.00455079852733616,12052
ENSG00000178498,0.00455079852733616,12053
ENSG00000197891,0.00455079852733616,12054
ENSG00000148377,0.0045484800288541,12055
ENSG00000162298,0.00453676453589287,12056
ENSG00000110841,0.00452274819510603,12057
ENSG00000171747,0.00452224107999064,12058
ENSG00000128159,0.00452223536581732,12059
ENSG00000197826,0.0045182262918679,12060
ENSG00000168918,0.00451188544865363,12061
ENSG00000106537,0.00449745015908411,12062
ENSG00000243927,0.00447471279730235,12063
ENSG00000141298,0.00447391478248755,12064
ENSG00000116833,0.00447314509103308,12065
ENSG00000118260,0.00447310288558947,12066
ENSG00000129559,0.00447289856956922,12067
ENSG00000184515,0.00447194809171924,12068
ENSG00000150991,0.00447180980910707,12069
ENSG00000062598,0.00445616037090076,12070
ENSG00000164074,0.00444350082438905,12071
ENSG00000114933,0.00444077263725922,12072
ENSG00000204842,0.00443894685542909,12073
ENSG00000068971,0.00443117715291373,12074
ENSG00000062716,0.00442291379289236,12075
ENSG00000168646,0.00442291379283415,12076
ENSG00000128011,0.00442274168467702,12077
ENSG00000089154,0.00441695661394624,12078
ENSG00000150401,0.00441682467788633,12079
ENSG00000104055,0.00440219772211276,12080
ENSG00000164182,0.00440081383944198,12081
ENSG00000240563,0.00439285829491564,12082
ENSG00000151893,0.00437586151849246,12083
ENSG00000167291,0.00434182704001432,12084
ENSG00000166006,0.00431120102183195,12085
ENSG00000267680,0.0042952392216921,12086
ENSG00000141449,0.00428347307658987,12087
ENSG00000164176,0.00428347307657532,12088
ENSG00000101443,0.00427848803001689,12089
ENSG00000185028,0.00427106690339315,12090
ENSG00000112530,0.00426637361937719,12091
ENSG00000130449,0.00426637361937719,12092
ENSG00000180767,0.00426637361937719,12093
ENSG00000187193,0.00426637361937719,12094
ENSG00000185245,0.0042525821476811,12095
ENSG00000171723,0.00423180023394525,12096
ENSG00000089012,0.00422247477300698,12097
ENSG00000138621,0.00421087897429243,12098
ENSG00000166086,0.004210666237439,12099
ENSG00000165271,0.00419284180350951,12100
ENSG00000107854,0.00417236483737361,12101
ENSG00000137073,0.00413033981391345,12102
ENSG00000163072,0.00412819409032818,12103
ENSG00000158714,0.00412312296744676,12104
ENSG00000143376,0.00411330982734216,12105
ENSG00000006016,0.00410022422725706,12106
ENSG00000054116,0.00410022422725706,12107
ENSG00000175073,0.00410022422725706,12108
ENSG00000197694,0.00410022422725706,12109
ENSG00000165410,0.00409772975571104,12110
ENSG00000070495,0.00409259235719401,12111
ENSG00000165714,0.00409070402066209,12112
ENSG00000164967,0.00408689846441848,12113
ENSG00000160613,0.00407477024102627,12114
ENSG00000175352,0.00407316150592305,12115
ENSG00000183617,0.00407117039620061,12116
ENSG00000154511,0.00406811476388248,12117
ENSG00000039650,0.00404513867810238,12118
ENSG00000081019,0.00402990949584637,12119
ENSG00000101347,0.00402622888353653,12120
ENSG00000143315,0.00401808089430051,12121
ENSG00000124788,0.00401336473136325,12122
ENSG00000170242,0.00400119089533109,12123
ENSG00000102595,0.00399921513788286,12124
ENSG00000102302,0.00398231849867261,12125
ENSG00000135956,0.00398231849867261,12126
ENSG00000134873,0.00397799121422577,12127
ENSG00000163714,0.00391418522724416,12128
ENSG00000226650,0.00389626906084595,12129
ENSG00000165606,0.00385239745437866,12130
ENSG00000115593,0.00384396021305474,12131
ENSG00000184640,0.00384396021305474,12132
ENSG00000106829,0.00384148358232051,12133
ENSG00000172171,0.00383543963893226,12134
ENSG00000125870,0.00380535896460788,12135
ENSG00000130695,0.00379330076649785,12136
ENSG00000124151,0.00379233210611437,12137
ENSG00000157869,0.00379233210611437,12138
ENSG00000172572,0.00379233210611437,12139
ENSG00000181218,0.00379233210611437,12140
ENSG00000002745,0.00379233210611255,12141
ENSG00000100379,0.00379233210611255,12142
ENSG00000105675,0.00379233210611255,12143
ENSG00000170456,0.00379233210611255,12144
ENSG00000178752,0.00379233210611255,12145
ENSG00000204909,0.00379233210611255,12146
ENSG00000240857,0.00379233210611255,12147
ENSG00000168350,0.00375138780914131,12148
ENSG00000127838,0.00374857241165591,12149
ENSG00000130368,0.0037393394746905,12150
ENSG00000122068,0.00373838191424147,12151
ENSG00000204880,0.00373765656267642,12152
ENSG00000152433,0.00373765656266187,12153
ENSG00000163154,0.00371743859819253,12154
ENSG00000205089,0.00371004071042989,12155
ENSG00000180347,0.00370515520125628,12156
ENSG00000162804,0.00369456205295865,12157
ENSG00000165671,0.00365120689447213,12158
ENSG00000143418,0.00360214663125862,12159
ENSG00000165097,0.00358685245146626,12160
ENSG00000102100,0.00355529766630207,12161
ENSG00000074219,0.00350060077912713,12162
ENSG00000173239,0.00349101009205697,12163
ENSG00000138641,0.00346759654289053,12164
ENSG00000106785,0.00346550859342096,12165
ENSG00000140067,0.00343069926046883,12166
ENSG00000170890,0.00341685352271634,12167
ENSG00000088367,0.00341685352271543,12168
ENSG00000133665,0.00341685352271543,12169
ENSG00000141371,0.00341685352271543,12170
ENSG00000213973,0.00341685352271543,12171
ENSG00000198814,0.00330471341504017,12172
ENSG00000101190,0.00326279855550092,12173
ENSG00000075429,0.00325131280603091,12174
ENSG00000198039,0.00324908333973144,12175
ENSG00000159374,0.00324266177435129,12176
ENSG00000162613,0.00324154236383038,12177
ENSG00000130779,0.00323373679228826,12178
ENSG00000185483,0.00322955279031703,12179
ENSG00000168743,0.00317768518999219,12180
ENSG00000203972,0.00316731009137584,12181
ENSG00000149929,0.00316047747548146,12182
ENSG00000153066,0.00308052868563209,12183
ENSG00000135740,0.00307255950741728,12184
ENSG00000132906,0.00306294951438031,12185
ENSG00000196151,0.00305298297458285,12186
ENSG00000196584,0.00303825727999902,12187
ENSG00000133816,0.00302377197344322,12188
ENSG00000198829,0.0029835891952971,12189
ENSG00000187682,0.00295363396919856,12190
ENSG00000198912,0.00292165526565259,12191
ENSG00000135414,0.00291061188376625,12192
ENSG00000135617,0.00289405022579012,12193
ENSG00000164199,0.00287935249583097,12194
ENSG00000166405,0.00287766838553944,12195
ENSG00000185940,0.00286880541707797,12196
ENSG00000165837,0.00285908065296098,12197
ENSG00000132716,0.00284902056498686,12198
ENSG00000144233,0.00284664149646324,12199
ENSG00000124657,0.00284641109444692,12200
ENSG00000086504,0.0028442490795851,12201
ENSG00000099624,0.0028442490795851,12202
ENSG00000100593,0.0028442490795851,12203
ENSG00000101040,0.0028442490795851,12204
ENSG00000104872,0.0028442490795851,12205
ENSG00000105879,0.0028442490795851,12206
ENSG00000108561,0.0028442490795851,12207
ENSG00000115977,0.0028442490795851,12208
ENSG00000129493,0.0028442490795851,12209
ENSG00000144369,0.0028442490795851,12210
ENSG00000146414,0.0028442490795851,12211
ENSG00000150760,0.0028442490795851,12212
ENSG00000151923,0.0028442490795851,12213
ENSG00000154265,0.0028442490795851,12214
ENSG00000154845,0.0028442490795851,12215
ENSG00000166689,0.0028442490795851,12216
ENSG00000168175,0.0028442490795851,12217
ENSG00000169592,0.0028442490795851,12218
ENSG00000198483,0.0028442490795851,12219
ENSG00000221858,0.0028442490795851,12220
ENSG00000023330,0.00284174121503747,12221
ENSG00000114770,0.00283848489573575,12222
ENSG00000151718,0.00282398033244681,12223
ENSG00000128908,0.00279298815439688,12224
ENSG00000186204,0.00279101954011276,12225
ENSG00000171314,0.00278053448117134,12226
ENSG00000147465,0.00272104165647761,12227
ENSG00000138684,0.00270456358478987,12228
ENSG00000110237,0.00268526250662399,12229
ENSG00000148384,0.0026843889435404,12230
ENSG00000075391,0.00265563883277355,12231
ENSG00000117620,0.00265217494394165,12232
ENSG00000115850,0.00262438059836859,12233
ENSG00000197054,0.00260736972253653,12234
ENSG00000196224,0.002576817410084,12235
ENSG00000131015,0.00257081864212523,12236
ENSG00000004779,0.00256264014203589,12237
ENSG00000111241,0.00256264014203589,12238
ENSG00000171606,0.00254068715314497,12239
ENSG00000174175,0.00254067785228835,12240
ENSG00000214029,0.00252259260701248,12241
ENSG00000187581,0.00251020473995231,12242
ENSG00000168772,0.00242420268373098,12243
ENSG00000173950,0.00240148948229034,12244
ENSG00000125733,0.00239380515794619,12245
ENSG00000148700,0.00236769431790162,12246
ENSG00000152467,0.00232050502227503,12247
ENSG00000107249,0.00231368401984219,12248
ENSG00000184730,0.00231286035163794,12249
ENSG00000176542,0.00229984237592726,12250
ENSG00000141052,0.00229130232815805,12251
ENSG00000223510,0.00228865825547837,12252
ENSG00000023608,0.0022836716092279,12253
ENSG00000158488,0.00223873185933917,12254
ENSG00000102858,0.002231061196464,12255
ENSG00000102699,0.0021434509504179,12256
ENSG00000182185,0.00211723154357605,12257
ENSG00000179528,0.0020876646645047,12258
ENSG00000170759,0.00205194587769802,12259
ENSG00000067208,0.00204455587607663,12260
ENSG00000122481,0.00203111033164896,12261
ENSG00000167566,0.00200954714929685,12262
ENSG00000170054,0.00197279942539171,12263
ENSG00000129315,0.00196611196969752,12264
ENSG00000131779,0.00196551724142046,12265
ENSG00000006071,0.00196179871220374,12266
ENSG00000090238,0.00196126932938932,12267
ENSG00000215644,0.00196126932938932,12268
ENSG00000100441,0.00195334500886383,12269
ENSG00000164576,0.00195008168486675,12270
ENSG00000152620,0.00194995614582149,12271
ENSG00000146909,0.00193891676465137,12272
ENSG00000056586,0.00193458539294079,12273
ENSG00000172530,0.0019261979228977,12274
ENSG00000066827,0.00192119158583228,12275
ENSG00000134294,0.00192091650731891,12276
ENSG00000171596,0.00191547375373193,12277
ENSG00000198083,0.001910204582593,12278
ENSG00000112214,0.00189659913684955,12279
ENSG00000204843,0.001877278635322,12280
ENSG00000053254,0.00183354085352767,12281
ENSG00000127990,0.00182450824306579,12282
ENSG00000197223,0.00181906844506739,12283
ENSG00000103202,0.00181330096232705,12284
ENSG00000118017,0.00179677812964837,12285
ENSG00000137819,0.00179677812964837,12286
ENSG00000180336,0.00176435961965035,12287
ENSG00000137713,0.00170654287982325,12288
ENSG00000122691,0.00170436126783898,12289
ENSG00000135476,0.00169516904632474,12290
ENSG00000196074,0.00167756617430132,12291
ENSG00000197622,0.00166764139325824,12292
ENSG00000124587,0.00165704197785817,12293
ENSG00000198466,0.00163774111343082,12294
ENSG00000148516,0.00163414957595523,12295
ENSG00000114503,0.00162784942041617,12296
ENSG00000164902,0.00162558600353077,12297
ENSG00000166676,0.00162558600353077,12298
ENSG00000188158,0.0016210054005569,12299
ENSG00000165661,0.00160683578206226,12300
ENSG00000138231,0.00160653103356708,12301
ENSG00000068120,0.0016027236225782,12302
ENSG00000082175,0.0016027236225782,12303
ENSG00000106266,0.00159679305832833,12304
ENSG00000006459,0.00159299280052073,12305
ENSG00000169684,0.00158787399623543,12306
ENSG00000178233,0.00158601683354937,12307
ENSG00000148154,0.0015859263362363,12308
ENSG00000100418,0.00157533814886119,12309
ENSG00000177963,0.00157488166133407,12310
ENSG00000105341,0.00157486985565629,12311
ENSG00000171448,0.00157346497627441,12312
ENSG00000122692,0.00157112351048272,12313
ENSG00000135407,0.001561639556312,12314
ENSG00000122507,0.00156163955619559,12315
ENSG00000077380,0.0015567792665679,12316
ENSG00000122694,0.0015559711731039,12317
ENSG00000066322,0.00154746859846637,12318
ENSG00000164749,0.00154746859846637,12319
ENSG00000110060,0.00154627111100126,12320
ENSG00000065057,0.00154055300517939,12321
ENSG00000095485,0.00153447646362474,12322
ENSG00000111011,0.00150950767457834,12323
ENSG00000089163,0.00150633452075999,12324
ENSG00000136937,0.00150633452075999,12325
ENSG00000113742,0.00150467752784607,12326
ENSG00000171121,0.00150437697093003,12327
ENSG00000188803,0.00149213854846312,12328
ENSG00000162688,0.00149187979556154,12329
ENSG00000128645,0.00148941061348887,12330
ENSG00000155754,0.00148595375864534,12331
ENSG00000140522,0.00148510336083928,12332
ENSG00000135945,0.00148015004809713,12333
ENSG00000119919,0.00147915331408149,12334
ENSG00000132819,0.00147915331408149,12335
ENSG00000240038,0.00147909706317296,12336
ENSG00000213949,0.00147687370394124,12337
ENSG00000183020,0.00147251435340149,12338
ENSG00000130311,0.00146965715708211,12339
ENSG00000159214,0.00146767123830068,12340
ENSG00000176170,0.00146216730482411,12341
ENSG00000177238,0.00146216730482411,12342
ENSG00000204301,0.00146216730482411,12343
ENSG00000126062,0.00145921863330295,12344
ENSG00000189181,0.00145493719882506,12345
ENSG00000244588,0.00144994062295882,12346
ENSG00000140403,0.00144338695789338,12347
ENSG00000116157,0.00144302543228332,12348
ENSG00000253304,0.00143601317482535,12349
ENSG00000103479,0.001431333588087,12350
ENSG00000124217,0.00142941198481276,12351
ENSG00000111790,0.00142271918203915,12352
ENSG00000204172,0.00142271918203915,12353
ENSG00000179097,0.00141175117623061,12354
ENSG00000126107,0.00141118647575786,12355
ENSG00000119938,0.00140767119068187,12356
ENSG00000152443,0.00140767119068187,12357
ENSG00000160209,0.00140725924066828,12358
ENSG00000119718,0.00139931395911844,12359
ENSG00000128250,0.00139802292454988,12360
ENSG00000167967,0.00139738249738002,12361
ENSG00000135632,0.0013958298501384,12362
ENSG00000121390,0.00139233100536512,12363
ENSG00000182156,0.00138620343735965,12364
ENSG00000091181,0.00138379683419771,12365
ENSG00000070601,0.00138325794180855,12366
ENSG00000170322,0.00137832316602726,12367
ENSG00000138326,0.00137650906207273,12368
ENSG00000166263,0.00136504206957761,12369
ENSG00000182117,0.00135753277590266,12370
ENSG00000179943,0.00135644907067763,12371
ENSG00000066739,0.00135352329449961,12372
ENSG00000133103,0.00135316114785383,12373
ENSG00000088727,0.00134935860743281,12374
ENSG00000144061,0.00134935860743281,12375
ENSG00000143867,0.0013443324501859,12376
ENSG00000169184,0.001332887920551,12377
ENSG00000139636,0.00132867190107936,12378
ENSG00000203747,0.00132867190107936,12379
ENSG00000144460,0.00132844496080361,12380
ENSG00000157211,0.0013259003701969,12381
ENSG00000144834,0.00132328404503642,12382
ENSG00000139613,0.00132128675107379,12383
ENSG00000128039,0.00131717928632861,12384
ENSG00000133460,0.00130399049335392,12385
ENSG00000183647,0.00130372812319547,12386
ENSG00000165806,0.00129863543517422,12387
ENSG00000134882,0.0012954135305481,12388
ENSG00000125089,0.0012936477510957,12389
ENSG00000163126,0.00129059540537128,12390
ENSG00000153046,0.00128958176769083,12391
ENSG00000132510,0.00128439670352054,12392
ENSG00000163755,0.00127285035187379,12393
ENSG00000117877,0.00127083589992253,12394
ENSG00000148303,0.0012675134530873,12395
ENSG00000076864,0.00125576294842176,12396
ENSG00000164778,0.00124883430753835,12397
ENSG00000163746,0.00124825033074012,12398
ENSG00000110911,0.00122710550535703,12399
ENSG00000115507,0.00121681291499408,12400
ENSG00000196230,0.00121681291499408,12401
ENSG00000142528,0.00120224745426094,12402
ENSG00000105419,0.00120051631343085,12403
ENSG00000170889,0.00119282069610199,12404
ENSG00000054277,0.00117623974642629,12405
ENSG00000139329,0.00116329996101558,12406
ENSG00000111664,0.00113494189298945,12407
ENSG00000174448,0.00112277430341055,12408
ENSG00000145817,0.00111293864174513,12409
ENSG00000100503,0.00108684552571503,12410
ENSG00000100575,0.00108067026702338,12411
ENSG00000101158,0.00108067026702338,12412
ENSG00000158711,0.00105858266411815,12413
ENSG00000162409,0.00104792268318488,12414
ENSG00000106078,0.00104087971121771,12415
ENSG00000188732,0.00103949515993008,12416
ENSG00000144118,0.00102183324648649,12417
ENSG00000169255,0.00102183324648649,12418
ENSG00000085117,0.00101757005695254,12419
ENSG00000164983,0.00101565733127063,12420
ENSG00000119698,0.00100918220659514,12421
ENSG00000111667,0.001003479533676,12422
ENSG00000198755,0.00100189503682486,12423
ENSG00000123473,0.000989095599034044,12424
ENSG00000187098,0.000988868533924688,12425
ENSG00000172409,0.000980175184180553,12426
ENSG00000110921,0.000979592093644897,12427
ENSG00000165584,0.000979592093644897,12428
ENSG00000185946,0.000976190732206305,12429
ENSG00000100721,0.00097061249944818,12430
ENSG00000136247,0.000963918620142067,12431
ENSG00000110002,0.00095849783238009,12432
ENSG00000152455,0.0009500397951997,12433
ENSG00000188522,0.00094365083205048,12434
ENSG00000125772,0.000940826950012706,12435
ENSG00000203910,0.000937143102913979,12436
ENSG00000105255,0.0009116734500858,12437
ENSG00000198945,0.000889041467716197,12438
ENSG00000164975,0.000886818864044471,12439
ENSG00000105708,0.000878582156328776,12440
ENSG00000226979,0.000848615714290645,12441
ENSG00000120256,0.000830717277727672,12442
ENSG00000186625,0.000827763887762558,12443
ENSG00000187609,0.000806500629812945,12444
ENSG00000109971,0.000797229161456926,12445
ENSG00000180316,0.000795457048894605,12446
ENSG00000182256,0.000793573640170507,12447
ENSG00000167395,0.000792297338659409,12448
ENSG00000126010,0.000788705700542778,12449
ENSG00000108798,0.000782523382338695,12450
ENSG00000112685,0.000781143831613008,12451
ENSG00000109686,0.000777792346256319,12452
ENSG00000173457,0.000776318232659833,12453
ENSG00000176160,0.000776131579681533,12454
ENSG00000115159,0.000775761668104678,12455
ENSG00000185761,0.00076711480220547,12456
ENSG00000164045,0.000753908569633495,12457
ENSG00000137210,0.000731933668845159,12458
ENSG00000176058,0.000731882508880517,12459
ENSG00000149273,0.000720446844687103,12460
ENSG00000075539,0.000711205121740932,12461
ENSG00000169379,0.000710336102813017,12462
ENSG00000104365,0.000709743991610594,12463
ENSG00000106591,0.000709533009445295,12464
ENSG00000186648,0.000708096707807272,12465
ENSG00000140459,0.000707824467608589,12466
ENSG00000197019,0.000707824467608589,12467
ENSG00000204560,0.000706483564121299,12468
ENSG00000162873,0.000697914925069199,12469
ENSG00000175065,0.000694212458620314,12470
ENSG00000130244,0.000691898417091579,12471
ENSG00000205981,0.000690864475560375,12472
ENSG00000184389,0.000686139852077758,12473
ENSG00000204439,0.000685609549633227,12474
ENSG00000122965,0.000673286824254319,12475
ENSG00000169507,0.000663907044319785,12476
ENSG00000125813,0.000660490713044055,12477
ENSG00000143858,0.00062364229891682,12478
ENSG00000189409,0.000611488400332746,12479
ENSG00000141380,0.000567088811134454,12480
ENSG00000129221,0.000518003739096457,12481
ENSG00000151360,0.000518003739096457,12482
ENSG00000154545,0.000518003739096457,12483
ENSG00000156689,0.000517232900194358,12484
ENSG00000180900,0.00051688459518482,12485
ENSG00000106089,0.0005167005850235,12486
ENSG00000180329,0.000516310916398652,12487
ENSG00000111196,0.00051610439203796,12488
ENSG00000126804,0.000515665527767851,12489
ENSG00000149716,0.000515626502223313,12490
ENSG00000166762,0.00051518850136199,12491
ENSG00000080007,0.000513792326572002,12492
ENSG00000136960,0.000500880841456819,12493
ENSG00000197993,0.00048286226784694,12494
ENSG00000255529,0.000452385331460391,12495
ENSG00000135205,0.000450924846125417,12496
ENSG00000100197,0.000449719601951074,12497
ENSG00000136111,0.00044945985312188,12498
ENSG00000116824,0.000449133684869594,12499
ENSG00000105679,0.000449074460550037,12500
ENSG00000165120,0.000442811038727086,12501
ENSG00000168243,0.000405279070837423,12502
ENSG00000196313,0.000403289655339904,12503
ENSG00000102172,0.000402905848546652,12504
ENSG00000144401,0.000402524722376256,12505
ENSG00000119397,0.000401725405055913,12506
ENSG00000145391,0.000400983202262069,12507
ENSG00000204406,0.000398598666361067,12508
ENSG00000152193,0.000394530414952897,12509
ENSG00000167548,0.000388846867019311,12510
ENSG00000105640,0.000384406563855009,12511
ENSG00000171681,0.000384238317179552,12512
ENSG00000071082,0.000382523624051828,12513
ENSG00000153347,0.000380015918075514,12514
ENSG00000106397,0.000374258101135638,12515
ENSG00000108061,0.000371914837014629,12516
ENSG00000205710,0.000369085870217532,12517
ENSG00000119326,0.000363258198543917,12518
ENSG00000112651,0.000359550299863258,12519
ENSG00000008710,0.000355844765930669,12520
ENSG00000130948,0.000354973959736526,12521
ENSG00000213578,0.000354973959707422,12522
ENSG00000172468,0.000350874396332074,12523
ENSG00000177646,0.000347408444795292,12524
ENSG00000150316,0.000345792450854788,12525
ENSG00000174576,0.000339890712086344,12526
ENSG00000188878,0.00033726099669002,12527
ENSG00000166136,0.000336468547553523,12528
ENSG00000178297,0.000328767016064376,12529
ENSG00000187607,0.000328767016035272,12530
ENSG00000181016,0.000327625463891309,12531
ENSG00000231500,0.000326999451441225,12532
ENSG00000100767,0.000326157754054293,12533
ENSG00000188234,0.000321395109524019,12534
ENSG00000204424,0.000314723700954346,12535
ENSG00000172613,0.000314650615269784,12536
ENSG00000070061,0.000314021651574876,12537
ENSG00000130383,0.000312099230126478,12538
ENSG00000167283,0.000311499840841861,12539
ENSG00000074319,0.000311080182927981,12540
ENSG00000073008,0.000304505594656803,12541
ENSG00000136104,0.000303444599616341,12542
ENSG00000105072,0.00029286716945353,12543
ENSG00000159596,0.000292808123689611,12544
ENSG00000117114,0.000291890804975992,12545
ENSG00000183474,0.000288711541012162,12546
ENSG00000231887,0.000288711541012162,12547
ENSG00000188626,0.000282105278194649,12548
ENSG00000175097,0.000280418925452977,12549
ENSG00000113384,0.000277513041653947,12550
ENSG00000188986,0.000275437146323384,12551
ENSG00000143420,0.000274160681321519,12552
ENSG00000100372,0.000270403963862918,12553
ENSG00000133606,0.00027012458484387,12554
ENSG00000104218,0.00026740467917989,12555
ENSG00000196967,0.000266505217441591,12556
ENSG00000163611,0.000263435109023703,12557
ENSG00000117395,0.000259114215732552,12558
ENSG00000170262,0.000259055256232386,12559
ENSG00000023041,0.000257325760496315,12560
ENSG00000133935,0.000256407150009181,12561
ENSG00000165215,0.000255497393227415,12562
ENSG00000170049,0.000247527290106518,12563
ENSG00000130810,0.000246575262048282,12564
ENSG00000138764,0.00024343016941566,12565
ENSG00000215910,0.000242528867427609,12566
ENSG00000151176,0.000235736789007206,12567
ENSG00000135835,0.000231214572151657,12568
ENSG00000126822,0.00023116430817754,12569
ENSG00000160961,0.000229837424893049,12570
ENSG00000167595,0.000228962743363809,12571
ENSG00000257365,0.000219943772390252,12572
ENSG00000142002,0.000216425018123118,12573
ENSG00000204323,0.000212564881076105,12574
ENSG00000160226,0.000206491598743014,12575
ENSG00000177576,0.000197053643059917,12576
ENSG00000144867,0.00019670834216231,12577
ENSG00000171116,0.00018967327849532,12578
ENSG00000273173,0.000188705557680805,12579
ENSG00000174038,0.000188262018986279,12580
ENSG00000183207,0.000180745755365933,12581
ENSG00000136371,0.000180379418743541,12582
ENSG00000124659,0.000179488689011123,12583
ENSG00000258890,0.000174290549795842,12584
ENSG00000107371,0.000168598469783319,12585
ENSG00000105171,0.000167738273536088,12586
ENSG00000163357,0.000166072379681282,12587
ENSG00000176946,0.000162945751406369,12588
ENSG00000175322,0.000149893776339013,12589
ENSG00000167562,0.000149634813496959,12590
ENSG00000101162,0.000148366326175164,12591
ENSG00000101421,0.000146508898280445,12592
ENSG00000101546,0.000145303279423388,12593
ENSG00000186160,0.000143007630613283,12594
ENSG00000178404,0.00014257753250422,12595
ENSG00000089775,0.000137697873607976,12596
ENSG00000187726,0.000136879900921485,12597
ENSG00000172336,0.000136435004154919,12598
ENSG00000171017,0.000134870638823486,12599
ENSG00000165629,0.000134540073544486,12600
ENSG00000188394,0.000134126104094321,12601
ENSG00000110955,0.000129189047904219,12602
ENSG00000167580,0.000124576351910946,12603
ENSG00000173166,0.000124323661540984,12604
ENSG00000232119,0.000120561884075869,12605
ENSG00000100568,0.000115911447966937,12606
ENSG00000142684,0.000115582154074218,12607
ENSG00000173914,0.000113413946310175,12608
ENSG00000137261,0.000112682243416202,12609
ENSG00000168496,0.000110478526505176,12610
ENSG00000164002,0.000110078241981682,12611
ENSG00000113621,0.000108316990124877,12612
ENSG00000120697,0.000108316990124877,12613
ENSG00000113520,0.000106001270061824,12614
ENSG00000197782,0.000105675112310564,12615
ENSG00000132330,0.000103603051276878,12616
ENSG00000198739,0.000100642964105646,12617
ENSG00000147403,9.89345187190338e-05,12618
ENSG00000109320,9.50516883312957e-05,12619
ENSG00000178741,9.50516883167438e-05,12620
ENSG00000230797,9.48366392476601e-05,12621
ENSG00000136938,9.24657232826576e-05,12622
ENSG00000151665,9.20056947798003e-05,12623
ENSG00000171714,9.04109294206137e-05,12624
ENSG00000010270,8.63947414618451e-05,12625
ENSG00000164039,8.60146263003117e-05,12626
ENSG00000155287,8.42337851790944e-05,12627
ENSG00000099797,8.29575156967621e-05,12628
ENSG00000114391,8.07240441208705e-05,12629
ENSG00000124067,7.82778609718662e-05,12630
ENSG00000142513,7.74624665864394e-05,12631
ENSG00000076554,7.7054769390088e-05,12632
ENSG00000104941,7.63209144497523e-05,12633
ENSG00000105479,7.57747898314847e-05,12634
ENSG00000229833,7.39725786261261e-05,12635
ENSG00000072849,7.29661489895079e-05,12636
ENSG00000143256,7.27739488720545e-05,12637
ENSG00000177697,7.27739488647785e-05,12638
ENSG00000148908,7.26865851829643e-05,12639
ENSG00000114857,7.26516397116939e-05,12640
ENSG00000135341,7.26516397044179e-05,12641
ENSG00000119608,7.10182206239551e-05,12642
ENSG00000164924,7.00497903599171e-05,12643
ENSG00000138095,6.95231002027867e-05,12644
ENSG00000196998,6.95231002027867e-05,12645
ENSG00000176623,6.79089652257972e-05,12646
ENSG00000196335,6.52315508050378e-05,12647
ENSG00000168216,6.27853676560335e-05,12648
ENSG00000176009,6.27853676560335e-05,12649
ENSG00000124104,6.25935101561481e-05,12650
ENSG00000204104,6.25935101415962e-05,12651
ENSG00000166833,6.04351132496959e-05,12652
ENSG00000099326,6.04351132424199e-05,12653
ENSG00000112414,5.92728995179641e-05,12654
ENSG00000119685,5.69816782081034e-05,12655
ENSG00000198205,5.69816782008275e-05,12656
ENSG00000105204,5.37119365180843e-05,12657
ENSG00000111229,5.30006350309122e-05,12658
ENSG00000085999,5.28375561480061e-05,12659
ENSG00000135482,5.26870218018303e-05,12660
ENSG00000138796,5.1998864786583e-05,12661
ENSG00000164751,5.18015256384388e-05,12662
ENSG00000111711,5.15922265476547e-05,12663
ENSG00000006831,4.741831962383e-05,12664
ENSG00000111676,4.69667165889405e-05,12665
ENSG00000167604,4.56620855620713e-05,12666
ENSG00000103264,4.51603044057265e-05,12667
ENSG00000143125,4.40312967912178e-05,12668
ENSG00000071243,4.06442739622435e-05,12669
ENSG00000249751,4.02571856393479e-05,12670
ENSG00000151962,4.00284516326792e-05,12671
ENSG00000138658,3.94763350777794e-05,12672
ENSG00000168267,3.91389304822951e-05,12673
ENSG00000125522,3.73598881888029e-05,12674
ENSG00000175376,3.66927473296528e-05,12675
ENSG00000083168,3.57754286451382e-05,12676
ENSG00000137135,3.52250374417054e-05,12677
ENSG00000159322,3.52250374344294e-05,12678
ENSG00000113732,3.45960189079051e-05,12679
ENSG00000172270,3.45960189079051e-05,12680
ENSG00000267206,3.38702283006569e-05,12681
ENSG00000106714,3.26157754025189e-05,12682
ENSG00000119772,3.26157754025189e-05,12683
ENSG00000102897,3.08219077523972e-05,12684
ENSG00000143384,3.08219077523972e-05,12685
ENSG00000171643,2.98271383071551e-05,12686
ENSG00000243978,2.97397865215316e-05,12687
ENSG00000110958,2.93541978644498e-05,12688
ENSG00000140694,2.832422600477e-05,12689
ENSG00000164879,2.78864879801404e-05,12690
ENSG00000178732,2.75195605063345e-05,12691
ENSG00000107929,2.74603786529042e-05,12692
ENSG00000124160,2.66856344169355e-05,12693
ENSG00000104894,2.65612060393323e-05,12694
ENSG00000184788,2.62642823072383e-05,12695
ENSG00000169064,2.59007628264953e-05,12696
ENSG00000179218,2.56849231300293e-05,12697
ENSG00000166341,2.54403048165841e-05,12698
ENSG00000221986,2.48381674209668e-05,12699
ENSG00000184911,2.40170709803351e-05,12700
ENSG00000152439,2.38269398669218e-05,12701
ENSG00000120498,2.34833582908323e-05,12702
ENSG00000138190,2.34833582908323e-05,12703
ENSG00000204152,2.28310427846736e-05,12704
ENSG00000143222,2.20156483974279e-05,12705
ENSG00000196372,2.20156483974279e-05,12706
ENSG00000122034,2.20156483956089e-05,12707
ENSG00000157214,2.0967284186554e-05,12708
ENSG00000197937,2.0967284186554e-05,12709
ENSG00000116863,1.95694652429665e-05,12710
ENSG00000078369,1.95694652411476e-05,12711
ENSG00000109381,1.95694652411476e-05,12712
ENSG00000121064,1.95694652411476e-05,12713
ENSG00000127837,1.95694652411476e-05,12714
ENSG00000271605,1.95694652411476e-05,12715
ENSG00000121578,1.76125187190337e-05,12716
ENSG00000255833,1.76125187190337e-05,12717
ENSG00000250479,1.76125187172147e-05,12718
ENSG00000086827,1.63662270606437e-05,12719
ENSG00000157353,1.46770989304059e-05,12720
ENSG00000173540,1.44283345434815e-05,12721
ENSG00000104415,1.43948470358737e-05,12722
ENSG00000101294,1.43775663163979e-05,12723
ENSG00000114395,1.42454195593018e-05,12724
ENSG00000170373,1.42184396099765e-05,12725
ENSG00000225899,1.40099580748938e-05,12726
ENSG00000166947,1.34540073559037e-05,12727
ENSG00000256980,1.30463101631904e-05,12728
ENSG00000130755,1.25803705159342e-05,12729
ENSG00000154237,1.25803705159342e-05,12730
ENSG00000138085,1.25803705141152e-05,12731
ENSG00000078328,1.25803705122962e-05,12732
ENSG00000078668,1.22309157759446e-05,12733
ENSG00000140450,1.22309157759446e-05,12734
ENSG00000145390,1.22309157759446e-05,12735
ENSG00000158639,1.17416791454161e-05,12736
ENSG00000189052,1.17416791454161e-05,12737
ENSG00000132000,1.10078241978044e-05,12738
ENSG00000140807,1.10078241978044e-05,12739
ENSG00000163328,1.10078241978044e-05,12740
ENSG00000172500,1.10078241978044e-05,12741
ENSG00000177575,1.10078241978044e-05,12742
ENSG00000184986,1.10078241978044e-05,12743
ENSG00000188906,9.78473262148327e-06,12744
ENSG00000155304,9.78473262057378e-06,12745
ENSG00000166813,9.78473262057378e-06,12746
ENSG00000177710,9.78473262057378e-06,12747
ENSG00000104826,7.33854946520296e-06,12748
ENSG00000126001,7.33854946520296e-06,12749
ENSG00000114491,5.79943071352318e-06,12750
ENSG00000170037,3.69307736400515e-06,12751
ENSG00000119705,3.52904404280707e-06,12752
ENSG00000145088,3.45985806779936e-06,12753
ENSG00000101365,3.41394008137286e-06,12754
ENSG00000107679,3.40751081239432e-06,12755
ENSG00000111678,3.38604167336598e-06,12756
ENSG00000174938,3.33800521912053e-06,12757
ENSG00000172318,3.27080747229047e-06,12758
ENSG00000060069,3.25134315062314e-06,12759
ENSG00000099821,3.09412053320557e-06,12760
ENSG00000159445,3.0823647393845e-06,12761
ENSG00000118420,3.0538909486495e-06,12762
ENSG00000080824,2.96894455095753e-06,12763
ENSG00000139344,2.96894455095753e-06,12764
ENSG00000061918,2.96533474465832e-06,12765
ENSG00000168259,2.96533474465832e-06,12766
ENSG00000160345,2.96245579374954e-06,12767
ENSG00000151838,2.87449563620612e-06,12768
ENSG00000183386,2.86779087036848e-06,12769
ENSG00000114279,2.83389264950529e-06,12770
ENSG00000145996,2.82530504046008e-06,12771
ENSG00000171612,2.76304531143978e-06,12772
ENSG00000197771,2.7375626959838e-06,12773
ENSG00000185404,2.7190197724849e-06,12774
ENSG00000115828,2.7166724903509e-06,12775
ENSG00000163291,2.7007108728867e-06,12776
ENSG00000153147,2.60777783114463e-06,12777
ENSG00000171456,2.50798015622422e-06,12778
ENSG00000124232,2.4973678519018e-06,12779
ENSG00000131381,2.49463252839632e-06,12780
ENSG00000164756,2.4657207832206e-06,12781
ENSG00000158163,2.38465244183317e-06,12782
ENSG00000119812,2.36038144794293e-06,12783
ENSG00000124575,2.25467697600834e-06,12784
ENSG00000148672,2.2138828644529e-06,12785
ENSG00000125445,2.18871733522974e-06,12786
ENSG00000119285,2.17375508509576e-06,12787
ENSG00000134398,2.16201483272016e-06,12788
ENSG00000109436,2.00025312369689e-06,12789
ENSG00000155011,1.98999748681672e-06,12790
ENSG00000174255,1.97438962641172e-06,12791
ENSG00000166478,1.97118447977118e-06,12792
ENSG00000040531,1.93735203356482e-06,12793
ENSG00000154864,1.93597609177232e-06,12794
ENSG00000103351,1.90749557805248e-06,12795
ENSG00000125779,1.88246043398976e-06,12796
ENSG00000163029,1.8499021534808e-06,12797
ENSG00000144504,1.84929056558758e-06,12798
ENSG00000177879,1.83079767157324e-06,12799
ENSG00000081386,1.75750596099533e-06,12800
ENSG00000198690,1.75363762537017e-06,12801
ENSG00000059573,1.73693633405492e-06,12802
ENSG00000197037,1.73292370163836e-06,12803
ENSG00000134551,1.7254541744478e-06,12804
ENSG00000186765,1.69350134092383e-06,12805
ENSG00000176393,1.67002266971394e-06,12806
ENSG00000186352,1.61761330673471e-06,12807
ENSG00000247746,1.57907462562434e-06,12808
ENSG00000156502,1.57241680426523e-06,12809
ENSG00000171262,1.57189698074944e-06,12810
ENSG00000204710,1.46046542795375e-06,12811
ENSG00000101846,1.42142677213997e-06,12812
ENSG00000167323,1.3545046094805e-06,12813
ENSG00000186732,1.31239980692044e-06,12814
ENSG00000166126,1.26404879847541e-06,12815
ENSG00000144214,1.26368194469251e-06,12816
ENSG00000258289,1.13394000800326e-06,12817
ENSG00000165807,1.09174553654157e-06,12818
ENSG00000198825,1.03536024107598e-06,12819
ENSG00000181333,1.02456117747352e-06,12820
ENSG00000153898,9.91203371086158e-07,12821
ENSG00000125835,9.4115681713447e-07,12822
ENSG00000178665,9.38870623940602e-07,12823
ENSG00000125977,9.3595047655981e-07,12824
ENSG00000169247,9.26296459510922e-07,12825
ENSG00000214367,9.13323106942698e-07,12826
ENSG00000101464,7.407522352878e-07,12827
ENSG00000171827,6.78073221934028e-07,12828
ENSG00000103855,6.5839703893289e-07,12829
ENSG00000104064,6.27437882940285e-07,12830
ENSG00000087250,4.55422326922417e-07,12831
ENSG00000001036,0,12832
ENSG00000001084,0,12833
ENSG00000001460,0,12834
ENSG00000001497,0,12835
ENSG00000001631,0,12836
ENSG00000002016,0,12837
ENSG00000002330,0,12838
ENSG00000002587,0,12839
ENSG00000002933,0,12840
ENSG00000003056,0,12841
ENSG00000003137,0,12842
ENSG00000003147,0,12843
ENSG00000003402,0,12844
ENSG00000004468,0,12845
ENSG00000004700,0,12846
ENSG00000004776,0,12847
ENSG00000004848,0,12848
ENSG00000004897,0,12849
ENSG00000004961,0,12850
ENSG00000005007,0,12851
ENSG00000005020,0,12852
ENSG00000005075,0,12853
ENSG00000005100,0,12854
ENSG00000005175,0,12855
ENSG00000005421,0,12856
ENSG00000005483,0,12857
ENSG00000005700,0,12858
ENSG00000005884,0,12859
ENSG00000005889,0,12860
ENSG00000005893,0,12861
ENSG00000006007,0,12862
ENSG00000006025,0,12863
ENSG00000006059,0,12864
ENSG00000006125,0,12865
ENSG00000006128,0,12866
ENSG00000006194,0,12867
ENSG00000006327,0,12868
ENSG00000006468,0,12869
ENSG00000006530,0,12870
ENSG00000006534,0,12871
ENSG00000006606,0,12872
ENSG00000006634,0,12873
ENSG00000006659,0,12874
ENSG00000006704,0,12875
ENSG00000006788,0,12876
ENSG00000007047,0,12877
ENSG00000007062,0,12878
ENSG00000007080,0,12879
ENSG00000007168,0,12880
ENSG00000007216,0,12881
ENSG00000007376,0,12882
ENSG00000007384,0,12883
ENSG00000007392,0,12884
ENSG00000007908,0,12885
ENSG00000008086,0,12886
ENSG00000008197,0,12887
ENSG00000008324,0,12888
ENSG00000008405,0,12889
ENSG00000008516,0,12890
ENSG00000008735,0,12891
ENSG00000008869,0,12892
ENSG00000008952,0,12893
ENSG00000009709,0,12894
ENSG00000009780,0,12895
ENSG00000009954,0,12896
ENSG00000010030,0,12897
ENSG00000010244,0,12898
ENSG00000010282,0,12899
ENSG00000010310,0,12900
ENSG00000010319,0,12901
ENSG00000010327,0,12902
ENSG00000010361,0,12903
ENSG00000010539,0,12904
ENSG00000010671,0,12905
ENSG00000010818,0,12906
ENSG00000010932,0,12907
ENSG00000011021,0,12908
ENSG00000011275,0,12909
ENSG00000011376,0,12910
ENSG00000012048,0,12911
ENSG00000012061,0,12912
ENSG00000012174,0,12913
ENSG00000012963,0,12914
ENSG00000012983,0,12915
ENSG00000013306,0,12916
ENSG00000013364,0,12917
ENSG00000013563,0,12918
ENSG00000013573,0,12919
ENSG00000013725,0,12920
ENSG00000013810,0,12921
ENSG00000014123,0,12922
ENSG00000014216,0,12923
ENSG00000014641,0,12924
ENSG00000014824,0,12925
ENSG00000015133,0,12926
ENSG00000015153,0,12927
ENSG00000015171,0,12928
ENSG00000015475,0,12929
ENSG00000015592,0,12930
ENSG00000016490,0,12931
ENSG00000017427,0,12932
ENSG00000018625,0,12933
ENSG00000019485,0,12934
ENSG00000019995,0,12935
ENSG00000020426,0,12936
ENSG00000021574,0,12937
ENSG00000023287,0,12938
ENSG00000023516,0,12939
ENSG00000024048,0,12940
ENSG00000025800,0,12941
ENSG00000026297,0,12942
ENSG00000026559,0,12943
ENSG00000028203,0,12944
ENSG00000028310,0,12945
ENSG00000028528,0,12946
ENSG00000029364,0,12947
ENSG00000029725,0,12948
ENSG00000029993,0,12949
ENSG00000030066,0,12950
ENSG00000030110,0,12951
ENSG00000030304,0,12952
ENSG00000031691,0,12953
ENSG00000032389,0,12954
ENSG00000033030,0,12955
ENSG00000033050,0,12956
ENSG00000034533,0,12957
ENSG00000034971,0,12958
ENSG00000035403,0,12959
ENSG00000035499,0,12960
ENSG00000035862,0,12961
ENSG00000035928,0,12962
ENSG00000036257,0,12963
ENSG00000036549,0,12964
ENSG00000036828,0,12965
ENSG00000037042,0,12966
ENSG00000037749,0,12967
ENSG00000038219,0,12968
ENSG00000038274,0,12969
ENSG00000038427,0,12970
ENSG00000038532,0,12971
ENSG00000039123,0,12972
ENSG00000039319,0,12973
ENSG00000039537,0,12974
ENSG00000039987,0,12975
ENSG00000040275,0,12976
ENSG00000040341,0,12977
ENSG00000040608,0,12978
ENSG00000040633,0,12979
ENSG00000041357,0,12980
ENSG00000041880,0,12981
ENSG00000042286,0,12982
ENSG00000042317,0,12983
ENSG00000042753,0,12984
ENSG00000042781,0,12985
ENSG00000042813,0,12986
ENSG00000042980,0,12987
ENSG00000044115,0,12988
ENSG00000044459,0,12989
ENSG00000044574,0,12990
ENSG00000046604,0,12991
ENSG00000047188,0,12992
ENSG00000047230,0,12993
ENSG00000047249,0,12994
ENSG00000047346,0,12995
ENSG00000047578,0,12996
ENSG00000047579,0,12997
ENSG00000047597,0,12998
ENSG00000047621,0,12999
ENSG00000047634,0,13000
ENSG00000047644,0,13001
ENSG00000048140,0,13002
ENSG00000048162,0,13003
ENSG00000048342,0,13004
ENSG00000048405,0,13005
ENSG00000048462,0,13006
ENSG00000049089,0,13007
ENSG00000049167,0,13008
ENSG00000049245,0,13009
ENSG00000049246,0,13010
ENSG00000049247,0,13011
ENSG00000049656,0,13012
ENSG00000049860,0,13013
ENSG00000050344,0,13014
ENSG00000050405,0,13015
ENSG00000050628,0,13016
ENSG00000052126,0,13017
ENSG00000052723,0,13018
ENSG00000052841,0,13019
ENSG00000053372,0,13020
ENSG00000053747,0,13021
ENSG00000053770,0,13022
ENSG00000053900,0,13023
ENSG00000053918,0,13024
ENSG00000054148,0,13025
ENSG00000054356,0,13026
ENSG00000054523,0,13027
ENSG00000054598,0,13028
ENSG00000054611,0,13029
ENSG00000054796,0,13030
ENSG00000054803,0,13031
ENSG00000054965,0,13032
ENSG00000055118,0,13033
ENSG00000055208,0,13034
ENSG00000055211,0,13035
ENSG00000055483,0,13036
ENSG00000055917,0,13037
ENSG00000055950,0,13038
ENSG00000056291,0,13039
ENSG00000056487,0,13040
ENSG00000056558,0,13041
ENSG00000057252,0,13042
ENSG00000057294,0,13043
ENSG00000057608,0,13044
ENSG00000057757,0,13045
ENSG00000058272,0,13046
ENSG00000058335,0,13047
ENSG00000058600,0,13048
ENSG00000058668,0,13049
ENSG00000059122,0,13050
ENSG00000059588,0,13051
ENSG00000059691,0,13052
ENSG00000059758,0,13053
ENSG00000060237,0,13054
ENSG00000060688,0,13055
ENSG00000062370,0,13056
ENSG00000063046,0,13057
ENSG00000063176,0,13058
ENSG00000063241,0,13059
ENSG00000063660,0,13060
ENSG00000063761,0,13061
ENSG00000064115,0,13062
ENSG00000064199,0,13063
ENSG00000064225,0,13064
ENSG00000064300,0,13065
ENSG00000064313,0,13066
ENSG00000064393,0,13067
ENSG00000064490,0,13068
ENSG00000064547,0,13069
ENSG00000064651,0,13070
ENSG00000064933,0,13071
ENSG00000064961,0,13072
ENSG00000065000,0,13073
ENSG00000065054,0,13074
ENSG00000065060,0,13075
ENSG00000065150,0,13076
ENSG00000065308,0,13077
ENSG00000065427,0,13078
ENSG00000065491,0,13079
ENSG00000065518,0,13080
ENSG00000065526,0,13081
ENSG00000065548,0,13082
ENSG00000065559,0,13083
ENSG00000065665,0,13084
ENSG00000065911,0,13085
ENSG00000065970,0,13086
ENSG00000066032,0,13087
ENSG00000066117,0,13088
ENSG00000066135,0,13089
ENSG00000066136,0,13090
ENSG00000066336,0,13091
ENSG00000066379,0,13092
ENSG00000066557,0,13093
ENSG00000066777,0,13094
ENSG00000066926,0,13095
ENSG00000066933,0,13096
ENSG00000067167,0,13097
ENSG00000067248,0,13098
ENSG00000067365,0,13099
ENSG00000067646,0,13100
ENSG00000067836,0,13101
ENSG00000068079,0,13102
ENSG00000068137,0,13103
ENSG00000068323,0,13104
ENSG00000068383,0,13105
ENSG00000068615,0,13106
ENSG00000068784,0,13107
ENSG00000068985,0,13108
ENSG00000069018,0,13109
ENSG00000069206,0,13110
ENSG00000069275,0,13111
ENSG00000069329,0,13112
ENSG00000069345,0,13113
ENSG00000069399,0,13114
ENSG00000069431,0,13115
ENSG00000069482,0,13116
ENSG00000069943,0,13117
ENSG00000070019,0,13118
ENSG00000070031,0,13119
ENSG00000070047,0,13120
ENSG00000070423,0,13121
ENSG00000070444,0,13122
ENSG00000070476,0,13123
ENSG00000070501,0,13124
ENSG00000070540,0,13125
ENSG00000070610,0,13126
ENSG00000070614,0,13127
ENSG00000070718,0,13128
ENSG00000070748,0,13129
ENSG00000070831,0,13130
ENSG00000070882,0,13131
ENSG00000071203,0,13132
ENSG00000071537,0,13133
ENSG00000071677,0,13134
ENSG00000071994,0,13135
ENSG00000072062,0,13136
ENSG00000072080,0,13137
ENSG00000072121,0,13138
ENSG00000072135,0,13139
ENSG00000072201,0,13140
ENSG00000072315,0,13141
ENSG00000072518,0,13142
ENSG00000072571,0,13143
ENSG00000072756,0,13144
ENSG00000072803,0,13145
ENSG00000072832,0,13146
ENSG00000072954,0,13147
ENSG00000073050,0,13148
ENSG00000073060,0,13149
ENSG00000073614,0,13150
ENSG00000073712,0,13151
ENSG00000073734,0,13152
ENSG00000073803,0,13153
ENSG00000074054,0,13154
ENSG00000074071,0,13155
ENSG00000074356,0,13156
ENSG00000074416,0,13157
ENSG00000074582,0,13158
ENSG00000074590,0,13159
ENSG00000074621,0,13160
ENSG00000074695,0,13161
ENSG00000074771,0,13162
ENSG00000074842,0,13163
ENSG00000074966,0,13164
ENSG00000075151,0,13165
ENSG00000075188,0,13166
ENSG00000075218,0,13167
ENSG00000075292,0,13168
ENSG00000075340,0,13169
ENSG00000075388,0,13170
ENSG00000075651,0,13171
ENSG00000075673,0,13172
ENSG00000075711,0,13173
ENSG00000075856,0,13174
ENSG00000075884,0,13175
ENSG00000075886,0,13176
ENSG00000075945,0,13177
ENSG00000075975,0,13178
ENSG00000076003,0,13179
ENSG00000076053,0,13180
ENSG00000076067,0,13181
ENSG00000076108,0,13182
ENSG00000076321,0,13183
ENSG00000076555,0,13184
ENSG00000076662,0,13185
ENSG00000076685,0,13186
ENSG00000076716,0,13187
ENSG00000077080,0,13188
ENSG00000077232,0,13189
ENSG00000077238,0,13190
ENSG00000077254,0,13191
ENSG00000077458,0,13192
ENSG00000077463,0,13193
ENSG00000077498,0,13194
ENSG00000077549,0,13195
ENSG00000077616,0,13196
ENSG00000077713,0,13197
ENSG00000077935,0,13198
ENSG00000077942,0,13199
ENSG00000078018,0,13200
ENSG00000078043,0,13201
ENSG00000078061,0,13202
ENSG00000078070,0,13203
ENSG00000078114,0,13204
ENSG00000078237,0,13205
ENSG00000078295,0,13206
ENSG00000078304,0,13207
ENSG00000078403,0,13208
ENSG00000078674,0,13209
ENSG00000078687,0,13210
ENSG00000078725,0,13211
ENSG00000078808,0,13212
ENSG00000078900,0,13213
ENSG00000078967,0,13214
ENSG00000079134,0,13215
ENSG00000079246,0,13216
ENSG00000079257,0,13217
ENSG00000079332,0,13218
ENSG00000079459,0,13219
ENSG00000079616,0,13220
ENSG00000079689,0,13221
ENSG00000079739,0,13222
ENSG00000079819,0,13223
ENSG00000079974,0,13224
ENSG00000079999,0,13225
ENSG00000080189,0,13226
ENSG00000080293,0,13227
ENSG00000080298,0,13228
ENSG00000080345,0,13229
ENSG00000080371,0,13230
ENSG00000080503,0,13231
ENSG00000080511,0,13232
ENSG00000080546,0,13233
ENSG00000080561,0,13234
ENSG00000080815,0,13235
ENSG00000080819,0,13236
ENSG00000080839,0,13237
ENSG00000080910,0,13238
ENSG00000081148,0,13239
ENSG00000081177,0,13240
ENSG00000081189,0,13241
ENSG00000081237,0,13242
ENSG00000081377,0,13243
ENSG00000081665,0,13244
ENSG00000081721,0,13245
ENSG00000081800,0,13246
ENSG00000081803,0,13247
ENSG00000081913,0,13248
ENSG00000082068,0,13249
ENSG00000082126,0,13250
ENSG00000082153,0,13251
ENSG00000082196,0,13252
ENSG00000082212,0,13253
ENSG00000082293,0,13254
ENSG00000082512,0,13255
ENSG00000082556,0,13256
ENSG00000082898,0,13257
ENSG00000083067,0,13258
ENSG00000083099,0,13259
ENSG00000083123,0,13260
ENSG00000083223,0,13261
ENSG00000083290,0,13262
ENSG00000083312,0,13263
ENSG00000083457,0,13264
ENSG00000083544,0,13265
ENSG00000083635,0,13266
ENSG00000083642,0,13267
ENSG00000083750,0,13268
ENSG00000083782,0,13269
ENSG00000083814,0,13270
ENSG00000083817,0,13271
ENSG00000083828,0,13272
ENSG00000083844,0,13273
ENSG00000083937,0,13274
ENSG00000084070,0,13275
ENSG00000084072,0,13276
ENSG00000084073,0,13277
ENSG00000084110,0,13278
ENSG00000084112,0,13279
ENSG00000084463,0,13280
ENSG00000084636,0,13281
ENSG00000084676,0,13282
ENSG00000085365,0,13283
ENSG00000085377,0,13284
ENSG00000085741,0,13285
ENSG00000085760,0,13286
ENSG00000085788,0,13287
ENSG00000085832,0,13288
ENSG00000085840,0,13289
ENSG00000086102,0,13290
ENSG00000086159,0,13291
ENSG00000086200,0,13292
ENSG00000086506,0,13293
ENSG00000086544,0,13294
ENSG00000086589,0,13295
ENSG00000087008,0,13296
ENSG00000087053,0,13297
ENSG00000087087,0,13298
ENSG00000087111,0,13299
ENSG00000087152,0,13300
ENSG00000087263,0,13301
ENSG00000087269,0,13302
ENSG00000087303,0,13303
ENSG00000087365,0,13304
ENSG00000087470,0,13305
ENSG00000087502,0,13306
ENSG00000087903,0,13307
ENSG00000088038,0,13308
ENSG00000088205,0,13309
ENSG00000088280,0,13310
ENSG00000088356,0,13311
ENSG00000088387,0,13312
ENSG00000088682,0,13313
ENSG00000088782,0,13314
ENSG00000088833,0,13315
ENSG00000088876,0,13316
ENSG00000088899,0,13317
ENSG00000089006,0,13318
ENSG00000089048,0,13319
ENSG00000089050,0,13320
ENSG00000089053,0,13321
ENSG00000089094,0,13322
ENSG00000089101,0,13323
ENSG00000089116,0,13324
ENSG00000089234,0,13325
ENSG00000089280,0,13326
ENSG00000089289,0,13327
ENSG00000089351,0,13328
ENSG00000089486,0,13329
ENSG00000089558,0,13330
ENSG00000089639,0,13331
ENSG00000089682,0,13332
ENSG00000089818,0,13333
ENSG00000090266,0,13334
ENSG00000090273,0,13335
ENSG00000090316,0,13336
ENSG00000090372,0,13337
ENSG00000090447,0,13338
ENSG00000090565,0,13339
ENSG00000090621,0,13340
ENSG00000090857,0,13341
ENSG00000090863,0,13342
ENSG00000090975,0,13343
ENSG00000090989,0,13344
ENSG00000091039,0,13345
ENSG00000091073,0,13346
ENSG00000091127,0,13347
ENSG00000091138,0,13348
ENSG00000091140,0,13349
ENSG00000091157,0,13350
ENSG00000091317,0,13351
ENSG00000091428,0,13352
ENSG00000091490,0,13353
ENSG00000091542,0,13354
ENSG00000091622,0,13355
ENSG00000091640,0,13356
ENSG00000091844,0,13357
ENSG00000092054,0,13358
ENSG00000092067,0,13359
ENSG00000092148,0,13360
ENSG00000092200,0,13361
ENSG00000092208,0,13362
ENSG00000092330,0,13363
ENSG00000092345,0,13364
ENSG00000092377,0,13365
ENSG00000092421,0,13366
ENSG00000092445,0,13367
ENSG00000092621,0,13368
ENSG00000092871,0,13369
ENSG00000092931,0,13370
ENSG00000093000,0,13371
ENSG00000093167,0,13372
ENSG00000094631,0,13373
ENSG00000094661,0,13374
ENSG00000094975,0,13375
ENSG00000095015,0,13376
ENSG00000095139,0,13377
ENSG00000095203,0,13378
ENSG00000095209,0,13379
ENSG00000095319,0,13380
ENSG00000095397,0,13381
ENSG00000095564,0,13382
ENSG00000095574,0,13383
ENSG00000095587,0,13384
ENSG00000095627,0,13385
ENSG00000095637,0,13386
ENSG00000095739,0,13387
ENSG00000095777,0,13388
ENSG00000095787,0,13389
ENSG00000095794,0,13390
ENSG00000095932,0,13391
ENSG00000095981,0,13392
ENSG00000096088,0,13393
ENSG00000096093,0,13394
ENSG00000096395,0,13395
ENSG00000096433,0,13396
ENSG00000096746,0,13397
ENSG00000096872,0,13398
ENSG00000096968,0,13399
ENSG00000097007,0,13400
ENSG00000097021,0,13401
ENSG00000099204,0,13402
ENSG00000099219,0,13403
ENSG00000099246,0,13404
ENSG00000099260,0,13405
ENSG00000099290,0,13406
ENSG00000099308,0,13407
ENSG00000099341,0,13408
ENSG00000099721,0,13409
ENSG00000099866,0,13410
ENSG00000099904,0,13411
ENSG00000099960,0,13412
ENSG00000099998,0,13413
ENSG00000099999,0,13414
ENSG00000100012,0,13415
ENSG00000100023,0,13416
ENSG00000100029,0,13417
ENSG00000100075,0,13418
ENSG00000100078,0,13419
ENSG00000100099,0,13420
ENSG00000100100,0,13421
ENSG00000100105,0,13422
ENSG00000100109,0,13423
ENSG00000100129,0,13424
ENSG00000100207,0,13425
ENSG00000100211,0,13426
ENSG00000100216,0,13427
ENSG00000100218,0,13428
ENSG00000100225,0,13429
ENSG00000100226,0,13430
ENSG00000100228,0,13431
ENSG00000100239,0,13432
ENSG00000100241,0,13433
ENSG00000100243,0,13434
ENSG00000100249,0,13435
ENSG00000100258,0,13436
ENSG00000100276,0,13437
ENSG00000100280,0,13438
ENSG00000100281,0,13439
ENSG00000100290,0,13440
ENSG00000100292,0,13441
ENSG00000100296,0,13442
ENSG00000100307,0,13443
ENSG00000100316,0,13444
ENSG00000100319,0,13445
ENSG00000100335,0,13446
ENSG00000100341,0,13447
ENSG00000100344,0,13448
ENSG00000100346,0,13449
ENSG00000100347,0,13450
ENSG00000100348,0,13451
ENSG00000100376,0,13452
ENSG00000100387,0,13453
ENSG00000100393,0,13454
ENSG00000100395,0,13455
ENSG00000100401,0,13456
ENSG00000100403,0,13457
ENSG00000100410,0,13458
ENSG00000100416,0,13459
ENSG00000100417,0,13460
ENSG00000100425,0,13461
ENSG00000100448,0,13462
ENSG00000100450,0,13463
ENSG00000100462,0,13464
ENSG00000100478,0,13465
ENSG00000100479,0,13466
ENSG00000100483,0,13467
ENSG00000100485,0,13468
ENSG00000100490,0,13469
ENSG00000100504,0,13470
ENSG00000100522,0,13471
ENSG00000100565,0,13472
ENSG00000100583,0,13473
ENSG00000100591,0,13474
ENSG00000100596,0,13475
ENSG00000100599,0,13476
ENSG00000100600,0,13477
ENSG00000100601,0,13478
ENSG00000100604,0,13479
ENSG00000100628,0,13480
ENSG00000100629,0,13481
ENSG00000100714,0,13482
ENSG00000100811,0,13483
ENSG00000100823,0,13484
ENSG00000100911,0,13485
ENSG00000100916,0,13486
ENSG00000100987,0,13487
ENSG00000101000,0,13488
ENSG00000101019,0,13489
ENSG00000101052,0,13490
ENSG00000101082,0,13491
ENSG00000101109,0,13492
ENSG00000101126,0,13493
ENSG00000101132,0,13494
ENSG00000101134,0,13495
ENSG00000101138,0,13496
ENSG00000101152,0,13497
ENSG00000101181,0,13498
ENSG00000101182,0,13499
ENSG00000101189,0,13500
ENSG00000101203,0,13501
ENSG00000101216,0,13502
ENSG00000101251,0,13503
ENSG00000101292,0,13504
ENSG00000101310,0,13505
ENSG00000101361,0,13506
ENSG00000101367,0,13507
ENSG00000101425,0,13508
ENSG00000101435,0,13509
ENSG00000101438,0,13510
ENSG00000101445,0,13511
ENSG00000101446,0,13512
ENSG00000101448,0,13513
ENSG00000101452,0,13514
ENSG00000101470,0,13515
ENSG00000101474,0,13516
ENSG00000101493,0,13517
ENSG00000101544,0,13518
ENSG00000101557,0,13519
ENSG00000101596,0,13520
ENSG00000101639,0,13521
ENSG00000101670,0,13522
ENSG00000101745,0,13523
ENSG00000101751,0,13524
ENSG00000101811,0,13525
ENSG00000101812,0,13526
ENSG00000101850,0,13527
ENSG00000101890,0,13528
ENSG00000101892,0,13529
ENSG00000101901,0,13530
ENSG00000101911,0,13531
ENSG00000101916,0,13532
ENSG00000101928,0,13533
ENSG00000101935,0,13534
ENSG00000101945,0,13535
ENSG00000101977,0,13536
ENSG00000102021,0,13537
ENSG00000102038,0,13538
ENSG00000102048,0,13539
ENSG00000102076,0,13540
ENSG00000102078,0,13541
ENSG00000102081,0,13542
ENSG00000102158,0,13543
ENSG00000102221,0,13544
ENSG00000102230,0,13545
ENSG00000102239,0,13546
ENSG00000102290,0,13547
ENSG00000102312,0,13548
ENSG00000102362,0,13549
ENSG00000102385,0,13550
ENSG00000102387,0,13551
ENSG00000102468,0,13552
ENSG00000102471,0,13553
ENSG00000102531,0,13554
ENSG00000102539,0,13555
ENSG00000102678,0,13556
ENSG00000102738,0,13557
ENSG00000102786,0,13558
ENSG00000102794,0,13559
ENSG00000102804,0,13560
ENSG00000102837,0,13561
ENSG00000102870,0,13562
ENSG00000102878,0,13563
ENSG00000102891,0,13564
ENSG00000102901,0,13565
ENSG00000102921,0,13566
ENSG00000102931,0,13567
ENSG00000102970,0,13568
ENSG00000102974,0,13569
ENSG00000102984,0,13570
ENSG00000103005,0,13571
ENSG00000103021,0,13572
ENSG00000103051,0,13573
ENSG00000103064,0,13574
ENSG00000103066,0,13575
ENSG00000103111,0,13576
ENSG00000103121,0,13577
ENSG00000103126,0,13578
ENSG00000103148,0,13579
ENSG00000103175,0,13580
ENSG00000103194,0,13581
ENSG00000103197,0,13582
ENSG00000103254,0,13583
ENSG00000103266,0,13584
ENSG00000103269,0,13585
ENSG00000103274,0,13586
ENSG00000103310,0,13587
ENSG00000103319,0,13588
ENSG00000103335,0,13589
ENSG00000103355,0,13590
ENSG00000103356,0,13591
ENSG00000103415,0,13592
ENSG00000103423,0,13593
ENSG00000103544,0,13594
ENSG00000103546,0,13595
ENSG00000103599,0,13596
ENSG00000103642,0,13597
ENSG00000104044,0,13598
ENSG00000104093,0,13599
ENSG00000104112,0,13600
ENSG00000104219,0,13601
ENSG00000104237,0,13602
ENSG00000104299,0,13603
ENSG00000104313,0,13604
ENSG00000104320,0,13605
ENSG00000104331,0,13606
ENSG00000104341,0,13607
ENSG00000104369,0,13608
ENSG00000104371,0,13609
ENSG00000104375,0,13610
ENSG00000104408,0,13611
ENSG00000104432,0,13612
ENSG00000104442,0,13613
ENSG00000104450,0,13614
ENSG00000104490,0,13615
ENSG00000104497,0,13616
ENSG00000104499,0,13617
ENSG00000104517,0,13618
ENSG00000104522,0,13619
ENSG00000104529,0,13620
ENSG00000104537,0,13621
ENSG00000104643,0,13622
ENSG00000104671,0,13623
ENSG00000104679,0,13624
ENSG00000104695,0,13625
ENSG00000104722,0,13626
ENSG00000104756,0,13627
ENSG00000104774,0,13628
ENSG00000104814,0,13629
ENSG00000104818,0,13630
ENSG00000104823,0,13631
ENSG00000104825,0,13632
ENSG00000104852,0,13633
ENSG00000104853,0,13634
ENSG00000104856,0,13635
ENSG00000104859,0,13636
ENSG00000104870,0,13637
ENSG00000104881,0,13638
ENSG00000104957,0,13639
ENSG00000104960,0,13640
ENSG00000104974,0,13641
ENSG00000104976,0,13642
ENSG00000105053,0,13643
ENSG00000105058,0,13644
ENSG00000105122,0,13645
ENSG00000105127,0,13646
ENSG00000105137,0,13647
ENSG00000105141,0,13648
ENSG00000105143,0,13649
ENSG00000105186,0,13650
ENSG00000105198,0,13651
ENSG00000105219,0,13652
ENSG00000105221,0,13653
ENSG00000105254,0,13654
ENSG00000105261,0,13655
ENSG00000105270,0,13656
ENSG00000105298,0,13657
ENSG00000105325,0,13658
ENSG00000105329,0,13659
ENSG00000105364,0,13660
ENSG00000105370,0,13661
ENSG00000105401,0,13662
ENSG00000105428,0,13663
ENSG00000105429,0,13664
ENSG00000105438,0,13665
ENSG00000105447,0,13666
ENSG00000105467,0,13667
ENSG00000105486,0,13668
ENSG00000105499,0,13669
ENSG00000105509,0,13670
ENSG00000105514,0,13671
ENSG00000105516,0,13672
ENSG00000105538,0,13673
ENSG00000105550,0,13674
ENSG00000105552,0,13675
ENSG00000105568,0,13676
ENSG00000105605,0,13677
ENSG00000105607,0,13678
ENSG00000105610,0,13679
ENSG00000105612,0,13680
ENSG00000105618,0,13681
ENSG00000105639,0,13682
ENSG00000105641,0,13683
ENSG00000105655,0,13684
ENSG00000105656,0,13685
ENSG00000105676,0,13686
ENSG00000105696,0,13687
ENSG00000105697,0,13688
ENSG00000105700,0,13689
ENSG00000105705,0,13690
ENSG00000105711,0,13691
ENSG00000105723,0,13692
ENSG00000105726,0,13693
ENSG00000105755,0,13694
ENSG00000105793,0,13695
ENSG00000105821,0,13696
ENSG00000105825,0,13697
ENSG00000105829,0,13698
ENSG00000105849,0,13699
ENSG00000105877,0,13700
ENSG00000105887,0,13701
ENSG00000105948,0,13702
ENSG00000105954,0,13703
ENSG00000105989,0,13704
ENSG00000106013,0,13705
ENSG00000106028,0,13706
ENSG00000106049,0,13707
ENSG00000106052,0,13708
ENSG00000106070,0,13709
ENSG00000106125,0,13710
ENSG00000106128,0,13711
ENSG00000106268,0,13712
ENSG00000106290,0,13713
ENSG00000106302,0,13714
ENSG00000106304,0,13715
ENSG00000106330,0,13716
ENSG00000106331,0,13717
ENSG00000106333,0,13718
ENSG00000106341,0,13719
ENSG00000106346,0,13720
ENSG00000106348,0,13721
ENSG00000106410,0,13722
ENSG00000106415,0,13723
ENSG00000106436,0,13724
ENSG00000106459,0,13725
ENSG00000106477,0,13726
ENSG00000106546,0,13727
ENSG00000106554,0,13728
ENSG00000106603,0,13729
ENSG00000106605,0,13730
ENSG00000106608,0,13731
ENSG00000106624,0,13732
ENSG00000106635,0,13733
ENSG00000106636,0,13734
ENSG00000106638,0,13735
ENSG00000106723,0,13736
ENSG00000106772,0,13737
ENSG00000106789,0,13738
ENSG00000106803,0,13739
ENSG00000106852,0,13740
ENSG00000107018,0,13741
ENSG00000107036,0,13742
ENSG00000107130,0,13743
ENSG00000107147,0,13744
ENSG00000107159,0,13745
ENSG00000107164,0,13746
ENSG00000107175,0,13747
ENSG00000107185,0,13748
ENSG00000107187,0,13749
ENSG00000107281,0,13750
ENSG00000107282,0,13751
ENSG00000107341,0,13752
ENSG00000107362,0,13753
ENSG00000107372,0,13754
ENSG00000107404,0,13755
ENSG00000107447,0,13756
ENSG00000107521,0,13757
ENSG00000107560,0,13758
ENSG00000107562,0,13759
ENSG00000107611,0,13760
ENSG00000107614,0,13761
ENSG00000107643,0,13762
ENSG00000107669,0,13763
ENSG00000107672,0,13764
ENSG00000107742,0,13765
ENSG00000107779,0,13766
ENSG00000107816,0,13767
ENSG00000107859,0,13768
ENSG00000107862,0,13769
ENSG00000107897,0,13770
ENSG00000107938,0,13771
ENSG00000107951,0,13772
ENSG00000107959,0,13773
ENSG00000107960,0,13774
ENSG00000108021,0,13775
ENSG00000108055,0,13776
ENSG00000108091,0,13777
ENSG00000108094,0,13778
ENSG00000108175,0,13779
ENSG00000108255,0,13780
ENSG00000108256,0,13781
ENSG00000108298,0,13782
ENSG00000108306,0,13783
ENSG00000108309,0,13784
ENSG00000108344,0,13785
ENSG00000108352,0,13786
ENSG00000108370,0,13787
ENSG00000108379,0,13788
ENSG00000108381,0,13789
ENSG00000108389,0,13790
ENSG00000108406,0,13791
ENSG00000108423,0,13792
ENSG00000108424,0,13793
ENSG00000108474,0,13794
ENSG00000108506,0,13795
ENSG00000108515,0,13796
ENSG00000108551,0,13797
ENSG00000108590,0,13798
ENSG00000108599,0,13799
ENSG00000108688,0,13800
ENSG00000108700,0,13801
ENSG00000108702,0,13802
ENSG00000108773,0,13803
ENSG00000108774,0,13804
ENSG00000108788,0,13805
ENSG00000108797,0,13806
ENSG00000108840,0,13807
ENSG00000108854,0,13808
ENSG00000108883,0,13809
ENSG00000108924,0,13810
ENSG00000108946,0,13811
ENSG00000108953,0,13812
ENSG00000109047,0,13813
ENSG00000109063,0,13814
ENSG00000109099,0,13815
ENSG00000109118,0,13816
ENSG00000109163,0,13817
ENSG00000109189,0,13818
ENSG00000109270,0,13819
ENSG00000109339,0,13820
ENSG00000109471,0,13821
ENSG00000109475,0,13822
ENSG00000109534,0,13823
ENSG00000109536,0,13824
ENSG00000109606,0,13825
ENSG00000109618,0,13826
ENSG00000109654,0,13827
ENSG00000109674,0,13828
ENSG00000109680,0,13829
ENSG00000109705,0,13830
ENSG00000109762,0,13831
ENSG00000109775,0,13832
ENSG00000109787,0,13833
ENSG00000109814,0,13834
ENSG00000109819,0,13835
ENSG00000109851,0,13836
ENSG00000109881,0,13837
ENSG00000109911,0,13838
ENSG00000109920,0,13839
ENSG00000109929,0,13840
ENSG00000109944,0,13841
ENSG00000110047,0,13842
ENSG00000110048,0,13843
ENSG00000110057,0,13844
ENSG00000110063,0,13845
ENSG00000110066,0,13846
ENSG00000110074,0,13847
ENSG00000110075,0,13848
ENSG00000110077,0,13849
ENSG00000110080,0,13850
ENSG00000110090,0,13851
ENSG00000110104,0,13852
ENSG00000110107,0,13853
ENSG00000110108,0,13854
ENSG00000110172,0,13855
ENSG00000110321,0,13856
ENSG00000110344,0,13857
ENSG00000110442,0,13858
ENSG00000110446,0,13859
ENSG00000110448,0,13860
ENSG00000110484,0,13861
ENSG00000110497,0,13862
ENSG00000110619,0,13863
ENSG00000110680,0,13864
ENSG00000110711,0,13865
ENSG00000110713,0,13866
ENSG00000110756,0,13867
ENSG00000110768,0,13868
ENSG00000110786,0,13869
ENSG00000110848,0,13870
ENSG00000110851,0,13871
ENSG00000110888,0,13872
ENSG00000110906,0,13873
ENSG00000110925,0,13874
ENSG00000110931,0,13875
ENSG00000111049,0,13876
ENSG00000111142,0,13877
ENSG00000111199,0,13878
ENSG00000111231,0,13879
ENSG00000111237,0,13880
ENSG00000111254,0,13881
ENSG00000111261,0,13882
ENSG00000111266,0,13883
ENSG00000111328,0,13884
ENSG00000111358,0,13885
ENSG00000111445,0,13886
ENSG00000111481,0,13887
ENSG00000111490,0,13888
ENSG00000111530,0,13889
ENSG00000111536,0,13890
ENSG00000111615,0,13891
ENSG00000111640,0,13892
ENSG00000111647,0,13893
ENSG00000111684,0,13894
ENSG00000111701,0,13895
ENSG00000111704,0,13896
ENSG00000111725,0,13897
ENSG00000111731,0,13898
ENSG00000111775,0,13899
ENSG00000111783,0,13900
ENSG00000111785,0,13901
ENSG00000111796,0,13902
ENSG00000111801,0,13903
ENSG00000111846,0,13904
ENSG00000111877,0,13905
ENSG00000111879,0,13906
ENSG00000111886,0,13907
ENSG00000111897,0,13908
ENSG00000111906,0,13909
ENSG00000111912,0,13910
ENSG00000112031,0,13911
ENSG00000112038,0,13912
ENSG00000112079,0,13913
ENSG00000112081,0,13914
ENSG00000112115,0,13915
ENSG00000112118,0,13916
ENSG00000112130,0,13917
ENSG00000112146,0,13918
ENSG00000112164,0,13919
ENSG00000112186,0,13920
ENSG00000112200,0,13921
ENSG00000112210,0,13922
ENSG00000112234,0,13923
ENSG00000112246,0,13924
ENSG00000112273,0,13925
ENSG00000112276,0,13926
ENSG00000112303,0,13927
ENSG00000112304,0,13928
ENSG00000112306,0,13929
ENSG00000112308,0,13930
ENSG00000112343,0,13931
ENSG00000112357,0,13932
ENSG00000112462,0,13933
ENSG00000112531,0,13934
ENSG00000112539,0,13935
ENSG00000112578,0,13936
ENSG00000112640,0,13937
ENSG00000112658,0,13938
ENSG00000112659,0,13939
ENSG00000112697,0,13940
ENSG00000112715,0,13941
ENSG00000112759,0,13942
ENSG00000112763,0,13943
ENSG00000112773,0,13944
ENSG00000112782,0,13945
ENSG00000112799,0,13946
ENSG00000112852,0,13947
ENSG00000112874,0,13948
ENSG00000112941,0,13949
ENSG00000112964,0,13950
ENSG00000112992,0,13951
ENSG00000113013,0,13952
ENSG00000113048,0,13953
ENSG00000113068,0,13954
ENSG00000113100,0,13955
ENSG00000113163,0,13956
ENSG00000113194,0,13957
ENSG00000113196,0,13958
ENSG00000113205,0,13959
ENSG00000113240,0,13960
ENSG00000113272,0,13961
ENSG00000113273,0,13962
ENSG00000113282,0,13963
ENSG00000113302,0,13964
ENSG00000113387,0,13965
ENSG00000113389,0,13966
ENSG00000113391,0,13967
ENSG00000113407,0,13968
ENSG00000113460,0,13969
ENSG00000113492,0,13970
ENSG00000113575,0,13971
ENSG00000113615,0,13972
ENSG00000113643,0,13973
ENSG00000113712,0,13974
ENSG00000113734,0,13975
ENSG00000113758,0,13976
ENSG00000113845,0,13977
ENSG00000113905,0,13978
ENSG00000114023,0,13979
ENSG00000114113,0,13980
ENSG00000114115,0,13981
ENSG00000114204,0,13982
ENSG00000114268,0,13983
ENSG00000114302,0,13984
ENSG00000114315,0,13985
ENSG00000114316,0,13986
ENSG00000114331,0,13987
ENSG00000114374,0,13988
ENSG00000114388,0,13989
ENSG00000114439,0,13990
ENSG00000114473,0,13991
ENSG00000114480,0,13992
ENSG00000114487,0,13993
ENSG00000114544,0,13994
ENSG00000114547,0,13995
ENSG00000114631,0,13996
ENSG00000114648,0,13997
ENSG00000114735,0,13998
ENSG00000114742,0,13999
ENSG00000114784,0,14000
ENSG00000114850,0,14001
ENSG00000114904,0,14002
ENSG00000114956,0,14003
ENSG00000114982,0,14004
ENSG00000114988,0,14005
ENSG00000115041,0,14006
ENSG00000115042,0,14007
ENSG00000115053,0,14008
ENSG00000115085,0,14009
ENSG00000115129,0,14010
ENSG00000115145,0,14011
ENSG00000115155,0,14012
ENSG00000115216,0,14013
ENSG00000115221,0,14014
ENSG00000115233,0,14015
ENSG00000115252,0,14016
ENSG00000115263,0,14017
ENSG00000115275,0,14018
ENSG00000115282,0,14019
ENSG00000115310,0,14020
ENSG00000115325,0,14021
ENSG00000115361,0,14022
ENSG00000115363,0,14023
ENSG00000115365,0,14024
ENSG00000115368,0,14025
ENSG00000115421,0,14026
ENSG00000115446,0,14027
ENSG00000115488,0,14028
ENSG00000115504,0,14029
ENSG00000115514,0,14030
ENSG00000115540,0,14031
ENSG00000115541,0,14032
ENSG00000115568,0,14033
ENSG00000115592,0,14034
ENSG00000115641,0,14035
ENSG00000115649,0,14036
ENSG00000115652,0,14037
ENSG00000115665,0,14038
ENSG00000115677,0,14039
ENSG00000115685,0,14040
ENSG00000115694,0,14041
ENSG00000115756,0,14042
ENSG00000115806,0,14043
ENSG00000115816,0,14044
ENSG00000115827,0,14045
ENSG00000115841,0,14046
ENSG00000115844,0,14047
ENSG00000115875,0,14048
ENSG00000115896,0,14049
ENSG00000115919,0,14050
ENSG00000115935,0,14051
ENSG00000115942,0,14052
ENSG00000115944,0,14053
ENSG00000115998,0,14054
ENSG00000116017,0,14055
ENSG00000116062,0,14056
ENSG00000116095,0,14057
ENSG00000116120,0,14058
ENSG00000116138,0,14059
ENSG00000116151,0,14060
ENSG00000116213,0,14061
ENSG00000116218,0,14062
ENSG00000116251,0,14063
ENSG00000116260,0,14064
ENSG00000116337,0,14065
ENSG00000116406,0,14066
ENSG00000116497,0,14067
ENSG00000116521,0,14068
ENSG00000116525,0,14069
ENSG00000116544,0,14070
ENSG00000116560,0,14071
ENSG00000116580,0,14072
ENSG00000116661,0,14073
ENSG00000116663,0,14074
ENSG00000116667,0,14075
ENSG00000116670,0,14076
ENSG00000116685,0,14077
ENSG00000116691,0,14078
ENSG00000116711,0,14079
ENSG00000116721,0,14080
ENSG00000116726,0,14081
ENSG00000116741,0,14082
ENSG00000116745,0,14083
ENSG00000116750,0,14084
ENSG00000116752,0,14085
ENSG00000116786,0,14086
ENSG00000116793,0,14087
ENSG00000116830,0,14088
ENSG00000116874,0,14089
ENSG00000116885,0,14090
ENSG00000116903,0,14091
ENSG00000116906,0,14092
ENSG00000116922,0,14093
ENSG00000116954,0,14094
ENSG00000116981,0,14095
ENSG00000116984,0,14096
ENSG00000116985,0,14097
ENSG00000116991,0,14098
ENSG00000116996,0,14099
ENSG00000117009,0,14100
ENSG00000117010,0,14101
ENSG00000117090,0,14102
ENSG00000117133,0,14103
ENSG00000117139,0,14104
ENSG00000117143,0,14105
ENSG00000117155,0,14106
ENSG00000117262,0,14107
ENSG00000117280,0,14108
ENSG00000117318,0,14109
ENSG00000117322,0,14110
ENSG00000117360,0,14111
ENSG00000117400,0,14112
ENSG00000117411,0,14113
ENSG00000117419,0,14114
ENSG00000117450,0,14115
ENSG00000117479,0,14116
ENSG00000117481,0,14117
ENSG00000117501,0,14118
ENSG00000117505,0,14119
ENSG00000117523,0,14120
ENSG00000117586,0,14121
ENSG00000117601,0,14122
ENSG00000117614,0,14123
ENSG00000117632,0,14124
ENSG00000117640,0,14125
ENSG00000117643,0,14126
ENSG00000117676,0,14127
ENSG00000117682,0,14128
ENSG00000117713,0,14129
ENSG00000117751,0,14130
ENSG00000117899,0,14131
ENSG00000117983,0,14132
ENSG00000118113,0,14133
ENSG00000118156,0,14134
ENSG00000118162,0,14135
ENSG00000118181,0,14136
ENSG00000118200,0,14137
ENSG00000118245,0,14138
ENSG00000118257,0,14139
ENSG00000118276,0,14140
ENSG00000118307,0,14141
ENSG00000118407,0,14142
ENSG00000118434,0,14143
ENSG00000118513,0,14144
ENSG00000118523,0,14145
ENSG00000118702,0,14146
ENSG00000118729,0,14147
ENSG00000118733,0,14148
ENSG00000118762,0,14149
ENSG00000118855,0,14150
ENSG00000118894,0,14151
ENSG00000118900,0,14152
ENSG00000118997,0,14153
ENSG00000119048,0,14154
ENSG00000119227,0,14155
ENSG00000119231,0,14156
ENSG00000119283,0,14157
ENSG00000119318,0,14158
ENSG00000119328,0,14159
ENSG00000119333,0,14160
ENSG00000119392,0,14161
ENSG00000119401,0,14162
ENSG00000119402,0,14163
ENSG00000119403,0,14164
ENSG00000119431,0,14165
ENSG00000119522,0,14166
ENSG00000119523,0,14167
ENSG00000119541,0,14168
ENSG00000119599,0,14169
ENSG00000119614,0,14170
ENSG00000119632,0,14171
ENSG00000119636,0,14172
ENSG00000119638,0,14173
ENSG00000119640,0,14174
ENSG00000119650,0,14175
ENSG00000119655,0,14176
ENSG00000119682,0,14177
ENSG00000119684,0,14178
ENSG00000119707,0,14179
ENSG00000119729,0,14180
ENSG00000119737,0,14181
ENSG00000119760,0,14182
ENSG00000119771,0,14183
ENSG00000119777,0,14184
ENSG00000119778,0,14185
ENSG00000119899,0,14186
ENSG00000119906,0,14187
ENSG00000119977,0,14188
ENSG00000119986,0,14189
ENSG00000120008,0,14190
ENSG00000120029,0,14191
ENSG00000120051,0,14192
ENSG00000120071,0,14193
ENSG00000120088,0,14194
ENSG00000120094,0,14195
ENSG00000120210,0,14196
ENSG00000120235,0,14197
ENSG00000120242,0,14198
ENSG00000120253,0,14199
ENSG00000120279,0,14200
ENSG00000120289,0,14201
ENSG00000120328,0,14202
ENSG00000120333,0,14203
ENSG00000120334,0,14204
ENSG00000120337,0,14205
ENSG00000120370,0,14206
ENSG00000120440,0,14207
ENSG00000120451,0,14208
ENSG00000120509,0,14209
ENSG00000120563,0,14210
ENSG00000120656,0,14211
ENSG00000120669,0,14212
ENSG00000120675,0,14213
ENSG00000120686,0,14214
ENSG00000120693,0,14215
ENSG00000120738,0,14216
ENSG00000120742,0,14217
ENSG00000120798,0,14218
ENSG00000120832,0,14219
ENSG00000120837,0,14220
ENSG00000120868,0,14221
ENSG00000120875,0,14222
ENSG00000120889,0,14223
ENSG00000120937,0,14224
ENSG00000120952,0,14225
ENSG00000121057,0,14226
ENSG00000121073,0,14227
ENSG00000121104,0,14228
ENSG00000121152,0,14229
ENSG00000121236,0,14230
ENSG00000121274,0,14231
ENSG00000121314,0,14232
ENSG00000121335,0,14233
ENSG00000121377,0,14234
ENSG00000121381,0,14235
ENSG00000121481,0,14236
ENSG00000121486,0,14237
ENSG00000121542,0,14238
ENSG00000121570,0,14239
ENSG00000121579,0,14240
ENSG00000121634,0,14241
ENSG00000121691,0,14242
ENSG00000121741,0,14243
ENSG00000121858,0,14244
ENSG00000121879,0,14245
ENSG00000121892,0,14246
ENSG00000121897,0,14247
ENSG00000121903,0,14248
ENSG00000121964,0,14249
ENSG00000121966,0,14250
ENSG00000122008,0,14251
ENSG00000122012,0,14252
ENSG00000122042,0,14253
ENSG00000122145,0,14254
ENSG00000122188,0,14255
ENSG00000122194,0,14256
ENSG00000122375,0,14257
ENSG00000122376,0,14258
ENSG00000122386,0,14259
ENSG00000122406,0,14260
ENSG00000122417,0,14261
ENSG00000122435,0,14262
ENSG00000122482,0,14263
ENSG00000122483,0,14264
ENSG00000122512,0,14265
ENSG00000122543,0,14266
ENSG00000122545,0,14267
ENSG00000122566,0,14268
ENSG00000122585,0,14269
ENSG00000122641,0,14270
ENSG00000122644,0,14271
ENSG00000122711,0,14272
ENSG00000122783,0,14273
ENSG00000122786,0,14274
ENSG00000122859,0,14275
ENSG00000122873,0,14276
ENSG00000122884,0,14277
ENSG00000122912,0,14278
ENSG00000122952,0,14279
ENSG00000123064,0,14280
ENSG00000123066,0,14281
ENSG00000123091,0,14282
ENSG00000123095,0,14283
ENSG00000123106,0,14284
ENSG00000123119,0,14285
ENSG00000123124,0,14286
ENSG00000123131,0,14287
ENSG00000123144,0,14288
ENSG00000123165,0,14289
ENSG00000123178,0,14290
ENSG00000123179,0,14291
ENSG00000123219,0,14292
ENSG00000123307,0,14293
ENSG00000123338,0,14294
ENSG00000123342,0,14295
ENSG00000123353,0,14296
ENSG00000123358,0,14297
ENSG00000123374,0,14298
ENSG00000123407,0,14299
ENSG00000123411,0,14300
ENSG00000123427,0,14301
ENSG00000123485,0,14302
ENSG00000123496,0,14303
ENSG00000123545,0,14304
ENSG00000123552,0,14305
ENSG00000123569,0,14306
ENSG00000123575,0,14307
ENSG00000123576,0,14308
ENSG00000123584,0,14309
ENSG00000123607,0,14310
ENSG00000123636,0,14311
ENSG00000123815,0,14312
ENSG00000123838,0,14313
ENSG00000123983,0,14314
ENSG00000123989,0,14315
ENSG00000124003,0,14316
ENSG00000124089,0,14317
ENSG00000124092,0,14318
ENSG00000124102,0,14319
ENSG00000124134,0,14320
ENSG00000124145,0,14321
ENSG00000124157,0,14322
ENSG00000124159,0,14323
ENSG00000124171,0,14324
ENSG00000124181,0,14325
ENSG00000124191,0,14326
ENSG00000124193,0,14327
ENSG00000124196,0,14328
ENSG00000124207,0,14329
ENSG00000124209,0,14330
ENSG00000124212,0,14331
ENSG00000124227,0,14332
ENSG00000124228,0,14333
ENSG00000124233,0,14334
ENSG00000124237,0,14335
ENSG00000124256,0,14336
ENSG00000124275,0,14337
ENSG00000124370,0,14338
ENSG00000124380,0,14339
ENSG00000124383,0,14340
ENSG00000124391,0,14341
ENSG00000124422,0,14342
ENSG00000124429,0,14343
ENSG00000124467,0,14344
ENSG00000124479,0,14345
ENSG00000124486,0,14346
ENSG00000124535,0,14347
ENSG00000124541,0,14348
ENSG00000124557,0,14349
ENSG00000124571,0,14350
ENSG00000124596,0,14351
ENSG00000124610,0,14352
ENSG00000124613,0,14353
ENSG00000124678,0,14354
ENSG00000124688,0,14355
ENSG00000124733,0,14356
ENSG00000124766,0,14357
ENSG00000124772,0,14358
ENSG00000124784,0,14359
ENSG00000124787,0,14360
ENSG00000124789,0,14361
ENSG00000124812,0,14362
ENSG00000124818,0,14363
ENSG00000124831,0,14364
ENSG00000124882,0,14365
ENSG00000124900,0,14366
ENSG00000124935,0,14367
ENSG00000125107,0,14368
ENSG00000125255,0,14369
ENSG00000125266,0,14370
ENSG00000125304,0,14371
ENSG00000125337,0,14372
ENSG00000125347,0,14373
ENSG00000125352,0,14374
ENSG00000125363,0,14375
ENSG00000125375,0,14376
ENSG00000125414,0,14377
ENSG00000125430,0,14378
ENSG00000125450,0,14379
ENSG00000125454,0,14380
ENSG00000125459,0,14381
ENSG00000125482,0,14382
ENSG00000125492,0,14383
ENSG00000125503,0,14384
ENSG00000125533,0,14385
ENSG00000125629,0,14386
ENSG00000125637,0,14387
ENSG00000125651,0,14388
ENSG00000125703,0,14389
ENSG00000125744,0,14390
ENSG00000125746,0,14391
ENSG00000125753,0,14392
ENSG00000125812,0,14393
ENSG00000125814,0,14394
ENSG00000125815,0,14395
ENSG00000125816,0,14396
ENSG00000125818,0,14397
ENSG00000125820,0,14398
ENSG00000125823,0,14399
ENSG00000125831,0,14400
ENSG00000125834,0,14401
ENSG00000125846,0,14402
ENSG00000125879,0,14403
ENSG00000125888,0,14404
ENSG00000125895,0,14405
ENSG00000125900,0,14406
ENSG00000125901,0,14407
ENSG00000125944,0,14408
ENSG00000125945,0,14409
ENSG00000125966,0,14410
ENSG00000125975,0,14411
ENSG00000125995,0,14412
ENSG00000126003,0,14413
ENSG00000126012,0,14414
ENSG00000126067,0,14415
ENSG00000126070,0,14416
ENSG00000126215,0,14417
ENSG00000126247,0,14418
ENSG00000126249,0,14419
ENSG00000126261,0,14420
ENSG00000126262,0,14421
ENSG00000126266,0,14422
ENSG00000126337,0,14423
ENSG00000126351,0,14424
ENSG00000126457,0,14425
ENSG00000126464,0,14426
ENSG00000126524,0,14427
ENSG00000126545,0,14428
ENSG00000126549,0,14429
ENSG00000126550,0,14430
ENSG00000126581,0,14431
ENSG00000126603,0,14432
ENSG00000126705,0,14433
ENSG00000126749,0,14434
ENSG00000126767,0,14435
ENSG00000126768,0,14436
ENSG00000126775,0,14437
ENSG00000126821,0,14438
ENSG00000126870,0,14439
ENSG00000126878,0,14440
ENSG00000126890,0,14441
ENSG00000126945,0,14442
ENSG00000126947,0,14443
ENSG00000127081,0,14444
ENSG00000127125,0,14445
ENSG00000127191,0,14446
ENSG00000127220,0,14447
ENSG00000127318,0,14448
ENSG00000127324,0,14449
ENSG00000127328,0,14450
ENSG00000127337,0,14451
ENSG00000127377,0,14452
ENSG00000127399,0,14453
ENSG00000127412,0,14454
ENSG00000127452,0,14455
ENSG00000127515,0,14456
ENSG00000127526,0,14457
ENSG00000127529,0,14458
ENSG00000127564,0,14459
ENSG00000127578,0,14460
ENSG00000127585,0,14461
ENSG00000127603,0,14462
ENSG00000127663,0,14463
ENSG00000127666,0,14464
ENSG00000127780,0,14465
ENSG00000127804,0,14466
ENSG00000127955,0,14467
ENSG00000127993,0,14468
ENSG00000127995,0,14469
ENSG00000128000,0,14470
ENSG00000128045,0,14471
ENSG00000128185,0,14472
ENSG00000128191,0,14473
ENSG00000128203,0,14474
ENSG00000128218,0,14475
ENSG00000128228,0,14476
ENSG00000128242,0,14477
ENSG00000128266,0,14478
ENSG00000128310,0,14479
ENSG00000128322,0,14480
ENSG00000128394,0,14481
ENSG00000128408,0,14482
ENSG00000128463,0,14483
ENSG00000128578,0,14484
ENSG00000128585,0,14485
ENSG00000128590,0,14486
ENSG00000128607,0,14487
ENSG00000128610,0,14488
ENSG00000128617,0,14489
ENSG00000128626,0,14490
ENSG00000128652,0,14491
ENSG00000128708,0,14492
ENSG00000128791,0,14493
ENSG00000128872,0,14494
ENSG00000128915,0,14495
ENSG00000129028,0,14496
ENSG00000129055,0,14497
ENSG00000129071,0,14498
ENSG00000129103,0,14499
ENSG00000129167,0,14500
ENSG00000129170,0,14501
ENSG00000129197,0,14502
ENSG00000129235,0,14503
ENSG00000129250,0,14504
ENSG00000129292,0,14505
ENSG00000129317,0,14506
ENSG00000129353,0,14507
ENSG00000129437,0,14508
ENSG00000129460,0,14509
ENSG00000129472,0,14510
ENSG00000129515,0,14511
ENSG00000129534,0,14512
ENSG00000129566,0,14513
ENSG00000129625,0,14514
ENSG00000129636,0,14515
ENSG00000129654,0,14516
ENSG00000129673,0,14517
ENSG00000129696,0,14518
ENSG00000129744,0,14519
ENSG00000129862,0,14520
ENSG00000129864,0,14521
ENSG00000129873,0,14522
ENSG00000129911,0,14523
ENSG00000130021,0,14524
ENSG00000130023,0,14525
ENSG00000130037,0,14526
ENSG00000130055,0,14527
ENSG00000130167,0,14528
ENSG00000130175,0,14529
ENSG00000130177,0,14530
ENSG00000130227,0,14531
ENSG00000130254,0,14532
ENSG00000130255,0,14533
ENSG00000130305,0,14534
ENSG00000130348,0,14535
ENSG00000130385,0,14536
ENSG00000130396,0,14537
ENSG00000130402,0,14538
ENSG00000130479,0,14539
ENSG00000130518,0,14540
ENSG00000130520,0,14541
ENSG00000130538,0,14542
ENSG00000130592,0,14543
ENSG00000130595,0,14544
ENSG00000130699,0,14545
ENSG00000130703,0,14546
ENSG00000130714,0,14547
ENSG00000130731,0,14548
ENSG00000130741,0,14549
ENSG00000130764,0,14550
ENSG00000130766,0,14551
ENSG00000130768,0,14552
ENSG00000130770,0,14553
ENSG00000130775,0,14554
ENSG00000130813,0,14555
ENSG00000130826,0,14556
ENSG00000130827,0,14557
ENSG00000130935,0,14558
ENSG00000130943,0,14559
ENSG00000130958,0,14560
ENSG00000130962,0,14561
ENSG00000130985,0,14562
ENSG00000131013,0,14563
ENSG00000131050,0,14564
ENSG00000131051,0,14565
ENSG00000131061,0,14566
ENSG00000131089,0,14567
ENSG00000131095,0,14568
ENSG00000131096,0,14569
ENSG00000131115,0,14570
ENSG00000131149,0,14571
ENSG00000131165,0,14572
ENSG00000131264,0,14573
ENSG00000131269,0,14574
ENSG00000131351,0,14575
ENSG00000131370,0,14576
ENSG00000131374,0,14577
ENSG00000131375,0,14578
ENSG00000131389,0,14579
ENSG00000131462,0,14580
ENSG00000131467,0,14581
ENSG00000131470,0,14582
ENSG00000131480,0,14583
ENSG00000131482,0,14584
ENSG00000131508,0,14585
ENSG00000131652,0,14586
ENSG00000131668,0,14587
ENSG00000131669,0,14588
ENSG00000131711,0,14589
ENSG00000131730,0,14590
ENSG00000131738,0,14591
ENSG00000131748,0,14592
ENSG00000131788,0,14593
ENSG00000131791,0,14594
ENSG00000131808,0,14595
ENSG00000131844,0,14596
ENSG00000131864,0,14597
ENSG00000131931,0,14598
ENSG00000131966,0,14599
ENSG00000131969,0,14600
ENSG00000131981,0,14601
ENSG00000132016,0,14602
ENSG00000132031,0,14603
ENSG00000132122,0,14604
ENSG00000132128,0,14605
ENSG00000132182,0,14606
ENSG00000132185,0,14607
ENSG00000132256,0,14608
ENSG00000132259,0,14609
ENSG00000132294,0,14610
ENSG00000132297,0,14611
ENSG00000132313,0,14612
ENSG00000132326,0,14613
ENSG00000132356,0,14614
ENSG00000132383,0,14615
ENSG00000132388,0,14616
ENSG00000132405,0,14617
ENSG00000132446,0,14618
ENSG00000132463,0,14619
ENSG00000132471,0,14620
ENSG00000132485,0,14621
ENSG00000132514,0,14622
ENSG00000132518,0,14623
ENSG00000132535,0,14624
ENSG00000132600,0,14625
ENSG00000132604,0,14626
ENSG00000132631,0,14627
ENSG00000132640,0,14628
ENSG00000132661,0,14629
ENSG00000132671,0,14630
ENSG00000132694,0,14631
ENSG00000132702,0,14632
ENSG00000132740,0,14633
ENSG00000132744,0,14634
ENSG00000132763,0,14635
ENSG00000132773,0,14636
ENSG00000132792,0,14637
ENSG00000132801,0,14638
ENSG00000132825,0,14639
ENSG00000132846,0,14640
ENSG00000132854,0,14641
ENSG00000132874,0,14642
ENSG00000132911,0,14643
ENSG00000132938,0,14644
ENSG00000132950,0,14645
ENSG00000132953,0,14646
ENSG00000132964,0,14647
ENSG00000132972,0,14648
ENSG00000133055,0,14649
ENSG00000133067,0,14650
ENSG00000133105,0,14651
ENSG00000133111,0,14652
ENSG00000133114,0,14653
ENSG00000133115,0,14654
ENSG00000133124,0,14655
ENSG00000133216,0,14656
ENSG00000133226,0,14657
ENSG00000133247,0,14658
ENSG00000133302,0,14659
ENSG00000133318,0,14660
ENSG00000133422,0,14661
ENSG00000133433,0,14662
ENSG00000133466,0,14663
ENSG00000133574,0,14664
ENSG00000133627,0,14665
ENSG00000133639,0,14666
ENSG00000133657,0,14667
ENSG00000133731,0,14668
ENSG00000133794,0,14669
ENSG00000133858,0,14670
ENSG00000133874,0,14671
ENSG00000133961,0,14672
ENSG00000134007,0,14673
ENSG00000134014,0,14674
ENSG00000134030,0,14675
ENSG00000134046,0,14676
ENSG00000134056,0,14677
ENSG00000134058,0,14678
ENSG00000134077,0,14679
ENSG00000134086,0,14680
ENSG00000134107,0,14681
ENSG00000134108,0,14682
ENSG00000134109,0,14683
ENSG00000134184,0,14684
ENSG00000134200,0,14685
ENSG00000134201,0,14686
ENSG00000134202,0,14687
ENSG00000134243,0,14688
ENSG00000134249,0,14689
ENSG00000134256,0,14690
ENSG00000134262,0,14691
ENSG00000134278,0,14692
ENSG00000134283,0,14693
ENSG00000134285,0,14694
ENSG00000134291,0,14695
ENSG00000134308,0,14696
ENSG00000134313,0,14697
ENSG00000134318,0,14698
ENSG00000134324,0,14699
ENSG00000134330,0,14700
ENSG00000134352,0,14701
ENSG00000134375,0,14702
ENSG00000134389,0,14703
ENSG00000134419,0,14704
ENSG00000134438,0,14705
ENSG00000134440,0,14706
ENSG00000134443,0,14707
ENSG00000134444,0,14708
ENSG00000134452,0,14709
ENSG00000134453,0,14710
ENSG00000134489,0,14711
ENSG00000134575,0,14712
ENSG00000134588,0,14713
ENSG00000134595,0,14714
ENSG00000134640,0,14715
ENSG00000134644,0,14716
ENSG00000134690,0,14717
ENSG00000134698,0,14718
ENSG00000134717,0,14719
ENSG00000134744,0,14720
ENSG00000134748,0,14721
ENSG00000134758,0,14722
ENSG00000134759,0,14723
ENSG00000134760,0,14724
ENSG00000134769,0,14725
ENSG00000134779,0,14726
ENSG00000134780,0,14727
ENSG00000134809,0,14728
ENSG00000134815,0,14729
ENSG00000134825,0,14730
ENSG00000134851,0,14731
ENSG00000134900,0,14732
ENSG00000134901,0,14733
ENSG00000134905,0,14734
ENSG00000134954,0,14735
ENSG00000135002,0,14736
ENSG00000135045,0,14737
ENSG00000135063,0,14738
ENSG00000135070,0,14739
ENSG00000135077,0,14740
ENSG00000135083,0,14741
ENSG00000135093,0,14742
ENSG00000135097,0,14743
ENSG00000135124,0,14744
ENSG00000135175,0,14745
ENSG00000135185,0,14746
ENSG00000135222,0,14747
ENSG00000135241,0,14748
ENSG00000135245,0,14749
ENSG00000135250,0,14750
ENSG00000135269,0,14751
ENSG00000135297,0,14752
ENSG00000135299,0,14753
ENSG00000135312,0,14754
ENSG00000135315,0,14755
ENSG00000135346,0,14756
ENSG00000135355,0,14757
ENSG00000135387,0,14758
ENSG00000135392,0,14759
ENSG00000135413,0,14760
ENSG00000135423,0,14761
ENSG00000135426,0,14762
ENSG00000135443,0,14763
ENSG00000135446,0,14764
ENSG00000135472,0,14765
ENSG00000135503,0,14766
ENSG00000135540,0,14767
ENSG00000135569,0,14768
ENSG00000135636,0,14769
ENSG00000135638,0,14770
ENSG00000135655,0,14771
ENSG00000135678,0,14772
ENSG00000135679,0,14773
ENSG00000135698,0,14774
ENSG00000135736,0,14775
ENSG00000135829,0,14776
ENSG00000135837,0,14777
ENSG00000135870,0,14778
ENSG00000135902,0,14779
ENSG00000135905,0,14780
ENSG00000135912,0,14781
ENSG00000135930,0,14782
ENSG00000135931,0,14783
ENSG00000135932,0,14784
ENSG00000135960,0,14785
ENSG00000135966,0,14786
ENSG00000135972,0,14787
ENSG00000135974,0,14788
ENSG00000136003,0,14789
ENSG00000136014,0,14790
ENSG00000136021,0,14791
ENSG00000136026,0,14792
ENSG00000136048,0,14793
ENSG00000136059,0,14794
ENSG00000136098,0,14795
ENSG00000136143,0,14796
ENSG00000136144,0,14797
ENSG00000136155,0,14798
ENSG00000136213,0,14799
ENSG00000136238,0,14800
ENSG00000136240,0,14801
ENSG00000136271,0,14802
ENSG00000136273,0,14803
ENSG00000136280,0,14804
ENSG00000136327,0,14805
ENSG00000136381,0,14806
ENSG00000136425,0,14807
ENSG00000136448,0,14808
ENSG00000136449,0,14809
ENSG00000136450,0,14810
ENSG00000136451,0,14811
ENSG00000136487,0,14812
ENSG00000136488,0,14813
ENSG00000136504,0,14814
ENSG00000136514,0,14815
ENSG00000136522,0,14816
ENSG00000136527,0,14817
ENSG00000136536,0,14818
ENSG00000136542,0,14819
ENSG00000136573,0,14820
ENSG00000136643,0,14821
ENSG00000136694,0,14822
ENSG00000136697,0,14823
ENSG00000136699,0,14824
ENSG00000136710,0,14825
ENSG00000136715,0,14826
ENSG00000136718,0,14827
ENSG00000136732,0,14828
ENSG00000136738,0,14829
ENSG00000136754,0,14830
ENSG00000136758,0,14831
ENSG00000136802,0,14832
ENSG00000136807,0,14833
ENSG00000136813,0,14834
ENSG00000136819,0,14835
ENSG00000136830,0,14836
ENSG00000136834,0,14837
ENSG00000136839,0,14838
ENSG00000136842,0,14839
ENSG00000136868,0,14840
ENSG00000136897,0,14841
ENSG00000136931,0,14842
ENSG00000136933,0,14843
ENSG00000136935,0,14844
ENSG00000136936,0,14845
ENSG00000136939,0,14846
ENSG00000137033,0,14847
ENSG00000137040,0,14848
ENSG00000137055,0,14849
ENSG00000137077,0,14850
ENSG00000137078,0,14851
ENSG00000137080,0,14852
ENSG00000137100,0,14853
ENSG00000137145,0,14854
ENSG00000137154,0,14855
ENSG00000137168,0,14856
ENSG00000137177,0,14857
ENSG00000137200,0,14858
ENSG00000137216,0,14859
ENSG00000137251,0,14860
ENSG00000137252,0,14861
ENSG00000137267,0,14862
ENSG00000137269,0,14863
ENSG00000137275,0,14864
ENSG00000137331,0,14865
ENSG00000137338,0,14866
ENSG00000137392,0,14867
ENSG00000137393,0,14868
ENSG00000137449,0,14869
ENSG00000137463,0,14870
ENSG00000137473,0,14871
ENSG00000137474,0,14872
ENSG00000137486,0,14873
ENSG00000137494,0,14874
ENSG00000137497,0,14875
ENSG00000137504,0,14876
ENSG00000137601,0,14877
ENSG00000137628,0,14878
ENSG00000137642,0,14879
ENSG00000137656,0,14880
ENSG00000137674,0,14881
ENSG00000137691,0,14882
ENSG00000137707,0,14883
ENSG00000137710,0,14884
ENSG00000137720,0,14885
ENSG00000137760,0,14886
ENSG00000137776,0,14887
ENSG00000137824,0,14888
ENSG00000137825,0,14889
ENSG00000137841,0,14890
ENSG00000137842,0,14891
ENSG00000137845,0,14892
ENSG00000137860,0,14893
ENSG00000137869,0,14894
ENSG00000137936,0,14895
ENSG00000137942,0,14896
ENSG00000137944,0,14897
ENSG00000137959,0,14898
ENSG00000137960,0,14899
ENSG00000137992,0,14900
ENSG00000137996,0,14901
ENSG00000138002,0,14902
ENSG00000138029,0,14903
ENSG00000138031,0,14904
ENSG00000138050,0,14905
ENSG00000138069,0,14906
ENSG00000138083,0,14907
ENSG00000138092,0,14908
ENSG00000138107,0,14909
ENSG00000138119,0,14910
ENSG00000138136,0,14911
ENSG00000138138,0,14912
ENSG00000138166,0,14913
ENSG00000138172,0,14914
ENSG00000138182,0,14915
ENSG00000138193,0,14916
ENSG00000138207,0,14917
ENSG00000138279,0,14918
ENSG00000138286,0,14919
ENSG00000138303,0,14920
ENSG00000138346,0,14921
ENSG00000138363,0,14922
ENSG00000138376,0,14923
ENSG00000138380,0,14924
ENSG00000138385,0,14925
ENSG00000138399,0,14926
ENSG00000138400,0,14927
ENSG00000138411,0,14928
ENSG00000138430,0,14929
ENSG00000138434,0,14930
ENSG00000138435,0,14931
ENSG00000138439,0,14932
ENSG00000138592,0,14933
ENSG00000138593,0,14934
ENSG00000138594,0,14935
ENSG00000138604,0,14936
ENSG00000138617,0,14937
ENSG00000138639,0,14938
ENSG00000138663,0,14939
ENSG00000138668,0,14940
ENSG00000138685,0,14941
ENSG00000138686,0,14942
ENSG00000138688,0,14943
ENSG00000138709,0,14944
ENSG00000138738,0,14945
ENSG00000138750,0,14946
ENSG00000138759,0,14947
ENSG00000138760,0,14948
ENSG00000138778,0,14949
ENSG00000138780,0,14950
ENSG00000138794,0,14951
ENSG00000138813,0,14952
ENSG00000138942,0,14953
ENSG00000139053,0,14954
ENSG00000139083,0,14955
ENSG00000139112,0,14956
ENSG00000139116,0,14957
ENSG00000139132,0,14958
ENSG00000139211,0,14959
ENSG00000139218,0,14960
ENSG00000139266,0,14961
ENSG00000139287,0,14962
ENSG00000139291,0,14963
ENSG00000139370,0,14964
ENSG00000139372,0,14965
ENSG00000139428,0,14966
ENSG00000139438,0,14967
ENSG00000139496,0,14968
ENSG00000139514,0,14969
ENSG00000139515,0,14970
ENSG00000139517,0,14971
ENSG00000139610,0,14972
ENSG00000139624,0,14973
ENSG00000139629,0,14974
ENSG00000139631,0,14975
ENSG00000139644,0,14976
ENSG00000139645,0,14977
ENSG00000139648,0,14978
ENSG00000139668,0,14979
ENSG00000139719,0,14980
ENSG00000139722,0,14981
ENSG00000139726,0,14982
ENSG00000139734,0,14983
ENSG00000139780,0,14984
ENSG00000139797,0,14985
ENSG00000139800,0,14986
ENSG00000139826,0,14987
ENSG00000139874,0,14988
ENSG00000139890,0,14989
ENSG00000139971,0,14990
ENSG00000139990,0,14991
ENSG00000140015,0,14992
ENSG00000140030,0,14993
ENSG00000140057,0,14994
ENSG00000140093,0,14995
ENSG00000140104,0,14996
ENSG00000140157,0,14997
ENSG00000140259,0,14998
ENSG00000140262,0,14999
ENSG00000140265,0,15000
ENSG00000140287,0,15001
ENSG00000140307,0,15002
ENSG00000140320,0,15003
ENSG00000140382,0,15004
ENSG00000140386,0,15005
ENSG00000140395,0,15006
ENSG00000140396,0,15007
ENSG00000140406,0,15008
ENSG00000140455,0,15009
ENSG00000140471,0,15010
ENSG00000140474,0,15011
ENSG00000140481,0,15012
ENSG00000140497,0,15013
ENSG00000140506,0,15014
ENSG00000140521,0,15015
ENSG00000140538,0,15016
ENSG00000140553,0,15017
ENSG00000140564,0,15018
ENSG00000140623,0,15019
ENSG00000140632,0,15020
ENSG00000140718,0,15021
ENSG00000140740,0,15022
ENSG00000140750,0,15023
ENSG00000140798,0,15024
ENSG00000140829,0,15025
ENSG00000140848,0,15026
ENSG00000140854,0,15027
ENSG00000140876,0,15028
ENSG00000140939,0,15029
ENSG00000140955,0,15030
ENSG00000141012,0,15031
ENSG00000141030,0,15032
ENSG00000141034,0,15033
ENSG00000141084,0,15034
ENSG00000141098,0,15035
ENSG00000141101,0,15036
ENSG00000141127,0,15037
ENSG00000141194,0,15038
ENSG00000141198,0,15039
ENSG00000141294,0,15040
ENSG00000141338,0,15041
ENSG00000141349,0,15042
ENSG00000141367,0,15043
ENSG00000141378,0,15044
ENSG00000141391,0,15045
ENSG00000141425,0,15046
ENSG00000141429,0,15047
ENSG00000141434,0,15048
ENSG00000141437,0,15049
ENSG00000141447,0,15050
ENSG00000141458,0,15051
ENSG00000141499,0,15052
ENSG00000141524,0,15053
ENSG00000141526,0,15054
ENSG00000141542,0,15055
ENSG00000141552,0,15056
ENSG00000141560,0,15057
ENSG00000141562,0,15058
ENSG00000141569,0,15059
ENSG00000141580,0,15060
ENSG00000141627,0,15061
ENSG00000141644,0,15062
ENSG00000141646,0,15063
ENSG00000141664,0,15064
ENSG00000141698,0,15065
ENSG00000141748,0,15066
ENSG00000141750,0,15067
ENSG00000141759,0,15068
ENSG00000141933,0,15069
ENSG00000141946,0,15070
ENSG00000142025,0,15071
ENSG00000142102,0,15072
ENSG00000142166,0,15073
ENSG00000142192,0,15074
ENSG00000142207,0,15075
ENSG00000142230,0,15076
ENSG00000142319,0,15077
ENSG00000142347,0,15078
ENSG00000142449,0,15079
ENSG00000142507,0,15080
ENSG00000142511,0,15081
ENSG00000142530,0,15082
ENSG00000142534,0,15083
ENSG00000142544,0,15084
ENSG00000142546,0,15085
ENSG00000142583,0,15086
ENSG00000142623,0,15087
ENSG00000142634,0,15088
ENSG00000142655,0,15089
ENSG00000142694,0,15090
ENSG00000142751,0,15091
ENSG00000142856,0,15092
ENSG00000143001,0,15093
ENSG00000143006,0,15094
ENSG00000143013,0,15095
ENSG00000143032,0,15096
ENSG00000143033,0,15097
ENSG00000143036,0,15098
ENSG00000143105,0,15099
ENSG00000143107,0,15100
ENSG00000143149,0,15101
ENSG00000143157,0,15102
ENSG00000143162,0,15103
ENSG00000143164,0,15104
ENSG00000143190,0,15105
ENSG00000143194,0,15106
ENSG00000143196,0,15107
ENSG00000143207,0,15108
ENSG00000143258,0,15109
ENSG00000143278,0,15110
ENSG00000143294,0,15111
ENSG00000143303,0,15112
ENSG00000143319,0,15113
ENSG00000143320,0,15114
ENSG00000143337,0,15115
ENSG00000143340,0,15116
ENSG00000143355,0,15117
ENSG00000143373,0,15118
ENSG00000143374,0,15119
ENSG00000143375,0,15120
ENSG00000143387,0,15121
ENSG00000143390,0,15122
ENSG00000143398,0,15123
ENSG00000143409,0,15124
ENSG00000143442,0,15125
ENSG00000143458,0,15126
ENSG00000143473,0,15127
ENSG00000143494,0,15128
ENSG00000143499,0,15129
ENSG00000143515,0,15130
ENSG00000143552,0,15131
ENSG00000143590,0,15132
ENSG00000143622,0,15133
ENSG00000143633,0,15134
ENSG00000143641,0,15135
ENSG00000143748,0,15136
ENSG00000143751,0,15137
ENSG00000143753,0,15138
ENSG00000143761,0,15139
ENSG00000143771,0,15140
ENSG00000143786,0,15141
ENSG00000143842,0,15142
ENSG00000143845,0,15143
ENSG00000143869,0,15144
ENSG00000143891,0,15145
ENSG00000143933,0,15146
ENSG00000143952,0,15147
ENSG00000143954,0,15148
ENSG00000143970,0,15149
ENSG00000144026,0,15150
ENSG00000144028,0,15151
ENSG00000144031,0,15152
ENSG00000144036,0,15153
ENSG00000144048,0,15154
ENSG00000144134,0,15155
ENSG00000144136,0,15156
ENSG00000144182,0,15157
ENSG00000144191,0,15158
ENSG00000144218,0,15159
ENSG00000144224,0,15160
ENSG00000144306,0,15161
ENSG00000144320,0,15162
ENSG00000144331,0,15163
ENSG00000144357,0,15164
ENSG00000144366,0,15165
ENSG00000144395,0,15166
ENSG00000144407,0,15167
ENSG00000144410,0,15168
ENSG00000144451,0,15169
ENSG00000144524,0,15170
ENSG00000144560,0,15171
ENSG00000144566,0,15172
ENSG00000144567,0,15173
ENSG00000144580,0,15174
ENSG00000144642,0,15175
ENSG00000144644,0,15176
ENSG00000144671,0,15177
ENSG00000144677,0,15178
ENSG00000144711,0,15179
ENSG00000144724,0,15180
ENSG00000144744,0,15181
ENSG00000144747,0,15182
ENSG00000144771,0,15183
ENSG00000144802,0,15184
ENSG00000144821,0,15185
ENSG00000144847,0,15186
ENSG00000144852,0,15187
ENSG00000144857,0,15188
ENSG00000144959,0,15189
ENSG00000145014,0,15190
ENSG00000145022,0,15191
ENSG00000145041,0,15192
ENSG00000145050,0,15193
ENSG00000145220,0,15194
ENSG00000145247,0,15195
ENSG00000145283,0,15196
ENSG00000145293,0,15197
ENSG00000145331,0,15198
ENSG00000145332,0,15199
ENSG00000145348,0,15200
ENSG00000145349,0,15201
ENSG00000145365,0,15202
ENSG00000145386,0,15203
ENSG00000145388,0,15204
ENSG00000145414,0,15205
ENSG00000145439,0,15206
ENSG00000145495,0,15207
ENSG00000145526,0,15208
ENSG00000145592,0,15209
ENSG00000145626,0,15210
ENSG00000145632,0,15211
ENSG00000145675,0,15212
ENSG00000145700,0,15213
ENSG00000145708,0,15214
ENSG00000145715,0,15215
ENSG00000145740,0,15216
ENSG00000145782,0,15217
ENSG00000145833,0,15218
ENSG00000145839,0,15219
ENSG00000145850,0,15220
ENSG00000145863,0,15221
ENSG00000145868,0,15222
ENSG00000145907,0,15223
ENSG00000145911,0,15224
ENSG00000145934,0,15225
ENSG00000146005,0,15226
ENSG00000146013,0,15227
ENSG00000146039,0,15228
ENSG00000146054,0,15229
ENSG00000146066,0,15230
ENSG00000146109,0,15231
ENSG00000146166,0,15232
ENSG00000146192,0,15233
ENSG00000146216,0,15234
ENSG00000146232,0,15235
ENSG00000146250,0,15236
ENSG00000146278,0,15237
ENSG00000146281,0,15238
ENSG00000146352,0,15239
ENSG00000146373,0,15240
ENSG00000146378,0,15241
ENSG00000146383,0,15242
ENSG00000146385,0,15243
ENSG00000146399,0,15244
ENSG00000146409,0,15245
ENSG00000146411,0,15246
ENSG00000146425,0,15247
ENSG00000146433,0,15248
ENSG00000146453,0,15249
ENSG00000146530,0,15250
ENSG00000146535,0,15251
ENSG00000146540,0,15252
ENSG00000146574,0,15253
ENSG00000146587,0,15254
ENSG00000146592,0,15255
ENSG00000146618,0,15256
ENSG00000146670,0,15257
ENSG00000146707,0,15258
ENSG00000146731,0,15259
ENSG00000146757,0,15260
ENSG00000146776,0,15261
ENSG00000146826,0,15262
ENSG00000146830,0,15263
ENSG00000146833,0,15264
ENSG00000146834,0,15265
ENSG00000146910,0,15266
ENSG00000146926,0,15267
ENSG00000146966,0,15268
ENSG00000147003,0,15269
ENSG00000147010,0,15270
ENSG00000147082,0,15271
ENSG00000147118,0,15272
ENSG00000147130,0,15273
ENSG00000147138,0,15274
ENSG00000147140,0,15275
ENSG00000147155,0,15276
ENSG00000147168,0,15277
ENSG00000147180,0,15278
ENSG00000147183,0,15279
ENSG00000147246,0,15280
ENSG00000147262,0,15281
ENSG00000147274,0,15282
ENSG00000147381,0,15283
ENSG00000147408,0,15284
ENSG00000147419,0,15285
ENSG00000147421,0,15286
ENSG00000147432,0,15287
ENSG00000147434,0,15288
ENSG00000147459,0,15289
ENSG00000147471,0,15290
ENSG00000147481,0,15291
ENSG00000147485,0,15292
ENSG00000147488,0,15293
ENSG00000147526,0,15294
ENSG00000147536,0,15295
ENSG00000147592,0,15296
ENSG00000147596,0,15297
ENSG00000147601,0,15298
ENSG00000147613,0,15299
ENSG00000147687,0,15300
ENSG00000147789,0,15301
ENSG00000147804,0,15302
ENSG00000147872,0,15303
ENSG00000147873,0,15304
ENSG00000147885,0,15305
ENSG00000147894,0,15306
ENSG00000147896,0,15307
ENSG00000147996,0,15308
ENSG00000148019,0,15309
ENSG00000148082,0,15310
ENSG00000148110,0,15311
ENSG00000148136,0,15312
ENSG00000148156,0,15313
ENSG00000148175,0,15314
ENSG00000148180,0,15315
ENSG00000148200,0,15316
ENSG00000148215,0,15317
ENSG00000148290,0,15318
ENSG00000148291,0,15319
ENSG00000148331,0,15320
ENSG00000148335,0,15321
ENSG00000148358,0,15322
ENSG00000148386,0,15323
ENSG00000148400,0,15324
ENSG00000148411,0,15325
ENSG00000148426,0,15326
ENSG00000148429,0,15327
ENSG00000148444,0,15328
ENSG00000148459,0,15329
ENSG00000148541,0,15330
ENSG00000148602,0,15331
ENSG00000148702,0,15332
ENSG00000148704,0,15333
ENSG00000148730,0,15334
ENSG00000148737,0,15335
ENSG00000148814,0,15336
ENSG00000148835,0,15337
ENSG00000148843,0,15338
ENSG00000148925,0,15339
ENSG00000148985,0,15340
ENSG00000149084,0,15341
ENSG00000149100,0,15342
ENSG00000149115,0,15343
ENSG00000149133,0,15344
ENSG00000149136,0,15345
ENSG00000149182,0,15346
ENSG00000149187,0,15347
ENSG00000149196,0,15348
ENSG00000149201,0,15349
ENSG00000149212,0,15350
ENSG00000149243,0,15351
ENSG00000149292,0,15352
ENSG00000149308,0,15353
ENSG00000149313,0,15354
ENSG00000149428,0,15355
ENSG00000149480,0,15356
ENSG00000149489,0,15357
ENSG00000149499,0,15358
ENSG00000149516,0,15359
ENSG00000149532,0,15360
ENSG00000149541,0,15361
ENSG00000149547,0,15362
ENSG00000149548,0,15363
ENSG00000149635,0,15364
ENSG00000149651,0,15365
ENSG00000149658,0,15366
ENSG00000149735,0,15367
ENSG00000149761,0,15368
ENSG00000149806,0,15369
ENSG00000149809,0,15370
ENSG00000149823,0,15371
ENSG00000150051,0,15372
ENSG00000150201,0,15373
ENSG00000150244,0,15374
ENSG00000150261,0,15375
ENSG00000150269,0,15376
ENSG00000150361,0,15377
ENSG00000150394,0,15378
ENSG00000150456,0,15379
ENSG00000150457,0,15380
ENSG00000150459,0,15381
ENSG00000150594,0,15382
ENSG00000150628,0,15383
ENSG00000150676,0,15384
ENSG00000150750,0,15385
ENSG00000150776,0,15386
ENSG00000150779,0,15387
ENSG00000150907,0,15388
ENSG00000150995,0,15389
ENSG00000151005,0,15390
ENSG00000151014,0,15391
ENSG00000151023,0,15392
ENSG00000151065,0,15393
ENSG00000151092,0,15394
ENSG00000151135,0,15395
ENSG00000151148,0,15396
ENSG00000151150,0,15397
ENSG00000151151,0,15398
ENSG00000151240,0,15399
ENSG00000151276,0,15400
ENSG00000151287,0,15401
ENSG00000151322,0,15402
ENSG00000151353,0,15403
ENSG00000151379,0,15404
ENSG00000151413,0,15405
ENSG00000151418,0,15406
ENSG00000151445,0,15407
ENSG00000151458,0,15408
ENSG00000151466,0,15409
ENSG00000151491,0,15410
ENSG00000151498,0,15411
ENSG00000151577,0,15412
ENSG00000151657,0,15413
ENSG00000151687,0,15414
ENSG00000151694,0,15415
ENSG00000151704,0,15416
ENSG00000151725,0,15417
ENSG00000151748,0,15418
ENSG00000151806,0,15419
ENSG00000151812,0,15420
ENSG00000151849,0,15421
ENSG00000151876,0,15422
ENSG00000151881,0,15423
ENSG00000151952,0,15424
ENSG00000152034,0,15425
ENSG00000152082,0,15426
ENSG00000152086,0,15427
ENSG00000152093,0,15428
ENSG00000152104,0,15429
ENSG00000152147,0,15430
ENSG00000152154,0,15431
ENSG00000152208,0,15432
ENSG00000152240,0,15433
ENSG00000152256,0,15434
ENSG00000152266,0,15435
ENSG00000152284,0,15436
ENSG00000152291,0,15437
ENSG00000152359,0,15438
ENSG00000152404,0,15439
ENSG00000152463,0,15440
ENSG00000152492,0,15441
ENSG00000152495,0,15442
ENSG00000152518,0,15443
ENSG00000152527,0,15444
ENSG00000152611,0,15445
ENSG00000152669,0,15446
ENSG00000152684,0,15447
ENSG00000152700,0,15448
ENSG00000152749,0,15449
ENSG00000152779,0,15450
ENSG00000152782,0,15451
ENSG00000152818,0,15452
ENSG00000152904,0,15453
ENSG00000152939,0,15454
ENSG00000152942,0,15455
ENSG00000152953,0,15456
ENSG00000153037,0,15457
ENSG00000153064,0,15458
ENSG00000153094,0,15459
ENSG00000153157,0,15460
ENSG00000153179,0,15461
ENSG00000153207,0,15462
ENSG00000153208,0,15463
ENSG00000153214,0,15464
ENSG00000153237,0,15465
ENSG00000153246,0,15466
ENSG00000153266,0,15467
ENSG00000153291,0,15468
ENSG00000153310,0,15469
ENSG00000153391,0,15470
ENSG00000153443,0,15471
ENSG00000153446,0,15472
ENSG00000153498,0,15473
ENSG00000153531,0,15474
ENSG00000153684,0,15475
ENSG00000153774,0,15476
ENSG00000153779,0,15477
ENSG00000153786,0,15478
ENSG00000153820,0,15479
ENSG00000153822,0,15480
ENSG00000153885,0,15481
ENSG00000153922,0,15482
ENSG00000153930,0,15483
ENSG00000153944,0,15484
ENSG00000154007,0,15485
ENSG00000154059,0,15486
ENSG00000154143,0,15487
ENSG00000154144,0,15488
ENSG00000154153,0,15489
ENSG00000154162,0,15490
ENSG00000154217,0,15491
ENSG00000154222,0,15492
ENSG00000154227,0,15493
ENSG00000154252,0,15494
ENSG00000154309,0,15495
ENSG00000154310,0,15496
ENSG00000154415,0,15497
ENSG00000154429,0,15498
ENSG00000154479,0,15499
ENSG00000154611,0,15500
ENSG00000154719,0,15501
ENSG00000154813,0,15502
ENSG00000154832,0,15503
ENSG00000154920,0,15504
ENSG00000154978,0,15505
ENSG00000154997,0,15506
ENSG00000155008,0,15507
ENSG00000155016,0,15508
ENSG00000155052,0,15509
ENSG00000155085,0,15510
ENSG00000155087,0,15511
ENSG00000155096,0,15512
ENSG00000155115,0,15513
ENSG00000155249,0,15514
ENSG00000155256,0,15515
ENSG00000155329,0,15516
ENSG00000155428,0,15517
ENSG00000155465,0,15518
ENSG00000155530,0,15519
ENSG00000155545,0,15520
ENSG00000155660,0,15521
ENSG00000155744,0,15522
ENSG00000155755,0,15523
ENSG00000155760,0,15524
ENSG00000155761,0,15525
ENSG00000155833,0,15526
ENSG00000155849,0,15527
ENSG00000155858,0,15528
ENSG00000155868,0,15529
ENSG00000155897,0,15530
ENSG00000155961,0,15531
ENSG00000155975,0,15532
ENSG00000155980,0,15533
ENSG00000156011,0,15534
ENSG00000156017,0,15535
ENSG00000156042,0,15536
ENSG00000156050,0,15537
ENSG00000156140,0,15538
ENSG00000156162,0,15539
ENSG00000156170,0,15540
ENSG00000156171,0,15541
ENSG00000156172,0,15542
ENSG00000156256,0,15543
ENSG00000156265,0,15544
ENSG00000156269,0,15545
ENSG00000156273,0,15546
ENSG00000156304,0,15547
ENSG00000156374,0,15548
ENSG00000156411,0,15549
ENSG00000156466,0,15550
ENSG00000156467,0,15551
ENSG00000156469,0,15552
ENSG00000156471,0,15553
ENSG00000156482,0,15554
ENSG00000156486,0,15555
ENSG00000156500,0,15556
ENSG00000156509,0,15557
ENSG00000156531,0,15558
ENSG00000156575,0,15559
ENSG00000156603,0,15560
ENSG00000156642,0,15561
ENSG00000156675,0,15562
ENSG00000156697,0,15563
ENSG00000156738,0,15564
ENSG00000156802,0,15565
ENSG00000156831,0,15566
ENSG00000156853,0,15567
ENSG00000156869,0,15568
ENSG00000156873,0,15569
ENSG00000156875,0,15570
ENSG00000156886,0,15571
ENSG00000156920,0,15572
ENSG00000156959,0,15573
ENSG00000156968,0,15574
ENSG00000157017,0,15575
ENSG00000157020,0,15576
ENSG00000157036,0,15577
ENSG00000157060,0,15578
ENSG00000157106,0,15579
ENSG00000157107,0,15580
ENSG00000157111,0,15581
ENSG00000157119,0,15582
ENSG00000157259,0,15583
ENSG00000157315,0,15584
ENSG00000157330,0,15585
ENSG00000157335,0,15586
ENSG00000157349,0,15587
ENSG00000157350,0,15588
ENSG00000157423,0,15589
ENSG00000157429,0,15590
ENSG00000157450,0,15591
ENSG00000157470,0,15592
ENSG00000157483,0,15593
ENSG00000157500,0,15594
ENSG00000157540,0,15595
ENSG00000157551,0,15596
ENSG00000157578,0,15597
ENSG00000157593,0,15598
ENSG00000157600,0,15599
ENSG00000157617,0,15600
ENSG00000157625,0,15601
ENSG00000157734,0,15602
ENSG00000157778,0,15603
ENSG00000157782,0,15604
ENSG00000157796,0,15605
ENSG00000157800,0,15606
ENSG00000157870,0,15607
ENSG00000157881,0,15608
ENSG00000157884,0,15609
ENSG00000157890,0,15610
ENSG00000157911,0,15611
ENSG00000157985,0,15612
ENSG00000158006,0,15613
ENSG00000158022,0,15614
ENSG00000158042,0,15615
ENSG00000158109,0,15616
ENSG00000158158,0,15617
ENSG00000158164,0,15618
ENSG00000158169,0,15619
ENSG00000158201,0,15620
ENSG00000158234,0,15621
ENSG00000158286,0,15622
ENSG00000158411,0,15623
ENSG00000158435,0,15624
ENSG00000158470,0,15625
ENSG00000158477,0,15626
ENSG00000158480,0,15627
ENSG00000158497,0,15628
ENSG00000158526,0,15629
ENSG00000158552,0,15630
ENSG00000158553,0,15631
ENSG00000158604,0,15632
ENSG00000158615,0,15633
ENSG00000158636,0,15634
ENSG00000158669,0,15635
ENSG00000158715,0,15636
ENSG00000158717,0,15637
ENSG00000158773,0,15638
ENSG00000158792,0,15639
ENSG00000158825,0,15640
ENSG00000158828,0,15641
ENSG00000158865,0,15642
ENSG00000158955,0,15643
ENSG00000159082,0,15644
ENSG00000159167,0,15645
ENSG00000159200,0,15646
ENSG00000159202,0,15647
ENSG00000159208,0,15648
ENSG00000159212,0,15649
ENSG00000159248,0,15650
ENSG00000159289,0,15651
ENSG00000159398,0,15652
ENSG00000159399,0,15653
ENSG00000159433,0,15654
ENSG00000159450,0,15655
ENSG00000159459,0,15656
ENSG00000159479,0,15657
ENSG00000159556,0,15658
ENSG00000159592,0,15659
ENSG00000159618,0,15660
ENSG00000159650,0,15661
ENSG00000159674,0,15662
ENSG00000159685,0,15663
ENSG00000159720,0,15664
ENSG00000159792,0,15665
ENSG00000159840,0,15666
ENSG00000159884,0,15667
ENSG00000159921,0,15668
ENSG00000160007,0,15669
ENSG00000160014,0,15670
ENSG00000160049,0,15671
ENSG00000160050,0,15672
ENSG00000160058,0,15673
ENSG00000160075,0,15674
ENSG00000160113,0,15675
ENSG00000160131,0,15676
ENSG00000160179,0,15677
ENSG00000160191,0,15678
ENSG00000160193,0,15679
ENSG00000160199,0,15680
ENSG00000160201,0,15681
ENSG00000160202,0,15682
ENSG00000160207,0,15683
ENSG00000160208,0,15684
ENSG00000160211,0,15685
ENSG00000160214,0,15686
ENSG00000160216,0,15687
ENSG00000160218,0,15688
ENSG00000160256,0,15689
ENSG00000160282,0,15690
ENSG00000160285,0,15691
ENSG00000160299,0,15692
ENSG00000160349,0,15693
ENSG00000160392,0,15694
ENSG00000160396,0,15695
ENSG00000160404,0,15696
ENSG00000160445,0,15697
ENSG00000160472,0,15698
ENSG00000160563,0,15699
ENSG00000160683,0,15700
ENSG00000160685,0,15701
ENSG00000160691,0,15702
ENSG00000160716,0,15703
ENSG00000160796,0,15704
ENSG00000160818,0,15705
ENSG00000160838,0,15706
ENSG00000160870,0,15707
ENSG00000160948,0,15708
ENSG00000160957,0,15709
ENSG00000160973,0,15710
ENSG00000160991,0,15711
ENSG00000160993,0,15712
ENSG00000161011,0,15713
ENSG00000161036,0,15714
ENSG00000161091,0,15715
ENSG00000161204,0,15716
ENSG00000161526,0,15717
ENSG00000161558,0,15718
ENSG00000161609,0,15719
ENSG00000161610,0,15720
ENSG00000161653,0,15721
ENSG00000161677,0,15722
ENSG00000161692,0,15723
ENSG00000161798,0,15724
ENSG00000161807,0,15725
ENSG00000161850,0,15726
ENSG00000161905,0,15727
ENSG00000161921,0,15728
ENSG00000161981,0,15729
ENSG00000161992,0,15730
ENSG00000161996,0,15731
ENSG00000162039,0,15732
ENSG00000162040,0,15733
ENSG00000162073,0,15734
ENSG00000162076,0,15735
ENSG00000162144,0,15736
ENSG00000162188,0,15737
ENSG00000162194,0,15738
ENSG00000162222,0,15739
ENSG00000162227,0,15740
ENSG00000162231,0,15741
ENSG00000162341,0,15742
ENSG00000162344,0,15743
ENSG00000162368,0,15744
ENSG00000162396,0,15745
ENSG00000162408,0,15746
ENSG00000162430,0,15747
ENSG00000162437,0,15748
ENSG00000162456,0,15749
ENSG00000162490,0,15750
ENSG00000162494,0,15751
ENSG00000162517,0,15752
ENSG00000162521,0,15753
ENSG00000162585,0,15754
ENSG00000162598,0,15755
ENSG00000162616,0,15756
ENSG00000162620,0,15757
ENSG00000162630,0,15758
ENSG00000162636,0,15759
ENSG00000162639,0,15760
ENSG00000162642,0,15761
ENSG00000162664,0,15762
ENSG00000162687,0,15763
ENSG00000162704,0,15764
ENSG00000162727,0,15765
ENSG00000162733,0,15766
ENSG00000162739,0,15767
ENSG00000162771,0,15768
ENSG00000162772,0,15769
ENSG00000162779,0,15770
ENSG00000162814,0,15771
ENSG00000162819,0,15772
ENSG00000162836,0,15773
ENSG00000162849,0,15774
ENSG00000162877,0,15775
ENSG00000162878,0,15776
ENSG00000162929,0,15777
ENSG00000162951,0,15778
ENSG00000162971,0,15779
ENSG00000162972,0,15780
ENSG00000162980,0,15781
ENSG00000162992,0,15782
ENSG00000162998,0,15783
ENSG00000162999,0,15784
ENSG00000163012,0,15785
ENSG00000163046,0,15786
ENSG00000163053,0,15787
ENSG00000163060,0,15788
ENSG00000163069,0,15789
ENSG00000163092,0,15790
ENSG00000163104,0,15791
ENSG00000163116,0,15792
ENSG00000163125,0,15793
ENSG00000163131,0,15794
ENSG00000163157,0,15795
ENSG00000163162,0,15796
ENSG00000163166,0,15797
ENSG00000163171,0,15798
ENSG00000163214,0,15799
ENSG00000163221,0,15800
ENSG00000163263,0,15801
ENSG00000163281,0,15802
ENSG00000163286,0,15803
ENSG00000163312,0,15804
ENSG00000163394,0,15805
ENSG00000163395,0,15806
ENSG00000163406,0,15807
ENSG00000163424,0,15808
ENSG00000163435,0,15809
ENSG00000163440,0,15810
ENSG00000163453,0,15811
ENSG00000163464,0,15812
ENSG00000163467,0,15813
ENSG00000163497,0,15814
ENSG00000163510,0,15815
ENSG00000163513,0,15816
ENSG00000163515,0,15817
ENSG00000163518,0,15818
ENSG00000163520,0,15819
ENSG00000163527,0,15820
ENSG00000163534,0,15821
ENSG00000163535,0,15822
ENSG00000163541,0,15823
ENSG00000163554,0,15824
ENSG00000163576,0,15825
ENSG00000163577,0,15826
ENSG00000163584,0,15827
ENSG00000163590,0,15828
ENSG00000163596,0,15829
ENSG00000163605,0,15830
ENSG00000163608,0,15831
ENSG00000163626,0,15832
ENSG00000163630,0,15833
ENSG00000163635,0,15834
ENSG00000163636,0,15835
ENSG00000163644,0,15836
ENSG00000163655,0,15837
ENSG00000163659,0,15838
ENSG00000163660,0,15839
ENSG00000163684,0,15840
ENSG00000163697,0,15841
ENSG00000163719,0,15842
ENSG00000163749,0,15843
ENSG00000163785,0,15844
ENSG00000163792,0,15845
ENSG00000163793,0,15846
ENSG00000163798,0,15847
ENSG00000163807,0,15848
ENSG00000163833,0,15849
ENSG00000163848,0,15850
ENSG00000163866,0,15851
ENSG00000163867,0,15852
ENSG00000163870,0,15853
ENSG00000163879,0,15854
ENSG00000163882,0,15855
ENSG00000163900,0,15856
ENSG00000163930,0,15857
ENSG00000163932,0,15858
ENSG00000163935,0,15859
ENSG00000163945,0,15860
ENSG00000163946,0,15861
ENSG00000163947,0,15862
ENSG00000163959,0,15863
ENSG00000163960,0,15864
ENSG00000163961,0,15865
ENSG00000163982,0,15866
ENSG00000164007,0,15867
ENSG00000164008,0,15868
ENSG00000164010,0,15869
ENSG00000164011,0,15870
ENSG00000164023,0,15871
ENSG00000164024,0,15872
ENSG00000164032,0,15873
ENSG00000164037,0,15874
ENSG00000164048,0,15875
ENSG00000164049,0,15876
ENSG00000164051,0,15877
ENSG00000164054,0,15878
ENSG00000164056,0,15879
ENSG00000164061,0,15880
ENSG00000164073,0,15881
ENSG00000164080,0,15882
ENSG00000164091,0,15883
ENSG00000164107,0,15884
ENSG00000164113,0,15885
ENSG00000164120,0,15886
ENSG00000164123,0,15887
ENSG00000164125,0,15888
ENSG00000164144,0,15889
ENSG00000164151,0,15890
ENSG00000164167,0,15891
ENSG00000164169,0,15892
ENSG00000164185,0,15893
ENSG00000164187,0,15894
ENSG00000164221,0,15895
ENSG00000164236,0,15896
ENSG00000164237,0,15897
ENSG00000164244,0,15898
ENSG00000164251,0,15899
ENSG00000164252,0,15900
ENSG00000164258,0,15901
ENSG00000164270,0,15902
ENSG00000164299,0,15903
ENSG00000164305,0,15904
ENSG00000164309,0,15905
ENSG00000164318,0,15906
ENSG00000164325,0,15907
ENSG00000164329,0,15908
ENSG00000164331,0,15909
ENSG00000164332,0,15910
ENSG00000164334,0,15911
ENSG00000164338,0,15912
ENSG00000164344,0,15913
ENSG00000164347,0,15914
ENSG00000164362,0,15915
ENSG00000164363,0,15916
ENSG00000164399,0,15917
ENSG00000164430,0,15918
ENSG00000164434,0,15919
ENSG00000164438,0,15920
ENSG00000164442,0,15921
ENSG00000164451,0,15922
ENSG00000164458,0,15923
ENSG00000164488,0,15924
ENSG00000164494,0,15925
ENSG00000164500,0,15926
ENSG00000164535,0,15927
ENSG00000164543,0,15928
ENSG00000164588,0,15929
ENSG00000164597,0,15930
ENSG00000164603,0,15931
ENSG00000164609,0,15932
ENSG00000164610,0,15933
ENSG00000164626,0,15934
ENSG00000164631,0,15935
ENSG00000164645,0,15936
ENSG00000164651,0,15937
ENSG00000164674,0,15938
ENSG00000164675,0,15939
ENSG00000164695,0,15940
ENSG00000164707,0,15941
ENSG00000164743,0,15942
ENSG00000164746,0,15943
ENSG00000164754,0,15944
ENSG00000164764,0,15945
ENSG00000164816,0,15946
ENSG00000164823,0,15947
ENSG00000164828,0,15948
ENSG00000164853,0,15949
ENSG00000164855,0,15950
ENSG00000164871,0,15951
ENSG00000164880,0,15952
ENSG00000164893,0,15953
ENSG00000164897,0,15954
ENSG00000164919,0,15955
ENSG00000164934,0,15956
ENSG00000164935,0,15957
ENSG00000164961,0,15958
ENSG00000164972,0,15959
ENSG00000164978,0,15960
ENSG00000164985,0,15961
ENSG00000164989,0,15962
ENSG00000165006,0,15963
ENSG00000165023,0,15964
ENSG00000165028,0,15965
ENSG00000165030,0,15966
ENSG00000165059,0,15967
ENSG00000165061,0,15968
ENSG00000165066,0,15969
ENSG00000165078,0,15970
ENSG00000165105,0,15971
ENSG00000165115,0,15972
ENSG00000165138,0,15973
ENSG00000165152,0,15974
ENSG00000165164,0,15975
ENSG00000165168,0,15976
ENSG00000165185,0,15977
ENSG00000165202,0,15978
ENSG00000165204,0,15979
ENSG00000165209,0,15980
ENSG00000165282,0,15981
ENSG00000165283,0,15982
ENSG00000165309,0,15983
ENSG00000165312,0,15984
ENSG00000165323,0,15985
ENSG00000165325,0,15986
ENSG00000165349,0,15987
ENSG00000165370,0,15988
ENSG00000165383,0,15989
ENSG00000165389,0,15990
ENSG00000165392,0,15991
ENSG00000165449,0,15992
ENSG00000165462,0,15993
ENSG00000165471,0,15994
ENSG00000165494,0,15995
ENSG00000165496,0,15996
ENSG00000165509,0,15997
ENSG00000165521,0,15998
ENSG00000165526,0,15999
ENSG00000165548,0,16000
ENSG00000165555,0,16001
ENSG00000165568,0,16002
ENSG00000165583,0,16003
ENSG00000165588,0,16004
ENSG00000165609,0,16005
ENSG00000165621,0,16006
ENSG00000165623,0,16007
ENSG00000165632,0,16008
ENSG00000165643,0,16009
ENSG00000165660,0,16010
ENSG00000165678,0,16011
ENSG00000165682,0,16012
ENSG00000165684,0,16013
ENSG00000165724,0,16014
ENSG00000165732,0,16015
ENSG00000165733,0,16016
ENSG00000165762,0,16017
ENSG00000165792,0,16018
ENSG00000165805,0,16019
ENSG00000165813,0,16020
ENSG00000165841,0,16021
ENSG00000165863,0,16022
ENSG00000165887,0,16023
ENSG00000165895,0,16024
ENSG00000165915,0,16025
ENSG00000165917,0,16026
ENSG00000165934,0,16027
ENSG00000165970,0,16028
ENSG00000165972,0,16029
ENSG00000165983,0,16030
ENSG00000165995,0,16031
ENSG00000165997,0,16032
ENSG00000166012,0,16033
ENSG00000166025,0,16034
ENSG00000166049,0,16035
ENSG00000166068,0,16036
ENSG00000166069,0,16037
ENSG00000166090,0,16038
ENSG00000166106,0,16039
ENSG00000166140,0,16040
ENSG00000166143,0,16041
ENSG00000166145,0,16042
ENSG00000166148,0,16043
ENSG00000166160,0,16044
ENSG00000166169,0,16045
ENSG00000166189,0,16046
ENSG00000166192,0,16047
ENSG00000166199,0,16048
ENSG00000166220,0,16049
ENSG00000166224,0,16050
ENSG00000166226,0,16051
ENSG00000166228,0,16052
ENSG00000166266,0,16053
ENSG00000166268,0,16054
ENSG00000166289,0,16055
ENSG00000166295,0,16056
ENSG00000166317,0,16057
ENSG00000166321,0,16058
ENSG00000166329,0,16059
ENSG00000166343,0,16060
ENSG00000166349,0,16061
ENSG00000166351,0,16062
ENSG00000166363,0,16063
ENSG00000166368,0,16064
ENSG00000166387,0,16065
ENSG00000166402,0,16066
ENSG00000166426,0,16067
ENSG00000166432,0,16068
ENSG00000166435,0,16069
ENSG00000166436,0,16070
ENSG00000166439,0,16071
ENSG00000166454,0,16072
ENSG00000166477,0,16073
ENSG00000166479,0,16074
ENSG00000166523,0,16075
ENSG00000166527,0,16076
ENSG00000166558,0,16077
ENSG00000166573,0,16078
ENSG00000166575,0,16079
ENSG00000166603,0,16080
ENSG00000166634,0,16081
ENSG00000166669,0,16082
ENSG00000166685,0,16083
ENSG00000166704,0,16084
ENSG00000166783,0,16085
ENSG00000166800,0,16086
ENSG00000166819,0,16087
ENSG00000166839,0,16088
ENSG00000166845,0,16089
ENSG00000166856,0,16090
ENSG00000166860,0,16091
ENSG00000166862,0,16092
ENSG00000166863,0,16093
ENSG00000166881,0,16094
ENSG00000166884,0,16095
ENSG00000166887,0,16096
ENSG00000166888,0,16097
ENSG00000166896,0,16098
ENSG00000166908,0,16099
ENSG00000166913,0,16100
ENSG00000166925,0,16101
ENSG00000166928,0,16102
ENSG00000166948,0,16103
ENSG00000166949,0,16104
ENSG00000166960,0,16105
ENSG00000166987,0,16106
ENSG00000167011,0,16107
ENSG00000167074,0,16108
ENSG00000167080,0,16109
ENSG00000167088,0,16110
ENSG00000167098,0,16111
ENSG00000167104,0,16112
ENSG00000167105,0,16113
ENSG00000167106,0,16114
ENSG00000167130,0,16115
ENSG00000167139,0,16116
ENSG00000167173,0,16117
ENSG00000167194,0,16118
ENSG00000167195,0,16119
ENSG00000167232,0,16120
ENSG00000167286,0,16121
ENSG00000167315,0,16122
ENSG00000167359,0,16123
ENSG00000167371,0,16124
ENSG00000167414,0,16125
ENSG00000167419,0,16126
ENSG00000167468,0,16127
ENSG00000167470,0,16128
ENSG00000167483,0,16129
ENSG00000167515,0,16130
ENSG00000167525,0,16131
ENSG00000167531,0,16132
ENSG00000167552,0,16133
ENSG00000167555,0,16134
ENSG00000167565,0,16135
ENSG00000167612,0,16136
ENSG00000167615,0,16137
ENSG00000167646,0,16138
ENSG00000167657,0,16139
ENSG00000167680,0,16140
ENSG00000167699,0,16141
ENSG00000167700,0,16142
ENSG00000167702,0,16143
ENSG00000167703,0,16144
ENSG00000167716,0,16145
ENSG00000167759,0,16146
ENSG00000167775,0,16147
ENSG00000167822,0,16148
ENSG00000167825,0,16149
ENSG00000167840,0,16150
ENSG00000167851,0,16151
ENSG00000167862,0,16152
ENSG00000167881,0,16153
ENSG00000167916,0,16154
ENSG00000167964,0,16155
ENSG00000167965,0,16156
ENSG00000167971,0,16157
ENSG00000167994,0,16158
ENSG00000168002,0,16159
ENSG00000168003,0,16160
ENSG00000168004,0,16161
ENSG00000168010,0,16162
ENSG00000168014,0,16163
ENSG00000168061,0,16164
ENSG00000168070,0,16165
ENSG00000168079,0,16166
ENSG00000168081,0,16167
ENSG00000168131,0,16168
ENSG00000168137,0,16169
ENSG00000168158,0,16170
ENSG00000168172,0,16171
ENSG00000168228,0,16172
ENSG00000168246,0,16173
ENSG00000168256,0,16174
ENSG00000168263,0,16175
ENSG00000168269,0,16176
ENSG00000168286,0,16177
ENSG00000168288,0,16178
ENSG00000168303,0,16179
ENSG00000168310,0,16180
ENSG00000168329,0,16181
ENSG00000168333,0,16182
ENSG00000168334,0,16183
ENSG00000168348,0,16184
ENSG00000168356,0,16185
ENSG00000168386,0,16186
ENSG00000168394,0,16187
ENSG00000168397,0,16188
ENSG00000168418,0,16189
ENSG00000168434,0,16190
ENSG00000168491,0,16191
ENSG00000168497,0,16192
ENSG00000168502,0,16193
ENSG00000168505,0,16194
ENSG00000168515,0,16195
ENSG00000168530,0,16196
ENSG00000168538,0,16197
ENSG00000168564,0,16198
ENSG00000168566,0,16199
ENSG00000168569,0,16200
ENSG00000168589,0,16201
ENSG00000168615,0,16202
ENSG00000168619,0,16203
ENSG00000168621,0,16204
ENSG00000168634,0,16205
ENSG00000168679,0,16206
ENSG00000168748,0,16207
ENSG00000168754,0,16208
ENSG00000168757,0,16209
ENSG00000168792,0,16210
ENSG00000168803,0,16211
ENSG00000168813,0,16212
ENSG00000168824,0,16213
ENSG00000168826,0,16214
ENSG00000168827,0,16215
ENSG00000168828,0,16216
ENSG00000168830,0,16217
ENSG00000168875,0,16218
ENSG00000168876,0,16219
ENSG00000168903,0,16220
ENSG00000168906,0,16221
ENSG00000168916,0,16222
ENSG00000168917,0,16223
ENSG00000168924,0,16224
ENSG00000168925,0,16225
ENSG00000168928,0,16226
ENSG00000168930,0,16227
ENSG00000168939,0,16228
ENSG00000168995,0,16229
ENSG00000169018,0,16230
ENSG00000169032,0,16231
ENSG00000169057,0,16232
ENSG00000169154,0,16233
ENSG00000169155,0,16234
ENSG00000169180,0,16235
ENSG00000169189,0,16236
ENSG00000169193,0,16237
ENSG00000169194,0,16238
ENSG00000169208,0,16239
ENSG00000169214,0,16240
ENSG00000169248,0,16241
ENSG00000169249,0,16242
ENSG00000169271,0,16243
ENSG00000169327,0,16244
ENSG00000169340,0,16245
ENSG00000169344,0,16246
ENSG00000169371,0,16247
ENSG00000169375,0,16248
ENSG00000169393,0,16249
ENSG00000169410,0,16250
ENSG00000169432,0,16251
ENSG00000169442,0,16252
ENSG00000169488,0,16253
ENSG00000169495,0,16254
ENSG00000169504,0,16255
ENSG00000169575,0,16256
ENSG00000169598,0,16257
ENSG00000169599,0,16258
ENSG00000169604,0,16259
ENSG00000169605,0,16260
ENSG00000169612,0,16261
ENSG00000169635,0,16262
ENSG00000169641,0,16263
ENSG00000169683,0,16264
ENSG00000169688,0,16265
ENSG00000169710,0,16266
ENSG00000169717,0,16267
ENSG00000169777,0,16268
ENSG00000169800,0,16269
ENSG00000169840,0,16270
ENSG00000169857,0,16271
ENSG00000169877,0,16272
ENSG00000169884,0,16273
ENSG00000169885,0,16274
ENSG00000169894,0,16275
ENSG00000169905,0,16276
ENSG00000169918,0,16277
ENSG00000169951,0,16278
ENSG00000169953,0,16279
ENSG00000169962,0,16280
ENSG00000169989,0,16281
ENSG00000169994,0,16282
ENSG00000170004,0,16283
ENSG00000170035,0,16284
ENSG00000170044,0,16285
ENSG00000170085,0,16286
ENSG00000170088,0,16287
ENSG00000170100,0,16288
ENSG00000170122,0,16289
ENSG00000170128,0,16290
ENSG00000170175,0,16291
ENSG00000170185,0,16292
ENSG00000170209,0,16293
ENSG00000170214,0,16294
ENSG00000170222,0,16295
ENSG00000170234,0,16296
ENSG00000170255,0,16297
ENSG00000170264,0,16298
ENSG00000170265,0,16299
ENSG00000170271,0,16300
ENSG00000170279,0,16301
ENSG00000170290,0,16302
ENSG00000170293,0,16303
ENSG00000170310,0,16304
ENSG00000170324,0,16305
ENSG00000170345,0,16306
ENSG00000170367,0,16307
ENSG00000170369,0,16308
ENSG00000170374,0,16309
ENSG00000170379,0,16310
ENSG00000170385,0,16311
ENSG00000170425,0,16312
ENSG00000170442,0,16313
ENSG00000170445,0,16314
ENSG00000170448,0,16315
ENSG00000170476,0,16316
ENSG00000170485,0,16317
ENSG00000170486,0,16318
ENSG00000170522,0,16319
ENSG00000170525,0,16320
ENSG00000170561,0,16321
ENSG00000170604,0,16322
ENSG00000170605,0,16323
ENSG00000170606,0,16324
ENSG00000170613,0,16325
ENSG00000170627,0,16326
ENSG00000170634,0,16327
ENSG00000170667,0,16328
ENSG00000170677,0,16329
ENSG00000170683,0,16330
ENSG00000170748,0,16331
ENSG00000170777,0,16332
ENSG00000170820,0,16333
ENSG00000170836,0,16334
ENSG00000170848,0,16335
ENSG00000170854,0,16336
ENSG00000170860,0,16337
ENSG00000170892,0,16338
ENSG00000170893,0,16339
ENSG00000170903,0,16340
ENSG00000170920,0,16341
ENSG00000170923,0,16342
ENSG00000170927,0,16343
ENSG00000170929,0,16344
ENSG00000170946,0,16345
ENSG00000170948,0,16346
ENSG00000170953,0,16347
ENSG00000170961,0,16348
ENSG00000171004,0,16349
ENSG00000171014,0,16350
ENSG00000171044,0,16351
ENSG00000171051,0,16352
ENSG00000171053,0,16353
ENSG00000171054,0,16354
ENSG00000171060,0,16355
ENSG00000171067,0,16356
ENSG00000171102,0,16357
ENSG00000171103,0,16358
ENSG00000171109,0,16359
ENSG00000171133,0,16360
ENSG00000171135,0,16361
ENSG00000171136,0,16362
ENSG00000171148,0,16363
ENSG00000171155,0,16364
ENSG00000171163,0,16365
ENSG00000171169,0,16366
ENSG00000171180,0,16367
ENSG00000171189,0,16368
ENSG00000171195,0,16369
ENSG00000171199,0,16370
ENSG00000171201,0,16371
ENSG00000171206,0,16372
ENSG00000171209,0,16373
ENSG00000171217,0,16374
ENSG00000171222,0,16375
ENSG00000171227,0,16376
ENSG00000171243,0,16377
ENSG00000171246,0,16378
ENSG00000171298,0,16379
ENSG00000171307,0,16380
ENSG00000171396,0,16381
ENSG00000171402,0,16382
ENSG00000171405,0,16383
ENSG00000171421,0,16384
ENSG00000171428,0,16385
ENSG00000171431,0,16386
ENSG00000171435,0,16387
ENSG00000171459,0,16388
ENSG00000171467,0,16389
ENSG00000171481,0,16390
ENSG00000171487,0,16391
ENSG00000171489,0,16392
ENSG00000171495,0,16393
ENSG00000171496,0,16394
ENSG00000171497,0,16395
ENSG00000171501,0,16396
ENSG00000171505,0,16397
ENSG00000171530,0,16398
ENSG00000171561,0,16399
ENSG00000171574,0,16400
ENSG00000171634,0,16401
ENSG00000171711,0,16402
ENSG00000171720,0,16403
ENSG00000171729,0,16404
ENSG00000171735,0,16405
ENSG00000171786,0,16406
ENSG00000171791,0,16407
ENSG00000171792,0,16408
ENSG00000171793,0,16409
ENSG00000171794,0,16410
ENSG00000171811,0,16411
ENSG00000171812,0,16412
ENSG00000171813,0,16413
ENSG00000171817,0,16414
ENSG00000171819,0,16415
ENSG00000171824,0,16416
ENSG00000171855,0,16417
ENSG00000171863,0,16418
ENSG00000171864,0,16419
ENSG00000171936,0,16420
ENSG00000171944,0,16421
ENSG00000171984,0,16422
ENSG00000172000,0,16423
ENSG00000172007,0,16424
ENSG00000172009,0,16425
ENSG00000172016,0,16426
ENSG00000172046,0,16427
ENSG00000172073,0,16428
ENSG00000172116,0,16429
ENSG00000172123,0,16430
ENSG00000172146,0,16431
ENSG00000172150,0,16432
ENSG00000172154,0,16433
ENSG00000172155,0,16434
ENSG00000172164,0,16435
ENSG00000172175,0,16436
ENSG00000172188,0,16437
ENSG00000172199,0,16438
ENSG00000172201,0,16439
ENSG00000172238,0,16440
ENSG00000172244,0,16441
ENSG00000172262,0,16442
ENSG00000172269,0,16443
ENSG00000172273,0,16444
ENSG00000172288,0,16445
ENSG00000172289,0,16446
ENSG00000172292,0,16447
ENSG00000172320,0,16448
ENSG00000172322,0,16449
ENSG00000172324,0,16450
ENSG00000172352,0,16451
ENSG00000172361,0,16452
ENSG00000172362,0,16453
ENSG00000172365,0,16454
ENSG00000172377,0,16455
ENSG00000172380,0,16456
ENSG00000172399,0,16457
ENSG00000172410,0,16458
ENSG00000172428,0,16459
ENSG00000172457,0,16460
ENSG00000172459,0,16461
ENSG00000172461,0,16462
ENSG00000172464,0,16463
ENSG00000172466,0,16464
ENSG00000172469,0,16465
ENSG00000172482,0,16466
ENSG00000172487,0,16467
ENSG00000172489,0,16468
ENSG00000172519,0,16469
ENSG00000172538,0,16470
ENSG00000172551,0,16471
ENSG00000172590,0,16472
ENSG00000172602,0,16473
ENSG00000172640,0,16474
ENSG00000172661,0,16475
ENSG00000172671,0,16476
ENSG00000172680,0,16477
ENSG00000172687,0,16478
ENSG00000172689,0,16479
ENSG00000172733,0,16480
ENSG00000172738,0,16481
ENSG00000172742,0,16482
ENSG00000172765,0,16483
ENSG00000172766,0,16484
ENSG00000172769,0,16485
ENSG00000172772,0,16486
ENSG00000172803,0,16487
ENSG00000172824,0,16488
ENSG00000172830,0,16489
ENSG00000172845,0,16490
ENSG00000172922,0,16491
ENSG00000172927,0,16492
ENSG00000172967,0,16493
ENSG00000172969,0,16494
ENSG00000172977,0,16495
ENSG00000173039,0,16496
ENSG00000173065,0,16497
ENSG00000173080,0,16498
ENSG00000173093,0,16499
ENSG00000173113,0,16500
ENSG00000173124,0,16501
ENSG00000173137,0,16502
ENSG00000173145,0,16503
ENSG00000173153,0,16504
ENSG00000173198,0,16505
ENSG00000173208,0,16506
ENSG00000173210,0,16507
ENSG00000173221,0,16508
ENSG00000173226,0,16509
ENSG00000173250,0,16510
ENSG00000173262,0,16511
ENSG00000173272,0,16512
ENSG00000173276,0,16513
ENSG00000173285,0,16514
ENSG00000173302,0,16515
ENSG00000173335,0,16516
ENSG00000173369,0,16517
ENSG00000173389,0,16518
ENSG00000173401,0,16519
ENSG00000173442,0,16520
ENSG00000173451,0,16521
ENSG00000173452,0,16522
ENSG00000173465,0,16523
ENSG00000173467,0,16524
ENSG00000173473,0,16525
ENSG00000173482,0,16526
ENSG00000173511,0,16527
ENSG00000173542,0,16528
ENSG00000173572,0,16529
ENSG00000173581,0,16530
ENSG00000173585,0,16531
ENSG00000173588,0,16532
ENSG00000173611,0,16533
ENSG00000173653,0,16534
ENSG00000173673,0,16535
ENSG00000173679,0,16536
ENSG00000173699,0,16537
ENSG00000173702,0,16538
ENSG00000173714,0,16539
ENSG00000173726,0,16540
ENSG00000173769,0,16541
ENSG00000173818,0,16542
ENSG00000173848,0,16543
ENSG00000173852,0,16544
ENSG00000173875,0,16545
ENSG00000173889,0,16546
ENSG00000173908,0,16547
ENSG00000173915,0,16548
ENSG00000173917,0,16549
ENSG00000173933,0,16550
ENSG00000173960,0,16551
ENSG00000173976,0,16552
ENSG00000174007,0,16553
ENSG00000174010,0,16554
ENSG00000174016,0,16555
ENSG00000174099,0,16556
ENSG00000174109,0,16557
ENSG00000174145,0,16558
ENSG00000174165,0,16559
ENSG00000174173,0,16560
ENSG00000174177,0,16561
ENSG00000174225,0,16562
ENSG00000174231,0,16563
ENSG00000174276,0,16564
ENSG00000174279,0,16565
ENSG00000174339,0,16566
ENSG00000174348,0,16567
ENSG00000174417,0,16568
ENSG00000174429,0,16569
ENSG00000174437,0,16570
ENSG00000174446,0,16571
ENSG00000174450,0,16572
ENSG00000174460,0,16573
ENSG00000174482,0,16574
ENSG00000174485,0,16575
ENSG00000174501,0,16576
ENSG00000174527,0,16577
ENSG00000174529,0,16578
ENSG00000174574,0,16579
ENSG00000174599,0,16580
ENSG00000174611,0,16581
ENSG00000174667,0,16582
ENSG00000174672,0,16583
ENSG00000174720,0,16584
ENSG00000174738,0,16585
ENSG00000174744,0,16586
ENSG00000174749,0,16587
ENSG00000174775,0,16588
ENSG00000174780,0,16589
ENSG00000174788,0,16590
ENSG00000174842,0,16591
ENSG00000174903,0,16592
ENSG00000174914,0,16593
ENSG00000174917,0,16594
ENSG00000174937,0,16595
ENSG00000174943,0,16596
ENSG00000174945,0,16597
ENSG00000174957,0,16598
ENSG00000174970,0,16599
ENSG00000174982,0,16600
ENSG00000174989,0,16601
ENSG00000174996,0,16602
ENSG00000175077,0,16603
ENSG00000175104,0,16604
ENSG00000175110,0,16605
ENSG00000175130,0,16606
ENSG00000175143,0,16607
ENSG00000175166,0,16608
ENSG00000175183,0,16609
ENSG00000175213,0,16610
ENSG00000175216,0,16611
ENSG00000175220,0,16612
ENSG00000175221,0,16613
ENSG00000175294,0,16614
ENSG00000175305,0,16615
ENSG00000175309,0,16616
ENSG00000175325,0,16617
ENSG00000175348,0,16618
ENSG00000175354,0,16619
ENSG00000175398,0,16620
ENSG00000175449,0,16621
ENSG00000175485,0,16622
ENSG00000175489,0,16623
ENSG00000175520,0,16624
ENSG00000175535,0,16625
ENSG00000175538,0,16626
ENSG00000175544,0,16627
ENSG00000175548,0,16628
ENSG00000175575,0,16629
ENSG00000175592,0,16630
ENSG00000175606,0,16631
ENSG00000175619,0,16632
ENSG00000175646,0,16633
ENSG00000175664,0,16634
ENSG00000175711,0,16635
ENSG00000175727,0,16636
ENSG00000175766,0,16637
ENSG00000175785,0,16638
ENSG00000175792,0,16639
ENSG00000175809,0,16640
ENSG00000175832,0,16641
ENSG00000175854,0,16642
ENSG00000175894,0,16643
ENSG00000175906,0,16644
ENSG00000175920,0,16645
ENSG00000175938,0,16646
ENSG00000175946,0,16647
ENSG00000175970,0,16648
ENSG00000176018,0,16649
ENSG00000176029,0,16650
ENSG00000176040,0,16651
ENSG00000176049,0,16652
ENSG00000176102,0,16653
ENSG00000176105,0,16654
ENSG00000176155,0,16655
ENSG00000176177,0,16656
ENSG00000176198,0,16657
ENSG00000176200,0,16658
ENSG00000176204,0,16659
ENSG00000176208,0,16660
ENSG00000176219,0,16661
ENSG00000176225,0,16662
ENSG00000176230,0,16663
ENSG00000176239,0,16664
ENSG00000176246,0,16665
ENSG00000176253,0,16666
ENSG00000176256,0,16667
ENSG00000176273,0,16668
ENSG00000176281,0,16669
ENSG00000176294,0,16670
ENSG00000176299,0,16671
ENSG00000176340,0,16672
ENSG00000176381,0,16673
ENSG00000176396,0,16674
ENSG00000176472,0,16675
ENSG00000176473,0,16676
ENSG00000176495,0,16677
ENSG00000176547,0,16678
ENSG00000176555,0,16679
ENSG00000176566,0,16680
ENSG00000176567,0,16681
ENSG00000176571,0,16682
ENSG00000176619,0,16683
ENSG00000176624,0,16684
ENSG00000176635,0,16685
ENSG00000176641,0,16686
ENSG00000176658,0,16687
ENSG00000176679,0,16688
ENSG00000176695,0,16689
ENSG00000176742,0,16690
ENSG00000176774,0,16691
ENSG00000176782,0,16692
ENSG00000176787,0,16693
ENSG00000176797,0,16694
ENSG00000176871,0,16695
ENSG00000176893,0,16696
ENSG00000176895,0,16697
ENSG00000176896,0,16698
ENSG00000176900,0,16699
ENSG00000176922,0,16700
ENSG00000176979,0,16701
ENSG00000176986,0,16702
ENSG00000176988,0,16703
ENSG00000176994,0,16704
ENSG00000177000,0,16705
ENSG00000177023,0,16706
ENSG00000177025,0,16707
ENSG00000177045,0,16708
ENSG00000177047,0,16709
ENSG00000177051,0,16710
ENSG00000177076,0,16711
ENSG00000177082,0,16712
ENSG00000177125,0,16713
ENSG00000177138,0,16714
ENSG00000177143,0,16715
ENSG00000177151,0,16716
ENSG00000177156,0,16717
ENSG00000177182,0,16718
ENSG00000177186,0,16719
ENSG00000177189,0,16720
ENSG00000177200,0,16721
ENSG00000177202,0,16722
ENSG00000177212,0,16723
ENSG00000177239,0,16724
ENSG00000177243,0,16725
ENSG00000177302,0,16726
ENSG00000177324,0,16727
ENSG00000177370,0,16728
ENSG00000177455,0,16729
ENSG00000177462,0,16730
ENSG00000177476,0,16731
ENSG00000177489,0,16732
ENSG00000177511,0,16733
ENSG00000177535,0,16734
ENSG00000177551,0,16735
ENSG00000177558,0,16736
ENSG00000177606,0,16737
ENSG00000177613,0,16738
ENSG00000177614,0,16739
ENSG00000177669,0,16740
ENSG00000177673,0,16741
ENSG00000177679,0,16742
ENSG00000177684,0,16743
ENSG00000177689,0,16744
ENSG00000177693,0,16745
ENSG00000177733,0,16746
ENSG00000177830,0,16747
ENSG00000177842,0,16748
ENSG00000177868,0,16749
ENSG00000177888,0,16750
ENSG00000177889,0,16751
ENSG00000177917,0,16752
ENSG00000177932,0,16753
ENSG00000177938,0,16754
ENSG00000177992,0,16755
ENSG00000178015,0,16756
ENSG00000178021,0,16757
ENSG00000178028,0,16758
ENSG00000178093,0,16759
ENSG00000178125,0,16760
ENSG00000178172,0,16761
ENSG00000178177,0,16762
ENSG00000178234,0,16763
ENSG00000178257,0,16764
ENSG00000178279,0,16765
ENSG00000178287,0,16766
ENSG00000178342,0,16767
ENSG00000178381,0,16768
ENSG00000178394,0,16769
ENSG00000178403,0,16770
ENSG00000178449,0,16771
ENSG00000178473,0,16772
ENSG00000178502,0,16773
ENSG00000178522,0,16774
ENSG00000178562,0,16775
ENSG00000178573,0,16776
ENSG00000178591,0,16777
ENSG00000178597,0,16778
ENSG00000178602,0,16779
ENSG00000178685,0,16780
ENSG00000178694,0,16781
ENSG00000178719,0,16782
ENSG00000178773,0,16783
ENSG00000178795,0,16784
ENSG00000178796,0,16785
ENSG00000178804,0,16786
ENSG00000178821,0,16787
ENSG00000178852,0,16788
ENSG00000178904,0,16789
ENSG00000178913,0,16790
ENSG00000178927,0,16791
ENSG00000178928,0,16792
ENSG00000178935,0,16793
ENSG00000178952,0,16794
ENSG00000178965,0,16795
ENSG00000178966,0,16796
ENSG00000178996,0,16797
ENSG00000179002,0,16798
ENSG00000179044,0,16799
ENSG00000179051,0,16800
ENSG00000179071,0,16801
ENSG00000179085,0,16802
ENSG00000179094,0,16803
ENSG00000179104,0,16804
ENSG00000179111,0,16805
ENSG00000179119,0,16806
ENSG00000179142,0,16807
ENSG00000179152,0,16808
ENSG00000179163,0,16809
ENSG00000179195,0,16810
ENSG00000179241,0,16811
ENSG00000179256,0,16812
ENSG00000179270,0,16813
ENSG00000179292,0,16814
ENSG00000179295,0,16815
ENSG00000179335,0,16816
ENSG00000179361,0,16817
ENSG00000179407,0,16818
ENSG00000179431,0,16819
ENSG00000179456,0,16820
ENSG00000179476,0,16821
ENSG00000179532,0,16822
ENSG00000179542,0,16823
ENSG00000179546,0,16824
ENSG00000179562,0,16825
ENSG00000179580,0,16826
ENSG00000179598,0,16827
ENSG00000179603,0,16828
ENSG00000179615,0,16829
ENSG00000179626,0,16830
ENSG00000179630,0,16831
ENSG00000179632,0,16832
ENSG00000179750,0,16833
ENSG00000179774,0,16834
ENSG00000179776,0,16835
ENSG00000179817,0,16836
ENSG00000179862,0,16837
ENSG00000179909,0,16838
ENSG00000179914,0,16839
ENSG00000179919,0,16840
ENSG00000179941,0,16841
ENSG00000179950,0,16842
ENSG00000180011,0,16843
ENSG00000180016,0,16844
ENSG00000180035,0,16845
ENSG00000180043,0,16846
ENSG00000180053,0,16847
ENSG00000180083,0,16848
ENSG00000180090,0,16849
ENSG00000180096,0,16850
ENSG00000180098,0,16851
ENSG00000180104,0,16852
ENSG00000180182,0,16853
ENSG00000180205,0,16854
ENSG00000180219,0,16855
ENSG00000180251,0,16856
ENSG00000180257,0,16857
ENSG00000180263,0,16858
ENSG00000180269,0,16859
ENSG00000180305,0,16860
ENSG00000180346,0,16861
ENSG00000180353,0,16862
ENSG00000180370,0,16863
ENSG00000180383,0,16864
ENSG00000180424,0,16865
ENSG00000180425,0,16866
ENSG00000180432,0,16867
ENSG00000180433,0,16868
ENSG00000180440,0,16869
ENSG00000180475,0,16870
ENSG00000180479,0,16871
ENSG00000180481,0,16872
ENSG00000180488,0,16873
ENSG00000180532,0,16874
ENSG00000180535,0,16875
ENSG00000180616,0,16876
ENSG00000180626,0,16877
ENSG00000180628,0,16878
ENSG00000180644,0,16879
ENSG00000180708,0,16880
ENSG00000180720,0,16881
ENSG00000180772,0,16882
ENSG00000180773,0,16883
ENSG00000180776,0,16884
ENSG00000180801,0,16885
ENSG00000180806,0,16886
ENSG00000180815,0,16887
ENSG00000180822,0,16888
ENSG00000180855,0,16889
ENSG00000180872,0,16890
ENSG00000180878,0,16891
ENSG00000180879,0,16892
ENSG00000180891,0,16893
ENSG00000180902,0,16894
ENSG00000180917,0,16895
ENSG00000180974,0,16896
ENSG00000180979,0,16897
ENSG00000180988,0,16898
ENSG00000180992,0,16899
ENSG00000181001,0,16900
ENSG00000181009,0,16901
ENSG00000181023,0,16902
ENSG00000181085,0,16903
ENSG00000181092,0,16904
ENSG00000181240,0,16905
ENSG00000181264,0,16906
ENSG00000181273,0,16907
ENSG00000181371,0,16908
ENSG00000181374,0,16909
ENSG00000181433,0,16910
ENSG00000181449,0,16911
ENSG00000181458,0,16912
ENSG00000181472,0,16913
ENSG00000181481,0,16914
ENSG00000181499,0,16915
ENSG00000181518,0,16916
ENSG00000181544,0,16917
ENSG00000181552,0,16918
ENSG00000181555,0,16919
ENSG00000181562,0,16920
ENSG00000181609,0,16921
ENSG00000181610,0,16922
ENSG00000181649,0,16923
ENSG00000181656,0,16924
ENSG00000181666,0,16925
ENSG00000181693,0,16926
ENSG00000181698,0,16927
ENSG00000181718,0,16928
ENSG00000181733,0,16929
ENSG00000181752,0,16930
ENSG00000181761,0,16931
ENSG00000181773,0,16932
ENSG00000181785,0,16933
ENSG00000181786,0,16934
ENSG00000181788,0,16935
ENSG00000181803,0,16936
ENSG00000181804,0,16937
ENSG00000181817,0,16938
ENSG00000181852,0,16939
ENSG00000181867,0,16940
ENSG00000181885,0,16941
ENSG00000181903,0,16942
ENSG00000181904,0,16943
ENSG00000181927,0,16944
ENSG00000181939,0,16945
ENSG00000181961,0,16946
ENSG00000181963,0,16947
ENSG00000181965,0,16948
ENSG00000181982,0,16949
ENSG00000181991,0,16950
ENSG00000182010,0,16951
ENSG00000182022,0,16952
ENSG00000182035,0,16953
ENSG00000182050,0,16954
ENSG00000182053,0,16955
ENSG00000182070,0,16956
ENSG00000182077,0,16957
ENSG00000182083,0,16958
ENSG00000182093,0,16959
ENSG00000182103,0,16960
ENSG00000182134,0,16961
ENSG00000182170,0,16962
ENSG00000182179,0,16963
ENSG00000182187,0,16964
ENSG00000182218,0,16965
ENSG00000182220,0,16966
ENSG00000182223,0,16967
ENSG00000182255,0,16968
ENSG00000182263,0,16969
ENSG00000182271,0,16970
ENSG00000182315,0,16971
ENSG00000182318,0,16972
ENSG00000182324,0,16973
ENSG00000182330,0,16974
ENSG00000182333,0,16975
ENSG00000182334,0,16976
ENSG00000182346,0,16977
ENSG00000182372,0,16978
ENSG00000182379,0,16979
ENSG00000182389,0,16980
ENSG00000182405,0,16981
ENSG00000182415,0,16982
ENSG00000182447,0,16983
ENSG00000182450,0,16984
ENSG00000182481,0,16985
ENSG00000182492,0,16986
ENSG00000182512,0,16987
ENSG00000182533,0,16988
ENSG00000182534,0,16989
ENSG00000182544,0,16990
ENSG00000182552,0,16991
ENSG00000182557,0,16992
ENSG00000182591,0,16993
ENSG00000182613,0,16994
ENSG00000182631,0,16995
ENSG00000182634,0,16996
ENSG00000182645,0,16997
ENSG00000182652,0,16998
ENSG00000182674,0,16999
ENSG00000182676,0,17000
ENSG00000182687,0,17001
ENSG00000182698,0,17002
ENSG00000182747,0,17003
ENSG00000182752,0,17004
ENSG00000182771,0,17005
ENSG00000182782,0,17006
ENSG00000182783,0,17007
ENSG00000182791,0,17008
ENSG00000182798,0,17009
ENSG00000182816,0,17010
ENSG00000182831,0,17011
ENSG00000182858,0,17012
ENSG00000182866,0,17013
ENSG00000182872,0,17014
ENSG00000182896,0,17015
ENSG00000182898,0,17016
ENSG00000182901,0,17017
ENSG00000182903,0,17018
ENSG00000182931,0,17019
ENSG00000182934,0,17020
ENSG00000182938,0,17021
ENSG00000182944,0,17022
ENSG00000182950,0,17023
ENSG00000182973,0,17024
ENSG00000182986,0,17025
ENSG00000182993,0,17026
ENSG00000183010,0,17027
ENSG00000183011,0,17028
ENSG00000183024,0,17029
ENSG00000183035,0,17030
ENSG00000183067,0,17031
ENSG00000183090,0,17032
ENSG00000183128,0,17033
ENSG00000183166,0,17034
ENSG00000183172,0,17035
ENSG00000183246,0,17036
ENSG00000183251,0,17037
ENSG00000183255,0,17038
ENSG00000183258,0,17039
ENSG00000183269,0,17040
ENSG00000183281,0,17041
ENSG00000183304,0,17042
ENSG00000183310,0,17043
ENSG00000183313,0,17044
ENSG00000183318,0,17045
ENSG00000183337,0,17046
ENSG00000183354,0,17047
ENSG00000183389,0,17048
ENSG00000183434,0,17049
ENSG00000183463,0,17050
ENSG00000183520,0,17051
ENSG00000183530,0,17052
ENSG00000183578,0,17053
ENSG00000183579,0,17054
ENSG00000183580,0,17055
ENSG00000183597,0,17056
ENSG00000183605,0,17057
ENSG00000183607,0,17058
ENSG00000183625,0,17059
ENSG00000183631,0,17060
ENSG00000183640,0,17061
ENSG00000183644,0,17062
ENSG00000183665,0,17063
ENSG00000183684,0,17064
ENSG00000183695,0,17065
ENSG00000183696,0,17066
ENSG00000183706,0,17067
ENSG00000183753,0,17068
ENSG00000183762,0,17069
ENSG00000183765,0,17070
ENSG00000183770,0,17071
ENSG00000183779,0,17072
ENSG00000183783,0,17073
ENSG00000183826,0,17074
ENSG00000183853,0,17075
ENSG00000183864,0,17076
ENSG00000183955,0,17077
ENSG00000183977,0,17078
ENSG00000183978,0,17079
ENSG00000184007,0,17080
ENSG00000184009,0,17081
ENSG00000184014,0,17082
ENSG00000184022,0,17083
ENSG00000184032,0,17084
ENSG00000184033,0,17085
ENSG00000184058,0,17086
ENSG00000184083,0,17087
ENSG00000184140,0,17088
ENSG00000184148,0,17089
ENSG00000184155,0,17090
ENSG00000184166,0,17091
ENSG00000184182,0,17092
ENSG00000184232,0,17093
ENSG00000184276,0,17094
ENSG00000184277,0,17095
ENSG00000184307,0,17096
ENSG00000184330,0,17097
ENSG00000184344,0,17098
ENSG00000184351,0,17099
ENSG00000184361,0,17100
ENSG00000184368,0,17101
ENSG00000184371,0,17102
ENSG00000184378,0,17103
ENSG00000184394,0,17104
ENSG00000184402,0,17105
ENSG00000184428,0,17106
ENSG00000184436,0,17107
ENSG00000184451,0,17108
ENSG00000184459,0,17109
ENSG00000184465,0,17110
ENSG00000184478,0,17111
ENSG00000184481,0,17112
ENSG00000184492,0,17113
ENSG00000184507,0,17114
ENSG00000184508,0,17115
ENSG00000184517,0,17116
ENSG00000184530,0,17117
ENSG00000184544,0,17118
ENSG00000184560,0,17119
ENSG00000184564,0,17120
ENSG00000184599,0,17121
ENSG00000184635,0,17122
ENSG00000184647,0,17123
ENSG00000184650,0,17124
ENSG00000184659,0,17125
ENSG00000184661,0,17126
ENSG00000184675,0,17127
ENSG00000184677,0,17128
ENSG00000184698,0,17129
ENSG00000184724,0,17130
ENSG00000184735,0,17131
ENSG00000184743,0,17132
ENSG00000184752,0,17133
ENSG00000184811,0,17134
ENSG00000184828,0,17135
ENSG00000184831,0,17136
ENSG00000184857,0,17137
ENSG00000184887,0,17138
ENSG00000184900,0,17139
ENSG00000184905,0,17140
ENSG00000184908,0,17141
ENSG00000184916,0,17142
ENSG00000184933,0,17143
ENSG00000184945,0,17144
ENSG00000184949,0,17145
ENSG00000184954,0,17146
ENSG00000184967,0,17147
ENSG00000184979,0,17148
ENSG00000184983,0,17149
ENSG00000184990,0,17150
ENSG00000184992,0,17151
ENSG00000185000,0,17152
ENSG00000185008,0,17153
ENSG00000185009,0,17154
ENSG00000185010,0,17155
ENSG00000185022,0,17156
ENSG00000185024,0,17157
ENSG00000185033,0,17158
ENSG00000185043,0,17159
ENSG00000185049,0,17160
ENSG00000185056,0,17161
ENSG00000185090,0,17162
ENSG00000185100,0,17163
ENSG00000185104,0,17164
ENSG00000185112,0,17165
ENSG00000185127,0,17166
ENSG00000185129,0,17167
ENSG00000185130,0,17168
ENSG00000185133,0,17169
ENSG00000185155,0,17170
ENSG00000185176,0,17171
ENSG00000185187,0,17172
ENSG00000185198,0,17173
ENSG00000185220,0,17174
ENSG00000185231,0,17175
ENSG00000185236,0,17176
ENSG00000185261,0,17177
ENSG00000185264,0,17178
ENSG00000185272,0,17179
ENSG00000185294,0,17180
ENSG00000185305,0,17181
ENSG00000185313,0,17182
ENSG00000185339,0,17183
ENSG00000185344,0,17184
ENSG00000185372,0,17185
ENSG00000185386,0,17186
ENSG00000185420,0,17187
ENSG00000185436,0,17188
ENSG00000185448,0,17189
ENSG00000185482,0,17190
ENSG00000185522,0,17191
ENSG00000185523,0,17192
ENSG00000185532,0,17193
ENSG00000185585,0,17194
ENSG00000185591,0,17195
ENSG00000185610,0,17196
ENSG00000185621,0,17197
ENSG00000185627,0,17198
ENSG00000185634,0,17199
ENSG00000185650,0,17200
ENSG00000185674,0,17201
ENSG00000185681,0,17202
ENSG00000185686,0,17203
ENSG00000185745,0,17204
ENSG00000185753,0,17205
ENSG00000185775,0,17206
ENSG00000185792,0,17207
ENSG00000185798,0,17208
ENSG00000185803,0,17209
ENSG00000185811,0,17210
ENSG00000185821,0,17211
ENSG00000185823,0,17212
ENSG00000185825,0,17213
ENSG00000185888,0,17214
ENSG00000185894,0,17215
ENSG00000185896,0,17216
ENSG00000185897,0,17217
ENSG00000185909,0,17218
ENSG00000185915,0,17219
ENSG00000185920,0,17220
ENSG00000185924,0,17221
ENSG00000185926,0,17222
ENSG00000185947,0,17223
ENSG00000185950,0,17224
ENSG00000185955,0,17225
ENSG00000185962,0,17226
ENSG00000185982,0,17227
ENSG00000185988,0,17228
ENSG00000185989,0,17229
ENSG00000186009,0,17230
ENSG00000186017,0,17231
ENSG00000186020,0,17232
ENSG00000186026,0,17233
ENSG00000186049,0,17234
ENSG00000186063,0,17235
ENSG00000186075,0,17236
ENSG00000186088,0,17237
ENSG00000186092,0,17238
ENSG00000186103,0,17239
ENSG00000186104,0,17240
ENSG00000186105,0,17241
ENSG00000186113,0,17242
ENSG00000186118,0,17243
ENSG00000186119,0,17244
ENSG00000186130,0,17245
ENSG00000186136,0,17246
ENSG00000186143,0,17247
ENSG00000186146,0,17248
ENSG00000186150,0,17249
ENSG00000186166,0,17250
ENSG00000186184,0,17251
ENSG00000186187,0,17252
ENSG00000186190,0,17253
ENSG00000186207,0,17254
ENSG00000186222,0,17255
ENSG00000186230,0,17256
ENSG00000186265,0,17257
ENSG00000186283,0,17258
ENSG00000186306,0,17259
ENSG00000186314,0,17260
ENSG00000186318,0,17261
ENSG00000186326,0,17262
ENSG00000186335,0,17263
ENSG00000186340,0,17264
ENSG00000186350,0,17265
ENSG00000186367,0,17266
ENSG00000186377,0,17267
ENSG00000186393,0,17268
ENSG00000186395,0,17269
ENSG00000186416,0,17270
ENSG00000186431,0,17271
ENSG00000186432,0,17272
ENSG00000186439,0,17273
ENSG00000186470,0,17274
ENSG00000186471,0,17275
ENSG00000186479,0,17276
ENSG00000186496,0,17277
ENSG00000186501,0,17278
ENSG00000186509,0,17279
ENSG00000186513,0,17280
ENSG00000186522,0,17281
ENSG00000186532,0,17282
ENSG00000186562,0,17283
ENSG00000186567,0,17284
ENSG00000186572,0,17285
ENSG00000186579,0,17286
ENSG00000186583,0,17287
ENSG00000186599,0,17288
ENSG00000186603,0,17289
ENSG00000186628,0,17290
ENSG00000186654,0,17291
ENSG00000186665,0,17292
ENSG00000186675,0,17293
ENSG00000186687,0,17294
ENSG00000186710,0,17295
ENSG00000186766,0,17296
ENSG00000186767,0,17297
ENSG00000186787,0,17298
ENSG00000186795,0,17299
ENSG00000186803,0,17300
ENSG00000186806,0,17301
ENSG00000186818,0,17302
ENSG00000186844,0,17303
ENSG00000186860,0,17304
ENSG00000186866,0,17305
ENSG00000186867,0,17306
ENSG00000186881,0,17307
ENSG00000186889,0,17308
ENSG00000186895,0,17309
ENSG00000186924,0,17310
ENSG00000186925,0,17311
ENSG00000186943,0,17312
ENSG00000186952,0,17313
ENSG00000186965,0,17314
ENSG00000186967,0,17315
ENSG00000186970,0,17316
ENSG00000186971,0,17317
ENSG00000186976,0,17318
ENSG00000186977,0,17319
ENSG00000186980,0,17320
ENSG00000187003,0,17321
ENSG00000187005,0,17322
ENSG00000187026,0,17323
ENSG00000187033,0,17324
ENSG00000187079,0,17325
ENSG00000187080,0,17326
ENSG00000187082,0,17327
ENSG00000187091,0,17328
ENSG00000187135,0,17329
ENSG00000187147,0,17330
ENSG00000187166,0,17331
ENSG00000187170,0,17332
ENSG00000187175,0,17333
ENSG00000187180,0,17334
ENSG00000187191,0,17335
ENSG00000187223,0,17336
ENSG00000187238,0,17337
ENSG00000187239,0,17338
ENSG00000187242,0,17339
ENSG00000187257,0,17340
ENSG00000187258,0,17341
ENSG00000187268,0,17342
ENSG00000187272,0,17343
ENSG00000187323,0,17344
ENSG00000187325,0,17345
ENSG00000187398,0,17346
ENSG00000187446,0,17347
ENSG00000187486,0,17348
ENSG00000187516,0,17349
ENSG00000187533,0,17350
ENSG00000187535,0,17351
ENSG00000187545,0,17352
ENSG00000187555,0,17353
ENSG00000187559,0,17354
ENSG00000187569,0,17355
ENSG00000187583,0,17356
ENSG00000187612,0,17357
ENSG00000187624,0,17358
ENSG00000187642,0,17359
ENSG00000187658,0,17360
ENSG00000187678,0,17361
ENSG00000187701,0,17362
ENSG00000187713,0,17363
ENSG00000187747,0,17364
ENSG00000187754,0,17365
ENSG00000187766,0,17366
ENSG00000187790,0,17367
ENSG00000187815,0,17368
ENSG00000187821,0,17369
ENSG00000187823,0,17370
ENSG00000187833,0,17371
ENSG00000187857,0,17372
ENSG00000187871,0,17373
ENSG00000187912,0,17374
ENSG00000187944,0,17375
ENSG00000187997,0,17376
ENSG00000188000,0,17377
ENSG00000188021,0,17378
ENSG00000188026,0,17379
ENSG00000188032,0,17380
ENSG00000188050,0,17381
ENSG00000188056,0,17382
ENSG00000188076,0,17383
ENSG00000188120,0,17384
ENSG00000188133,0,17385
ENSG00000188155,0,17386
ENSG00000188163,0,17387
ENSG00000188175,0,17388
ENSG00000188186,0,17389
ENSG00000188191,0,17390
ENSG00000188199,0,17391
ENSG00000188229,0,17392
ENSG00000188263,0,17393
ENSG00000188283,0,17394
ENSG00000188290,0,17395
ENSG00000188293,0,17396
ENSG00000188305,0,17397
ENSG00000188312,0,17398
ENSG00000188321,0,17399
ENSG00000188324,0,17400
ENSG00000188334,0,17401
ENSG00000188340,0,17402
ENSG00000188368,0,17403
ENSG00000188379,0,17404
ENSG00000188396,0,17405
ENSG00000188408,0,17406
ENSG00000188419,0,17407
ENSG00000188425,0,17408
ENSG00000188428,0,17409
ENSG00000188554,0,17410
ENSG00000188558,0,17411
ENSG00000188573,0,17412
ENSG00000188581,0,17413
ENSG00000188582,0,17414
ENSG00000188636,0,17415
ENSG00000188641,0,17416
ENSG00000188655,0,17417
ENSG00000188674,0,17418
ENSG00000188676,0,17419
ENSG00000188694,0,17420
ENSG00000188729,0,17421
ENSG00000188761,0,17422
ENSG00000188766,0,17423
ENSG00000188782,0,17424
ENSG00000188784,0,17425
ENSG00000188785,0,17426
ENSG00000188822,0,17427
ENSG00000188827,0,17428
ENSG00000188859,0,17429
ENSG00000188886,0,17430
ENSG00000188909,0,17431
ENSG00000188916,0,17432
ENSG00000188958,0,17433
ENSG00000188976,0,17434
ENSG00000188992,0,17435
ENSG00000188996,0,17436
ENSG00000189023,0,17437
ENSG00000189030,0,17438
ENSG00000189037,0,17439
ENSG00000189045,0,17440
ENSG00000189050,0,17441
ENSG00000189064,0,17442
ENSG00000189090,0,17443
ENSG00000189120,0,17444
ENSG00000189132,0,17445
ENSG00000189134,0,17446
ENSG00000189139,0,17447
ENSG00000189143,0,17448
ENSG00000189152,0,17449
ENSG00000189164,0,17450
ENSG00000189167,0,17451
ENSG00000189169,0,17452
ENSG00000189180,0,17453
ENSG00000189186,0,17454
ENSG00000189252,0,17455
ENSG00000189253,0,17456
ENSG00000189266,0,17457
ENSG00000189299,0,17458
ENSG00000189306,0,17459
ENSG00000189308,0,17460
ENSG00000189319,0,17461
ENSG00000189326,0,17462
ENSG00000189403,0,17463
ENSG00000196071,0,17464
ENSG00000196081,0,17465
ENSG00000196090,0,17466
ENSG00000196092,0,17467
ENSG00000196098,0,17468
ENSG00000196099,0,17469
ENSG00000196110,0,17470
ENSG00000196116,0,17471
ENSG00000196119,0,17472
ENSG00000196131,0,17473
ENSG00000196152,0,17474
ENSG00000196156,0,17475
ENSG00000196169,0,17476
ENSG00000196171,0,17477
ENSG00000196172,0,17478
ENSG00000196182,0,17479
ENSG00000196184,0,17480
ENSG00000196189,0,17481
ENSG00000196227,0,17482
ENSG00000196228,0,17483
ENSG00000196240,0,17484
ENSG00000196242,0,17485
ENSG00000196247,0,17486
ENSG00000196260,0,17487
ENSG00000196267,0,17488
ENSG00000196290,0,17489
ENSG00000196337,0,17490
ENSG00000196341,0,17491
ENSG00000196357,0,17492
ENSG00000196361,0,17493
ENSG00000196366,0,17494
ENSG00000196371,0,17495
ENSG00000196391,0,17496
ENSG00000196405,0,17497
ENSG00000196406,0,17498
ENSG00000196415,0,17499
ENSG00000196417,0,17500
ENSG00000196427,0,17501
ENSG00000196428,0,17502
ENSG00000196431,0,17503
ENSG00000196437,0,17504
ENSG00000196453,0,17505
ENSG00000196459,0,17506
ENSG00000196466,0,17507
ENSG00000196468,0,17508
ENSG00000196470,0,17509
ENSG00000196482,0,17510
ENSG00000196502,0,17511
ENSG00000196504,0,17512
ENSG00000196505,0,17513
ENSG00000196507,0,17514
ENSG00000196526,0,17515
ENSG00000196539,0,17516
ENSG00000196544,0,17517
ENSG00000196549,0,17518
ENSG00000196578,0,17519
ENSG00000196581,0,17520
ENSG00000196588,0,17521
ENSG00000196591,0,17522
ENSG00000196597,0,17523
ENSG00000196632,0,17524
ENSG00000196636,0,17525
ENSG00000196642,0,17526
ENSG00000196646,0,17527
ENSG00000196652,0,17528
ENSG00000196655,0,17529
ENSG00000196663,0,17530
ENSG00000196664,0,17531
ENSG00000196670,0,17532
ENSG00000196678,0,17533
ENSG00000196689,0,17534
ENSG00000196724,0,17535
ENSG00000196739,0,17536
ENSG00000196748,0,17537
ENSG00000196772,0,17538
ENSG00000196778,0,17539
ENSG00000196792,0,17540
ENSG00000196793,0,17541
ENSG00000196800,0,17542
ENSG00000196811,0,17543
ENSG00000196814,0,17544
ENSG00000196844,0,17545
ENSG00000196859,0,17546
ENSG00000196890,0,17547
ENSG00000196900,0,17548
ENSG00000196917,0,17549
ENSG00000196923,0,17550
ENSG00000196937,0,17551
ENSG00000196944,0,17552
ENSG00000196950,0,17553
ENSG00000196968,0,17554
ENSG00000196981,0,17555
ENSG00000197050,0,17556
ENSG00000197084,0,17557
ENSG00000197111,0,17558
ENSG00000197121,0,17559
ENSG00000197122,0,17560
ENSG00000197123,0,17561
ENSG00000197125,0,17562
ENSG00000197134,0,17563
ENSG00000197168,0,17564
ENSG00000197170,0,17565
ENSG00000197183,0,17566
ENSG00000197191,0,17567
ENSG00000197217,0,17568
ENSG00000197226,0,17569
ENSG00000197233,0,17570
ENSG00000197245,0,17571
ENSG00000197323,0,17572
ENSG00000197380,0,17573
ENSG00000197403,0,17574
ENSG00000197415,0,17575
ENSG00000197416,0,17576
ENSG00000197428,0,17577
ENSG00000197430,0,17578
ENSG00000197437,0,17579
ENSG00000197454,0,17580
ENSG00000197457,0,17581
ENSG00000197465,0,17582
ENSG00000197471,0,17583
ENSG00000197479,0,17584
ENSG00000197487,0,17585
ENSG00000197532,0,17586
ENSG00000197548,0,17587
ENSG00000197563,0,17588
ENSG00000197587,0,17589
ENSG00000197591,0,17590
ENSG00000197603,0,17591
ENSG00000197608,0,17592
ENSG00000197616,0,17593
ENSG00000197651,0,17594
ENSG00000197653,0,17595
ENSG00000197658,0,17596
ENSG00000197683,0,17597
ENSG00000197696,0,17598
ENSG00000197702,0,17599
ENSG00000197706,0,17600
ENSG00000197713,0,17601
ENSG00000197724,0,17602
ENSG00000197745,0,17603
ENSG00000197756,0,17604
ENSG00000197763,0,17605
ENSG00000197769,0,17606
ENSG00000197785,0,17607
ENSG00000197786,0,17608
ENSG00000197790,0,17609
ENSG00000197818,0,17610
ENSG00000197885,0,17611
ENSG00000197887,0,17612
ENSG00000197893,0,17613
ENSG00000197901,0,17614
ENSG00000197905,0,17615
ENSG00000197921,0,17616
ENSG00000197933,0,17617
ENSG00000197938,0,17618
ENSG00000197948,0,17619
ENSG00000197965,0,17620
ENSG00000197978,0,17621
ENSG00000198000,0,17622
ENSG00000198010,0,17623
ENSG00000198018,0,17624
ENSG00000198021,0,17625
ENSG00000198028,0,17626
ENSG00000198046,0,17627
ENSG00000198060,0,17628
ENSG00000198062,0,17629
ENSG00000198075,0,17630
ENSG00000198077,0,17631
ENSG00000198081,0,17632
ENSG00000198088,0,17633
ENSG00000198089,0,17634
ENSG00000198090,0,17635
ENSG00000198104,0,17636
ENSG00000198121,0,17637
ENSG00000198128,0,17638
ENSG00000198131,0,17639
ENSG00000198142,0,17640
ENSG00000198146,0,17641
ENSG00000198157,0,17642
ENSG00000198169,0,17643
ENSG00000198171,0,17644
ENSG00000198173,0,17645
ENSG00000198183,0,17646
ENSG00000198208,0,17647
ENSG00000198218,0,17648
ENSG00000198231,0,17649
ENSG00000198265,0,17650
ENSG00000198270,0,17651
ENSG00000198271,0,17652
ENSG00000198283,0,17653
ENSG00000198300,0,17654
ENSG00000198326,0,17655
ENSG00000198336,0,17656
ENSG00000198353,0,17657
ENSG00000198355,0,17658
ENSG00000198369,0,17659
ENSG00000198380,0,17660
ENSG00000198390,0,17661
ENSG00000198393,0,17662
ENSG00000198398,0,17663
ENSG00000198399,0,17664
ENSG00000198445,0,17665
ENSG00000198455,0,17666
ENSG00000198464,0,17667
ENSG00000198471,0,17668
ENSG00000198478,0,17669
ENSG00000198482,0,17670
ENSG00000198488,0,17671
ENSG00000198498,0,17672
ENSG00000198517,0,17673
ENSG00000198535,0,17674
ENSG00000198538,0,17675
ENSG00000198551,0,17676
ENSG00000198573,0,17677
ENSG00000198576,0,17678
ENSG00000198586,0,17679
ENSG00000198601,0,17680
ENSG00000198610,0,17681
ENSG00000198642,0,17682
ENSG00000198646,0,17683
ENSG00000198663,0,17684
ENSG00000198670,0,17685
ENSG00000198689,0,17686
ENSG00000198700,0,17687
ENSG00000198704,0,17688
ENSG00000198718,0,17689
ENSG00000198722,0,17690
ENSG00000198723,0,17691
ENSG00000198728,0,17692
ENSG00000198730,0,17693
ENSG00000198740,0,17694
ENSG00000198752,0,17695
ENSG00000198765,0,17696
ENSG00000198771,0,17697
ENSG00000198780,0,17698
ENSG00000198798,0,17699
ENSG00000198799,0,17700
ENSG00000198805,0,17701
ENSG00000198812,0,17702
ENSG00000198818,0,17703
ENSG00000198821,0,17704
ENSG00000198824,0,17705
ENSG00000198826,0,17706
ENSG00000198835,0,17707
ENSG00000198837,0,17708
ENSG00000198841,0,17709
ENSG00000198851,0,17710
ENSG00000198854,0,17711
ENSG00000198876,0,17712
ENSG00000198879,0,17713
ENSG00000198883,0,17714
ENSG00000198889,0,17715
ENSG00000198898,0,17716
ENSG00000198917,0,17717
ENSG00000198918,0,17718
ENSG00000198919,0,17719
ENSG00000198924,0,17720
ENSG00000198933,0,17721
ENSG00000198937,0,17722
ENSG00000198939,0,17723
ENSG00000198952,0,17724
ENSG00000198954,0,17725
ENSG00000198961,0,17726
ENSG00000198965,0,17727
ENSG00000198967,0,17728
ENSG00000203326,0,17729
ENSG00000203661,0,17730
ENSG00000203663,0,17731
ENSG00000203666,0,17732
ENSG00000203697,0,17733
ENSG00000203710,0,17734
ENSG00000203730,0,17735
ENSG00000203737,0,17736
ENSG00000203740,0,17737
ENSG00000203756,0,17738
ENSG00000203757,0,17739
ENSG00000203786,0,17740
ENSG00000203795,0,17741
ENSG00000203797,0,17742
ENSG00000203859,0,17743
ENSG00000203867,0,17744
ENSG00000203872,0,17745
ENSG00000203877,0,17746
ENSG00000203880,0,17747
ENSG00000203909,0,17748
ENSG00000203923,0,17749
ENSG00000203933,0,17750
ENSG00000203942,0,17751
ENSG00000203965,0,17752
ENSG00000203970,0,17753
ENSG00000203989,0,17754
ENSG00000204001,0,17755
ENSG00000204006,0,17756
ENSG00000204007,0,17757
ENSG00000204010,0,17758
ENSG00000204019,0,17759
ENSG00000204022,0,17760
ENSG00000204033,0,17761
ENSG00000204084,0,17762
ENSG00000204116,0,17763
ENSG00000204138,0,17764
ENSG00000204140,0,17765
ENSG00000204147,0,17766
ENSG00000204160,0,17767
ENSG00000204161,0,17768
ENSG00000204165,0,17769
ENSG00000204175,0,17770
ENSG00000204176,0,17771
ENSG00000204178,0,17772
ENSG00000204179,0,17773
ENSG00000204193,0,17774
ENSG00000204227,0,17775
ENSG00000204246,0,17776
ENSG00000204248,0,17777
ENSG00000204264,0,17778
ENSG00000204290,0,17779
ENSG00000204308,0,17780
ENSG00000204311,0,17781
ENSG00000204335,0,17782
ENSG00000204345,0,17783
ENSG00000204361,0,17784
ENSG00000204366,0,17785
ENSG00000204370,0,17786
ENSG00000204386,0,17787
ENSG00000204388,0,17788
ENSG00000204392,0,17789
ENSG00000204414,0,17790
ENSG00000204449,0,17791
ENSG00000204469,0,17792
ENSG00000204472,0,17793
ENSG00000204479,0,17794
ENSG00000204480,0,17795
ENSG00000204501,0,17796
ENSG00000204510,0,17797
ENSG00000204518,0,17798
ENSG00000204538,0,17799
ENSG00000204540,0,17800
ENSG00000204542,0,17801
ENSG00000204548,0,17802
ENSG00000204569,0,17803
ENSG00000204576,0,17804
ENSG00000204592,0,17805
ENSG00000204595,0,17806
ENSG00000204611,0,17807
ENSG00000204612,0,17808
ENSG00000204614,0,17809
ENSG00000204628,0,17810
ENSG00000204640,0,17811
ENSG00000204653,0,17812
ENSG00000204659,0,17813
ENSG00000204673,0,17814
ENSG00000204687,0,17815
ENSG00000204688,0,17816
ENSG00000204694,0,17817
ENSG00000204695,0,17818
ENSG00000204700,0,17819
ENSG00000204703,0,17820
ENSG00000204711,0,17821
ENSG00000204713,0,17822
ENSG00000204779,0,17823
ENSG00000204849,0,17824
ENSG00000204869,0,17825
ENSG00000204873,0,17826
ENSG00000204887,0,17827
ENSG00000204899,0,17828
ENSG00000204919,0,17829
ENSG00000204923,0,17830
ENSG00000204928,0,17831
ENSG00000204941,0,17832
ENSG00000204970,0,17833
ENSG00000204978,0,17834
ENSG00000204979,0,17835
ENSG00000204983,0,17836
ENSG00000204991,0,17837
ENSG00000205022,0,17838
ENSG00000205029,0,17839
ENSG00000205030,0,17840
ENSG00000205045,0,17841
ENSG00000205085,0,17842
ENSG00000205090,0,17843
ENSG00000205108,0,17844
ENSG00000205116,0,17845
ENSG00000205143,0,17846
ENSG00000205155,0,17847
ENSG00000205186,0,17848
ENSG00000205268,0,17849
ENSG00000205301,0,17850
ENSG00000205309,0,17851
ENSG00000205327,0,17852
ENSG00000205328,0,17853
ENSG00000205329,0,17854
ENSG00000205330,0,17855
ENSG00000205339,0,17856
ENSG00000205356,0,17857
ENSG00000205358,0,17858
ENSG00000205362,0,17859
ENSG00000205409,0,17860
ENSG00000205423,0,17861
ENSG00000205439,0,17862
ENSG00000205442,0,17863
ENSG00000205445,0,17864
ENSG00000205495,0,17865
ENSG00000205496,0,17866
ENSG00000205497,0,17867
ENSG00000205544,0,17868
ENSG00000205592,0,17869
ENSG00000205639,0,17870
ENSG00000205642,0,17871
ENSG00000205667,0,17872
ENSG00000205669,0,17873
ENSG00000205670,0,17874
ENSG00000205678,0,17875
ENSG00000205683,0,17876
ENSG00000205718,0,17877
ENSG00000205730,0,17878
ENSG00000205777,0,17879
ENSG00000205838,0,17880
ENSG00000205846,0,17881
ENSG00000205857,0,17882
ENSG00000205858,0,17883
ENSG00000205863,0,17884
ENSG00000205864,0,17885
ENSG00000205882,0,17886
ENSG00000205883,0,17887
ENSG00000205884,0,17888
ENSG00000205899,0,17889
ENSG00000205916,0,17890
ENSG00000205927,0,17891
ENSG00000205929,0,17892
ENSG00000205937,0,17893
ENSG00000205944,0,17894
ENSG00000205978,0,17895
ENSG00000206013,0,17896
ENSG00000206026,0,17897
ENSG00000206043,0,17898
ENSG00000206047,0,17899
ENSG00000206069,0,17900
ENSG00000206102,0,17901
ENSG00000206104,0,17902
ENSG00000206106,0,17903
ENSG00000206107,0,17904
ENSG00000206150,0,17905
ENSG00000206181,0,17906
ENSG00000206190,0,17907
ENSG00000206260,0,17908
ENSG00000206418,0,17909
ENSG00000206422,0,17910
ENSG00000206432,0,17911
ENSG00000206474,0,17912
ENSG00000206531,0,17913
ENSG00000206535,0,17914
ENSG00000206536,0,17915
ENSG00000206560,0,17916
ENSG00000211450,0,17917
ENSG00000211452,0,17918
ENSG00000211455,0,17919
ENSG00000212124,0,17920
ENSG00000212126,0,17921
ENSG00000212127,0,17922
ENSG00000212128,0,17923
ENSG00000212657,0,17924
ENSG00000212658,0,17925
ENSG00000212721,0,17926
ENSG00000212722,0,17927
ENSG00000212864,0,17928
ENSG00000212899,0,17929
ENSG00000212900,0,17930
ENSG00000212901,0,17931
ENSG00000212933,0,17932
ENSG00000212935,0,17933
ENSG00000212938,0,17934
ENSG00000213022,0,17935
ENSG00000213024,0,17936
ENSG00000213030,0,17937
ENSG00000213066,0,17938
ENSG00000213079,0,17939
ENSG00000213160,0,17940
ENSG00000213218,0,17941
ENSG00000213401,0,17942
ENSG00000213416,0,17943
ENSG00000213417,0,17944
ENSG00000213462,0,17945
ENSG00000213512,0,17946
ENSG00000213523,0,17947
ENSG00000213551,0,17948
ENSG00000213563,0,17949
ENSG00000213619,0,17950
ENSG00000213694,0,17951
ENSG00000213799,0,17952
ENSG00000213822,0,17953
ENSG00000213901,0,17954
ENSG00000213921,0,17955
ENSG00000213928,0,17956
ENSG00000213931,0,17957
ENSG00000213934,0,17958
ENSG00000213965,0,17959
ENSG00000213996,0,17960
ENSG00000214042,0,17961
ENSG00000214050,0,17962
ENSG00000214097,0,17963
ENSG00000214114,0,17964
ENSG00000214193,0,17965
ENSG00000214194,0,17966
ENSG00000214216,0,17967
ENSG00000214226,0,17968
ENSG00000214253,0,17969
ENSG00000214285,0,17970
ENSG00000214324,0,17971
ENSG00000214357,0,17972
ENSG00000214360,0,17973
ENSG00000214413,0,17974
ENSG00000214414,0,17975
ENSG00000214511,0,17976
ENSG00000214517,0,17977
ENSG00000214562,0,17978
ENSG00000214575,0,17979
ENSG00000214595,0,17980
ENSG00000214642,0,17981
ENSG00000214681,0,17982
ENSG00000214686,0,17983
ENSG00000214700,0,17984
ENSG00000214706,0,17985
ENSG00000214711,0,17986
ENSG00000214819,0,17987
ENSG00000214866,0,17988
ENSG00000214891,0,17989
ENSG00000214929,0,17990
ENSG00000214941,0,17991
ENSG00000214954,0,17992
ENSG00000214978,0,17993
ENSG00000215009,0,17994
ENSG00000215029,0,17995
ENSG00000215114,0,17996
ENSG00000215126,0,17997
ENSG00000215186,0,17998
ENSG00000215187,0,17999
ENSG00000215203,0,18000
ENSG00000215262,0,18001
ENSG00000215269,0,18002
ENSG00000215274,0,18003
ENSG00000215301,0,18004
ENSG00000215343,0,18005
ENSG00000215372,0,18006
ENSG00000215397,0,18007
ENSG00000215454,0,18008
ENSG00000215455,0,18009
ENSG00000215474,0,18010
ENSG00000215545,0,18011
ENSG00000215547,0,18012
ENSG00000215704,0,18013
ENSG00000215712,0,18014
ENSG00000215784,0,18015
ENSG00000215906,0,18016
ENSG00000216588,0,18017
ENSG00000216649,0,18018
ENSG00000216937,0,18019
ENSG00000217442,0,18020
ENSG00000218819,0,18021
ENSG00000218823,0,18022
ENSG00000220205,0,18023
ENSG00000221813,0,18024
ENSG00000221821,0,18025
ENSG00000221836,0,18026
ENSG00000221837,0,18027
ENSG00000221840,0,18028
ENSG00000221843,0,18029
ENSG00000221852,0,18030
ENSG00000221855,0,18031
ENSG00000221859,0,18032
ENSG00000221864,0,18033
ENSG00000221866,0,18034
ENSG00000221880,0,18035
ENSG00000221886,0,18036
ENSG00000221890,0,18037
ENSG00000221900,0,18038
ENSG00000221909,0,18039
ENSG00000221910,0,18040
ENSG00000221914,0,18041
ENSG00000221916,0,18042
ENSG00000221931,0,18043
ENSG00000221933,0,18044
ENSG00000221937,0,18045
ENSG00000221938,0,18046
ENSG00000221944,0,18047
ENSG00000221954,0,18048
ENSG00000221955,0,18049
ENSG00000221977,0,18050
ENSG00000221978,0,18051
ENSG00000221989,0,18052
ENSG00000221996,0,18053
ENSG00000222046,0,18054
ENSG00000223417,0,18055
ENSG00000223443,0,18056
ENSG00000223496,0,18057
ENSG00000223569,0,18058
ENSG00000223638,0,18059
ENSG00000224089,0,18060
ENSG00000224586,0,18061
ENSG00000224659,0,18062
ENSG00000224902,0,18063
ENSG00000225781,0,18064
ENSG00000226023,0,18065
ENSG00000226288,0,18066
ENSG00000226372,0,18067
ENSG00000226600,0,18068
ENSG00000226685,0,18069
ENSG00000226742,0,18070
ENSG00000226761,0,18071
ENSG00000226929,0,18072
ENSG00000226941,0,18073
ENSG00000227057,0,18074
ENSG00000227151,0,18075
ENSG00000227268,0,18076
ENSG00000227488,0,18077
ENSG00000227507,0,18078
ENSG00000227551,0,18079
ENSG00000227729,0,18080
ENSG00000227868,0,18081
ENSG00000228075,0,18082
ENSG00000228083,0,18083
ENSG00000228517,0,18084
ENSG00000228567,0,18085
ENSG00000228696,0,18086
ENSG00000228836,0,18087
ENSG00000228919,0,18088
ENSG00000228927,0,18089
ENSG00000229117,0,18090
ENSG00000229183,0,18091
ENSG00000229292,0,18092
ENSG00000229314,0,18093
ENSG00000229474,0,18094
ENSG00000229549,0,18095
ENSG00000229571,0,18096
ENSG00000229579,0,18097
ENSG00000229665,0,18098
ENSG00000229859,0,18099
ENSG00000229937,0,18100
ENSG00000229972,0,18101
ENSG00000230031,0,18102
ENSG00000230062,0,18103
ENSG00000230301,0,18104
ENSG00000230347,0,18105
ENSG00000230430,0,18106
ENSG00000230522,0,18107
ENSG00000230594,0,18108
ENSG00000231051,0,18109
ENSG00000231068,0,18110
ENSG00000231192,0,18111
ENSG00000231213,0,18112
ENSG00000231274,0,18113
ENSG00000231861,0,18114
ENSG00000232258,0,18115
ENSG00000232263,0,18116
ENSG00000232264,0,18117
ENSG00000232268,0,18118
ENSG00000232382,0,18119
ENSG00000232399,0,18120
ENSG00000232423,0,18121
ENSG00000232948,0,18122
ENSG00000233136,0,18123
ENSG00000233412,0,18124
ENSG00000233608,0,18125
ENSG00000233701,0,18126
ENSG00000233803,0,18127
ENSG00000233816,0,18128
ENSG00000233822,0,18129
ENSG00000233917,0,18130
ENSG00000233927,0,18131
ENSG00000233932,0,18132
ENSG00000234127,0,18133
ENSG00000234224,0,18134
ENSG00000234278,0,18135
ENSG00000234284,0,18136
ENSG00000234414,0,18137
ENSG00000234438,0,18138
ENSG00000234444,0,18139
ENSG00000234560,0,18140
ENSG00000234745,0,18141
ENSG00000234829,0,18142
ENSG00000235034,0,18143
ENSG00000235268,0,18144
ENSG00000235376,0,18145
ENSG00000235568,0,18146
ENSG00000235608,0,18147
ENSG00000235711,0,18148
ENSG00000235780,0,18149
ENSG00000235942,0,18150
ENSG00000235961,0,18151
ENSG00000236027,0,18152
ENSG00000236032,0,18153
ENSG00000236126,0,18154
ENSG00000236287,0,18155
ENSG00000236362,0,18156
ENSG00000236371,0,18157
ENSG00000236398,0,18158
ENSG00000236424,0,18159
ENSG00000236446,0,18160
ENSG00000236609,0,18161
ENSG00000236637,0,18162
ENSG00000236980,0,18163
ENSG00000236981,0,18164
ENSG00000237136,0,18165
ENSG00000237172,0,18166
ENSG00000237247,0,18167
ENSG00000237353,0,18168
ENSG00000237388,0,18169
ENSG00000237412,0,18170
ENSG00000237441,0,18171
ENSG00000237515,0,18172
ENSG00000237521,0,18173
ENSG00000237671,0,18174
ENSG00000237957,0,18175
ENSG00000238227,0,18176
ENSG00000239305,0,18177
ENSG00000239779,0,18178
ENSG00000239886,0,18179
ENSG00000240204,0,18180
ENSG00000240247,0,18181
ENSG00000240386,0,18182
ENSG00000240432,0,18183
ENSG00000240505,0,18184
ENSG00000240542,0,18185
ENSG00000240682,0,18186
ENSG00000240694,0,18187
ENSG00000240764,0,18188
ENSG00000240871,0,18189
ENSG00000241058,0,18190
ENSG00000241233,0,18191
ENSG00000241468,0,18192
ENSG00000241476,0,18193
ENSG00000241553,0,18194
ENSG00000241563,0,18195
ENSG00000241595,0,18196
ENSG00000241598,0,18197
ENSG00000241945,0,18198
ENSG00000242019,0,18199
ENSG00000242247,0,18200
ENSG00000242252,0,18201
ENSG00000242362,0,18202
ENSG00000242389,0,18203
ENSG00000242485,0,18204
ENSG00000242498,0,18205
ENSG00000242515,0,18206
ENSG00000242689,0,18207
ENSG00000242852,0,18208
ENSG00000242875,0,18209
ENSG00000243056,0,18210
ENSG00000243073,0,18211
ENSG00000243130,0,18212
ENSG00000243147,0,18213
ENSG00000243156,0,18214
ENSG00000243244,0,18215
ENSG00000243489,0,18216
ENSG00000243543,0,18217
ENSG00000243660,0,18218
ENSG00000243729,0,18219
ENSG00000244020,0,18220
ENSG00000244025,0,18221
ENSG00000244057,0,18222
ENSG00000244067,0,18223
ENSG00000244362,0,18224
ENSG00000244395,0,18225
ENSG00000244462,0,18226
ENSG00000244509,0,18227
ENSG00000244537,0,18228
ENSG00000244623,0,18229
ENSG00000244624,0,18230
ENSG00000244752,0,18231
ENSG00000244754,0,18232
ENSG00000245848,0,18233
ENSG00000247077,0,18234
ENSG00000248333,0,18235
ENSG00000248385,0,18236
ENSG00000248920,0,18237
ENSG00000248933,0,18238
ENSG00000249104,0,18239
ENSG00000249115,0,18240
ENSG00000249222,0,18241
ENSG00000249471,0,18242
ENSG00000249481,0,18243
ENSG00000249581,0,18244
ENSG00000249693,0,18245
ENSG00000249811,0,18246
ENSG00000249853,0,18247
ENSG00000249861,0,18248
ENSG00000250254,0,18249
ENSG00000250305,0,18250
ENSG00000250361,0,18251
ENSG00000250565,0,18252
ENSG00000250745,0,18253
ENSG00000250799,0,18254
ENSG00000250844,0,18255
ENSG00000251258,0,18256
ENSG00000251692,0,18257
ENSG00000253159,0,18258
ENSG00000253276,0,18259
ENSG00000253626,0,18260
ENSG00000253797,0,18261
ENSG00000253873,0,18262
ENSG00000254004,0,18263
ENSG00000254087,0,18264
ENSG00000254415,0,18265
ENSG00000254466,0,18266
ENSG00000254470,0,18267
ENSG00000254550,0,18268
ENSG00000254636,0,18269
ENSG00000254647,0,18270
ENSG00000254737,0,18271
ENSG00000254834,0,18272
ENSG00000254986,0,18273
ENSG00000255012,0,18274
ENSG00000255112,0,18275
ENSG00000255181,0,18276
ENSG00000255223,0,18277
ENSG00000255307,0,18278
ENSG00000255374,0,18279
ENSG00000255561,0,18280
ENSG00000255582,0,18281
ENSG00000255713,0,18282
ENSG00000255837,0,18283
ENSG00000256053,0,18284
ENSG00000256060,0,18285
ENSG00000256269,0,18286
ENSG00000256394,0,18287
ENSG00000256436,0,18288
ENSG00000256525,0,18289
ENSG00000256574,0,18290
ENSG00000256713,0,18291
ENSG00000256771,0,18292
ENSG00000257008,0,18293
ENSG00000257093,0,18294
ENSG00000257103,0,18295
ENSG00000257115,0,18296
ENSG00000257218,0,18297
ENSG00000257446,0,18298
ENSG00000257743,0,18299
ENSG00000257923,0,18300
ENSG00000258083,0,18301
ENSG00000258223,0,18302
ENSG00000258429,0,18303
ENSG00000258436,0,18304
ENSG00000258817,0,18305
ENSG00000258873,0,18306
ENSG00000258992,0,18307
ENSG00000259384,0,18308
ENSG00000260001,0,18309
ENSG00000260230,0,18310
ENSG00000260286,0,18311
ENSG00000260903,0,18312
ENSG00000261210,0,18313
ENSG00000261272,0,18314
ENSG00000261609,0,18315
ENSG00000261794,0,18316
ENSG00000261949,0,18317
ENSG00000262628,0,18318
ENSG00000263002,0,18319
ENSG00000266173,0,18320
ENSG00000267060,0,18321
ENSG00000267508,0,18322
ENSG00000267631,0,18323
ENSG00000267796,0,18324
ENSG00000267909,0,18325
ENSG00000268964,0,18326
ENSG00000269058,0,18327
ENSG00000269067,0,18328
ENSG00000269113,0,18329
ENSG00000269190,0,18330
ENSG00000271079,0,18331
ENSG00000271271,0,18332
