Ensembl,ReferenceKey,SampleN,MedianB,Q25,Q75,Min,Max
ENSG00000004799,GSE103520_MCF10A_control,3,1.39445163323831,1.19622979794809,1.58791289918255,0.998007962657874,1.7813741651268
ENSG00000004864,GSE103520_MCF10A_control,3,3.40981343856713,3.39414906936389,3.58989258977194,3.37848470016064,3.76997174097674
ENSG00000005882,GSE103520_MCF10A_control,3,0.383176459502247,0.231588886903814,0.479502263981069,0.0800013143053818,0.57582806845989
ENSG00000008405,GSE103520_MCF10A_control,3,1.83525489488812,1.79028703304293,1.95493922015848,1.74531917119773,2.07462354542884
ENSG00000014641,GSE103520_MCF10A_control,3,3.6722635606962,3.60500465980929,3.73507734091284,3.53774575892237,3.79789112112947
ENSG00000060762,GSE103520_MCF10A_control,3,4.43902355795108,4.24127102031099,4.44363601129317,4.0435184826709,4.44824846463526
ENSG00000062485,GSE103520_MCF10A_control,3,5.21457048567171,5.15107590661248,5.24807692563075,5.08758132755325,5.28158336558978
ENSG00000063854,GSE103520_MCF10A_control,3,1.93815431000812,1.83111706196608,2.08760261886758,1.72407981392403,2.23705092772703
ENSG00000067057,GSE103520_MCF10A_control,3,3.04586937553618,3.03194592546696,3.15137871295601,3.01802247539773,3.25688805037583
ENSG00000067225,GSE103520_MCF10A_control,3,4.83490796440278,4.69053326720059,4.84194729019664,4.54615856999839,4.84898661599049
ENSG00000067829,GSE103520_MCF10A_control,3,3.37285112548432,3.25508879830925,3.39110517725592,3.13732647113417,3.40935922902752
ENSG00000067992,GSE103520_MCF10A_control,3,-0.111791346121823,-0.211394951203797,0.054553460754985,-0.310998556285771,0.220898267631793
ENSG00000068976,GSE103520_MCF10A_control,3,-0.785809861059954,-0.872743823416695,-0.617274378080002,-0.959677785773435,-0.448738895100049
ENSG00000073578,GSE103520_MCF10A_control,3,2.26509109851021,2.23279111644086,2.29681474869002,2.2004911343715,2.32853839886983
ENSG00000074800,GSE103520_MCF10A_control,3,6.56174109430312,6.54886755527659,6.60889455481402,6.53599401625005,6.65604801532492
ENSG00000076555,GSE103520_MCF10A_control,3,-0.31829769744943,-0.377776407511918,-0.286025351332344,-0.437255117574406,-0.253753005215258
ENSG00000079739,GSE103520_MCF10A_control,3,3.98765062269909,3.90202397433996,4.14989665883683,3.81639732598082,4.31214269497456
ENSG00000087299,GSE103520_MCF10A_control,3,1.47468675658718,1.43774596301533,1.50014569349651,1.40080516944348,1.52560463040583
ENSG00000090861,GSE103520_MCF10A_control,3,4.56497773967468,4.55889093500313,4.6874584440586,4.55280413033158,4.80993914844252
ENSG00000091140,GSE103520_MCF10A_control,3,5.06190835642578,5.03081314990678,5.07474484198952,4.99971794338777,5.08758132755325
ENSG00000091483,GSE103520_MCF10A_control,3,3.59101461057234,3.56227584317666,3.62001304538219,3.53353707578097,3.64901148019203
ENSG00000100156,GSE103520_MCF10A_control,3,-0.284220901160473,-0.638802660343036,-0.255660369086904,-0.993384419525598,-0.227099837013335
ENSG00000100412,GSE103520_MCF10A_control,3,2.32724080734432,2.28108767424007,2.35731549905052,2.23493454113582,2.38739019075672
ENSG00000100504,GSE103520_MCF10A_control,3,4.77839454725301,4.77092747407131,4.80629962914622,4.76346040088961,4.83420471103942
ENSG00000100889,GSE103520_MCF10A_control,3,3.19149972423364,3.17785714429672,3.31458244629348,3.16421456435979,3.43766516835331
ENSG00000100994,GSE103520_MCF10A_control,3,4.71002727841816,4.70695174116191,4.7560961898935,4.70387620390565,4.80216510136883
ENSG00000101365,GSE103520_MCF10A_control,3,3.41316560352136,3.25407830415803,3.46142879683181,3.09499100479471,3.50969199014226
ENSG00000102144,GSE103520_MCF10A_control,3,5.68436504958775,5.64132466909552,5.69917916656285,5.59828428860329,5.71399328353795
ENSG00000104635,GSE103520_MCF10A_control,3,4.99234561877953,4.94773420052597,4.99807443254505,4.9031227822724,5.00380324631057
ENSG00000105220,GSE103520_MCF10A_control,3,3.28013826087212,3.25767833741096,3.31797093391771,3.23521841394979,3.35580360696329
ENSG00000105679,GSE103520_MCF10A_control,3,0.938414197499323,0.82116233273466,1.16664147271329,0.703910467969997,1.39486874792725
ENSG00000105953,GSE103520_MCF10A_control,3,3.41427997982199,3.29712440311975,3.4717247286148,3.17996882641751,3.52916947740761
ENSG00000106633,GSE103520_MCF10A_control,3,-0.954756471797232,-0.957217128785333,-0.852312976327657,-0.959677785773435,-0.749869480858082
ENSG00000108515,GSE103520_MCF10A_control,3,4.08102548114319,3.85799179403141,4.12102909286282,3.63495810691962,4.16103270458245
ENSG00000108528,GSE103520_MCF10A_control,3,2.25426085438198,2.17018325267499,2.36257682532309,2.086105650968,2.4708927962642
ENSG00000109107,GSE103520_MCF10A_control,3,1.21448244375604,1.19444915348462,1.28954116491713,1.1744158632132,1.36459988607821
ENSG00000109819,GSE103520_MCF10A_control,3,-0.657782698103858,-0.704059613461264,-0.653106388488487,-0.75033652881867,-0.648430078873115
ENSG00000111640,GSE103520_MCF10A_control,3,11.1040845885845,11.0224560384267,11.2062283632464,10.9408274882688,11.3083721379083
ENSG00000111669,GSE103520_MCF10A_control,3,5.43308509751098,5.37690921541236,5.44240443340359,5.32073333331374,5.45172376929619
ENSG00000111674,GSE103520_MCF10A_control,3,-0.597508044913075,-0.660603776525679,-0.468022478409421,-0.723699508138282,-0.338536911905768
ENSG00000111716,GSE103520_MCF10A_control,3,8.42494160530699,8.37368570085066,8.45433482148854,8.32242979639433,8.4837280376701
ENSG00000112992,GSE103520_MCF10A_control,3,2.52512757113693,2.51806379012554,2.69787443923367,2.51100000911415,2.87062130733041
ENSG00000114021,GSE103520_MCF10A_control,3,2.3800385770329,2.34270630135028,2.40734280954126,2.30537402566766,2.43464704204962
ENSG00000114268,GSE103520_MCF10A_control,3,0.139701022325122,0.0915200397744159,0.326652079356045,0.0433390572237098,0.513603136386968
ENSG00000115159,GSE103520_MCF10A_control,3,4.31214269497456,4.24778177854916,4.40104738171603,4.18342086212376,4.4899520684575
ENSG00000116288,GSE103520_MCF10A_control,3,5.15343670029191,5.0882382222844,5.27813679334337,5.02303974427688,5.40283688639483
ENSG00000117118,GSE103520_MCF10A_control,3,5.56497309533323,5.5263804335751,5.68219365674694,5.48778777181697,5.79941421816065
ENSG00000118596,GSE103520_MCF10A_control,3,4.02449326302443,3.91710742477731,4.02928101430578,3.80972158653019,4.03406876558713
ENSG00000119689,GSE103520_MCF10A_control,3,3.7228251898528,3.6997555916015,3.74470521012049,3.67668599335019,3.76658523038818
ENSG00000120053,GSE103520_MCF10A_control,3,5.09758548922993,5.0153759297115,5.18320546529106,4.93316637019306,5.26882544135219
ENSG00000123836,GSE103520_MCF10A_control,3,2.46683170373398,2.43684937945445,2.50293626244066,2.40686705517491,2.53904082114733
ENSG00000124253,GSE103520_MCF10A_control,3,-0.959677785773435,-0.97012003145544,-0.926357376170716,-0.980562277137445,-0.893036966567996
ENSG00000124532,GSE103520_MCF10A_control,3,3.32512407071281,3.30655600195549,3.39458998247237,3.28798793319816,3.46405589423192
ENSG00000124608,GSE103520_MCF10A_control,3,1.34860626320189,1.32598648171589,1.37950231148817,1.30336670022988,1.41039835977445
ENSG00000124767,GSE103520_MCF10A_control,3,5.23047771170866,5.22412067671645,5.28372331218735,5.21776364172423,5.33696891266603
ENSG00000128272,GSE103520_MCF10A_control,3,6.25924080635728,6.2085282810584,6.26326259457916,6.15781575575951,6.26728438280103
ENSG00000130957,GSE103520_MCF10A_control,3,-0.722500215575929,-0.841089000674682,-0.548670250115386,-0.959677785773435,-0.374840284654843
ENSG00000131069,GSE103520_MCF10A_control,3,2.94759285339325,2.92920499512146,3.13635846205303,2.91081713684966,3.32512407071281
ENSG00000131482,GSE103520_MCF10A_control,3,-0.959677785773435,-0.97012003145544,-0.914998915147165,-0.980562277137445,-0.870320044520895
ENSG00000131828,GSE103520_MCF10A_control,3,3.92331795735145,3.91504729827231,3.9266842054496,3.90677663919317,3.93005045354776
ENSG00000132326,GSE103520_MCF10A_control,3,1.18458521917181,1.09684904877865,1.51334930111638,1.00911287838549,1.84211338306094
ENSG00000134056,GSE103520_MCF10A_control,3,2.45377658519179,2.4267461626263,2.49609096524045,2.39971574006081,2.5384053452891
ENSG00000134333,GSE103520_MCF10A_control,3,8.21957953786848,8.20596839677839,8.22868482198049,8.19235725568829,8.2377901060925
ENSG00000135094,GSE103520_MCF10A_control,3,-0.819717084439035,-0.853863920892437,-0.756340176293869,-0.888010757345838,-0.692963268148702
ENSG00000136143,GSE103520_MCF10A_control,3,3.0962558380288,3.08093704875762,3.1302352011943,3.06561825948643,3.16421456435979
ENSG00000136872,GSE103520_MCF10A_control,3,-0.517458580866216,-0.66235892225762,-0.0523509406282795,-0.807259263649023,0.412756699609657
ENSG00000137700,GSE103520_MCF10A_control,3,1.6671494076806,1.5577410277673,1.71557083849427,1.448332647854,1.76399226930793
ENSG00000138030,GSE103520_MCF10A_control,3,0.586764655431526,0.538754371457258,0.859271966068998,0.49074408748299,1.13177927670647
ENSG00000138207,GSE103520_MCF10A_control,3,-0.959677785773435,-0.97012003145544,-0.885926787026826,-0.980562277137445,-0.812175788280216
ENSG00000138400,GSE103520_MCF10A_control,3,-0.417254113582993,-0.459985436206712,-0.188944062677306,-0.50271675883043,0.0393659882283817
ENSG00000138413,GSE103520_MCF10A_control,3,3.84888285086933,3.68408925676024,3.87639043946173,3.51929566265115,3.90389802805413
ENSG00000141349,GSE103520_MCF10A_control,3,3.58297493721119,3.58011312920996,3.65742072637215,3.57725132120872,3.73186651553311
ENSG00000141526,GSE103520_MCF10A_control,3,1.78938235446838,1.71153429566844,1.81596407037045,1.63368623686849,1.84254578627251
ENSG00000141959,GSE103520_MCF10A_control,3,1.38230110388799,1.30312224249652,1.4629007919255,1.22394338110504,1.54350047996301
ENSG00000143158,GSE103520_MCF10A_control,3,4.68698169416333,4.61310242036224,4.69925265099513,4.53922314656115,4.71152360782692
ENSG00000143252,GSE103520_MCF10A_control,3,4.89782361016814,4.84366936433508,4.9154949901806,4.78951511850202,4.93316637019306
ENSG00000143627,GSE103520_MCF10A_control,3,-0.811450746401753,-0.831381053475398,-0.779376868028618,-0.851311360549042,-0.747302989655483
ENSG00000146701,GSE103520_MCF10A_control,3,5.57039841690902,5.53134539255811,5.63115166592384,5.4922923682072,5.69190491493865
ENSG00000148942,GSE103520_MCF10A_control,3,-0.941433560691579,-0.950555673232507,-0.924149099022159,-0.959677785773435,-0.90686463735274
ENSG00000149476,GSE103520_MCF10A_control,3,1.66894015344184,1.65284349754491,1.70060805378252,1.63674684164798,1.7322759541232
ENSG00000149925,GSE103520_MCF10A_control,3,6.93172497794592,6.93172497794592,6.94093582020233,6.93172497794592,6.95014666245873
ENSG00000150768,GSE103520_MCF10A_control,3,3.62518406824651,3.62420471569385,3.6719475204909,3.62322536314119,3.71871097273529
ENSG00000152254,GSE103520_MCF10A_control,3,-0.959677785773435,-0.976531102649517,-0.915250583616361,-0.993384419525598,-0.870823381459288
ENSG00000152256,GSE103520_MCF10A_control,3,2.23227038999234,2.22893355588185,2.26976038610404,2.22559672177137,2.30725038221574
ENSG00000152556,GSE103520_MCF10A_control,3,2.95564305729803,2.93537824777143,3.03706728172475,2.91511343824483,3.11849150615146
ENSG00000154079,GSE103520_MCF10A_control,3,0.895760048973805,0.84722136867649,1.01173978680813,0.798682688379174,1.12771952464246
ENSG00000155380,GSE103520_MCF10A_control,3,4.98004903149194,4.90712687126568,5.05220793507757,4.83420471103942,5.12436683866319
ENSG00000156510,GSE103520_MCF10A_control,3,-0.776329955248471,-0.884857187387035,-0.768206156433668,-0.993384419525598,-0.760082357618864
ENSG00000156515,GSE103520_MCF10A_control,3,3.33201271971618,3.26382637348792,3.36045879235435,3.19564002725965,3.38890486499252
ENSG00000158571,GSE103520_MCF10A_control,3,-0.31530946849813,-0.34301151849223,-0.273722891706151,-0.37071356848633,-0.232136314914172
ENSG00000159322,GSE103520_MCF10A_control,3,2.5047013189009,2.49644231694284,2.52821985303127,2.48818331498477,2.55173838716163
ENSG00000159399,GSE103520_MCF10A_control,3,4.09778910400489,4.0675977255114,4.15824036332857,4.03740634701791,4.21869162265225
ENSG00000160741,GSE103520_MCF10A_control,3,2.84885591955333,2.69934783125265,2.99915628079481,2.54983974295196,3.14945664203628
ENSG00000160883,GSE103520_MCF10A_control,3,-0.710825057108266,-0.852104738316932,-0.674892936437634,-0.993384419525598,-0.638960815767002
ENSG00000162688,GSE103520_MCF10A_control,3,2.80324454533594,2.78661119009491,2.82493444781121,2.76997783485388,2.84662435028647
ENSG00000163541,GSE103520_MCF10A_control,3,4.27327236001351,4.21036822224111,4.30563123356735,4.14746408446871,4.33799010712118
ENSG00000164951,GSE103520_MCF10A_control,3,2.34843756426507,2.3157575640592,2.35851529128166,2.28307756385333,2.36859301829825
ENSG00000165140,GSE103520_MCF10A_control,3,-0.959677785773435,-0.97012003145544,-0.582691865047284,-0.980562277137445,-0.205705944321133
ENSG00000166123,GSE103520_MCF10A_control,3,3.08571539784679,2.97554848612039,3.09994377383686,2.86538157439399,3.11417214982693
ENSG00000166411,GSE103520_MCF10A_control,3,3.63614296937171,3.55675962074454,3.70471087435837,3.47737627211736,3.77327877934502
ENSG00000166796,GSE103520_MCF10A_control,3,-0.959677785773435,-0.97012003145544,-0.897351209931496,-0.980562277137445,-0.835024634089557
ENSG00000166800,GSE103520_MCF10A_control,3,0.0457162573482038,-0.144848738176145,0.0674413064756254,-0.335413733700493,0.089166355603047
ENSG00000166816,GSE103520_MCF10A_control,3,-0.575065946343761,-0.767371866058598,-0.450784987616677,-0.959677785773435,-0.326504028889593
ENSG00000167588,GSE103520_MCF10A_control,3,-0.87673605277854,-0.909245118046726,-0.858039505720294,-0.941754183314911,-0.839342958662048
ENSG00000167701,GSE103520_MCF10A_control,3,-0.210457916143854,-0.536859395184633,-0.169104248325991,-0.863260874225413,-0.127750580508127
ENSG00000167985,GSE103520_MCF10A_control,3,3.75143345278027,3.65095877567356,3.81482746015127,3.55048409856684,3.87822146752226
ENSG00000168291,GSE103520_MCF10A_control,3,3.96226281667453,3.9582333397828,3.97976174263424,3.95420386289106,3.99726066859394
ENSG00000170525,GSE103520_MCF10A_control,3,1.72963120177182,1.67234915900374,1.76100446708255,1.61506711623565,1.79237773239328
ENSG00000170571,GSE103520_MCF10A_control,3,4.8407628495123,4.74594533963054,4.9038455291912,4.65112782974877,4.9669282088701
ENSG00000170950,GSE103520_MCF10A_control,3,-0.505337918567368,-0.580430821527115,-0.413668179832675,-0.655523724486862,-0.321998441097982
ENSG00000171314,GSE103520_MCF10A_control,3,4.18551356329511,4.13688997195601,4.22017719324259,4.08826638061691,4.25484082319006
ENSG00000171989,GSE103520_MCF10A_control,3,-0.104645214775182,-0.184554460870069,-0.079702582295297,-0.264463706964956,-0.0547599498154119
ENSG00000172270,GSE103520_MCF10A_control,3,5.7894531625248,5.76581390447739,5.83663625725067,5.74217464642998,5.88381935197654
ENSG00000172331,GSE103520_MCF10A_control,3,2.19798132427676,2.12031972877915,2.21247793602001,2.04265813328154,2.22697454776325
ENSG00000172340,GSE103520_MCF10A_control,3,4.41804636025349,4.38548505101094,4.50766992294171,4.35292374176839,4.59729348562993
ENSG00000172840,GSE103520_MCF10A_control,3,2.47308790813425,2.41206097068871,2.56905040601611,2.35103403324317,2.66501290389796
ENSG00000173599,GSE103520_MCF10A_control,3,1.13768312559953,1.04619418406068,1.19384082869404,0.954705242521825,1.24999853178854
ENSG00000175567,GSE103520_MCF10A_control,3,-0.611765155929954,-0.785721470851694,-0.511647022348751,-0.959677785773435,-0.411528888767549
ENSG00000180902,GSE103520_MCF10A_control,3,1.3076828476113,1.25618346504553,1.41275252091064,1.20468408247976,1.51782219420997
ENSG00000182054,GSE103520_MCF10A_control,3,1.13488883642198,1.06802030809555,1.16966686371386,1.00115177976911,1.20444489100574
ENSG00000183048,GSE103520_MCF10A_control,3,0.93386219581211,0.673309447710884,0.941565777766801,0.412756699609657,0.949269359721492
ENSG00000188316,GSE103520_MCF10A_control,3,0.370964951451977,0.340422633600689,0.398870230999005,0.309880315749402,0.426775510546032
ENSG00000197444,GSE103520_MCF10A_control,3,-0.911731752991489,-0.946147015064467,-0.837627674148241,-0.980562277137445,-0.763523595304992
ENSG00000198814,GSE103520_MCF10A_control,3,1.14014313411189,1.11300859438078,1.32347049576646,1.08587405464968,1.50679785742103
ENSG00000204370,GSE103520_MCF10A_control,3,5.10906486442851,5.03062779458338,5.23049007734774,4.95219072473825,5.35191529026696
ENSG00000214756,GSE103520_MCF10A_control,3,1.31154618409262,1.27851883511768,1.32982222936215,1.24549148614274,1.34809827463168
ENSG00000226784,GSE103520_MCF10A_control,3,4.24235443474813,4.16409134817391,4.26842630306009,4.08582826159968,4.29449817137205
ENSG00000256870,GSE103520_MCF10A_control,3,-0.959677785773435,-0.97012003145544,-0.952460592781971,-0.980562277137445,-0.945243399790507
ENSG00000004799,GSE114691_control_placenta,21,6.36226450682991,5.75920180726283,6.92229007320558,4.60750756272107,7.45455684520766
ENSG00000004864,GSE114691_control_placenta,21,4.02547018487076,3.79819651939999,4.10468362808513,3.67401680932646,4.28571144843039
ENSG00000005882,GSE114691_control_placenta,21,3.14343181170671,2.97850456935151,3.39892134985088,2.5638398074122,3.80169760781101
ENSG00000008405,GSE114691_control_placenta,21,3.60726228461467,3.45838797165134,3.91746793083234,3.13160770237756,4.18398475956222
ENSG00000014641,GSE114691_control_placenta,21,4.89567272829007,4.83084878702553,4.99076260355861,4.51431732872579,5.31815936981597
ENSG00000060762,GSE114691_control_placenta,21,3.80088115751954,3.68232604226987,3.94826370612789,3.43382041091641,4.038037120502
ENSG00000062485,GSE114691_control_placenta,21,5.36217251871155,5.28158816230421,5.48369885492588,5.18907913517324,5.63803472201419
ENSG00000063854,GSE114691_control_placenta,21,3.10540776370168,3.07533290400154,3.27812497743347,2.9645116700128,3.46042218314777
ENSG00000067057,GSE114691_control_placenta,21,1.81670411970638,1.5224303053576,2.23292286015332,1.30753827152164,2.96070805109915
ENSG00000067225,GSE114691_control_placenta,21,6.23021639901222,5.94510252759441,6.37072883178357,5.73009266266265,6.72934720423449
ENSG00000067829,GSE114691_control_placenta,21,4.92506142254986,4.87823534312695,4.9823468573217,4.77524208156486,5.18052443452197
ENSG00000067992,GSE114691_control_placenta,21,0.0823411514641018,-0.0231880536932019,0.161299863752548,-0.240958893415505,0.338329978015329
ENSG00000068976,GSE114691_control_placenta,21,0.90804256418564,0.833738658893125,0.994853930468754,0.486506589376032,1.14783784897785
ENSG00000073578,GSE114691_control_placenta,21,5.14805114189696,5.03744495011126,5.24640915776581,4.81896489470706,5.32265819830636
ENSG00000074800,GSE114691_control_placenta,21,7.00634989697731,6.80694281063989,7.29282475269417,6.35332110450069,7.72130596826301
ENSG00000076555,GSE114691_control_placenta,21,1.2958491833547,1.19714682922463,1.44736559510073,0.981324081667154,1.80429247213385
ENSG00000079739,GSE114691_control_placenta,21,5.51744447042528,5.28045537379289,5.8273726888804,4.35774811859289,6.12467569414093
ENSG00000087299,GSE114691_control_placenta,21,1.05330427132436,0.94235784344342,1.16511772622801,0.858701936101626,1.26701567890751
ENSG00000090861,GSE114691_control_placenta,21,4.46187970875758,4.31511699831966,4.58498407212922,4.17609968695679,4.88125147572796
ENSG00000091140,GSE114691_control_placenta,21,4.24642693030459,4.17793857381112,4.33031537736885,3.89963486156965,4.55439251975273
ENSG00000091483,GSE114691_control_placenta,21,3.50453925368829,3.43613168665619,3.62753798430724,3.16273543829019,3.9945410350898
ENSG00000100156,GSE114691_control_placenta,21,-0.0907115597684965,-0.251122514825794,0.0335017517606878,-0.422869342370122,0.136409262137707
ENSG00000100412,GSE114691_control_placenta,21,4.1223765614174,4.04043336750579,4.20767358172925,3.86823870071444,4.30634623474348
ENSG00000100504,GSE114691_control_placenta,21,5.0379973457724,4.91497774120526,5.17933070347669,4.18888954762,5.45827474114774
ENSG00000100889,GSE114691_control_placenta,21,2.2897058760963,2.0346971200689,2.44032581264264,1.86219204263102,2.94223599582433
ENSG00000100994,GSE114691_control_placenta,21,4.41895769034312,4.26318180554626,4.52607614736767,4.04988214320024,4.65479102438652
ENSG00000101365,GSE114691_control_placenta,21,5.40854661445465,5.35548339068488,5.48842297338262,5.27933052859483,5.81147061485786
ENSG00000102144,GSE114691_control_placenta,21,6.5886307608281,6.50627345304401,6.72498318003132,6.25455856292044,6.8382859817052
ENSG00000104635,GSE114691_control_placenta,21,2.72167202405263,2.47105545913723,3.87462717745414,1.94298847041826,4.9224178595941
ENSG00000105220,GSE114691_control_placenta,21,4.05900911160076,3.92508639700047,4.19283654287757,3.55848313340813,4.6705271325605
ENSG00000105679,GSE114691_control_placenta,21,-0.286550735121427,-0.462538935839967,-0.0529980383523009,-0.854390878435298,0.146703646483293
ENSG00000105953,GSE114691_control_placenta,21,6.34912528393569,6.18002075751976,6.4265764246907,5.8963491742122,6.58993465242116
ENSG00000106633,GSE114691_control_placenta,21,-0.331972048246435,-0.52649465125762,-0.0167730567668845,-0.727309495851204,0.538185532076037
ENSG00000108515,GSE114691_control_placenta,21,3.0137275090122,2.93463650419788,3.13706596556013,2.77231033548024,3.30554938208854
ENSG00000108528,GSE114691_control_placenta,21,5.25969888078707,5.17622976278371,5.33090838319227,5.102222341452,5.5493163772337
ENSG00000109107,GSE114691_control_placenta,21,0.492289105321471,0.366405540495964,0.579844307784221,0.0169066159683194,0.945209882814438
ENSG00000109819,GSE114691_control_placenta,21,-0.949726522167616,-0.965596673584291,-0.911013782085894,-0.99561928740495,-0.720385673236194
ENSG00000111640,GSE114691_control_placenta,21,9.68701915318742,9.21557008290979,9.79515305807234,8.8232858265318,10.4996728849716
ENSG00000111669,GSE114691_control_placenta,21,8.09890012743727,8.02909149565722,8.17902035739248,7.70135960365826,8.2960579622917
ENSG00000111674,GSE114691_control_placenta,21,1.51946874272283,1.23410678664855,1.69555618245247,0.4196675823561,1.94102588194806
ENSG00000111716,GSE114691_control_placenta,21,7.21669113420832,6.94241783302159,7.62624740950658,5.88588856931558,8.33574741839749
ENSG00000112992,GSE114691_control_placenta,21,2.57130541787534,2.40461978122844,2.76538380629487,2.09836223655369,3.1101380109242
ENSG00000114021,GSE114691_control_placenta,21,2.06181645886323,1.92778944186353,2.30421600763493,1.77514925451482,2.52834110966973
ENSG00000114268,GSE114691_control_placenta,21,3.5493029808935,3.33531834861036,3.64037063776439,2.99627934294489,3.97003931799514
ENSG00000115159,GSE114691_control_placenta,21,2.90985117015163,2.73962595561736,3.21304354890057,2.50040194684822,3.44790605446181
ENSG00000116288,GSE114691_control_placenta,21,6.32300026906785,6.22906511990014,6.45123173404027,5.95619099727226,6.9869711983376
ENSG00000117118,GSE114691_control_placenta,21,5.36168331709297,5.29298912076093,5.39263265576977,5.15239596900908,5.56127580291457
ENSG00000118596,GSE114691_control_placenta,21,-0.789888846942428,-0.812034640052763,-0.657557704451196,-0.886815550696057,-0.455176927343385
ENSG00000119689,GSE114691_control_placenta,21,5.79407141891785,5.76528789544934,5.83997984567839,5.63650177525997,6.23602517250006
ENSG00000120053,GSE114691_control_placenta,21,4.76112262151435,4.6705271325605,4.94835396818884,4.52559849208861,5.2365167861733
ENSG00000123836,GSE114691_control_placenta,21,1.3784800473249,1.23176390632592,1.49686724986326,0.980244665837104,1.7123601377653
ENSG00000124253,GSE114691_control_placenta,21,-0.851510027495753,-0.92358237986125,-0.753780873551922,-0.978421263756725,-0.481676944363096
ENSG00000124532,GSE114691_control_placenta,21,3.92756975666031,3.76997818671462,4.00002013606876,3.60648474977804,4.38193824556125
ENSG00000124608,GSE114691_control_placenta,21,2.81103966324536,2.72014811191837,2.97850456935151,2.40461978122844,3.37876132675459
ENSG00000124767,GSE114691_control_placenta,21,5.36021246724652,5.21170640762113,5.56127580291457,5.01035353563382,6.13087126284786
ENSG00000128272,GSE114691_control_placenta,21,8.44205824826589,8.34095730609102,8.53794937586686,7.65996709871933,8.72430862598437
ENSG00000130957,GSE114691_control_placenta,21,-0.637345411493152,-0.742999475233341,-0.498524503097425,-0.839609391101983,-0.316924873431831
ENSG00000131069,GSE114691_control_placenta,21,4.58232406482416,4.47165520793573,4.70051198787421,4.21487442621917,5.1197073804341
ENSG00000131482,GSE114691_control_placenta,21,-0.583741403871402,-0.692762312481328,-0.438516585862677,-0.807936181998107,-0.106705921475823
ENSG00000131828,GSE114691_control_placenta,21,5.0379973457724,4.94835396818884,5.1352542778581,4.79700282291502,5.26936141315934
ENSG00000132326,GSE114691_control_placenta,21,2.56806679082092,2.42372994273876,2.87528747768616,1.8709574327899,3.22421157845736
ENSG00000134056,GSE114691_control_placenta,21,4.49565162190151,4.37079028078914,4.61260927596957,4.05392566004287,4.90639983469737
ENSG00000134333,GSE114691_control_placenta,21,6.30190372495116,5.91368874837925,6.53383079426245,5.28298341038468,7.05137066363103
ENSG00000135094,GSE114691_control_placenta,21,0.642233988209247,0.422048215383644,0.818162527231567,-0.0800874207842685,1.13641490005311
ENSG00000136143,GSE114691_control_placenta,21,3.16006034922246,3.04676599140409,3.20043902201387,2.75267496416038,3.39431353900019
ENSG00000136872,GSE114691_control_placenta,21,-0.902266975493681,-0.95552772272747,-0.866974611131926,-0.995860281495593,-0.506423556784237
ENSG00000137700,GSE114691_control_placenta,21,2.99277166063765,2.90003189872544,3.15979492416879,2.74346061091353,3.28088751423325
ENSG00000138030,GSE114691_control_placenta,21,0.493319723391461,0.245180469772243,0.788951832574276,-0.0598266846975398,1.07315037975762
ENSG00000138207,GSE114691_control_placenta,21,1.10350021893334,0.644451786740431,1.69763301237548,-0.0474320750776368,3.31817485448954
ENSG00000138400,GSE114691_control_placenta,21,-0.766646690152711,-0.855538394161381,-0.596605248867598,-0.994840613240873,-0.534334277179232
ENSG00000138413,GSE114691_control_placenta,21,5.87243786867282,5.71011629215353,6.05502337858001,5.28617309334662,6.50627345304401
ENSG00000141349,GSE114691_control_placenta,21,3.44823706675325,3.32632263362002,3.52864708208687,3.14274048045247,3.76101318820327
ENSG00000141526,GSE114691_control_placenta,21,4.97357502801793,4.37119741500021,5.16313283839056,3.45167548935136,6.04993561993389
ENSG00000141959,GSE114691_control_placenta,21,5.75275806560628,5.68854293759263,5.85870094368725,5.58242760187573,6.00198027275127
ENSG00000143158,GSE114691_control_placenta,21,4.52218031933593,4.32263357865883,4.73203458148378,4.13802156273487,5.2909586390462
ENSG00000143252,GSE114691_control_placenta,21,6.62513127400934,6.56467575070235,6.75623247337492,6.44366145743895,7.1586683471242
ENSG00000143627,GSE114691_control_placenta,21,-0.934866311331994,-0.994583369140861,-0.864043299907316,-0.996661456132471,-0.689973381007246
ENSG00000146701,GSE114691_control_placenta,21,5.8770111039033,5.77597623110718,5.93824351682235,5.65132769948407,6.3034048906021
ENSG00000148942,GSE114691_control_placenta,21,0.0197647220568152,-0.0844608546258551,0.133551704996361,-0.34603461931397,0.443371235467004
ENSG00000149476,GSE114691_control_placenta,21,2.63564785740301,2.5299759679733,2.70369382843779,2.44626878733767,2.8710000494417
ENSG00000149925,GSE114691_control_placenta,21,7.77191881507872,7.67347419666476,7.913599300285,7.2823738155412,8.09890012743727
ENSG00000150768,GSE114691_control_placenta,21,2.93246308387775,2.85784931913817,3.0536889104438,2.60210250756915,3.16809094237432
ENSG00000152254,GSE114691_control_placenta,21,-0.909771918126809,-0.945096573319969,-0.787431039149181,-0.996661456132471,-0.499461698148359
ENSG00000152256,GSE114691_control_placenta,21,0.990115344055455,0.895483407994884,1.14902294031381,0.348341708424971,1.58158406125819
ENSG00000152556,GSE114691_control_placenta,21,3.01312157029011,2.90370712183652,3.19525780590258,2.6729037749393,3.50961992725919
ENSG00000154079,GSE114691_control_placenta,21,4.33031537736885,4.19130354266968,4.39696699122018,3.81569557256537,4.63867708938903
ENSG00000155380,GSE114691_control_placenta,21,4.08195203261892,3.87504654877874,4.27338242975774,3.34306061169426,4.54038429305972
ENSG00000156510,GSE114691_control_placenta,21,-0.958533153476927,-0.994118888899472,-0.942996380126522,-0.996661456132471,-0.697830631235809
ENSG00000156515,GSE114691_control_placenta,21,5.23600055751072,5.12868157057606,5.35331954070627,4.88454527484382,5.60631050751352
ENSG00000158571,GSE114691_control_placenta,21,-0.515436813201398,-0.644283713628848,-0.438516585862677,-0.8984122646819,0.126375907999976
ENSG00000159322,GSE114691_control_placenta,21,4.60526156011107,4.54549850832625,4.70563430752074,4.45613956948387,4.86145604697433
ENSG00000159399,GSE114691_control_placenta,21,2.12900361677469,1.85875556007857,2.51558294381675,1.07260619061281,5.47699873129601
ENSG00000160741,GSE114691_control_placenta,21,5.28500868964982,5.14495668929766,5.38385006876311,4.89293309096571,5.5809861991416
ENSG00000160883,GSE114691_control_placenta,21,2.26526920249981,2.19395236823861,2.59002177344845,1.20342023575701,3.04141453450198
ENSG00000162688,GSE114691_control_placenta,21,3.53362459913563,3.36991778608462,4.02401254754153,2.90905463944571,4.65653683967457
ENSG00000163541,GSE114691_control_placenta,21,4.56408699548033,4.44276233608264,4.63954939712714,4.30333531251871,4.93195601281715
ENSG00000164951,GSE114691_control_placenta,21,2.51167343022182,2.38129809709046,2.6290022269763,2.2389903643003,2.87456789181373
ENSG00000165140,GSE114691_control_placenta,21,1.71286526993944,1.39659952397742,2.0489730301024,1.0304662047832,3.20148831225831
ENSG00000166123,GSE114691_control_placenta,21,2.53035321506244,2.332996337496,2.7843807993843,2.08068968784329,3.16488955251354
ENSG00000166411,GSE114691_control_placenta,21,3.77396951901892,3.6566033224683,3.86272126026395,3.42405007333848,4.03752468884531
ENSG00000166796,GSE114691_control_placenta,21,-0.88641325390603,-0.994310049778806,-0.770054390688643,-0.996135862224062,-0.564346453341764
ENSG00000166800,GSE114691_control_placenta,21,-0.273305840833539,-0.425511908984428,-0.200661827608526,-0.739849757166324,0.0608746375920593
ENSG00000166816,GSE114691_control_placenta,21,1.96568303124727,1.63721362615574,2.2467522007368,0.734371507640991,2.63021598910799
ENSG00000167588,GSE114691_control_placenta,21,-0.764525966039914,-0.832816626717356,-0.697157771138335,-0.93944850131146,-0.362886492510934
ENSG00000167701,GSE114691_control_placenta,21,0.157781738644477,0.0492903808604986,0.342852207746851,-0.278228639640583,0.909183262720618
ENSG00000167985,GSE114691_control_placenta,21,4.4802473329997,4.40850995493521,4.55029958437378,4.07275215377651,4.74341537286307
ENSG00000168291,GSE114691_control_placenta,21,4.81578555247996,4.59357334234156,4.85801404514604,4.40850995493521,5.0633741454953
ENSG00000170525,GSE114691_control_placenta,21,3.17626181490528,2.80780001736386,3.2680072591351,2.57813063872083,3.68367427644542
ENSG00000170571,GSE114691_control_placenta,21,3.45167548935136,3.34350386392755,3.81981452031462,2.657514804683,3.99772435566197
ENSG00000170950,GSE114691_control_placenta,21,-0.992797900485607,-0.994670782371379,-0.885362043389634,-0.997241008561757,-0.526067543713524
ENSG00000171314,GSE114691_control_placenta,21,8.21189410473042,8.12084918729103,8.40115196399756,7.86315259590368,8.71604696434685
ENSG00000171989,GSE114691_control_placenta,21,-0.481676944363096,-0.528363536833396,-0.351988881349348,-0.77197158034267,-0.157224571331298
ENSG00000172270,GSE114691_control_placenta,21,8.16143216350463,8.03968438733569,8.27531599329707,7.82555771731147,8.50415962199654
ENSG00000172331,GSE114691_control_placenta,21,8.36551679367274,8.06342895401011,8.75701908283588,6.90219396222845,9.18868134448631
ENSG00000172340,GSE114691_control_placenta,21,4.36683922439769,4.24946470126207,4.66693728320321,4.01597421584117,4.83181766789296
ENSG00000172840,GSE114691_control_placenta,21,1.70144130011466,1.60389759638749,1.79015894723065,1.3502681324356,2.01987332029749
ENSG00000173599,GSE114691_control_placenta,21,2.77686210713198,2.59080766571971,2.99798171211274,1.79212700768018,3.40183546370279
ENSG00000175567,GSE114691_control_placenta,21,4.75556768374485,4.62228819900911,5.19945715380139,3.89145515332069,5.73182938755578
ENSG00000180902,GSE114691_control_placenta,21,4.05469115170908,3.89928369513488,4.11817426989753,3.1343205812858,4.72245202134732
ENSG00000182054,GSE114691_control_placenta,21,7.04630863379976,6.79721004287172,7.16606382752605,6.45419543377986,7.47677193786947
ENSG00000183048,GSE114691_control_placenta,21,3.06932907396053,2.88150859591357,3.16565676266953,2.47257044324391,3.86303582877026
ENSG00000188316,GSE114691_control_placenta,21,-0.697830631235809,-0.777034649390397,-0.615142230210708,-0.887156476283275,-0.488140303771748
ENSG00000197444,GSE114691_control_placenta,21,-0.91557315869271,-0.967064932098802,-0.857216037223221,-0.99561928740495,-0.773985162963342
ENSG00000198814,GSE114691_control_placenta,21,1.83069757027949,1.67314977369441,2.17383431753694,1.21920698171667,2.9350124651161
ENSG00000204370,GSE114691_control_placenta,21,6.25601146350824,6.15395455778588,6.32142457155338,5.8894045836563,6.43828989883254
ENSG00000214756,GSE114691_control_placenta,21,1.2546759389994,1.00787131601198,1.42176517860289,0.813587287005318,1.68629987528907
ENSG00000226784,GSE114691_control_placenta,21,6.78840578950309,6.69009349859371,6.90855773045145,6.44806241399699,7.33470492031231
ENSG00000256870,GSE114691_control_placenta,21,-0.994234495785782,-0.995860281495593,-0.936163494050265,-0.997241008561757,-0.584103082225299
ENSG00000004799,GSE119834_NSC,8,-0.745827658749784,-0.971612710524918,0.0017680050788028,-0.984409560958697,0.846721741803265
ENSG00000004864,GSE119834_NSC,8,3.91357510002631,3.38901252568863,4.69709623647699,2.64152598941116,5.6218121432909
ENSG00000005882,GSE119834_NSC,8,2.78094734917274,2.1307508731117,3.05772145379272,2.03010386014011,3.34386024556287
ENSG00000008405,GSE119834_NSC,8,2.56408055882352,2.47394949016489,2.90947540690432,2.30763438863206,3.55592479645856
ENSG00000014641,GSE119834_NSC,8,5.21538800409677,4.79331875445073,5.42289473592053,4.59156330218521,6.39715573092543
ENSG00000060762,GSE119834_NSC,8,3.83922482193453,3.09072667726123,3.92722337973899,2.68491331183958,4.9371876663878
ENSG00000062485,GSE119834_NSC,8,5.19299544476623,5.0949482609702,5.35830060633042,4.91805344855774,5.55637209138939
ENSG00000063854,GSE119834_NSC,8,2.76731684060043,2.36580158297066,3.01862816880921,1.69432625165834,3.07400144371194
ENSG00000067057,GSE119834_NSC,8,3.87470516711565,3.01853301624881,4.95069085232477,2.17316560478051,5.94390368704308
ENSG00000067225,GSE119834_NSC,8,8.63910262371037,7.75744315138032,8.95650754732214,7.45904878209663,9.1710088188714
ENSG00000067829,GSE119834_NSC,8,4.35413917121102,4.00029920610105,4.59528092621946,3.14014955576724,4.74926177055452
ENSG00000067992,GSE119834_NSC,8,2.10460410541794,2.05677045443051,2.21789396767669,1.20339756717164,2.61275271024272
ENSG00000068976,GSE119834_NSC,8,-0.276891133817763,-0.404853607202377,0.266773361000967,-0.688523600660297,0.652711316033264
ENSG00000073578,GSE119834_NSC,8,3.70499739515719,3.58058208256486,4.06727305207834,3.30668403668642,4.57115380882358
ENSG00000074800,GSE119834_NSC,8,8.38882429650775,8.15893950563283,8.72096898671591,7.9245853186448,9.39566810502256
ENSG00000076555,GSE119834_NSC,8,0.840337639125824,0.459433926506957,1.17176077829506,0.179077617723753,1.47805999895401
ENSG00000079739,GSE119834_NSC,8,3.5946860347309,3.18118812987429,4.09591457168261,2.5946628348904,4.62616567940766
ENSG00000087299,GSE119834_NSC,8,0.879993442267745,0.823768345751441,1.12558152676443,0.64403519401913,1.54213351218694
ENSG00000090861,GSE119834_NSC,8,4.56118392757808,4.40112351459299,4.63483027794911,4.14568621458339,4.85195435561419
ENSG00000091140,GSE119834_NSC,8,4.15249798658421,3.98960987326892,4.53724466475788,3.74167380885563,4.91165170413749
ENSG00000091483,GSE119834_NSC,8,3.53711099333769,2.80971591951115,3.8943127178999,2.70155281506435,4.55635551682955
ENSG00000100156,GSE119834_NSC,8,-0.320629146387707,-0.361911998002097,-0.18687698862564,-0.518346054492044,-0.124538076770252
ENSG00000100412,GSE119834_NSC,8,3.07748094760506,2.90145808740085,3.30916674238186,2.80925942371521,3.85371491970879
ENSG00000100504,GSE119834_NSC,8,3.47135348500464,2.72457009289429,4.2994719407984,1.36578779234923,5.29087068849078
ENSG00000100889,GSE119834_NSC,8,1.93566729276925,1.20333033659863,2.47492129541126,-0.0388361624226547,4.0614521556405
ENSG00000100994,GSE119834_NSC,8,6.65269663036102,6.27408433077764,7.20183063407375,5.12346467665892,9.07758071829106
ENSG00000101365,GSE119834_NSC,8,4.70903275569514,4.551819280753,4.78447005944757,4.162449118941,4.86237223495492
ENSG00000102144,GSE119834_NSC,8,5.88486574220076,5.76897690852098,7.26512050965307,5.64964073639685,7.81184543802359
ENSG00000104635,GSE119834_NSC,8,3.57209222332556,3.06234020687194,3.98327528040428,2.22688153225125,4.52983779337985
ENSG00000105220,GSE119834_NSC,8,4.18205667973247,4.00191057443768,5.13092532468517,3.92708450158819,5.40912465263517
ENSG00000105679,GSE119834_NSC,8,1.9011275540188,1.55960411748746,2.44939077142746,0.96548371311333,2.95079852977896
ENSG00000105953,GSE119834_NSC,8,5.14701961182961,4.54041716506463,5.36973333808744,4.31351600389225,5.47160349909301
ENSG00000106633,GSE119834_NSC,8,-0.538041281237683,-0.680936655243135,-0.439306041611145,-0.813203945756842,1.54735449453424
ENSG00000108515,GSE119834_NSC,8,0.557653609741748,0.294555406404376,1.1897521006559,0.0439726454155402,1.70763012213872
ENSG00000108528,GSE119834_NSC,8,4.77070698709328,4.62629605749981,4.96669974528163,4.37295949031967,5.59334446916366
ENSG00000109107,GSE119834_NSC,8,2.36490435391532,1.56192441132269,3.5675726982507,-0.258164834479938,4.8908358009655
ENSG00000109819,GSE119834_NSC,8,0.100094075579042,-0.197356012606154,0.745176522999009,-0.35057485633261,3.07400144371194
ENSG00000111640,GSE119834_NSC,8,10.8486050418269,10.5773202257538,11.1011459311554,10.4260046958667,12.1054379570779
ENSG00000111669,GSE119834_NSC,8,7.9201952125377,7.83831367304242,8.90140690079221,7.52105053908364,9.28605388374718
ENSG00000111674,GSE119834_NSC,8,3.52401000261865,2.24464228606568,3.96490575546862,1.731094506838,4.26819789638686
ENSG00000111716,GSE119834_NSC,8,7.86427663923237,7.28723069524167,8.32838000526123,7.07756285715448,8.79703843798401
ENSG00000112992,GSE119834_NSC,8,3.69220934684969,3.54609556953067,3.72330540038486,3.25056057813698,4.13002077775191
ENSG00000114021,GSE119834_NSC,8,2.08264176727512,1.97731105378717,2.43639336395171,1.85084791597266,2.56570088003979
ENSG00000114268,GSE119834_NSC,8,2.1365147851053,1.89744254363333,2.72922409401229,1.83065093868045,3.90351367707597
ENSG00000115159,GSE119834_NSC,8,3.5343461228613,2.95424553835891,4.38826870074107,1.38610407134405,4.74708771043187
ENSG00000116288,GSE119834_NSC,8,6.03629557646319,5.78069493126628,6.15575048502113,5.49759186312948,6.48232912843173
ENSG00000117118,GSE119834_NSC,8,4.7553865975282,4.32974903231545,5.14043601265514,3.4563240322177,5.59505540687814
ENSG00000118596,GSE119834_NSC,8,0.155142057348689,-0.775651326769193,1.59122271560979,-0.908710912262417,3.11384590060605
ENSG00000119689,GSE119834_NSC,8,4.09058205980362,3.97283701872952,4.36274925134557,3.37967006493884,4.61200921719187
ENSG00000120053,GSE119834_NSC,8,4.33575479243309,4.09340841915462,4.65573537982622,3.96821120993379,4.88817355983271
ENSG00000123836,GSE119834_NSC,8,1.63660289982798,1.29660119130603,1.87939809484797,0.99856983843218,2.49290426112536
ENSG00000124253,GSE119834_NSC,8,-0.971619193304632,-0.975914515132297,-0.936247937643924,-0.984409560958697,0.18785623189431
ENSG00000124532,GSE119834_NSC,8,2.82933046835388,2.62074675142573,2.90988678275116,1.39749509253526,3.01327079713486
ENSG00000124608,GSE119834_NSC,8,3.02574547670285,2.64903026554575,3.39372813679734,2.59506277363235,4.39987891008282
ENSG00000124767,GSE119834_NSC,8,6.48658906800562,6.26780410895222,6.66183477851337,5.96689936039501,7.28095218359059
ENSG00000128272,GSE119834_NSC,8,7.15976006525757,7.0693952116063,7.35140910972117,6.48899377284731,7.81184543802359
ENSG00000130957,GSE119834_NSC,8,-0.963762871470838,-0.971612710524918,-0.345695228433213,-0.976145527111394,1.09637480472791
ENSG00000131069,GSE119834_NSC,8,3.36255232509477,3.12740992078602,3.56079457960987,2.60307714524797,5.39234766598772
ENSG00000131482,GSE119834_NSC,8,-0.971619193304632,-0.975914515132297,-0.943148841073768,-0.984409560958697,-0.73399649331703
ENSG00000131828,GSE119834_NSC,8,3.71876006090765,3.58247076700758,4.12782024078852,3.33083777118637,4.66226140692806
ENSG00000132326,GSE119834_NSC,8,1.25824791446649,1.04371023851299,1.47604163902297,0.357931066267992,2.06107114246735
ENSG00000134056,GSE119834_NSC,8,3.27844923752764,2.90634833481416,3.73756300008668,2.33730187776693,3.99012116218815
ENSG00000134333,GSE119834_NSC,8,5.9509273073885,4.66464193580646,7.58646537541828,1.92759618108119,9.43914228336228
ENSG00000135094,GSE119834_NSC,8,-0.840748354654897,-0.923764910730125,-0.650009352880657,-0.965890683136646,-0.553028914931144
ENSG00000136143,GSE119834_NSC,8,2.66680968853262,2.61010939370901,2.88670225241435,2.05214117179916,3.4124185206028
ENSG00000136872,GSE119834_NSC,8,-0.648597292853855,-0.890313846231178,-0.581456347441227,-0.971606227745203,-0.522987048267015
ENSG00000137700,GSE119834_NSC,8,2.00069028743337,1.66016614266568,2.63196304768701,1.20012469524935,3.42078887616411
ENSG00000138030,GSE119834_NSC,8,0.434039923240009,0.268591848339148,0.822494317257665,-0.0947712527975211,1.1908020583026
ENSG00000138207,GSE119834_NSC,8,-0.874236956942963,-0.972760500925895,-0.741934376201412,-0.982247857493021,0.0462944131624091
ENSG00000138400,GSE119834_NSC,8,0.822821008700237,0.644504718109965,1.11150230212537,0.38067548003735,1.67880439579141
ENSG00000138413,GSE119834_NSC,8,5.10900025973611,4.77665884034975,5.52526914920883,4.51728746101946,6.57928004788052
ENSG00000141349,GSE119834_NSC,8,2.7894132897151,2.68196743920818,3.0075833905148,2.53810590043,3.84351319765787
ENSG00000141526,GSE119834_NSC,8,0.331965898417328,-0.435589103648824,1.7343609657927,-0.597407868619167,5.08099365809373
ENSG00000141959,GSE119834_NSC,8,4.01764663694749,3.83758550309982,4.39524557155385,3.77766702278596,5.2943829121632
ENSG00000143158,GSE119834_NSC,8,4.67788819113357,3.25387352697835,4.97217156974239,3.02284390339562,5.81851879458473
ENSG00000143252,GSE119834_NSC,8,3.588308904593,3.45183802471888,4.09175775078453,3.37370299721976,5.2689979429916
ENSG00000143627,GSE119834_NSC,8,-0.58526498700126,-0.608266015250324,-0.459094443361608,-0.728951502094678,0.0688190505226451
ENSG00000146701,GSE119834_NSC,8,5.19685524193718,5.00859397396826,5.41204387950948,4.820101013048,5.68616960777471
ENSG00000148942,GSE119834_NSC,8,-0.875337517712031,-0.920311047541915,-0.795255935265646,-0.973803401012055,-0.710449843494791
ENSG00000149476,GSE119834_NSC,8,2.4772473002276,2.29163995625234,2.74198618756002,1.92458449664038,3.21931463543807
ENSG00000149925,GSE119834_NSC,8,6.38810622997545,5.93857567533042,7.72025589798555,5.42199941206767,8.29906938801528
ENSG00000150768,GSE119834_NSC,8,3.16925940696254,3.0556513896149,3.26586320089036,2.50218724183231,3.57667057115618
ENSG00000152254,GSE119834_NSC,8,-0.879978148521219,-0.962698965637934,-0.731561870098066,-0.973803401012055,-0.589407724266425
ENSG00000152256,GSE119834_NSC,8,1.3039303661092,1.10031259013151,1.87874339328704,0.852460312141949,3.2598091938215
ENSG00000152556,GSE119834_NSC,8,4.52360031434409,4.06772033393281,4.8796722764832,3.94522248288346,5.2791510128201
ENSG00000154079,GSE119834_NSC,8,2.58387199415811,2.50328413230322,2.87761196283198,2.49412559702541,3.82903268264729
ENSG00000155380,GSE119834_NSC,8,5.1895130322817,3.82181955410398,5.57991215230056,3.5071456859945,5.8692491862534
ENSG00000156510,GSE119834_NSC,8,-0.739652877827797,-0.892994826399575,-0.037522159318647,-0.965890683136646,1.91732416309833
ENSG00000156515,GSE119834_NSC,8,5.2152387976379,4.10224719048554,5.84339650128431,3.47243263905464,6.41845340188248
ENSG00000158571,GSE119834_NSC,8,-0.00725252620646566,-0.235971186035176,0.160068391838064,-0.393733416433551,0.822144556318587
ENSG00000159322,GSE119834_NSC,8,3.4696544762728,3.10252694093442,3.58917415610927,2.86899738357519,3.73120894802763
ENSG00000159399,GSE119834_NSC,8,2.17688345839413,1.33971450312281,2.82197937573913,1.04609503423768,5.51730789816648
ENSG00000160741,GSE119834_NSC,8,2.56730501294383,2.3462503793663,2.79921357656343,2.17031637858086,3.53344830500451
ENSG00000160883,GSE119834_NSC,8,-0.938202567025597,-0.97217496940106,-0.788669843178263,-0.976145527111394,-0.586187868093288
ENSG00000162688,GSE119834_NSC,8,2.74086200339948,2.48471514356232,2.97102025653388,2.1986260443019,3.23856932614744
ENSG00000163541,GSE119834_NSC,8,3.77229909713895,3.57666487212026,4.21591819563119,3.00238524299816,4.65790148319486
ENSG00000164951,GSE119834_NSC,8,4.27939664203701,3.10095211421889,6.68421747147015,2.26873244923237,8.28326239300234
ENSG00000165140,GSE119834_NSC,8,-0.754550109206135,-0.872369529236883,-0.429640112913228,-0.971632158864062,0.861990538317471
ENSG00000166123,GSE119834_NSC,8,2.74422514901663,2.63061643736938,3.86245128507749,2.26372820376666,5.25716009288643
ENSG00000166411,GSE119834_NSC,8,2.09759562500004,1.64231988389444,2.70545713052362,1.04288259620918,3.14258290246668
ENSG00000166796,GSE119834_NSC,8,-0.837471231878081,-0.972741052586751,-0.721679294859449,-0.984409560958697,-0.423529390039773
ENSG00000166800,GSE119834_NSC,8,0.211420123363708,-0.108208498401168,0.691210711331217,-0.533991313529363,1.00299585971821
ENSG00000166816,GSE119834_NSC,8,0.914264475501753,0.577680622388638,1.4234131808629,0.36991389505973,2.05059402074192
ENSG00000167588,GSE119834_NSC,8,-0.332843990710923,-0.437348226247205,-0.176799351053146,-0.575253781226395,5.84951258595772
ENSG00000167701,GSE119834_NSC,8,0.731583997392364,0.476584144630499,1.00874349304165,-0.251698770396532,1.04716154025036
ENSG00000167985,GSE119834_NSC,8,4.46012993240836,4.23353444727377,4.57673997381208,4.162449118941,4.66860006702727
ENSG00000168291,GSE119834_NSC,8,4.66345359152377,4.260639412508,4.96729120133207,3.48677574918695,5.53151939284038
ENSG00000170525,GSE119834_NSC,8,3.52273491957842,3.13542546911996,3.60171852122016,1.82621926928547,3.86574566076469
ENSG00000170571,GSE119834_NSC,8,1.94318480095501,-0.529582495427261,2.67760693311862,-0.895507273416286,3.76178077182678
ENSG00000170950,GSE119834_NSC,8,-0.824609775192939,-0.967319569288785,-0.714942357689099,-0.982247857493021,-0.607012867533254
ENSG00000171314,GSE119834_NSC,8,7.0892569743923,6.97466513458742,7.82070013484128,6.77272053059904,8.04155212161976
ENSG00000171989,GSE119834_NSC,8,0.404672041082463,0.0173607545016423,0.639500802571652,-0.354764732610076,0.92634724771971
ENSG00000172270,GSE119834_NSC,8,7.12279850670505,7.02885932068867,7.81085557976457,6.75709836798885,8.28326239300234
ENSG00000172331,GSE119834_NSC,8,4.20875205558639,3.64916775640125,4.64946637733388,2.55564931157233,5.0609693457655
ENSG00000172340,GSE119834_NSC,8,4.32326907757007,4.16885419128701,4.50273357913003,3.11337630997288,4.70597342354878
ENSG00000172840,GSE119834_NSC,8,1.14830311875313,0.798249224912486,1.24671433873053,0.58501227803555,1.28677420431199
ENSG00000173599,GSE119834_NSC,8,2.16126426705041,2.05907936082521,2.33341571321611,1.77503071964559,3.98530076334699
ENSG00000175567,GSE119834_NSC,8,1.97460023894687,1.49640678599739,2.46714804838805,0.509168389457012,3.39845597716933
ENSG00000180902,GSE119834_NSC,8,1.70915754423401,1.52628020892031,1.8590239800936,0.82351924203251,2.43110740147541
ENSG00000182054,GSE119834_NSC,8,5.54877253278173,4.96545419215949,5.95535577367275,3.07514909246474,6.85850564121966
ENSG00000183048,GSE119834_NSC,8,3.04663845801806,2.38410191275536,3.31771802371734,1.43848108299827,3.51256167661928
ENSG00000188316,GSE119834_NSC,8,0.67610159308507,0.424345326506101,1.75692318304794,-0.1784941526648,4.27186169501719
ENSG00000197444,GSE119834_NSC,8,1.00624417435529,0.167600162740638,1.27298918181865,-0.795226317080646,1.58074876442015
ENSG00000198814,GSE119834_NSC,8,1.29333735623786,0.862641148524485,1.56395002597121,0.749499236708141,1.951195252881
ENSG00000204370,GSE119834_NSC,8,3.96377797338399,3.57587554710048,4.48414229188315,3.47132997184529,5.48705533948829
ENSG00000214756,GSE119834_NSC,8,2.58943608247804,1.99322051470113,3.45735399246729,1.22133930417281,3.6659901812504
ENSG00000226784,GSE119834_NSC,8,3.17158805223003,3.0763925762352,4.16708256158745,2.75398333032576,4.5022082567991
ENSG00000256870,GSE119834_NSC,8,-0.968748455440925,-0.97217496940106,-0.951693738841205,-0.976145527111394,-0.833252551655106
ENSG00000004799,GSE132714_BPH,18,4.78970301148362,3.81441753887796,5.92933048313625,2.73005945470662,7.57485073029275
ENSG00000004864,GSE132714_BPH,18,3.75892313998281,3.5926184402014,4.05266613870126,3.17850332183048,4.30275524488979
ENSG00000005882,GSE132714_BPH,18,4.08594180915122,3.83650385061102,4.5751822479286,3.48851684654696,5.07273271252526
ENSG00000008405,GSE132714_BPH,18,3.3709621986548,2.99165415376694,3.61971761545477,2.56382618195696,4.32933883889579
ENSG00000014641,GSE132714_BPH,18,5.17591888556221,4.75986674593427,5.35554422159617,3.99461543652782,5.68039415191252
ENSG00000060762,GSE132714_BPH,18,5.06226736402206,4.834433058449,5.39334678386759,4.50019903208465,5.58331324663659
ENSG00000062485,GSE132714_BPH,18,5.5497762719683,5.35421901462754,5.70029028661315,5.07414844149413,6.03850756763501
ENSG00000063854,GSE132714_BPH,18,3.6622758202492,3.44012509532227,4.00213413072896,2.97076605733498,4.33842892166336
ENSG00000067057,GSE132714_BPH,18,5.23198122533692,4.98433143757018,5.80503811163098,4.50648175798915,6.29066624447044
ENSG00000067225,GSE132714_BPH,18,7.37967002736477,7.34504611551611,7.57741519811783,7.16643973141998,8.20502047664853
ENSG00000067829,GSE132714_BPH,18,5.43325884192097,5.07624863022332,5.78629659278295,4.84034763608124,6.65720762558677
ENSG00000067992,GSE132714_BPH,18,2.88123702793646,2.38918060704801,4.14973265008389,1.95821423754403,4.73448152806899
ENSG00000068976,GSE132714_BPH,18,2.70719159183886,2.35721091949974,3.39441139163406,1.91508066178554,4.01966169141999
ENSG00000073578,GSE132714_BPH,18,4.63620929586956,4.47338817877491,4.69907463474701,4.21214487889931,5.08378496121158
ENSG00000074800,GSE132714_BPH,18,7.74754632223087,7.53992781861799,7.85872648157906,7.19691350803519,8.04923050952344
ENSG00000076555,GSE132714_BPH,18,4.34947179194932,3.81514163066093,4.49935840960196,3.50617401944623,5.28964615641826
ENSG00000079739,GSE132714_BPH,18,5.3547589645224,5.10524913500958,5.73486859615354,4.81575629220376,6.20363613733381
ENSG00000087299,GSE132714_BPH,18,1.93606971919768,1.62755870571932,2.58096805127886,1.16064199507867,3.14271531543776
ENSG00000090861,GSE132714_BPH,18,5.92723831868108,5.85293245844826,6.14158796231844,5.45620409638268,6.54873719917601
ENSG00000091140,GSE132714_BPH,18,4.69759693258995,4.3638459298242,4.78757316679698,3.86904614348017,5.11665470339712
ENSG00000091483,GSE132714_BPH,18,5.0292368210975,4.86566201533764,5.36588552070409,4.36101090014694,5.80806802075829
ENSG00000100156,GSE132714_BPH,18,3.60105500873531,3.1499912273289,4.27187109243115,1.71959631941332,6.10799976713201
ENSG00000100412,GSE132714_BPH,18,6.18180612249135,6.0154574126953,6.35517731914984,5.91291155009317,6.66598465106241
ENSG00000100504,GSE132714_BPH,18,3.6233749229864,3.19030404323246,3.76867404887818,2.16551191441461,4.02666598593031
ENSG00000100889,GSE132714_BPH,18,3.39989300066909,3.24295299397971,3.56223185559975,2.83716109711452,4.13145342624155
ENSG00000100994,GSE132714_BPH,18,8.11856471233785,7.85060837149554,8.42692576778797,7.38607077265257,9.06704679252512
ENSG00000101365,GSE132714_BPH,18,5.85469247278684,5.52606158880782,6.14224506578555,5.04306194307302,6.43427786280836
ENSG00000102144,GSE132714_BPH,18,6.26886479881202,6.02901977135089,6.32389467773266,5.39239456348433,6.6032992954346
ENSG00000104635,GSE132714_BPH,18,3.93651104166355,3.69466253227219,4.15286497084964,2.6066585289896,5.62363645933231
ENSG00000105220,GSE132714_BPH,18,5.64322513677439,5.58129850145877,5.83329678444877,5.46005302961192,6.10425152404942
ENSG00000105679,GSE132714_BPH,18,2.91001134356884,2.71281317153664,3.21022678298595,2.18947392641913,3.54160506980353
ENSG00000105953,GSE132714_BPH,18,5.86571881369878,5.68328692304602,6.00823315843782,5.00259643902787,6.47633441877308
ENSG00000106633,GSE132714_BPH,18,0.211165417968282,-0.62476158202366,0.461004434528804,-0.98692358312207,1.21222803726664
ENSG00000108515,GSE132714_BPH,18,4.50260803528013,4.27187471731883,4.9920747583054,3.3668113993964,5.26657425208905
ENSG00000108528,GSE132714_BPH,18,5.15471430998795,4.96919698697136,5.34883908875819,4.69097260604044,5.70340984146624
ENSG00000109107,GSE132714_BPH,18,3.81167356899218,3.48150821603222,4.2494945223865,3.08419209791062,4.58118604711857
ENSG00000109819,GSE132714_BPH,18,1.79689684775526,1.27481010619292,2.46697988683663,0.835933190211975,3.50195620289652
ENSG00000111640,GSE132714_BPH,18,9.38118118829697,9.19638166293214,9.44234680978776,8.92433163776214,9.75129777903527
ENSG00000111669,GSE132714_BPH,18,7.17040701775529,6.91759331263765,7.37315932095506,6.33454254786345,8.02652413574997
ENSG00000111674,GSE132714_BPH,18,3.93095711178666,2.84333362368916,4.91100950935646,2.37248918467459,5.61486430628303
ENSG00000111716,GSE132714_BPH,18,6.98146761499918,6.67094800255089,7.25896157914579,6.13507845896889,7.49709991992341
ENSG00000112992,GSE132714_BPH,18,4.06364042442685,3.85488584238418,4.25539567001132,3.20780213044165,4.5533839859142
ENSG00000114021,GSE132714_BPH,18,4.38671827921,4.0554479412557,4.46861991409216,3.41212529914908,4.66828847572302
ENSG00000114268,GSE132714_BPH,18,2.2212209861885,1.9942941970843,2.66486707240042,1.52667371474945,3.08590231206173
ENSG00000115159,GSE132714_BPH,18,3.85297274930959,3.67989768229211,4.40773402788541,2.84225376748258,4.88052888965813
ENSG00000116288,GSE132714_BPH,18,6.75307971685176,6.4730218839765,7.24611468699029,5.75687549937288,7.57174661401052
ENSG00000117118,GSE132714_BPH,18,4.87067777870168,4.58632467262012,5.19315783793611,4.4956357124627,5.43854188317035
ENSG00000118596,GSE132714_BPH,18,1.16206060109062,0.3880931322939,1.59259889108831,-0.28057506217383,2.15194630732157
ENSG00000119689,GSE132714_BPH,18,5.45131903471232,5.00577381657795,5.70160721756543,4.75162115130468,5.87517844696969
ENSG00000120053,GSE132714_BPH,18,4.70731257220785,4.30247510696796,4.92949236645815,3.34581938341724,5.80989806508607
ENSG00000123836,GSE132714_BPH,18,2.44365107324217,2.15965180737185,2.65357716599326,1.46601694423362,3.30246416099813
ENSG00000124253,GSE132714_BPH,18,-0.90511750517168,-0.96711149201071,-0.710609404552594,-0.990491390295092,0.313071482065315
ENSG00000124532,GSE132714_BPH,18,4.0225064116639,3.79338908122121,4.07657117250382,3.60171538982938,4.57121634085872
ENSG00000124608,GSE132714_BPH,18,4.24267257387838,3.96917734846592,4.7089082216373,3.75229179338422,4.89851209325475
ENSG00000124767,GSE132714_BPH,18,6.84922078385932,6.52252570557273,7.12913732787231,6.19562999948562,7.99775851990761
ENSG00000128272,GSE132714_BPH,18,8.152549963734,7.95958558546582,8.4421183074655,7.66668132821887,8.63270422647683
ENSG00000130957,GSE132714_BPH,18,-0.205089337003711,-0.45620355184511,0.121218905098695,-0.913883620719081,1.30113020086259
ENSG00000131069,GSE132714_BPH,18,4.23624635195112,3.94591901811191,4.45579684634543,3.63708648579045,4.84068408064306
ENSG00000131482,GSE132714_BPH,18,-0.960411858905418,-0.982898816630811,-0.904107484803752,-0.991110205087709,-0.610546449217238
ENSG00000131828,GSE132714_BPH,18,4.82121653246352,4.57637298452487,5.04628392889773,4.43021974945312,5.34390614391185
ENSG00000132326,GSE132714_BPH,18,5.30176461700753,4.51205815723547,5.57229486215768,3.33419546595842,6.61181447037275
ENSG00000134056,GSE132714_BPH,18,3.75344201653583,3.35822075320941,4.16696458977001,2.40680543601219,4.54488592597739
ENSG00000134333,GSE132714_BPH,18,5.74460188284686,5.0502263831666,6.15363153988441,4.53179349347558,6.5998753571648
ENSG00000135094,GSE132714_BPH,18,1.39089047876094,1.06493798317432,1.8862920440042,-0.0382785889924375,2.97357577603504
ENSG00000136143,GSE132714_BPH,18,4.48874225150482,3.99070969662291,4.65763675155618,3.75433625632718,4.72203417821943
ENSG00000136872,GSE132714_BPH,18,-0.325728576877692,-0.573894708807659,-0.104461565878896,-0.994151548015464,0.196257769698994
ENSG00000137700,GSE132714_BPH,18,3.66258668555304,3.43058740340075,4.08772235861628,3.05779352913033,5.08700529773167
ENSG00000138030,GSE132714_BPH,18,1.58297424326001,1.22200903199354,2.25797511016808,0.491691076895006,2.88900965377783
ENSG00000138207,GSE132714_BPH,18,2.28422543463321,1.26478751012322,2.84859869151396,0.204264748556069,4.40928237650643
ENSG00000138400,GSE132714_BPH,18,1.44782778557197,0.922719573183263,1.62028793092335,0.723651214914122,1.75360626698399
ENSG00000138413,GSE132714_BPH,18,6.85037963040033,6.32350293738898,7.28470487322989,5.46144715424836,7.9759478101179
ENSG00000141349,GSE132714_BPH,18,4.22185482708366,3.80372445715968,4.54375322512573,2.89557380224051,5.28262259601074
ENSG00000141526,GSE132714_BPH,18,2.88858080259975,2.43906234361151,3.46204014025647,2.18852109575325,4.35413486186625
ENSG00000141959,GSE132714_BPH,18,5.86375373666309,5.67910926349449,6.08526998565592,5.13434699386306,6.47077348282932
ENSG00000143158,GSE132714_BPH,18,5.74723996129424,5.03452045694911,6.03570933863169,4.43076463145889,7.48599405292552
ENSG00000143252,GSE132714_BPH,18,5.47120739452991,4.81648044409634,5.86596047293661,4.44704483307874,6.24346805493817
ENSG00000143627,GSE132714_BPH,18,-0.853208141125056,-0.948014677137389,-0.67933994422307,-0.989246789336708,-0.25217773601402
ENSG00000146701,GSE132714_BPH,18,6.08960142765516,5.86762947819774,6.37252667208399,5.4368373785068,6.7308289825892
ENSG00000148942,GSE132714_BPH,18,-0.885478391955678,-0.923767409562134,-0.863720738083174,-0.975890932938737,-0.637787183064332
ENSG00000149476,GSE132714_BPH,18,4.14264632590268,3.77129389236127,4.37396895732388,3.61665414254392,4.67743514998711
ENSG00000149925,GSE132714_BPH,18,7.6225687923185,7.47493906418734,7.76053637353616,7.15626709374099,7.99336021194172
ENSG00000150768,GSE132714_BPH,18,3.77707209515537,3.56334841872792,3.82743573316204,2.84821806854493,4.48172473002116
ENSG00000152254,GSE132714_BPH,18,-0.832201751212,-0.915318857205779,-0.603525239318386,-0.983439652636984,1.05205867329049
ENSG00000152256,GSE132714_BPH,18,1.48921700036406,1.28312018787053,1.73419990919136,0.328867534789892,2.25920955549755
ENSG00000152556,GSE132714_BPH,18,4.45255528201637,4.35183281737914,4.66102173899431,3.67998399716252,4.86821246981398
ENSG00000154079,GSE132714_BPH,18,3.7407656572732,3.46557958245387,3.92439630008367,2.73776002992527,5.20618522724556
ENSG00000155380,GSE132714_BPH,18,3.08429741428698,2.61495413512895,3.48972886433538,1.76490745069328,4.49439857383704
ENSG00000156510,GSE132714_BPH,18,-0.734592646747783,-0.908958660057724,-0.339579118379784,-0.980520158659485,0.343756028312033
ENSG00000156515,GSE132714_BPH,18,6.30354860573969,6.10681359166486,6.42730827077621,6.00774424178859,6.60814322462675
ENSG00000158571,GSE132714_BPH,18,0.225604412259729,-0.133539644004002,0.641076722951247,-0.690715271630321,1.02385322811415
ENSG00000159322,GSE132714_BPH,18,5.17907652256498,4.90503087192367,5.53462263303862,4.76200963339218,5.83556834501256
ENSG00000159399,GSE132714_BPH,18,3.28771897520003,2.78156306127743,4.34093599325595,1.81152714864011,5.21304334353499
ENSG00000160741,GSE132714_BPH,18,5.28727155206888,4.3468860321412,5.50595862249432,3.98544352124761,5.87646059080432
ENSG00000160883,GSE132714_BPH,18,0.91637735420885,0.563633770160015,1.34146954412741,-0.673781986944224,2.96578094816189
ENSG00000162688,GSE132714_BPH,18,4.11147166405573,3.94009657990874,4.42982649209989,3.55805529089831,4.82301514964793
ENSG00000163541,GSE132714_BPH,18,4.87929632261759,4.54344262872434,5.13115785982974,4.06688464959896,5.30241742570399
ENSG00000164951,GSE132714_BPH,18,3.55586705871163,3.19003626861184,4.07126661280595,1.70824896750164,4.55370433042138
ENSG00000165140,GSE132714_BPH,18,4.73109826448308,3.5243373136427,5.12256603878732,3.15085212199209,5.7856783573832
ENSG00000166123,GSE132714_BPH,18,4.46609537047558,4.21463978656827,5.19126804012746,3.80010487552634,5.62521076811354
ENSG00000166411,GSE132714_BPH,18,3.99771402125382,3.69350895410731,4.25136580206442,3.35128182873758,4.93678926732651
ENSG00000166796,GSE132714_BPH,18,-0.774769785364592,-0.916668780472085,-0.499225427951681,-0.983439652636984,1.10617120919744
ENSG00000166800,GSE132714_BPH,18,0.124669730425489,-0.172647743144862,0.819392072733956,-0.904472148952231,1.55600194891476
ENSG00000166816,GSE132714_BPH,18,4.21108257229518,3.69986582954141,4.91769507253681,3.02203655395471,6.30190538270232
ENSG00000167588,GSE132714_BPH,18,0.265763480470568,0.0140073236183493,0.401515305234442,-0.890777171956977,0.971193453246893
ENSG00000167701,GSE132714_BPH,18,3.60367244247711,3.41249344711507,4.11038282998784,2.64640977744241,4.87019695452769
ENSG00000167985,GSE132714_BPH,18,4.66494466655768,4.53368968846585,4.93981029425968,4.08406471436249,5.06313895585587
ENSG00000168291,GSE132714_BPH,18,4.16714785199664,4.0042519935963,4.65649013382213,3.53038778923471,4.89605929335219
ENSG00000170525,GSE132714_BPH,18,4.71851503672172,4.3791924303101,5.34056988804017,3.86845596062778,6.62304722545365
ENSG00000170571,GSE132714_BPH,18,4.8080963723734,4.45010099907712,5.1225641236161,3.08533179012438,5.50605330456304
ENSG00000170950,GSE132714_BPH,18,-0.975648417024058,-0.983992261990272,-0.873094720257334,-0.995861087342947,-0.338072809623867
ENSG00000171314,GSE132714_BPH,18,5.16177955858489,4.83505181161311,5.63063411526508,4.33452740011025,6.24864525343878
ENSG00000171989,GSE132714_BPH,18,0.0087863544938374,-0.523560802345197,1.05316082967053,-0.982845921508058,2.09519533439028
ENSG00000172270,GSE132714_BPH,18,7.8190164659225,7.6184176164049,7.98900711148577,7.01066402533492,8.6251478592662
ENSG00000172331,GSE132714_BPH,18,3.57358490601371,2.90392675392129,3.98157582134741,2.42485135596008,4.46020963087071
ENSG00000172340,GSE132714_BPH,18,5.35973736486911,5.1498089463511,5.54037960698381,4.73866238106247,5.87771348356122
ENSG00000172840,GSE132714_BPH,18,1.97584219187842,1.6899065752052,2.54578241033596,0.371521523988363,3.36452032889985
ENSG00000173599,GSE132714_BPH,18,3.6746089719555,3.30698974345304,4.0691698685236,2.93062806739148,4.37655878570387
ENSG00000175567,GSE132714_BPH,18,3.14814811091695,2.34532762003608,3.97578362668355,1.22541861321774,4.92239558986474
ENSG00000180902,GSE132714_BPH,18,6.32172645406646,5.87082150542035,6.58898185264647,5.07237608505982,7.36179756075935
ENSG00000182054,GSE132714_BPH,18,6.78364470653006,6.50369343907227,7.31704565233766,6.28200058129277,7.67964551544947
ENSG00000183048,GSE132714_BPH,18,4.84586989521621,4.33078069699044,5.18907701463459,3.69894302350687,5.9762287803341
ENSG00000188316,GSE132714_BPH,18,1.14223860757964,1.02885560487871,1.56972949135076,0.531945772209287,2.19645338152997
ENSG00000197444,GSE132714_BPH,18,1.76958559788684,1.28349366027953,2.41580315129128,0.865270399793875,3.26124064643393
ENSG00000198814,GSE132714_BPH,18,1.73579637286512,1.43037661736914,1.78032284332356,0.506656451556416,2.90422743837471
ENSG00000204370,GSE132714_BPH,18,5.77365800043518,5.26193207199081,5.97716063862144,4.81441942952905,6.41820221394244
ENSG00000214756,GSE132714_BPH,18,3.1148985354945,2.25927537184202,4.1383740028722,1.96898831464136,5.72328525377786
ENSG00000226784,GSE132714_BPH,18,3.21594570423264,2.68114203374322,3.50873993281753,2.23760395184712,4.50850717675834
ENSG00000256870,GSE132714_BPH,18,0.330412085794059,-0.180919106824976,0.826748509072959,-0.832144155747837,1.94410502787944
ENSG00000004799,GSE163787_TALL104,1,-0.494430770914818,-0.494430770914818,-0.494430770914818,-0.494430770914818,-0.494430770914818
ENSG00000004864,GSE163787_TALL104,1,0.132782517245903,0.132782517245903,0.132782517245903,0.132782517245903,0.132782517245903
ENSG00000005882,GSE163787_TALL104,1,3.74871163464663,3.74871163464663,3.74871163464663,3.74871163464663,3.74871163464663
ENSG00000008405,GSE163787_TALL104,1,4.61263912762996,4.61263912762996,4.61263912762996,4.61263912762996,4.61263912762996
ENSG00000014641,GSE163787_TALL104,1,6.32853884136426,6.32853884136426,6.32853884136426,6.32853884136426,6.32853884136426
ENSG00000060762,GSE163787_TALL104,1,6.71456376968762,6.71456376968762,6.71456376968762,6.71456376968762,6.71456376968762
ENSG00000062485,GSE163787_TALL104,1,6.89052153709428,6.89052153709428,6.89052153709428,6.89052153709428,6.89052153709428
ENSG00000063854,GSE163787_TALL104,1,4.95630337302796,4.95630337302796,4.95630337302796,4.95630337302796,4.95630337302796
ENSG00000067057,GSE163787_TALL104,1,6.84236487303986,6.84236487303986,6.84236487303986,6.84236487303986,6.84236487303986
ENSG00000067225,GSE163787_TALL104,1,7.67994822951565,7.67994822951565,7.67994822951565,7.67994822951565,7.67994822951565
ENSG00000067829,GSE163787_TALL104,1,6.0489815569616,6.0489815569616,6.0489815569616,6.0489815569616,6.0489815569616
ENSG00000067992,GSE163787_TALL104,1,5.18263142269338,5.18263142269338,5.18263142269338,5.18263142269338,5.18263142269338
ENSG00000068976,GSE163787_TALL104,1,2.08161788084583,2.08161788084583,2.08161788084583,2.08161788084583,2.08161788084583
ENSG00000073578,GSE163787_TALL104,1,5.41964276772691,5.41964276772691,5.41964276772691,5.41964276772691,5.41964276772691
ENSG00000074800,GSE163787_TALL104,1,10.1477167783254,10.1477167783254,10.1477167783254,10.1477167783254,10.1477167783254
ENSG00000076555,GSE163787_TALL104,1,-0.462704007789592,-0.462704007789592,-0.462704007789592,-0.462704007789592,-0.462704007789592
ENSG00000079739,GSE163787_TALL104,1,4.65081685009923,4.65081685009923,4.65081685009923,4.65081685009923,4.65081685009923
ENSG00000087299,GSE163787_TALL104,1,3.37700749252984,3.37700749252984,3.37700749252984,3.37700749252984,3.37700749252984
ENSG00000090861,GSE163787_TALL104,1,7.27241091625441,7.27241091625441,7.27241091625441,7.27241091625441,7.27241091625441
ENSG00000091140,GSE163787_TALL104,1,5.45697700742537,5.45697700742537,5.45697700742537,5.45697700742537,5.45697700742537
ENSG00000091483,GSE163787_TALL104,1,5.69530961777249,5.69530961777249,5.69530961777249,5.69530961777249,5.69530961777249
ENSG00000100156,GSE163787_TALL104,1,-0.92642100298694,-0.92642100298694,-0.92642100298694,-0.92642100298694,-0.92642100298694
ENSG00000100412,GSE163787_TALL104,1,6.56548359580184,6.56548359580184,6.56548359580184,6.56548359580184,6.56548359580184
ENSG00000100504,GSE163787_TALL104,1,-0.0641773772132092,-0.0641773772132092,-0.0641773772132092,-0.0641773772132092,-0.0641773772132092
ENSG00000100889,GSE163787_TALL104,1,4.47386753882309,4.47386753882309,4.47386753882309,4.47386753882309,4.47386753882309
ENSG00000100994,GSE163787_TALL104,1,5.77829958551302,5.77829958551302,5.77829958551302,5.77829958551302,5.77829958551302
ENSG00000101365,GSE163787_TALL104,1,6.58996598640023,6.58996598640023,6.58996598640023,6.58996598640023,6.58996598640023
ENSG00000102144,GSE163787_TALL104,1,8.47772949814764,8.47772949814764,8.47772949814764,8.47772949814764,8.47772949814764
ENSG00000104635,GSE163787_TALL104,1,3.85504843926015,3.85504843926015,3.85504843926015,3.85504843926015,3.85504843926015
ENSG00000105220,GSE163787_TALL104,1,6.91474582617245,6.91474582617245,6.91474582617245,6.91474582617245,6.91474582617245
ENSG00000105679,GSE163787_TALL104,1,-0.377626073969863,-0.377626073969863,-0.377626073969863,-0.377626073969863,-0.377626073969863
ENSG00000105953,GSE163787_TALL104,1,6.13031116444544,6.13031116444544,6.13031116444544,6.13031116444544,6.13031116444544
ENSG00000106633,GSE163787_TALL104,1,-0.92642100298694,-0.92642100298694,-0.92642100298694,-0.92642100298694,-0.92642100298694
ENSG00000108515,GSE163787_TALL104,1,3.78445715322265,3.78445715322265,3.78445715322265,3.78445715322265,3.78445715322265
ENSG00000108528,GSE163787_TALL104,1,5.72669755933964,5.72669755933964,5.72669755933964,5.72669755933964,5.72669755933964
ENSG00000109107,GSE163787_TALL104,1,4.27276527247309,4.27276527247309,4.27276527247309,4.27276527247309,4.27276527247309
ENSG00000109819,GSE163787_TALL104,1,-0.655729361232975,-0.655729361232975,-0.655729361232975,-0.655729361232975,-0.655729361232975
ENSG00000111640,GSE163787_TALL104,1,10.6240657882206,10.6240657882206,10.6240657882206,10.6240657882206,10.6240657882206
ENSG00000111669,GSE163787_TALL104,1,8.24980904562041,8.24980904562041,8.24980904562041,8.24980904562041,8.24980904562041
ENSG00000111674,GSE163787_TALL104,1,5.47831628998032,5.47831628998032,5.47831628998032,5.47831628998032,5.47831628998032
ENSG00000111716,GSE163787_TALL104,1,8.27880043455782,8.27880043455782,8.27880043455782,8.27880043455782,8.27880043455782
ENSG00000112992,GSE163787_TALL104,1,5.83759854307737,5.83759854307737,5.83759854307737,5.83759854307737,5.83759854307737
ENSG00000114021,GSE163787_TALL104,1,4.52774186731616,4.52774186731616,4.52774186731616,4.52774186731616,4.52774186731616
ENSG00000114268,GSE163787_TALL104,1,1.37203151684993,1.37203151684993,1.37203151684993,1.37203151684993,1.37203151684993
ENSG00000115159,GSE163787_TALL104,1,3.25384364032991,3.25384364032991,3.25384364032991,3.25384364032991,3.25384364032991
ENSG00000116288,GSE163787_TALL104,1,7.14483210898799,7.14483210898799,7.14483210898799,7.14483210898799,7.14483210898799
ENSG00000117118,GSE163787_TALL104,1,5.8740950702469,5.8740950702469,5.8740950702469,5.8740950702469,5.8740950702469
ENSG00000118596,GSE163787_TALL104,1,4.60427314711919,4.60427314711919,4.60427314711919,4.60427314711919,4.60427314711919
ENSG00000119689,GSE163787_TALL104,1,6.70375913033535,6.70375913033535,6.70375913033535,6.70375913033535,6.70375913033535
ENSG00000120053,GSE163787_TALL104,1,5.12374460732193,5.12374460732193,5.12374460732193,5.12374460732193,5.12374460732193
ENSG00000123836,GSE163787_TALL104,1,3.64041494105945,3.64041494105945,3.64041494105945,3.64041494105945,3.64041494105945
ENSG00000124253,GSE163787_TALL104,1,-0.653406808835395,-0.653406808835395,-0.653406808835395,-0.653406808835395,-0.653406808835395
ENSG00000124532,GSE163787_TALL104,1,4.55815358455881,4.55815358455881,4.55815358455881,4.55815358455881,4.55815358455881
ENSG00000124608,GSE163787_TALL104,1,4.75122308428265,4.75122308428265,4.75122308428265,4.75122308428265,4.75122308428265
ENSG00000124767,GSE163787_TALL104,1,9.76931419918868,9.76931419918868,9.76931419918868,9.76931419918868,9.76931419918868
ENSG00000128272,GSE163787_TALL104,1,9.18273096500929,9.18273096500929,9.18273096500929,9.18273096500929,9.18273096500929
ENSG00000130957,GSE163787_TALL104,1,-0.92642100298694,-0.92642100298694,-0.92642100298694,-0.92642100298694,-0.92642100298694
ENSG00000131069,GSE163787_TALL104,1,1.67353244776547,1.67353244776547,1.67353244776547,1.67353244776547,1.67353244776547
ENSG00000131482,GSE163787_TALL104,1,-0.581215588642162,-0.581215588642162,-0.581215588642162,-0.581215588642162,-0.581215588642162
ENSG00000131828,GSE163787_TALL104,1,5.5849361294099,5.5849361294099,5.5849361294099,5.5849361294099,5.5849361294099
ENSG00000132326,GSE163787_TALL104,1,3.56978494816176,3.56978494816176,3.56978494816176,3.56978494816176,3.56978494816176
ENSG00000134056,GSE163787_TALL104,1,5.10495540791499,5.10495540791499,5.10495540791499,5.10495540791499,5.10495540791499
ENSG00000134333,GSE163787_TALL104,1,7.6470572213795,7.6470572213795,7.6470572213795,7.6470572213795,7.6470572213795
ENSG00000135094,GSE163787_TALL104,1,-0.92642100298694,-0.92642100298694,-0.92642100298694,-0.92642100298694,-0.92642100298694
ENSG00000136143,GSE163787_TALL104,1,5.23481655046395,5.23481655046395,5.23481655046395,5.23481655046395,5.23481655046395
ENSG00000136872,GSE163787_TALL104,1,-0.92642100298694,-0.92642100298694,-0.92642100298694,-0.92642100298694,-0.92642100298694
ENSG00000137700,GSE163787_TALL104,1,3.79547927170178,3.79547927170178,3.79547927170178,3.79547927170178,3.79547927170178
ENSG00000138030,GSE163787_TALL104,1,2.70308119581727,2.70308119581727,2.70308119581727,2.70308119581727,2.70308119581727
ENSG00000138207,GSE163787_TALL104,1,0.421053361037972,0.421053361037972,0.421053361037972,0.421053361037972,0.421053361037972
ENSG00000138400,GSE163787_TALL104,1,-0.92642100298694,-0.92642100298694,-0.92642100298694,-0.92642100298694,-0.92642100298694
ENSG00000138413,GSE163787_TALL104,1,5.12155424602333,5.12155424602333,5.12155424602333,5.12155424602333,5.12155424602333
ENSG00000141349,GSE163787_TALL104,1,3.52157536400777,3.52157536400777,3.52157536400777,3.52157536400777,3.52157536400777
ENSG00000141526,GSE163787_TALL104,1,3.76636063647111,3.76636063647111,3.76636063647111,3.76636063647111,3.76636063647111
ENSG00000141959,GSE163787_TALL104,1,5.10335913557365,5.10335913557365,5.10335913557365,5.10335913557365,5.10335913557365
ENSG00000143158,GSE163787_TALL104,1,5.23171077529151,5.23171077529151,5.23171077529151,5.23171077529151,5.23171077529151
ENSG00000143252,GSE163787_TALL104,1,6.70430543331831,6.70430543331831,6.70430543331831,6.70430543331831,6.70430543331831
ENSG00000143627,GSE163787_TALL104,1,-0.92642100298694,-0.92642100298694,-0.92642100298694,-0.92642100298694,-0.92642100298694
ENSG00000146701,GSE163787_TALL104,1,6.7617158637432,6.7617158637432,6.7617158637432,6.7617158637432,6.7617158637432
ENSG00000148942,GSE163787_TALL104,1,-0.92642100298694,-0.92642100298694,-0.92642100298694,-0.92642100298694,-0.92642100298694
ENSG00000149476,GSE163787_TALL104,1,3.27815310439914,3.27815310439914,3.27815310439914,3.27815310439914,3.27815310439914
ENSG00000149925,GSE163787_TALL104,1,7.47901938456626,7.47901938456626,7.47901938456626,7.47901938456626,7.47901938456626
ENSG00000150768,GSE163787_TALL104,1,4.39179867316166,4.39179867316166,4.39179867316166,4.39179867316166,4.39179867316166
ENSG00000152254,GSE163787_TALL104,1,-0.92642100298694,-0.92642100298694,-0.92642100298694,-0.92642100298694,-0.92642100298694
ENSG00000152256,GSE163787_TALL104,1,3.16691400564147,3.16691400564147,3.16691400564147,3.16691400564147,3.16691400564147
ENSG00000152556,GSE163787_TALL104,1,1.75176810193262,1.75176810193262,1.75176810193262,1.75176810193262,1.75176810193262
ENSG00000154079,GSE163787_TALL104,1,3.87122369680461,3.87122369680461,3.87122369680461,3.87122369680461,3.87122369680461
ENSG00000155380,GSE163787_TALL104,1,3.0864998148803,3.0864998148803,3.0864998148803,3.0864998148803,3.0864998148803
ENSG00000156510,GSE163787_TALL104,1,1.32121474022938,1.32121474022938,1.32121474022938,1.32121474022938,1.32121474022938
ENSG00000156515,GSE163787_TALL104,1,6.50408440655559,6.50408440655559,6.50408440655559,6.50408440655559,6.50408440655559
ENSG00000158571,GSE163787_TALL104,1,1.89080378626706,1.89080378626706,1.89080378626706,1.89080378626706,1.89080378626706
ENSG00000159322,GSE163787_TALL104,1,6.25958214446062,6.25958214446062,6.25958214446062,6.25958214446062,6.25958214446062
ENSG00000159399,GSE163787_TALL104,1,4.6481042339406,4.6481042339406,4.6481042339406,4.6481042339406,4.6481042339406
ENSG00000160741,GSE163787_TALL104,1,6.31780410374101,6.31780410374101,6.31780410374101,6.31780410374101,6.31780410374101
ENSG00000160883,GSE163787_TALL104,1,-0.147962400179881,-0.147962400179881,-0.147962400179881,-0.147962400179881,-0.147962400179881
ENSG00000162688,GSE163787_TALL104,1,4.69438023443329,4.69438023443329,4.69438023443329,4.69438023443329,4.69438023443329
ENSG00000163541,GSE163787_TALL104,1,5.34486556779357,5.34486556779357,5.34486556779357,5.34486556779357,5.34486556779357
ENSG00000164951,GSE163787_TALL104,1,4.76118808820628,4.76118808820628,4.76118808820628,4.76118808820628,4.76118808820628
ENSG00000165140,GSE163787_TALL104,1,-0.406288476948169,-0.406288476948169,-0.406288476948169,-0.406288476948169,-0.406288476948169
ENSG00000166123,GSE163787_TALL104,1,1.70788034849073,1.70788034849073,1.70788034849073,1.70788034849073,1.70788034849073
ENSG00000166411,GSE163787_TALL104,1,4.57422032276575,4.57422032276575,4.57422032276575,4.57422032276575,4.57422032276575
ENSG00000166796,GSE163787_TALL104,1,-0.92642100298694,-0.92642100298694,-0.92642100298694,-0.92642100298694,-0.92642100298694
ENSG00000166800,GSE163787_TALL104,1,-0.92642100298694,-0.92642100298694,-0.92642100298694,-0.92642100298694,-0.92642100298694
ENSG00000166816,GSE163787_TALL104,1,0.322847511687398,0.322847511687398,0.322847511687398,0.322847511687398,0.322847511687398
ENSG00000167588,GSE163787_TALL104,1,0.331448430647803,0.331448430647803,0.331448430647803,0.331448430647803,0.331448430647803
ENSG00000167701,GSE163787_TALL104,1,-0.344899521056625,-0.344899521056625,-0.344899521056625,-0.344899521056625,-0.344899521056625
ENSG00000167985,GSE163787_TALL104,1,3.4919609568567,3.4919609568567,3.4919609568567,3.4919609568567,3.4919609568567
ENSG00000168291,GSE163787_TALL104,1,5.68661203211286,5.68661203211286,5.68661203211286,5.68661203211286,5.68661203211286
ENSG00000170525,GSE163787_TALL104,1,6.04341679720386,6.04341679720386,6.04341679720386,6.04341679720386,6.04341679720386
ENSG00000170571,GSE163787_TALL104,1,8.25536628443467,8.25536628443467,8.25536628443467,8.25536628443467,8.25536628443467
ENSG00000170950,GSE163787_TALL104,1,-0.92642100298694,-0.92642100298694,-0.92642100298694,-0.92642100298694,-0.92642100298694
ENSG00000171314,GSE163787_TALL104,1,6.7125388273405,6.7125388273405,6.7125388273405,6.7125388273405,6.7125388273405
ENSG00000171989,GSE163787_TALL104,1,-0.92642100298694,-0.92642100298694,-0.92642100298694,-0.92642100298694,-0.92642100298694
ENSG00000172270,GSE163787_TALL104,1,7.64328564992684,7.64328564992684,7.64328564992684,7.64328564992684,7.64328564992684
ENSG00000172331,GSE163787_TALL104,1,4.14810646865849,4.14810646865849,4.14810646865849,4.14810646865849,4.14810646865849
ENSG00000172340,GSE163787_TALL104,1,6.50442328045572,6.50442328045572,6.50442328045572,6.50442328045572,6.50442328045572
ENSG00000172840,GSE163787_TALL104,1,4.20013281395418,4.20013281395418,4.20013281395418,4.20013281395418,4.20013281395418
ENSG00000173599,GSE163787_TALL104,1,2.17146786209863,2.17146786209863,2.17146786209863,2.17146786209863,2.17146786209863
ENSG00000175567,GSE163787_TALL104,1,6.24279080416926,6.24279080416926,6.24279080416926,6.24279080416926,6.24279080416926
ENSG00000180902,GSE163787_TALL104,1,4.21729404619652,4.21729404619652,4.21729404619652,4.21729404619652,4.21729404619652
ENSG00000182054,GSE163787_TALL104,1,6.81074676148701,6.81074676148701,6.81074676148701,6.81074676148701,6.81074676148701
ENSG00000183048,GSE163787_TALL104,1,1.42095934958359,1.42095934958359,1.42095934958359,1.42095934958359,1.42095934958359
ENSG00000188316,GSE163787_TALL104,1,-0.92642100298694,-0.92642100298694,-0.92642100298694,-0.92642100298694,-0.92642100298694
ENSG00000197444,GSE163787_TALL104,1,-0.665060696946675,-0.665060696946675,-0.665060696946675,-0.665060696946675,-0.665060696946675
ENSG00000198814,GSE163787_TALL104,1,2.70895544468438,2.70895544468438,2.70895544468438,2.70895544468438,2.70895544468438
ENSG00000204370,GSE163787_TALL104,1,6.06439160792289,6.06439160792289,6.06439160792289,6.06439160792289,6.06439160792289
ENSG00000214756,GSE163787_TALL104,1,2.16139394077779,2.16139394077779,2.16139394077779,2.16139394077779,2.16139394077779
ENSG00000226784,GSE163787_TALL104,1,0.648433534861665,0.648433534861665,0.648433534861665,0.648433534861665,0.648433534861665
ENSG00000256870,GSE163787_TALL104,1,-0.92642100298694,-0.92642100298694,-0.92642100298694,-0.92642100298694,-0.92642100298694
ENSG00000004799,GSE171750_A549_untreated,3,8.19875828944034,8.19631201601234,8.23646848430932,8.19386574258434,8.27417867917831
ENSG00000004864,GSE171750_A549_untreated,3,6.20594963970283,6.19027838187473,6.23968793179316,6.17460712404663,6.27342622388349
ENSG00000005882,GSE171750_A549_untreated,3,4.25303739618885,4.17694347373429,4.31204922291838,4.10084955127973,4.3710610496479
ENSG00000008405,GSE171750_A549_untreated,3,4.83025261064677,4.82291498181546,4.91530912205077,4.81557735298414,5.00036563345476
ENSG00000014641,GSE171750_A549_untreated,3,7.23644537709795,7.21832275663929,7.24920295729846,7.20020013618062,7.26196053749896
ENSG00000060762,GSE171750_A549_untreated,3,3.13831119258922,3.01006203431201,3.21528280560516,2.88181287603479,3.2922544186211
ENSG00000062485,GSE171750_A549_untreated,3,7.2059152515621,7.19772788303129,7.22168104264289,7.18954051450048,7.23744683372368
ENSG00000063854,GSE171750_A549_untreated,3,4.7089144953557,4.62831527366346,4.72481385727071,4.54771605197122,4.74071321918571
ENSG00000067057,GSE171750_A549_untreated,3,6.71310795434003,6.6861551330591,6.73026327970417,6.65920231177818,6.7474186050683
ENSG00000067225,GSE171750_A549_untreated,3,10.5795837044399,10.5599454944846,10.6109267084583,10.5403072845293,10.6422697124766
ENSG00000067829,GSE171750_A549_untreated,3,5.94450778708738,5.93619825763469,6.01793181522363,5.927888728182,6.09135584335988
ENSG00000067992,GSE171750_A549_untreated,3,3.4283567057468,3.42408720605976,3.46338934947653,3.41981770637271,3.49842199320626
ENSG00000068976,GSE171750_A549_untreated,3,-0.156802649165056,-0.539782381116566,-0.0907439658591139,-0.922762113068075,-0.0246852825531718
ENSG00000073578,GSE171750_A549_untreated,3,5.66237016889512,5.64966463970277,5.66628585890922,5.63695911051041,5.67020154892332
ENSG00000074800,GSE171750_A549_untreated,3,10.5645094423752,10.5577001342804,10.5720465734076,10.5508908261855,10.5795837044399
ENSG00000076555,GSE171750_A549_untreated,3,2.54385074233019,2.54116413117526,2.6158618781735,2.53847752002032,2.68787301401681
ENSG00000079739,GSE171750_A549_untreated,3,5.86474114146441,5.83997842996926,5.88912862545637,5.81521571847411,5.91351610944832
ENSG00000087299,GSE171750_A549_untreated,3,4.33859394476802,4.30124355904072,4.37633619323043,4.26389317331343,4.41407844169283
ENSG00000090861,GSE171750_A549_untreated,3,8.18304150829312,8.15944049506206,8.19906165830512,8.13583948183101,8.21508180831711
ENSG00000091140,GSE171750_A549_untreated,3,7.06309109953863,7.03220168996641,7.07278915305174,7.00131228039418,7.08248720656485
ENSG00000091483,GSE171750_A549_untreated,3,5.14765314371971,5.12842427767383,5.1565377421892,5.10919541162795,5.16542234065869
ENSG00000100156,GSE171750_A549_untreated,3,-0.922762113068075,-0.92736985529043,-0.914370395304783,-0.931977597512785,-0.905978677541492
ENSG00000100412,GSE171750_A549_untreated,3,4.99607199930384,4.94797150467725,5.03868596920603,4.89987101005066,5.08129993910822
ENSG00000100504,GSE171750_A549_untreated,3,6.13043239591846,6.10115369674143,6.14537099097213,6.07187499756439,6.16030958602581
ENSG00000100889,GSE171750_A549_untreated,3,6.72949156426365,6.71719050748893,6.754821136494,6.7048894507142,6.78015070872435
ENSG00000100994,GSE171750_A549_untreated,3,8.8847784184838,8.8794205384053,8.89946459445029,8.8740626583268,8.91415077041679
ENSG00000101365,GSE171750_A549_untreated,3,7.02501127811457,7.00219093607174,7.05292076606672,6.97937059402891,7.08083025401887
ENSG00000102144,GSE171750_A549_untreated,3,9.01480282782479,8.98249934817547,9.01984850834108,8.95019586852615,9.02489418885738
ENSG00000104635,GSE171750_A549_untreated,3,8.08325733260053,8.04473893029642,8.12092761784994,8.0062205279923,8.15859790309936
ENSG00000105220,GSE171750_A549_untreated,3,8.05382168058572,8.01746127830913,8.09930980925967,7.98110087603254,8.14479793793361
ENSG00000105679,GSE171750_A549_untreated,3,-0.922762113068075,-0.92736985529043,-0.914370395304783,-0.931977597512785,-0.905978677541492
ENSG00000105953,GSE171750_A549_untreated,3,5.65377172287231,5.55396103193336,5.65966856228281,5.4541503409944,5.6655654016933
ENSG00000106633,GSE171750_A549_untreated,3,-0.922762113068075,-0.92736985529043,-0.914370395304783,-0.931977597512785,-0.905978677541492
ENSG00000108515,GSE171750_A549_untreated,3,4.44662232506738,4.37293767632336,4.449159096035,4.29925302757934,4.45169586700263
ENSG00000108528,GSE171750_A549_untreated,3,6.36901768459917,6.31612326449664,6.44208258657052,6.2632288443941,6.51514748854187
ENSG00000109107,GSE171750_A549_untreated,3,1.84664518277172,1.67222783079362,1.86119407905795,1.49781047881551,1.87574297534418
ENSG00000109819,GSE171750_A549_untreated,3,1.23182889059806,1.12271581107429,1.32001382869626,1.01360273155051,1.40819876679445
ENSG00000111640,GSE171750_A549_untreated,3,12.6106580762384,12.5569687223342,12.6106580762384,12.5032793684299,12.6106580762384
ENSG00000111669,GSE171750_A549_untreated,3,9.85032422112068,9.85032422112068,9.91012460982605,9.85032422112068,9.96992499853142
ENSG00000111674,GSE171750_A549_untreated,3,4.20518474455968,4.18110176234259,4.24059517984319,4.15701878012551,4.2760056151267
ENSG00000111716,GSE171750_A549_untreated,3,11.1529877794629,11.1173759818319,11.1642116777384,11.0817641842009,11.1754355760139
ENSG00000112992,GSE171750_A549_untreated,3,4.13824837726757,4.11505297670715,4.19238581503047,4.09185757614674,4.24652325279337
ENSG00000114021,GSE171750_A549_untreated,3,4.1286585176261,4.10603043500896,4.14470943364544,4.08340235239183,4.16076034966478
ENSG00000114268,GSE171750_A549_untreated,3,1.5890944314483,1.40094476818862,1.82789189604986,1.21279510492894,2.06668936065142
ENSG00000115159,GSE171750_A549_untreated,3,6.13520765361162,6.12044197042872,6.16185705308132,6.10567628724581,6.18850645255102
ENSG00000116288,GSE171750_A549_untreated,3,8.04123258070372,8.03180014171836,8.06724341647585,8.02236770273299,8.09325425224797
ENSG00000117118,GSE171750_A549_untreated,3,6.63147815129724,6.56298020805298,6.65771222518734,6.49448226480871,6.68394629907744
ENSG00000118596,GSE171750_A549_untreated,3,1.15732614620073,1.13578744968861,1.2461456926903,1.11424875317649,1.33496523917987
ENSG00000119689,GSE171750_A549_untreated,3,6.62806527750408,6.61449771368321,6.64309387614133,6.60093014986233,6.65812247477857
ENSG00000120053,GSE171750_A549_untreated,3,7.65647977616855,7.58729567239748,7.68245136396091,7.51811156862641,7.70842295175327
ENSG00000123836,GSE171750_A549_untreated,3,3.86426596132515,3.83823793385507,3.88561679654311,3.81220990638498,3.90696763176106
ENSG00000124253,GSE171750_A549_untreated,3,-0.706947203080996,-0.814854658074536,-0.562647937089137,-0.922762113068075,-0.418348671097278
ENSG00000124532,GSE171750_A549_untreated,3,5.15813194321172,5.14121630057032,5.15982747041545,5.12430065792892,5.16152299761918
ENSG00000124608,GSE171750_A549_untreated,3,2.96818296652578,2.93449317789393,3.01821923818112,2.90080338926207,3.06825550983646
ENSG00000124767,GSE171750_A549_untreated,3,7.75901125509689,7.70531182068078,7.78696159746331,7.65161238626467,7.81491193982972
ENSG00000128272,GSE171750_A549_untreated,3,9.4029662843837,9.39612429995663,9.40504409539752,9.38928231552956,9.40712190641135
ENSG00000130957,GSE171750_A549_untreated,3,-0.922762113068075,-0.92736985529043,-0.914370395304783,-0.931977597512785,-0.905978677541492
ENSG00000131069,GSE171750_A549_untreated,3,4.08663792276536,4.05942746436007,4.16810434138007,4.03221700595478,4.24957075999477
ENSG00000131482,GSE171750_A549_untreated,3,-0.922762113068075,-0.92736985529043,-0.914370395304783,-0.931977597512785,-0.905978677541492
ENSG00000131828,GSE171750_A549_untreated,3,6.75669955052251,6.74014290337927,6.76203831661337,6.72358625623602,6.76737708270423
ENSG00000132326,GSE171750_A549_untreated,3,5.15440226971852,5.11688152323728,5.16779352997548,5.07936077675604,5.18118479023243
ENSG00000134056,GSE171750_A549_untreated,3,6.22222793105553,6.18019620654107,6.27748734142805,6.13816448202662,6.33274675180056
ENSG00000134333,GSE171750_A549_untreated,3,10.1977465744787,10.1726669473981,10.2148582054996,10.1475873203176,10.2319698365206
ENSG00000135094,GSE171750_A549_untreated,3,-0.922762113068075,-0.92736985529043,-0.914370395304783,-0.931977597512785,-0.905978677541492
ENSG00000136143,GSE171750_A549_untreated,3,5.08574363386371,5.079905501149,5.13199317274967,5.07406736843429,5.17824271163563
ENSG00000136872,GSE171750_A549_untreated,3,-0.905978677541492,-0.914370395304783,-0.743053813246202,-0.922762113068075,-0.580128948950911
ENSG00000137700,GSE171750_A549_untreated,3,3.40176232930943,3.3581610839801,3.42087118097013,3.31455983865077,3.43998003263082
ENSG00000138030,GSE171750_A549_untreated,3,3.51566240315552,3.32133939594288,3.60408042362048,3.12701638873025,3.69249844408544
ENSG00000138207,GSE171750_A549_untreated,3,6.19580748137269,6.19401408891189,6.19691475966964,6.19222069645109,6.19802203796658
ENSG00000138400,GSE171750_A549_untreated,3,1.35238670366133,1.30473908760724,1.54417703264708,1.25709147155315,1.73596736163282
ENSG00000138413,GSE171750_A549_untreated,3,9.38471447449926,9.28322466688556,9.39830370370596,9.18173485927186,9.41189293291265
ENSG00000141349,GSE171750_A549_untreated,3,5.07936077675604,5.04338041121553,5.14154871920044,5.00740004567501,5.20373666164484
ENSG00000141526,GSE171750_A549_untreated,3,3.86101273209399,3.85511447408019,4.11850863759904,3.84921621606638,4.37600454310408
ENSG00000141959,GSE171750_A549_untreated,3,4.29731321566674,4.26401392049857,4.42822519753546,4.2307146253304,4.55913717940419
ENSG00000143158,GSE171750_A549_untreated,3,7.09184808233484,7.05596764475639,7.10471103634384,7.02008720717793,7.11757399035283
ENSG00000143252,GSE171750_A549_untreated,3,7.8962401572438,7.88003874450296,7.9430224808697,7.86383733176211,7.98980480449559
ENSG00000143627,GSE171750_A549_untreated,3,0.459327826385769,-0.00750264360641548,0.472394922388019,-0.4743331135986,0.485462018390268
ENSG00000146701,GSE171750_A549_untreated,3,7.96534231555705,7.94932548229234,8.00187661685068,7.93330864902762,8.0384109181443
ENSG00000148942,GSE171750_A549_untreated,3,-0.922762113068075,-0.92736985529043,-0.914370395304783,-0.931977597512785,-0.905978677541492
ENSG00000149476,GSE171750_A549_untreated,3,4.24778680048895,4.22828071030762,4.37074031722432,4.20877462012629,4.49369383395969
ENSG00000149925,GSE171750_A549_untreated,3,9.65902435622047,9.64802518309632,9.71983326269256,9.63702600997217,9.78064216916465
ENSG00000150768,GSE171750_A549_untreated,3,5.10457478926096,5.0566212771513,5.12959993126268,5.00866776504163,5.15462507326439
ENSG00000152254,GSE171750_A549_untreated,3,-0.922762113068075,-0.92736985529043,-0.914370395304783,-0.931977597512785,-0.905978677541492
ENSG00000152256,GSE171750_A549_untreated,3,2.29489035475444,2.17621708782976,2.29558888766481,2.05754382090508,2.29628742057518
ENSG00000152556,GSE171750_A549_untreated,3,5.21876608852791,5.12939002917501,5.22564962255987,5.04001396982211,5.23253315659182
ENSG00000154079,GSE171750_A549_untreated,3,3.04668972560485,2.92548526593547,3.09687222502458,2.80428080626608,3.14705472444431
ENSG00000155380,GSE171750_A549_untreated,3,6.53812565213262,6.47212646390164,6.58837856236059,6.40612727567065,6.63863147258855
ENSG00000156510,GSE171750_A549_untreated,3,7.31502058512221,7.30155120297735,7.34718656484283,7.28808182083249,7.37935254456345
ENSG00000156515,GSE171750_A549_untreated,3,6.29099021329616,6.2783426363192,6.36999453482899,6.26569505934223,6.44899885636181
ENSG00000158571,GSE171750_A549_untreated,3,-0.189919108085489,-0.547948892813491,-0.0724997582679995,-0.905978677541492,0.0449195915494901
ENSG00000159322,GSE171750_A549_untreated,3,5.59833312074089,5.59077947320174,5.63302338878659,5.58322582566259,5.66771365683229
ENSG00000159399,GSE171750_A549_untreated,3,1.66666408549143,1.64584677383516,1.76319646449754,1.62502946217888,1.85972884350364
ENSG00000160741,GSE171750_A549_untreated,3,5.01068994045773,4.88071085337107,5.03459958863673,4.75073176628441,5.05850923681573
ENSG00000160883,GSE171750_A549_untreated,3,-0.197793995652265,-0.56027805436017,-0.192788727040675,-0.922762113068075,-0.187783458429085
ENSG00000162688,GSE171750_A549_untreated,3,4.76119289433736,4.64717598378901,4.76671712075322,4.53315907324066,4.77224134716907
ENSG00000163541,GSE171750_A549_untreated,3,6.2053113226617,6.17374805690959,6.22390729943399,6.14218479115748,6.24250327620627
ENSG00000164951,GSE171750_A549_untreated,3,2.58772794271244,2.53807748128057,2.71004549655345,2.48842701984869,2.83236305039445
ENSG00000165140,GSE171750_A549_untreated,3,-0.922762113068075,-0.92736985529043,-0.914370395304783,-0.931977597512785,-0.905978677541492
ENSG00000166123,GSE171750_A549_untreated,3,5.7526008547307,5.71152792312575,5.83158890531895,5.6704549915208,5.9105769559072
ENSG00000166411,GSE171750_A549_untreated,3,5.95302878041474,5.94219509985301,5.97325826792532,5.93136141929127,5.99348775543589
ENSG00000166796,GSE171750_A549_untreated,3,-0.291866254714266,-0.598922466127879,-0.020319858866416,-0.905978677541492,0.251226536981434
ENSG00000166800,GSE171750_A549_untreated,3,-0.922762113068075,-0.92736985529043,-0.914370395304783,-0.931977597512785,-0.905978677541492
ENSG00000166816,GSE171750_A549_untreated,3,2.011578051448,1.92028167716368,2.08390505490248,1.82898530287936,2.15623205835695
ENSG00000167588,GSE171750_A549_untreated,3,1.87716362195812,1.56531139935551,1.90335044284398,1.25345917675289,1.92953726372984
ENSG00000167701,GSE171750_A549_untreated,3,-0.300734583803916,-0.361353517269294,-0.207342769930579,-0.421972450734672,-0.113950956057243
ENSG00000167985,GSE171750_A549_untreated,3,5.98797321908771,5.85961878014983,6.05389190102356,5.73126434121195,6.1198105829594
ENSG00000168291,GSE171750_A549_untreated,3,5.9813352239877,5.95953502944339,6.01586827263656,5.93773483489908,6.05040132128542
ENSG00000170525,GSE171750_A549_untreated,3,6.144436544887,6.120992589549,6.24871026391827,6.09754863421101,6.35298398294954
ENSG00000170571,GSE171750_A549_untreated,3,3.95721670386225,3.81219746426939,4.00129566689593,3.66717822467652,4.04537462992962
ENSG00000170950,GSE171750_A549_untreated,3,-0.922762113068075,-0.92736985529043,-0.914370395304783,-0.931977597512785,-0.905978677541492
ENSG00000171314,GSE171750_A549_untreated,3,9.21982786996855,9.17412289489414,9.27416506398162,9.12841791981974,9.3285022579947
ENSG00000171989,GSE171750_A549_untreated,3,-0.922762113068075,-0.92736985529043,-0.914370395304783,-0.931977597512785,-0.905978677541492
ENSG00000172270,GSE171750_A549_untreated,3,8.6776421512445,8.67496957860362,8.70580934994318,8.67229700596273,8.73397654864186
ENSG00000172331,GSE171750_A549_untreated,3,5.09954117485261,5.0984884954991,5.17498066382233,5.09743581614558,5.25042015279205
ENSG00000172340,GSE171750_A549_untreated,3,6.85823971310908,6.82068947852056,6.8622588314838,6.78313924393203,6.86627794985852
ENSG00000172840,GSE171750_A549_untreated,3,4.01831245483787,3.93688099020688,4.02027233179736,3.85544952557589,4.02223220875684
ENSG00000173599,GSE171750_A549_untreated,3,4.65260008996013,4.62958930087807,4.78791164098812,4.606578511796,4.9232231920161
ENSG00000175567,GSE171750_A549_untreated,3,5.69885687500117,5.65166665239152,5.73033255506915,5.60447642978187,5.76180823513713
ENSG00000180902,GSE171750_A549_untreated,3,3.02633094425779,3.02355067910571,3.12921813089932,3.02077041395362,3.23210531754085
ENSG00000182054,GSE171750_A549_untreated,3,4.86532703700274,4.76813919472579,4.90445188395188,4.67095135244883,4.94357673090101
ENSG00000183048,GSE171750_A549_untreated,3,4.63637641873455,4.52603206654753,4.79940987719115,4.41568771436051,4.96244333564775
ENSG00000188316,GSE171750_A549_untreated,3,0.185088936558937,0.010948864373676,0.215129834233937,-0.163191207811585,0.245170731908937
ENSG00000197444,GSE171750_A549_untreated,3,-0.377295597269592,-0.520334056192776,-0.346365931588092,-0.663372515115959,-0.315436265906592
ENSG00000198814,GSE171750_A549_untreated,3,2.73879179011831,2.67419135966337,2.80272459119294,2.60959092920843,2.86665739226756
ENSG00000204370,GSE171750_A549_untreated,3,6.29413787729447,6.28225869723181,6.38826924636983,6.27037951716915,6.48240061544519
ENSG00000214756,GSE171750_A549_untreated,3,1.88330719816094,1.80180501530497,2.0397796356356,1.72030283244899,2.19625207311025
ENSG00000226784,GSE171750_A549_untreated,3,-0.905978677541492,-0.914370395304783,-0.288604237990704,-0.922762113068075,0.328770201560083
ENSG00000256870,GSE171750_A549_untreated,3,-0.922762113068075,-0.92736985529043,-0.914370395304783,-0.931977597512785,-0.905978677541492
ENSG00000004799,GSE181540_HS_input,3,3.62239937062871,3.55299997174373,3.902690211714,3.48360057285874,4.18298105279929
ENSG00000004864,GSE181540_HS_input,3,5.31036085067337,5.29384772206275,5.43892717588659,5.27733459345213,5.56749350109981
ENSG00000005882,GSE181540_HS_input,3,2.91230486717516,2.71907157271813,3.22328393309788,2.52583827826111,3.53426299902061
ENSG00000008405,GSE181540_HS_input,3,4.66756137816052,4.51514235415967,4.7334112189773,4.36272333015882,4.79926105979407
ENSG00000014641,GSE181540_HS_input,3,5.63512989716867,5.53496340256296,5.6942162732521,5.43479690795725,5.75330264933552
ENSG00000060762,GSE181540_HS_input,3,4.99836921674219,4.85917505139637,5.19504710022635,4.71998088605054,5.39172498371051
ENSG00000062485,GSE181540_HS_input,3,5.95424771936728,5.78766256814555,5.97851688502682,5.62107741692382,6.00278605068635
ENSG00000063854,GSE181540_HS_input,3,2.18178107969607,1.89765422778984,2.49456432541519,1.61352737588361,2.8073475711343
ENSG00000067057,GSE181540_HS_input,3,3.71708459525877,3.46126548952905,4.05848491150541,3.20544638379932,4.39988522775205
ENSG00000067225,GSE181540_HS_input,3,7.67762623695966,7.54731664320032,7.71144407186118,7.41700704944098,7.74526190676269
ENSG00000067829,GSE181540_HS_input,3,5.07394407118211,4.74564247642118,5.15913390022465,4.41734088166025,5.24432372926719
ENSG00000067992,GSE181540_HS_input,3,2.57284067536635,2.3468523273781,2.61012068923073,2.12086397938984,2.6474007030951
ENSG00000068976,GSE181540_HS_input,3,0.0389250995376878,-0.143019351980277,0.279648076767991,-0.324963803498241,0.520371053998294
ENSG00000073578,GSE181540_HS_input,3,4.14096222742089,3.77486369382637,4.15474509794504,3.40876516023185,4.16852796846919
ENSG00000074800,GSE181540_HS_input,3,8.37398423727999,8.36291388932955,8.39100998297992,8.35184354137911,8.40803572867985
ENSG00000076555,GSE181540_HS_input,3,1.17398131693311,1.10857122028502,1.52356342675823,1.04316112363694,1.87314553658335
ENSG00000079739,GSE181540_HS_input,3,5.62925658550069,5.58828726567826,5.7194841809631,5.54731794585583,5.80971177642551
ENSG00000087299,GSE181540_HS_input,3,1.52046447831522,1.19007492112724,1.70608742562214,0.859685363939255,1.89171037292906
ENSG00000090861,GSE181540_HS_input,3,4.6513277183384,4.6184980902431,4.6785586206357,4.5856684621478,4.705789522933
ENSG00000091140,GSE181540_HS_input,3,6.06784129982484,5.50779727018852,6.11754795551068,4.94775324055219,6.16725461119651
ENSG00000091483,GSE181540_HS_input,3,4.1663543957121,3.98201986525382,4.23511902406915,3.79768533479554,4.30388365242621
ENSG00000100156,GSE181540_HS_input,3,-0.936123360441884,-0.936593782900264,-0.93580716555889,-0.937064205358644,-0.935490970675897
ENSG00000100412,GSE181540_HS_input,3,3.74086655293002,3.69685185080153,4.00684008506531,3.65283714867303,4.27281361720059
ENSG00000100504,GSE181540_HS_input,3,6.51761743705218,6.12246934677459,6.5422205717543,5.727321256497,6.56682370645642
ENSG00000100889,GSE181540_HS_input,3,1.31652445760337,0.794772711835207,1.32814686475038,0.273020966067043,1.33976927189739
ENSG00000100994,GSE181540_HS_input,3,5.53361031293393,5.34178829403512,5.62447415409497,5.1499662751363,5.71533799525602
ENSG00000101365,GSE181540_HS_input,3,5.20149042029451,5.13853859447245,5.32048302826027,5.07558676865038,5.43947563622602
ENSG00000102144,GSE181540_HS_input,3,7.61609560306759,7.58232765280568,7.77039378309839,7.54855970254376,7.92469196312919
ENSG00000104635,GSE181540_HS_input,3,5.68907961853201,5.13737404033991,5.85095614159262,4.5856684621478,6.01283266465323
ENSG00000105220,GSE181540_HS_input,3,4.80770340971963,4.80365367164882,4.95594897284129,4.79960393357801,5.10419453596294
ENSG00000105679,GSE181540_HS_input,3,-0.936123360441884,-0.936593782900264,-0.93580716555889,-0.937064205358644,-0.935490970675897
ENSG00000105953,GSE181540_HS_input,3,5.63512989716867,5.51203078905336,5.7661648519792,5.38893168093805,5.89719980678972
ENSG00000106633,GSE181540_HS_input,3,-0.936123360441884,-0.936593782900264,-0.93580716555889,-0.937064205358644,-0.935490970675897
ENSG00000108515,GSE181540_HS_input,3,-0.936123360441884,-0.936593782900264,-0.93580716555889,-0.937064205358644,-0.935490970675897
ENSG00000108528,GSE181540_HS_input,3,4.89494542474022,4.6572788521165,4.96143209003812,4.41961227949278,5.02791875533602
ENSG00000109107,GSE181540_HS_input,3,3.55065647408695,3.12628995710236,3.91423081038277,2.70192344011777,4.27780514667858
ENSG00000109819,GSE181540_HS_input,3,0.324932141550593,0.071269741884051,1.05227744152576,-0.182392657782491,1.77962274150092
ENSG00000111640,GSE181540_HS_input,3,10.3753274636833,10.3063577881107,10.3895449787775,10.2373881125382,10.4037624938716
ENSG00000111669,GSE181540_HS_input,3,8.22019249425975,8.18623191954728,8.33080579180015,8.1522713448348,8.44141908934055
ENSG00000111674,GSE181540_HS_input,3,3.31512857887313,3.30998505862341,3.32267920271685,3.30484153837369,3.33022982656057
ENSG00000111716,GSE181540_HS_input,3,6.755266575491,6.62455231696465,6.83013768047156,6.49383805843829,6.90500878545212
ENSG00000112992,GSE181540_HS_input,3,4.25645781140976,4.25591511060209,4.30317099968341,4.25537240979443,4.34988418795706
ENSG00000114021,GSE181540_HS_input,3,3.11023654768609,2.98793395553827,3.35709624399425,2.86563136339044,3.60395594030241
ENSG00000114268,GSE181540_HS_input,3,3.30883871296418,2.90626031437646,3.53218959508678,2.50368191578874,3.75554047720937
ENSG00000115159,GSE181540_HS_input,3,3.72798318716205,3.61731879613455,4.03644616627551,3.50665440510705,4.34490914538896
ENSG00000116288,GSE181540_HS_input,3,6.87347057689224,6.58249108762776,6.89491293265794,6.29151159836327,6.91635528842363
ENSG00000117118,GSE181540_HS_input,3,5.27047713022895,4.81586281559278,5.35361881969846,4.3612485009566,5.43676050916797
ENSG00000118596,GSE181540_HS_input,3,3.9360157175107,3.88622557315501,4.04188455547146,3.83643542879931,4.14775339343222
ENSG00000119689,GSE181540_HS_input,3,5.76291760368551,5.76251342524102,5.81123035725798,5.76210924679652,5.85954311083044
ENSG00000120053,GSE181540_HS_input,3,4.39355831839592,4.15685926274954,4.60196518469753,3.92016020710317,4.81037205099914
ENSG00000123836,GSE181540_HS_input,3,4.27091343157209,4.19056003944668,4.44408517796546,4.11020664732126,4.61725692435882
ENSG00000124253,GSE181540_HS_input,3,-0.936123360441884,-0.936593782900264,-0.93580716555889,-0.937064205358644,-0.935490970675897
ENSG00000124532,GSE181540_HS_input,3,4.74016329705899,4.66768370453876,4.75675058361004,4.59520411201853,4.77333787016109
ENSG00000124608,GSE181540_HS_input,3,2.61616465098099,2.16561083315664,2.72560402489141,1.71505701533229,2.83504339880183
ENSG00000124767,GSE181540_HS_input,3,7.81675328950746,7.74455217652912,7.84047644665757,7.67235106355078,7.86419960380768
ENSG00000128272,GSE181540_HS_input,3,7.98949133942194,7.97679277338721,8.01344463066637,7.96409420735248,8.0373979219108
ENSG00000130957,GSE181540_HS_input,3,-0.936123360441884,-0.936593782900264,-0.93580716555889,-0.937064205358644,-0.935490970675897
ENSG00000131069,GSE181540_HS_input,3,3.42473994389883,3.34117986730961,3.56019571449751,3.25761979072038,3.69565148509618
ENSG00000131482,GSE181540_HS_input,3,-0.936123360441884,-0.936593782900264,-0.93580716555889,-0.937064205358644,-0.935490970675897
ENSG00000131828,GSE181540_HS_input,3,4.92963478149167,4.92239983442905,4.94178449183489,4.91516488736642,4.95393420217811
ENSG00000132326,GSE181540_HS_input,3,4.41211742642372,4.40841475210295,4.80040155204042,4.40471207778218,5.18868567765711
ENSG00000134056,GSE181540_HS_input,3,4.27758525584643,3.92303536977462,4.56308624118937,3.56848548370282,4.84858722653232
ENSG00000134333,GSE181540_HS_input,3,8.98979585038878,8.93615420445038,9.03761037794994,8.88251255851198,9.0854249055111
ENSG00000135094,GSE181540_HS_input,3,1.18288710691453,0.530401150648831,1.41430638997161,-0.122084805616868,1.64572567302869
ENSG00000136143,GSE181540_HS_input,3,3.91234319190072,3.7661213422591,4.04097031667752,3.61989949261747,4.16959744145432
ENSG00000136872,GSE181540_HS_input,3,-0.936123360441884,-0.936593782900264,-0.93580716555889,-0.937064205358644,-0.935490970675897
ENSG00000137700,GSE181540_HS_input,3,0.78835572597593,0.537218093645167,1.07689231932874,0.286080461314403,1.36542891268155
ENSG00000138030,GSE181540_HS_input,3,0.833905600673996,0.689510770304359,1.06734892716568,0.545115939934722,1.30079225365736
ENSG00000138207,GSE181540_HS_input,3,2.81702961338114,2.61779488144739,3.1709173760362,2.41856014951363,3.52480513869126
ENSG00000138400,GSE181540_HS_input,3,0.590576053040762,0.489270425727223,1.95039080284312,0.387964798413683,3.31020555264547
ENSG00000138413,GSE181540_HS_input,3,5.19363166387972,5.18750868175379,5.42120229083854,5.18138569962785,5.64877291779736
ENSG00000141349,GSE181540_HS_input,3,2.59553525417892,1.96126886738926,3.13657750713325,1.3270024805996,3.67761976008758
ENSG00000141526,GSE181540_HS_input,3,2.94077935517889,2.39186022576803,3.18729162570524,1.84294109635717,3.43380389623158
ENSG00000141959,GSE181540_HS_input,3,4.16055360317937,4.12741597790064,4.27791095606478,4.09427835262191,4.39526830895019
ENSG00000143158,GSE181540_HS_input,3,4.5702239541033,4.50120013898342,4.75961450128118,4.43217632386353,4.94900504845906
ENSG00000143252,GSE181540_HS_input,3,6.17786568921528,5.98348196056433,6.26274946339212,5.78909823191338,6.34763323756896
ENSG00000143627,GSE181540_HS_input,3,-0.936123360441884,-0.936593782900264,-0.93580716555889,-0.937064205358644,-0.935490970675897
ENSG00000146701,GSE181540_HS_input,3,5.24256472412551,5.17138018757512,5.29523341829696,5.10019565102473,5.34790211246841
ENSG00000148942,GSE181540_HS_input,3,0.519560066040616,0.260271205780334,0.663135004195005,0.000982345520051178,0.806709942349394
ENSG00000149476,GSE181540_HS_input,3,0.648503499280195,0.590817084804305,1.1416211618887,0.533130670328415,1.6347388244972
ENSG00000149925,GSE181540_HS_input,3,7.40079934142348,7.33039448170558,7.53045704055207,7.25998962198767,7.66011473968066
ENSG00000150768,GSE181540_HS_input,3,3.90561773197845,3.82866687840377,4.08629625205831,3.75171602482908,4.26697477213817
ENSG00000152254,GSE181540_HS_input,3,-0.936123360441884,-0.936593782900264,-0.93580716555889,-0.937064205358644,-0.935490970675897
ENSG00000152256,GSE181540_HS_input,3,4.6055820755181,4.59084199778619,4.70424618469126,4.57610192005427,4.80291029386441
ENSG00000152556,GSE181540_HS_input,3,3.94985867723418,3.6914583781313,3.96077535894181,3.43305807902841,3.97169204064943
ENSG00000154079,GSE181540_HS_input,3,3.54252115102742,3.33343967602675,4.0468751370024,3.12435820102607,4.55122912297737
ENSG00000155380,GSE181540_HS_input,3,5.76261358813438,5.69675065429531,5.84681900862196,5.63088772045624,5.93102442910953
ENSG00000156510,GSE181540_HS_input,3,-0.936123360441884,-0.936593782900264,-0.93580716555889,-0.937064205358644,-0.935490970675897
ENSG00000156515,GSE181540_HS_input,3,6.17864087451605,5.98561558959558,6.25700030404596,5.7925903046751,6.33535973357586
ENSG00000158571,GSE181540_HS_input,3,0.66639133831287,0.457639232889975,2.17940108798466,0.24888712746708,3.69241083765645
ENSG00000159322,GSE181540_HS_input,3,5.16314748798381,4.86313100423102,5.18384815516718,4.56311452047822,5.20454882235055
ENSG00000159399,GSE181540_HS_input,3,6.1361024126421,6.10131368708009,6.22903528856565,6.06652496151808,6.3219681644892
ENSG00000160741,GSE181540_HS_input,3,4.17863523815376,3.99739192967342,4.35754437105335,3.81614862119308,4.53645350395294
ENSG00000160883,GSE181540_HS_input,3,-0.936123360441884,-0.936593782900264,-0.93580716555889,-0.937064205358644,-0.935490970675897
ENSG00000162688,GSE181540_HS_input,3,4.80480298059965,4.66365879809868,4.87602915517164,4.5225146155977,4.94725532974362
ENSG00000163541,GSE181540_HS_input,3,5.64677325365477,5.38913139458859,5.94316580301721,5.1314895355224,6.23955835237964
ENSG00000164951,GSE181540_HS_input,3,4.96056387433478,4.94846685211557,5.19966872849035,4.93636982989636,5.43877358264592
ENSG00000165140,GSE181540_HS_input,3,2.53808045291546,1.88152509641246,3.87090750400407,1.22496973990946,5.20373455509267
ENSG00000166123,GSE181540_HS_input,3,3.67497811775972,3.651376259644,3.69952218915842,3.62777440152828,3.72406626055711
ENSG00000166411,GSE181540_HS_input,3,4.63363084826493,4.58356636091353,4.67476501757175,4.53350187356213,4.71589918687857
ENSG00000166796,GSE181540_HS_input,3,-0.936123360441884,-0.936593782900264,-0.93580716555889,-0.937064205358644,-0.935490970675897
ENSG00000166800,GSE181540_HS_input,3,-0.936123360441884,-0.936593782900264,-0.93580716555889,-0.937064205358644,-0.935490970675897
ENSG00000166816,GSE181540_HS_input,3,0.0377856678515564,-0.0898669461019993,0.175456771830374,-0.217519560055555,0.313127875809191
ENSG00000167588,GSE181540_HS_input,3,1.00886135199763,0.571734780764316,1.98455133419934,0.134608209531002,2.96024131640106
ENSG00000167701,GSE181540_HS_input,3,-0.368894857696989,-0.652509109069437,1.18464725093872,-0.936123360441884,2.73818935957443
ENSG00000167985,GSE181540_HS_input,3,5.66169777420465,5.41145638096176,5.76484092257815,5.16121498771887,5.86798407095165
ENSG00000168291,GSE181540_HS_input,3,5.14462401386484,5.14395235467474,5.17897281021192,5.14328069548464,5.213321606559
ENSG00000170525,GSE181540_HS_input,3,4.61800844195279,4.59753901692241,4.64948015229787,4.57706959189203,4.68095186264296
ENSG00000170571,GSE181540_HS_input,3,6.60680076671701,6.33976062733897,6.62660617826652,6.07272048796093,6.64641158981603
ENSG00000170950,GSE181540_HS_input,3,-0.936123360441884,-0.936593782900264,-0.93580716555889,-0.937064205358644,-0.935490970675897
ENSG00000171314,GSE181540_HS_input,3,8.0734115896475,8.0590919389029,8.09618419977427,8.04477228815829,8.11895680990104
ENSG00000171989,GSE181540_HS_input,3,-0.936123360441884,-0.936593782900264,-0.93580716555889,-0.937064205358644,-0.935490970675897
ENSG00000172270,GSE181540_HS_input,3,6.17577308407909,5.91545735228691,6.25285096476981,5.65514162049474,6.32992884546052
ENSG00000172331,GSE181540_HS_input,3,5.95061363880121,5.94134153129494,6.18391572880732,5.93206942378866,6.41721781881342
ENSG00000172340,GSE181540_HS_input,3,6.19196880068393,6.10983057712074,6.2451563282836,6.02769235355754,6.29834385588328
ENSG00000172840,GSE181540_HS_input,3,2.34715286316451,2.33259384809521,2.40784378997496,2.31803483302591,2.4685347167854
ENSG00000173599,GSE181540_HS_input,3,0.273647483273288,0.0396497692657595,0.771202427987454,-0.194347944741769,1.26875737270162
ENSG00000175567,GSE181540_HS_input,3,3.61899970930868,2.79988503818663,3.63807548202518,1.98077036706458,3.65715125474168
ENSG00000180902,GSE181540_HS_input,3,2.0329203992337,1.12930922505846,2.69650388060646,0.225698050883222,3.36008736197922
ENSG00000182054,GSE181540_HS_input,3,6.34091328174227,6.32034310245669,6.43207243578821,6.29977292317111,6.52323158983415
ENSG00000183048,GSE181540_HS_input,3,0.85534150266361,0.416407794343018,1.1299707782004,-0.0225259139775743,1.40460005373719
ENSG00000188316,GSE181540_HS_input,3,-0.0156249383748199,-0.085467779872396,0.471814132311583,-0.155310621369972,0.959253202997985
ENSG00000197444,GSE181540_HS_input,3,-0.936123360441884,-0.936593782900264,-0.93580716555889,-0.937064205358644,-0.935490970675897
ENSG00000198814,GSE181540_HS_input,3,2.75060185871974,2.73287064995116,3.06664727530521,2.71513944118258,3.38269269189068
ENSG00000204370,GSE181540_HS_input,3,6.08553134206234,6.00849900367648,6.31624244609876,5.93146666529061,6.54695355013518
ENSG00000214756,GSE181540_HS_input,3,2.73486862967127,2.17105276961049,2.97530660061005,1.60723690954971,3.21574457154882
ENSG00000226784,GSE181540_HS_input,3,0.249934597777964,-0.34309438133196,0.49444337613499,-0.936123360441884,0.738952154492016
ENSG00000256870,GSE181540_HS_input,3,-0.936123360441884,-0.936593782900264,-0.93580716555889,-0.937064205358644,-0.935490970675897
ENSG00000004799,GSE181540_adjacent_NS_input,3,2.65187667154651,2.59016888675715,3.26737559037858,2.52846110196778,3.88287450921064
ENSG00000004864,GSE181540_adjacent_NS_input,3,5.07145999348835,5.04420481159982,5.35727265942826,5.01694962971129,5.64308532536817
ENSG00000005882,GSE181540_adjacent_NS_input,3,4.02538668767768,3.7346643535448,4.30850403983121,3.44394201941192,4.59162139198474
ENSG00000008405,GSE181540_adjacent_NS_input,3,5.15395327843538,5.09260549710537,5.19726753916184,5.03125771577535,5.24058179988829
ENSG00000014641,GSE181540_adjacent_NS_input,3,5.69662638399307,5.67276257622419,5.74743457039568,5.64889876845531,5.79824275679829
ENSG00000060762,GSE181540_adjacent_NS_input,3,4.32372598419066,4.15739189335715,4.49261824834854,3.99105780252363,4.66151051250642
ENSG00000062485,GSE181540_adjacent_NS_input,3,7.21535103556541,7.12479538477668,7.23503408190191,7.03423973398795,7.25471712823841
ENSG00000063854,GSE181540_adjacent_NS_input,3,3.56635605763489,3.52505484379179,3.69451745246703,3.48375362994868,3.82267884729916
ENSG00000067057,GSE181540_adjacent_NS_input,3,5.38730372345916,5.35328601832968,5.52519020349158,5.31926831320019,5.66307668352399
ENSG00000067225,GSE181540_adjacent_NS_input,3,8.19533558192727,8.17150883834435,8.25955687754301,8.14768209476143,8.32377817315874
ENSG00000067829,GSE181540_adjacent_NS_input,3,5.78008564707136,5.6622398513981,5.95649470326104,5.54439405572483,6.13290375945072
ENSG00000067992,GSE181540_adjacent_NS_input,3,1.6562638901542,1.62745755731974,2.24850348030611,1.59865122448528,2.84074307045802
ENSG00000068976,GSE181540_adjacent_NS_input,3,1.65062359307198,1.25542617619377,1.9029167702501,0.860228759315563,2.15520994742823
ENSG00000073578,GSE181540_adjacent_NS_input,3,4.55207656905945,4.4387078627817,4.82750595851562,4.32533915650396,5.10293534797179
ENSG00000074800,GSE181540_adjacent_NS_input,3,8.79671510749109,8.7780743322675,8.8724988229487,8.7594335570439,8.9482825384063
ENSG00000076555,GSE181540_adjacent_NS_input,3,3.71544283889189,3.69581218658188,3.92235108837486,3.67618153427187,4.12925933785783
ENSG00000079739,GSE181540_adjacent_NS_input,3,5.63064864146663,5.34843772399806,5.71571231336537,5.06622680652948,5.80077598526412
ENSG00000087299,GSE181540_adjacent_NS_input,3,2.95642192281492,2.76604125940418,3.06324934910869,2.57566059599344,3.17007677540246
ENSG00000090861,GSE181540_adjacent_NS_input,3,5.11240667610003,4.83001547640272,5.11261584079197,4.5476242767054,5.11282500548391
ENSG00000091140,GSE181540_adjacent_NS_input,3,5.65355508675102,5.48072288159436,5.77333735958322,5.30789067643769,5.89311963241542
ENSG00000091483,GSE181540_adjacent_NS_input,3,4.30042501735405,4.24425469886799,4.41433280988087,4.18808438038192,4.52824060240769
ENSG00000100156,GSE181540_adjacent_NS_input,3,-0.924653219393622,-0.944995078943161,-0.0224652415027395,-0.965336938492701,0.879722736388143
ENSG00000100412,GSE181540_adjacent_NS_input,3,5.01268878133873,4.86326379197897,5.13494409615883,4.7138388026192,5.25719941097892
ENSG00000100504,GSE181540_adjacent_NS_input,3,4.95304533770751,4.93804433240035,5.06307909576878,4.92304332709319,5.17311285383004
ENSG00000100889,GSE181540_adjacent_NS_input,3,3.680043476646,3.35217296609764,3.82216339485669,3.02430245554928,3.96428331306739
ENSG00000100994,GSE181540_adjacent_NS_input,3,6.70324725562072,6.69882658843411,6.81671556596746,6.69440592124749,6.93018387631419
ENSG00000101365,GSE181540_adjacent_NS_input,3,6.94999694722968,6.92847617555123,7.01257405743329,6.90695540387277,7.0751511676369
ENSG00000102144,GSE181540_adjacent_NS_input,3,7.66910572335469,7.60248638399743,7.7144805675866,7.53586704464016,7.7598554118185
ENSG00000104635,GSE181540_adjacent_NS_input,3,2.59373341140087,2.54213500884192,2.66851368988318,2.49053660628296,2.74329396836548
ENSG00000105220,GSE181540_adjacent_NS_input,3,6.10898433572714,5.84195470704178,6.18221401008129,5.57492507835642,6.25544368443544
ENSG00000105679,GSE181540_adjacent_NS_input,3,0.152771597571824,-0.385940810910899,0.761797507515402,-0.924653219393622,1.37082341745898
ENSG00000105953,GSE181540_adjacent_NS_input,3,7.19989200090396,7.17656454223097,7.25107385910436,7.15323708355798,7.30225571730476
ENSG00000106633,GSE181540_adjacent_NS_input,3,-0.934875620159283,-0.950106279325992,-0.929764419776452,-0.965336938492701,-0.924653219393622
ENSG00000108515,GSE181540_adjacent_NS_input,3,0.721132626536339,0.681359634217543,0.954958469543145,0.641586641898747,1.18878431254995
ENSG00000108528,GSE181540_adjacent_NS_input,3,6.57339508895351,6.5225045876776,6.60351804679247,6.47161408640168,6.63364100463143
ENSG00000109107,GSE181540_adjacent_NS_input,3,5.09745454534203,5.02852465221225,5.29051467680276,4.95959475908247,5.48357480826349
ENSG00000109819,GSE181540_adjacent_NS_input,3,3.64484447992066,3.61161244890166,3.65928624776637,3.57838041788265,3.67372801561207
ENSG00000111640,GSE181540_adjacent_NS_input,3,11.1519287651415,11.0474281754924,11.2458688417158,10.9429275858434,11.33980891829
ENSG00000111669,GSE181540_adjacent_NS_input,3,8.97153143819181,8.95527922094484,9.07200686364721,8.93902700369786,9.17248228910261
ENSG00000111674,GSE181540_adjacent_NS_input,3,3.22589982887192,3.06307321056337,3.35650399359185,2.90024659225481,3.48710815831178
ENSG00000111716,GSE181540_adjacent_NS_input,3,5.99710739678846,5.97757139387978,6.24105992843756,5.9580353909711,6.48501246008666
ENSG00000112992,GSE181540_adjacent_NS_input,3,3.70368999983121,3.53751319814086,3.88548370976526,3.37133639645051,4.0672774196993
ENSG00000114021,GSE181540_adjacent_NS_input,3,3.74615664680066,3.71999135492572,3.96394857757551,3.69382606305078,4.18174050835036
ENSG00000114268,GSE181540_adjacent_NS_input,3,1.60673725726431,1.50909980492991,2.43865288411939,1.4114623525955,3.27056851097447
ENSG00000115159,GSE181540_adjacent_NS_input,3,4.63857152580829,4.42776776728603,4.68814224286107,4.21696400876377,4.73771295991386
ENSG00000116288,GSE181540_adjacent_NS_input,3,6.38221343201865,6.34793797006279,6.49217015135138,6.31366250810693,6.6021268706841
ENSG00000117118,GSE181540_adjacent_NS_input,3,5.60748016171932,5.52084642800621,5.63120436039109,5.43421269429309,5.65492855906285
ENSG00000118596,GSE181540_adjacent_NS_input,3,3.36965789544531,3.3527956332884,3.56012353362553,3.33593337113149,3.75058917180574
ENSG00000119689,GSE181540_adjacent_NS_input,3,5.92514723805569,5.84035152119042,6.16577623477884,5.75555580432515,6.40640523150199
ENSG00000120053,GSE181540_adjacent_NS_input,3,6.08055579690486,5.9874722416241,6.18425612043652,5.89438868634334,6.28795644396818
ENSG00000123836,GSE181540_adjacent_NS_input,3,4.16864852281365,4.15243724969842,4.34464188502304,4.13622597658319,4.52063524723242
ENSG00000124253,GSE181540_adjacent_NS_input,3,-0.934875620159283,-0.950106279325992,-0.929764419776452,-0.965336938492701,-0.924653219393622
ENSG00000124532,GSE181540_adjacent_NS_input,3,4.97068906299135,4.96674166519733,5.06710151010289,4.9627942674033,5.16351395721443
ENSG00000124608,GSE181540_adjacent_NS_input,3,4.46988480854758,4.35352761522751,4.61461375997485,4.23717042190744,4.75934271140212
ENSG00000124767,GSE181540_adjacent_NS_input,3,7.44684995933982,7.39232475812015,7.60803004382873,7.33779955690048,7.76921012831764
ENSG00000128272,GSE181540_adjacent_NS_input,3,8.3281504557452,8.32596431445197,8.38177982195463,8.32377817315874,8.43540918816405
ENSG00000130957,GSE181540_adjacent_NS_input,3,-0.924653219393622,-0.944995078943161,0.444000243605249,-0.965336938492701,1.81265370660412
ENSG00000131069,GSE181540_adjacent_NS_input,3,5.99806007477845,5.82734165841963,6.04163922670505,5.65662324206081,6.08521837863165
ENSG00000131482,GSE181540_adjacent_NS_input,3,-0.934875620159283,-0.950106279325992,-0.929764419776452,-0.965336938492701,-0.924653219393622
ENSG00000131828,GSE181540_adjacent_NS_input,3,5.59942475096021,5.48700479664171,5.66989428270518,5.37458484232321,5.74036381445014
ENSG00000132326,GSE181540_adjacent_NS_input,3,5.40266775219825,5.24681445052186,5.44400684302059,5.09096114884547,5.48534593384293
ENSG00000134056,GSE181540_adjacent_NS_input,3,2.21447360909235,1.65565362468007,3.135744259615,1.09683364026778,4.05701491013765
ENSG00000134333,GSE181540_adjacent_NS_input,3,8.10296241658441,8.05891502194137,8.13576862406455,8.01486762729833,8.16857483154468
ENSG00000135094,GSE181540_adjacent_NS_input,3,-0.924653219393622,-0.944995078943161,-0.238221055423332,-0.965336938492701,0.448211108546959
ENSG00000136143,GSE181540_adjacent_NS_input,3,3.25766486116126,3.18699926428736,3.32121127036265,3.11633366741346,3.38475767956403
ENSG00000136872,GSE181540_adjacent_NS_input,3,-0.934875620159283,-0.950106279325992,-0.929764419776452,-0.965336938492701,-0.924653219393622
ENSG00000137700,GSE181540_adjacent_NS_input,3,2.93541734946723,2.83130229123788,3.26340238252588,2.72718723300853,3.59138741558452
ENSG00000138030,GSE181540_adjacent_NS_input,3,1.73291461492228,1.70912468506235,2.24396592215538,1.68533475520241,2.75501722938848
ENSG00000138207,GSE181540_adjacent_NS_input,3,-0.934875620159283,-0.950106279325992,0.941691758123808,-0.965336938492701,2.8182591364069
ENSG00000138400,GSE181540_adjacent_NS_input,3,0.182106296080724,-0.37638466203928,0.346358705971412,-0.934875620159283,0.510611115862099
ENSG00000138413,GSE181540_adjacent_NS_input,3,5.72781291290022,5.71682308850173,5.8947650309051,5.70583326410324,6.06171714890997
ENSG00000141349,GSE181540_adjacent_NS_input,3,1.60160225080581,1.38203923931589,2.23133758927754,1.16247622782596,2.86107292774927
ENSG00000141526,GSE181540_adjacent_NS_input,3,0.91323420287752,0.744681684597994,1.48867661037102,0.576129166318467,2.06411901786451
ENSG00000141959,GSE181540_adjacent_NS_input,3,5.94754695537591,5.46147330751879,5.97426755110449,4.97539965966167,6.00098814683306
ENSG00000143158,GSE181540_adjacent_NS_input,3,5.4441406689926,5.33779874677756,5.56968389332953,5.23145682456251,5.69522711766646
ENSG00000143252,GSE181540_adjacent_NS_input,3,6.29598144256798,6.13972725507528,6.43486974007375,5.98347306758258,6.57375803757951
ENSG00000143627,GSE181540_adjacent_NS_input,3,2.72185840425124,2.40329965704917,2.82204999987775,2.08474090984709,2.92224159550425
ENSG00000146701,GSE181540_adjacent_NS_input,3,7.29661915336446,7.09920315979314,7.4231614599399,6.90178716622182,7.54970376651533
ENSG00000148942,GSE181540_adjacent_NS_input,3,-0.934875620159283,-0.950106279325992,-0.929764419776452,-0.965336938492701,-0.924653219393622
ENSG00000149476,GSE181540_adjacent_NS_input,3,3.35569944732111,3.18476536608093,3.42253342530834,3.01383128484074,3.48936740329556
ENSG00000149925,GSE181540_adjacent_NS_input,3,9.0651975860147,8.84830974703344,9.11592874665246,8.63142190805218,9.16665990729023
ENSG00000150768,GSE181540_adjacent_NS_input,3,4.15410268714771,3.88273602149568,4.18028617524119,3.61136935584365,4.20646966333467
ENSG00000152254,GSE181540_adjacent_NS_input,3,-0.934875620159283,-0.950106279325992,-0.929764419776452,-0.965336938492701,-0.924653219393622
ENSG00000152256,GSE181540_adjacent_NS_input,3,4.10331789787978,4.06499291378522,4.27585722745843,4.02666792969066,4.44839655703708
ENSG00000152556,GSE181540_adjacent_NS_input,3,4.67552051247982,4.54848997715093,4.71472948656656,4.42145944182205,4.7539384606533
ENSG00000154079,GSE181540_adjacent_NS_input,3,3.52604019425004,3.35296199650038,3.80279042960743,3.17988379875071,4.07954066496481
ENSG00000155380,GSE181540_adjacent_NS_input,3,4.2142993682948,4.01526029793042,4.51094386991596,3.81622122756604,4.80758837153711
ENSG00000156510,GSE181540_adjacent_NS_input,3,-0.934875620159283,-0.950106279325992,-0.929764419776452,-0.965336938492701,-0.924653219393622
ENSG00000156515,GSE181540_adjacent_NS_input,3,7.24894331472911,7.11638756352096,7.28252899649382,6.98383181231281,7.31611467825853
ENSG00000158571,GSE181540_adjacent_NS_input,3,-0.924653219393622,-0.944995078943161,-0.19020146426729,-0.965336938492701,0.544250290859043
ENSG00000159322,GSE181540_adjacent_NS_input,3,5.3033061634702,5.18290656175503,5.4792253492339,5.06250696003985,5.6551445349976
ENSG00000159399,GSE181540_adjacent_NS_input,3,6.69252325784771,6.64004424580438,6.86532200531457,6.58756523376105,7.03812075278143
ENSG00000160741,GSE181540_adjacent_NS_input,3,5.03066646393836,4.95693120072629,5.21641911254133,4.88319593751422,5.4021717611443
ENSG00000160883,GSE181540_adjacent_NS_input,3,0.906807998448745,0.740663394933124,1.31011084510858,0.574518791417502,1.71341369176842
ENSG00000162688,GSE181540_adjacent_NS_input,3,4.60538154267543,4.38952784820066,4.73901041356812,4.17367415372589,4.8726392844608
ENSG00000163541,GSE181540_adjacent_NS_input,3,5.968029265035,5.933555570105,6.01345593234627,5.899081875175,6.05888259965753
ENSG00000164951,GSE181540_adjacent_NS_input,3,4.20226290165548,4.17855410822532,4.2925785631648,4.15484531479516,4.38289422467411
ENSG00000165140,GSE181540_adjacent_NS_input,3,3.02526193522787,2.85971131602486,3.17589186087173,2.69416069682184,3.32652178651558
ENSG00000166123,GSE181540_adjacent_NS_input,3,4.64536886285472,4.6246526026826,5.00766382290288,4.60393634251047,5.36995878295104
ENSG00000166411,GSE181540_adjacent_NS_input,3,5.30601448893813,5.24122314897846,5.33533105778565,5.17643180901879,5.36464762663317
ENSG00000166796,GSE181540_adjacent_NS_input,3,-0.934875620159283,-0.950106279325992,-0.929764419776452,-0.965336938492701,-0.924653219393622
ENSG00000166800,GSE181540_adjacent_NS_input,3,-0.934875620159283,-0.950106279325992,-0.929764419776452,-0.965336938492701,-0.924653219393622
ENSG00000166816,GSE181540_adjacent_NS_input,3,3.34496315904357,3.06680023574032,3.3729090082991,2.78863731243707,3.40085485755463
ENSG00000167588,GSE181540_adjacent_NS_input,3,3.93484194436193,3.89463233482557,4.00729061825497,3.8544227252892,4.07973929214801
ENSG00000167701,GSE181540_adjacent_NS_input,3,4.01230603882969,3.54375783686509,4.15606814553779,3.07520963490048,4.29983025224589
ENSG00000167985,GSE181540_adjacent_NS_input,3,5.5190322724641,4.98464846474882,5.6111855050118,4.45026465703354,5.7033387375595
ENSG00000168291,GSE181540_adjacent_NS_input,3,4.88138277891282,4.79719309423532,4.90326026220518,4.71300340955781,4.92513774549754
ENSG00000170525,GSE181540_adjacent_NS_input,3,4.41152687208275,4.24962997422888,4.63531129053214,4.08773307637501,4.85909570898153
ENSG00000170571,GSE181540_adjacent_NS_input,3,5.38703994613658,5.37743082410423,5.65371926588347,5.36782170207188,5.92039858563036
ENSG00000170950,GSE181540_adjacent_NS_input,3,-0.934875620159283,-0.950106279325992,-0.929764419776452,-0.965336938492701,-0.924653219393622
ENSG00000171314,GSE181540_adjacent_NS_input,3,7.91905627572686,7.77749886828844,8.06821005883867,7.63594146085002,8.21736384195047
ENSG00000171989,GSE181540_adjacent_NS_input,3,-0.934875620159283,-0.950106279325992,-0.929764419776452,-0.965336938492701,-0.924653219393622
ENSG00000172270,GSE181540_adjacent_NS_input,3,7.50136260988951,7.37084295316324,7.63768734692507,7.24032329643697,7.77401208396063
ENSG00000172331,GSE181540_adjacent_NS_input,3,4.39022793170339,4.34891933056323,4.63671193460881,4.30761072942307,4.88319593751422
ENSG00000172340,GSE181540_adjacent_NS_input,3,6.4235104815029,6.37950571336146,6.45485070251518,6.33550094522001,6.48619092352745
ENSG00000172840,GSE181540_adjacent_NS_input,3,2.62562596350528,2.58317065716674,2.6812063998221,2.5407153508282,2.73678683613893
ENSG00000173599,GSE181540_adjacent_NS_input,3,2.55471079861841,2.34249464610425,2.57114498007559,2.13027849359009,2.58757916153277
ENSG00000175567,GSE181540_adjacent_NS_input,3,4.64536886285472,4.16131257932676,4.68308698514706,3.6772562957988,4.7208051074394
ENSG00000180902,GSE181540_adjacent_NS_input,3,4.62405247273687,4.51404699471868,5.11696670555827,4.40404151670049,5.60988093837966
ENSG00000182054,GSE181540_adjacent_NS_input,3,7.35341486587196,7.26702806552792,7.37313287105964,7.18064126518387,7.39285087624732
ENSG00000183048,GSE181540_adjacent_NS_input,3,3.54972506258954,2.48855785036113,3.73731699525358,1.42739063813272,3.92490892791762
ENSG00000188316,GSE181540_adjacent_NS_input,3,0.51912686451123,-0.207874377824027,0.565791775164415,-0.934875620159283,0.6124566858176
ENSG00000197444,GSE181540_adjacent_NS_input,3,-0.934875620159283,-0.950106279325992,-0.929764419776452,-0.965336938492701,-0.924653219393622
ENSG00000198814,GSE181540_adjacent_NS_input,3,4.7444586658201,4.63343479103121,4.83834035246215,4.52241091624231,4.9322220391042
ENSG00000204370,GSE181540_adjacent_NS_input,3,5.64684899912876,5.55313287637323,5.9179148213128,5.4594167536177,6.18898064349683
ENSG00000214756,GSE181540_adjacent_NS_input,3,4.1225854021418,3.93065091671051,4.23443576078801,3.73871643127921,4.34628611943422
ENSG00000226784,GSE181540_adjacent_NS_input,3,0.212329549100284,-0.356161835146669,0.475718665573038,-0.924653219393622,0.739107782045792
ENSG00000256870,GSE181540_adjacent_NS_input,3,-0.934875620159283,-0.950106279325992,-0.929764419776452,-0.965336938492701,-0.924653219393622
ENSG00000004799,GSE203529_HEK293T_WT,3,2.25134383717066,2.18570643607785,2.41509522858116,2.12006903498505,2.57884661999167
ENSG00000004864,GSE203529_HEK293T_WT,3,7.03378021871822,7.00741658265252,7.08868025699505,6.98105294658681,7.14358029527188
ENSG00000005882,GSE203529_HEK293T_WT,3,4.92012707968737,4.81007003718455,4.94725902630021,4.70001299468173,4.97439097291304
ENSG00000008405,GSE203529_HEK293T_WT,3,5.41070074744141,5.36559957241052,5.4601773504591,5.32049839737962,5.50965395347679
ENSG00000014641,GSE203529_HEK293T_WT,3,7.16975699045632,7.1313733958737,7.21026120450516,7.09298980129108,7.25076541855399
ENSG00000060762,GSE203529_HEK293T_WT,3,6.84344211984985,6.8095358031258,6.88625404156479,6.77562948640176,6.92906596327973
ENSG00000062485,GSE203529_HEK293T_WT,3,8.08688411896098,8.08079826785748,8.14324014585434,8.07471241675397,8.1995961727477
ENSG00000063854,GSE203529_HEK293T_WT,3,4.00521100915224,3.96044792537722,4.02318594254774,3.9156848416022,4.04116087594324
ENSG00000067057,GSE203529_HEK293T_WT,3,5.68696214969218,5.63684241611006,5.73591674466658,5.58672268252793,5.78487133964098
ENSG00000067225,GSE203529_HEK293T_WT,3,9.48770416688622,9.44139338574846,9.52013596991801,9.39508260461069,9.5525677729498
ENSG00000067829,GSE203529_HEK293T_WT,3,6.67961132438668,6.62627786840896,6.68250015839669,6.57294441243124,6.68538899240669
ENSG00000067992,GSE203529_HEK293T_WT,3,3.59489465774403,3.58184953230194,3.59637333054736,3.56880440685985,3.59785200335069
ENSG00000068976,GSE203529_HEK293T_WT,3,0.186961171586765,0.100971009794101,0.242187913055303,0.0149808480014379,0.29741465452384
ENSG00000073578,GSE203529_HEK293T_WT,3,6.35097780116736,6.31894701816263,6.37287416395838,6.2869162351579,6.3947705267494
ENSG00000074800,GSE203529_HEK293T_WT,3,10.4604068446914,10.4039049968861,10.4797167132848,10.3474031490807,10.4990265818782
ENSG00000076555,GSE203529_HEK293T_WT,3,2.28416620712723,2.25612387255403,2.29192257669359,2.22808153798082,2.29967894625994
ENSG00000079739,GSE203529_HEK293T_WT,3,7.14358029527188,7.12091418430506,7.16368988942272,7.09824807333824,7.18379948357356
ENSG00000087299,GSE203529_HEK293T_WT,3,4.40709335399738,4.38548034663693,4.52844267273187,4.36386733927648,4.64979199146635
ENSG00000090861,GSE203529_HEK293T_WT,3,6.4998933681897,6.43070826602266,6.59185107822781,6.36152316385562,6.68380878826592
ENSG00000091140,GSE203529_HEK293T_WT,3,7.35907101909091,7.33280885988699,7.36078379071154,7.30654670068306,7.36249656233217
ENSG00000091483,GSE203529_HEK293T_WT,3,5.33682094229942,5.29243828134358,5.39985706392608,5.24805562038773,5.46289318555273
ENSG00000100156,GSE203529_HEK293T_WT,3,-0.196103988477684,-0.3759422542288,-0.123038307799116,-0.555780519979916,-0.0499726271205487
ENSG00000100412,GSE203529_HEK293T_WT,3,5.92321798981985,5.91266131144014,5.94770460352914,5.90210463306042,5.97219121723842
ENSG00000100504,GSE203529_HEK293T_WT,3,7.51975369760278,7.51618708748253,7.55491877556337,7.51262047736227,7.59008385352396
ENSG00000100889,GSE203529_HEK293T_WT,3,4.76313483277468,4.73118282054278,5.02625689469802,4.69923080831087,5.28937895662135
ENSG00000100994,GSE203529_HEK293T_WT,3,5.67609539731365,5.67418683702417,5.72726974915783,5.67227827673469,5.778444101002
ENSG00000101365,GSE203529_HEK293T_WT,3,7.24977581739344,7.21371892327059,7.27224248145849,7.17766202914775,7.29470914552354
ENSG00000102144,GSE203529_HEK293T_WT,3,8.81903788408058,8.80073180778317,8.8310918685725,8.78242573148576,8.84314585306443
ENSG00000104635,GSE203529_HEK293T_WT,3,5.64170132014062,5.60618017010586,5.65152036297522,5.5706590200711,5.66133940580982
ENSG00000105220,GSE203529_HEK293T_WT,3,7.33332294331453,7.310759005037,7.37277872931752,7.28819506675946,7.41223451532051
ENSG00000105679,GSE203529_HEK293T_WT,3,-0.944421684505373,-0.945915222770643,-0.670154314039798,-0.947408761035913,-0.395886943574223
ENSG00000105953,GSE203529_HEK293T_WT,3,6.04938926001117,5.98415841378404,6.05474272485755,5.91892756755692,6.06009618970393
ENSG00000106633,GSE203529_HEK293T_WT,3,-0.639066322956371,-0.685697696899503,-0.554067684266293,-0.732329070842635,-0.469069045576216
ENSG00000108515,GSE203529_HEK293T_WT,3,1.61441588778277,1.41853013899611,1.64922468952039,1.22264439020944,1.68403349125801
ENSG00000108528,GSE203529_HEK293T_WT,3,7.38071676677691,7.30683645746268,7.38844439961318,7.23295614814844,7.39617203244945
ENSG00000109107,GSE203529_HEK293T_WT,3,4.80190634447445,4.76898180690443,4.88331941685012,4.73605726933441,4.96473248922578
ENSG00000109819,GSE203529_HEK293T_WT,3,-0.259389909775244,-0.270562442851537,-0.244201322475832,-0.281734975927829,-0.22901273517642
ENSG00000111640,GSE203529_HEK293T_WT,3,12.7103580909669,12.7103580909669,12.7103580909669,12.7103580909669,12.7103580909669
ENSG00000111669,GSE203529_HEK293T_WT,3,10.2774447949121,10.2643031483094,10.335567184292,10.2511615017067,10.3936895736718
ENSG00000111674,GSE203529_HEK293T_WT,3,3.47989496278979,3.47238905904153,3.49683593355458,3.46488315529326,3.51377690431938
ENSG00000111716,GSE203529_HEK293T_WT,3,10.8165947114385,10.7918224319518,10.8700737248826,10.767050152465,10.9235527383267
ENSG00000112992,GSE203529_HEK293T_WT,3,5.07554678728348,5.01744457298971,5.08918755394999,4.95934235869594,5.10282832061649
ENSG00000114021,GSE203529_HEK293T_WT,3,4.14008820261015,4.10151709522452,4.18247914449698,4.06294598783889,4.2248700863838
ENSG00000114268,GSE203529_HEK293T_WT,3,3.12890358186741,3.10790530874101,3.13589839416527,3.0869070356146,3.14289320646314
ENSG00000115159,GSE203529_HEK293T_WT,3,4.45176269710932,4.43878333589361,4.48605593296513,4.42580397467789,4.52034916882094
ENSG00000116288,GSE203529_HEK293T_WT,3,8.35158116476014,8.34497119424471,8.35589924068589,8.33836122372928,8.36021731661165
ENSG00000117118,GSE203529_HEK293T_WT,3,7.68090424627011,7.67831561916379,7.7329258155934,7.67572699205746,7.78494738491669
ENSG00000118596,GSE203529_HEK293T_WT,3,-0.471520231491283,-0.533169403664147,-0.443528905637394,-0.59481857583701,-0.415537579783504
ENSG00000119689,GSE203529_HEK293T_WT,3,6.69368176645701,6.69368176645701,6.74383908595188,6.69368176645701,6.79399640544675
ENSG00000120053,GSE203529_HEK293T_WT,3,6.93855421319517,6.90684565997769,6.93855421319517,6.87513710676021,6.93855421319517
ENSG00000123836,GSE203529_HEK293T_WT,3,3.63393567280501,3.62129419851226,3.65509656634968,3.60865272421951,3.67625745989434
ENSG00000124253,GSE203529_HEK293T_WT,3,-0.189023833656418,-0.415257983169115,-0.146366390928933,-0.641492132681811,-0.103708948201449
ENSG00000124532,GSE203529_HEK293T_WT,3,5.68774758013289,5.67833168679054,5.69965894060984,5.66891579344818,5.71157030108679
ENSG00000124608,GSE203529_HEK293T_WT,3,5.54540327062646,5.51698598148253,5.55783262919847,5.4885686923386,5.57026198777048
ENSG00000124767,GSE203529_HEK293T_WT,3,9.77498595152652,9.76387633476019,9.77498595152652,9.75276671799386,9.77498595152652
ENSG00000128272,GSE203529_HEK293T_WT,3,9.68971350522449,9.64081838104785,9.86071033979809,9.59192325687122,10.0317071743717
ENSG00000130957,GSE203529_HEK293T_WT,3,-0.944421684505373,-0.946918429566925,-0.633482013947488,-0.949415174628478,-0.322542343389602
ENSG00000131069,GSE203529_HEK293T_WT,3,4.32405624816029,4.30664291611487,4.34006769418965,4.28922958406946,4.35607914021902
ENSG00000131482,GSE203529_HEK293T_WT,3,-0.947408761035913,-0.948411967832195,-0.945915222770643,-0.949415174628478,-0.944421684505373
ENSG00000131828,GSE203529_HEK293T_WT,3,7.34677388987322,7.34530103350587,7.36270627767754,7.34382817713852,7.37863866548185
ENSG00000132326,GSE203529_HEK293T_WT,3,2.43017360569596,2.39863459313865,2.60296328662019,2.36709558058133,2.77575296754441
ENSG00000134056,GSE203529_HEK293T_WT,3,6.04642047162541,6.00686850281157,6.12582588385711,5.96731653399772,6.20523129608881
ENSG00000134333,GSE203529_HEK293T_WT,3,9.62973076365038,9.62694852376347,9.64121886586267,9.62416628387655,9.65270696807495
ENSG00000135094,GSE203529_HEK293T_WT,3,-0.571839993595754,-0.758130839050564,-0.491502898877235,-0.944421684505373,-0.411165804158715
ENSG00000136143,GSE203529_HEK293T_WT,3,5.0833892630328,5.00629236758708,5.11517940886752,4.92919547214135,5.14696955470224
ENSG00000136872,GSE203529_HEK293T_WT,3,-0.670049453870635,-0.807235569188004,-0.653483133723253,-0.944421684505373,-0.63691681357587
ENSG00000137700,GSE203529_HEK293T_WT,3,5.39156260643463,5.33744551539338,5.40300607740236,5.28332842435212,5.41444954837009
ENSG00000138030,GSE203529_HEK293T_WT,3,4.04256584216188,4.02411417091113,4.1180330024361,4.00566249966037,4.19350016271031
ENSG00000138207,GSE203529_HEK293T_WT,3,-0.947408761035913,-0.948411967832195,-0.629097828456556,-0.949415174628478,-0.310786895877198
ENSG00000138400,GSE203529_HEK293T_WT,3,1.11816824212572,0.962013790092175,1.28230128892733,0.80585933805863,1.44643433572893
ENSG00000138413,GSE203529_HEK293T_WT,3,6.23146552934788,6.17564199833232,6.29535222447828,6.11981846731675,6.35923891960868
ENSG00000141349,GSE203529_HEK293T_WT,3,5.07841450825242,5.05631096100394,5.09062141443446,5.03420741375546,5.10282832061649
ENSG00000141526,GSE203529_HEK293T_WT,3,0.180117793652617,0.178410775796922,0.229415215606498,0.176703757941226,0.278712637560378
ENSG00000141959,GSE203529_HEK293T_WT,3,5.87689233656815,5.86456667291279,5.87809707252498,5.85224100925743,5.87930180848181
ENSG00000143158,GSE203529_HEK293T_WT,3,6.29773089772446,6.2372149005739,6.31947595481898,6.17669890342334,6.3412210119135
ENSG00000143252,GSE203529_HEK293T_WT,3,8.01167264817734,7.94644566536704,8.02716051889106,7.88121868255674,8.04264838960478
ENSG00000143627,GSE203529_HEK293T_WT,3,-0.947408761035913,-0.948411967832195,-0.945915222770643,-0.949415174628478,-0.944421684505373
ENSG00000146701,GSE203529_HEK293T_WT,3,8.22025223535288,8.2106866025439,8.23290447786041,8.20112096973491,8.24555672036793
ENSG00000148942,GSE203529_HEK293T_WT,3,0.484293012823777,0.413983485209985,0.565776110961491,0.343673957596193,0.647259209099205
ENSG00000149476,GSE203529_HEK293T_WT,3,4.09682116465243,4.08760113520542,4.11213334048666,4.07838110575841,4.1274455163209
ENSG00000149925,GSE203529_HEK293T_WT,3,10.099875012509,10.0657910934404,10.1241289822085,10.0317071743717,10.148382951908
ENSG00000150768,GSE203529_HEK293T_WT,3,6.16436738138807,6.1302528364787,6.1834560847406,6.09613829156932,6.20254478809312
ENSG00000152254,GSE203529_HEK293T_WT,3,-0.947408761035913,-0.948411967832195,-0.945915222770643,-0.949415174628478,-0.944421684505373
ENSG00000152256,GSE203529_HEK293T_WT,3,3.34896505879167,3.31329924758,3.53352642212669,3.27763343636832,3.71808778546171
ENSG00000152556,GSE203529_HEK293T_WT,3,5.67061185696801,5.65127564670658,5.71201973773439,5.63193943644514,5.75342761850076
ENSG00000154079,GSE203529_HEK293T_WT,3,4.30309085761182,4.06723246321175,4.46452730600567,3.83137406881167,4.62596375439953
ENSG00000155380,GSE203529_HEK293T_WT,3,7.53868883398242,7.50376326471665,7.59171906394978,7.46883769545088,7.64474929391713
ENSG00000156510,GSE203529_HEK293T_WT,3,-0.947408761035913,-0.948411967832195,-0.945915222770643,-0.949415174628478,-0.944421684505373
ENSG00000156515,GSE203529_HEK293T_WT,3,6.74316436557331,6.72832255562597,6.7970529407365,6.71348074567862,6.85094151589968
ENSG00000158571,GSE203529_HEK293T_WT,3,0.535057161965733,0.344312125001546,0.541485611078146,0.153567088037358,0.547914060190558
ENSG00000159322,GSE203529_HEK293T_WT,3,5.18068169017192,5.17170220335514,5.21668359902167,5.16272271653835,5.25268550787141
ENSG00000159399,GSE203529_HEK293T_WT,3,5.9060905218552,5.84797315406339,6.02223970110995,5.78985578627157,6.1383888803647
ENSG00000160741,GSE203529_HEK293T_WT,3,5.61145727464007,5.58055992844704,5.64920971216613,5.54966258225401,5.68696214969218
ENSG00000160883,GSE203529_HEK293T_WT,3,-0.947408761035913,-0.948411967832195,-0.762802078375761,-0.949415174628478,-0.578195395715609
ENSG00000162688,GSE203529_HEK293T_WT,3,4.81486013263521,4.80517180294063,4.91532409407841,4.79548347324605,5.0157880555216
ENSG00000163541,GSE203529_HEK293T_WT,3,6.29349627872721,6.27995903927682,6.32036546400374,6.26642179982643,6.34723464928026
ENSG00000164951,GSE203529_HEK293T_WT,3,3.91199501053955,3.79497097467983,4.02918692465505,3.67794693882011,4.14637883877054
ENSG00000165140,GSE203529_HEK293T_WT,3,0.335363386392798,0.274026286332203,0.506400710841648,0.212689186271608,0.677438035290497
ENSG00000166123,GSE203529_HEK293T_WT,3,5.11262815152048,5.09040135767625,5.19291625066409,5.06817456383201,5.2732043498077
ENSG00000166411,GSE203529_HEK293T_WT,3,5.93286891567491,5.90941607469539,5.94131717087994,5.88596323371586,5.94976542608497
ENSG00000166796,GSE203529_HEK293T_WT,3,3.54869409189349,3.47323520939257,3.58134894222966,3.39777632689164,3.61400379256582
ENSG00000166800,GSE203529_HEK293T_WT,3,-0.947408761035913,-0.948411967832195,-0.945915222770643,-0.949415174628478,-0.944421684505373
ENSG00000166816,GSE203529_HEK293T_WT,3,1.63785744603522,1.63213878325785,1.81677395692398,1.62642012048048,1.99569046781274
ENSG00000167588,GSE203529_HEK293T_WT,3,0.141368268340521,-0.080512171648333,0.258314555337638,-0.302392611637187,0.375260842334755
ENSG00000167701,GSE203529_HEK293T_WT,3,0.827917464174444,0.813920389164038,1.02790825691386,0.799923314153632,1.22789904965328
ENSG00000167985,GSE203529_HEK293T_WT,3,5.6654004124242,5.58092377866127,5.68988623622072,5.49644714489835,5.71437206001725
ENSG00000168291,GSE203529_HEK293T_WT,3,6.83676959063284,6.79724838936533,6.83842487906586,6.75772718809783,6.84008016749887
ENSG00000170525,GSE203529_HEK293T_WT,3,5.89002239271658,5.87302640693659,5.9144798286475,5.8560304211566,5.93893726457842
ENSG00000170571,GSE203529_HEK293T_WT,3,5.03070216484975,4.98929356595989,5.04173887605098,4.94788496707002,5.05277558725221
ENSG00000170950,GSE203529_HEK293T_WT,3,-0.947408761035913,-0.948411967832195,-0.945915222770643,-0.949415174628478,-0.944421684505373
ENSG00000171314,GSE203529_HEK293T_WT,3,9.64704530458746,9.642471881217,9.7263405202826,9.63789845784654,9.80563573597774
ENSG00000171989,GSE203529_HEK293T_WT,3,-0.947408761035913,-0.948411967832195,-0.945915222770643,-0.949415174628478,-0.944421684505373
ENSG00000172270,GSE203529_HEK293T_WT,3,8.77548490498571,8.76252294188448,8.78816613159938,8.74956097878326,8.80084735821305
ENSG00000172331,GSE203529_HEK293T_WT,3,5.70690251638986,5.68565742778202,5.77007742156505,5.66441233917418,5.83325232674023
ENSG00000172340,GSE203529_HEK293T_WT,3,6.52433566920159,6.45307019529071,6.61614143072307,6.38180472137982,6.70794719224454
ENSG00000172840,GSE203529_HEK293T_WT,3,3.46525794907885,3.351565237822,3.47459638608213,3.23787252656514,3.4839348230854
ENSG00000173599,GSE203529_HEK293T_WT,3,3.39470388952903,3.33846235557773,3.44881138025385,3.28222082162643,3.50291887097867
ENSG00000175567,GSE203529_HEK293T_WT,3,6.37340241030424,6.28840242517974,6.44886903975292,6.20340244005523,6.52433566920159
ENSG00000180902,GSE203529_HEK293T_WT,3,3.85328566592317,3.84176043803248,3.90753648179994,3.83023521014178,3.96178729767671
ENSG00000182054,GSE203529_HEK293T_WT,3,7.22162813518145,7.19356978614174,7.29556507784377,7.16551143710203,7.36950202050608
ENSG00000183048,GSE203529_HEK293T_WT,3,6.59626165243599,6.50703812849867,6.63212612842432,6.41781460456134,6.66799060441265
ENSG00000188316,GSE203529_HEK293T_WT,3,0.595407657009209,0.380117363464255,0.636422846149853,0.164827069919302,0.677438035290497
ENSG00000197444,GSE203529_HEK293T_WT,3,3.848413254471,3.80186298612473,3.86114631418583,3.75531271777846,3.87387937390066
ENSG00000198814,GSE203529_HEK293T_WT,3,4.11442042731766,4.08605108496216,4.13961421573972,4.05768174260665,4.16480800416179
ENSG00000204370,GSE203529_HEK293T_WT,3,6.93689041265685,6.87202709047353,7.04331797794594,6.80716376829021,7.14974554323503
ENSG00000214756,GSE203529_HEK293T_WT,3,2.1536153959532,2.08719952199925,2.21404184482244,2.0207836480453,2.27446829369168
ENSG00000226784,GSE203529_HEK293T_WT,3,5.53711521031309,5.53431198882807,5.54046933908482,5.53150876734306,5.54382346785655
ENSG00000256870,GSE203529_HEK293T_WT,3,-0.947408761035913,-0.948411967832195,-0.945915222770643,-0.949415174628478,-0.944421684505373
ENSG00000004799,GSE266884_MES28_vector_control,4,0.815169138204151,0.0461337218714903,1.48492893240009,-0.450761745477708,1.68399753333912
ENSG00000004864,GSE266884_MES28_vector_control,4,7.12019305056494,6.99292438898213,7.2567186655905,6.9693873524278,7.30802656247311
ENSG00000005882,GSE266884_MES28_vector_control,4,3.53599737687443,3.5056612380534,3.60957404928508,3.48468421143344,3.76027267667389
ENSG00000008405,GSE266884_MES28_vector_control,4,4.4305363756396,4.34434442210674,4.49466409074615,4.23902884830203,4.53378694927197
ENSG00000014641,GSE266884_MES28_vector_control,4,7.88070467096402,7.63628292781866,8.12858008043833,7.56761962366624,8.20760438357759
ENSG00000060762,GSE266884_MES28_vector_control,4,6.33233639801507,6.2837397756617,6.37222393385375,6.25292407141186,6.37691237855955
ENSG00000062485,GSE266884_MES28_vector_control,4,7.32143515391613,7.29238340159401,7.36200993320703,7.26852361161722,7.42043880409016
ENSG00000063854,GSE266884_MES28_vector_control,4,4.49120368521149,4.41970705265414,4.5284469385193,4.23143923366244,4.61395461976239
ENSG00000067057,GSE266884_MES28_vector_control,4,6.43386607413237,6.38606957262634,6.46141243532941,6.31816392884867,6.4685676581801
ENSG00000067225,GSE266884_MES28_vector_control,4,9.3286345935179,9.28539851819347,9.35576043964011,9.2370678305868,9.35576043964011
ENSG00000067829,GSE266884_MES28_vector_control,4,5.59627096872001,5.48770290731326,5.65267857560765,5.30564257929164,5.67825754007194
ENSG00000067992,GSE266884_MES28_vector_control,4,3.28336241983618,3.0245282078382,3.52519112029271,2.93782744923271,3.56087534427387
ENSG00000068976,GSE266884_MES28_vector_control,4,-0.391272168401676,-0.546065120229932,-0.285865015752415,-0.737833419888344,-0.242254113630988
ENSG00000073578,GSE266884_MES28_vector_control,4,6.86527214591683,6.82931863212647,6.89640554884753,6.72406875324597,6.98719509514904
ENSG00000074800,GSE266884_MES28_vector_control,4,11.3007865532064,11.2415051278545,11.3722305391387,11.2415051278545,11.4087182208803
ENSG00000076555,GSE266884_MES28_vector_control,4,3.23275325923577,3.12790158243956,3.29412855619775,2.96556844919967,3.32603254993497
ENSG00000079739,GSE266884_MES28_vector_control,4,5.49389461142535,5.38916061040124,5.60715894954765,5.37092153574559,5.65098903549788
ENSG00000087299,GSE266884_MES28_vector_control,4,4.29592104904823,4.25083133070575,4.32685624621742,4.16216223283844,4.37306178056483
ENSG00000090861,GSE266884_MES28_vector_control,4,6.85411864334021,6.7540343323464,6.96073691957847,6.6934053448217,7.04096780283653
ENSG00000091140,GSE266884_MES28_vector_control,4,7.72459418918832,7.66254932235363,7.77692937552836,7.5372610767611,7.87308857963692
ENSG00000091483,GSE266884_MES28_vector_control,4,5.34462925822829,5.29475556072776,5.40087905611064,5.28452778442518,5.43023513355866
ENSG00000100156,GSE266884_MES28_vector_control,4,0.49067693874678,0.149030104357247,0.819844682128196,-0.186851367793299,1.11828888125439
ENSG00000100412,GSE266884_MES28_vector_control,4,6.61231252270431,6.53953568873364,6.65915691751261,6.43467292669927,6.68622236205986
ENSG00000100504,GSE266884_MES28_vector_control,4,8.62662900473366,8.50025011310514,8.74852560664095,8.42424437164656,8.81108447893587
ENSG00000100889,GSE266884_MES28_vector_control,4,4.94616463358912,4.7959129830711,5.05304599900537,4.57189660149109,5.14695152528008
ENSG00000100994,GSE266884_MES28_vector_control,4,8.29304987221858,8.24417956439408,8.35118791211313,8.22620706888693,8.39696360383049
ENSG00000101365,GSE266884_MES28_vector_control,4,7.664948533329,7.54120151988387,7.79368180308634,7.46630209683504,7.88353999507178
ENSG00000102144,GSE266884_MES28_vector_control,4,8.49595076292122,8.44478437438911,8.53328250500324,8.40075887245111,8.535804067591
ENSG00000104635,GSE266884_MES28_vector_control,4,6.24084094480425,6.05825175194905,6.42673185363563,6.04265325628479,6.4522354972284
ENSG00000105220,GSE266884_MES28_vector_control,4,7.01909909716841,6.96738874733148,7.05806396547307,6.92256265552888,7.06465361267888
ENSG00000105679,GSE266884_MES28_vector_control,4,3.64559082163127,3.51767740532701,3.77435971835854,3.45068169611895,3.84392186883562
ENSG00000105953,GSE266884_MES28_vector_control,4,7.11980796396955,6.99585178557224,7.20786913752515,6.8808222285915,7.21521367998079
ENSG00000106633,GSE266884_MES28_vector_control,4,-0.958604740089202,-0.959810310538254,-0.922247564549954,-0.961648166506251,-0.814954893311373
ENSG00000108515,GSE266884_MES28_vector_control,4,4.77934017364189,4.71305938057299,4.81523500084391,4.60598863770243,4.83114784611385
ENSG00000108528,GSE266884_MES28_vector_control,4,7.39765261870195,7.33562539804004,7.46820433367982,7.27300955528932,7.55639365937839
ENSG00000109107,GSE266884_MES28_vector_control,4,7.6621803292478,7.30621961325272,7.9960525592669,7.16956853500758,8.06643817958407
ENSG00000109819,GSE266884_MES28_vector_control,4,-0.814856739577872,-0.827720804246596,-0.68938070125739,-0.848199985796798,-0.331065598751914
ENSG00000111640,GSE266884_MES28_vector_control,4,13.2841149293754,13.2841149293754,13.2841149293754,13.2841149293754,13.2841149293754
ENSG00000111669,GSE266884_MES28_vector_control,4,9.46079238757321,9.31933454070929,9.62662839293943,9.28429135094056,9.73480605821503
ENSG00000111674,GSE266884_MES28_vector_control,4,6.0099970787221,5.66101963715131,6.31620505697875,5.5174939809136,6.33142232327406
ENSG00000111716,GSE266884_MES28_vector_control,4,10.8001505127055,10.780347678754,10.8098114540702,10.7209391768994,10.8387942781641
ENSG00000112992,GSE266884_MES28_vector_control,4,5.92824993110765,5.6798048564948,6.12322584391977,5.50205680235265,6.14056641265975
ENSG00000114021,GSE266884_MES28_vector_control,4,4.81192447032348,4.79772349738108,4.83889806702352,4.78157522442215,4.89336421125535
ENSG00000114268,GSE266884_MES28_vector_control,4,3.3943944197342,2.82857368504993,3.96851472930825,2.73216215550632,4.08982498352121
ENSG00000115159,GSE266884_MES28_vector_control,4,6.75790207020271,6.64399906861488,6.78330572394985,6.32895455424066,6.83285219480199
ENSG00000116288,GSE266884_MES28_vector_control,4,8.76151025646865,8.59299387115342,8.92858804549086,8.57746953913154,8.93979658863367
ENSG00000117118,GSE266884_MES28_vector_control,4,7.4553311722252,7.37983839348008,7.53303961740857,7.34653949250135,7.5729855177021
ENSG00000118596,GSE266884_MES28_vector_control,4,-0.174075071700665,-0.242961252128226,-0.0837130214951388,-0.359388854860064,0.0971421905705927
ENSG00000119689,GSE266884_MES28_vector_control,4,7.12515259439208,7.11397338584979,7.14830353885571,7.08637359344065,7.21181853902884
ENSG00000120053,GSE266884_MES28_vector_control,4,7.05443282959295,7.02443297024648,7.07338899109001,6.96836817246942,7.09632269531884
ENSG00000123836,GSE266884_MES28_vector_control,4,3.93353835422634,2.58472044807244,5.29496504615097,2.5672275376182,5.35028431391742
ENSG00000124253,GSE266884_MES28_vector_control,4,-0.958604740089202,-0.960035653183101,-0.92150786416965,-0.962549537085639,-0.811996091790157
ENSG00000124532,GSE266884_MES28_vector_control,4,5.66829743716891,5.63367237511373,5.70003441055743,5.61262945846419,5.712413061207
ENSG00000124608,GSE266884_MES28_vector_control,4,4.9197762880231,4.90459869021518,4.96753429160964,4.87384513082784,5.09602906833283
ENSG00000124767,GSE266884_MES28_vector_control,4,9.71678374597917,9.69434714157186,9.75854606050836,9.68110426505749,9.82976606738834
ENSG00000128272,GSE266884_MES28_vector_control,4,9.43610347955451,9.18983421832067,9.68895635529031,9.14216120792246,9.7563802091944
ENSG00000130957,GSE266884_MES28_vector_control,4,1.57330879963403,1.30060134636299,1.71204582126116,0.828951734213881,1.78178413847859
ENSG00000131069,GSE266884_MES28_vector_control,4,4.6223517709974,4.50285151232268,4.72560828956587,4.39630816977758,4.78342041179223
ENSG00000131482,GSE266884_MES28_vector_control,4,-0.960422929194253,-0.961873509151098,-0.958901215985728,-0.962549537085639,-0.958011788296148
ENSG00000131828,GSE266884_MES28_vector_control,4,6.88189091077806,6.68567638201522,7.08491647825398,6.66624483754195,7.12478113886649
ENSG00000132326,GSE266884_MES28_vector_control,4,3.131039992152,2.40753243530625,3.82476796222498,2.23380981913596,3.90915181807696
ENSG00000134056,GSE266884_MES28_vector_control,4,5.274838555603,5.03349701175716,5.48324622983581,4.83401703765831,5.58392459509556
ENSG00000134333,GSE266884_MES28_vector_control,4,8.87942936061861,8.80575792173648,8.93888780095757,8.72101111656402,8.98099561050054
ENSG00000135094,GSE266884_MES28_vector_control,4,-0.460386283468157,-0.490340382059303,-0.411253655132248,-0.546998576236237,-0.297059871721024
ENSG00000136143,GSE266884_MES28_vector_control,4,3.9858411459259,3.97294835356224,4.02397887085251,3.93673585849401,4.13592616360961
ENSG00000136872,GSE266884_MES28_vector_control,4,-0.958604740089202,-0.959810310538254,-0.873845488815136,-0.961648166506251,-0.6213465903721
ENSG00000137700,GSE266884_MES28_vector_control,4,5.13552055180442,5.00730512112577,5.23490874021266,4.87359652054862,5.28213561397857
ENSG00000138030,GSE266884_MES28_vector_control,4,4.04743708586087,3.93887871491903,4.22084777374586,3.93577244102722,4.4185109984671
ENSG00000138207,GSE266884_MES28_vector_control,4,-0.960422929194253,-0.961873509151098,-0.958901215985728,-0.962549537085639,-0.958011788296148
ENSG00000138400,GSE266884_MES28_vector_control,4,1.3259743167551,1.13264623142757,1.54492375292111,1.08171699581702,1.67271704104707
ENSG00000138413,GSE266884_MES28_vector_control,4,6.99575674807504,6.85459212836611,7.13352296870209,6.83961095895728,7.13830894086524
ENSG00000141349,GSE266884_MES28_vector_control,4,5.33246846166331,5.11458452386574,5.57762209534209,5.06916958364589,5.70484612320559
ENSG00000141526,GSE266884_MES28_vector_control,4,-0.752706445966615,-0.840466272055117,-0.635925803309888,-0.846535374225678,-0.542794251434653
ENSG00000141959,GSE266884_MES28_vector_control,4,6.02032167338884,5.95215813441271,6.0532613702409,5.79781946667108,6.10192851161034
ENSG00000143158,GSE266884_MES28_vector_control,4,5.161066821102,5.12436970361518,5.20315293787813,5.10962261541773,5.23406702394354
ENSG00000143252,GSE266884_MES28_vector_control,4,8.34035418626732,8.31292727609057,8.38640734195037,8.30626907811831,8.44894427644153
ENSG00000143627,GSE266884_MES28_vector_control,4,0.511680714230193,0.258062864569775,0.682412943748675,-0.0344268613600743,0.726245809252713
ENSG00000146701,GSE266884_MES28_vector_control,4,8.85436355842411,8.81811509254583,8.90285348404149,8.72410959089996,9.03358336490467
ENSG00000148942,GSE266884_MES28_vector_control,4,-0.707688805602347,-0.798219678710062,-0.621253799439792,-0.958011788296148,-0.473749290689183
ENSG00000149476,GSE266884_MES28_vector_control,4,3.95662536579559,3.90447709995166,4.01314113393729,3.8063750601607,4.12434568062154
ENSG00000149925,GSE266884_MES28_vector_control,4,9.13025215350246,9.11251592575513,9.18937480693323,9.09503440577312,9.33101560396553
ENSG00000150768,GSE266884_MES28_vector_control,4,5.42489533127342,5.37652753391649,5.45838750549797,5.30793711052967,5.48235105948768
ENSG00000152254,GSE266884_MES28_vector_control,4,-0.294750708345321,-0.536747937188882,-0.0397139752887008,-0.709484212372552,0.172140812534148
ENSG00000152256,GSE266884_MES28_vector_control,4,3.83675814931273,3.19592553425692,4.45175897503372,3.11091838925748,4.4592707520287
ENSG00000152556,GSE266884_MES28_vector_control,4,6.03388242861431,5.99309368886238,6.08069885768636,5.91836466778113,6.173510946728
ENSG00000154079,GSE266884_MES28_vector_control,4,3.84420294228531,3.74397623090715,3.96850734390878,3.65375744063728,4.13095920491458
ENSG00000155380,GSE266884_MES28_vector_control,4,6.95237813719777,6.90904609570919,6.95892151126428,6.78235853458665,6.97524307012062
ENSG00000156510,GSE266884_MES28_vector_control,4,0.526087420623387,0.154659880452098,0.743301149213787,-0.333374445911214,0.768694040834434
ENSG00000156515,GSE266884_MES28_vector_control,4,5.5840813461092,5.5559379330475,5.62629106142863,5.52651671942966,5.69791118181968
ENSG00000158571,GSE266884_MES28_vector_control,4,0.39542595839427,0.297086827384831,0.468344376117167,0.0755367026104875,0.613632361031888
ENSG00000159322,GSE266884_MES28_vector_control,4,5.34131965190099,5.28323433002011,5.42881462867508,5.26276000499318,5.53751791838164
ENSG00000159399,GSE266884_MES28_vector_control,4,5.8405087239989,5.69456203666826,5.98716836730608,5.67825754007194,6.005611731832
ENSG00000160741,GSE266884_MES28_vector_control,4,4.03980453631714,3.97466779285216,4.11902841127025,3.89049493446921,4.24546266411764
ENSG00000160883,GSE266884_MES28_vector_control,4,-0.725036322058193,-0.961873509151098,-0.390966025414041,-0.962549537085639,-0.0985906688257573
ENSG00000162688,GSE266884_MES28_vector_control,4,3.44500906896418,3.06292401666371,3.7987231257392,2.86147720173365,3.91505695409291
ENSG00000163541,GSE266884_MES28_vector_control,4,6.28352783249354,6.25903383332991,6.33287110425999,6.25545057272465,6.41100218267374
ENSG00000164951,GSE266884_MES28_vector_control,4,3.36374117765811,3.32398310519047,3.39638706986744,3.22563464813786,3.47339898614515
ENSG00000165140,GSE266884_MES28_vector_control,4,-0.960422929194253,-0.961873509151098,-0.958901215985728,-0.962549537085639,-0.958011788296148
ENSG00000166123,GSE266884_MES28_vector_control,4,5.89417385461795,5.68217969510608,6.07581436815144,5.56830345474395,6.09862967057843
ENSG00000166411,GSE266884_MES28_vector_control,4,4.78889207008526,4.67565232053171,4.9129661250819,4.6584304015365,4.96269096040636
ENSG00000166796,GSE266884_MES28_vector_control,4,-0.491839234058948,-0.57932185905983,-0.39761382272443,-0.626841462665898,-0.329865860117448
ENSG00000166800,GSE266884_MES28_vector_control,4,-0.72763525463973,-0.958308264192675,-0.496748350798304,-0.959197691882255,-0.495217240243283
ENSG00000166816,GSE266884_MES28_vector_control,4,1.42227685575676,1.03362964758254,1.79477230551375,0.857853280389632,1.92209339745495
ENSG00000167588,GSE266884_MES28_vector_control,4,-0.198729467548679,-0.213752412417199,-0.110237945730056,-0.216169185525797,0.112584558228855
ENSG00000167701,GSE266884_MES28_vector_control,4,0.809209292841304,0.184143922025381,1.38909077767374,0.0135208406587359,1.42416220108993
ENSG00000167985,GSE266884_MES28_vector_control,4,5.65407748268897,5.53225906983104,5.76251098854804,5.42288817670022,5.8317271606823
ENSG00000168291,GSE266884_MES28_vector_control,4,5.62288003581118,5.60624089036878,5.65332072994752,5.58444788382553,5.71651838257261
ENSG00000170525,GSE266884_MES28_vector_control,4,4.78152818333674,4.45589221820695,5.10110344559558,4.39078615665218,5.14802739853751
ENSG00000170571,GSE266884_MES28_vector_control,4,-0.856398861258832,-0.961873509151098,-0.668411286240249,-0.962549537085639,-0.420196476926757
ENSG00000170950,GSE266884_MES28_vector_control,4,-0.765710914970403,-0.958308264192675,-0.570298994608123,-0.959197691882255,-0.560965853498517
ENSG00000171314,GSE266884_MES28_vector_control,4,8.67411674206375,8.57256985072801,8.79854904995978,8.56941841927584,8.87035673109287
ENSG00000171989,GSE266884_MES28_vector_control,4,-0.775076015884552,-0.958308264192675,-0.588900932660237,-0.959197691882255,-0.579183000222082
ENSG00000172270,GSE266884_MES28_vector_control,4,9.24604749019153,9.14644465089175,9.29648870763868,8.98837573023432,9.30707276273825
ENSG00000172331,GSE266884_MES28_vector_control,4,5.13613942095017,5.07376547808846,5.21343004781527,4.99946025890392,5.33248531901003
ENSG00000172340,GSE266884_MES28_vector_control,4,5.86307748757039,5.66129753461497,6.01667079629849,5.48568676244592,6.04772163578562
ENSG00000172840,GSE266884_MES28_vector_control,4,3.44468466311524,3.37887058759599,3.47505141845985,3.23534000162803,3.51224004390387
ENSG00000173599,GSE266884_MES28_vector_control,4,4.37714219051668,4.20668960140056,4.51711278194152,4.00516190634157,4.62719448392666
ENSG00000175567,GSE266884_MES28_vector_control,4,6.7078636678981,6.67775387385401,6.74414687345513,6.60610098133153,6.83432000051644
ENSG00000180902,GSE266884_MES28_vector_control,4,3.65737554521825,3.57846719695764,3.76634242855854,3.53589053428235,3.89909469647284
ENSG00000182054,GSE266884_MES28_vector_control,4,7.59509803921118,7.35285512559226,7.83709042278869,7.24297897420235,7.94621498405442
ENSG00000183048,GSE266884_MES28_vector_control,4,6.82460804821953,6.75816582311758,6.92149718459935,6.71408916443469,7.05691457711585
ENSG00000188316,GSE266884_MES28_vector_control,4,4.39332307812443,4.31470097194758,4.44391363251479,4.22924419412529,4.44527575497761
ENSG00000197444,GSE266884_MES28_vector_control,4,2.98004354309714,2.88687936718081,3.00233778901667,2.66224345444278,3.01436391176427
ENSG00000198814,GSE266884_MES28_vector_control,4,3.81049022239975,3.70437111825394,3.87839689652975,3.58074185703409,3.88738886770218
ENSG00000204370,GSE266884_MES28_vector_control,4,7.25376034747954,7.19826728965003,7.30935149113064,7.1576135415136,7.35029949673185
ENSG00000214756,GSE266884_MES28_vector_control,4,3.01952075762803,2.69264948990823,3.37951843570215,2.6484382605808,3.52310889609259
ENSG00000226784,GSE266884_MES28_vector_control,4,7.13943118762697,7.04685031423006,7.22341457556888,6.95758921562114,7.28688321781281
ENSG00000256870,GSE266884_MES28_vector_control,4,-0.960422929194253,-0.961873509151098,-0.958901215985728,-0.962549537085639,-0.958011788296148
ENSG00000004799,GSE275256_HMC3_vehicle,3,0.498900279886827,0.488163328848069,0.627438301007492,0.477426377809311,0.755976322128157
ENSG00000004864,GSE275256_HMC3_vehicle,3,5.41316369347332,5.38256485305059,5.46737160430373,5.35196601262785,5.52157951513413
ENSG00000005882,GSE275256_HMC3_vehicle,3,4.2821761172933,4.27995034680658,4.30524981761083,4.27772457631986,4.32832351792836
ENSG00000008405,GSE275256_HMC3_vehicle,3,5.96111389133018,5.91926493884141,5.98321712864737,5.87741598635264,6.00532036596456
ENSG00000014641,GSE275256_HMC3_vehicle,3,7.06119320251974,7.04654065527106,7.07369702354337,7.03188810802239,7.086200844567
ENSG00000060762,GSE275256_HMC3_vehicle,3,4.62840315921424,4.55019366866072,4.63086198830802,4.47198417810719,4.6333208174018
ENSG00000062485,GSE275256_HMC3_vehicle,3,7.32357514282807,7.29851860265162,7.33628977657105,7.27346206247516,7.34900441031403
ENSG00000063854,GSE275256_HMC3_vehicle,3,4.29287976522327,4.27030605425202,4.37062375614461,4.24773234328076,4.44836774706595
ENSG00000067057,GSE275256_HMC3_vehicle,3,6.74821391605912,6.72128363699805,6.76514137948837,6.69435335793698,6.78206884291761
ENSG00000067225,GSE275256_HMC3_vehicle,3,10.5079538756514,10.5007006240918,10.5256804483877,10.4934473725321,10.5434070211239
ENSG00000067829,GSE275256_HMC3_vehicle,3,5.62389118314231,5.61998183234877,5.69530116270764,5.61607248155523,5.76671114227297
ENSG00000067992,GSE275256_HMC3_vehicle,3,3.19900669629195,3.1115163424872,3.21711593925618,3.02402598868245,3.2352251822204
ENSG00000068976,GSE275256_HMC3_vehicle,3,-0.00351607293983489,-0.027203638059083,0.0118465679169186,-0.0508912031783311,0.0272092087736721
ENSG00000073578,GSE275256_HMC3_vehicle,3,2.55301065044032,2.52506533784307,2.57677287545708,2.49712002524582,2.60053510047383
ENSG00000074800,GSE275256_HMC3_vehicle,3,11.2263686139958,11.2263686139958,11.2263686139958,11.2263686139958,11.2263686139958
ENSG00000076555,GSE275256_HMC3_vehicle,3,2.15495163846451,2.08907601823113,2.17801933051543,2.02320039799775,2.20108702256635
ENSG00000079739,GSE275256_HMC3_vehicle,3,5.52817226276552,5.48570101399543,5.57877005905148,5.44322976522534,5.62936785533744
ENSG00000087299,GSE275256_HMC3_vehicle,3,4.49708667403606,4.49061452493057,4.52236407900629,4.48414237582509,4.54764148397653
ENSG00000090861,GSE275256_HMC3_vehicle,3,6.46546196977206,6.42495053950221,6.49418624649202,6.38443910923235,6.52291052321197
ENSG00000091140,GSE275256_HMC3_vehicle,3,6.79051013247219,6.73377654428332,6.80165195483545,6.67704295609444,6.8127937771987
ENSG00000091483,GSE275256_HMC3_vehicle,3,5.49572931763767,5.46470013028272,5.53644667049383,5.43367094292777,5.57716402335
ENSG00000100156,GSE275256_HMC3_vehicle,3,-0.927353264226749,-0.929774977330146,-0.927331189044928,-0.932196690433543,-0.927309113863107
ENSG00000100412,GSE275256_HMC3_vehicle,3,4.8620454574108,4.84852061913554,4.86380268027184,4.83499578086027,4.86555990313287
ENSG00000100504,GSE275256_HMC3_vehicle,3,8.05696393430776,8.03670420477475,8.10798149503899,8.01644447524173,8.15899905577022
ENSG00000100889,GSE275256_HMC3_vehicle,3,4.45550198916041,4.41332583045032,4.46122827522855,4.37114967174023,4.46695456129668
ENSG00000100994,GSE275256_HMC3_vehicle,3,6.97655760848148,6.90604261151526,6.99179269992081,6.83552761454903,7.00702779136013
ENSG00000101365,GSE275256_HMC3_vehicle,3,6.79871840927636,6.7857071342724,6.81800903824332,6.77269585926844,6.83729966721027
ENSG00000102144,GSE275256_HMC3_vehicle,3,10.3918243976681,10.3863258375084,10.4156049511725,10.3808272773486,10.4393855046768
ENSG00000104635,GSE275256_HMC3_vehicle,3,6.83655486296402,6.77154630300537,6.86079121959577,6.70653774304673,6.88502757622751
ENSG00000105220,GSE275256_HMC3_vehicle,3,6.86820646884306,6.86677128394457,6.90617415485398,6.86533609904608,6.9441418408649
ENSG00000105679,GSE275256_HMC3_vehicle,3,-0.927353264226749,-0.929774977330146,-0.927331189044928,-0.932196690433543,-0.927309113863107
ENSG00000105953,GSE275256_HMC3_vehicle,3,4.98336311215751,4.93096200055535,4.99630932056438,4.87856088895318,5.00925552897124
ENSG00000106633,GSE275256_HMC3_vehicle,3,0.378566976440216,0.269488603628038,0.533722615333345,0.160410230815859,0.688878254226475
ENSG00000108515,GSE275256_HMC3_vehicle,3,1.2495544475854,1.22261216674409,1.33784943384159,1.19566988590278,1.42614442009777
ENSG00000108528,GSE275256_HMC3_vehicle,3,5.89406741819468,5.85914189949582,5.93194308827533,5.82421638079695,5.96981875835598
ENSG00000109107,GSE275256_HMC3_vehicle,3,1.90112702111601,1.84050510567018,1.93552775105808,1.77988319022435,1.96992848100015
ENSG00000109819,GSE275256_HMC3_vehicle,3,-0.42009498958956,-0.434106710299725,-0.29468105897605,-0.44811843100989,-0.16926712836254
ENSG00000111640,GSE275256_HMC3_vehicle,3,13.7252839067651,13.5917820176734,13.7252839067651,13.4582801285818,13.7252839067651
ENSG00000111669,GSE275256_HMC3_vehicle,3,10.6233573493581,10.583382185241,10.6376104533036,10.5434070211239,10.651863557249
ENSG00000111674,GSE275256_HMC3_vehicle,3,7.14828590603031,7.12929789345036,7.26115362453097,7.1103098808704,7.37402134303163
ENSG00000111716,GSE275256_HMC3_vehicle,3,3.56788674003573,3.48764735888075,3.7647095423407,3.40740797772577,3.96153234464566
ENSG00000112992,GSE275256_HMC3_vehicle,3,5.44014528168314,5.4197171312778,5.44403724056548,5.39928898087246,5.44792919944781
ENSG00000114021,GSE275256_HMC3_vehicle,3,3.43939564317427,3.39572854288222,3.47359857378082,3.35206144259017,3.50780150438736
ENSG00000114268,GSE275256_HMC3_vehicle,3,4.33015018952519,4.26492428414243,4.33015018952519,4.19969837875966,4.33015018952519
ENSG00000115159,GSE275256_HMC3_vehicle,3,5.83442327238272,5.82787427349926,5.84508591034131,5.82132527461579,5.85574854829991
ENSG00000116288,GSE275256_HMC3_vehicle,3,8.02387461064007,7.98536169134423,8.04620546310073,7.9468487720484,8.06853631556139
ENSG00000117118,GSE275256_HMC3_vehicle,3,6.64867880409971,6.64250767836606,6.64888646994759,6.6363365526324,6.64909413579546
ENSG00000118596,GSE275256_HMC3_vehicle,3,2.34421814539454,2.24452383544251,2.4115121152604,2.14482952549048,2.47880608512626
ENSG00000119689,GSE275256_HMC3_vehicle,3,6.80279701469156,6.77746491663422,6.81881572944697,6.75213281857687,6.83483444420237
ENSG00000120053,GSE275256_HMC3_vehicle,3,7.11435952142558,7.09030379242539,7.13285528816798,7.0662480634252,7.15135105491038
ENSG00000123836,GSE275256_HMC3_vehicle,3,2.80627897055868,2.72125545082188,2.84535056821349,2.63623193108508,2.8844221658683
ENSG00000124253,GSE275256_HMC3_vehicle,3,-0.927353264226749,-0.929774977330146,-0.927331189044928,-0.932196690433543,-0.927309113863107
ENSG00000124532,GSE275256_HMC3_vehicle,3,5.65566600139506,5.65302824891908,5.65837188937097,5.6503904964431,5.66107777734687
ENSG00000124608,GSE275256_HMC3_vehicle,3,4.98886612285928,4.98124618346312,5.01601026567361,4.97362624406695,5.04315440848795
ENSG00000124767,GSE275256_HMC3_vehicle,3,10.4393855046768,10.4297190569763,10.4664164386044,10.4200526092757,10.4934473725321
ENSG00000128272,GSE275256_HMC3_vehicle,3,8.60617658950756,8.55645747587009,8.6323998686519,8.50673836223262,8.65862314779624
ENSG00000130957,GSE275256_HMC3_vehicle,3,-0.229376024924557,-0.578364644575653,-0.202721030543564,-0.927353264226749,-0.17606603616257
ENSG00000131069,GSE275256_HMC3_vehicle,3,4.73681474634699,4.71500819644088,4.79960422438778,4.69320164653477,4.86239370242856
ENSG00000131482,GSE275256_HMC3_vehicle,3,-0.927353264226749,-0.929774977330146,-0.927331189044928,-0.932196690433543,-0.927309113863107
ENSG00000131828,GSE275256_HMC3_vehicle,3,6.65251962518837,6.63320329252981,6.67061886241556,6.61388695987124,6.68871809964275
ENSG00000132326,GSE275256_HMC3_vehicle,3,2.04358172355651,1.96955664862756,2.26593500313414,1.89553157369862,2.48828828271176
ENSG00000134056,GSE275256_HMC3_vehicle,3,5.91599138227054,5.89953802011293,5.96163023529502,5.88308465795532,6.0072690883195
ENSG00000134333,GSE275256_HMC3_vehicle,3,12.1702976452727,12.1381106220033,12.1702976452727,12.105923598734,12.1702976452727
ENSG00000135094,GSE275256_HMC3_vehicle,3,-0.927353264226749,-0.929774977330146,-0.927331189044928,-0.932196690433543,-0.927309113863107
ENSG00000136143,GSE275256_HMC3_vehicle,3,4.52895879617551,4.51868559901158,4.56624525740736,4.50841240184765,4.60353171863921
ENSG00000136872,GSE275256_HMC3_vehicle,3,-0.927309113863107,-0.929752902148325,-0.731229467067672,-0.932196690433543,-0.535149820272237
ENSG00000137700,GSE275256_HMC3_vehicle,3,4.16350301067946,4.10680073394946,4.20395904803947,4.05009845721947,4.24441508539947
ENSG00000138030,GSE275256_HMC3_vehicle,3,2.46731482568735,2.32751549965544,2.53958369453605,2.18771617362352,2.61185256338474
ENSG00000138207,GSE275256_HMC3_vehicle,3,2.0343171073667,1.80292266726607,2.05346675849821,1.57152822716544,2.07261640962972
ENSG00000138400,GSE275256_HMC3_vehicle,3,0.455073792824213,0.454696965973148,0.558117443518151,0.454320139122083,0.661161094212089
ENSG00000138413,GSE275256_HMC3_vehicle,3,5.91932413273812,5.91534102533458,5.97872567566123,5.91135791793104,6.03812721858435
ENSG00000141349,GSE275256_HMC3_vehicle,3,3.49581357479826,3.48732560271787,3.50393781632021,3.47883763063747,3.51206205784215
ENSG00000141526,GSE275256_HMC3_vehicle,3,6.75118661792638,6.72755706783366,6.76809288642508,6.70392751774094,6.78499915492377
ENSG00000141959,GSE275256_HMC3_vehicle,3,5.93170100126439,5.89903818566465,5.97725978764849,5.86637537006491,6.02281857403258
ENSG00000143158,GSE275256_HMC3_vehicle,3,6.05875631483111,6.04065397959269,6.08913134289921,6.02255164435426,6.1195063709673
ENSG00000143252,GSE275256_HMC3_vehicle,3,6.71289766207629,6.68153794386074,6.75034730706314,6.65017822564519,6.78779695204998
ENSG00000143627,GSE275256_HMC3_vehicle,3,-0.490693493355068,-0.711445091894306,-0.363249751642326,-0.932196690433543,-0.235806009929583
ENSG00000146701,GSE275256_HMC3_vehicle,3,6.8934882591106,6.88285634056739,6.89646912626212,6.87222442202417,6.89944999341363
ENSG00000148942,GSE275256_HMC3_vehicle,3,-0.927353264226749,-0.929774977330146,-0.927331189044928,-0.932196690433543,-0.927309113863107
ENSG00000149476,GSE275256_HMC3_vehicle,3,2.38204153374746,2.35101787165305,2.4722129165784,2.31999420955863,2.56238429940934
ENSG00000149925,GSE275256_HMC3_vehicle,3,5.91932413273812,5.90921564853211,5.96911985936684,5.89910716432609,6.01891558599556
ENSG00000150768,GSE275256_HMC3_vehicle,3,5.70683027405436,5.68589984268159,5.70938246467085,5.66496941130882,5.71193465528734
ENSG00000152254,GSE275256_HMC3_vehicle,3,-0.927353264226749,-0.929774977330146,-0.927331189044928,-0.932196690433543,-0.927309113863107
ENSG00000152256,GSE275256_HMC3_vehicle,3,4.91288119456357,4.89916419885089,4.93825034962267,4.88544720313821,4.96361950468176
ENSG00000152556,GSE275256_HMC3_vehicle,3,5.7077314995281,5.68587737721202,5.71732623111314,5.66402325489593,5.72692096269818
ENSG00000154079,GSE275256_HMC3_vehicle,3,2.20995655021541,2.17798366851221,2.6007309138516,2.146010786809,2.99150527748779
ENSG00000155380,GSE275256_HMC3_vehicle,3,6.55781119876813,6.55753446782487,6.58700309882863,6.5572577368816,6.61619499888912
ENSG00000156510,GSE275256_HMC3_vehicle,3,1.38056963453955,1.2146835280831,1.50007956881808,1.04879742162665,1.6195895030966
ENSG00000156515,GSE275256_HMC3_vehicle,3,7.10441785476231,7.09617456939808,7.13983442829459,7.08793128403385,7.17525100182687
ENSG00000158571,GSE275256_HMC3_vehicle,3,-0.378250706541914,-0.652801985384332,-0.258098403135179,-0.927353264226749,-0.137946099728444
ENSG00000159322,GSE275256_HMC3_vehicle,3,5.78179054956414,5.77331912529085,5.78308756631972,5.76484770101755,5.7843845830753
ENSG00000159399,GSE275256_HMC3_vehicle,3,7.31773176605857,7.31732091836912,7.34926034978889,7.31691007067966,7.3807889335192
ENSG00000160741,GSE275256_HMC3_vehicle,3,4.74379482997515,4.71507909414549,4.75699111691479,4.68636335831582,4.77018740385443
ENSG00000160883,GSE275256_HMC3_vehicle,3,-0.927353264226749,-0.929774977330146,-0.927331189044928,-0.932196690433543,-0.927309113863107
ENSG00000162688,GSE275256_HMC3_vehicle,3,4.73867877528618,4.71012413159202,4.80978219210771,4.68156948789786,4.88088560892924
ENSG00000163541,GSE275256_HMC3_vehicle,3,5.98568313688576,5.9319936920731,6.03039776367701,5.87830424726044,6.07511239046825
ENSG00000164951,GSE275256_HMC3_vehicle,3,5.70325501635139,5.61648637039354,5.71030177803171,5.52971772443568,5.71734853971203
ENSG00000165140,GSE275256_HMC3_vehicle,3,-0.927309113863107,-0.927331189044928,-0.38471327938582,-0.927353264226749,0.157882555091467
ENSG00000166123,GSE275256_HMC3_vehicle,3,5.06258647874471,5.00019421047666,5.12090484012183,4.93780194220861,5.17922320149894
ENSG00000166411,GSE275256_HMC3_vehicle,3,5.71010358969026,5.65267581277391,5.72805431856571,5.59524803585755,5.74600504744115
ENSG00000166796,GSE275256_HMC3_vehicle,3,2.48638612469975,2.29453112128825,2.68998090775335,2.10267611787674,2.89357569080694
ENSG00000166800,GSE275256_HMC3_vehicle,3,-0.927353264226749,-0.929774977330146,-0.927331189044928,-0.932196690433543,-0.927309113863107
ENSG00000166816,GSE275256_HMC3_vehicle,3,-0.444776403578249,-0.686042758720678,-0.418024732024278,-0.927309113863107,-0.391273060470307
ENSG00000167588,GSE275256_HMC3_vehicle,3,-0.368585935559746,-0.451167949912541,-0.175751781408399,-0.533749964265335,0.0170823727429479
ENSG00000167701,GSE275256_HMC3_vehicle,3,-0.927309113863107,-0.929752902148325,-0.683363652289184,-0.932196690433543,-0.439418190715261
ENSG00000167985,GSE275256_HMC3_vehicle,3,2.93177275074657,2.87178483148495,3.02789077794083,2.81179691222333,3.12400880513508
ENSG00000168291,GSE275256_HMC3_vehicle,3,5.69684311879459,5.66255568455497,5.72719168027357,5.62826825031535,5.75754024175254
ENSG00000170525,GSE275256_HMC3_vehicle,3,5.61979715727673,5.57373048636199,5.65551916729964,5.52766381544725,5.69124117732255
ENSG00000170571,GSE275256_HMC3_vehicle,3,5.17922320149894,5.08646824355346,5.1942243824123,4.99371328560797,5.20922556332565
ENSG00000170950,GSE275256_HMC3_vehicle,3,-0.927353264226749,-0.929774977330146,-0.927331189044928,-0.932196690433543,-0.927309113863107
ENSG00000171314,GSE275256_HMC3_vehicle,3,7.02703846736146,7.00005586213157,7.05661965596423,6.97307325690167,7.086200844567
ENSG00000171989,GSE275256_HMC3_vehicle,3,-0.927353264226749,-0.929774977330146,-0.927331189044928,-0.932196690433543,-0.927309113863107
ENSG00000172270,GSE275256_HMC3_vehicle,3,8.81884727315433,8.78927070729305,8.83055851026018,8.75969414143178,8.84226974736602
ENSG00000172331,GSE275256_HMC3_vehicle,3,5.3145104673981,5.28316057718588,5.36548848711329,5.25181068697365,5.41646650682848
ENSG00000172340,GSE275256_HMC3_vehicle,3,6.32728331392569,6.3068668247524,6.35586121157902,6.2864503355791,6.38443910923235
ENSG00000172840,GSE275256_HMC3_vehicle,3,4.19572307879338,4.15923826965575,4.19771072877652,4.12275346051812,4.19969837875966
ENSG00000173599,GSE275256_HMC3_vehicle,3,3.4175353176322,3.40871279400909,3.45179249086605,3.39989027038598,3.4860496640999
ENSG00000175567,GSE275256_HMC3_vehicle,3,6.99338544913883,6.99275976592543,7.0087866572943,6.99213408271203,7.02418786544976
ENSG00000180902,GSE275256_HMC3_vehicle,3,2.89075208360283,2.87605259719337,3.0179132532022,2.8613531107839,3.14507442280157
ENSG00000182054,GSE275256_HMC3_vehicle,3,6.70220485393157,6.69133407632981,6.83938123120653,6.68046329872805,6.97655760848148
ENSG00000183048,GSE275256_HMC3_vehicle,3,3.19802237890501,3.10813846547727,3.28424395009564,3.01825455204952,3.37046552128627
ENSG00000188316,GSE275256_HMC3_vehicle,3,-0.065662890528822,-0.273997462585935,0.049606295476199,-0.482332034643049,0.16487548148122
ENSG00000197444,GSE275256_HMC3_vehicle,3,1.92462993710166,1.80866948878383,1.97968267086547,1.69270904046599,2.03473540462928
ENSG00000198814,GSE275256_HMC3_vehicle,3,2.73118809809066,2.71453910110885,2.76057073629296,2.69789010412704,2.78995337449525
ENSG00000204370,GSE275256_HMC3_vehicle,3,6.54701159419952,6.53980157733894,6.60831772704457,6.53259156047836,6.66962385988961
ENSG00000214756,GSE275256_HMC3_vehicle,3,2.33570969749129,2.23594384542985,2.38357453343919,2.1361779933684,2.43143936938708
ENSG00000226784,GSE275256_HMC3_vehicle,3,-0.927353264226749,-0.929774977330146,-0.927331189044928,-0.932196690433543,-0.927309113863107
ENSG00000256870,GSE275256_HMC3_vehicle,3,-0.927353264226749,-0.929774977330146,-0.927331189044928,-0.932196690433543,-0.927309113863107
ENSG00000004799,GSE283812_T47D_vehicle,4,2.43626764972665,2.21036822115049,2.49899273072298,1.63011914180293,2.58971876733106
ENSG00000004864,GSE283812_T47D_vehicle,4,5.98707700503623,5.98527569577331,6.01226027134967,5.98067237851138,6.08700945976317
ENSG00000005882,GSE283812_T47D_vehicle,4,4.06816504676157,4.05950227731744,4.08111152003763,4.05123762093988,4.10222728791098
ENSG00000008405,GSE283812_T47D_vehicle,4,4.6103799539089,4.58581616677018,4.62123740471002,4.54286497484442,4.62306958762297
ENSG00000014641,GSE283812_T47D_vehicle,4,7.120586874948,7.10989132935121,7.13027835094736,7.10078727428162,7.13637019722466
ENSG00000060762,GSE283812_T47D_vehicle,4,6.00721154023378,5.98137921848622,6.03107255682038,5.92742613707214,6.07911172275156
ENSG00000062485,GSE283812_T47D_vehicle,4,7.87843391731293,7.83771343794134,7.91743990900535,7.82475165360168,7.92525823030752
ENSG00000063854,GSE283812_T47D_vehicle,4,4.10465124593154,4.07086185582025,4.14560335812347,4.02827420444253,4.20967917574312
ENSG00000067057,GSE283812_T47D_vehicle,4,5.91819423710605,5.86506148085831,5.98108229707998,5.84312293410177,6.03228675501509
ENSG00000067225,GSE283812_T47D_vehicle,4,9.12199000319617,9.10758684711195,9.14660799151152,9.08629509135385,9.19854424396294
ENSG00000067829,GSE283812_T47D_vehicle,4,4.92160343015875,4.87514127236707,4.95462554062803,4.83267909735621,4.95676757367169
ENSG00000067992,GSE283812_T47D_vehicle,4,3.44956293244398,3.39325196718039,3.52322136750425,3.3460987942433,3.62241694983138
ENSG00000068976,GSE283812_T47D_vehicle,4,0.305680735829454,0.223626251766143,0.390026355142368,0.163379993350399,0.457146019306926
ENSG00000073578,GSE283812_T47D_vehicle,4,6.85345035070299,6.85190004866981,6.85830116208335,6.85088499225183,6.8692177465428
ENSG00000074800,GSE283812_T47D_vehicle,4,9.94758030059625,9.89501487436149,10.0036711171068,9.86981038572062,10.0394517765752
ENSG00000076555,GSE283812_T47D_vehicle,4,1.43301008040532,1.41734842740528,1.44434443134844,1.37584875549566,1.47286219708729
ENSG00000079739,GSE283812_T47D_vehicle,4,5.4573680820343,5.42543167127224,5.50734896503987,5.38187123471117,5.60504281833151
ENSG00000087299,GSE283812_T47D_vehicle,4,5.42251343312018,5.39754386034703,5.45181227016382,5.34872334900298,5.51362057431933
ENSG00000090861,GSE283812_T47D_vehicle,4,7.30099856869281,7.28778863377801,7.32089809411324,7.28076891695558,7.34798658245252
ENSG00000091140,GSE283812_T47D_vehicle,4,6.99824238069785,6.98082797278196,7.01567016606161,6.96449942097214,7.03203885021506
ENSG00000091483,GSE283812_T47D_vehicle,4,6.23320176663549,6.21572822284098,6.24853356284443,6.184319156603,6.27351738632571
ENSG00000100156,GSE283812_T47D_vehicle,4,2.43204516458443,2.26737278763708,2.53951276616222,1.95655694276111,2.67871428492954
ENSG00000100412,GSE283812_T47D_vehicle,4,4.83808609379463,4.82523659179255,4.88736273135966,4.81267048994958,5.00921023989146
ENSG00000100504,GSE283812_T47D_vehicle,4,5.34987633860728,5.29067049047802,5.39878595236375,5.11543744341478,5.54313029630861
ENSG00000100889,GSE283812_T47D_vehicle,4,5.13253392382891,5.10920403957697,5.14326729753537,5.06907406543676,5.14560774003916
ENSG00000100994,GSE283812_T47D_vehicle,4,5.82878621981853,5.78603191421823,5.87056957252067,5.76255073049176,5.89113789755271
ENSG00000101365,GSE283812_T47D_vehicle,4,7.11253920851326,7.08019019755901,7.1318387513615,7.0078637223905,7.16501682221199
ENSG00000102144,GSE283812_T47D_vehicle,4,8.33049100082263,8.27656650960865,8.37270769109837,8.23709412230315,8.37705667558918
ENSG00000104635,GSE283812_T47D_vehicle,4,4.95311522698071,4.92937801913622,4.97623283800268,4.92635423535832,4.97739783131299
ENSG00000105220,GSE283812_T47D_vehicle,4,5.46084383721279,5.43848946213022,5.4973747914731,5.4210905487311,5.55730344240546
ENSG00000105679,GSE283812_T47D_vehicle,4,3.62693008035573,3.48561946151394,3.691077301323,3.22447224737487,3.72073432183854
ENSG00000105953,GSE283812_T47D_vehicle,4,6.79206307301989,6.77204072163275,6.81479981861374,6.72964575502428,6.86533796784235
ENSG00000106633,GSE283812_T47D_vehicle,4,-0.929752448856961,-0.929931193899071,-0.927987150286684,-0.930282959093453,-0.922875724507799
ENSG00000108515,GSE283812_T47D_vehicle,4,2.32809140441094,2.22596318946966,2.4261416893453,2.13459696527483,2.5052741235194
ENSG00000108528,GSE283812_T47D_vehicle,4,6.21788863244092,6.18611184730939,6.24996061231104,6.15773245964404,6.27922558419217
ENSG00000109107,GSE283812_T47D_vehicle,4,5.91047068118828,5.76179738916627,6.08177334996133,5.71783719210055,6.19362167728017
ENSG00000109819,GSE283812_T47D_vehicle,4,3.13197924923287,3.02199148154462,3.2433855529616,2.97168913775296,3.29794350487472
ENSG00000111640,GSE283812_T47D_vehicle,4,10.9913977882474,10.9377095567974,11.0322295661268,10.87263112075,11.0587386414628
ENSG00000111669,GSE283812_T47D_vehicle,4,7.71622802409677,7.68608293121501,7.76549775431132,7.68102524352528,7.82792935399946
ENSG00000111674,GSE283812_T47D_vehicle,4,2.73208073571404,2.67922534826677,2.79374953540492,2.54683568191037,2.95257943849216
ENSG00000111716,GSE283812_T47D_vehicle,4,-0.929752448856961,-0.929931193899071,-0.927987150286684,-0.930282959093453,-0.922875724507799
ENSG00000112992,GSE283812_T47D_vehicle,4,6.3153594387011,6.26294210158607,6.36051507241088,6.16028165022468,6.44139041355648
ENSG00000114021,GSE283812_T47D_vehicle,4,4.71708834400475,4.68697115041964,4.74535699483098,4.66132004674173,4.76546247023227
ENSG00000114268,GSE283812_T47D_vehicle,4,3.57830281455874,3.43705482577033,3.65635960817604,3.23916317124029,3.66467767719274
ENSG00000115159,GSE283812_T47D_vehicle,4,5.1495557448113,5.12853520289168,5.1682602079869,5.10616233453254,5.18368484011397
ENSG00000116288,GSE283812_T47D_vehicle,4,8.22133168003249,8.18808297683258,8.25366434847263,8.16560795776693,8.273391263259
ENSG00000117118,GSE283812_T47D_vehicle,4,7.00611701180394,6.99586375460889,7.031000097057,6.99359936717591,7.07715396866402
ENSG00000118596,GSE283812_T47D_vehicle,4,-0.61608421958005,-0.717237812193324,-0.580485944968674,-0.930282959093453,-0.564106752074239
ENSG00000119689,GSE283812_T47D_vehicle,4,7.55136834112109,7.53076165598422,7.56998213991743,7.51944211757294,7.57532301930708
ENSG00000120053,GSE283812_T47D_vehicle,4,7.77235942092094,7.75250519700792,7.79477719763031,7.74468722108194,7.81028583194534
ENSG00000123836,GSE283812_T47D_vehicle,4,5.20490070398187,5.13668418832513,5.27339154983025,5.11485823612703,5.29604049260328
ENSG00000124253,GSE283812_T47D_vehicle,4,-0.926283341693722,-0.929838958933098,-0.853589285667601,-0.930282959093453,-0.645729969147009
ENSG00000124532,GSE283812_T47D_vehicle,4,6.31256416006777,6.29060745018373,6.31981542460896,6.23366493245235,6.33264160631183
ENSG00000124608,GSE283812_T47D_vehicle,4,4.32730207107484,4.29487125924573,4.35590727670962,4.2249290713594,4.41437264601294
ENSG00000124767,GSE283812_T47D_vehicle,4,9.78274727102418,9.76982024742351,9.79461720830049,9.73103917662149,9.83022702012942
ENSG00000128272,GSE283812_T47D_vehicle,4,8.33495750287042,8.29329959261071,8.38072098493916,8.27722744202462,8.40910985095234
ENSG00000130957,GSE283812_T47D_vehicle,4,0.0665735643679435,-0.352867009908465,0.365258420285628,-0.922875724507799,0.572999979808789
ENSG00000131069,GSE283812_T47D_vehicle,4,5.2234408810638,5.18523577086991,5.22956502203047,5.07627874029107,5.24227914492767
ENSG00000131482,GSE283812_T47D_vehicle,4,-0.929752448856961,-0.929931193899071,-0.927987150286684,-0.930282959093453,-0.922875724507799
ENSG00000131828,GSE283812_T47D_vehicle,4,7.35679729653874,7.33860232239996,7.37725200195355,7.33781287237742,7.3848206458042
ENSG00000132326,GSE283812_T47D_vehicle,4,3.68292903962303,3.61858469431657,3.75008099754399,3.54494248383936,3.8321460458647
ENSG00000134056,GSE283812_T47D_vehicle,4,4.06342291971917,3.95925862690612,4.13117183704198,3.78127582177705,4.1999085157003
ENSG00000134333,GSE283812_T47D_vehicle,4,8.90636610217869,8.88197061346572,8.93713880086852,8.87649015901684,8.96175088524798
ENSG00000135094,GSE283812_T47D_vehicle,4,-0.929752448856961,-0.929931193899071,-0.927987150286684,-0.930282959093453,-0.922875724507799
ENSG00000136143,GSE283812_T47D_vehicle,4,5.22844932912455,5.1972304670293,5.2471769070005,5.14734080476007,5.25959271661184
ENSG00000136872,GSE283812_T47D_vehicle,4,-0.926283341693722,-0.929838958933098,-0.825379615085201,-0.930282959093453,-0.532891286817407
ENSG00000137700,GSE283812_T47D_vehicle,4,5.28548571045396,5.24738273052759,5.31224609586096,5.19075831297422,5.33484272985622
ENSG00000138030,GSE283812_T47D_vehicle,4,2.5949734790231,2.5084763180752,2.66041454258113,2.40004754062219,2.70567502786452
ENSG00000138207,GSE283812_T47D_vehicle,4,1.37645116178142,1.04807182769987,1.53338379000406,0.504202904803502,1.56291259532375
ENSG00000138400,GSE283812_T47D_vehicle,4,1.77909621264127,1.61777996078599,1.94541002302965,1.44946497041351,2.1287176890014
ENSG00000138413,GSE283812_T47D_vehicle,4,5.94359401790532,5.93654471390251,5.96850565476312,5.93621176421367,6.02242560301694
ENSG00000141349,GSE283812_T47D_vehicle,4,4.847770111748,4.81977197056292,4.85589973251388,4.74834043080931,4.86772571100989
ENSG00000141526,GSE283812_T47D_vehicle,4,2.46728910103752,2.34588131838417,2.5809835312712,2.27999542721389,2.62372936518252
ENSG00000141959,GSE283812_T47D_vehicle,4,5.43327590606838,5.36222043886915,5.47558717442813,5.26726855731654,5.48430645946228
ENSG00000143158,GSE283812_T47D_vehicle,4,6.92237832765018,6.87321031254103,6.96216726520628,6.75848609000684,7.04875425508131
ENSG00000143252,GSE283812_T47D_vehicle,4,9.22726790903014,9.18224487546331,9.28048734054122,9.16361988480943,9.32370152502787
ENSG00000143627,GSE283812_T47D_vehicle,4,-0.929752448856961,-0.929931193899071,-0.927987150286684,-0.930282959093453,-0.922875724507799
ENSG00000146701,GSE283812_T47D_vehicle,4,9.10482695188429,9.08115920395314,9.11293208891081,9.02709443339182,9.12030902675825
ENSG00000148942,GSE283812_T47D_vehicle,4,1.28253434026546,1.19351740099095,1.39348058914349,1.15460708009984,1.49817883884516
ENSG00000149476,GSE283812_T47D_vehicle,4,5.41073031487466,5.3703915035691,5.45215369646637,5.32608154468331,5.49971736621063
ENSG00000149925,GSE283812_T47D_vehicle,4,5.39192421116726,5.3151999649869,5.44708033556716,5.187503123887,5.51007281132571
ENSG00000150768,GSE283812_T47D_vehicle,4,7.0526979795598,7.04474226749112,7.06558878048535,7.04197974610112,7.08315656844595
ENSG00000152254,GSE283812_T47D_vehicle,4,-0.929752448856961,-0.929931193899071,-0.927987150286684,-0.930282959093453,-0.922875724507799
ENSG00000152256,GSE283812_T47D_vehicle,4,3.1863417801313,3.12085360726451,3.23617158294309,2.98982742008406,3.32022265995852
ENSG00000152556,GSE283812_T47D_vehicle,4,5.88429865007759,5.84973685572199,5.92979323722244,5.83747394946371,5.97485452184848
ENSG00000154079,GSE283812_T47D_vehicle,4,4.62842049337433,4.50921946382956,4.73454347171371,4.32347076479337,4.88105801713372
ENSG00000155380,GSE283812_T47D_vehicle,4,1.57740677321212,1.4418664212408,1.7195981229033,1.29212589417694,1.8892916431267
ENSG00000156510,GSE283812_T47D_vehicle,4,-0.737825170612115,-0.929931193899071,-0.531762228123065,-0.930282959093453,-0.489539705322401
ENSG00000156515,GSE283812_T47D_vehicle,4,7.58462962157917,7.57927250676636,7.58943836361666,7.56820184678754,7.59886390526952
ENSG00000158571,GSE283812_T47D_vehicle,4,0.797261693619846,0.576715377313802,0.993569974027998,0.198355337545976,1.29921590610215
ENSG00000159322,GSE283812_T47D_vehicle,4,5.07220870019394,5.02706648398155,5.10960452252398,4.98071173720069,5.13272008765778
ENSG00000159399,GSE283812_T47D_vehicle,4,4.00857712672284,3.93925276523624,4.07875132654803,3.91713156683776,4.10342203996229
ENSG00000160741,GSE283812_T47D_vehicle,4,5.39145759397378,5.35475321247107,5.40951668761361,5.26919815919014,5.43913587730591
ENSG00000160883,GSE283812_T47D_vehicle,4,-0.929752448856961,-0.929931193899071,-0.927987150286684,-0.930282959093453,-0.922875724507799
ENSG00000162688,GSE283812_T47D_vehicle,4,5.33861497147069,5.31030398461274,5.34001958264194,5.22918233262787,5.34042210756672
ENSG00000163541,GSE283812_T47D_vehicle,4,6.42545174324529,6.42275866282612,6.44014029758136,6.41947392123185,6.47941146092635
ENSG00000164951,GSE283812_T47D_vehicle,4,3.40934855902789,3.37827673071293,3.44564334239926,3.32965887879723,3.50993005948424
ENSG00000165140,GSE283812_T47D_vehicle,4,5.20516973495218,5.18836356989537,5.22536258335739,5.16036056485914,5.26352563843883
ENSG00000166123,GSE283812_T47D_vehicle,4,4.72720177610494,4.66737857318857,4.78955281596945,4.65382992364515,4.8106849763573
ENSG00000166411,GSE283812_T47D_vehicle,4,4.45718794196114,4.39364839162515,4.5275364050949,4.36042585336921,4.58118568174417
ENSG00000166796,GSE283812_T47D_vehicle,4,-0.929752448856961,-0.929931193899071,-0.927987150286684,-0.930282959093453,-0.922875724507799
ENSG00000166800,GSE283812_T47D_vehicle,4,0.184291761336954,0.128767587555046,0.28272011894435,0.0920409975286761,0.448159260447185
ENSG00000166816,GSE283812_T47D_vehicle,4,5.33459027485925,5.27788710033046,5.38448951720941,5.21789938536456,5.42406543563944
ENSG00000167588,GSE283812_T47D_vehicle,4,1.14427819596163,1.02593332284683,1.28306032178314,0.946253139138274,1.42405226361184
ENSG00000167701,GSE283812_T47D_vehicle,4,1.8862448184199,1.72019815405323,1.99439156258786,1.52050870349024,2.0203812525547
ENSG00000167985,GSE283812_T47D_vehicle,4,7.2945325786738,7.28559509104061,7.31131839559674,7.2670958243411,7.35336265016548
ENSG00000168291,GSE283812_T47D_vehicle,4,7.64180078682013,7.62516637794874,7.6489048325737,7.5829627267593,7.6625173944097
ENSG00000170525,GSE283812_T47D_vehicle,4,7.94867628097136,7.8628783565927,8.05171383903441,7.78719375176855,8.17911734491176
ENSG00000170571,GSE283812_T47D_vehicle,4,1.80220364601075,1.68821184045747,1.85573375505773,1.39415597229771,1.96840453369857
ENSG00000170950,GSE283812_T47D_vehicle,4,-0.926283341693722,-0.929721703868304,-0.752289886998407,-0.929813938834277,-0.240532374470232
ENSG00000171314,GSE283812_T47D_vehicle,4,7.71293263164805,7.69368433317821,7.73086155335269,7.63778705970241,7.78280069653292
ENSG00000171989,GSE283812_T47D_vehicle,4,-0.929752448856961,-0.929931193899071,-0.740365678688924,-0.930282959093453,-0.172389838116758
ENSG00000172270,GSE283812_T47D_vehicle,4,7.91210390907579,7.88012544033106,7.93013455685374,7.83491578636026,7.93350074792417
ENSG00000172331,GSE283812_T47D_vehicle,4,5.08691731241128,5.04535996865433,5.11987398762288,4.96746989892526,5.17196205171591
ENSG00000172340,GSE283812_T47D_vehicle,4,8.06480547799575,8.00689684531622,8.12690854536402,7.99278980129649,8.15359889344996
ENSG00000172840,GSE283812_T47D_vehicle,4,4.23356819766015,4.21275907666672,4.24771925996707,4.15981355427873,4.28069060629554
ENSG00000173599,GSE283812_T47D_vehicle,4,3.46699658113676,3.36555182573414,3.57932501564658,3.30140762063505,3.67612025806727
ENSG00000175567,GSE283812_T47D_vehicle,4,6.53875542475236,6.4838690794145,6.56398297866898,6.3668286243523,6.59204705946743
ENSG00000180902,GSE283812_T47D_vehicle,4,2.73454169724761,2.71862655301272,2.75666207695615,2.69761752025981,2.79628681613002
ENSG00000182054,GSE283812_T47D_vehicle,4,8.69375565116051,8.68008898645031,8.70847586272743,8.65840806321223,8.73331742653571
ENSG00000183048,GSE283812_T47D_vehicle,4,5.94778736237927,5.91131031401499,5.98389825436233,5.87858123802607,6.01552886120763
ENSG00000188316,GSE283812_T47D_vehicle,4,0.771937523703535,0.710846527830169,0.86898105429338,0.673465073884137,1.01422011238885
ENSG00000197444,GSE283812_T47D_vehicle,4,3.33092840481954,3.2053210631204,3.44770713859211,3.14429788252194,3.48224449541087
ENSG00000198814,GSE283812_T47D_vehicle,4,3.5398935609333,3.52644828634237,3.60247592753648,3.49051238533885,3.78582310457679
ENSG00000204370,GSE283812_T47D_vehicle,4,7.87038518754409,7.84387016265699,7.89103811813573,7.82475165360168,7.89257034430469
ENSG00000214756,GSE283812_T47D_vehicle,4,3.5745195042742,3.54925299777246,3.7076586293358,3.49746523990169,4.08306424288612
ENSG00000226784,GSE283812_T47D_vehicle,4,-0.068520593056839,-0.413492324039773,0.173282338513327,-0.922875724507799,0.373159340743046
ENSG00000256870,GSE283812_T47D_vehicle,4,-0.929752448856961,-0.929931193899071,-0.927987150286684,-0.930282959093453,-0.922875724507799
ENSG00000004799,GTEx_v8_Hippocampus,197,4.5972124414868,3.87969952016597,5.59042899113455,2.64474774870462,8.57831368293409
ENSG00000004864,GTEx_v8_Hippocampus,197,3.03387227807041,2.5325275735569,3.45493818613106,1.19604157891475,4.54398088741462
ENSG00000005882,GTEx_v8_Hippocampus,197,3.25447669307493,2.97115606153718,3.527703941983,1.92372616380834,4.41925246571387
ENSG00000008405,GTEx_v8_Hippocampus,197,2.53527383421081,2.26502883173021,2.79400075933453,1.40180707451061,4.46873031361837
ENSG00000014641,GTEx_v8_Hippocampus,197,6.3698314935213,5.63237610902511,6.95047040748573,4.73997307795971,7.84252311134669
ENSG00000060762,GTEx_v8_Hippocampus,197,6.35713544973856,6.11602765287477,6.61131507655515,5.49185883688516,7.21689576343485
ENSG00000062485,GTEx_v8_Hippocampus,197,4.70264345558501,4.57195316652237,4.84968699128458,4.14598692557986,5.41175201118118
ENSG00000063854,GTEx_v8_Hippocampus,197,4.59552673808756,4.37809981167785,4.89223423379401,3.2426718708375,5.94888995221905
ENSG00000067057,GTEx_v8_Hippocampus,197,4.84506106122984,4.43002166247727,5.32235326224086,2.39756465878491,6.32764544012948
ENSG00000067225,GTEx_v8_Hippocampus,197,7.02995386423328,6.80667875992109,7.26738562297732,5.84086642776005,7.99927062256385
ENSG00000067829,GTEx_v8_Hippocampus,197,5.36764581799656,5.04651177020545,5.6500948902091,3.86296710388719,6.41790792832886
ENSG00000067992,GTEx_v8_Hippocampus,197,-0.435284872221871,-0.555344267858606,-0.258150360081001,-0.862498247135956,0.564939534769367
ENSG00000068976,GTEx_v8_Hippocampus,197,3.66395647529796,3.15212283507918,4.1397279486936,1.38664920197012,5.25645604446021
ENSG00000073578,GTEx_v8_Hippocampus,197,4.30981983871685,4.09152075592219,4.46566082043877,3.60082517863018,4.9449890785553
ENSG00000074800,GTEx_v8_Hippocampus,197,7.94927890375829,7.6926090091827,8.21146067551577,6.73342943584437,8.84331458861911
ENSG00000076555,GTEx_v8_Hippocampus,197,2.34042746936626,1.98602428296868,2.69632442822841,1.02996756277459,3.54498412866578
ENSG00000079739,GTEx_v8_Hippocampus,197,4.19429003206931,3.86620394536324,4.55154641830131,3.01639898844497,5.33815856107661
ENSG00000087299,GTEx_v8_Hippocampus,197,1.37894966970562,1.17845725108097,1.57089089243331,0.64821496745507,2.42008120200744
ENSG00000090861,GTEx_v8_Hippocampus,197,4.7767862100794,4.63213385543908,4.97621259408961,4.09863969157667,5.53246772402634
ENSG00000091140,GTEx_v8_Hippocampus,197,3.96198827193619,3.70154947435215,4.18711181139,2.75140683529945,4.88818225048672
ENSG00000091483,GTEx_v8_Hippocampus,197,3.24635619552777,3.0342160784851,3.44028879454624,2.06069394010745,3.99111767958142
ENSG00000100156,GTEx_v8_Hippocampus,197,1.53342414597246,1.18497467775136,2.1258687762102,0.328773257313547,3.59155529547335
ENSG00000100412,GTEx_v8_Hippocampus,197,4.35271266720127,4.06275989938635,4.63907389851548,2.6480708632387,5.31811868770459
ENSG00000100504,GTEx_v8_Hippocampus,197,1.90735430819012,1.53820583675964,2.53597158296594,0.749534360884878,4.39740205937599
ENSG00000100889,GTEx_v8_Hippocampus,197,1.49660496959381,1.16731951835134,1.84987592218739,0.260282695481243,2.87575714358474
ENSG00000100994,GTEx_v8_Hippocampus,197,6.37882352911575,6.06611660148469,6.58545780562644,4.80483328022589,7.59251706013291
ENSG00000101365,GTEx_v8_Hippocampus,197,5.25990723133498,5.11616916996486,5.38684173449879,4.61122714510473,5.86135561899674
ENSG00000102144,GTEx_v8_Hippocampus,197,5.76587577656175,5.53059831126615,6.09662983654212,4.65915323595076,6.99160285457859
ENSG00000104635,GTEx_v8_Hippocampus,197,2.08513595717073,1.68638023266387,2.47894677914696,0.672434200354963,5.0757191044932
ENSG00000105220,GTEx_v8_Hippocampus,197,5.63667667423153,5.32772894178373,5.95821999640164,4.51983692427147,6.62220196347286
ENSG00000105679,GTEx_v8_Hippocampus,197,-0.984408949120511,-0.995843365058526,-0.910397441568457,-0.999084788369803,-0.490012023078815
ENSG00000105953,GTEx_v8_Hippocampus,197,5.20616721396082,5.04376992217156,5.35378545030025,4.35175619746158,5.76480094126303
ENSG00000106633,GTEx_v8_Hippocampus,197,0.518918866070773,0.329926628395998,0.794984596670532,-0.361136257208467,1.81188713601366
ENSG00000108515,GTEx_v8_Hippocampus,197,0.918322967533909,0.645418861747743,1.26076823717142,0.0808214191002984,3.62995093259482
ENSG00000108528,GTEx_v8_Hippocampus,197,5.81164480605703,5.62493655823892,6.03181511754774,4.79509716347505,6.54962216171996
ENSG00000109107,GTEx_v8_Hippocampus,197,8.7919267122663,8.28372173417898,9.09684689805899,6.37530900114147,10.0876738770663
ENSG00000109819,GTEx_v8_Hippocampus,197,1.44978455363267,1.14280425476734,1.77302165763191,0.17538035665895,3.60852199067108
ENSG00000111640,GTEx_v8_Hippocampus,197,10.0315175562199,9.75109289464124,10.3909777029098,9.18395118971801,11.0704308746429
ENSG00000111669,GTEx_v8_Hippocampus,197,8.01354771159803,7.67552225456559,8.30262250971567,6.84503729284569,8.9236891797773
ENSG00000111674,GTEx_v8_Hippocampus,197,6.98147072465388,6.46086451026652,7.48660499752735,5.64477390264987,8.72183282201681
ENSG00000111716,GTEx_v8_Hippocampus,197,8.0498581704757,7.80404418626397,8.32096335354973,7.10669184934639,8.90743560465962
ENSG00000112992,GTEx_v8_Hippocampus,197,3.19425412999899,2.91927016227524,3.44581684518834,2.26520966377284,4.11459013765315
ENSG00000114021,GTEx_v8_Hippocampus,197,2.10699380797928,1.90494775490591,2.38066225870599,1.13986741206077,2.81723424316988
ENSG00000114268,GTEx_v8_Hippocampus,197,1.74038493728739,1.51403757873318,1.96219840920882,0.884845408458781,3.43893075755953
ENSG00000115159,GTEx_v8_Hippocampus,197,4.07602968468259,3.74859878046544,4.30981983871685,2.66748276408893,5.03509716779286
ENSG00000116288,GTEx_v8_Hippocampus,197,7.08479722865509,6.93837836587543,7.1977384412563,6.26610088635149,7.64136225872111
ENSG00000117118,GTEx_v8_Hippocampus,197,5.14018884690161,4.98628462352651,5.31212169438635,4.49315821106642,6.0095891304894
ENSG00000118596,GTEx_v8_Hippocampus,197,0.50132778377808,0.169929453895111,0.737360039480745,-0.502824682232741,1.67923382012034
ENSG00000119689,GTEx_v8_Hippocampus,197,4.21416055665238,4.07559389794284,4.32388152961406,3.66249265765799,5.14100267174075
ENSG00000120053,GTEx_v8_Hippocampus,197,6.14961466305077,5.57717254237988,6.74616736907053,4.48893582150088,7.6926090091827
ENSG00000123836,GTEx_v8_Hippocampus,197,3.00353657304115,2.65519939528467,3.41291396890284,1.24099352689817,5.09429701366933
ENSG00000124253,GTEx_v8_Hippocampus,197,-0.239019401943462,-0.603258016499146,0.371358831998986,-0.997599905148857,3.31192010487191
ENSG00000124532,GTEx_v8_Hippocampus,197,2.91927016227524,2.82117632382691,3.05033899992595,2.3739376963465,3.84932988946907
ENSG00000124608,GTEx_v8_Hippocampus,197,2.5431305403681,2.34219683071281,2.755046165149,1.64589536072855,3.37925571065524
ENSG00000124767,GTEx_v8_Hippocampus,197,6.1834029701724,6.01931782140487,6.3734068853581,5.38954190507504,6.92923297654277
ENSG00000128272,GTEx_v8_Hippocampus,197,7.3667340735319,7.23656471542004,7.55587361923423,6.51480854057754,9.03361145545493
ENSG00000130957,GTEx_v8_Hippocampus,197,-0.520322875010365,-0.789709386271858,-0.155809883163479,-0.998075843611948,3.21615830816545
ENSG00000131069,GTEx_v8_Hippocampus,197,3.75695733688744,3.45455130998086,4.08319960530527,3.04028684262498,5.63237610902511
ENSG00000131482,GTEx_v8_Hippocampus,197,-0.990123289535496,-0.996021134382053,-0.962308280181931,-0.998386677247928,0.0122751145009445
ENSG00000131828,GTEx_v8_Hippocampus,197,4.31948614855685,4.09779394053075,4.49042619956863,3.36352890183757,5.0478998953377
ENSG00000132326,GTEx_v8_Hippocampus,197,2.20402316360983,1.96069005483484,2.38805061634009,1.05940376084505,3.76185349499263
ENSG00000134056,GTEx_v8_Hippocampus,197,4.31801804625212,4.06859906621469,4.53026924361304,3.59049485433335,5.58730201535959
ENSG00000134333,GTEx_v8_Hippocampus,197,5.54388708937963,5.15256315511248,5.93741315797649,4.08319960530527,7.21308003371472
ENSG00000135094,GTEx_v8_Hippocampus,197,2.68503965860916,1.97276665879356,3.32999739103915,-0.296101597765474,5.66074313363538
ENSG00000136143,GTEx_v8_Hippocampus,197,3.20208963283469,2.94593981614634,3.50870229606948,2.17317287035808,4.40046637479418
ENSG00000136872,GTEx_v8_Hippocampus,197,0.0791277946665276,-0.202785870126522,0.42855317067253,-0.691147569381551,3.5846683579459
ENSG00000137700,GTEx_v8_Hippocampus,197,1.34724080380835,1.17213751586044,1.53991245315,0.610085563193191,2.23419028400846
ENSG00000138030,GTEx_v8_Hippocampus,197,2.09484821900715,1.81105798742556,2.33762540588175,0.925081248255569,3.16009020294162
ENSG00000138207,GTEx_v8_Hippocampus,197,4.69443962916149,4.13751293366736,5.12779237177977,2.60765724194603,6.36439719184044
ENSG00000138400,GTEx_v8_Hippocampus,197,1.50394493785463,1.1202514554419,1.9179003307741,-0.362046915705949,4.49996005159638
ENSG00000138413,GTEx_v8_Hippocampus,197,3.28841746807377,3.08822425600758,3.48413218801388,2.48619768274998,4.48945542634718
ENSG00000141349,GTEx_v8_Hippocampus,197,3.58022725059206,3.33132911988238,3.74822114729631,2.36269647128849,4.22397721517848
ENSG00000141526,GTEx_v8_Hippocampus,197,0.883874153735225,0.531902433843989,1.5963593599532,-0.121729518258632,5.15256315511248
ENSG00000141959,GTEx_v8_Hippocampus,197,5.25312874290749,5.06624973015234,5.46942451291061,3.80265962798588,6.04438806558188
ENSG00000143158,GTEx_v8_Hippocampus,197,5.05809702874555,4.75727237289668,5.31128102732527,3.86141335135907,6.25947894089857
ENSG00000143252,GTEx_v8_Hippocampus,197,6.46869777979752,6.2498666177736,6.67390838990547,5.67045007474802,7.18652057294667
ENSG00000143627,GTEx_v8_Hippocampus,197,-0.881569740960499,-0.946740223609153,-0.768336543976024,-0.997610851703842,-0.139140572236604
ENSG00000146701,GTEx_v8_Hippocampus,197,5.55088664484541,5.2788242699563,5.83234181587597,4.54233089894255,6.47664183313574
ENSG00000148942,GTEx_v8_Hippocampus,197,-0.645525939936711,-0.736163848675298,-0.516077370925456,-0.9397164708693,1.09604408571356
ENSG00000149476,GTEx_v8_Hippocampus,197,2.30158426390359,2.08285750485709,2.49324664948818,1.17596334888505,3.50798644176775
ENSG00000149925,GTEx_v8_Hippocampus,197,8.73559280151281,8.33957343271309,9.09684689805899,7.50058281667443,10.0315175562199
ENSG00000150768,GTEx_v8_Hippocampus,197,2.62130805490144,2.4355711825268,2.9551010395025,1.72897273313322,3.51401612859211
ENSG00000152254,GTEx_v8_Hippocampus,197,-0.748995038371606,-0.879610578705411,-0.554593383251564,-0.998017871586331,0.395796559603576
ENSG00000152256,GTEx_v8_Hippocampus,197,0.400039271751303,0.2122490977057,0.677718590075524,-0.205770008426137,1.8916197919521
ENSG00000152556,GTEx_v8_Hippocampus,197,4.69980994634033,4.24573321724239,4.99122071083111,2.4876468618444,5.58628712643539
ENSG00000154079,GTEx_v8_Hippocampus,197,3.92471352100818,3.5787685907877,4.19617066578454,2.52671794012473,5.00109617175971
ENSG00000155380,GTEx_v8_Hippocampus,197,4.13402270057916,3.45493818613106,5.04077743494101,2.01818128334718,7.25972769132886
ENSG00000156510,GTEx_v8_Hippocampus,197,0.104964562439949,-0.220802282103152,0.492315255636729,-0.822929464469541,3.75578220324605
ENSG00000156515,GTEx_v8_Hippocampus,197,5.19268503992283,4.78643233786362,5.59769861089011,2.65519939528467,6.31092849934742
ENSG00000158571,GTEx_v8_Hippocampus,197,-0.357529237422092,-0.501522197141722,-0.204785485426152,-0.852747974358328,0.505524652330171
ENSG00000159322,GTEx_v8_Hippocampus,197,3.02562584324367,2.88569596675407,3.18535302383761,2.30671165256522,4.48483178371608
ENSG00000159399,GTEx_v8_Hippocampus,197,1.61893442685975,1.16152567752598,2.37498884195068,-0.245418633660724,6.09087027042208
ENSG00000160741,GTEx_v8_Hippocampus,197,4.23412816594553,3.98369962428767,4.50273525560889,3.21024885225247,5.55782200288299
ENSG00000160883,GTEx_v8_Hippocampus,197,0.148977089168108,-0.132260387338993,0.574157858043879,-0.69268442306712,2.91927016227524
ENSG00000162688,GTEx_v8_Hippocampus,197,2.36065210770758,2.16375825266862,2.58083603070923,1.07216263764978,3.37650474023613
ENSG00000163541,GTEx_v8_Hippocampus,197,4.70919626973884,4.57657765785161,4.82822014651965,4.28978495547851,5.28046854143566
ENSG00000164951,GTEx_v8_Hippocampus,197,3.2917003819001,2.74863790172333,3.72164478040528,1.73187356855049,5.93350759763919
ENSG00000165140,GTEx_v8_Hippocampus,197,0.593953560725301,0.206271999762905,0.962585260797682,-0.450913625627239,2.23666286439651
ENSG00000166123,GTEx_v8_Hippocampus,197,4.9891036001858,4.66691677038872,5.29735999662677,3.56191198904271,6.34682590281104
ENSG00000166411,GTEx_v8_Hippocampus,197,2.53665941618311,2.33404631907936,2.89218110141184,0.852882309239106,3.65877845611782
ENSG00000166796,GTEx_v8_Hippocampus,197,-0.860401988353171,-0.989100349946124,-0.619669212112548,-0.998551414584741,1.84473391685097
ENSG00000166800,GTEx_v8_Hippocampus,197,-0.660273605079741,-0.839768151030284,-0.416422563450547,-0.997383364864086,0.523799141831397
ENSG00000166816,GTEx_v8_Hippocampus,197,3.77137848565923,3.41150455956304,4.07472837888848,1.74292739948114,5.29659467934399
ENSG00000167588,GTEx_v8_Hippocampus,197,3.94719960773242,3.18437174986146,4.49427919634079,1.48770819009206,6.23840162155551
ENSG00000167701,GTEx_v8_Hippocampus,197,1.72809947164284,1.31000084222682,2.02523372781543,0.183399171846327,2.88108369127115
ENSG00000167985,GTEx_v8_Hippocampus,197,4.22212311130849,4.07301030528098,4.37268387153993,3.63398636053765,4.93757139008426
ENSG00000168291,GTEx_v8_Hippocampus,197,4.27155561619801,4.10395667591938,4.45789309176081,3.43267891232439,4.91319922845149
ENSG00000170525,GTEx_v8_Hippocampus,197,5.15337219401774,4.69271326988867,5.63446488901175,3.7988608213412,7.53091235054047
ENSG00000170571,GTEx_v8_Hippocampus,197,1.01262006641152,0.665490172742661,1.39594527969448,-0.229765057764384,2.95831825955118
ENSG00000170950,GTEx_v8_Hippocampus,197,-0.99503338059236,-0.996875440080675,-0.986416470273472,-0.999084788369803,-0.383864441208924
ENSG00000171314,GTEx_v8_Hippocampus,197,5.51647048247043,5.15100420610031,5.92434595320069,4.27601539582282,6.55165317592704
ENSG00000171989,GTEx_v8_Hippocampus,197,-0.865823266274923,-0.987472283752551,-0.7413954596412,-0.998379153907667,0.162846829650327
ENSG00000172270,GTEx_v8_Hippocampus,197,7.73877371841571,7.47255721704469,8.0059036070349,6.83140466628727,8.97748621307764
ENSG00000172331,GTEx_v8_Hippocampus,197,3.98706149137516,3.832138662913,4.13930397116417,3.31158423374909,4.68502726513834
ENSG00000172340,GTEx_v8_Hippocampus,197,3.71755952488716,3.3237365939948,4.04152451524918,2.4654239861165,4.95200366164337
ENSG00000172840,GTEx_v8_Hippocampus,197,1.83747355399844,1.65139944680184,2.00785309205862,1.01404082459316,2.39756465878491
ENSG00000173599,GTEx_v8_Hippocampus,197,4.35414154177091,4.13705804186094,4.58617090440391,2.62468113020972,5.21696317560532
ENSG00000175567,GTEx_v8_Hippocampus,197,2.98128691071469,2.48548269416787,3.51116519134551,0.702881389302807,5.31721535009128
ENSG00000180902,GTEx_v8_Hippocampus,197,3.08883842073913,2.83999407198291,3.2685455287074,1.15606137534769,4.09642921613477
ENSG00000182054,GTEx_v8_Hippocampus,197,5.75247202306911,5.51853949200426,6.07496138726462,3.4014927068845,7.1172981589612
ENSG00000183048,GTEx_v8_Hippocampus,197,2.65725422896806,2.42700706339083,2.91800229799157,0.641705640568784,3.52804955218623
ENSG00000188316,GTEx_v8_Hippocampus,197,-0.0353348912062297,-0.357062206305398,0.299235201201776,-0.990831292358969,2.5154118366112
ENSG00000197444,GTEx_v8_Hippocampus,197,4.25047749238393,3.78443703468978,4.66691677038872,1.41644130142025,5.31212169438635
ENSG00000198814,GTEx_v8_Hippocampus,197,1.12420170933225,0.904003557648121,1.32694471640968,0.205671777971683,2.93973338839923
ENSG00000204370,GTEx_v8_Hippocampus,197,4.52148215158075,4.33498145852574,4.78111803608066,3.80149533767661,5.60529311638923
ENSG00000214756,GTEx_v8_Hippocampus,197,0.350613467455062,0.165643697205089,0.498710196680356,-0.528542442483051,1.69560550199311
ENSG00000226784,GTEx_v8_Hippocampus,197,-0.891541270897366,-0.986912863552107,-0.791924582536704,-0.998290469364235,-0.43008907619716
ENSG00000256870,GTEx_v8_Hippocampus,197,-0.761107798523184,-0.899282835194245,-0.549265164393855,-0.996291688518823,2.62882902978967
ENSG00000004799,GTEx_v8_Lung,578,7.63126918560152,6.49173475261218,8.5509478633236,3.10626218478273,10.8857564237742
ENSG00000004864,GTEx_v8_Lung,578,4.27660788043278,4.04862817425736,4.50117404340936,2.94505194413117,5.24211543276253
ENSG00000005882,GTEx_v8_Lung,578,2.93468992677542,2.48382522155824,3.35401659990549,1.16385343458677,5.00398944763241
ENSG00000008405,GTEx_v8_Lung,578,4.53015151885338,4.04775405497765,5.24220705095033,2.83883620496269,7.15262525352361
ENSG00000014641,GTEx_v8_Lung,578,5.38740509317971,5.02410373845598,5.69220892774414,4.34232493153035,8.26769186428007
ENSG00000060762,GTEx_v8_Lung,578,6.0069393727023,5.80132851888703,6.21685784618834,5.12718980419236,7.54815576612067
ENSG00000062485,GTEx_v8_Lung,578,6.19291176055461,6.03523393158383,6.34703306621925,5.55384432772105,6.98560272986137
ENSG00000063854,GTEx_v8_Lung,578,4.33591259916302,4.0965437136813,4.57620840311837,3.08586157308822,5.63308889664246
ENSG00000067057,GTEx_v8_Lung,578,4.13933322797668,3.70329671161639,4.54768764441764,2.30728486094687,6.16308194884651
ENSG00000067225,GTEx_v8_Lung,578,7.34798496662985,7.02605246744683,7.68751955141464,6.3283361869407,8.95650929242061
ENSG00000067829,GTEx_v8_Lung,578,5.92284593809907,5.75084077338802,6.07297503770012,4.89067667255671,6.62149828793685
ENSG00000067992,GTEx_v8_Lung,578,0.814036397302883,0.586867339727523,1.03885923511907,-0.164370655774572,2.2385606732992
ENSG00000068976,GTEx_v8_Lung,578,2.1311672123668,1.73282531732134,2.50054302131771,0.116639108875844,5.1198756218132
ENSG00000073578,GTEx_v8_Lung,578,5.09074210003115,4.91289311007953,5.26610297306455,3.93943953251472,6.71302639606855
ENSG00000074800,GTEx_v8_Lung,578,8.47329697971693,7.91664774684742,8.99929931278863,6.82392207865976,10.4061265434397
ENSG00000076555,GTEx_v8_Lung,578,3.3622830225688,2.82791351168088,3.79535884104802,0.963834878538027,4.97659899463123
ENSG00000079739,GTEx_v8_Lung,578,5.43697094835128,5.05137184852187,5.76891981471553,3.76078226372724,7.03896570394703
ENSG00000087299,GTEx_v8_Lung,578,1.36588260699216,1.12582121823468,1.58818052785644,0.230704977977025,2.41322354036123
ENSG00000090861,GTEx_v8_Lung,578,5.16751143695731,4.85893209852877,5.55822880992657,3.75134792634187,7.24237591616145
ENSG00000091140,GTEx_v8_Lung,578,4.8963625780038,4.63122013988564,5.16268093048247,3.98959031052783,6.13318518213959
ENSG00000091483,GTEx_v8_Lung,578,3.55326948108932,3.25361312631079,3.89411972736469,2.36477749130738,5.06572550586856
ENSG00000100156,GTEx_v8_Lung,578,1.0946767717199,0.69975529850453,1.59132981873743,-0.41106310266866,3.01355336249179
ENSG00000100412,GTEx_v8_Lung,578,3.72206928637802,3.50949909936136,3.92102496883582,2.63687363702765,5.87530115496079
ENSG00000100504,GTEx_v8_Lung,578,5.23359230457677,4.94778808792955,5.60761417721331,3.77240726634453,7.28739120264724
ENSG00000100889,GTEx_v8_Lung,578,4.31806360819993,3.72003113067403,4.89717526187598,2.30677333066604,6.55288843503373
ENSG00000100994,GTEx_v8_Lung,578,6.23881237629984,5.93911232935522,6.54462515500953,4.95666485287862,7.220314296626
ENSG00000101365,GTEx_v8_Lung,578,6.24583114066399,6.06989271528199,6.3736765882343,5.39559918494309,6.75911141385005
ENSG00000102144,GTEx_v8_Lung,578,7.36250516664585,7.15959121440248,7.5885039082695,6.44609071540031,8.85610357661955
ENSG00000104635,GTEx_v8_Lung,578,4.59283605331023,3.75912168215473,5.62585876157422,1.79287721254739,8.3294958037014
ENSG00000105220,GTEx_v8_Lung,578,5.53495762663352,5.35164762805088,5.79448761419878,4.67724393698276,7.05708074199311
ENSG00000105679,GTEx_v8_Lung,578,-0.992747018048831,-0.996688594939462,-0.903182384232604,-0.998907033099541,1.38235294105291
ENSG00000105953,GTEx_v8_Lung,578,6.40315824682646,6.17189338982034,6.71697381688971,5.17789921149204,7.36358295398459
ENSG00000106633,GTEx_v8_Lung,578,-0.441802645394397,-0.622991966908566,-0.243495551517201,-0.974929035361866,2.0307905398057
ENSG00000108515,GTEx_v8_Lung,578,2.72721859801325,2.45932739556726,2.99607617534012,1.03758054364579,6.43508344165551
ENSG00000108528,GTEx_v8_Lung,578,5.75712901140205,5.23996389439166,6.06477881603061,4.12623328429133,7.08206218319461
ENSG00000109107,GTEx_v8_Lung,578,3.83468940313669,3.46327745330613,4.23642958680476,2.17455437013987,7.01936108479921
ENSG00000109819,GTEx_v8_Lung,578,1.96201463881737,1.55854980846068,2.41929518516378,0.181048264742622,5.98829037496405
ENSG00000111640,GTEx_v8_Lung,578,9.56444980955671,9.25650642752922,9.90242579784252,8.4883269081651,11.7396227218571
ENSG00000111669,GTEx_v8_Lung,578,8.25250780035707,8.02075586530696,8.52794169227248,7.17872267051137,10.0902699957435
ENSG00000111674,GTEx_v8_Lung,578,5.59462047976117,5.31437442400091,5.8897730041366,4.11888731942824,7.30693530381418
ENSG00000111716,GTEx_v8_Lung,578,7.83808260555888,7.41168411002978,8.20877182934573,6.53084240312916,8.96343302157783
ENSG00000112992,GTEx_v8_Lung,578,3.59558886355213,3.3680813635074,3.79919066171826,2.30428142469962,5.61383667109408
ENSG00000114021,GTEx_v8_Lung,578,3.31866606232598,3.13357349647327,3.49363603452488,2.06632086474087,4.15245960521166
ENSG00000114268,GTEx_v8_Lung,578,2.59458929681859,2.27735972080624,2.95235716480632,0.915204630879125,4.43821143336139
ENSG00000115159,GTEx_v8_Lung,578,4.00848186224067,3.82607099585758,4.18327650000241,3.06270654726368,5.04930414643635
ENSG00000116288,GTEx_v8_Lung,578,7.20209757268059,6.97689516539615,7.39657234280128,6.13989523118332,8.06969588484999
ENSG00000117118,GTEx_v8_Lung,578,5.88359929049451,5.60416912309636,6.17112204888422,4.91142761188067,7.05560050131105
ENSG00000118596,GTEx_v8_Lung,578,2.37807097787627,1.86638502620859,2.96394836623271,0.770121386775655,4.93688845162305
ENSG00000119689,GTEx_v8_Lung,578,6.3067424474337,6.18939852184994,6.42847992204294,5.85693237761294,6.9177392519839
ENSG00000120053,GTEx_v8_Lung,578,4.83614973409353,4.38933643223582,5.34881528760055,3.07295317645963,8.14529525582421
ENSG00000123836,GTEx_v8_Lung,578,4.02389591385155,3.10714909638384,4.8720913784157,1.38753592577495,6.71641075940507
ENSG00000124253,GTEx_v8_Lung,578,-0.688909438675202,-0.840243000544549,-0.358278129437743,-0.998046717426468,5.26362640658913
ENSG00000124532,GTEx_v8_Lung,578,3.7555217498733,3.5526383702219,3.91805955656581,2.45392598941592,4.53874929964806
ENSG00000124608,GTEx_v8_Lung,578,3.13319461164699,2.78062285065734,3.45756919716363,1.6284857221729,4.27961805614662
ENSG00000124767,GTEx_v8_Lung,578,6.73676211827792,6.47930460813462,6.96373817620869,5.76666709268841,7.85668518716463
ENSG00000128272,GTEx_v8_Lung,578,9.19485835949649,8.97066324373543,9.39310879479863,8.31160604495337,10.0902699957435
ENSG00000130957,GTEx_v8_Lung,578,0.10232784231177,-0.32456200041832,0.6359102576757,-0.997764950673268,4.25773198548337
ENSG00000131069,GTEx_v8_Lung,578,5.72687139499896,5.31378587176944,6.40314798762103,4.47072702799883,7.96874861033216
ENSG00000131482,GTEx_v8_Lung,578,-0.959953782663705,-0.994835286094487,-0.890200959190127,-0.999109037116545,0.899014376760774
ENSG00000131828,GTEx_v8_Lung,578,5.04483400532894,4.90123408152229,5.17488116153795,4.14928791631709,6.72992238858336
ENSG00000132326,GTEx_v8_Lung,578,3.35546527654026,2.80671792423077,3.97794327826894,1.14928364776356,6.01952480403483
ENSG00000134056,GTEx_v8_Lung,578,4.88461142145921,4.55487999594147,5.17878261259881,3.718891764365,6.18861101360755
ENSG00000134333,GTEx_v8_Lung,578,7.45907511202648,7.11153119570315,7.8496495095148,5.94586187455481,9.05478728057944
ENSG00000135094,GTEx_v8_Lung,578,2.05505084307053,1.07520915541005,3.28168101179057,-0.831761850867783,8.50867561804672
ENSG00000136143,GTEx_v8_Lung,578,3.17856049635613,3.01548573955745,3.32625017439667,2.14950820752424,4.22549124542336
ENSG00000136872,GTEx_v8_Lung,578,-0.0194319902760322,-0.343641945505606,0.352622250156004,-0.967433398099253,3.34654856881274
ENSG00000137700,GTEx_v8_Lung,578,2.92620134227225,2.62566419526305,3.15855870971521,1.58721118851955,3.82746249459325
ENSG00000138030,GTEx_v8_Lung,578,1.52758423480821,1.12310870746267,1.84617953644674,-0.324848076741431,2.76816576908817
ENSG00000138207,GTEx_v8_Lung,578,3.86387691202422,2.92440928818924,4.79957611401734,0.635208529467714,9.13557917675492
ENSG00000138400,GTEx_v8_Lung,578,1.3248456278546,0.688470691005989,2.56387469240041,-0.483141855309293,6.44885701416095
ENSG00000138413,GTEx_v8_Lung,578,5.03776695567463,4.08196366584321,5.82028072746973,2.24519615444571,7.53572290694638
ENSG00000141349,GTEx_v8_Lung,578,3.87799893877719,3.54256241887243,4.20123187408495,2.32545449305551,5.16444852892667
ENSG00000141526,GTEx_v8_Lung,578,4.38315323441531,4.03871029848435,4.79112178788872,2.62906023747467,6.49082289609837
ENSG00000141959,GTEx_v8_Lung,578,5.84242737937756,5.68936361406398,5.99777851489723,4.95428561752239,6.59417817366952
ENSG00000143158,GTEx_v8_Lung,578,4.62966703287526,4.43910749926106,4.80985083497829,3.99381074809784,6.19721198651017
ENSG00000143252,GTEx_v8_Lung,578,6.63056441813995,6.40517183460192,6.817299868717,5.4692537309772,7.20026236609712
ENSG00000143627,GTEx_v8_Lung,578,-0.830644962011475,-0.928386830385049,-0.683849706356691,-0.998249802404916,1.54114645163277
ENSG00000146701,GTEx_v8_Lung,578,6.50375730082325,6.19016819835419,6.79241150185041,5.16792614238244,7.80146592480069
ENSG00000148942,GTEx_v8_Lung,578,-0.917132356124185,-0.969274726615118,-0.839300511501823,-0.998783956997671,1.50109716140562
ENSG00000149476,GTEx_v8_Lung,578,2.98601293175675,2.74970805438918,3.26316694105565,1.81492823572599,3.93876586722605
ENSG00000149925,GTEx_v8_Lung,578,8.84939408054276,8.62884318785103,9.05295628445436,7.72243677028196,10.6503486828779
ENSG00000150768,GTEx_v8_Lung,578,3.27112470758073,2.87829239705734,3.62390562894884,1.90331357676259,4.44607234865849
ENSG00000152254,GTEx_v8_Lung,578,-0.738125078828143,-0.959261170623918,-0.30443495978484,-0.998783956997671,2.45346331421806
ENSG00000152256,GTEx_v8_Lung,578,1.90216194419657,1.55202677909686,2.30881940841879,0.285774336248779,4.93915666467604
ENSG00000152556,GTEx_v8_Lung,578,4.43677335909704,4.19797383032121,4.65374586128829,3.33546561016786,6.48024372028944
ENSG00000154079,GTEx_v8_Lung,578,3.47143916150398,3.12738513164311,3.70864949751034,1.66158851351962,4.90557117787342
ENSG00000155380,GTEx_v8_Lung,578,2.651186526432,2.13667794758102,3.2389258413721,1.08008850419228,6.54785936048832
ENSG00000156510,GTEx_v8_Lung,578,0.813615982247306,-0.401891781455827,2.37518460694693,-0.997447119993818,5.23806933675495
ENSG00000156515,GTEx_v8_Lung,578,6.03741119700733,5.81734971377848,6.23258130618096,4.91219749868444,6.96125729023325
ENSG00000158571,GTEx_v8_Lung,578,-0.30459781885815,-0.510378110775627,-0.0833272942610781,-0.991560038400401,0.926796466056902
ENSG00000159322,GTEx_v8_Lung,578,5.32893004787537,5.11317390142447,5.49205234743977,4.40609243509131,6.29611036333646
ENSG00000159399,GTEx_v8_Lung,578,4.61786253122246,3.93842756897224,5.19134233709136,1.8522589836558,6.80388592827812
ENSG00000160741,GTEx_v8_Lung,578,6.24827573622833,5.95865451229766,6.56202911737219,5.05502305017496,7.36780569157464
ENSG00000160883,GTEx_v8_Lung,578,6.22501582624969,5.7058748637766,6.80850018946158,3.4046044411467,9.21206401220236
ENSG00000162688,GTEx_v8_Lung,578,3.04161549687701,2.71962504371286,3.29770715600979,1.81383252139845,4.22939215978045
ENSG00000163541,GTEx_v8_Lung,578,5.23806933675495,5.05216086217275,5.42308251701038,4.49472444777034,6.55081045452283
ENSG00000164951,GTEx_v8_Lung,578,3.55489173903401,3.23134558163812,3.82597195357941,2.0307905398057,5.27325515232467
ENSG00000165140,GTEx_v8_Lung,578,7.19760180928579,6.45595317239163,7.82815619956116,2.15989592902396,10.0290981599781
ENSG00000166123,GTEx_v8_Lung,578,1.63408337221284,1.29578007537721,2.08691953943336,0.207205858701115,4.18054438436047
ENSG00000166411,GTEx_v8_Lung,578,2.99608368068438,2.70708106078871,3.33074425322228,1.77814289799206,4.64783760545764
ENSG00000166796,GTEx_v8_Lung,578,-0.812216596636869,-0.987303099045758,-0.407046859756067,-0.998783956997671,2.68739582533426
ENSG00000166800,GTEx_v8_Lung,578,-0.743316912438239,-0.892997020621536,-0.5637442575264,-0.998284591301705,0.468280887047485
ENSG00000166816,GTEx_v8_Lung,578,3.29519849031642,2.81885104844094,3.88817140874282,1.50430412302042,5.52298496824232
ENSG00000167588,GTEx_v8_Lung,578,3.23185097333527,2.35090573904924,4.18845383571617,-0.215163941084346,6.49928298888201
ENSG00000167701,GTEx_v8_Lung,578,0.911150460431602,0.657100818512614,1.18330349781757,-0.524633204572566,3.40495613886812
ENSG00000167985,GTEx_v8_Lung,578,5.46525357841947,5.06046493210678,5.67886635012977,4.10482833605566,6.33609321660199
ENSG00000168291,GTEx_v8_Lung,578,4.56716424413394,4.32061818446004,4.83730674147695,3.61424715605837,5.45579211945236
ENSG00000170525,GTEx_v8_Lung,578,6.59368770865805,6.0602575643868,7.13381391008134,4.63653827502537,8.99356689524648
ENSG00000170571,GTEx_v8_Lung,578,4.30498656514295,3.96332457514781,4.66855361949665,1.90040799762198,6.5723637670932
ENSG00000170950,GTEx_v8_Lung,578,-0.994132171429579,-0.996958347053287,-0.859087871272076,-0.999109037116545,2.01378525107816
ENSG00000171314,GTEx_v8_Lung,578,5.71818743806702,5.51408861621317,5.94269330848589,4.5229978470859,6.99292711572543
ENSG00000171989,GTEx_v8_Lung,578,-0.25442814350201,-0.541161975229671,0.0691270475102223,-0.997873842963285,2.51368191474136
ENSG00000172270,GTEx_v8_Lung,578,7.88488140423947,7.75426174403799,8.04342599774748,7.02974915003467,8.94171480418704
ENSG00000172331,GTEx_v8_Lung,578,4.14859092485958,3.89253619170625,4.42293878519935,2.74007440804047,5.90389095165265
ENSG00000172340,GTEx_v8_Lung,578,5.56763329126073,5.32857247570559,5.81367111951344,4.44780570412731,6.56202911737219
ENSG00000172840,GTEx_v8_Lung,578,2.68900470685221,2.21013622408196,3.18812994950148,1.05829486080477,5.19713625696003
ENSG00000173599,GTEx_v8_Lung,578,2.26199999296324,1.85675494522066,2.68244990022295,0.695118254972927,3.87646144984326
ENSG00000175567,GTEx_v8_Lung,578,6.35869605895846,5.96880351676337,6.79962183182529,2.9715195240982,8.1685070163778
ENSG00000180902,GTEx_v8_Lung,578,4.83557197368776,4.50136636128692,5.1670567390185,3.20932435072353,6.16932795362028
ENSG00000182054,GTEx_v8_Lung,578,5.94157770066064,5.63475482692368,6.2599082065059,3.45803817632464,7.73961740651654
ENSG00000183048,GTEx_v8_Lung,578,2.92906446901785,2.35839203138033,3.44560433774492,0.925310538224987,5.71818743806702
ENSG00000188316,GTEx_v8_Lung,578,-0.372658345387998,-0.626086141079154,0.00833911779023329,-0.997105985340095,2.93972169354519
ENSG00000197444,GTEx_v8_Lung,578,-0.791094815000693,-0.888099773956122,-0.629425951815283,-0.997754426434524,2.63459219807233
ENSG00000198814,GTEx_v8_Lung,578,4.04653131640216,3.47805408624436,4.58721889236599,1.3424919048714,6.67224696829007
ENSG00000204370,GTEx_v8_Lung,578,5.70339761482642,5.49406325810503,5.89944203199118,4.6372479693234,6.66901976324128
ENSG00000214756,GTEx_v8_Lung,578,1.3575781323867,1.07572593093288,1.67750491646987,-0.0767619581187953,3.67910165978098
ENSG00000226784,GTEx_v8_Lung,578,-0.774848448432273,-0.891539625759825,-0.615893423634103,-0.998651543441013,0.250120244715227
ENSG00000256870,GTEx_v8_Lung,578,0.521992140825451,-0.581744914693282,1.8633360201841,-0.998370598263617,4.88168051335601
ENSG00000004799,HCT116_control,3,1.20937012208528,1.17842500617477,1.24716680166282,1.14747989026426,1.28496348124035
ENSG00000004864,HCT116_control,3,4.30629485932918,4.21682940783145,4.3546140291402,4.12736395633371,4.40293319895122
ENSG00000005882,HCT116_control,3,3.71445815808859,3.70491490116134,3.79543377629742,3.69537164423409,3.87640939450626
ENSG00000008405,HCT116_control,3,4.00446280821942,3.98004489008045,4.04580626586128,3.95562697194147,4.08714972350314
ENSG00000014641,HCT116_control,3,6.65739840034762,6.64355388835906,6.73388550005627,6.6297093763705,6.81037259976492
ENSG00000060762,HCT116_control,3,4.32849775309917,4.30927642386494,4.40642223924931,4.29005509463071,4.48434672539944
ENSG00000062485,HCT116_control,3,7.1701153969661,7.12445202777378,7.22308994113963,7.07878865858145,7.27606448531315
ENSG00000063854,HCT116_control,3,4.0892802956715,4.07422618409077,4.11661474793415,4.05917207251003,4.14394920019679
ENSG00000067057,HCT116_control,3,7.54504961657324,7.53257827362605,7.56479392366066,7.52010693067886,7.58453823074808
ENSG00000067225,HCT116_control,3,9.83772017463265,9.78006876190615,9.85819880099941,9.72241734917966,9.87867742736618
ENSG00000067829,HCT116_control,3,5.67263813992451,5.63817373600712,5.70651103971603,5.60370933208973,5.74038393950755
ENSG00000067992,HCT116_control,3,1.36190609441962,1.33803074009919,1.46514037640752,1.31415538577876,1.56837465839542
ENSG00000068976,HCT116_control,3,0.765166015265521,0.534065500914384,0.866555200790882,0.302964986563247,0.967944386316242
ENSG00000073578,HCT116_control,3,5.82924863641515,5.82803145496814,5.84754456946336,5.82681427352112,5.86584050251156
ENSG00000074800,HCT116_control,3,10.9197867470338,10.8978208605264,10.9383249078656,10.875854974019,10.9568630686974
ENSG00000076555,HCT116_control,3,1.83000722304153,1.72980821576095,1.84234371906543,1.62960920848037,1.85468021508933
ENSG00000079739,HCT116_control,3,5.45115088319114,5.34109241635135,5.45681064867773,5.23103394951156,5.46247041416432
ENSG00000087299,HCT116_control,3,4.10058003158316,4.06176587546105,4.12576650598853,4.02295171933893,4.1509529803939
ENSG00000090861,HCT116_control,3,7.41077702167711,7.36496061484552,7.45437155648916,7.31914420801392,7.4979660913012
ENSG00000091140,HCT116_control,3,6.35378518574459,6.3420847431934,6.39539090810163,6.3303843006422,6.43699663045867
ENSG00000091483,HCT116_control,3,4.56606763148776,4.54945026089757,4.64200572981879,4.53283289030738,4.71794382814981
ENSG00000100156,HCT116_control,3,2.33888240707645,2.14982316979052,2.39020122797194,1.96076393250459,2.44152004886742
ENSG00000100412,HCT116_control,3,4.73761818348387,4.73649354775368,4.75398812580051,4.73536891202348,4.77035806811714
ENSG00000100504,HCT116_control,3,7.2044218950919,7.19336158397481,7.21661758240947,7.18230127285771,7.22881326972703
ENSG00000100889,HCT116_control,3,6.7483221706954,6.66841854707513,6.76117193026869,6.58851492345485,6.77402168984198
ENSG00000100994,HCT116_control,3,7.36220478704564,7.31371938027501,7.39924799120335,7.26523397350438,7.43629119536105
ENSG00000101365,HCT116_control,3,7.02166942653774,6.99658690300784,7.0502290425596,6.97150437947794,7.07878865858145
ENSG00000102144,HCT116_control,3,8.36900036755812,8.34506515233212,8.380178574624,8.32112993710612,8.39135678168989
ENSG00000104635,HCT116_control,3,7.03163352915409,6.96862729415131,7.04721525006872,6.90562105914853,7.06279697098336
ENSG00000105220,HCT116_control,3,7.52183110903871,7.49176791747795,7.53010203352506,7.46170472591719,7.5383729580114
ENSG00000105679,HCT116_control,3,0.0559907819770437,-0.188266543748847,0.413127714724091,-0.432523869474738,0.770264647471138
ENSG00000105953,HCT116_control,3,6.20398652121622,6.19352761325706,6.20549735222511,6.1830687052979,6.20700818323399
ENSG00000106633,HCT116_control,3,0.0842634283670063,-0.0257755610933078,0.14531300322992,-0.135814550553622,0.206362578092834
ENSG00000108515,HCT116_control,3,2.46415734831475,2.27307784384416,2.61660502738547,2.08199833937356,2.76905270645619
ENSG00000108528,HCT116_control,3,6.40498269447798,6.36835317860887,6.43020712963382,6.33172366273976,6.45543156478966
ENSG00000109107,HCT116_control,3,4.83013692221412,4.79731961031245,4.94679932174993,4.76450229841077,5.06346172128574
ENSG00000109819,HCT116_control,3,-0.955915791604595,-0.955989728926057,-0.954463079825162,-0.956063666247518,-0.95301036804573
ENSG00000111640,HCT116_control,3,11.9010778149521,11.8709090539235,11.9834567414084,11.8407402928949,12.0658356678646
ENSG00000111669,HCT116_control,3,9.9194954193252,9.90870698403668,9.92390459681005,9.89791854874817,9.92831377429489
ENSG00000111674,HCT116_control,3,5.66400755182127,5.66265323616687,5.7729854620734,5.66129892051246,5.88196337232553
ENSG00000111716,HCT116_control,3,5.9212165746338,5.90086058050224,6.10030689834577,5.88050458637067,6.27939722205773
ENSG00000112992,HCT116_control,3,-0.95301036804573,-0.954463079825162,-0.836882241982162,-0.955915791604595,-0.720754115918593
ENSG00000114021,HCT116_control,3,3.52821822941396,3.51901839087104,3.54508966438844,3.50981855232811,3.56196109936291
ENSG00000114268,HCT116_control,3,3.68110110421229,3.63761826552706,3.73841801612485,3.59413542684182,3.7957349280374
ENSG00000115159,HCT116_control,3,5.97158066101712,5.95083558441067,5.98140315180921,5.93009050780422,5.9912256426013
ENSG00000116288,HCT116_control,3,8.264488805099,8.19583496012881,8.29612264565574,8.12718111515861,8.32775648621248
ENSG00000117118,HCT116_control,3,7.19826896794103,7.18149681609633,7.25635851876694,7.16472466425163,7.31444806959285
ENSG00000118596,HCT116_control,3,2.89768172636488,2.85139802534417,2.9002977106228,2.80511432432346,2.90291369488071
ENSG00000119689,HCT116_control,3,6.64524506136295,6.63193797491212,6.65721565389571,6.61863088846128,6.66918624642847
ENSG00000120053,HCT116_control,3,8.01268457167412,7.99727906982528,8.01442067963742,7.98187356797644,8.01615678760072
ENSG00000123836,HCT116_control,3,3.25429145831253,3.24254424470534,3.26214115078353,3.23079703109814,3.26999084325453
ENSG00000124253,HCT116_control,3,-0.955915791604595,-0.955989728926057,-0.954463079825162,-0.956063666247518,-0.95301036804573
ENSG00000124532,HCT116_control,3,5.15080755668773,5.10656118794094,5.20419541678531,5.06231481919414,5.25758327688288
ENSG00000124608,HCT116_control,3,3.7412432047973,3.68748218681233,3.74915704155896,3.63372116882735,3.75707087832062
ENSG00000124767,HCT116_control,3,8.42445476084721,8.41432714646019,8.48762824627359,8.40419953207316,8.55080173169998
ENSG00000128272,HCT116_control,3,9.83772017463265,9.83060080566562,9.89730555477529,9.82348143669859,9.95689093491793
ENSG00000130957,HCT116_control,3,1.11546017417068,0.528633490425943,1.18817521600883,-0.0581931933187952,1.26089025784697
ENSG00000131069,HCT116_control,3,4.87274662761504,4.8560737260239,4.87865302551442,4.83940082443275,4.88455942341379
ENSG00000131482,HCT116_control,3,-0.955915791604595,-0.955989728926057,-0.954463079825162,-0.956063666247518,-0.95301036804573
ENSG00000131828,HCT116_control,3,5.93282508761886,5.92150561680319,5.99573330630301,5.91018614598752,6.05864152498715
ENSG00000132326,HCT116_control,3,3.29454784882811,3.28699605952916,3.36705819783392,3.2794442702302,3.43956854683973
ENSG00000134056,HCT116_control,3,5.46976207143521,5.43764328235006,5.51081820271688,5.40552449326491,5.55187433399855
ENSG00000134333,HCT116_control,3,9.35184210721428,9.3460590157669,9.40149419598016,9.34027592431953,9.45114628474604
ENSG00000135094,HCT116_control,3,0.441884921309515,0.276156898636654,0.525657666084971,0.110428875963793,0.609430410860426
ENSG00000136143,HCT116_control,3,4.18926860918711,4.18100992526295,4.22781603106808,4.17275124133878,4.26636345294904
ENSG00000136872,HCT116_control,3,-0.95301036804573,-0.954537017146624,-0.839084531545184,-0.956063666247518,-0.725158695044637
ENSG00000137700,HCT116_control,3,4.61139374425658,4.55392041980994,4.61442625888229,4.4964470953633,4.61745877350799
ENSG00000138030,HCT116_control,3,2.64354661094004,2.62349963027781,2.65331724708929,2.60345264961558,2.66308788323853
ENSG00000138207,HCT116_control,3,-0.955915791604595,-0.955989728926057,-0.954463079825162,-0.956063666247518,-0.95301036804573
ENSG00000138400,HCT116_control,3,1.59906796770093,1.48082159950046,1.85385281737513,1.36257523129999,2.10863766704933
ENSG00000138413,HCT116_control,3,6.22231381321221,6.20523404057637,6.23056997216457,6.18815426794053,6.23882613111693
ENSG00000141349,HCT116_control,3,3.98071322646892,3.92925648468835,4.01630912730224,3.87779974290778,4.05190502813556
ENSG00000141526,HCT116_control,3,7.41395472387552,7.31019890324783,7.46978609096727,7.20644308262014,7.52561745805901
ENSG00000141959,HCT116_control,3,5.92572873269549,5.92572873269549,5.92729501883836,5.92572873269549,5.92886130498122
ENSG00000143158,HCT116_control,3,4.84204608478984,4.76589936917971,4.87061292395315,4.68975265356958,4.89917976311645
ENSG00000143252,HCT116_control,3,7.63224060129321,7.54278238780748,7.67238501111092,7.45332417432174,7.71252942092862
ENSG00000143627,HCT116_control,3,-0.95301036804573,-0.954463079825162,-0.814532135142857,-0.955915791604595,-0.676053902239984
ENSG00000146701,HCT116_control,3,7.8892524711923,7.83414179714749,7.89517082472557,7.77903112310267,7.90108917825884
ENSG00000148942,HCT116_control,3,-0.955915791604595,-0.955989728926057,-0.954463079825162,-0.956063666247518,-0.95301036804573
ENSG00000149476,HCT116_control,3,4.72376889467449,4.67982734211524,4.73752460922731,4.63588578955599,4.75128032378012
ENSG00000149925,HCT116_control,3,3.21519571872123,3.09838447654157,3.32175636657319,2.9815732343619,3.42831701442514
ENSG00000150768,HCT116_control,3,5.6704310594409,5.63587717882915,5.70608180992907,5.6013232982174,5.74173256041724
ENSG00000152254,HCT116_control,3,-0.955915791604595,-0.955989728926057,-0.954463079825162,-0.956063666247518,-0.95301036804573
ENSG00000152256,HCT116_control,3,2.09973822043671,2.09382403091128,2.10762494033187,2.08790984138584,2.11551166022702
ENSG00000152556,HCT116_control,3,6.18260680708655,6.15117810527037,6.19251714574085,6.11974940345419,6.20242748439515
ENSG00000154079,HCT116_control,3,3.07715765647939,2.89212204645721,3.10408449321414,2.70708643643503,3.13101132994889
ENSG00000155380,HCT116_control,3,6.40280546191438,6.3803106337583,6.40446037994181,6.35781580560221,6.40611529796923
ENSG00000156510,HCT116_control,3,2.73334899976585,2.63617422443395,2.74203647086025,2.53899944910204,2.75072394195465
ENSG00000156515,HCT116_control,3,5.85520295344814,5.84147508191609,5.90960735847038,5.82774721038403,5.96401176349262
ENSG00000158571,HCT116_control,3,0.876990442475546,0.546501013749975,0.926766837101566,0.216011585024404,0.976543231727586
ENSG00000159322,HCT116_control,3,4.87807655814247,4.86588238443401,4.90321652466263,4.85368821072554,4.92835649118279
ENSG00000159399,HCT116_control,3,6.12497439697762,6.10285769047914,6.12748426557389,6.08074098398067,6.12999413417017
ENSG00000160741,HCT116_control,3,4.97593507628543,4.96515232717251,4.9873405948763,4.95436957805959,4.99874611346716
ENSG00000160883,HCT116_control,3,-0.250890632016937,-0.360148160360829,-0.185010924962683,-0.469405688704721,-0.119131217908429
ENSG00000162688,HCT116_control,3,4.66280172044733,4.65938227980013,4.68291764230278,4.65596283915292,4.70303356415822
ENSG00000163541,HCT116_control,3,5.62379700943863,5.5914428424618,5.69608568277424,5.55908867548497,5.76837435610984
ENSG00000164951,HCT116_control,3,9.68366374644831,9.6787898387307,9.70304054781398,9.67391593101309,9.72241734917966
ENSG00000165140,HCT116_control,3,-0.246019708811262,-0.28326151990192,-0.0848188164649182,-0.320503330992578,0.0763820758814256
ENSG00000166123,HCT116_control,3,6.0856158973223,6.08466025535888,6.15342232165138,6.08370461339545,6.22122874598045
ENSG00000166411,HCT116_control,3,4.90621415199027,4.87638192082187,4.94028027339479,4.84654968965346,4.97434639479932
ENSG00000166796,HCT116_control,3,-0.601180715091506,-0.777095541568618,-0.471838266468732,-0.95301036804573,-0.342495817845957
ENSG00000166800,HCT116_control,3,0.089570014779958,0.0441053988086958,0.382816030862236,-0.00135921716256644,0.676062046944514
ENSG00000166816,HCT116_control,3,1.65896152433654,1.57860189004158,1.72791289634467,1.49824225574662,1.79686426835279
ENSG00000167588,HCT116_control,3,1.27694889271534,1.22716185808868,1.36052129908474,1.17737482346202,1.44409370545413
ENSG00000167701,HCT116_control,3,0.377858866870584,-0.011549939587133,0.577274110545999,-0.40095874604485,0.776689354221414
ENSG00000167985,HCT116_control,3,4.11285387393862,4.09575865669832,4.14206101366158,4.07866343945803,4.17126815338455
ENSG00000168291,HCT116_control,3,5.30787651687523,5.30663080630372,5.32102138203482,5.30538509573222,5.33416624719441
ENSG00000170525,HCT116_control,3,4.8700296928497,4.86021829658387,4.87170554943472,4.85040690031804,4.87338140601974
ENSG00000170571,HCT116_control,3,3.97607764573393,3.96326988832521,4.0328616716151,3.9504621309165,4.08964569749627
ENSG00000170950,HCT116_control,3,-0.955915791604595,-0.955989728926057,-0.954463079825162,-0.956063666247518,-0.95301036804573
ENSG00000171314,HCT116_control,3,9.3292202727131,9.30859653124385,9.40025665474142,9.2879727897746,9.47129303676974
ENSG00000171989,HCT116_control,3,-0.491315423466834,-0.512459989778239,-0.283623396242914,-0.533604556089643,-0.0759313690189945
ENSG00000172270,HCT116_control,3,8.75296437177491,8.74790742314984,8.78045190644818,8.74285047452477,8.80793944112144
ENSG00000172331,HCT116_control,3,3.81182244235007,3.76597456500406,3.8335627100399,3.72012668765804,3.85530297772972
ENSG00000172340,HCT116_control,3,5.72056608685089,5.69847946080169,5.77699921505672,5.6763928347525,5.83343234326254
ENSG00000172840,HCT116_control,3,3.40391914871837,3.36387430686816,3.44954692288363,3.32382946501795,3.49517469704889
ENSG00000173599,HCT116_control,3,3.04936018232531,3.0255351100036,3.05377977874174,3.00171003768189,3.05819937515816
ENSG00000175567,HCT116_control,3,3.55178651396149,3.39673998824044,3.6429529289594,3.24169346251939,3.73411934395731
ENSG00000180902,HCT116_control,3,3.85272270434849,3.57561245551558,3.86844557326435,3.29850220668266,3.8841684421802
ENSG00000182054,HCT116_control,3,5.17413793469583,5.16102184833306,5.22890886756689,5.14790576197029,5.28367980043794
ENSG00000183048,HCT116_control,3,4.71510365742466,4.59206912292666,4.74963234953684,4.46903458842866,4.78416104164901
ENSG00000188316,HCT116_control,3,0.166677116277157,-0.143894447216774,0.364711429225752,-0.454466010710704,0.562745742174347
ENSG00000197444,HCT116_control,3,2.62377681097532,2.61130992510918,2.67167581882164,2.59884303924303,2.71957482666796
ENSG00000198814,HCT116_control,3,1.83185564657102,1.77202293771592,1.83318729914715,1.71219022886082,1.83451895172327
ENSG00000204370,HCT116_control,3,6.23190592166289,6.20564109673562,6.26033601494224,6.17937627180834,6.28876610822158
ENSG00000214756,HCT116_control,3,2.62514875040639,2.61430070001099,2.63434768067322,2.60345264961558,2.64354661094004
ENSG00000226784,HCT116_control,3,1.10472333821571,0.703483283156689,1.47326339896633,0.302243228097667,1.84180345971694
ENSG00000256870,HCT116_control,3,-0.720973138862865,-0.83844446523373,-0.704225757126517,-0.955915791604595,-0.687478375390169
ENSG00000004799,HK2_untreated,3,2.52904554547318,2.50493019086035,2.55741164967287,2.48081483624751,2.58577775387257
ENSG00000004864,HK2_untreated,3,6.12362475291947,6.11960387995906,6.14298150948393,6.11558300699865,6.16233826604839
ENSG00000005882,HK2_untreated,3,3.02578693224409,2.96327327809982,3.10774385240984,2.90075962395555,3.18970077257558
ENSG00000008405,HK2_untreated,3,5.49410467449137,5.47454082876204,5.51364601985422,5.45497698303271,5.53318736521706
ENSG00000014641,HK2_untreated,3,6.25339264788044,6.2508336710409,6.26288542614817,6.24827469420135,6.27237820441589
ENSG00000060762,HK2_untreated,3,4.4882907354278,4.4491928833135,4.49022223019551,4.4100950311992,4.49215372496322
ENSG00000062485,HK2_untreated,3,7.36940698940727,7.35228250695224,7.39539835170364,7.33515802449721,7.421389714
ENSG00000063854,HK2_untreated,3,3.36135651066521,3.3182337375355,3.39161271364967,3.27511096440579,3.42186891663412
ENSG00000067057,HK2_untreated,3,7.53628610754979,7.52919474545111,7.5683875136611,7.52210338335242,7.60048891977241
ENSG00000067225,HK2_untreated,3,9.61213196848419,9.58462857585124,9.62839158201107,9.55712518321829,9.64465119553795
ENSG00000067829,HK2_untreated,3,5.88964562380906,5.87161211869777,5.89175231603581,5.85357861358648,5.89385900826255
ENSG00000067992,HK2_untreated,3,3.3069719112957,3.25778154190312,3.32591162699757,3.20859117251053,3.34485134269944
ENSG00000068976,HK2_untreated,3,-0.566657988610113,-0.626877277462218,-0.555314965848909,-0.687096566314323,-0.543971943087704
ENSG00000073578,HK2_untreated,3,5.51138536510152,5.46747541566019,5.51419602380015,5.42356546621886,5.51700668249878
ENSG00000074800,HK2_untreated,3,10.9485972782824,10.9485972782824,10.9656138027306,10.9485972782824,10.9826303271787
ENSG00000076555,HK2_untreated,3,2.62668824064015,2.57592280745899,2.67110912886159,2.52515737427783,2.71553001708303
ENSG00000079739,HK2_untreated,3,6.75721048213891,6.74501203088391,6.76475846692298,6.73281357962891,6.77230645170704
ENSG00000087299,HK2_untreated,3,3.40785186501468,3.39574697165408,3.44343587847376,3.38364207829348,3.47901989193283
ENSG00000090861,HK2_untreated,3,5.64931187807924,5.64484689842579,5.67443312558349,5.64038191877233,5.69955437308774
ENSG00000091140,HK2_untreated,3,6.31023691303132,6.28926363499008,6.31183768138851,6.26829035694884,6.3134384497457
ENSG00000091483,HK2_untreated,3,4.97426541256849,4.91857103178859,4.9767019767574,4.86287665100869,4.9791385409463
ENSG00000100156,HK2_untreated,3,-0.270603547739974,-0.369639463496718,-0.102595810862537,-0.468675379253462,0.0654119260149007
ENSG00000100412,HK2_untreated,3,3.71358610505977,3.67384438107454,3.74383403900148,3.63410265708931,3.77408197294319
ENSG00000100504,HK2_untreated,3,6.62881654905247,6.61536593759359,6.63454047415286,6.60191532613472,6.64026439925324
ENSG00000100889,HK2_untreated,3,4.24866797536247,4.23403040971439,4.35845790080301,4.2193928440663,4.46824782624355
ENSG00000100994,HK2_untreated,3,7.302111467082,7.2883297994874,7.30704338362352,7.2745481318928,7.31197530016503
ENSG00000101365,HK2_untreated,3,6.92098835219748,6.85179087763445,6.93620881429814,6.78259340307142,6.9514292763988
ENSG00000102144,HK2_untreated,3,9.4732905717532,9.44318871795626,9.48644538228057,9.41308686415933,9.49960019280794
ENSG00000104635,HK2_untreated,3,7.01982648217888,6.98291178392169,7.02450368527508,6.94599708566449,7.02918088837128
ENSG00000105220,HK2_untreated,3,6.8733903881036,6.83890678565744,6.9218502112365,6.80442318321128,6.9703100343694
ENSG00000105679,HK2_untreated,3,2.76248438478851,2.7333438882624,2.821872503515,2.70420339173629,2.88126062224149
ENSG00000105953,HK2_untreated,3,5.65586920674824,5.61406476614457,5.69230302942051,5.5722603255409,5.72873685209278
ENSG00000106633,HK2_untreated,3,-0.963205491397831,-0.964420193760916,-0.962621355503202,-0.965634896124001,-0.962037219608573
ENSG00000108515,HK2_untreated,3,3.80861562472386,3.78893252573189,3.84027030424304,3.76924942673992,3.87192498376222
ENSG00000108528,HK2_untreated,3,5.67733923981428,5.65800828753626,5.70839827445127,5.63867733525824,5.73945730908825
ENSG00000109107,HK2_untreated,3,0.899930835710703,0.86957670990178,1.01880574897731,0.839222584092857,1.13768066224391
ENSG00000109819,HK2_untreated,3,1.53321713581749,1.46538083408153,1.54202907237942,1.39754453234557,1.55084100894135
ENSG00000111640,HK2_untreated,3,13.1874482413658,13.1874482413658,13.1874482413658,13.1874482413658,13.1874482413658
ENSG00000111669,HK2_untreated,3,10.6905508022811,10.680463772838,10.6905508022811,10.6703767433949,10.6905508022811
ENSG00000111674,HK2_untreated,3,7.41763384259815,7.35869734375132,7.4250355409484,7.29976084490448,7.43243723929865
ENSG00000111716,HK2_untreated,3,10.1278133312406,10.1215817021609,10.1337748339994,10.1153500730813,10.1397363367582
ENSG00000112992,HK2_untreated,3,4.5119791227627,4.50428893314328,4.52283213730312,4.49659874352385,4.53368515184354
ENSG00000114021,HK2_untreated,3,4.08412186086093,4.06326785132605,4.08887681745006,4.04241384179116,4.09363177403918
ENSG00000114268,HK2_untreated,3,4.42582110313762,4.34298628107153,4.43320999839257,4.26015145900544,4.44059889364752
ENSG00000115159,HK2_untreated,3,4.08057809155598,4.06677168557905,4.11431430943088,4.05296527960211,4.14805052730577
ENSG00000116288,HK2_untreated,3,8.13445169162391,8.11448352211285,8.14053160864813,8.09451535260179,8.14661152567234
ENSG00000117118,HK2_untreated,3,6.97448136827672,6.8653881456689,7.00038084984621,6.75629492306108,7.02628033141569
ENSG00000118596,HK2_untreated,3,4.39131197469876,4.38675146523122,4.4289590724877,4.38219095576368,4.46660617027663
ENSG00000119689,HK2_untreated,3,6.90662264169761,6.89814220630826,6.91023831004314,6.88966177091891,6.91385397838867
ENSG00000120053,HK2_untreated,3,6.31266068651094,6.3016392086287,6.31928460044377,6.29061773074646,6.3259085143766
ENSG00000123836,HK2_untreated,3,4.21971614162799,4.19529343423461,4.2345602299054,4.17087072684122,4.2494043181828
ENSG00000124253,HK2_untreated,3,-0.806715578357013,-0.813436153654264,-0.788187722175001,-0.820156728951515,-0.769659865992989
ENSG00000124532,HK2_untreated,3,4.786212366264,4.72238116103295,4.80010027170618,4.6585499558019,4.81398817714836
ENSG00000124608,HK2_untreated,3,4.61995118227712,4.57450396003035,4.63925056903951,4.52905673778358,4.6585499558019
ENSG00000124767,HK2_untreated,3,9.25472045314823,9.23661659662882,9.27868464577117,9.21851274010941,9.30264883839411
ENSG00000128272,HK2_untreated,3,8.6658938439219,8.64425536865916,8.71699737510445,8.62261689339641,8.768100906287
ENSG00000130957,HK2_untreated,3,2.07407302858684,2.04079569382994,2.15283353740059,2.00751835907304,2.23159404621434
ENSG00000131069,HK2_untreated,3,4.11711349002874,4.09681979587153,4.12302658254782,4.07652610171432,4.12893967506689
ENSG00000131482,HK2_untreated,3,-0.963205491397831,-0.964420193760916,-0.962621355503202,-0.965634896124001,-0.962037219608573
ENSG00000131828,HK2_untreated,3,6.2614055727259,6.2385637926255,6.27492342248707,6.21572201252509,6.28844127224824
ENSG00000132326,HK2_untreated,3,1.13390623544207,1.06880749816215,1.15740449195465,1.00370876088224,1.18090274846723
ENSG00000134056,HK2_untreated,3,5.45339893975446,5.40311207136203,5.4704113723743,5.3528252029696,5.48742380499414
ENSG00000134333,HK2_untreated,3,9.80636431862536,9.76895782835371,9.80636431862536,9.73155133808207,9.80636431862536
ENSG00000135094,HK2_untreated,3,0.191378933281873,0.073205645539331,0.301260744020594,-0.044967642203211,0.411142554759314
ENSG00000136143,HK2_untreated,3,3.71756043189572,3.70123732415946,3.72835740675374,3.6849142164232,3.73915438161176
ENSG00000136872,HK2_untreated,3,-0.413118589256662,-0.529975831499857,-0.334047605163394,-0.646833073743051,-0.254976621070125
ENSG00000137700,HK2_untreated,3,3.61374084480313,3.55572538202006,3.61451689721469,3.49770991923698,3.61529294962624
ENSG00000138030,HK2_untreated,3,0.0545633910268216,-0.0748231856236442,0.123481005543041,-0.20420976227411,0.192398620059261
ENSG00000138207,HK2_untreated,3,-0.383459667449293,-0.468398487755207,-0.362739757267607,-0.55333730806112,-0.342019847085921
ENSG00000138400,HK2_untreated,3,0.854815829688416,0.759114234186097,0.885445083219519,0.663412638683777,0.916074336750622
ENSG00000138413,HK2_untreated,3,4.83608782185991,4.82778351308811,4.86999921986999,4.8194792043163,4.90391061788006
ENSG00000141349,HK2_untreated,3,4.16465484971898,4.09232005604516,4.17858316837186,4.01998526237134,4.19251148702474
ENSG00000141526,HK2_untreated,3,6.16769993633425,6.08054090362393,6.17815615570716,5.9933818709136,6.18861237508007
ENSG00000141959,HK2_untreated,3,6.16167340104662,6.1002978701896,6.17016098390728,6.03892233933257,6.17864856676794
ENSG00000143158,HK2_untreated,3,6.05062240958423,6.03502694674817,6.1150476841794,6.0194314839121,6.17947295877457
ENSG00000143252,HK2_untreated,3,7.56882061388385,7.56558855801815,7.57442559997822,7.56235650215245,7.58003058607259
ENSG00000143627,HK2_untreated,3,0.765606671341773,0.752613070965172,0.888750700320277,0.739619470588571,1.01189472929878
ENSG00000146701,HK2_untreated,3,7.15631756916506,7.15393548527443,7.16310598304358,7.1515534013838,7.16989439692211
ENSG00000148942,HK2_untreated,3,-0.963205491397831,-0.964420193760916,-0.962621355503202,-0.965634896124001,-0.962037219608573
ENSG00000149476,HK2_untreated,3,2.78240542073201,2.77912979987338,2.82747010826344,2.77585417901474,2.87253479579487
ENSG00000149925,HK2_untreated,3,8.64248936069907,8.60289475155573,8.64248936069907,8.56330014241238,8.64248936069907
ENSG00000150768,HK2_untreated,3,4.30091370719681,4.23625999957101,4.34522828732031,4.17160629194521,4.3895428674438
ENSG00000152254,HK2_untreated,3,-0.963205491397831,-0.964420193760916,-0.962621355503202,-0.965634896124001,-0.962037219608573
ENSG00000152256,HK2_untreated,3,4.39820982122662,4.36709810021086,4.41267399503626,4.3359863791951,4.4271381688459
ENSG00000152556,HK2_untreated,3,5.68361653814699,5.67535767727703,5.71518545644378,5.66709881640706,5.74675437474057
ENSG00000154079,HK2_untreated,3,3.78955875880199,3.7777865427645,3.85409770728475,3.76601432672701,3.9186366557675
ENSG00000155380,HK2_untreated,3,7.45395939156396,7.4527026023772,7.45564946928877,7.45144581319045,7.45733954701358
ENSG00000156510,HK2_untreated,3,6.99019822288225,6.95781650992154,7.01767480536945,6.92543479696084,7.04515138785665
ENSG00000156515,HK2_untreated,3,6.40394288610825,6.37044121114404,6.45315527712173,6.33693953617982,6.50236766813521
ENSG00000158571,HK2_untreated,3,0.0819775554490501,0.0406682334130535,0.129239687129666,-0.00064108862294314,0.176501818810281
ENSG00000159322,HK2_untreated,3,5.04568495385112,5.03034170481047,5.05552112338053,5.01499845576982,5.06535729290994
ENSG00000159399,HK2_untreated,3,4.58404479032571,4.46323235024428,4.63235445296061,4.34241991016285,4.68066411559551
ENSG00000160741,HK2_untreated,3,5.20754134706092,5.15286407641308,5.21161606332357,5.09818680576524,5.21569077958621
ENSG00000160883,HK2_untreated,3,-0.962037219608573,-0.962621355503202,-0.862848061526439,-0.963205491397831,-0.763658903444304
ENSG00000162688,HK2_untreated,3,4.24258409475219,4.20266158357305,4.26278074858246,4.16273907239391,4.28297740241272
ENSG00000163541,HK2_untreated,3,4.88001714657953,4.87420030868247,4.9144461827197,4.86838347078541,4.94887521885986
ENSG00000164951,HK2_untreated,3,7.30548819705733,7.2810791598051,7.38485261124786,7.25667012255287,7.46421702543839
ENSG00000165140,HK2_untreated,3,-0.643032855611627,-0.804333875867814,-0.633805243356252,-0.965634896124001,-0.624577631100876
ENSG00000166123,HK2_untreated,3,5.93319457324433,5.91352679075344,5.93545169923259,5.89385900826255,5.93770882522085
ENSG00000166411,HK2_untreated,3,3.64736779627317,3.62321477389678,3.65594932305973,3.59906175152038,3.66453084984628
ENSG00000166796,HK2_untreated,3,2.97836151575988,2.88622393078718,3.13352087470372,2.79408634581447,3.28868023364755
ENSG00000166800,HK2_untreated,3,0.526293105031782,0.442782153912918,0.644205740820832,0.359271202794053,0.762118376609881
ENSG00000166816,HK2_untreated,3,-0.669542682093501,-0.689838185214682,-0.595321985201383,-0.710133688335863,-0.521101288309264
ENSG00000167588,HK2_untreated,3,0.282279064985512,0.224067226260678,0.29023886752178,0.165855387535844,0.298198670058047
ENSG00000167701,HK2_untreated,3,0.22796828127781,0.209181442895895,0.299255432128862,0.190394604513979,0.370542582979914
ENSG00000167985,HK2_untreated,3,5.30067888321085,5.28768404243739,5.35679256472449,5.27468920166392,5.41290624623812
ENSG00000168291,HK2_untreated,3,5.11514424648309,5.09692680936278,5.14037860368438,5.07870937224247,5.16561296088566
ENSG00000170525,HK2_untreated,3,7.9535298901662,7.94082495519953,7.95442688034702,7.92812002023285,7.95532387052784
ENSG00000170571,HK2_untreated,3,2.0198005801425,1.97353732991505,2.02012953723557,1.92727407968759,2.02045849432864
ENSG00000170950,HK2_untreated,3,-0.963205491397831,-0.964420193760916,-0.962621355503202,-0.965634896124001,-0.962037219608573
ENSG00000171314,HK2_untreated,3,9.94650841126767,9.94650841126767,9.97320631714133,9.94650841126767,9.999904223015
ENSG00000171989,HK2_untreated,3,0.125529499716743,0.0150583059041526,0.268985074996289,-0.0954128879084377,0.412440650275835
ENSG00000172270,HK2_untreated,3,8.79598558749954,8.75038989080196,8.7992684261752,8.70479419410437,8.80255126485086
ENSG00000172331,HK2_untreated,3,3.80246404522193,3.77221423064927,3.89243609204775,3.74196441607662,3.98240813887357
ENSG00000172340,HK2_untreated,3,6.25216709160752,6.22618229527939,6.25277986974398,6.20019749895126,6.25339264788044
ENSG00000172840,HK2_untreated,3,4.17745272388208,4.16755072968595,4.19825900543434,4.15764873548981,4.21906528698661
ENSG00000173599,HK2_untreated,3,2.18472075362495,2.1051384134083,2.27403747813343,2.02555607319164,2.3633542026419
ENSG00000175567,HK2_untreated,3,6.89491499956523,6.88741042310005,6.93041183749885,6.87990584663486,6.96590867543246
ENSG00000180902,HK2_untreated,3,2.19871884174117,2.16997028253212,2.22416394179123,2.14122172332306,2.24960904184128
ENSG00000182054,HK2_untreated,3,6.56120749375233,6.55734132627921,6.57334021599468,6.55347515880608,6.58547293823703
ENSG00000183048,HK2_untreated,3,5.3368193422745,5.28008937289722,5.36328415241516,5.22335940351993,5.38974896255582
ENSG00000188316,HK2_untreated,3,4.54252131567888,4.53312498696963,4.60181294638209,4.52372865826037,4.6611045770853
ENSG00000197444,HK2_untreated,3,2.84301568980764,2.81889733082009,2.87880007168856,2.79477897183254,2.91458445356948
ENSG00000198814,HK2_untreated,3,4.36773356866141,4.32513033976133,4.42346324999551,4.28252711086125,4.4791929313296
ENSG00000204370,HK2_untreated,3,6.47316920878582,6.40997691769975,6.49977240972034,6.34678462661367,6.52637561065485
ENSG00000214756,HK2_untreated,3,1.92625078108672,1.81670443898193,1.97847932820702,1.70715809687714,2.03070787532731
ENSG00000226784,HK2_untreated,3,4.10644280859649,4.0148372454086,4.38437118079589,3.92323168222072,4.66229955299529
ENSG00000256870,HK2_untreated,3,-0.963205491397831,-0.964420193760916,-0.962621355503202,-0.965634896124001,-0.962037219608573
ENSG00000004799,HUVEC_untreated,4,1.34706490999764,1.22072824587142,1.76052462447292,1.21653605520328,2.62608596618823
ENSG00000004864,HUVEC_untreated,4,4.55202297469734,4.51030266796769,4.59200455390779,4.46547606812745,4.63161497119039
ENSG00000005882,HUVEC_untreated,4,3.14205709644146,3.04450092076612,3.25070012256524,3.04450092076612,3.28396067391057
ENSG00000008405,HUVEC_untreated,4,4.72982264921705,4.54883279414943,4.84573456381482,4.35014652300695,4.84918701354775
ENSG00000014641,HUVEC_untreated,4,5.22118334668701,4.94133726001316,5.50318170797358,4.93726777904598,5.51370801277894
ENSG00000060762,HUVEC_untreated,4,3.88420665015987,3.71924741674682,4.19683729154902,3.4843690736489,4.87472985857527
ENSG00000062485,HUVEC_untreated,4,6.94718963877644,6.79743908867085,7.00591977204734,6.4897444352979,7.04055317491624
ENSG00000063854,HUVEC_untreated,4,3.64134550589563,3.43252031935796,3.84697293417795,3.03999548947688,4.229904489293
ENSG00000067057,HUVEC_untreated,4,7.60651960886345,7.36624727588926,7.79136172163608,7.09763861794026,7.89367971898039
ENSG00000067225,HUVEC_untreated,4,9.09474970412495,8.87572767039598,9.21655112472485,8.46248812296563,9.33812883276796
ENSG00000067829,HUVEC_untreated,4,5.54759196466458,5.35183068533502,5.69443697474345,5.18103237731425,5.71848647501215
ENSG00000067992,HUVEC_untreated,4,1.84707112798321,1.4554401067409,2.23327323022758,1.28258262455772,2.38984395541695
ENSG00000068976,HUVEC_untreated,4,-0.612710227767748,-0.701315212345849,-0.42221214374374,-0.900138418307161,0.0822903605552915
ENSG00000073578,HUVEC_untreated,4,5.58103623363584,5.35390894520096,5.78551422448091,5.27443399361349,5.79704128329895
ENSG00000074800,HUVEC_untreated,4,9.60217652877822,9.30189160521186,9.87535558537243,9.04826951518482,10.047660074483
ENSG00000076555,HUVEC_untreated,4,0.499711395628287,0.438308040927661,0.571259743420047,0.329238842233033,0.710763921388078
ENSG00000079739,HUVEC_untreated,4,3.72024978203135,3.1370378273259,4.19989755911764,2.68981117814863,4.33643167543749
ENSG00000087299,HUVEC_untreated,4,1.7189639326019,1.69422554707361,1.83919157048705,1.62261865810206,2.19726621652921
ENSG00000090861,HUVEC_untreated,4,5.3889475950248,5.24905811989656,5.6258128785199,5.21553236940322,5.95026605411375
ENSG00000091140,HUVEC_untreated,4,5.4804571557758,5.36923579134837,5.76013000417215,5.34042373743445,6.29429650999282
ENSG00000091483,HUVEC_untreated,4,5.03676069091292,4.97925765688767,5.11936570894064,4.86887100899764,5.30505830883808
ENSG00000100156,HUVEC_untreated,4,-0.257764018144016,-0.462470496072455,-0.191489764875918,-0.900138418307161,-0.169118516622234
ENSG00000100412,HUVEC_untreated,4,4.30605662070579,4.08949669538347,4.51675142625479,4.00637475474506,4.58227800757323
ENSG00000100504,HUVEC_untreated,4,4.94870038051595,4.7516390559467,5.03687988697249,4.23210193975482,5.22977154882623
ENSG00000100889,HUVEC_untreated,4,2.88836587184721,2.35346800782551,3.27048968573192,1.74865881088941,3.41697673225704
ENSG00000100994,HUVEC_untreated,4,6.4847813718965,6.14606014832538,6.66804519552485,5.35758310612348,6.99015003789846
ENSG00000101365,HUVEC_untreated,4,5.93823373045007,5.77794460099605,6.05096525178458,5.56480981425828,6.1214272141638
ENSG00000102144,HUVEC_untreated,4,7.48685142337553,7.32370630661244,7.60859232719951,7.19089974077008,7.61718625422458
ENSG00000104635,HUVEC_untreated,4,5.56674750776859,5.45760370270937,5.61287061007093,5.21603900544457,5.6653731990651
ENSG00000105220,HUVEC_untreated,4,6.10280207368588,5.75643863691664,6.42385411150406,5.37847171381409,6.72588683775344
ENSG00000105679,HUVEC_untreated,4,1.65153081109048,1.35442189944269,1.71766358010305,0.608683103336668,1.77047394830344
ENSG00000105953,HUVEC_untreated,4,5.52301523494301,5.15709940426069,5.89022442195615,5.05933007840933,5.99187381679998
ENSG00000106633,HUVEC_untreated,4,-0.53631268065139,-0.659632841887074,-0.443036652627406,-0.935647205924909,-0.257154688224671
ENSG00000108515,HUVEC_untreated,4,1.37232188990785,1.26897076104142,1.63331348205597,1.23824529203685,2.13696034090556
ENSG00000108528,HUVEC_untreated,4,4.97758134288827,4.64526574048677,5.28625394077077,4.33066687710401,5.52992379059653
ENSG00000109107,HUVEC_untreated,4,1.95358686731457,1.77321304736609,2.04843818460957,1.23542519330821,2.32965853070703
ENSG00000109819,HUVEC_untreated,4,-0.940098032002108,-0.945120550464025,-0.926770009020472,-0.94683562761818,-0.900138418307161
ENSG00000111640,HUVEC_untreated,4,11.676624955644,11.2695726375461,11.9518021131479,10.7834413510074,12.0423079179048
ENSG00000111669,HUVEC_untreated,4,8.26245482232309,8.07583741472126,8.3330333860052,7.58475811693468,8.47599615203265
ENSG00000111674,HUVEC_untreated,4,4.07837421158681,3.72495269678068,4.15925835248147,2.79138358828918,4.27521533923855
ENSG00000111716,HUVEC_untreated,4,8.8404011698625,8.82162096508826,8.86815323963923,8.80843026692782,8.90825953280711
ENSG00000112992,HUVEC_untreated,4,4.49499932001215,4.35599717904919,4.66297152287757,4.15813692129021,4.94774196634391
ENSG00000114021,HUVEC_untreated,4,2.57674715127851,2.35822928360844,2.80068719229351,2.28919114695889,2.88599184897785
ENSG00000114268,HUVEC_untreated,4,1.06141591110743,0.987999681100146,1.12514961889877,0.944308766690874,1.1397929666602
ENSG00000115159,HUVEC_untreated,4,4.40019068326222,4.26572780462703,4.49730674581772,4.01142976970329,4.6395643325024
ENSG00000116288,HUVEC_untreated,4,7.16069075565346,6.92669043784655,7.34922195579707,6.71855776392889,7.42094727672483
ENSG00000117118,HUVEC_untreated,4,5.87305163692216,5.76222475110503,5.95677990115898,5.64165824363223,5.99605054389086
ENSG00000118596,HUVEC_untreated,4,2.6699852222763,2.36712215155405,3.12483775920115,2.12924802808991,3.81868028127314
ENSG00000119689,HUVEC_untreated,4,6.31434631037473,6.04756003228668,6.47029430363705,5.62604174942457,6.55929773202192
ENSG00000120053,HUVEC_untreated,4,4.93374837980769,4.84796394463857,5.08556893500589,4.69132220467792,5.44031903505377
ENSG00000123836,HUVEC_untreated,4,1.10358070776589,0.928510658430288,1.14068302482858,0.511937287106443,1.14335319933373
ENSG00000124253,HUVEC_untreated,4,-0.940098032002108,-0.945120550464025,-0.926770009020472,-0.94683562761818,-0.900138418307161
ENSG00000124532,HUVEC_untreated,4,3.55863550768928,3.45073721386094,3.76803548811521,3.2474754022659,4.27580235950307
ENSG00000124608,HUVEC_untreated,4,3.98107403160561,3.6411960099134,4.13022303533175,3.02995187680875,4.1692801145382
ENSG00000124767,HUVEC_untreated,4,7.54403238970269,7.27593100438986,7.82270866688309,7.2477677769078,7.88259656996784
ENSG00000128272,HUVEC_untreated,4,7.50799381458287,7.12028433601843,7.84649670303819,6.8676034532219,7.95155781550735
ENSG00000130957,HUVEC_untreated,4,-0.917892812116035,-0.938444311348227,-0.770871260961497,-0.94683562761818,-0.383069788924505
ENSG00000131069,HUVEC_untreated,4,3.57914169685972,3.4149776293124,3.7552655830908,3.31696555816443,3.88915711029006
ENSG00000131482,HUVEC_untreated,4,-0.940098032002108,-0.945120550464025,-0.926770009020472,-0.94683562761818,-0.900138418307161
ENSG00000131828,HUVEC_untreated,4,5.38732047622342,5.23690676885775,5.66609844455188,5.16232178667049,6.12577620962754
ENSG00000132326,HUVEC_untreated,4,1.82076662816819,1.67991458370492,2.01362110099088,1.64459846381835,2.20494450595569
ENSG00000134056,HUVEC_untreated,4,4.10672864254835,3.84182706797961,4.2081860896309,3.27662449448907,4.28305628066285
ENSG00000134333,HUVEC_untreated,4,8.91046891307505,8.76317879690433,8.94220337549251,8.35912119791972,8.99959401321734
ENSG00000135094,HUVEC_untreated,4,-0.793474124233658,-0.937872618963508,-0.542669106385863,-0.944548858079307,-0.216773297916235
ENSG00000136143,HUVEC_untreated,4,3.42509266221809,3.40750597521326,3.62640839416795,3.3816237163654,4.20347778785091
ENSG00000136872,HUVEC_untreated,4,-0.47510433413608,-0.760188396123406,-0.00654646905205,-0.935647205924909,0.719333750039567
ENSG00000137700,HUVEC_untreated,4,2.92815430633038,2.30313596508745,3.26090881741082,1.2051787188959,3.4820745731149
ENSG00000138030,HUVEC_untreated,4,1.37750568401125,0.927957064392511,1.55719625409584,0.101271368183823,1.57430780170211
ENSG00000138207,HUVEC_untreated,4,0.489816247262489,0.28076939627219,0.718654880497826,0.0920669219279762,0.966732701577155
ENSG00000138400,HUVEC_untreated,4,-0.109306943821389,-0.307181813312397,-0.0843209537642085,-0.900138418307161,-0.0100309870709278
ENSG00000138413,HUVEC_untreated,4,5.25045172582724,5.18652176915824,5.31575688315052,5.17941904170152,5.3269852125701
ENSG00000141349,HUVEC_untreated,4,3.71924037566016,3.36518129547643,3.96810949133847,2.97954342167609,4.03817747162254
ENSG00000141526,HUVEC_untreated,4,4.90614583427873,4.59658816733945,5.17931158866636,4.24321585507681,5.42350816327402
ENSG00000141959,HUVEC_untreated,4,5.86785477529885,5.44442878901469,6.00414632701273,4.57178597859335,6.01538583372326
ENSG00000143158,HUVEC_untreated,4,4.88626044342606,4.76571381990165,4.90614276776792,4.4372613977107,4.93260229241121
ENSG00000143252,HUVEC_untreated,4,6.50575486053767,6.40173368273165,6.57832330510686,6.19526193267525,6.69043685545279
ENSG00000143627,HUVEC_untreated,4,-0.375584776251633,-0.648996887880705,-0.177819793709454,-0.900138418307161,-0.153619650543679
ENSG00000146701,HUVEC_untreated,4,6.72283305831495,6.47236800324535,6.88139141156394,6.11087233381271,6.96716697553475
ENSG00000148942,HUVEC_untreated,4,-0.940098032002108,-0.945120550464025,-0.926770009020472,-0.94683562761818,-0.900138418307161
ENSG00000149476,HUVEC_untreated,4,2.8469464028263,2.3598177510429,3.20144997232067,1.8361897903962,3.32720268610031
ENSG00000149925,HUVEC_untreated,4,8.11732103112779,7.69840214753928,8.4680599369276,7.3493340236779,8.61258812742285
ENSG00000150768,HUVEC_untreated,4,4.35421935701866,4.17393412983106,4.38516095264315,3.71688295919319,4.39418122859168
ENSG00000152254,HUVEC_untreated,4,-0.940098032002108,-0.945120550464025,-0.926770009020472,-0.94683562761818,-0.900138418307161
ENSG00000152256,HUVEC_untreated,4,2.1869485556982,2.04740429874397,2.37076454584913,1.97879838530642,2.5721856588768
ENSG00000152556,HUVEC_untreated,4,5.10220671452188,4.96047231613959,5.1709831235804,4.67321049537308,5.23937097637563
ENSG00000154079,HUVEC_untreated,4,2.99120773051987,2.61873416952947,3.34936192681356,2.38724698163764,3.53789102061523
ENSG00000155380,HUVEC_untreated,4,6.66961979057497,6.3903336731074,6.89564852806367,6.18521364428917,6.94099641694533
ENSG00000156510,HUVEC_untreated,4,0.161619981265689,0.0379433946799925,0.182433555532835,-0.281160429562267,0.192948342819443
ENSG00000156515,HUVEC_untreated,4,7.22370561106215,6.96637510520338,7.42269722540702,6.7332126668069,7.4808429892618
ENSG00000158571,HUVEC_untreated,4,-0.254276315463537,-0.569073852156371,0.0602627912096915,-0.94683562761818,0.437249276612682
ENSG00000159322,HUVEC_untreated,4,4.55368464206824,4.41616144887733,4.66277463537175,4.1396977140423,4.85393877054458
ENSG00000159399,HUVEC_untreated,4,4.13470591924021,3.93726898586322,4.27942309140072,3.57398832109774,4.48454447251675
ENSG00000160741,HUVEC_untreated,4,4.66903181832511,4.61902376324345,4.73614556093813,4.55614275693305,4.85034362984265
ENSG00000160883,HUVEC_untreated,4,-0.940098032002108,-0.945120550464025,-0.763535925136055,-0.94683562761818,-0.247202082769491
ENSG00000162688,HUVEC_untreated,4,3.55256067275899,3.37160849824689,3.8457869526183,3.11741203659196,4.43680573031482
ENSG00000163541,HUVEC_untreated,4,4.97325769829069,4.683729623155,5.21183819238174,4.2916059372091,5.45111913519373
ENSG00000164951,HUVEC_untreated,4,5.28082072106655,5.15547810795118,5.41708993962299,4.93580903864956,5.6695388252478
ENSG00000165140,HUVEC_untreated,4,1.63293475099276,1.27924907244638,1.92629008092615,0.981415764241508,2.04313234329209
ENSG00000166123,HUVEC_untreated,4,3.5568743530368,3.2144444962269,3.8502684290184,3.01968804334357,3.89791753941683
ENSG00000166411,HUVEC_untreated,4,3.68215992619067,3.6346530125341,3.87014824228046,3.5943782552104,4.33186720690387
ENSG00000166796,HUVEC_untreated,4,-0.940098032002108,-0.945120550464025,-0.71354309223899,-0.94683562761818,-0.0472307511812351
ENSG00000166800,HUVEC_untreated,4,0.345686209010117,0.120420226854313,0.480599404624234,-0.400634671208392,0.730595943061883
ENSG00000166816,HUVEC_untreated,4,0.554736714586398,0.310681456036538,0.672416585981583,-0.10746319490871,0.711435075462808
ENSG00000167588,HUVEC_untreated,4,-0.650339056286575,-0.74900163832684,-0.382826658230245,-0.900138418307161,0.274859569798273
ENSG00000167701,HUVEC_untreated,4,-0.147640153092536,-0.271847079850813,0.1048841118978,-0.531272554439125,0.749261601182287
ENSG00000167985,HUVEC_untreated,4,5.54499015756121,5.49474732902019,5.71386944817793,5.41392233951488,6.15060382391033
ENSG00000168291,HUVEC_untreated,4,4.93761108028667,4.84004849628472,5.14462603868639,4.74040794717378,5.57262371099064
ENSG00000170525,HUVEC_untreated,4,5.01493080993234,4.71049471177365,5.35987806313129,4.64577651239176,5.54612972763396
ENSG00000170571,HUVEC_untreated,4,-0.478826886650199,-0.671639477653531,0.12576652875988,-0.739045709783015,1.4285152341096
ENSG00000170950,HUVEC_untreated,4,-0.398834593332881,-0.561818307681675,-0.31120841224397,-0.900138418307161,-0.198960901398134
ENSG00000171314,HUVEC_untreated,4,7.41299436184617,7.22110664667978,7.5253409055809,6.76686563438494,7.74095840358075
ENSG00000171989,HUVEC_untreated,4,0.0666032009654245,-0.276104410297291,0.254364279328062,-0.94683562761818,0.460255897948716
ENSG00000172270,HUVEC_untreated,4,7.88808409553309,7.67359448379145,7.99829513418889,7.29577685187854,8.06327704684424
ENSG00000172331,HUVEC_untreated,4,6.43805292743749,6.35751012315495,6.62766960855266,6.19221603358226,7.1201853286233
ENSG00000172340,HUVEC_untreated,4,5.40276205632953,5.35578772805578,5.45711113327917,5.28663148426408,5.54839162309854
ENSG00000172840,HUVEC_untreated,4,2.71774086793844,2.49555367810499,2.90980960699102,2.35470465499699,2.96030327775644
ENSG00000173599,HUVEC_untreated,4,1.88509409252165,1.25608638107875,2.61034817843634,1.25450700489634,2.90066667803413
ENSG00000175567,HUVEC_untreated,4,2.93287421148655,2.42579787934238,3.41854429777982,2.0418281768068,3.73829526276269
ENSG00000180902,HUVEC_untreated,4,3.06903415944541,2.77879177081795,3.1131069764576,1.95247566538538,3.20091436704435
ENSG00000182054,HUVEC_untreated,4,6.2434558041371,6.08202383251391,6.4310095104328,5.79782631888035,6.79357222808385
ENSG00000183048,HUVEC_untreated,4,3.42287751972729,2.92797296276874,3.5673876017044,1.84417173145295,3.6000054080759
ENSG00000188316,HUVEC_untreated,4,2.56206437038719,2.38731866022176,2.92860547937386,2.31659445101052,3.57471588504885
ENSG00000197444,HUVEC_untreated,4,-0.0294617401090312,-0.0672910704679967,0.364284686186299,-0.131624255393675,1.49636915892107
ENSG00000198814,HUVEC_untreated,4,1.62012204812923,1.42283226454641,1.76109641957943,1.23733243932126,1.77765000840674
ENSG00000204370,HUVEC_untreated,4,4.79303869793899,4.64616950671516,4.87784082380365,4.22173971162968,5.11606942281164
ENSG00000214756,HUVEC_untreated,4,1.64070877451998,1.2264318337467,1.9958171959068,0.8939847335952,2.15075873789891
ENSG00000226784,HUVEC_untreated,4,6.16120667891896,5.92566694172328,6.30973860791245,5.44773734274513,6.52664478228403
ENSG00000256870,HUVEC_untreated,4,-0.940098032002108,-0.945120550464025,-0.926770009020472,-0.94683562761818,-0.900138418307161
ENSG00000004799,HepG2_DMSO24h,3,-0.892597358129267,-0.894035063287181,-0.887939545328412,-0.895472768445095,-0.883281732527556
ENSG00000004864,HepG2_DMSO24h,3,4.72216177757029,4.69766770521512,4.78044376668167,4.67317363285994,4.83872575579305
ENSG00000005882,HepG2_DMSO24h,3,0.989340946779484,0.909689416114005,1.00796102300192,0.830037885448527,1.02658109922436
ENSG00000008405,HepG2_DMSO24h,3,2.50901135896936,2.32321976059875,2.69702415595115,2.13742816222813,2.88503695293294
ENSG00000014641,HepG2_DMSO24h,3,5.42136399855842,5.40459148011901,5.4800012582851,5.3878189616796,5.53863851801178
ENSG00000060762,HepG2_DMSO24h,3,5.93901782624751,5.90535379835325,5.94349773234829,5.87168977045898,5.94797763844907
ENSG00000062485,HepG2_DMSO24h,3,4.88651188687087,4.81743991189002,4.97287246448658,4.74836793690917,5.05923304210229
ENSG00000063854,HepG2_DMSO24h,3,1.04933687844256,0.980297457830295,1.07418255862642,0.911258037218031,1.09902823881028
ENSG00000067057,HepG2_DMSO24h,3,0.0694042721162376,0.0389205940700967,0.198271591409869,0.00843691602395574,0.3271389107035
ENSG00000067225,HepG2_DMSO24h,3,6.83903427239338,6.79954670778137,6.89361454721249,6.76005914316935,6.9481948220316
ENSG00000067829,HepG2_DMSO24h,3,1.99047603938949,1.85764434177032,2.11203270349638,1.72481264415115,2.23358936760326
ENSG00000067992,HepG2_DMSO24h,3,1.55633488524212,1.50809975755511,1.59307429066451,1.45986462986809,1.62981369608689
ENSG00000068976,HepG2_DMSO24h,3,-0.343837395991745,-0.61965508221842,-0.240894175045268,-0.895472768445095,-0.137950954098791
ENSG00000073578,HepG2_DMSO24h,3,3.40559971177732,3.36759034262672,3.4381566576119,3.32958097347612,3.47071360344647
ENSG00000074800,HepG2_DMSO24h,3,8.71579373338878,8.67861658121916,8.72767048537375,8.64143942904954,8.73954723735872
ENSG00000076555,HepG2_DMSO24h,3,1.31998323145446,1.30402597662358,1.38985270556659,1.28806872179269,1.45972217967871
ENSG00000079739,HepG2_DMSO24h,3,3.72125607253775,3.61648244490237,3.76901985585987,3.51170881726699,3.81678363918199
ENSG00000087299,HepG2_DMSO24h,3,1.25892665464342,1.23803439516466,1.26656811776728,1.2171421356859,1.27420958089113
ENSG00000090861,HepG2_DMSO24h,3,4.35689477781438,4.31911641400949,4.37975825645436,4.2813380502046,4.40262173509433
ENSG00000091140,HepG2_DMSO24h,3,4.73293381241433,4.64215120633507,4.75058907013812,4.55136860025581,4.76824432786191
ENSG00000091483,HepG2_DMSO24h,3,3.7276144256353,3.65817609721131,3.79585738923187,3.58873776878733,3.86410035282844
ENSG00000100156,HepG2_DMSO24h,3,-0.892597358129267,-0.894035063287181,-0.887939545328412,-0.895472768445095,-0.883281732527556
ENSG00000100412,HepG2_DMSO24h,3,1.56213756866762,1.50087708893301,1.63207558462169,1.4396166091984,1.70201360057576
ENSG00000100504,HepG2_DMSO24h,3,3.05400824122777,3.03552397524355,3.14893122181418,3.01703970925933,3.24385420240059
ENSG00000100889,HepG2_DMSO24h,3,4.79983878345837,4.77484683895237,4.98684960321667,4.74985489444636,5.17386042297496
ENSG00000100994,HepG2_DMSO24h,3,5.46745352208291,5.42763624188126,5.46822106839801,5.3878189616796,5.4689886147131
ENSG00000101365,HepG2_DMSO24h,3,5.69045046979543,5.60294316338654,5.76938768434188,5.51543585697764,5.84832489888833
ENSG00000102144,HepG2_DMSO24h,3,3.39682875861971,3.23948113812327,3.55585488113664,3.08213351762682,3.71488100365356
ENSG00000104635,HepG2_DMSO24h,3,6.12047497047507,6.07161361118438,6.19098221815639,6.02275225189368,6.26148946583771
ENSG00000105220,HepG2_DMSO24h,3,3.20820989331296,3.18277342392733,3.43321393266371,3.1573369545417,3.65821797201446
ENSG00000105679,HepG2_DMSO24h,3,2.09077767941608,1.65486902773852,2.18888604777654,1.21896037606095,2.286994416137
ENSG00000105953,HepG2_DMSO24h,3,2.95954529022343,2.82564520720007,2.96194305132665,2.6917451241767,2.96434081242987
ENSG00000106633,HepG2_DMSO24h,3,-0.892597358129267,-0.894035063287181,-0.693527207958792,-0.895472768445095,-0.494457057788316
ENSG00000108515,HepG2_DMSO24h,3,2.65245050587775,2.50853940742728,2.91554874345783,2.36462830897682,3.17864698103791
ENSG00000108528,HepG2_DMSO24h,3,4.03518092532156,4.02041298003165,4.04781485382063,4.00564503474174,4.0604487823197
ENSG00000109107,HepG2_DMSO24h,3,0.594589037915547,0.395046712694916,0.599043166787396,0.195504387474285,0.603497295659245
ENSG00000109819,HepG2_DMSO24h,3,2.13376736599603,2.08822023110414,2.36399030801895,2.04267309621225,2.59421325004186
ENSG00000111640,HepG2_DMSO24h,3,10.3401491127727,10.3401491127727,10.3769815030512,10.3401491127727,10.4138138933296
ENSG00000111669,HepG2_DMSO24h,3,8.10040467546294,8.04006090378732,8.11190776260479,7.9797171321117,8.12341084974665
ENSG00000111674,HepG2_DMSO24h,3,3.13399338733498,3.04038153543996,3.17207783628695,2.94676968354494,3.21016228523892
ENSG00000111716,HepG2_DMSO24h,3,-0.892597358129267,-0.894035063287181,-0.617777278579022,-0.895472768445095,-0.342957199028776
ENSG00000112992,HepG2_DMSO24h,3,2.28660865447785,2.23601992529379,2.34510278368832,2.18543119610973,2.4035969128988
ENSG00000114021,HepG2_DMSO24h,3,2.03154982057726,1.9678085542964,2.07752170445557,1.90406728801553,2.12349358833388
ENSG00000114268,HepG2_DMSO24h,3,1.34425330824338,1.23328408640274,1.3909575577427,1.12231486456209,1.43766180724202
ENSG00000115159,HepG2_DMSO24h,3,-0.892597358129267,-0.894035063287181,-0.887939545328412,-0.895472768445095,-0.883281732527556
ENSG00000116288,HepG2_DMSO24h,3,3.51137796820092,3.47098494650249,3.59114950101305,3.43059192480405,3.67092103382518
ENSG00000117118,HepG2_DMSO24h,3,3.98325849806317,3.94774577777125,4.07935871928928,3.91223305747933,4.17545894051538
ENSG00000118596,HepG2_DMSO24h,3,-0.501266174966191,-0.524846576122102,-0.426353984966971,-0.548426977278013,-0.35144179496775
ENSG00000119689,HepG2_DMSO24h,3,5.23772350197529,5.23587245096457,5.26184166224142,5.23402139995384,5.28595982250755
ENSG00000120053,HepG2_DMSO24h,3,5.47356810937388,5.44597367818461,5.64592277383508,5.41837924699533,5.81827743829627
ENSG00000123836,HepG2_DMSO24h,3,0.792326149343939,0.693457593629743,1.00367135756868,0.594589037915547,1.21501656579343
ENSG00000124253,HepG2_DMSO24h,3,-0.0376338529150782,-0.266437850644779,-0.0316828305904985,-0.495241848374479,-0.0257318082659188
ENSG00000124532,HepG2_DMSO24h,3,4.3579954501819,4.3006285793443,4.44917294236282,4.24326170850671,4.54035043454374
ENSG00000124608,HepG2_DMSO24h,3,2.87749951424726,2.80849809675748,2.97073674168599,2.7394966792677,3.06397396912472
ENSG00000124767,HepG2_DMSO24h,3,6.50897074050726,6.47172157424591,6.51605470861974,6.43447240798456,6.52313867673221
ENSG00000128272,HepG2_DMSO24h,3,7.77648362458959,7.77648362458959,7.84938514119649,7.77648362458959,7.92228665780338
ENSG00000130957,HepG2_DMSO24h,3,-0.166266293430304,-0.52477401297893,0.111417238969754,-0.883281732527556,0.389100771369812
ENSG00000131069,HepG2_DMSO24h,3,3.09521004888674,2.93198955929632,3.11389461820011,2.76876906970589,3.13257918751348
ENSG00000131482,HepG2_DMSO24h,3,-0.0906675873183674,-0.486974659922962,0.0221237994967963,-0.883281732527556,0.13491518631196
ENSG00000131828,HepG2_DMSO24h,3,3.45780918936316,3.45124513322736,3.46352811006907,3.44468107709155,3.46924703077497
ENSG00000132326,HepG2_DMSO24h,3,1.43906331648991,1.20815921175219,1.60766040806735,0.977255107014463,1.77625749964479
ENSG00000134056,HepG2_DMSO24h,3,4.17385070912141,4.08954705244136,4.18636482993769,4.00524339576131,4.19887895075397
ENSG00000134333,HepG2_DMSO24h,3,8.89754003489186,8.84331641004204,8.91618718912135,8.78909278519221,8.93483434335084
ENSG00000135094,HepG2_DMSO24h,3,-0.883281732527556,-0.887939545328412,-0.656181258770961,-0.892597358129267,-0.429080785014366
ENSG00000136143,HepG2_DMSO24h,3,2.7066435370427,2.63309093246422,2.71903399348212,2.55953832788574,2.73142444992154
ENSG00000136872,HepG2_DMSO24h,3,-0.407582876267608,-0.447124992629504,-0.279851659275625,-0.486667108991401,-0.152120442283642
ENSG00000137700,HepG2_DMSO24h,3,4.04264135583954,4.02958102178369,4.12329433761497,4.01652068772784,4.20394731939039
ENSG00000138030,HepG2_DMSO24h,3,3.8466311220522,3.83411837745893,3.85452516690058,3.82160563286566,3.86241921174897
ENSG00000138207,HepG2_DMSO24h,3,7.16575096296538,7.15629727755561,7.19521334492272,7.14684359214584,7.22467572688005
ENSG00000138400,HepG2_DMSO24h,3,-0.416833819437771,-0.650057775982664,-0.018490723492159,-0.883281732527556,0.379852372453453
ENSG00000138413,HepG2_DMSO24h,3,6.35743322833158,6.35583936356529,6.37691570821317,6.35424549879899,6.39639818809476
ENSG00000141349,HepG2_DMSO24h,3,3.70384863330337,3.67609036090674,3.80235094216891,3.6483320885101,3.90085325103444
ENSG00000141526,HepG2_DMSO24h,3,3.30153988405149,3.21604594929414,3.31098389565169,3.13055201453678,3.32042790725189
ENSG00000141959,HepG2_DMSO24h,3,3.27300742839026,3.26822353966003,3.38190524876353,3.26343965092979,3.4908030691368
ENSG00000143158,HepG2_DMSO24h,3,5.39666206871475,5.22894397402438,5.40983523612466,5.06122587933401,5.42300840353457
ENSG00000143252,HepG2_DMSO24h,3,6.46918804127663,6.45835119273061,6.50224099442022,6.44751434418459,6.53529394756381
ENSG00000143627,HepG2_DMSO24h,3,2.69299278247346,2.67935931523358,2.82033363651437,2.66572584799369,2.94767449055527
ENSG00000146701,HepG2_DMSO24h,3,2.69622056933767,2.64055019569422,2.8862125826889,2.58487982205076,3.07620459604012
ENSG00000148942,HepG2_DMSO24h,3,-0.892597358129267,-0.894035063287181,-0.887939545328412,-0.895472768445095,-0.883281732527556
ENSG00000149476,HepG2_DMSO24h,3,4.10758550307573,4.10292878918513,4.24422429448064,4.09827207529453,4.38086308588555
ENSG00000149925,HepG2_DMSO24h,3,7.00611361100867,6.94611117141304,7.02739371786769,6.8861087318174,7.04867382472671
ENSG00000150768,HepG2_DMSO24h,3,3.85521084402387,3.82703381205975,3.93489434444389,3.79885678009562,4.0145778448639
ENSG00000152254,HepG2_DMSO24h,3,-0.892597358129267,-0.894035063287181,-0.887939545328412,-0.895472768445095,-0.883281732527556
ENSG00000152256,HepG2_DMSO24h,3,2.18644834034819,2.05893946674985,2.29018968258933,1.93143059315151,2.39393102483046
ENSG00000152556,HepG2_DMSO24h,3,0.0803789589175253,-0.0254974218793743,0.161331095309427,-0.131373802676274,0.242283231701329
ENSG00000154079,HepG2_DMSO24h,3,1.92017152581973,1.8708486075073,2.11908120107362,1.82152568919486,2.3179908763275
ENSG00000155380,HepG2_DMSO24h,3,5.96714429485861,5.93919911207919,5.97080480913411,5.91125392929976,5.9744653234096
ENSG00000156510,HepG2_DMSO24h,3,2.00092541582665,1.96214644244848,2.01762989893452,1.92336746907031,2.03433438204239
ENSG00000156515,HepG2_DMSO24h,3,-0.883281732527556,-0.889377250486326,-0.728797644450938,-0.895472768445095,-0.57431355637432
ENSG00000158571,HepG2_DMSO24h,3,0.87540933408598,0.864951414789054,0.953143886799375,0.854493495492127,1.03087843951277
ENSG00000159322,HepG2_DMSO24h,3,4.322990104564,4.25127425280069,4.36613365738658,4.17955840103738,4.40927721020915
ENSG00000159399,HepG2_DMSO24h,3,4.01958590795903,3.99656511361823,4.10326937987981,3.97354431927742,4.18695285180059
ENSG00000160741,HepG2_DMSO24h,3,2.03217426871375,1.75877241795108,2.11233066996649,1.4853705671884,2.19248707121922
ENSG00000160883,HepG2_DMSO24h,3,-0.892597358129267,-0.894035063287181,-0.887939545328412,-0.895472768445095,-0.883281732527556
ENSG00000162688,HepG2_DMSO24h,3,2.23428773436185,2.2332391815404,2.24273389982161,2.23219062871894,2.25118006528138
ENSG00000163541,HepG2_DMSO24h,3,4.79530711166193,4.68597460843503,4.83967032751252,4.57664210520813,4.88403354336311
ENSG00000164951,HepG2_DMSO24h,3,0.714552539563524,0.713222394958602,0.847757191570249,0.711892250353679,0.980961843576975
ENSG00000165140,HepG2_DMSO24h,3,-0.883281732527556,-0.887939545328412,-0.356598189537484,-0.892597358129267,0.170085353452589
ENSG00000166123,HepG2_DMSO24h,3,5.0771627858224,5.01586709768327,5.20739889575735,4.95457140954414,5.3376350056923
ENSG00000166411,HepG2_DMSO24h,3,3.18050379489635,3.15851469532495,3.21463459968677,3.13652559575355,3.24876540447719
ENSG00000166796,HepG2_DMSO24h,3,-0.892597358129267,-0.894035063287181,-0.887939545328412,-0.895472768445095,-0.883281732527556
ENSG00000166800,HepG2_DMSO24h,3,0.579751244866885,0.434695740983543,0.591401255859205,0.2896402371002,0.603051266851525
ENSG00000166816,HepG2_DMSO24h,3,1.82643935366214,1.75661313378808,2.10897613922349,1.68678691391403,2.39151292478483
ENSG00000167588,HepG2_DMSO24h,3,3.94178287952,3.93865364319941,3.95695177470301,3.93552440687881,3.97212066988603
ENSG00000167701,HepG2_DMSO24h,3,1.54925602392467,1.35136799589513,1.5834653557303,1.15347996786559,1.61767468753592
ENSG00000167985,HepG2_DMSO24h,3,5.43958470611308,5.43770431395707,5.52318392526847,5.43582392180105,5.60678314442386
ENSG00000168291,HepG2_DMSO24h,3,3.25594033977181,3.2501160657948,3.26987842186951,3.24429179181779,3.28381650396721
ENSG00000170525,HepG2_DMSO24h,3,-0.318431443886812,-0.435194496006519,-0.27457643888847,-0.551957548126225,-0.230721433890127
ENSG00000170571,HepG2_DMSO24h,3,-0.393451993295661,-0.638366862911609,-0.383647087869413,-0.883281732527556,-0.373842182443164
ENSG00000170950,HepG2_DMSO24h,3,-0.892597358129267,-0.894035063287181,-0.887939545328412,-0.895472768445095,-0.883281732527556
ENSG00000171314,HepG2_DMSO24h,3,6.60491685083932,6.57648110273851,6.61639642748368,6.5480453546377,6.62787600412803
ENSG00000171989,HepG2_DMSO24h,3,-0.261352083915159,-0.578412426180127,-0.220002798837608,-0.895472768445095,-0.178653513760056
ENSG00000172270,HepG2_DMSO24h,3,5.78827520346656,5.77330534782066,5.88137026343808,5.75833549217476,5.9744653234096
ENSG00000172331,HepG2_DMSO24h,3,1.55244828982144,1.53069213811702,1.74791618055471,1.5089359864126,1.94338407128797
ENSG00000172340,HepG2_DMSO24h,3,5.19138998300984,5.18986125968211,5.28408535328581,5.18833253635438,5.37678072356177
ENSG00000172840,HepG2_DMSO24h,3,3.24787085144682,3.23373282948908,3.30017163632941,3.21959480753134,3.352472421212
ENSG00000173599,HepG2_DMSO24h,3,2.36650034385928,2.14806248946819,2.3746226279575,1.9296246350771,2.38274491205572
ENSG00000175567,HepG2_DMSO24h,3,1.29999787785878,1.13617242881338,1.38542205761645,0.972346979767973,1.47084623737411
ENSG00000180902,HepG2_DMSO24h,3,1.66547091753164,1.55912785953247,1.84566289145962,1.45278480153329,2.0258548653876
ENSG00000182054,HepG2_DMSO24h,3,3.51520879436214,3.40505429396528,3.67098148178664,3.29489979356841,3.82675416921114
ENSG00000183048,HepG2_DMSO24h,3,5.75534738194593,5.69525340076879,5.77624026560899,5.63515941959164,5.79713314927205
ENSG00000188316,HepG2_DMSO24h,3,1.21928732269222,1.2042450857522,1.50201212742216,1.18920284881217,1.78473693215209
ENSG00000197444,HepG2_DMSO24h,3,1.37168696796676,1.34681083548231,1.52170993226928,1.32193470299786,1.67173289657179
ENSG00000198814,HepG2_DMSO24h,3,4.56706345351911,4.54938776172011,4.62618333694441,4.5317120699211,4.68530322036971
ENSG00000204370,HepG2_DMSO24h,3,4.67406395251554,4.65963016381823,4.73612638675938,4.64519637512091,4.79818882100322
ENSG00000214756,HepG2_DMSO24h,3,3.60606275266785,3.55743682070922,3.63994049743212,3.50881088875059,3.67381824219639
ENSG00000226784,HepG2_DMSO24h,3,3.00320689338529,2.91119725287718,3.2685984594475,2.81918761236907,3.53399002550971
ENSG00000256870,HepG2_DMSO24h,3,-0.892597358129267,-0.894035063287181,-0.887939545328412,-0.895472768445095,-0.883281732527556
ENSG00000004799,MCF7_DMSO7d,3,1.80218666402055,1.79568870411604,2.04337270125888,1.78919074421152,2.28455873849721
ENSG00000004864,MCF7_DMSO7d,3,5.65039004660354,5.60205517534156,5.66815194962035,5.55372030407958,5.68591385263715
ENSG00000005882,MCF7_DMSO7d,3,4.25705151202625,4.14608966901172,4.28499970485703,4.03512782599718,4.31294789768781
ENSG00000008405,MCF7_DMSO7d,3,2.85222592175339,2.65546467658927,2.87134982551779,2.45870343142514,2.89047372928218
ENSG00000014641,MCF7_DMSO7d,3,6.58137670032142,6.56407181418199,6.68387866894652,6.54676692804255,6.78638063757161
ENSG00000060762,MCF7_DMSO7d,3,4.68640976159691,4.51328671408355,4.80906481885689,4.34016366657018,4.93171987611686
ENSG00000062485,MCF7_DMSO7d,3,7.08498721059808,7.07664898562194,7.08912565913062,7.0683107606458,7.09326410766316
ENSG00000063854,MCF7_DMSO7d,3,4.69807559555417,4.6491797057089,4.80948979317395,4.60028381586362,4.92090399079372
ENSG00000067057,MCF7_DMSO7d,3,6.59286396693105,6.56205431884734,6.59520385093352,6.53124467076362,6.59754373493598
ENSG00000067225,MCF7_DMSO7d,3,9.7285439486417,9.65470583585746,9.7285439486417,9.58086772307321,9.7285439486417
ENSG00000067829,MCF7_DMSO7d,3,6.82746188040246,6.72937249871346,6.84735255313897,6.63128311702446,6.86724322587547
ENSG00000067992,MCF7_DMSO7d,3,4.42951836887171,4.29224784230498,4.51094960720213,4.15497731573826,4.59238084553254
ENSG00000068976,MCF7_DMSO7d,3,-0.20905252410063,-0.247747798307954,-0.190936192175352,-0.286443072515278,-0.172819860250074
ENSG00000073578,MCF7_DMSO7d,3,5.86908866316297,5.84595919594949,5.90574219143662,5.822829728736,5.94239571971026
ENSG00000074800,MCF7_DMSO7d,3,10.1662668894835,10.0727164983913,10.2438720443938,9.97916610729919,10.3214771993041
ENSG00000076555,MCF7_DMSO7d,3,3.10417128499175,3.09301438995012,3.19289107148113,3.08185749490849,3.28161085797051
ENSG00000079739,MCF7_DMSO7d,3,6.01714182656174,5.93199176497365,6.06624633829127,5.84684170338556,6.11535085002079
ENSG00000087299,MCF7_DMSO7d,3,4.26104520456561,4.24963604953726,4.3539260053769,4.23822689450891,4.44680680618818
ENSG00000090861,MCF7_DMSO7d,3,7.25253537962583,7.23173395664452,7.62930275208621,7.2109325336632,8.00607012454659
ENSG00000091140,MCF7_DMSO7d,3,5.40248225416416,5.37025408333015,5.42168991182962,5.33802591249613,5.44089756949507
ENSG00000091483,MCF7_DMSO7d,3,5.165448914641,5.04985305470273,5.19131003783401,4.93425719476445,5.21717116102701
ENSG00000100156,MCF7_DMSO7d,3,-0.607792781453496,-0.637566669165567,-0.443289101710559,-0.667340556877638,-0.278785421967622
ENSG00000100412,MCF7_DMSO7d,3,5.70740361615268,5.67743444873144,5.73569565321312,5.6474652813102,5.76398769027356
ENSG00000100504,MCF7_DMSO7d,3,1.59357965265634,1.56939314941791,1.69089777916922,1.54520664617947,1.7882159056821
ENSG00000100889,MCF7_DMSO7d,3,6.62887288045611,6.60106544321187,7.11055112212323,6.57325800596764,7.59222936379035
ENSG00000100994,MCF7_DMSO7d,3,7.09326410766316,7.08250621514273,7.11509077704667,7.0717483226223,7.13691744643019
ENSG00000101365,MCF7_DMSO7d,3,6.33034468075633,6.31328224417599,6.38412470206585,6.29621980759564,6.43790472337538
ENSG00000102144,MCF7_DMSO7d,3,7.08798826027362,7.08542823058626,7.1418685366308,7.0828682008989,7.19574881298797
ENSG00000104635,MCF7_DMSO7d,3,3.81594651988064,3.8107967172431,3.9323908600462,3.80564691460555,4.04883520021175
ENSG00000105220,MCF7_DMSO7d,3,7.33382573204407,7.29095636169275,7.36085380737754,7.24808699134142,7.387881882711
ENSG00000105679,MCF7_DMSO7d,3,1.9791636649966,1.81769955847616,2.16577754672938,1.65623545195571,2.35239142846215
ENSG00000105953,MCF7_DMSO7d,3,6.58651518993814,6.54201925310568,6.6488176432405,6.49752331627321,6.71112009654285
ENSG00000106633,MCF7_DMSO7d,3,-0.953066763932441,-0.956059308272509,-0.852891608640782,-0.959051852612577,-0.752716453349123
ENSG00000108515,MCF7_DMSO7d,3,0.941878397332471,0.756452470107659,1.24201009804039,0.571026542882847,1.5421417987483
ENSG00000108528,MCF7_DMSO7d,3,6.99798482544968,6.99219724768766,7.05488766021877,6.98640966992564,7.11179049498786
ENSG00000109107,MCF7_DMSO7d,3,4.58379130136436,4.40264304892968,4.63303746824902,4.22149479649499,4.68228363513368
ENSG00000109819,MCF7_DMSO7d,3,-0.953066763932441,-0.956059308272509,-0.949775844845787,-0.959051852612577,-0.946484925759132
ENSG00000111640,MCF7_DMSO7d,3,12.8124839118363,12.8124839118363,12.8124839118363,12.8124839118363,12.8124839118363
ENSG00000111669,MCF7_DMSO7d,3,10.0881998736899,10.0881998736899,10.1162374614696,10.0881998736899,10.1442750492493
ENSG00000111674,MCF7_DMSO7d,3,4.2028276786317,4.12646906686873,4.24220805775845,4.05011045510576,4.28158843688519
ENSG00000111716,MCF7_DMSO7d,3,-0.953066763932441,-0.956059308272509,-0.949775844845787,-0.959051852612577,-0.946484925759132
ENSG00000112992,MCF7_DMSO7d,3,5.59008406520339,5.51131338614398,5.61896748286652,5.43254270708457,5.64785090052964
ENSG00000114021,MCF7_DMSO7d,3,4.04112400329694,3.94915114941076,4.09372779955347,3.85717829552457,4.14633159581
ENSG00000114268,MCF7_DMSO7d,3,2.7743037632881,2.69310331779919,2.79294035924286,2.61190287231027,2.81157695519762
ENSG00000115159,MCF7_DMSO7d,3,5.98547843735858,5.91522462341299,6.08962254940012,5.8449708094674,6.19376666144166
ENSG00000116288,MCF7_DMSO7d,3,8.23993230295182,8.21929730853087,8.25146526829115,8.19866231410992,8.26299823363047
ENSG00000117118,MCF7_DMSO7d,3,6.51778880122876,6.50916531559632,6.58405688760505,6.50054182996387,6.65032497398133
ENSG00000118596,MCF7_DMSO7d,3,0.571647002350062,0.485649412961071,0.610948749318508,0.399651823572079,0.650250496286953
ENSG00000119689,MCF7_DMSO7d,3,6.60278766502854,6.57447248170629,6.65207030184573,6.54615729838404,6.70135293866292
ENSG00000120053,MCF7_DMSO7d,3,6.39146333520736,6.34472379537515,6.45584249906864,6.29798425554294,6.52022166292991
ENSG00000123836,MCF7_DMSO7d,3,0.825693350885706,0.800881846683244,0.917309876463943,0.776070342480782,1.00892640204218
ENSG00000124253,MCF7_DMSO7d,3,-0.953066763932441,-0.956059308272509,-0.949775844845787,-0.959051852612577,-0.946484925759132
ENSG00000124532,MCF7_DMSO7d,3,4.20031381456505,4.18939682200448,4.21933615560856,4.17847982944391,4.23835849665207
ENSG00000124608,MCF7_DMSO7d,3,3.77943373199252,3.76622605837294,3.84974868632426,3.75301838475335,3.92006364065599
ENSG00000124767,MCF7_DMSO7d,3,7.82477820411927,7.78711081528526,7.84131402720293,7.74944342645125,7.85784985028658
ENSG00000128272,MCF7_DMSO7d,3,7.61714523292038,7.45695391941674,8.2802832677165,7.29676260591309,8.94342130251261
ENSG00000130957,MCF7_DMSO7d,3,1.47055190707529,1.39472510510227,1.4903672388909,1.31889830312924,1.51018257070651
ENSG00000131069,MCF7_DMSO7d,3,4.15026643285287,3.94782548103989,4.22407808442407,3.74538452922691,4.29788973599527
ENSG00000131482,MCF7_DMSO7d,3,-0.953066763932441,-0.956059308272509,-0.949775844845787,-0.959051852612577,-0.946484925759132
ENSG00000131828,MCF7_DMSO7d,3,6.53724107397897,6.52941874462094,6.56342379180811,6.52159641526291,6.58960650963724
ENSG00000132326,MCF7_DMSO7d,3,2.97498414302613,2.95679372161915,3.16772832963475,2.93860330021216,3.36047251624337
ENSG00000134056,MCF7_DMSO7d,3,5.00565669414686,4.94716864771342,5.03589625619423,4.88868060127998,5.06613581824159
ENSG00000134333,MCF7_DMSO7d,3,8.84699150031911,8.83369508522421,8.93125038125138,8.82039867012931,9.01550926218365
ENSG00000135094,MCF7_DMSO7d,3,-0.946484925759132,-0.952768389185854,-0.828645425164477,-0.959051852612577,-0.710805924569821
ENSG00000136143,MCF7_DMSO7d,3,3.32668252495161,3.22989764510153,3.34716865354039,3.13311276525144,3.36765478212917
ENSG00000136872,MCF7_DMSO7d,3,-0.953066763932441,-0.956059308272509,-0.949775844845787,-0.959051852612577,-0.946484925759132
ENSG00000137700,MCF7_DMSO7d,3,5.083595057036,4.98592692271034,5.14495811419825,4.88825878838468,5.2063211713605
ENSG00000138030,MCF7_DMSO7d,3,5.0110300050579,4.95073549519176,5.03537634042492,4.89044098532561,5.05972267579194
ENSG00000138207,MCF7_DMSO7d,3,-0.953066763932441,-0.956059308272509,-0.949775844845787,-0.959051852612577,-0.946484925759132
ENSG00000138400,MCF7_DMSO7d,3,0.504564736732295,0.452360955920761,0.533108214762637,0.400157175109227,0.561651692792978
ENSG00000138413,MCF7_DMSO7d,3,5.78970650998912,5.78109379043829,5.8347878582107,5.77248107088745,5.87986920643228
ENSG00000141349,MCF7_DMSO7d,3,5.26214980345788,5.16993800450259,5.27770026473525,5.07772620554729,5.29325072601261
ENSG00000141526,MCF7_DMSO7d,3,3.42364025438329,3.25422053484948,3.46332745512649,3.08480081531567,3.50301465586969
ENSG00000141959,MCF7_DMSO7d,3,7.15769187074625,7.12659480606572,7.22583092962237,7.09549774138519,7.29396998849848
ENSG00000143158,MCF7_DMSO7d,3,7.6716725434258,7.60594888513732,7.69376417389284,7.54022522684883,7.71585580435987
ENSG00000143252,MCF7_DMSO7d,3,8.49999973822876,8.49830637148878,8.51635771053632,8.49661300474881,8.53271568284388
ENSG00000143627,MCF7_DMSO7d,3,-0.0548624794608601,-0.0803445367201361,-0.0506487416657734,-0.105826593979412,-0.0464350038706866
ENSG00000146701,MCF7_DMSO7d,3,8.50872432725724,8.47511982032666,8.52969058374552,8.44151531339607,8.5506568402338
ENSG00000148942,MCF7_DMSO7d,3,-0.0329248933828601,-0.104750004332266,0.0543400794966185,-0.176575115281671,0.141605052376097
ENSG00000149476,MCF7_DMSO7d,3,5.87305816386868,5.82700945332726,5.89058343174569,5.78096074278583,5.90810869962269
ENSG00000149925,MCF7_DMSO7d,3,9.7562375335942,9.72591194819021,9.79838357657415,9.69558636278622,9.84052961955409
ENSG00000150768,MCF7_DMSO7d,3,4.34418877221867,4.3311581212608,4.39384904324256,4.31812747030292,4.44350931426646
ENSG00000152254,MCF7_DMSO7d,3,-0.953066763932441,-0.956059308272509,-0.949775844845787,-0.959051852612577,-0.946484925759132
ENSG00000152256,MCF7_DMSO7d,3,2.58846676475663,2.454237858595,2.62194703817515,2.32000895243336,2.65542731159367
ENSG00000152556,MCF7_DMSO7d,3,4.59933499349838,4.58583602733719,4.70608617985445,4.57233706117599,4.81283736621052
ENSG00000154079,MCF7_DMSO7d,3,3.62061883080851,3.51731019608909,3.74190605645706,3.41400156136967,3.8631932821056
ENSG00000155380,MCF7_DMSO7d,3,4.46128182466613,4.45525554375387,4.47474076672843,4.44922926284161,4.48819970879073
ENSG00000156510,MCF7_DMSO7d,3,-0.953066763932441,-0.956059308272509,-0.949775844845787,-0.959051852612577,-0.946484925759132
ENSG00000156515,MCF7_DMSO7d,3,7.32649907235423,7.31943078901623,7.3293002598133,7.31236250567823,7.33210144727237
ENSG00000158571,MCF7_DMSO7d,3,1.45501601289204,1.34986800163212,1.53333815125508,1.24471999037219,1.61166028961811
ENSG00000159322,MCF7_DMSO7d,3,3.32638561730228,3.1939725678333,3.34049866611693,3.06155951836432,3.35461171493157
ENSG00000159399,MCF7_DMSO7d,3,4.87012221712527,4.8056419457219,5.23130339756392,4.74116167431853,5.59248457800256
ENSG00000160741,MCF7_DMSO7d,3,5.09871734380136,5.09461092178095,5.16605802660002,5.09050449976053,5.23339870939867
ENSG00000160883,MCF7_DMSO7d,3,-0.953066763932441,-0.956059308272509,-0.949775844845787,-0.959051852612577,-0.946484925759132
ENSG00000162688,MCF7_DMSO7d,3,3.90316838943527,3.75975065928808,3.9129627012845,3.61633292914088,3.92275701313373
ENSG00000163541,MCF7_DMSO7d,3,6.2687360852289,6.17641227870194,6.29882256288264,6.08408847217497,6.32890904053637
ENSG00000164951,MCF7_DMSO7d,3,3.25055132129996,3.20098044540824,3.42204557014149,3.15140956951651,3.59353981898302
ENSG00000165140,MCF7_DMSO7d,3,8.25197186095395,8.22650938647557,8.31688309855617,8.2010469119972,8.38179433615839
ENSG00000166123,MCF7_DMSO7d,3,4.8639460485472,4.8179536421184,5.13411396816922,4.7719612356896,5.40428188779123
ENSG00000166411,MCF7_DMSO7d,3,4.35772806969056,4.33603188477288,4.45150622769751,4.31433569985521,4.54528438570446
ENSG00000166796,MCF7_DMSO7d,3,-0.350721949224696,-0.46751640333009,-0.34160391966322,-0.584310857435484,-0.332485890101743
ENSG00000166800,MCF7_DMSO7d,3,-0.946484925759132,-0.949775844845787,-0.726391577435417,-0.953066763932441,-0.506298229111701
ENSG00000166816,MCF7_DMSO7d,3,3.34438500945813,3.20875812233705,3.48980208058591,3.07313123521597,3.63521915171369
ENSG00000167588,MCF7_DMSO7d,3,-0.633201272096781,-0.664602967650532,-0.618549127368311,-0.696004663204282,-0.603896982639842
ENSG00000167701,MCF7_DMSO7d,3,0.380723011511681,0.2712913292574,0.460285551687045,0.161859647003119,0.539848091862409
ENSG00000167985,MCF7_DMSO7d,3,6.04915673627163,5.98049005981905,6.05929168512832,5.91182338336646,6.06942663398501
ENSG00000168291,MCF7_DMSO7d,3,4.5174240347377,4.45866991772741,4.59091280917952,4.39991580071712,4.66440158362133
ENSG00000170525,MCF7_DMSO7d,3,3.26925589266171,3.22260983436554,3.5078121406281,3.17596377606937,3.74636838859449
ENSG00000170571,MCF7_DMSO7d,3,5.08181168265561,5.0773370070524,5.21042730187847,5.07286233144918,5.33904292110132
ENSG00000170950,MCF7_DMSO7d,3,-0.485766536689711,-0.719416650311076,-0.277010025194892,-0.953066763932441,-0.0682535137000732
ENSG00000171314,MCF7_DMSO7d,3,7.72846240714802,7.716704605656,7.77761819428721,7.70494680416398,7.82677398142639
ENSG00000171989,MCF7_DMSO7d,3,-0.953066763932441,-0.956059308272509,-0.949775844845787,-0.959051852612577,-0.946484925759132
ENSG00000172270,MCF7_DMSO7d,3,8.6532998930929,8.59509650008817,8.69761161868554,8.53689310708343,8.74192334427818
ENSG00000172331,MCF7_DMSO7d,3,2.51433419430943,2.48333515604302,2.6268160261444,2.4523361177766,2.73929785797936
ENSG00000172340,MCF7_DMSO7d,3,5.04026417291897,5.02584183203989,5.11551606312631,5.0114194911608,5.19076795333365
ENSG00000172840,MCF7_DMSO7d,3,3.09971191673895,3.044280036004,3.20561856925064,2.98884815526904,3.31152522176232
ENSG00000173599,MCF7_DMSO7d,3,5.14467505112994,5.0725249480147,5.16144561135101,5.00037484489946,5.17821617157207
ENSG00000175567,MCF7_DMSO7d,3,7.34680837666467,7.25303553974975,7.39866932988089,7.15926270283483,7.45053028309711
ENSG00000180902,MCF7_DMSO7d,3,3.6140272463053,3.52312874342254,3.72948314071349,3.43223024053978,3.84493903512168
ENSG00000182054,MCF7_DMSO7d,3,8.01260510853513,7.9881863988306,8.04556238922935,7.96376768912606,8.07851966992356
ENSG00000183048,MCF7_DMSO7d,3,7.2850179361454,7.24556581720437,7.31045005039271,7.20611369826333,7.33588216464002
ENSG00000188316,MCF7_DMSO7d,3,3.82830630724408,3.79398236720755,3.85832270214324,3.75965842717101,3.8883390970424
ENSG00000197444,MCF7_DMSO7d,3,0.202631889792634,0.192444725026158,0.241066947821343,0.182257560259682,0.279502005850052
ENSG00000198814,MCF7_DMSO7d,3,2.8359322574157,2.76042928217989,2.88441766442898,2.68492630694407,2.93290307144227
ENSG00000204370,MCF7_DMSO7d,3,5.70199018765315,5.57066901368656,5.70705770301042,5.43934783971997,5.71212521836769
ENSG00000214756,MCF7_DMSO7d,3,2.69694196483677,2.68311194303242,2.99324395375174,2.66928192122807,3.2895459426667
ENSG00000226784,MCF7_DMSO7d,3,5.6252247522068,5.59168016818757,5.65068649029921,5.55813558416834,5.67614822839161
ENSG00000256870,MCF7_DMSO7d,3,-0.953066763932441,-0.956059308272509,-0.949775844845787,-0.959051852612577,-0.946484925759132
ENSG00000004799,MDAMB468_DMSO7d,3,-0.0619893407175596,-0.273695350015749,0.258227072802031,-0.485401359313938,0.578443486321622
ENSG00000004864,MDAMB468_DMSO7d,3,5.9381565024042,5.85213592425255,6.02003025949887,5.76611534610089,6.10190401659354
ENSG00000005882,MDAMB468_DMSO7d,3,2.66817810908605,2.63787323663691,2.74673202971729,2.60756836418777,2.82528595034852
ENSG00000008405,MDAMB468_DMSO7d,3,4.15892764066893,4.12792164350047,4.2207780446621,4.09691564633201,4.28262844865527
ENSG00000014641,MDAMB468_DMSO7d,3,6.95454866359173,6.94123390026606,6.99970165792883,6.92791913694038,7.04485465226592
ENSG00000060762,MDAMB468_DMSO7d,3,5.94776517079124,5.7977263071665,5.96646502527161,5.64768744354175,5.98516487975198
ENSG00000062485,MDAMB468_DMSO7d,3,6.73040030413475,6.7194574637282,6.74609570927045,6.70851462332165,6.76179111440616
ENSG00000063854,MDAMB468_DMSO7d,3,3.21216388278884,3.1835342358072,3.23999978518402,3.15490458882557,3.26783568757919
ENSG00000067057,MDAMB468_DMSO7d,3,6.38405201960339,6.3540415572915,6.47491911148222,6.32403109497961,6.56578620336106
ENSG00000067225,MDAMB468_DMSO7d,3,9.27629521369862,9.26784517164702,9.29123859874539,9.25939512959542,9.30618198379215
ENSG00000067829,MDAMB468_DMSO7d,3,6.6886466163901,6.64740356373314,6.69204631195507,6.60616051107617,6.69544600752004
ENSG00000067992,MDAMB468_DMSO7d,3,3.58158190535345,3.54066794143367,3.70871518372364,3.49975397751388,3.83584846209382
ENSG00000068976,MDAMB468_DMSO7d,3,-0.405049726449947,-0.416408120902085,-0.39036722820391,-0.427766515354222,-0.375684729957873
ENSG00000073578,MDAMB468_DMSO7d,3,6.81158156221313,6.78884685441023,6.88859647740187,6.76611214660733,6.9656113925906
ENSG00000074800,MDAMB468_DMSO7d,3,10.620138595427,10.620138595427,10.6964809939734,10.620138595427,10.7728233925197
ENSG00000076555,MDAMB468_DMSO7d,3,2.11326995835111,2.0989246063955,2.11570813572529,2.08457925443988,2.11814631309948
ENSG00000079739,MDAMB468_DMSO7d,3,7.11093211147387,7.10642465234726,7.13376169993453,7.10191719322065,7.15659128839518
ENSG00000087299,MDAMB468_DMSO7d,3,3.668220518286,3.66107391394865,3.67323586360841,3.6539273096113,3.67825120893082
ENSG00000090861,MDAMB468_DMSO7d,3,6.77226383358019,6.76727535994002,6.77572538284523,6.76228688629984,6.77918693211026
ENSG00000091140,MDAMB468_DMSO7d,3,6.19457213981898,6.18057138415862,6.22598274145555,6.16657062849825,6.25739334309212
ENSG00000091483,MDAMB468_DMSO7d,3,6.1971806484256,6.1259735308777,6.26374487274523,6.0547664133298,6.33030909706486
ENSG00000100156,MDAMB468_DMSO7d,3,0.414778724398617,0.32392553967969,0.473745747157951,0.233072354960763,0.532712769917285
ENSG00000100412,MDAMB468_DMSO7d,3,5.08786860214766,5.06717805197505,5.12143333283881,5.04648750180244,5.15499806352996
ENSG00000100504,MDAMB468_DMSO7d,3,1.72140033093276,1.51025890931601,1.87543154030213,1.29911748769927,2.0294627496715
ENSG00000100889,MDAMB468_DMSO7d,3,5.22856774270955,5.21436743834166,5.26872889582207,5.20016713397376,5.30889004893459
ENSG00000100994,MDAMB468_DMSO7d,3,7.02469641853964,6.97865297049939,7.05017948458652,6.93260952245913,7.07566255063339
ENSG00000101365,MDAMB468_DMSO7d,3,7.3507809965087,7.3417002682047,7.35188483213654,7.3326195399007,7.35298866776437
ENSG00000102144,MDAMB468_DMSO7d,3,8.00692205808784,7.98638340156871,8.03560885653187,7.96584474504958,8.0642956549759
ENSG00000104635,MDAMB468_DMSO7d,3,5.29732387079109,5.26337049541268,5.30211740830484,5.22941712003426,5.30691094581859
ENSG00000105220,MDAMB468_DMSO7d,3,8.23738804751409,8.15966379421872,8.2666421908759,8.08193954092334,8.29589633423771
ENSG00000105679,MDAMB468_DMSO7d,3,1.85577063078604,1.33685694383026,1.93869936964755,0.81794325687447,2.02162810850906
ENSG00000105953,MDAMB468_DMSO7d,3,7.41918939163794,7.37908840793402,7.42240016666397,7.33898742423009,7.42561094169
ENSG00000106633,MDAMB468_DMSO7d,3,-0.93657227862486,-0.942886446776412,-0.934798161187731,-0.949200614927964,-0.933024043750602
ENSG00000108515,MDAMB468_DMSO7d,3,0.329551413159357,0.0641790702461515,0.666173778345424,-0.201193272667054,1.00279614353149
ENSG00000108528,MDAMB468_DMSO7d,3,5.94929726844902,5.88836950403482,5.9590946341267,5.82744173962061,5.96889199980438
ENSG00000109107,MDAMB468_DMSO7d,3,-0.367991712778515,-0.522912836335972,0.045816142325431,-0.677833959893429,0.459623997429377
ENSG00000109819,MDAMB468_DMSO7d,3,-0.684547629968459,-0.685258513815623,-0.643911418741232,-0.685969397662787,-0.603275207514005
ENSG00000111640,MDAMB468_DMSO7d,3,12.7038748412738,12.7038748412738,12.8351086774503,12.7038748412738,12.9663425136267
ENSG00000111669,MDAMB468_DMSO7d,3,8.15356963909387,8.14496795751181,8.20849937814488,8.13636627592974,8.26342911719589
ENSG00000111674,MDAMB468_DMSO7d,3,2.14521950934237,2.12842409960521,2.17385939743314,2.11162868986805,2.2024992855239
ENSG00000111716,MDAMB468_DMSO7d,3,6.1971806484256,6.15368328386299,6.25068336875801,6.11018591930039,6.30418608909041
ENSG00000112992,MDAMB468_DMSO7d,3,3.91144119776346,3.8769646531385,3.91887350421254,3.84248810851353,3.92630581066161
ENSG00000114021,MDAMB468_DMSO7d,3,3.84584386809865,3.80369846478243,3.92699496294161,3.7615530614662,4.00814605778457
ENSG00000114268,MDAMB468_DMSO7d,3,1.99360979627513,1.93398572376269,2.02872863402235,1.87436165125025,2.06384747176957
ENSG00000115159,MDAMB468_DMSO7d,3,5.82356122025921,5.81182979427492,5.83316325809637,5.80009836829064,5.84276529593352
ENSG00000116288,MDAMB468_DMSO7d,3,7.69020068026043,7.68808482217617,7.69818358950449,7.6859689640919,7.70616649874854
ENSG00000117118,MDAMB468_DMSO7d,3,6.59702242972903,6.51856042725112,6.62085815431065,6.44009842477321,6.64469387889227
ENSG00000118596,MDAMB468_DMSO7d,3,-0.93657227862486,-0.942886446776412,-0.934798161187731,-0.949200614927964,-0.933024043750602
ENSG00000119689,MDAMB468_DMSO7d,3,5.8312620971848,5.80797885328972,5.85734543369305,5.78469560939464,5.8834287702013
ENSG00000120053,MDAMB468_DMSO7d,3,6.87760974652487,6.86980697460387,6.89874629022526,6.86200420268286,6.91988283392564
ENSG00000123836,MDAMB468_DMSO7d,3,3.91451745351702,3.86097740742917,4.08263127910361,3.80743736134131,4.25074510469019
ENSG00000124253,MDAMB468_DMSO7d,3,-0.93657227862486,-0.942886446776412,-0.934798161187731,-0.949200614927964,-0.933024043750602
ENSG00000124532,MDAMB468_DMSO7d,3,5.68283696861942,5.61537266324827,5.69327748684587,5.54790835787711,5.70371800507231
ENSG00000124608,MDAMB468_DMSO7d,3,4.14946721695472,4.1024357576459,4.17033148747563,4.05540429833707,4.19119575799654
ENSG00000124767,MDAMB468_DMSO7d,3,7.46130238781334,7.3589260427913,7.50159831257119,7.25654969776925,7.54189423732903
ENSG00000128272,MDAMB468_DMSO7d,3,9.91113823165244,9.89683217703856,9.93370547490341,9.88252612242469,9.95627271815437
ENSG00000130957,MDAMB468_DMSO7d,3,1.09804159613152,0.93658294414366,1.20340675105031,0.775124292155801,1.3087719059691
ENSG00000131069,MDAMB468_DMSO7d,3,6.13007353630658,6.0881803235113,6.21564712247451,6.04628711071602,6.30122070864244
ENSG00000131482,MDAMB468_DMSO7d,3,-0.93657227862486,-0.942886446776412,-0.934798161187731,-0.949200614927964,-0.933024043750602
ENSG00000131828,MDAMB468_DMSO7d,3,5.85370999136683,5.82190001750446,5.88959328302919,5.79009004364209,5.92547657469155
ENSG00000132326,MDAMB468_DMSO7d,3,3.32583171161357,3.20159441305491,3.36816129599314,3.07735711449625,3.41049088037271
ENSG00000134056,MDAMB468_DMSO7d,3,5.19423025205232,5.12406757125488,5.2064992769824,5.05390489045744,5.21876830191247
ENSG00000134333,MDAMB468_DMSO7d,3,8.94913001121214,8.93434371093379,9.09473971066805,8.91955741065543,9.24034941012397
ENSG00000135094,MDAMB468_DMSO7d,3,-0.703707924275957,-0.820140101450409,-0.633298466627187,-0.93657227862486,-0.562889008978416
ENSG00000136143,MDAMB468_DMSO7d,3,3.99211646710522,3.98681629622502,4.01603914222558,3.98151612534481,4.03996181734593
ENSG00000136872,MDAMB468_DMSO7d,3,-0.93657227862486,-0.942886446776412,-0.934798161187731,-0.949200614927964,-0.933024043750602
ENSG00000137700,MDAMB468_DMSO7d,3,4.73583446591231,4.7234726229524,4.73685170445277,4.71111077999249,4.73786894299322
ENSG00000138030,MDAMB468_DMSO7d,3,2.59469689655965,2.52743752870826,2.59556806094931,2.46017816085686,2.59643922533896
ENSG00000138207,MDAMB468_DMSO7d,3,-0.319063087495344,-0.626043565622973,-0.220400617833426,-0.933024043750602,-0.121738148171507
ENSG00000138400,MDAMB468_DMSO7d,3,0.127936508479641,0.0644225313226612,0.300872794285904,0.000908554165681419,0.473809080092166
ENSG00000138413,MDAMB468_DMSO7d,3,6.77073098127586,6.7502842624258,6.78505063560678,6.72983754357575,6.7993702899377
ENSG00000141349,MDAMB468_DMSO7d,3,3.51441891829325,3.51276728724578,3.51734498650061,3.5111156561983,3.52027105470796
ENSG00000141526,MDAMB468_DMSO7d,3,1.93870293732972,1.92145976155977,2.16946848300858,1.90421658578981,2.40023402868745
ENSG00000141959,MDAMB468_DMSO7d,3,5.95161655312281,5.89217930785363,5.9525195401178,5.83274206258444,5.95342252711279
ENSG00000143158,MDAMB468_DMSO7d,3,6.30218046733179,6.24614396946971,6.35847618075708,6.19010747160762,6.41477189418237
ENSG00000143252,MDAMB468_DMSO7d,3,7.20615120986008,7.16968956858894,7.23838655503425,7.13322792731779,7.27062190020842
ENSG00000143627,MDAMB468_DMSO7d,3,-0.603046157368093,-0.659030681863396,-0.589737811177407,-0.7150152063587,-0.576429464986722
ENSG00000146701,MDAMB468_DMSO7d,3,7.6859689640919,7.66384236217937,7.6996179490738,7.64171576026683,7.71326693405571
ENSG00000148942,MDAMB468_DMSO7d,3,-0.80375743342562,-0.87016485602524,-0.747628090135087,-0.93657227862486,-0.691498746844554
ENSG00000149476,MDAMB468_DMSO7d,3,4.61061318963319,4.5397470051475,4.66476400678532,4.46888082066181,4.71891482393745
ENSG00000149925,MDAMB468_DMSO7d,3,9.26680342949656,9.21446878560407,9.26680342949656,9.16213414171157,9.26680342949656
ENSG00000150768,MDAMB468_DMSO7d,3,5.95908758715871,5.90060726014774,6.01554433149362,5.84212693313676,6.07200107582853
ENSG00000152254,MDAMB468_DMSO7d,3,-0.93657227862486,-0.942886446776412,-0.934798161187731,-0.949200614927964,-0.933024043750602
ENSG00000152256,MDAMB468_DMSO7d,3,2.7089529286594,2.70531184033972,2.72674549215111,2.70167075202003,2.74453805564282
ENSG00000152556,MDAMB468_DMSO7d,3,3.4152478421419,3.39292608908571,3.45586098244601,3.37060433602952,3.49647412275012
ENSG00000154079,MDAMB468_DMSO7d,3,3.62016858858945,3.51093707081897,3.62998792054714,3.40170555304849,3.63980725250482
ENSG00000155380,MDAMB468_DMSO7d,3,6.42001048002824,6.36499033428853,6.4274940124502,6.30997018854882,6.43497754487215
ENSG00000156510,MDAMB468_DMSO7d,3,-0.46424599511675,-0.486967706515672,-0.382520784301047,-0.509689417914594,-0.300795573485343
ENSG00000156515,MDAMB468_DMSO7d,3,7.29829725149153,7.28580231823856,7.33415612470662,7.27330738498558,7.3700149979217
ENSG00000158571,MDAMB468_DMSO7d,3,-0.458156211868773,-0.487155108660563,-0.257080681819914,-0.516154005452352,-0.0560051517710557
ENSG00000159322,MDAMB468_DMSO7d,3,3.81590256187367,3.70817191078888,3.87013127861829,3.60044125970409,3.92435999536291
ENSG00000159399,MDAMB468_DMSO7d,3,5.14140304209145,5.09336405906465,5.31759762199831,5.04532507603785,5.49379220190516
ENSG00000160741,MDAMB468_DMSO7d,3,4.5983630785908,4.53799468907511,4.62232618133183,4.47762629955942,4.64628928407286
ENSG00000160883,MDAMB468_DMSO7d,3,-0.364079211157209,-0.648551627453906,-0.331131951430022,-0.933024043750602,-0.298184691702835
ENSG00000162688,MDAMB468_DMSO7d,3,4.83759236586967,4.81108366443944,4.87983554608035,4.7845749630092,4.92207872629104
ENSG00000163541,MDAMB468_DMSO7d,3,5.83232279902176,5.78158120396337,5.90550702254569,5.73083960890497,5.97869124606961
ENSG00000164951,MDAMB468_DMSO7d,3,3.40643583028691,3.21021055937069,3.41488392443734,3.01398528845447,3.42333201858777
ENSG00000165140,MDAMB468_DMSO7d,3,1.07037123318978,0.963562955762822,1.13686052757594,0.856754678335863,1.2033498219621
ENSG00000166123,MDAMB468_DMSO7d,3,6.64915407865378,6.57683912429695,6.67127485246158,6.50452416994012,6.69339562626938
ENSG00000166411,MDAMB468_DMSO7d,3,4.80818430779382,4.78181176437315,4.89159441834491,4.75543922095249,4.97500452889599
ENSG00000166796,MDAMB468_DMSO7d,3,0.0401415569181255,-0.210072401243112,0.119590196373155,-0.460286359404349,0.199038835828185
ENSG00000166800,MDAMB468_DMSO7d,3,-0.675157326724988,-0.804090685237795,-0.617777955531165,-0.933024043750602,-0.560398584337341
ENSG00000166816,MDAMB468_DMSO7d,3,0.516928850221099,0.286641370745986,0.592962220025943,0.0563538912708734,0.668995589830787
ENSG00000167588,MDAMB468_DMSO7d,3,0.899012128266288,0.79045330660279,0.945009904324041,0.681894484939292,0.991007680381795
ENSG00000167701,MDAMB468_DMSO7d,3,-0.0876209934641591,-0.208880758231881,0.065564215997139,-0.330140522999602,0.218749425458437
ENSG00000167985,MDAMB468_DMSO7d,3,5.67996375815727,5.58985457057739,5.72023475397643,5.4997453829975,5.76050574979559
ENSG00000168291,MDAMB468_DMSO7d,3,5.69995715060307,5.686862957662,5.7053706783591,5.67376876472094,5.71078420611513
ENSG00000170525,MDAMB468_DMSO7d,3,4.15195090317456,3.91848056285194,4.27493013885818,3.68501022252931,4.39790937454179
ENSG00000170571,MDAMB468_DMSO7d,3,-0.784905951956637,-0.85896499785362,-0.732159413271055,-0.933024043750602,-0.679412874585473
ENSG00000170950,MDAMB468_DMSO7d,3,-0.93657227862486,-0.942886446776412,-0.934798161187731,-0.949200614927964,-0.933024043750602
ENSG00000171314,MDAMB468_DMSO7d,3,7.51660492519252,7.51010048242477,7.52469290760792,7.50359603965702,7.53278089002331
ENSG00000171989,MDAMB468_DMSO7d,3,-0.933024043750602,-0.934798161187731,-0.757928333682012,-0.93657227862486,-0.582832623613422
ENSG00000172270,MDAMB468_DMSO7d,3,8.46584605373029,8.45098491864201,8.47185683176663,8.43612378355372,8.47786760980297
ENSG00000172331,MDAMB468_DMSO7d,3,6.03257492957376,5.99420781312707,6.0710039158421,5.95584069668038,6.10943290211043
ENSG00000172340,MDAMB468_DMSO7d,3,5.3240123808331,5.31175390640318,5.35395841165549,5.29949543197326,5.38390444247788
ENSG00000172840,MDAMB468_DMSO7d,3,2.70284630152317,2.70262759161697,2.75099766194862,2.70240888171076,2.79914902237406
ENSG00000173599,MDAMB468_DMSO7d,3,5.78178079629073,5.52852967785205,5.80972484366609,5.27527855941336,5.83766889104144
ENSG00000175567,MDAMB468_DMSO7d,3,8.07414423598997,7.91058716926315,8.14269591813036,7.74703010253632,8.21124760027075
ENSG00000180902,MDAMB468_DMSO7d,3,3.35619722897863,3.33167756905482,3.47705114307408,3.30715790913101,3.59790505716953
ENSG00000182054,MDAMB468_DMSO7d,3,7.28941854360263,7.28606382714502,7.34197983721914,7.2827091106874,7.39454113083564
ENSG00000183048,MDAMB468_DMSO7d,3,6.53015711599007,6.47985775703423,6.55855624836737,6.42955839807838,6.58695538074466
ENSG00000188316,MDAMB468_DMSO7d,3,2.58662200651473,2.58304884370248,2.73652717240159,2.57947568089023,2.88643233828845
ENSG00000197444,MDAMB468_DMSO7d,3,0.393189054446836,0.257752523034358,0.42098879767844,0.122315991621879,0.448788540910045
ENSG00000198814,MDAMB468_DMSO7d,3,1.95761839485131,1.92898152647071,2.1120441021654,1.9003446580901,2.26646980947949
ENSG00000204370,MDAMB468_DMSO7d,3,7.14589100082414,7.10569226860724,7.21948000541366,7.06549353639035,7.29306901000318
ENSG00000214756,MDAMB468_DMSO7d,3,2.35186730301414,2.16586404791419,2.39070029007322,1.97986079281423,2.4295332771323
ENSG00000226784,MDAMB468_DMSO7d,3,5.34923909432854,5.32558811239096,5.3712246983592,5.30193713045337,5.39321030238985
ENSG00000256870,MDAMB468_DMSO7d,3,-0.93657227862486,-0.942886446776412,-0.934798161187731,-0.949200614927964,-0.933024043750602
ENSG00000004799,PC3M_DMSO,3,1.10720546669171,1.02477222783816,1.14360627384681,0.942338988984607,1.18000708100191
ENSG00000004864,PC3M_DMSO,3,5.49147729294412,5.46628517871056,5.49259171060981,5.441093064477,5.49370612827549
ENSG00000005882,PC3M_DMSO,3,4.11483074477974,4.01670895070629,4.1182241682378,3.91858715663283,4.12161759169585
ENSG00000008405,PC3M_DMSO,3,4.62390286059988,4.62214126401364,4.65276538253755,4.6203796674274,4.68162790447522
ENSG00000014641,PC3M_DMSO,3,6.82427993640792,6.82291523365003,6.88825869857356,6.82155053089213,6.95223746073919
ENSG00000060762,PC3M_DMSO,3,5.07336068530642,5.0607821411693,5.11465171569609,5.04820359703217,5.15594274608576
ENSG00000062485,PC3M_DMSO,3,8.02505961777028,7.94935263265753,8.0272641975727,7.87364564754478,8.02946877737512
ENSG00000063854,PC3M_DMSO,3,4.09786102350976,4.05601518255605,4.09933888189558,4.01416934160233,4.1008167402814
ENSG00000067057,PC3M_DMSO,3,6.02080823900065,5.997457426729,6.04293120272606,5.97410661445734,6.06505416645147
ENSG00000067225,PC3M_DMSO,3,9.9521699389788,9.93747654591232,9.95878355939307,9.92278315284584,9.96539717980734
ENSG00000067829,PC3M_DMSO,3,6.6440419651204,6.60505008330525,6.64671694291634,6.5660582014901,6.64939192071228
ENSG00000067992,PC3M_DMSO,3,3.56260095619707,3.5007049360675,3.5699512661014,3.43880891593792,3.57730157600572
ENSG00000068976,PC3M_DMSO,3,-0.952542258299573,-0.954457752552758,-0.95204179002675,-0.956373246805942,-0.951541321753927
ENSG00000073578,PC3M_DMSO,3,6.6762999182525,6.65814046492825,6.68434543313224,6.639981011604,6.69239094801197
ENSG00000074800,PC3M_DMSO,3,11.5392140179522,11.5392140179522,11.5392140179522,11.5392140179522,11.5392140179522
ENSG00000076555,PC3M_DMSO,3,2.03457240298961,2.00914521995389,2.10315571101514,1.98371803691816,2.17173901904066
ENSG00000079739,PC3M_DMSO,3,6.51653389712861,6.51457150258831,6.51932358123981,6.512609108048,6.52211326535101
ENSG00000087299,PC3M_DMSO,3,4.58077567037308,4.53008055698968,4.62647382472821,4.47938544360628,4.67217197908334
ENSG00000090861,PC3M_DMSO,3,6.44076403561726,6.43286818783435,6.46031765057771,6.42497234005143,6.47987126553816
ENSG00000091140,PC3M_DMSO,3,5.97819822442153,5.94891395086113,5.99950323171109,5.91962967730072,6.02080823900065
ENSG00000091483,PC3M_DMSO,3,6.46683179660117,6.45570165997578,6.4866147959625,6.44457152335039,6.50639779532382
ENSG00000100156,PC3M_DMSO,3,-0.462282581432808,-0.565339377959424,-0.431765057619054,-0.668396174486039,-0.4012475338053
ENSG00000100412,PC3M_DMSO,3,5.59368390949276,5.58781954478195,5.59404425633737,5.58195518007113,5.59440460318197
ENSG00000100504,PC3M_DMSO,3,7.90045659866498,7.87363415295935,7.9056860528484,7.84681170725371,7.91091550703182
ENSG00000100889,PC3M_DMSO,3,3.77394175205928,3.74694852909189,3.79054638298384,3.7199553061245,3.80715101390839
ENSG00000100994,PC3M_DMSO,3,8.54769759491535,8.53808789390217,8.56200581068054,8.52847819288899,8.57631402644573
ENSG00000101365,PC3M_DMSO,3,7.11068331704539,7.10104632143336,7.13056691732718,7.09140932582132,7.15045051760897
ENSG00000102144,PC3M_DMSO,3,9.62970618487976,9.58890084143461,9.69081061560633,9.54809549798946,9.7519150463329
ENSG00000104635,PC3M_DMSO,3,6.47650810308447,6.39305992482567,6.48725546752409,6.30961174656686,6.4980028319637
ENSG00000105220,PC3M_DMSO,3,7.43663067811156,7.42023720920957,7.44715230996907,7.40384374030759,7.45767394182657
ENSG00000105679,PC3M_DMSO,3,2.45079785397087,2.36234357461348,2.56136471723608,2.27388929525608,2.67193158050128
ENSG00000105953,PC3M_DMSO,3,6.55218743457683,6.54988733711622,6.56660913820485,6.5475872396556,6.58103084183286
ENSG00000106633,PC3M_DMSO,3,-0.952542258299573,-0.954457752552758,-0.95204179002675,-0.956373246805942,-0.951541321753927
ENSG00000108515,PC3M_DMSO,3,1.62036861289841,1.54218751911624,1.86274222252854,1.46400642533406,2.10511583215868
ENSG00000108528,PC3M_DMSO,3,7.00310492420867,6.95547327643828,7.00475032524155,6.90784162866788,7.00639572627442
ENSG00000109107,PC3M_DMSO,3,2.63414629273947,2.54630544689516,2.64605931327005,2.45846460105086,2.65797233380063
ENSG00000109819,PC3M_DMSO,3,-0.531104295002024,-0.635352197977408,-0.382163772127414,-0.739600100952792,-0.233223249252803
ENSG00000111640,PC3M_DMSO,3,12.8535249923627,12.8535249923627,12.9363919225442,12.8535249923627,13.0192588527257
ENSG00000111669,PC3M_DMSO,3,10.3427347699331,10.3325808492789,10.3750081132392,10.3224269286247,10.4072814565452
ENSG00000111674,PC3M_DMSO,3,3.91237921068328,3.85471923637335,3.9610626367073,3.79705926206341,4.00974606273132
ENSG00000111716,PC3M_DMSO,3,9.89312365183103,9.87650850830234,9.91676058227689,9.85989336477366,9.94039751272275
ENSG00000112992,PC3M_DMSO,3,3.17224269693876,3.1397059222465,3.18993675614454,3.10716914755424,3.20763081535033
ENSG00000114021,PC3M_DMSO,3,4.22827264176695,4.21056841427986,4.24354209448403,4.19286418679277,4.25881154720111
ENSG00000114268,PC3M_DMSO,3,2.89191246583384,2.74414114572257,2.8928236864033,2.5963698256113,2.89373490697276
ENSG00000115159,PC3M_DMSO,3,5.31156237949533,5.24647649333791,5.33047192964608,5.18139060718048,5.34938147979682
ENSG00000116288,PC3M_DMSO,3,8.5925109761938,8.58763729332325,8.5976569184825,8.5827636104527,8.6028028607712
ENSG00000117118,PC3M_DMSO,3,7.52780440350009,7.52113230846905,7.5942160341958,7.51446021343801,7.66062766489151
ENSG00000118596,PC3M_DMSO,3,3.63051443113667,3.53495431426697,3.63066880464457,3.43939419739727,3.63082317815247
ENSG00000119689,PC3M_DMSO,3,6.7375477082247,6.72459603668359,6.76218297804972,6.71164436514247,6.78681824787474
ENSG00000120053,PC3M_DMSO,3,5.5440880729182,5.52011172396665,5.55853131245373,5.49613537501509,5.57297455198927
ENSG00000123836,PC3M_DMSO,3,2.09993712848098,2.04833144189247,2.13808542241061,1.99672575530397,2.17623371634024
ENSG00000124253,PC3M_DMSO,3,-0.952542258299573,-0.954457752552758,-0.95204179002675,-0.956373246805942,-0.951541321753927
ENSG00000124532,PC3M_DMSO,3,4.31658018414526,4.29752409065967,4.33313437488062,4.27846799717408,4.34968856561597
ENSG00000124608,PC3M_DMSO,3,4.1141009197434,4.06346814497339,4.12318890868704,4.01283537020338,4.13227689763068
ENSG00000124767,PC3M_DMSO,3,8.55376547480683,8.48658857623755,8.60831546232985,8.41941167766827,8.66286544985287
ENSG00000128272,PC3M_DMSO,3,8.15561461901605,8.13075305166041,8.16375687133683,8.10589148430476,8.17189912365761
ENSG00000130957,PC3M_DMSO,3,0.85887832143364,0.813242020059912,0.883050579621318,0.767605718686184,0.907222837808996
ENSG00000131069,PC3M_DMSO,3,5.22825416810696,5.13787101001899,5.2309113341473,5.04748785193102,5.23356850018763
ENSG00000131482,PC3M_DMSO,3,-0.952542258299573,-0.954457752552758,-0.95204179002675,-0.956373246805942,-0.951541321753927
ENSG00000131828,PC3M_DMSO,3,6.31551601929565,6.2884904613798,6.31667613991535,6.26146490346395,6.31783626053505
ENSG00000132326,PC3M_DMSO,3,2.74856424811251,2.72886436787607,2.80860861540858,2.70916448763963,2.86865298270465
ENSG00000134056,PC3M_DMSO,3,4.56511065769576,4.51742707266021,4.63715166295669,4.46974348762466,4.70919266821762
ENSG00000134333,PC3M_DMSO,3,10.5673019110175,10.5036980123931,10.5811520141315,10.4400941137687,10.5950021172454
ENSG00000135094,PC3M_DMSO,3,-0.248898614834254,-0.270002554756153,-0.105567614740041,-0.291106494678052,0.0377633853541718
ENSG00000136143,PC3M_DMSO,3,4.6306746915627,4.58952950313772,4.65173118754734,4.54838431471273,4.67278768353198
ENSG00000136872,PC3M_DMSO,3,-0.952542258299573,-0.954457752552758,-0.95204179002675,-0.956373246805942,-0.951541321753927
ENSG00000137700,PC3M_DMSO,3,3.78657313808059,3.72073222187792,3.80040462195338,3.65489130567525,3.81423610582616
ENSG00000138030,PC3M_DMSO,3,2.88675154747279,2.84459336540932,2.91159833697408,2.80243518334584,2.93644512647536
ENSG00000138207,PC3M_DMSO,3,4.27038084494352,4.23895228853574,4.28727223691122,4.20752373212796,4.30416362887892
ENSG00000138400,PC3M_DMSO,3,1.14334229552107,0.925693154947474,1.26876082437685,0.708044014373878,1.39417935323262
ENSG00000138413,PC3M_DMSO,3,4.94046418515007,4.901464394072,4.98508083260224,4.86246460299393,5.02969748005441
ENSG00000141349,PC3M_DMSO,3,5.75080448969502,5.742053675341,5.79071928639285,5.73330286098698,5.83063408309067
ENSG00000141526,PC3M_DMSO,3,6.83148511922535,6.80542142530971,6.84462276017518,6.77935773139407,6.85776040112501
ENSG00000141959,PC3M_DMSO,3,5.6860481197686,5.61344739611011,5.6909866092268,5.54084667245163,5.69592509868499
ENSG00000143158,PC3M_DMSO,3,5.77986114383613,5.71561286829405,5.80923079245431,5.65136459275196,5.83860044107248
ENSG00000143252,PC3M_DMSO,3,7.45004734783434,7.4399761649629,7.45599750492782,7.42990498209146,7.46194766202129
ENSG00000143627,PC3M_DMSO,3,-0.394410319325299,-0.44126891419534,-0.220902907235312,-0.488127509065381,-0.0473954951453243
ENSG00000146701,PC3M_DMSO,3,8.08612120509252,8.04298223368115,8.08612120509252,7.99984326226978,8.08612120509252
ENSG00000148942,PC3M_DMSO,3,-0.952542258299573,-0.954457752552758,-0.95204179002675,-0.956373246805942,-0.951541321753927
ENSG00000149476,PC3M_DMSO,3,4.53843769510284,4.5214510444315,4.58663355368963,4.50446439376016,4.63482941227641
ENSG00000149925,PC3M_DMSO,3,10.0286144753553,10.0115614483813,10.0286144753553,9.9945084214072,10.0286144753553
ENSG00000150768,PC3M_DMSO,3,5.44278908574104,5.40035907055103,5.46713318934258,5.35792905536101,5.49147729294412
ENSG00000152254,PC3M_DMSO,3,-0.952542258299573,-0.954457752552758,-0.83438921350917,-0.956373246805942,-0.716236168718766
ENSG00000152256,PC3M_DMSO,3,3.13650690867577,3.09889108352964,3.24334072051128,3.06127525838351,3.35017453234679
ENSG00000152556,PC3M_DMSO,3,5.69114532448153,5.6742591843012,5.6945771060897,5.65737304412086,5.69800888769786
ENSG00000154079,PC3M_DMSO,3,4.379561324487,4.32341961462934,4.43353111055319,4.26727790477168,4.48750089661938
ENSG00000155380,PC3M_DMSO,3,7.48998779832853,7.45463118119327,7.51137314905423,7.419274564058,7.53275849977993
ENSG00000156510,PC3M_DMSO,3,1.05238970065925,0.949059806720117,1.06420623750827,0.845729912780985,1.07602277435728
ENSG00000156515,PC3M_DMSO,3,7.40182360290972,7.37492196694082,7.40182360290972,7.34802033097192,7.40182360290972
ENSG00000158571,PC3M_DMSO,3,0.797462682851307,0.607657159171045,1.1109686607502,0.417851635490782,1.42447463864909
ENSG00000159322,PC3M_DMSO,3,4.28649703837443,4.27943823439623,4.28988706033213,4.27237943041802,4.29327708228983
ENSG00000159399,PC3M_DMSO,3,6.90576169004492,6.86603820201945,6.90918525754961,6.82631471399398,6.91260882505431
ENSG00000160741,PC3M_DMSO,3,4.90410612117584,4.85986693288787,4.91983473891858,4.8156277445999,4.93556335666132
ENSG00000160883,PC3M_DMSO,3,-0.951541321753927,-0.953957284279934,-0.840700723585148,-0.956373246805942,-0.72986012541637
ENSG00000162688,PC3M_DMSO,3,4.31904405860632,4.24884482115421,4.36767230718456,4.1786455837021,4.41630055576279
ENSG00000163541,PC3M_DMSO,3,5.97268724510762,5.95327105527556,5.97268724510762,5.9338548654435,5.97268724510762
ENSG00000164951,PC3M_DMSO,3,3.88387851670138,3.87030523555164,3.89688428602866,3.8567319544019,3.90989005535593
ENSG00000165140,PC3M_DMSO,3,-0.396552215877465,-0.674547237088519,-0.353504676451019,-0.952542258299573,-0.310457137024573
ENSG00000166123,PC3M_DMSO,3,5.3699558516005,5.30462968792381,5.37522899008955,5.23930352424711,5.3805021285786
ENSG00000166411,PC3M_DMSO,3,4.51740693055944,4.50591667650458,4.54771128526231,4.49442642244972,4.57801563996517
ENSG00000166796,PC3M_DMSO,3,-0.427839822418932,-0.540023082561148,-0.397864041577594,-0.652206342703363,-0.367888260736255
ENSG00000166800,PC3M_DMSO,3,-0.317240865734404,-0.360036128584177,0.02188763869071,-0.40283139143395,0.361016143115824
ENSG00000166816,PC3M_DMSO,3,0.68396087052164,0.588536031450994,0.735024425275192,0.493111192380348,0.786087980028744
ENSG00000167588,PC3M_DMSO,3,-0.601658431794562,-0.622517087127157,-0.426674867532781,-0.643375742459752,-0.251691303271
ENSG00000167701,PC3M_DMSO,3,0.262875609622653,0.10571946618767,0.30837512654723,-0.0514366772473126,0.353874643471806
ENSG00000167985,PC3M_DMSO,3,6.16406568989798,6.15927441844056,6.16987150018748,6.15448314698313,6.17567731047698
ENSG00000168291,PC3M_DMSO,3,5.70026917451182,5.69128959468424,5.75928796534114,5.68231001485666,5.81830675617046
ENSG00000170525,PC3M_DMSO,3,5.41255540516961,5.34859972602215,5.42011504609723,5.2846440468747,5.42767468702484
ENSG00000170571,PC3M_DMSO,3,5.17663560956091,5.12006265130641,5.19519147304319,5.06348969305191,5.21374733652546
ENSG00000170950,PC3M_DMSO,3,-0.952542258299573,-0.954457752552758,-0.95204179002675,-0.956373246805942,-0.951541321753927
ENSG00000171314,PC3M_DMSO,3,9.77562058866217,9.74016935550389,9.79899253096267,9.70471812234562,9.82236447326317
ENSG00000171989,PC3M_DMSO,3,-0.627766122589249,-0.789653722171588,-0.564053269785979,-0.951541321753927,-0.500340416982708
ENSG00000172270,PC3M_DMSO,3,8.6388126002204,8.63167082776457,8.66225793666414,8.62452905530873,8.68570327310787
ENSG00000172331,PC3M_DMSO,3,4.43700110270603,4.42232302597581,4.47817059623371,4.40764494924559,4.51934008976139
ENSG00000172340,PC3M_DMSO,3,5.68760120475013,5.64229081723003,5.69365867714263,5.59698042970992,5.69971614953513
ENSG00000172840,PC3M_DMSO,3,3.2164080281993,3.21086762629356,3.23577105515274,3.20532722438782,3.25513408210617
ENSG00000173599,PC3M_DMSO,3,4.56666891942835,4.55179430267325,4.61336592463159,4.53691968591814,4.66006292983483
ENSG00000175567,PC3M_DMSO,3,3.07155265892958,3.03608823179022,3.10501667392458,3.00062380465085,3.13848068891958
ENSG00000180902,PC3M_DMSO,3,4.79261587398483,4.71793334964936,4.8122565814183,4.64325082531388,4.83189728885177
ENSG00000182054,PC3M_DMSO,3,4.58683880103608,4.48866356235907,4.62696070720231,4.39048832368206,4.66708261336854
ENSG00000183048,PC3M_DMSO,3,7.43830665144524,7.42055007876836,7.49386049798295,7.40279350609148,7.54941434452065
ENSG00000188316,PC3M_DMSO,3,2.84917237032014,2.84798692005346,2.94714101839348,2.84680146978677,3.04510966646682
ENSG00000197444,PC3M_DMSO,3,-0.810218783387762,-0.880880052570845,-0.761248751797654,-0.951541321753927,-0.712278720207546
ENSG00000198814,PC3M_DMSO,3,4.12685550603799,4.09866877648609,4.15497848634192,4.07048204693418,4.18310146664584
ENSG00000204370,PC3M_DMSO,3,7.21935816155702,7.16502073930121,7.24226031331431,7.11068331704539,7.2651624650716
ENSG00000214756,PC3M_DMSO,3,1.66322880969903,1.65331548363665,1.8213902123432,1.64340215757426,1.97955161498738
ENSG00000226784,PC3M_DMSO,3,3.37542033615655,3.33471911547391,3.49891513031217,3.29401789479126,3.6224099244678
ENSG00000256870,PC3M_DMSO,3,-0.952542258299573,-0.954457752552758,-0.95204179002675,-0.956373246805942,-0.951541321753927
ENSG00000004799,RKO_DMSO,3,0.356472571656564,0.28343773065672,0.519831787607509,0.210402889656876,0.683191003558454
ENSG00000004864,RKO_DMSO,3,5.84767142569584,5.8336872325945,5.87207463005979,5.81970303949315,5.89647783442373
ENSG00000005882,RKO_DMSO,3,3.50942685382332,3.41744106243322,3.5261681652874,3.32545527104311,3.54290947675147
ENSG00000008405,RKO_DMSO,3,5.25102295693126,5.20191473697909,5.30141292120917,5.15280651702692,5.35180288548707
ENSG00000014641,RKO_DMSO,3,6.57828509596514,6.4866918295873,6.65037370828296,6.39509856320946,6.72246232060078
ENSG00000060762,RKO_DMSO,3,4.46084233749364,4.40670502518656,4.47158006315598,4.35256771287949,4.48231778881832
ENSG00000062485,RKO_DMSO,3,7.4920576043173,7.47157828775701,7.58424435377152,7.45109897119671,7.67643110322573
ENSG00000063854,RKO_DMSO,3,3.99156051683463,3.89158510619082,4.10102488168061,3.791609695547,4.21048924652659
ENSG00000067057,RKO_DMSO,3,6.34932919482192,6.32080194295305,6.41399856694859,6.29227469108418,6.47866793907526
ENSG00000067225,RKO_DMSO,3,10.1540844783283,10.1332078680971,10.1857845901189,10.1123312578659,10.2174847019095
ENSG00000067829,RKO_DMSO,3,5.65786687854174,5.62545490927569,5.65950267062452,5.59304294000964,5.66113846270729
ENSG00000067992,RKO_DMSO,3,2.26849452657849,2.26800366516315,2.42581685347377,2.2675128037478,2.58313918036905
ENSG00000068976,RKO_DMSO,3,-0.885201271458289,-0.886855660930608,-0.587886544440258,-0.888510050402926,-0.290571817422226
ENSG00000073578,RKO_DMSO,3,6.1294474542036,6.09673141456729,6.20878296220304,6.06401537493098,6.28811847020247
ENSG00000074800,RKO_DMSO,3,10.8533906620471,10.8533906620471,10.8669507940266,10.8533906620471,10.8805109260061
ENSG00000076555,RKO_DMSO,3,1.81826058023066,1.81112679282337,1.87214449052405,1.80399300541608,1.92602840081744
ENSG00000079739,RKO_DMSO,3,5.0767061043822,5.01707777731544,5.16019031802348,4.95744945024867,5.24367453166475
ENSG00000087299,RKO_DMSO,3,4.42343643219957,4.37689874537321,4.42592687548532,4.33036105854684,4.42841731877106
ENSG00000090861,RKO_DMSO,3,6.42264235846928,6.39793493743595,6.50710513240742,6.37322751640262,6.59156790634555
ENSG00000091140,RKO_DMSO,3,7.14892044888187,7.04356769289219,7.25221459702927,6.9382149369025,7.35550874517667
ENSG00000091483,RKO_DMSO,3,5.42585618494099,5.39752618884408,5.55522171255621,5.36919619274718,5.68458724017144
ENSG00000100156,RKO_DMSO,3,-0.288238252319701,-0.293108569070112,0.122914503792629,-0.297978885820523,0.53406725990496
ENSG00000100412,RKO_DMSO,3,4.62102628693155,4.61712681697962,4.7609024644234,4.61322734702769,4.90077864191524
ENSG00000100504,RKO_DMSO,3,6.49350145724295,6.4628292238932,6.50905511961641,6.43215699054344,6.52460878198986
ENSG00000100889,RKO_DMSO,3,5.12453211086654,5.10061910762437,5.20023997720921,5.0767061043822,5.27594784355187
ENSG00000100994,RKO_DMSO,3,7.01428541275074,6.94722179862998,7.04473601201198,6.88015818450921,7.07518661127322
ENSG00000101365,RKO_DMSO,3,6.95288867072055,6.92241364621989,6.96422685557065,6.89193862171923,6.97556504042076
ENSG00000102144,RKO_DMSO,3,8.87160361085176,8.82697195217139,8.90197150131822,8.78234029349101,8.93233939178468
ENSG00000104635,RKO_DMSO,3,6.73316206855752,6.72192764223217,6.77538752524155,6.71069321590682,6.81761298192558
ENSG00000105220,RKO_DMSO,3,7.67643110322573,7.67394302645646,7.71942113251978,7.67145494968719,7.76241116181382
ENSG00000105679,RKO_DMSO,3,-0.18141715413962,-0.533416148376036,-0.171970116905005,-0.885415142612452,-0.162523079670389
ENSG00000105953,RKO_DMSO,3,5.79814788252977,5.74232896603362,5.87460257558934,5.68651004953746,5.95105726864891
ENSG00000106633,RKO_DMSO,3,-0.885415142612452,-0.886962596507689,-0.885308207035371,-0.888510050402926,-0.885201271458289
ENSG00000108515,RKO_DMSO,3,2.28779785570218,2.19046805159987,2.34288250601382,2.09313824749756,2.39796715632546
ENSG00000108528,RKO_DMSO,3,6.74400501998512,6.64895905749422,6.75971814674971,6.55391309500332,6.7754312735143
ENSG00000109107,RKO_DMSO,3,5.11098077294113,5.02361162404369,5.127369489559,4.93624247514624,5.14375820617686
ENSG00000109819,RKO_DMSO,3,-0.885201271458289,-0.886855660930608,-0.720220227781881,-0.888510050402926,-0.555239184105473
ENSG00000111640,RKO_DMSO,3,11.7878535137889,11.7878535137889,11.8505685874024,11.7878535137889,11.9132836610159
ENSG00000111669,RKO_DMSO,3,10.070883731989,10.05213213334,10.075857839502,10.0333805346911,10.080831947015
ENSG00000111674,RKO_DMSO,3,6.92559842636642,6.918666553756,6.92792576571884,6.91173468114558,6.93025310507125
ENSG00000111716,RKO_DMSO,3,6.21216125710677,6.14376681837476,6.35326580192223,6.07537237964275,6.49437034673769
ENSG00000112992,RKO_DMSO,3,-0.885415142612452,-0.886962596507689,-0.885308207035371,-0.888510050402926,-0.885201271458289
ENSG00000114021,RKO_DMSO,3,3.81077882766964,3.80336719142941,3.91076918631029,3.79595555518917,4.01075954495094
ENSG00000114268,RKO_DMSO,3,3.4278767626977,3.41888435444043,3.46242362580236,3.40989194618316,3.49697048890701
ENSG00000115159,RKO_DMSO,3,5.67458455539247,5.56702939421435,5.6887894984969,5.45947423303622,5.70299444160132
ENSG00000116288,RKO_DMSO,3,8.53532824560125,8.50343113608136,8.54271068886765,8.47153402656146,8.55009313213406
ENSG00000117118,RKO_DMSO,3,6.81393149254979,6.77896825626745,6.90385328889787,6.74400501998512,6.99377508524596
ENSG00000118596,RKO_DMSO,3,1.6859865667944,1.66717116709227,1.75792496138226,1.64835576739014,1.82986335597012
ENSG00000119689,RKO_DMSO,3,6.82836528761654,6.8275943058147,6.87782008415043,6.82682332401285,6.92727488068432
ENSG00000120053,RKO_DMSO,3,5.64427709375033,5.59842062137644,5.65576159905137,5.55256414900255,5.66724610435241
ENSG00000123836,RKO_DMSO,3,2.99108137418362,2.98834550331654,3.06089241043125,2.98560963244945,3.13070344667887
ENSG00000124253,RKO_DMSO,3,-0.885415142612452,-0.886962596507689,-0.885308207035371,-0.888510050402926,-0.885201271458289
ENSG00000124532,RKO_DMSO,3,5.8263012638686,5.75060490103735,5.8793707294545,5.6749085382061,5.93244019504039
ENSG00000124608,RKO_DMSO,3,4.75438621932738,4.72364847569669,4.80727090385927,4.692910732066,4.86015558839116
ENSG00000124767,RKO_DMSO,3,8.49520498476048,8.33806280908448,8.54701505246964,8.18092063340848,8.59882512017879
ENSG00000128272,RKO_DMSO,3,8.36607550087245,8.35535474674753,8.38796530247162,8.34463399262261,8.4098551040708
ENSG00000130957,RKO_DMSO,3,-0.885415142612452,-0.886962596507689,-0.885308207035371,-0.888510050402926,-0.885201271458289
ENSG00000131069,RKO_DMSO,3,4.6678107533458,4.64321002596958,4.67801185129129,4.61860929859335,4.68821294923678
ENSG00000131482,RKO_DMSO,3,-0.885415142612452,-0.886962596507689,-0.885308207035371,-0.888510050402926,-0.885201271458289
ENSG00000131828,RKO_DMSO,3,6.11589856614253,6.11495776184174,6.14200437385293,6.11401695754095,6.16811018156333
ENSG00000132326,RKO_DMSO,3,4.33940687238806,4.29263964153703,4.36023939428373,4.24587241068599,4.38107191617939
ENSG00000134056,RKO_DMSO,3,4.91088935993773,4.85253575012081,4.95470282317438,4.79418214030389,4.99851628641103
ENSG00000134333,RKO_DMSO,3,9.1529664685905,9.0885274111065,9.19392556161678,9.02408835362251,9.23488465464306
ENSG00000135094,RKO_DMSO,3,0.254175028893883,0.185202159088717,0.364728522810906,0.116229289283551,0.475282016727929
ENSG00000136143,RKO_DMSO,3,3.94589980896684,3.88563652552899,3.95322144007466,3.82537324209114,3.96054307118248
ENSG00000136872,RKO_DMSO,3,-0.112938957448806,-0.126620136383824,0.059392025476913,-0.140301315318841,0.231723008402632
ENSG00000137700,RKO_DMSO,3,3.95004899726917,3.91556485496472,4.05106582428973,3.88108071266026,4.15208265131028
ENSG00000138030,RKO_DMSO,3,4.46198030994049,4.29714132645355,4.47051846618326,4.13230234296661,4.47905662242604
ENSG00000138207,RKO_DMSO,3,-0.885415142612452,-0.886962596507689,-0.885308207035371,-0.888510050402926,-0.885201271458289
ENSG00000138400,RKO_DMSO,3,0.825815741729728,0.707385396213924,0.924586838248819,0.58895505069812,1.02335793476791
ENSG00000138413,RKO_DMSO,3,6.19843664973978,6.11733627838329,6.28368560937082,6.03623590702679,6.36893456900185
ENSG00000141349,RKO_DMSO,3,4.7470506450276,4.74651303495641,4.85586300924271,4.74597542488522,4.96467537345783
ENSG00000141526,RKO_DMSO,3,6.08211268196702,5.94357286658965,6.11490601436518,5.80503305121228,6.14769934676334
ENSG00000141959,RKO_DMSO,3,5.17284695336641,5.07581776509181,5.27570989075199,4.97878857681721,5.37857282813757
ENSG00000143158,RKO_DMSO,3,4.66179062346777,4.59687808740408,4.8461892252671,4.53196555134038,5.03058782706643
ENSG00000143252,RKO_DMSO,3,7.4245351090781,7.42382841157649,7.46153038170332,7.42312171407487,7.49852565432854
ENSG00000143627,RKO_DMSO,3,-0.885415142612452,-0.886962596507689,-0.885308207035371,-0.888510050402926,-0.885201271458289
ENSG00000146701,RKO_DMSO,3,8.00274657174165,7.95927154037179,8.01837571015184,7.91579650900193,8.03400484856202
ENSG00000148942,RKO_DMSO,3,-0.885415142612452,-0.886962596507689,-0.885308207035371,-0.888510050402926,-0.885201271458289
ENSG00000149476,RKO_DMSO,3,3.4692104748332,3.46752360188747,3.56425806366165,3.46583672894173,3.6593056524901
ENSG00000149925,RKO_DMSO,3,3.02476355583308,3.01807382622122,3.03612413359912,3.01138409660936,3.04748471136516
ENSG00000150768,RKO_DMSO,3,4.57476212244953,4.56638991877488,4.71138256031682,4.55801771510023,4.84800299818411
ENSG00000152254,RKO_DMSO,3,-0.885415142612452,-0.886962596507689,-0.885308207035371,-0.888510050402926,-0.885201271458289
ENSG00000152256,RKO_DMSO,3,3.45906765235525,3.30573439885548,3.50145956771806,3.1524011453557,3.54385148308086
ENSG00000152556,RKO_DMSO,3,6.82121076645057,6.80899620728037,6.87940759153749,6.79678164811017,6.9376044166244
ENSG00000154079,RKO_DMSO,3,2.29208315886269,2.06671118997174,2.43935410589007,1.84133922108079,2.58662505291745
ENSG00000155380,RKO_DMSO,3,6.9949346799679,6.90261956631942,7.04851149035642,6.81030445267093,7.10208830074494
ENSG00000156510,RKO_DMSO,3,-0.140301315318841,-0.512858228965647,-0.0449387730770624,-0.885415142612452,0.0504237691647162
ENSG00000156515,RKO_DMSO,3,6.97938048110449,6.90645542331855,6.99832676655853,6.83353036553261,7.01727305201257
ENSG00000158571,RKO_DMSO,3,0.44731246861772,0.392533192796706,0.463382740909416,0.337753916975691,0.479453013201112
ENSG00000159322,RKO_DMSO,3,5.07971926555455,5.04416608719392,5.08076847072944,5.00861290883328,5.08181767590433
ENSG00000159399,RKO_DMSO,3,7.29363810839475,7.25935645477936,7.30025596324011,7.22507480116397,7.30687381808547
ENSG00000160741,RKO_DMSO,3,4.8226559389617,4.80532555533534,4.83351804282103,4.78799517170898,4.84438014668036
ENSG00000160883,RKO_DMSO,3,-0.885415142612452,-0.886962596507689,-0.885308207035371,-0.888510050402926,-0.885201271458289
ENSG00000162688,RKO_DMSO,3,4.38755040173419,4.33343016364793,4.46516290273846,4.27930992556166,4.54277540374274
ENSG00000163541,RKO_DMSO,3,5.73658266212635,5.71004077019235,5.84435625031726,5.68349887825834,5.95212983850817
ENSG00000164951,RKO_DMSO,3,5.76694065119267,5.6889980389689,5.78201724681324,5.61105542674512,5.7970938424338
ENSG00000165140,RKO_DMSO,3,-0.885415142612452,-0.886962596507689,-0.885308207035371,-0.888510050402926,-0.885201271458289
ENSG00000166123,RKO_DMSO,3,5.67638610326559,5.67461955920671,5.75975032088213,5.67285301514782,5.84311453849867
ENSG00000166411,RKO_DMSO,3,4.78967457681835,4.75069048911112,4.79564962848164,4.71170640140388,4.80162468014493
ENSG00000166796,RKO_DMSO,3,-0.885201271458289,-0.885308207035371,-0.594945457897534,-0.885415142612452,-0.304689644336778
ENSG00000166800,RKO_DMSO,3,0.0959143656799993,-0.0205569835032834,0.291259641387972,-0.137028332686566,0.486604917095945
ENSG00000166816,RKO_DMSO,3,1.97749031377105,1.8452302438126,2.0543539764882,1.71297017385414,2.13121763920534
ENSG00000167588,RKO_DMSO,3,-0.24715054570581,-0.262477343516068,0.0420459845384945,-0.277804141326326,0.331242514782799
ENSG00000167701,RKO_DMSO,3,0.0126469494473097,-0.158306708487279,0.271990226844294,-0.329260366421867,0.531333504241279
ENSG00000167985,RKO_DMSO,3,4.93624247514624,4.9346146334233,4.96050861557798,4.93298679170035,4.98477475600971
ENSG00000168291,RKO_DMSO,3,5.55371687509347,5.53706251084521,5.5692074447673,5.52040814659695,5.58469801444112
ENSG00000170525,RKO_DMSO,3,6.06670312299191,6.02608615555024,6.10459422298752,5.98546918810857,6.14248532298313
ENSG00000170571,RKO_DMSO,3,3.77209167430999,3.63790666216103,3.78966951596715,3.50372165001206,3.8072473576243
ENSG00000170950,RKO_DMSO,3,-0.885415142612452,-0.886962596507689,-0.885308207035371,-0.888510050402926,-0.885201271458289
ENSG00000171314,RKO_DMSO,3,9.82779783461817,9.777091211872,9.83230822320561,9.72638458912584,9.83681861179305
ENSG00000171989,RKO_DMSO,3,-0.885415142612452,-0.886962596507689,-0.885308207035371,-0.888510050402926,-0.885201271458289
ENSG00000172270,RKO_DMSO,3,8.91228117628353,8.83565316190419,8.96577329353807,8.75902514752485,9.01926541079262
ENSG00000172331,RKO_DMSO,3,4.14263291173658,4.1340080080634,4.30098783394157,4.12538310439022,4.45934275614657
ENSG00000172340,RKO_DMSO,3,5.30998960038567,5.17701057947543,5.32799293690874,5.04403155856518,5.34599627343182
ENSG00000172840,RKO_DMSO,3,4.80822644369583,4.76387880683235,4.8200136999508,4.71953116996886,4.83180095620578
ENSG00000173599,RKO_DMSO,3,2.30750750437489,2.19615744780494,2.3127854693725,2.08480739123499,2.3180634343701
ENSG00000175567,RKO_DMSO,3,6.21998404584655,6.21121189294405,6.22723615070412,6.20243974004154,6.2344882555617
ENSG00000180902,RKO_DMSO,3,2.87012247544293,2.75296996655967,2.91382972014062,2.6358174576764,2.9575369648383
ENSG00000182054,RKO_DMSO,3,5.27788943352681,5.24541489478597,5.35984220541206,5.21294035604512,5.4417949772973
ENSG00000183048,RKO_DMSO,3,5.35716927749531,5.15833696322899,5.41869901673498,4.95950464896266,5.48022875597465
ENSG00000188316,RKO_DMSO,3,-0.206966671955207,-0.289041668368496,-0.117714941000697,-0.371116664781784,-0.0284632100461874
ENSG00000197444,RKO_DMSO,3,-0.885415142612452,-0.886962596507689,-0.885308207035371,-0.888510050402926,-0.885201271458289
ENSG00000198814,RKO_DMSO,3,3.50055773939939,3.46015195010826,3.54716870104025,3.41974616081713,3.59377966268111
ENSG00000204370,RKO_DMSO,3,5.45394958284383,5.43060652599112,5.64810057946658,5.4072634691384,5.84225157608933
ENSG00000214756,RKO_DMSO,3,2.00996561079737,2.00544009219254,2.10770004787093,2.00091457358772,2.20543448494448
ENSG00000226784,RKO_DMSO,3,1.00869318329031,0.951205676629498,1.25015805195675,0.893718169968686,1.49162292062318
ENSG00000256870,RKO_DMSO,3,-0.885415142612452,-0.886962596507689,-0.885308207035371,-0.888510050402926,-0.885201271458289
ENSG00000004799,TCGA_ESCA_ESCC,95,1.92320604096795,0.977301943394385,3.21444109989148,-0.0925250386325012,8.75195217435994
ENSG00000004864,TCGA_ESCA_ESCC,95,4.8020152289877,4.48064633643767,5.22134804401902,3.31153555191576,7.21371593417197
ENSG00000005882,TCGA_ESCA_ESCC,95,3.28919193486421,2.96588935210939,3.73340378263076,1.73218030857241,4.57521208881633
ENSG00000008405,TCGA_ESCA_ESCC,95,3.65098496860128,3.2754126729726,4.00595907041857,2.64587034424283,4.82760999167587
ENSG00000014641,TCGA_ESCA_ESCC,95,5.91815257995627,5.6773914838615,6.17644590015262,4.85834239752676,6.97045220889725
ENSG00000060762,TCGA_ESCA_ESCC,95,5.13745474636758,4.69586529187712,5.57512461615215,3.77652637114921,6.82707154426314
ENSG00000062485,TCGA_ESCA_ESCC,95,6.75617999831723,6.56398965714155,7.01003319882955,5.71146292325099,7.69675814997383
ENSG00000063854,TCGA_ESCA_ESCC,95,3.30029867309342,2.89078701572176,3.63293639407273,2.22536436283306,4.65774925146866
ENSG00000067057,TCGA_ESCA_ESCC,95,5.82200907321124,5.3944314582376,6.12711902535818,4.00091046181212,7.44973668855944
ENSG00000067225,TCGA_ESCA_ESCC,95,9.31892299603945,8.95777899605023,9.79959690160921,8.185735022429,10.7513775925373
ENSG00000067829,TCGA_ESCA_ESCC,95,6.04722113909877,5.81355469988202,6.3767458960054,5.02215643088285,7.61245149770358
ENSG00000067992,TCGA_ESCA_ESCC,95,2.79013244395323,2.40569362923574,3.32927445407223,0.148167953215144,6.09261207452202
ENSG00000068976,TCGA_ESCA_ESCC,95,-0.0657207859751376,-0.312418715827725,0.481213973553919,-0.86547403327688,5.65141038170823
ENSG00000073578,TCGA_ESCA_ESCC,95,2.08643316096423,1.78838008287661,2.56261162974715,0.723412714865002,3.88252697553882
ENSG00000074800,TCGA_ESCA_ESCC,95,9.62227144695426,9.13594578669239,9.95838561749844,7.90799102755046,10.9848522710694
ENSG00000076555,TCGA_ESCA_ESCC,95,1.51850849395165,1.08822526018077,2.05631233901882,-0.227591176661799,4.99759069410707
ENSG00000079739,TCGA_ESCA_ESCC,95,5.38788976094675,4.63426994347758,5.67878407568268,3.19008432803445,6.81044635771046
ENSG00000087299,TCGA_ESCA_ESCC,95,3.16661290910112,2.7846949310889,3.5379278563544,1.60827007453667,5.56084565600053
ENSG00000090861,TCGA_ESCA_ESCC,95,5.48972922090206,5.19911443998341,5.90844894489103,4.01160276478345,6.73276069634712
ENSG00000091140,TCGA_ESCA_ESCC,95,5.62229937534723,5.32586454262688,6.04315281278837,3.90175514797435,7.29150664668289
ENSG00000091483,TCGA_ESCA_ESCC,95,4.33469598227202,4.16667163826319,4.70173755639938,3.09158886687393,5.75115687949511
ENSG00000100156,TCGA_ESCA_ESCC,95,1.20234448722446,0.614953862754453,1.65607185749653,-0.490532815559695,4.30183488218927
ENSG00000100412,TCGA_ESCA_ESCC,95,4.61228164793876,4.25233146556062,4.94476020937485,3.37975702147033,5.80637046353901
ENSG00000100504,TCGA_ESCA_ESCC,95,5.9410451199894,5.19560632128443,6.8410830120429,1.49513905538672,8.16542531220131
ENSG00000100889,TCGA_ESCA_ESCC,95,4.18799837938031,3.8147857050491,4.61953318225067,2.5843484412038,6.59582609722124
ENSG00000100994,TCGA_ESCA_ESCC,95,7.35517324991547,6.73134875408402,8.09039061466008,5.17944147121859,10.3454075381475
ENSG00000101365,TCGA_ESCA_ESCC,95,6.20103879385409,5.8264800128392,6.58521029663671,4.70217778826183,7.29150664668289
ENSG00000102144,TCGA_ESCA_ESCC,95,7.95213762401335,7.53439067366898,8.45067581238505,6.62216826051187,9.81997889841278
ENSG00000104635,TCGA_ESCA_ESCC,95,5.15784126477238,4.55692139426368,5.74444399615538,3.046544423361,7.53838881810942
ENSG00000105220,TCGA_ESCA_ESCC,95,6.96068187643291,6.45260718827302,7.33976680994077,5.6622239234603,8.90595368924789
ENSG00000105679,TCGA_ESCA_ESCC,95,-0.867245758865678,-0.988275116237491,-0.728297215049925,-0.999397098179395,0.399904035391974
ENSG00000105953,TCGA_ESCA_ESCC,95,6.94049429845717,6.65052169963313,7.23926720877648,5.22752796821521,9.03537548835674
ENSG00000106633,TCGA_ESCA_ESCC,95,-0.695598812040234,-0.795792813850203,-0.449877545595863,-0.996605245713871,1.55912817168958
ENSG00000108515,TCGA_ESCA_ESCC,95,1.32915901362401,0.956428049705029,1.77925130998906,0.16761832883755,3.19249485789026
ENSG00000108528,TCGA_ESCA_ESCC,95,5.76579192512179,5.48295897309841,6.02894356102895,4.75186383026887,7.01542701636205
ENSG00000109107,TCGA_ESCA_ESCC,95,4.73527458602927,4.13706024882421,5.47020275111998,1.37498115124294,6.39430348767704
ENSG00000109819,TCGA_ESCA_ESCC,95,0.451039834288954,-0.210394051830542,1.50393524682186,-0.735384116391818,6.70881792887733
ENSG00000111640,TCGA_ESCA_ESCC,95,11.2663121754239,10.7827747434565,11.795394979977,9.69206876905695,12.8013113355783
ENSG00000111669,TCGA_ESCA_ESCC,95,9.22246059513311,8.99339358892848,9.6312114529373,8.22741653786529,10.6154487699143
ENSG00000111674,TCGA_ESCA_ESCC,95,4.63240951054493,3.86159005001117,5.454668335377,2.04628340825997,7.50310651293035
ENSG00000111716,TCGA_ESCA_ESCC,95,4.14572894292291,3.62367874044628,4.61915539443615,1.13748663020579,6.00826638947309
ENSG00000112992,TCGA_ESCA_ESCC,95,4.02697621690751,3.46527339141108,4.58653160033994,2.37436802421821,5.89676070885424
ENSG00000114021,TCGA_ESCA_ESCC,95,3.93667776025657,3.60179774961889,4.35370133848308,2.63588890741175,5.21407590581756
ENSG00000114268,TCGA_ESCA_ESCC,95,2.66468823612744,2.18469684118107,3.36515341128122,0.646917452144591,5.05269463314179
ENSG00000115159,TCGA_ESCA_ESCC,95,5.46877696644739,5.0684532549955,5.87062768760835,3.59743019928377,7.14743207108832
ENSG00000116288,TCGA_ESCA_ESCC,95,6.80655744226981,6.46224065943681,7.13384102073637,5.5162664704907,7.70719606615412
ENSG00000117118,TCGA_ESCA_ESCC,95,6.18221891965769,5.96520485479195,6.47082353440707,5.52321306286191,7.33539904763524
ENSG00000118596,TCGA_ESCA_ESCC,95,1.66728861385474,1.00594034913692,2.52769096525044,-0.416237623111424,4.77743757625711
ENSG00000119689,TCGA_ESCA_ESCC,95,5.8379559735756,5.55644115094728,6.14287190504005,4.79951682999898,7.02778377433387
ENSG00000120053,TCGA_ESCA_ESCC,95,5.94237484955336,5.72763903860875,6.38426613488142,4.57981853102527,7.59761873608728
ENSG00000123836,TCGA_ESCA_ESCC,95,3.03382817837996,2.56546207557783,3.57574164030457,1.33386311202968,4.54098753656482
ENSG00000124253,TCGA_ESCA_ESCC,95,-0.712867673102371,-0.884113627014518,-0.339847868891816,-0.99845066632012,3.8935580487888
ENSG00000124532,TCGA_ESCA_ESCC,95,4.02441890342602,3.83277058804607,4.32783711404946,3.00846490937806,7.31765883535976
ENSG00000124608,TCGA_ESCA_ESCC,95,3.8256060346899,3.48806175842343,4.09019902394625,2.09626158353442,6.46357010620584
ENSG00000124767,TCGA_ESCA_ESCC,95,7.75624182323982,7.48392222238829,8.05600966169211,6.46168172563494,8.78481128266924
ENSG00000128272,TCGA_ESCA_ESCC,95,8.00648628929263,7.78336036001963,8.24310940903906,6.48488760598844,8.9200417085019
ENSG00000130957,TCGA_ESCA_ESCC,95,-0.0879834801111913,-0.606276669044619,0.362482283176501,-0.996813507642187,2.40842941680469
ENSG00000131069,TCGA_ESCA_ESCC,95,4.70787536682795,4.25475346657895,5.09177370512931,3.22908305254092,6.11618335265768
ENSG00000131482,TCGA_ESCA_ESCC,95,-0.963590228203458,-0.991482231467814,-0.892652833759345,-0.997757836937064,0.100305573567998
ENSG00000131828,TCGA_ESCA_ESCC,95,5.11044526095895,4.71587231063437,5.43186755193269,3.80953984419199,7.00115433898123
ENSG00000132326,TCGA_ESCA_ESCC,95,4.47813614076269,3.72169299809006,4.80817287132916,2.22707914530324,6.37483878186647
ENSG00000134056,TCGA_ESCA_ESCC,95,4.73215172937536,4.39865490801707,5.12232911185074,3.34099462228024,5.91415668353784
ENSG00000134333,TCGA_ESCA_ESCC,95,9.09974966041819,8.72317689173955,9.67908554194719,7.46933106487235,10.6154487699143
ENSG00000135094,TCGA_ESCA_ESCC,95,2.51676564337944,1.89525469049457,3.26500885850498,-0.196884718238007,5.31799857756063
ENSG00000136143,TCGA_ESCA_ESCC,95,3.65363036897483,3.38142696402348,3.98880996915171,2.34192404724868,5.12461157951094
ENSG00000136872,TCGA_ESCA_ESCC,95,-0.635767709064359,-0.781096479953037,-0.48024396265628,-0.995606422997843,1.0769077589553
ENSG00000137700,TCGA_ESCA_ESCC,95,2.41054378606809,2.12358063775453,2.92113472737643,0.976573318756562,4.07350199407371
ENSG00000138030,TCGA_ESCA_ESCC,95,1.3041601994733,0.890938231099731,1.92633885176127,-0.371978331960742,3.53920716175119
ENSG00000138207,TCGA_ESCA_ESCC,95,0.161006361459775,-0.3760137168819,1.2972198356645,-0.980877161727687,7.48941520525789
ENSG00000138400,TCGA_ESCA_ESCC,95,-0.0111901881532265,-0.308156353097744,0.486026958970127,-0.856930098903622,3.16661290910112
ENSG00000138413,TCGA_ESCA_ESCC,95,5.86716016622198,5.37888290700096,6.5811580017385,4.45406128276241,8.18130953409045
ENSG00000141349,TCGA_ESCA_ESCC,95,3.97829416629867,3.54996682401049,4.47464602573648,1.27491969669593,5.59678495419501
ENSG00000141526,TCGA_ESCA_ESCC,95,4.21002195746107,3.73121302161457,4.75405169443488,1.79141801470447,6.51385876147334
ENSG00000141959,TCGA_ESCA_ESCC,95,6.08825281295946,5.75045960538001,6.28993390618311,4.77667326391254,7.20359517401439
ENSG00000143158,TCGA_ESCA_ESCC,95,4.74236890844858,4.36609304035109,5.15248165934217,3.28665921122464,6.61329986139104
ENSG00000143252,TCGA_ESCA_ESCC,95,6.24264509029497,5.94453584936866,6.47226383357848,5.14107009156432,7.8485626493316
ENSG00000143627,TCGA_ESCA_ESCC,95,-0.74600896605646,-0.902777769397419,-0.519472829831947,-0.996813507642187,5.33888839806617
ENSG00000146701,TCGA_ESCA_ESCC,95,7.65518704452162,7.34545640632679,7.99971553652289,6.18300074594765,8.83402154298699
ENSG00000148942,TCGA_ESCA_ESCC,95,1.24451777357294,0.453281691930565,1.81729376118972,-0.99358226984709,4.38662888281171
ENSG00000149476,TCGA_ESCA_ESCC,95,3.92459330573308,3.53887175663664,4.31548985619412,1.38335348943427,5.12545624048111
ENSG00000149925,TCGA_ESCA_ESCC,95,4.04489620110392,3.46049019494338,4.53782155847097,0.962405050114196,6.04221558016716
ENSG00000150768,TCGA_ESCA_ESCC,95,3.88516191390843,3.55379174848938,4.2423435572068,2.63792957227282,5.19976358130019
ENSG00000152254,TCGA_ESCA_ESCC,95,-0.994013511167534,-0.996171689718791,-0.982559633886508,-0.998820865878715,-0.327406872308139
ENSG00000152256,TCGA_ESCA_ESCC,95,3.13151108116788,2.61939206887883,3.63790462425648,1.43480975934451,6.11466813672677
ENSG00000152556,TCGA_ESCA_ESCC,95,4.52973138597023,4.0231164225452,4.81997708413195,2.13910285739481,5.74551529187395
ENSG00000154079,TCGA_ESCA_ESCC,95,3.58355331298187,3.20240630815352,3.92021426216683,2.14116024907348,5.39236668191094
ENSG00000155380,TCGA_ESCA_ESCC,95,5.95410563800965,5.36087642300503,6.56199663188812,3.65206672818058,7.49638171380696
ENSG00000156510,TCGA_ESCA_ESCC,95,-0.222988489192793,-0.712185776570624,0.785017696876971,-0.986979050301485,4.72121675985575
ENSG00000156515,TCGA_ESCA_ESCC,95,6.6865634000567,6.23970342995893,7.1220596868107,4.77504658103086,8.23182737940246
ENSG00000158571,TCGA_ESCA_ESCC,95,0.141455026166169,-0.151909209691231,0.418971214973639,-0.959463644687445,1.90874630424962
ENSG00000159322,TCGA_ESCA_ESCC,95,4.65003435636629,4.43285736593863,4.96706306275997,3.70805216347327,5.69073668002295
ENSG00000159399,TCGA_ESCA_ESCC,95,6.31298595816607,5.41193378581415,6.93536436326715,1.65510536974953,8.87705781783398
ENSG00000160741,TCGA_ESCA_ESCC,95,5.47879430441461,5.2559849196451,5.76613703670555,4.92390011840198,6.8515459709923
ENSG00000160883,TCGA_ESCA_ESCC,95,1.36314020186366,0.654976594177261,2.21299709966122,-0.514757753742877,4.03073834981148
ENSG00000162688,TCGA_ESCA_ESCC,95,4.37406244442791,3.95629137429658,4.88087103181238,2.90245775334861,6.39890621022747
ENSG00000163541,TCGA_ESCA_ESCC,95,5.2019992151146,4.98114549751955,5.5264165355227,4.14749589985532,6.56509723582828
ENSG00000164951,TCGA_ESCA_ESCC,95,5.06023433655124,4.58410312731848,5.55055668623236,2.61916453252649,7.63508511425449
ENSG00000165140,TCGA_ESCA_ESCC,95,2.42273160384874,1.53242308442692,3.44796580835058,0.313799296413687,7.21734838845918
ENSG00000166123,TCGA_ESCA_ESCC,95,4.40165945953832,3.75571091459028,5.17011000674249,2.24946618781706,6.72430007685987
ENSG00000166411,TCGA_ESCA_ESCC,95,3.5029413410575,3.11952810314262,3.97019188536897,1.98688985679107,4.87297971290572
ENSG00000166796,TCGA_ESCA_ESCC,95,-0.63811362178519,-0.819949632402025,-0.161511359990363,-0.996167480500936,2.02763967212076
ENSG00000166800,TCGA_ESCA_ESCC,95,-0.424487790834265,-0.589374938220882,-0.11562396281263,-0.981011834485505,1.01398780223926
ENSG00000166816,TCGA_ESCA_ESCC,95,2.12226678233888,1.22523661729309,3.23991991652053,-0.691056611342415,5.1735075938034
ENSG00000167588,TCGA_ESCA_ESCC,95,-0.317907249422934,-0.507421251880652,0.0159360542853826,-0.733689280803227,2.14730981954761
ENSG00000167701,TCGA_ESCA_ESCC,95,0.861618535417832,0.432468555983973,1.55200996925355,-0.379374842835629,2.68627016913247
ENSG00000167985,TCGA_ESCA_ESCC,95,4.19393930012766,3.87646143688125,4.5397911253824,3.43598925783684,5.75060434927314
ENSG00000168291,TCGA_ESCA_ESCC,95,3.7996991866637,3.52863683038128,4.16922445516502,2.92501832080214,4.76757425379373
ENSG00000170525,TCGA_ESCA_ESCC,95,5.2666179436879,4.99850090189107,5.73416828473009,3.31615791713078,7.4096053165873
ENSG00000170571,TCGA_ESCA_ESCC,95,3.42308227989406,2.4540597672907,4.51155800771021,0.963026725616261,7.24683804675623
ENSG00000170950,TCGA_ESCA_ESCC,95,-0.909601109478365,-0.99246986629864,-0.771404900863153,-0.99986823337111,-0.303164574751493
ENSG00000171314,TCGA_ESCA_ESCC,95,6.94206201750501,6.5313593066347,7.33955165238411,5.14282713860847,8.43488189025845
ENSG00000171989,TCGA_ESCA_ESCC,95,0.0955749033697282,-0.209257621607526,0.57714119843596,-0.937651972552998,2.90020421017602
ENSG00000172270,TCGA_ESCA_ESCC,95,8.53555615709928,8.18969156481962,8.88044673643384,7.1773563183146,10.4716629202806
ENSG00000172331,TCGA_ESCA_ESCC,95,5.27091577157331,4.63461196692657,5.76397180124399,3.48576153612584,8.24853090709651
ENSG00000172340,TCGA_ESCA_ESCC,95,4.84969937315222,4.56166211763792,5.15072112581035,3.13743100186444,6.02441077994642
ENSG00000172840,TCGA_ESCA_ESCC,95,2.86635604293857,2.48212716497708,3.1982881217528,1.47896207892482,4.30109228234041
ENSG00000173599,TCGA_ESCA_ESCC,95,4.80695869151014,4.11985846292358,5.48503073379979,2.23807910451623,7.17365091212622
ENSG00000175567,TCGA_ESCA_ESCC,95,5.51788606460167,4.90256125813518,6.44852279039467,3.11143852194372,9.37916744409987
ENSG00000180902,TCGA_ESCA_ESCC,95,3.41482862172149,3.06902219961032,3.88471194388165,2.27163639720321,4.61857019414065
ENSG00000182054,TCGA_ESCA_ESCC,95,6.78974582390312,6.4024843648741,7.31369260941055,5.62612387791263,9.17912454963713
ENSG00000183048,TCGA_ESCA_ESCC,95,3.18666670928661,2.74307708058223,3.80778211342571,1.27699203527857,5.54043169396767
ENSG00000188316,TCGA_ESCA_ESCC,95,-0.600013963054855,-0.740651562492542,-0.4741533126309,-0.996307937497243,0.810628920795403
ENSG00000197444,TCGA_ESCA_ESCC,95,0.863703195812371,-0.306035035473049,1.95511972661578,-0.898061099762437,4.74083229792329
ENSG00000198814,TCGA_ESCA_ESCC,95,2.51834818640011,1.89836725603428,2.96479412507458,0.367410980798588,4.91058731623493
ENSG00000204370,TCGA_ESCA_ESCC,95,6.00180604709626,5.6499106613706,6.44084832872097,4.60061315820074,8.21963511903049
ENSG00000214756,TCGA_ESCA_ESCC,95,1.63586290177705,1.27333955526875,1.95927910205069,-0.0797894832235772,3.04305483731943
ENSG00000226784,TCGA_ESCA_ESCC,95,0.6084142783921,0.226644621981822,1.04462607361394,-0.532976578371606,2.66425423010466
ENSG00000256870,TCGA_ESCA_ESCC,95,-0.912401205520312,-0.977278908889103,-0.722313893443264,-0.997757836937064,1.32255618418977
ENSG00000004799,TCGA_LIHC_normal,50,7.00216857519623,6.55101555102225,7.57709004542038,3.98491663000376,8.47643510147338
ENSG00000004864,TCGA_LIHC_normal,50,6.44851489601265,6.21534926280116,6.64601822999283,5.6442035507872,7.04286526330695
ENSG00000005882,TCGA_LIHC_normal,50,4.01462930014581,3.74378541615291,4.30531149226461,3.23473297314019,5.03420965939169
ENSG00000008405,TCGA_LIHC_normal,50,2.82136747812732,2.47556389053745,3.3371214564249,1.88993527172453,4.16127089401834
ENSG00000014641,TCGA_LIHC_normal,50,5.92703178381767,5.82294621185372,6.09633151098638,5.66275223886219,6.75595357021901
ENSG00000060762,TCGA_LIHC_normal,50,7.85594603189066,7.63257841682122,8.15866466203792,7.13139089223997,8.51135303428865
ENSG00000062485,TCGA_LIHC_normal,50,4.00044456140598,3.92137942401991,4.15451031868517,3.61112180569502,4.876925175551
ENSG00000063854,TCGA_LIHC_normal,50,6.41998210451753,6.08674093636335,6.60581925415539,5.54008585869136,7.01935615093722
ENSG00000067057,TCGA_LIHC_normal,50,0.878457540410956,0.522357975790769,1.23143533040995,0.0574323710048576,3.02689236181098
ENSG00000067225,TCGA_LIHC_normal,50,3.61209543772997,3.27608133195329,3.9576489166152,2.45881733234737,5.57104592103825
ENSG00000067829,TCGA_LIHC_normal,50,4.74276371616209,4.60899782580481,4.84736197710677,4.39956029012697,5.43323556175629
ENSG00000067992,TCGA_LIHC_normal,50,1.51009960224066,1.30495800986262,1.7772372547208,0.581948027040565,2.31404215754884
ENSG00000068976,TCGA_LIHC_normal,50,-0.244940599242692,-0.436192812353179,-0.100783164322187,-0.630788526326004,0.358413215515976
ENSG00000073578,TCGA_LIHC_normal,50,2.23254631447236,1.94769259940098,2.53575278173595,1.21137417516189,3.19226870488168
ENSG00000074800,TCGA_LIHC_normal,50,7.70786544378206,7.48245999554572,7.8305798591144,7.06285027731867,8.68399147172476
ENSG00000076555,TCGA_LIHC_normal,50,4.76538503707354,4.51475599292708,5.02936866643285,3.01819549003483,5.68396793980292
ENSG00000079739,TCGA_LIHC_normal,50,7.28495946222177,7.06031353858878,7.51477489234054,6.53416269536291,7.92649513904972
ENSG00000087299,TCGA_LIHC_normal,50,2.4845994747161,2.25333004129493,2.83406687856298,1.06892330292126,3.37302976308728
ENSG00000090861,TCGA_LIHC_normal,50,4.92908388376903,4.74583340775752,5.11622987613328,4.27111805249393,5.51042006079008
ENSG00000091140,TCGA_LIHC_normal,50,5.30630979491878,5.1508809750149,5.46690255894073,4.70716815690717,5.72766233029109
ENSG00000091483,TCGA_LIHC_normal,50,5.65237040666098,5.49451939073766,5.78516463866145,5.10021536684094,6.17179367472966
ENSG00000100156,TCGA_LIHC_normal,50,-0.584256268474042,-0.715690829952178,-0.360416424354113,-0.987045133953579,0.27375190714533
ENSG00000100412,TCGA_LIHC_normal,50,3.63818503044763,3.41202976800323,3.83943032495144,2.7995531746384,4.61851003172646
ENSG00000100504,TCGA_LIHC_normal,50,6.18124225990903,5.93964863549414,6.3422135843375,5.49405839755602,6.9599798496476
ENSG00000100889,TCGA_LIHC_normal,50,8.60330574289395,8.37237326087715,8.83135404278356,7.65229540541856,9.14063068880006
ENSG00000100994,TCGA_LIHC_normal,50,3.81011693683441,3.57263808479817,4.10065992633879,3.09768763660528,4.8470800175072
ENSG00000101365,TCGA_LIHC_normal,50,5.60384673365916,5.5230608607117,5.6935114760816,5.13334463855582,5.99262070853792
ENSG00000102144,TCGA_LIHC_normal,50,6.30623649521816,6.09457596691728,6.43715514299056,5.1097469869113,6.71861287891871
ENSG00000104635,TCGA_LIHC_normal,50,7.7776031014657,7.3889816292382,8.14086538011138,6.63218516855577,9.36088408313609
ENSG00000105220,TCGA_LIHC_normal,50,5.44652371544687,5.24405975839325,5.69155306938141,4.8105523168595,6.59229692315825
ENSG00000105679,TCGA_LIHC_normal,50,-0.979248373117765,-0.986481171543344,-0.971438953253109,-0.991133201864362,-0.474537054314943
ENSG00000105953,TCGA_LIHC_normal,50,5.42263054455967,5.23583691686905,5.6071895447604,4.67035434491237,6.40272671734374
ENSG00000106633,TCGA_LIHC_normal,50,0.516736391837645,-0.372712700361303,1.07622964929466,-0.83549310118915,3.77453034596992
ENSG00000108515,TCGA_LIHC_normal,50,5.44788143396377,4.14794111597276,6.14546357046138,2.54668410652085,7.1345668895272
ENSG00000108528,TCGA_LIHC_normal,50,5.89419371961356,5.74548490386456,6.00849315861291,5.44634392938706,6.54572352109696
ENSG00000109107,TCGA_LIHC_normal,50,5.25000342739206,4.86352437572173,5.70798326176856,3.8519091745627,6.83823444844901
ENSG00000109819,TCGA_LIHC_normal,50,4.06809301082221,3.56845654353059,5.03038327821919,2.60586436363353,5.92562110816436
ENSG00000111640,TCGA_LIHC_normal,50,8.85716886862427,8.61010362350648,9.10685947338927,7.83775173332174,9.45442400337592
ENSG00000111669,TCGA_LIHC_normal,50,7.80266506712053,7.67042873117654,7.92380073275138,7.39483751074692,8.47643510147338
ENSG00000111674,TCGA_LIHC_normal,50,1.16378788679934,0.996212340524857,1.39434153727678,0.400866178220158,2.14536727123051
ENSG00000111716,TCGA_LIHC_normal,50,0.624396205581753,0.421866417785564,0.824383103783794,-0.000606232294120934,1.94582242990587
ENSG00000112992,TCGA_LIHC_normal,50,5.30931275196076,4.99696984841786,5.59324034088648,4.30986642956732,5.98789937154289
ENSG00000114021,TCGA_LIHC_normal,50,4.84644678050852,4.60759832619419,4.94672968109292,3.93462575557567,5.27594184864086
ENSG00000114268,TCGA_LIHC_normal,50,0.104847854261667,-0.0852566200764763,0.257297530251763,-0.72987318200269,0.74019766223665
ENSG00000115159,TCGA_LIHC_normal,50,1.63341710229277,1.44819663146269,1.83663977348121,1.21818461768853,2.31169284963189
ENSG00000116288,TCGA_LIHC_normal,50,7.24781662090847,7.11090706011052,7.35647456129732,6.78255086332244,7.66387845042932
ENSG00000117118,TCGA_LIHC_normal,50,7.17958460703501,7.01122950337041,7.28668858861822,6.72435674631799,7.63619019288539
ENSG00000118596,TCGA_LIHC_normal,50,1.78387040724785,1.27768436119624,2.22016080838981,0.529706512765807,3.12104735994008
ENSG00000119689,TCGA_LIHC_normal,50,5.7037536076558,5.55932908461316,5.86286543675712,5.32221084468664,6.45844641361187
ENSG00000120053,TCGA_LIHC_normal,50,8.52048507717488,8.21410650877628,8.81193106374755,7.85206290170302,9.86869446904802
ENSG00000123836,TCGA_LIHC_normal,50,0.875595051813955,0.696257843566494,1.13617564792163,0.301931063898427,1.64361761054914
ENSG00000124253,TCGA_LIHC_normal,50,9.56325310738242,9.21430676988793,9.85863871379817,7.72559403487127,10.6598260791497
ENSG00000124532,TCGA_LIHC_normal,50,3.02219699244871,2.89746950821929,3.16143815590786,2.51864695841745,3.51278432894673
ENSG00000124608,TCGA_LIHC_normal,50,2.6448545119005,2.47086273727348,2.81468665416461,1.94864568344364,3.25142583265962
ENSG00000124767,TCGA_LIHC_normal,50,6.60333548994514,6.42869013001542,6.73094773391624,6.03413028522514,7.30373067408515
ENSG00000128272,TCGA_LIHC_normal,50,7.44662511408207,7.16417934493109,7.69785684606396,6.50220573087013,8.52370960189607
ENSG00000130957,TCGA_LIHC_normal,50,-0.82631669000764,-0.97688034994388,-0.631836216056685,-0.990361461546081,-0.321735977106702
ENSG00000131069,TCGA_LIHC_normal,50,5.3185089214878,5.00204275260735,5.7630757341507,4.48061774189593,7.89009645862116
ENSG00000131482,TCGA_LIHC_normal,50,8.6596676702777,7.84852360155764,9.21970682630286,4.91172307964662,9.88922787530094
ENSG00000131828,TCGA_LIHC_normal,50,5.09087964743331,4.92423144865301,5.22716047509978,4.52028539573088,5.50418754425863
ENSG00000132326,TCGA_LIHC_normal,50,2.83264490222461,2.4281692817266,3.24186369074057,1.42366577210877,4.25638010565532
ENSG00000134056,TCGA_LIHC_normal,50,5.06309353068714,4.86280496900026,5.22784169655709,4.67223025084564,5.5537180639993
ENSG00000134333,TCGA_LIHC_normal,50,7.83053212157684,7.53770373970875,8.10121601748208,7.0987235801376,8.90446092528928
ENSG00000135094,TCGA_LIHC_normal,50,8.80949350723778,7.73536937759234,9.25578024341289,4.41400600549812,10.9666085784804
ENSG00000136143,TCGA_LIHC_normal,50,2.62604682827945,2.4604982174021,2.74213644670784,1.93212701589043,2.93505714707531
ENSG00000136872,TCGA_LIHC_normal,50,11.8832399334057,11.4650843386856,12.1369991663245,10.4966265647299,12.5933382108602
ENSG00000137700,TCGA_LIHC_normal,50,5.76852255131221,5.53855034183551,6.03449659263684,4.78583814927675,6.35020906027383
ENSG00000138030,TCGA_LIHC_normal,50,7.05045726114852,6.85911226021415,7.33821126134124,6.02275206180202,7.82790694405082
ENSG00000138207,TCGA_LIHC_normal,50,13.0067205327858,12.8441189361757,13.1716478345287,12.1615006832973,13.4685234022926
ENSG00000138400,TCGA_LIHC_normal,50,-0.631374707543964,-0.677321205148687,-0.518946194508626,-0.982394950047559,-0.0440137832607038
ENSG00000138413,TCGA_LIHC_normal,50,7.29152264775886,7.0138977008444,7.46757433466225,6.17499169593459,8.13802837289005
ENSG00000141349,TCGA_LIHC_normal,50,2.28513234127322,2.0936776471433,2.4404985031608,1.81496722827488,3.04539000714841
ENSG00000141526,TCGA_LIHC_normal,50,0.792110973265617,0.515909841094338,1.29321201421695,0.15816651487114,1.89402442964094
ENSG00000141959,TCGA_LIHC_normal,50,5.32176613524083,5.0762837948686,5.53292845456305,4.45278926928525,6.06465568619211
ENSG00000143158,TCGA_LIHC_normal,50,6.75465726044516,6.65000628964692,6.87834929263869,6.22686411343283,7.2030338375243
ENSG00000143252,TCGA_LIHC_normal,50,6.59059474617588,6.38782983732178,6.73286698880217,5.77976579461138,7.04028791305287
ENSG00000143627,TCGA_LIHC_normal,50,6.40158772922498,5.83166309964728,7.05719672559152,4.16765060339798,7.87602529705225
ENSG00000146701,TCGA_LIHC_normal,50,7.00380064490115,6.9199432121903,7.17516828568737,6.71220870707325,7.6397850004278
ENSG00000148942,TCGA_LIHC_normal,50,-0.566203042483492,-0.762029190132243,0.00477954342731385,-0.935903129702621,2.86614669138661
ENSG00000149476,TCGA_LIHC_normal,50,6.26517717509614,5.4963457538477,6.46714015538041,3.40229139355758,7.3982946734798
ENSG00000149925,TCGA_LIHC_normal,50,0.204506976256589,-0.0186958256432899,0.503172641588682,-0.422660992179663,1.3330284124692
ENSG00000150768,TCGA_LIHC_normal,50,2.47515504889451,2.32356068724263,2.82853223780628,1.45311619802972,3.53772005283864
ENSG00000152254,TCGA_LIHC_normal,50,-0.955443916959495,-0.979365808496013,-0.8383752857878,-0.990950884860937,-0.476502757364608
ENSG00000152256,TCGA_LIHC_normal,50,1.28479493928696,0.940419539602341,1.48040389410805,0.6197227737579,1.94186999565347
ENSG00000152556,TCGA_LIHC_normal,50,1.85445532339139,1.68772961387188,1.96837417891855,1.49601748953258,2.40812190493
ENSG00000154079,TCGA_LIHC_normal,50,3.39549959127868,3.12295001503013,3.59877175095663,2.62780337455364,4.23783906321476
ENSG00000155380,TCGA_LIHC_normal,50,5.34627405897476,4.84323054342763,5.70351145371036,4.14512052428924,6.45375796548628
ENSG00000156510,TCGA_LIHC_normal,50,1.91024057810747,0.942009939585892,3.05860301921048,-0.109209273007897,5.0515324799989
ENSG00000156515,TCGA_LIHC_normal,50,2.5170621384841,2.2357602300191,2.70702298666704,1.40466307426126,3.34546006347671
ENSG00000158571,TCGA_LIHC_normal,50,4.81488436411734,4.55352480184328,4.94450852949118,3.73886199437536,5.39554208840419
ENSG00000159322,TCGA_LIHC_normal,50,3.140078538378,3.00456698984646,3.25249609647543,2.75985843796647,4.03787332311243
ENSG00000159399,TCGA_LIHC_normal,50,0.784025000025092,0.512023355954272,1.22283078514238,-0.474873087641796,2.58306728366135
ENSG00000160741,TCGA_LIHC_normal,50,4.33252796176093,4.15547018601969,4.45465575002689,3.8519091745627,4.73212683417757
ENSG00000160883,TCGA_LIHC_normal,50,2.59741088224527,2.0074997039361,2.92742259900846,0.640600135128975,3.84285982391423
ENSG00000162688,TCGA_LIHC_normal,50,4.60111376332,4.2597913067131,4.89348035490173,3.00566812871424,5.31957759764616
ENSG00000163541,TCGA_LIHC_normal,50,6.01304049348931,5.83564715037628,6.23146166597747,5.50304833237385,6.66160153290376
ENSG00000164951,TCGA_LIHC_normal,50,1.6162390772438,1.42392609222679,1.80827063131814,1.05213454190053,2.72050545489305
ENSG00000165140,TCGA_LIHC_normal,50,8.62423882006144,8.24027017983221,9.00888778165582,7.00762542335008,9.52237303725187
ENSG00000166123,TCGA_LIHC_normal,50,6.60153510316784,6.19483485279809,6.91612041039983,5.42380618703406,7.43872086719168
ENSG00000166411,TCGA_LIHC_normal,50,1.96054777394402,1.78328663775201,2.14911147041312,0.3797882026942,3.03305951904459
ENSG00000166796,TCGA_LIHC_normal,50,-0.429649104610887,-0.64773941670303,0.18367496592386,-0.979124435031975,2.86344100693215
ENSG00000166800,TCGA_LIHC_normal,50,-0.881145789179514,-0.974665041989948,-0.79062495296278,-0.989287045382439,-0.512579394254737
ENSG00000166816,TCGA_LIHC_normal,50,7.24771550448712,7.05306264317866,7.42765626230857,6.54968666069012,7.89459648165404
ENSG00000167588,TCGA_LIHC_normal,50,6.81388931462115,6.3692430518571,7.13202597934267,4.81898800172064,7.6600431095133
ENSG00000167701,TCGA_LIHC_normal,50,6.65858849605705,6.27269090896662,7.03246513061048,5.5000943648664,7.41772949606281
ENSG00000167985,TCGA_LIHC_normal,50,3.50640954228938,3.2577759936443,3.60225829661975,2.92683622937245,4.91313358382962
ENSG00000168291,TCGA_LIHC_normal,50,4.57638608372239,4.41311959016656,4.7634905312196,4.19154757610643,5.19043693024051
ENSG00000170525,TCGA_LIHC_normal,50,3.70486162534553,3.20467214887216,4.69543179331237,1.6316287882368,6.32376571515198
ENSG00000170571,TCGA_LIHC_normal,50,1.33694820850463,0.956481099696945,1.69773029229605,0.245846764201114,3.65494967918387
ENSG00000170950,TCGA_LIHC_normal,50,-0.982428624475656,-0.986933668064452,-0.976780346824051,-0.991133201864362,-0.778546056112205
ENSG00000171314,TCGA_LIHC_normal,50,4.57434868188431,4.44385907792954,4.79946856650069,3.44485103364074,5.52588390144655
ENSG00000171989,TCGA_LIHC_normal,50,-0.752416943457362,-0.807575019200194,-0.644174617580307,-0.987484087747911,-0.133353111503681
ENSG00000172270,TCGA_LIHC_normal,50,6.54112807295103,6.33548475336175,6.82360565059939,5.91419283722757,7.41772949606281
ENSG00000172331,TCGA_LIHC_normal,50,3.07921980227512,2.91392393911791,3.18593520912435,2.60394904631297,3.60901796163631
ENSG00000172340,TCGA_LIHC_normal,50,7.27682414397282,7.1235859713344,7.46512899051831,6.48432386879945,7.86058429851622
ENSG00000172840,TCGA_LIHC_normal,50,2.19981901854191,1.92427965131994,2.45879247614812,0.937391586055645,3.34183585660535
ENSG00000173599,TCGA_LIHC_normal,50,6.71432003010593,6.41856793255301,7.09096613096556,5.78901279732755,7.87602529705225
ENSG00000175567,TCGA_LIHC_normal,50,4.55614585182072,4.12834137887636,5.12916655587034,3.02171486922422,7.02975561687267
ENSG00000180902,TCGA_LIHC_normal,50,3.53343532407172,3.2357265431796,3.85488288086631,2.09555689156379,4.38320224994102
ENSG00000182054,TCGA_LIHC_normal,50,7.95186508015029,7.62938913369666,8.27227583810406,6.06168537010288,9.12632535338275
ENSG00000183048,TCGA_LIHC_normal,50,4.71148387162287,4.42338737810928,5.06762803496902,3.38507135048348,6.16697623287514
ENSG00000188316,TCGA_LIHC_normal,50,-0.824402851036477,-0.914665323519615,-0.761965673369425,-0.988338783978795,-0.51059791844101
ENSG00000197444,TCGA_LIHC_normal,50,6.29812793524393,6.04685788151242,6.53412608954397,5.5537180639993,7.08395980176211
ENSG00000198814,TCGA_LIHC_normal,50,4.04195137059448,3.67534065996129,4.51530352124699,2.82625706636002,5.76450896962475
ENSG00000204370,TCGA_LIHC_normal,50,6.43818910822838,6.36661730543316,6.56052954509844,5.82388590693389,6.99752186493671
ENSG00000214756,TCGA_LIHC_normal,50,0.195037394485678,0.0183548504608016,0.499586694600465,-0.286950910530103,0.859222840749548
ENSG00000226784,TCGA_LIHC_normal,50,-0.675365006120779,-0.792926771726683,-0.508853508601684,-0.988265771584988,0.468803837371479
ENSG00000256870,TCGA_LIHC_normal,50,-0.97687369946514,-0.983544435632983,-0.929337419613592,-0.991133201864362,-0.445202590235018
ENSG00000004799,TCGA_LIHC_primary,371,5.50034702236432,4.3035112229409,6.71472790866143,1.43221560039487,10.7996234930014
ENSG00000004864,TCGA_LIHC_primary,371,6.35366816256164,5.74312385323872,6.83725018555545,3.41755122253054,8.42612673712695
ENSG00000005882,TCGA_LIHC_primary,371,3.94003108841674,3.39925248415905,4.38567607058747,0.71170165069822,6.45437927929627
ENSG00000008405,TCGA_LIHC_primary,371,3.12231247368296,2.74664879243851,3.52915760439539,0.714201756618936,4.89485299973361
ENSG00000014641,TCGA_LIHC_primary,371,6.52278551752433,6.15024666203495,6.86174181720847,1.26327952055973,8.03992287241163
ENSG00000060762,TCGA_LIHC_primary,371,6.78205754366234,6.24192793722707,7.39514372039984,4.31082906607187,8.76712865656246
ENSG00000062485,TCGA_LIHC_primary,371,5.12493943230796,4.70723647586748,5.47556626900142,3.55584528652013,7.47370176501346
ENSG00000063854,TCGA_LIHC_primary,371,6.23094412386679,5.36825419762052,6.74981828497124,2.16633897568288,7.93240322087473
ENSG00000067057,TCGA_LIHC_primary,371,1.48485034502827,0.97690547749031,2.44108053304872,-0.119855232738872,7.82927749946015
ENSG00000067225,TCGA_LIHC_primary,371,4.91084107909424,4.19886063193932,5.8503437204828,2.16446702332629,10.7284641133531
ENSG00000067829,TCGA_LIHC_primary,371,5.50929594096429,5.19300221617728,5.92696684616589,4.01153149765913,7.64332694084661
ENSG00000067992,TCGA_LIHC_primary,371,1.5779370220244,1.05713407303033,1.96608074608242,-0.381180970094935,4.02823787525088
ENSG00000068976,TCGA_LIHC_primary,371,-0.182783894949372,-0.403408383781956,0.127441890165663,-0.938080934029942,5.38764835650165
ENSG00000073578,TCGA_LIHC_primary,371,2.22438300612546,1.6700057408544,2.77471904699119,-0.251293950941682,5.08110565689972
ENSG00000074800,TCGA_LIHC_primary,371,8.47656748515715,8.0130983954891,9.15999461502082,4.62234047764637,11.716859087297
ENSG00000076555,TCGA_LIHC_primary,371,3.90933528323415,3.15308032528023,4.67071425330768,0.530298457394051,6.12822718422347
ENSG00000079739,TCGA_LIHC_primary,371,6.58074573212179,6.05097452960716,7.04755997758498,3.0103968174965,8.29553872966326
ENSG00000087299,TCGA_LIHC_primary,371,2.24811853958989,1.77319523357643,2.75126245491538,0.0788791900975141,3.9339621645672
ENSG00000090861,TCGA_LIHC_primary,371,5.48810062799015,5.12556355200492,5.88228875276664,3.83292829309739,7.19377751171973
ENSG00000091140,TCGA_LIHC_primary,371,5.44540719460962,5.07130341901406,5.79218242516983,3.61731860804899,7.1114661234799
ENSG00000091483,TCGA_LIHC_primary,371,5.98501719164907,5.50887031285245,6.44384946688533,3.61315010987504,8.11501458983711
ENSG00000100156,TCGA_LIHC_primary,371,-0.142663037204242,-0.421379504317239,0.203329568902502,-0.991608760318061,4.57322164477301
ENSG00000100412,TCGA_LIHC_primary,371,4.06102921814957,3.65559312082562,4.52639960016454,1.52907575671739,6.88068726038098
ENSG00000100504,TCGA_LIHC_primary,371,6.10539002803851,5.61313188108998,6.55707692683758,1.75044821651689,9.16962202025534
ENSG00000100889,TCGA_LIHC_primary,371,7.71235737881361,6.71307542795231,8.50718502794635,2.65614079392704,10.1003644572542
ENSG00000100994,TCGA_LIHC_primary,371,5.38106408865162,4.8931483470321,6.01342503286538,3.65954067406397,9.1503672097863
ENSG00000101365,TCGA_LIHC_primary,371,6.27909109998151,6.03176926930519,6.55301449502807,4.95003028250271,7.48181079287373
ENSG00000102144,TCGA_LIHC_primary,371,7.00109072244155,6.59445345056067,7.44927814757911,4.46524486311246,10.1193453540278
ENSG00000104635,TCGA_LIHC_primary,371,6.63780738069594,6.04277781988663,7.36767662009384,3.77023403982508,9.6142560460644
ENSG00000105220,TCGA_LIHC_primary,371,6.28756227153433,5.838646651066,6.69722179986513,3.50037664449886,8.73951377470944
ENSG00000105679,TCGA_LIHC_primary,371,-0.979494140287734,-0.987402953105992,-0.952880558552148,-0.998256709982845,-0.337587319243942
ENSG00000105953,TCGA_LIHC_primary,371,6.00521965019682,5.58081216278377,6.46743717288539,4.52356379862317,8.6011236205619
ENSG00000106633,TCGA_LIHC_primary,371,-0.703131833948063,-0.869273856348879,0.322071347643302,-0.990912491573501,8.22342248234074
ENSG00000108515,TCGA_LIHC_primary,371,3.10047327405303,2.34702815091807,4.16007453691527,0.598701028553561,8.65167618336627
ENSG00000108528,TCGA_LIHC_primary,371,6.1097863161172,5.71602149995705,6.5035548927198,4.74493321417254,7.5013118004732
ENSG00000109107,TCGA_LIHC_primary,371,5.1672063739535,3.89956778114429,6.06951833713138,0.244254020820114,8.29071027672997
ENSG00000109819,TCGA_LIHC_primary,371,3.20276093038763,2.1637041404024,4.3623127992206,-0.950919959146741,7.1560793246913
ENSG00000111640,TCGA_LIHC_primary,371,9.89883704434546,9.32977296540972,10.4802328066154,6.885935735993,13.5293275003699
ENSG00000111669,TCGA_LIHC_primary,371,8.38310802883964,8.11963167012506,8.77706122932989,6.84148688576597,11.197331031532
ENSG00000111674,TCGA_LIHC_primary,371,1.18325502651633,0.738269988850071,1.85871044830014,-0.387907415138662,6.46529573868562
ENSG00000111716,TCGA_LIHC_primary,371,0.706737062421775,0.34661482230548,1.25335329791962,-0.564422358790468,5.52945838134412
ENSG00000112992,TCGA_LIHC_primary,371,4.92366694344586,4.29464336339352,5.4972502037792,0.524217461876474,7.03513790178139
ENSG00000114021,TCGA_LIHC_primary,371,4.63324256298071,4.242691148276,4.95512943395267,2.73420750634811,6.01244985022511
ENSG00000114268,TCGA_LIHC_primary,371,0.923766839497995,0.453750490347598,1.62701161325004,-0.446057851073323,4.83372979933674
ENSG00000115159,TCGA_LIHC_primary,371,2.35092453488878,2.03168029199684,2.78904607454017,0.983727148049697,5.19103358644893
ENSG00000116288,TCGA_LIHC_primary,371,7.66188799225553,7.31252647406656,7.95368831296469,3.42549268810322,9.3956492926242
ENSG00000117118,TCGA_LIHC_primary,371,6.89306646598116,6.42419597905357,7.23137252952355,4.96215223653139,8.4208178241949
ENSG00000118596,TCGA_LIHC_primary,371,1.7350708183718,0.521057645161143,2.41000056971444,-0.756436620805364,5.23754806136144
ENSG00000119689,TCGA_LIHC_primary,371,5.9108406214986,5.4992200396028,6.19644051050841,3.88186629980511,7.25563184467996
ENSG00000120053,TCGA_LIHC_primary,371,7.98680522488455,7.10021979525659,8.67767762222771,4.93416618472641,10.5070195369066
ENSG00000123836,TCGA_LIHC_primary,371,1.95766859010788,1.53278219447742,2.55247993857608,0.355701265419506,5.37602140058
ENSG00000124253,TCGA_LIHC_primary,371,7.1893423428113,5.02684729422,8.53642873814076,-0.95261396656075,11.2550781928855
ENSG00000124532,TCGA_LIHC_primary,371,3.83462973347811,3.54350367498238,4.12777017245731,2.76269753007446,7.62210008082431
ENSG00000124608,TCGA_LIHC_primary,371,3.75420672139603,3.46055713486317,4.03819116008546,2.51056523753882,5.71517246317987
ENSG00000124767,TCGA_LIHC_primary,371,7.02501311606787,6.63181710503634,7.42249282851824,4.74601349891111,9.20845666444203
ENSG00000128272,TCGA_LIHC_primary,371,8.02703569146104,7.58630942156948,8.37766690242115,5.8114705198773,9.53579206748933
ENSG00000130957,TCGA_LIHC_primary,371,-0.639907357769488,-0.891501172944073,-0.391245776277777,-0.998067216009378,2.14587597158691
ENSG00000131069,TCGA_LIHC_primary,371,5.52558418615604,4.94296555045754,6.09796270651679,2.93254256156549,8.84545567678931
ENSG00000131482,TCGA_LIHC_primary,371,7.64027309912849,6.40675047570786,8.72560649622946,-0.868189329977576,12.1533536133903
ENSG00000131828,TCGA_LIHC_primary,371,5.42921391844475,5.17778009445706,5.73700229851232,4.32971700643273,7.467937879515
ENSG00000132326,TCGA_LIHC_primary,371,2.74180206002058,2.28728768832549,3.18029513919753,0.821685586037196,4.57989861612389
ENSG00000134056,TCGA_LIHC_primary,371,5.35136263065103,5.03427563599434,5.67575035265222,3.42873504355,6.69949359056692
ENSG00000134333,TCGA_LIHC_primary,371,7.66188799225553,7.26958865085654,8.20726440758966,5.39482360760011,10.0804657862438
ENSG00000135094,TCGA_LIHC_primary,371,6.39051609971855,3.28280777479872,9.1367562061276,-0.197969474577944,11.6388305037008
ENSG00000136143,TCGA_LIHC_primary,371,2.60501540439699,2.22272571008985,2.98043160750586,1.30679668763848,3.9408910808856
ENSG00000136872,TCGA_LIHC_primary,371,10.5070195369066,8.98908217321044,11.4971287144036,-0.0723600252104259,14.3988667367999
ENSG00000137700,TCGA_LIHC_primary,371,5.51621398185821,4.92133779349557,6.06951833713138,2.42225490734185,7.45192166881804
ENSG00000138030,TCGA_LIHC_primary,371,6.54112197041137,5.81647088848093,7.18489846306834,0.0106624974937314,9.4386781145372
ENSG00000138207,TCGA_LIHC_primary,371,12.4820428437506,12.0570224341317,13.0388660311391,2.5013710068072,15.2065779276815
ENSG00000138400,TCGA_LIHC_primary,371,-0.470540531847554,-0.68288822887754,-0.181067499915574,-0.993686594860707,1.55583500021209
ENSG00000138413,TCGA_LIHC_primary,371,7.4117608929914,6.85993310774112,7.890805603527,4.83597679547561,9.54809962339059
ENSG00000141349,TCGA_LIHC_primary,371,3.08995854873294,2.79375791704628,3.51414744363832,2.15724178595571,6.86625402275754
ENSG00000141526,TCGA_LIHC_primary,371,1.6214739349113,1.0706635196767,2.35090919948795,0.132862250518764,6.80687331099806
ENSG00000141959,TCGA_LIHC_primary,371,5.79609726465805,5.43881506800469,6.11309082917128,4.00284724356728,7.45977486807038
ENSG00000143158,TCGA_LIHC_primary,371,7.66512562019415,7.29343596262197,8.12394265875509,4.16854138202902,9.25714125519515
ENSG00000143252,TCGA_LIHC_primary,371,7.1692260019232,6.78536154329421,7.5416882593529,4.97943054447999,8.69834300460896
ENSG00000143627,TCGA_LIHC_primary,371,6.59372825017452,5.5239779532466,7.37887681574642,-0.986784032781298,10.18496409976
ENSG00000146701,TCGA_LIHC_primary,371,7.715692909226,7.33891719306239,8.03773149603741,5.79079851245807,9.35162833447722
ENSG00000148942,TCGA_LIHC_primary,371,-0.835088078786991,-0.942944564119386,-0.396786081043969,-0.994377010180051,5.75709808324898
ENSG00000149476,TCGA_LIHC_primary,371,4.96927104237236,4.20701012054084,5.95968981489445,1.31743733482067,8.8900308100486
ENSG00000149925,TCGA_LIHC_primary,371,1.22844077737045,0.757594338566975,1.79789243385848,-0.518736581120385,4.17760650373329
ENSG00000150768,TCGA_LIHC_primary,371,3.05439781208828,2.60327014050934,3.56135447059453,1.16947850498304,6.33022444485873
ENSG00000152254,TCGA_LIHC_primary,371,-0.931626096494227,-0.984149365034534,-0.786411592183523,-0.998256709982845,1.17123363407207
ENSG00000152256,TCGA_LIHC_primary,371,1.73716730229748,1.18415384784293,2.23677755481255,-0.0976914180113917,5.82510243934187
ENSG00000152556,TCGA_LIHC_primary,371,2.27241278934234,1.76609075692006,2.88541990881228,0.0512223079705304,6.65922860147089
ENSG00000154079,TCGA_LIHC_primary,371,3.88013120541097,3.53326971526146,4.32333824039091,1.70052110931718,5.57031426136658
ENSG00000155380,TCGA_LIHC_primary,371,4.97703965199072,4.32144247919002,5.68464561866927,1.17062675664774,8.33113612205809
ENSG00000156510,TCGA_LIHC_primary,371,4.32687691935378,3.08408363891341,5.15815519546103,-0.829749129145944,8.66476101676685
ENSG00000156515,TCGA_LIHC_primary,371,2.7740843535118,2.20083484016439,3.40891221957457,0.964099659373418,6.87176481675579
ENSG00000158571,TCGA_LIHC_primary,371,4.28369707948178,2.23952455917419,5.0967406717245,-0.700012547589645,7.64027309912849
ENSG00000159322,TCGA_LIHC_primary,371,3.72684222997256,3.52178603039259,3.98765203695602,2.78320269623662,6.47475548431932
ENSG00000159399,TCGA_LIHC_primary,371,0.996870692228253,0.252916762368263,2.4825908473452,-0.96047302155895,6.86263660382285
ENSG00000160741,TCGA_LIHC_primary,371,5.33574497278679,5.05548056863401,5.65681546526678,4.30940370024384,6.64511092525761
ENSG00000160883,TCGA_LIHC_primary,371,1.38812259866172,0.783613240866084,2.11922474494567,-0.526347381759956,5.56633998741858
ENSG00000162688,TCGA_LIHC_primary,371,3.42589878726539,2.89156094532506,3.99962945564929,1.2363925435348,6.87176481675579
ENSG00000163541,TCGA_LIHC_primary,371,6.24134404196851,5.92160585460056,6.5721344198642,4.69317875139134,8.2330579640819
ENSG00000164951,TCGA_LIHC_primary,371,1.6192776658794,1.03256126614055,2.29428987861531,-0.311726736032601,5.18852983865279
ENSG00000165140,TCGA_LIHC_primary,371,6.71874443150694,5.42338375248123,7.71733870503385,0.490274896493976,10.0039466883035
ENSG00000166123,TCGA_LIHC_primary,371,6.02875978789284,4.73341847345062,6.93051679571829,1.2430400754996,9.67005063126781
ENSG00000166411,TCGA_LIHC_primary,371,2.11132721139281,1.6507054545397,2.49187307426737,-0.523135768461112,4.3950245139681
ENSG00000166796,TCGA_LIHC_primary,371,-0.260522313657275,-0.870979135357149,1.25102649141913,-0.99678221941173,4.61975647866347
ENSG00000166800,TCGA_LIHC_primary,371,-0.81461564057476,-0.960135587699497,-0.644288825598742,-0.9953368940371,1.11846058723945
ENSG00000166816,TCGA_LIHC_primary,371,6.41776134092926,5.328377849544,7.08570090298998,-0.435092509365591,8.4208178241949
ENSG00000167588,TCGA_LIHC_primary,371,4.95241625862722,3.62042332585786,6.29705221367366,-0.754203941899848,8.4434467537935
ENSG00000167701,TCGA_LIHC_primary,371,5.92257935869813,4.78545430369794,6.9031594355242,-0.400296618688692,8.8679979196515
ENSG00000167985,TCGA_LIHC_primary,371,3.96668812718728,3.57500738811561,4.43560659292778,2.24767024559947,6.34998224646226
ENSG00000168291,TCGA_LIHC_primary,371,4.90317395687056,4.59750424342326,5.16977692169155,3.05398861259108,6.53095627479533
ENSG00000170525,TCGA_LIHC_primary,371,3.07743155868825,2.34322181920885,4.03209941743587,0.441931664380969,8.67067105964601
ENSG00000170571,TCGA_LIHC_primary,371,1.30570866457357,0.767579204046269,2.0210182296164,-0.422004325560598,6.11315925830936
ENSG00000170950,TCGA_LIHC_primary,371,-0.977577346872542,-0.986250415041726,-0.897900491218308,-0.998067216009378,2.59292182385332
ENSG00000171314,TCGA_LIHC_primary,371,4.83098968866883,4.42531666431673,5.18110858272675,1.09794676223876,7.06001011451129
ENSG00000171989,TCGA_LIHC_primary,371,-0.808202476175741,-0.971204373133087,-0.624357774203014,-0.99642988449192,1.05404045751561
ENSG00000172270,TCGA_LIHC_primary,371,7.95182359812081,7.45185103324048,8.39685221139561,6.31167766537907,12.1533536133903
ENSG00000172331,TCGA_LIHC_primary,371,4.07623732743824,3.77946451186255,4.43172649500394,2.35364483726829,5.61891423432948
ENSG00000172340,TCGA_LIHC_primary,371,6.75063357700181,6.14370818182355,7.2579422863122,4.32875654522492,8.78058399350656
ENSG00000172840,TCGA_LIHC_primary,371,2.40393817649144,1.97975133745833,2.80752862106383,0.859008463518688,3.8316712580623
ENSG00000173599,TCGA_LIHC_primary,371,6.2720286911013,5.64687301536065,6.83284515751471,1.12394443165827,9.1503672097863
ENSG00000175567,TCGA_LIHC_primary,371,4.41460146568986,3.76877838858684,5.23657536716902,1.7450899572183,8.33113612205809
ENSG00000180902,TCGA_LIHC_primary,371,3.98062761410566,3.54577411000632,4.42453080021865,2.02968054955415,6.1547754007135
ENSG00000182054,TCGA_LIHC_primary,371,7.86870146712786,7.20721808342931,8.39406721671876,5.10985590564926,9.89883704434546
ENSG00000183048,TCGA_LIHC_primary,371,5.03576886877387,4.48954373188582,5.65177215565365,1.28376866216189,7.36643769644164
ENSG00000188316,TCGA_LIHC_primary,371,-0.787981219391549,-0.897884560187066,-0.666227248433306,-0.996690276552263,0.388054475128508
ENSG00000197444,TCGA_LIHC_primary,371,4.98913210867009,3.61393232615901,6.09907363205357,-0.903755393531332,7.92453844103476
ENSG00000198814,TCGA_LIHC_primary,371,3.62227972001931,2.90850719232006,4.36092512170703,0.402043453312092,7.08045423330946
ENSG00000204370,TCGA_LIHC_primary,371,6.1703522887067,5.75620251104126,6.51175865274789,3.95175575772005,7.82620745824674
ENSG00000214756,TCGA_LIHC_primary,371,0.948619140383778,0.501742071817187,1.36346844248939,-0.47907005113971,4.37349563346727
ENSG00000226784,TCGA_LIHC_primary,371,-0.590596908925407,-0.78505705724393,-0.347511410908529,-0.996531659305786,1.01095293252461
ENSG00000256870,TCGA_LIHC_primary,371,-0.97886691012013,-0.986926507571416,-0.956415858644884,-0.998067216009378,1.9561938323725
ENSG00000004799,TCGA_PRAD_primary,501,4.96049936517432,4.10481265134593,6.03654291690818,0.997776594460615,9.50078661653586
ENSG00000004864,TCGA_PRAD_primary,501,4.74953880790783,4.40512590918578,5.00066731590613,3.35246637580234,6.46635345716046
ENSG00000005882,TCGA_PRAD_primary,501,3.67297057445799,3.40299318903148,3.89388702099831,1.24083891836243,4.79514924396589
ENSG00000008405,TCGA_PRAD_primary,501,4.03735680641439,3.77632340878652,4.31086122862986,2.28532940770872,5.24114645599848
ENSG00000014641,TCGA_PRAD_primary,501,6.23013190165633,6.06372944094322,6.3966210811641,3.84007631870081,7.21337315621706
ENSG00000060762,TCGA_PRAD_primary,501,5.92797176993634,5.68286605694232,6.16157824108664,4.52873631838454,7.27751229330704
ENSG00000062485,TCGA_PRAD_primary,501,6.13306086047061,5.95876157915792,6.3315239942689,5.11066699286304,7.2220429222686
ENSG00000063854,TCGA_PRAD_primary,501,4.70040626433665,4.37301200108909,5.02271905354408,2.12797452829702,5.9253035737781
ENSG00000067057,TCGA_PRAD_primary,501,4.59506706829103,4.24051377953387,4.91226436563683,2.19497888719337,6.92957812020431
ENSG00000067225,TCGA_PRAD_primary,501,7.90676355301827,7.64338647209534,8.13012952071444,6.410506364259,9.24235047662555
ENSG00000067829,TCGA_PRAD_primary,501,6.23743435320403,6.03301465646336,6.45160284102383,3.93543695008653,7.27933781526119
ENSG00000067992,TCGA_PRAD_primary,501,2.79090642862401,2.46675674350536,3.12027371221374,1.41296927815826,4.76370551936845
ENSG00000068976,TCGA_PRAD_primary,501,2.73601438247444,1.84637330416847,3.55121762266465,0.406636498429185,8.69744212463445
ENSG00000073578,TCGA_PRAD_primary,501,1.31130187634704,0.940916423933584,1.72419175648219,0.143309232244972,3.66157380626828
ENSG00000074800,TCGA_PRAD_primary,501,8.53825283402966,8.29994165032514,8.77661319700742,6.22100713271907,10.2988448413981
ENSG00000076555,TCGA_PRAD_primary,501,2.34606332122833,1.95585150389557,2.74355494296652,0.972138709713132,4.93190957661952
ENSG00000079739,TCGA_PRAD_primary,501,5.83917285963806,5.49919508021416,6.05627112176965,3.57867547462394,7.20498743299957
ENSG00000087299,TCGA_PRAD_primary,501,2.66145764206985,2.30924092529912,2.97772625285794,0.64397023474382,4.48117363177941
ENSG00000090861,TCGA_PRAD_primary,501,5.79991222274014,5.49111316483357,6.04953318710402,4.2386023693281,7.16185849468278
ENSG00000091140,TCGA_PRAD_primary,501,5.58501054723177,5.39290357541817,5.78056066539279,4.32457165851864,7.04343633727982
ENSG00000091483,TCGA_PRAD_primary,501,4.45281084664187,4.23974258921073,4.68641693669305,2.46675674350536,5.81381990437705
ENSG00000100156,TCGA_PRAD_primary,501,1.75191294391051,0.948377480644635,2.4534938604496,-0.494753727218085,6.0554991834316
ENSG00000100412,TCGA_PRAD_primary,501,4.58522415404951,4.30476564187237,4.80441748720242,2.24939330942525,5.45458472623547
ENSG00000100504,TCGA_PRAD_primary,501,3.51188731955121,2.9442354630345,4.27166296788932,1.07189864215802,6.34843069052505
ENSG00000100889,TCGA_PRAD_primary,501,4.35684771739901,4.0582556985529,4.72054457510864,1.95058132826399,6.26512809578169
ENSG00000100994,TCGA_PRAD_primary,501,8.17206810958216,7.77039623915841,8.48186748714966,5.77682982971925,9.89261110148586
ENSG00000101365,TCGA_PRAD_primary,501,6.38932019739496,6.19993387501661,6.55519304634505,4.9274931600483,7.20000500312515
ENSG00000102144,TCGA_PRAD_primary,501,7.19663168064907,6.92268433528023,7.40262306550757,5.4259071112883,9.97002287227603
ENSG00000104635,TCGA_PRAD_primary,501,4.274339441157,3.95033184706098,4.59350286279545,2.79508796564293,5.90452183967137
ENSG00000105220,TCGA_PRAD_primary,501,6.25657951227998,6.04522968366114,6.50415731139814,4.85984352546372,7.58111641146594
ENSG00000105679,TCGA_PRAD_primary,501,-0.988756451942938,-0.995358745035432,-0.846589330012387,-0.998989319908874,0.975915280968907
ENSG00000105953,TCGA_PRAD_primary,501,6.63760884289847,6.36464657949202,6.85500697100382,5.38929691822537,7.7676315436613
ENSG00000106633,TCGA_PRAD_primary,501,-0.65299039861177,-0.753385798505229,-0.514069513809016,-0.975734787699076,1.00805167438423
ENSG00000108515,TCGA_PRAD_primary,501,1.68742678843342,1.18942997377127,2.2880095670424,0.0718242414909642,8.46229583759808
ENSG00000108528,TCGA_PRAD_primary,501,6.57493086611811,6.31583491989439,6.78176631447577,3.32755246297811,7.45730885902617
ENSG00000109107,TCGA_PRAD_primary,501,3.76168168902815,3.34566231339656,4.19563601286658,0.944301435362296,6.79160058684648
ENSG00000109819,TCGA_PRAD_primary,501,0.553451362173915,0.0461010070490785,1.12678760513327,-0.978875734111729,3.92558649837863
ENSG00000111640,TCGA_PRAD_primary,501,9.9075158777336,9.61913531458719,10.1791940028373,8.44311832352303,12.1373548396045
ENSG00000111669,TCGA_PRAD_primary,501,8.47675384492214,8.2835216182613,8.64057848741463,6.15463838733104,10.0532654580045
ENSG00000111674,TCGA_PRAD_primary,501,3.50306355415768,3.08779862852526,4.00749620423428,1.98418078745264,6.3966210811641
ENSG00000111716,TCGA_PRAD_primary,501,2.33667021504994,1.61071697996855,3.05438458271573,-0.600821085807213,5.8225492441875
ENSG00000112992,TCGA_PRAD_primary,501,3.41742502605368,3.03810810160437,3.77445196459757,1.06306014730058,5.30137240135476
ENSG00000114021,TCGA_PRAD_primary,501,4.03658686903939,3.80914183954059,4.33952600419603,2.94117468977374,5.70436634974815
ENSG00000114268,TCGA_PRAD_primary,501,2.65033561763986,2.17900277742303,3.04116200550405,0.493636332121803,4.78506416165977
ENSG00000115159,TCGA_PRAD_primary,501,4.53435085370106,4.26480388572917,4.87113916931063,2.30441476371451,6.12701300062122
ENSG00000116288,TCGA_PRAD_primary,501,8.49701071941728,8.29574332479701,8.66280265370379,6.11478638012888,9.30873595889286
ENSG00000117118,TCGA_PRAD_primary,501,6.19098986276455,6.05476075018754,6.36192184218351,4.5733168848252,7.28298971329778
ENSG00000118596,TCGA_PRAD_primary,501,0.232689913982622,-0.0607598971204124,0.56038204787976,-0.807011931685949,2.31033470557725
ENSG00000119689,TCGA_PRAD_primary,501,6.0251303610218,5.88545104619894,6.16234725821067,4.85044110808031,7.37953904713884
ENSG00000120053,TCGA_PRAD_primary,501,5.85526856304677,5.63286971216703,6.04739514265006,3.62774218909412,7.89426110679226
ENSG00000123836,TCGA_PRAD_primary,501,2.9111124480008,2.56193580265622,3.30298599133341,1.21477674586539,5.74246389421034
ENSG00000124253,TCGA_PRAD_primary,501,-0.885035798172327,-0.958070107177209,-0.697016280423343,-0.998989319908874,2.09264345181594
ENSG00000124532,TCGA_PRAD_primary,501,4.17962988382598,4.00749620423428,4.35647594004536,3.48011278576396,5.13913553367392
ENSG00000124608,TCGA_PRAD_primary,501,4.14833693488082,3.99396801958399,4.32380374727559,2.19715977144229,5.03772385747478
ENSG00000124767,TCGA_PRAD_primary,501,8.96726702762746,8.36936452678601,9.55877875961757,6.87437790053135,12.2832111230469
ENSG00000128272,TCGA_PRAD_primary,501,8.8413757372126,8.62949628214732,9.00499476743986,7.87905978523645,9.80599582629957
ENSG00000130957,TCGA_PRAD_primary,501,-0.0552976637993425,-0.487364453014853,0.523858478711985,-0.9977235424544,2.8554702267367
ENSG00000131069,TCGA_PRAD_primary,501,4.56646828483164,4.32878718649059,4.7491356888972,3.28234623002151,6.11555450160809
ENSG00000131482,TCGA_PRAD_primary,501,-0.977725092204877,-0.994807544079812,-0.908251358507352,-0.998364187147459,2.03896283444322
ENSG00000131828,TCGA_PRAD_primary,501,4.94509927294091,4.79599071244696,5.1381577482286,3.00394767564369,6.40115728839878
ENSG00000132326,TCGA_PRAD_primary,501,3.65322422921138,3.24780090224748,4.03848858966231,2.27995547602546,6.74563601527024
ENSG00000134056,TCGA_PRAD_primary,501,5.32485008325706,5.07145225241228,5.53416235811772,2.2467012553016,6.53772582161394
ENSG00000134333,TCGA_PRAD_primary,501,7.25240183228119,6.89180559017253,7.59499262034728,5.53136132571131,10.0532654580045
ENSG00000135094,TCGA_PRAD_primary,501,1.91367895544153,1.23087656286446,2.60019431693134,-0.327465853722216,5.39340672766274
ENSG00000136143,TCGA_PRAD_primary,501,3.69921003968,3.39622836716318,3.96798786862286,1.87720173531297,4.73423595780641
ENSG00000136872,TCGA_PRAD_primary,501,-0.635634566437336,-0.787206237227125,-0.391380847249904,-0.994117065021331,3.14132674939989
ENSG00000137700,TCGA_PRAD_primary,501,3.91357099535886,3.60800625601743,4.27779295896344,2.02408297107357,5.6399207929686
ENSG00000138030,TCGA_PRAD_primary,501,1.630651095413,1.32363134713434,1.9801407886963,-0.742361204749216,3.63038200024666
ENSG00000138207,TCGA_PRAD_primary,501,1.20647950956959,0.543231210490438,2.17452257888948,-0.985708958362335,6.11637743189277
ENSG00000138400,TCGA_PRAD_primary,501,1.28000423230629,0.797073994878581,1.9570371412696,-0.273833622610314,6.03944990308417
ENSG00000138413,TCGA_PRAD_primary,501,8.0523660861989,7.59499262034728,8.48186748714966,5.61837023762392,9.93829857945985
ENSG00000141349,TCGA_PRAD_primary,501,5.18575424736992,4.85476982020138,5.4663627363183,2.31349868613293,6.5655877751807
ENSG00000141526,TCGA_PRAD_primary,501,1.68864877806274,1.35312202786059,2.15727694952267,0.497072588311739,4.45549340848731
ENSG00000141959,TCGA_PRAD_primary,501,6.14315433981967,5.9423104741593,6.38468566568701,2.12517282043219,7.2220429222686
ENSG00000143158,TCGA_PRAD_primary,501,7.73032991458669,7.32406701239725,8.17206810958216,5.32384327611006,9.70918108714662
ENSG00000143252,TCGA_PRAD_primary,501,6.51941982922585,6.3359561603958,6.65310796126229,4.78929024878219,7.46592462151786
ENSG00000143627,TCGA_PRAD_primary,501,-0.903802764525036,-0.984388554391569,-0.79150691885155,-0.998419941735941,0.903599898813841
ENSG00000146701,TCGA_PRAD_primary,501,7.80656210273561,7.62612855075538,8.04247382558164,5.54408169343782,8.93048407924186
ENSG00000148942,TCGA_PRAD_primary,501,-0.967893612270333,-0.990532477714036,-0.92065104450679,-0.99851779037879,1.51802683071519
ENSG00000149476,TCGA_PRAD_primary,501,4.60878819455927,4.3410158125674,4.87500386009888,2.02300445322937,5.71093046217356
ENSG00000149925,TCGA_PRAD_primary,501,2.40307281539231,1.77124415289389,2.82085381862832,-0.142822392391631,5.13863728429007
ENSG00000150768,TCGA_PRAD_primary,501,3.42206645582844,3.13001827227492,3.81852778680701,1.62135551503816,4.57846412638968
ENSG00000152254,TCGA_PRAD_primary,501,-0.982131599885671,-0.99449868384426,-0.910221856196782,-0.998989319908874,-0.0130043092153968
ENSG00000152256,TCGA_PRAD_primary,501,1.84757661905091,1.54708090227981,2.17339864232006,0.262608407592195,4.03809988982203
ENSG00000152556,TCGA_PRAD_primary,501,4.62750047199587,4.25188654014417,4.93015879027751,2.37969130262131,6.67215611239543
ENSG00000154079,TCGA_PRAD_primary,501,4.95132918577216,4.66879137601257,5.27362284075516,2.29216672470267,6.05178087815837
ENSG00000155380,TCGA_PRAD_primary,501,4.79429736677776,4.21792942877495,5.45880545583828,2.06004720933317,7.82677023566754
ENSG00000156510,TCGA_PRAD_primary,501,-0.697649428519639,-0.841293088372056,-0.504706567323997,-0.996978863718054,0.87255067746137
ENSG00000156515,TCGA_PRAD_primary,501,6.3774744179063,6.09651728975141,6.5959467966259,4.98325388513613,7.49582051825368
ENSG00000158571,TCGA_PRAD_primary,501,0.235970187274127,-0.0456243493271197,0.630837292651743,-0.982131599885671,2.24182445716403
ENSG00000159322,TCGA_PRAD_primary,501,5.48579734583812,5.0472430882551,5.88610123909851,3.38948837412492,7.52187575932407
ENSG00000159399,TCGA_PRAD_primary,501,4.63520919426401,4.1021748100339,5.21195265650884,0.811068341008207,7.18345315871995
ENSG00000160741,TCGA_PRAD_primary,501,5.25234085918699,5.09266109683105,5.42539282368269,3.4855989475036,6.64876302790852
ENSG00000160883,TCGA_PRAD_primary,501,0.435787524843868,0.0160159593309192,0.880816800275786,-0.74762870058175,3.45225758822173
ENSG00000162688,TCGA_PRAD_primary,501,4.13552724875407,3.81062066319962,4.4713922257798,2.79693360831277,5.51621737950813
ENSG00000163541,TCGA_PRAD_primary,501,5.80876565052554,5.65326732729651,5.98114088631486,4.59952733322956,6.99942607542357
ENSG00000164951,TCGA_PRAD_primary,501,4.13475142143245,3.74121002315985,4.59067967683644,2.57212749326865,6.404890396991
ENSG00000165140,TCGA_PRAD_primary,501,6.37189508667702,5.81253397568627,6.71953164555253,0.209853891522563,8.55897116074082
ENSG00000166123,TCGA_PRAD_primary,501,6.26602304929874,5.70260889209348,6.70193640929483,2.98475354493918,8.49199309822782
ENSG00000166411,TCGA_PRAD_primary,501,3.0950024062563,2.77471670104657,3.30495365178125,0.630837292651743,4.25758190836958
ENSG00000166796,TCGA_PRAD_primary,501,-0.79477529628039,-0.980439906456806,-0.0589625570627359,-0.998310024069172,3.66878653606601
ENSG00000166800,TCGA_PRAD_primary,501,-0.713300337984159,-0.830590644969464,-0.573060620745276,-0.997873700540644,0.717950314621892
ENSG00000166816,TCGA_PRAD_primary,501,4.56368565997671,3.62085427212362,5.18670493972541,0.334422193499076,7.77583895973689
ENSG00000167588,TCGA_PRAD_primary,501,-0.347001960447803,-0.503871496892011,-0.100096414806897,-0.983039736084125,4.38341064413371
ENSG00000167701,TCGA_PRAD_primary,501,1.54581425295229,0.840634384106007,2.21509941657273,-0.763102686716675,4.83979697181301
ENSG00000167985,TCGA_PRAD_primary,501,4.21113614549737,3.88298342181512,4.6445574527791,3.05700966136048,6.51428328414391
ENSG00000168291,TCGA_PRAD_primary,501,4.99138434310274,4.80230619516665,5.17992454970599,2.41090796534127,5.7917273380855
ENSG00000170525,TCGA_PRAD_primary,501,4.03059794063966,3.52507801875842,4.48191684843836,2.11675230196067,6.48821070625657
ENSG00000170571,TCGA_PRAD_primary,501,6.12233340952892,5.63345950508275,6.59176107934798,4.11921700823799,7.98213463760536
ENSG00000170950,TCGA_PRAD_primary,501,-0.992295049671527,-0.996085266812074,-0.87329291473586,-0.999718671735389,0.906995367452708
ENSG00000171314,TCGA_PRAD_primary,501,4.98369915272023,4.70576589781018,5.18430449806467,3.32328593649773,6.58119999892693
ENSG00000171989,TCGA_PRAD_primary,501,-0.814231495747997,-0.948117925984951,-0.661953133807902,-0.998625167781266,0.558337924020088
ENSG00000172270,TCGA_PRAD_primary,501,8.87444536827054,8.6351287598566,9.10063518345838,5.16279913061611,10.3415128820793
ENSG00000172331,TCGA_PRAD_primary,501,4.59871336509064,4.38802949194798,4.87410421357703,3.41231914040956,6.36559210395301
ENSG00000172340,TCGA_PRAD_primary,501,6.50718423972616,6.23826447311968,6.82050879590472,5.10140618283083,7.80656210273561
ENSG00000172840,TCGA_PRAD_primary,501,3.00353455430868,2.64838776797454,3.32066912483717,1.51311261352564,4.26405069627272
ENSG00000173599,TCGA_PRAD_primary,501,4.18114972990555,3.75368473127136,4.60838375122921,1.43036847042861,5.62816085498052
ENSG00000175567,TCGA_PRAD_primary,501,4.89973539263459,4.30325991646765,5.58999303257281,2.49110779355543,8.26294084527282
ENSG00000180902,TCGA_PRAD_primary,501,4.55967853257093,4.03961219583789,5.02951326122953,2.01389686687978,6.33950219596654
ENSG00000182054,TCGA_PRAD_primary,501,7.99189722849904,7.68637826407867,8.24663097048652,6.47630892752687,9.38978032899162
ENSG00000183048,TCGA_PRAD_primary,501,4.13665933422687,3.62849546527348,4.720945811719,0.147826069237587,7.09512077070856
ENSG00000188316,TCGA_PRAD_primary,501,-0.222490920793101,-0.390170487994214,-0.0136361698150793,-0.953044587912908,1.7863818317473
ENSG00000197444,TCGA_PRAD_primary,501,2.03607138607862,0.75309885580615,3.54503813097695,-0.978875734111729,7.19010387267375
ENSG00000198814,TCGA_PRAD_primary,501,1.64965511666356,1.37066538669212,1.93073867210708,-0.352354591082917,3.71320714435148
ENSG00000204370,TCGA_PRAD_primary,501,5.61153336410145,5.34909286865389,5.82568871375915,2.03607138607862,6.69383412110599
ENSG00000214756,TCGA_PRAD_primary,501,2.74782605116432,2.32561148288497,3.21144653770989,0.597653823847366,4.86201854647235
ENSG00000226784,TCGA_PRAD_primary,501,-0.609124440819131,-0.77967505707411,-0.407827741052367,-0.997865507878453,1.88840992015657
ENSG00000256870,TCGA_PRAD_primary,501,0.0329454544407856,-0.629229684896914,1.06306014730058,-0.997297446620871,4.48345768807934
ENSG00000004799,sperm_GroupI,4,2.25599442538555,1.77155506335309,2.50761842218272,0.394778285854216,3.18594910397573
ENSG00000004864,sperm_GroupI,4,2.4275834178793,2.06087070808043,2.69666048567698,1.43637523090932,3.02824903684449
ENSG00000005882,sperm_GroupI,4,1.55496631203003,1.43550320561917,2.10082820141372,1.35857297931749,3.45695477663394
ENSG00000008405,sperm_GroupI,4,3.02068580849754,2.90087412290369,3.35496808559549,2.84443732752521,4.05481665548628
ENSG00000014641,sperm_GroupI,4,2.64011949370034,2.35536390722166,2.84339863736905,1.81285215208003,3.1414810640808
ENSG00000060762,sperm_GroupI,4,2.35971155054956,2.01427869066386,2.75208987720715,1.25710313613976,3.65010183204699
ENSG00000062485,sperm_GroupI,4,4.36372878061203,4.25817561717839,4.57073358093806,4.23839641601689,4.89486769277675
ENSG00000063854,sperm_GroupI,4,3.54902171124278,3.34699674285661,3.75199982230246,3.01562456696738,4.08623142621218
ENSG00000067057,sperm_GroupI,4,3.50169483694869,3.27412764043989,3.63310763494409,2.96504914842,3.65372293142378
ENSG00000067225,sperm_GroupI,4,7.50857933418745,7.41249726258491,7.68027897889509,7.30266124084356,8.01696771995177
ENSG00000067829,sperm_GroupI,4,5.04734959562239,4.68268798808877,5.14749446631206,3.67291958523424,5.36371265863479
ENSG00000067992,sperm_GroupI,4,1.31293864940264,1.10250840202719,1.6751513225405,0.555936556495414,2.67707044535953
ENSG00000068976,sperm_GroupI,4,3.71813136458885,3.43728429518039,3.80941355102417,2.83222778811939,3.84577540916576
ENSG00000073578,sperm_GroupI,4,3.53748040337341,3.29702117221928,3.7259809406366,3.10492634173567,3.76219968944741
ENSG00000074800,sperm_GroupI,4,6.70302860268894,6.54178138820679,6.78808071367667,6.23426623554042,6.86701055585979
ENSG00000076555,sperm_GroupI,4,1.23051395245132,0.88787121393275,1.31577884276754,0.0440666680978379,1.38744984399539
ENSG00000079739,sperm_GroupI,4,2.61938898174065,2.01361968310852,2.70836354806927,0.208377495063775,2.96322153920349
ENSG00000087299,sperm_GroupI,4,1.34521793204202,0.905960863944422,1.91601582525923,0.60492806747506,2.61167109708746
ENSG00000090861,sperm_GroupI,4,3.32053048010679,2.95511617756507,3.48176208501502,2.0844009768901,3.73992919278953
ENSG00000091140,sperm_GroupI,4,3.06913462636555,2.91348952053647,3.22300095751983,2.75512955606235,3.37602459796957
ENSG00000091483,sperm_GroupI,4,0.858541952896429,0.651292544023538,1.19101296529032,0.197764095336474,2.0202062245404
ENSG00000100156,sperm_GroupI,4,-0.900971978043222,-0.958176291621782,-0.679774305833037,-0.982366916072188,-0.163603605487758
ENSG00000100412,sperm_GroupI,4,2.18051995767985,1.86459663940387,2.5709701843317,1.67068715660884,2.98846039225429
ENSG00000100504,sperm_GroupI,4,3.72362004683051,3.6358007159487,3.76795269048412,3.39301286369035,3.8802804810579
ENSG00000100889,sperm_GroupI,4,0.402938357084489,0.132560404931333,0.955232344786376,-0.629944012962579,2.56348486932648
ENSG00000100994,sperm_GroupI,4,4.67984546251378,4.18619896100978,5.26345308437083,4.08660727366612,5.63292813277364
ENSG00000101365,sperm_GroupI,4,3.79073620581736,3.31371093879913,4.13453433166975,2.74634536012601,4.30221848684533
ENSG00000102144,sperm_GroupI,4,3.98936380166389,3.72335009122817,4.24665753107803,3.6450725793513,4.29877509989013
ENSG00000104635,sperm_GroupI,4,1.15237402244654,0.235416824324006,1.89171555851533,-0.540862073319483,2.13514746999761
ENSG00000105220,sperm_GroupI,4,5.16513502893384,5.09125969677452,5.36519031468117,5.04400712274705,5.79098274947268
ENSG00000105679,sperm_GroupI,4,6.64337094991669,6.36718898967557,6.74710741113313,5.82758736729282,6.76937253644181
ENSG00000105953,sperm_GroupI,4,5.36976329124187,5.05324691875887,5.6514261813977,4.57547530269547,6.02463735047959
ENSG00000106633,sperm_GroupI,4,-0.205033332632096,-0.869506628234731,0.513668928941855,-0.922532895094534,0.729382093715603
ENSG00000108515,sperm_GroupI,4,-0.557424548140189,-0.724451619993007,0.0486936791399067,-0.85183120594813,1.49334673137686
ENSG00000108528,sperm_GroupI,4,4.23301691339064,3.98362791365013,4.28587942013666,3.38202272016864,4.29790513463467
ENSG00000109107,sperm_GroupI,4,1.77413630361172,1.07993219222107,2.681586347556,0.96241559270419,3.43884074473379
ENSG00000109819,sperm_GroupI,4,1.2136084529732,0.940622577742807,1.4095482578067,0.586639222084258,1.53239340227456
ENSG00000111640,sperm_GroupI,4,9.53789287280351,9.1370694895309,9.72000680057967,8.42996591697923,9.77098200664199
ENSG00000111669,sperm_GroupI,4,7.62082495385529,7.37759693757637,7.80707206314613,6.99675855980654,8.01696771995177
ENSG00000111674,sperm_GroupI,4,0.831696058598975,0.442295910325428,1.35714138831607,-0.125770490423719,2.33334333339586
ENSG00000111716,sperm_GroupI,4,4.05095598605068,3.66832663093255,4.52167292590537,3.32610182063896,5.12816049040863
ENSG00000112992,sperm_GroupI,4,1.82953740823315,1.71568059011483,1.9376002785493,1.59061041813291,2.04528860712475
ENSG00000114021,sperm_GroupI,4,1.35233998257225,1.13644171742743,1.65028716896936,0.872800131276147,2.16007551887755
ENSG00000114268,sperm_GroupI,4,2.7994894936565,2.53430611839751,3.09662603837965,2.39345313935882,3.33333852581084
ENSG00000115159,sperm_GroupI,4,3.54859382171785,2.94332055926595,4.00317375052468,2.21154674808673,4.2828675607687
ENSG00000116288,sperm_GroupI,4,5.7587628602995,5.34414836094548,5.96755374580059,4.31654202277384,6.37768924241345
ENSG00000117118,sperm_GroupI,4,3.95389469766681,3.66341933536397,4.17158013713038,3.35536308988447,4.26126661409204
ENSG00000118596,sperm_GroupI,4,0.669929022738602,0.038888195937872,1.46321858146045,-0.253809500257114,2.24266247341879
ENSG00000119689,sperm_GroupI,4,3.55834621540107,3.33955241676453,3.73146973178404,2.85805830867695,4.07595299311092
ENSG00000120053,sperm_GroupI,4,3.67716142248676,3.09881688551875,4.02547023529986,1.79446812376182,4.63971182459204
ENSG00000123836,sperm_GroupI,4,1.95646943642018,1.51372581097231,2.3764011214125,1.27248715578595,2.54920395523221
ENSG00000124253,sperm_GroupI,4,-0.936322822616424,-0.958176291621782,-0.904857472807933,-0.982366916072188,-0.85183120594813
ENSG00000124532,sperm_GroupI,4,1.82612115323313,1.63447376121272,2.16332902098976,1.54022962912708,2.6942545802841
ENSG00000124608,sperm_GroupI,4,1.86296148473527,1.504114684131,2.41381647237814,0.487848988783298,4.00610672884168
ENSG00000124767,sperm_GroupI,4,6.09872507911023,5.45327371463755,6.63983212759884,5.09902575825533,6.68104713602887
ENSG00000128272,sperm_GroupI,4,7.10450806939009,6.80481932159448,7.17994778226849,5.94934509845101,7.36267490066032
ENSG00000130957,sperm_GroupI,4,-0.900971978043222,-0.958176291621782,-0.593423155078771,-0.982366916072188,0.181800997529306
ENSG00000131069,sperm_GroupI,4,1.90175113416334,1.05296358076403,2.72812799303625,0.871489524064565,2.8423699661565
ENSG00000131482,sperm_GroupI,4,-0.936322822616424,-0.958176291621782,-0.904857472807933,-0.982366916072188,-0.85183120594813
ENSG00000131828,sperm_GroupI,4,2.19202969080101,2.09821317058195,2.29764812650662,2.01908376701508,2.41218327653317
ENSG00000132326,sperm_GroupI,4,1.33711436578094,0.300086099684315,1.99242383550521,-0.85183120594813,1.99918475202057
ENSG00000134056,sperm_GroupI,4,3.59509799826711,2.47519082135619,4.1607854144269,0.135163862426051,4.83815309110367
ENSG00000134333,sperm_GroupI,4,5.03440377861441,4.4785587159619,5.11560004626201,3.02013434449229,5.15007803271686
ENSG00000135094,sperm_GroupI,4,-0.887182050521332,-0.937491400338947,-0.32696761964748,-0.982366916072188,1.24762313925447
ENSG00000136143,sperm_GroupI,4,0.697756161646423,0.419687623817679,1.17689492610663,0.194268086738022,2.00552514308067
ENSG00000136872,sperm_GroupI,4,-0.936322822616424,-0.958176291621782,-0.904857472807933,-0.982366916072188,-0.85183120594813
ENSG00000137700,sperm_GroupI,4,1.22908743974065,0.824667709915554,1.4705526975921,0.0508758527960764,1.75548113879064
ENSG00000138030,sperm_GroupI,4,0.656090268466146,0.284490055656294,0.910928570020451,-0.116154638126214,0.961287530036322
ENSG00000138207,sperm_GroupI,4,-0.887182050521332,-0.929427858855479,-0.37475174335955,-0.950112750138313,1.05648664440619
ENSG00000138400,sperm_GroupI,4,-0.566479348529164,-0.884465133479145,-0.278261532976641,-0.982366916072188,-0.269663658575971
ENSG00000138413,sperm_GroupI,4,5.66866316495728,4.83094158537409,6.0792921982096,2.84890621281623,6.78004993177487
ENSG00000141349,sperm_GroupI,4,1.32914570554675,1.19061790866438,1.59731151105427,1.13378742755614,2.04305601803793
ENSG00000141526,sperm_GroupI,4,1.37303621571311,0.561305737790909,1.85001228073603,-0.922532895094534,2.3295876749236
ENSG00000141959,sperm_GroupI,4,2.89479081794938,2.24887587248374,3.48824631860526,1.88576695251184,3.69397690414787
ENSG00000143158,sperm_GroupI,4,6.3117776981186,6.11730775232009,6.5818608031552,5.93478755517153,6.991220478018
ENSG00000143252,sperm_GroupI,4,5.05219897317661,4.63444807804333,5.34075003406169,4.08916362407039,5.49843498529002
ENSG00000143627,sperm_GroupI,4,0.558669915357636,-0.177542606324071,1.68357604457298,-0.326876971674035,2.99899123252387
ENSG00000146701,sperm_GroupI,4,5.77967805536077,5.37621928597664,5.91284055756465,4.47698729190966,6.00118375009082
ENSG00000148942,sperm_GroupI,4,-0.792243181642561,-0.850465299258434,-0.690401682296662,-0.85183120594813,-0.558177630416892
ENSG00000149476,sperm_GroupI,4,2.6120885391883,2.30508312533495,2.88157986659768,1.84188483799026,3.23223589461044
ENSG00000149925,sperm_GroupI,4,6.03496556109605,5.87810794929213,6.06193004263963,5.42646377517105,6.1238948259797
ENSG00000150768,sperm_GroupI,4,2.70166362364665,2.57154107601665,2.81778674207463,2.27808661066057,3.06924291982463
ENSG00000152254,sperm_GroupI,4,-0.936322822616424,-0.958176291621782,-0.904857472807933,-0.982366916072188,-0.85183120594813
ENSG00000152256,sperm_GroupI,4,1.70360697927632,1.38786259427895,2.01397073502998,1.36482676092944,2.02086468064833
ENSG00000152556,sperm_GroupI,4,2.30027587417748,2.03729850377826,2.64200129646557,1.48907058558465,3.42647337032577
ENSG00000154079,sperm_GroupI,4,1.21170050832958,-0.04535719174393,2.45065304141238,-0.85183120594813,3.20281155464444
ENSG00000155380,sperm_GroupI,4,3.0607576966808,2.5077106141709,3.67922646177874,2.11453787210217,4.2686642516116
ENSG00000156510,sperm_GroupI,4,-0.096272569367036,-0.561792691399492,0.52471295251412,-0.922532895094534,1.35184935575526
ENSG00000156515,sperm_GroupI,4,5.82134285971442,5.48896115371066,6.10339605066748,5.12924215455057,6.31212950467546
ENSG00000158571,sperm_GroupI,4,-0.379347988874112,-0.869506628234731,0.12699010250943,-0.922532895094534,0.228554725437999
ENSG00000159322,sperm_GroupI,4,2.24956216864021,2.07630331243156,2.84587366242367,1.89005039340234,4.30128449417726
ENSG00000159399,sperm_GroupI,4,5.083497780179,4.99808329914108,5.16877724733514,4.94158061364089,5.22487489118999
ENSG00000160741,sperm_GroupI,4,2.40787557908911,1.9305851112709,2.87684770680953,1.71895835433717,3.06351944344992
ENSG00000160883,sperm_GroupI,4,0.256864213851287,-0.410866072426954,1.13712888774871,-0.601764545190191,1.96563052336951
ENSG00000162688,sperm_GroupI,4,1.93832975420243,1.77910010127301,2.21697674850691,1.55378943361279,2.80053944029234
ENSG00000163541,sperm_GroupI,4,3.02133903802923,2.45708955824706,3.58708127532833,2.44991056963873,3.59873853648747
ENSG00000164951,sperm_GroupI,4,3.7341979486587,3.69566538519939,3.82737646064068,3.61904313108767,4.06793656032041
ENSG00000165140,sperm_GroupI,4,3.66570762129463,2.92311232780756,4.37489220236873,1.94292590417647,5.25484648876092
ENSG00000166123,sperm_GroupI,4,3.48879352896492,2.92795895130084,3.79552050496642,2.13793184938088,3.82322480189862
ENSG00000166411,sperm_GroupI,4,2.23742276531846,1.70657981107623,2.63265028036211,1.23226373684855,2.70012003699402
ENSG00000166796,sperm_GroupI,4,-0.936322822616424,-0.958176291621782,-0.0137590652707654,-0.982366916072188,2.71256242420054
ENSG00000166800,sperm_GroupI,4,0.248612855656122,-0.285422542391577,0.710793020295429,-0.922532895094534,1.13233767277321
ENSG00000166816,sperm_GroupI,4,1.24337978761887,0.701771133760678,1.43465938102997,-0.85183120594813,1.93727453939752
ENSG00000167588,sperm_GroupI,4,-0.624986449195755,-0.884465133479145,-0.252602237480822,-0.982366916072188,0.184016127406849
ENSG00000167701,sperm_GroupI,4,2.61983831603123,2.09253445007948,2.82767910634074,0.51376975577163,3.44805457372187
ENSG00000167985,sperm_GroupI,4,4.75775933195393,4.58686116559391,4.94303904182284,4.51375174311814,5.05929309482528
ENSG00000168291,sperm_GroupI,4,2.77541850662667,2.57189796603857,2.82389119003759,1.98718868312619,2.94345690141845
ENSG00000170525,sperm_GroupI,4,2.60546166928751,2.41609541169568,2.82697026672391,2.0695859155246,3.26990678242871
ENSG00000170571,sperm_GroupI,4,2.91702562872466,2.38407517929366,3.30918934207254,1.60018616512342,3.67071814799344
ENSG00000170950,sperm_GroupI,4,7.35878917697061,6.84632984453678,7.85946267800075,6.64746233623575,8.02297269209072
ENSG00000171314,sperm_GroupI,4,5.05486479959553,4.70123644503807,5.30893080880979,4.36127063621287,5.35020958160541
ENSG00000171989,sperm_GroupI,4,-0.900971978043222,-0.958176291621782,-0.497755243764989,-0.982366916072188,0.564472642784433
ENSG00000172270,sperm_GroupI,4,5.84748890647661,5.36208903436339,6.22494169718451,4.76985940997147,6.49333007736047
ENSG00000172331,sperm_GroupI,4,1.67054143655135,0.95315295513758,1.79657544797474,-0.85183120594813,1.82749619908932
ENSG00000172340,sperm_GroupI,4,4.02560045546602,3.46969346350912,4.55457777714483,2.68216339086224,5.26131883895743
ENSG00000172840,sperm_GroupI,4,1.52745595089455,1.31807208791769,1.82733515931514,1.26346272307623,2.15343056048784
ENSG00000173599,sperm_GroupI,4,2.86342022630118,2.20883030271971,3.36550044799334,1.52114535929146,3.59565628575368
ENSG00000175567,sperm_GroupI,4,5.72646680820279,5.25068502118902,6.20175195244585,4.87454806090105,6.57639898442171
ENSG00000180902,sperm_GroupI,4,0.471485784028584,0.0910095010916462,1.05894231204985,-0.230234815187645,2.00112736358214
ENSG00000182054,sperm_GroupI,4,5.77069530989268,5.44992486537373,5.81138790844423,4.5863740778919,5.83470515802384
ENSG00000183048,sperm_GroupI,4,3.70365472464735,3.25209611394058,4.25710816141407,3.10633256388347,4.70855618965103
ENSG00000188316,sperm_GroupI,4,1.85862705505187,1.4586358143041,2.09534995086923,0.289972092091503,2.77420863829057
ENSG00000197444,sperm_GroupI,4,-0.55882740550424,-0.766109506212798,-0.0967233365042277,-0.922532895094534,0.824165957251867
ENSG00000198814,sperm_GroupI,4,-0.508330194690804,-0.599765295719671,-0.0709270910963355,-0.813151001587102,1.1803626224679
ENSG00000204370,sperm_GroupI,4,2.20474066565007,1.87368617117063,2.61059816808467,1.53206983845286,3.17662352466794
ENSG00000214756,sperm_GroupI,4,0.790370519540068,0.274348974402508,1.36588357769043,0.0615767544594638,1.75713033667188
ENSG00000226784,sperm_GroupI,4,1.12921811717315,0.832202246818955,1.52758292205031,0.807391359023312,1.85644061341485
ENSG00000256870,sperm_GroupI,4,-0.423359901213215,-0.538036812061926,-0.320687297545836,-0.85183120594813,-0.0429058252036292
ENSG00000004799,tendon_nondiabetic,3,8.23591141476424,6.26301696454479,8.35278056304577,4.29012251432533,8.4696497113273
ENSG00000004864,tendon_nondiabetic,3,4.12985838657591,4.09093000981936,4.18099375900439,4.0520016330628,4.23212913143286
ENSG00000005882,tendon_nondiabetic,3,3.15208291112972,3.02071422679357,3.61176374790003,2.88934554245742,4.07144458467033
ENSG00000008405,tendon_nondiabetic,3,4.7434290502209,4.48373916823996,5.08538106548254,4.22404928625901,5.42733308074418
ENSG00000014641,tendon_nondiabetic,3,4.51555840111864,4.49680958708288,4.64533281021614,4.47806077304713,4.77510721931364
ENSG00000060762,tendon_nondiabetic,3,5.15649338535408,4.6053384563329,5.36643938101227,4.05418352731172,5.57638537667045
ENSG00000062485,tendon_nondiabetic,3,5.71051512964994,5.69169886217643,5.74438300848458,5.67288259470292,5.77825088731922
ENSG00000063854,tendon_nondiabetic,3,2.65403945150173,2.59094107211196,2.86812566818606,2.52784269272219,3.0822118848704
ENSG00000067057,tendon_nondiabetic,3,6.85269149506749,6.74413538750666,7.18789024321537,6.63557927994582,7.52308899136325
ENSG00000067225,tendon_nondiabetic,3,9.07742343798768,8.64375105918827,9.14077527090762,8.21007868038886,9.20412710382756
ENSG00000067829,tendon_nondiabetic,3,4.92829912235925,4.67526294141201,5.14658076476024,4.42222676046477,5.36486240716123
ENSG00000067992,tendon_nondiabetic,3,5.5500040338243,5.17569280138596,5.62436464786045,4.80138156894762,5.6987252618966
ENSG00000068976,tendon_nondiabetic,3,1.19925133626425,0.536230039305702,1.55653197089905,-0.126791257652846,1.91381260553384
ENSG00000073578,tendon_nondiabetic,3,4.33580809903864,4.24751856057365,4.6959860987902,4.15922902210867,5.05616409854175
ENSG00000074800,tendon_nondiabetic,3,9.06054981666024,8.41062225871526,9.25277503212287,7.76069470077028,9.4450002475855
ENSG00000076555,tendon_nondiabetic,3,3.59391864181336,3.56475632441829,3.6865433047943,3.53559400702322,3.77916796777523
ENSG00000079739,tendon_nondiabetic,3,6.25534599067149,5.78874025630138,6.32769898194457,5.32213452193126,6.40005197321764
ENSG00000087299,tendon_nondiabetic,3,1.36331195065137,1.22262273479528,1.58269833823812,1.08193351893918,1.80208472582486
ENSG00000090861,tendon_nondiabetic,3,4.94920057411943,4.68764117236623,5.3243109848445,4.42608177061304,5.69942139556957
ENSG00000091140,tendon_nondiabetic,3,4.8148025134792,4.4594746054469,5.03184337020097,4.1041466974146,5.24888422692274
ENSG00000091483,tendon_nondiabetic,3,2.67524487556623,2.61045149911836,2.88308181429194,2.54565812267048,3.09091875301764
ENSG00000100156,tendon_nondiabetic,3,1.4439689700758,1.33927346018511,1.60868929237184,1.23457795029442,1.77340961466788
ENSG00000100412,tendon_nondiabetic,3,3.89614215620452,3.73863205772411,4.19140380184468,3.58112195924369,4.48666544748484
ENSG00000100504,tendon_nondiabetic,3,4.80935865381789,4.62532229667663,5.20365822282482,4.44128593953536,5.59795779183174
ENSG00000100889,tendon_nondiabetic,3,3.50236334752327,3.43665142704211,3.87850518642134,3.37093950656094,4.25464702531941
ENSG00000100994,tendon_nondiabetic,3,6.54308587491423,6.42137270067008,6.69183415640589,6.29965952642592,6.84058243789754
ENSG00000101365,tendon_nondiabetic,3,5.34535911618133,5.32200112491434,5.53134148395468,5.29864313364734,5.71732385172803
ENSG00000102144,tendon_nondiabetic,3,8.21614375732403,7.57007786446451,8.22602758604414,6.92401197160499,8.23591141476424
ENSG00000104635,tendon_nondiabetic,3,6.89181039695791,6.84323797313444,7.20462625717311,6.79466554931097,7.5174421173883
ENSG00000105220,tendon_nondiabetic,3,6.89853452886533,6.10708069737721,6.95431239846446,5.31562686588909,7.01009026806359
ENSG00000105679,tendon_nondiabetic,3,3.11503188080164,2.60530302227107,3.18766914578382,2.0955741637405,3.260306410766
ENSG00000105953,tendon_nondiabetic,3,6.86406093789224,6.77726834497431,6.94736054090793,6.69047575205638,7.03066014392362
ENSG00000106633,tendon_nondiabetic,3,-0.172636541532792,-0.339219913007652,-0.150972188873113,-0.505803284482511,-0.129307836213433
ENSG00000108515,tendon_nondiabetic,3,0.919033116405507,0.830669014815465,1.04436267023598,0.742304913225422,1.16969222406646
ENSG00000108528,tendon_nondiabetic,3,5.79060754530029,5.65508617194926,6.04513353586311,5.51956479859822,6.29965952642592
ENSG00000109107,tendon_nondiabetic,3,5.48688376112343,4.289756241032,5.57967678429223,3.09262872094058,5.67246980746102
ENSG00000109819,tendon_nondiabetic,3,0.39457343056713,0.255172418859383,0.547447248789552,0.115771407151636,0.700321067011973
ENSG00000111640,tendon_nondiabetic,3,11.4847517629953,10.9342772902672,11.5628464815138,10.3838028175392,11.6409412000323
ENSG00000111669,tendon_nondiabetic,3,9.30765496008885,8.54683656258986,9.34635615109465,7.78601816509087,9.38505734210044
ENSG00000111674,tendon_nondiabetic,3,6.78068980937311,5.73724368426846,6.91700883404484,4.6937975591638,7.05332785871656
ENSG00000111716,tendon_nondiabetic,3,5.65033352003916,5.27691253810662,5.81935419998178,4.90349155617407,5.98837487992439
ENSG00000112992,tendon_nondiabetic,3,4.13114647745848,4.00203446582337,4.15871435339765,3.87292245418825,4.18628222933681
ENSG00000114021,tendon_nondiabetic,3,2.78839579464211,2.72789326111506,3.10313932899092,2.667390727588,3.41788286333973
ENSG00000114268,tendon_nondiabetic,3,3.54193134204938,2.41712637733409,3.76320126881811,1.2923214126188,3.98447119558683
ENSG00000115159,tendon_nondiabetic,3,3.54924317138986,3.41922224767291,3.70749602637226,3.28920132395597,3.86574888135465
ENSG00000116288,tendon_nondiabetic,3,5.92512257325698,5.89987116581841,6.03668656322887,5.87461975837985,6.14825055320075
ENSG00000117118,tendon_nondiabetic,3,5.41039521157651,5.31397187125882,5.41560958748155,5.21754853094112,5.42082396338658
ENSG00000118596,tendon_nondiabetic,3,4.85967438203557,4.01151474851249,4.90751927188877,3.16335511498941,4.95536416174196
ENSG00000119689,tendon_nondiabetic,3,5.69114465903905,5.46680579375184,5.72656600018212,5.24246692846462,5.76198734132519
ENSG00000120053,tendon_nondiabetic,3,3.77392631568715,3.5833522954047,4.26465194344447,3.39277827512225,4.75537757120179
ENSG00000123836,tendon_nondiabetic,3,2.33739532258303,2.31007450849186,2.49983139829607,2.28275369440068,2.66226747400911
ENSG00000124253,tendon_nondiabetic,3,0.589148795347685,-0.067825252210674,1.29065216193359,-0.724799299769033,1.9921555285195
ENSG00000124532,tendon_nondiabetic,3,3.25260430280455,3.24989671936998,3.29726937595496,3.2471891359354,3.34193444910537
ENSG00000124608,tendon_nondiabetic,3,3.30562115105089,3.27959454312212,3.85506237443488,3.25356793519335,4.40450359781887
ENSG00000124767,tendon_nondiabetic,3,6.26000763797385,5.74248256803242,6.32838727554107,5.22495749809098,6.39676691310829
ENSG00000128272,tendon_nondiabetic,3,8.56251914461764,8.45970189234878,8.56806771251725,8.35688464007992,8.57361628041686
ENSG00000130957,tendon_nondiabetic,3,-0.948774669508337,-0.961170536790925,-0.887449854139486,-0.973566404073513,-0.826125038770635
ENSG00000131069,tendon_nondiabetic,3,4.10055920794585,3.90703216563808,4.20709649148433,3.71350512333031,4.31363377502281
ENSG00000131482,tendon_nondiabetic,3,-0.948774669508337,-0.971219770782992,-0.691073674716926,-0.993664872057646,-0.433372679925515
ENSG00000131828,tendon_nondiabetic,3,4.05722497051827,4.01908269155399,4.08233908226586,3.98094041258971,4.10745319401346
ENSG00000132326,tendon_nondiabetic,3,4.96108868534599,4.86143239176119,5.12458627533877,4.76177609817639,5.28808386533154
ENSG00000134056,tendon_nondiabetic,3,1.74043189707757,1.19244520018349,1.85488250093035,0.6444585032894,1.96933310478312
ENSG00000134333,tendon_nondiabetic,3,8.58049889858151,8.517251732261,9.01274957308351,8.45400456594049,9.4450002475855
ENSG00000135094,tendon_nondiabetic,3,1.88954508336117,1.05647358107236,2.56009493650644,0.223402078783546,3.2306447896517
ENSG00000136143,tendon_nondiabetic,3,3.02281872971104,2.6636241878477,3.16700469346683,2.30442964598436,3.31119065722262
ENSG00000136872,tendon_nondiabetic,3,0.8618750069449,0.382353113858825,1.24788636838324,-0.0971687792272501,1.63389772982158
ENSG00000137700,tendon_nondiabetic,3,2.22787232491309,2.10725210065426,2.70598957689608,1.98663187639542,3.18410682887907
ENSG00000138030,tendon_nondiabetic,3,2.12194730765794,1.88262681815196,2.18618290522536,1.64330632864597,2.25041850279278
ENSG00000138207,tendon_nondiabetic,3,4.97695771901482,4.97511171288586,5.99670440613587,4.97326570675689,7.01645109325691
ENSG00000138400,tendon_nondiabetic,3,-0.613015079572211,-0.697229279442511,-0.525654663404488,-0.781443479312811,-0.438294247236764
ENSG00000138413,tendon_nondiabetic,3,5.20731370195202,4.91008419625521,5.25438485284051,4.61285469055839,5.301456003729
ENSG00000141349,tendon_nondiabetic,3,2.91155974981791,2.65279445831229,3.40488011090127,2.39402916680667,3.89820047198462
ENSG00000141526,tendon_nondiabetic,3,4.0757659916894,3.45872676894131,4.95363057248755,2.84168754619322,5.83149515328569
ENSG00000141959,tendon_nondiabetic,3,5.44414589062953,5.16524521282679,5.92711718607108,4.88634453502405,6.41008848151262
ENSG00000143158,tendon_nondiabetic,3,4.69998681119122,4.45135100795117,4.77157124437234,4.20271520471111,4.84315567755347
ENSG00000143252,tendon_nondiabetic,3,7.26042772124879,7.21170280776803,7.42328219099016,7.16297789428726,7.58613666073153
ENSG00000143627,tendon_nondiabetic,3,-0.321047529034361,-0.462507495261581,-0.317690044963081,-0.603967461488801,-0.314332560891801
ENSG00000146701,tendon_nondiabetic,3,5.22447093216722,5.20721485949593,5.62167573689681,5.18995878682465,6.01888054162639
ENSG00000148942,tendon_nondiabetic,3,-0.973566404073513,-0.98361563806558,-0.827989871472736,-0.993664872057646,-0.682413338871959
ENSG00000149476,tendon_nondiabetic,3,3.11420184771919,2.91576812306362,3.53800410640853,2.71733439840804,3.96180636509787
ENSG00000149925,tendon_nondiabetic,3,8.16450778704429,7.58464154331659,8.44341583123038,7.00477529958889,8.72232387541647
ENSG00000150768,tendon_nondiabetic,3,3.12488589220413,3.12114462418138,3.30013344129327,3.11740335615863,3.47538099038241
ENSG00000152254,tendon_nondiabetic,3,-0.948774669508337,-0.961170536790925,-0.945637777909644,-0.973566404073513,-0.94250088631095
ENSG00000152256,tendon_nondiabetic,3,3.32619642240256,2.8778712129613,3.83533702795075,2.42954600352004,4.34447763349895
ENSG00000152556,tendon_nondiabetic,3,4.32442851539438,4.24260701023261,4.58099173561652,4.16078550507083,4.83755495583866
ENSG00000154079,tendon_nondiabetic,3,1.24648662788366,1.05891496388281,1.88008002267117,0.871343299881963,2.51367341745867
ENSG00000155380,tendon_nondiabetic,3,5.50454649421531,5.13677844683763,5.93377696704086,4.76901039945994,6.36300743986641
ENSG00000156510,tendon_nondiabetic,3,-0.948774669508337,-0.949685702114936,-0.598935087197368,-0.950596734721535,-0.249095504886398
ENSG00000156515,tendon_nondiabetic,3,6.2101988274835,6.12957216304866,6.59134866995617,6.04894549861381,6.97249851242883
ENSG00000158571,tendon_nondiabetic,3,0.54253986255193,0.360924651635701,0.80626229981731,0.179309440719471,1.06998473708269
ENSG00000159322,tendon_nondiabetic,3,5.06531231123697,4.88867286441343,5.26412782011275,4.71203341758988,5.46294332898852
ENSG00000159399,tendon_nondiabetic,3,5.20028361189639,3.84392836916086,5.69234024935151,2.48757312642532,6.18439688680662
ENSG00000160741,tendon_nondiabetic,3,4.3563077572044,4.3414008925168,4.69175373306659,4.32649402782919,5.02719970892877
ENSG00000160883,tendon_nondiabetic,3,3.75404203047304,2.89942576045421,3.87661001283073,2.04480949043538,3.99917799518842
ENSG00000162688,tendon_nondiabetic,3,3.81116762577227,3.42140513935388,3.90159061164492,3.03164265293549,3.99201359751756
ENSG00000163541,tendon_nondiabetic,3,4.5509171977969,4.43087156903551,4.56183719210757,4.31082594027412,4.57275718641824
ENSG00000164951,tendon_nondiabetic,3,4.48666544748484,4.45720218891313,4.75212341739188,4.42773893034142,5.01758138729891
ENSG00000165140,tendon_nondiabetic,3,4.067786208729,2.78781634918452,4.35098710302216,1.50784648964003,4.63418799731531
ENSG00000166123,tendon_nondiabetic,3,1.86456140361543,1.68336704621891,2.59116652089192,1.50217268882239,3.31777163816841
ENSG00000166411,tendon_nondiabetic,3,3.23426721890357,3.11791444349598,3.38571555090572,3.00156166808839,3.53716388290787
ENSG00000166796,tendon_nondiabetic,3,-0.817150228491044,-0.905407550274345,-0.24971615402059,-0.993664872057646,0.317717920449864
ENSG00000166800,tendon_nondiabetic,3,0.940411321193549,0.623549029346087,1.26244656214949,0.306686737498625,1.58448180310544
ENSG00000166816,tendon_nondiabetic,3,2.60028631335289,2.37850054101945,2.79314339574313,2.156714768686,2.98600047813336
ENSG00000167588,tendon_nondiabetic,3,-0.229706069726012,-0.418069137707172,-0.014019162492846,-0.606432205688332,0.20166774474032
ENSG00000167701,tendon_nondiabetic,3,1.05552837944814,1.00854319707653,1.14870133006108,0.961558014704921,1.24187428067402
ENSG00000167985,tendon_nondiabetic,3,5.37164253639291,5.22145877804844,5.51028636371967,5.07127501970396,5.64893019104642
ENSG00000168291,tendon_nondiabetic,3,4.00069127246666,3.88663864241371,4.16610613240325,3.77258601236075,4.33152099233985
ENSG00000170525,tendon_nondiabetic,3,5.88681092213841,5.51987599865174,6.26830505655931,5.15294107516506,6.64979919098021
ENSG00000170571,tendon_nondiabetic,3,5.37074020481427,4.15473773829056,5.42483767552801,2.93873527176684,5.47893514624174
ENSG00000170950,tendon_nondiabetic,3,-0.973566404073513,-0.98361563806558,-0.961170536790925,-0.993664872057646,-0.948774669508337
ENSG00000171314,tendon_nondiabetic,3,7.96210646898206,7.39126555839868,8.10110186883528,6.82042464781531,8.24009726868851
ENSG00000171989,tendon_nondiabetic,3,2.32156941215411,2.0372604147173,2.40457126928972,1.75295141728049,2.48757312642532
ENSG00000172270,tendon_nondiabetic,3,7.20090791418731,7.15468573476726,7.51593625705289,7.1084635553472,7.83096459991846
ENSG00000172331,tendon_nondiabetic,3,4.67460130957271,4.45028063142937,4.74079724801383,4.22595995328602,4.80699318645494
ENSG00000172340,tendon_nondiabetic,3,5.47335197247903,5.4363549356047,5.58701231106983,5.39935789873036,5.70067264966064
ENSG00000172840,tendon_nondiabetic,3,2.00425093603479,1.84076669268312,2.12859129167879,1.67728244933144,2.25293164732278
ENSG00000173599,tendon_nondiabetic,3,4.05282989613322,3.44707111541944,4.06292333744974,2.84131233470565,4.07301677876626
ENSG00000175567,tendon_nondiabetic,3,6.22335904676716,5.70941488192112,6.29974654240466,5.19547071707508,6.37613403804215
ENSG00000180902,tendon_nondiabetic,3,3.82140392260752,3.76723305903405,3.86985371037942,3.71306219546058,3.91830349815131
ENSG00000182054,tendon_nondiabetic,3,5.60213081509041,5.36931972649726,6.12131288047777,5.13650863790411,6.64049494586512
ENSG00000183048,tendon_nondiabetic,3,2.09415980993235,1.40797946838228,2.65522996195045,0.721799126832215,3.21630011396854
ENSG00000188316,tendon_nondiabetic,3,3.20182272382187,3.1120233051239,3.64219072099567,3.02222388642592,4.08255871816946
ENSG00000197444,tendon_nondiabetic,3,-0.923754461500455,-0.936264565504396,-0.866774901808238,-0.948774669508337,-0.80979534211602
ENSG00000198814,tendon_nondiabetic,3,2.59853537903988,2.24106515390686,2.62114510688155,1.88359492877383,2.64375483472321
ENSG00000204370,tendon_nondiabetic,3,5.2956776927332,5.29082541614615,5.49133327017826,5.28597313955909,5.68698884762332
ENSG00000214756,tendon_nondiabetic,3,2.13724720643884,1.49772226272582,2.2987257811128,0.858197319012803,2.46020435578676
ENSG00000226784,tendon_nondiabetic,3,1.15033387786468,0.985970309818826,1.87658740068836,0.821606741772971,2.60284092351203
ENSG00000256870,tendon_nondiabetic,3,-0.973566404073513,-0.98361563806558,-0.961170536790925,-0.993664872057646,-0.948774669508337
