ConnGroup,LogLoss,Model,Candidate,InnerFold,OuterGroup
4,0.579352399227523,SHRINK,original,1,1
8,0.567753797677159,SHRINK,original,1,1
12,0.815547692443203,SHRINK,original,1,1
13,0.474360110272311,SHRINK,original,1,1
4,0.490760366596519,SHRINK_CAL,original,1,1
8,0.605821929656737,SHRINK_CAL,original,1,1
12,0.938033700626368,SHRINK_CAL,original,1,1
13,0.520827702989675,SHRINK_CAL,original,1,1
7,0.562529055588195,SHRINK,original,2,1
15,0.706290351135314,SHRINK,original,2,1
18,0.549342249484816,SHRINK,original,2,1
19,0.631542208996649,SHRINK,original,2,1
7,0.620148697960648,SHRINK_CAL,original,2,1
15,0.787509556014503,SHRINK_CAL,original,2,1
18,0.639131360192462,SHRINK_CAL,original,2,1
19,0.700648855240861,SHRINK_CAL,original,2,1
5,0.715297679789465,SHRINK,original,3,1
6,0.726435387265002,SHRINK,original,3,1
9,0.585737072210794,SHRINK,original,3,1
14,0.600640074392398,SHRINK,original,3,1
5,0.601878395562176,SHRINK_CAL,original,3,1
6,0.607387569722788,SHRINK_CAL,original,3,1
9,0.556188796544164,SHRINK_CAL,original,3,1
14,0.536325751937152,SHRINK_CAL,original,3,1
2,0.52492255327385,SHRINK,original,4,1
3,0.609723452188065,SHRINK,original,4,1
10,0.444995930659721,SHRINK,original,4,1
2,0.454623088312498,SHRINK_CAL,original,4,1
3,0.5448988226916,SHRINK_CAL,original,4,1
10,0.512710480679554,SHRINK_CAL,original,4,1
11,0.612639380979411,SHRINK,original,5,1
16,0.567212015798775,SHRINK,original,5,1
17,0.454975896640944,SHRINK,original,5,1
11,0.564127703303199,SHRINK_CAL,original,5,1
16,0.58782859070014,SHRINK_CAL,original,5,1
17,0.520633099982588,SHRINK_CAL,original,5,1
4,0.543949070746767,SHRINK,group_0.5,1,1
8,0.619651550186951,SHRINK,group_0.5,1,1
12,1.01238431796262,SHRINK,group_0.5,1,1
13,0.491810829728694,SHRINK,group_0.5,1,1
4,0.487056368499361,SHRINK_CAL,group_0.5,1,1
8,0.623411165363005,SHRINK_CAL,group_0.5,1,1
12,0.970795366780149,SHRINK_CAL,group_0.5,1,1
13,0.535643554205802,SHRINK_CAL,group_0.5,1,1
7,0.582707536910431,SHRINK,group_0.5,2,1
15,0.807290326149503,SHRINK,group_0.5,2,1
18,0.595465793316864,SHRINK,group_0.5,2,1
19,0.677325809608478,SHRINK,group_0.5,2,1
7,0.62617541833762,SHRINK_CAL,group_0.5,2,1
15,0.794362387722362,SHRINK_CAL,group_0.5,2,1
18,0.660075954746238,SHRINK_CAL,group_0.5,2,1
19,0.70143852759836,SHRINK_CAL,group_0.5,2,1
5,0.733775585220593,SHRINK,group_0.5,3,1
6,0.761748828952494,SHRINK,group_0.5,3,1
9,0.584874333461734,SHRINK,group_0.5,3,1
14,0.645939991722154,SHRINK,group_0.5,3,1
5,0.583900217647552,SHRINK_CAL,group_0.5,3,1
6,0.595380817953938,SHRINK_CAL,group_0.5,3,1
9,0.551381577056172,SHRINK_CAL,group_0.5,3,1
14,0.552178648136915,SHRINK_CAL,group_0.5,3,1
2,0.490120125492747,SHRINK,group_0.5,4,1
3,0.594320526838047,SHRINK,group_0.5,4,1
10,0.437065944278459,SHRINK,group_0.5,4,1
2,0.460379412715257,SHRINK_CAL,group_0.5,4,1
3,0.544045922532579,SHRINK_CAL,group_0.5,4,1
10,0.531058089463526,SHRINK_CAL,group_0.5,4,1
11,0.603332948928889,SHRINK,group_0.5,5,1
16,0.562964002938248,SHRINK,group_0.5,5,1
17,0.49040309746584,SHRINK,group_0.5,5,1
11,0.572870983683511,SHRINK_CAL,group_0.5,5,1
16,0.584253040076962,SHRINK_CAL,group_0.5,5,1
17,0.549025605302912,SHRINK_CAL,group_0.5,5,1
4,0.520297699325755,SHRINK,group_2,1,1
8,0.602541566055412,SHRINK,group_2,1,1
12,0.912735931266701,SHRINK,group_2,1,1
13,0.505728268805472,SHRINK,group_2,1,1
4,0.488575245562666,SHRINK_CAL,group_2,1,1
8,0.617646327249696,SHRINK_CAL,group_2,1,1
12,0.950004533737322,SHRINK_CAL,group_2,1,1
13,0.528433958596349,SHRINK_CAL,group_2,1,1
7,0.580146124392704,SHRINK,group_2,2,1
15,0.76826844210057,SHRINK,group_2,2,1
18,0.594986618216398,SHRINK,group_2,2,1
19,0.666199427989723,SHRINK,group_2,2,1
7,0.622403408908795,SHRINK_CAL,group_2,2,1
15,0.792389989106482,SHRINK_CAL,group_2,2,1
18,0.654644505898796,SHRINK_CAL,group_2,2,1
19,0.702016905359751,SHRINK_CAL,group_2,2,1
5,0.688325479678519,SHRINK,group_2,3,1
6,0.706149090064687,SHRINK,group_2,3,1
9,0.567510993264597,SHRINK,group_2,3,1
14,0.62137962305211,SHRINK,group_2,3,1
5,0.594053818541541,SHRINK_CAL,group_2,3,1
6,0.605181912318206,SHRINK_CAL,group_2,3,1
9,0.545054193316885,SHRINK_CAL,group_2,3,1
14,0.557364617750805,SHRINK_CAL,group_2,3,1
2,0.485503372455414,SHRINK,group_2,4,1
3,0.57754270544464,SHRINK,group_2,4,1
10,0.455036394481561,SHRINK,group_2,4,1
2,0.457552238458832,SHRINK_CAL,group_2,4,1
3,0.543225708012404,SHRINK_CAL,group_2,4,1
10,0.514101414417194,SHRINK_CAL,group_2,4,1
11,0.579171638134611,SHRINK,group_2,5,1
16,0.556416344021654,SHRINK,group_2,5,1
17,0.502925132348439,SHRINK,group_2,5,1
11,0.566067258401081,SHRINK_CAL,group_2,5,1
16,0.573631395817934,SHRINK_CAL,group_2,5,1
17,0.537664804144651,SHRINK_CAL,group_2,5,1
4,0.497551688693083,SHRINK,group_8,1,1
8,0.611346678996852,SHRINK,group_8,1,1
12,0.854654537002134,SHRINK,group_8,1,1
13,0.553947535806508,SHRINK,group_8,1,1
4,0.489033039725419,SHRINK_CAL,group_8,1,1
8,0.611777148386195,SHRINK_CAL,group_8,1,1
12,0.914157730158349,SHRINK_CAL,group_8,1,1
13,0.531681859311085,SHRINK_CAL,group_8,1,1
7,0.606761396932508,SHRINK,group_8,2,1
15,0.760197146374046,SHRINK,group_8,2,1
18,0.631940972833992,SHRINK,group_8,2,1
19,0.680958958648243,SHRINK,group_8,2,1
7,0.633499900722282,SHRINK_CAL,group_8,2,1
15,0.793859755895317,SHRINK_CAL,group_8,2,1
18,0.668662683174058,SHRINK_CAL,group_8,2,1
19,0.711139919092118,SHRINK_CAL,group_8,2,1
5,0.629355047543193,SHRINK,group_8,3,1
6,0.637950666655436,SHRINK,group_8,3,1
9,0.56754684157582,SHRINK,group_8,3,1
14,0.592153163882287,SHRINK,group_8,3,1
5,0.594633490975412,SHRINK_CAL,group_8,3,1
6,0.603345897089008,SHRINK_CAL,group_8,3,1
9,0.54548673489147,SHRINK_CAL,group_8,3,1
14,0.560678515304495,SHRINK_CAL,group_8,3,1
2,0.485772490405927,SHRINK,group_8,4,1
3,0.558367075613002,SHRINK,group_8,4,1
10,0.515347786722444,SHRINK,group_8,4,1
2,0.461241491423027,SHRINK_CAL,group_8,4,1
3,0.54482049214741,SHRINK_CAL,group_8,4,1
10,0.519385385827679,SHRINK_CAL,group_8,4,1
11,0.56896235475173,SHRINK,group_8,5,1
16,0.577051690701668,SHRINK,group_8,5,1
17,0.554393438263393,SHRINK,group_8,5,1
11,0.561050872501597,SHRINK_CAL,group_8,5,1
16,0.569943566165554,SHRINK_CAL,group_8,5,1
17,0.540951390835216,SHRINK_CAL,group_8,5,1
4,0.502131596909094,SHRINK,group_32,1,1
8,0.663841555001136,SHRINK,group_32,1,1
12,0.866058177532682,SHRINK,group_32,1,1
13,0.640626734431277,SHRINK,group_32,1,1
4,0.485114320483293,SHRINK_CAL,group_32,1,1
8,0.637513510742431,SHRINK_CAL,group_32,1,1
12,0.876305794710463,SHRINK_CAL,group_32,1,1
13,0.597713882653268,SHRINK_CAL,group_32,1,1
7,0.663153299290486,SHRINK,group_32,2,1
15,0.792498625148574,SHRINK,group_32,2,1
18,0.703010089414665,SHRINK,group_32,2,1
19,0.726505170544949,SHRINK,group_32,2,1
7,0.691582106179824,SHRINK_CAL,group_32,2,1
15,0.820519969711729,SHRINK_CAL,group_32,2,1
18,0.739594234359251,SHRINK_CAL,group_32,2,1
19,0.754438288236206,SHRINK_CAL,group_32,2,1
5,0.596648365797709,SHRINK,group_32,3,1
6,0.598472615584971,SHRINK,group_32,3,1
9,0.600543237777982,SHRINK,group_32,3,1
14,0.593043370324393,SHRINK,group_32,3,1
5,0.574439679843674,SHRINK_CAL,group_32,3,1
6,0.576721662679224,SHRINK_CAL,group_32,3,1
9,0.580512479501992,SHRINK_CAL,group_32,3,1
14,0.570230777760577,SHRINK_CAL,group_32,3,1
2,0.499830309000495,SHRINK,group_32,4,1
3,0.569118113624,SHRINK,group_32,4,1
10,0.617189380296501,SHRINK,group_32,4,1
2,0.48566099958236,SHRINK_CAL,group_32,4,1
3,0.560362006433094,SHRINK_CAL,group_32,4,1
10,0.610369791640257,SHRINK_CAL,group_32,4,1
11,0.588533438606797,SHRINK,group_32,5,1
16,0.636106071578035,SHRINK,group_32,5,1
17,0.638830521514505,SHRINK,group_32,5,1
11,0.572256364705146,SHRINK_CAL,group_32,5,1
16,0.612382178526303,SHRINK_CAL,group_32,5,1
17,0.610150587406947,SHRINK_CAL,group_32,5,1
4,0.587522826167174,SHRINK,row_0.5,1,1
8,0.594069601373444,SHRINK,row_0.5,1,1
12,0.962316597571995,SHRINK,row_0.5,1,1
13,0.468070346067882,SHRINK,row_0.5,1,1
4,0.492721691802348,SHRINK_CAL,row_0.5,1,1
8,0.610113379573479,SHRINK_CAL,row_0.5,1,1
12,0.958477827632256,SHRINK_CAL,row_0.5,1,1
13,0.52737885965887,SHRINK_CAL,row_0.5,1,1
7,0.575072211705213,SHRINK,row_0.5,2,1
15,0.784632944601926,SHRINK,row_0.5,2,1
18,0.566960918556787,SHRINK,row_0.5,2,1
19,0.657613607515787,SHRINK,row_0.5,2,1
7,0.62117093595322,SHRINK_CAL,row_0.5,2,1
15,0.788613559098514,SHRINK_CAL,row_0.5,2,1
18,0.64515481574235,SHRINK_CAL,row_0.5,2,1
19,0.693941661777479,SHRINK_CAL,row_0.5,2,1
5,0.733502694370269,SHRINK,row_0.5,3,1
6,0.750478738655823,SHRINK,row_0.5,3,1
9,0.596398705651648,SHRINK,row_0.5,3,1
14,0.602486447596015,SHRINK,row_0.5,3,1
5,0.589957438786824,SHRINK_CAL,row_0.5,3,1
6,0.594435199800617,SHRINK_CAL,row_0.5,3,1
9,0.562912188688414,SHRINK_CAL,row_0.5,3,1
14,0.53761360002021,SHRINK_CAL,row_0.5,3,1
2,0.506965462625954,SHRINK,row_0.5,4,1
3,0.615586304900571,SHRINK,row_0.5,4,1
10,0.437563825371742,SHRINK,row_0.5,4,1
2,0.460337610831255,SHRINK_CAL,row_0.5,4,1
3,0.547506507728006,SHRINK_CAL,row_0.5,4,1
10,0.533001077616786,SHRINK_CAL,row_0.5,4,1
11,0.63663900596137,SHRINK,row_0.5,5,1
16,0.584780207149431,SHRINK,row_0.5,5,1
17,0.448505907955431,SHRINK,row_0.5,5,1
11,0.572803110040816,SHRINK_CAL,row_0.5,5,1
16,0.594477897489905,SHRINK_CAL,row_0.5,5,1
17,0.532578893190395,SHRINK_CAL,row_0.5,5,1
4,0.562336099264077,SHRINK,row_2,1,1
8,0.578292699639929,SHRINK,row_2,1,1
12,0.872478297202526,SHRINK,row_2,1,1
13,0.47658540210557,SHRINK,row_2,1,1
4,0.495513381051332,SHRINK_CAL,row_2,1,1
8,0.603268568449507,SHRINK_CAL,row_2,1,1
12,0.936070771667228,SHRINK_CAL,row_2,1,1
13,0.517081143374728,SHRINK_CAL,row_2,1,1
7,0.570936546827914,SHRINK,row_2,2,1
15,0.748009119818408,SHRINK,row_2,2,1
18,0.563329812739426,SHRINK,row_2,2,1
19,0.648941810089239,SHRINK,row_2,2,1
7,0.616455839919917,SHRINK_CAL,row_2,2,1
15,0.784181543989075,SHRINK_CAL,row_2,2,1
18,0.635712223436945,SHRINK_CAL,row_2,2,1
19,0.693622807386462,SHRINK_CAL,row_2,2,1
5,0.699883959070946,SHRINK,row_2,3,1
6,0.709505566447383,SHRINK,row_2,3,1
9,0.57841696244616,SHRINK,row_2,3,1
14,0.591194497878282,SHRINK,row_2,3,1
5,0.600397620775175,SHRINK_CAL,row_2,3,1
6,0.604608336561757,SHRINK_CAL,row_2,3,1
9,0.556440471842241,SHRINK_CAL,row_2,3,1
14,0.539262047973385,SHRINK_CAL,row_2,3,1
2,0.499612099587371,SHRINK,row_2,4,1
3,0.597936796247049,SHRINK,row_2,4,1
10,0.448129185833632,SHRINK,row_2,4,1
2,0.457794615779996,SHRINK_CAL,row_2,4,1
3,0.547822650702663,SHRINK_CAL,row_2,4,1
10,0.515006062518145,SHRINK_CAL,row_2,4,1
11,0.606185734151383,SHRINK,row_2,5,1
16,0.570204867544933,SHRINK,row_2,5,1
17,0.457684225772542,SHRINK,row_2,5,1
11,0.567348449972748,SHRINK_CAL,row_2,5,1
16,0.586731596223755,SHRINK_CAL,row_2,5,1
17,0.519232087702208,SHRINK_CAL,row_2,5,1
4,0.526218280399857,SHRINK,row_8,1,1
8,0.578767177535052,SHRINK,row_8,1,1
12,0.815906710164046,SHRINK,row_8,1,1
13,0.509851162365973,SHRINK,row_8,1,1
4,0.500674042415346,SHRINK_CAL,row_8,1,1
8,0.595678941891283,SHRINK_CAL,row_8,1,1
12,0.905382864677473,SHRINK_CAL,row_8,1,1
13,0.510890821870348,SHRINK_CAL,row_8,1,1
7,0.589233819744309,SHRINK,row_8,2,1
15,0.736342909484008,SHRINK,row_8,2,1
18,0.592580410457305,SHRINK,row_8,2,1
19,0.66030729831332,SHRINK,row_8,2,1
7,0.621356103318281,SHRINK_CAL,row_8,2,1
15,0.781975889717373,SHRINK_CAL,row_8,2,1
18,0.64022032576339,SHRINK_CAL,row_8,2,1
19,0.699213259466907,SHRINK_CAL,row_8,2,1
5,0.647203812662316,SHRINK,row_8,3,1
6,0.651526932598816,SHRINK,row_8,3,1
9,0.568071206675413,SHRINK,row_8,3,1
14,0.573395022008121,SHRINK,row_8,3,1
5,0.606897533288435,SHRINK_CAL,row_8,3,1
6,0.610243380962307,SHRINK_CAL,row_8,3,1
9,0.553344925271709,SHRINK_CAL,row_8,3,1
14,0.543392453741344,SHRINK_CAL,row_8,3,1
2,0.492966857209245,SHRINK,row_8,4,1
3,0.569910525081412,SHRINK,row_8,4,1
10,0.491777911916336,SHRINK,row_8,4,1
2,0.460185017586486,SHRINK_CAL,row_8,4,1
3,0.549439956488378,SHRINK_CAL,row_8,4,1
10,0.50937457907846,SHRINK_CAL,row_8,4,1
11,0.579009936770959,SHRINK,row_8,5,1
16,0.571137272996148,SHRINK,row_8,5,1
17,0.50360353123736,SHRINK,row_8,5,1
11,0.563866101962974,SHRINK_CAL,row_8,5,1
16,0.581247603140697,SHRINK_CAL,row_8,5,1
17,0.514246903621493,SHRINK_CAL,row_8,5,1
4,0.50703069428507,SHRINK,row_32,1,1
8,0.625006313236624,SHRINK,row_32,1,1
12,0.828960154719684,SHRINK,row_32,1,1
13,0.591545034671807,SHRINK,row_32,1,1
4,0.492252381435846,SHRINK_CAL,row_32,1,1
8,0.599618167978241,SHRINK_CAL,row_32,1,1
12,0.863934233844395,SHRINK_CAL,row_32,1,1
13,0.540683397003951,SHRINK_CAL,row_32,1,1
7,0.641375571970537,SHRINK,row_32,2,1
15,0.768519606798393,SHRINK,row_32,2,1
18,0.666218201461732,SHRINK,row_32,2,1
19,0.704701235773679,SHRINK,row_32,2,1
7,0.662316199368892,SHRINK_CAL,row_32,2,1
15,0.799887563059089,SHRINK_CAL,row_32,2,1
18,0.696519028531149,SHRINK_CAL,row_32,2,1
19,0.73047726383703,SHRINK_CAL,row_32,2,1
5,0.60409613788295,SHRINK,row_32,3,1
6,0.604938348214954,SHRINK,row_32,3,1
9,0.58801761255077,SHRINK,row_32,3,1
14,0.57472927667546,SHRINK,row_32,3,1
5,0.586542696553453,SHRINK_CAL,row_32,3,1
6,0.588110946127519,SHRINK_CAL,row_32,3,1
9,0.564340306281477,SHRINK_CAL,row_32,3,1
14,0.547878072685493,SHRINK_CAL,row_32,3,1
2,0.498570830513664,SHRINK,row_32,4,1
3,0.564811747949232,SHRINK,row_32,4,1
10,0.58549343819891,SHRINK,row_32,4,1
2,0.475284664439896,SHRINK_CAL,row_32,4,1
3,0.551816115266021,SHRINK_CAL,row_32,4,1
10,0.567210655100383,SHRINK_CAL,row_32,4,1
11,0.581988366541927,SHRINK,row_32,5,1
16,0.61520716743826,SHRINK,row_32,5,1
17,0.59641174833904,SHRINK,row_32,5,1
11,0.5628880476087,SHRINK_CAL,row_32,5,1
16,0.594073006535366,SHRINK_CAL,row_32,5,1
17,0.558568074261799,SHRINK_CAL,row_32,5,1
4,0.579825285486213,SHRINK,original,1,2
8,0.569693005849523,SHRINK,original,1,2
12,0.790601357130083,SHRINK,original,1,2
13,0.476870074528075,SHRINK,original,1,2
4,0.492034411039226,SHRINK_CAL,original,1,2
8,0.605832092162069,SHRINK_CAL,original,1,2
12,0.911570012237964,SHRINK_CAL,original,1,2
13,0.520473324936921,SHRINK_CAL,original,1,2
7,0.567259786156366,SHRINK,original,2,2
15,0.682950842705279,SHRINK,original,2,2
18,0.543324435086849,SHRINK,original,2,2
19,0.627164308746657,SHRINK,original,2,2
7,0.618199915242776,SHRINK_CAL,original,2,2
15,0.765142642861332,SHRINK_CAL,original,2,2
18,0.629060861472475,SHRINK_CAL,original,2,2
19,0.69184093392308,SHRINK_CAL,original,2,2
5,0.766513883906419,SHRINK,original,3,2
6,0.763609412402332,SHRINK,original,3,2
9,0.615326346406979,SHRINK,original,3,2
14,0.623255124744326,SHRINK,original,3,2
5,0.63377642436392,SHRINK_CAL,original,3,2
6,0.630196204905351,SHRINK_CAL,original,3,2
9,0.573540434549887,SHRINK_CAL,original,3,2
14,0.548396571301054,SHRINK_CAL,original,3,2
1,0.544862030206929,SHRINK,original,4,2
3,0.609723452188065,SHRINK,original,4,2
10,0.444995930659721,SHRINK,original,4,2
1,0.485383073159176,SHRINK_CAL,original,4,2
3,0.5448988226916,SHRINK_CAL,original,4,2
10,0.512710480679554,SHRINK_CAL,original,4,2
11,0.621467331641015,SHRINK,original,5,2
16,0.581562616560915,SHRINK,original,5,2
17,0.453605404407818,SHRINK,original,5,2
11,0.565138059100764,SHRINK_CAL,original,5,2
16,0.598506058665146,SHRINK_CAL,original,5,2
17,0.520082721471582,SHRINK_CAL,original,5,2
4,0.542701798335013,SHRINK,group_0.5,1,2
8,0.619778355859904,SHRINK,group_0.5,1,2
12,0.967656854777369,SHRINK,group_0.5,1,2
13,0.494890565799427,SHRINK,group_0.5,1,2
4,0.485141224718181,SHRINK_CAL,group_0.5,1,2
8,0.62523873970866,SHRINK_CAL,group_0.5,1,2
12,0.945926638950196,SHRINK_CAL,group_0.5,1,2
13,0.537286125023349,SHRINK_CAL,group_0.5,1,2
7,0.579352240813643,SHRINK,group_0.5,2,2
15,0.769510060125315,SHRINK,group_0.5,2,2
18,0.58040754547068,SHRINK,group_0.5,2,2
19,0.666325274652055,SHRINK,group_0.5,2,2
7,0.622165935635161,SHRINK_CAL,group_0.5,2,2
15,0.774607101579363,SHRINK_CAL,group_0.5,2,2
18,0.650116707992516,SHRINK_CAL,group_0.5,2,2
19,0.693867400311608,SHRINK_CAL,group_0.5,2,2
5,0.837914300783894,SHRINK,group_0.5,3,2
6,0.839404660081166,SHRINK,group_0.5,3,2
9,0.643520294424137,SHRINK,group_0.5,3,2
14,0.698971118094363,SHRINK,group_0.5,3,2
5,0.622548350082612,SHRINK_CAL,group_0.5,3,2
6,0.620690250750561,SHRINK_CAL,group_0.5,3,2
9,0.572569918393846,SHRINK_CAL,group_0.5,3,2
14,0.56615283890605,SHRINK_CAL,group_0.5,3,2
1,0.537789189181767,SHRINK,group_0.5,4,2
3,0.594320526838047,SHRINK,group_0.5,4,2
10,0.437065944278459,SHRINK,group_0.5,4,2
1,0.500111327297298,SHRINK_CAL,group_0.5,4,2
3,0.544045922532579,SHRINK_CAL,group_0.5,4,2
10,0.531058089463526,SHRINK_CAL,group_0.5,4,2
11,0.609896876640481,SHRINK,group_0.5,5,2
16,0.578390725348111,SHRINK,group_0.5,5,2
17,0.488032357266577,SHRINK,group_0.5,5,2
11,0.573205036216796,SHRINK_CAL,group_0.5,5,2
16,0.596596887411754,SHRINK_CAL,group_0.5,5,2
17,0.551230516115203,SHRINK_CAL,group_0.5,5,2
4,0.521310182518404,SHRINK,group_2,1,2
8,0.602025703525266,SHRINK,group_2,1,2
12,0.873059563189301,SHRINK,group_2,1,2
13,0.507548258959034,SHRINK,group_2,1,2
4,0.487161911743355,SHRINK_CAL,group_2,1,2
8,0.619208096616123,SHRINK_CAL,group_2,1,2
12,0.923259338634419,SHRINK_CAL,group_2,1,2
13,0.529435048819044,SHRINK_CAL,group_2,1,2
7,0.579157662297857,SHRINK,group_2,2,2
15,0.736171719007304,SHRINK,group_2,2,2
18,0.582144573773671,SHRINK,group_2,2,2
19,0.654750249603354,SHRINK,group_2,2,2
7,0.619030209127871,SHRINK_CAL,group_2,2,2
15,0.771107649314308,SHRINK_CAL,group_2,2,2
18,0.643059649555147,SHRINK_CAL,group_2,2,2
19,0.692752926803861,SHRINK_CAL,group_2,2,2
5,0.76179096018821,SHRINK,group_2,3,2
6,0.757929254400771,SHRINK,group_2,3,2
9,0.608893505079596,SHRINK,group_2,3,2
14,0.657796330789822,SHRINK,group_2,3,2
5,0.635471838735354,SHRINK_CAL,group_2,3,2
6,0.63115317403675,SHRINK_CAL,group_2,3,2
9,0.567505175284539,SHRINK_CAL,group_2,3,2
14,0.572761456982568,SHRINK_CAL,group_2,3,2
1,0.529887984570599,SHRINK,group_2,4,2
3,0.57754270544464,SHRINK,group_2,4,2
10,0.455036394481561,SHRINK,group_2,4,2
1,0.499930806489469,SHRINK_CAL,group_2,4,2
3,0.543225708012404,SHRINK_CAL,group_2,4,2
10,0.514101414417194,SHRINK_CAL,group_2,4,2
11,0.584157462072794,SHRINK,group_2,5,2
16,0.569385170968829,SHRINK,group_2,5,2
17,0.496410944012182,SHRINK,group_2,5,2
11,0.566472829914414,SHRINK_CAL,group_2,5,2
16,0.586900288761733,SHRINK_CAL,group_2,5,2
17,0.536039349028929,SHRINK_CAL,group_2,5,2
4,0.501734856008651,SHRINK,group_8,1,2
8,0.609711299998866,SHRINK,group_8,1,2
12,0.825098945888131,SHRINK,group_8,1,2
13,0.553697450203091,SHRINK,group_8,1,2
4,0.48965779302077,SHRINK_CAL,group_8,1,2
8,0.611460030575671,SHRINK_CAL,group_8,1,2
12,0.886447540336923,SHRINK_CAL,group_8,1,2
13,0.530648384715704,SHRINK_CAL,group_8,1,2
7,0.60601654550176,SHRINK,group_8,2,2
15,0.738106277504067,SHRINK,group_8,2,2
18,0.622291956890414,SHRINK,group_8,2,2
19,0.671865437350962,SHRINK,group_8,2,2
7,0.628192486433763,SHRINK_CAL,group_8,2,2
15,0.773552821040745,SHRINK_CAL,group_8,2,2
18,0.654655721759804,SHRINK_CAL,group_8,2,2
19,0.700234507427593,SHRINK_CAL,group_8,2,2
5,0.671342286053709,SHRINK,group_8,3,2
6,0.668594756586265,SHRINK,group_8,3,2
9,0.590553885191034,SHRINK,group_8,3,2
14,0.613133207149525,SHRINK,group_8,3,2
5,0.633301232594592,SHRINK_CAL,group_8,3,2
6,0.629285675512414,SHRINK_CAL,group_8,3,2
9,0.564122546728082,SHRINK_CAL,group_8,3,2
14,0.575859137396905,SHRINK_CAL,group_8,3,2
1,0.522703876709245,SHRINK,group_8,4,2
3,0.558367075613002,SHRINK,group_8,4,2
10,0.515347786722444,SHRINK,group_8,4,2
1,0.504832988066923,SHRINK_CAL,group_8,4,2
3,0.54482049214741,SHRINK_CAL,group_8,4,2
10,0.519385385827679,SHRINK_CAL,group_8,4,2
11,0.572454608995806,SHRINK,group_8,5,2
16,0.584904360984013,SHRINK,group_8,5,2
17,0.548728220240157,SHRINK,group_8,5,2
11,0.56183167163907,SHRINK_CAL,group_8,5,2
16,0.581426348253127,SHRINK_CAL,group_8,5,2
17,0.535671930844981,SHRINK_CAL,group_8,5,2
4,0.508114991779718,SHRINK,group_32,1,2
8,0.660608527119864,SHRINK,group_32,1,2
12,0.845570058051345,SHRINK,group_32,1,2
13,0.637999953982154,SHRINK,group_32,1,2
4,0.488153084062407,SHRINK_CAL,group_32,1,2
8,0.632017741782509,SHRINK_CAL,group_32,1,2
12,0.852584278169844,SHRINK_CAL,group_32,1,2
13,0.591034067841742,SHRINK_CAL,group_32,1,2
7,0.660739810712551,SHRINK,group_32,2,2
15,0.777956050180331,SHRINK,group_32,2,2
18,0.695256196008524,SHRINK,group_32,2,2
19,0.718948193597325,SHRINK,group_32,2,2
7,0.680725527410826,SHRINK_CAL,group_32,2,2
15,0.803254704036188,SHRINK_CAL,group_32,2,2
18,0.722760336584885,SHRINK_CAL,group_32,2,2
19,0.741143751857599,SHRINK_CAL,group_32,2,2
5,0.620614497599369,SHRINK,group_32,3,2
6,0.618562148186822,SHRINK,group_32,3,2
9,0.612499199341394,SHRINK,group_32,3,2
14,0.606546809639183,SHRINK,group_32,3,2
5,0.598678191125007,SHRINK_CAL,group_32,3,2
6,0.596095812296828,SHRINK_CAL,group_32,3,2
9,0.58643127443339,SHRINK_CAL,group_32,3,2
14,0.578690640265936,SHRINK_CAL,group_32,3,2
1,0.538812729305557,SHRINK,group_32,4,2
3,0.569118113624,SHRINK,group_32,4,2
10,0.617189380296501,SHRINK,group_32,4,2
1,0.527594359469485,SHRINK_CAL,group_32,4,2
3,0.560362006433094,SHRINK_CAL,group_32,4,2
10,0.610369791640257,SHRINK_CAL,group_32,4,2
11,0.591180277664715,SHRINK,group_32,5,2
16,0.63805681303603,SHRINK,group_32,5,2
17,0.634655952779751,SHRINK,group_32,5,2
11,0.571854083017578,SHRINK_CAL,group_32,5,2
16,0.613046445077832,SHRINK_CAL,group_32,5,2
17,0.600273065808677,SHRINK_CAL,group_32,5,2
4,0.587255479393898,SHRINK,row_0.5,1,2
8,0.595493499930555,SHRINK,row_0.5,1,2
12,0.931088867044419,SHRINK,row_0.5,1,2
13,0.470617276435182,SHRINK,row_0.5,1,2
4,0.493778760268641,SHRINK_CAL,row_0.5,1,2
8,0.609860746780771,SHRINK_CAL,row_0.5,1,2
12,0.934522642342753,SHRINK_CAL,row_0.5,1,2
13,0.526933903631503,SHRINK_CAL,row_0.5,1,2
7,0.571327375945628,SHRINK,row_0.5,2,2
15,0.753579847770644,SHRINK,row_0.5,2,2
18,0.557232751232146,SHRINK,row_0.5,2,2
19,0.650548954047248,SHRINK,row_0.5,2,2
7,0.615829096304136,SHRINK_CAL,row_0.5,2,2
15,0.769339693472157,SHRINK_CAL,row_0.5,2,2
18,0.636027354419861,SHRINK_CAL,row_0.5,2,2
19,0.686460356255443,SHRINK_CAL,row_0.5,2,2
5,0.802075257202309,SHRINK,row_0.5,3,2
6,0.805656892596433,SHRINK,row_0.5,3,2
9,0.635080301224033,SHRINK,row_0.5,3,2
14,0.633604905861316,SHRINK,row_0.5,3,2
5,0.619372188274074,SHRINK_CAL,row_0.5,3,2
6,0.61745008435535,SHRINK_CAL,row_0.5,3,2
9,0.578437192667787,SHRINK_CAL,row_0.5,3,2
14,0.548248917827204,SHRINK_CAL,row_0.5,3,2
1,0.537667824372839,SHRINK,row_0.5,4,2
3,0.615586304900571,SHRINK,row_0.5,4,2
10,0.437563825371742,SHRINK,row_0.5,4,2
1,0.491675334523774,SHRINK_CAL,row_0.5,4,2
3,0.547506507728006,SHRINK_CAL,row_0.5,4,2
10,0.533001077616786,SHRINK_CAL,row_0.5,4,2
11,0.646610602150751,SHRINK,row_0.5,5,2
16,0.600362974514574,SHRINK,row_0.5,5,2
17,0.449786041756331,SHRINK,row_0.5,5,2
11,0.573527586400633,SHRINK_CAL,row_0.5,5,2
16,0.603661141832356,SHRINK_CAL,row_0.5,5,2
17,0.534090509597998,SHRINK_CAL,row_0.5,5,2
4,0.563659113447974,SHRINK,row_2,1,2
8,0.579147415491154,SHRINK,row_2,1,2
12,0.843778669091877,SHRINK,row_2,1,2
13,0.478568385390128,SHRINK,row_2,1,2
4,0.497399538927641,SHRINK_CAL,row_2,1,2
8,0.602959780402279,SHRINK_CAL,row_2,1,2
12,0.910815134939299,SHRINK_CAL,row_2,1,2
13,0.516373307334068,SHRINK_CAL,row_2,1,2
7,0.569872645708711,SHRINK,row_2,2,2
15,0.721267857436324,SHRINK,row_2,2,2
18,0.554569226065449,SHRINK,row_2,2,2
19,0.640677099438539,SHRINK,row_2,2,2
7,0.612161893537797,SHRINK_CAL,row_2,2,2
15,0.763837652941413,SHRINK_CAL,row_2,2,2
18,0.625350548553014,SHRINK_CAL,row_2,2,2
19,0.684706669711636,SHRINK_CAL,row_2,2,2
5,0.75124073657936,SHRINK,row_2,3,2
6,0.747368165853876,SHRINK,row_2,3,2
9,0.607730484182339,SHRINK,row_2,3,2
14,0.61436408362184,SHRINK,row_2,3,2
5,0.632073564913022,SHRINK_CAL,row_2,3,2
6,0.627769175451132,SHRINK_CAL,row_2,3,2
9,0.573016676349488,SHRINK_CAL,row_2,3,2
14,0.550947363062123,SHRINK_CAL,row_2,3,2
1,0.531149905097497,SHRINK,row_2,4,2
3,0.597936796247049,SHRINK,row_2,4,2
10,0.448129185833632,SHRINK,row_2,4,2
1,0.491471968988222,SHRINK_CAL,row_2,4,2
3,0.547822650702663,SHRINK_CAL,row_2,4,2
10,0.515006062518145,SHRINK_CAL,row_2,4,2
11,0.613705623060675,SHRINK,row_2,5,2
16,0.58333390851216,SHRINK,row_2,5,2
17,0.454151397544105,SHRINK,row_2,5,2
11,0.568179812487627,SHRINK_CAL,row_2,5,2
16,0.596674232746479,SHRINK_CAL,row_2,5,2
17,0.51784856151188,SHRINK_CAL,row_2,5,2
4,0.530058355486793,SHRINK,row_8,1,2
8,0.578440620585625,SHRINK,row_8,1,2
12,0.792614462136388,SHRINK,row_8,1,2
13,0.510480462090854,SHRINK,row_8,1,2
4,0.504520466706355,SHRINK_CAL,row_8,1,2
8,0.594704081994777,SHRINK_CAL,row_8,1,2
12,0.87964719970531,SHRINK_CAL,row_8,1,2
13,0.509495042420827,SHRINK_CAL,row_8,1,2
7,0.588830698030759,SHRINK,row_8,2,2
15,0.717223489763518,SHRINK,row_8,2,2
18,0.585172024815011,SHRINK,row_8,2,2
19,0.653103267217504,SHRINK,row_8,2,2
7,0.616586127967863,SHRINK_CAL,row_8,2,2
15,0.762682655251855,SHRINK_CAL,row_8,2,2
18,0.6279289598341,SHRINK_CAL,row_8,2,2
19,0.689269726649942,SHRINK_CAL,row_8,2,2
5,0.680393365282288,SHRINK,row_8,3,2
6,0.676238539982149,SHRINK,row_8,3,2
9,0.586620261299104,SHRINK,row_8,3,2
14,0.589336506518441,SHRINK,row_8,3,2
5,0.638692343650626,SHRINK_CAL,row_8,3,2
6,0.633915231120151,SHRINK_CAL,row_8,3,2
9,0.568813593041838,SHRINK_CAL,row_8,3,2
14,0.556282657193823,SHRINK_CAL,row_8,3,2
1,0.521089020697712,SHRINK,row_8,4,2
3,0.569910525081412,SHRINK,row_8,4,2
10,0.491777911916336,SHRINK,row_8,4,2
1,0.496389640738298,SHRINK_CAL,row_8,4,2
3,0.549439956488378,SHRINK_CAL,row_8,4,2
10,0.50937457907846,SHRINK_CAL,row_8,4,2
11,0.583613110372282,SHRINK,row_8,5,2
16,0.579269067835643,SHRINK,row_8,5,2
17,0.499556676283176,SHRINK,row_8,5,2
11,0.564951308864174,SHRINK_CAL,row_8,5,2
16,0.590619379293944,SHRINK_CAL,row_8,5,2
17,0.510533249480437,SHRINK_CAL,row_8,5,2
4,0.512731612660769,SHRINK,row_32,1,2
8,0.622930641075799,SHRINK,row_32,1,2
12,0.811085438970423,SHRINK,row_32,1,2
13,0.590043277780899,SHRINK,row_32,1,2
4,0.498027163270035,SHRINK_CAL,row_32,1,2
8,0.595688388579823,SHRINK_CAL,row_32,1,2
12,0.840604314021358,SHRINK_CAL,row_32,1,2
13,0.535684210120375,SHRINK_CAL,row_32,1,2
7,0.639619401706275,SHRINK,row_32,2,2
15,0.755295334170298,SHRINK,row_32,2,2
18,0.65967846116433,SHRINK,row_32,2,2
19,0.69820800407515,SHRINK,row_32,2,2
7,0.652567672200222,SHRINK_CAL,row_32,2,2
15,0.782140473664266,SHRINK_CAL,row_32,2,2
18,0.679546816798031,SHRINK_CAL,row_32,2,2
19,0.717790877230877,SHRINK_CAL,row_32,2,2
5,0.625332157706281,SHRINK,row_32,3,2
6,0.622794457874779,SHRINK,row_32,3,2
9,0.598921968081481,SHRINK,row_32,3,2
14,0.58653413569162,SHRINK,row_32,3,2
5,0.612794641466513,SHRINK_CAL,row_32,3,2
6,0.609872775799266,SHRINK_CAL,row_32,3,2
9,0.573084957254505,SHRINK_CAL,row_32,3,2
14,0.558030172104739,SHRINK_CAL,row_32,3,2
1,0.529384580458642,SHRINK,row_32,4,2
3,0.564811747949232,SHRINK,row_32,4,2
10,0.58549343819891,SHRINK,row_32,4,2
1,0.510453849748611,SHRINK_CAL,row_32,4,2
3,0.551816115266021,SHRINK_CAL,row_32,4,2
10,0.567210655100383,SHRINK_CAL,row_32,4,2
11,0.585001482214281,SHRINK,row_32,5,2
16,0.617734715728748,SHRINK,row_32,5,2
17,0.593131764132635,SHRINK,row_32,5,2
11,0.563845209273469,SHRINK_CAL,row_32,5,2
16,0.597460247308528,SHRINK_CAL,row_32,5,2
17,0.550921675790725,SHRINK_CAL,row_32,5,2
4,0.581099590147885,SHRINK,original,1,3
8,0.567911940602076,SHRINK,original,1,3
12,0.816783365145894,SHRINK,original,1,3
13,0.476593115065623,SHRINK,original,1,3
4,0.49140276747128,SHRINK_CAL,original,1,3
8,0.606381319166996,SHRINK_CAL,original,1,3
12,0.943699638306951,SHRINK_CAL,original,1,3
13,0.522360178056762,SHRINK_CAL,original,1,3
7,0.561230306791762,SHRINK,original,2,3
15,0.705234177545181,SHRINK,original,2,3
18,0.550546494228655,SHRINK,original,2,3
19,0.63388946033024,SHRINK,original,2,3
7,0.618980140141991,SHRINK_CAL,original,2,3
15,0.790271373992453,SHRINK_CAL,original,2,3
18,0.639680987660941,SHRINK_CAL,original,2,3
19,0.703788447095955,SHRINK_CAL,original,2,3
5,0.719767578037532,SHRINK,original,3,3
6,0.731801348360879,SHRINK,original,3,3
9,0.581324291633876,SHRINK,original,3,3
14,0.596642633484073,SHRINK,original,3,3
5,0.598459627920822,SHRINK_CAL,original,3,3
6,0.604749887095619,SHRINK_CAL,original,3,3
9,0.549105662943599,SHRINK_CAL,original,3,3
14,0.526004072799561,SHRINK_CAL,original,3,3
1,0.544862030206929,SHRINK,original,4,3
2,0.52492255327385,SHRINK,original,4,3
10,0.444995930659721,SHRINK,original,4,3
1,0.485383073159176,SHRINK_CAL,original,4,3
2,0.454623088312498,SHRINK_CAL,original,4,3
10,0.512710480679554,SHRINK_CAL,original,4,3
11,0.611282218029587,SHRINK,original,5,3
16,0.572539255007477,SHRINK,original,5,3
17,0.451842363455834,SHRINK,original,5,3
11,0.560048972132451,SHRINK_CAL,original,5,3
16,0.595411251147719,SHRINK_CAL,original,5,3
17,0.52602487493561,SHRINK_CAL,original,5,3
4,0.535049127010974,SHRINK,group_0.5,1,3
8,0.62964538333537,SHRINK,group_0.5,1,3
12,1.02116650179408,SHRINK,group_0.5,1,3
13,0.498885064412986,SHRINK,group_0.5,1,3
4,0.481162810353272,SHRINK_CAL,group_0.5,1,3
8,0.629302606471695,SHRINK_CAL,group_0.5,1,3
12,0.970056837120769,SHRINK_CAL,group_0.5,1,3
13,0.541840393087847,SHRINK_CAL,group_0.5,1,3
7,0.581859767081161,SHRINK,group_0.5,2,3
15,0.810499878990973,SHRINK,group_0.5,2,3
18,0.599761265579922,SHRINK,group_0.5,2,3
19,0.682908599242941,SHRINK,group_0.5,2,3
7,0.622439957779944,SHRINK_CAL,group_0.5,2,3
15,0.79670250000018,SHRINK_CAL,group_0.5,2,3
18,0.658339524561284,SHRINK_CAL,group_0.5,2,3
19,0.702392812899185,SHRINK_CAL,group_0.5,2,3
5,0.729670705160666,SHRINK,group_0.5,3,3
6,0.760217436585043,SHRINK,group_0.5,3,3
9,0.578433711419676,SHRINK,group_0.5,3,3
14,0.634471897475792,SHRINK,group_0.5,3,3
5,0.582908931143126,SHRINK_CAL,group_0.5,3,3
6,0.596569594127111,SHRINK_CAL,group_0.5,3,3
9,0.546187209557703,SHRINK_CAL,group_0.5,3,3
14,0.544544976168892,SHRINK_CAL,group_0.5,3,3
1,0.537789189181767,SHRINK,group_0.5,4,3
2,0.490120125492747,SHRINK,group_0.5,4,3
10,0.437065944278459,SHRINK,group_0.5,4,3
1,0.500111327297298,SHRINK_CAL,group_0.5,4,3
2,0.460379412715257,SHRINK_CAL,group_0.5,4,3
10,0.531058089463526,SHRINK_CAL,group_0.5,4,3
11,0.599276812155959,SHRINK,group_0.5,5,3
16,0.572421620044919,SHRINK,group_0.5,5,3
17,0.489899780717759,SHRINK,group_0.5,5,3
11,0.569214605321326,SHRINK_CAL,group_0.5,5,3
16,0.592739578456899,SHRINK_CAL,group_0.5,5,3
17,0.552705457398571,SHRINK_CAL,group_0.5,5,3
4,0.512558956813451,SHRINK,group_2,1,3
8,0.607387155121274,SHRINK,group_2,1,3
12,0.919411448722761,SHRINK,group_2,1,3
13,0.512101701035823,SHRINK,group_2,1,3
4,0.483431206599273,SHRINK_CAL,group_2,1,3
8,0.620611634335175,SHRINK_CAL,group_2,1,3
12,0.948199531532484,SHRINK_CAL,group_2,1,3
13,0.534459000221019,SHRINK_CAL,group_2,1,3
7,0.582238679146409,SHRINK,group_2,2,3
15,0.771860825658169,SHRINK,group_2,2,3
18,0.59923403375015,SHRINK,group_2,2,3
19,0.671453759793445,SHRINK,group_2,2,3
7,0.619302823034167,SHRINK_CAL,group_2,2,3
15,0.793610149828809,SHRINK_CAL,group_2,2,3
18,0.651740879177608,SHRINK_CAL,group_2,2,3
19,0.702365680741486,SHRINK_CAL,group_2,2,3
5,0.682791519283345,SHRINK,group_2,3,3
6,0.69974046730763,SHRINK,group_2,3,3
9,0.56167671998687,SHRINK,group_2,3,3
14,0.609706163374333,SHRINK,group_2,3,3
5,0.593529673283949,SHRINK_CAL,group_2,3,3
6,0.604616686170456,SHRINK_CAL,group_2,3,3
9,0.540579601745244,SHRINK_CAL,group_2,3,3
14,0.550104305625786,SHRINK_CAL,group_2,3,3
1,0.529887984570599,SHRINK,group_2,4,3
2,0.485503372455414,SHRINK,group_2,4,3
10,0.455036394481561,SHRINK,group_2,4,3
1,0.499930806489469,SHRINK_CAL,group_2,4,3
2,0.457552238458832,SHRINK_CAL,group_2,4,3
10,0.514101414417194,SHRINK_CAL,group_2,4,3
11,0.57546134306433,SHRINK,group_2,5,3
16,0.56470023226018,SHRINK,group_2,5,3
17,0.502500539127944,SHRINK,group_2,5,3
11,0.562515901289988,SHRINK_CAL,group_2,5,3
16,0.582278279610687,SHRINK_CAL,group_2,5,3
17,0.53961626342947,SHRINK_CAL,group_2,5,3
4,0.4914054081786,SHRINK,group_8,1,3
8,0.613793982825758,SHRINK,group_8,1,3
12,0.861034428462776,SHRINK,group_8,1,3
13,0.558777495359913,SHRINK,group_8,1,3
4,0.484687352619481,SHRINK_CAL,group_8,1,3
8,0.613309433876292,SHRINK_CAL,group_8,1,3
12,0.911569001927947,SHRINK_CAL,group_8,1,3
13,0.538303386661404,SHRINK_CAL,group_8,1,3
7,0.60947998299991,SHRINK,group_8,2,3
15,0.764457773427056,SHRINK,group_8,2,3
18,0.636007817409276,SHRINK,group_8,2,3
19,0.685590262832163,SHRINK,group_8,2,3
7,0.629113953549211,SHRINK_CAL,group_8,2,3
15,0.793933736580353,SHRINK_CAL,group_8,2,3
18,0.663424065315165,SHRINK_CAL,group_8,2,3
19,0.709879236379628,SHRINK_CAL,group_8,2,3
5,0.622693985788359,SHRINK,group_8,3,3
6,0.629891467866696,SHRINK,group_8,3,3
9,0.562701327983125,SHRINK,group_8,3,3
14,0.582222437345246,SHRINK,group_8,3,3
5,0.595078373896381,SHRINK_CAL,group_8,3,3
6,0.602853519077475,SHRINK_CAL,group_8,3,3
9,0.541141439278307,SHRINK_CAL,group_8,3,3
14,0.554245195328392,SHRINK_CAL,group_8,3,3
1,0.522703876709245,SHRINK,group_8,4,3
2,0.485772490405927,SHRINK,group_8,4,3
10,0.515347786722444,SHRINK,group_8,4,3
1,0.504832988066923,SHRINK_CAL,group_8,4,3
2,0.461241491423027,SHRINK_CAL,group_8,4,3
10,0.519385385827679,SHRINK_CAL,group_8,4,3
11,0.565929066145811,SHRINK,group_8,5,3
16,0.582771711464015,SHRINK,group_8,5,3
17,0.554350190991943,SHRINK,group_8,5,3
11,0.55784074152963,SHRINK_CAL,group_8,5,3
16,0.576653219899047,SHRINK_CAL,group_8,5,3
17,0.539021963406469,SHRINK_CAL,group_8,5,3
4,0.497106719955324,SHRINK,group_32,1,3
8,0.666009945154102,SHRINK,group_32,1,3
12,0.87343353776478,SHRINK,group_32,1,3
13,0.644098374659448,SHRINK,group_32,1,3
4,0.482886343244635,SHRINK_CAL,group_32,1,3
8,0.641063300845267,SHRINK_CAL,group_32,1,3
12,0.877950472777594,SHRINK_CAL,group_32,1,3
13,0.605362866298878,SHRINK_CAL,group_32,1,3
7,0.665652414891093,SHRINK,group_32,2,3
15,0.797698742313118,SHRINK,group_32,2,3
18,0.707102785134533,SHRINK,group_32,2,3
19,0.730785760498236,SHRINK,group_32,2,3
7,0.685111788010275,SHRINK_CAL,group_32,2,3
15,0.820251748653285,SHRINK_CAL,group_32,2,3
18,0.732772128740778,SHRINK_CAL,group_32,2,3
19,0.751460853115741,SHRINK_CAL,group_32,2,3
5,0.589061659466891,SHRINK,group_32,3,3
6,0.590109766295445,SHRINK,group_32,3,3
9,0.596492654634077,SHRINK,group_32,3,3
14,0.585319300767063,SHRINK,group_32,3,3
5,0.571405791973418,SHRINK_CAL,group_32,3,3
6,0.573451525492115,SHRINK_CAL,group_32,3,3
9,0.57346700610553,SHRINK_CAL,group_32,3,3
14,0.56246518234079,SHRINK_CAL,group_32,3,3
1,0.538812729305557,SHRINK,group_32,4,3
2,0.499830309000495,SHRINK,group_32,4,3
10,0.617189380296501,SHRINK,group_32,4,3
1,0.527594359469485,SHRINK_CAL,group_32,4,3
2,0.48566099958236,SHRINK_CAL,group_32,4,3
10,0.610369791640257,SHRINK_CAL,group_32,4,3
11,0.586348877198827,SHRINK,group_32,5,3
16,0.639323089554051,SHRINK,group_32,5,3
17,0.639788355734972,SHRINK,group_32,5,3
11,0.566150161683289,SHRINK_CAL,group_32,5,3
16,0.609129062233984,SHRINK_CAL,group_32,5,3
17,0.600407264025791,SHRINK_CAL,group_32,5,3
4,0.589507055663353,SHRINK,row_0.5,1,3
8,0.602081909798713,SHRINK,row_0.5,1,3
12,0.968962104202669,SHRINK,row_0.5,1,3
13,0.470575032505065,SHRINK,row_0.5,1,3
4,0.491348014768527,SHRINK_CAL,row_0.5,1,3
8,0.615151134358308,SHRINK_CAL,row_0.5,1,3
12,0.965125824810752,SHRINK_CAL,row_0.5,1,3
13,0.529284486006635,SHRINK_CAL,row_0.5,1,3
7,0.570128343215616,SHRINK,row_0.5,2,3
15,0.784479091664831,SHRINK,row_0.5,2,3
18,0.568396359383059,SHRINK,row_0.5,2,3
19,0.661133584460399,SHRINK,row_0.5,2,3
7,0.617268496755889,SHRINK_CAL,row_0.5,2,3
15,0.791281768691817,SHRINK_CAL,row_0.5,2,3
18,0.644334374293464,SHRINK_CAL,row_0.5,2,3
19,0.695876516054246,SHRINK_CAL,row_0.5,2,3
5,0.739157266288492,SHRINK,row_0.5,3,3
6,0.76036144428114,SHRINK,row_0.5,3,3
9,0.591524098393332,SHRINK,row_0.5,3,3
14,0.598275556225237,SHRINK,row_0.5,3,3
5,0.586994737555939,SHRINK_CAL,row_0.5,3,3
6,0.593819803245356,SHRINK_CAL,row_0.5,3,3
9,0.555549883352532,SHRINK_CAL,row_0.5,3,3
14,0.526868064613798,SHRINK_CAL,row_0.5,3,3
1,0.537667824372839,SHRINK,row_0.5,4,3
2,0.506965462625954,SHRINK,row_0.5,4,3
10,0.437563825371742,SHRINK,row_0.5,4,3
1,0.491675334523774,SHRINK_CAL,row_0.5,4,3
2,0.460337610831255,SHRINK_CAL,row_0.5,4,3
10,0.533001077616786,SHRINK_CAL,row_0.5,4,3
11,0.635268106136049,SHRINK,row_0.5,5,3
16,0.591242064319435,SHRINK,row_0.5,5,3
17,0.445134442854995,SHRINK,row_0.5,5,3
11,0.568704648866438,SHRINK_CAL,row_0.5,5,3
16,0.601473602006443,SHRINK_CAL,row_0.5,5,3
17,0.538155811274546,SHRINK_CAL,row_0.5,5,3
4,0.563551906489244,SHRINK,row_2,1,3
8,0.580394925138477,SHRINK,row_2,1,3
12,0.876500290089178,SHRINK,row_2,1,3
13,0.47904678311573,SHRINK,row_2,1,3
4,0.496061826116395,SHRINK_CAL,row_2,1,3
8,0.604807497499205,SHRINK_CAL,row_2,1,3
12,0.941134217797345,SHRINK_CAL,row_2,1,3
13,0.518629036156081,SHRINK_CAL,row_2,1,3
7,0.569436477226765,SHRINK,row_2,2,3
15,0.748490595990768,SHRINK,row_2,2,3
18,0.565066422584053,SHRINK,row_2,2,3
19,0.652326906782962,SHRINK,row_2,2,3
7,0.613784192871577,SHRINK_CAL,row_2,2,3
15,0.786240818821241,SHRINK_CAL,row_2,2,3
18,0.634545350860707,SHRINK_CAL,row_2,2,3
19,0.69553450790897,SHRINK_CAL,row_2,2,3
5,0.702924606863672,SHRINK,row_2,3,3
6,0.713105364626602,SHRINK,row_2,3,3
9,0.573655918872988,SHRINK,row_2,3,3
14,0.586440662235152,SHRINK,row_2,3,3
5,0.598322986250544,SHRINK_CAL,row_2,3,3
6,0.603074317175998,SHRINK_CAL,row_2,3,3
9,0.54977876303957,SHRINK_CAL,row_2,3,3
14,0.53012648686174,SHRINK_CAL,row_2,3,3
1,0.531149905097497,SHRINK,row_2,4,3
2,0.499612099587371,SHRINK,row_2,4,3
10,0.448129185833632,SHRINK,row_2,4,3
1,0.491471968988222,SHRINK_CAL,row_2,4,3
2,0.457794615779996,SHRINK_CAL,row_2,4,3
10,0.515006062518145,SHRINK_CAL,row_2,4,3
11,0.60457675160532,SHRINK,row_2,5,3
16,0.57593944314908,SHRINK,row_2,5,3
17,0.454666266657883,SHRINK,row_2,5,3
11,0.563565776474567,SHRINK_CAL,row_2,5,3
16,0.594054489936957,SHRINK_CAL,row_2,5,3
17,0.523542887600536,SHRINK_CAL,row_2,5,3
4,0.525686104676867,SHRINK,row_8,1,3
8,0.578657898637029,SHRINK,row_8,1,3
12,0.819812440458077,SHRINK,row_8,1,3
13,0.512342217291819,SHRINK,row_8,1,3
4,0.502575050888773,SHRINK_CAL,row_8,1,3
8,0.594918463764924,SHRINK_CAL,row_8,1,3
12,0.907639375387996,SHRINK_CAL,row_8,1,3
13,0.512815419354032,SHRINK_CAL,row_8,1,3
7,0.589595249894028,SHRINK,row_8,2,3
15,0.738359492795467,SHRINK,row_8,2,3
18,0.595135067350223,SHRINK,row_8,2,3
19,0.663712283599523,SHRINK,row_8,2,3
7,0.618696234454643,SHRINK_CAL,row_8,2,3
15,0.783520896249457,SHRINK_CAL,row_8,2,3
18,0.637958588933837,SHRINK_CAL,row_8,2,3
19,0.700462204598603,SHRINK_CAL,row_8,2,3
5,0.645987442701645,SHRINK,row_8,3,3
6,0.649350628173338,SHRINK,row_8,3,3
9,0.5636706421903,SHRINK,row_8,3,3
14,0.568211011111812,SHRINK,row_8,3,3
5,0.606440237780213,SHRINK_CAL,row_8,3,3
6,0.60910232010389,SHRINK_CAL,row_8,3,3
9,0.54743241789772,SHRINK_CAL,row_8,3,3
14,0.53665147919967,SHRINK_CAL,row_8,3,3
1,0.521089020697712,SHRINK,row_8,4,3
2,0.492966857209245,SHRINK,row_8,4,3
10,0.491777911916336,SHRINK,row_8,4,3
1,0.496389640738298,SHRINK_CAL,row_8,4,3
2,0.460185017586486,SHRINK_CAL,row_8,4,3
10,0.50937457907846,SHRINK_CAL,row_8,4,3
11,0.577192286997628,SHRINK,row_8,5,3
16,0.575394631950936,SHRINK,row_8,5,3
17,0.501743808390127,SHRINK,row_8,5,3
11,0.561004991381062,SHRINK_CAL,row_8,5,3
16,0.588284937601157,SHRINK_CAL,row_8,5,3
17,0.515600074246832,SHRINK_CAL,row_8,5,3
4,0.504752392341331,SHRINK,row_32,1,3
8,0.626066042755786,SHRINK,row_32,1,3
12,0.834990269016475,SHRINK,row_32,1,3
13,0.594420977017191,SHRINK,row_32,1,3
4,0.492969802011015,SHRINK_CAL,row_32,1,3
8,0.59979187279169,SHRINK_CAL,row_32,1,3
12,0.864197293037413,SHRINK_CAL,row_32,1,3
13,0.545003048376437,SHRINK_CAL,row_32,1,3
7,0.642976183654748,SHRINK,row_32,2,3
15,0.772742253312873,SHRINK,row_32,2,3
18,0.6700060875424,SHRINK,row_32,2,3
19,0.708581657862449,SHRINK,row_32,2,3
7,0.65697243669745,SHRINK_CAL,row_32,2,3
15,0.800023068462967,SHRINK_CAL,row_32,2,3
18,0.69068588993289,SHRINK_CAL,row_32,2,3
19,0.728916804445652,SHRINK_CAL,row_32,2,3
5,0.599038127003532,SHRINK,row_32,3,3
6,0.599058449640573,SHRINK,row_32,3,3
9,0.584244888669294,SHRINK,row_32,3,3
14,0.569410328105944,SHRINK,row_32,3,3
5,0.585910541557684,SHRINK_CAL,row_32,3,3
6,0.586823962971758,SHRINK_CAL,row_32,3,3
9,0.557836465680501,SHRINK_CAL,row_32,3,3
14,0.541877464017633,SHRINK_CAL,row_32,3,3
1,0.529384580458642,SHRINK,row_32,4,3
2,0.498570830513664,SHRINK,row_32,4,3
10,0.58549343819891,SHRINK,row_32,4,3
1,0.510453849748611,SHRINK_CAL,row_32,4,3
2,0.475284664439896,SHRINK_CAL,row_32,4,3
10,0.567210655100383,SHRINK_CAL,row_32,4,3
11,0.580432903897079,SHRINK,row_32,5,3
16,0.618199479954026,SHRINK,row_32,5,3
17,0.59664839065916,SHRINK,row_32,5,3
11,0.559726293682909,SHRINK_CAL,row_32,5,3
16,0.595891660735707,SHRINK_CAL,row_32,5,3
17,0.552322552882593,SHRINK_CAL,row_32,5,3
3,0.600359381543485,SHRINK,original,1,4
8,0.567911940602076,SHRINK,original,1,4
12,0.816783365145894,SHRINK,original,1,4
13,0.476593115065623,SHRINK,original,1,4
3,0.529277705592976,SHRINK_CAL,original,1,4
8,0.606381319166996,SHRINK_CAL,original,1,4
12,0.943699638306951,SHRINK_CAL,original,1,4
13,0.522360178056762,SHRINK_CAL,original,1,4
7,0.561781577960521,SHRINK,original,2,4
15,0.703707337987459,SHRINK,original,2,4
18,0.546504345967617,SHRINK,original,2,4
19,0.629318649023513,SHRINK,original,2,4
7,0.616136938427584,SHRINK_CAL,original,2,4
15,0.782661553602348,SHRINK_CAL,original,2,4
18,0.632100854048948,SHRINK_CAL,original,2,4
19,0.695793238197125,SHRINK_CAL,original,2,4
5,0.720655435780348,SHRINK,original,3,4
6,0.737341862932739,SHRINK,original,3,4
9,0.587682900647133,SHRINK,original,3,4
14,0.605051587093775,SHRINK,original,3,4
5,0.604562494138536,SHRINK_CAL,original,3,4
6,0.614201012298973,SHRINK_CAL,original,3,4
9,0.555129273632413,SHRINK_CAL,original,3,4
14,0.535622876533326,SHRINK_CAL,original,3,4
1,0.549509814583013,SHRINK,original,4,4
2,0.52864301019453,SHRINK,original,4,4
10,0.444634453010174,SHRINK,original,4,4
1,0.492090714313493,SHRINK_CAL,original,4,4
2,0.461451967286023,SHRINK_CAL,original,4,4
10,0.510331712703363,SHRINK_CAL,original,4,4
11,0.612206301328375,SHRINK,original,5,4
16,0.572271799991377,SHRINK,original,5,4
17,0.453944295065602,SHRINK,original,5,4
11,0.560389996012219,SHRINK_CAL,original,5,4
16,0.594177492916093,SHRINK_CAL,original,5,4
17,0.527231191162743,SHRINK_CAL,original,5,4
3,0.569483851366013,SHRINK,group_0.5,1,4
8,0.62964538333537,SHRINK,group_0.5,1,4
12,1.02116650179408,SHRINK,group_0.5,1,4
13,0.498885064412986,SHRINK,group_0.5,1,4
3,0.524404373437333,SHRINK_CAL,group_0.5,1,4
8,0.629302606471695,SHRINK_CAL,group_0.5,1,4
12,0.970056837120769,SHRINK_CAL,group_0.5,1,4
13,0.541840393087847,SHRINK_CAL,group_0.5,1,4
7,0.577299065017619,SHRINK,group_0.5,2,4
15,0.801980074583691,SHRINK,group_0.5,2,4
18,0.58964932081932,SHRINK,group_0.5,2,4
19,0.673043491193208,SHRINK,group_0.5,2,4
7,0.617840585188899,SHRINK_CAL,group_0.5,2,4
15,0.789125779600337,SHRINK_CAL,group_0.5,2,4
18,0.64964670908269,SHRINK_CAL,group_0.5,2,4
19,0.694598588301461,SHRINK_CAL,group_0.5,2,4
5,0.743606178758814,SHRINK,group_0.5,3,4
6,0.784712419247624,SHRINK,group_0.5,3,4
9,0.588694887656454,SHRINK,group_0.5,3,4
14,0.658053004665542,SHRINK,group_0.5,3,4
5,0.588276619689753,SHRINK_CAL,group_0.5,3,4
6,0.607866585049261,SHRINK_CAL,group_0.5,3,4
9,0.549069396166324,SHRINK_CAL,group_0.5,3,4
14,0.553685812756152,SHRINK_CAL,group_0.5,3,4
1,0.55802910694358,SHRINK,group_0.5,4,4
2,0.498787390716746,SHRINK,group_0.5,4,4
10,0.432009871368124,SHRINK,group_0.5,4,4
1,0.509703849915018,SHRINK_CAL,group_0.5,4,4
2,0.464539127694995,SHRINK_CAL,group_0.5,4,4
10,0.525767549397762,SHRINK_CAL,group_0.5,4,4
11,0.601128470742272,SHRINK,group_0.5,5,4
16,0.568673050949572,SHRINK,group_0.5,5,4
17,0.487868188347866,SHRINK,group_0.5,5,4
11,0.569231467677135,SHRINK_CAL,group_0.5,5,4
16,0.589690343952458,SHRINK_CAL,group_0.5,5,4
17,0.551361002358647,SHRINK_CAL,group_0.5,5,4
3,0.546631239788475,SHRINK,group_2,1,4
8,0.607387155121274,SHRINK,group_2,1,4
12,0.919411448722761,SHRINK,group_2,1,4
13,0.512101701035823,SHRINK,group_2,1,4
3,0.522843911497065,SHRINK_CAL,group_2,1,4
8,0.620611634335175,SHRINK_CAL,group_2,1,4
12,0.948199531532484,SHRINK_CAL,group_2,1,4
13,0.534459000221019,SHRINK_CAL,group_2,1,4
7,0.57822602630487,SHRINK,group_2,2,4
15,0.763294904960664,SHRINK,group_2,2,4
18,0.589876904533883,SHRINK,group_2,2,4
19,0.662267456037257,SHRINK,group_2,2,4
7,0.61430010599305,SHRINK_CAL,group_2,2,4
15,0.786156413393608,SHRINK_CAL,group_2,2,4
18,0.642061441235456,SHRINK_CAL,group_2,2,4
19,0.694091871765765,SHRINK_CAL,group_2,2,4
5,0.696580168423522,SHRINK,group_2,3,4
6,0.719433533957258,SHRINK,group_2,3,4
9,0.570551791875622,SHRINK,group_2,3,4
14,0.625281868792103,SHRINK,group_2,3,4
5,0.600853760492859,SHRINK_CAL,group_2,3,4
6,0.61654863665339,SHRINK_CAL,group_2,3,4
9,0.544450674437435,SHRINK_CAL,group_2,3,4
14,0.557971411787275,SHRINK_CAL,group_2,3,4
1,0.546672420877782,SHRINK,group_2,4,4
2,0.494423222336438,SHRINK,group_2,4,4
10,0.450299825187896,SHRINK,group_2,4,4
1,0.510220186719641,SHRINK_CAL,group_2,4,4
2,0.462222882973275,SHRINK_CAL,group_2,4,4
10,0.508180759784467,SHRINK_CAL,group_2,4,4
11,0.577164130264734,SHRINK,group_2,5,4
16,0.56135281266304,SHRINK,group_2,5,4
17,0.500523757568093,SHRINK,group_2,5,4
11,0.56272548112637,SHRINK_CAL,group_2,5,4
16,0.579095260934789,SHRINK_CAL,group_2,5,4
17,0.537823243779562,SHRINK_CAL,group_2,5,4
3,0.52813187600954,SHRINK,group_8,1,4
8,0.613793982825758,SHRINK,group_8,1,4
12,0.861034428462776,SHRINK,group_8,1,4
13,0.558777495359913,SHRINK,group_8,1,4
3,0.522154973668468,SHRINK_CAL,group_8,1,4
8,0.613309433876292,SHRINK_CAL,group_8,1,4
12,0.911569001927947,SHRINK_CAL,group_8,1,4
13,0.538303386661404,SHRINK_CAL,group_8,1,4
7,0.606369865773032,SHRINK,group_8,2,4
15,0.756153654930757,SHRINK,group_8,2,4
18,0.628325457812835,SHRINK,group_8,2,4
19,0.678004142899324,SHRINK,group_8,2,4
7,0.623011466686536,SHRINK_CAL,group_8,2,4
15,0.785509173552409,SHRINK_CAL,group_8,2,4
18,0.652178800145734,SHRINK_CAL,group_8,2,4
19,0.700756787067803,SHRINK_CAL,group_8,2,4
5,0.635233536664858,SHRINK,group_8,3,4
6,0.645117396279196,SHRINK,group_8,3,4
9,0.569712844524978,SHRINK,group_8,3,4
14,0.592458641952047,SHRINK,group_8,3,4
5,0.605096443858312,SHRINK_CAL,group_8,3,4
6,0.616261087476226,SHRINK_CAL,group_8,3,4
9,0.545280346323078,SHRINK_CAL,group_8,3,4
14,0.561744951752849,SHRINK_CAL,group_8,3,4
1,0.534260322464133,SHRINK,group_8,4,4
2,0.49483499844878,SHRINK,group_8,4,4
10,0.51148199693636,SHRINK,group_8,4,4
1,0.514387674674968,SHRINK_CAL,group_8,4,4
2,0.46684616488755,SHRINK_CAL,group_8,4,4
10,0.512258993441612,SHRINK_CAL,group_8,4,4
11,0.567583470968158,SHRINK,group_8,5,4
16,0.58026899216361,SHRINK,group_8,5,4
17,0.552509752890707,SHRINK,group_8,5,4
11,0.558401944564096,SHRINK_CAL,group_8,5,4
16,0.573504718502511,SHRINK_CAL,group_8,5,4
17,0.536289425905764,SHRINK_CAL,group_8,5,4
3,0.544420008696196,SHRINK,group_32,1,4
8,0.666009945154102,SHRINK,group_32,1,4
12,0.87343353776478,SHRINK,group_32,1,4
13,0.644098374659448,SHRINK,group_32,1,4
3,0.526358387112883,SHRINK_CAL,group_32,1,4
8,0.641063300845267,SHRINK_CAL,group_32,1,4
12,0.877950472777594,SHRINK_CAL,group_32,1,4
13,0.605362866298878,SHRINK_CAL,group_32,1,4
7,0.662651503499355,SHRINK,group_32,2,4
15,0.789458987438675,SHRINK,group_32,2,4
18,0.70073161970364,SHRINK,group_32,2,4
19,0.724422547523834,SHRINK,group_32,2,4
7,0.676417165204521,SHRINK_CAL,group_32,2,4
15,0.809007342565486,SHRINK_CAL,group_32,2,4
18,0.719828315326609,SHRINK_CAL,group_32,2,4
19,0.740924988927656,SHRINK_CAL,group_32,2,4
5,0.600757938415937,SHRINK,group_32,3,4
6,0.602939845929612,SHRINK,group_32,3,4
9,0.602163714932926,SHRINK,group_32,3,4
14,0.593709117495561,SHRINK,group_32,3,4
5,0.582013938188561,SHRINK_CAL,group_32,3,4
6,0.585960847519543,SHRINK_CAL,group_32,3,4
9,0.574840784872451,SHRINK_CAL,group_32,3,4
14,0.567711839253782,SHRINK_CAL,group_32,3,4
1,0.546683391955758,SHRINK,group_32,4,4
2,0.508799075695835,SHRINK,group_32,4,4
10,0.614037415681478,SHRINK,group_32,4,4
1,0.533049108851231,SHRINK_CAL,group_32,4,4
2,0.491752584619687,SHRINK_CAL,group_32,4,4
10,0.601255384068356,SHRINK_CAL,group_32,4,4
11,0.588063752836459,SHRINK,group_32,5,4
16,0.63725559894513,SHRINK,group_32,5,4
17,0.63755913173811,SHRINK,group_32,5,4
11,0.565858377032419,SHRINK_CAL,group_32,5,4
16,0.604076404649984,SHRINK_CAL,group_32,5,4
17,0.594423207552077,SHRINK_CAL,group_32,5,4
3,0.614323854069272,SHRINK,row_0.5,1,4
8,0.602081909798713,SHRINK,row_0.5,1,4
12,0.968962104202669,SHRINK,row_0.5,1,4
13,0.470575032505065,SHRINK,row_0.5,1,4
3,0.531889510661822,SHRINK_CAL,row_0.5,1,4
8,0.615151134358308,SHRINK_CAL,row_0.5,1,4
12,0.965125824810752,SHRINK_CAL,row_0.5,1,4
13,0.529284486006635,SHRINK_CAL,row_0.5,1,4
7,0.569706003756389,SHRINK,row_0.5,2,4
15,0.781457576224921,SHRINK,row_0.5,2,4
18,0.563549859464278,SHRINK,row_0.5,2,4
19,0.655008421608738,SHRINK,row_0.5,2,4
7,0.614576205674012,SHRINK_CAL,row_0.5,2,4
15,0.783718360694916,SHRINK_CAL,row_0.5,2,4
18,0.637863350116765,SHRINK_CAL,row_0.5,2,4
19,0.688672589341693,SHRINK_CAL,row_0.5,2,4
5,0.739642361442252,SHRINK,row_0.5,3,4
6,0.769017564998906,SHRINK,row_0.5,3,4
9,0.598712503335307,SHRINK,row_0.5,3,4
14,0.612927406937802,SHRINK,row_0.5,3,4
5,0.592254217816548,SHRINK_CAL,row_0.5,3,4
6,0.603504918564695,SHRINK_CAL,row_0.5,3,4
9,0.560533985643263,SHRINK_CAL,row_0.5,3,4
14,0.537602091885607,SHRINK_CAL,row_0.5,3,4
1,0.543572639934067,SHRINK,row_0.5,4,4
2,0.51106417385467,SHRINK,row_0.5,4,4
10,0.437227170293832,SHRINK,row_0.5,4,4
1,0.497943013771185,SHRINK_CAL,row_0.5,4,4
2,0.466576768192818,SHRINK_CAL,row_0.5,4,4
10,0.530685053790927,SHRINK_CAL,row_0.5,4,4
11,0.636174311492368,SHRINK,row_0.5,5,4
16,0.590241857832509,SHRINK,row_0.5,5,4
17,0.447244293982258,SHRINK,row_0.5,5,4
11,0.569040960189222,SHRINK_CAL,row_0.5,5,4
16,0.6002575545177,SHRINK_CAL,row_0.5,5,4
17,0.539505696897746,SHRINK_CAL,row_0.5,5,4
3,0.586896604507816,SHRINK,row_2,1,4
8,0.580394925138477,SHRINK,row_2,1,4
12,0.876500290089178,SHRINK,row_2,1,4
13,0.47904678311573,SHRINK,row_2,1,4
3,0.532535725580678,SHRINK_CAL,row_2,1,4
8,0.604807497499205,SHRINK_CAL,row_2,1,4
12,0.941134217797345,SHRINK_CAL,row_2,1,4
13,0.518629036156081,SHRINK_CAL,row_2,1,4
7,0.569185219329072,SHRINK,row_2,2,4
15,0.744905653925009,SHRINK,row_2,2,4
18,0.560193452304797,SHRINK,row_2,2,4
19,0.646458593695007,SHRINK,row_2,2,4
7,0.610915498732237,SHRINK_CAL,row_2,2,4
15,0.778862090448648,SHRINK_CAL,row_2,2,4
18,0.627231374917384,SHRINK_CAL,row_2,2,4
19,0.687890400967022,SHRINK_CAL,row_2,2,4
5,0.70558069868436,SHRINK,row_2,3,4
6,0.720399940181885,SHRINK,row_2,3,4
9,0.580535472288275,SHRINK,row_2,3,4
14,0.595533487791867,SHRINK,row_2,3,4
5,0.604688689373104,SHRINK_CAL,row_2,3,4
6,0.612735349315889,SHRINK_CAL,row_2,3,4
9,0.555525436094729,SHRINK_CAL,row_2,3,4
14,0.5390221940135,SHRINK_CAL,row_2,3,4
1,0.536384574662237,SHRINK,row_2,4,4
2,0.504656281182471,SHRINK,row_2,4,4
10,0.447530792357538,SHRINK,row_2,4,4
1,0.497531114181604,SHRINK_CAL,row_2,4,4
2,0.464425051162752,SHRINK_CAL,row_2,4,4
10,0.512128965607437,SHRINK_CAL,row_2,4,4
11,0.605614699087618,SHRINK,row_2,5,4
16,0.574971235925659,SHRINK,row_2,5,4
17,0.456359732125818,SHRINK,row_2,5,4
11,0.563843311182455,SHRINK_CAL,row_2,5,4
16,0.59252654456234,SHRINK_CAL,row_2,5,4
17,0.524369739212236,SHRINK_CAL,row_2,5,4
3,0.549712074732568,SHRINK,row_8,1,4
8,0.578657898637029,SHRINK,row_8,1,4
12,0.819812440458077,SHRINK,row_8,1,4
13,0.512342217291819,SHRINK,row_8,1,4
3,0.534367534890376,SHRINK_CAL,row_8,1,4
8,0.594918463764924,SHRINK_CAL,row_8,1,4
12,0.907639375387996,SHRINK_CAL,row_8,1,4
13,0.512815419354032,SHRINK_CAL,row_8,1,4
7,0.589127081728861,SHRINK,row_8,2,4
15,0.733471169929271,SHRINK,row_8,2,4
18,0.590063573690739,SHRINK,row_8,2,4
19,0.65825379958499,SHRINK,row_8,2,4
7,0.615213352028624,SHRINK_CAL,row_8,2,4
15,0.775782939493182,SHRINK_CAL,row_8,2,4
18,0.629068034126118,SHRINK_CAL,row_8,2,4
19,0.692372688936393,SHRINK_CAL,row_8,2,4
5,0.651924183702533,SHRINK,row_8,3,4
6,0.657705578791514,SHRINK,row_8,3,4
9,0.569936054030335,SHRINK,row_8,3,4
14,0.574514765833902,SHRINK,row_8,3,4
5,0.614958083982416,SHRINK_CAL,row_8,3,4
6,0.620229484933328,SHRINK_CAL,row_8,3,4
9,0.553684930734153,SHRINK_CAL,row_8,3,4
14,0.544133396727104,SHRINK_CAL,row_8,3,4
1,0.525506937961519,SHRINK,row_8,4,4
2,0.49940942872388,SHRINK,row_8,4,4
10,0.490466541691093,SHRINK,row_8,4,4
1,0.501596698081288,SHRINK_CAL,row_8,4,4
2,0.467274022992974,SHRINK_CAL,row_8,4,4
10,0.50525442581163,SHRINK_CAL,row_8,4,4
11,0.578432353667405,SHRINK,row_8,5,4
16,0.574311451113445,SHRINK,row_8,5,4
17,0.502365347494713,SHRINK,row_8,5,4
11,0.561415973378636,SHRINK_CAL,row_8,5,4
16,0.586615958164538,SHRINK_CAL,row_8,5,4
17,0.515566738240002,SHRINK_CAL,row_8,5,4
3,0.539537585945037,SHRINK,row_32,1,4
8,0.626066042755786,SHRINK,row_32,1,4
12,0.834990269016475,SHRINK,row_32,1,4
13,0.594420977017191,SHRINK,row_32,1,4
3,0.52469430038338,SHRINK_CAL,row_32,1,4
8,0.59979187279169,SHRINK_CAL,row_32,1,4
12,0.864197293037413,SHRINK_CAL,row_32,1,4
13,0.545003048376437,SHRINK_CAL,row_32,1,4
7,0.641109759984519,SHRINK,row_32,2,4
15,0.7659375354749,SHRINK,row_32,2,4
18,0.664345880054263,SHRINK,row_32,2,4
19,0.702993307188285,SHRINK,row_32,2,4
7,0.649653850757375,SHRINK_CAL,row_32,2,4
15,0.78946350688679,SHRINK_CAL,row_32,2,4
18,0.677636240185663,SHRINK_CAL,row_32,2,4
19,0.7187880925625,SHRINK_CAL,row_32,2,4
5,0.6077811485308,SHRINK,row_32,3,4
6,0.608992068385935,SHRINK,row_32,3,4
9,0.589563924103804,SHRINK,row_32,3,4
14,0.575564935251394,SHRINK,row_32,3,4
5,0.596882319181175,SHRINK_CAL,row_32,3,4
6,0.599762563164163,SHRINK_CAL,row_32,3,4
9,0.562108504868176,SHRINK_CAL,row_32,3,4
14,0.547757946760302,SHRINK_CAL,row_32,3,4
1,0.533636792437293,SHRINK,row_32,4,4
2,0.506174948643179,SHRINK,row_32,4,4
10,0.583023057971591,SHRINK,row_32,4,4
1,0.513603494836056,SHRINK_CAL,row_32,4,4
2,0.481936751665349,SHRINK_CAL,row_32,4,4
10,0.559344725281527,SHRINK_CAL,row_32,4,4
11,0.581769889148638,SHRINK,row_32,5,4
16,0.616442897447463,SHRINK,row_32,5,4
17,0.595424495457574,SHRINK,row_32,5,4
11,0.559964733898444,SHRINK_CAL,row_32,5,4
16,0.592713544502239,SHRINK_CAL,row_32,5,4
17,0.548623759026224,SHRINK_CAL,row_32,5,4
3,0.602195208490064,SHRINK,original,1,5
8,0.564223195261102,SHRINK,original,1,5
12,0.801074494605134,SHRINK,original,1,5
13,0.47423053072654,SHRINK,original,1,5
3,0.530035879879256,SHRINK_CAL,original,1,5
8,0.59958191014989,SHRINK_CAL,original,1,5
12,0.91707771535319,SHRINK_CAL,original,1,5
13,0.518539609987371,SHRINK_CAL,original,1,5
7,0.559029309198648,SHRINK,original,2,5
15,0.687448196731347,SHRINK,original,2,5
18,0.539038983254099,SHRINK,original,2,5
19,0.623403005941691,SHRINK,original,2,5
7,0.6094434680359,SHRINK_CAL,original,2,5
15,0.764139499362626,SHRINK_CAL,original,2,5
18,0.621352660199679,SHRINK_CAL,original,2,5
19,0.685763404640388,SHRINK_CAL,original,2,5
4,0.67100550546126,SHRINK,original,3,5
6,0.737341862932739,SHRINK,original,3,5
9,0.587682900647133,SHRINK,original,3,5
14,0.605051587093775,SHRINK,original,3,5
4,0.582522444724278,SHRINK_CAL,original,3,5
6,0.614201012298973,SHRINK_CAL,original,3,5
9,0.555129273632413,SHRINK_CAL,original,3,5
14,0.535622876533326,SHRINK_CAL,original,3,5
1,0.547511073322869,SHRINK,original,4,5
2,0.554992210909659,SHRINK,original,4,5
10,0.441089226990879,SHRINK,original,4,5
1,0.492910890985687,SHRINK_CAL,original,4,5
2,0.482547675217387,SHRINK_CAL,original,4,5
10,0.499034714660348,SHRINK_CAL,original,4,5
11,0.618243396606207,SHRINK,original,5,5
16,0.575397100270355,SHRINK,original,5,5
17,0.445938090547235,SHRINK,original,5,5
11,0.5621926815333,SHRINK_CAL,original,5,5
16,0.592249657121024,SHRINK_CAL,original,5,5
17,0.514576784299667,SHRINK_CAL,original,5,5
3,0.571278424235184,SHRINK,group_0.5,1,5
8,0.614122256846331,SHRINK,group_0.5,1,5
12,0.991324448500318,SHRINK,group_0.5,1,5
13,0.493861075186414,SHRINK,group_0.5,1,5
3,0.523385800730675,SHRINK_CAL,group_0.5,1,5
8,0.618462497486063,SHRINK_CAL,group_0.5,1,5
12,0.944529971820764,SHRINK_CAL,group_0.5,1,5
13,0.539857827329681,SHRINK_CAL,group_0.5,1,5
7,0.570087597970363,SHRINK,group_0.5,2,5
15,0.776017763543717,SHRINK,group_0.5,2,5
18,0.575984153565729,SHRINK,group_0.5,2,5
19,0.660743549022907,SHRINK,group_0.5,2,5
7,0.609941536559661,SHRINK_CAL,group_0.5,2,5
15,0.771950609168067,SHRINK_CAL,group_0.5,2,5
18,0.6369038602271,SHRINK_CAL,group_0.5,2,5
19,0.684019475680716,SHRINK_CAL,group_0.5,2,5
4,0.697340081632919,SHRINK,group_0.5,3,5
6,0.784712419247624,SHRINK,group_0.5,3,5
9,0.588694887656454,SHRINK,group_0.5,3,5
14,0.658053004665542,SHRINK,group_0.5,3,5
4,0.572957321980757,SHRINK_CAL,group_0.5,3,5
6,0.607866585049261,SHRINK_CAL,group_0.5,3,5
9,0.549069396166324,SHRINK_CAL,group_0.5,3,5
14,0.553685812756152,SHRINK_CAL,group_0.5,3,5
1,0.554459491918908,SHRINK,group_0.5,4,5
2,0.537924732747116,SHRINK,group_0.5,4,5
10,0.424837871423362,SHRINK,group_0.5,4,5
1,0.507562589732675,SHRINK_CAL,group_0.5,4,5
2,0.48528338131571,SHRINK_CAL,group_0.5,4,5
10,0.511623662810991,SHRINK_CAL,group_0.5,4,5
11,0.605484595433525,SHRINK,group_0.5,5,5
16,0.569420664196837,SHRINK,group_0.5,5,5
17,0.47435441374902,SHRINK,group_0.5,5,5
11,0.570153772274075,SHRINK_CAL,group_0.5,5,5
16,0.586503112130423,SHRINK_CAL,group_0.5,5,5
17,0.537483324151442,SHRINK_CAL,group_0.5,5,5
3,0.54845188674832,SHRINK,group_2,1,5
8,0.598895669377204,SHRINK,group_2,1,5
12,0.890962342183959,SHRINK,group_2,1,5
13,0.506561855199278,SHRINK,group_2,1,5
3,0.521296176450592,SHRINK_CAL,group_2,1,5
8,0.613583596773598,SHRINK_CAL,group_2,1,5
12,0.922580987565046,SHRINK_CAL,group_2,1,5
13,0.531431494787225,SHRINK_CAL,group_2,1,5
7,0.571282710759949,SHRINK,group_2,2,5
15,0.739635426802332,SHRINK,group_2,2,5
18,0.577212940638313,SHRINK,group_2,2,5
19,0.650721583530032,SHRINK,group_2,2,5
7,0.606542722187684,SHRINK_CAL,group_2,2,5
15,0.767739874989788,SHRINK_CAL,group_2,2,5
18,0.629458573178942,SHRINK_CAL,group_2,2,5
19,0.683477108289407,SHRINK_CAL,group_2,2,5
4,0.654165642775972,SHRINK,group_2,3,5
6,0.719433533957258,SHRINK,group_2,3,5
9,0.570551791875622,SHRINK,group_2,3,5
14,0.625281868792103,SHRINK,group_2,3,5
4,0.58249495289753,SHRINK_CAL,group_2,3,5
6,0.61654863665339,SHRINK_CAL,group_2,3,5
9,0.544450674437435,SHRINK_CAL,group_2,3,5
14,0.557971411787275,SHRINK_CAL,group_2,3,5
1,0.544759643220207,SHRINK,group_2,4,5
2,0.527810230594462,SHRINK,group_2,4,5
10,0.443414833956182,SHRINK,group_2,4,5
1,0.508069066116714,SHRINK_CAL,group_2,4,5
2,0.484564973461224,SHRINK_CAL,group_2,4,5
10,0.493970427162578,SHRINK_CAL,group_2,4,5
11,0.580558179986442,SHRINK,group_2,5,5
16,0.561328830343789,SHRINK,group_2,5,5
17,0.48867248863084,SHRINK,group_2,5,5
11,0.563629175678443,SHRINK_CAL,group_2,5,5
16,0.57706214581351,SHRINK_CAL,group_2,5,5
17,0.524773639942286,SHRINK_CAL,group_2,5,5
3,0.52990598105148,SHRINK,group_8,1,5
8,0.608542469375048,SHRINK,group_8,1,5
12,0.836500038342438,SHRINK,group_8,1,5
13,0.55268197075511,SHRINK,group_8,1,5
3,0.521586433728658,SHRINK_CAL,group_8,1,5
8,0.608968725018924,SHRINK_CAL,group_8,1,5
12,0.887535930294757,SHRINK_CAL,group_8,1,5
13,0.533049534701378,SHRINK_CAL,group_8,1,5
7,0.600193232143388,SHRINK,group_8,2,5
15,0.737319928888368,SHRINK,group_8,2,5
18,0.617379661249345,SHRINK,group_8,2,5
19,0.668071604974621,SHRINK,group_8,2,5
7,0.614814988809027,SHRINK_CAL,group_8,2,5
15,0.767165581930673,SHRINK_CAL,group_8,2,5
18,0.639161805550471,SHRINK_CAL,group_8,2,5
19,0.689922139511979,SHRINK_CAL,group_8,2,5
4,0.610039747704733,SHRINK,group_8,3,5
6,0.645117396279196,SHRINK,group_8,3,5
9,0.569712844524978,SHRINK,group_8,3,5
14,0.592458641952047,SHRINK,group_8,3,5
4,0.588789706955696,SHRINK_CAL,group_8,3,5
6,0.616261087476226,SHRINK_CAL,group_8,3,5
9,0.545280346323078,SHRINK_CAL,group_8,3,5
14,0.561744951752849,SHRINK_CAL,group_8,3,5
1,0.535530547744008,SHRINK,group_8,4,5
2,0.518551872656703,SHRINK,group_8,4,5
10,0.50544051668273,SHRINK,group_8,4,5
1,0.513174647184811,SHRINK_CAL,group_8,4,5
2,0.487493664596183,SHRINK_CAL,group_8,4,5
10,0.497003539626527,SHRINK_CAL,group_8,4,5
11,0.56979287878635,SHRINK,group_8,5,5
16,0.578764486815,SHRINK,group_8,5,5
17,0.543772705722574,SHRINK,group_8,5,5
11,0.55911300564809,SHRINK_CAL,group_8,5,5
16,0.571792652709911,SHRINK_CAL,group_8,5,5
17,0.524613194721925,SHRINK_CAL,group_8,5,5
3,0.546375854061008,SHRINK,group_32,1,5
8,0.660580221912019,SHRINK,group_32,1,5
12,0.853096551861507,SHRINK,group_32,1,5
13,0.637738885434924,SHRINK,group_32,1,5
3,0.526468085771411,SHRINK_CAL,group_32,1,5
8,0.634243269085851,SHRINK_CAL,group_32,1,5
12,0.856089628550659,SHRINK_CAL,group_32,1,5
13,0.595993220300057,SHRINK_CAL,group_32,1,5
7,0.657010736334707,SHRINK,group_32,2,5
15,0.774826786944852,SHRINK,group_32,2,5
18,0.691189354217893,SHRINK,group_32,2,5
19,0.7154853895663,SHRINK,group_32,2,5
7,0.667395462068833,SHRINK_CAL,group_32,2,5
15,0.792780060154809,SHRINK_CAL,group_32,2,5
18,0.706380418569368,SHRINK_CAL,group_32,2,5
19,0.729423533842859,SHRINK_CAL,group_32,2,5
4,0.602106848782096,SHRINK,group_32,3,5
6,0.602939845929612,SHRINK,group_32,3,5
9,0.602163714932926,SHRINK,group_32,3,5
14,0.593709117495561,SHRINK,group_32,3,5
4,0.581664616401202,SHRINK_CAL,group_32,3,5
6,0.585960847519543,SHRINK_CAL,group_32,3,5
9,0.574840784872451,SHRINK_CAL,group_32,3,5
14,0.567711839253782,SHRINK_CAL,group_32,3,5
1,0.551174646343663,SHRINK,group_32,4,5
2,0.525272940155772,SHRINK,group_32,4,5
10,0.608796279959444,SHRINK,group_32,4,5
1,0.532266116560721,SHRINK_CAL,group_32,4,5
2,0.504932069045235,SHRINK_CAL,group_32,4,5
10,0.583508426804941,SHRINK_CAL,group_32,4,5
11,0.589955065666488,SHRINK,group_32,5,5
16,0.634332176885834,SHRINK,group_32,5,5
17,0.631422045770268,SHRINK,group_32,5,5
11,0.566312755453429,SHRINK_CAL,group_32,5,5
16,0.600446886880547,SHRINK_CAL,group_32,5,5
17,0.585261871385112,SHRINK_CAL,group_32,5,5
3,0.616959012526822,SHRINK,row_0.5,1,5
8,0.588989327763359,SHRINK,row_0.5,1,5
12,0.948623695654078,SHRINK,row_0.5,1,5
13,0.467964006532799,SHRINK,row_0.5,1,5
3,0.533544842811648,SHRINK_CAL,row_0.5,1,5
8,0.603491904732005,SHRINK_CAL,row_0.5,1,5
12,0.939537809302324,SHRINK_CAL,row_0.5,1,5
13,0.526118593776665,SHRINK_CAL,row_0.5,1,5
7,0.564419655505752,SHRINK,row_0.5,2,5
15,0.760275172349812,SHRINK,row_0.5,2,5
18,0.553915523282803,SHRINK,row_0.5,2,5
19,0.646426572597573,SHRINK,row_0.5,2,5
7,0.607817866769539,SHRINK_CAL,row_0.5,2,5
15,0.767355399139847,SHRINK_CAL,row_0.5,2,5
18,0.627290250489322,SHRINK_CAL,row_0.5,2,5
19,0.679296326975468,SHRINK_CAL,row_0.5,2,5
4,0.694902696424265,SHRINK,row_0.5,3,5
6,0.769017564998906,SHRINK,row_0.5,3,5
9,0.598712503335307,SHRINK,row_0.5,3,5
14,0.612927406937802,SHRINK,row_0.5,3,5
4,0.574322126784711,SHRINK_CAL,row_0.5,3,5
6,0.603504918564695,SHRINK_CAL,row_0.5,3,5
9,0.560533985643263,SHRINK_CAL,row_0.5,3,5
14,0.537602091885607,SHRINK_CAL,row_0.5,3,5
1,0.541550985760732,SHRINK,row_0.5,4,5
2,0.54112310472001,SHRINK,row_0.5,4,5
10,0.433334509856323,SHRINK,row_0.5,4,5
1,0.498583797255345,SHRINK_CAL,row_0.5,4,5
2,0.485245490837898,SHRINK_CAL,row_0.5,4,5
10,0.518860032867595,SHRINK_CAL,row_0.5,4,5
11,0.643059975587955,SHRINK,row_0.5,5,5
16,0.593557420900004,SHRINK,row_0.5,5,5
17,0.437593493363432,SHRINK,row_0.5,5,5
11,0.570689753438487,SHRINK_CAL,row_0.5,5,5
16,0.597533683559947,SHRINK_CAL,row_0.5,5,5
17,0.526501853473319,SHRINK_CAL,row_0.5,5,5
3,0.589349101728949,SHRINK,row_2,1,5
8,0.573770455715952,SHRINK,row_2,1,5
12,0.856454966952909,SHRINK,row_2,1,5
13,0.476175617784176,SHRINK,row_2,1,5
3,0.533902400675676,SHRINK_CAL,row_2,1,5
8,0.596753713298297,SHRINK_CAL,row_2,1,5
12,0.915184152221869,SHRINK_CAL,row_2,1,5
13,0.515021896674396,SHRINK_CAL,row_2,1,5
7,0.564080234902782,SHRINK,row_2,2,5
15,0.72541638269601,SHRINK,row_2,2,5
18,0.551152463170451,SHRINK,row_2,2,5
19,0.638175693611821,SHRINK,row_2,2,5
7,0.604282338168005,SHRINK_CAL,row_2,2,5
15,0.761540869833932,SHRINK_CAL,row_2,2,5
18,0.616904373024832,SHRINK_CAL,row_2,2,5
19,0.678476305210009,SHRINK_CAL,row_2,2,5
4,0.661404163926242,SHRINK,row_2,3,5
6,0.720399940181885,SHRINK,row_2,3,5
9,0.580535472288275,SHRINK,row_2,3,5
14,0.595533487791867,SHRINK,row_2,3,5
4,0.582986290111297,SHRINK_CAL,row_2,3,5
6,0.612735349315889,SHRINK_CAL,row_2,3,5
9,0.555525436094729,SHRINK_CAL,row_2,3,5
14,0.5390221940135,SHRINK_CAL,row_2,3,5
1,0.535509245806748,SHRINK,row_2,4,5
2,0.531281875130593,SHRINK,row_2,4,5
10,0.443507402138565,SHRINK,row_2,4,5
1,0.498497705978569,SHRINK_CAL,row_2,4,5
2,0.484549758571752,SHRINK_CAL,row_2,4,5
10,0.500450651091171,SHRINK_CAL,row_2,4,5
11,0.611055829984245,SHRINK,row_2,5,5
16,0.577303244038993,SHRINK,row_2,5,5
17,0.447747153956912,SHRINK,row_2,5,5
11,0.565546861067641,SHRINK_CAL,row_2,5,5
16,0.59077911926611,SHRINK_CAL,row_2,5,5
17,0.512448570067243,SHRINK_CAL,row_2,5,5
3,0.552065569054473,SHRINK,row_8,1,5
8,0.575166643278392,SHRINK,row_8,1,5
12,0.800974003468712,SHRINK,row_8,1,5
13,0.508921024880481,SHRINK,row_8,1,5
3,0.536149293937818,SHRINK_CAL,row_8,1,5
8,0.589761811718421,SHRINK_CAL,row_8,1,5
12,0.882707046856684,SHRINK_CAL,row_8,1,5
13,0.508311379392454,SHRINK_CAL,row_8,1,5
7,0.584538499399156,SHRINK,row_8,2,5
15,0.71747436308339,SHRINK,row_8,2,5
18,0.581867731222914,SHRINK,row_8,2,5
19,0.650644094592862,SHRINK,row_8,2,5
7,0.608344328164075,SHRINK_CAL,row_8,2,5
15,0.758607903199799,SHRINK_CAL,row_8,2,5
18,0.618280638235111,SHRINK_CAL,row_8,2,5
19,0.682754211008558,SHRINK_CAL,row_8,2,5
4,0.619160697460108,SHRINK,row_8,3,5
6,0.657705578791514,SHRINK,row_8,3,5
9,0.569936054030335,SHRINK,row_8,3,5
14,0.574514765833902,SHRINK,row_8,3,5
4,0.594208609411668,SHRINK_CAL,row_8,3,5
6,0.620229484933328,SHRINK_CAL,row_8,3,5
9,0.553684930734153,SHRINK_CAL,row_8,3,5
14,0.544133396727104,SHRINK_CAL,row_8,3,5
1,0.52700000053251,SHRINK,row_8,4,5
2,0.519689833924488,SHRINK,row_8,4,5
10,0.486379729944604,SHRINK,row_8,4,5
1,0.503228403039096,SHRINK_CAL,row_8,4,5
2,0.486794343460264,SHRINK_CAL,row_8,4,5
10,0.492972398824874,SHRINK_CAL,row_8,4,5
11,0.58181473072048,SHRINK,row_8,5,5
16,0.574685513940965,SHRINK,row_8,5,5
17,0.495796298880209,SHRINK,row_8,5,5
11,0.562919411697266,SHRINK_CAL,row_8,5,5
16,0.585368686863888,SHRINK_CAL,row_8,5,5
17,0.505177686140869,SHRINK_CAL,row_8,5,5
3,0.542111087403693,SHRINK,row_32,1,5
8,0.622253982137374,SHRINK,row_32,1,5
12,0.817553936618746,SHRINK,row_32,1,5
13,0.59007462667562,SHRINK,row_32,1,5
3,0.527286118071063,SHRINK_CAL,row_32,1,5
8,0.594499858115046,SHRINK_CAL,row_32,1,5
12,0.842069043407642,SHRINK_CAL,row_32,1,5
13,0.538119534323311,SHRINK_CAL,row_32,1,5
7,0.636639922055847,SHRINK,row_32,2,5
15,0.752834530441156,SHRINK,row_32,2,5
18,0.656523977542619,SHRINK,row_32,2,5
19,0.695470645460453,SHRINK,row_32,2,5
7,0.641787240261562,SHRINK_CAL,row_32,2,5
15,0.77356859026465,SHRINK_CAL,row_32,2,5
18,0.665398292003206,SHRINK_CAL,row_32,2,5
19,0.708300163910749,SHRINK_CAL,row_32,2,5
4,0.598556927562491,SHRINK,row_32,3,5
6,0.608992068385935,SHRINK,row_32,3,5
9,0.589563924103804,SHRINK,row_32,3,5
14,0.575564935251394,SHRINK,row_32,3,5
4,0.585864547713647,SHRINK_CAL,row_32,3,5
6,0.599762563164163,SHRINK_CAL,row_32,3,5
9,0.562108504868176,SHRINK_CAL,row_32,3,5
14,0.547757946760302,SHRINK_CAL,row_32,3,5
1,0.537979489456764,SHRINK,row_32,4,5
2,0.521381922023886,SHRINK,row_32,4,5
10,0.578853855342271,SHRINK,row_32,4,5
1,0.514708590735888,SHRINK_CAL,row_32,4,5
2,0.496401509337914,SHRINK_CAL,row_32,4,5
10,0.543891033727974,SHRINK_CAL,row_32,4,5
11,0.584202819162945,SHRINK,row_32,5,5
16,0.614772308042436,SHRINK,row_32,5,5
17,0.590554576424813,SHRINK,row_32,5,5
11,0.561050770363006,SHRINK_CAL,row_32,5,5
16,0.590407046944405,SHRINK_CAL,row_32,5,5
17,0.540350011387904,SHRINK_CAL,row_32,5,5
3,0.612015061233921,SHRINK,original,1,6
8,0.561044548678768,SHRINK,original,1,6
12,0.79763439320824,SHRINK,original,1,6
13,0.471635795710799,SHRINK,original,1,6
3,0.532131978983396,SHRINK_CAL,original,1,6
8,0.596694606295498,SHRINK_CAL,original,1,6
12,0.919869279477592,SHRINK_CAL,original,1,6
13,0.516411095472374,SHRINK_CAL,original,1,6
7,0.55951191078911,SHRINK,original,2,6
15,0.685983362760108,SHRINK,original,2,6
18,0.537802326766904,SHRINK,original,2,6
19,0.622482595880655,SHRINK,original,2,6
7,0.610123204474937,SHRINK_CAL,original,2,6
15,0.76496020809357,SHRINK_CAL,original,2,6
18,0.62171968536335,SHRINK_CAL,original,2,6
19,0.686201945960222,SHRINK_CAL,original,2,6
4,0.67100550546126,SHRINK,original,3,6
5,0.720655435780348,SHRINK,original,3,6
9,0.587682900647133,SHRINK,original,3,6
14,0.605051587093775,SHRINK,original,3,6
4,0.582522444724278,SHRINK_CAL,original,3,6
5,0.604562494138536,SHRINK_CAL,original,3,6
9,0.555129273632413,SHRINK_CAL,original,3,6
14,0.535622876533326,SHRINK_CAL,original,3,6
1,0.551975970608428,SHRINK,original,4,6
2,0.554343629557581,SHRINK,original,4,6
10,0.439729741988088,SHRINK,original,4,6
1,0.490653793094236,SHRINK_CAL,original,4,6
2,0.477588788323283,SHRINK_CAL,original,4,6
10,0.498594359805838,SHRINK_CAL,original,4,6
11,0.625986310547085,SHRINK,original,5,6
16,0.576695350991218,SHRINK,original,5,6
17,0.445091389390321,SHRINK,original,5,6
11,0.564855271407773,SHRINK_CAL,original,5,6
16,0.590953762727232,SHRINK_CAL,original,5,6
17,0.51232163092087,SHRINK_CAL,original,5,6
3,0.595228463413554,SHRINK,group_0.5,1,6
8,0.60934719343874,SHRINK,group_0.5,1,6
12,0.984976244714463,SHRINK,group_0.5,1,6
13,0.489611267003112,SHRINK,group_0.5,1,6
3,0.526060115968751,SHRINK_CAL,group_0.5,1,6
8,0.614365983856787,SHRINK_CAL,group_0.5,1,6
12,0.948643779844692,SHRINK_CAL,group_0.5,1,6
13,0.536695478287235,SHRINK_CAL,group_0.5,1,6
7,0.570240328060342,SHRINK,group_0.5,2,6
15,0.77132745126594,SHRINK,group_0.5,2,6
18,0.574235358764032,SHRINK,group_0.5,2,6
19,0.657651609981066,SHRINK,group_0.5,2,6
7,0.610444713258308,SHRINK_CAL,group_0.5,2,6
15,0.773042426559493,SHRINK_CAL,group_0.5,2,6
18,0.637871970540317,SHRINK_CAL,group_0.5,2,6
19,0.684671779713828,SHRINK_CAL,group_0.5,2,6
4,0.697340081632919,SHRINK,group_0.5,3,6
5,0.743606178758814,SHRINK,group_0.5,3,6
9,0.588694887656454,SHRINK,group_0.5,3,6
14,0.658053004665542,SHRINK,group_0.5,3,6
4,0.572957321980757,SHRINK_CAL,group_0.5,3,6
5,0.588276619689753,SHRINK_CAL,group_0.5,3,6
9,0.549069396166324,SHRINK_CAL,group_0.5,3,6
14,0.553685812756152,SHRINK_CAL,group_0.5,3,6
1,0.563256082754552,SHRINK,group_0.5,4,6
2,0.539920214353938,SHRINK,group_0.5,4,6
10,0.423128727205633,SHRINK,group_0.5,4,6
1,0.501622592501477,SHRINK_CAL,group_0.5,4,6
2,0.478115953554634,SHRINK_CAL,group_0.5,4,6
10,0.509027501878476,SHRINK_CAL,group_0.5,4,6
11,0.619259155127799,SHRINK,group_0.5,5,6
16,0.571545512732959,SHRINK,group_0.5,5,6
17,0.472310558389193,SHRINK,group_0.5,5,6
11,0.57398535341271,SHRINK_CAL,group_0.5,5,6
16,0.584336550253254,SHRINK_CAL,group_0.5,5,6
17,0.534770830323928,SHRINK_CAL,group_0.5,5,6
3,0.556971978854491,SHRINK,group_2,1,6
8,0.594074220410611,SHRINK,group_2,1,6
12,0.885169896306531,SHRINK,group_2,1,6
13,0.502776110418315,SHRINK,group_2,1,6
3,0.522251144922744,SHRINK_CAL,group_2,1,6
8,0.610438307832374,SHRINK_CAL,group_2,1,6
12,0.92612575275816,SHRINK_CAL,group_2,1,6
13,0.529085049751939,SHRINK_CAL,group_2,1,6
7,0.570225311140729,SHRINK,group_2,2,6
15,0.735876396148194,SHRINK,group_2,2,6
18,0.575348419980004,SHRINK,group_2,2,6
19,0.647341200010171,SHRINK,group_2,2,6
7,0.606372215904434,SHRINK_CAL,group_2,2,6
15,0.76889962870664,SHRINK_CAL,group_2,2,6
18,0.629644772522067,SHRINK_CAL,group_2,2,6
19,0.683277198103195,SHRINK_CAL,group_2,2,6
4,0.654165642775972,SHRINK,group_2,3,6
5,0.696580168423522,SHRINK,group_2,3,6
9,0.570551791875622,SHRINK,group_2,3,6
14,0.625281868792103,SHRINK,group_2,3,6
4,0.58249495289753,SHRINK_CAL,group_2,3,6
5,0.600853760492859,SHRINK_CAL,group_2,3,6
9,0.544450674437435,SHRINK_CAL,group_2,3,6
14,0.557971411787275,SHRINK_CAL,group_2,3,6
1,0.552529976193188,SHRINK,group_2,4,6
2,0.52560469712012,SHRINK,group_2,4,6
10,0.441624775628365,SHRINK,group_2,4,6
1,0.506600380012159,SHRINK_CAL,group_2,4,6
2,0.476518006700933,SHRINK_CAL,group_2,4,6
10,0.492612560042287,SHRINK_CAL,group_2,4,6
11,0.587191896125019,SHRINK,group_2,5,6
16,0.559247253712333,SHRINK,group_2,5,6
17,0.486953081474722,SHRINK,group_2,5,6
11,0.56688896164623,SHRINK_CAL,group_2,5,6
16,0.574314862319071,SHRINK_CAL,group_2,5,6
17,0.522904304265625,SHRINK_CAL,group_2,5,6
3,0.530938892703216,SHRINK,group_8,1,6
8,0.604470412765545,SHRINK,group_8,1,6
12,0.832038375547483,SHRINK,group_8,1,6
13,0.549976463867891,SHRINK,group_8,1,6
3,0.52158020739731,SHRINK_CAL,group_8,1,6
8,0.606133329180721,SHRINK_CAL,group_8,1,6
12,0.889402147918748,SHRINK_CAL,group_8,1,6
13,0.531446852848017,SHRINK_CAL,group_8,1,6
7,0.598565796735563,SHRINK,group_8,2,6
15,0.734635221418829,SHRINK,group_8,2,6
18,0.615736841081999,SHRINK,group_8,2,6
19,0.664762279942626,SHRINK,group_8,2,6
7,0.613347609312846,SHRINK_CAL,group_8,2,6
15,0.76758396667603,SHRINK_CAL,group_8,2,6
18,0.63804692217534,SHRINK_CAL,group_8,2,6
19,0.688133699956862,SHRINK_CAL,group_8,2,6
4,0.610039747704733,SHRINK,group_8,3,6
5,0.635233536664858,SHRINK,group_8,3,6
9,0.569712844524978,SHRINK,group_8,3,6
14,0.592458641952047,SHRINK,group_8,3,6
4,0.588789706955696,SHRINK_CAL,group_8,3,6
5,0.605096443858312,SHRINK_CAL,group_8,3,6
9,0.545280346323078,SHRINK_CAL,group_8,3,6
14,0.561744951752849,SHRINK_CAL,group_8,3,6
1,0.540383964977473,SHRINK,group_8,4,6
2,0.516842814802481,SHRINK,group_8,4,6
10,0.503808382369908,SHRINK,group_8,4,6
1,0.514673500268235,SHRINK_CAL,group_8,4,6
2,0.480626236198276,SHRINK_CAL,group_8,4,6
10,0.49579831691121,SHRINK_CAL,group_8,4,6
11,0.572357404729034,SHRINK,group_8,5,6
16,0.575593196241205,SHRINK,group_8,5,6
17,0.542534317788629,SHRINK,group_8,5,6
11,0.561782569052018,SHRINK_CAL,group_8,5,6
16,0.568214772231434,SHRINK_CAL,group_8,5,6
17,0.522812387518636,SHRINK_CAL,group_8,5,6
3,0.546130117783413,SHRINK,group_32,1,6
8,0.658127688958851,SHRINK,group_32,1,6
12,0.849984047481596,SHRINK,group_32,1,6
13,0.636166487286959,SHRINK,group_32,1,6
3,0.525355665566961,SHRINK_CAL,group_32,1,6
8,0.631445331220145,SHRINK_CAL,group_32,1,6
12,0.855205504596301,SHRINK_CAL,group_32,1,6
13,0.594255078949957,SHRINK_CAL,group_32,1,6
7,0.655775474210989,SHRINK,group_32,2,6
15,0.772854835068287,SHRINK,group_32,2,6
18,0.689910909085658,SHRINK,group_32,2,6
19,0.713164737239001,SHRINK,group_32,2,6
7,0.664562762178968,SHRINK_CAL,group_32,2,6
15,0.790840762776151,SHRINK_CAL,group_32,2,6
18,0.70332887992571,SHRINK_CAL,group_32,2,6
19,0.726352075002585,SHRINK_CAL,group_32,2,6
4,0.602106848782096,SHRINK,group_32,3,6
5,0.600757938415937,SHRINK,group_32,3,6
9,0.602163714932926,SHRINK,group_32,3,6
14,0.593709117495561,SHRINK,group_32,3,6
4,0.581664616401202,SHRINK_CAL,group_32,3,6
5,0.582013938188561,SHRINK_CAL,group_32,3,6
9,0.574840784872451,SHRINK_CAL,group_32,3,6
14,0.567711839253782,SHRINK_CAL,group_32,3,6
1,0.553395428595491,SHRINK,group_32,4,6
2,0.525316592779452,SHRINK,group_32,4,6
10,0.607652742071049,SHRINK,group_32,4,6
1,0.532897707969845,SHRINK_CAL,group_32,4,6
2,0.501910642560222,SHRINK_CAL,group_32,4,6
10,0.581069829879098,SHRINK_CAL,group_32,4,6
11,0.590846369673773,SHRINK,group_32,5,6
16,0.632297093247801,SHRINK,group_32,5,6
17,0.630563462746673,SHRINK,group_32,5,6
11,0.566629033341365,SHRINK_CAL,group_32,5,6
16,0.596156113435285,SHRINK_CAL,group_32,5,6
17,0.582467722709107,SHRINK_CAL,group_32,5,6
3,0.637069981399104,SHRINK,row_0.5,1,6
8,0.585354047287899,SHRINK,row_0.5,1,6
12,0.944418285264979,SHRINK,row_0.5,1,6
13,0.464872811197238,SHRINK,row_0.5,1,6
3,0.536529425937726,SHRINK_CAL,row_0.5,1,6
8,0.600255186783298,SHRINK_CAL,row_0.5,1,6
12,0.942207711588933,SHRINK_CAL,row_0.5,1,6
13,0.524063550167562,SHRINK_CAL,row_0.5,1,6
7,0.56629805751731,SHRINK,row_0.5,2,6
15,0.756921669439062,SHRINK,row_0.5,2,6
18,0.552799495088155,SHRINK,row_0.5,2,6
19,0.645213009544821,SHRINK,row_0.5,2,6
7,0.609241365690676,SHRINK_CAL,row_0.5,2,6
15,0.767685224909049,SHRINK_CAL,row_0.5,2,6
18,0.62830379771094,SHRINK_CAL,row_0.5,2,6
19,0.680364430689465,SHRINK_CAL,row_0.5,2,6
4,0.694902696424265,SHRINK,row_0.5,3,6
5,0.739642361442252,SHRINK,row_0.5,3,6
9,0.598712503335307,SHRINK,row_0.5,3,6
14,0.612927406937802,SHRINK,row_0.5,3,6
4,0.574322126784711,SHRINK_CAL,row_0.5,3,6
5,0.592254217816548,SHRINK_CAL,row_0.5,3,6
9,0.560533985643263,SHRINK_CAL,row_0.5,3,6
14,0.537602091885607,SHRINK_CAL,row_0.5,3,6
1,0.545615312044114,SHRINK,row_0.5,4,6
2,0.545034902002556,SHRINK,row_0.5,4,6
10,0.431886669978868,SHRINK,row_0.5,4,6
1,0.493459928910001,SHRINK_CAL,row_0.5,4,6
2,0.481686730924773,SHRINK_CAL,row_0.5,4,6
10,0.517944804790509,SHRINK_CAL,row_0.5,4,6
11,0.6566882649983,SHRINK,row_0.5,5,6
16,0.598637156104761,SHRINK,row_0.5,5,6
17,0.436286407875701,SHRINK,row_0.5,5,6
11,0.573665669696577,SHRINK_CAL,row_0.5,5,6
16,0.596344506817241,SHRINK_CAL,row_0.5,5,6
17,0.523254040415779,SHRINK_CAL,row_0.5,5,6
3,0.596926821368132,SHRINK,row_2,1,6
8,0.570298171419633,SHRINK,row_2,1,6
12,0.852417828129476,SHRINK,row_2,1,6
13,0.473411776293545,SHRINK,row_2,1,6
3,0.534826703726524,SHRINK_CAL,row_2,1,6
8,0.594044634702485,SHRINK_CAL,row_2,1,6
12,0.917948581091364,SHRINK_CAL,row_2,1,6
13,0.51273694634229,SHRINK_CAL,row_2,1,6
7,0.564505773618359,SHRINK,row_2,2,6
15,0.72273780724293,SHRINK,row_2,2,6
18,0.549882810330803,SHRINK,row_2,2,6
19,0.636520379374238,SHRINK,row_2,2,6
7,0.604766099926129,SHRINK_CAL,row_2,2,6
15,0.761857917134673,SHRINK_CAL,row_2,2,6
18,0.616837575907462,SHRINK_CAL,row_2,2,6
19,0.678592649888382,SHRINK_CAL,row_2,2,6
4,0.661404163926242,SHRINK,row_2,3,6
5,0.70558069868436,SHRINK,row_2,3,6
9,0.580535472288275,SHRINK,row_2,3,6
14,0.595533487791867,SHRINK,row_2,3,6
4,0.582986290111297,SHRINK_CAL,row_2,3,6
5,0.604688689373104,SHRINK_CAL,row_2,3,6
9,0.555525436094729,SHRINK_CAL,row_2,3,6
14,0.5390221940135,SHRINK_CAL,row_2,3,6
1,0.539653139441383,SHRINK,row_2,4,6
2,0.530368772331177,SHRINK,row_2,4,6
10,0.441990567850006,SHRINK,row_2,4,6
1,0.496373371157972,SHRINK_CAL,row_2,4,6
2,0.479573772091355,SHRINK_CAL,row_2,4,6
10,0.499902344861696,SHRINK_CAL,row_2,4,6
11,0.617694633430848,SHRINK,row_2,5,6
16,0.577667830595927,SHRINK,row_2,5,6
17,0.446649535798986,SHRINK,row_2,5,6
11,0.567814858666836,SHRINK_CAL,row_2,5,6
16,0.589168957527661,SHRINK_CAL,row_2,5,6
17,0.510092371171253,SHRINK_CAL,row_2,5,6
3,0.553414343179458,SHRINK,row_8,1,6
8,0.572205782761543,SHRINK,row_8,1,6
12,0.797528125628102,SHRINK,row_8,1,6
13,0.506859694935001,SHRINK,row_8,1,6
3,0.536140354439439,SHRINK_CAL,row_8,1,6
8,0.587368883377684,SHRINK_CAL,row_8,1,6
12,0.884271628827412,SHRINK_CAL,row_8,1,6
13,0.506355864102506,SHRINK_CAL,row_8,1,6
7,0.583787218822033,SHRINK,row_8,2,6
15,0.715396258052174,SHRINK,row_8,2,6
18,0.580648378696592,SHRINK,row_8,2,6
19,0.648496468385185,SHRINK,row_8,2,6
7,0.607693871090831,SHRINK_CAL,row_8,2,6
15,0.758614733350037,SHRINK_CAL,row_8,2,6
18,0.617297377077803,SHRINK_CAL,row_8,2,6
19,0.681685857220348,SHRINK_CAL,row_8,2,6
4,0.619160697460108,SHRINK,row_8,3,6
5,0.651924183702533,SHRINK,row_8,3,6
9,0.569936054030335,SHRINK,row_8,3,6
14,0.574514765833902,SHRINK,row_8,3,6
4,0.594208609411668,SHRINK_CAL,row_8,3,6
5,0.614958083982416,SHRINK_CAL,row_8,3,6
9,0.553684930734153,SHRINK_CAL,row_8,3,6
14,0.544133396727104,SHRINK_CAL,row_8,3,6
1,0.530293305716665,SHRINK,row_8,4,6
2,0.518409408727412,SHRINK,row_8,4,6
10,0.484994406817526,SHRINK,row_8,4,6
1,0.503539058407304,SHRINK_CAL,row_8,4,6
2,0.481953149382254,SHRINK_CAL,row_8,4,6
10,0.492358115218904,SHRINK_CAL,row_8,4,6
11,0.584487981508213,SHRINK,row_8,5,6
16,0.572899864667736,SHRINK,row_8,5,6
17,0.494968072803047,SHRINK,row_8,5,6
11,0.564931434172783,SHRINK_CAL,row_8,5,6
16,0.58326292631734,SHRINK_CAL,row_8,5,6
17,0.503267859453137,SHRINK_CAL,row_8,5,6
3,0.542065700594611,SHRINK,row_32,1,6
8,0.620277614267434,SHRINK,row_32,1,6
12,0.814872184305567,SHRINK,row_32,1,6
13,0.588801272816451,SHRINK,row_32,1,6
3,0.526672394552384,SHRINK_CAL,row_32,1,6
8,0.59217230841766,SHRINK_CAL,row_32,1,6
12,0.841597857428037,SHRINK_CAL,row_32,1,6
13,0.536493379463716,SHRINK_CAL,row_32,1,6
7,0.635718726771335,SHRINK,row_32,2,6
15,0.751114649819816,SHRINK,row_32,2,6
18,0.655454613529412,SHRINK,row_32,2,6
19,0.693586684147021,SHRINK,row_32,2,6
7,0.639773253072792,SHRINK_CAL,row_32,2,6
15,0.772124538806971,SHRINK_CAL,row_32,2,6
18,0.662936230382623,SHRINK_CAL,row_32,2,6
19,0.705942227085149,SHRINK_CAL,row_32,2,6
4,0.598556927562491,SHRINK,row_32,3,6
5,0.6077811485308,SHRINK,row_32,3,6
9,0.589563924103804,SHRINK,row_32,3,6
14,0.575564935251394,SHRINK,row_32,3,6
4,0.585864547713647,SHRINK_CAL,row_32,3,6
5,0.596882319181175,SHRINK_CAL,row_32,3,6
9,0.562108504868176,SHRINK_CAL,row_32,3,6
14,0.547757946760302,SHRINK_CAL,row_32,3,6
1,0.539901025493971,SHRINK,row_32,4,6
2,0.521473276093506,SHRINK,row_32,4,6
10,0.577850755784047,SHRINK,row_32,4,6
1,0.515434093946498,SHRINK_CAL,row_32,4,6
2,0.493763384927828,SHRINK_CAL,row_32,4,6
10,0.542387689114151,SHRINK_CAL,row_32,4,6
11,0.585171064342969,SHRINK,row_32,5,6
16,0.613178882841719,SHRINK,row_32,5,6
17,0.589893761105582,SHRINK,row_32,5,6
11,0.561885460582918,SHRINK_CAL,row_32,5,6
16,0.587524063766944,SHRINK_CAL,row_32,5,6
17,0.538005627798526,SHRINK_CAL,row_32,5,6
3,0.56506594591482,SHRINK,original,1,7
8,0.587215436934586,SHRINK,original,1,7
12,0.823273752214986,SHRINK,original,1,7
13,0.491078039408521,SHRINK,original,1,7
3,0.500172139789954,SHRINK_CAL,original,1,7
8,0.643252598315218,SHRINK_CAL,original,1,7
12,0.977106130468523,SHRINK_CAL,original,1,7
13,0.556876087365635,SHRINK_CAL,original,1,7
6,0.551826696918582,SHRINK,original,2,7
15,0.685983362760108,SHRINK,original,2,7
18,0.537802326766904,SHRINK,original,2,7
19,0.622482595880655,SHRINK,original,2,7
6,0.4200456341903,SHRINK_CAL,original,2,7
15,0.76496020809357,SHRINK_CAL,original,2,7
18,0.62171968536335,SHRINK_CAL,original,2,7
19,0.686201945960222,SHRINK_CAL,original,2,7
4,0.617883879408193,SHRINK,original,3,7
5,0.665791814951162,SHRINK,original,3,7
9,0.589638381342946,SHRINK,original,3,7
14,0.565376989665104,SHRINK,original,3,7
4,0.542587058066696,SHRINK_CAL,original,3,7
5,0.556152806787828,SHRINK_CAL,original,3,7
9,0.556233572399278,SHRINK_CAL,original,3,7
14,0.500388375000048,SHRINK_CAL,original,3,7
1,0.511598728225017,SHRINK,original,4,7
2,0.519013179436513,SHRINK,original,4,7
10,0.458325656703234,SHRINK,original,4,7
1,0.460536491388227,SHRINK_CAL,original,4,7
2,0.443699727136175,SHRINK_CAL,original,4,7
10,0.517296423793246,SHRINK_CAL,original,4,7
11,0.601823658388753,SHRINK,original,5,7
16,0.581116596927316,SHRINK,original,5,7
17,0.461515562811845,SHRINK,original,5,7
11,0.557767278630476,SHRINK_CAL,original,5,7
16,0.611709615247893,SHRINK_CAL,original,5,7
17,0.538305749784581,SHRINK_CAL,original,5,7
3,0.529810797415106,SHRINK,group_0.5,1,7
8,0.659215455038431,SHRINK,group_0.5,1,7
12,1.0524475480178,SHRINK,group_0.5,1,7
13,0.520764925275116,SHRINK,group_0.5,1,7
3,0.496152635067085,SHRINK_CAL,group_0.5,1,7
8,0.661793030111577,SHRINK_CAL,group_0.5,1,7
12,0.997572958558645,SHRINK_CAL,group_0.5,1,7
13,0.580169803371511,SHRINK_CAL,group_0.5,1,7
6,0.517792484623987,SHRINK,group_0.5,2,7
15,0.77132745126594,SHRINK,group_0.5,2,7
18,0.574235358764032,SHRINK,group_0.5,2,7
19,0.657651609981066,SHRINK,group_0.5,2,7
6,0.416198055900021,SHRINK_CAL,group_0.5,2,7
15,0.773042426559493,SHRINK_CAL,group_0.5,2,7
18,0.637871970540317,SHRINK_CAL,group_0.5,2,7
19,0.684671779713828,SHRINK_CAL,group_0.5,2,7
4,0.603912613456007,SHRINK,group_0.5,3,7
5,0.642884699498681,SHRINK,group_0.5,3,7
9,0.579058502089924,SHRINK,group_0.5,3,7
14,0.576476419721078,SHRINK,group_0.5,3,7
4,0.535424260465527,SHRINK_CAL,group_0.5,3,7
5,0.544988942292005,SHRINK_CAL,group_0.5,3,7
9,0.552897818364844,SHRINK_CAL,group_0.5,3,7
14,0.521392638910087,SHRINK_CAL,group_0.5,3,7
1,0.517522981630667,SHRINK,group_0.5,4,7
2,0.479532713576209,SHRINK,group_0.5,4,7
10,0.447369887570552,SHRINK,group_0.5,4,7
1,0.482955824811909,SHRINK_CAL,group_0.5,4,7
2,0.443988959659711,SHRINK_CAL,group_0.5,4,7
10,0.523188096468552,SHRINK_CAL,group_0.5,4,7
11,0.594193329175666,SHRINK,group_0.5,5,7
16,0.586198596275424,SHRINK,group_0.5,5,7
17,0.500955166184808,SHRINK,group_0.5,5,7
11,0.567701248957194,SHRINK_CAL,group_0.5,5,7
16,0.605965432249579,SHRINK_CAL,group_0.5,5,7
17,0.563890581027488,SHRINK_CAL,group_0.5,5,7
3,0.5126170319606,SHRINK,group_2,1,7
8,0.635256723162034,SHRINK,group_2,1,7
12,0.95070136174111,SHRINK,group_2,1,7
13,0.533577410924517,SHRINK,group_2,1,7
3,0.491498384554221,SHRINK_CAL,group_2,1,7
8,0.654622555553405,SHRINK_CAL,group_2,1,7
12,0.97734714053315,SHRINK_CAL,group_2,1,7
13,0.573324097796416,SHRINK_CAL,group_2,1,7
6,0.486168056919808,SHRINK,group_2,2,7
15,0.735876396148194,SHRINK,group_2,2,7
18,0.575348419980004,SHRINK,group_2,2,7
19,0.647341200010171,SHRINK,group_2,2,7
6,0.416280407000106,SHRINK_CAL,group_2,2,7
15,0.76889962870664,SHRINK_CAL,group_2,2,7
18,0.629644772522067,SHRINK_CAL,group_2,2,7
19,0.683277198103195,SHRINK_CAL,group_2,2,7
4,0.584280852625547,SHRINK,group_2,3,7
5,0.613456357682479,SHRINK,group_2,3,7
9,0.559937523991828,SHRINK,group_2,3,7
14,0.561527558166874,SHRINK,group_2,3,7
4,0.54069943031696,SHRINK_CAL,group_2,3,7
5,0.549047152858783,SHRINK_CAL,group_2,3,7
9,0.543233616262132,SHRINK_CAL,group_2,3,7
14,0.519608432224149,SHRINK_CAL,group_2,3,7
1,0.505287669051508,SHRINK,group_2,4,7
2,0.475784192438904,SHRINK,group_2,4,7
10,0.466085719467054,SHRINK,group_2,4,7
1,0.47754323833053,SHRINK_CAL,group_2,4,7
2,0.440836864662537,SHRINK_CAL,group_2,4,7
10,0.504340499873792,SHRINK_CAL,group_2,4,7
11,0.570977314338805,SHRINK,group_2,5,7
16,0.574092768920713,SHRINK,group_2,5,7
17,0.514574740845469,SHRINK,group_2,5,7
11,0.56050742241135,SHRINK_CAL,group_2,5,7
16,0.593867669829395,SHRINK_CAL,group_2,5,7
17,0.552863111449641,SHRINK_CAL,group_2,5,7
3,0.504824539877116,SHRINK,group_8,1,7
8,0.637773519307537,SHRINK,group_8,1,7
12,0.896083695541329,SHRINK,group_8,1,7
13,0.578990798377525,SHRINK,group_8,1,7
3,0.492790092901139,SHRINK_CAL,group_8,1,7
8,0.648334208961791,SHRINK_CAL,group_8,1,7
12,0.9449909126676,SHRINK_CAL,group_8,1,7
13,0.579333497401272,SHRINK_CAL,group_8,1,7
6,0.449887412315386,SHRINK,group_8,2,7
15,0.734635221418829,SHRINK,group_8,2,7
18,0.615736841081999,SHRINK,group_8,2,7
19,0.664762279942626,SHRINK,group_8,2,7
6,0.413507712521427,SHRINK_CAL,group_8,2,7
15,0.76758396667603,SHRINK_CAL,group_8,2,7
18,0.63804692217534,SHRINK_CAL,group_8,2,7
19,0.688133699956862,SHRINK_CAL,group_8,2,7
4,0.561561290271446,SHRINK,group_8,3,7
5,0.571082884673907,SHRINK,group_8,3,7
9,0.558355391881293,SHRINK,group_8,3,7
14,0.546176133097812,SHRINK,group_8,3,7
4,0.544862248541684,SHRINK_CAL,group_8,3,7
5,0.548300666269439,SHRINK_CAL,group_8,3,7
9,0.538643388555716,SHRINK_CAL,group_8,3,7
14,0.519614350281331,SHRINK_CAL,group_8,3,7
1,0.502080628768904,SHRINK,group_8,4,7
2,0.474478703399256,SHRINK,group_8,4,7
10,0.527587449099136,SHRINK,group_8,4,7
1,0.479553659982485,SHRINK_CAL,group_8,4,7
2,0.441702885987024,SHRINK_CAL,group_8,4,7
10,0.500801229406982,SHRINK_CAL,group_8,4,7
11,0.563235721883754,SHRINK,group_8,5,7
16,0.591175281144305,SHRINK,group_8,5,7
17,0.567739587438516,SHRINK,group_8,5,7
11,0.555225096183752,SHRINK_CAL,group_8,5,7
16,0.587122794182874,SHRINK_CAL,group_8,5,7
17,0.55511623390662,SHRINK_CAL,group_8,5,7
3,0.531120578694378,SHRINK,group_32,1,7
8,0.685418958451409,SHRINK,group_32,1,7
12,0.911993864098025,SHRINK,group_32,1,7
13,0.662082559772843,SHRINK,group_32,1,7
3,0.518414876077491,SHRINK_CAL,group_32,1,7
8,0.679861951541782,SHRINK_CAL,group_32,1,7
12,0.925811837630395,SHRINK_CAL,group_32,1,7
13,0.650178421090657,SHRINK_CAL,group_32,1,7
6,0.429564903218899,SHRINK,group_32,2,7
15,0.772854835068287,SHRINK,group_32,2,7
18,0.689910909085658,SHRINK,group_32,2,7
19,0.713164737239001,SHRINK,group_32,2,7
6,0.40996872789063,SHRINK_CAL,group_32,2,7
15,0.790840762776151,SHRINK_CAL,group_32,2,7
18,0.70332887992571,SHRINK_CAL,group_32,2,7
19,0.726352075002585,SHRINK_CAL,group_32,2,7
4,0.565128215631629,SHRINK,group_32,3,7
5,0.546864493875168,SHRINK,group_32,3,7
9,0.58793506398944,SHRINK,group_32,3,7
14,0.556456583008227,SHRINK,group_32,3,7
4,0.543218366680168,SHRINK_CAL,group_32,3,7
5,0.527856425299956,SHRINK_CAL,group_32,3,7
9,0.56208932458117,SHRINK_CAL,group_32,3,7
14,0.529078517015444,SHRINK_CAL,group_32,3,7
1,0.524610212304993,SHRINK,group_32,4,7
2,0.486154444831271,SHRINK,group_32,4,7
10,0.628787147434795,SHRINK,group_32,4,7
1,0.494372476487077,SHRINK_CAL,group_32,4,7
2,0.457313748345652,SHRINK_CAL,group_32,4,7
10,0.572611046552798,SHRINK_CAL,group_32,4,7
11,0.58500324625277,SHRINK,group_32,5,7
16,0.647668159029025,SHRINK,group_32,5,7
17,0.651921626670695,SHRINK,group_32,5,7
11,0.565482374997121,SHRINK_CAL,group_32,5,7
16,0.620130661862096,SHRINK_CAL,group_32,5,7
17,0.61709586472208,SHRINK_CAL,group_32,5,7
3,0.57607631245821,SHRINK,row_0.5,1,7
8,0.627584661500699,SHRINK,row_0.5,1,7
12,0.986763444336495,SHRINK,row_0.5,1,7
13,0.486790605156831,SHRINK,row_0.5,1,7
3,0.505300639641169,SHRINK_CAL,row_0.5,1,7
8,0.648282119362006,SHRINK_CAL,row_0.5,1,7
12,0.995052246906899,SHRINK_CAL,row_0.5,1,7
13,0.562260246630299,SHRINK_CAL,row_0.5,1,7
6,0.532928436543187,SHRINK,row_0.5,2,7
15,0.756921669439062,SHRINK,row_0.5,2,7
18,0.552799495088155,SHRINK,row_0.5,2,7
19,0.645213009544821,SHRINK,row_0.5,2,7
6,0.417431992401773,SHRINK_CAL,row_0.5,2,7
15,0.767685224909049,SHRINK_CAL,row_0.5,2,7
18,0.62830379771094,SHRINK_CAL,row_0.5,2,7
19,0.680364430689465,SHRINK_CAL,row_0.5,2,7
4,0.621809349150596,SHRINK,row_0.5,3,7
5,0.668842713345599,SHRINK,row_0.5,3,7
9,0.601171843956793,SHRINK,row_0.5,3,7
14,0.561307980573428,SHRINK,row_0.5,3,7
4,0.538295935282085,SHRINK_CAL,row_0.5,3,7
5,0.552861730827378,SHRINK_CAL,row_0.5,3,7
9,0.564423271912555,SHRINK_CAL,row_0.5,3,7
14,0.508525497164687,SHRINK_CAL,row_0.5,3,7
1,0.510888286553379,SHRINK,row_0.5,4,7
2,0.494746483236397,SHRINK,row_0.5,4,7
10,0.451414993576131,SHRINK,row_0.5,4,7
1,0.474666605971699,SHRINK_CAL,row_0.5,4,7
2,0.448060971218541,SHRINK_CAL,row_0.5,4,7
10,0.533923964639135,SHRINK_CAL,row_0.5,4,7
11,0.623977357505391,SHRINK,row_0.5,5,7
16,0.607064167579981,SHRINK,row_0.5,5,7
17,0.453491880369794,SHRINK,row_0.5,5,7
11,0.566766440825943,SHRINK_CAL,row_0.5,5,7
16,0.61865196713484,SHRINK_CAL,row_0.5,5,7
17,0.548278840281223,SHRINK_CAL,row_0.5,5,7
3,0.55248673213683,SHRINK,row_2,1,7
8,0.604560381772499,SHRINK,row_2,1,7
12,0.895219656104111,SHRINK,row_2,1,7
13,0.495814222258057,SHRINK,row_2,1,7
3,0.503813151104109,SHRINK_CAL,row_2,1,7
8,0.638974803402632,SHRINK_CAL,row_2,1,7
12,0.972129623891128,SHRINK_CAL,row_2,1,7
13,0.55139538546722,SHRINK_CAL,row_2,1,7
6,0.506408321982284,SHRINK,row_2,2,7
15,0.72273780724293,SHRINK,row_2,2,7
18,0.549882810330803,SHRINK,row_2,2,7
19,0.636520379374238,SHRINK,row_2,2,7
6,0.418672232724066,SHRINK_CAL,row_2,2,7
15,0.761857917134673,SHRINK_CAL,row_2,2,7
18,0.616837575907462,SHRINK_CAL,row_2,2,7
19,0.678592649888382,SHRINK_CAL,row_2,2,7
4,0.605588655259457,SHRINK,row_2,3,7
5,0.643331361744427,SHRINK,row_2,3,7
9,0.57972390843921,SHRINK,row_2,3,7
14,0.551884744725704,SHRINK,row_2,3,7
4,0.544658869899479,SHRINK_CAL,row_2,3,7
5,0.557248939833308,SHRINK_CAL,row_2,3,7
9,0.555921907873669,SHRINK_CAL,row_2,3,7
14,0.505573734182721,SHRINK_CAL,row_2,3,7
1,0.499048504871236,SHRINK,row_2,4,7
2,0.489247303907187,SHRINK,row_2,4,7
10,0.46260743219492,SHRINK,row_2,4,7
1,0.467808384496195,SHRINK_CAL,row_2,4,7
2,0.445534443798602,SHRINK_CAL,row_2,4,7
10,0.514896576583554,SHRINK_CAL,row_2,4,7
11,0.594472044532856,SHRINK,row_2,5,7
16,0.58651722502041,SHRINK,row_2,5,7
17,0.464927841275708,SHRINK,row_2,5,7
11,0.560923517604738,SHRINK_CAL,row_2,5,7
16,0.60946952230812,SHRINK_CAL,row_2,5,7
17,0.535066656227806,SHRINK_CAL,row_2,5,7
3,0.524131855089725,SHRINK,row_8,1,7
8,0.600662102336482,SHRINK,row_8,1,7
12,0.846038471662805,SHRINK,row_8,1,7
13,0.530330284585505,SHRINK,row_8,1,7
3,0.50482729224768,SHRINK_CAL,row_8,1,7
8,0.627877682775497,SHRINK_CAL,row_8,1,7
12,0.939304954303691,SHRINK_CAL,row_8,1,7
13,0.546599773417532,SHRINK_CAL,row_8,1,7
6,0.469877444708939,SHRINK,row_8,2,7
15,0.715396258052174,SHRINK,row_8,2,7
18,0.580648378696592,SHRINK,row_8,2,7
19,0.648496468385185,SHRINK,row_8,2,7
6,0.418745424739816,SHRINK_CAL,row_8,2,7
15,0.758614733350037,SHRINK_CAL,row_8,2,7
18,0.617297377077803,SHRINK_CAL,row_8,2,7
19,0.681685857220348,SHRINK_CAL,row_8,2,7
4,0.577542619192727,SHRINK,row_8,3,7
5,0.598320828859303,SHRINK,row_8,3,7
9,0.565443213278479,SHRINK,row_8,3,7
14,0.5378440839801,SHRINK,row_8,3,7
4,0.55439570402794,SHRINK_CAL,row_8,3,7
5,0.561603403164735,SHRINK_CAL,row_8,3,7
9,0.550249770648688,SHRINK_CAL,row_8,3,7
14,0.506715686781637,SHRINK_CAL,row_8,3,7
1,0.493154227366069,SHRINK,row_8,4,7
2,0.481804573361256,SHRINK,row_8,4,7
10,0.507419677090344,SHRINK,row_8,4,7
1,0.468157472187755,SHRINK_CAL,row_8,4,7
2,0.445599217005677,SHRINK_CAL,row_8,4,7
10,0.503269136680586,SHRINK_CAL,row_8,4,7
11,0.570590473659514,SHRINK,row_8,5,7
16,0.584336251666376,SHRINK,row_8,5,7
17,0.515553747475714,SHRINK,row_8,5,7
11,0.557192772593714,SHRINK_CAL,row_8,5,7
16,0.601215070543762,SHRINK_CAL,row_8,5,7
17,0.529271919191239,SHRINK_CAL,row_8,5,7
3,0.524901807120841,SHRINK,row_32,1,7
8,0.646112457637279,SHRINK,row_32,1,7
12,0.870527902365634,SHRINK,row_32,1,7
13,0.613187173304015,SHRINK,row_32,1,7
3,0.505912292344501,SHRINK_CAL,row_32,1,7
8,0.63604687017642,SHRINK_CAL,row_32,1,7
12,0.906018969857496,SHRINK_CAL,row_32,1,7
13,0.586853033497564,SHRINK_CAL,row_32,1,7
6,0.439337910628625,SHRINK,row_32,2,7
15,0.751114649819816,SHRINK,row_32,2,7
18,0.655454613529412,SHRINK,row_32,2,7
19,0.693586684147021,SHRINK,row_32,2,7
6,0.411511453057481,SHRINK_CAL,row_32,2,7
15,0.772124538806971,SHRINK_CAL,row_32,2,7
18,0.662936230382623,SHRINK_CAL,row_32,2,7
19,0.705942227085149,SHRINK_CAL,row_32,2,7
4,0.564741741211807,SHRINK,row_32,3,7
5,0.558480786046445,SHRINK,row_32,3,7
9,0.579659875615589,SHRINK,row_32,3,7
14,0.542515539936692,SHRINK,row_32,3,7
4,0.548304380668015,SHRINK_CAL,row_32,3,7
5,0.543330063291564,SHRINK_CAL,row_32,3,7
9,0.553526421266225,SHRINK_CAL,row_32,3,7
14,0.510411929777064,SHRINK_CAL,row_32,3,7
1,0.511132172107864,SHRINK,row_32,4,7
2,0.485428642103464,SHRINK,row_32,4,7
10,0.60044980670503,SHRINK,row_32,4,7
1,0.478011545823026,SHRINK_CAL,row_32,4,7
2,0.453471895014421,SHRINK_CAL,row_32,4,7
10,0.542534778668198,SHRINK_CAL,row_32,4,7
11,0.577969067075719,SHRINK,row_32,5,7
16,0.627727144402973,SHRINK,row_32,5,7
17,0.611158867171028,SHRINK,row_32,5,7
11,0.55668841280749,SHRINK_CAL,row_32,5,7
16,0.606995801409113,SHRINK_CAL,row_32,5,7
17,0.568859782813754,SHRINK_CAL,row_32,5,7
3,0.56506594591482,SHRINK,original,1,8
7,0.553239339475848,SHRINK,original,1,8
12,0.823273752214986,SHRINK,original,1,8
13,0.491078039408521,SHRINK,original,1,8
3,0.500172139789954,SHRINK_CAL,original,1,8
7,0.610288748261684,SHRINK_CAL,original,1,8
12,0.977106130468523,SHRINK_CAL,original,1,8
13,0.556876087365635,SHRINK_CAL,original,1,8
6,0.554736814280109,SHRINK,original,2,8
15,0.683039972922805,SHRINK,original,2,8
18,0.538357740754127,SHRINK,original,2,8
19,0.607904822370018,SHRINK,original,2,8
6,0.414089829222246,SHRINK_CAL,original,2,8
15,0.769463664303304,SHRINK_CAL,original,2,8
18,0.622244100243354,SHRINK_CAL,original,2,8
19,0.679352942131614,SHRINK_CAL,original,2,8
4,0.6225684444756,SHRINK,original,3,8
5,0.66472037912428,SHRINK,original,3,8
9,0.567426153124289,SHRINK,original,3,8
14,0.56087493562218,SHRINK,original,3,8
4,0.54462218479161,SHRINK_CAL,original,3,8
5,0.553235778574851,SHRINK_CAL,original,3,8
9,0.537343440711394,SHRINK_CAL,original,3,8
14,0.494480117817566,SHRINK_CAL,original,3,8
1,0.515392485036649,SHRINK,original,4,8
2,0.517011889951307,SHRINK,original,4,8
10,0.45545841900396,SHRINK,original,4,8
1,0.457459824703656,SHRINK_CAL,original,4,8
2,0.436000098974692,SHRINK_CAL,original,4,8
10,0.512751164195549,SHRINK_CAL,original,4,8
11,0.606993169461083,SHRINK,original,5,8
16,0.567484430448522,SHRINK,original,5,8
17,0.464529541125601,SHRINK,original,5,8
11,0.560066931328761,SHRINK_CAL,original,5,8
16,0.601327866560923,SHRINK_CAL,original,5,8
17,0.541271731844556,SHRINK_CAL,original,5,8
3,0.529810797415106,SHRINK,group_0.5,1,8
7,0.580579224909347,SHRINK,group_0.5,1,8
12,1.0524475480178,SHRINK,group_0.5,1,8
13,0.520764925275116,SHRINK,group_0.5,1,8
3,0.496152635067085,SHRINK_CAL,group_0.5,1,8
7,0.61045764454074,SHRINK_CAL,group_0.5,1,8
12,0.997572958558645,SHRINK_CAL,group_0.5,1,8
13,0.580169803371511,SHRINK_CAL,group_0.5,1,8
6,0.521780768727878,SHRINK,group_0.5,2,8
15,0.762794626760535,SHRINK,group_0.5,2,8
18,0.578163400735501,SHRINK,group_0.5,2,8
19,0.64302981061359,SHRINK,group_0.5,2,8
6,0.410730889150774,SHRINK_CAL,group_0.5,2,8
15,0.775121090406391,SHRINK_CAL,group_0.5,2,8
18,0.639492643847607,SHRINK_CAL,group_0.5,2,8
19,0.679035283783327,SHRINK_CAL,group_0.5,2,8
4,0.614672846446312,SHRINK,group_0.5,3,8
5,0.645182747653854,SHRINK,group_0.5,3,8
9,0.556956571679315,SHRINK,group_0.5,3,8
14,0.573860597683583,SHRINK,group_0.5,3,8
4,0.539992569424042,SHRINK_CAL,group_0.5,3,8
5,0.543196602607406,SHRINK_CAL,group_0.5,3,8
9,0.53604059034889,SHRINK_CAL,group_0.5,3,8
14,0.516380250870179,SHRINK_CAL,group_0.5,3,8
1,0.513260816199926,SHRINK,group_0.5,4,8
2,0.481685888015585,SHRINK,group_0.5,4,8
10,0.446788996898204,SHRINK,group_0.5,4,8
1,0.474422686335791,SHRINK_CAL,group_0.5,4,8
2,0.438035651180834,SHRINK_CAL,group_0.5,4,8
10,0.519036272486702,SHRINK_CAL,group_0.5,4,8
11,0.598850168165598,SHRINK,group_0.5,5,8
16,0.571953612073959,SHRINK,group_0.5,5,8
17,0.507617325373224,SHRINK,group_0.5,5,8
11,0.569081632921098,SHRINK_CAL,group_0.5,5,8
16,0.596982016738448,SHRINK_CAL,group_0.5,5,8
17,0.566979770966243,SHRINK_CAL,group_0.5,5,8
3,0.5126170319606,SHRINK,group_2,1,8
7,0.577415296243803,SHRINK,group_2,1,8
12,0.95070136174111,SHRINK,group_2,1,8
13,0.533577410924517,SHRINK,group_2,1,8
3,0.491498384554221,SHRINK_CAL,group_2,1,8
7,0.606384979467694,SHRINK_CAL,group_2,1,8
12,0.97734714053315,SHRINK_CAL,group_2,1,8
13,0.573324097796416,SHRINK_CAL,group_2,1,8
6,0.489582429473037,SHRINK,group_2,2,8
15,0.730370746636654,SHRINK,group_2,2,8
18,0.576793496982318,SHRINK,group_2,2,8
19,0.634536939542985,SHRINK,group_2,2,8
6,0.411918934690228,SHRINK_CAL,group_2,2,8
15,0.771233109989295,SHRINK_CAL,group_2,2,8
18,0.63128383014441,SHRINK_CAL,group_2,2,8
19,0.677066918353277,SHRINK_CAL,group_2,2,8
4,0.587771748475814,SHRINK,group_2,3,8
5,0.615510834314365,SHRINK,group_2,3,8
9,0.544248774965036,SHRINK,group_2,3,8
14,0.559599919039109,SHRINK,group_2,3,8
4,0.541742136561935,SHRINK_CAL,group_2,3,8
5,0.548018354532989,SHRINK_CAL,group_2,3,8
9,0.527703572110598,SHRINK_CAL,group_2,3,8
14,0.514892250689712,SHRINK_CAL,group_2,3,8
1,0.507597588912379,SHRINK,group_2,4,8
2,0.475623617836098,SHRINK,group_2,4,8
10,0.465259065206818,SHRINK,group_2,4,8
1,0.474550251559585,SHRINK_CAL,group_2,4,8
2,0.434500635103643,SHRINK_CAL,group_2,4,8
10,0.501430367757737,SHRINK_CAL,group_2,4,8
11,0.574559623858062,SHRINK,group_2,5,8
16,0.564255045398648,SHRINK,group_2,5,8
17,0.516892666407266,SHRINK,group_2,5,8
11,0.562399374465313,SHRINK_CAL,group_2,5,8
16,0.586189249486224,SHRINK_CAL,group_2,5,8
17,0.555307891757751,SHRINK_CAL,group_2,5,8
3,0.504824539877116,SHRINK,group_8,1,8
7,0.603431589609775,SHRINK,group_8,1,8
12,0.896083695541329,SHRINK,group_8,1,8
13,0.578990798377525,SHRINK,group_8,1,8
3,0.492790092901139,SHRINK_CAL,group_8,1,8
7,0.608875349992417,SHRINK_CAL,group_8,1,8
12,0.9449909126676,SHRINK_CAL,group_8,1,8
13,0.579333497401272,SHRINK_CAL,group_8,1,8
6,0.450710977772882,SHRINK,group_8,2,8
15,0.731643995403742,SHRINK,group_8,2,8
18,0.615022726856761,SHRINK,group_8,2,8
19,0.655793767601257,SHRINK,group_8,2,8
6,0.410142558071909,SHRINK_CAL,group_8,2,8
15,0.769025329480782,SHRINK_CAL,group_8,2,8
18,0.638110799533308,SHRINK_CAL,group_8,2,8
19,0.681412888108405,SHRINK_CAL,group_8,2,8
4,0.560607674057488,SHRINK,group_8,3,8
5,0.571287903970198,SHRINK,group_8,3,8
9,0.548644361933637,SHRINK,group_8,3,8
14,0.544504860245481,SHRINK,group_8,3,8
4,0.542717938438722,SHRINK_CAL,group_8,3,8
5,0.547585150797889,SHRINK_CAL,group_8,3,8
9,0.52530470029226,SHRINK_CAL,group_8,3,8
14,0.515629810033143,SHRINK_CAL,group_8,3,8
1,0.504627057431381,SHRINK,group_8,4,8
2,0.472796526250139,SHRINK,group_8,4,8
10,0.526521684773982,SHRINK,group_8,4,8
1,0.480081863902472,SHRINK_CAL,group_8,4,8
2,0.4359946544727,SHRINK_CAL,group_8,4,8
10,0.498337812148631,SHRINK_CAL,group_8,4,8
11,0.564612031524495,SHRINK,group_8,5,8
16,0.584512199334406,SHRINK,group_8,5,8
17,0.567078680018944,SHRINK,group_8,5,8
11,0.556928289762049,SHRINK_CAL,group_8,5,8
16,0.579709742684839,SHRINK_CAL,group_8,5,8
17,0.556006587570643,SHRINK_CAL,group_8,5,8
3,0.531120578694378,SHRINK,group_32,1,8
7,0.662816576038197,SHRINK,group_32,1,8
12,0.911993864098025,SHRINK,group_32,1,8
13,0.662082559772843,SHRINK,group_32,1,8
3,0.518414876077491,SHRINK_CAL,group_32,1,8
7,0.655622876106183,SHRINK_CAL,group_32,1,8
12,0.925811837630395,SHRINK_CAL,group_32,1,8
13,0.650178421090657,SHRINK_CAL,group_32,1,8
6,0.427751120667705,SHRINK,group_32,2,8
15,0.772611818988216,SHRINK,group_32,2,8
18,0.689702106820582,SHRINK,group_32,2,8
19,0.709661444008729,SHRINK,group_32,2,8
6,0.406304275088576,SHRINK_CAL,group_32,2,8
15,0.79171616394518,SHRINK_CAL,group_32,2,8
18,0.702975170524965,SHRINK_CAL,group_32,2,8
19,0.723280011778448,SHRINK_CAL,group_32,2,8
4,0.562809422660587,SHRINK,group_32,3,8
5,0.544734248096672,SHRINK,group_32,3,8
9,0.582824075216336,SHRINK,group_32,3,8
14,0.55430878364524,SHRINK,group_32,3,8
4,0.539572328826231,SHRINK_CAL,group_32,3,8
5,0.52478284629255,SHRINK_CAL,group_32,3,8
9,0.554180618605691,SHRINK_CAL,group_32,3,8
14,0.5255392570062,SHRINK_CAL,group_32,3,8
1,0.524662821563252,SHRINK,group_32,4,8
2,0.483501537798384,SHRINK,group_32,4,8
10,0.628408522417574,SHRINK,group_32,4,8
1,0.493868962594466,SHRINK_CAL,group_32,4,8
2,0.452379708006221,SHRINK_CAL,group_32,4,8
10,0.570863854102548,SHRINK_CAL,group_32,4,8
11,0.584823984092699,SHRINK,group_32,5,8
16,0.644631512120539,SHRINK,group_32,5,8
17,0.651245223962929,SHRINK,group_32,5,8
11,0.565304017347887,SHRINK_CAL,group_32,5,8
16,0.615323874911975,SHRINK_CAL,group_32,5,8
17,0.616515925601025,SHRINK_CAL,group_32,5,8
3,0.57607631245821,SHRINK,row_0.5,1,8
7,0.567890392680674,SHRINK,row_0.5,1,8
12,0.986763444336495,SHRINK,row_0.5,1,8
13,0.486790605156831,SHRINK,row_0.5,1,8
3,0.505300639641169,SHRINK_CAL,row_0.5,1,8
7,0.609322986449718,SHRINK_CAL,row_0.5,1,8
12,0.995052246906899,SHRINK_CAL,row_0.5,1,8
13,0.562260246630299,SHRINK_CAL,row_0.5,1,8
6,0.538296037796,SHRINK,row_0.5,2,8
15,0.751725674438714,SHRINK,row_0.5,2,8
18,0.555756773293513,SHRINK,row_0.5,2,8
19,0.630600530235762,SHRINK,row_0.5,2,8
6,0.411156105897235,SHRINK_CAL,row_0.5,2,8
15,0.770791898253353,SHRINK_CAL,row_0.5,2,8
18,0.627435901097693,SHRINK_CAL,row_0.5,2,8
19,0.673491299097167,SHRINK_CAL,row_0.5,2,8
4,0.636508094807488,SHRINK,row_0.5,3,8
5,0.668468677931534,SHRINK,row_0.5,3,8
9,0.573022185899077,SHRINK,row_0.5,3,8
14,0.556439326636614,SHRINK,row_0.5,3,8
4,0.545019830818259,SHRINK_CAL,row_0.5,3,8
5,0.549423675479259,SHRINK_CAL,row_0.5,3,8
9,0.545058817929475,SHRINK_CAL,row_0.5,3,8
14,0.502721015553452,SHRINK_CAL,row_0.5,3,8
1,0.503946144868264,SHRINK,row_0.5,4,8
2,0.496390179247112,SHRINK,row_0.5,4,8
10,0.448478170317687,SHRINK,row_0.5,4,8
1,0.464599161911048,SHRINK_CAL,row_0.5,4,8
2,0.441203032850856,SHRINK_CAL,row_0.5,4,8
10,0.528376119119599,SHRINK_CAL,row_0.5,4,8
11,0.630837298971289,SHRINK,row_0.5,5,8
16,0.586570471712563,SHRINK,row_0.5,5,8
17,0.463263186323756,SHRINK,row_0.5,5,8
11,0.568568163281741,SHRINK_CAL,row_0.5,5,8
16,0.606816924607049,SHRINK_CAL,row_0.5,5,8
17,0.552336235082739,SHRINK_CAL,row_0.5,5,8
3,0.55248673213683,SHRINK,row_2,1,8
7,0.562238665596332,SHRINK,row_2,1,8
12,0.895219656104111,SHRINK,row_2,1,8
13,0.495814222258057,SHRINK,row_2,1,8
3,0.503813151104109,SHRINK_CAL,row_2,1,8
7,0.603891926430865,SHRINK_CAL,row_2,1,8
12,0.972129623891128,SHRINK_CAL,row_2,1,8
13,0.55139538546722,SHRINK_CAL,row_2,1,8
6,0.511193373784268,SHRINK,row_2,2,8
15,0.718540875159729,SHRINK,row_2,2,8
18,0.550689979930559,SHRINK,row_2,2,8
19,0.622385030211868,SHRINK,row_2,2,8
6,0.413523608381651,SHRINK_CAL,row_2,2,8
15,0.765165811878063,SHRINK_CAL,row_2,2,8
18,0.616634717656518,SHRINK_CAL,row_2,2,8
19,0.671442968496485,SHRINK_CAL,row_2,2,8
4,0.611201661409062,SHRINK,row_2,3,8
5,0.643182525192919,SHRINK,row_2,3,8
9,0.55757308511057,SHRINK,row_2,3,8
14,0.547536395121614,SHRINK,row_2,3,8
4,0.547188219248454,SHRINK_CAL,row_2,3,8
5,0.554418581239332,SHRINK_CAL,row_2,3,8
9,0.537301852910287,SHRINK_CAL,row_2,3,8
14,0.499673522425873,SHRINK_CAL,row_2,3,8
1,0.500343260634521,SHRINK,row_2,4,8
2,0.488164387449312,SHRINK,row_2,4,8
10,0.459424521924348,SHRINK,row_2,4,8
1,0.463354656320338,SHRINK_CAL,row_2,4,8
2,0.438028150439917,SHRINK_CAL,row_2,4,8
10,0.510580634783806,SHRINK_CAL,row_2,4,8
11,0.600049947565666,SHRINK,row_2,5,8
16,0.571516238153128,SHRINK,row_2,5,8
17,0.46903857185872,SHRINK,row_2,5,8
11,0.563269604653814,SHRINK_CAL,row_2,5,8
16,0.598659338759321,SHRINK_CAL,row_2,5,8
17,0.538468120774133,SHRINK_CAL,row_2,5,8
3,0.524131855089725,SHRINK,row_8,1,8
7,0.578617798944418,SHRINK,row_8,1,8
12,0.846038471662805,SHRINK,row_8,1,8
13,0.530330284585505,SHRINK,row_8,1,8
3,0.50482729224768,SHRINK_CAL,row_8,1,8
7,0.60060319703243,SHRINK_CAL,row_8,1,8
12,0.939304954303691,SHRINK_CAL,row_8,1,8
13,0.546599773417532,SHRINK_CAL,row_8,1,8
6,0.471992844948632,SHRINK,row_8,2,8
15,0.711421938672469,SHRINK,row_8,2,8
18,0.578489630007387,SHRINK,row_8,2,8
19,0.636140289067744,SHRINK,row_8,2,8
6,0.414856945728649,SHRINK_CAL,row_8,2,8
15,0.760851146363509,SHRINK_CAL,row_8,2,8
18,0.616048776957229,SHRINK_CAL,row_8,2,8
19,0.673491751473778,SHRINK_CAL,row_8,2,8
4,0.576686627095876,SHRINK,row_8,3,8
5,0.597543196431904,SHRINK,row_8,3,8
9,0.550065801177401,SHRINK,row_8,3,8
14,0.534374868623374,SHRINK,row_8,3,8
4,0.552415316630805,SHRINK_CAL,row_8,3,8
5,0.559596020124615,SHRINK_CAL,row_8,3,8
9,0.532962964626653,SHRINK_CAL,row_8,3,8
14,0.501094423480007,SHRINK_CAL,row_8,3,8
1,0.496488543560105,SHRINK,row_8,4,8
2,0.479329834748088,SHRINK,row_8,4,8
10,0.503957639625395,SHRINK,row_8,4,8
1,0.467794410460139,SHRINK_CAL,row_8,4,8
2,0.43855373220096,SHRINK_CAL,row_8,4,8
10,0.499200063862867,SHRINK_CAL,row_8,4,8
11,0.573230210374623,SHRINK,row_8,5,8
16,0.573516555924184,SHRINK,row_8,5,8
17,0.514238397170734,SHRINK,row_8,5,8
11,0.559722959288258,SHRINK_CAL,row_8,5,8
16,0.590364849954557,SHRINK_CAL,row_8,5,8
17,0.530471989219512,SHRINK_CAL,row_8,5,8
3,0.524901807120841,SHRINK,row_32,1,8
7,0.633763594661113,SHRINK,row_32,1,8
12,0.870527902365634,SHRINK,row_32,1,8
13,0.613187173304015,SHRINK,row_32,1,8
3,0.505912292344501,SHRINK_CAL,row_32,1,8
7,0.621695629988016,SHRINK_CAL,row_32,1,8
12,0.906018969857496,SHRINK_CAL,row_32,1,8
13,0.586853033497564,SHRINK_CAL,row_32,1,8
6,0.438217254197103,SHRINK,row_32,2,8
15,0.749097953731958,SHRINK,row_32,2,8
18,0.653150857646841,SHRINK,row_32,2,8
19,0.686622081161035,SHRINK,row_32,2,8
6,0.407451803348391,SHRINK_CAL,row_32,2,8
15,0.772128336128021,SHRINK_CAL,row_32,2,8
18,0.65990247855055,SHRINK_CAL,row_32,2,8
19,0.699025078614592,SHRINK_CAL,row_32,2,8
4,0.561925874875014,SHRINK,row_32,3,8
5,0.556179113599041,SHRINK,row_32,3,8
9,0.571005715148035,SHRINK,row_32,3,8
14,0.539605612363134,SHRINK,row_32,3,8
4,0.54388034364836,SHRINK_CAL,row_32,3,8
5,0.540385791080793,SHRINK_CAL,row_32,3,8
9,0.540430838398936,SHRINK_CAL,row_32,3,8
14,0.505547573706053,SHRINK_CAL,row_32,3,8
1,0.511967968521674,SHRINK,row_32,4,8
2,0.482255664043444,SHRINK,row_32,4,8
10,0.597934529601787,SHRINK,row_32,4,8
1,0.477784632581831,SHRINK_CAL,row_32,4,8
2,0.44717809091897,SHRINK_CAL,row_32,4,8
10,0.537918596539041,SHRINK_CAL,row_32,4,8
11,0.577901747133817,SHRINK,row_32,5,8
16,0.621617511825611,SHRINK,row_32,5,8
17,0.60844239682989,SHRINK,row_32,5,8
11,0.557187701124581,SHRINK_CAL,row_32,5,8
16,0.597780278661122,SHRINK_CAL,row_32,5,8
17,0.566227945790328,SHRINK_CAL,row_32,5,8
3,0.580702352716283,SHRINK,original,1,9
7,0.553111208387278,SHRINK,original,1,9
12,0.802348580923393,SHRINK,original,1,9
13,0.481113463197747,SHRINK,original,1,9
3,0.512142930733303,SHRINK_CAL,original,1,9
7,0.601578612962293,SHRINK_CAL,original,1,9
12,0.938971348663775,SHRINK_CAL,original,1,9
13,0.541945692449498,SHRINK_CAL,original,1,9
6,0.577311145738909,SHRINK,original,2,9
15,0.665949712556621,SHRINK,original,2,9
18,0.527144658159311,SHRINK,original,2,9
19,0.606101751697259,SHRINK,original,2,9
6,0.437010785944818,SHRINK_CAL,original,2,9
15,0.745717447899438,SHRINK_CAL,original,2,9
18,0.605157227861511,SHRINK_CAL,original,2,9
19,0.669003430145019,SHRINK_CAL,original,2,9
4,0.6225684444756,SHRINK,original,3,9
5,0.66472037912428,SHRINK,original,3,9
8,0.556626846875882,SHRINK,original,3,9
14,0.56087493562218,SHRINK,original,3,9
4,0.54462218479161,SHRINK_CAL,original,3,9
5,0.553235778574851,SHRINK_CAL,original,3,9
8,0.570273455271804,SHRINK_CAL,original,3,9
14,0.494480117817566,SHRINK_CAL,original,3,9
1,0.536481659817499,SHRINK,original,4,9
2,0.5423049733661,SHRINK,original,4,9
10,0.449969947301838,SHRINK,original,4,9
1,0.47809687877628,SHRINK_CAL,original,4,9
2,0.461783166946382,SHRINK_CAL,original,4,9
10,0.504368423400057,SHRINK_CAL,original,4,9
11,0.609795168467935,SHRINK,original,5,9
16,0.588065413570741,SHRINK,original,5,9
17,0.457233273074896,SHRINK,original,5,9
11,0.557951279066363,SHRINK_CAL,original,5,9
16,0.611584484379075,SHRINK_CAL,original,5,9
17,0.531674189803015,SHRINK_CAL,original,5,9
3,0.529370721429587,SHRINK,group_0.5,1,9
7,0.5755347319858,SHRINK,group_0.5,1,9
12,1.00988195379185,SHRINK,group_0.5,1,9
13,0.501127426904409,SHRINK,group_0.5,1,9
3,0.501078297332877,SHRINK_CAL,group_0.5,1,9
7,0.601215292446375,SHRINK_CAL,group_0.5,1,9
12,0.956583813829375,SHRINK_CAL,group_0.5,1,9
13,0.560762731800025,SHRINK_CAL,group_0.5,1,9
6,0.544162673318272,SHRINK,group_0.5,2,9
15,0.73495218403134,SHRINK,group_0.5,2,9
18,0.558111753518625,SHRINK,group_0.5,2,9
19,0.635668762960348,SHRINK,group_0.5,2,9
6,0.433582280621364,SHRINK_CAL,group_0.5,2,9
15,0.7507827472989,SHRINK_CAL,group_0.5,2,9
18,0.619289902792006,SHRINK_CAL,group_0.5,2,9
19,0.667276463461806,SHRINK_CAL,group_0.5,2,9
4,0.614672846446312,SHRINK,group_0.5,3,9
5,0.645182747653854,SHRINK,group_0.5,3,9
8,0.580970155042715,SHRINK,group_0.5,3,9
14,0.573860597683583,SHRINK,group_0.5,3,9
4,0.539992569424042,SHRINK_CAL,group_0.5,3,9
5,0.543196602607406,SHRINK_CAL,group_0.5,3,9
8,0.584309554799424,SHRINK_CAL,group_0.5,3,9
14,0.516380250870179,SHRINK_CAL,group_0.5,3,9
1,0.533465500997725,SHRINK,group_0.5,4,9
2,0.516644785493149,SHRINK,group_0.5,4,9
10,0.439355158741049,SHRINK,group_0.5,4,9
1,0.492667486358125,SHRINK_CAL,group_0.5,4,9
2,0.466969562004522,SHRINK_CAL,group_0.5,4,9
10,0.510514844136656,SHRINK_CAL,group_0.5,4,9
11,0.596283251224978,SHRINK,group_0.5,5,9
16,0.59554472624003,SHRINK,group_0.5,5,9
17,0.4949774886827,SHRINK,group_0.5,5,9
11,0.566665653469532,SHRINK_CAL,group_0.5,5,9
16,0.609075333396334,SHRINK_CAL,group_0.5,5,9
17,0.557045263910181,SHRINK_CAL,group_0.5,5,9
3,0.518061341470162,SHRINK,group_2,1,9
7,0.573732188509383,SHRINK,group_2,1,9
12,0.914436596204666,SHRINK,group_2,1,9
13,0.516261094841025,SHRINK,group_2,1,9
3,0.499163555496408,SHRINK_CAL,group_2,1,9
7,0.597296040947032,SHRINK_CAL,group_2,1,9
12,0.937845117569655,SHRINK_CAL,group_2,1,9
13,0.551881555915029,SHRINK_CAL,group_2,1,9
6,0.510777467751323,SHRINK,group_2,2,9
15,0.704739012113809,SHRINK,group_2,2,9
18,0.559422941461916,SHRINK,group_2,2,9
19,0.628071501866939,SHRINK,group_2,2,9
6,0.435924844640648,SHRINK_CAL,group_2,2,9
15,0.744594430774317,SHRINK_CAL,group_2,2,9
18,0.609577436687476,SHRINK_CAL,group_2,2,9
19,0.665038428970654,SHRINK_CAL,group_2,2,9
4,0.587771748475814,SHRINK,group_2,3,9
5,0.615510834314365,SHRINK,group_2,3,9
8,0.567216590428413,SHRINK,group_2,3,9
14,0.559599919039109,SHRINK,group_2,3,9
4,0.541742136561935,SHRINK_CAL,group_2,3,9
5,0.548018354532989,SHRINK_CAL,group_2,3,9
8,0.577542305288601,SHRINK_CAL,group_2,3,9
14,0.514892250689712,SHRINK_CAL,group_2,3,9
1,0.525817127560709,SHRINK,group_2,4,9
2,0.505770625141722,SHRINK,group_2,4,9
10,0.457769353028751,SHRINK,group_2,4,9
1,0.493525900236218,SHRINK_CAL,group_2,4,9
2,0.464112334411316,SHRINK_CAL,group_2,4,9
10,0.491228967372953,SHRINK_CAL,group_2,4,9
11,0.572236212387429,SHRINK,group_2,5,9
16,0.582549255788121,SHRINK,group_2,5,9
17,0.506643200010903,SHRINK,group_2,5,9
11,0.559265767788692,SHRINK_CAL,group_2,5,9
16,0.599713515866856,SHRINK_CAL,group_2,5,9
17,0.544954294512865,SHRINK_CAL,group_2,5,9
3,0.512338616586816,SHRINK,group_8,1,9
7,0.600584239990539,SHRINK,group_8,1,9
12,0.865928922974913,SHRINK,group_8,1,9
13,0.565802874917174,SHRINK,group_8,1,9
3,0.500808821008735,SHRINK_CAL,group_8,1,9
7,0.600540117833569,SHRINK_CAL,group_8,1,9
12,0.909348179132031,SHRINK_CAL,group_8,1,9
13,0.557303217555972,SHRINK_CAL,group_8,1,9
6,0.471117924744807,SHRINK,group_8,2,9
15,0.710673397047532,SHRINK,group_8,2,9
18,0.601573604924355,SHRINK,group_8,2,9
19,0.649231221733973,SHRINK,group_8,2,9
6,0.434457313098959,SHRINK_CAL,group_8,2,9
15,0.741904056100458,SHRINK_CAL,group_8,2,9
18,0.614874977304487,SHRINK_CAL,group_8,2,9
19,0.668035647647176,SHRINK_CAL,group_8,2,9
4,0.560607674057488,SHRINK,group_8,3,9
5,0.571287903970198,SHRINK,group_8,3,9
8,0.578978004624006,SHRINK,group_8,3,9
14,0.544504860245481,SHRINK,group_8,3,9
4,0.542717938438722,SHRINK_CAL,group_8,3,9
5,0.547585150797889,SHRINK_CAL,group_8,3,9
8,0.574722473059346,SHRINK_CAL,group_8,3,9
14,0.515629810033143,SHRINK_CAL,group_8,3,9
1,0.520059063356617,SHRINK,group_8,4,9
2,0.49692796749435,SHRINK,group_8,4,9
10,0.519540324727974,SHRINK,group_8,4,9
1,0.498431812240675,SHRINK_CAL,group_8,4,9
2,0.464443206381193,SHRINK_CAL,group_8,4,9
10,0.486106497123967,SHRINK_CAL,group_8,4,9
11,0.564269524265181,SHRINK,group_8,5,9
16,0.595629462131821,SHRINK,group_8,5,9
17,0.559705242773839,SHRINK,group_8,5,9
11,0.554389873920471,SHRINK_CAL,group_8,5,9
16,0.594338385898817,SHRINK_CAL,group_8,5,9
17,0.547799243304293,SHRINK_CAL,group_8,5,9
3,0.537713305689697,SHRINK,group_32,1,9
7,0.658006348554578,SHRINK,group_32,1,9
12,0.884365425357153,SHRINK,group_32,1,9
13,0.651445182939295,SHRINK,group_32,1,9
3,0.520696868609378,SHRINK_CAL,group_32,1,9
7,0.644460376110849,SHRINK_CAL,group_32,1,9
12,0.894785478372059,SHRINK_CAL,group_32,1,9
13,0.628885661905391,SHRINK_CAL,group_32,1,9
6,0.448455089439177,SHRINK,group_32,2,9
15,0.754784054723437,SHRINK,group_32,2,9
18,0.678197256092489,SHRINK,group_32,2,9
19,0.700937803286189,SHRINK,group_32,2,9
6,0.427050332864607,SHRINK_CAL,group_32,2,9
15,0.766108367091599,SHRINK_CAL,group_32,2,9
18,0.678446093718278,SHRINK_CAL,group_32,2,9
19,0.705422124914878,SHRINK_CAL,group_32,2,9
4,0.562809422660587,SHRINK,group_32,3,9
5,0.544734248096672,SHRINK,group_32,3,9
8,0.632466380157112,SHRINK,group_32,3,9
14,0.55430878364524,SHRINK,group_32,3,9
4,0.539572328826231,SHRINK_CAL,group_32,3,9
5,0.52478284629255,SHRINK_CAL,group_32,3,9
8,0.609261640658732,SHRINK_CAL,group_32,3,9
14,0.5255392570062,SHRINK_CAL,group_32,3,9
1,0.537829789749654,SHRINK,group_32,4,9
2,0.503718190641385,SHRINK,group_32,4,9
10,0.621401674800931,SHRINK,group_32,4,9
1,0.508350836141456,SHRINK_CAL,group_32,4,9
2,0.475440979207395,SHRINK_CAL,group_32,4,9
10,0.55733357327258,SHRINK_CAL,group_32,4,9
11,0.586374257168406,SHRINK,group_32,5,9
16,0.646795625583243,SHRINK,group_32,5,9
17,0.644489122376307,SHRINK,group_32,5,9
11,0.567950005037369,SHRINK_CAL,group_32,5,9
16,0.62575541325103,SHRINK_CAL,group_32,5,9
17,0.614646903197079,SHRINK_CAL,group_32,5,9
3,0.586282542628735,SHRINK,row_0.5,1,9
7,0.564204774526159,SHRINK,row_0.5,1,9
12,0.953230458971705,SHRINK,row_0.5,1,9
13,0.475780907500254,SHRINK,row_0.5,1,9
3,0.51272503212964,SHRINK_CAL,row_0.5,1,9
7,0.60081113925881,SHRINK_CAL,row_0.5,1,9
12,0.956952248737379,SHRINK_CAL,row_0.5,1,9
13,0.549515406701245,SHRINK_CAL,row_0.5,1,9
6,0.564171741496072,SHRINK,row_0.5,2,9
15,0.728730974261532,SHRINK,row_0.5,2,9
18,0.541296788510139,SHRINK,row_0.5,2,9
19,0.626094429162862,SHRINK,row_0.5,2,9
6,0.432792259719847,SHRINK_CAL,row_0.5,2,9
15,0.750049857610387,SHRINK_CAL,row_0.5,2,9
18,0.611403752185429,SHRINK_CAL,row_0.5,2,9
19,0.66395560545848,SHRINK_CAL,row_0.5,2,9
4,0.636508094807488,SHRINK,row_0.5,3,9
5,0.668468677931534,SHRINK,row_0.5,3,9
8,0.576665185930366,SHRINK,row_0.5,3,9
14,0.556439326636614,SHRINK,row_0.5,3,9
4,0.545019830818259,SHRINK_CAL,row_0.5,3,9
5,0.549423675479259,SHRINK_CAL,row_0.5,3,9
8,0.578593890137037,SHRINK_CAL,row_0.5,3,9
14,0.502721015553452,SHRINK_CAL,row_0.5,3,9
1,0.528565375759682,SHRINK,row_0.5,4,9
2,0.525961167254379,SHRINK,row_0.5,4,9
10,0.442970945014504,SHRINK,row_0.5,4,9
1,0.483631579744682,SHRINK_CAL,row_0.5,4,9
2,0.465606319139717,SHRINK_CAL,row_0.5,4,9
10,0.52105648926718,SHRINK_CAL,row_0.5,4,9
11,0.633835634444959,SHRINK,row_0.5,5,9
16,0.61125671617509,SHRINK,row_0.5,5,9
17,0.451447354012622,SHRINK,row_0.5,5,9
11,0.566919264326423,SHRINK_CAL,row_0.5,5,9
16,0.616143722772064,SHRINK_CAL,row_0.5,5,9
17,0.543521192437007,SHRINK_CAL,row_0.5,5,9
3,0.567730356612211,SHRINK,row_2,1,9
7,0.558966350946702,SHRINK,row_2,1,9
12,0.865740682043088,SHRINK,row_2,1,9
13,0.484632276095153,SHRINK,row_2,1,9
3,0.515372267358136,SHRINK_CAL,row_2,1,9
7,0.595504434418784,SHRINK_CAL,row_2,1,9
12,0.936140852039583,SHRINK_CAL,row_2,1,9
13,0.537170791917903,SHRINK_CAL,row_2,1,9
6,0.536006925672855,SHRINK,row_2,2,9
15,0.696589346757477,SHRINK,row_2,2,9
18,0.537032081912579,SHRINK,row_2,2,9
19,0.617640762017758,SHRINK,row_2,2,9
6,0.436569002149457,SHRINK_CAL,row_2,2,9
15,0.742641715135108,SHRINK_CAL,row_2,2,9
18,0.599566528462338,SHRINK_CAL,row_2,2,9
19,0.661626128706696,SHRINK_CAL,row_2,2,9
4,0.611201661409062,SHRINK,row_2,3,9
5,0.643182525192919,SHRINK,row_2,3,9
8,0.56053427056731,SHRINK,row_2,3,9
14,0.547536395121614,SHRINK,row_2,3,9
4,0.547188219248454,SHRINK_CAL,row_2,3,9
5,0.554418581239332,SHRINK_CAL,row_2,3,9
8,0.570461048971425,SHRINK_CAL,row_2,3,9
14,0.499673522425873,SHRINK_CAL,row_2,3,9
1,0.522781782692979,SHRINK,row_2,4,9
2,0.514989704505788,SHRINK,row_2,4,9
10,0.45312903168718,SHRINK,row_2,4,9
1,0.483495621086729,SHRINK_CAL,row_2,4,9
2,0.463120622640087,SHRINK_CAL,row_2,4,9
10,0.502304062823194,SHRINK_CAL,row_2,4,9
11,0.602285363642916,SHRINK,row_2,5,9
16,0.590869355339788,SHRINK,row_2,5,9
17,0.459136493180552,SHRINK,row_2,5,9
11,0.56112264953555,SHRINK_CAL,row_2,5,9
16,0.609057497509815,SHRINK_CAL,row_2,5,9
17,0.529539338569421,SHRINK_CAL,row_2,5,9
3,0.53837695529893,SHRINK,row_8,1,9
7,0.575069480348421,SHRINK,row_8,1,9
12,0.819296373003766,SHRINK,row_8,1,9
13,0.518793423734759,SHRINK,row_8,1,9
3,0.519023300971921,SHRINK_CAL,row_8,1,9
7,0.593074300912238,SHRINK_CAL,row_8,1,9
12,0.907556278287825,SHRINK_CAL,row_8,1,9
13,0.530340003845639,SHRINK_CAL,row_8,1,9
6,0.495102522227902,SHRINK,row_8,2,9
15,0.691635324587299,SHRINK,row_8,2,9
18,0.566026603637468,SHRINK,row_8,2,9
19,0.630049119841034,SHRINK,row_8,2,9
6,0.43928184849583,SHRINK_CAL,row_8,2,9
15,0.737299657929959,SHRINK_CAL,row_8,2,9
18,0.59692030913495,SHRINK_CAL,row_8,2,9
19,0.662401611941105,SHRINK_CAL,row_8,2,9
4,0.576686627095876,SHRINK,row_8,3,9
5,0.597543196431904,SHRINK,row_8,3,9
8,0.559705662467602,SHRINK,row_8,3,9
14,0.534374868623374,SHRINK,row_8,3,9
4,0.552415316630805,SHRINK_CAL,row_8,3,9
5,0.559596020124615,SHRINK_CAL,row_8,3,9
8,0.565145727640719,SHRINK_CAL,row_8,3,9
14,0.501094423480007,SHRINK_CAL,row_8,3,9
1,0.514754194058943,SHRINK,row_8,4,9
2,0.501940231482806,SHRINK,row_8,4,9
10,0.496211885191324,SHRINK,row_8,4,9
1,0.488178011652636,SHRINK_CAL,row_8,4,9
2,0.463449675590718,SHRINK_CAL,row_8,4,9
10,0.489095436744301,SHRINK_CAL,row_8,4,9
11,0.575161043367552,SHRINK,row_8,5,9
16,0.585559832265792,SHRINK,row_8,5,9
17,0.506081290873946,SHRINK,row_8,5,9
11,0.557618661046483,SHRINK_CAL,row_8,5,9
16,0.602432248048937,SHRINK_CAL,row_8,5,9
17,0.523017814783879,SHRINK_CAL,row_8,5,9
3,0.533667897101575,SHRINK,row_32,1,9
7,0.62799114253092,SHRINK,row_32,1,9
12,0.84371760812387,SHRINK,row_32,1,9
13,0.601302581724334,SHRINK,row_32,1,9
3,0.515074126667188,SHRINK_CAL,row_32,1,9
7,0.610946172648082,SHRINK_CAL,row_32,1,9
12,0.877840680116662,SHRINK_CAL,row_32,1,9
13,0.564933933883868,SHRINK_CAL,row_32,1,9
6,0.459981707436869,SHRINK,row_32,2,9
15,0.730761985162641,SHRINK,row_32,2,9
18,0.640898916935992,SHRINK,row_32,2,9
19,0.677557464913397,SHRINK,row_32,2,9
6,0.43056472116543,SHRINK_CAL,row_32,2,9
15,0.74683961614072,SHRINK_CAL,row_32,2,9
18,0.634598047029085,SHRINK_CAL,row_32,2,9
19,0.682133580354059,SHRINK_CAL,row_32,2,9
4,0.561925874875014,SHRINK,row_32,3,9
5,0.556179113599041,SHRINK,row_32,3,9
8,0.602497490039212,SHRINK,row_32,3,9
14,0.539605612363134,SHRINK,row_32,3,9
4,0.54388034364836,SHRINK_CAL,row_32,3,9
5,0.540385791080793,SHRINK_CAL,row_32,3,9
8,0.576731619859869,SHRINK_CAL,row_32,3,9
14,0.505547573706053,SHRINK_CAL,row_32,3,9
1,0.525681946576333,SHRINK,row_32,4,9
2,0.501592597633679,SHRINK,row_32,4,9
10,0.588819249233734,SHRINK,row_32,4,9
1,0.494722175010861,SHRINK_CAL,row_32,4,9
2,0.469150466331393,SHRINK_CAL,row_32,4,9
10,0.523295334272453,SHRINK_CAL,row_32,4,9
11,0.579547259915586,SHRINK,row_32,5,9
16,0.623852027064554,SHRINK,row_32,5,9
17,0.600322221196528,SHRINK,row_32,5,9
11,0.557703524728943,SHRINK_CAL,row_32,5,9
16,0.607395198702726,SHRINK_CAL,row_32,5,9
17,0.562288300872587,SHRINK_CAL,row_32,5,9
3,0.554811517479808,SHRINK,original,1,10
7,0.557260422682442,SHRINK,original,1,10
12,0.845631307686058,SHRINK,original,1,10
13,0.506790157098115,SHRINK,original,1,10
3,0.495928038069901,SHRINK_CAL,original,1,10
7,0.616247056357345,SHRINK_CAL,original,1,10
12,0.973588337501848,SHRINK_CAL,original,1,10
13,0.579667977236686,SHRINK_CAL,original,1,10
6,0.5332842337088,SHRINK,original,2,10
15,0.709612405983646,SHRINK,original,2,10
18,0.575668034421761,SHRINK,original,2,10
19,0.635574469253114,SHRINK,original,2,10
6,0.413753351894259,SHRINK_CAL,original,2,10
15,0.792316345251407,SHRINK_CAL,original,2,10
18,0.646351748320534,SHRINK_CAL,original,2,10
19,0.699748084909457,SHRINK_CAL,original,2,10
4,0.588844748815908,SHRINK,original,3,10
5,0.611198286642538,SHRINK,original,3,10
8,0.567564499976453,SHRINK,original,3,10
14,0.537490868351453,SHRINK,original,3,10
4,0.516970888076,SHRINK_CAL,original,3,10
5,0.506645451622244,SHRINK_CAL,original,3,10
8,0.588058561379442,SHRINK_CAL,original,3,10
14,0.475767013948926,SHRINK_CAL,original,3,10
1,0.536481659817499,SHRINK,original,4,10
2,0.5423049733661,SHRINK,original,4,10
9,0.565151116740108,SHRINK,original,4,10
1,0.47809687877628,SHRINK_CAL,original,4,10
2,0.461783166946382,SHRINK_CAL,original,4,10
9,0.536346094814834,SHRINK_CAL,original,4,10
11,0.591274744776976,SHRINK,original,5,10
16,0.573227775130192,SHRINK,original,5,10
17,0.479930962646203,SHRINK,original,5,10
11,0.554816413810339,SHRINK_CAL,original,5,10
16,0.615597978447129,SHRINK_CAL,original,5,10
17,0.570026048867567,SHRINK_CAL,original,5,10
3,0.520140930090743,SHRINK,group_0.5,1,10
7,0.573878084416215,SHRINK,group_0.5,1,10
12,1.06681692176871,SHRINK,group_0.5,1,10
13,0.518790868228491,SHRINK,group_0.5,1,10
3,0.497336185798822,SHRINK_CAL,group_0.5,1,10
7,0.614040653222867,SHRINK_CAL,group_0.5,1,10
12,0.991518788706883,SHRINK_CAL,group_0.5,1,10
13,0.591936105966339,SHRINK_CAL,group_0.5,1,10
6,0.514459362394731,SHRINK,group_0.5,2,10
15,0.778497648670541,SHRINK,group_0.5,2,10
18,0.593050035482904,SHRINK,group_0.5,2,10
19,0.660479597949201,SHRINK,group_0.5,2,10
6,0.410034962342316,SHRINK_CAL,group_0.5,2,10
15,0.791553985461597,SHRINK_CAL,group_0.5,2,10
18,0.646865876999344,SHRINK_CAL,group_0.5,2,10
19,0.690982864345723,SHRINK_CAL,group_0.5,2,10
4,0.591387699398534,SHRINK,group_0.5,3,10
5,0.588408873161284,SHRINK,group_0.5,3,10
8,0.591538528232863,SHRINK,group_0.5,3,10
14,0.55789151092891,SHRINK,group_0.5,3,10
4,0.519087133906473,SHRINK_CAL,group_0.5,3,10
5,0.496483092340137,SHRINK_CAL,group_0.5,3,10
8,0.600053231925123,SHRINK_CAL,group_0.5,3,10
14,0.501802421004579,SHRINK_CAL,group_0.5,3,10
1,0.533465500997725,SHRINK,group_0.5,4,10
2,0.516644785493149,SHRINK,group_0.5,4,10
9,0.55174065598845,SHRINK,group_0.5,4,10
1,0.492667486358125,SHRINK_CAL,group_0.5,4,10
2,0.466969562004522,SHRINK_CAL,group_0.5,4,10
9,0.53610000472938,SHRINK_CAL,group_0.5,4,10
11,0.590223306561755,SHRINK,group_0.5,5,10
16,0.577113828689635,SHRINK,group_0.5,5,10
17,0.508881021014653,SHRINK,group_0.5,5,10
11,0.566269461335958,SHRINK_CAL,group_0.5,5,10
16,0.612890805807701,SHRINK_CAL,group_0.5,5,10
17,0.589034229896723,SHRINK_CAL,group_0.5,5,10
3,0.509692679325537,SHRINK,group_2,1,10
7,0.57660070189984,SHRINK,group_2,1,10
12,0.967352941403864,SHRINK,group_2,1,10
13,0.533504302770669,SHRINK,group_2,1,10
3,0.492919227484545,SHRINK_CAL,group_2,1,10
7,0.611582396126102,SHRINK_CAL,group_2,1,10
12,0.975521943472674,SHRINK_CAL,group_2,1,10
13,0.584431191609502,SHRINK_CAL,group_2,1,10
6,0.482984543808372,SHRINK,group_2,2,10
15,0.745171682150292,SHRINK,group_2,2,10
18,0.591826409609784,SHRINK,group_2,2,10
19,0.651118131180618,SHRINK,group_2,2,10
6,0.411992768844493,SHRINK_CAL,group_2,2,10
15,0.788129225054783,SHRINK_CAL,group_2,2,10
18,0.638516666236628,SHRINK_CAL,group_2,2,10
19,0.689885173607518,SHRINK_CAL,group_2,2,10
4,0.566199917260392,SHRINK,group_2,3,10
5,0.568203397980603,SHRINK,group_2,3,10
8,0.577843608492948,SHRINK,group_2,3,10
14,0.544349680519574,SHRINK,group_2,3,10
4,0.517882084537088,SHRINK_CAL,group_2,3,10
5,0.500140395665444,SHRINK_CAL,group_2,3,10
8,0.592361989106486,SHRINK_CAL,group_2,3,10
14,0.499299332730366,SHRINK_CAL,group_2,3,10
1,0.525817127560709,SHRINK,group_2,4,10
2,0.505770625141722,SHRINK,group_2,4,10
9,0.539920196834784,SHRINK,group_2,4,10
1,0.493525900236218,SHRINK_CAL,group_2,4,10
2,0.464112334411316,SHRINK_CAL,group_2,4,10
9,0.527111466584931,SHRINK_CAL,group_2,4,10
11,0.568298517972906,SHRINK,group_2,5,10
16,0.571043388560003,SHRINK,group_2,5,10
17,0.522179780578553,SHRINK,group_2,5,10
11,0.5587802820792,SHRINK_CAL,group_2,5,10
16,0.602826141969349,SHRINK_CAL,group_2,5,10
17,0.579289770609157,SHRINK_CAL,group_2,5,10
3,0.504987694198461,SHRINK,group_8,1,10
7,0.606839056777239,SHRINK,group_8,1,10
12,0.911529427021182,SHRINK,group_8,1,10
13,0.581665734545123,SHRINK,group_8,1,10
3,0.495398809266135,SHRINK_CAL,group_8,1,10
7,0.619663036786921,SHRINK_CAL,group_8,1,10
12,0.951077772098729,SHRINK_CAL,group_8,1,10
13,0.594771591022281,SHRINK_CAL,group_8,1,10
6,0.445901111377539,SHRINK,group_8,2,10
15,0.743831790633375,SHRINK,group_8,2,10
18,0.627750301668437,SHRINK,group_8,2,10
19,0.668814149288535,SHRINK,group_8,2,10
6,0.411761289799543,SHRINK_CAL,group_8,2,10
15,0.782895892827115,SHRINK_CAL,group_8,2,10
18,0.640042114946759,SHRINK_CAL,group_8,2,10
19,0.690150166647984,SHRINK_CAL,group_8,2,10
4,0.541655466903084,SHRINK,group_8,3,10
5,0.534966102158879,SHRINK,group_8,3,10
8,0.588747219869676,SHRINK,group_8,3,10
14,0.529978817801502,SHRINK,group_8,3,10
4,0.518869143911126,SHRINK_CAL,group_8,3,10
5,0.502409889505299,SHRINK_CAL,group_8,3,10
8,0.590414531861296,SHRINK_CAL,group_8,3,10
14,0.500832619503807,SHRINK_CAL,group_8,3,10
1,0.520059063356617,SHRINK,group_8,4,10
2,0.49692796749435,SHRINK,group_8,4,10
9,0.542572525699768,SHRINK,group_8,4,10
1,0.498431812240675,SHRINK_CAL,group_8,4,10
2,0.464443206381193,SHRINK_CAL,group_8,4,10
9,0.52155838154698,SHRINK_CAL,group_8,4,10
11,0.562169562936614,SHRINK,group_8,5,10
16,0.592055332483301,SHRINK,group_8,5,10
17,0.574108167936181,SHRINK,group_8,5,10
11,0.555457138560657,SHRINK_CAL,group_8,5,10
16,0.600327574680608,SHRINK_CAL,group_8,5,10
17,0.584627379615411,SHRINK_CAL,group_8,5,10
3,0.531230771057465,SHRINK,group_32,1,10
7,0.666470017379363,SHRINK,group_32,1,10
12,0.922993909179548,SHRINK,group_32,1,10
13,0.665507904987765,SHRINK,group_32,1,10
3,0.527460340773391,SHRINK_CAL,group_32,1,10
7,0.672197600700903,SHRINK_CAL,group_32,1,10
12,0.942150010247357,SHRINK_CAL,group_32,1,10
13,0.671871695764863,SHRINK_CAL,group_32,1,10
6,0.423997685910467,SHRINK,group_32,2,10
15,0.780455693602517,SHRINK,group_32,2,10
18,0.69744520231974,SHRINK,group_32,2,10
19,0.717274177055898,SHRINK,group_32,2,10
6,0.402574079208539,SHRINK_CAL,group_32,2,10
15,0.789866742820738,SHRINK_CAL,group_32,2,10
18,0.686267290341944,SHRINK_CAL,group_32,2,10
19,0.715083872679839,SHRINK_CAL,group_32,2,10
4,0.545406576491221,SHRINK,group_32,3,10
5,0.515280532674655,SHRINK,group_32,3,10
8,0.640307964421223,SHRINK,group_32,3,10
14,0.538688757970063,SHRINK,group_32,3,10
4,0.526264457131975,SHRINK_CAL,group_32,3,10
5,0.495229232869075,SHRINK_CAL,group_32,3,10
8,0.628148981271262,SHRINK_CAL,group_32,3,10
14,0.516858105653753,SHRINK_CAL,group_32,3,10
1,0.537829789749654,SHRINK,group_32,4,10
2,0.503718190641385,SHRINK,group_32,4,10
9,0.57351458895179,SHRINK,group_32,4,10
1,0.508350836141456,SHRINK_CAL,group_32,4,10
2,0.475440979207395,SHRINK_CAL,group_32,4,10
9,0.540833279416435,SHRINK_CAL,group_32,4,10
11,0.584505442378076,SHRINK,group_32,5,10
16,0.649881513691943,SHRINK,group_32,5,10
17,0.656491618491975,SHRINK,group_32,5,10
11,0.575216887099686,SHRINK_CAL,group_32,5,10
16,0.643900130046017,SHRINK_CAL,group_32,5,10
17,0.650064877531088,SHRINK_CAL,group_32,5,10
3,0.553776831415686,SHRINK,row_0.5,1,10
7,0.565003935965885,SHRINK,row_0.5,1,10
12,1.00811296517062,SHRINK,row_0.5,1,10
13,0.501937562284185,SHRINK,row_0.5,1,10
3,0.502442239471492,SHRINK_CAL,row_0.5,1,10
7,0.61503048931439,SHRINK_CAL,row_0.5,1,10
12,0.986671185139422,SHRINK_CAL,row_0.5,1,10
13,0.587210022470222,SHRINK_CAL,row_0.5,1,10
6,0.513991008829962,SHRINK,row_0.5,2,10
15,0.7821971324271,SHRINK,row_0.5,2,10
18,0.597178274676296,SHRINK,row_0.5,2,10
19,0.663126901819328,SHRINK,row_0.5,2,10
6,0.411324270093062,SHRINK_CAL,row_0.5,2,10
15,0.791807228299952,SHRINK_CAL,row_0.5,2,10
18,0.647147678280797,SHRINK_CAL,row_0.5,2,10
19,0.691000704749961,SHRINK_CAL,row_0.5,2,10
4,0.598296487790015,SHRINK,row_0.5,3,10
5,0.604357779066757,SHRINK,row_0.5,3,10
8,0.58750155402295,SHRINK,row_0.5,3,10
14,0.528719740600573,SHRINK,row_0.5,3,10
4,0.522161844142278,SHRINK_CAL,row_0.5,3,10
5,0.505603905886585,SHRINK_CAL,row_0.5,3,10
8,0.597431989036398,SHRINK_CAL,row_0.5,3,10
14,0.48691669803868,SHRINK_CAL,row_0.5,3,10
1,0.528565375759682,SHRINK,row_0.5,4,10
2,0.525961167254379,SHRINK,row_0.5,4,10
9,0.567300839633022,SHRINK,row_0.5,4,10
1,0.483631579744682,SHRINK_CAL,row_0.5,4,10
2,0.465606319139717,SHRINK_CAL,row_0.5,4,10
9,0.543333522146422,SHRINK_CAL,row_0.5,4,10
11,0.61122912569666,SHRINK,row_0.5,5,10
16,0.590126015801826,SHRINK,row_0.5,5,10
17,0.473218167646427,SHRINK,row_0.5,5,10
11,0.565481887283608,SHRINK_CAL,row_0.5,5,10
16,0.622556658592145,SHRINK_CAL,row_0.5,5,10
17,0.580609049673491,SHRINK_CAL,row_0.5,5,10
3,0.539353866453799,SHRINK,row_2,1,10
7,0.565519517943316,SHRINK,row_2,1,10
12,0.920198013562279,SHRINK,row_2,1,10
13,0.512388980220987,SHRINK,row_2,1,10
3,0.500404637975451,SHRINK_CAL,row_2,1,10
7,0.61030835899785,SHRINK_CAL,row_2,1,10
12,0.967518566852834,SHRINK_CAL,row_2,1,10
13,0.575832991859535,SHRINK_CAL,row_2,1,10
6,0.488310527267037,SHRINK,row_2,2,10
15,0.748170632906713,SHRINK,row_2,2,10
18,0.591065093596538,SHRINK,row_2,2,10
19,0.652980715190025,SHRINK,row_2,2,10
6,0.414253979944749,SHRINK_CAL,row_2,2,10
15,0.787391130759664,SHRINK_CAL,row_2,2,10
18,0.637616563500254,SHRINK_CAL,row_2,2,10
19,0.690035295883514,SHRINK_CAL,row_2,2,10
4,0.575441760563097,SHRINK,row_2,3,10
5,0.586893100767838,SHRINK,row_2,3,10
8,0.573078420666162,SHRINK,row_2,3,10
14,0.521494736093763,SHRINK,row_2,3,10
4,0.521026756680635,SHRINK_CAL,row_2,3,10
5,0.510016102847024,SHRINK_CAL,row_2,3,10
8,0.588296200879598,SHRINK_CAL,row_2,3,10
14,0.482580355629349,SHRINK_CAL,row_2,3,10
1,0.522781782692979,SHRINK,row_2,4,10
2,0.514989704505788,SHRINK,row_2,4,10
9,0.553544131463671,SHRINK,row_2,4,10
1,0.483495621086729,SHRINK_CAL,row_2,4,10
2,0.463120622640087,SHRINK_CAL,row_2,4,10
9,0.535778408639595,SHRINK_CAL,row_2,4,10
11,0.584519620852824,SHRINK,row_2,5,10
16,0.578166665202803,SHRINK,row_2,5,10
17,0.48470509947299,SHRINK,row_2,5,10
11,0.558312947344188,SHRINK_CAL,row_2,5,10
16,0.613721761514822,SHRINK_CAL,row_2,5,10
17,0.568398727393545,SHRINK_CAL,row_2,5,10
3,0.519826687516234,SHRINK,row_8,1,10
7,0.588176190306288,SHRINK,row_8,1,10
12,0.872474468886846,SHRINK,row_8,1,10
13,0.549788207650284,SHRINK,row_8,1,10
3,0.501840823045912,SHRINK_CAL,row_8,1,10
7,0.612052038558492,SHRINK_CAL,row_8,1,10
12,0.941237392367193,SHRINK_CAL,row_8,1,10
13,0.57564981141998,SHRINK_CAL,row_8,1,10
6,0.454378876840763,SHRINK,row_8,2,10
15,0.738307218129494,SHRINK,row_8,2,10
18,0.614713834542345,SHRINK,row_8,2,10
19,0.662515848893987,SHRINK,row_8,2,10
6,0.416154362509799,SHRINK_CAL,row_8,2,10
15,0.782282744889467,SHRINK_CAL,row_8,2,10
18,0.635065978675109,SHRINK_CAL,row_8,2,10
19,0.690067667093949,SHRINK_CAL,row_8,2,10
4,0.547575250547855,SHRINK,row_8,3,10
5,0.552259626584509,SHRINK,row_8,3,10
8,0.575837790642708,SHRINK,row_8,3,10
14,0.513184953192573,SHRINK,row_8,3,10
4,0.523139819949325,SHRINK_CAL,row_8,3,10
5,0.514863517183729,SHRINK_CAL,row_8,3,10
8,0.583414875737211,SHRINK_CAL,row_8,3,10
14,0.48349680169637,SHRINK_CAL,row_8,3,10
1,0.514754194058943,SHRINK,row_8,4,10
2,0.501940231482806,SHRINK,row_8,4,10
9,0.546058250074628,SHRINK,row_8,4,10
1,0.488178011652636,SHRINK_CAL,row_8,4,10
2,0.463449675590718,SHRINK_CAL,row_8,4,10
9,0.529790255987804,SHRINK_CAL,row_8,4,10
11,0.566532454477034,SHRINK,row_8,5,10
16,0.585701001564675,SHRINK,row_8,5,10
17,0.534711391661707,SHRINK,row_8,5,10
11,0.554221378711981,SHRINK_CAL,row_8,5,10
16,0.607187229670492,SHRINK_CAL,row_8,5,10
17,0.565700596458484,SHRINK_CAL,row_8,5,10
3,0.526705015593734,SHRINK,row_32,1,10
7,0.644907022606749,SHRINK,row_32,1,10
12,0.892568486675081,SHRINK,row_32,1,10
13,0.631627570593238,SHRINK,row_32,1,10
3,0.514467949438099,SHRINK_CAL,row_32,1,10
7,0.646838406278954,SHRINK_CAL,row_32,1,10
12,0.925798268449369,SHRINK_CAL,row_32,1,10
13,0.629882603607145,SHRINK_CAL,row_32,1,10
6,0.428333134244346,SHRINK,row_32,2,10
15,0.768432174721591,SHRINK,row_32,2,10
18,0.678280967095556,SHRINK,row_32,2,10
19,0.704837252321918,SHRINK,row_32,2,10
6,0.405950350750494,SHRINK_CAL,row_32,2,10
15,0.782017675807403,SHRINK_CAL,row_32,2,10
18,0.663494509763769,SHRINK_CAL,row_32,2,10
19,0.703437587879251,SHRINK_CAL,row_32,2,10
4,0.541777421846823,SHRINK,row_32,3,10
5,0.522415348522984,SHRINK,row_32,3,10
8,0.619872992103766,SHRINK,row_32,3,10
14,0.523914408170171,SHRINK,row_32,3,10
4,0.522546530938736,SHRINK_CAL,row_32,3,10
5,0.503730613434098,SHRINK_CAL,row_32,3,10
8,0.603580932231381,SHRINK_CAL,row_32,3,10
14,0.496143695902048,SHRINK_CAL,row_32,3,10
1,0.525681946576333,SHRINK,row_32,4,10
2,0.501592597633679,SHRINK,row_32,4,10
9,0.565383024455185,SHRINK,row_32,4,10
1,0.494722175010861,SHRINK_CAL,row_32,4,10
2,0.469150466331393,SHRINK_CAL,row_32,4,10
9,0.534415884313589,SHRINK_CAL,row_32,4,10
11,0.578931981512601,SHRINK,row_32,5,10
16,0.634931724729786,SHRINK,row_32,5,10
17,0.626288890469012,SHRINK,row_32,5,10
11,0.564407414764289,SHRINK_CAL,row_32,5,10
16,0.629075928428705,SHRINK_CAL,row_32,5,10
17,0.615971890430099,SHRINK_CAL,row_32,5,10
3,0.598505929025513,SHRINK,original,1,11
7,0.530150998165845,SHRINK,original,1,11
12,0.789595573698055,SHRINK,original,1,11
13,0.471850538126981,SHRINK,original,1,11
3,0.502198725541992,SHRINK_CAL,original,1,11
7,0.595231212312137,SHRINK_CAL,original,1,11
12,0.937703883164407,SHRINK_CAL,original,1,11
13,0.549368281098005,SHRINK_CAL,original,1,11
6,0.607555965398281,SHRINK,original,2,11
15,0.677352946044935,SHRINK,original,2,11
18,0.519137939490094,SHRINK,original,2,11
19,0.593474554831044,SHRINK,original,2,11
6,0.430824286955564,SHRINK_CAL,original,2,11
15,0.779893687953631,SHRINK_CAL,original,2,11
18,0.603437644513438,SHRINK_CAL,original,2,11
19,0.673270326905577,SHRINK_CAL,original,2,11
4,0.655926180249984,SHRINK,original,3,11
5,0.698376177593303,SHRINK,original,3,11
8,0.559263379785487,SHRINK,original,3,11
14,0.641181678699784,SHRINK,original,3,11
4,0.543843943678631,SHRINK_CAL,original,3,11
5,0.542497703103109,SHRINK_CAL,original,3,11
8,0.57206715649009,SHRINK_CAL,original,3,11
14,0.523044624336007,SHRINK_CAL,original,3,11
1,0.598869678882883,SHRINK,original,4,11
2,0.610110125707149,SHRINK,original,4,11
9,0.577607760628185,SHRINK,original,4,11
1,0.500267977747807,SHRINK_CAL,original,4,11
2,0.483338243783858,SHRINK_CAL,original,4,11
9,0.526681729789305,SHRINK_CAL,original,4,11
10,0.445660908420017,SHRINK,original,5,11
16,0.573227775130192,SHRINK,original,5,11
17,0.479930962646203,SHRINK,original,5,11
10,0.550586890467313,SHRINK_CAL,original,5,11
16,0.615597978447129,SHRINK_CAL,original,5,11
17,0.570026048867567,SHRINK_CAL,original,5,11
3,0.534641624183197,SHRINK,group_0.5,1,11
7,0.553019324267725,SHRINK,group_0.5,1,11
12,1.05648711395114,SHRINK,group_0.5,1,11
13,0.50253387241627,SHRINK,group_0.5,1,11
3,0.503874164606645,SHRINK_CAL,group_0.5,1,11
7,0.588906266350099,SHRINK_CAL,group_0.5,1,11
12,0.964618133292849,SHRINK_CAL,group_0.5,1,11
13,0.567631791438327,SHRINK_CAL,group_0.5,1,11
6,0.54199949597763,SHRINK,group_0.5,2,11
15,0.80535959247672,SHRINK,group_0.5,2,11
18,0.56893417541053,SHRINK,group_0.5,2,11
19,0.664582671351341,SHRINK,group_0.5,2,11
6,0.42940239741198,SHRINK_CAL,group_0.5,2,11
15,0.792433973075101,SHRINK_CAL,group_0.5,2,11
18,0.620002219556289,SHRINK_CAL,group_0.5,2,11
19,0.67941512689915,SHRINK_CAL,group_0.5,2,11
4,0.615004768175447,SHRINK,group_0.5,3,11
5,0.620712821178202,SHRINK,group_0.5,3,11
8,0.591440186836488,SHRINK,group_0.5,3,11
14,0.598969291426944,SHRINK,group_0.5,3,11
4,0.535775370988709,SHRINK_CAL,group_0.5,3,11
5,0.521969838398317,SHRINK_CAL,group_0.5,3,11
8,0.590464413706923,SHRINK_CAL,group_0.5,3,11
14,0.527748385935994,SHRINK_CAL,group_0.5,3,11
1,0.552010755309309,SHRINK,group_0.5,4,11
2,0.534170047195047,SHRINK,group_0.5,4,11
9,0.551021310240637,SHRINK,group_0.5,4,11
1,0.506252044628659,SHRINK_CAL,group_0.5,4,11
2,0.482136109776026,SHRINK_CAL,group_0.5,4,11
9,0.532637566774222,SHRINK_CAL,group_0.5,4,11
10,0.46668855642296,SHRINK,group_0.5,5,11
16,0.577113828689635,SHRINK,group_0.5,5,11
17,0.508881021014653,SHRINK,group_0.5,5,11
10,0.573409530813059,SHRINK_CAL,group_0.5,5,11
16,0.612890805807701,SHRINK_CAL,group_0.5,5,11
17,0.589034229896723,SHRINK_CAL,group_0.5,5,11
3,0.52252828133888,SHRINK,group_2,1,11
7,0.556784479638908,SHRINK,group_2,1,11
12,0.940638283119038,SHRINK,group_2,1,11
13,0.516658613353196,SHRINK,group_2,1,11
3,0.50065917372406,SHRINK_CAL,group_2,1,11
7,0.589172029495573,SHRINK_CAL,group_2,1,11
12,0.944846551290094,SHRINK_CAL,group_2,1,11
13,0.561985333973609,SHRINK_CAL,group_2,1,11
6,0.506127756528376,SHRINK,group_2,2,11
15,0.740857605286081,SHRINK,group_2,2,11
18,0.567402393033636,SHRINK,group_2,2,11
19,0.635462690674939,SHRINK,group_2,2,11
6,0.43182824354828,SHRINK_CAL,group_2,2,11
15,0.780750620585653,SHRINK_CAL,group_2,2,11
18,0.611094454426688,SHRINK_CAL,group_2,2,11
19,0.672150071186597,SHRINK_CAL,group_2,2,11
4,0.587552867106479,SHRINK,group_2,3,11
5,0.597193883982923,SHRINK,group_2,3,11
8,0.574734328339156,SHRINK,group_2,3,11
14,0.577430401944747,SHRINK,group_2,3,11
4,0.537533561189829,SHRINK_CAL,group_2,3,11
5,0.52861890243667,SHRINK_CAL,group_2,3,11
8,0.583503455918028,SHRINK_CAL,group_2,3,11
14,0.52634386008969,SHRINK_CAL,group_2,3,11
1,0.542903410794079,SHRINK,group_2,4,11
2,0.523787843030664,SHRINK,group_2,4,11
9,0.539979010817698,SHRINK,group_2,4,11
1,0.508754452673281,SHRINK_CAL,group_2,4,11
2,0.480894782271454,SHRINK_CAL,group_2,4,11
9,0.524939923123158,SHRINK_CAL,group_2,4,11
10,0.488007750207775,SHRINK,group_2,5,11
16,0.571043388560003,SHRINK,group_2,5,11
17,0.522179780578553,SHRINK,group_2,5,11
10,0.5583136413713,SHRINK_CAL,group_2,5,11
16,0.602826141969349,SHRINK_CAL,group_2,5,11
17,0.579289770609157,SHRINK_CAL,group_2,5,11
3,0.514342838426106,SHRINK,group_8,1,11
7,0.590122942527679,SHRINK,group_8,1,11
12,0.878306449230231,SHRINK,group_8,1,11
13,0.564980111039644,SHRINK,group_8,1,11
3,0.503230879464849,SHRINK_CAL,group_8,1,11
7,0.601505668288193,SHRINK_CAL,group_8,1,11
12,0.917132695306133,SHRINK_CAL,group_8,1,11
13,0.576021264343844,SHRINK_CAL,group_8,1,11
6,0.467392778697546,SHRINK,group_8,2,11
15,0.726021696567327,SHRINK,group_8,2,11
18,0.605791503473781,SHRINK,group_8,2,11
19,0.64903754605369,SHRINK,group_8,2,11
6,0.432347010157072,SHRINK_CAL,group_8,2,11
15,0.76782545256799,SHRINK_CAL,group_8,2,11
18,0.612340886898423,SHRINK_CAL,group_8,2,11
19,0.668632421293356,SHRINK_CAL,group_8,2,11
4,0.55940544427838,SHRINK,group_8,3,11
5,0.559645842860427,SHRINK,group_8,3,11
8,0.582181184763691,SHRINK,group_8,3,11
14,0.553009003862679,SHRINK,group_8,3,11
4,0.540688664708176,SHRINK_CAL,group_8,3,11
5,0.53300041416304,SHRINK_CAL,group_8,3,11
8,0.579515749590433,SHRINK_CAL,group_8,3,11
14,0.526618762261658,SHRINK_CAL,group_8,3,11
1,0.534343971338054,SHRINK,group_8,4,11
2,0.515023470563208,SHRINK,group_8,4,11
9,0.544078241502631,SHRINK,group_8,4,11
1,0.515330234660009,SHRINK_CAL,group_8,4,11
2,0.482963731243764,SHRINK_CAL,group_8,4,11
9,0.520683842280609,SHRINK_CAL,group_8,4,11
10,0.553692051019058,SHRINK,group_8,5,11
16,0.592055332483301,SHRINK,group_8,5,11
17,0.574108167936181,SHRINK,group_8,5,11
10,0.563119389868221,SHRINK_CAL,group_8,5,11
16,0.600327574680608,SHRINK_CAL,group_8,5,11
17,0.584627379615411,SHRINK_CAL,group_8,5,11
3,0.537367867591987,SHRINK,group_32,1,11
7,0.653722355478348,SHRINK,group_32,1,11
12,0.890371715785396,SHRINK,group_32,1,11
13,0.650893504684743,SHRINK,group_32,1,11
3,0.536035192863382,SHRINK_CAL,group_32,1,11
7,0.663719352834398,SHRINK_CAL,group_32,1,11
12,0.91135410254055,SHRINK_CAL,group_32,1,11
13,0.663403129396218,SHRINK_CAL,group_32,1,11
6,0.445329509681855,SHRINK,group_32,2,11
15,0.760756862477769,SHRINK,group_32,2,11
18,0.68005615682998,SHRINK,group_32,2,11
19,0.700610027028402,SHRINK,group_32,2,11
6,0.420403836101109,SHRINK_CAL,group_32,2,11
15,0.769301663209502,SHRINK_CAL,group_32,2,11
18,0.661811627754139,SHRINK_CAL,group_32,2,11
19,0.694045050790484,SHRINK_CAL,group_32,2,11
4,0.560808721770821,SHRINK,group_32,3,11
5,0.538278178419747,SHRINK,group_32,3,11
8,0.633205330609744,SHRINK,group_32,3,11
14,0.556151125761951,SHRINK,group_32,3,11
4,0.538619672821229,SHRINK_CAL,group_32,3,11
5,0.518845428514218,SHRINK_CAL,group_32,3,11
8,0.60856369017489,SHRINK_CAL,group_32,3,11
14,0.530660993372948,SHRINK_CAL,group_32,3,11
1,0.550198135250859,SHRINK,group_32,4,11
2,0.522155241293789,SHRINK,group_32,4,11
9,0.577427261864691,SHRINK,group_32,4,11
1,0.520355724619184,SHRINK_CAL,group_32,4,11
2,0.492576460858378,SHRINK_CAL,group_32,4,11
9,0.539801014250533,SHRINK_CAL,group_32,4,11
10,0.656751085799092,SHRINK,group_32,5,11
16,0.649881513691943,SHRINK,group_32,5,11
17,0.656491618491975,SHRINK,group_32,5,11
10,0.64704911152565,SHRINK_CAL,group_32,5,11
16,0.643900130046017,SHRINK_CAL,group_32,5,11
17,0.650064877531088,SHRINK_CAL,group_32,5,11
3,0.60154193080825,SHRINK,row_0.5,1,11
7,0.533437640108238,SHRINK,row_0.5,1,11
12,0.97134558989244,SHRINK,row_0.5,1,11
13,0.463934905848126,SHRINK,row_0.5,1,11
3,0.508604478953654,SHRINK_CAL,row_0.5,1,11
7,0.591204495705718,SHRINK_CAL,row_0.5,1,11
12,0.954996601324281,SHRINK_CAL,row_0.5,1,11
13,0.557502852588073,SHRINK_CAL,row_0.5,1,11
6,0.599713440726438,SHRINK,row_0.5,2,11
15,0.787845104360654,SHRINK,row_0.5,2,11
18,0.535758609808615,SHRINK,row_0.5,2,11
19,0.646819005774567,SHRINK,row_0.5,2,11
6,0.427561449161294,SHRINK_CAL,row_0.5,2,11
15,0.790273415618813,SHRINK_CAL,row_0.5,2,11
18,0.608630168990811,SHRINK_CAL,row_0.5,2,11
19,0.675979920454501,SHRINK_CAL,row_0.5,2,11
4,0.67390426153787,SHRINK,row_0.5,3,11
5,0.70485100025065,SHRINK,row_0.5,3,11
8,0.580976991894079,SHRINK,row_0.5,3,11
14,0.649491774635628,SHRINK,row_0.5,3,11
4,0.542967138274465,SHRINK_CAL,row_0.5,3,11
5,0.535710428532677,SHRINK_CAL,row_0.5,3,11
8,0.579921585503055,SHRINK_CAL,row_0.5,3,11
14,0.527306498295604,SHRINK_CAL,row_0.5,3,11
1,0.597847883808084,SHRINK,row_0.5,4,11
2,0.601143468593123,SHRINK,row_0.5,4,11
9,0.581617941136077,SHRINK,row_0.5,4,11
1,0.502503021317365,SHRINK_CAL,row_0.5,4,11
2,0.48428635062907,SHRINK_CAL,row_0.5,4,11
9,0.532859989571473,SHRINK_CAL,row_0.5,4,11
10,0.435084502360011,SHRINK,row_0.5,5,11
16,0.590126015801826,SHRINK,row_0.5,5,11
17,0.473218167646427,SHRINK,row_0.5,5,11
10,0.567837477537881,SHRINK_CAL,row_0.5,5,11
16,0.622556658592145,SHRINK_CAL,row_0.5,5,11
17,0.580609049673491,SHRINK_CAL,row_0.5,5,11
3,0.579563510369969,SHRINK,row_2,1,11
7,0.534803407790926,SHRINK,row_2,1,11
12,0.864503591283952,SHRINK,row_2,1,11
13,0.473878060650231,SHRINK,row_2,1,11
3,0.50792690689346,SHRINK_CAL,row_2,1,11
7,0.589750213623734,SHRINK_CAL,row_2,1,11
12,0.933688794426386,SHRINK_CAL,row_2,1,11
13,0.548050276155422,SHRINK_CAL,row_2,1,11
6,0.558379810658476,SHRINK,row_2,2,11
15,0.718995243127241,SHRINK,row_2,2,11
18,0.53071559105301,SHRINK,row_2,2,11
19,0.613869691671168,SHRINK,row_2,2,11
6,0.431001950096293,SHRINK_CAL,row_2,2,11
15,0.77808456353973,SHRINK_CAL,row_2,2,11
18,0.597665174121785,SHRINK_CAL,row_2,2,11
19,0.668559712608826,SHRINK_CAL,row_2,2,11
4,0.64094605346855,SHRINK,row_2,3,11
5,0.672584962548176,SHRINK,row_2,3,11
8,0.562532694298987,SHRINK,row_2,3,11
14,0.622522084787581,SHRINK,row_2,3,11
4,0.547453407260549,SHRINK_CAL,row_2,3,11
5,0.545172691041447,SHRINK_CAL,row_2,3,11
8,0.572206660125263,SHRINK_CAL,row_2,3,11
14,0.527946493171901,SHRINK_CAL,row_2,3,11
1,0.583977134518725,SHRINK,row_2,4,11
2,0.581206532533257,SHRINK,row_2,4,11
9,0.564182283165183,SHRINK,row_2,4,11
1,0.505901497722758,SHRINK_CAL,row_2,4,11
2,0.484559588683274,SHRINK_CAL,row_2,4,11
9,0.526535906338563,SHRINK_CAL,row_2,4,11
10,0.452103806957945,SHRINK,row_2,5,11
16,0.578166665202803,SHRINK,row_2,5,11
17,0.48470509947299,SHRINK,row_2,5,11
10,0.550296366074725,SHRINK_CAL,row_2,5,11
16,0.613721761514822,SHRINK_CAL,row_2,5,11
17,0.568398727393545,SHRINK_CAL,row_2,5,11
3,0.545343659424571,SHRINK,row_8,1,11
7,0.561574732443408,SHRINK,row_8,1,11
12,0.814308960848621,SHRINK,row_8,1,11
13,0.513974939953896,SHRINK,row_8,1,11
3,0.511715474120463,SHRINK_CAL,row_8,1,11
7,0.594886199887367,SHRINK_CAL,row_8,1,11
12,0.905393216554114,SHRINK_CAL,row_8,1,11
13,0.550874742508829,SHRINK_CAL,row_8,1,11
6,0.503979304808685,SHRINK,row_8,2,11
15,0.698111708921642,SHRINK,row_8,2,11
18,0.564494376821741,SHRINK,row_8,2,11
19,0.621849863112541,SHRINK,row_8,2,11
6,0.435775507526474,SHRINK_CAL,row_8,2,11
15,0.764316430763707,SHRINK_CAL,row_8,2,11
18,0.593312521310874,SHRINK_CAL,row_8,2,11
19,0.663134990237972,SHRINK_CAL,row_8,2,11
4,0.593556862476461,SHRINK,row_8,3,11
5,0.611253509259753,SHRINK,row_8,3,11
8,0.560778679015399,SHRINK,row_8,3,11
14,0.579658872380438,SHRINK,row_8,3,11
4,0.556771321724366,SHRINK_CAL,row_8,3,11
5,0.555539478625907,SHRINK_CAL,row_8,3,11
8,0.566489277948882,SHRINK_CAL,row_8,3,11
14,0.53258011641522,SHRINK_CAL,row_8,3,11
1,0.558609529801044,SHRINK,row_8,4,11
2,0.55027268076583,SHRINK,row_8,4,11
9,0.551047973361398,SHRINK,row_8,4,11
1,0.516335878317389,SHRINK_CAL,row_8,4,11
2,0.488621451714673,SHRINK_CAL,row_8,4,11
9,0.522455979344342,SHRINK_CAL,row_8,4,11
10,0.511424720667506,SHRINK,row_8,5,11
16,0.585701001564675,SHRINK,row_8,5,11
17,0.534711391661707,SHRINK,row_8,5,11
10,0.544349854885423,SHRINK_CAL,row_8,5,11
16,0.607187229670492,SHRINK_CAL,row_8,5,11
17,0.565700596458484,SHRINK_CAL,row_8,5,11
3,0.539207564789033,SHRINK,row_32,1,11
7,0.626612352078228,SHRINK,row_32,1,11
12,0.846691088787696,SHRINK,row_32,1,11
13,0.605902646179281,SHRINK,row_32,1,11
3,0.525737154043115,SHRINK_CAL,row_32,1,11
7,0.637038639846055,SHRINK_CAL,row_32,1,11
12,0.893091462199599,SHRINK_CAL,row_32,1,11
13,0.615957256514904,SHRINK_CAL,row_32,1,11
6,0.461049806432262,SHRINK,row_32,2,11
15,0.736929008804169,SHRINK,row_32,2,11
18,0.646610534847794,SHRINK,row_32,2,11
19,0.677151273175106,SHRINK,row_32,2,11
6,0.425522618331058,SHRINK_CAL,row_32,2,11
15,0.757562683480115,SHRINK_CAL,row_32,2,11
18,0.626628598702951,SHRINK_CAL,row_32,2,11
19,0.675895170570814,SHRINK_CAL,row_32,2,11
4,0.569420324193832,SHRINK,row_32,3,11
5,0.559078332236152,SHRINK,row_32,3,11
8,0.607107919033008,SHRINK,row_32,3,11
14,0.560332724998597,SHRINK,row_32,3,11
4,0.547346108536542,SHRINK_CAL,row_32,3,11
5,0.537314534022279,SHRINK_CAL,row_32,3,11
8,0.578030566309549,SHRINK_CAL,row_32,3,11
14,0.529260166446392,SHRINK_CAL,row_32,3,11
1,0.551675470817362,SHRINK,row_32,4,11
2,0.533017804480237,SHRINK,row_32,4,11
9,0.569041938495565,SHRINK,row_32,4,11
1,0.520191435216132,SHRINK_CAL,row_32,4,11
2,0.493193507541389,SHRINK_CAL,row_32,4,11
9,0.528224217912707,SHRINK_CAL,row_32,4,11
10,0.62126639042485,SHRINK,row_32,5,11
16,0.634931724729786,SHRINK,row_32,5,11
17,0.626288890469012,SHRINK,row_32,5,11
10,0.606024494117613,SHRINK_CAL,row_32,5,11
16,0.629075928428705,SHRINK_CAL,row_32,5,11
17,0.615971890430099,SHRINK_CAL,row_32,5,11
3,0.598505929025513,SHRINK,original,1,12
7,0.530150998165845,SHRINK,original,1,12
11,0.599011691239512,SHRINK,original,1,12
13,0.471850538126981,SHRINK,original,1,12
3,0.502198725541992,SHRINK_CAL,original,1,12
7,0.595231212312137,SHRINK_CAL,original,1,12
11,0.555510310973371,SHRINK_CAL,original,1,12
13,0.549368281098005,SHRINK_CAL,original,1,12
6,0.530144343724042,SHRINK,original,2,12
15,0.716225910230126,SHRINK,original,2,12
18,0.553709623592655,SHRINK,original,2,12
19,0.625880182910624,SHRINK,original,2,12
6,0.391639911478018,SHRINK_CAL,original,2,12
15,0.83554874666045,SHRINK_CAL,original,2,12
18,0.643744418539657,SHRINK_CAL,original,2,12
19,0.716973624028761,SHRINK_CAL,original,2,12
4,0.596476548507788,SHRINK,original,3,12
5,0.605531047088609,SHRINK,original,3,12
8,0.558224842393794,SHRINK,original,3,12
14,0.535441318088443,SHRINK,original,3,12
4,0.523425270324922,SHRINK_CAL,original,3,12
5,0.500595234435423,SHRINK_CAL,original,3,12
8,0.579255709838942,SHRINK_CAL,original,3,12
14,0.460507243642405,SHRINK_CAL,original,3,12
1,0.532579223646504,SHRINK,original,4,12
2,0.524715739169206,SHRINK,original,4,12
9,0.547074020770496,SHRINK,original,4,12
1,0.459873496412463,SHRINK_CAL,original,4,12
2,0.42833425750863,SHRINK_CAL,original,4,12
9,0.514626683178497,SHRINK_CAL,original,4,12
10,0.482315182804207,SHRINK,original,5,12
16,0.581464229442892,SHRINK,original,5,12
17,0.498280896037635,SHRINK,original,5,12
10,0.584070789381886,SHRINK_CAL,original,5,12
16,0.635504612552517,SHRINK_CAL,original,5,12
17,0.591071813511046,SHRINK_CAL,original,5,12
3,0.534641624183197,SHRINK,group_0.5,1,12
7,0.553019324267725,SHRINK,group_0.5,1,12
11,0.601110910302475,SHRINK,group_0.5,1,12
13,0.50253387241627,SHRINK,group_0.5,1,12
3,0.503874164606645,SHRINK_CAL,group_0.5,1,12
7,0.588906266350099,SHRINK_CAL,group_0.5,1,12
11,0.567257991571861,SHRINK_CAL,group_0.5,1,12
13,0.567631791438327,SHRINK_CAL,group_0.5,1,12
6,0.470348895218687,SHRINK,group_0.5,2,12
15,0.865101953928556,SHRINK,group_0.5,2,12
18,0.634365454417814,SHRINK,group_0.5,2,12
19,0.711355664999354,SHRINK,group_0.5,2,12
6,0.384998100141027,SHRINK_CAL,group_0.5,2,12
15,0.857981893339587,SHRINK_CAL,group_0.5,2,12
18,0.664245960746871,SHRINK_CAL,group_0.5,2,12
19,0.722385945679278,SHRINK_CAL,group_0.5,2,12
4,0.571665809349348,SHRINK,group_0.5,3,12
5,0.546800763087633,SHRINK,group_0.5,3,12
8,0.595451238403311,SHRINK,group_0.5,3,12
14,0.53037452662603,SHRINK,group_0.5,3,12
4,0.509466594492239,SHRINK_CAL,group_0.5,3,12
5,0.474127599040017,SHRINK_CAL,group_0.5,3,12
8,0.595603147482719,SHRINK_CAL,group_0.5,3,12
14,0.482776725444309,SHRINK_CAL,group_0.5,3,12
1,0.513620993293566,SHRINK,group_0.5,4,12
2,0.467574680808485,SHRINK,group_0.5,4,12
9,0.52139917237389,SHRINK,group_0.5,4,12
1,0.476539198948039,SHRINK_CAL,group_0.5,4,12
2,0.427456447461191,SHRINK_CAL,group_0.5,4,12
9,0.508685380510149,SHRINK_CAL,group_0.5,4,12
10,0.504387546179415,SHRINK,group_0.5,5,12
16,0.578492023917876,SHRINK,group_0.5,5,12
17,0.526710394804584,SHRINK,group_0.5,5,12
10,0.588630469986217,SHRINK_CAL,group_0.5,5,12
16,0.613520326201733,SHRINK_CAL,group_0.5,5,12
17,0.594524684171164,SHRINK_CAL,group_0.5,5,12
3,0.52252828133888,SHRINK,group_2,1,12
7,0.556784479638908,SHRINK,group_2,1,12
11,0.572129620158326,SHRINK,group_2,1,12
13,0.516658613353196,SHRINK,group_2,1,12
3,0.50065917372406,SHRINK_CAL,group_2,1,12
7,0.589172029495573,SHRINK_CAL,group_2,1,12
11,0.560957273239791,SHRINK_CAL,group_2,1,12
13,0.561985333973609,SHRINK_CAL,group_2,1,12
6,0.441936508247023,SHRINK,group_2,2,12
15,0.797210293120303,SHRINK,group_2,2,12
18,0.616768844882404,SHRINK,group_2,2,12
19,0.676435462221336,SHRINK,group_2,2,12
6,0.389364326848007,SHRINK_CAL,group_2,2,12
15,0.850488195428403,SHRINK_CAL,group_2,2,12
18,0.656686266519299,SHRINK_CAL,group_2,2,12
19,0.7180711095565,SHRINK_CAL,group_2,2,12
4,0.546874042532257,SHRINK,group_2,3,12
5,0.529137650262471,SHRINK,group_2,3,12
8,0.577995526776992,SHRINK,group_2,3,12
14,0.517872138184703,SHRINK,group_2,3,12
4,0.513716804185008,SHRINK_CAL,group_2,3,12
5,0.48173217068611,SHRINK_CAL,group_2,3,12
8,0.589938816176403,SHRINK_CAL,group_2,3,12
14,0.481730838829955,SHRINK_CAL,group_2,3,12
1,0.507388630811201,SHRINK,group_2,4,12
2,0.462739441472169,SHRINK,group_2,4,12
9,0.513665097482186,SHRINK,group_2,4,12
1,0.4790696593676,SHRINK_CAL,group_2,4,12
2,0.425754620893885,SHRINK_CAL,group_2,4,12
9,0.502559809541877,SHRINK_CAL,group_2,4,12
10,0.52282727638355,SHRINK,group_2,5,12
16,0.575130057509022,SHRINK,group_2,5,12
17,0.541811376862074,SHRINK,group_2,5,12
10,0.578776400578306,SHRINK_CAL,group_2,5,12
16,0.606338433878508,SHRINK_CAL,group_2,5,12
17,0.590584602611562,SHRINK_CAL,group_2,5,12
3,0.514342838426106,SHRINK,group_8,1,12
7,0.590122942527679,SHRINK,group_8,1,12
11,0.560930861905041,SHRINK,group_8,1,12
13,0.564980111039644,SHRINK,group_8,1,12
3,0.503230879464849,SHRINK_CAL,group_8,1,12
7,0.601505668288193,SHRINK_CAL,group_8,1,12
11,0.558373165332685,SHRINK_CAL,group_8,1,12
13,0.576021264343844,SHRINK_CAL,group_8,1,12
6,0.412644323711379,SHRINK,group_8,2,12
15,0.774202813657731,SHRINK,group_8,2,12
18,0.641949925067907,SHRINK,group_8,2,12
19,0.682157326736017,SHRINK,group_8,2,12
6,0.393139592561901,SHRINK_CAL,group_8,2,12
15,0.834370034015377,SHRINK_CAL,group_8,2,12
18,0.650790952766643,SHRINK_CAL,group_8,2,12
19,0.710004821973745,SHRINK_CAL,group_8,2,12
4,0.523426091775335,SHRINK,group_8,3,12
5,0.50141894426931,SHRINK,group_8,3,12
8,0.587700881188782,SHRINK,group_8,3,12
14,0.506314079174655,SHRINK,group_8,3,12
4,0.518945404245196,SHRINK_CAL,group_8,3,12
5,0.489597373088985,SHRINK_CAL,group_8,3,12
8,0.583507140480712,SHRINK_CAL,group_8,3,12
14,0.484839800699631,SHRINK_CAL,group_8,3,12
1,0.503851119495193,SHRINK,group_8,4,12
2,0.463517256875959,SHRINK,group_8,4,12
9,0.523186417414363,SHRINK,group_8,4,12
1,0.484938499905694,SHRINK_CAL,group_8,4,12
2,0.4280117244454,SHRINK_CAL,group_8,4,12
9,0.498568153099841,SHRINK_CAL,group_8,4,12
10,0.584188870842022,SHRINK,group_8,5,12
16,0.600688777463357,SHRINK,group_8,5,12
17,0.594745787314391,SHRINK,group_8,5,12
10,0.583014078241388,SHRINK_CAL,group_8,5,12
16,0.604274151907227,SHRINK_CAL,group_8,5,12
17,0.597959998552953,SHRINK_CAL,group_8,5,12
3,0.537367867591987,SHRINK,group_32,1,12
7,0.653722355478348,SHRINK,group_32,1,12
11,0.582570370203198,SHRINK,group_32,1,12
13,0.650893504684743,SHRINK,group_32,1,12
3,0.536035192863382,SHRINK_CAL,group_32,1,12
7,0.663719352834398,SHRINK_CAL,group_32,1,12
11,0.583829100415555,SHRINK_CAL,group_32,1,12
13,0.663403129396218,SHRINK_CAL,group_32,1,12
6,0.397471778944651,SHRINK,group_32,2,12
15,0.802777272268713,SHRINK,group_32,2,12
18,0.709808268231605,SHRINK,group_32,2,12
19,0.729529236931064,SHRINK,group_32,2,12
6,0.379906871245067,SHRINK_CAL,group_32,2,12
15,0.811780560899143,SHRINK_CAL,group_32,2,12
18,0.677207508233814,SHRINK_CAL,group_32,2,12
19,0.715309103867277,SHRINK_CAL,group_32,2,12
4,0.528861661902615,SHRINK,group_32,3,12
5,0.487508207658782,SHRINK,group_32,3,12
8,0.642245794757756,SHRINK,group_32,3,12
14,0.519108045002216,SHRINK,group_32,3,12
4,0.508450708421198,SHRINK_CAL,group_32,3,12
5,0.47567287196831,SHRINK_CAL,group_32,3,12
8,0.598800712693945,SHRINK_CAL,group_32,3,12
14,0.488921782339252,SHRINK_CAL,group_32,3,12
1,0.523832173806696,SHRINK,group_32,4,12
2,0.478649539829391,SHRINK,group_32,4,12
9,0.561293092155959,SHRINK,group_32,4,12
1,0.489496410204357,SHRINK_CAL,group_32,4,12
2,0.442019811017592,SHRINK_CAL,group_32,4,12
9,0.518006440881091,SHRINK_CAL,group_32,4,12
10,0.684155544537236,SHRINK,group_32,5,12
16,0.663371154382441,SHRINK,group_32,5,12
17,0.677579725660242,SHRINK,group_32,5,12
10,0.658201872544418,SHRINK_CAL,group_32,5,12
16,0.645650414653744,SHRINK_CAL,group_32,5,12
17,0.658673578787759,SHRINK_CAL,group_32,5,12
3,0.60154193080825,SHRINK,row_0.5,1,12
7,0.533437640108238,SHRINK,row_0.5,1,12
11,0.628319856218223,SHRINK,row_0.5,1,12
13,0.463934905848126,SHRINK,row_0.5,1,12
3,0.508604478953654,SHRINK_CAL,row_0.5,1,12
7,0.591204495705718,SHRINK_CAL,row_0.5,1,12
11,0.564782199554678,SHRINK_CAL,row_0.5,1,12
13,0.557502852588073,SHRINK_CAL,row_0.5,1,12
6,0.508957246518131,SHRINK,row_0.5,2,12
15,0.831165948119902,SHRINK,row_0.5,2,12
18,0.587531019182163,SHRINK,row_0.5,2,12
19,0.680510491898197,SHRINK,row_0.5,2,12
6,0.386277441952837,SHRINK_CAL,row_0.5,2,12
15,0.848735004327178,SHRINK_CAL,row_0.5,2,12
18,0.64456901574871,SHRINK_CAL,row_0.5,2,12
19,0.713651327686304,SHRINK_CAL,row_0.5,2,12
4,0.60712586673504,SHRINK,row_0.5,3,12
5,0.596753940657904,SHRINK,row_0.5,3,12
8,0.581961937501358,SHRINK,row_0.5,3,12
14,0.527313093909428,SHRINK,row_0.5,3,12
4,0.523099006676645,SHRINK_CAL,row_0.5,3,12
5,0.495809288046561,SHRINK_CAL,row_0.5,3,12
8,0.584484776661545,SHRINK_CAL,row_0.5,3,12
14,0.470412096697664,SHRINK_CAL,row_0.5,3,12
1,0.52456292555546,SHRINK,row_0.5,4,12
2,0.503792077939096,SHRINK,row_0.5,4,12
9,0.546940236715634,SHRINK,row_0.5,4,12
1,0.464247213076567,SHRINK_CAL,row_0.5,4,12
2,0.429896465046815,SHRINK_CAL,row_0.5,4,12
9,0.518179752606329,SHRINK_CAL,row_0.5,4,12
10,0.480182518868977,SHRINK,row_0.5,5,12
16,0.60144376814347,SHRINK,row_0.5,5,12
17,0.494900287632905,SHRINK,row_0.5,5,12
10,0.589553838455341,SHRINK_CAL,row_0.5,5,12
16,0.636928873113151,SHRINK_CAL,row_0.5,5,12
17,0.590430906587644,SHRINK_CAL,row_0.5,5,12
3,0.579563510369969,SHRINK,row_2,1,12
7,0.534803407790926,SHRINK,row_2,1,12
11,0.593824379718376,SHRINK,row_2,1,12
13,0.473878060650231,SHRINK,row_2,1,12
3,0.50792690689346,SHRINK_CAL,row_2,1,12
7,0.589750213623734,SHRINK_CAL,row_2,1,12
11,0.55899973595817,SHRINK_CAL,row_2,1,12
13,0.548050276155422,SHRINK_CAL,row_2,1,12
6,0.482243781032902,SHRINK,row_2,2,12
15,0.768173348122984,SHRINK,row_2,2,12
18,0.573026602978002,SHRINK,row_2,2,12
19,0.650789178806701,SHRINK,row_2,2,12
6,0.390807572688359,SHRINK_CAL,row_2,2,12
15,0.837431879934115,SHRINK_CAL,row_2,2,12
18,0.634269255080097,SHRINK_CAL,row_2,2,12
19,0.708889811578393,SHRINK_CAL,row_2,2,12
4,0.582029837279121,SHRINK,row_2,3,12
5,0.57864327092121,SHRINK,row_2,3,12
8,0.565293153233128,SHRINK,row_2,3,12
14,0.518158240776412,SHRINK,row_2,3,12
4,0.528786025037583,SHRINK_CAL,row_2,3,12
5,0.505610399353204,SHRINK_CAL,row_2,3,12
8,0.578078337815363,SHRINK_CAL,row_2,3,12
14,0.468788645530205,SHRINK_CAL,row_2,3,12
1,0.518218520329801,SHRINK,row_2,4,12
2,0.494730868415851,SHRINK,row_2,4,12
9,0.53447565822493,SHRINK,row_2,4,12
1,0.465774466648628,SHRINK_CAL,row_2,4,12
2,0.428542708432134,SHRINK_CAL,row_2,4,12
9,0.512744973265427,SHRINK_CAL,row_2,4,12
10,0.491804810315884,SHRINK,row_2,5,12
16,0.591580390765397,SHRINK,row_2,5,12
17,0.506218847736613,SHRINK,row_2,5,12
10,0.576894829143203,SHRINK_CAL,row_2,5,12
16,0.630575647474394,SHRINK_CAL,row_2,5,12
17,0.583372406951652,SHRINK_CAL,row_2,5,12
3,0.545343659424571,SHRINK,row_8,1,12
7,0.561574732443408,SHRINK,row_8,1,12
11,0.567170385337327,SHRINK,row_8,1,12
13,0.513974939953896,SHRINK,row_8,1,12
3,0.511715474120463,SHRINK_CAL,row_8,1,12
7,0.594886199887367,SHRINK_CAL,row_8,1,12
11,0.556240239249136,SHRINK_CAL,row_8,1,12
13,0.550874742508829,SHRINK_CAL,row_8,1,12
6,0.446153026651337,SHRINK,row_8,2,12
15,0.742860489230273,SHRINK,row_8,2,12
18,0.594156510963501,SHRINK,row_8,2,12
19,0.653750898440616,SHRINK,row_8,2,12
6,0.397966383896207,SHRINK_CAL,row_8,2,12
15,0.823502649977527,SHRINK_CAL,row_8,2,12
18,0.626327097580578,SHRINK_CAL,row_8,2,12
19,0.704088945556668,SHRINK_CAL,row_8,2,12
4,0.547576062216179,SHRINK,row_8,3,12
5,0.541039729584797,SHRINK,row_8,3,12
8,0.564549950600929,SHRINK,row_8,3,12
14,0.504478898722398,SHRINK,row_8,3,12
4,0.538729609871287,SHRINK_CAL,row_8,3,12
5,0.518144889471563,SHRINK_CAL,row_8,3,12
8,0.571451294566843,SHRINK_CAL,row_8,3,12
14,0.473717100045853,SHRINK_CAL,row_8,3,12
1,0.507008114197228,SHRINK,row_8,4,12
2,0.483235993635372,SHRINK,row_8,4,12
9,0.528392164823581,SHRINK,row_8,4,12
1,0.47288080534414,SHRINK_CAL,row_8,4,12
2,0.431029762190152,SHRINK_CAL,row_8,4,12
9,0.508290905382815,SHRINK_CAL,row_8,4,12
10,0.53835735472311,SHRINK,row_8,5,12
16,0.598460083330959,SHRINK,row_8,5,12
17,0.550943481577967,SHRINK,row_8,5,12
10,0.569030855044557,SHRINK_CAL,row_8,5,12
16,0.624229695219608,SHRINK_CAL,row_8,5,12
17,0.581705387637249,SHRINK_CAL,row_8,5,12
3,0.539207564789033,SHRINK,row_32,1,12
7,0.626612352078228,SHRINK,row_32,1,12
11,0.574969508436883,SHRINK,row_32,1,12
13,0.605902646179281,SHRINK,row_32,1,12
3,0.525737154043115,SHRINK_CAL,row_32,1,12
7,0.637038639846055,SHRINK_CAL,row_32,1,12
11,0.569682892445441,SHRINK_CAL,row_32,1,12
13,0.615957256514904,SHRINK_CAL,row_32,1,12
6,0.413522440731442,SHRINK,row_32,2,12
15,0.772779444052247,SHRINK,row_32,2,12
18,0.666148922771366,SHRINK,row_32,2,12
19,0.700948062631388,SHRINK,row_32,2,12
6,0.391690567938053,SHRINK_CAL,row_32,2,12
15,0.802083342728371,SHRINK_CAL,row_32,2,12
18,0.638098874829702,SHRINK_CAL,row_32,2,12
19,0.701584616945275,SHRINK_CAL,row_32,2,12
4,0.53182784020071,SHRINK,row_32,3,12
5,0.504834156447283,SHRINK,row_32,3,12
8,0.609442940545436,SHRINK,row_32,3,12
14,0.508234206499227,SHRINK,row_32,3,12
4,0.528072872703649,SHRINK_CAL,row_32,3,12
5,0.506226406956812,SHRINK_CAL,row_32,3,12
8,0.569783930955495,SHRINK_CAL,row_32,3,12
14,0.477245504951112,SHRINK_CAL,row_32,3,12
1,0.512361772437108,SHRINK,row_32,4,12
2,0.481870038657716,SHRINK,row_32,4,12
9,0.549671442034454,SHRINK,row_32,4,12
1,0.477504439331966,SHRINK_CAL,row_32,4,12
2,0.438020635458865,SHRINK_CAL,row_32,4,12
9,0.510729122649291,SHRINK_CAL,row_32,4,12
10,0.637063794794835,SHRINK,row_32,5,12
16,0.644046315275656,SHRINK,row_32,5,12
17,0.637894626944395,SHRINK,row_32,5,12
10,0.608263513054534,SHRINK_CAL,row_32,5,12
16,0.63346155814473,SHRINK_CAL,row_32,5,12
17,0.61743410252435,SHRINK_CAL,row_32,5,12
3,0.598505929025513,SHRINK,original,1,13
7,0.530150998165845,SHRINK,original,1,13
11,0.599011691239512,SHRINK,original,1,13
12,0.789595573698055,SHRINK,original,1,13
3,0.502198725541992,SHRINK_CAL,original,1,13
7,0.595231212312137,SHRINK_CAL,original,1,13
11,0.555510310973371,SHRINK_CAL,original,1,13
12,0.937703883164407,SHRINK_CAL,original,1,13
6,0.561236183574988,SHRINK,original,2,13
15,0.683424430134336,SHRINK,original,2,13
18,0.539176387832601,SHRINK,original,2,13
19,0.610173404443427,SHRINK,original,2,13
6,0.422493719174703,SHRINK_CAL,original,2,13
15,0.77427434431155,SHRINK_CAL,original,2,13
18,0.617227271711244,SHRINK_CAL,original,2,13
19,0.680750334003236,SHRINK_CAL,original,2,13
4,0.612577417457703,SHRINK,original,3,13
5,0.635461831805818,SHRINK,original,3,13
8,0.561421352242636,SHRINK,original,3,13
14,0.548947675198202,SHRINK,original,3,13
4,0.541751290110291,SHRINK_CAL,original,3,13
5,0.534953685218269,SHRINK_CAL,original,3,13
8,0.575826982323687,SHRINK_CAL,original,3,13
14,0.48121798290876,SHRINK_CAL,original,3,13
1,0.537521669510198,SHRINK,original,4,13
2,0.555744941755853,SHRINK,original,4,13
9,0.564901858021659,SHRINK,original,4,13
1,0.471902898530873,SHRINK_CAL,original,4,13
2,0.463388452242626,SHRINK_CAL,original,4,13
9,0.531094242850889,SHRINK_CAL,original,4,13
10,0.477278912772142,SHRINK,original,5,13
16,0.593143131525725,SHRINK,original,5,13
17,0.494490303246623,SHRINK,original,5,13
10,0.57892370170425,SHRINK_CAL,original,5,13
16,0.6359032552862,SHRINK_CAL,original,5,13
17,0.583978839665824,SHRINK_CAL,original,5,13
3,0.534641624183197,SHRINK,group_0.5,1,13
7,0.553019324267725,SHRINK,group_0.5,1,13
11,0.601110910302475,SHRINK,group_0.5,1,13
12,1.05648711395114,SHRINK,group_0.5,1,13
3,0.503874164606645,SHRINK_CAL,group_0.5,1,13
7,0.588906266350099,SHRINK_CAL,group_0.5,1,13
11,0.567257991571861,SHRINK_CAL,group_0.5,1,13
12,0.964618133292849,SHRINK_CAL,group_0.5,1,13
6,0.521858533127512,SHRINK,group_0.5,2,13
15,0.768379276879327,SHRINK,group_0.5,2,13
18,0.582007235664087,SHRINK,group_0.5,2,13
19,0.647832510814741,SHRINK,group_0.5,2,13
6,0.417307254556668,SHRINK_CAL,group_0.5,2,13
15,0.781136668941105,SHRINK_CAL,group_0.5,2,13
18,0.635632896839192,SHRINK_CAL,group_0.5,2,13
19,0.679346677600151,SHRINK_CAL,group_0.5,2,13
4,0.59871971000657,SHRINK,group_0.5,3,13
5,0.598541418111328,SHRINK,group_0.5,3,13
8,0.594313028704506,SHRINK,group_0.5,3,13
14,0.554237232796973,SHRINK,group_0.5,3,13
4,0.529591006709215,SHRINK_CAL,group_0.5,3,13
5,0.510447447385275,SHRINK_CAL,group_0.5,3,13
8,0.596464397024017,SHRINK_CAL,group_0.5,3,13
14,0.498446562634531,SHRINK_CAL,group_0.5,3,13
1,0.520808208178294,SHRINK,group_0.5,4,13
2,0.521451953010279,SHRINK,group_0.5,4,13
9,0.550494918552951,SHRINK,group_0.5,4,13
1,0.482554310732837,SHRINK_CAL,group_0.5,4,13
2,0.466715593139399,SHRINK_CAL,group_0.5,4,13
9,0.532655318249474,SHRINK_CAL,group_0.5,4,13
10,0.48871146468673,SHRINK,group_0.5,5,13
16,0.594253600637027,SHRINK,group_0.5,5,13
17,0.510602741164618,SHRINK,group_0.5,5,13
10,0.596592963135429,SHRINK_CAL,group_0.5,5,13
16,0.63073146614643,SHRINK_CAL,group_0.5,5,13
17,0.599404241861603,SHRINK_CAL,group_0.5,5,13
3,0.52252828133888,SHRINK,group_2,1,13
7,0.556784479638908,SHRINK,group_2,1,13
11,0.572129620158326,SHRINK,group_2,1,13
12,0.940638283119038,SHRINK,group_2,1,13
3,0.50065917372406,SHRINK_CAL,group_2,1,13
7,0.589172029495573,SHRINK_CAL,group_2,1,13
11,0.560957273239791,SHRINK_CAL,group_2,1,13
12,0.944846551290094,SHRINK_CAL,group_2,1,13
6,0.489702791072334,SHRINK,group_2,2,13
15,0.734269601041018,SHRINK,group_2,2,13
18,0.581415397109071,SHRINK,group_2,2,13
19,0.639828810800934,SHRINK,group_2,2,13
6,0.420682179477999,SHRINK_CAL,group_2,2,13
15,0.77771261045149,SHRINK_CAL,group_2,2,13
18,0.625202985173912,SHRINK_CAL,group_2,2,13
19,0.677772624239073,SHRINK_CAL,group_2,2,13
4,0.572135954615531,SHRINK,group_2,3,13
5,0.576853535601456,SHRINK,group_2,3,13
8,0.579524178812792,SHRINK,group_2,3,13
14,0.541189399631422,SHRINK,group_2,3,13
4,0.532778875059822,SHRINK_CAL,group_2,3,13
5,0.519669447474731,SHRINK_CAL,group_2,3,13
8,0.590177159605703,SHRINK_CAL,group_2,3,13
14,0.498589005861846,SHRINK_CAL,group_2,3,13
1,0.515443594227043,SHRINK,group_2,4,13
2,0.51067087504331,SHRINK,group_2,4,13
9,0.539250066214725,SHRINK,group_2,4,13
1,0.483138660025603,SHRINK_CAL,group_2,4,13
2,0.465523154087948,SHRINK_CAL,group_2,4,13
9,0.52471646890844,SHRINK_CAL,group_2,4,13
10,0.508493668303251,SHRINK,group_2,5,13
16,0.587942683999568,SHRINK,group_2,5,13
17,0.527969079161766,SHRINK,group_2,5,13
10,0.581701363558621,SHRINK_CAL,group_2,5,13
16,0.620994341002926,SHRINK_CAL,group_2,5,13
17,0.58989165893966,SHRINK_CAL,group_2,5,13
3,0.514342838426106,SHRINK,group_8,1,13
7,0.590122942527679,SHRINK,group_8,1,13
11,0.560930861905041,SHRINK,group_8,1,13
12,0.878306449230231,SHRINK,group_8,1,13
3,0.503230879464849,SHRINK_CAL,group_8,1,13
7,0.601505668288193,SHRINK_CAL,group_8,1,13
11,0.558373165332685,SHRINK_CAL,group_8,1,13
12,0.917132695306133,SHRINK_CAL,group_8,1,13
6,0.450996629980171,SHRINK,group_8,2,13
15,0.734204158200696,SHRINK,group_8,2,13
18,0.619210749147393,SHRINK,group_8,2,13
19,0.659965680664671,SHRINK,group_8,2,13
6,0.421853373360088,SHRINK_CAL,group_8,2,13
15,0.771962235418834,SHRINK_CAL,group_8,2,13
18,0.624097066585545,SHRINK_CAL,group_8,2,13
19,0.677198921325904,SHRINK_CAL,group_8,2,13
4,0.545480501330536,SHRINK,group_8,3,13
5,0.541053160822047,SHRINK,group_8,3,13
8,0.588604768959247,SHRINK,group_8,3,13
14,0.528038506000647,SHRINK,group_8,3,13
4,0.537530133777726,SHRINK_CAL,group_8,3,13
5,0.528333788601693,SHRINK_CAL,group_8,3,13
8,0.584817113430942,SHRINK_CAL,group_8,3,13
14,0.502670488198403,SHRINK_CAL,group_8,3,13
1,0.513929745099035,SHRINK,group_8,4,13
2,0.500967769914531,SHRINK,group_8,4,13
9,0.5420747020588,SHRINK,group_8,4,13
1,0.488709784080102,SHRINK_CAL,group_8,4,13
2,0.467482196033565,SHRINK_CAL,group_8,4,13
9,0.520246375413394,SHRINK_CAL,group_8,4,13
10,0.570769772366088,SHRINK,group_8,5,13
16,0.606617676121478,SHRINK,group_8,5,13
17,0.581393884347298,SHRINK,group_8,5,13
10,0.583831983483857,SHRINK_CAL,group_8,5,13
16,0.617471872913667,SHRINK_CAL,group_8,5,13
17,0.594063301736225,SHRINK_CAL,group_8,5,13
3,0.537367867591987,SHRINK,group_32,1,13
7,0.653722355478348,SHRINK,group_32,1,13
11,0.582570370203198,SHRINK,group_32,1,13
12,0.890371715785396,SHRINK,group_32,1,13
3,0.536035192863382,SHRINK_CAL,group_32,1,13
7,0.663719352834398,SHRINK_CAL,group_32,1,13
11,0.583829100415555,SHRINK_CAL,group_32,1,13
12,0.91135410254055,SHRINK_CAL,group_32,1,13
6,0.427990105693287,SHRINK,group_32,2,13
15,0.773872566849145,SHRINK,group_32,2,13
18,0.69197480296119,SHRINK,group_32,2,13
19,0.711679091309421,SHRINK,group_32,2,13
6,0.407827647796888,SHRINK_CAL,group_32,2,13
15,0.777692642820391,SHRINK_CAL,group_32,2,13
18,0.668337506658427,SHRINK_CAL,group_32,2,13
19,0.700971781338401,SHRINK_CAL,group_32,2,13
4,0.548076616368667,SHRINK,group_32,3,13
5,0.519661973688038,SHRINK,group_32,3,13
8,0.63915377828902,SHRINK,group_32,3,13
14,0.538841800199046,SHRINK,group_32,3,13
4,0.525886222334914,SHRINK_CAL,group_32,3,13
5,0.508465365994634,SHRINK_CAL,group_32,3,13
8,0.59821846000837,SHRINK_CAL,group_32,3,13
14,0.505973713635105,SHRINK_CAL,group_32,3,13
1,0.536153090771762,SHRINK,group_32,4,13
2,0.506983850849979,SHRINK,group_32,4,13
9,0.573484659668795,SHRINK,group_32,4,13
1,0.503965690951008,SHRINK_CAL,group_32,4,13
2,0.478932067570432,SHRINK_CAL,group_32,4,13
9,0.541005819818683,SHRINK_CAL,group_32,4,13
10,0.669960561779601,SHRINK,group_32,5,13
16,0.660495003034871,SHRINK,group_32,5,13
17,0.664284292064721,SHRINK,group_32,5,13
10,0.659324455629475,SHRINK_CAL,group_32,5,13
16,0.654612444161429,SHRINK_CAL,group_32,5,13
17,0.656461471984146,SHRINK_CAL,group_32,5,13
3,0.60154193080825,SHRINK,row_0.5,1,13
7,0.533437640108238,SHRINK,row_0.5,1,13
11,0.628319856218223,SHRINK,row_0.5,1,13
12,0.97134558989244,SHRINK,row_0.5,1,13
3,0.508604478953654,SHRINK_CAL,row_0.5,1,13
7,0.591204495705718,SHRINK_CAL,row_0.5,1,13
11,0.564782199554678,SHRINK_CAL,row_0.5,1,13
12,0.954996601324281,SHRINK_CAL,row_0.5,1,13
6,0.546152755799767,SHRINK,row_0.5,2,13
15,0.753789317043293,SHRINK,row_0.5,2,13
18,0.556302312506478,SHRINK,row_0.5,2,13
19,0.63282214081304,SHRINK,row_0.5,2,13
6,0.418541091103733,SHRINK_CAL,row_0.5,2,13
15,0.774507706633461,SHRINK_CAL,row_0.5,2,13
18,0.623155282955287,SHRINK_CAL,row_0.5,2,13
19,0.673170686394376,SHRINK_CAL,row_0.5,2,13
4,0.625501861793533,SHRINK,row_0.5,3,13
5,0.631677867490948,SHRINK,row_0.5,3,13
8,0.582605091995468,SHRINK,row_0.5,3,13
14,0.542947455520315,SHRINK,row_0.5,3,13
4,0.542142079423612,SHRINK_CAL,row_0.5,3,13
5,0.529406940104299,SHRINK_CAL,row_0.5,3,13
8,0.58347916936148,SHRINK_CAL,row_0.5,3,13
14,0.489054209601003,SHRINK_CAL,row_0.5,3,13
1,0.530777576356215,SHRINK,row_0.5,4,13
2,0.541180054941098,SHRINK,row_0.5,4,13
9,0.567636136606531,SHRINK,row_0.5,4,13
1,0.476670787438605,SHRINK_CAL,row_0.5,4,13
2,0.465343644043158,SHRINK_CAL,row_0.5,4,13
9,0.53742119154487,SHRINK_CAL,row_0.5,4,13
10,0.473044109010849,SHRINK,row_0.5,5,13
16,0.612754256007179,SHRINK,row_0.5,5,13
17,0.485787123780143,SHRINK,row_0.5,5,13
10,0.592905294176626,SHRINK_CAL,row_0.5,5,13
16,0.64195832735732,SHRINK_CAL,row_0.5,5,13
17,0.591192201391553,SHRINK_CAL,row_0.5,5,13
3,0.579563510369969,SHRINK,row_2,1,13
7,0.534803407790926,SHRINK,row_2,1,13
11,0.593824379718376,SHRINK,row_2,1,13
12,0.864503591283952,SHRINK,row_2,1,13
3,0.50792690689346,SHRINK_CAL,row_2,1,13
7,0.589750213623734,SHRINK_CAL,row_2,1,13
11,0.55899973595817,SHRINK_CAL,row_2,1,13
12,0.933688794426386,SHRINK_CAL,row_2,1,13
6,0.518467619274707,SHRINK,row_2,2,13
15,0.718883493439613,SHRINK,row_2,2,13
18,0.551274487565205,SHRINK,row_2,2,13
19,0.624471983941688,SHRINK,row_2,2,13
6,0.422611891623482,SHRINK_CAL,row_2,2,13
15,0.769590208004955,SHRINK_CAL,row_2,2,13
18,0.61006406813524,SHRINK_CAL,row_2,2,13
19,0.671513516999057,SHRINK_CAL,row_2,2,13
4,0.599984573560535,SHRINK,row_2,3,13
5,0.612523444794117,SHRINK,row_2,3,13
8,0.566562680569994,SHRINK,row_2,3,13
14,0.534078602441081,SHRINK,row_2,3,13
4,0.546680350865012,SHRINK_CAL,row_2,3,13
5,0.53973735690892,SHRINK_CAL,row_2,3,13
8,0.575430915728174,SHRINK_CAL,row_2,3,13
14,0.48812046904245,SHRINK_CAL,row_2,3,13
1,0.524857481785961,SHRINK,row_2,4,13
2,0.529700154489813,SHRINK,row_2,4,13
9,0.553745295579473,SHRINK,row_2,4,13
1,0.476917271001481,SHRINK_CAL,row_2,4,13
2,0.464255796620035,SHRINK_CAL,row_2,4,13
9,0.530562532669721,SHRINK_CAL,row_2,4,13
10,0.484571165857163,SHRINK,row_2,5,13
16,0.601280802659673,SHRINK,row_2,5,13
17,0.499099232978181,SHRINK,row_2,5,13
10,0.576425340542699,SHRINK_CAL,row_2,5,13
16,0.633666787438466,SHRINK_CAL,row_2,5,13
17,0.580408091497995,SHRINK_CAL,row_2,5,13
3,0.545343659424571,SHRINK,row_8,1,13
7,0.561574732443408,SHRINK,row_8,1,13
11,0.567170385337327,SHRINK,row_8,1,13
12,0.814308960848621,SHRINK,row_8,1,13
3,0.511715474120463,SHRINK_CAL,row_8,1,13
7,0.594886199887367,SHRINK_CAL,row_8,1,13
11,0.556240239249136,SHRINK_CAL,row_8,1,13
12,0.905393216554114,SHRINK_CAL,row_8,1,13
6,0.477722141098149,SHRINK,row_8,2,13
15,0.710487496082827,SHRINK,row_8,2,13
18,0.578485914733784,SHRINK,row_8,2,13
19,0.637286566257817,SHRINK,row_8,2,13
6,0.427585192643078,SHRINK_CAL,row_8,2,13
15,0.763707681890528,SHRINK_CAL,row_8,2,13
18,0.603215427003852,SHRINK_CAL,row_8,2,13
19,0.671139872675185,SHRINK_CAL,row_8,2,13
4,0.564772312880905,SHRINK,row_8,3,13
5,0.572353401801009,SHRINK,row_8,3,13
8,0.56548086384686,SHRINK,row_8,3,13
14,0.521024089046817,SHRINK,row_8,3,13
4,0.555987116019864,SHRINK_CAL,row_8,3,13
5,0.552861344395171,SHRINK_CAL,row_8,3,13
8,0.569355632176755,SHRINK_CAL,row_8,3,13
14,0.493002953419052,SHRINK_CAL,row_8,3,13
1,0.515238542884859,SHRINK,row_8,4,13
2,0.513461136883216,SHRINK,row_8,4,13
9,0.544390566831711,SHRINK,row_8,4,13
1,0.482259122680433,SHRINK_CAL,row_8,4,13
2,0.466348051902727,SHRINK_CAL,row_8,4,13
9,0.525502567466852,SHRINK_CAL,row_8,4,13
10,0.53030120705803,SHRINK,row_8,5,13
16,0.603891792093722,SHRINK,row_8,5,13
17,0.543046114680333,SHRINK,row_8,5,13
10,0.56701521665333,SHRINK_CAL,row_8,5,13
16,0.626992491061333,SHRINK_CAL,row_8,5,13
17,0.576406340777544,SHRINK_CAL,row_8,5,13
3,0.539207564789033,SHRINK,row_32,1,13
7,0.626612352078228,SHRINK,row_32,1,13
11,0.574969508436883,SHRINK,row_32,1,13
12,0.846691088787696,SHRINK,row_32,1,13
3,0.525737154043115,SHRINK_CAL,row_32,1,13
7,0.637038639846055,SHRINK_CAL,row_32,1,13
11,0.569682892445441,SHRINK_CAL,row_32,1,13
12,0.893091462199599,SHRINK_CAL,row_32,1,13
6,0.44123293308711,SHRINK,row_32,2,13
15,0.747490278846672,SHRINK,row_32,2,13
18,0.651984299325734,SHRINK,row_32,2,13
19,0.686240534782615,SHRINK,row_32,2,13
6,0.418107534442401,SHRINK_CAL,row_32,2,13
15,0.761764857357324,SHRINK_CAL,row_32,2,13
18,0.626337598020831,SHRINK_CAL,row_32,2,13
19,0.681594384192603,SHRINK_CAL,row_32,2,13
4,0.548827920916772,SHRINK,row_32,3,13
5,0.533557607221548,SHRINK,row_32,3,13
8,0.607502643546157,SHRINK,row_32,3,13
14,0.525706534022495,SHRINK,row_32,3,13
4,0.545413756677,SHRINK_CAL,row_32,3,13
5,0.538776241296294,SHRINK_CAL,row_32,3,13
8,0.569122044942065,SHRINK_CAL,row_32,3,13
14,0.495299583672166,SHRINK_CAL,row_32,3,13
1,0.523472384731124,SHRINK,row_32,4,13
2,0.507592143003694,SHRINK,row_32,4,13
9,0.561517706480457,SHRINK,row_32,4,13
1,0.489775832497661,SHRINK_CAL,row_32,4,13
2,0.472070059112686,SHRINK_CAL,row_32,4,13
9,0.529481047284781,SHRINK_CAL,row_32,4,13
10,0.626460399540985,SHRINK,row_32,5,13
16,0.642569649720288,SHRINK,row_32,5,13
17,0.627836162805567,SHRINK,row_32,5,13
10,0.608585243918699,SHRINK_CAL,row_32,5,13
16,0.637777837945966,SHRINK_CAL,row_32,5,13
17,0.614451075799401,SHRINK_CAL,row_32,5,13
3,0.611815050068399,SHRINK,original,1,14
7,0.524826508706038,SHRINK,original,1,14
11,0.614051373873426,SHRINK,original,1,14
12,0.777272334676534,SHRINK,original,1,14
3,0.512638871607878,SHRINK_CAL,original,1,14
7,0.573964697977368,SHRINK_CAL,original,1,14
11,0.563580891320914,SHRINK_CAL,original,1,14
12,0.898437309842458,SHRINK_CAL,original,1,14
6,0.581914534863681,SHRINK,original,2,14
15,0.671941907379602,SHRINK,original,2,14
18,0.524937582412804,SHRINK,original,2,14
19,0.599496863672071,SHRINK,original,2,14
6,0.4612095179807,SHRINK_CAL,original,2,14
15,0.738785157219331,SHRINK_CAL,original,2,14
18,0.585116853675277,SHRINK_CAL,original,2,14
19,0.652133197357488,SHRINK_CAL,original,2,14
4,0.612577417457703,SHRINK,original,3,14
5,0.635461831805818,SHRINK,original,3,14
8,0.561421352242636,SHRINK,original,3,14
13,0.469957191900669,SHRINK,original,3,14
4,0.541751290110291,SHRINK_CAL,original,3,14
5,0.534953685218269,SHRINK_CAL,original,3,14
8,0.575826982323687,SHRINK_CAL,original,3,14
13,0.494526304236061,SHRINK_CAL,original,3,14
1,0.557489754734612,SHRINK,original,4,14
2,0.571392942430071,SHRINK,original,4,14
9,0.569204890840123,SHRINK,original,4,14
1,0.499184653036466,SHRINK_CAL,original,4,14
2,0.494988283890465,SHRINK_CAL,original,4,14
9,0.539249745050224,SHRINK_CAL,original,4,14
10,0.465050919053011,SHRINK,original,5,14
16,0.583752229736964,SHRINK,original,5,14
17,0.484809413617909,SHRINK,original,5,14
10,0.546905284471045,SHRINK_CAL,original,5,14
16,0.614645592669042,SHRINK_CAL,original,5,14
17,0.557312854785907,SHRINK_CAL,original,5,14
3,0.550990844611114,SHRINK,group_0.5,1,14
7,0.538408078184138,SHRINK,group_0.5,1,14
11,0.617446750418309,SHRINK,group_0.5,1,14
12,1.02469317785561,SHRINK,group_0.5,1,14
3,0.512701102836216,SHRINK_CAL,group_0.5,1,14
7,0.56836451879996,SHRINK_CAL,group_0.5,1,14
11,0.575241439810114,SHRINK_CAL,group_0.5,1,14
12,0.92820145645014,SHRINK_CAL,group_0.5,1,14
6,0.560148753044986,SHRINK,group_0.5,2,14
15,0.742766009395562,SHRINK,group_0.5,2,14
18,0.553890096091976,SHRINK,group_0.5,2,14
19,0.625109645982098,SHRINK,group_0.5,2,14
6,0.453252728541756,SHRINK_CAL,group_0.5,2,14
15,0.747710336643593,SHRINK_CAL,group_0.5,2,14
18,0.603455856987528,SHRINK_CAL,group_0.5,2,14
19,0.65181577701209,SHRINK_CAL,group_0.5,2,14
4,0.59871971000657,SHRINK,group_0.5,3,14
5,0.598541418111328,SHRINK,group_0.5,3,14
8,0.594313028704506,SHRINK,group_0.5,3,14
13,0.47831519615993,SHRINK,group_0.5,3,14
4,0.529591006709215,SHRINK_CAL,group_0.5,3,14
5,0.510447447385275,SHRINK_CAL,group_0.5,3,14
8,0.596464397024017,SHRINK_CAL,group_0.5,3,14
13,0.513974411508232,SHRINK_CAL,group_0.5,3,14
1,0.558659236542361,SHRINK,group_0.5,4,14
2,0.550032847759154,SHRINK,group_0.5,4,14
9,0.557842102709997,SHRINK,group_0.5,4,14
1,0.51150486615109,SHRINK_CAL,group_0.5,4,14
2,0.494736556540514,SHRINK_CAL,group_0.5,4,14
9,0.538236684915809,SHRINK_CAL,group_0.5,4,14
10,0.466077191050906,SHRINK,group_0.5,5,14
16,0.576165505675591,SHRINK,group_0.5,5,14
17,0.492937430286095,SHRINK,group_0.5,5,14
10,0.568885020281871,SHRINK_CAL,group_0.5,5,14
16,0.609498041546786,SHRINK_CAL,group_0.5,5,14
17,0.577411762514498,SHRINK_CAL,group_0.5,5,14
3,0.537196236553747,SHRINK,group_2,1,14
7,0.542102628611705,SHRINK,group_2,1,14
11,0.584926418641329,SHRINK,group_2,1,14
12,0.905886623800976,SHRINK,group_2,1,14
3,0.510553253370737,SHRINK_CAL,group_2,1,14
7,0.568047933912927,SHRINK_CAL,group_2,1,14
11,0.569154888505401,SHRINK_CAL,group_2,1,14
12,0.909652654163214,SHRINK_CAL,group_2,1,14
6,0.526177885300501,SHRINK,group_2,2,14
15,0.708546267990548,SHRINK,group_2,2,14
18,0.554284665956348,SHRINK,group_2,2,14
19,0.617233403729325,SHRINK,group_2,2,14
6,0.457584373910237,SHRINK_CAL,group_2,2,14
15,0.743555937548748,SHRINK_CAL,group_2,2,14
18,0.59238078265675,SHRINK_CAL,group_2,2,14
19,0.649151090791831,SHRINK_CAL,group_2,2,14
4,0.572135954615531,SHRINK,group_2,3,14
5,0.576853535601456,SHRINK,group_2,3,14
8,0.579524178812792,SHRINK,group_2,3,14
13,0.489392511320778,SHRINK,group_2,3,14
4,0.532778875059822,SHRINK_CAL,group_2,3,14
5,0.519669447474731,SHRINK_CAL,group_2,3,14
8,0.590177159605703,SHRINK_CAL,group_2,3,14
13,0.502461460307184,SHRINK_CAL,group_2,3,14
1,0.550929623136649,SHRINK,group_2,4,14
2,0.539551616904027,SHRINK,group_2,4,14
9,0.547124675244377,SHRINK,group_2,4,14
1,0.514741314528253,SHRINK_CAL,group_2,4,14
2,0.493944581345204,SHRINK_CAL,group_2,4,14
9,0.530747969069897,SHRINK_CAL,group_2,4,14
10,0.486102396519644,SHRINK,group_2,5,14
16,0.570112317145436,SHRINK,group_2,5,14
17,0.510475956668739,SHRINK,group_2,5,14
10,0.555281629815485,SHRINK_CAL,group_2,5,14
16,0.599998865806985,SHRINK_CAL,group_2,5,14
17,0.568947199437144,SHRINK_CAL,group_2,5,14
3,0.525858697576932,SHRINK,group_8,1,14
7,0.576074465257754,SHRINK,group_8,1,14
11,0.569063542270361,SHRINK,group_8,1,14
12,0.839519747767297,SHRINK,group_8,1,14
3,0.511949174097805,SHRINK_CAL,group_8,1,14
7,0.579011735909632,SHRINK_CAL,group_8,1,14
11,0.564209703191909,SHRINK_CAL,group_8,1,14
12,0.880951580227107,SHRINK_CAL,group_8,1,14
6,0.485197740625889,SHRINK,group_8,2,14
15,0.707467440534035,SHRINK,group_8,2,14
18,0.594485714739108,SHRINK,group_8,2,14
19,0.638338043719815,SHRINK,group_8,2,14
6,0.459258193242527,SHRINK_CAL,group_8,2,14
15,0.737081570640332,SHRINK_CAL,group_8,2,14
18,0.59209228503225,SHRINK_CAL,group_8,2,14
19,0.648482711584824,SHRINK_CAL,group_8,2,14
4,0.545480501330536,SHRINK,group_8,3,14
5,0.541053160822047,SHRINK,group_8,3,14
8,0.588604768959247,SHRINK,group_8,3,14
13,0.533119496117598,SHRINK,group_8,3,14
4,0.537530133777726,SHRINK_CAL,group_8,3,14
5,0.528333788601693,SHRINK_CAL,group_8,3,14
8,0.584817113430942,SHRINK_CAL,group_8,3,14
13,0.498358330444968,SHRINK_CAL,group_8,3,14
1,0.543500403867041,SHRINK,group_8,4,14
2,0.529857512719418,SHRINK,group_8,4,14
9,0.550614464321215,SHRINK,group_8,4,14
1,0.521115023050985,SHRINK_CAL,group_8,4,14
2,0.495449620563838,SHRINK_CAL,group_8,4,14
9,0.527115907418774,SHRINK_CAL,group_8,4,14
10,0.549218658308692,SHRINK,group_8,5,14
16,0.58990172291446,SHRINK,group_8,5,14
17,0.564525329031525,SHRINK,group_8,5,14
10,0.562183086668598,SHRINK_CAL,group_8,5,14
16,0.599077258439894,SHRINK_CAL,group_8,5,14
17,0.576886610619252,SHRINK_CAL,group_8,5,14
3,0.546526793993674,SHRINK,group_32,1,14
7,0.640754223378286,SHRINK,group_32,1,14
11,0.587447561328554,SHRINK,group_32,1,14
12,0.848692311802514,SHRINK,group_32,1,14
3,0.536641342862072,SHRINK_CAL,group_32,1,14
7,0.640645727691135,SHRINK_CAL,group_32,1,14
11,0.582287667116749,SHRINK_CAL,group_32,1,14
12,0.868384896772401,SHRINK_CAL,group_32,1,14
6,0.461674390549628,SHRINK,group_32,2,14
15,0.74654124878427,SHRINK,group_32,2,14
18,0.670225699385374,SHRINK,group_32,2,14
19,0.691413620511518,SHRINK,group_32,2,14
6,0.44433990415616,SHRINK_CAL,group_32,2,14
15,0.744738320224716,SHRINK_CAL,group_32,2,14
18,0.642002034750254,SHRINK_CAL,group_32,2,14
19,0.67612328913906,SHRINK_CAL,group_32,2,14
4,0.548076616368667,SHRINK,group_32,3,14
5,0.519661973688038,SHRINK,group_32,3,14
8,0.63915377828902,SHRINK,group_32,3,14
13,0.615926685414392,SHRINK,group_32,3,14
4,0.525886222334914,SHRINK_CAL,group_32,3,14
5,0.508465365994634,SHRINK_CAL,group_32,3,14
8,0.59821846000837,SHRINK_CAL,group_32,3,14
13,0.547625416907823,SHRINK_CAL,group_32,3,14
1,0.559380579739446,SHRINK,group_32,4,14
2,0.536240631911704,SHRINK,group_32,4,14
9,0.58296960295847,SHRINK,group_32,4,14
1,0.528948080708577,SHRINK_CAL,group_32,4,14
2,0.504953547617193,SHRINK_CAL,group_32,4,14
9,0.549083160633306,SHRINK_CAL,group_32,4,14
10,0.649889377225306,SHRINK,group_32,5,14
16,0.64588293028591,SHRINK,group_32,5,14
17,0.648406855283253,SHRINK,group_32,5,14
10,0.648937274994246,SHRINK_CAL,group_32,5,14
16,0.645323804481809,SHRINK_CAL,group_32,5,14
17,0.648126185277699,SHRINK_CAL,group_32,5,14
3,0.616845993401477,SHRINK,row_0.5,1,14
7,0.526764573052109,SHRINK,row_0.5,1,14
11,0.644892090630816,SHRINK,row_0.5,1,14
12,0.949350889999045,SHRINK,row_0.5,1,14
3,0.517173674849376,SHRINK_CAL,row_0.5,1,14
7,0.571254946169347,SHRINK_CAL,row_0.5,1,14
11,0.571624036431449,SHRINK_CAL,row_0.5,1,14
12,0.916653729186642,SHRINK_CAL,row_0.5,1,14
6,0.571151137503346,SHRINK,row_0.5,2,14
15,0.735749169957675,SHRINK,row_0.5,2,14
18,0.539236832766138,SHRINK,row_0.5,2,14
19,0.619668880346744,SHRINK,row_0.5,2,14
6,0.456420073196298,SHRINK_CAL,row_0.5,2,14
15,0.740395882770805,SHRINK_CAL,row_0.5,2,14
18,0.593089205937644,SHRINK_CAL,row_0.5,2,14
19,0.646863702734064,SHRINK_CAL,row_0.5,2,14
4,0.625501861793533,SHRINK,row_0.5,3,14
5,0.631677867490948,SHRINK,row_0.5,3,14
8,0.582605091995468,SHRINK,row_0.5,3,14
13,0.463449207614096,SHRINK,row_0.5,3,14
4,0.542142079423612,SHRINK_CAL,row_0.5,3,14
5,0.529406940104299,SHRINK_CAL,row_0.5,3,14
8,0.58347916936148,SHRINK_CAL,row_0.5,3,14
13,0.50478349524438,SHRINK_CAL,row_0.5,3,14
1,0.55233420628769,SHRINK,row_0.5,4,14
2,0.559931983336742,SHRINK,row_0.5,4,14
9,0.572597805901235,SHRINK,row_0.5,4,14
1,0.501351330008344,SHRINK_CAL,row_0.5,4,14
2,0.495737684311475,SHRINK_CAL,row_0.5,4,14
9,0.545360265235111,SHRINK_CAL,row_0.5,4,14
10,0.459259457562513,SHRINK,row_0.5,5,14
16,0.601555378318728,SHRINK,row_0.5,5,14
17,0.474948089971646,SHRINK,row_0.5,5,14
10,0.562740158105663,SHRINK_CAL,row_0.5,5,14
16,0.622017118915118,SHRINK_CAL,row_0.5,5,14
17,0.566097161068396,SHRINK_CAL,row_0.5,5,14
3,0.593867736092574,SHRINK,row_2,1,14
7,0.527578123894225,SHRINK,row_2,1,14
11,0.607844878782759,SHRINK,row_2,1,14
12,0.839764084211955,SHRINK,row_2,1,14
3,0.518000502664312,SHRINK_CAL,row_2,1,14
7,0.56976801765469,SHRINK_CAL,row_2,1,14
11,0.566422956593586,SHRINK_CAL,row_2,1,14
12,0.896057395725006,SHRINK_CAL,row_2,1,14
6,0.544031838141575,SHRINK,row_2,2,14
15,0.700693725197274,SHRINK,row_2,2,14
18,0.534282406243355,SHRINK,row_2,2,14
19,0.610735995026588,SHRINK,row_2,2,14
6,0.461350060603685,SHRINK_CAL,row_2,2,14
15,0.735170439195547,SHRINK_CAL,row_2,2,14
18,0.579691990729695,SHRINK_CAL,row_2,2,14
19,0.644723390544749,SHRINK_CAL,row_2,2,14
4,0.599984573560535,SHRINK,row_2,3,14
5,0.612523444794117,SHRINK,row_2,3,14
8,0.566562680569994,SHRINK,row_2,3,14
13,0.470402343228223,SHRINK,row_2,3,14
4,0.546680350865012,SHRINK_CAL,row_2,3,14
5,0.53973735690892,SHRINK_CAL,row_2,3,14
8,0.575430915728174,SHRINK_CAL,row_2,3,14
13,0.492561336969028,SHRINK_CAL,row_2,3,14
1,0.54677726131621,SHRINK,row_2,4,14
2,0.549962737018246,SHRINK,row_2,4,14
9,0.559838007885208,SHRINK,row_2,4,14
1,0.503055402993359,SHRINK_CAL,row_2,4,14
2,0.495084333418482,SHRINK_CAL,row_2,4,14
9,0.538911585884554,SHRINK_CAL,row_2,4,14
10,0.470670970725144,SHRINK,row_2,5,14
16,0.58999365141513,SHRINK,row_2,5,14
17,0.488207118048667,SHRINK,row_2,5,14
10,0.547014701709303,SHRINK_CAL,row_2,5,14
16,0.613831915508825,SHRINK_CAL,row_2,5,14
17,0.555969531061098,SHRINK_CAL,row_2,5,14
3,0.557476702770664,SHRINK,row_8,1,14
7,0.553398007500387,SHRINK,row_8,1,14
11,0.577043734676002,SHRINK,row_8,1,14
12,0.784128294303655,SHRINK,row_8,1,14
3,0.522682503485928,SHRINK_CAL,row_8,1,14
7,0.574571793094635,SHRINK_CAL,row_8,1,14
11,0.56273283704955,SHRINK_CAL,row_8,1,14
12,0.86763922172306,SHRINK_CAL,row_8,1,14
6,0.505051611529058,SHRINK,row_8,2,14
15,0.690087747277054,SHRINK,row_8,2,14
18,0.561610899976405,SHRINK,row_8,2,14
19,0.622448635522609,SHRINK,row_8,2,14
6,0.466633213237988,SHRINK_CAL,row_8,2,14
15,0.729124335549401,SHRINK_CAL,row_8,2,14
18,0.573573495450432,SHRINK_CAL,row_8,2,14
19,0.644417900098311,SHRINK_CAL,row_8,2,14
4,0.564772312880905,SHRINK,row_8,3,14
5,0.572353401801009,SHRINK,row_8,3,14
8,0.56548086384686,SHRINK,row_8,3,14
13,0.49983708024169,SHRINK,row_8,3,14
4,0.555987116019864,SHRINK_CAL,row_8,3,14
5,0.552861344395171,SHRINK_CAL,row_8,3,14
8,0.569355632176755,SHRINK_CAL,row_8,3,14
13,0.483411508493165,SHRINK_CAL,row_8,3,14
1,0.536775217995447,SHRINK,row_8,4,14
2,0.536542717443425,SHRINK,row_8,4,14
9,0.552340934447012,SHRINK,row_8,4,14
1,0.509152730807214,SHRINK_CAL,row_8,4,14
2,0.496798514000121,SHRINK_CAL,row_8,4,14
9,0.534589380255931,SHRINK_CAL,row_8,4,14
10,0.515962930579532,SHRINK,row_8,5,14
16,0.59258267024792,SHRINK,row_8,5,14
17,0.531800278337857,SHRINK,row_8,5,14
10,0.541323076004211,SHRINK_CAL,row_8,5,14
16,0.608533364079881,SHRINK_CAL,row_8,5,14
17,0.55507716075752,SHRINK_CAL,row_8,5,14
3,0.549298924891846,SHRINK,row_32,1,14
7,0.617104518638634,SHRINK,row_32,1,14
11,0.581257517959866,SHRINK,row_32,1,14
12,0.810139539020315,SHRINK,row_32,1,14
3,0.529661860420114,SHRINK_CAL,row_32,1,14
7,0.614829236474782,SHRINK_CAL,row_32,1,14
11,0.56968896017898,SHRINK_CAL,row_32,1,14
12,0.850295399447993,SHRINK_CAL,row_32,1,14
6,0.471655671262993,SHRINK,row_32,2,14
15,0.72397992068444,SHRINK,row_32,2,14
18,0.63476767801975,SHRINK,row_32,2,14
19,0.669848820824934,SHRINK,row_32,2,14
6,0.455152829104553,SHRINK_CAL,row_32,2,14
15,0.727790361488463,SHRINK_CAL,row_32,2,14
18,0.59987464032329,SHRINK_CAL,row_32,2,14
19,0.656505440969243,SHRINK_CAL,row_32,2,14
4,0.548827920916772,SHRINK,row_32,3,14
5,0.533557607221548,SHRINK,row_32,3,14
8,0.607502643546157,SHRINK,row_32,3,14
13,0.57520901213909,SHRINK,row_32,3,14
4,0.545413756677,SHRINK_CAL,row_32,3,14
5,0.538776241296294,SHRINK_CAL,row_32,3,14
8,0.569122044942065,SHRINK_CAL,row_32,3,14
13,0.50248841550634,SHRINK_CAL,row_32,3,14
1,0.543802261211573,SHRINK,row_32,4,14
2,0.53412527682876,SHRINK,row_32,4,14
9,0.571217815469867,SHRINK,row_32,4,14
1,0.512908631446168,SHRINK_CAL,row_32,4,14
2,0.499674565085364,SHRINK_CAL,row_32,4,14
9,0.538836764585701,SHRINK_CAL,row_32,4,14
10,0.610966127633227,SHRINK,row_32,5,14
16,0.631286930009314,SHRINK,row_32,5,14
17,0.61550364646376,SHRINK,row_32,5,14
10,0.594531213980896,SHRINK_CAL,row_32,5,14
16,0.625376492047494,SHRINK_CAL,row_32,5,14
17,0.602793684598659,SHRINK_CAL,row_32,5,14
3,0.57662905551007,SHRINK,original,1,15
7,0.535026058394037,SHRINK,original,1,15
11,0.593772710717723,SHRINK,original,1,15
12,0.854639573993934,SHRINK,original,1,15
3,0.49312806483598,SHRINK_CAL,original,1,15
7,0.598193660656194,SHRINK_CAL,original,1,15
11,0.564221134878952,SHRINK_CAL,original,1,15
12,1.00398596520887,SHRINK_CAL,original,1,15
6,0.581914534863681,SHRINK,original,2,15
14,0.500317108382255,SHRINK,original,2,15
18,0.524937582412804,SHRINK,original,2,15
19,0.599496863672071,SHRINK,original,2,15
6,0.4612095179807,SHRINK_CAL,original,2,15
14,0.42908538213138,SHRINK_CAL,original,2,15
18,0.585116853675277,SHRINK_CAL,original,2,15
19,0.652133197357488,SHRINK_CAL,original,2,15
4,0.578617442884223,SHRINK,original,3,15
5,0.566860798874223,SHRINK,original,3,15
8,0.571497701443836,SHRINK,original,3,15
13,0.483660266196451,SHRINK,original,3,15
4,0.503524352821085,SHRINK_CAL,original,3,15
5,0.462261269796079,SHRINK_CAL,original,3,15
8,0.596923129919277,SHRINK_CAL,original,3,15
13,0.520996241654613,SHRINK_CAL,original,3,15
1,0.524728444345733,SHRINK,original,4,15
2,0.509899855794582,SHRINK,original,4,15
9,0.537966615120287,SHRINK,original,4,15
1,0.467807123559951,SHRINK_CAL,original,4,15
2,0.437560733184529,SHRINK_CAL,original,4,15
9,0.515039003568028,SHRINK_CAL,original,4,15
10,0.494858896365731,SHRINK,original,5,15
16,0.586413654066917,SHRINK,original,5,15
17,0.526760755452548,SHRINK,original,5,15
10,0.595096694550474,SHRINK_CAL,original,5,15
16,0.634215917291022,SHRINK_CAL,original,5,15
17,0.611266994551606,SHRINK_CAL,original,5,15
3,0.523763989928046,SHRINK,group_0.5,1,15
7,0.581934907349855,SHRINK,group_0.5,1,15
11,0.619504679381323,SHRINK,group_0.5,1,15
12,1.17425103597697,SHRINK,group_0.5,1,15
3,0.496843114905967,SHRINK_CAL,group_0.5,1,15
7,0.591012430688507,SHRINK_CAL,group_0.5,1,15
11,0.57664274035361,SHRINK_CAL,group_0.5,1,15
12,1.02979158963578,SHRINK_CAL,group_0.5,1,15
6,0.560148753044986,SHRINK,group_0.5,2,15
14,0.501572905189728,SHRINK,group_0.5,2,15
18,0.553890096091976,SHRINK,group_0.5,2,15
19,0.625109645982098,SHRINK,group_0.5,2,15
6,0.453252728541756,SHRINK_CAL,group_0.5,2,15
14,0.45383040134497,SHRINK_CAL,group_0.5,2,15
18,0.603455856987528,SHRINK_CAL,group_0.5,2,15
19,0.65181577701209,SHRINK_CAL,group_0.5,2,15
4,0.564016414922845,SHRINK,group_0.5,3,15
5,0.525904465028366,SHRINK,group_0.5,3,15
8,0.617433902863485,SHRINK,group_0.5,3,15
13,0.505357333321483,SHRINK,group_0.5,3,15
4,0.499489819308349,SHRINK_CAL,group_0.5,3,15
5,0.448843917226697,SHRINK_CAL,group_0.5,3,15
8,0.62040475338175,SHRINK_CAL,group_0.5,3,15
13,0.543007576941483,SHRINK_CAL,group_0.5,3,15
1,0.517507708395499,SHRINK,group_0.5,4,15
2,0.487129080647541,SHRINK,group_0.5,4,15
9,0.530961293290981,SHRINK,group_0.5,4,15
1,0.48161344558815,SHRINK_CAL,group_0.5,4,15
2,0.446328420740534,SHRINK_CAL,group_0.5,4,15
9,0.519990405840323,SHRINK_CAL,group_0.5,4,15
10,0.49997178499205,SHRINK,group_0.5,5,15
16,0.585077793905093,SHRINK,group_0.5,5,15
17,0.543373455713236,SHRINK,group_0.5,5,15
10,0.619051793306167,SHRINK_CAL,group_0.5,5,15
16,0.633325291407358,SHRINK_CAL,group_0.5,5,15
17,0.627820204122554,SHRINK_CAL,group_0.5,5,15
3,0.511852875121117,SHRINK,group_2,1,15
7,0.568550580831472,SHRINK,group_2,1,15
11,0.577871346400836,SHRINK,group_2,1,15
12,1.01036904348487,SHRINK,group_2,1,15
3,0.492804754764148,SHRINK_CAL,group_2,1,15
7,0.589383213716446,SHRINK_CAL,group_2,1,15
11,0.567509782714576,SHRINK_CAL,group_2,1,15
12,1.009157679771,SHRINK_CAL,group_2,1,15
6,0.526177885300501,SHRINK,group_2,2,15
14,0.490918224507971,SHRINK,group_2,2,15
18,0.554284665956348,SHRINK,group_2,2,15
19,0.617233403729325,SHRINK,group_2,2,15
6,0.457584373910237,SHRINK_CAL,group_2,2,15
14,0.451469107557819,SHRINK_CAL,group_2,2,15
18,0.59238078265675,SHRINK_CAL,group_2,2,15
19,0.649151090791831,SHRINK_CAL,group_2,2,15
4,0.535792814637179,SHRINK,group_2,3,15
5,0.509015996636521,SHRINK,group_2,3,15
8,0.598090753813558,SHRINK,group_2,3,15
13,0.510961083765526,SHRINK,group_2,3,15
4,0.499374197051047,SHRINK_CAL,group_2,3,15
5,0.456302430516912,SHRINK_CAL,group_2,3,15
8,0.613340222901351,SHRINK_CAL,group_2,3,15
13,0.530312228226948,SHRINK_CAL,group_2,3,15
1,0.511941788907555,SHRINK,group_2,4,15
2,0.478625782491457,SHRINK,group_2,4,15
9,0.521032025051829,SHRINK,group_2,4,15
1,0.482553524083015,SHRINK_CAL,group_2,4,15
2,0.441783570143406,SHRINK_CAL,group_2,4,15
9,0.510715239944847,SHRINK_CAL,group_2,4,15
10,0.519200826411216,SHRINK,group_2,5,15
16,0.580044385363738,SHRINK,group_2,5,15
17,0.553695340483636,SHRINK,group_2,5,15
10,0.608262739285504,SHRINK_CAL,group_2,5,15
16,0.624821507073491,SHRINK_CAL,group_2,5,15
17,0.62210497145123,SHRINK_CAL,group_2,5,15
3,0.504799409426338,SHRINK,group_8,1,15
7,0.595732720749838,SHRINK,group_8,1,15
11,0.561347142566811,SHRINK,group_8,1,15
12,0.917493328246232,SHRINK,group_8,1,15
3,0.49315289038662,SHRINK_CAL,group_8,1,15
7,0.595842332122342,SHRINK_CAL,group_8,1,15
11,0.559706484870983,SHRINK_CAL,group_8,1,15
12,0.972317862885736,SHRINK_CAL,group_8,1,15
6,0.485197740625889,SHRINK,group_8,2,15
14,0.484046893288648,SHRINK,group_8,2,15
18,0.594485714739108,SHRINK,group_8,2,15
19,0.638338043719815,SHRINK,group_8,2,15
6,0.459258193242527,SHRINK_CAL,group_8,2,15
14,0.453615380027421,SHRINK_CAL,group_8,2,15
18,0.59209228503225,SHRINK_CAL,group_8,2,15
19,0.648482711584824,SHRINK_CAL,group_8,2,15
4,0.512301394338279,SHRINK,group_8,3,15
5,0.482304589935842,SHRINK,group_8,3,15
8,0.605127264806441,SHRINK,group_8,3,15
13,0.551343002872257,SHRINK,group_8,3,15
4,0.503421518420471,SHRINK_CAL,group_8,3,15
5,0.465716855997911,SHRINK_CAL,group_8,3,15
8,0.605909870941951,SHRINK_CAL,group_8,3,15
13,0.524095376128739,SHRINK_CAL,group_8,3,15
1,0.50935597984274,SHRINK,group_8,4,15
2,0.477419471184566,SHRINK,group_8,4,15
9,0.52962242851775,SHRINK,group_8,4,15
1,0.488311424311426,SHRINK_CAL,group_8,4,15
2,0.443251106118348,SHRINK_CAL,group_8,4,15
9,0.506598858496175,SHRINK_CAL,group_8,4,15
10,0.580296157365031,SHRINK,group_8,5,15
16,0.602161718791075,SHRINK,group_8,5,15
17,0.599160288589369,SHRINK,group_8,5,15
10,0.623440521015951,SHRINK_CAL,group_8,5,15
16,0.629466883742497,SHRINK_CAL,group_8,5,15
17,0.634928190985221,SHRINK_CAL,group_8,5,15
3,0.530638255108102,SHRINK,group_32,1,15
7,0.658631831700539,SHRINK,group_32,1,15
11,0.582044449170703,SHRINK,group_32,1,15
12,0.914729480490403,SHRINK,group_32,1,15
3,0.511450206292197,SHRINK_CAL,group_32,1,15
7,0.644633535933542,SHRINK_CAL,group_32,1,15
11,0.570802165197803,SHRINK_CAL,group_32,1,15
12,0.93473636266514,SHRINK_CAL,group_32,1,15
6,0.461674390549628,SHRINK,group_32,2,15
14,0.501146328010723,SHRINK,group_32,2,15
18,0.670225699385374,SHRINK,group_32,2,15
19,0.691413620511518,SHRINK,group_32,2,15
6,0.44433990415616,SHRINK_CAL,group_32,2,15
14,0.470086054853924,SHRINK_CAL,group_32,2,15
18,0.642002034750254,SHRINK_CAL,group_32,2,15
19,0.67612328913906,SHRINK_CAL,group_32,2,15
4,0.517901397416419,SHRINK,group_32,3,15
5,0.46843178400012,SHRINK,group_32,3,15
8,0.654658520289811,SHRINK,group_32,3,15
13,0.632305062692344,SHRINK,group_32,3,15
4,0.497876591482644,SHRINK_CAL,group_32,3,15
5,0.457675484941667,SHRINK_CAL,group_32,3,15
8,0.615872469090835,SHRINK_CAL,group_32,3,15
13,0.568084726709177,SHRINK_CAL,group_32,3,15
1,0.53028399389774,SHRINK,group_32,4,15
2,0.491477954859672,SHRINK,group_32,4,15
9,0.566537430948005,SHRINK,group_32,4,15
1,0.49994443711216,SHRINK_CAL,group_32,4,15
2,0.460982130315717,SHRINK_CAL,group_32,4,15
9,0.531165345252356,SHRINK_CAL,group_32,4,15
10,0.678149635513502,SHRINK,group_32,5,15
16,0.660836281926924,SHRINK,group_32,5,15
17,0.675255950317896,SHRINK,group_32,5,15
10,0.713054090039626,SHRINK_CAL,group_32,5,15
16,0.685242532178139,SHRINK_CAL,group_32,5,15
17,0.702706839082823,SHRINK_CAL,group_32,5,15
3,0.576350538224015,SHRINK,row_0.5,1,15
7,0.564066638029327,SHRINK,row_0.5,1,15
11,0.641401943417043,SHRINK,row_0.5,1,15
12,1.11451328009511,SHRINK,row_0.5,1,15
3,0.501194369781672,SHRINK_CAL,row_0.5,1,15
7,0.591425117745761,SHRINK_CAL,row_0.5,1,15
11,0.577128443359829,SHRINK_CAL,row_0.5,1,15
12,1.02602232346986,SHRINK_CAL,row_0.5,1,15
6,0.571151137503346,SHRINK,row_0.5,2,15
14,0.486358511014811,SHRINK,row_0.5,2,15
18,0.539236832766138,SHRINK,row_0.5,2,15
19,0.619668880346744,SHRINK,row_0.5,2,15
6,0.456420073196298,SHRINK_CAL,row_0.5,2,15
14,0.442622026715159,SHRINK_CAL,row_0.5,2,15
18,0.593089205937644,SHRINK_CAL,row_0.5,2,15
19,0.646863702734064,SHRINK_CAL,row_0.5,2,15
4,0.593489094513903,SHRINK,row_0.5,3,15
5,0.551899858055562,SHRINK,row_0.5,3,15
8,0.60196075938198,SHRINK,row_0.5,3,15
13,0.484928470735254,SHRINK,row_0.5,3,15
4,0.510773415990007,SHRINK_CAL,row_0.5,3,15
5,0.460271657863213,SHRINK_CAL,row_0.5,3,15
8,0.604418293396698,SHRINK_CAL,row_0.5,3,15
13,0.530327088846172,SHRINK_CAL,row_0.5,3,15
1,0.515680178904042,SHRINK,row_0.5,4,15
2,0.488969891537083,SHRINK,row_0.5,4,15
9,0.537171628501251,SHRINK,row_0.5,4,15
1,0.474371482381088,SHRINK_CAL,row_0.5,4,15
2,0.44255813768873,SHRINK_CAL,row_0.5,4,15
9,0.521506183128101,SHRINK_CAL,row_0.5,4,15
10,0.493507662125266,SHRINK,row_0.5,5,15
16,0.607557022519348,SHRINK,row_0.5,5,15
17,0.528636895348858,SHRINK,row_0.5,5,15
10,0.610106692492824,SHRINK_CAL,row_0.5,5,15
16,0.640856048726214,SHRINK_CAL,row_0.5,5,15
17,0.617180356980814,SHRINK_CAL,row_0.5,5,15
3,0.556266761558546,SHRINK,row_2,1,15
7,0.548258597772178,SHRINK,row_2,1,15
11,0.594295037013958,SHRINK,row_2,1,15
12,0.956659946634601,SHRINK,row_2,1,15
3,0.500342311576725,SHRINK_CAL,row_2,1,15
7,0.589343587894791,SHRINK_CAL,row_2,1,15
11,0.568544622589311,SHRINK_CAL,row_2,1,15
12,1.00424504030934,SHRINK_CAL,row_2,1,15
6,0.544031838141575,SHRINK,row_2,2,15
14,0.480231201388628,SHRINK,row_2,2,15
18,0.534282406243355,SHRINK,row_2,2,15
19,0.610735995026588,SHRINK,row_2,2,15
6,0.461350060603685,SHRINK_CAL,row_2,2,15
14,0.437758617433891,SHRINK_CAL,row_2,2,15
18,0.579691990729695,SHRINK_CAL,row_2,2,15
19,0.644723390544749,SHRINK_CAL,row_2,2,15
4,0.563887516438138,SHRINK,row_2,3,15
5,0.537208034226516,SHRINK,row_2,3,15
8,0.58092230743663,SHRINK,row_2,3,15
13,0.486744525178879,SHRINK,row_2,3,15
4,0.511254027361254,SHRINK_CAL,row_2,3,15
5,0.468815809332683,SHRINK_CAL,row_2,3,15
8,0.594880321646915,SHRINK_CAL,row_2,3,15
13,0.516364625241855,SHRINK_CAL,row_2,3,15
1,0.510954078703025,SHRINK,row_2,4,15
2,0.48097990460781,SHRINK,row_2,4,15
9,0.525400669317169,SHRINK,row_2,4,15
1,0.47404172474887,SHRINK_CAL,row_2,4,15
2,0.438340731854888,SHRINK_CAL,row_2,4,15
9,0.513325216209791,SHRINK_CAL,row_2,4,15
10,0.504886891957824,SHRINK,row_2,5,15
16,0.597086103917384,SHRINK,row_2,5,15
17,0.535759610077643,SHRINK,row_2,5,15
10,0.595764181032533,SHRINK_CAL,row_2,5,15
16,0.632578953407423,SHRINK_CAL,row_2,5,15
17,0.609070446190503,SHRINK_CAL,row_2,5,15
3,0.527711027379751,SHRINK,row_8,1,15
7,0.570482245637697,SHRINK,row_8,1,15
11,0.564516640660492,SHRINK,row_8,1,15
12,0.87098683258471,SHRINK,row_8,1,15
3,0.503925046646467,SHRINK_CAL,row_8,1,15
7,0.591663252351449,SHRINK_CAL,row_8,1,15
11,0.560980468609412,SHRINK_CAL,row_8,1,15
12,0.968624863683851,SHRINK_CAL,row_8,1,15
6,0.505051611529058,SHRINK,row_8,2,15
14,0.474050719237799,SHRINK,row_8,2,15
18,0.561610899976405,SHRINK,row_8,2,15
19,0.622448635522609,SHRINK,row_8,2,15
6,0.466633213237988,SHRINK_CAL,row_8,2,15
14,0.438482459226308,SHRINK_CAL,row_8,2,15
18,0.573573495450432,SHRINK_CAL,row_8,2,15
19,0.644417900098311,SHRINK_CAL,row_8,2,15
4,0.52990386424539,SHRINK,row_8,3,15
5,0.50682348577364,SHRINK,row_8,3,15
8,0.579143695107723,SHRINK,row_8,3,15
13,0.514837189684785,SHRINK,row_8,3,15
4,0.517799081128378,SHRINK_CAL,row_8,3,15
5,0.481578624806479,SHRINK_CAL,row_8,3,15
8,0.587083921289793,SHRINK_CAL,row_8,3,15
13,0.505520811517456,SHRINK_CAL,row_8,3,15
1,0.503879066243802,SHRINK,row_8,4,15
2,0.477530074331687,SHRINK,row_8,4,15
9,0.524959816826997,SHRINK,row_8,4,15
1,0.478880657265214,SHRINK_CAL,row_8,4,15
2,0.43965309796227,SHRINK_CAL,row_8,4,15
9,0.50891855972488,SHRINK_CAL,row_8,4,15
10,0.550042591834429,SHRINK,row_8,5,15
16,0.6028082794398,SHRINK,row_8,5,15
17,0.572170807208683,SHRINK,row_8,5,15
10,0.597994851656982,SHRINK_CAL,row_8,5,15
16,0.630112344296079,SHRINK_CAL,row_8,5,15
17,0.613583217901221,SHRINK_CAL,row_8,5,15
3,0.530126548550802,SHRINK,row_32,1,15
7,0.635737884911407,SHRINK,row_32,1,15
11,0.574663598931671,SHRINK,row_32,1,15
12,0.881985041010408,SHRINK,row_32,1,15
3,0.50724815184986,SHRINK_CAL,row_32,1,15
7,0.622117068922408,SHRINK_CAL,row_32,1,15
11,0.561144305103551,SHRINK_CAL,row_32,1,15
12,0.925464154931993,SHRINK_CAL,row_32,1,15
6,0.471655671262993,SHRINK,row_32,2,15
14,0.487085887681636,SHRINK,row_32,2,15
18,0.63476767801975,SHRINK,row_32,2,15
19,0.669848820824934,SHRINK,row_32,2,15
6,0.455152829104553,SHRINK_CAL,row_32,2,15
14,0.447614392360892,SHRINK_CAL,row_32,2,15
18,0.59987464032329,SHRINK_CAL,row_32,2,15
19,0.656505440969243,SHRINK_CAL,row_32,2,15
4,0.517773819975361,SHRINK,row_32,3,15
5,0.478931897276056,SHRINK,row_32,3,15
8,0.622860581311925,SHRINK,row_32,3,15
13,0.591460802169165,SHRINK,row_32,3,15
4,0.511179929166161,SHRINK_CAL,row_32,3,15
5,0.476945229279286,SHRINK_CAL,row_32,3,15
8,0.586484000682259,SHRINK_CAL,row_32,3,15
13,0.523873726068035,SHRINK_CAL,row_32,3,15
1,0.515493973292117,SHRINK,row_32,4,15
2,0.486445160680422,SHRINK,row_32,4,15
9,0.552355219556563,SHRINK,row_32,4,15
1,0.484640660200673,SHRINK_CAL,row_32,4,15
2,0.45005178080351,SHRINK_CAL,row_32,4,15
9,0.517328466489422,SHRINK_CAL,row_32,4,15
10,0.643178955250728,SHRINK,row_32,5,15
16,0.646031547758451,SHRINK,row_32,5,15
17,0.647522505888411,SHRINK,row_32,5,15
10,0.664312222619869,SHRINK_CAL,row_32,5,15
16,0.660340255847557,SHRINK_CAL,row_32,5,15
17,0.665693700358368,SHRINK_CAL,row_32,5,15
3,0.602865624682153,SHRINK,original,1,16
7,0.529989420813147,SHRINK,original,1,16
11,0.598236099220302,SHRINK,original,1,16
12,0.784826617957371,SHRINK,original,1,16
3,0.506494333786504,SHRINK_CAL,original,1,16
7,0.591022867595819,SHRINK_CAL,original,1,16
11,0.554911513948999,SHRINK_CAL,original,1,16
12,0.941677403436367,SHRINK_CAL,original,1,16
6,0.630560926014222,SHRINK,original,2,16
14,0.527772586818521,SHRINK,original,2,16
18,0.49325880482366,SHRINK,original,2,16
19,0.587557595930674,SHRINK,original,2,16
6,0.486419790238388,SHRINK_CAL,original,2,16
14,0.443906455716911,SHRINK_CAL,original,2,16
18,0.56053442134474,SHRINK_CAL,original,2,16
19,0.640159277949404,SHRINK_CAL,original,2,16
4,0.600002222303053,SHRINK,original,3,16
5,0.619269363466551,SHRINK,original,3,16
8,0.564275599019848,SHRINK,original,3,16
13,0.483110365220962,SHRINK,original,3,16
4,0.515776092188293,SHRINK_CAL,original,3,16
5,0.495755585375538,SHRINK_CAL,original,3,16
8,0.588429723539528,SHRINK_CAL,original,3,16
13,0.518233673805961,SHRINK_CAL,original,3,16
1,0.535868575766514,SHRINK,original,4,16
2,0.560958615070011,SHRINK,original,4,16
9,0.574109608727042,SHRINK,original,4,16
1,0.471074617843311,SHRINK_CAL,original,4,16
2,0.468366881001517,SHRINK_CAL,original,4,16
9,0.538231900567331,SHRINK_CAL,original,4,16
10,0.494858896365731,SHRINK,original,5,16
15,0.70722894407563,SHRINK,original,5,16
17,0.526760755452548,SHRINK,original,5,16
10,0.595096694550474,SHRINK_CAL,original,5,16
15,0.799901549550767,SHRINK_CAL,original,5,16
17,0.611266994551606,SHRINK_CAL,original,5,16
3,0.538732010310187,SHRINK,group_0.5,1,16
7,0.552459736429408,SHRINK,group_0.5,1,16
11,0.596778277165391,SHRINK,group_0.5,1,16
12,1.0460814706396,SHRINK,group_0.5,1,16
3,0.503398594180315,SHRINK_CAL,group_0.5,1,16
7,0.582252107649683,SHRINK_CAL,group_0.5,1,16
11,0.564266300745902,SHRINK_CAL,group_0.5,1,16
12,0.964152218354028,SHRINK_CAL,group_0.5,1,16
6,0.59952298469113,SHRINK,group_0.5,2,16
14,0.519150993241829,SHRINK,group_0.5,2,16
18,0.513696758453277,SHRINK,group_0.5,2,16
19,0.614348844500289,SHRINK,group_0.5,2,16
6,0.4791821898869,SHRINK_CAL,group_0.5,2,16
14,0.464277284344417,SHRINK_CAL,group_0.5,2,16
18,0.576591526946862,SHRINK_CAL,group_0.5,2,16
19,0.643869726284448,SHRINK_CAL,group_0.5,2,16
4,0.574423985982342,SHRINK,group_0.5,3,16
5,0.566682084683635,SHRINK,group_0.5,3,16
8,0.600018349104341,SHRINK,group_0.5,3,16
13,0.500653752351455,SHRINK,group_0.5,3,16
4,0.50836199312353,SHRINK_CAL,group_0.5,3,16
5,0.478439512638624,SHRINK_CAL,group_0.5,3,16
8,0.607136242417273,SHRINK_CAL,group_0.5,3,16
13,0.538017123551436,SHRINK_CAL,group_0.5,3,16
1,0.518376943065725,SHRINK,group_0.5,4,16
2,0.52908964129555,SHRINK,group_0.5,4,16
9,0.56587991836613,SHRINK,group_0.5,4,16
1,0.481227970511111,SHRINK_CAL,group_0.5,4,16
2,0.473598184449815,SHRINK_CAL,group_0.5,4,16
9,0.542654448713431,SHRINK_CAL,group_0.5,4,16
10,0.49997178499205,SHRINK,group_0.5,5,16
15,0.793365480546867,SHRINK,group_0.5,5,16
17,0.543373455713236,SHRINK,group_0.5,5,16
10,0.619051793306167,SHRINK_CAL,group_0.5,5,16
15,0.802373565660234,SHRINK_CAL,group_0.5,5,16
17,0.627820204122554,SHRINK_CAL,group_0.5,5,16
3,0.525882855099595,SHRINK,group_2,1,16
7,0.553454005713943,SHRINK,group_2,1,16
11,0.56810981000358,SHRINK,group_2,1,16
12,0.930784347362734,SHRINK,group_2,1,16
3,0.502627838688962,SHRINK_CAL,group_2,1,16
7,0.580445466805251,SHRINK_CAL,group_2,1,16
11,0.557995643834159,SHRINK_CAL,group_2,1,16
12,0.945702387696259,SHRINK_CAL,group_2,1,16
6,0.559983057634316,SHRINK,group_2,2,16
14,0.507489672093575,SHRINK,group_2,2,16
18,0.52346971657408,SHRINK,group_2,2,16
19,0.607534259249156,SHRINK,group_2,2,16
6,0.483287392531196,SHRINK_CAL,group_2,2,16
14,0.464193360027024,SHRINK_CAL,group_2,2,16
18,0.565520325731353,SHRINK_CAL,group_2,2,16
19,0.638808146286378,SHRINK_CAL,group_2,2,16
4,0.550213238516126,SHRINK,group_2,3,16
5,0.546109811806745,SHRINK,group_2,3,16
8,0.584726538756099,SHRINK,group_2,3,16
13,0.509907490666062,SHRINK,group_2,3,16
4,0.511576516413038,SHRINK_CAL,group_2,3,16
5,0.487458107483577,SHRINK_CAL,group_2,3,16
8,0.599702430924717,SHRINK_CAL,group_2,3,16
13,0.527647932750563,SHRINK_CAL,group_2,3,16
1,0.513442872313191,SHRINK,group_2,4,16
2,0.51776222264076,SHRINK,group_2,4,16
9,0.552091537452366,SHRINK,group_2,4,16
1,0.481807336744842,SHRINK_CAL,group_2,4,16
2,0.472469797950339,SHRINK_CAL,group_2,4,16
9,0.536018020686674,SHRINK_CAL,group_2,4,16
10,0.519200826411216,SHRINK,group_2,5,16
15,0.762687696137647,SHRINK,group_2,5,16
17,0.553695340483636,SHRINK,group_2,5,16
10,0.608262739285504,SHRINK_CAL,group_2,5,16
15,0.800313138756051,SHRINK_CAL,group_2,5,16
17,0.62210497145123,SHRINK_CAL,group_2,5,16
3,0.516350179257078,SHRINK,group_8,1,16
7,0.586641898428395,SHRINK,group_8,1,16
11,0.558090466956831,SHRINK,group_8,1,16
12,0.870273129709011,SHRINK,group_8,1,16
3,0.504588731077579,SHRINK_CAL,group_8,1,16
7,0.588080563580971,SHRINK_CAL,group_8,1,16
11,0.55367562445689,SHRINK_CAL,group_8,1,16
12,0.917060371574179,SHRINK_CAL,group_8,1,16
6,0.51063649752553,SHRINK,group_8,2,16
14,0.497843720413183,SHRINK,group_8,2,16
18,0.573032033559135,SHRINK,group_8,2,16
19,0.628856991773067,SHRINK,group_8,2,16
6,0.483569357369818,SHRINK_CAL,group_8,2,16
14,0.467714200900472,SHRINK_CAL,group_8,2,16
18,0.567493004691504,SHRINK_CAL,group_8,2,16
19,0.636883518187624,SHRINK_CAL,group_8,2,16
4,0.526185353928852,SHRINK,group_8,3,16
5,0.511221098916976,SHRINK,group_8,3,16
8,0.594553351229669,SHRINK,group_8,3,16
13,0.550129003557589,SHRINK,group_8,3,16
4,0.517981149160173,SHRINK_CAL,group_8,3,16
5,0.498228534626774,SHRINK_CAL,group_8,3,16
8,0.591956706831182,SHRINK_CAL,group_8,3,16
13,0.522567684719634,SHRINK_CAL,group_8,3,16
1,0.512903125412215,SHRINK,group_8,4,16
2,0.506505621961928,SHRINK,group_8,4,16
9,0.55025740066129,SHRINK,group_8,4,16
1,0.48752134977746,SHRINK_CAL,group_8,4,16
2,0.474282501572439,SHRINK_CAL,group_8,4,16
9,0.531141348701969,SHRINK_CAL,group_8,4,16
10,0.580296157365031,SHRINK,group_8,5,16
15,0.76070402446857,SHRINK,group_8,5,16
17,0.599160288589369,SHRINK,group_8,5,16
10,0.623440521015951,SHRINK_CAL,group_8,5,16
15,0.799723749075187,SHRINK_CAL,group_8,5,16
17,0.634928190985221,SHRINK_CAL,group_8,5,16
3,0.538394304788377,SHRINK,group_32,1,16
7,0.651566107106057,SHRINK,group_32,1,16
11,0.581380430428662,SHRINK,group_32,1,16
12,0.884890292878532,SHRINK,group_32,1,16
3,0.523902069511688,SHRINK_CAL,group_32,1,16
7,0.642861378944959,SHRINK_CAL,group_32,1,16
11,0.571915908389269,SHRINK_CAL,group_32,1,16
12,0.902331976041414,SHRINK_CAL,group_32,1,16
6,0.480720858000137,SHRINK,group_32,2,16
14,0.512223302933881,SHRINK,group_32,2,16
18,0.656946760975529,SHRINK,group_32,2,16
19,0.682872662743698,SHRINK,group_32,2,16
6,0.465590326202014,SHRINK_CAL,group_32,2,16
14,0.485415591960907,SHRINK_CAL,group_32,2,16
18,0.629758524192881,SHRINK_CAL,group_32,2,16
19,0.668926219741193,SHRINK_CAL,group_32,2,16
4,0.529327031556576,SHRINK,group_32,3,16
5,0.48897507036239,SHRINK,group_32,3,16
8,0.647036901526079,SHRINK,group_32,3,16
13,0.62915686724623,SHRINK,group_32,3,16
4,0.510384258956222,SHRINK_CAL,group_32,3,16
5,0.48277261244232,SHRINK_CAL,group_32,3,16
8,0.604609301287201,SHRINK_CAL,group_32,3,16
13,0.565001522463764,SHRINK_CAL,group_32,3,16
1,0.536369585599541,SHRINK,group_32,4,16
2,0.510662142946362,SHRINK,group_32,4,16
9,0.577345150577285,SHRINK,group_32,4,16
1,0.50245352876023,SHRINK_CAL,group_32,4,16
2,0.48312058248513,SHRINK_CAL,group_32,4,16
9,0.546258585463079,SHRINK_CAL,group_32,4,16
10,0.678149635513502,SHRINK,group_32,5,16
15,0.796768110320473,SHRINK,group_32,5,16
17,0.675255950317896,SHRINK,group_32,5,16
10,0.713054090039626,SHRINK_CAL,group_32,5,16
15,0.822375731261967,SHRINK_CAL,group_32,5,16
17,0.702706839082823,SHRINK_CAL,group_32,5,16
3,0.607462221688477,SHRINK,row_0.5,1,16
7,0.537519920121343,SHRINK,row_0.5,1,16
11,0.627653981530166,SHRINK,row_0.5,1,16
12,0.965955964399388,SHRINK,row_0.5,1,16
3,0.509062198001789,SHRINK_CAL,row_0.5,1,16
7,0.587374552874417,SHRINK_CAL,row_0.5,1,16
11,0.563564214930682,SHRINK_CAL,row_0.5,1,16
12,0.959841287675975,SHRINK_CAL,row_0.5,1,16
6,0.631030861073811,SHRINK,row_0.5,2,16
14,0.517978640164701,SHRINK,row_0.5,2,16
18,0.496056355975723,SHRINK,row_0.5,2,16
19,0.602769035583077,SHRINK,row_0.5,2,16
6,0.482693701903956,SHRINK_CAL,row_0.5,2,16
14,0.453773564056722,SHRINK_CAL,row_0.5,2,16
18,0.570635678063288,SHRINK_CAL,row_0.5,2,16
19,0.639830264402153,SHRINK_CAL,row_0.5,2,16
4,0.610342446323253,SHRINK,row_0.5,3,16
5,0.612413982203886,SHRINK,row_0.5,3,16
8,0.587779723931001,SHRINK,row_0.5,3,16
13,0.477848310348866,SHRINK,row_0.5,3,16
4,0.517243799155301,SHRINK_CAL,row_0.5,3,16
5,0.492509351130312,SHRINK_CAL,row_0.5,3,16
8,0.595464585067005,SHRINK_CAL,row_0.5,3,16
13,0.525844347456593,SHRINK_CAL,row_0.5,3,16
1,0.528929084482795,SHRINK,row_0.5,4,16
2,0.546960332689508,SHRINK,row_0.5,4,16
9,0.578374773286576,SHRINK,row_0.5,4,16
1,0.475797215150805,SHRINK_CAL,row_0.5,4,16
2,0.470465709546007,SHRINK_CAL,row_0.5,4,16
9,0.543627767244234,SHRINK_CAL,row_0.5,4,16
10,0.493507662125266,SHRINK,row_0.5,5,16
15,0.776306682217921,SHRINK,row_0.5,5,16
17,0.528636895348858,SHRINK,row_0.5,5,16
10,0.610106692492824,SHRINK_CAL,row_0.5,5,16
15,0.797044234713383,SHRINK_CAL,row_0.5,5,16
17,0.617180356980814,SHRINK_CAL,row_0.5,5,16
3,0.584526692979301,SHRINK,row_2,1,16
7,0.535315055791947,SHRINK,row_2,1,16
11,0.592816426857601,SHRINK,row_2,1,16
12,0.858955694209288,SHRINK,row_2,1,16
3,0.5113144860399,SHRINK_CAL,row_2,1,16
7,0.584494384136019,SHRINK_CAL,row_2,1,16
11,0.55829594350983,SHRINK_CAL,row_2,1,16
12,0.939843085179263,SHRINK_CAL,row_2,1,16
6,0.596919387137024,SHRINK,row_2,2,16
14,0.509235238131567,SHRINK,row_2,2,16
18,0.499742116202526,SHRINK,row_2,2,16
19,0.595996652820598,SHRINK,row_2,2,16
6,0.487894695582118,SHRINK_CAL,row_2,2,16
14,0.4517558775011,SHRINK_CAL,row_2,2,16
18,0.556896872558453,SHRINK_CAL,row_2,2,16
19,0.63500731971662,SHRINK_CAL,row_2,2,16
4,0.585626369028697,SHRINK,row_2,3,16
5,0.592275580427695,SHRINK,row_2,3,16
8,0.571268079966135,SHRINK,row_2,3,16
13,0.483912137716038,SHRINK,row_2,3,16
4,0.521619805197497,SHRINK_CAL,row_2,3,16
5,0.501877988234105,SHRINK_CAL,row_2,3,16
8,0.587026158995876,SHRINK_CAL,row_2,3,16
13,0.514313369622171,SHRINK_CAL,row_2,3,16
1,0.523447305889523,SHRINK,row_2,4,16
2,0.53519186480135,SHRINK,row_2,4,16
9,0.563273762558661,SHRINK,row_2,4,16
1,0.476169517300339,SHRINK_CAL,row_2,4,16
2,0.469321133314733,SHRINK_CAL,row_2,4,16
9,0.537669443109374,SHRINK_CAL,row_2,4,16
10,0.504886891957824,SHRINK,row_2,5,16
15,0.746937523927654,SHRINK,row_2,5,16
17,0.535759610077643,SHRINK,row_2,5,16
10,0.595764181032533,SHRINK_CAL,row_2,5,16
15,0.793637081665287,SHRINK_CAL,row_2,5,16
17,0.609070446190503,SHRINK_CAL,row_2,5,16
3,0.548334166500945,SHRINK,row_8,1,16
7,0.560266318041238,SHRINK,row_8,1,16
11,0.565992919971266,SHRINK,row_8,1,16
12,0.808906661211612,SHRINK,row_8,1,16
3,0.516678365429841,SHRINK_CAL,row_8,1,16
7,0.585749328709305,SHRINK_CAL,row_8,1,16
11,0.554875700578729,SHRINK_CAL,row_8,1,16
12,0.910577582053051,SHRINK_CAL,row_8,1,16
6,0.544486552824493,SHRINK,row_8,2,16
14,0.496417035459954,SHRINK,row_8,2,16
18,0.53466714768277,SHRINK,row_8,2,16
19,0.608245680740769,SHRINK,row_8,2,16
6,0.493321749239561,SHRINK_CAL,row_8,2,16
14,0.454776782331931,SHRINK_CAL,row_8,2,16
18,0.54998368657076,SHRINK_CAL,row_8,2,16
19,0.631721048562524,SHRINK_CAL,row_8,2,16
4,0.550212110012437,SHRINK,row_8,3,16
5,0.549358052812206,SHRINK,row_8,3,16
8,0.569980060463323,SHRINK,row_8,3,16
13,0.511415616232503,SHRINK,row_8,3,16
4,0.5324179751462,SHRINK_CAL,row_8,3,16
5,0.516058428558719,SHRINK_CAL,row_8,3,16
8,0.579191205510701,SHRINK_CAL,row_8,3,16
13,0.504303008086723,SHRINK_CAL,row_8,3,16
1,0.514657064536229,SHRINK,row_8,4,16
2,0.518072985832294,SHRINK,row_8,4,16
9,0.551170679756551,SHRINK,row_8,4,16
1,0.482045543692867,SHRINK_CAL,row_8,4,16
2,0.471401526012915,SHRINK_CAL,row_8,4,16
9,0.532904972293635,SHRINK_CAL,row_8,4,16
10,0.550042591834429,SHRINK,row_8,5,16
15,0.740567597812559,SHRINK,row_8,5,16
17,0.572170807208683,SHRINK,row_8,5,16
10,0.597994851656982,SHRINK_CAL,row_8,5,16
15,0.790390792358987,SHRINK_CAL,row_8,5,16
17,0.613583217901221,SHRINK_CAL,row_8,5,16
3,0.540526148614908,SHRINK,row_32,1,16
7,0.625136187461139,SHRINK,row_32,1,16
11,0.574258447919027,SHRINK,row_32,1,16
12,0.842112850064458,SHRINK,row_32,1,16
3,0.519710294069261,SHRINK_CAL,row_32,1,16
7,0.617116494800559,SHRINK_CAL,row_32,1,16
11,0.560320862220199,SHRINK_CAL,row_32,1,16
12,0.886213461607294,SHRINK_CAL,row_32,1,16
6,0.497183145769658,SHRINK,row_32,2,16
14,0.501215536461643,SHRINK,row_32,2,16
18,0.615553557584952,SHRINK,row_32,2,16
19,0.656945617072172,SHRINK,row_32,2,16
6,0.480197601725799,SHRINK_CAL,row_32,2,16
14,0.46437575466196,SHRINK_CAL,row_32,2,16
18,0.580464902381838,SHRINK_CAL,row_32,2,16
19,0.644015261498704,SHRINK_CAL,row_32,2,16
4,0.532114423384595,SHRINK,row_32,3,16
5,0.506215346319942,SHRINK,row_32,3,16
8,0.61331484598584,SHRINK,row_32,3,16
13,0.585024727537998,SHRINK,row_32,3,16
4,0.527547037653737,SHRINK_CAL,row_32,3,16
5,0.50864058298256,SHRINK_CAL,row_32,3,16
8,0.576981774681787,SHRINK_CAL,row_32,3,16
13,0.518979376234652,SHRINK_CAL,row_32,3,16
1,0.523802330659335,SHRINK,row_32,4,16
2,0.510955026784878,SHRINK,row_32,4,16
9,0.565096260727342,SHRINK,row_32,4,16
1,0.489257405130979,SHRINK_CAL,row_32,4,16
2,0.475923851273634,SHRINK_CAL,row_32,4,16
9,0.534305222493336,SHRINK_CAL,row_32,4,16
10,0.643178955250728,SHRINK,row_32,5,16
15,0.775468854040524,SHRINK,row_32,5,16
17,0.647522505888411,SHRINK,row_32,5,16
10,0.664312222619869,SHRINK_CAL,row_32,5,16
15,0.803522794586723,SHRINK_CAL,row_32,5,16
17,0.665693700358368,SHRINK_CAL,row_32,5,16
3,0.589976318655736,SHRINK,original,1,17
7,0.529077833355596,SHRINK,original,1,17
11,0.5961563004609,SHRINK,original,1,17
12,0.794676600285393,SHRINK,original,1,17
3,0.496347769925926,SHRINK_CAL,original,1,17
7,0.59508988116569,SHRINK_CAL,original,1,17
11,0.555977398213378,SHRINK_CAL,original,1,17
12,0.949004442994379,SHRINK_CAL,original,1,17
6,0.618884602663223,SHRINK,original,2,17
14,0.520158732064943,SHRINK,original,2,17
18,0.504329640975583,SHRINK,original,2,17
19,0.586955317818957,SHRINK,original,2,17
6,0.476421854153747,SHRINK_CAL,original,2,17
14,0.439236177739941,SHRINK_CAL,original,2,17
18,0.573664013702598,SHRINK_CAL,original,2,17
19,0.642716646949787,SHRINK_CAL,original,2,17
4,0.594950534608262,SHRINK,original,3,17
5,0.604916928576059,SHRINK,original,3,17
8,0.574063085726827,SHRINK,original,3,17
13,0.480263310293501,SHRINK,original,3,17
4,0.509465726928239,SHRINK_CAL,original,3,17
5,0.482354623032213,SHRINK_CAL,original,3,17
8,0.598457402480586,SHRINK_CAL,original,3,17
13,0.521159330531967,SHRINK_CAL,original,3,17
1,0.539745588133859,SHRINK,original,4,17
2,0.55329925329048,SHRINK,original,4,17
9,0.565182827332195,SHRINK,original,4,17
1,0.475360572907979,SHRINK_CAL,original,4,17
2,0.463668188222348,SHRINK_CAL,original,4,17
9,0.533239294426234,SHRINK_CAL,original,4,17
10,0.494858896365731,SHRINK,original,5,17
15,0.70722894407563,SHRINK,original,5,17
16,0.586413654066917,SHRINK,original,5,17
10,0.595096694550474,SHRINK_CAL,original,5,17
15,0.799901549550767,SHRINK_CAL,original,5,17
16,0.634215917291022,SHRINK_CAL,original,5,17
3,0.523118636426217,SHRINK,group_0.5,1,17
7,0.552137533723269,SHRINK,group_0.5,1,17
11,0.599498239124694,SHRINK,group_0.5,1,17
12,1.07272177930377,SHRINK,group_0.5,1,17
3,0.496985406435861,SHRINK_CAL,group_0.5,1,17
7,0.587458968752582,SHRINK_CAL,group_0.5,1,17
11,0.568735060579204,SHRINK_CAL,group_0.5,1,17
12,0.976996388735814,SHRINK_CAL,group_0.5,1,17
6,0.578475671302159,SHRINK,group_0.5,2,17
14,0.507788338723468,SHRINK,group_0.5,2,17
18,0.536193333341511,SHRINK,group_0.5,2,17
19,0.611160639195723,SHRINK,group_0.5,2,17
6,0.468114252975292,SHRINK_CAL,group_0.5,2,17
14,0.46092346802397,SHRINK_CAL,group_0.5,2,17
18,0.596194752524428,SHRINK_CAL,group_0.5,2,17
19,0.646199376161366,SHRINK_CAL,group_0.5,2,17
4,0.56565370048212,SHRINK,group_0.5,3,17
5,0.543467346702556,SHRINK,group_0.5,3,17
8,0.623061615989235,SHRINK,group_0.5,3,17
13,0.498263286511364,SHRINK,group_0.5,3,17
4,0.502798385916301,SHRINK_CAL,group_0.5,3,17
5,0.463759889562502,SHRINK_CAL,group_0.5,3,17
8,0.625604697698646,SHRINK_CAL,group_0.5,3,17
13,0.54319445553965,SHRINK_CAL,group_0.5,3,17
1,0.525514731856701,SHRINK,group_0.5,4,17
2,0.51713343854553,SHRINK,group_0.5,4,17
9,0.551152896424526,SHRINK,group_0.5,4,17
1,0.489250201724332,SHRINK_CAL,group_0.5,4,17
2,0.468477981697424,SHRINK_CAL,group_0.5,4,17
9,0.536865877973169,SHRINK_CAL,group_0.5,4,17
10,0.49997178499205,SHRINK,group_0.5,5,17
15,0.793365480546867,SHRINK,group_0.5,5,17
16,0.585077793905093,SHRINK,group_0.5,5,17
10,0.619051793306167,SHRINK_CAL,group_0.5,5,17
15,0.802373565660234,SHRINK_CAL,group_0.5,5,17
16,0.633325291407358,SHRINK_CAL,group_0.5,5,17
3,0.512487077442447,SHRINK,group_2,1,17
7,0.55756572557705,SHRINK,group_2,1,17
11,0.570915021081642,SHRINK,group_2,1,17
12,0.95419859616301,SHRINK,group_2,1,17
3,0.493013515154488,SHRINK_CAL,group_2,1,17
7,0.586816774912813,SHRINK_CAL,group_2,1,17
11,0.561888008938442,SHRINK_CAL,group_2,1,17
12,0.961738588540599,SHRINK_CAL,group_2,1,17
6,0.543343876850109,SHRINK,group_2,2,17
14,0.498493828643874,SHRINK,group_2,2,17
18,0.544637497929818,SHRINK,group_2,2,17
19,0.609040151922555,SHRINK,group_2,2,17
6,0.471748979157149,SHRINK_CAL,group_2,2,17
14,0.459355700223396,SHRINK_CAL,group_2,2,17
18,0.585383739691158,SHRINK_CAL,group_2,2,17
19,0.641748552188038,SHRINK_CAL,group_2,2,17
4,0.542812697483813,SHRINK,group_2,3,17
5,0.526341241008894,SHRINK,group_2,3,17
8,0.602480159890626,SHRINK,group_2,3,17
13,0.509384263849788,SHRINK,group_2,3,17
4,0.50459456688183,SHRINK_CAL,group_2,3,17
5,0.470552159252966,SHRINK_CAL,group_2,3,17
8,0.616353516281944,SHRINK_CAL,group_2,3,17
13,0.530295039277645,SHRINK_CAL,group_2,3,17
1,0.519843505853778,SHRINK,group_2,4,17
2,0.504568364529951,SHRINK,group_2,4,17
9,0.540552767424367,SHRINK,group_2,4,17
1,0.489746392022143,SHRINK_CAL,group_2,4,17
2,0.464270276634592,SHRINK_CAL,group_2,4,17
9,0.528502781199699,SHRINK_CAL,group_2,4,17
10,0.519200826411216,SHRINK,group_2,5,17
15,0.762687696137647,SHRINK,group_2,5,17
16,0.580044385363738,SHRINK,group_2,5,17
10,0.608262739285504,SHRINK_CAL,group_2,5,17
15,0.800313138756051,SHRINK_CAL,group_2,5,17
16,0.624821507073491,SHRINK_CAL,group_2,5,17
3,0.507656136504832,SHRINK,group_8,1,17
7,0.592874889846397,SHRINK,group_8,1,17
11,0.561341171465351,SHRINK,group_8,1,17
12,0.888664276414181,SHRINK,group_8,1,17
3,0.494473466833091,SHRINK_CAL,group_8,1,17
7,0.596128006657712,SHRINK_CAL,group_8,1,17
11,0.557560979442265,SHRINK_CAL,group_8,1,17
12,0.935194496886754,SHRINK_CAL,group_8,1,17
6,0.500752899515862,SHRINK,group_8,2,17
14,0.492956897380725,SHRINK,group_8,2,17
18,0.589633090600221,SHRINK,group_8,2,17
19,0.633752509720499,SHRINK,group_8,2,17
6,0.472494810797678,SHRINK_CAL,group_8,2,17
14,0.462300986887716,SHRINK_CAL,group_8,2,17
18,0.587141873048248,SHRINK_CAL,group_8,2,17
19,0.641708963008599,SHRINK_CAL,group_8,2,17
4,0.521410350273681,SHRINK,group_8,3,17
5,0.498459490852683,SHRINK,group_8,3,17
8,0.607541700909068,SHRINK,group_8,3,17
13,0.552091340270447,SHRINK,group_8,3,17
4,0.510160825942433,SHRINK_CAL,group_8,3,17
5,0.480018213005055,SHRINK_CAL,group_8,3,17
8,0.608017829202216,SHRINK_CAL,group_8,3,17
13,0.524204880244748,SHRINK_CAL,group_8,3,17
1,0.517383524531932,SHRINK,group_8,4,17
2,0.497058073565838,SHRINK,group_8,4,17
9,0.544273316061388,SHRINK,group_8,4,17
1,0.494795576340618,SHRINK_CAL,group_8,4,17
2,0.464380378971362,SHRINK_CAL,group_8,4,17
9,0.524048064172718,SHRINK_CAL,group_8,4,17
10,0.580296157365031,SHRINK,group_8,5,17
15,0.76070402446857,SHRINK,group_8,5,17
16,0.602161718791075,SHRINK,group_8,5,17
10,0.623440521015951,SHRINK_CAL,group_8,5,17
15,0.799723749075187,SHRINK_CAL,group_8,5,17
16,0.629466883742497,SHRINK_CAL,group_8,5,17
3,0.534486455029049,SHRINK,group_32,1,17
7,0.656078388300615,SHRINK,group_32,1,17
11,0.583489450162714,SHRINK,group_32,1,17
12,0.895822677247281,SHRINK,group_32,1,17
3,0.519740599083702,SHRINK_CAL,group_32,1,17
7,0.649432896493995,SHRINK_CAL,group_32,1,17
11,0.57521973815697,SHRINK_CAL,group_32,1,17
12,0.915342101385089,SHRINK_CAL,group_32,1,17
6,0.475749337316553,SHRINK,group_32,2,17
14,0.509997381082839,SHRINK,group_32,2,17
18,0.665929183067616,SHRINK,group_32,2,17
19,0.686934457823727,SHRINK,group_32,2,17
6,0.459060439821431,SHRINK_CAL,group_32,2,17
14,0.482824220277602,SHRINK_CAL,group_32,2,17
18,0.643244992036569,SHRINK_CAL,group_32,2,17
19,0.674612672623114,SHRINK_CAL,group_32,2,17
4,0.526729151666531,SHRINK,group_32,3,17
5,0.482657259177251,SHRINK,group_32,3,17
8,0.654054966755365,SHRINK,group_32,3,17
13,0.631492376396766,SHRINK,group_32,3,17
4,0.505887573433031,SHRINK_CAL,group_32,3,17
5,0.471174347091846,SHRINK_CAL,group_32,3,17
8,0.617724497621983,SHRINK_CAL,group_32,3,17
13,0.569303063053256,SHRINK_CAL,group_32,3,17
1,0.538028441084546,SHRINK,group_32,4,17
2,0.505810408344999,SHRINK,group_32,4,17
9,0.575265851204656,SHRINK,group_32,4,17
1,0.508869578865874,SHRINK_CAL,group_32,4,17
2,0.478168645160057,SHRINK_CAL,group_32,4,17
9,0.545548596158613,SHRINK_CAL,group_32,4,17
10,0.678149635513502,SHRINK,group_32,5,17
15,0.796768110320473,SHRINK,group_32,5,17
16,0.660836281926924,SHRINK,group_32,5,17
10,0.713054090039626,SHRINK_CAL,group_32,5,17
15,0.822375731261967,SHRINK_CAL,group_32,5,17
16,0.685242532178139,SHRINK_CAL,group_32,5,17
3,0.591582678925351,SHRINK,row_0.5,1,17
7,0.530822354065227,SHRINK,row_0.5,1,17
11,0.625693536386385,SHRINK,row_0.5,1,17
12,0.980666887916269,SHRINK,row_0.5,1,17
3,0.502595958010952,SHRINK_CAL,row_0.5,1,17
7,0.590496240769723,SHRINK_CAL,row_0.5,1,17
11,0.566015746918112,SHRINK_CAL,row_0.5,1,17
12,0.966335960455036,SHRINK_CAL,row_0.5,1,17
6,0.616798231169467,SHRINK,row_0.5,2,17
14,0.508993107397656,SHRINK,row_0.5,2,17
18,0.507581158168811,SHRINK,row_0.5,2,17
19,0.598063910683599,SHRINK,row_0.5,2,17
6,0.472877591262688,SHRINK_CAL,row_0.5,2,17
14,0.450138795341394,SHRINK_CAL,row_0.5,2,17
18,0.583858501696207,SHRINK_CAL,row_0.5,2,17
19,0.641827267857058,SHRINK_CAL,row_0.5,2,17
4,0.604481733007731,SHRINK,row_0.5,3,17
5,0.595750507447175,SHRINK,row_0.5,3,17
8,0.603913766668202,SHRINK,row_0.5,3,17
13,0.47419543102029,SHRINK,row_0.5,3,17
4,0.512081393032249,SHRINK_CAL,row_0.5,3,17
5,0.479976654764749,SHRINK_CAL,row_0.5,3,17
8,0.609246567610344,SHRINK_CAL,row_0.5,3,17
13,0.531145229646965,SHRINK_CAL,row_0.5,3,17
1,0.532983333498597,SHRINK,row_0.5,4,17
2,0.54025937663054,SHRINK,row_0.5,4,17
9,0.567010419648711,SHRINK,row_0.5,4,17
1,0.480651869743585,SHRINK_CAL,row_0.5,4,17
2,0.46745136420518,SHRINK_CAL,row_0.5,4,17
9,0.539723827666458,SHRINK_CAL,row_0.5,4,17
10,0.493507662125266,SHRINK,row_0.5,5,17
15,0.776306682217921,SHRINK,row_0.5,5,17
16,0.607557022519348,SHRINK,row_0.5,5,17
10,0.610106692492824,SHRINK_CAL,row_0.5,5,17
15,0.797044234713383,SHRINK_CAL,row_0.5,5,17
16,0.640856048726214,SHRINK_CAL,row_0.5,5,17
3,0.570764784265236,SHRINK,row_2,1,17
7,0.533649972385256,SHRINK,row_2,1,17
11,0.591499661112446,SHRINK,row_2,1,17
12,0.872051913821332,SHRINK,row_2,1,17
3,0.501751358810795,SHRINK_CAL,row_2,1,17
7,0.588384970891291,SHRINK_CAL,row_2,1,17
11,0.559789772896962,SHRINK_CAL,row_2,1,17
12,0.948460382987508,SHRINK_CAL,row_2,1,17
6,0.584612137281648,SHRINK,row_2,2,17
14,0.501500913720536,SHRINK,row_2,2,17
18,0.511074601639597,SHRINK,row_2,2,17
19,0.594332507538884,SHRINK,row_2,2,17
6,0.477425732034957,SHRINK_CAL,row_2,2,17
14,0.446932297966811,SHRINK_CAL,row_2,2,17
18,0.56998314330047,SHRINK_CAL,row_2,2,17
19,0.637110295764292,SHRINK_CAL,row_2,2,17
4,0.580285560624557,SHRINK,row_2,3,17
5,0.577448704029972,SHRINK,row_2,3,17
8,0.582055262430893,SHRINK,row_2,3,17
13,0.481295173831975,SHRINK,row_2,3,17
4,0.515124867220802,SHRINK_CAL,row_2,3,17
5,0.487865344040812,SHRINK_CAL,row_2,3,17
8,0.597707688466255,SHRINK_CAL,row_2,3,17
13,0.517529621417151,SHRINK_CAL,row_2,3,17
1,0.527151933371902,SHRINK,row_2,4,17
2,0.526157918851564,SHRINK,row_2,4,17
9,0.55369959851194,SHRINK,row_2,4,17
1,0.48038406039686,SHRINK_CAL,row_2,4,17
2,0.463923756805986,SHRINK_CAL,row_2,4,17
9,0.532491400591516,SHRINK_CAL,row_2,4,17
10,0.504886891957824,SHRINK,row_2,5,17
15,0.746937523927654,SHRINK,row_2,5,17
16,0.597086103917384,SHRINK,row_2,5,17
10,0.595764181032533,SHRINK_CAL,row_2,5,17
15,0.793637081665287,SHRINK_CAL,row_2,5,17
16,0.632578953407423,SHRINK_CAL,row_2,5,17
3,0.539277805216084,SHRINK,row_8,1,17
7,0.562677422567031,SHRINK,row_8,1,17
11,0.566599777476575,SHRINK,row_8,1,17
12,0.821042424152556,SHRINK,row_8,1,17
3,0.506139362654646,SHRINK_CAL,row_8,1,17
7,0.591060252741879,SHRINK_CAL,row_8,1,17
11,0.556131340525235,SHRINK_CAL,row_8,1,17
12,0.922099398344227,SHRINK_CAL,row_8,1,17
6,0.536089491497409,SHRINK,row_8,2,17
14,0.49139335720284,SHRINK,row_8,2,17
18,0.544862233493357,SHRINK,row_8,2,17
19,0.610033457245235,SHRINK,row_8,2,17
6,0.482644919484322,SHRINK_CAL,row_8,2,17
14,0.44914018474025,SHRINK_CAL,row_8,2,17
18,0.563075995895305,SHRINK_CAL,row_8,2,17
19,0.63476064646169,SHRINK_CAL,row_8,2,17
4,0.54619729195056,SHRINK,row_8,3,17
5,0.538774335892397,SHRINK,row_8,3,17
8,0.577981927361758,SHRINK,row_8,3,17
13,0.510948822652406,SHRINK,row_8,3,17
4,0.524328833355526,SHRINK_CAL,row_8,3,17
5,0.500501818897121,SHRINK_CAL,row_8,3,17
8,0.588329820174314,SHRINK_CAL,row_8,3,17
13,0.506124211174565,SHRINK_CAL,row_8,3,17
1,0.51739274828662,SHRINK,row_8,4,17
2,0.510385171882391,SHRINK,row_8,4,17
9,0.545305571711698,SHRINK,row_8,4,17
1,0.485271957792112,SHRINK_CAL,row_8,4,17
2,0.46414644509892,SHRINK_CAL,row_8,4,17
9,0.527329775769645,SHRINK_CAL,row_8,4,17
10,0.550042591834429,SHRINK,row_8,5,17
15,0.740567597812559,SHRINK,row_8,5,17
16,0.6028082794398,SHRINK,row_8,5,17
10,0.597994851656982,SHRINK_CAL,row_8,5,17
15,0.790390792358987,SHRINK_CAL,row_8,5,17
16,0.630112344296079,SHRINK_CAL,row_8,5,17
3,0.536456766390408,SHRINK,row_32,1,17
7,0.628359296804657,SHRINK,row_32,1,17
11,0.575503810064693,SHRINK,row_32,1,17
12,0.851092222112829,SHRINK,row_32,1,17
3,0.514347753278554,SHRINK_CAL,row_32,1,17
7,0.623096274673797,SHRINK_CAL,row_32,1,17
11,0.562615127765757,SHRINK_CAL,row_32,1,17
12,0.898239903618221,SHRINK_CAL,row_32,1,17
6,0.492505569775235,SHRINK,row_32,2,17
14,0.49873560356546,SHRINK,row_32,2,17
18,0.622443380206618,SHRINK,row_32,2,17
19,0.659768870489635,SHRINK,row_32,2,17
6,0.472241750571626,SHRINK_CAL,row_32,2,17
14,0.460303314611817,SHRINK_CAL,row_32,2,17
18,0.591782892227996,SHRINK_CAL,row_32,2,17
19,0.648434423098687,SHRINK_CAL,row_32,2,17
4,0.5296471071707,SHRINK,row_32,3,17
5,0.500382384465839,SHRINK,row_32,3,17
8,0.618606883107007,SHRINK,row_32,3,17
13,0.586214010708445,SHRINK,row_32,3,17
4,0.521126943495171,SHRINK_CAL,row_32,3,17
5,0.496032795516041,SHRINK_CAL,row_32,3,17
8,0.586049276985884,SHRINK_CAL,row_32,3,17
13,0.521878258649835,SHRINK_CAL,row_32,3,17
1,0.524907335596865,SHRINK,row_32,4,17
2,0.506431555984869,SHRINK,row_32,4,17
9,0.562737852662576,SHRINK,row_32,4,17
1,0.492502386231792,SHRINK_CAL,row_32,4,17
2,0.470322248373335,SHRINK_CAL,row_32,4,17
9,0.531921550114424,SHRINK_CAL,row_32,4,17
10,0.643178955250728,SHRINK,row_32,5,17
15,0.775468854040524,SHRINK,row_32,5,17
16,0.646031547758451,SHRINK,row_32,5,17
10,0.664312222619869,SHRINK_CAL,row_32,5,17
15,0.803522794586723,SHRINK_CAL,row_32,5,17
16,0.660340255847557,SHRINK_CAL,row_32,5,17
3,0.595450521961029,SHRINK,original,1,18
7,0.526946626800623,SHRINK,original,1,18
11,0.592944369902812,SHRINK,original,1,18
12,0.81125750982016,SHRINK,original,1,18
3,0.501975972792189,SHRINK_CAL,original,1,18
7,0.59399814771749,SHRINK_CAL,original,1,18
11,0.55650339885003,SHRINK_CAL,original,1,18
12,0.962298186871961,SHRINK_CAL,original,1,18
6,0.618884602663223,SHRINK,original,2,18
14,0.520158732064943,SHRINK,original,2,18
17,0.470006053403578,SHRINK,original,2,18
19,0.586955317818957,SHRINK,original,2,18
6,0.476421854153747,SHRINK_CAL,original,2,18
14,0.439236177739941,SHRINK_CAL,original,2,18
17,0.534340203634708,SHRINK_CAL,original,2,18
19,0.642716646949787,SHRINK_CAL,original,2,18
4,0.584330946663171,SHRINK,original,3,18
5,0.597817523448201,SHRINK,original,3,18
8,0.570927261179874,SHRINK,original,3,18
13,0.487366816304357,SHRINK,original,3,18
4,0.503026466933089,SHRINK_CAL,original,3,18
5,0.478354769337112,SHRINK_CAL,original,3,18
8,0.597196723930207,SHRINK_CAL,original,3,18
13,0.527401122308752,SHRINK_CAL,original,3,18
1,0.533084253481149,SHRINK,original,4,18
2,0.545854628618717,SHRINK,original,4,18
9,0.558917207307225,SHRINK,original,4,18
1,0.470960008119886,SHRINK_CAL,original,4,18
2,0.459191969025279,SHRINK_CAL,original,4,18
9,0.52909328224237,SHRINK_CAL,original,4,18
10,0.508537231336972,SHRINK,original,5,18
15,0.716412739715702,SHRINK,original,5,18
16,0.581917726810444,SHRINK,original,5,18
10,0.606399280859832,SHRINK_CAL,original,5,18
15,0.806870649721008,SHRINK_CAL,original,5,18
16,0.632747341409218,SHRINK_CAL,original,5,18
3,0.536347289851761,SHRINK,group_0.5,1,18
7,0.548876943126795,SHRINK,group_0.5,1,18
11,0.602468498831044,SHRINK,group_0.5,1,18
12,1.09080815281221,SHRINK,group_0.5,1,18
3,0.502103494113465,SHRINK_CAL,group_0.5,1,18
7,0.585542831605361,SHRINK_CAL,group_0.5,1,18
11,0.567991731731136,SHRINK_CAL,group_0.5,1,18
12,0.994630411928438,SHRINK_CAL,group_0.5,1,18
6,0.578475671302159,SHRINK,group_0.5,2,18
14,0.507788338723468,SHRINK,group_0.5,2,18
17,0.484176647012759,SHRINK,group_0.5,2,18
19,0.611160639195723,SHRINK,group_0.5,2,18
6,0.468114252975292,SHRINK_CAL,group_0.5,2,18
14,0.46092346802397,SHRINK_CAL,group_0.5,2,18
17,0.55442555323711,SHRINK_CAL,group_0.5,2,18
19,0.646199376161366,SHRINK_CAL,group_0.5,2,18
4,0.564102246078184,SHRINK,group_0.5,3,18
5,0.549482411102901,SHRINK,group_0.5,3,18
8,0.611216884419502,SHRINK,group_0.5,3,18
13,0.502716710459816,SHRINK,group_0.5,3,18
4,0.497611781341093,SHRINK_CAL,group_0.5,3,18
5,0.461388131231669,SHRINK_CAL,group_0.5,3,18
8,0.618829733571276,SHRINK_CAL,group_0.5,3,18
13,0.547152142953761,SHRINK_CAL,group_0.5,3,18
1,0.524363195944096,SHRINK,group_0.5,4,18
2,0.513481237042799,SHRINK,group_0.5,4,18
9,0.548002549173296,SHRINK,group_0.5,4,18
1,0.484672615122731,SHRINK_CAL,group_0.5,4,18
2,0.461399438867555,SHRINK_CAL,group_0.5,4,18
9,0.532315209094822,SHRINK_CAL,group_0.5,4,18
10,0.499357485154742,SHRINK,group_0.5,5,18
15,0.785704491251682,SHRINK,group_0.5,5,18
16,0.577335877431699,SHRINK,group_0.5,5,18
10,0.621608726512559,SHRINK_CAL,group_0.5,5,18
15,0.80199595009086,SHRINK_CAL,group_0.5,5,18
16,0.631034381522758,SHRINK_CAL,group_0.5,5,18
3,0.523650543136463,SHRINK,group_2,1,18
7,0.55411378726381,SHRINK,group_2,1,18
11,0.572374318448477,SHRINK,group_2,1,18
12,0.964662175666104,SHRINK,group_2,1,18
3,0.499261718960913,SHRINK_CAL,group_2,1,18
7,0.584953920421015,SHRINK_CAL,group_2,1,18
11,0.561913580581183,SHRINK_CAL,group_2,1,18
12,0.976280875319098,SHRINK_CAL,group_2,1,18
6,0.543343876850109,SHRINK,group_2,2,18
14,0.498493828643874,SHRINK,group_2,2,18
17,0.501720899512894,SHRINK,group_2,2,18
19,0.609040151922555,SHRINK,group_2,2,18
6,0.471748979157149,SHRINK_CAL,group_2,2,18
14,0.459355700223396,SHRINK_CAL,group_2,2,18
17,0.542764850611189,SHRINK_CAL,group_2,2,18
19,0.641748552188038,SHRINK_CAL,group_2,2,18
4,0.540681488155002,SHRINK,group_2,3,18
5,0.530355321768887,SHRINK,group_2,3,18
8,0.595852336206766,SHRINK,group_2,3,18
13,0.512142145315163,SHRINK,group_2,3,18
4,0.499148540788082,SHRINK_CAL,group_2,3,18
5,0.46858885924952,SHRINK_CAL,group_2,3,18
8,0.611834135565785,SHRINK_CAL,group_2,3,18
13,0.534854621177999,SHRINK_CAL,group_2,3,18
1,0.518347923610152,SHRINK,group_2,4,18
2,0.503176147642422,SHRINK,group_2,4,18
9,0.536166516377164,SHRINK,group_2,4,18
1,0.485242381686942,SHRINK_CAL,group_2,4,18
2,0.459252566596637,SHRINK_CAL,group_2,4,18
9,0.52316582857865,SHRINK_CAL,group_2,4,18
10,0.517930180828637,SHRINK,group_2,5,18
15,0.756418264314995,SHRINK,group_2,5,18
16,0.572819207681283,SHRINK,group_2,5,18
10,0.610219348318758,SHRINK_CAL,group_2,5,18
15,0.79997059103504,SHRINK_CAL,group_2,5,18
16,0.621884494559112,SHRINK_CAL,group_2,5,18
3,0.51428456410174,SHRINK,group_8,1,18
7,0.589615817989672,SHRINK,group_8,1,18
11,0.560978434594121,SHRINK,group_8,1,18
12,0.89326133264054,SHRINK,group_8,1,18
3,0.500856847388701,SHRINK_CAL,group_8,1,18
7,0.593335682912676,SHRINK_CAL,group_8,1,18
11,0.55755600358583,SHRINK_CAL,group_8,1,18
12,0.945570097499994,SHRINK_CAL,group_8,1,18
6,0.500752899515862,SHRINK,group_8,2,18
14,0.492956897380725,SHRINK,group_8,2,18
17,0.557934432773408,SHRINK,group_8,2,18
19,0.633752509720499,SHRINK,group_8,2,18
6,0.472494810797678,SHRINK_CAL,group_8,2,18
14,0.462300986887716,SHRINK_CAL,group_8,2,18
17,0.547366788855982,SHRINK_CAL,group_8,2,18
19,0.641708963008599,SHRINK_CAL,group_8,2,18
4,0.518494227569081,SHRINK,group_8,3,18
5,0.498612535861382,SHRINK,group_8,3,18
8,0.603548658403373,SHRINK,group_8,3,18
13,0.552549587901555,SHRINK,group_8,3,18
4,0.504839273483036,SHRINK_CAL,group_8,3,18
5,0.478017184800472,SHRINK_CAL,group_8,3,18
8,0.604584540290721,SHRINK_CAL,group_8,3,18
13,0.528138973402367,SHRINK_CAL,group_8,3,18
1,0.515066065648771,SHRINK,group_8,4,18
2,0.494812937653449,SHRINK,group_8,4,18
9,0.539360164382881,SHRINK,group_8,4,18
1,0.490804535640502,SHRINK_CAL,group_8,4,18
2,0.460237544096965,SHRINK_CAL,group_8,4,18
9,0.51795182625289,SHRINK_CAL,group_8,4,18
10,0.578535592525016,SHRINK,group_8,5,18
15,0.756929936185121,SHRINK,group_8,5,18
16,0.596596085282755,SHRINK,group_8,5,18
10,0.623283257849097,SHRINK_CAL,group_8,5,18
15,0.799524410537906,SHRINK_CAL,group_8,5,18
16,0.625692137149204,SHRINK_CAL,group_8,5,18
3,0.536393237217608,SHRINK,group_32,1,18
7,0.654686233273769,SHRINK,group_32,1,18
11,0.58252056155779,SHRINK,group_32,1,18
12,0.899529031173445,SHRINK,group_32,1,18
3,0.520583232831136,SHRINK_CAL,group_32,1,18
7,0.645911099324133,SHRINK_CAL,group_32,1,18
11,0.573134693649422,SHRINK_CAL,group_32,1,18
12,0.920985434805958,SHRINK_CAL,group_32,1,18
6,0.475749337316553,SHRINK,group_32,2,18
14,0.509997381082839,SHRINK,group_32,2,18
17,0.64159507892135,SHRINK,group_32,2,18
19,0.686934457823727,SHRINK,group_32,2,18
6,0.459060439821431,SHRINK_CAL,group_32,2,18
14,0.482824220277602,SHRINK_CAL,group_32,2,18
17,0.614264161316682,SHRINK_CAL,group_32,2,18
19,0.674612672623114,SHRINK_CAL,group_32,2,18
4,0.523587309876397,SHRINK,group_32,3,18
5,0.479770666665883,SHRINK,group_32,3,18
8,0.65239527332578,SHRINK,group_32,3,18
13,0.63147592117249,SHRINK,group_32,3,18
4,0.501351282222229,SHRINK_CAL,group_32,3,18
5,0.467928811580753,SHRINK_CAL,group_32,3,18
8,0.614750037471613,SHRINK_CAL,group_32,3,18
13,0.569627055590163,SHRINK_CAL,group_32,3,18
1,0.535165603617996,SHRINK,group_32,4,18
2,0.502321557955065,SHRINK,group_32,4,18
9,0.571622647129703,SHRINK,group_32,4,18
1,0.50506285675194,SHRINK_CAL,group_32,4,18
2,0.473615292246332,SHRINK_CAL,group_32,4,18
9,0.540242467001194,SHRINK_CAL,group_32,4,18
10,0.677711511059848,SHRINK,group_32,5,18
15,0.796524766297393,SHRINK,group_32,5,18
16,0.658468742199206,SHRINK,group_32,5,18
10,0.710638298828755,SHRINK_CAL,group_32,5,18
15,0.822999854407671,SHRINK_CAL,group_32,5,18
16,0.681936449395268,SHRINK_CAL,group_32,5,18
3,0.596716355153555,SHRINK,row_0.5,1,18
7,0.527511264708363,SHRINK,row_0.5,1,18
11,0.622475425410903,SHRINK,row_0.5,1,18
12,1.00740635194395,SHRINK,row_0.5,1,18
3,0.508020733493716,SHRINK_CAL,row_0.5,1,18
7,0.588899130949147,SHRINK_CAL,row_0.5,1,18
11,0.565446569680194,SHRINK_CAL,row_0.5,1,18
12,0.980800992245901,SHRINK_CAL,row_0.5,1,18
6,0.616798231169467,SHRINK,row_0.5,2,18
14,0.508993107397656,SHRINK,row_0.5,2,18
17,0.459258946981212,SHRINK,row_0.5,2,18
19,0.598063910683599,SHRINK,row_0.5,2,18
6,0.472877591262688,SHRINK_CAL,row_0.5,2,18
14,0.450138795341394,SHRINK_CAL,row_0.5,2,18
17,0.544982254553728,SHRINK_CAL,row_0.5,2,18
19,0.641827267857058,SHRINK_CAL,row_0.5,2,18
4,0.592687279087644,SHRINK,row_0.5,3,18
5,0.587833809162279,SHRINK,row_0.5,3,18
8,0.594075134003412,SHRINK,row_0.5,3,18
13,0.48204763778926,SHRINK,row_0.5,3,18
4,0.506365118113542,SHRINK_CAL,row_0.5,3,18
5,0.476139979288783,SHRINK_CAL,row_0.5,3,18
8,0.604362551052559,SHRINK_CAL,row_0.5,3,18
13,0.536270962960348,SHRINK_CAL,row_0.5,3,18
1,0.525355508424974,SHRINK,row_0.5,4,18
2,0.528835388396911,SHRINK,row_0.5,4,18
9,0.560882896518709,SHRINK,row_0.5,4,18
1,0.476706486058532,SHRINK_CAL,row_0.5,4,18
2,0.461346225802189,SHRINK_CAL,row_0.5,4,18
9,0.536379178495448,SHRINK_CAL,row_0.5,4,18
10,0.509538426763684,SHRINK,row_0.5,5,18
15,0.788603240005131,SHRINK,row_0.5,5,18
16,0.60342869138633,SHRINK,row_0.5,5,18
10,0.619774805550138,SHRINK_CAL,row_0.5,5,18
15,0.802084652150986,SHRINK_CAL,row_0.5,5,18
16,0.639728894478345,SHRINK_CAL,row_0.5,5,18
3,0.57536709697766,SHRINK,row_2,1,18
7,0.531735003524132,SHRINK,row_2,1,18
11,0.588448568745195,SHRINK,row_2,1,18
12,0.89275460918719,SHRINK,row_2,1,18
3,0.507556672779251,SHRINK_CAL,row_2,1,18
7,0.586785379271246,SHRINK_CAL,row_2,1,18
11,0.559791926430011,SHRINK_CAL,row_2,1,18
12,0.961518558143588,SHRINK_CAL,row_2,1,18
6,0.584612137281648,SHRINK,row_2,2,18
14,0.501500913720536,SHRINK,row_2,2,18
17,0.471731937841431,SHRINK,row_2,2,18
19,0.594332507538884,SHRINK,row_2,2,18
6,0.477425732034957,SHRINK_CAL,row_2,2,18
14,0.446932297966811,SHRINK_CAL,row_2,2,18
17,0.531325319451445,SHRINK_CAL,row_2,2,18
19,0.637110295764292,SHRINK_CAL,row_2,2,18
4,0.569310901222947,SHRINK,row_2,3,18
5,0.569364224554829,SHRINK,row_2,3,18
8,0.578382697700162,SHRINK,row_2,3,18
13,0.488826945493993,SHRINK,row_2,3,18
4,0.509009700214819,SHRINK_CAL,row_2,3,18
5,0.48413094489375,SHRINK_CAL,row_2,3,18
8,0.595474699302563,SHRINK_CAL,row_2,3,18
13,0.523255033672049,SHRINK_CAL,row_2,3,18
1,0.519998907258521,SHRINK,row_2,4,18
2,0.518080936386558,SHRINK,row_2,4,18
9,0.547076366836427,SHRINK,row_2,4,18
1,0.476255430243174,SHRINK_CAL,row_2,4,18
2,0.459612272398647,SHRINK_CAL,row_2,4,18
9,0.528321335553399,SHRINK_CAL,row_2,4,18
10,0.520262269708621,SHRINK,row_2,5,18
15,0.758195178697775,SHRINK,row_2,5,18
16,0.593662025515884,SHRINK,row_2,5,18
10,0.606122100456962,SHRINK_CAL,row_2,5,18
15,0.799514536857479,SHRINK_CAL,row_2,5,18
16,0.631006294611262,SHRINK_CAL,row_2,5,18
3,0.543051826590124,SHRINK,row_8,1,18
7,0.563326036037028,SHRINK,row_8,1,18
11,0.564909315423291,SHRINK,row_8,1,18
12,0.836154107416414,SHRINK,row_8,1,18
3,0.512034631700375,SHRINK_CAL,row_8,1,18
7,0.589930809371771,SHRINK_CAL,row_8,1,18
11,0.556342044749904,SHRINK_CAL,row_8,1,18
12,0.933232820585838,SHRINK_CAL,row_8,1,18
6,0.536089491497409,SHRINK,row_8,2,18
14,0.49139335720284,SHRINK,row_8,2,18
17,0.516273871956682,SHRINK,row_8,2,18
19,0.610033457245235,SHRINK,row_8,2,18
6,0.482644919484322,SHRINK_CAL,row_8,2,18
14,0.44914018474025,SHRINK_CAL,row_8,2,18
17,0.527093526908789,SHRINK_CAL,row_8,2,18
19,0.63476064646169,SHRINK_CAL,row_8,2,18
4,0.537571514506348,SHRINK,row_8,3,18
5,0.530692339819578,SHRINK,row_8,3,18
8,0.578148532341946,SHRINK,row_8,3,18
13,0.517906369049505,SHRINK,row_8,3,18
4,0.517661352446155,SHRINK_CAL,row_8,3,18
5,0.49609442525999,SHRINK_CAL,row_8,3,18
8,0.587431501823002,SHRINK_CAL,row_8,3,18
13,0.512242848378643,SHRINK_CAL,row_8,3,18
1,0.511686270223709,SHRINK,row_8,4,18
2,0.503932549515383,SHRINK,row_8,4,18
9,0.53967636858677,SHRINK,row_8,4,18
1,0.481093606233375,SHRINK_CAL,row_8,4,18
2,0.460337898877604,SHRINK_CAL,row_8,4,18
9,0.522310466062269,SHRINK_CAL,row_8,4,18
10,0.563775038145156,SHRINK,row_8,5,18
15,0.750387626341888,SHRINK,row_8,5,18
16,0.601748702066437,SHRINK,row_8,5,18
10,0.608548878474377,SHRINK_CAL,row_8,5,18
15,0.796787514826862,SHRINK_CAL,row_8,5,18
16,0.62871320881488,SHRINK_CAL,row_8,5,18
3,0.539255160795469,SHRINK,row_32,1,18
7,0.631254375846309,SHRINK,row_32,1,18
11,0.575724521287433,SHRINK,row_32,1,18
12,0.862361749948929,SHRINK,row_32,1,18
3,0.518732125416968,SHRINK_CAL,row_32,1,18
7,0.624759557807575,SHRINK_CAL,row_32,1,18
11,0.563304620783232,SHRINK_CAL,row_32,1,18
12,0.907591041076643,SHRINK_CAL,row_32,1,18
6,0.492505569775235,SHRINK,row_32,2,18
14,0.49873560356546,SHRINK,row_32,2,18
17,0.601248137323689,SHRINK,row_32,2,18
19,0.659768870489635,SHRINK,row_32,2,18
6,0.472241750571626,SHRINK_CAL,row_32,2,18
14,0.460303314611817,SHRINK_CAL,row_32,2,18
17,0.564144011040717,SHRINK_CAL,row_32,2,18
19,0.648434423098687,SHRINK_CAL,row_32,2,18
4,0.524614462192813,SHRINK,row_32,3,18
5,0.493855915977032,SHRINK,row_32,3,18
8,0.621026669012372,SHRINK,row_32,3,18
13,0.592149112897028,SHRINK,row_32,3,18
4,0.514201299468394,SHRINK_CAL,row_32,3,18
5,0.489806829664305,SHRINK_CAL,row_32,3,18
8,0.586370678152822,SHRINK_CAL,row_32,3,18
13,0.528450316934628,SHRINK_CAL,row_32,3,18
1,0.521466558841237,SHRINK,row_32,4,18
2,0.50147740156473,SHRINK,row_32,4,18
9,0.55983697145364,SHRINK,row_32,4,18
1,0.488949009136792,SHRINK_CAL,row_32,4,18
2,0.466508493427598,SHRINK_CAL,row_32,4,18
9,0.528279560958623,SHRINK_CAL,row_32,4,18
10,0.653563882570081,SHRINK,row_32,5,18
15,0.783491844493195,SHRINK,row_32,5,18
16,0.648041523921164,SHRINK,row_32,5,18
10,0.673098720463967,SHRINK_CAL,row_32,5,18
15,0.809723751246368,SHRINK_CAL,row_32,5,18
16,0.661556689174489,SHRINK_CAL,row_32,5,18
3,0.599024056528468,SHRINK,original,1,19
7,0.534244056408033,SHRINK,original,1,19
11,0.593076303696132,SHRINK,original,1,19
12,0.801588492504098,SHRINK,original,1,19
3,0.503172192096459,SHRINK_CAL,original,1,19
7,0.598361936979191,SHRINK_CAL,original,1,19
11,0.555048415372344,SHRINK_CAL,original,1,19
12,0.963285862853171,SHRINK_CAL,original,1,19
6,0.618884602663223,SHRINK,original,2,19
14,0.520158732064943,SHRINK,original,2,19
17,0.470006053403578,SHRINK,original,2,19
18,0.504329640975583,SHRINK,original,2,19
6,0.476421854153747,SHRINK_CAL,original,2,19
14,0.439236177739941,SHRINK_CAL,original,2,19
17,0.534340203634708,SHRINK_CAL,original,2,19
18,0.573664013702598,SHRINK_CAL,original,2,19
4,0.589478916283274,SHRINK,original,3,19
5,0.605806681850865,SHRINK,original,3,19
8,0.566214508210678,SHRINK,original,3,19
13,0.479186750846123,SHRINK,original,3,19
4,0.505552266318807,SHRINK_CAL,original,3,19
5,0.482428160416473,SHRINK_CAL,original,3,19
8,0.592781735938191,SHRINK_CAL,original,3,19
13,0.519080225279938,SHRINK_CAL,original,3,19
1,0.535054008946949,SHRINK,original,4,19
2,0.551389043729628,SHRINK,original,4,19
9,0.565971672612432,SHRINK,original,4,19
1,0.470137217904045,SHRINK_CAL,original,4,19
2,0.460178910369272,SHRINK_CAL,original,4,19
9,0.532873180563026,SHRINK_CAL,original,4,19
10,0.493667495301292,SHRINK,original,5,19
15,0.703060566870638,SHRINK,original,5,19
16,0.598711285626971,SHRINK,original,5,19
10,0.594894682286984,SHRINK_CAL,original,5,19
15,0.799269799286067,SHRINK_CAL,original,5,19
16,0.644064786464742,SHRINK_CAL,original,5,19
3,0.533452194925769,SHRINK,group_0.5,1,19
7,0.559566616335534,SHRINK,group_0.5,1,19
11,0.598850572059643,SHRINK,group_0.5,1,19
12,1.10289151224643,SHRINK,group_0.5,1,19
3,0.501170781140259,SHRINK_CAL,group_0.5,1,19
7,0.585316517050413,SHRINK_CAL,group_0.5,1,19
11,0.566424684983606,SHRINK_CAL,group_0.5,1,19
12,0.998705604717635,SHRINK_CAL,group_0.5,1,19
6,0.578475671302159,SHRINK,group_0.5,2,19
14,0.507788338723468,SHRINK,group_0.5,2,19
17,0.484176647012759,SHRINK,group_0.5,2,19
18,0.536193333341511,SHRINK,group_0.5,2,19
6,0.468114252975292,SHRINK_CAL,group_0.5,2,19
14,0.46092346802397,SHRINK_CAL,group_0.5,2,19
17,0.55442555323711,SHRINK_CAL,group_0.5,2,19
18,0.596194752524428,SHRINK_CAL,group_0.5,2,19
4,0.55584587199394,SHRINK,group_0.5,3,19
5,0.541221616234614,SHRINK,group_0.5,3,19
8,0.606355938345758,SHRINK,group_0.5,3,19
13,0.496729512524867,SHRINK,group_0.5,3,19
4,0.496912677958918,SHRINK_CAL,group_0.5,3,19
5,0.464271386992559,SHRINK_CAL,group_0.5,3,19
8,0.612725188423146,SHRINK_CAL,group_0.5,3,19
13,0.538626709913085,SHRINK_CAL,group_0.5,3,19
1,0.515926722699418,SHRINK,group_0.5,4,19
2,0.508627281127582,SHRINK,group_0.5,4,19
9,0.549081695166673,SHRINK,group_0.5,4,19
1,0.483728715271692,SHRINK_CAL,group_0.5,4,19
2,0.465530454716413,SHRINK_CAL,group_0.5,4,19
9,0.535397734900414,SHRINK_CAL,group_0.5,4,19
10,0.500497172859697,SHRINK,group_0.5,5,19
15,0.788708327137092,SHRINK,group_0.5,5,19
16,0.618393504156622,SHRINK,group_0.5,5,19
10,0.616698922360604,SHRINK_CAL,group_0.5,5,19
15,0.797163581222879,SHRINK_CAL,group_0.5,5,19
16,0.646377484657203,SHRINK_CAL,group_0.5,5,19
3,0.520796701879459,SHRINK,group_2,1,19
7,0.563557878641667,SHRINK,group_2,1,19
11,0.568401611261943,SHRINK,group_2,1,19
12,0.969588322346433,SHRINK,group_2,1,19
3,0.500001620907194,SHRINK_CAL,group_2,1,19
7,0.587008863786941,SHRINK_CAL,group_2,1,19
11,0.560040691289869,SHRINK_CAL,group_2,1,19
12,0.978092710167231,SHRINK_CAL,group_2,1,19
6,0.543343876850109,SHRINK,group_2,2,19
14,0.498493828643874,SHRINK,group_2,2,19
17,0.501720899512894,SHRINK,group_2,2,19
18,0.544637497929818,SHRINK,group_2,2,19
6,0.471748979157149,SHRINK_CAL,group_2,2,19
14,0.459355700223396,SHRINK_CAL,group_2,2,19
17,0.542764850611189,SHRINK_CAL,group_2,2,19
18,0.585383739691158,SHRINK_CAL,group_2,2,19
4,0.533845802635182,SHRINK,group_2,3,19
5,0.523543146273158,SHRINK,group_2,3,19
8,0.591401266199048,SHRINK,group_2,3,19
13,0.507351168786576,SHRINK,group_2,3,19
4,0.499182789791101,SHRINK_CAL,group_2,3,19
5,0.471212263392477,SHRINK_CAL,group_2,3,19
8,0.605953817593325,SHRINK_CAL,group_2,3,19
13,0.526655281987873,SHRINK_CAL,group_2,3,19
1,0.511225873601449,SHRINK,group_2,4,19
2,0.49922517123361,SHRINK,group_2,4,19
9,0.538113249159851,SHRINK,group_2,4,19
1,0.483633105594803,SHRINK_CAL,group_2,4,19
2,0.461934595034931,SHRINK_CAL,group_2,4,19
9,0.527141276980335,SHRINK_CAL,group_2,4,19
10,0.518165700279326,SHRINK,group_2,5,19
15,0.759679717550583,SHRINK,group_2,5,19
16,0.60018556712048,SHRINK,group_2,5,19
10,0.604614626198091,SHRINK_CAL,group_2,5,19
15,0.796799528558824,SHRINK_CAL,group_2,5,19
16,0.635606844996875,SHRINK_CAL,group_2,5,19
3,0.512030137538105,SHRINK,group_8,1,19
7,0.59660589035691,SHRINK,group_8,1,19
11,0.558281589009227,SHRINK,group_8,1,19
12,0.895559165789806,SHRINK,group_8,1,19
3,0.501423210860658,SHRINK_CAL,group_8,1,19
7,0.596661859686881,SHRINK_CAL,group_8,1,19
11,0.55505975811196,SHRINK_CAL,group_8,1,19
12,0.945366037525866,SHRINK_CAL,group_8,1,19
6,0.500752899515862,SHRINK,group_8,2,19
14,0.492956897380725,SHRINK,group_8,2,19
17,0.557934432773408,SHRINK,group_8,2,19
18,0.589633090600221,SHRINK,group_8,2,19
6,0.472494810797678,SHRINK_CAL,group_8,2,19
14,0.462300986887716,SHRINK_CAL,group_8,2,19
17,0.547366788855982,SHRINK_CAL,group_8,2,19
18,0.587141873048248,SHRINK_CAL,group_8,2,19
4,0.514391098978149,SHRINK,group_8,3,19
5,0.494865402126384,SHRINK,group_8,3,19
8,0.600759484169681,SHRINK,group_8,3,19
13,0.549945262954772,SHRINK,group_8,3,19
4,0.505261039306812,SHRINK_CAL,group_8,3,19
5,0.480384808487456,SHRINK_CAL,group_8,3,19
8,0.598942782038273,SHRINK_CAL,group_8,3,19
13,0.520970514735982,SHRINK_CAL,group_8,3,19
1,0.510521732447735,SHRINK,group_8,4,19
2,0.4926699718388,SHRINK,group_8,4,19
9,0.541554204741136,SHRINK,group_8,4,19
1,0.489075491665745,SHRINK_CAL,group_8,4,19
2,0.462013315257969,SHRINK_CAL,group_8,4,19
9,0.522598701710297,SHRINK_CAL,group_8,4,19
10,0.578622436909603,SHRINK,group_8,5,19
15,0.759525121500241,SHRINK,group_8,5,19
16,0.611042615303458,SHRINK,group_8,5,19
10,0.61779590619897,SHRINK_CAL,group_8,5,19
15,0.797675026959229,SHRINK_CAL,group_8,5,19
16,0.635009890148299,SHRINK_CAL,group_8,5,19
3,0.535407407654856,SHRINK,group_32,1,19
7,0.658266490054806,SHRINK,group_32,1,19
11,0.581533525701027,SHRINK,group_32,1,19
12,0.90080706768505,SHRINK,group_32,1,19
3,0.518582441306494,SHRINK_CAL,group_32,1,19
7,0.647315479000358,SHRINK_CAL,group_32,1,19
11,0.570731872011814,SHRINK_CAL,group_32,1,19
12,0.919611784203582,SHRINK_CAL,group_32,1,19
6,0.475749337316553,SHRINK,group_32,2,19
14,0.509997381082839,SHRINK,group_32,2,19
17,0.64159507892135,SHRINK,group_32,2,19
18,0.665929183067616,SHRINK,group_32,2,19
6,0.459060439821431,SHRINK_CAL,group_32,2,19
14,0.482824220277602,SHRINK_CAL,group_32,2,19
17,0.614264161316682,SHRINK_CAL,group_32,2,19
18,0.643244992036569,SHRINK_CAL,group_32,2,19
4,0.522086970080145,SHRINK,group_32,3,19
5,0.478574033354049,SHRINK,group_32,3,19
8,0.65154895161343,SHRINK,group_32,3,19
13,0.63071530796637,SHRINK,group_32,3,19
4,0.500514529644456,SHRINK_CAL,group_32,3,19
5,0.468983084413128,SHRINK_CAL,group_32,3,19
8,0.610464790747409,SHRINK_CAL,group_32,3,19
13,0.564771239222758,SHRINK_CAL,group_32,3,19
1,0.533407673927597,SHRINK,group_32,4,19
2,0.501721270739142,SHRINK,group_32,4,19
9,0.572990640824602,SHRINK,group_32,4,19
1,0.503622679753008,SHRINK_CAL,group_32,4,19
2,0.474746192340819,SHRINK_CAL,group_32,4,19
9,0.542968019997271,SHRINK_CAL,group_32,4,19
10,0.678094594901736,SHRINK,group_32,5,19
15,0.798012711780076,SHRINK,group_32,5,19
16,0.664368125472384,SHRINK,group_32,5,19
10,0.707732753052377,SHRINK_CAL,group_32,5,19
15,0.822062398236414,SHRINK_CAL,group_32,5,19
16,0.684411194687273,SHRINK_CAL,group_32,5,19
3,0.602880439142681,SHRINK,row_0.5,1,19
7,0.536972599679021,SHRINK,row_0.5,1,19
11,0.625119432573659,SHRINK,row_0.5,1,19
12,1.0059871668998,SHRINK,row_0.5,1,19
3,0.506580960701881,SHRINK_CAL,row_0.5,1,19
7,0.590396213450642,SHRINK_CAL,row_0.5,1,19
11,0.564590160883335,SHRINK_CAL,row_0.5,1,19
12,0.986820635170647,SHRINK_CAL,row_0.5,1,19
6,0.616798231169467,SHRINK,row_0.5,2,19
14,0.508993107397656,SHRINK,row_0.5,2,19
17,0.459258946981212,SHRINK,row_0.5,2,19
18,0.507581158168811,SHRINK,row_0.5,2,19
6,0.472877591262688,SHRINK_CAL,row_0.5,2,19
14,0.450138795341394,SHRINK_CAL,row_0.5,2,19
17,0.544982254553728,SHRINK_CAL,row_0.5,2,19
18,0.583858501696207,SHRINK_CAL,row_0.5,2,19
4,0.598456062815906,SHRINK,row_0.5,3,19
5,0.596734166678467,SHRINK,row_0.5,3,19
8,0.589328132707898,SHRINK,row_0.5,3,19
13,0.473636377720103,SHRINK,row_0.5,3,19
4,0.507428665955106,SHRINK_CAL,row_0.5,3,19
5,0.47990871655991,SHRINK_CAL,row_0.5,3,19
8,0.599498140365353,SHRINK_CAL,row_0.5,3,19
13,0.528348135897442,SHRINK_CAL,row_0.5,3,19
1,0.527375199796467,SHRINK,row_0.5,4,19
2,0.535231032762817,SHRINK,row_0.5,4,19
9,0.568562033083748,SHRINK,row_0.5,4,19
1,0.475953196305136,SHRINK_CAL,row_0.5,4,19
2,0.463526017971748,SHRINK_CAL,row_0.5,4,19
9,0.539261866418709,SHRINK_CAL,row_0.5,4,19
10,0.493971817910027,SHRINK,row_0.5,5,19
15,0.771729341123841,SHRINK,row_0.5,5,19
16,0.631834049635592,SHRINK,row_0.5,5,19
10,0.61074832216374,SHRINK_CAL,row_0.5,5,19
15,0.794118130057911,SHRINK_CAL,row_0.5,5,19
16,0.652028414945115,SHRINK_CAL,row_0.5,5,19
3,0.579935658767264,SHRINK,row_2,1,19
7,0.538763845756456,SHRINK,row_2,1,19
11,0.589409335053811,SHRINK,row_2,1,19
12,0.884523497356901,SHRINK,row_2,1,19
3,0.508005097589504,SHRINK_CAL,row_2,1,19
7,0.589971138812624,SHRINK_CAL,row_2,1,19
11,0.558851096481569,SHRINK_CAL,row_2,1,19
12,0.964868630728484,SHRINK_CAL,row_2,1,19
6,0.584612137281648,SHRINK,row_2,2,19
14,0.501500913720536,SHRINK,row_2,2,19
17,0.471731937841431,SHRINK,row_2,2,19
18,0.511074601639597,SHRINK,row_2,2,19
6,0.477425732034957,SHRINK_CAL,row_2,2,19
14,0.446932297966811,SHRINK_CAL,row_2,2,19
17,0.531325319451445,SHRINK_CAL,row_2,2,19
18,0.56998314330047,SHRINK_CAL,row_2,2,19
4,0.574610242805938,SHRINK,row_2,3,19
5,0.577330985150111,SHRINK,row_2,3,19
8,0.573593146415773,SHRINK,row_2,3,19
13,0.480546903377923,SHRINK,row_2,3,19
4,0.511253335517681,SHRINK_CAL,row_2,3,19
5,0.487985562834874,SHRINK_CAL,row_2,3,19
8,0.591048347692327,SHRINK_CAL,row_2,3,19
13,0.515078700836539,SHRINK_CAL,row_2,3,19
1,0.521969559026891,SHRINK,row_2,4,19
2,0.523466443790791,SHRINK,row_2,4,19
9,0.554039555504398,SHRINK,row_2,4,19
1,0.475170364044086,SHRINK_CAL,row_2,4,19
2,0.460497364476882,SHRINK_CAL,row_2,4,19
9,0.531825244288854,SHRINK_CAL,row_2,4,19
10,0.504565629095952,SHRINK,row_2,5,19
15,0.744163893343081,SHRINK,row_2,5,19
16,0.61300690307813,SHRINK,row_2,5,19
10,0.59467128304124,SHRINK_CAL,row_2,5,19
15,0.792314594296953,SHRINK_CAL,row_2,5,19
16,0.642397927381897,SHRINK_CAL,row_2,5,19
3,0.544205855321952,SHRINK,row_8,1,19
7,0.56592243353425,SHRINK,row_8,1,19
11,0.564012136741509,SHRINK,row_8,1,19
12,0.826915778672721,SHRINK,row_8,1,19
3,0.513093506817013,SHRINK_CAL,row_8,1,19
7,0.592912799029355,SHRINK_CAL,row_8,1,19
11,0.555133181152479,SHRINK_CAL,row_8,1,19
12,0.934044960453471,SHRINK_CAL,row_8,1,19
6,0.536089491497409,SHRINK,row_8,2,19
14,0.49139335720284,SHRINK,row_8,2,19
17,0.516273871956682,SHRINK,row_8,2,19
18,0.544862233493357,SHRINK,row_8,2,19
6,0.482644919484322,SHRINK_CAL,row_8,2,19
14,0.44914018474025,SHRINK_CAL,row_8,2,19
17,0.527093526908789,SHRINK_CAL,row_8,2,19
18,0.563075995895305,SHRINK_CAL,row_8,2,19
4,0.541277322435862,SHRINK,row_8,3,19
5,0.536819372301025,SHRINK,row_8,3,19
8,0.573184777743936,SHRINK,row_8,3,19
13,0.509948789019703,SHRINK,row_8,3,19
4,0.521449601998431,SHRINK_CAL,row_8,3,19
5,0.500573099103279,SHRINK_CAL,row_8,3,19
8,0.583562644050665,SHRINK_CAL,row_8,3,19
13,0.50407380868353,SHRINK_CAL,row_8,3,19
1,0.512779849325233,SHRINK,row_8,4,19
2,0.507566091837178,SHRINK,row_8,4,19
9,0.544123605785224,SHRINK,row_8,4,19
1,0.48042212417661,SHRINK_CAL,row_8,4,19
2,0.460749437237495,SHRINK_CAL,row_8,4,19
9,0.526304877843097,SHRINK_CAL,row_8,4,19
10,0.549048396905035,SHRINK,row_8,5,19
15,0.739486692107304,SHRINK,row_8,5,19
16,0.610745592605313,SHRINK,row_8,5,19
10,0.594829212423128,SHRINK_CAL,row_8,5,19
15,0.790139005264611,SHRINK_CAL,row_8,5,19
16,0.636645546703594,SHRINK_CAL,row_8,5,19
3,0.537485295166142,SHRINK,row_32,1,19
7,0.630220417545825,SHRINK,row_32,1,19
11,0.573615558654416,SHRINK,row_32,1,19
12,0.85561103365004,SHRINK,row_32,1,19
3,0.515575711725942,SHRINK_CAL,row_32,1,19
7,0.621947191590392,SHRINK_CAL,row_32,1,19
11,0.559445986776211,SHRINK_CAL,row_32,1,19
12,0.903994828680407,SHRINK_CAL,row_32,1,19
6,0.492505569775235,SHRINK,row_32,2,19
14,0.49873560356546,SHRINK,row_32,2,19
17,0.601248137323689,SHRINK,row_32,2,19
18,0.622443380206618,SHRINK,row_32,2,19
6,0.472241750571626,SHRINK_CAL,row_32,2,19
14,0.460303314611817,SHRINK_CAL,row_32,2,19
17,0.564144011040717,SHRINK_CAL,row_32,2,19
18,0.591782892227996,SHRINK_CAL,row_32,2,19
4,0.525727032321974,SHRINK,row_32,3,19
5,0.496947373562272,SHRINK,row_32,3,19
8,0.616514555166219,SHRINK,row_32,3,19
13,0.585664618729478,SHRINK,row_32,3,19
4,0.517996248334403,SHRINK_CAL,row_32,3,19
5,0.494651089795697,SHRINK_CAL,row_32,3,19
8,0.581431813546322,SHRINK_CAL,row_32,3,19
13,0.518925426780177,SHRINK_CAL,row_32,3,19
1,0.521112894557011,SHRINK,row_32,4,19
2,0.502927406116085,SHRINK,row_32,4,19
9,0.560902598958759,SHRINK,row_32,4,19
1,0.48811043430541,SHRINK_CAL,row_32,4,19
2,0.46649430406366,SHRINK_CAL,row_32,4,19
9,0.529963598763088,SHRINK_CAL,row_32,4,19
10,0.6431085327232,SHRINK,row_32,5,19
15,0.776538818562598,SHRINK,row_32,5,19
16,0.649340891407795,SHRINK,row_32,5,19
10,0.659310675989187,SHRINK_CAL,row_32,5,19
15,0.803511549122952,SHRINK_CAL,row_32,5,19
16,0.661035007416148,SHRINK_CAL,row_32,5,19
