Family,Panel,Direction,Source,Category,Unit,Value,Weight
ProteinDDR,Lactylome (Kla),"",PXD033146,normal_tissue,PXD033146/search_results/extracted_pairing/search_result-HA119TPLa/La (K)Sites.txt RCT1 normal_tissue,4.96760259179266,0.333333333333333
ProteinDDR,Lactylome (Kla),"",PXD033146,normal_tissue,PXD033146/search_results/extracted_pairing/search_result-HA119TPLa/La (K)Sites.txt RCT2 normal_tissue,4.95689655172414,0.333333333333333
ProteinDDR,Lactylome (Kla),"",PXD033146,normal_tissue,PXD033146/search_results/extracted_pairing/search_result-HA119TPLa/La (K)Sites.txt RCT3 normal_tissue,4.95689655172414,0.333333333333333
ProteinDDR,Lactylome (Kla),"",PXD036307,normal_tissue,PXD036307/search_results/extracted/txt/La (K)Sites.txt PTB340 normal_tissue,5.6390977443609,0.166666666666667
ProteinDDR,Lactylome (Kla),"",PXD036307,normal_tissue,PXD036307/search_results/extracted/txt/La (K)Sites.txt PTB342 normal_tissue,8.01526717557252,0.166666666666667
ProteinDDR,Lactylome (Kla),"",PXD036307,normal_tissue,PXD036307/search_results/extracted/txt/La (K)Sites.txt PTB344 normal_tissue,6.53266331658292,0.166666666666667
ProteinDDR,Lactylome (Kla),"",PXD036307,normal_tissue,PXD036307/search_results/extracted/txt/La (K)Sites.txt PTB346 normal_tissue,6.26865671641791,0.166666666666667
ProteinDDR,Lactylome (Kla),"",PXD036307,normal_tissue,PXD036307/search_results/extracted/txt/La (K)Sites.txt PTB364 normal_tissue,6.35838150289017,0.166666666666667
ProteinDDR,Lactylome (Kla),"",PXD036307,normal_tissue,PXD036307/search_results/extracted/txt/La (K)Sites.txt PTB372 normal_tissue,4.16666666666667,0.166666666666667
ProteinDDR,Lactylome (Kla),"",PXD046800,normal_tissue,PXD046800/search_results/HFX2_LFQ_QB001_Lacty_PeptideGroups.txt HSP1 normal_tissue,3.86904761904762,0.125
ProteinDDR,Lactylome (Kla),"",PXD046800,normal_tissue,PXD046800/search_results/HFX2_LFQ_QB001_Lacty_PeptideGroups.txt HSP2 normal_tissue,4.36241610738255,0.125
ProteinDDR,Lactylome (Kla),"",PXD046800,normal_tissue,PXD046800/search_results/HFX2_LFQ_QB001_Lacty_PeptideGroups.txt HSP3 normal_tissue,4.44444444444444,0.125
ProteinDDR,Lactylome (Kla),"",PXD046800,normal_tissue,PXD046800/search_results/HFX2_LFQ_QB001_Lacty_PeptideGroups.txt HSP4 normal_tissue,4.2042042042042,0.125
ProteinDDR,Lactylome (Kla),"",PXD046800,normal_tissue,PXD046800/search_results/HFX2_LFQ_QB001_Lacty_PeptideGroups.txt NSP1 normal_tissue,5.78512396694215,0.125
ProteinDDR,Lactylome (Kla),"",PXD046800,normal_tissue,PXD046800/search_results/HFX2_LFQ_QB001_Lacty_PeptideGroups.txt NSP2 normal_tissue,5.48628428927681,0.125
ProteinDDR,Lactylome (Kla),"",PXD046800,normal_tissue,PXD046800/search_results/HFX2_LFQ_QB001_Lacty_PeptideGroups.txt NSP3 normal_tissue,4.59183673469388,0.125
ProteinDDR,Lactylome (Kla),"",PXD046800,normal_tissue,PXD046800/search_results/HFX2_LFQ_QB001_Lacty_PeptideGroups.txt NSP4 normal_tissue,4.92227979274611,0.125
ProteinDDR,Lactylome (Kla),"",PXD050470,normal_tissue,PXD050470/supplementary/prca2331-sup-0005-tables3.xlsx H072 normal_tissue,3.39976553341149,0.333333333333333
ProteinDDR,Lactylome (Kla),"",PXD050470,normal_tissue,PXD050470/supplementary/prca2331-sup-0005-tables3.xlsx H081 normal_tissue,3.39976553341149,0.333333333333333
ProteinDDR,Lactylome (Kla),"",PXD050470,normal_tissue,PXD050470/supplementary/prca2331-sup-0005-tables3.xlsx H187 normal_tissue,3.39976553341149,0.333333333333333
ProteinDDR,Lactylome (Kla),"",PXD063047,normal_tissue,PXD063047/search_results/extracted/combined/txt/La (K)Sites.txt Con_1 normal_tissue,4.39024390243902,0.333333333333333
ProteinDDR,Lactylome (Kla),"",PXD063047,normal_tissue,PXD063047/search_results/extracted/combined/txt/La (K)Sites.txt Con_2 normal_tissue,4.18604651162791,0.333333333333333
ProteinDDR,Lactylome (Kla),"",PXD063047,normal_tissue,PXD063047/search_results/extracted/combined/txt/La (K)Sites.txt Con_3 normal_tissue,3.16742081447964,0.333333333333333
ProteinDDR,Lactylome (Kla),"",PXD064912,normal_tissue,PXD064912/supplementary/europepmc/mmc1.xlsx Rep 1 normal_tissue,2.46305418719212,0.333333333333333
ProteinDDR,Lactylome (Kla),"",PXD064912,normal_tissue,PXD064912/supplementary/europepmc/mmc1.xlsx Rep 2 normal_tissue,3.36538461538462,0.333333333333333
ProteinDDR,Lactylome (Kla),"",PXD064912,normal_tissue,PXD064912/supplementary/europepmc/mmc1.xlsx Rep 3 normal_tissue,3.5,0.333333333333333
ProteinDDR,Lactylome (Kla),"",PXD066054,normal_tissue,PXD066054/search_results/extracted/PLa/XB08700B1DPLa_-PTMSiteReport.tsv NAT1 normal_tissue,6.69536107125777,0.2
ProteinDDR,Lactylome (Kla),"",PXD066054,normal_tissue,PXD066054/search_results/extracted/PLa/XB08700B1DPLa_-PTMSiteReport.tsv NAT2 normal_tissue,6.72396359959555,0.2
ProteinDDR,Lactylome (Kla),"",PXD066054,normal_tissue,PXD066054/search_results/extracted/PLa/XB08700B1DPLa_-PTMSiteReport.tsv NAT3 normal_tissue,6.51844365841334,0.2
ProteinDDR,Lactylome (Kla),"",PXD066054,normal_tissue,PXD066054/search_results/extracted/PLa/XB08700B1DPLa_-PTMSiteReport.tsv NAT4 normal_tissue,6.42156862745098,0.2
ProteinDDR,Lactylome (Kla),"",PXD066054,normal_tissue,PXD066054/search_results/extracted/PLa/XB08700B1DPLa_-PTMSiteReport.tsv NAT5 normal_tissue,6.45638245441104,0.2
ProteinDDR,Lactylome (Kla),"",PXD064038,cancer_tissue,data/PXD064038/search_results/extracted_pairing/txt/txt/La (K)Sites.txt MEC_1 cancer_tissue,7.92682926829268,0.166666666666667
ProteinDDR,Lactylome (Kla),"",PXD064038,cancer_tissue,data/PXD064038/search_results/extracted_pairing/txt/txt/La (K)Sites.txt MEC_2 cancer_tissue,7.68261964735516,0.166666666666667
ProteinDDR,Lactylome (Kla),"",PXD064038,cancer_tissue,data/PXD064038/search_results/extracted_pairing/txt/txt/La (K)Sites.txt MEC_3 cancer_tissue,9.4272076372315,0.166666666666667
ProteinDDR,Lactylome (Kla),"",PXD064038,cancer_tissue,data/PXD064038/search_results/extracted_pairing/txt/txt/La (K)Sites.txt NEC_1 cancer_tissue,5.60344827586207,0.166666666666667
ProteinDDR,Lactylome (Kla),"",PXD064038,cancer_tissue,data/PXD064038/search_results/extracted_pairing/txt/txt/La (K)Sites.txt NEC_2 cancer_tissue,5.59006211180124,0.166666666666667
ProteinDDR,Lactylome (Kla),"",PXD064038,cancer_tissue,data/PXD064038/search_results/extracted_pairing/txt/txt/La (K)Sites.txt NEC_3 cancer_tissue,5.75916230366492,0.166666666666667
ProteinDDR,Lactylome (Kla),"",PXD066054,cancer_tissue,PXD066054/search_results/extracted/PLa/XB08700B1DPLa_-PTMSiteReport.tsv PCa1 cancer_tissue,6.75542406311637,0.2
ProteinDDR,Lactylome (Kla),"",PXD066054,cancer_tissue,PXD066054/search_results/extracted/PLa/XB08700B1DPLa_-PTMSiteReport.tsv PCa2 cancer_tissue,6.76611614278103,0.2
ProteinDDR,Lactylome (Kla),"",PXD066054,cancer_tissue,PXD066054/search_results/extracted/PLa/XB08700B1DPLa_-PTMSiteReport.tsv PCa3 cancer_tissue,6.87134502923977,0.2
ProteinDDR,Lactylome (Kla),"",PXD066054,cancer_tissue,PXD066054/search_results/extracted/PLa/XB08700B1DPLa_-PTMSiteReport.tsv PCa4 cancer_tissue,6.73218673218673,0.2
ProteinDDR,Lactylome (Kla),"",PXD066054,cancer_tissue,PXD066054/search_results/extracted/PLa/XB08700B1DPLa_-PTMSiteReport.tsv PCa5 cancer_tissue,6.80304471931494,0.2
ProteinDDR,Lactylome (Kla),"",PXD060185,cancer_cells,PXD060185/search_results/RESULT/combined/txt/La (K)Sites.txt A cancer_cells,10.6882591093117,0.333333333333333
ProteinDDR,Lactylome (Kla),"",PXD028488,cancer_cells,PXD028488/search_results/Enrichment-Search files/TALL-NALAC-Search files/proteins.csv Sample 1 cancer_cells,1.74488567990373,0.333333333333333
ProteinDDR,Lactylome (Kla),"",PXD028488,cancer_cells,PXD028488/search_results/Enrichment-Search files/TALL-NALAC-Search files/proteins.csv Sample 2 cancer_cells,1.77935943060498,0.333333333333333
ProteinDDR,Lactylome (Kla),"",PXD028488,cancer_cells,PXD028488/search_results/Enrichment-Search files/TALL-NALAC-Search files/proteins.csv Sample 3 cancer_cells,1.84743742550656,0.333333333333333
ProteinDDR,Lactylome (Kla),"",PXD050147,cancer_cells,PXD050147/search_results/Lactyl_K_Sites.txt SIRT1KO_rep1 cancer_cells,11.6164383561644,0.111111111111111
ProteinDDR,Lactylome (Kla),"",PXD050147,cancer_cells,PXD050147/search_results/Lactyl_K_Sites.txt SIRT1KO_rep2 cancer_cells,11.5649867374005,0.111111111111111
ProteinDDR,Lactylome (Kla),"",PXD050147,cancer_cells,PXD050147/search_results/Lactyl_K_Sites.txt SIRT1KO_rep3 cancer_cells,11.5339578454333,0.111111111111111
ProteinDDR,Lactylome (Kla),"",PXD050147,cancer_cells,PXD050147/search_results/Lactyl_K_Sites.txt SIRT3KO_rep1 cancer_cells,11.6876024030584,0.111111111111111
ProteinDDR,Lactylome (Kla),"",PXD050147,cancer_cells,PXD050147/search_results/Lactyl_K_Sites.txt SIRT3KO_rep2 cancer_cells,11.7794486215539,0.111111111111111
ProteinDDR,Lactylome (Kla),"",PXD050147,cancer_cells,PXD050147/search_results/Lactyl_K_Sites.txt SIRT3KO_rep3 cancer_cells,11.7492096944152,0.111111111111111
ProteinDDR,Lactylome (Kla),"",PXD050147,cancer_cells,PXD050147/search_results/Lactyl_K_Sites.txt WT_rep1 cancer_cells,11.7839607201309,0.111111111111111
ProteinDDR,Lactylome (Kla),"",PXD050147,cancer_cells,PXD050147/search_results/Lactyl_K_Sites.txt WT_rep2 cancer_cells,11.7548278757347,0.111111111111111
ProteinDDR,Lactylome (Kla),"",PXD050147,cancer_cells,PXD050147/search_results/Lactyl_K_Sites.txt WT_rep3 cancer_cells,11.7998506348021,0.111111111111111
ProteinDDR,Lactylome (Kla),"",PXD054919,cancer_cells,PXD054919/supplementary/41419_2025_8113_MOESM2_ESM.xlsx A549-1 cancer_cells,9.56521739130435,0.333333333333333
ProteinDDR,Lactylome (Kla),"",PXD054919,cancer_cells,PXD054919/supplementary/41419_2025_8113_MOESM2_ESM.xlsx A549-2 cancer_cells,9.56738768718802,0.333333333333333
ProteinDDR,Lactylome (Kla),"",PXD054919,cancer_cells,PXD054919/supplementary/41419_2025_8113_MOESM2_ESM.xlsx A549-3 cancer_cells,9.53565505804312,0.333333333333333
ProteinDDR,Lactylome (Kla),"",PXD060185,cancer_cells,PXD060185/search_results/RESULT/combined/txt/La (K)Sites.txt B cancer_cells,12.1588089330025,0.333333333333333
ProteinDDR,Lactylome (Kla),"",PXD060185,cancer_cells,PXD060185/search_results/RESULT/combined/txt/La (K)Sites.txt D cancer_cells,12.2213681783244,0.333333333333333
ProteinDDR,Lactylome (Kla),"",PXD063266,cancer_cells,PXD063266/search_results/LactylSites.xlsx 1 cancer_cells,11.7816091954023,0.333333333333333
ProteinDDR,Lactylome (Kla),"",PXD063266,cancer_cells,PXD063266/search_results/LactylSites.xlsx 2 cancer_cells,16.551724137931,0.333333333333333
ProteinDDR,Lactylome (Kla),"",PXD063266,cancer_cells,PXD063266/search_results/LactylSites.xlsx 3 cancer_cells,12.962962962963,0.333333333333333
ProteinDDR,Lactylome (Kla),"",PXD028737,normal_cells,PXD028737/search_results/extracted_pairing/combined/combined/txt/La(K)Sites.txt H0 normal_cells,11.2764291307753,0.5
ProteinDDR,Lactylome (Kla),"",PXD028737,normal_cells,PXD028737/search_results/extracted_pairing/combined/combined/txt/La(K)Sites.txt H24 normal_cells,11.4075436982521,0.5
ProteinDDR,Lactylome (Kla),"",PXD078736,normal_cells,PXD078736/search_results/txt/La(K)Sites.txt ctr_1 normal_cells,10.9147609147609,0.166666666666667
ProteinDDR,Lactylome (Kla),"",PXD078736,normal_cells,PXD078736/search_results/txt/La(K)Sites.txt ctr_2 normal_cells,10.8193277310924,0.166666666666667
ProteinDDR,Lactylome (Kla),"",PXD078736,normal_cells,PXD078736/search_results/txt/La(K)Sites.txt ctr_3 normal_cells,10.9947643979058,0.166666666666667
ProteinDDR,Lactylome (Kla),"",PXD078736,normal_cells,PXD078736/search_results/txt/La(K)Sites.txt man_1 normal_cells,10.5065666041276,0.166666666666667
ProteinDDR,Lactylome (Kla),"",PXD078736,normal_cells,PXD078736/search_results/txt/La(K)Sites.txt man_2 normal_cells,10.0746268656716,0.166666666666667
ProteinDDR,Lactylome (Kla),"",PXD078736,normal_cells,PXD078736/search_results/txt/La(K)Sites.txt man_3 normal_cells,10.2661596958175,0.166666666666667
ProteinDDR,Lactylome (Kla),"",PXD060185,normal_cells,PXD060185/search_results/RESULT/combined/txt/La (K)Sites.txt C normal_cells,12.1436114044351,1
ProteinDDR,Whole proteome,"",PXD033146,normal_tissue,PXD033146/search_results/extracted_pairing/search_result-HA119TQ/proteinGroups.txt RCT1 normal_tissue,3.91717963066592,0.333333333333333
ProteinDDR,Whole proteome,"",PXD033146,normal_tissue,PXD033146/search_results/extracted_pairing/search_result-HA119TQ/proteinGroups.txt RCT2 normal_tissue,3.91717963066592,0.333333333333333
ProteinDDR,Whole proteome,"",PXD033146,normal_tissue,PXD033146/search_results/extracted_pairing/search_result-HA119TQ/proteinGroups.txt RCT3 normal_tissue,3.91717963066592,0.333333333333333
ProteinDDR,Whole proteome,"",PXD046800,normal_tissue,PXD046800/search_results/HFX2_LFQ_QB002_Proteins.txt HSP1 normal_tissue,3.94944707740916,0.125
ProteinDDR,Whole proteome,"",PXD046800,normal_tissue,PXD046800/search_results/HFX2_LFQ_QB002_Proteins.txt HSP2 normal_tissue,4.16666666666667,0.125
ProteinDDR,Whole proteome,"",PXD046800,normal_tissue,PXD046800/search_results/HFX2_LFQ_QB002_Proteins.txt HSP3 normal_tissue,3.95510422234099,0.125
ProteinDDR,Whole proteome,"",PXD046800,normal_tissue,PXD046800/search_results/HFX2_LFQ_QB002_Proteins.txt HSP4 normal_tissue,3.96628656420426,0.125
ProteinDDR,Whole proteome,"",PXD046800,normal_tissue,PXD046800/search_results/HFX2_LFQ_QB002_Proteins.txt NSP1 normal_tissue,4.12890231621349,0.125
ProteinDDR,Whole proteome,"",PXD046800,normal_tissue,PXD046800/search_results/HFX2_LFQ_QB002_Proteins.txt NSP2 normal_tissue,4.13687436159346,0.125
ProteinDDR,Whole proteome,"",PXD046800,normal_tissue,PXD046800/search_results/HFX2_LFQ_QB002_Proteins.txt NSP3 normal_tissue,4.22822210901681,0.125
ProteinDDR,Whole proteome,"",PXD046800,normal_tissue,PXD046800/search_results/HFX2_LFQ_QB002_Proteins.txt NSP4 normal_tissue,4.10526315789474,0.125
ProteinDDR,Whole proteome,"",PXD050470,normal_tissue,PXD050470/supplementary/prca2331-sup-0006-tables4.xlsx H072 normal_tissue,3.60078921407432,0.333333333333333
ProteinDDR,Whole proteome,"",PXD050470,normal_tissue,PXD050470/supplementary/prca2331-sup-0006-tables4.xlsx H081 normal_tissue,3.60078921407432,0.333333333333333
ProteinDDR,Whole proteome,"",PXD050470,normal_tissue,PXD050470/supplementary/prca2331-sup-0006-tables4.xlsx H187 normal_tissue,3.60078921407432,0.333333333333333
ProteinDDR,Whole proteome,"",PXD066517,normal_tissue,PXD066517/search_results/20240275.tsv L1 normal_tissue,3.89285714285714,0.0303030303030303
ProteinDDR,Whole proteome,"",PXD066517,normal_tissue,PXD066517/search_results/20240275.tsv L10 normal_tissue,4.04126213592233,0.0303030303030303
ProteinDDR,Whole proteome,"",PXD066517,normal_tissue,PXD066517/search_results/20240275.tsv L11 normal_tissue,4.02755078216204,0.0303030303030303
ProteinDDR,Whole proteome,"",PXD066517,normal_tissue,PXD066517/search_results/20240275.tsv L12 normal_tissue,4.07710280373832,0.0303030303030303
ProteinDDR,Whole proteome,"",PXD066517,normal_tissue,PXD066517/search_results/20240275.tsv L13 normal_tissue,4.11232522617789,0.0303030303030303
ProteinDDR,Whole proteome,"",PXD066517,normal_tissue,PXD066517/search_results/20240275.tsv L14 normal_tissue,3.93197443010493,0.0303030303030303
ProteinDDR,Whole proteome,"",PXD066517,normal_tissue,PXD066517/search_results/20240275.tsv L15 normal_tissue,3.97611940298508,0.0303030303030303
ProteinDDR,Whole proteome,"",PXD066517,normal_tissue,PXD066517/search_results/20240275.tsv L16 normal_tissue,3.99387370405278,0.0303030303030303
ProteinDDR,Whole proteome,"",PXD066517,normal_tissue,PXD066517/search_results/20240275.tsv L17 normal_tissue,4.16767627816816,0.0303030303030303
ProteinDDR,Whole proteome,"",PXD066517,normal_tissue,PXD066517/search_results/20240275.tsv L2 normal_tissue,4.0939836240655,0.0303030303030303
ProteinDDR,Whole proteome,"",PXD066517,normal_tissue,PXD066517/search_results/20240275.tsv L3 normal_tissue,4.13175714449673,0.0303030303030303
ProteinDDR,Whole proteome,"",PXD066517,normal_tissue,PXD066517/search_results/20240275.tsv L4 normal_tissue,4.16085541608554,0.0303030303030303
ProteinDDR,Whole proteome,"",PXD066517,normal_tissue,PXD066517/search_results/20240275.tsv L5 normal_tissue,3.83787661406026,0.0303030303030303
ProteinDDR,Whole proteome,"",PXD066517,normal_tissue,PXD066517/search_results/20240275.tsv L6 normal_tissue,4.03784033225658,0.0303030303030303
ProteinDDR,Whole proteome,"",PXD066517,normal_tissue,PXD066517/search_results/20240275.tsv L7 normal_tissue,3.94256796516418,0.0303030303030303
ProteinDDR,Whole proteome,"",PXD066517,normal_tissue,PXD066517/search_results/20240275.tsv L8 normal_tissue,3.93890675241158,0.0303030303030303
ProteinDDR,Whole proteome,"",PXD066517,normal_tissue,PXD066517/search_results/20240275.tsv L9 normal_tissue,4.150105213935,0.0303030303030303
ProteinDDR,Whole proteome,"",PXD066517,normal_tissue,PXD066517/search_results/20240275.tsv N1 normal_tissue,4.13516609392898,0.0303030303030303
ProteinDDR,Whole proteome,"",PXD066517,normal_tissue,PXD066517/search_results/20240275.tsv N10 normal_tissue,4.00557297109021,0.0303030303030303
ProteinDDR,Whole proteome,"",PXD066517,normal_tissue,PXD066517/search_results/20240275.tsv N11 normal_tissue,3.96387944177319,0.0303030303030303
ProteinDDR,Whole proteome,"",PXD066517,normal_tissue,PXD066517/search_results/20240275.tsv N12 normal_tissue,4.00841416384247,0.0303030303030303
ProteinDDR,Whole proteome,"",PXD066517,normal_tissue,PXD066517/search_results/20240275.tsv N13 normal_tissue,4.02580336877315,0.0303030303030303
ProteinDDR,Whole proteome,"",PXD066517,normal_tissue,PXD066517/search_results/20240275.tsv N14 normal_tissue,3.89384633213582,0.0303030303030303
ProteinDDR,Whole proteome,"",PXD066517,normal_tissue,PXD066517/search_results/20240275.tsv N15 normal_tissue,3.90661661191929,0.0303030303030303
ProteinDDR,Whole proteome,"",PXD066517,normal_tissue,PXD066517/search_results/20240275.tsv N16 normal_tissue,3.95076201641266,0.0303030303030303
ProteinDDR,Whole proteome,"",PXD066517,normal_tissue,PXD066517/search_results/20240275.tsv N2 normal_tissue,4.02225570882114,0.0303030303030303
ProteinDDR,Whole proteome,"",PXD066517,normal_tissue,PXD066517/search_results/20240275.tsv N3 normal_tissue,4.03274346936319,0.0303030303030303
ProteinDDR,Whole proteome,"",PXD066517,normal_tissue,PXD066517/search_results/20240275.tsv N4 normal_tissue,3.83613544873313,0.0303030303030303
ProteinDDR,Whole proteome,"",PXD066517,normal_tissue,PXD066517/search_results/20240275.tsv N5 normal_tissue,3.93212404915155,0.0303030303030303
ProteinDDR,Whole proteome,"",PXD066517,normal_tissue,PXD066517/search_results/20240275.tsv N6 normal_tissue,4.03421569760721,0.0303030303030303
ProteinDDR,Whole proteome,"",PXD066517,normal_tissue,PXD066517/search_results/20240275.tsv N7 normal_tissue,4.10177148971585,0.0303030303030303
ProteinDDR,Whole proteome,"",PXD066517,normal_tissue,PXD066517/search_results/20240275.tsv N8 normal_tissue,4.04843879852784,0.0303030303030303
ProteinDDR,Whole proteome,"",PXD066517,normal_tissue,PXD066517/search_results/20240275.tsv N9 normal_tissue,3.9906103286385,0.0303030303030303
ProteinDDR,Whole proteome,"",PXD066054,normal_tissue,PXD066054/search_results/extracted/DA/Protein_Quant.tsv NAT1 normal_tissue,5.00252652854977,0.2
ProteinDDR,Whole proteome,"",PXD066054,normal_tissue,PXD066054/search_results/extracted/DA/Protein_Quant.tsv NAT2 normal_tissue,5.03523382447149,0.2
ProteinDDR,Whole proteome,"",PXD066054,normal_tissue,PXD066054/search_results/extracted/DA/Protein_Quant.tsv NAT3 normal_tissue,5.03216042376088,0.2
ProteinDDR,Whole proteome,"",PXD066054,normal_tissue,PXD066054/search_results/extracted/DA/Protein_Quant.tsv NAT4 normal_tissue,5.0144891016757,0.2
ProteinDDR,Whole proteome,"",PXD066054,normal_tissue,PXD066054/search_results/extracted/DA/Protein_Quant.tsv NAT5 normal_tissue,5.0205973223481,0.2
ProteinDDR,Whole proteome,"",PXD065775,normal_tissue,PXD065775/search_results/20170330_01-24_patients_iTRAQ.xlsx Non-rec1 normal_tissue,4.56363208656787,0.125
ProteinDDR,Whole proteome,"",PXD065775,normal_tissue,PXD065775/search_results/20170330_01-24_patients_iTRAQ.xlsx Non-rec2 normal_tissue,4.56363208656787,0.125
ProteinDDR,Whole proteome,"",PXD065775,normal_tissue,PXD065775/search_results/20170330_01-24_patients_iTRAQ.xlsx Non-rec3 normal_tissue,4.56363208656787,0.125
ProteinDDR,Whole proteome,"",PXD065775,normal_tissue,PXD065775/search_results/20170330_01-24_patients_iTRAQ.xlsx Non-rec4 normal_tissue,4.56363208656787,0.125
ProteinDDR,Whole proteome,"",PXD065775,normal_tissue,PXD065775/search_results/20170330_01-24_patients_iTRAQ.xlsx Rec1 normal_tissue,4.56363208656787,0.125
ProteinDDR,Whole proteome,"",PXD065775,normal_tissue,PXD065775/search_results/20170330_01-24_patients_iTRAQ.xlsx Rec2 normal_tissue,4.56363208656787,0.125
ProteinDDR,Whole proteome,"",PXD065775,normal_tissue,PXD065775/search_results/20170330_01-24_patients_iTRAQ.xlsx Rec3 normal_tissue,4.56363208656787,0.125
ProteinDDR,Whole proteome,"",PXD065775,normal_tissue,PXD065775/search_results/20170330_01-24_patients_iTRAQ.xlsx Rec4 normal_tissue,4.56363208656787,0.125
ProteinDDR,Whole proteome,"",PXD065830,cancer_tissue,data/PXD065830/supplementary/Dataset1.xlsx ESCC-001T cancer_tissue,5.54882970137208,0.0106382978723404
ProteinDDR,Whole proteome,"",PXD065830,cancer_tissue,data/PXD065830/supplementary/Dataset1.xlsx ESCC-002T cancer_tissue,5.54994954591322,0.0106382978723404
ProteinDDR,Whole proteome,"",PXD065830,cancer_tissue,data/PXD065830/supplementary/Dataset1.xlsx ESCC-003T cancer_tissue,5.52976791120081,0.0106382978723404
ProteinDDR,Whole proteome,"",PXD065830,cancer_tissue,data/PXD065830/supplementary/Dataset1.xlsx ESCC-004T cancer_tissue,5.52753681662296,0.0106382978723404
ProteinDDR,Whole proteome,"",PXD065830,cancer_tissue,data/PXD065830/supplementary/Dataset1.xlsx ESCC-005T cancer_tissue,5.53200080759136,0.0106382978723404
ProteinDDR,Whole proteome,"",PXD065830,cancer_tissue,data/PXD065830/supplementary/Dataset1.xlsx ESCC-006T cancer_tissue,5.30805687203791,0.0106382978723404
ProteinDDR,Whole proteome,"",PXD065830,cancer_tissue,data/PXD065830/supplementary/Dataset1.xlsx ESCC-007T cancer_tissue,5.64044943820225,0.0106382978723404
ProteinDDR,Whole proteome,"",PXD065830,cancer_tissue,data/PXD065830/supplementary/Dataset1.xlsx ESCC-008T cancer_tissue,5.30805687203791,0.0106382978723404
ProteinDDR,Whole proteome,"",PXD065830,cancer_tissue,data/PXD065830/supplementary/Dataset1.xlsx ESCC-009T cancer_tissue,5.31410134750427,0.0106382978723404
ProteinDDR,Whole proteome,"",PXD065830,cancer_tissue,data/PXD065830/supplementary/Dataset1.xlsx ESCC-010T cancer_tissue,5.31007016878437,0.0106382978723404
ProteinDDR,Whole proteome,"",PXD065830,cancer_tissue,data/PXD065830/supplementary/Dataset1.xlsx ESCC-011T cancer_tissue,5.31007016878437,0.0106382978723404
ProteinDDR,Whole proteome,"",PXD065830,cancer_tissue,data/PXD065830/supplementary/Dataset1.xlsx ESCC-012T cancer_tissue,5.63538392456219,0.0106382978723404
ProteinDDR,Whole proteome,"",PXD065830,cancer_tissue,data/PXD065830/supplementary/Dataset1.xlsx ESCC-013T cancer_tissue,5.31617235590375,0.0106382978723404
ProteinDDR,Whole proteome,"",PXD065830,cancer_tissue,data/PXD065830/supplementary/Dataset1.xlsx ESCC-014T cancer_tissue,5.6341189674523,0.0106382978723404
ProteinDDR,Whole proteome,"",PXD065830,cancer_tissue,data/PXD065830/supplementary/Dataset1.xlsx ESCC-015T cancer_tissue,5.33383066020142,0.0106382978723404
ProteinDDR,Whole proteome,"",PXD065830,cancer_tissue,data/PXD065830/supplementary/Dataset1.xlsx ESCC-016T cancer_tissue,5.36312849162011,0.0106382978723404
ProteinDDR,Whole proteome,"",PXD065830,cancer_tissue,data/PXD065830/supplementary/Dataset1.xlsx ESCC-017T cancer_tissue,5.63918220624579,0.0106382978723404
ProteinDDR,Whole proteome,"",PXD065830,cancer_tissue,data/PXD065830/supplementary/Dataset1.xlsx ESCC-018T cancer_tissue,5.63538392456219,0.0106382978723404
ProteinDDR,Whole proteome,"",PXD065830,cancer_tissue,data/PXD065830/supplementary/Dataset1.xlsx ESCC-019T cancer_tissue,5.33980582524272,0.0106382978723404
ProteinDDR,Whole proteome,"",PXD065830,cancer_tissue,data/PXD065830/supplementary/Dataset1.xlsx ESCC-020T cancer_tissue,5.30923994038748,0.0106382978723404
ProteinDDR,Whole proteome,"",PXD065830,cancer_tissue,data/PXD065830/supplementary/Dataset1.xlsx ESCC-021T cancer_tissue,5.6341189674523,0.0106382978723404
ProteinDDR,Whole proteome,"",PXD065830,cancer_tissue,data/PXD065830/supplementary/Dataset1.xlsx ESCC-022T cancer_tissue,5.56428090643931,0.0106382978723404
ProteinDDR,Whole proteome,"",PXD065830,cancer_tissue,data/PXD065830/supplementary/Dataset1.xlsx ESCC-023T cancer_tissue,5.77825159914712,0.0106382978723404
ProteinDDR,Whole proteome,"",PXD065830,cancer_tissue,data/PXD065830/supplementary/Dataset1.xlsx ESCC-024T cancer_tissue,5.61708860759494,0.0106382978723404
ProteinDDR,Whole proteome,"",PXD065830,cancer_tissue,data/PXD065830/supplementary/Dataset1.xlsx ESCC-025T cancer_tissue,5.63664944980912,0.0106382978723404
ProteinDDR,Whole proteome,"",PXD065830,cancer_tissue,data/PXD065830/supplementary/Dataset1.xlsx ESCC-026T cancer_tissue,5.56428090643931,0.0106382978723404
ProteinDDR,Whole proteome,"",PXD065830,cancer_tissue,data/PXD065830/supplementary/Dataset1.xlsx ESCC-027T cancer_tissue,5.63791554357592,0.0106382978723404
ProteinDDR,Whole proteome,"",PXD065830,cancer_tissue,data/PXD065830/supplementary/Dataset1.xlsx ESCC-028T cancer_tissue,5.61708860759494,0.0106382978723404
ProteinDDR,Whole proteome,"",PXD065830,cancer_tissue,data/PXD065830/supplementary/Dataset1.xlsx ESCC-029T cancer_tissue,5.71916346564234,0.0106382978723404
ProteinDDR,Whole proteome,"",PXD065830,cancer_tissue,data/PXD065830/supplementary/Dataset1.xlsx ESCC-030T cancer_tissue,5.63918220624579,0.0106382978723404
ProteinDDR,Whole proteome,"",PXD065830,cancer_tissue,data/PXD065830/supplementary/Dataset1.xlsx ESCC-031T cancer_tissue,5.77086882453152,0.0106382978723404
ProteinDDR,Whole proteome,"",PXD065830,cancer_tissue,data/PXD065830/supplementary/Dataset1.xlsx ESCC-032T cancer_tissue,5.74957410562181,0.0106382978723404
ProteinDDR,Whole proteome,"",PXD065830,cancer_tissue,data/PXD065830/supplementary/Dataset1.xlsx ESCC-033T cancer_tissue,5.75079872204473,0.0106382978723404
ProteinDDR,Whole proteome,"",PXD065830,cancer_tissue,data/PXD065830/supplementary/Dataset1.xlsx ESCC-034T cancer_tissue,5.57753164556962,0.0106382978723404
ProteinDDR,Whole proteome,"",PXD065830,cancer_tissue,data/PXD065830/supplementary/Dataset1.xlsx ESCC-035T cancer_tissue,5.71063285744726,0.0106382978723404
ProteinDDR,Whole proteome,"",PXD065830,cancer_tissue,data/PXD065830/supplementary/Dataset1.xlsx ESCC-036T cancer_tissue,5.75324952056254,0.0106382978723404
ProteinDDR,Whole proteome,"",PXD065830,cancer_tissue,data/PXD065830/supplementary/Dataset1.xlsx ESCC-037T cancer_tissue,5.77578857630009,0.0106382978723404
ProteinDDR,Whole proteome,"",PXD065830,cancer_tissue,data/PXD065830/supplementary/Dataset1.xlsx ESCC-038T cancer_tissue,5.60932253604582,0.0106382978723404
ProteinDDR,Whole proteome,"",PXD065830,cancer_tissue,data/PXD065830/supplementary/Dataset1.xlsx ESCC-039T cancer_tissue,5.60821484992101,0.0106382978723404
ProteinDDR,Whole proteome,"",PXD065830,cancer_tissue,data/PXD065830/supplementary/Dataset1.xlsx ESCC-040T cancer_tissue,5.60932253604582,0.0106382978723404
ProteinDDR,Whole proteome,"",PXD065830,cancer_tissue,data/PXD065830/supplementary/Dataset1.xlsx ESCC-041T cancer_tissue,5.59841740850643,0.0106382978723404
ProteinDDR,Whole proteome,"",PXD065830,cancer_tissue,data/PXD065830/supplementary/Dataset1.xlsx ESCC-042T cancer_tissue,5.60821484992101,0.0106382978723404
ProteinDDR,Whole proteome,"",PXD065830,cancer_tissue,data/PXD065830/supplementary/Dataset1.xlsx ESCC-043T cancer_tissue,5.57053009883199,0.0106382978723404
ProteinDDR,Whole proteome,"",PXD065830,cancer_tissue,data/PXD065830/supplementary/Dataset1.xlsx ESCC-044T cancer_tissue,5.56802873821284,0.0106382978723404
ProteinDDR,Whole proteome,"",PXD065830,cancer_tissue,data/PXD065830/supplementary/Dataset1.xlsx ESCC-045T cancer_tissue,5.56428090643931,0.0106382978723404
ProteinDDR,Whole proteome,"",PXD065830,cancer_tissue,data/PXD065830/supplementary/Dataset1.xlsx ESCC-046T cancer_tissue,5.56552962298025,0.0106382978723404
ProteinDDR,Whole proteome,"",PXD065830,cancer_tissue,data/PXD065830/supplementary/Dataset1.xlsx ESCC-047T cancer_tissue,5.52064631956912,0.0106382978723404
ProteinDDR,Whole proteome,"",PXD065830,cancer_tissue,data/PXD065830/supplementary/Dataset1.xlsx ESCC-048T cancer_tissue,5.59573658165208,0.0106382978723404
ProteinDDR,Whole proteome,"",PXD065830,cancer_tissue,data/PXD065830/supplementary/Dataset1.xlsx ESCC-049T cancer_tissue,5.56552962298025,0.0106382978723404
ProteinDDR,Whole proteome,"",PXD065830,cancer_tissue,data/PXD065830/supplementary/Dataset1.xlsx ESCC-050T cancer_tissue,5.56428090643931,0.0106382978723404
ProteinDDR,Whole proteome,"",PXD065830,cancer_tissue,data/PXD065830/supplementary/Dataset1.xlsx ESCC-051T cancer_tissue,5.56428090643931,0.0106382978723404
ProteinDDR,Whole proteome,"",PXD065830,cancer_tissue,data/PXD065830/supplementary/Dataset1.xlsx ESCC-052T cancer_tissue,5.56303275011216,0.0106382978723404
ProteinDDR,Whole proteome,"",PXD065830,cancer_tissue,data/PXD065830/supplementary/Dataset1.xlsx ESCC-053T cancer_tissue,5.61263318112633,0.0106382978723404
ProteinDDR,Whole proteome,"",PXD065830,cancer_tissue,data/PXD065830/supplementary/Dataset1.xlsx ESCC-054T cancer_tissue,5.56053811659193,0.0106382978723404
ProteinDDR,Whole proteome,"",PXD065830,cancer_tissue,data/PXD065830/supplementary/Dataset1.xlsx ESCC-055T cancer_tissue,5.54682236694363,0.0106382978723404
ProteinDDR,Whole proteome,"",PXD065830,cancer_tissue,data/PXD065830/supplementary/Dataset1.xlsx ESCC-056T cancer_tissue,5.56053811659193,0.0106382978723404
ProteinDDR,Whole proteome,"",PXD065830,cancer_tissue,data/PXD065830/supplementary/Dataset1.xlsx ESCC-057T cancer_tissue,5.56053811659193,0.0106382978723404
ProteinDDR,Whole proteome,"",PXD065830,cancer_tissue,data/PXD065830/supplementary/Dataset1.xlsx ESCC-058T cancer_tissue,5.59573658165208,0.0106382978723404
ProteinDDR,Whole proteome,"",PXD065830,cancer_tissue,data/PXD065830/supplementary/Dataset1.xlsx ESCC-059T cancer_tissue,5.55929163864604,0.0106382978723404
ProteinDDR,Whole proteome,"",PXD065830,cancer_tissue,data/PXD065830/supplementary/Dataset1.xlsx ESCC-060T cancer_tissue,5.59147965005706,0.0106382978723404
ProteinDDR,Whole proteome,"",PXD065830,cancer_tissue,data/PXD065830/supplementary/Dataset1.xlsx ESCC-061T cancer_tissue,5.54308797127469,0.0106382978723404
ProteinDDR,Whole proteome,"",PXD065830,cancer_tissue,data/PXD065830/supplementary/Dataset1.xlsx ESCC-062T cancer_tissue,5.56802873821284,0.0106382978723404
ProteinDDR,Whole proteome,"",PXD065830,cancer_tissue,data/PXD065830/supplementary/Dataset1.xlsx ESCC-063T cancer_tissue,5.59680182752713,0.0106382978723404
ProteinDDR,Whole proteome,"",PXD065830,cancer_tissue,data/PXD065830/supplementary/Dataset1.xlsx ESCC-064T cancer_tissue,5.59254327563249,0.0106382978723404
ProteinDDR,Whole proteome,"",PXD065830,cancer_tissue,data/PXD065830/supplementary/Dataset1.xlsx ESCC-065T cancer_tissue,5.61263318112633,0.0106382978723404
ProteinDDR,Whole proteome,"",PXD065830,cancer_tissue,data/PXD065830/supplementary/Dataset1.xlsx ESCC-066T cancer_tissue,5.61049828832256,0.0106382978723404
ProteinDDR,Whole proteome,"",PXD065830,cancer_tissue,data/PXD065830/supplementary/Dataset1.xlsx ESCC-067T cancer_tissue,5.61896400351185,0.0106382978723404
ProteinDDR,Whole proteome,"",PXD065830,cancer_tissue,data/PXD065830/supplementary/Dataset1.xlsx ESCC-068T cancer_tissue,5.59467174119886,0.0106382978723404
ProteinDDR,Whole proteome,"",PXD065830,cancer_tissue,data/PXD065830/supplementary/Dataset1.xlsx ESCC-069T cancer_tissue,5.62143170838823,0.0106382978723404
ProteinDDR,Whole proteome,"",PXD065830,cancer_tissue,data/PXD065830/supplementary/Dataset1.xlsx ESCC-070T cancer_tissue,5.62266637381946,0.0106382978723404
ProteinDDR,Whole proteome,"",PXD065830,cancer_tissue,data/PXD065830/supplementary/Dataset1.xlsx ESCC-071T cancer_tissue,5.62266637381946,0.0106382978723404
ProteinDDR,Whole proteome,"",PXD065830,cancer_tissue,data/PXD065830/supplementary/Dataset1.xlsx ESCC-072T cancer_tissue,5.62019758507135,0.0106382978723404
ProteinDDR,Whole proteome,"",PXD065830,cancer_tissue,data/PXD065830/supplementary/Dataset1.xlsx ESCC-073T cancer_tissue,5.62390158172232,0.0106382978723404
ProteinDDR,Whole proteome,"",PXD065830,cancer_tissue,data/PXD065830/supplementary/Dataset1.xlsx ESCC-074T cancer_tissue,5.59970430604325,0.0106382978723404
ProteinDDR,Whole proteome,"",PXD065830,cancer_tissue,data/PXD065830/supplementary/Dataset1.xlsx ESCC-075T cancer_tissue,5.14,0.0106382978723404
ProteinDDR,Whole proteome,"",PXD065830,cancer_tissue,data/PXD065830/supplementary/Dataset1.xlsx ESCC-076T cancer_tissue,5.62019758507135,0.0106382978723404
ProteinDDR,Whole proteome,"",PXD065830,cancer_tissue,data/PXD065830/supplementary/Dataset1.xlsx ESCC-077T cancer_tissue,5.14205682272909,0.0106382978723404
ProteinDDR,Whole proteome,"",PXD065830,cancer_tissue,data/PXD065830/supplementary/Dataset1.xlsx ESCC-078T cancer_tissue,5.14,0.0106382978723404
ProteinDDR,Whole proteome,"",PXD065830,cancer_tissue,data/PXD065830/supplementary/Dataset1.xlsx ESCC-079T cancer_tissue,5.59763532237207,0.0106382978723404
ProteinDDR,Whole proteome,"",PXD065830,cancer_tissue,data/PXD065830/supplementary/Dataset1.xlsx ESCC-080T cancer_tissue,5.14205682272909,0.0106382978723404
ProteinDDR,Whole proteome,"",PXD065830,cancer_tissue,data/PXD065830/supplementary/Dataset1.xlsx ESCC-081T cancer_tissue,5.13691784929043,0.0106382978723404
ProteinDDR,Whole proteome,"",PXD065830,cancer_tissue,data/PXD065830/supplementary/Dataset1.xlsx ESCC-082T cancer_tissue,5.59556786703601,0.0106382978723404
ProteinDDR,Whole proteome,"",PXD065830,cancer_tissue,data/PXD065830/supplementary/Dataset1.xlsx ESCC-083T cancer_tissue,5.57710064635272,0.0106382978723404
ProteinDDR,Whole proteome,"",PXD065830,cancer_tissue,data/PXD065830/supplementary/Dataset1.xlsx ESCC-084T cancer_tissue,5.59453471196455,0.0106382978723404
ProteinDDR,Whole proteome,"",PXD065830,cancer_tissue,data/PXD065830/supplementary/Dataset1.xlsx ESCC-085T cancer_tissue,5.61896400351185,0.0106382978723404
ProteinDDR,Whole proteome,"",PXD065830,cancer_tissue,data/PXD065830/supplementary/Dataset1.xlsx ESCC-086T cancer_tissue,5.59350193834226,0.0106382978723404
ProteinDDR,Whole proteome,"",PXD065830,cancer_tissue,data/PXD065830/supplementary/Dataset1.xlsx ESCC-087T cancer_tissue,5.62266637381946,0.0106382978723404
ProteinDDR,Whole proteome,"",PXD065830,cancer_tissue,data/PXD065830/supplementary/Dataset1.xlsx ESCC-088T cancer_tissue,5.59556786703601,0.0106382978723404
ProteinDDR,Whole proteome,"",PXD065830,cancer_tissue,data/PXD065830/supplementary/Dataset1.xlsx ESCC-089T cancer_tissue,5.59866962305987,0.0106382978723404
ProteinDDR,Whole proteome,"",PXD065830,cancer_tissue,data/PXD065830/supplementary/Dataset1.xlsx ESCC-090T cancer_tissue,5.58122343374607,0.0106382978723404
ProteinDDR,Whole proteome,"",PXD065830,cancer_tissue,data/PXD065830/supplementary/Dataset1.xlsx ESCC-091T cancer_tissue,5.14205682272909,0.0106382978723404
ProteinDDR,Whole proteome,"",PXD065830,cancer_tissue,data/PXD065830/supplementary/Dataset1.xlsx ESCC-092T cancer_tissue,5.13794482207117,0.0106382978723404
ProteinDDR,Whole proteome,"",PXD065830,cancer_tissue,data/PXD065830/supplementary/Dataset1.xlsx ESCC-093T cancer_tissue,5.13897220555889,0.0106382978723404
ProteinDDR,Whole proteome,"",PXD065830,cancer_tissue,data/PXD065830/supplementary/Dataset1.xlsx ESCC-094T cancer_tissue,5.13794482207117,0.0106382978723404
ProteinDDR,Whole proteome,"",PXD066054,cancer_tissue,PXD066054/search_results/extracted/DA/Protein_Quant.tsv PCa1 cancer_tissue,5.12886597938144,0.2
ProteinDDR,Whole proteome,"",PXD066054,cancer_tissue,PXD066054/search_results/extracted/DA/Protein_Quant.tsv PCa2 cancer_tissue,5.07417163454873,0.2
ProteinDDR,Whole proteome,"",PXD066054,cancer_tissue,PXD066054/search_results/extracted/DA/Protein_Quant.tsv PCa3 cancer_tissue,5.21114106019766,0.2
ProteinDDR,Whole proteome,"",PXD066054,cancer_tissue,PXD066054/search_results/extracted/DA/Protein_Quant.tsv PCa4 cancer_tissue,5.04234527687297,0.2
ProteinDDR,Whole proteome,"",PXD066054,cancer_tissue,PXD066054/search_results/extracted/DA/Protein_Quant.tsv PCa5 cancer_tissue,5.04276777735223,0.2
ProteinDDR,Whole proteome,"",PXD065775,cancer_tissue,PXD065775/search_results/20170330_01-24_patients_iTRAQ.xlsx Non-rec1 cancer_tissue,5.22359290670779,0.125
ProteinDDR,Whole proteome,"",PXD065775,cancer_tissue,PXD065775/search_results/20170330_01-24_patients_iTRAQ.xlsx Non-rec2 cancer_tissue,5.22359290670779,0.125
ProteinDDR,Whole proteome,"",PXD065775,cancer_tissue,PXD065775/search_results/20170330_01-24_patients_iTRAQ.xlsx Non-rec3 cancer_tissue,5.22359290670779,0.125
ProteinDDR,Whole proteome,"",PXD065775,cancer_tissue,PXD065775/search_results/20170330_01-24_patients_iTRAQ.xlsx Non-rec4 cancer_tissue,5.22359290670779,0.125
ProteinDDR,Whole proteome,"",PXD065775,cancer_tissue,PXD065775/search_results/20170330_01-24_patients_iTRAQ.xlsx Rec1 cancer_tissue,5.22359290670779,0.125
ProteinDDR,Whole proteome,"",PXD065775,cancer_tissue,PXD065775/search_results/20170330_01-24_patients_iTRAQ.xlsx Rec2 cancer_tissue,5.22359290670779,0.125
ProteinDDR,Whole proteome,"",PXD065775,cancer_tissue,PXD065775/search_results/20170330_01-24_patients_iTRAQ.xlsx Rec3 cancer_tissue,5.22359290670779,0.125
ProteinDDR,Whole proteome,"",PXD065775,cancer_tissue,PXD065775/search_results/20170330_01-24_patients_iTRAQ.xlsx Rec4 cancer_tissue,5.22359290670779,0.125
ProteinDDR,Whole proteome,"",PXD066351,cancer_cells,PXD066351/search_results/XB01472B1DA-Protein_Quant.tsv NC116 cancer_cells,6.24148606811146,0.5
ProteinDDR,Whole proteome,"",PXD066351,cancer_cells,PXD066351/search_results/XB01472B1DA-Protein_Quant.tsv R116 cancer_cells,6.20029821073559,0.5
ProteinDDR,Whole proteome,"",PXD028488,cancer_cells,PXD028488/search_results/Nonenrichment-Search files/TALL-Nonenrichment-Search files/proteins.csv Sample 1 cancer_cells,7.07623029913155,0.333333333333333
ProteinDDR,Whole proteome,"",PXD028488,cancer_cells,PXD028488/search_results/Nonenrichment-Search files/TALL-Nonenrichment-Search files/proteins.csv Sample 2 cancer_cells,6.76952141057935,0.333333333333333
ProteinDDR,Whole proteome,"",PXD028488,cancer_cells,PXD028488/search_results/Nonenrichment-Search files/TALL-Nonenrichment-Search files/proteins.csv Sample 3 cancer_cells,6.7524115755627,0.333333333333333
ProteinDDR,Whole proteome,"",PXD050147,cancer_cells,PXD050147/search_results/SIRT_proteinGroups.txt SIRT1KO_pro_rep1 cancer_cells,6.94139503462253,0.111111111111111
ProteinDDR,Whole proteome,"",PXD050147,cancer_cells,PXD050147/search_results/SIRT_proteinGroups.txt SIRT1KO_pro_rep2 cancer_cells,6.70025188916877,0.111111111111111
ProteinDDR,Whole proteome,"",PXD050147,cancer_cells,PXD050147/search_results/SIRT_proteinGroups.txt SIRT1KO_pro_rep3 cancer_cells,6.76103247293922,0.111111111111111
ProteinDDR,Whole proteome,"",PXD050147,cancer_cells,PXD050147/search_results/SIRT_proteinGroups.txt SIRT3KO_pro_rep1 cancer_cells,6.92511597084162,0.111111111111111
ProteinDDR,Whole proteome,"",PXD050147,cancer_cells,PXD050147/search_results/SIRT_proteinGroups.txt SIRT3KO_pro_rep2 cancer_cells,6.82079029349074,0.111111111111111
ProteinDDR,Whole proteome,"",PXD050147,cancer_cells,PXD050147/search_results/SIRT_proteinGroups.txt SIRT3KO_pro_rep3 cancer_cells,6.8937150378414,0.111111111111111
ProteinDDR,Whole proteome,"",PXD050147,cancer_cells,PXD050147/search_results/SIRT_proteinGroups.txt WT_pro_rep1 cancer_cells,6.68973471741638,0.111111111111111
ProteinDDR,Whole proteome,"",PXD050147,cancer_cells,PXD050147/search_results/SIRT_proteinGroups.txt WT_pro_rep2 cancer_cells,6.70259346581341,0.111111111111111
ProteinDDR,Whole proteome,"",PXD050147,cancer_cells,PXD050147/search_results/SIRT_proteinGroups.txt WT_pro_rep3 cancer_cells,6.7001675041876,0.111111111111111
ProteinDDR,Whole proteome,"",PXD069969,cancer_cells,PXD069969/search_results/SA206LQB1_Annotation.xlsx G2907 cancer_cells,6.3451047947172,0.166666666666667
ProteinDDR,Whole proteome,"",PXD069969,cancer_cells,PXD069969/search_results/SA206LQB1_Annotation.xlsx G3028 cancer_cells,6.38359749890941,0.166666666666667
ProteinDDR,Whole proteome,"",PXD069969,cancer_cells,PXD069969/search_results/SA206LQB1_Annotation.xlsx G3264 cancer_cells,6.34643377001456,0.166666666666667
ProteinDDR,Whole proteome,"",PXD069969,cancer_cells,PXD069969/search_results/SA206LQB1_Annotation.xlsx GSC23 cancer_cells,6.50981524249423,0.166666666666667
ProteinDDR,Whole proteome,"",PXD069969,cancer_cells,PXD069969/search_results/SA206LQB1_Annotation.xlsx MES28 cancer_cells,6.56398445372103,0.166666666666667
ProteinDDR,Whole proteome,"",PXD069969,cancer_cells,PXD069969/search_results/SA206LQB1_Annotation.xlsx RKI cancer_cells,6.25345877144438,0.166666666666667
ProteinDDR,Whole proteome,"",PXD028737,normal_cells,PXD028737/search_results/extracted_reference/txt/proteinGroups.txt H0 normal_cells,7.13758760604943,0.5
ProteinDDR,Whole proteome,"",PXD028737,normal_cells,PXD028737/search_results/extracted_reference/txt/proteinGroups.txt H24 normal_cells,6.92902791792802,0.5
ProteinDDR,Whole proteome,"",PXD072220,normal_cells,PXD072220/search_results/HK-2_Spectronaut-report_PG_Quantity.txt amostra1 normal_cells,6.36208368915457,0.333333333333333
ProteinDDR,Whole proteome,"",PXD072220,normal_cells,PXD072220/search_results/HK-2_Spectronaut-report_PG_Quantity.txt amostra3 normal_cells,6.22144877093757,0.333333333333333
ProteinDDR,Whole proteome,"",PXD072220,normal_cells,PXD072220/search_results/HK-2_Spectronaut-report_PG_Quantity.txt amostra4 normal_cells,6.27623845507977,0.333333333333333
ProteinDDR,Whole proteome,"",PXD069969,normal_cells,PXD069969/search_results/SA206LQB1_Annotation.xlsx ENSA normal_cells,6.39190166305134,0.5
ProteinDDR,Whole proteome,"",PXD069969,normal_cells,PXD069969/search_results/SA206LQB1_Annotation.xlsx HMP1 normal_cells,6.44692899666037,0.5
ProteinDDR,Whole proteome,"",PXD073311,normal_cells,PXD073311/search_results/extracted_pairing/IPX0015307001_Database_search_result/Database_search_result/report.pg_matrix.tsv A0h_1 normal_cells,6.52714192282538,0.333333333333333
ProteinDDR,Whole proteome,"",PXD073311,normal_cells,PXD073311/search_results/extracted_pairing/IPX0015307001_Database_search_result/Database_search_result/report.pg_matrix.tsv A0h_2 normal_cells,6.54450261780105,0.333333333333333
ProteinDDR,Whole proteome,"",PXD073311,normal_cells,PXD073311/search_results/extracted_pairing/IPX0015307001_Database_search_result/Database_search_result/report.pg_matrix.tsv A0h_3 normal_cells,6.58635589891319,0.333333333333333
KlaPathways,BER,Pro,PXD033146,normal_tissue,PXD033146/search_results/extracted_pairing/search_result-HA119TPLa/La (K)Sites.txt RCT1 normal_tissue,21.7391304347826,0.333333333333333
KlaPathways,BER,Pro,PXD033146,normal_tissue,PXD033146/search_results/extracted_pairing/search_result-HA119TPLa/La (K)Sites.txt RCT2 normal_tissue,21.7391304347826,0.333333333333333
KlaPathways,BER,Pro,PXD033146,normal_tissue,PXD033146/search_results/extracted_pairing/search_result-HA119TPLa/La (K)Sites.txt RCT3 normal_tissue,21.7391304347826,0.333333333333333
KlaPathways,BER,Pro,PXD036307,normal_tissue,PXD036307/search_results/extracted/txt/La (K)Sites.txt PTB340 normal_tissue,13.3333333333333,0.166666666666667
KlaPathways,BER,Pro,PXD036307,normal_tissue,PXD036307/search_results/extracted/txt/La (K)Sites.txt PTB342 normal_tissue,19.047619047619,0.166666666666667
KlaPathways,BER,Pro,PXD036307,normal_tissue,PXD036307/search_results/extracted/txt/La (K)Sites.txt PTB344 normal_tissue,15.3846153846154,0.166666666666667
KlaPathways,BER,Pro,PXD036307,normal_tissue,PXD036307/search_results/extracted/txt/La (K)Sites.txt PTB346 normal_tissue,14.2857142857143,0.166666666666667
KlaPathways,BER,Pro,PXD036307,normal_tissue,PXD036307/search_results/extracted/txt/La (K)Sites.txt PTB364 normal_tissue,18.1818181818182,0.166666666666667
KlaPathways,BER,Pro,PXD036307,normal_tissue,PXD036307/search_results/extracted/txt/La (K)Sites.txt PTB372 normal_tissue,9.09090909090909,0.166666666666667
KlaPathways,BER,Pro,PXD046800,normal_tissue,PXD046800/search_results/HFX2_LFQ_QB001_Lacty_PeptideGroups.txt HSP1 normal_tissue,15.3846153846154,0.125
KlaPathways,BER,Pro,PXD046800,normal_tissue,PXD046800/search_results/HFX2_LFQ_QB001_Lacty_PeptideGroups.txt HSP2 normal_tissue,23.0769230769231,0.125
KlaPathways,BER,Pro,PXD046800,normal_tissue,PXD046800/search_results/HFX2_LFQ_QB001_Lacty_PeptideGroups.txt HSP3 normal_tissue,14.2857142857143,0.125
KlaPathways,BER,Pro,PXD046800,normal_tissue,PXD046800/search_results/HFX2_LFQ_QB001_Lacty_PeptideGroups.txt HSP4 normal_tissue,14.2857142857143,0.125
KlaPathways,BER,Pro,PXD046800,normal_tissue,PXD046800/search_results/HFX2_LFQ_QB001_Lacty_PeptideGroups.txt NSP1 normal_tissue,17.8571428571429,0.125
KlaPathways,BER,Pro,PXD046800,normal_tissue,PXD046800/search_results/HFX2_LFQ_QB001_Lacty_PeptideGroups.txt NSP2 normal_tissue,22.7272727272727,0.125
KlaPathways,BER,Pro,PXD046800,normal_tissue,PXD046800/search_results/HFX2_LFQ_QB001_Lacty_PeptideGroups.txt NSP3 normal_tissue,16.6666666666667,0.125
KlaPathways,BER,Pro,PXD046800,normal_tissue,PXD046800/search_results/HFX2_LFQ_QB001_Lacty_PeptideGroups.txt NSP4 normal_tissue,15.7894736842105,0.125
KlaPathways,BER,Pro,PXD050470,normal_tissue,PXD050470/supplementary/prca2331-sup-0005-tables3.xlsx H072 normal_tissue,17.2413793103448,0.333333333333333
KlaPathways,BER,Pro,PXD050470,normal_tissue,PXD050470/supplementary/prca2331-sup-0005-tables3.xlsx H081 normal_tissue,17.2413793103448,0.333333333333333
KlaPathways,BER,Pro,PXD050470,normal_tissue,PXD050470/supplementary/prca2331-sup-0005-tables3.xlsx H187 normal_tissue,17.2413793103448,0.333333333333333
KlaPathways,BER,Pro,PXD063047,normal_tissue,PXD063047/search_results/extracted/combined/txt/La (K)Sites.txt Con_1 normal_tissue,33.3333333333333,0.333333333333333
KlaPathways,BER,Pro,PXD063047,normal_tissue,PXD063047/search_results/extracted/combined/txt/La (K)Sites.txt Con_2 normal_tissue,22.2222222222222,0.333333333333333
KlaPathways,BER,Pro,PXD063047,normal_tissue,PXD063047/search_results/extracted/combined/txt/La (K)Sites.txt Con_3 normal_tissue,28.5714285714286,0.333333333333333
KlaPathways,BER,Pro,PXD064912,normal_tissue,PXD064912/supplementary/europepmc/mmc1.xlsx Rep 1 normal_tissue,0,0.333333333333333
KlaPathways,BER,Pro,PXD064912,normal_tissue,PXD064912/supplementary/europepmc/mmc1.xlsx Rep 2 normal_tissue,0,0.333333333333333
KlaPathways,BER,Pro,PXD064912,normal_tissue,PXD064912/supplementary/europepmc/mmc1.xlsx Rep 3 normal_tissue,0,0.333333333333333
KlaPathways,BER,Pro,PXD066054,normal_tissue,PXD066054/search_results/extracted/PLa/XB08700B1DPLa_-PTMSiteReport.tsv NAT1 normal_tissue,14.2857142857143,0.2
KlaPathways,BER,Pro,PXD066054,normal_tissue,PXD066054/search_results/extracted/PLa/XB08700B1DPLa_-PTMSiteReport.tsv NAT2 normal_tissue,14.2857142857143,0.2
KlaPathways,BER,Pro,PXD066054,normal_tissue,PXD066054/search_results/extracted/PLa/XB08700B1DPLa_-PTMSiteReport.tsv NAT3 normal_tissue,13.953488372093,0.2
KlaPathways,BER,Pro,PXD066054,normal_tissue,PXD066054/search_results/extracted/PLa/XB08700B1DPLa_-PTMSiteReport.tsv NAT4 normal_tissue,14.5038167938931,0.2
KlaPathways,BER,Pro,PXD066054,normal_tissue,PXD066054/search_results/extracted/PLa/XB08700B1DPLa_-PTMSiteReport.tsv NAT5 normal_tissue,14.5038167938931,0.2
KlaPathways,BER,Pro,PXD064038,cancer_tissue,data/PXD064038/search_results/extracted_pairing/txt/txt/La (K)Sites.txt MEC_1 cancer_tissue,18.4615384615385,0.166666666666667
KlaPathways,BER,Pro,PXD064038,cancer_tissue,data/PXD064038/search_results/extracted_pairing/txt/txt/La (K)Sites.txt MEC_2 cancer_tissue,16.3934426229508,0.166666666666667
KlaPathways,BER,Pro,PXD064038,cancer_tissue,data/PXD064038/search_results/extracted_pairing/txt/txt/La (K)Sites.txt MEC_3 cancer_tissue,17.7215189873418,0.166666666666667
KlaPathways,BER,Pro,PXD064038,cancer_tissue,data/PXD064038/search_results/extracted_pairing/txt/txt/La (K)Sites.txt NEC_1 cancer_tissue,23.0769230769231,0.166666666666667
KlaPathways,BER,Pro,PXD064038,cancer_tissue,data/PXD064038/search_results/extracted_pairing/txt/txt/La (K)Sites.txt NEC_2 cancer_tissue,14.8148148148148,0.166666666666667
KlaPathways,BER,Pro,PXD064038,cancer_tissue,data/PXD064038/search_results/extracted_pairing/txt/txt/La (K)Sites.txt NEC_3 cancer_tissue,15.1515151515152,0.166666666666667
KlaPathways,BER,Pro,PXD066054,cancer_tissue,PXD066054/search_results/extracted/PLa/XB08700B1DPLa_-PTMSiteReport.tsv PCa1 cancer_tissue,15.3284671532847,0.2
KlaPathways,BER,Pro,PXD066054,cancer_tissue,PXD066054/search_results/extracted/PLa/XB08700B1DPLa_-PTMSiteReport.tsv PCa2 cancer_tissue,13.3858267716535,0.2
KlaPathways,BER,Pro,PXD066054,cancer_tissue,PXD066054/search_results/extracted/PLa/XB08700B1DPLa_-PTMSiteReport.tsv PCa3 cancer_tissue,14.8936170212766,0.2
KlaPathways,BER,Pro,PXD066054,cancer_tissue,PXD066054/search_results/extracted/PLa/XB08700B1DPLa_-PTMSiteReport.tsv PCa4 cancer_tissue,13.8686131386861,0.2
KlaPathways,BER,Pro,PXD066054,cancer_tissue,PXD066054/search_results/extracted/PLa/XB08700B1DPLa_-PTMSiteReport.tsv PCa5 cancer_tissue,14.6853146853147,0.2
KlaPathways,BER,Pro,PXD060185,cancer_cells,PXD060185/search_results/RESULT/combined/txt/La (K)Sites.txt A cancer_cells,17.4242424242424,0.333333333333333
KlaPathways,BER,Pro,PXD028488,cancer_cells,PXD028488/search_results/Enrichment-Search files/TALL-NALAC-Search files/proteins.csv Sample 1 cancer_cells,27.5862068965517,0.333333333333333
KlaPathways,BER,Pro,PXD028488,cancer_cells,PXD028488/search_results/Enrichment-Search files/TALL-NALAC-Search files/proteins.csv Sample 2 cancer_cells,23.3333333333333,0.333333333333333
KlaPathways,BER,Pro,PXD028488,cancer_cells,PXD028488/search_results/Enrichment-Search files/TALL-NALAC-Search files/proteins.csv Sample 3 cancer_cells,25.8064516129032,0.333333333333333
KlaPathways,BER,Pro,PXD050147,cancer_cells,PXD050147/search_results/Lactyl_K_Sites.txt SIRT1KO_rep1 cancer_cells,12.7358490566038,0.111111111111111
KlaPathways,BER,Pro,PXD050147,cancer_cells,PXD050147/search_results/Lactyl_K_Sites.txt SIRT1KO_rep2 cancer_cells,13.7614678899083,0.111111111111111
KlaPathways,BER,Pro,PXD050147,cancer_cells,PXD050147/search_results/Lactyl_K_Sites.txt SIRT1KO_rep3 cancer_cells,14.2131979695431,0.111111111111111
KlaPathways,BER,Pro,PXD050147,cancer_cells,PXD050147/search_results/Lactyl_K_Sites.txt SIRT3KO_rep1 cancer_cells,13.0841121495327,0.111111111111111
KlaPathways,BER,Pro,PXD050147,cancer_cells,PXD050147/search_results/Lactyl_K_Sites.txt SIRT3KO_rep2 cancer_cells,12.7659574468085,0.111111111111111
KlaPathways,BER,Pro,PXD050147,cancer_cells,PXD050147/search_results/Lactyl_K_Sites.txt SIRT3KO_rep3 cancer_cells,14.7982062780269,0.111111111111111
KlaPathways,BER,Pro,PXD050147,cancer_cells,PXD050147/search_results/Lactyl_K_Sites.txt WT_rep1 cancer_cells,12.5,0.111111111111111
KlaPathways,BER,Pro,PXD050147,cancer_cells,PXD050147/search_results/Lactyl_K_Sites.txt WT_rep2 cancer_cells,15,0.111111111111111
KlaPathways,BER,Pro,PXD050147,cancer_cells,PXD050147/search_results/Lactyl_K_Sites.txt WT_rep3 cancer_cells,15.8227848101266,0.111111111111111
KlaPathways,BER,Pro,PXD054919,cancer_cells,PXD054919/supplementary/41419_2025_8113_MOESM2_ESM.xlsx A549-1 cancer_cells,18.1818181818182,0.333333333333333
KlaPathways,BER,Pro,PXD054919,cancer_cells,PXD054919/supplementary/41419_2025_8113_MOESM2_ESM.xlsx A549-2 cancer_cells,18.2608695652174,0.333333333333333
KlaPathways,BER,Pro,PXD054919,cancer_cells,PXD054919/supplementary/41419_2025_8113_MOESM2_ESM.xlsx A549-3 cancer_cells,18.2608695652174,0.333333333333333
KlaPathways,BER,Pro,PXD060185,cancer_cells,PXD060185/search_results/RESULT/combined/txt/La (K)Sites.txt B cancer_cells,15.8163265306122,0.333333333333333
KlaPathways,BER,Pro,PXD060185,cancer_cells,PXD060185/search_results/RESULT/combined/txt/La (K)Sites.txt D cancer_cells,13.8364779874214,0.333333333333333
KlaPathways,BER,Pro,PXD063266,cancer_cells,PXD063266/search_results/LactylSites.xlsx 1 cancer_cells,24.390243902439,0.333333333333333
KlaPathways,BER,Pro,PXD063266,cancer_cells,PXD063266/search_results/LactylSites.xlsx 2 cancer_cells,29.1666666666667,0.333333333333333
KlaPathways,BER,Pro,PXD063266,cancer_cells,PXD063266/search_results/LactylSites.xlsx 3 cancer_cells,28.5714285714286,0.333333333333333
KlaPathways,BER,Pro,PXD028737,normal_cells,PXD028737/search_results/extracted_pairing/combined/combined/txt/La(K)Sites.txt H0 normal_cells,16.6666666666667,0.5
KlaPathways,BER,Pro,PXD028737,normal_cells,PXD028737/search_results/extracted_pairing/combined/combined/txt/La(K)Sites.txt H24 normal_cells,16.1290322580645,0.5
KlaPathways,BER,Pro,PXD078736,normal_cells,PXD078736/search_results/txt/La(K)Sites.txt ctr_1 normal_cells,16.1904761904762,0.166666666666667
KlaPathways,BER,Pro,PXD078736,normal_cells,PXD078736/search_results/txt/La(K)Sites.txt ctr_2 normal_cells,12.621359223301,0.166666666666667
KlaPathways,BER,Pro,PXD078736,normal_cells,PXD078736/search_results/txt/La(K)Sites.txt ctr_3 normal_cells,16.1904761904762,0.166666666666667
KlaPathways,BER,Pro,PXD078736,normal_cells,PXD078736/search_results/txt/La(K)Sites.txt man_1 normal_cells,14.2857142857143,0.166666666666667
KlaPathways,BER,Pro,PXD078736,normal_cells,PXD078736/search_results/txt/La(K)Sites.txt man_2 normal_cells,16.6666666666667,0.166666666666667
KlaPathways,BER,Pro,PXD078736,normal_cells,PXD078736/search_results/txt/La(K)Sites.txt man_3 normal_cells,16.6666666666667,0.166666666666667
KlaPathways,BER,Pro,PXD060185,normal_cells,PXD060185/search_results/RESULT/combined/txt/La (K)Sites.txt C normal_cells,14.7826086956522,1
KlaPathways,BER,Inh,PXD033146,normal_tissue,PXD033146/search_results/extracted_pairing/search_result-HA119TPLa/La (K)Sites.txt RCT1 normal_tissue,0,0.333333333333333
KlaPathways,BER,Inh,PXD033146,normal_tissue,PXD033146/search_results/extracted_pairing/search_result-HA119TPLa/La (K)Sites.txt RCT2 normal_tissue,0,0.333333333333333
KlaPathways,BER,Inh,PXD033146,normal_tissue,PXD033146/search_results/extracted_pairing/search_result-HA119TPLa/La (K)Sites.txt RCT3 normal_tissue,0,0.333333333333333
KlaPathways,BER,Inh,PXD036307,normal_tissue,PXD036307/search_results/extracted/txt/La (K)Sites.txt PTB340 normal_tissue,0,0.166666666666667
KlaPathways,BER,Inh,PXD036307,normal_tissue,PXD036307/search_results/extracted/txt/La (K)Sites.txt PTB342 normal_tissue,0,0.166666666666667
KlaPathways,BER,Inh,PXD036307,normal_tissue,PXD036307/search_results/extracted/txt/La (K)Sites.txt PTB344 normal_tissue,0,0.166666666666667
KlaPathways,BER,Inh,PXD036307,normal_tissue,PXD036307/search_results/extracted/txt/La (K)Sites.txt PTB346 normal_tissue,0,0.166666666666667
KlaPathways,BER,Inh,PXD036307,normal_tissue,PXD036307/search_results/extracted/txt/La (K)Sites.txt PTB364 normal_tissue,0,0.166666666666667
KlaPathways,BER,Inh,PXD036307,normal_tissue,PXD036307/search_results/extracted/txt/La (K)Sites.txt PTB372 normal_tissue,0,0.166666666666667
KlaPathways,BER,Inh,PXD046800,normal_tissue,PXD046800/search_results/HFX2_LFQ_QB001_Lacty_PeptideGroups.txt HSP1 normal_tissue,0,0.125
KlaPathways,BER,Inh,PXD046800,normal_tissue,PXD046800/search_results/HFX2_LFQ_QB001_Lacty_PeptideGroups.txt HSP2 normal_tissue,0,0.125
KlaPathways,BER,Inh,PXD046800,normal_tissue,PXD046800/search_results/HFX2_LFQ_QB001_Lacty_PeptideGroups.txt HSP3 normal_tissue,0,0.125
KlaPathways,BER,Inh,PXD046800,normal_tissue,PXD046800/search_results/HFX2_LFQ_QB001_Lacty_PeptideGroups.txt HSP4 normal_tissue,0,0.125
KlaPathways,BER,Inh,PXD046800,normal_tissue,PXD046800/search_results/HFX2_LFQ_QB001_Lacty_PeptideGroups.txt NSP1 normal_tissue,0,0.125
KlaPathways,BER,Inh,PXD046800,normal_tissue,PXD046800/search_results/HFX2_LFQ_QB001_Lacty_PeptideGroups.txt NSP2 normal_tissue,0,0.125
KlaPathways,BER,Inh,PXD046800,normal_tissue,PXD046800/search_results/HFX2_LFQ_QB001_Lacty_PeptideGroups.txt NSP3 normal_tissue,0,0.125
KlaPathways,BER,Inh,PXD046800,normal_tissue,PXD046800/search_results/HFX2_LFQ_QB001_Lacty_PeptideGroups.txt NSP4 normal_tissue,0,0.125
KlaPathways,BER,Inh,PXD050470,normal_tissue,PXD050470/supplementary/prca2331-sup-0005-tables3.xlsx H072 normal_tissue,0,0.333333333333333
KlaPathways,BER,Inh,PXD050470,normal_tissue,PXD050470/supplementary/prca2331-sup-0005-tables3.xlsx H081 normal_tissue,0,0.333333333333333
KlaPathways,BER,Inh,PXD050470,normal_tissue,PXD050470/supplementary/prca2331-sup-0005-tables3.xlsx H187 normal_tissue,0,0.333333333333333
KlaPathways,BER,Inh,PXD063047,normal_tissue,PXD063047/search_results/extracted/combined/txt/La (K)Sites.txt Con_1 normal_tissue,0,0.333333333333333
KlaPathways,BER,Inh,PXD063047,normal_tissue,PXD063047/search_results/extracted/combined/txt/La (K)Sites.txt Con_2 normal_tissue,0,0.333333333333333
KlaPathways,BER,Inh,PXD063047,normal_tissue,PXD063047/search_results/extracted/combined/txt/La (K)Sites.txt Con_3 normal_tissue,0,0.333333333333333
KlaPathways,BER,Inh,PXD064912,normal_tissue,PXD064912/supplementary/europepmc/mmc1.xlsx Rep 1 normal_tissue,0,0.333333333333333
KlaPathways,BER,Inh,PXD064912,normal_tissue,PXD064912/supplementary/europepmc/mmc1.xlsx Rep 2 normal_tissue,0,0.333333333333333
KlaPathways,BER,Inh,PXD064912,normal_tissue,PXD064912/supplementary/europepmc/mmc1.xlsx Rep 3 normal_tissue,0,0.333333333333333
KlaPathways,BER,Inh,PXD066054,normal_tissue,PXD066054/search_results/extracted/PLa/XB08700B1DPLa_-PTMSiteReport.tsv NAT1 normal_tissue,0,0.2
KlaPathways,BER,Inh,PXD066054,normal_tissue,PXD066054/search_results/extracted/PLa/XB08700B1DPLa_-PTMSiteReport.tsv NAT2 normal_tissue,0,0.2
KlaPathways,BER,Inh,PXD066054,normal_tissue,PXD066054/search_results/extracted/PLa/XB08700B1DPLa_-PTMSiteReport.tsv NAT3 normal_tissue,0,0.2
KlaPathways,BER,Inh,PXD066054,normal_tissue,PXD066054/search_results/extracted/PLa/XB08700B1DPLa_-PTMSiteReport.tsv NAT4 normal_tissue,0,0.2
KlaPathways,BER,Inh,PXD066054,normal_tissue,PXD066054/search_results/extracted/PLa/XB08700B1DPLa_-PTMSiteReport.tsv NAT5 normal_tissue,0,0.2
KlaPathways,BER,Inh,PXD064038,cancer_tissue,data/PXD064038/search_results/extracted_pairing/txt/txt/La (K)Sites.txt MEC_1 cancer_tissue,0,0.166666666666667
KlaPathways,BER,Inh,PXD064038,cancer_tissue,data/PXD064038/search_results/extracted_pairing/txt/txt/La (K)Sites.txt MEC_2 cancer_tissue,0,0.166666666666667
KlaPathways,BER,Inh,PXD064038,cancer_tissue,data/PXD064038/search_results/extracted_pairing/txt/txt/La (K)Sites.txt MEC_3 cancer_tissue,0,0.166666666666667
KlaPathways,BER,Inh,PXD064038,cancer_tissue,data/PXD064038/search_results/extracted_pairing/txt/txt/La (K)Sites.txt NEC_1 cancer_tissue,0,0.166666666666667
KlaPathways,BER,Inh,PXD064038,cancer_tissue,data/PXD064038/search_results/extracted_pairing/txt/txt/La (K)Sites.txt NEC_2 cancer_tissue,0,0.166666666666667
KlaPathways,BER,Inh,PXD064038,cancer_tissue,data/PXD064038/search_results/extracted_pairing/txt/txt/La (K)Sites.txt NEC_3 cancer_tissue,0,0.166666666666667
KlaPathways,BER,Inh,PXD066054,cancer_tissue,PXD066054/search_results/extracted/PLa/XB08700B1DPLa_-PTMSiteReport.tsv PCa1 cancer_tissue,0,0.2
KlaPathways,BER,Inh,PXD066054,cancer_tissue,PXD066054/search_results/extracted/PLa/XB08700B1DPLa_-PTMSiteReport.tsv PCa2 cancer_tissue,0,0.2
KlaPathways,BER,Inh,PXD066054,cancer_tissue,PXD066054/search_results/extracted/PLa/XB08700B1DPLa_-PTMSiteReport.tsv PCa3 cancer_tissue,0,0.2
KlaPathways,BER,Inh,PXD066054,cancer_tissue,PXD066054/search_results/extracted/PLa/XB08700B1DPLa_-PTMSiteReport.tsv PCa4 cancer_tissue,0,0.2
KlaPathways,BER,Inh,PXD066054,cancer_tissue,PXD066054/search_results/extracted/PLa/XB08700B1DPLa_-PTMSiteReport.tsv PCa5 cancer_tissue,0,0.2
KlaPathways,BER,Inh,PXD060185,cancer_cells,PXD060185/search_results/RESULT/combined/txt/La (K)Sites.txt A cancer_cells,0,0.333333333333333
KlaPathways,BER,Inh,PXD028488,cancer_cells,PXD028488/search_results/Enrichment-Search files/TALL-NALAC-Search files/proteins.csv Sample 1 cancer_cells,0,0.333333333333333
KlaPathways,BER,Inh,PXD028488,cancer_cells,PXD028488/search_results/Enrichment-Search files/TALL-NALAC-Search files/proteins.csv Sample 2 cancer_cells,0,0.333333333333333
KlaPathways,BER,Inh,PXD028488,cancer_cells,PXD028488/search_results/Enrichment-Search files/TALL-NALAC-Search files/proteins.csv Sample 3 cancer_cells,0,0.333333333333333
KlaPathways,BER,Inh,PXD050147,cancer_cells,PXD050147/search_results/Lactyl_K_Sites.txt SIRT1KO_rep1 cancer_cells,0,0.111111111111111
KlaPathways,BER,Inh,PXD050147,cancer_cells,PXD050147/search_results/Lactyl_K_Sites.txt SIRT1KO_rep2 cancer_cells,0,0.111111111111111
KlaPathways,BER,Inh,PXD050147,cancer_cells,PXD050147/search_results/Lactyl_K_Sites.txt SIRT1KO_rep3 cancer_cells,0,0.111111111111111
KlaPathways,BER,Inh,PXD050147,cancer_cells,PXD050147/search_results/Lactyl_K_Sites.txt SIRT3KO_rep1 cancer_cells,0,0.111111111111111
KlaPathways,BER,Inh,PXD050147,cancer_cells,PXD050147/search_results/Lactyl_K_Sites.txt SIRT3KO_rep2 cancer_cells,0,0.111111111111111
KlaPathways,BER,Inh,PXD050147,cancer_cells,PXD050147/search_results/Lactyl_K_Sites.txt SIRT3KO_rep3 cancer_cells,0,0.111111111111111
KlaPathways,BER,Inh,PXD050147,cancer_cells,PXD050147/search_results/Lactyl_K_Sites.txt WT_rep1 cancer_cells,0,0.111111111111111
KlaPathways,BER,Inh,PXD050147,cancer_cells,PXD050147/search_results/Lactyl_K_Sites.txt WT_rep2 cancer_cells,0,0.111111111111111
KlaPathways,BER,Inh,PXD050147,cancer_cells,PXD050147/search_results/Lactyl_K_Sites.txt WT_rep3 cancer_cells,0,0.111111111111111
KlaPathways,BER,Inh,PXD054919,cancer_cells,PXD054919/supplementary/41419_2025_8113_MOESM2_ESM.xlsx A549-1 cancer_cells,0,0.333333333333333
KlaPathways,BER,Inh,PXD054919,cancer_cells,PXD054919/supplementary/41419_2025_8113_MOESM2_ESM.xlsx A549-2 cancer_cells,0,0.333333333333333
KlaPathways,BER,Inh,PXD054919,cancer_cells,PXD054919/supplementary/41419_2025_8113_MOESM2_ESM.xlsx A549-3 cancer_cells,0,0.333333333333333
KlaPathways,BER,Inh,PXD060185,cancer_cells,PXD060185/search_results/RESULT/combined/txt/La (K)Sites.txt B cancer_cells,0,0.333333333333333
KlaPathways,BER,Inh,PXD060185,cancer_cells,PXD060185/search_results/RESULT/combined/txt/La (K)Sites.txt D cancer_cells,0,0.333333333333333
KlaPathways,BER,Inh,PXD063266,cancer_cells,PXD063266/search_results/LactylSites.xlsx 1 cancer_cells,0,0.333333333333333
KlaPathways,BER,Inh,PXD063266,cancer_cells,PXD063266/search_results/LactylSites.xlsx 2 cancer_cells,0,0.333333333333333
KlaPathways,BER,Inh,PXD063266,cancer_cells,PXD063266/search_results/LactylSites.xlsx 3 cancer_cells,0,0.333333333333333
KlaPathways,BER,Inh,PXD028737,normal_cells,PXD028737/search_results/extracted_pairing/combined/combined/txt/La(K)Sites.txt H0 normal_cells,0,0.5
KlaPathways,BER,Inh,PXD028737,normal_cells,PXD028737/search_results/extracted_pairing/combined/combined/txt/La(K)Sites.txt H24 normal_cells,0,0.5
KlaPathways,BER,Inh,PXD078736,normal_cells,PXD078736/search_results/txt/La(K)Sites.txt ctr_1 normal_cells,0,0.166666666666667
KlaPathways,BER,Inh,PXD078736,normal_cells,PXD078736/search_results/txt/La(K)Sites.txt ctr_2 normal_cells,0,0.166666666666667
KlaPathways,BER,Inh,PXD078736,normal_cells,PXD078736/search_results/txt/La(K)Sites.txt ctr_3 normal_cells,0,0.166666666666667
KlaPathways,BER,Inh,PXD078736,normal_cells,PXD078736/search_results/txt/La(K)Sites.txt man_1 normal_cells,0,0.166666666666667
KlaPathways,BER,Inh,PXD078736,normal_cells,PXD078736/search_results/txt/La(K)Sites.txt man_2 normal_cells,0,0.166666666666667
KlaPathways,BER,Inh,PXD078736,normal_cells,PXD078736/search_results/txt/La(K)Sites.txt man_3 normal_cells,0,0.166666666666667
KlaPathways,BER,Inh,PXD060185,normal_cells,PXD060185/search_results/RESULT/combined/txt/La (K)Sites.txt C normal_cells,0,1
KlaPathways,NER,Pro,PXD033146,normal_tissue,PXD033146/search_results/extracted_pairing/search_result-HA119TPLa/La (K)Sites.txt RCT1 normal_tissue,13.0434782608696,0.333333333333333
KlaPathways,NER,Pro,PXD033146,normal_tissue,PXD033146/search_results/extracted_pairing/search_result-HA119TPLa/La (K)Sites.txt RCT2 normal_tissue,13.0434782608696,0.333333333333333
KlaPathways,NER,Pro,PXD033146,normal_tissue,PXD033146/search_results/extracted_pairing/search_result-HA119TPLa/La (K)Sites.txt RCT3 normal_tissue,13.0434782608696,0.333333333333333
KlaPathways,NER,Pro,PXD036307,normal_tissue,PXD036307/search_results/extracted/txt/La (K)Sites.txt PTB340 normal_tissue,6.66666666666667,0.166666666666667
KlaPathways,NER,Pro,PXD036307,normal_tissue,PXD036307/search_results/extracted/txt/La (K)Sites.txt PTB342 normal_tissue,4.76190476190476,0.166666666666667
KlaPathways,NER,Pro,PXD036307,normal_tissue,PXD036307/search_results/extracted/txt/La (K)Sites.txt PTB344 normal_tissue,7.69230769230769,0.166666666666667
KlaPathways,NER,Pro,PXD036307,normal_tissue,PXD036307/search_results/extracted/txt/La (K)Sites.txt PTB346 normal_tissue,4.76190476190476,0.166666666666667
KlaPathways,NER,Pro,PXD036307,normal_tissue,PXD036307/search_results/extracted/txt/La (K)Sites.txt PTB364 normal_tissue,9.09090909090909,0.166666666666667
KlaPathways,NER,Pro,PXD036307,normal_tissue,PXD036307/search_results/extracted/txt/La (K)Sites.txt PTB372 normal_tissue,0,0.166666666666667
KlaPathways,NER,Pro,PXD046800,normal_tissue,PXD046800/search_results/HFX2_LFQ_QB001_Lacty_PeptideGroups.txt HSP1 normal_tissue,0,0.125
KlaPathways,NER,Pro,PXD046800,normal_tissue,PXD046800/search_results/HFX2_LFQ_QB001_Lacty_PeptideGroups.txt HSP2 normal_tissue,7.69230769230769,0.125
KlaPathways,NER,Pro,PXD046800,normal_tissue,PXD046800/search_results/HFX2_LFQ_QB001_Lacty_PeptideGroups.txt HSP3 normal_tissue,0,0.125
KlaPathways,NER,Pro,PXD046800,normal_tissue,PXD046800/search_results/HFX2_LFQ_QB001_Lacty_PeptideGroups.txt HSP4 normal_tissue,0,0.125
KlaPathways,NER,Pro,PXD046800,normal_tissue,PXD046800/search_results/HFX2_LFQ_QB001_Lacty_PeptideGroups.txt NSP1 normal_tissue,10.7142857142857,0.125
KlaPathways,NER,Pro,PXD046800,normal_tissue,PXD046800/search_results/HFX2_LFQ_QB001_Lacty_PeptideGroups.txt NSP2 normal_tissue,13.6363636363636,0.125
KlaPathways,NER,Pro,PXD046800,normal_tissue,PXD046800/search_results/HFX2_LFQ_QB001_Lacty_PeptideGroups.txt NSP3 normal_tissue,5.55555555555556,0.125
KlaPathways,NER,Pro,PXD046800,normal_tissue,PXD046800/search_results/HFX2_LFQ_QB001_Lacty_PeptideGroups.txt NSP4 normal_tissue,5.26315789473684,0.125
KlaPathways,NER,Pro,PXD050470,normal_tissue,PXD050470/supplementary/prca2331-sup-0005-tables3.xlsx H072 normal_tissue,6.89655172413793,0.333333333333333
KlaPathways,NER,Pro,PXD050470,normal_tissue,PXD050470/supplementary/prca2331-sup-0005-tables3.xlsx H081 normal_tissue,6.89655172413793,0.333333333333333
KlaPathways,NER,Pro,PXD050470,normal_tissue,PXD050470/supplementary/prca2331-sup-0005-tables3.xlsx H187 normal_tissue,6.89655172413793,0.333333333333333
KlaPathways,NER,Pro,PXD063047,normal_tissue,PXD063047/search_results/extracted/combined/txt/La (K)Sites.txt Con_1 normal_tissue,0,0.333333333333333
KlaPathways,NER,Pro,PXD063047,normal_tissue,PXD063047/search_results/extracted/combined/txt/La (K)Sites.txt Con_2 normal_tissue,0,0.333333333333333
KlaPathways,NER,Pro,PXD063047,normal_tissue,PXD063047/search_results/extracted/combined/txt/La (K)Sites.txt Con_3 normal_tissue,0,0.333333333333333
KlaPathways,NER,Pro,PXD064912,normal_tissue,PXD064912/supplementary/europepmc/mmc1.xlsx Rep 1 normal_tissue,0,0.333333333333333
KlaPathways,NER,Pro,PXD064912,normal_tissue,PXD064912/supplementary/europepmc/mmc1.xlsx Rep 2 normal_tissue,0,0.333333333333333
KlaPathways,NER,Pro,PXD064912,normal_tissue,PXD064912/supplementary/europepmc/mmc1.xlsx Rep 3 normal_tissue,0,0.333333333333333
KlaPathways,NER,Pro,PXD066054,normal_tissue,PXD066054/search_results/extracted/PLa/XB08700B1DPLa_-PTMSiteReport.tsv NAT1 normal_tissue,11.4285714285714,0.2
KlaPathways,NER,Pro,PXD066054,normal_tissue,PXD066054/search_results/extracted/PLa/XB08700B1DPLa_-PTMSiteReport.tsv NAT2 normal_tissue,11.2781954887218,0.2
KlaPathways,NER,Pro,PXD066054,normal_tissue,PXD066054/search_results/extracted/PLa/XB08700B1DPLa_-PTMSiteReport.tsv NAT3 normal_tissue,10.8527131782946,0.2
KlaPathways,NER,Pro,PXD066054,normal_tissue,PXD066054/search_results/extracted/PLa/XB08700B1DPLa_-PTMSiteReport.tsv NAT4 normal_tissue,10.6870229007634,0.2
KlaPathways,NER,Pro,PXD066054,normal_tissue,PXD066054/search_results/extracted/PLa/XB08700B1DPLa_-PTMSiteReport.tsv NAT5 normal_tissue,12.2137404580153,0.2
KlaPathways,NER,Pro,PXD064038,cancer_tissue,data/PXD064038/search_results/extracted_pairing/txt/txt/La (K)Sites.txt MEC_1 cancer_tissue,10.7692307692308,0.166666666666667
KlaPathways,NER,Pro,PXD064038,cancer_tissue,data/PXD064038/search_results/extracted_pairing/txt/txt/La (K)Sites.txt MEC_2 cancer_tissue,6.55737704918033,0.166666666666667
KlaPathways,NER,Pro,PXD064038,cancer_tissue,data/PXD064038/search_results/extracted_pairing/txt/txt/La (K)Sites.txt MEC_3 cancer_tissue,8.86075949367089,0.166666666666667
KlaPathways,NER,Pro,PXD064038,cancer_tissue,data/PXD064038/search_results/extracted_pairing/txt/txt/La (K)Sites.txt NEC_1 cancer_tissue,3.84615384615385,0.166666666666667
KlaPathways,NER,Pro,PXD064038,cancer_tissue,data/PXD064038/search_results/extracted_pairing/txt/txt/La (K)Sites.txt NEC_2 cancer_tissue,3.7037037037037,0.166666666666667
KlaPathways,NER,Pro,PXD064038,cancer_tissue,data/PXD064038/search_results/extracted_pairing/txt/txt/La (K)Sites.txt NEC_3 cancer_tissue,3.03030303030303,0.166666666666667
KlaPathways,NER,Pro,PXD066054,cancer_tissue,PXD066054/search_results/extracted/PLa/XB08700B1DPLa_-PTMSiteReport.tsv PCa1 cancer_tissue,10.9489051094891,0.2
KlaPathways,NER,Pro,PXD066054,cancer_tissue,PXD066054/search_results/extracted/PLa/XB08700B1DPLa_-PTMSiteReport.tsv PCa2 cancer_tissue,11.8110236220472,0.2
KlaPathways,NER,Pro,PXD066054,cancer_tissue,PXD066054/search_results/extracted/PLa/XB08700B1DPLa_-PTMSiteReport.tsv PCa3 cancer_tissue,10.6382978723404,0.2
KlaPathways,NER,Pro,PXD066054,cancer_tissue,PXD066054/search_results/extracted/PLa/XB08700B1DPLa_-PTMSiteReport.tsv PCa4 cancer_tissue,10.9489051094891,0.2
KlaPathways,NER,Pro,PXD066054,cancer_tissue,PXD066054/search_results/extracted/PLa/XB08700B1DPLa_-PTMSiteReport.tsv PCa5 cancer_tissue,11.1888111888112,0.2
KlaPathways,NER,Pro,PXD060185,cancer_cells,PXD060185/search_results/RESULT/combined/txt/La (K)Sites.txt A cancer_cells,13.6363636363636,0.333333333333333
KlaPathways,NER,Pro,PXD028488,cancer_cells,PXD028488/search_results/Enrichment-Search files/TALL-NALAC-Search files/proteins.csv Sample 1 cancer_cells,10.3448275862069,0.333333333333333
KlaPathways,NER,Pro,PXD028488,cancer_cells,PXD028488/search_results/Enrichment-Search files/TALL-NALAC-Search files/proteins.csv Sample 2 cancer_cells,6.66666666666667,0.333333333333333
KlaPathways,NER,Pro,PXD028488,cancer_cells,PXD028488/search_results/Enrichment-Search files/TALL-NALAC-Search files/proteins.csv Sample 3 cancer_cells,9.67741935483871,0.333333333333333
KlaPathways,NER,Pro,PXD050147,cancer_cells,PXD050147/search_results/Lactyl_K_Sites.txt SIRT1KO_rep1 cancer_cells,13.6792452830189,0.111111111111111
KlaPathways,NER,Pro,PXD050147,cancer_cells,PXD050147/search_results/Lactyl_K_Sites.txt SIRT1KO_rep2 cancer_cells,12.3853211009174,0.111111111111111
KlaPathways,NER,Pro,PXD050147,cancer_cells,PXD050147/search_results/Lactyl_K_Sites.txt SIRT1KO_rep3 cancer_cells,12.6903553299492,0.111111111111111
KlaPathways,NER,Pro,PXD050147,cancer_cells,PXD050147/search_results/Lactyl_K_Sites.txt SIRT3KO_rep1 cancer_cells,10.7476635514019,0.111111111111111
KlaPathways,NER,Pro,PXD050147,cancer_cells,PXD050147/search_results/Lactyl_K_Sites.txt SIRT3KO_rep2 cancer_cells,12.2340425531915,0.111111111111111
KlaPathways,NER,Pro,PXD050147,cancer_cells,PXD050147/search_results/Lactyl_K_Sites.txt SIRT3KO_rep3 cancer_cells,12.5560538116592,0.111111111111111
KlaPathways,NER,Pro,PXD050147,cancer_cells,PXD050147/search_results/Lactyl_K_Sites.txt WT_rep1 cancer_cells,11.8055555555556,0.111111111111111
KlaPathways,NER,Pro,PXD050147,cancer_cells,PXD050147/search_results/Lactyl_K_Sites.txt WT_rep2 cancer_cells,12.8571428571429,0.111111111111111
KlaPathways,NER,Pro,PXD050147,cancer_cells,PXD050147/search_results/Lactyl_K_Sites.txt WT_rep3 cancer_cells,12.6582278481013,0.111111111111111
KlaPathways,NER,Pro,PXD054919,cancer_cells,PXD054919/supplementary/41419_2025_8113_MOESM2_ESM.xlsx A549-1 cancer_cells,10,0.333333333333333
KlaPathways,NER,Pro,PXD054919,cancer_cells,PXD054919/supplementary/41419_2025_8113_MOESM2_ESM.xlsx A549-2 cancer_cells,9.56521739130435,0.333333333333333
KlaPathways,NER,Pro,PXD054919,cancer_cells,PXD054919/supplementary/41419_2025_8113_MOESM2_ESM.xlsx A549-3 cancer_cells,9.56521739130435,0.333333333333333
KlaPathways,NER,Pro,PXD060185,cancer_cells,PXD060185/search_results/RESULT/combined/txt/La (K)Sites.txt B cancer_cells,12.2448979591837,0.333333333333333
KlaPathways,NER,Pro,PXD060185,cancer_cells,PXD060185/search_results/RESULT/combined/txt/La (K)Sites.txt D cancer_cells,11.3207547169811,0.333333333333333
KlaPathways,NER,Pro,PXD063266,cancer_cells,PXD063266/search_results/LactylSites.xlsx 1 cancer_cells,9.75609756097561,0.333333333333333
KlaPathways,NER,Pro,PXD063266,cancer_cells,PXD063266/search_results/LactylSites.xlsx 2 cancer_cells,8.33333333333333,0.333333333333333
KlaPathways,NER,Pro,PXD063266,cancer_cells,PXD063266/search_results/LactylSites.xlsx 3 cancer_cells,10.7142857142857,0.333333333333333
KlaPathways,NER,Pro,PXD028737,normal_cells,PXD028737/search_results/extracted_pairing/combined/combined/txt/La(K)Sites.txt H0 normal_cells,13.1944444444444,0.5
KlaPathways,NER,Pro,PXD028737,normal_cells,PXD028737/search_results/extracted_pairing/combined/combined/txt/La(K)Sites.txt H24 normal_cells,12.0967741935484,0.5
KlaPathways,NER,Pro,PXD078736,normal_cells,PXD078736/search_results/txt/La(K)Sites.txt ctr_1 normal_cells,11.4285714285714,0.166666666666667
KlaPathways,NER,Pro,PXD078736,normal_cells,PXD078736/search_results/txt/La(K)Sites.txt ctr_2 normal_cells,10.6796116504854,0.166666666666667
KlaPathways,NER,Pro,PXD078736,normal_cells,PXD078736/search_results/txt/La(K)Sites.txt ctr_3 normal_cells,11.4285714285714,0.166666666666667
KlaPathways,NER,Pro,PXD078736,normal_cells,PXD078736/search_results/txt/La(K)Sites.txt man_1 normal_cells,8.92857142857143,0.166666666666667
KlaPathways,NER,Pro,PXD078736,normal_cells,PXD078736/search_results/txt/La(K)Sites.txt man_2 normal_cells,9.25925925925926,0.166666666666667
KlaPathways,NER,Pro,PXD078736,normal_cells,PXD078736/search_results/txt/La(K)Sites.txt man_3 normal_cells,9.25925925925926,0.166666666666667
KlaPathways,NER,Pro,PXD060185,normal_cells,PXD060185/search_results/RESULT/combined/txt/La (K)Sites.txt C normal_cells,13.9130434782609,1
KlaPathways,NER,Inh,PXD033146,normal_tissue,PXD033146/search_results/extracted_pairing/search_result-HA119TPLa/La (K)Sites.txt RCT1 normal_tissue,0,0.333333333333333
KlaPathways,NER,Inh,PXD033146,normal_tissue,PXD033146/search_results/extracted_pairing/search_result-HA119TPLa/La (K)Sites.txt RCT2 normal_tissue,0,0.333333333333333
KlaPathways,NER,Inh,PXD033146,normal_tissue,PXD033146/search_results/extracted_pairing/search_result-HA119TPLa/La (K)Sites.txt RCT3 normal_tissue,0,0.333333333333333
KlaPathways,NER,Inh,PXD036307,normal_tissue,PXD036307/search_results/extracted/txt/La (K)Sites.txt PTB340 normal_tissue,0,0.166666666666667
KlaPathways,NER,Inh,PXD036307,normal_tissue,PXD036307/search_results/extracted/txt/La (K)Sites.txt PTB342 normal_tissue,0,0.166666666666667
KlaPathways,NER,Inh,PXD036307,normal_tissue,PXD036307/search_results/extracted/txt/La (K)Sites.txt PTB344 normal_tissue,0,0.166666666666667
KlaPathways,NER,Inh,PXD036307,normal_tissue,PXD036307/search_results/extracted/txt/La (K)Sites.txt PTB346 normal_tissue,0,0.166666666666667
KlaPathways,NER,Inh,PXD036307,normal_tissue,PXD036307/search_results/extracted/txt/La (K)Sites.txt PTB364 normal_tissue,0,0.166666666666667
KlaPathways,NER,Inh,PXD036307,normal_tissue,PXD036307/search_results/extracted/txt/La (K)Sites.txt PTB372 normal_tissue,0,0.166666666666667
KlaPathways,NER,Inh,PXD046800,normal_tissue,PXD046800/search_results/HFX2_LFQ_QB001_Lacty_PeptideGroups.txt HSP1 normal_tissue,0,0.125
KlaPathways,NER,Inh,PXD046800,normal_tissue,PXD046800/search_results/HFX2_LFQ_QB001_Lacty_PeptideGroups.txt HSP2 normal_tissue,0,0.125
KlaPathways,NER,Inh,PXD046800,normal_tissue,PXD046800/search_results/HFX2_LFQ_QB001_Lacty_PeptideGroups.txt HSP3 normal_tissue,0,0.125
KlaPathways,NER,Inh,PXD046800,normal_tissue,PXD046800/search_results/HFX2_LFQ_QB001_Lacty_PeptideGroups.txt HSP4 normal_tissue,0,0.125
KlaPathways,NER,Inh,PXD046800,normal_tissue,PXD046800/search_results/HFX2_LFQ_QB001_Lacty_PeptideGroups.txt NSP1 normal_tissue,0,0.125
KlaPathways,NER,Inh,PXD046800,normal_tissue,PXD046800/search_results/HFX2_LFQ_QB001_Lacty_PeptideGroups.txt NSP2 normal_tissue,0,0.125
KlaPathways,NER,Inh,PXD046800,normal_tissue,PXD046800/search_results/HFX2_LFQ_QB001_Lacty_PeptideGroups.txt NSP3 normal_tissue,0,0.125
KlaPathways,NER,Inh,PXD046800,normal_tissue,PXD046800/search_results/HFX2_LFQ_QB001_Lacty_PeptideGroups.txt NSP4 normal_tissue,0,0.125
KlaPathways,NER,Inh,PXD050470,normal_tissue,PXD050470/supplementary/prca2331-sup-0005-tables3.xlsx H072 normal_tissue,0,0.333333333333333
KlaPathways,NER,Inh,PXD050470,normal_tissue,PXD050470/supplementary/prca2331-sup-0005-tables3.xlsx H081 normal_tissue,0,0.333333333333333
KlaPathways,NER,Inh,PXD050470,normal_tissue,PXD050470/supplementary/prca2331-sup-0005-tables3.xlsx H187 normal_tissue,0,0.333333333333333
KlaPathways,NER,Inh,PXD063047,normal_tissue,PXD063047/search_results/extracted/combined/txt/La (K)Sites.txt Con_1 normal_tissue,0,0.333333333333333
KlaPathways,NER,Inh,PXD063047,normal_tissue,PXD063047/search_results/extracted/combined/txt/La (K)Sites.txt Con_2 normal_tissue,0,0.333333333333333
KlaPathways,NER,Inh,PXD063047,normal_tissue,PXD063047/search_results/extracted/combined/txt/La (K)Sites.txt Con_3 normal_tissue,0,0.333333333333333
KlaPathways,NER,Inh,PXD064912,normal_tissue,PXD064912/supplementary/europepmc/mmc1.xlsx Rep 1 normal_tissue,0,0.333333333333333
KlaPathways,NER,Inh,PXD064912,normal_tissue,PXD064912/supplementary/europepmc/mmc1.xlsx Rep 2 normal_tissue,0,0.333333333333333
KlaPathways,NER,Inh,PXD064912,normal_tissue,PXD064912/supplementary/europepmc/mmc1.xlsx Rep 3 normal_tissue,0,0.333333333333333
KlaPathways,NER,Inh,PXD066054,normal_tissue,PXD066054/search_results/extracted/PLa/XB08700B1DPLa_-PTMSiteReport.tsv NAT1 normal_tissue,0,0.2
KlaPathways,NER,Inh,PXD066054,normal_tissue,PXD066054/search_results/extracted/PLa/XB08700B1DPLa_-PTMSiteReport.tsv NAT2 normal_tissue,0,0.2
KlaPathways,NER,Inh,PXD066054,normal_tissue,PXD066054/search_results/extracted/PLa/XB08700B1DPLa_-PTMSiteReport.tsv NAT3 normal_tissue,0,0.2
KlaPathways,NER,Inh,PXD066054,normal_tissue,PXD066054/search_results/extracted/PLa/XB08700B1DPLa_-PTMSiteReport.tsv NAT4 normal_tissue,0,0.2
KlaPathways,NER,Inh,PXD066054,normal_tissue,PXD066054/search_results/extracted/PLa/XB08700B1DPLa_-PTMSiteReport.tsv NAT5 normal_tissue,0,0.2
KlaPathways,NER,Inh,PXD064038,cancer_tissue,data/PXD064038/search_results/extracted_pairing/txt/txt/La (K)Sites.txt MEC_1 cancer_tissue,0,0.166666666666667
KlaPathways,NER,Inh,PXD064038,cancer_tissue,data/PXD064038/search_results/extracted_pairing/txt/txt/La (K)Sites.txt MEC_2 cancer_tissue,0,0.166666666666667
KlaPathways,NER,Inh,PXD064038,cancer_tissue,data/PXD064038/search_results/extracted_pairing/txt/txt/La (K)Sites.txt MEC_3 cancer_tissue,0,0.166666666666667
KlaPathways,NER,Inh,PXD064038,cancer_tissue,data/PXD064038/search_results/extracted_pairing/txt/txt/La (K)Sites.txt NEC_1 cancer_tissue,0,0.166666666666667
KlaPathways,NER,Inh,PXD064038,cancer_tissue,data/PXD064038/search_results/extracted_pairing/txt/txt/La (K)Sites.txt NEC_2 cancer_tissue,0,0.166666666666667
KlaPathways,NER,Inh,PXD064038,cancer_tissue,data/PXD064038/search_results/extracted_pairing/txt/txt/La (K)Sites.txt NEC_3 cancer_tissue,0,0.166666666666667
KlaPathways,NER,Inh,PXD066054,cancer_tissue,PXD066054/search_results/extracted/PLa/XB08700B1DPLa_-PTMSiteReport.tsv PCa1 cancer_tissue,0,0.2
KlaPathways,NER,Inh,PXD066054,cancer_tissue,PXD066054/search_results/extracted/PLa/XB08700B1DPLa_-PTMSiteReport.tsv PCa2 cancer_tissue,0,0.2
KlaPathways,NER,Inh,PXD066054,cancer_tissue,PXD066054/search_results/extracted/PLa/XB08700B1DPLa_-PTMSiteReport.tsv PCa3 cancer_tissue,0,0.2
KlaPathways,NER,Inh,PXD066054,cancer_tissue,PXD066054/search_results/extracted/PLa/XB08700B1DPLa_-PTMSiteReport.tsv PCa4 cancer_tissue,0,0.2
KlaPathways,NER,Inh,PXD066054,cancer_tissue,PXD066054/search_results/extracted/PLa/XB08700B1DPLa_-PTMSiteReport.tsv PCa5 cancer_tissue,0,0.2
KlaPathways,NER,Inh,PXD060185,cancer_cells,PXD060185/search_results/RESULT/combined/txt/La (K)Sites.txt A cancer_cells,1.51515151515152,0.333333333333333
KlaPathways,NER,Inh,PXD028488,cancer_cells,PXD028488/search_results/Enrichment-Search files/TALL-NALAC-Search files/proteins.csv Sample 1 cancer_cells,0,0.333333333333333
KlaPathways,NER,Inh,PXD028488,cancer_cells,PXD028488/search_results/Enrichment-Search files/TALL-NALAC-Search files/proteins.csv Sample 2 cancer_cells,0,0.333333333333333
KlaPathways,NER,Inh,PXD028488,cancer_cells,PXD028488/search_results/Enrichment-Search files/TALL-NALAC-Search files/proteins.csv Sample 3 cancer_cells,0,0.333333333333333
KlaPathways,NER,Inh,PXD050147,cancer_cells,PXD050147/search_results/Lactyl_K_Sites.txt SIRT1KO_rep1 cancer_cells,0.943396226415094,0.111111111111111
KlaPathways,NER,Inh,PXD050147,cancer_cells,PXD050147/search_results/Lactyl_K_Sites.txt SIRT1KO_rep2 cancer_cells,0.91743119266055,0.111111111111111
KlaPathways,NER,Inh,PXD050147,cancer_cells,PXD050147/search_results/Lactyl_K_Sites.txt SIRT1KO_rep3 cancer_cells,0.50761421319797,0.111111111111111
KlaPathways,NER,Inh,PXD050147,cancer_cells,PXD050147/search_results/Lactyl_K_Sites.txt SIRT3KO_rep1 cancer_cells,0.934579439252336,0.111111111111111
KlaPathways,NER,Inh,PXD050147,cancer_cells,PXD050147/search_results/Lactyl_K_Sites.txt SIRT3KO_rep2 cancer_cells,1.06382978723404,0.111111111111111
KlaPathways,NER,Inh,PXD050147,cancer_cells,PXD050147/search_results/Lactyl_K_Sites.txt SIRT3KO_rep3 cancer_cells,0.896860986547085,0.111111111111111
KlaPathways,NER,Inh,PXD050147,cancer_cells,PXD050147/search_results/Lactyl_K_Sites.txt WT_rep1 cancer_cells,1.38888888888889,0.111111111111111
KlaPathways,NER,Inh,PXD050147,cancer_cells,PXD050147/search_results/Lactyl_K_Sites.txt WT_rep2 cancer_cells,0.714285714285714,0.111111111111111
KlaPathways,NER,Inh,PXD050147,cancer_cells,PXD050147/search_results/Lactyl_K_Sites.txt WT_rep3 cancer_cells,0.632911392405063,0.111111111111111
KlaPathways,NER,Inh,PXD054919,cancer_cells,PXD054919/supplementary/41419_2025_8113_MOESM2_ESM.xlsx A549-1 cancer_cells,0,0.333333333333333
KlaPathways,NER,Inh,PXD054919,cancer_cells,PXD054919/supplementary/41419_2025_8113_MOESM2_ESM.xlsx A549-2 cancer_cells,0,0.333333333333333
KlaPathways,NER,Inh,PXD054919,cancer_cells,PXD054919/supplementary/41419_2025_8113_MOESM2_ESM.xlsx A549-3 cancer_cells,0,0.333333333333333
KlaPathways,NER,Inh,PXD060185,cancer_cells,PXD060185/search_results/RESULT/combined/txt/La (K)Sites.txt B cancer_cells,1.02040816326531,0.333333333333333
KlaPathways,NER,Inh,PXD060185,cancer_cells,PXD060185/search_results/RESULT/combined/txt/La (K)Sites.txt D cancer_cells,0.628930817610063,0.333333333333333
KlaPathways,NER,Inh,PXD063266,cancer_cells,PXD063266/search_results/LactylSites.xlsx 1 cancer_cells,0,0.333333333333333
KlaPathways,NER,Inh,PXD063266,cancer_cells,PXD063266/search_results/LactylSites.xlsx 2 cancer_cells,0,0.333333333333333
KlaPathways,NER,Inh,PXD063266,cancer_cells,PXD063266/search_results/LactylSites.xlsx 3 cancer_cells,0,0.333333333333333
KlaPathways,NER,Inh,PXD028737,normal_cells,PXD028737/search_results/extracted_pairing/combined/combined/txt/La(K)Sites.txt H0 normal_cells,1.38888888888889,0.5
KlaPathways,NER,Inh,PXD028737,normal_cells,PXD028737/search_results/extracted_pairing/combined/combined/txt/La(K)Sites.txt H24 normal_cells,0.806451612903226,0.5
KlaPathways,NER,Inh,PXD078736,normal_cells,PXD078736/search_results/txt/La(K)Sites.txt ctr_1 normal_cells,0.952380952380953,0.166666666666667
KlaPathways,NER,Inh,PXD078736,normal_cells,PXD078736/search_results/txt/La(K)Sites.txt ctr_2 normal_cells,0.970873786407767,0.166666666666667
KlaPathways,NER,Inh,PXD078736,normal_cells,PXD078736/search_results/txt/La(K)Sites.txt ctr_3 normal_cells,0.952380952380953,0.166666666666667
KlaPathways,NER,Inh,PXD078736,normal_cells,PXD078736/search_results/txt/La(K)Sites.txt man_1 normal_cells,0,0.166666666666667
KlaPathways,NER,Inh,PXD078736,normal_cells,PXD078736/search_results/txt/La(K)Sites.txt man_2 normal_cells,0,0.166666666666667
KlaPathways,NER,Inh,PXD078736,normal_cells,PXD078736/search_results/txt/La(K)Sites.txt man_3 normal_cells,0,0.166666666666667
KlaPathways,NER,Inh,PXD060185,normal_cells,PXD060185/search_results/RESULT/combined/txt/La (K)Sites.txt C normal_cells,0.869565217391304,1
KlaPathways,MMR,Pro,PXD033146,normal_tissue,PXD033146/search_results/extracted_pairing/search_result-HA119TPLa/La (K)Sites.txt RCT1 normal_tissue,13.0434782608696,0.333333333333333
KlaPathways,MMR,Pro,PXD033146,normal_tissue,PXD033146/search_results/extracted_pairing/search_result-HA119TPLa/La (K)Sites.txt RCT2 normal_tissue,13.0434782608696,0.333333333333333
KlaPathways,MMR,Pro,PXD033146,normal_tissue,PXD033146/search_results/extracted_pairing/search_result-HA119TPLa/La (K)Sites.txt RCT3 normal_tissue,13.0434782608696,0.333333333333333
KlaPathways,MMR,Pro,PXD036307,normal_tissue,PXD036307/search_results/extracted/txt/La (K)Sites.txt PTB340 normal_tissue,6.66666666666667,0.166666666666667
KlaPathways,MMR,Pro,PXD036307,normal_tissue,PXD036307/search_results/extracted/txt/La (K)Sites.txt PTB342 normal_tissue,4.76190476190476,0.166666666666667
KlaPathways,MMR,Pro,PXD036307,normal_tissue,PXD036307/search_results/extracted/txt/La (K)Sites.txt PTB344 normal_tissue,7.69230769230769,0.166666666666667
KlaPathways,MMR,Pro,PXD036307,normal_tissue,PXD036307/search_results/extracted/txt/La (K)Sites.txt PTB346 normal_tissue,4.76190476190476,0.166666666666667
KlaPathways,MMR,Pro,PXD036307,normal_tissue,PXD036307/search_results/extracted/txt/La (K)Sites.txt PTB364 normal_tissue,4.54545454545455,0.166666666666667
KlaPathways,MMR,Pro,PXD036307,normal_tissue,PXD036307/search_results/extracted/txt/La (K)Sites.txt PTB372 normal_tissue,0,0.166666666666667
KlaPathways,MMR,Pro,PXD046800,normal_tissue,PXD046800/search_results/HFX2_LFQ_QB001_Lacty_PeptideGroups.txt HSP1 normal_tissue,0,0.125
KlaPathways,MMR,Pro,PXD046800,normal_tissue,PXD046800/search_results/HFX2_LFQ_QB001_Lacty_PeptideGroups.txt HSP2 normal_tissue,7.69230769230769,0.125
KlaPathways,MMR,Pro,PXD046800,normal_tissue,PXD046800/search_results/HFX2_LFQ_QB001_Lacty_PeptideGroups.txt HSP3 normal_tissue,0,0.125
KlaPathways,MMR,Pro,PXD046800,normal_tissue,PXD046800/search_results/HFX2_LFQ_QB001_Lacty_PeptideGroups.txt HSP4 normal_tissue,0,0.125
KlaPathways,MMR,Pro,PXD046800,normal_tissue,PXD046800/search_results/HFX2_LFQ_QB001_Lacty_PeptideGroups.txt NSP1 normal_tissue,0,0.125
KlaPathways,MMR,Pro,PXD046800,normal_tissue,PXD046800/search_results/HFX2_LFQ_QB001_Lacty_PeptideGroups.txt NSP2 normal_tissue,9.09090909090909,0.125
KlaPathways,MMR,Pro,PXD046800,normal_tissue,PXD046800/search_results/HFX2_LFQ_QB001_Lacty_PeptideGroups.txt NSP3 normal_tissue,5.55555555555556,0.125
KlaPathways,MMR,Pro,PXD046800,normal_tissue,PXD046800/search_results/HFX2_LFQ_QB001_Lacty_PeptideGroups.txt NSP4 normal_tissue,5.26315789473684,0.125
KlaPathways,MMR,Pro,PXD050470,normal_tissue,PXD050470/supplementary/prca2331-sup-0005-tables3.xlsx H072 normal_tissue,10.3448275862069,0.333333333333333
KlaPathways,MMR,Pro,PXD050470,normal_tissue,PXD050470/supplementary/prca2331-sup-0005-tables3.xlsx H081 normal_tissue,10.3448275862069,0.333333333333333
KlaPathways,MMR,Pro,PXD050470,normal_tissue,PXD050470/supplementary/prca2331-sup-0005-tables3.xlsx H187 normal_tissue,10.3448275862069,0.333333333333333
KlaPathways,MMR,Pro,PXD063047,normal_tissue,PXD063047/search_results/extracted/combined/txt/La (K)Sites.txt Con_1 normal_tissue,0,0.333333333333333
KlaPathways,MMR,Pro,PXD063047,normal_tissue,PXD063047/search_results/extracted/combined/txt/La (K)Sites.txt Con_2 normal_tissue,0,0.333333333333333
KlaPathways,MMR,Pro,PXD063047,normal_tissue,PXD063047/search_results/extracted/combined/txt/La (K)Sites.txt Con_3 normal_tissue,0,0.333333333333333
KlaPathways,MMR,Pro,PXD064912,normal_tissue,PXD064912/supplementary/europepmc/mmc1.xlsx Rep 1 normal_tissue,0,0.333333333333333
KlaPathways,MMR,Pro,PXD064912,normal_tissue,PXD064912/supplementary/europepmc/mmc1.xlsx Rep 2 normal_tissue,0,0.333333333333333
KlaPathways,MMR,Pro,PXD064912,normal_tissue,PXD064912/supplementary/europepmc/mmc1.xlsx Rep 3 normal_tissue,0,0.333333333333333
KlaPathways,MMR,Pro,PXD066054,normal_tissue,PXD066054/search_results/extracted/PLa/XB08700B1DPLa_-PTMSiteReport.tsv NAT1 normal_tissue,7.14285714285714,0.2
KlaPathways,MMR,Pro,PXD066054,normal_tissue,PXD066054/search_results/extracted/PLa/XB08700B1DPLa_-PTMSiteReport.tsv NAT2 normal_tissue,6.76691729323308,0.2
KlaPathways,MMR,Pro,PXD066054,normal_tissue,PXD066054/search_results/extracted/PLa/XB08700B1DPLa_-PTMSiteReport.tsv NAT3 normal_tissue,6.97674418604651,0.2
KlaPathways,MMR,Pro,PXD066054,normal_tissue,PXD066054/search_results/extracted/PLa/XB08700B1DPLa_-PTMSiteReport.tsv NAT4 normal_tissue,6.87022900763359,0.2
KlaPathways,MMR,Pro,PXD066054,normal_tissue,PXD066054/search_results/extracted/PLa/XB08700B1DPLa_-PTMSiteReport.tsv NAT5 normal_tissue,7.63358778625954,0.2
KlaPathways,MMR,Pro,PXD064038,cancer_tissue,data/PXD064038/search_results/extracted_pairing/txt/txt/La (K)Sites.txt MEC_1 cancer_tissue,7.69230769230769,0.166666666666667
KlaPathways,MMR,Pro,PXD064038,cancer_tissue,data/PXD064038/search_results/extracted_pairing/txt/txt/La (K)Sites.txt MEC_2 cancer_tissue,6.55737704918033,0.166666666666667
KlaPathways,MMR,Pro,PXD064038,cancer_tissue,data/PXD064038/search_results/extracted_pairing/txt/txt/La (K)Sites.txt MEC_3 cancer_tissue,7.59493670886076,0.166666666666667
KlaPathways,MMR,Pro,PXD064038,cancer_tissue,data/PXD064038/search_results/extracted_pairing/txt/txt/La (K)Sites.txt NEC_1 cancer_tissue,7.69230769230769,0.166666666666667
KlaPathways,MMR,Pro,PXD064038,cancer_tissue,data/PXD064038/search_results/extracted_pairing/txt/txt/La (K)Sites.txt NEC_2 cancer_tissue,3.7037037037037,0.166666666666667
KlaPathways,MMR,Pro,PXD064038,cancer_tissue,data/PXD064038/search_results/extracted_pairing/txt/txt/La (K)Sites.txt NEC_3 cancer_tissue,6.06060606060606,0.166666666666667
KlaPathways,MMR,Pro,PXD066054,cancer_tissue,PXD066054/search_results/extracted/PLa/XB08700B1DPLa_-PTMSiteReport.tsv PCa1 cancer_tissue,8.02919708029197,0.2
KlaPathways,MMR,Pro,PXD066054,cancer_tissue,PXD066054/search_results/extracted/PLa/XB08700B1DPLa_-PTMSiteReport.tsv PCa2 cancer_tissue,7.8740157480315,0.2
KlaPathways,MMR,Pro,PXD066054,cancer_tissue,PXD066054/search_results/extracted/PLa/XB08700B1DPLa_-PTMSiteReport.tsv PCa3 cancer_tissue,7.80141843971631,0.2
KlaPathways,MMR,Pro,PXD066054,cancer_tissue,PXD066054/search_results/extracted/PLa/XB08700B1DPLa_-PTMSiteReport.tsv PCa4 cancer_tissue,7.2992700729927,0.2
KlaPathways,MMR,Pro,PXD066054,cancer_tissue,PXD066054/search_results/extracted/PLa/XB08700B1DPLa_-PTMSiteReport.tsv PCa5 cancer_tissue,7.69230769230769,0.2
KlaPathways,MMR,Pro,PXD060185,cancer_cells,PXD060185/search_results/RESULT/combined/txt/La (K)Sites.txt A cancer_cells,9.09090909090909,0.333333333333333
KlaPathways,MMR,Pro,PXD028488,cancer_cells,PXD028488/search_results/Enrichment-Search files/TALL-NALAC-Search files/proteins.csv Sample 1 cancer_cells,13.7931034482759,0.333333333333333
KlaPathways,MMR,Pro,PXD028488,cancer_cells,PXD028488/search_results/Enrichment-Search files/TALL-NALAC-Search files/proteins.csv Sample 2 cancer_cells,10,0.333333333333333
KlaPathways,MMR,Pro,PXD028488,cancer_cells,PXD028488/search_results/Enrichment-Search files/TALL-NALAC-Search files/proteins.csv Sample 3 cancer_cells,12.9032258064516,0.333333333333333
KlaPathways,MMR,Pro,PXD050147,cancer_cells,PXD050147/search_results/Lactyl_K_Sites.txt SIRT1KO_rep1 cancer_cells,7.07547169811321,0.111111111111111
KlaPathways,MMR,Pro,PXD050147,cancer_cells,PXD050147/search_results/Lactyl_K_Sites.txt SIRT1KO_rep2 cancer_cells,6.88073394495413,0.111111111111111
KlaPathways,MMR,Pro,PXD050147,cancer_cells,PXD050147/search_results/Lactyl_K_Sites.txt SIRT1KO_rep3 cancer_cells,8.12182741116751,0.111111111111111
KlaPathways,MMR,Pro,PXD050147,cancer_cells,PXD050147/search_results/Lactyl_K_Sites.txt SIRT3KO_rep1 cancer_cells,7.47663551401869,0.111111111111111
KlaPathways,MMR,Pro,PXD050147,cancer_cells,PXD050147/search_results/Lactyl_K_Sites.txt SIRT3KO_rep2 cancer_cells,7.4468085106383,0.111111111111111
KlaPathways,MMR,Pro,PXD050147,cancer_cells,PXD050147/search_results/Lactyl_K_Sites.txt SIRT3KO_rep3 cancer_cells,7.17488789237668,0.111111111111111
KlaPathways,MMR,Pro,PXD050147,cancer_cells,PXD050147/search_results/Lactyl_K_Sites.txt WT_rep1 cancer_cells,9.02777777777778,0.111111111111111
KlaPathways,MMR,Pro,PXD050147,cancer_cells,PXD050147/search_results/Lactyl_K_Sites.txt WT_rep2 cancer_cells,9.28571428571429,0.111111111111111
KlaPathways,MMR,Pro,PXD050147,cancer_cells,PXD050147/search_results/Lactyl_K_Sites.txt WT_rep3 cancer_cells,9.49367088607595,0.111111111111111
KlaPathways,MMR,Pro,PXD054919,cancer_cells,PXD054919/supplementary/41419_2025_8113_MOESM2_ESM.xlsx A549-1 cancer_cells,9.09090909090909,0.333333333333333
KlaPathways,MMR,Pro,PXD054919,cancer_cells,PXD054919/supplementary/41419_2025_8113_MOESM2_ESM.xlsx A549-2 cancer_cells,7.82608695652174,0.333333333333333
KlaPathways,MMR,Pro,PXD054919,cancer_cells,PXD054919/supplementary/41419_2025_8113_MOESM2_ESM.xlsx A549-3 cancer_cells,7.82608695652174,0.333333333333333
KlaPathways,MMR,Pro,PXD060185,cancer_cells,PXD060185/search_results/RESULT/combined/txt/La (K)Sites.txt B cancer_cells,6.63265306122449,0.333333333333333
KlaPathways,MMR,Pro,PXD060185,cancer_cells,PXD060185/search_results/RESULT/combined/txt/La (K)Sites.txt D cancer_cells,6.91823899371069,0.333333333333333
KlaPathways,MMR,Pro,PXD063266,cancer_cells,PXD063266/search_results/LactylSites.xlsx 1 cancer_cells,4.87804878048781,0.333333333333333
KlaPathways,MMR,Pro,PXD063266,cancer_cells,PXD063266/search_results/LactylSites.xlsx 2 cancer_cells,8.33333333333333,0.333333333333333
KlaPathways,MMR,Pro,PXD063266,cancer_cells,PXD063266/search_results/LactylSites.xlsx 3 cancer_cells,7.14285714285714,0.333333333333333
KlaPathways,MMR,Pro,PXD028737,normal_cells,PXD028737/search_results/extracted_pairing/combined/combined/txt/La(K)Sites.txt H0 normal_cells,9.02777777777778,0.5
KlaPathways,MMR,Pro,PXD028737,normal_cells,PXD028737/search_results/extracted_pairing/combined/combined/txt/La(K)Sites.txt H24 normal_cells,8.06451612903226,0.5
KlaPathways,MMR,Pro,PXD078736,normal_cells,PXD078736/search_results/txt/La(K)Sites.txt ctr_1 normal_cells,7.61904761904762,0.166666666666667
KlaPathways,MMR,Pro,PXD078736,normal_cells,PXD078736/search_results/txt/La(K)Sites.txt ctr_2 normal_cells,7.76699029126214,0.166666666666667
KlaPathways,MMR,Pro,PXD078736,normal_cells,PXD078736/search_results/txt/La(K)Sites.txt ctr_3 normal_cells,7.61904761904762,0.166666666666667
KlaPathways,MMR,Pro,PXD078736,normal_cells,PXD078736/search_results/txt/La(K)Sites.txt man_1 normal_cells,7.14285714285714,0.166666666666667
KlaPathways,MMR,Pro,PXD078736,normal_cells,PXD078736/search_results/txt/La(K)Sites.txt man_2 normal_cells,7.40740740740741,0.166666666666667
KlaPathways,MMR,Pro,PXD078736,normal_cells,PXD078736/search_results/txt/La(K)Sites.txt man_3 normal_cells,7.40740740740741,0.166666666666667
KlaPathways,MMR,Pro,PXD060185,normal_cells,PXD060185/search_results/RESULT/combined/txt/La (K)Sites.txt C normal_cells,8.69565217391304,1
KlaPathways,MMR,Inh,PXD033146,normal_tissue,PXD033146/search_results/extracted_pairing/search_result-HA119TPLa/La (K)Sites.txt RCT1 normal_tissue,0,0.333333333333333
KlaPathways,MMR,Inh,PXD033146,normal_tissue,PXD033146/search_results/extracted_pairing/search_result-HA119TPLa/La (K)Sites.txt RCT2 normal_tissue,0,0.333333333333333
KlaPathways,MMR,Inh,PXD033146,normal_tissue,PXD033146/search_results/extracted_pairing/search_result-HA119TPLa/La (K)Sites.txt RCT3 normal_tissue,0,0.333333333333333
KlaPathways,MMR,Inh,PXD036307,normal_tissue,PXD036307/search_results/extracted/txt/La (K)Sites.txt PTB340 normal_tissue,0,0.166666666666667
KlaPathways,MMR,Inh,PXD036307,normal_tissue,PXD036307/search_results/extracted/txt/La (K)Sites.txt PTB342 normal_tissue,0,0.166666666666667
KlaPathways,MMR,Inh,PXD036307,normal_tissue,PXD036307/search_results/extracted/txt/La (K)Sites.txt PTB344 normal_tissue,0,0.166666666666667
KlaPathways,MMR,Inh,PXD036307,normal_tissue,PXD036307/search_results/extracted/txt/La (K)Sites.txt PTB346 normal_tissue,0,0.166666666666667
KlaPathways,MMR,Inh,PXD036307,normal_tissue,PXD036307/search_results/extracted/txt/La (K)Sites.txt PTB364 normal_tissue,0,0.166666666666667
KlaPathways,MMR,Inh,PXD036307,normal_tissue,PXD036307/search_results/extracted/txt/La (K)Sites.txt PTB372 normal_tissue,0,0.166666666666667
KlaPathways,MMR,Inh,PXD046800,normal_tissue,PXD046800/search_results/HFX2_LFQ_QB001_Lacty_PeptideGroups.txt HSP1 normal_tissue,0,0.125
KlaPathways,MMR,Inh,PXD046800,normal_tissue,PXD046800/search_results/HFX2_LFQ_QB001_Lacty_PeptideGroups.txt HSP2 normal_tissue,0,0.125
KlaPathways,MMR,Inh,PXD046800,normal_tissue,PXD046800/search_results/HFX2_LFQ_QB001_Lacty_PeptideGroups.txt HSP3 normal_tissue,0,0.125
KlaPathways,MMR,Inh,PXD046800,normal_tissue,PXD046800/search_results/HFX2_LFQ_QB001_Lacty_PeptideGroups.txt HSP4 normal_tissue,0,0.125
KlaPathways,MMR,Inh,PXD046800,normal_tissue,PXD046800/search_results/HFX2_LFQ_QB001_Lacty_PeptideGroups.txt NSP1 normal_tissue,0,0.125
KlaPathways,MMR,Inh,PXD046800,normal_tissue,PXD046800/search_results/HFX2_LFQ_QB001_Lacty_PeptideGroups.txt NSP2 normal_tissue,0,0.125
KlaPathways,MMR,Inh,PXD046800,normal_tissue,PXD046800/search_results/HFX2_LFQ_QB001_Lacty_PeptideGroups.txt NSP3 normal_tissue,0,0.125
KlaPathways,MMR,Inh,PXD046800,normal_tissue,PXD046800/search_results/HFX2_LFQ_QB001_Lacty_PeptideGroups.txt NSP4 normal_tissue,0,0.125
KlaPathways,MMR,Inh,PXD050470,normal_tissue,PXD050470/supplementary/prca2331-sup-0005-tables3.xlsx H072 normal_tissue,0,0.333333333333333
KlaPathways,MMR,Inh,PXD050470,normal_tissue,PXD050470/supplementary/prca2331-sup-0005-tables3.xlsx H081 normal_tissue,0,0.333333333333333
KlaPathways,MMR,Inh,PXD050470,normal_tissue,PXD050470/supplementary/prca2331-sup-0005-tables3.xlsx H187 normal_tissue,0,0.333333333333333
KlaPathways,MMR,Inh,PXD063047,normal_tissue,PXD063047/search_results/extracted/combined/txt/La (K)Sites.txt Con_1 normal_tissue,0,0.333333333333333
KlaPathways,MMR,Inh,PXD063047,normal_tissue,PXD063047/search_results/extracted/combined/txt/La (K)Sites.txt Con_2 normal_tissue,0,0.333333333333333
KlaPathways,MMR,Inh,PXD063047,normal_tissue,PXD063047/search_results/extracted/combined/txt/La (K)Sites.txt Con_3 normal_tissue,0,0.333333333333333
KlaPathways,MMR,Inh,PXD064912,normal_tissue,PXD064912/supplementary/europepmc/mmc1.xlsx Rep 1 normal_tissue,0,0.333333333333333
KlaPathways,MMR,Inh,PXD064912,normal_tissue,PXD064912/supplementary/europepmc/mmc1.xlsx Rep 2 normal_tissue,0,0.333333333333333
KlaPathways,MMR,Inh,PXD064912,normal_tissue,PXD064912/supplementary/europepmc/mmc1.xlsx Rep 3 normal_tissue,0,0.333333333333333
KlaPathways,MMR,Inh,PXD066054,normal_tissue,PXD066054/search_results/extracted/PLa/XB08700B1DPLa_-PTMSiteReport.tsv NAT1 normal_tissue,0,0.2
KlaPathways,MMR,Inh,PXD066054,normal_tissue,PXD066054/search_results/extracted/PLa/XB08700B1DPLa_-PTMSiteReport.tsv NAT2 normal_tissue,0,0.2
KlaPathways,MMR,Inh,PXD066054,normal_tissue,PXD066054/search_results/extracted/PLa/XB08700B1DPLa_-PTMSiteReport.tsv NAT3 normal_tissue,0,0.2
KlaPathways,MMR,Inh,PXD066054,normal_tissue,PXD066054/search_results/extracted/PLa/XB08700B1DPLa_-PTMSiteReport.tsv NAT4 normal_tissue,0,0.2
KlaPathways,MMR,Inh,PXD066054,normal_tissue,PXD066054/search_results/extracted/PLa/XB08700B1DPLa_-PTMSiteReport.tsv NAT5 normal_tissue,0,0.2
KlaPathways,MMR,Inh,PXD064038,cancer_tissue,data/PXD064038/search_results/extracted_pairing/txt/txt/La (K)Sites.txt MEC_1 cancer_tissue,0,0.166666666666667
KlaPathways,MMR,Inh,PXD064038,cancer_tissue,data/PXD064038/search_results/extracted_pairing/txt/txt/La (K)Sites.txt MEC_2 cancer_tissue,0,0.166666666666667
KlaPathways,MMR,Inh,PXD064038,cancer_tissue,data/PXD064038/search_results/extracted_pairing/txt/txt/La (K)Sites.txt MEC_3 cancer_tissue,0,0.166666666666667
KlaPathways,MMR,Inh,PXD064038,cancer_tissue,data/PXD064038/search_results/extracted_pairing/txt/txt/La (K)Sites.txt NEC_1 cancer_tissue,0,0.166666666666667
KlaPathways,MMR,Inh,PXD064038,cancer_tissue,data/PXD064038/search_results/extracted_pairing/txt/txt/La (K)Sites.txt NEC_2 cancer_tissue,0,0.166666666666667
KlaPathways,MMR,Inh,PXD064038,cancer_tissue,data/PXD064038/search_results/extracted_pairing/txt/txt/La (K)Sites.txt NEC_3 cancer_tissue,0,0.166666666666667
KlaPathways,MMR,Inh,PXD066054,cancer_tissue,PXD066054/search_results/extracted/PLa/XB08700B1DPLa_-PTMSiteReport.tsv PCa1 cancer_tissue,0,0.2
KlaPathways,MMR,Inh,PXD066054,cancer_tissue,PXD066054/search_results/extracted/PLa/XB08700B1DPLa_-PTMSiteReport.tsv PCa2 cancer_tissue,0,0.2
KlaPathways,MMR,Inh,PXD066054,cancer_tissue,PXD066054/search_results/extracted/PLa/XB08700B1DPLa_-PTMSiteReport.tsv PCa3 cancer_tissue,0,0.2
KlaPathways,MMR,Inh,PXD066054,cancer_tissue,PXD066054/search_results/extracted/PLa/XB08700B1DPLa_-PTMSiteReport.tsv PCa4 cancer_tissue,0,0.2
KlaPathways,MMR,Inh,PXD066054,cancer_tissue,PXD066054/search_results/extracted/PLa/XB08700B1DPLa_-PTMSiteReport.tsv PCa5 cancer_tissue,0,0.2
KlaPathways,MMR,Inh,PXD060185,cancer_cells,PXD060185/search_results/RESULT/combined/txt/La (K)Sites.txt A cancer_cells,0,0.333333333333333
KlaPathways,MMR,Inh,PXD028488,cancer_cells,PXD028488/search_results/Enrichment-Search files/TALL-NALAC-Search files/proteins.csv Sample 1 cancer_cells,0,0.333333333333333
KlaPathways,MMR,Inh,PXD028488,cancer_cells,PXD028488/search_results/Enrichment-Search files/TALL-NALAC-Search files/proteins.csv Sample 2 cancer_cells,0,0.333333333333333
KlaPathways,MMR,Inh,PXD028488,cancer_cells,PXD028488/search_results/Enrichment-Search files/TALL-NALAC-Search files/proteins.csv Sample 3 cancer_cells,0,0.333333333333333
KlaPathways,MMR,Inh,PXD050147,cancer_cells,PXD050147/search_results/Lactyl_K_Sites.txt SIRT1KO_rep1 cancer_cells,0,0.111111111111111
KlaPathways,MMR,Inh,PXD050147,cancer_cells,PXD050147/search_results/Lactyl_K_Sites.txt SIRT1KO_rep2 cancer_cells,0,0.111111111111111
KlaPathways,MMR,Inh,PXD050147,cancer_cells,PXD050147/search_results/Lactyl_K_Sites.txt SIRT1KO_rep3 cancer_cells,0,0.111111111111111
KlaPathways,MMR,Inh,PXD050147,cancer_cells,PXD050147/search_results/Lactyl_K_Sites.txt SIRT3KO_rep1 cancer_cells,0,0.111111111111111
KlaPathways,MMR,Inh,PXD050147,cancer_cells,PXD050147/search_results/Lactyl_K_Sites.txt SIRT3KO_rep2 cancer_cells,0,0.111111111111111
KlaPathways,MMR,Inh,PXD050147,cancer_cells,PXD050147/search_results/Lactyl_K_Sites.txt SIRT3KO_rep3 cancer_cells,0,0.111111111111111
KlaPathways,MMR,Inh,PXD050147,cancer_cells,PXD050147/search_results/Lactyl_K_Sites.txt WT_rep1 cancer_cells,0,0.111111111111111
KlaPathways,MMR,Inh,PXD050147,cancer_cells,PXD050147/search_results/Lactyl_K_Sites.txt WT_rep2 cancer_cells,0,0.111111111111111
KlaPathways,MMR,Inh,PXD050147,cancer_cells,PXD050147/search_results/Lactyl_K_Sites.txt WT_rep3 cancer_cells,0,0.111111111111111
KlaPathways,MMR,Inh,PXD054919,cancer_cells,PXD054919/supplementary/41419_2025_8113_MOESM2_ESM.xlsx A549-1 cancer_cells,0,0.333333333333333
KlaPathways,MMR,Inh,PXD054919,cancer_cells,PXD054919/supplementary/41419_2025_8113_MOESM2_ESM.xlsx A549-2 cancer_cells,0,0.333333333333333
KlaPathways,MMR,Inh,PXD054919,cancer_cells,PXD054919/supplementary/41419_2025_8113_MOESM2_ESM.xlsx A549-3 cancer_cells,0,0.333333333333333
KlaPathways,MMR,Inh,PXD060185,cancer_cells,PXD060185/search_results/RESULT/combined/txt/La (K)Sites.txt B cancer_cells,0,0.333333333333333
KlaPathways,MMR,Inh,PXD060185,cancer_cells,PXD060185/search_results/RESULT/combined/txt/La (K)Sites.txt D cancer_cells,0,0.333333333333333
KlaPathways,MMR,Inh,PXD063266,cancer_cells,PXD063266/search_results/LactylSites.xlsx 1 cancer_cells,0,0.333333333333333
KlaPathways,MMR,Inh,PXD063266,cancer_cells,PXD063266/search_results/LactylSites.xlsx 2 cancer_cells,0,0.333333333333333
KlaPathways,MMR,Inh,PXD063266,cancer_cells,PXD063266/search_results/LactylSites.xlsx 3 cancer_cells,0,0.333333333333333
KlaPathways,MMR,Inh,PXD028737,normal_cells,PXD028737/search_results/extracted_pairing/combined/combined/txt/La(K)Sites.txt H0 normal_cells,0,0.5
KlaPathways,MMR,Inh,PXD028737,normal_cells,PXD028737/search_results/extracted_pairing/combined/combined/txt/La(K)Sites.txt H24 normal_cells,0,0.5
KlaPathways,MMR,Inh,PXD078736,normal_cells,PXD078736/search_results/txt/La(K)Sites.txt ctr_1 normal_cells,0,0.166666666666667
KlaPathways,MMR,Inh,PXD078736,normal_cells,PXD078736/search_results/txt/La(K)Sites.txt ctr_2 normal_cells,0,0.166666666666667
KlaPathways,MMR,Inh,PXD078736,normal_cells,PXD078736/search_results/txt/La(K)Sites.txt ctr_3 normal_cells,0,0.166666666666667
KlaPathways,MMR,Inh,PXD078736,normal_cells,PXD078736/search_results/txt/La(K)Sites.txt man_1 normal_cells,0,0.166666666666667
KlaPathways,MMR,Inh,PXD078736,normal_cells,PXD078736/search_results/txt/La(K)Sites.txt man_2 normal_cells,0,0.166666666666667
KlaPathways,MMR,Inh,PXD078736,normal_cells,PXD078736/search_results/txt/La(K)Sites.txt man_3 normal_cells,0,0.166666666666667
KlaPathways,MMR,Inh,PXD060185,normal_cells,PXD060185/search_results/RESULT/combined/txt/La (K)Sites.txt C normal_cells,0,1
KlaPathways,FA,Pro,PXD033146,normal_tissue,PXD033146/search_results/extracted_pairing/search_result-HA119TPLa/La (K)Sites.txt RCT1 normal_tissue,0,0.333333333333333
KlaPathways,FA,Pro,PXD033146,normal_tissue,PXD033146/search_results/extracted_pairing/search_result-HA119TPLa/La (K)Sites.txt RCT2 normal_tissue,0,0.333333333333333
KlaPathways,FA,Pro,PXD033146,normal_tissue,PXD033146/search_results/extracted_pairing/search_result-HA119TPLa/La (K)Sites.txt RCT3 normal_tissue,0,0.333333333333333
KlaPathways,FA,Pro,PXD036307,normal_tissue,PXD036307/search_results/extracted/txt/La (K)Sites.txt PTB340 normal_tissue,0,0.166666666666667
KlaPathways,FA,Pro,PXD036307,normal_tissue,PXD036307/search_results/extracted/txt/La (K)Sites.txt PTB342 normal_tissue,0,0.166666666666667
KlaPathways,FA,Pro,PXD036307,normal_tissue,PXD036307/search_results/extracted/txt/La (K)Sites.txt PTB344 normal_tissue,0,0.166666666666667
KlaPathways,FA,Pro,PXD036307,normal_tissue,PXD036307/search_results/extracted/txt/La (K)Sites.txt PTB346 normal_tissue,0,0.166666666666667
KlaPathways,FA,Pro,PXD036307,normal_tissue,PXD036307/search_results/extracted/txt/La (K)Sites.txt PTB364 normal_tissue,0,0.166666666666667
KlaPathways,FA,Pro,PXD036307,normal_tissue,PXD036307/search_results/extracted/txt/La (K)Sites.txt PTB372 normal_tissue,0,0.166666666666667
KlaPathways,FA,Pro,PXD046800,normal_tissue,PXD046800/search_results/HFX2_LFQ_QB001_Lacty_PeptideGroups.txt HSP1 normal_tissue,0,0.125
KlaPathways,FA,Pro,PXD046800,normal_tissue,PXD046800/search_results/HFX2_LFQ_QB001_Lacty_PeptideGroups.txt HSP2 normal_tissue,7.69230769230769,0.125
KlaPathways,FA,Pro,PXD046800,normal_tissue,PXD046800/search_results/HFX2_LFQ_QB001_Lacty_PeptideGroups.txt HSP3 normal_tissue,0,0.125
KlaPathways,FA,Pro,PXD046800,normal_tissue,PXD046800/search_results/HFX2_LFQ_QB001_Lacty_PeptideGroups.txt HSP4 normal_tissue,0,0.125
KlaPathways,FA,Pro,PXD046800,normal_tissue,PXD046800/search_results/HFX2_LFQ_QB001_Lacty_PeptideGroups.txt NSP1 normal_tissue,3.57142857142857,0.125
KlaPathways,FA,Pro,PXD046800,normal_tissue,PXD046800/search_results/HFX2_LFQ_QB001_Lacty_PeptideGroups.txt NSP2 normal_tissue,4.54545454545455,0.125
KlaPathways,FA,Pro,PXD046800,normal_tissue,PXD046800/search_results/HFX2_LFQ_QB001_Lacty_PeptideGroups.txt NSP3 normal_tissue,0,0.125
KlaPathways,FA,Pro,PXD046800,normal_tissue,PXD046800/search_results/HFX2_LFQ_QB001_Lacty_PeptideGroups.txt NSP4 normal_tissue,5.26315789473684,0.125
KlaPathways,FA,Pro,PXD050470,normal_tissue,PXD050470/supplementary/prca2331-sup-0005-tables3.xlsx H072 normal_tissue,3.44827586206897,0.333333333333333
KlaPathways,FA,Pro,PXD050470,normal_tissue,PXD050470/supplementary/prca2331-sup-0005-tables3.xlsx H081 normal_tissue,3.44827586206897,0.333333333333333
KlaPathways,FA,Pro,PXD050470,normal_tissue,PXD050470/supplementary/prca2331-sup-0005-tables3.xlsx H187 normal_tissue,3.44827586206897,0.333333333333333
KlaPathways,FA,Pro,PXD063047,normal_tissue,PXD063047/search_results/extracted/combined/txt/La (K)Sites.txt Con_1 normal_tissue,0,0.333333333333333
KlaPathways,FA,Pro,PXD063047,normal_tissue,PXD063047/search_results/extracted/combined/txt/La (K)Sites.txt Con_2 normal_tissue,0,0.333333333333333
KlaPathways,FA,Pro,PXD063047,normal_tissue,PXD063047/search_results/extracted/combined/txt/La (K)Sites.txt Con_3 normal_tissue,0,0.333333333333333
KlaPathways,FA,Pro,PXD064912,normal_tissue,PXD064912/supplementary/europepmc/mmc1.xlsx Rep 1 normal_tissue,20,0.333333333333333
KlaPathways,FA,Pro,PXD064912,normal_tissue,PXD064912/supplementary/europepmc/mmc1.xlsx Rep 2 normal_tissue,28.5714285714286,0.333333333333333
KlaPathways,FA,Pro,PXD064912,normal_tissue,PXD064912/supplementary/europepmc/mmc1.xlsx Rep 3 normal_tissue,28.5714285714286,0.333333333333333
KlaPathways,FA,Pro,PXD066054,normal_tissue,PXD066054/search_results/extracted/PLa/XB08700B1DPLa_-PTMSiteReport.tsv NAT1 normal_tissue,5,0.2
KlaPathways,FA,Pro,PXD066054,normal_tissue,PXD066054/search_results/extracted/PLa/XB08700B1DPLa_-PTMSiteReport.tsv NAT2 normal_tissue,5.26315789473684,0.2
KlaPathways,FA,Pro,PXD066054,normal_tissue,PXD066054/search_results/extracted/PLa/XB08700B1DPLa_-PTMSiteReport.tsv NAT3 normal_tissue,5.42635658914729,0.2
KlaPathways,FA,Pro,PXD066054,normal_tissue,PXD066054/search_results/extracted/PLa/XB08700B1DPLa_-PTMSiteReport.tsv NAT4 normal_tissue,5.34351145038168,0.2
KlaPathways,FA,Pro,PXD066054,normal_tissue,PXD066054/search_results/extracted/PLa/XB08700B1DPLa_-PTMSiteReport.tsv NAT5 normal_tissue,5.34351145038168,0.2
KlaPathways,FA,Pro,PXD064038,cancer_tissue,data/PXD064038/search_results/extracted_pairing/txt/txt/La (K)Sites.txt MEC_1 cancer_tissue,6.15384615384615,0.166666666666667
KlaPathways,FA,Pro,PXD064038,cancer_tissue,data/PXD064038/search_results/extracted_pairing/txt/txt/La (K)Sites.txt MEC_2 cancer_tissue,4.91803278688525,0.166666666666667
KlaPathways,FA,Pro,PXD064038,cancer_tissue,data/PXD064038/search_results/extracted_pairing/txt/txt/La (K)Sites.txt MEC_3 cancer_tissue,5.06329113924051,0.166666666666667
KlaPathways,FA,Pro,PXD064038,cancer_tissue,data/PXD064038/search_results/extracted_pairing/txt/txt/La (K)Sites.txt NEC_1 cancer_tissue,0,0.166666666666667
KlaPathways,FA,Pro,PXD064038,cancer_tissue,data/PXD064038/search_results/extracted_pairing/txt/txt/La (K)Sites.txt NEC_2 cancer_tissue,3.7037037037037,0.166666666666667
KlaPathways,FA,Pro,PXD064038,cancer_tissue,data/PXD064038/search_results/extracted_pairing/txt/txt/La (K)Sites.txt NEC_3 cancer_tissue,3.03030303030303,0.166666666666667
KlaPathways,FA,Pro,PXD066054,cancer_tissue,PXD066054/search_results/extracted/PLa/XB08700B1DPLa_-PTMSiteReport.tsv PCa1 cancer_tissue,5.10948905109489,0.2
KlaPathways,FA,Pro,PXD066054,cancer_tissue,PXD066054/search_results/extracted/PLa/XB08700B1DPLa_-PTMSiteReport.tsv PCa2 cancer_tissue,4.7244094488189,0.2
KlaPathways,FA,Pro,PXD066054,cancer_tissue,PXD066054/search_results/extracted/PLa/XB08700B1DPLa_-PTMSiteReport.tsv PCa3 cancer_tissue,4.9645390070922,0.2
KlaPathways,FA,Pro,PXD066054,cancer_tissue,PXD066054/search_results/extracted/PLa/XB08700B1DPLa_-PTMSiteReport.tsv PCa4 cancer_tissue,5.10948905109489,0.2
KlaPathways,FA,Pro,PXD066054,cancer_tissue,PXD066054/search_results/extracted/PLa/XB08700B1DPLa_-PTMSiteReport.tsv PCa5 cancer_tissue,4.8951048951049,0.2
KlaPathways,FA,Pro,PXD060185,cancer_cells,PXD060185/search_results/RESULT/combined/txt/La (K)Sites.txt A cancer_cells,7.57575757575758,0.333333333333333
KlaPathways,FA,Pro,PXD028488,cancer_cells,PXD028488/search_results/Enrichment-Search files/TALL-NALAC-Search files/proteins.csv Sample 1 cancer_cells,0,0.333333333333333
KlaPathways,FA,Pro,PXD028488,cancer_cells,PXD028488/search_results/Enrichment-Search files/TALL-NALAC-Search files/proteins.csv Sample 2 cancer_cells,0,0.333333333333333
KlaPathways,FA,Pro,PXD028488,cancer_cells,PXD028488/search_results/Enrichment-Search files/TALL-NALAC-Search files/proteins.csv Sample 3 cancer_cells,0,0.333333333333333
KlaPathways,FA,Pro,PXD050147,cancer_cells,PXD050147/search_results/Lactyl_K_Sites.txt SIRT1KO_rep1 cancer_cells,9.43396226415094,0.111111111111111
KlaPathways,FA,Pro,PXD050147,cancer_cells,PXD050147/search_results/Lactyl_K_Sites.txt SIRT1KO_rep2 cancer_cells,9.1743119266055,0.111111111111111
KlaPathways,FA,Pro,PXD050147,cancer_cells,PXD050147/search_results/Lactyl_K_Sites.txt SIRT1KO_rep3 cancer_cells,9.64467005076142,0.111111111111111
KlaPathways,FA,Pro,PXD050147,cancer_cells,PXD050147/search_results/Lactyl_K_Sites.txt SIRT3KO_rep1 cancer_cells,8.8785046728972,0.111111111111111
KlaPathways,FA,Pro,PXD050147,cancer_cells,PXD050147/search_results/Lactyl_K_Sites.txt SIRT3KO_rep2 cancer_cells,8.51063829787234,0.111111111111111
KlaPathways,FA,Pro,PXD050147,cancer_cells,PXD050147/search_results/Lactyl_K_Sites.txt SIRT3KO_rep3 cancer_cells,8.96860986547085,0.111111111111111
KlaPathways,FA,Pro,PXD050147,cancer_cells,PXD050147/search_results/Lactyl_K_Sites.txt WT_rep1 cancer_cells,6.94444444444445,0.111111111111111
KlaPathways,FA,Pro,PXD050147,cancer_cells,PXD050147/search_results/Lactyl_K_Sites.txt WT_rep2 cancer_cells,8.57142857142857,0.111111111111111
KlaPathways,FA,Pro,PXD050147,cancer_cells,PXD050147/search_results/Lactyl_K_Sites.txt WT_rep3 cancer_cells,6.32911392405063,0.111111111111111
KlaPathways,FA,Pro,PXD054919,cancer_cells,PXD054919/supplementary/41419_2025_8113_MOESM2_ESM.xlsx A549-1 cancer_cells,7.27272727272727,0.333333333333333
KlaPathways,FA,Pro,PXD054919,cancer_cells,PXD054919/supplementary/41419_2025_8113_MOESM2_ESM.xlsx A549-2 cancer_cells,7.82608695652174,0.333333333333333
KlaPathways,FA,Pro,PXD054919,cancer_cells,PXD054919/supplementary/41419_2025_8113_MOESM2_ESM.xlsx A549-3 cancer_cells,7.82608695652174,0.333333333333333
KlaPathways,FA,Pro,PXD060185,cancer_cells,PXD060185/search_results/RESULT/combined/txt/La (K)Sites.txt B cancer_cells,9.18367346938776,0.333333333333333
KlaPathways,FA,Pro,PXD060185,cancer_cells,PXD060185/search_results/RESULT/combined/txt/La (K)Sites.txt D cancer_cells,6.28930817610063,0.333333333333333
KlaPathways,FA,Pro,PXD063266,cancer_cells,PXD063266/search_results/LactylSites.xlsx 1 cancer_cells,2.4390243902439,0.333333333333333
KlaPathways,FA,Pro,PXD063266,cancer_cells,PXD063266/search_results/LactylSites.xlsx 2 cancer_cells,0,0.333333333333333
KlaPathways,FA,Pro,PXD063266,cancer_cells,PXD063266/search_results/LactylSites.xlsx 3 cancer_cells,3.57142857142857,0.333333333333333
KlaPathways,FA,Pro,PXD028737,normal_cells,PXD028737/search_results/extracted_pairing/combined/combined/txt/La(K)Sites.txt H0 normal_cells,6.94444444444445,0.5
KlaPathways,FA,Pro,PXD028737,normal_cells,PXD028737/search_results/extracted_pairing/combined/combined/txt/La(K)Sites.txt H24 normal_cells,5.64516129032258,0.5
KlaPathways,FA,Pro,PXD078736,normal_cells,PXD078736/search_results/txt/La(K)Sites.txt ctr_1 normal_cells,5.71428571428571,0.166666666666667
KlaPathways,FA,Pro,PXD078736,normal_cells,PXD078736/search_results/txt/La(K)Sites.txt ctr_2 normal_cells,6.79611650485437,0.166666666666667
KlaPathways,FA,Pro,PXD078736,normal_cells,PXD078736/search_results/txt/La(K)Sites.txt ctr_3 normal_cells,8.57142857142857,0.166666666666667
KlaPathways,FA,Pro,PXD078736,normal_cells,PXD078736/search_results/txt/La(K)Sites.txt man_1 normal_cells,3.57142857142857,0.166666666666667
KlaPathways,FA,Pro,PXD078736,normal_cells,PXD078736/search_results/txt/La(K)Sites.txt man_2 normal_cells,1.85185185185185,0.166666666666667
KlaPathways,FA,Pro,PXD078736,normal_cells,PXD078736/search_results/txt/La(K)Sites.txt man_3 normal_cells,1.85185185185185,0.166666666666667
KlaPathways,FA,Pro,PXD060185,normal_cells,PXD060185/search_results/RESULT/combined/txt/La (K)Sites.txt C normal_cells,6.95652173913044,1
KlaPathways,FA,Inh,PXD033146,normal_tissue,PXD033146/search_results/extracted_pairing/search_result-HA119TPLa/La (K)Sites.txt RCT1 normal_tissue,0,0.333333333333333
KlaPathways,FA,Inh,PXD033146,normal_tissue,PXD033146/search_results/extracted_pairing/search_result-HA119TPLa/La (K)Sites.txt RCT2 normal_tissue,0,0.333333333333333
KlaPathways,FA,Inh,PXD033146,normal_tissue,PXD033146/search_results/extracted_pairing/search_result-HA119TPLa/La (K)Sites.txt RCT3 normal_tissue,0,0.333333333333333
KlaPathways,FA,Inh,PXD036307,normal_tissue,PXD036307/search_results/extracted/txt/La (K)Sites.txt PTB340 normal_tissue,0,0.166666666666667
KlaPathways,FA,Inh,PXD036307,normal_tissue,PXD036307/search_results/extracted/txt/La (K)Sites.txt PTB342 normal_tissue,0,0.166666666666667
KlaPathways,FA,Inh,PXD036307,normal_tissue,PXD036307/search_results/extracted/txt/La (K)Sites.txt PTB344 normal_tissue,0,0.166666666666667
KlaPathways,FA,Inh,PXD036307,normal_tissue,PXD036307/search_results/extracted/txt/La (K)Sites.txt PTB346 normal_tissue,0,0.166666666666667
KlaPathways,FA,Inh,PXD036307,normal_tissue,PXD036307/search_results/extracted/txt/La (K)Sites.txt PTB364 normal_tissue,0,0.166666666666667
KlaPathways,FA,Inh,PXD036307,normal_tissue,PXD036307/search_results/extracted/txt/La (K)Sites.txt PTB372 normal_tissue,0,0.166666666666667
KlaPathways,FA,Inh,PXD046800,normal_tissue,PXD046800/search_results/HFX2_LFQ_QB001_Lacty_PeptideGroups.txt HSP1 normal_tissue,0,0.125
KlaPathways,FA,Inh,PXD046800,normal_tissue,PXD046800/search_results/HFX2_LFQ_QB001_Lacty_PeptideGroups.txt HSP2 normal_tissue,0,0.125
KlaPathways,FA,Inh,PXD046800,normal_tissue,PXD046800/search_results/HFX2_LFQ_QB001_Lacty_PeptideGroups.txt HSP3 normal_tissue,0,0.125
KlaPathways,FA,Inh,PXD046800,normal_tissue,PXD046800/search_results/HFX2_LFQ_QB001_Lacty_PeptideGroups.txt HSP4 normal_tissue,0,0.125
KlaPathways,FA,Inh,PXD046800,normal_tissue,PXD046800/search_results/HFX2_LFQ_QB001_Lacty_PeptideGroups.txt NSP1 normal_tissue,0,0.125
KlaPathways,FA,Inh,PXD046800,normal_tissue,PXD046800/search_results/HFX2_LFQ_QB001_Lacty_PeptideGroups.txt NSP2 normal_tissue,0,0.125
KlaPathways,FA,Inh,PXD046800,normal_tissue,PXD046800/search_results/HFX2_LFQ_QB001_Lacty_PeptideGroups.txt NSP3 normal_tissue,0,0.125
KlaPathways,FA,Inh,PXD046800,normal_tissue,PXD046800/search_results/HFX2_LFQ_QB001_Lacty_PeptideGroups.txt NSP4 normal_tissue,0,0.125
KlaPathways,FA,Inh,PXD050470,normal_tissue,PXD050470/supplementary/prca2331-sup-0005-tables3.xlsx H072 normal_tissue,0,0.333333333333333
KlaPathways,FA,Inh,PXD050470,normal_tissue,PXD050470/supplementary/prca2331-sup-0005-tables3.xlsx H081 normal_tissue,0,0.333333333333333
KlaPathways,FA,Inh,PXD050470,normal_tissue,PXD050470/supplementary/prca2331-sup-0005-tables3.xlsx H187 normal_tissue,0,0.333333333333333
KlaPathways,FA,Inh,PXD063047,normal_tissue,PXD063047/search_results/extracted/combined/txt/La (K)Sites.txt Con_1 normal_tissue,0,0.333333333333333
KlaPathways,FA,Inh,PXD063047,normal_tissue,PXD063047/search_results/extracted/combined/txt/La (K)Sites.txt Con_2 normal_tissue,0,0.333333333333333
KlaPathways,FA,Inh,PXD063047,normal_tissue,PXD063047/search_results/extracted/combined/txt/La (K)Sites.txt Con_3 normal_tissue,0,0.333333333333333
KlaPathways,FA,Inh,PXD064912,normal_tissue,PXD064912/supplementary/europepmc/mmc1.xlsx Rep 1 normal_tissue,0,0.333333333333333
KlaPathways,FA,Inh,PXD064912,normal_tissue,PXD064912/supplementary/europepmc/mmc1.xlsx Rep 2 normal_tissue,0,0.333333333333333
KlaPathways,FA,Inh,PXD064912,normal_tissue,PXD064912/supplementary/europepmc/mmc1.xlsx Rep 3 normal_tissue,0,0.333333333333333
KlaPathways,FA,Inh,PXD066054,normal_tissue,PXD066054/search_results/extracted/PLa/XB08700B1DPLa_-PTMSiteReport.tsv NAT1 normal_tissue,0,0.2
KlaPathways,FA,Inh,PXD066054,normal_tissue,PXD066054/search_results/extracted/PLa/XB08700B1DPLa_-PTMSiteReport.tsv NAT2 normal_tissue,0,0.2
KlaPathways,FA,Inh,PXD066054,normal_tissue,PXD066054/search_results/extracted/PLa/XB08700B1DPLa_-PTMSiteReport.tsv NAT3 normal_tissue,0,0.2
KlaPathways,FA,Inh,PXD066054,normal_tissue,PXD066054/search_results/extracted/PLa/XB08700B1DPLa_-PTMSiteReport.tsv NAT4 normal_tissue,0,0.2
KlaPathways,FA,Inh,PXD066054,normal_tissue,PXD066054/search_results/extracted/PLa/XB08700B1DPLa_-PTMSiteReport.tsv NAT5 normal_tissue,0,0.2
KlaPathways,FA,Inh,PXD064038,cancer_tissue,data/PXD064038/search_results/extracted_pairing/txt/txt/La (K)Sites.txt MEC_1 cancer_tissue,0,0.166666666666667
KlaPathways,FA,Inh,PXD064038,cancer_tissue,data/PXD064038/search_results/extracted_pairing/txt/txt/La (K)Sites.txt MEC_2 cancer_tissue,0,0.166666666666667
KlaPathways,FA,Inh,PXD064038,cancer_tissue,data/PXD064038/search_results/extracted_pairing/txt/txt/La (K)Sites.txt MEC_3 cancer_tissue,0,0.166666666666667
KlaPathways,FA,Inh,PXD064038,cancer_tissue,data/PXD064038/search_results/extracted_pairing/txt/txt/La (K)Sites.txt NEC_1 cancer_tissue,0,0.166666666666667
KlaPathways,FA,Inh,PXD064038,cancer_tissue,data/PXD064038/search_results/extracted_pairing/txt/txt/La (K)Sites.txt NEC_2 cancer_tissue,0,0.166666666666667
KlaPathways,FA,Inh,PXD064038,cancer_tissue,data/PXD064038/search_results/extracted_pairing/txt/txt/La (K)Sites.txt NEC_3 cancer_tissue,0,0.166666666666667
KlaPathways,FA,Inh,PXD066054,cancer_tissue,PXD066054/search_results/extracted/PLa/XB08700B1DPLa_-PTMSiteReport.tsv PCa1 cancer_tissue,0,0.2
KlaPathways,FA,Inh,PXD066054,cancer_tissue,PXD066054/search_results/extracted/PLa/XB08700B1DPLa_-PTMSiteReport.tsv PCa2 cancer_tissue,0,0.2
KlaPathways,FA,Inh,PXD066054,cancer_tissue,PXD066054/search_results/extracted/PLa/XB08700B1DPLa_-PTMSiteReport.tsv PCa3 cancer_tissue,0,0.2
KlaPathways,FA,Inh,PXD066054,cancer_tissue,PXD066054/search_results/extracted/PLa/XB08700B1DPLa_-PTMSiteReport.tsv PCa4 cancer_tissue,0,0.2
KlaPathways,FA,Inh,PXD066054,cancer_tissue,PXD066054/search_results/extracted/PLa/XB08700B1DPLa_-PTMSiteReport.tsv PCa5 cancer_tissue,0,0.2
KlaPathways,FA,Inh,PXD060185,cancer_cells,PXD060185/search_results/RESULT/combined/txt/La (K)Sites.txt A cancer_cells,0,0.333333333333333
KlaPathways,FA,Inh,PXD028488,cancer_cells,PXD028488/search_results/Enrichment-Search files/TALL-NALAC-Search files/proteins.csv Sample 1 cancer_cells,0,0.333333333333333
KlaPathways,FA,Inh,PXD028488,cancer_cells,PXD028488/search_results/Enrichment-Search files/TALL-NALAC-Search files/proteins.csv Sample 2 cancer_cells,0,0.333333333333333
KlaPathways,FA,Inh,PXD028488,cancer_cells,PXD028488/search_results/Enrichment-Search files/TALL-NALAC-Search files/proteins.csv Sample 3 cancer_cells,0,0.333333333333333
KlaPathways,FA,Inh,PXD050147,cancer_cells,PXD050147/search_results/Lactyl_K_Sites.txt SIRT1KO_rep1 cancer_cells,0,0.111111111111111
KlaPathways,FA,Inh,PXD050147,cancer_cells,PXD050147/search_results/Lactyl_K_Sites.txt SIRT1KO_rep2 cancer_cells,0,0.111111111111111
KlaPathways,FA,Inh,PXD050147,cancer_cells,PXD050147/search_results/Lactyl_K_Sites.txt SIRT1KO_rep3 cancer_cells,0,0.111111111111111
KlaPathways,FA,Inh,PXD050147,cancer_cells,PXD050147/search_results/Lactyl_K_Sites.txt SIRT3KO_rep1 cancer_cells,0,0.111111111111111
KlaPathways,FA,Inh,PXD050147,cancer_cells,PXD050147/search_results/Lactyl_K_Sites.txt SIRT3KO_rep2 cancer_cells,0,0.111111111111111
KlaPathways,FA,Inh,PXD050147,cancer_cells,PXD050147/search_results/Lactyl_K_Sites.txt SIRT3KO_rep3 cancer_cells,0,0.111111111111111
KlaPathways,FA,Inh,PXD050147,cancer_cells,PXD050147/search_results/Lactyl_K_Sites.txt WT_rep1 cancer_cells,0,0.111111111111111
KlaPathways,FA,Inh,PXD050147,cancer_cells,PXD050147/search_results/Lactyl_K_Sites.txt WT_rep2 cancer_cells,0,0.111111111111111
KlaPathways,FA,Inh,PXD050147,cancer_cells,PXD050147/search_results/Lactyl_K_Sites.txt WT_rep3 cancer_cells,0,0.111111111111111
KlaPathways,FA,Inh,PXD054919,cancer_cells,PXD054919/supplementary/41419_2025_8113_MOESM2_ESM.xlsx A549-1 cancer_cells,0,0.333333333333333
KlaPathways,FA,Inh,PXD054919,cancer_cells,PXD054919/supplementary/41419_2025_8113_MOESM2_ESM.xlsx A549-2 cancer_cells,0,0.333333333333333
KlaPathways,FA,Inh,PXD054919,cancer_cells,PXD054919/supplementary/41419_2025_8113_MOESM2_ESM.xlsx A549-3 cancer_cells,0,0.333333333333333
KlaPathways,FA,Inh,PXD060185,cancer_cells,PXD060185/search_results/RESULT/combined/txt/La (K)Sites.txt B cancer_cells,0,0.333333333333333
KlaPathways,FA,Inh,PXD060185,cancer_cells,PXD060185/search_results/RESULT/combined/txt/La (K)Sites.txt D cancer_cells,0,0.333333333333333
KlaPathways,FA,Inh,PXD063266,cancer_cells,PXD063266/search_results/LactylSites.xlsx 1 cancer_cells,0,0.333333333333333
KlaPathways,FA,Inh,PXD063266,cancer_cells,PXD063266/search_results/LactylSites.xlsx 2 cancer_cells,0,0.333333333333333
KlaPathways,FA,Inh,PXD063266,cancer_cells,PXD063266/search_results/LactylSites.xlsx 3 cancer_cells,0,0.333333333333333
KlaPathways,FA,Inh,PXD028737,normal_cells,PXD028737/search_results/extracted_pairing/combined/combined/txt/La(K)Sites.txt H0 normal_cells,0,0.5
KlaPathways,FA,Inh,PXD028737,normal_cells,PXD028737/search_results/extracted_pairing/combined/combined/txt/La(K)Sites.txt H24 normal_cells,0,0.5
KlaPathways,FA,Inh,PXD078736,normal_cells,PXD078736/search_results/txt/La(K)Sites.txt ctr_1 normal_cells,0,0.166666666666667
KlaPathways,FA,Inh,PXD078736,normal_cells,PXD078736/search_results/txt/La(K)Sites.txt ctr_2 normal_cells,0,0.166666666666667
KlaPathways,FA,Inh,PXD078736,normal_cells,PXD078736/search_results/txt/La(K)Sites.txt ctr_3 normal_cells,0,0.166666666666667
KlaPathways,FA,Inh,PXD078736,normal_cells,PXD078736/search_results/txt/La(K)Sites.txt man_1 normal_cells,0,0.166666666666667
KlaPathways,FA,Inh,PXD078736,normal_cells,PXD078736/search_results/txt/La(K)Sites.txt man_2 normal_cells,0,0.166666666666667
KlaPathways,FA,Inh,PXD078736,normal_cells,PXD078736/search_results/txt/La(K)Sites.txt man_3 normal_cells,0,0.166666666666667
KlaPathways,FA,Inh,PXD060185,normal_cells,PXD060185/search_results/RESULT/combined/txt/La (K)Sites.txt C normal_cells,0,1
KlaPathways,HR,Pro,PXD033146,normal_tissue,PXD033146/search_results/extracted_pairing/search_result-HA119TPLa/La (K)Sites.txt RCT1 normal_tissue,43.4782608695652,0.333333333333333
KlaPathways,HR,Pro,PXD033146,normal_tissue,PXD033146/search_results/extracted_pairing/search_result-HA119TPLa/La (K)Sites.txt RCT2 normal_tissue,43.4782608695652,0.333333333333333
KlaPathways,HR,Pro,PXD033146,normal_tissue,PXD033146/search_results/extracted_pairing/search_result-HA119TPLa/La (K)Sites.txt RCT3 normal_tissue,43.4782608695652,0.333333333333333
KlaPathways,HR,Pro,PXD036307,normal_tissue,PXD036307/search_results/extracted/txt/La (K)Sites.txt PTB340 normal_tissue,33.3333333333333,0.166666666666667
KlaPathways,HR,Pro,PXD036307,normal_tissue,PXD036307/search_results/extracted/txt/La (K)Sites.txt PTB342 normal_tissue,23.8095238095238,0.166666666666667
KlaPathways,HR,Pro,PXD036307,normal_tissue,PXD036307/search_results/extracted/txt/La (K)Sites.txt PTB344 normal_tissue,30.7692307692308,0.166666666666667
KlaPathways,HR,Pro,PXD036307,normal_tissue,PXD036307/search_results/extracted/txt/La (K)Sites.txt PTB346 normal_tissue,19.047619047619,0.166666666666667
KlaPathways,HR,Pro,PXD036307,normal_tissue,PXD036307/search_results/extracted/txt/La (K)Sites.txt PTB364 normal_tissue,18.1818181818182,0.166666666666667
KlaPathways,HR,Pro,PXD036307,normal_tissue,PXD036307/search_results/extracted/txt/La (K)Sites.txt PTB372 normal_tissue,9.09090909090909,0.166666666666667
KlaPathways,HR,Pro,PXD046800,normal_tissue,PXD046800/search_results/HFX2_LFQ_QB001_Lacty_PeptideGroups.txt HSP1 normal_tissue,30.7692307692308,0.125
KlaPathways,HR,Pro,PXD046800,normal_tissue,PXD046800/search_results/HFX2_LFQ_QB001_Lacty_PeptideGroups.txt HSP2 normal_tissue,38.4615384615385,0.125
KlaPathways,HR,Pro,PXD046800,normal_tissue,PXD046800/search_results/HFX2_LFQ_QB001_Lacty_PeptideGroups.txt HSP3 normal_tissue,28.5714285714286,0.125
KlaPathways,HR,Pro,PXD046800,normal_tissue,PXD046800/search_results/HFX2_LFQ_QB001_Lacty_PeptideGroups.txt HSP4 normal_tissue,21.4285714285714,0.125
KlaPathways,HR,Pro,PXD046800,normal_tissue,PXD046800/search_results/HFX2_LFQ_QB001_Lacty_PeptideGroups.txt NSP1 normal_tissue,25,0.125
KlaPathways,HR,Pro,PXD046800,normal_tissue,PXD046800/search_results/HFX2_LFQ_QB001_Lacty_PeptideGroups.txt NSP2 normal_tissue,31.8181818181818,0.125
KlaPathways,HR,Pro,PXD046800,normal_tissue,PXD046800/search_results/HFX2_LFQ_QB001_Lacty_PeptideGroups.txt NSP3 normal_tissue,33.3333333333333,0.125
KlaPathways,HR,Pro,PXD046800,normal_tissue,PXD046800/search_results/HFX2_LFQ_QB001_Lacty_PeptideGroups.txt NSP4 normal_tissue,31.5789473684211,0.125
KlaPathways,HR,Pro,PXD050470,normal_tissue,PXD050470/supplementary/prca2331-sup-0005-tables3.xlsx H072 normal_tissue,24.1379310344828,0.333333333333333
KlaPathways,HR,Pro,PXD050470,normal_tissue,PXD050470/supplementary/prca2331-sup-0005-tables3.xlsx H081 normal_tissue,24.1379310344828,0.333333333333333
KlaPathways,HR,Pro,PXD050470,normal_tissue,PXD050470/supplementary/prca2331-sup-0005-tables3.xlsx H187 normal_tissue,24.1379310344828,0.333333333333333
KlaPathways,HR,Pro,PXD063047,normal_tissue,PXD063047/search_results/extracted/combined/txt/La (K)Sites.txt Con_1 normal_tissue,22.2222222222222,0.333333333333333
KlaPathways,HR,Pro,PXD063047,normal_tissue,PXD063047/search_results/extracted/combined/txt/La (K)Sites.txt Con_2 normal_tissue,22.2222222222222,0.333333333333333
KlaPathways,HR,Pro,PXD063047,normal_tissue,PXD063047/search_results/extracted/combined/txt/La (K)Sites.txt Con_3 normal_tissue,0,0.333333333333333
KlaPathways,HR,Pro,PXD064912,normal_tissue,PXD064912/supplementary/europepmc/mmc1.xlsx Rep 1 normal_tissue,20,0.333333333333333
KlaPathways,HR,Pro,PXD064912,normal_tissue,PXD064912/supplementary/europepmc/mmc1.xlsx Rep 2 normal_tissue,28.5714285714286,0.333333333333333
KlaPathways,HR,Pro,PXD064912,normal_tissue,PXD064912/supplementary/europepmc/mmc1.xlsx Rep 3 normal_tissue,28.5714285714286,0.333333333333333
KlaPathways,HR,Pro,PXD066054,normal_tissue,PXD066054/search_results/extracted/PLa/XB08700B1DPLa_-PTMSiteReport.tsv NAT1 normal_tissue,40.7142857142857,0.2
KlaPathways,HR,Pro,PXD066054,normal_tissue,PXD066054/search_results/extracted/PLa/XB08700B1DPLa_-PTMSiteReport.tsv NAT2 normal_tissue,39.0977443609023,0.2
KlaPathways,HR,Pro,PXD066054,normal_tissue,PXD066054/search_results/extracted/PLa/XB08700B1DPLa_-PTMSiteReport.tsv NAT3 normal_tissue,38.7596899224806,0.2
KlaPathways,HR,Pro,PXD066054,normal_tissue,PXD066054/search_results/extracted/PLa/XB08700B1DPLa_-PTMSiteReport.tsv NAT4 normal_tissue,38.1679389312977,0.2
KlaPathways,HR,Pro,PXD066054,normal_tissue,PXD066054/search_results/extracted/PLa/XB08700B1DPLa_-PTMSiteReport.tsv NAT5 normal_tissue,38.9312977099237,0.2
KlaPathways,HR,Pro,PXD064038,cancer_tissue,data/PXD064038/search_results/extracted_pairing/txt/txt/La (K)Sites.txt MEC_1 cancer_tissue,26.1538461538462,0.166666666666667
KlaPathways,HR,Pro,PXD064038,cancer_tissue,data/PXD064038/search_results/extracted_pairing/txt/txt/La (K)Sites.txt MEC_2 cancer_tissue,27.8688524590164,0.166666666666667
KlaPathways,HR,Pro,PXD064038,cancer_tissue,data/PXD064038/search_results/extracted_pairing/txt/txt/La (K)Sites.txt MEC_3 cancer_tissue,29.1139240506329,0.166666666666667
KlaPathways,HR,Pro,PXD064038,cancer_tissue,data/PXD064038/search_results/extracted_pairing/txt/txt/La (K)Sites.txt NEC_1 cancer_tissue,15.3846153846154,0.166666666666667
KlaPathways,HR,Pro,PXD064038,cancer_tissue,data/PXD064038/search_results/extracted_pairing/txt/txt/La (K)Sites.txt NEC_2 cancer_tissue,25.9259259259259,0.166666666666667
KlaPathways,HR,Pro,PXD064038,cancer_tissue,data/PXD064038/search_results/extracted_pairing/txt/txt/La (K)Sites.txt NEC_3 cancer_tissue,12.1212121212121,0.166666666666667
KlaPathways,HR,Pro,PXD066054,cancer_tissue,PXD066054/search_results/extracted/PLa/XB08700B1DPLa_-PTMSiteReport.tsv PCa1 cancer_tissue,40.1459854014599,0.2
KlaPathways,HR,Pro,PXD066054,cancer_tissue,PXD066054/search_results/extracted/PLa/XB08700B1DPLa_-PTMSiteReport.tsv PCa2 cancer_tissue,40.1574803149606,0.2
KlaPathways,HR,Pro,PXD066054,cancer_tissue,PXD066054/search_results/extracted/PLa/XB08700B1DPLa_-PTMSiteReport.tsv PCa3 cancer_tissue,40.4255319148936,0.2
KlaPathways,HR,Pro,PXD066054,cancer_tissue,PXD066054/search_results/extracted/PLa/XB08700B1DPLa_-PTMSiteReport.tsv PCa4 cancer_tissue,40.1459854014599,0.2
KlaPathways,HR,Pro,PXD066054,cancer_tissue,PXD066054/search_results/extracted/PLa/XB08700B1DPLa_-PTMSiteReport.tsv PCa5 cancer_tissue,40.5594405594406,0.2
KlaPathways,HR,Pro,PXD060185,cancer_cells,PXD060185/search_results/RESULT/combined/txt/La (K)Sites.txt A cancer_cells,39.3939393939394,0.333333333333333
KlaPathways,HR,Pro,PXD028488,cancer_cells,PXD028488/search_results/Enrichment-Search files/TALL-NALAC-Search files/proteins.csv Sample 1 cancer_cells,34.4827586206897,0.333333333333333
KlaPathways,HR,Pro,PXD028488,cancer_cells,PXD028488/search_results/Enrichment-Search files/TALL-NALAC-Search files/proteins.csv Sample 2 cancer_cells,30,0.333333333333333
KlaPathways,HR,Pro,PXD028488,cancer_cells,PXD028488/search_results/Enrichment-Search files/TALL-NALAC-Search files/proteins.csv Sample 3 cancer_cells,29.0322580645161,0.333333333333333
KlaPathways,HR,Pro,PXD050147,cancer_cells,PXD050147/search_results/Lactyl_K_Sites.txt SIRT1KO_rep1 cancer_cells,42.4528301886792,0.111111111111111
KlaPathways,HR,Pro,PXD050147,cancer_cells,PXD050147/search_results/Lactyl_K_Sites.txt SIRT1KO_rep2 cancer_cells,44.0366972477064,0.111111111111111
KlaPathways,HR,Pro,PXD050147,cancer_cells,PXD050147/search_results/Lactyl_K_Sites.txt SIRT1KO_rep3 cancer_cells,42.6395939086294,0.111111111111111
KlaPathways,HR,Pro,PXD050147,cancer_cells,PXD050147/search_results/Lactyl_K_Sites.txt SIRT3KO_rep1 cancer_cells,41.588785046729,0.111111111111111
KlaPathways,HR,Pro,PXD050147,cancer_cells,PXD050147/search_results/Lactyl_K_Sites.txt SIRT3KO_rep2 cancer_cells,42.0212765957447,0.111111111111111
KlaPathways,HR,Pro,PXD050147,cancer_cells,PXD050147/search_results/Lactyl_K_Sites.txt SIRT3KO_rep3 cancer_cells,41.7040358744395,0.111111111111111
KlaPathways,HR,Pro,PXD050147,cancer_cells,PXD050147/search_results/Lactyl_K_Sites.txt WT_rep1 cancer_cells,42.3611111111111,0.111111111111111
KlaPathways,HR,Pro,PXD050147,cancer_cells,PXD050147/search_results/Lactyl_K_Sites.txt WT_rep2 cancer_cells,40,0.111111111111111
KlaPathways,HR,Pro,PXD050147,cancer_cells,PXD050147/search_results/Lactyl_K_Sites.txt WT_rep3 cancer_cells,43.6708860759494,0.111111111111111
KlaPathways,HR,Pro,PXD054919,cancer_cells,PXD054919/supplementary/41419_2025_8113_MOESM2_ESM.xlsx A549-1 cancer_cells,35.4545454545455,0.333333333333333
KlaPathways,HR,Pro,PXD054919,cancer_cells,PXD054919/supplementary/41419_2025_8113_MOESM2_ESM.xlsx A549-2 cancer_cells,34.7826086956522,0.333333333333333
KlaPathways,HR,Pro,PXD054919,cancer_cells,PXD054919/supplementary/41419_2025_8113_MOESM2_ESM.xlsx A549-3 cancer_cells,34.7826086956522,0.333333333333333
KlaPathways,HR,Pro,PXD060185,cancer_cells,PXD060185/search_results/RESULT/combined/txt/La (K)Sites.txt B cancer_cells,39.2857142857143,0.333333333333333
KlaPathways,HR,Pro,PXD060185,cancer_cells,PXD060185/search_results/RESULT/combined/txt/La (K)Sites.txt D cancer_cells,35.2201257861635,0.333333333333333
KlaPathways,HR,Pro,PXD063266,cancer_cells,PXD063266/search_results/LactylSites.xlsx 1 cancer_cells,24.390243902439,0.333333333333333
KlaPathways,HR,Pro,PXD063266,cancer_cells,PXD063266/search_results/LactylSites.xlsx 2 cancer_cells,16.6666666666667,0.333333333333333
KlaPathways,HR,Pro,PXD063266,cancer_cells,PXD063266/search_results/LactylSites.xlsx 3 cancer_cells,21.4285714285714,0.333333333333333
KlaPathways,HR,Pro,PXD028737,normal_cells,PXD028737/search_results/extracted_pairing/combined/combined/txt/La(K)Sites.txt H0 normal_cells,40.2777777777778,0.5
KlaPathways,HR,Pro,PXD028737,normal_cells,PXD028737/search_results/extracted_pairing/combined/combined/txt/La(K)Sites.txt H24 normal_cells,36.2903225806452,0.5
KlaPathways,HR,Pro,PXD078736,normal_cells,PXD078736/search_results/txt/La(K)Sites.txt ctr_1 normal_cells,32.3809523809524,0.166666666666667
KlaPathways,HR,Pro,PXD078736,normal_cells,PXD078736/search_results/txt/La(K)Sites.txt ctr_2 normal_cells,38.8349514563107,0.166666666666667
KlaPathways,HR,Pro,PXD078736,normal_cells,PXD078736/search_results/txt/La(K)Sites.txt ctr_3 normal_cells,38.0952380952381,0.166666666666667
KlaPathways,HR,Pro,PXD078736,normal_cells,PXD078736/search_results/txt/La(K)Sites.txt man_1 normal_cells,33.9285714285714,0.166666666666667
KlaPathways,HR,Pro,PXD078736,normal_cells,PXD078736/search_results/txt/La(K)Sites.txt man_2 normal_cells,29.6296296296296,0.166666666666667
KlaPathways,HR,Pro,PXD078736,normal_cells,PXD078736/search_results/txt/La(K)Sites.txt man_3 normal_cells,29.6296296296296,0.166666666666667
KlaPathways,HR,Pro,PXD060185,normal_cells,PXD060185/search_results/RESULT/combined/txt/La (K)Sites.txt C normal_cells,37.3913043478261,1
KlaPathways,HR,Inh,PXD033146,normal_tissue,PXD033146/search_results/extracted_pairing/search_result-HA119TPLa/La (K)Sites.txt RCT1 normal_tissue,0,0.333333333333333
KlaPathways,HR,Inh,PXD033146,normal_tissue,PXD033146/search_results/extracted_pairing/search_result-HA119TPLa/La (K)Sites.txt RCT2 normal_tissue,0,0.333333333333333
KlaPathways,HR,Inh,PXD033146,normal_tissue,PXD033146/search_results/extracted_pairing/search_result-HA119TPLa/La (K)Sites.txt RCT3 normal_tissue,0,0.333333333333333
KlaPathways,HR,Inh,PXD036307,normal_tissue,PXD036307/search_results/extracted/txt/La (K)Sites.txt PTB340 normal_tissue,6.66666666666667,0.166666666666667
KlaPathways,HR,Inh,PXD036307,normal_tissue,PXD036307/search_results/extracted/txt/La (K)Sites.txt PTB342 normal_tissue,4.76190476190476,0.166666666666667
KlaPathways,HR,Inh,PXD036307,normal_tissue,PXD036307/search_results/extracted/txt/La (K)Sites.txt PTB344 normal_tissue,7.69230769230769,0.166666666666667
KlaPathways,HR,Inh,PXD036307,normal_tissue,PXD036307/search_results/extracted/txt/La (K)Sites.txt PTB346 normal_tissue,9.52380952380952,0.166666666666667
KlaPathways,HR,Inh,PXD036307,normal_tissue,PXD036307/search_results/extracted/txt/La (K)Sites.txt PTB364 normal_tissue,9.09090909090909,0.166666666666667
KlaPathways,HR,Inh,PXD036307,normal_tissue,PXD036307/search_results/extracted/txt/La (K)Sites.txt PTB372 normal_tissue,18.1818181818182,0.166666666666667
KlaPathways,HR,Inh,PXD046800,normal_tissue,PXD046800/search_results/HFX2_LFQ_QB001_Lacty_PeptideGroups.txt HSP1 normal_tissue,0,0.125
KlaPathways,HR,Inh,PXD046800,normal_tissue,PXD046800/search_results/HFX2_LFQ_QB001_Lacty_PeptideGroups.txt HSP2 normal_tissue,0,0.125
KlaPathways,HR,Inh,PXD046800,normal_tissue,PXD046800/search_results/HFX2_LFQ_QB001_Lacty_PeptideGroups.txt HSP3 normal_tissue,0,0.125
KlaPathways,HR,Inh,PXD046800,normal_tissue,PXD046800/search_results/HFX2_LFQ_QB001_Lacty_PeptideGroups.txt HSP4 normal_tissue,0,0.125
KlaPathways,HR,Inh,PXD046800,normal_tissue,PXD046800/search_results/HFX2_LFQ_QB001_Lacty_PeptideGroups.txt NSP1 normal_tissue,0,0.125
KlaPathways,HR,Inh,PXD046800,normal_tissue,PXD046800/search_results/HFX2_LFQ_QB001_Lacty_PeptideGroups.txt NSP2 normal_tissue,0,0.125
KlaPathways,HR,Inh,PXD046800,normal_tissue,PXD046800/search_results/HFX2_LFQ_QB001_Lacty_PeptideGroups.txt NSP3 normal_tissue,0,0.125
KlaPathways,HR,Inh,PXD046800,normal_tissue,PXD046800/search_results/HFX2_LFQ_QB001_Lacty_PeptideGroups.txt NSP4 normal_tissue,0,0.125
KlaPathways,HR,Inh,PXD050470,normal_tissue,PXD050470/supplementary/prca2331-sup-0005-tables3.xlsx H072 normal_tissue,3.44827586206897,0.333333333333333
KlaPathways,HR,Inh,PXD050470,normal_tissue,PXD050470/supplementary/prca2331-sup-0005-tables3.xlsx H081 normal_tissue,3.44827586206897,0.333333333333333
KlaPathways,HR,Inh,PXD050470,normal_tissue,PXD050470/supplementary/prca2331-sup-0005-tables3.xlsx H187 normal_tissue,3.44827586206897,0.333333333333333
KlaPathways,HR,Inh,PXD063047,normal_tissue,PXD063047/search_results/extracted/combined/txt/La (K)Sites.txt Con_1 normal_tissue,0,0.333333333333333
KlaPathways,HR,Inh,PXD063047,normal_tissue,PXD063047/search_results/extracted/combined/txt/La (K)Sites.txt Con_2 normal_tissue,0,0.333333333333333
KlaPathways,HR,Inh,PXD063047,normal_tissue,PXD063047/search_results/extracted/combined/txt/La (K)Sites.txt Con_3 normal_tissue,0,0.333333333333333
KlaPathways,HR,Inh,PXD064912,normal_tissue,PXD064912/supplementary/europepmc/mmc1.xlsx Rep 1 normal_tissue,0,0.333333333333333
KlaPathways,HR,Inh,PXD064912,normal_tissue,PXD064912/supplementary/europepmc/mmc1.xlsx Rep 2 normal_tissue,0,0.333333333333333
KlaPathways,HR,Inh,PXD064912,normal_tissue,PXD064912/supplementary/europepmc/mmc1.xlsx Rep 3 normal_tissue,0,0.333333333333333
KlaPathways,HR,Inh,PXD066054,normal_tissue,PXD066054/search_results/extracted/PLa/XB08700B1DPLa_-PTMSiteReport.tsv NAT1 normal_tissue,4.28571428571429,0.2
KlaPathways,HR,Inh,PXD066054,normal_tissue,PXD066054/search_results/extracted/PLa/XB08700B1DPLa_-PTMSiteReport.tsv NAT2 normal_tissue,4.51127819548872,0.2
KlaPathways,HR,Inh,PXD066054,normal_tissue,PXD066054/search_results/extracted/PLa/XB08700B1DPLa_-PTMSiteReport.tsv NAT3 normal_tissue,4.65116279069768,0.2
KlaPathways,HR,Inh,PXD066054,normal_tissue,PXD066054/search_results/extracted/PLa/XB08700B1DPLa_-PTMSiteReport.tsv NAT4 normal_tissue,4.58015267175573,0.2
KlaPathways,HR,Inh,PXD066054,normal_tissue,PXD066054/search_results/extracted/PLa/XB08700B1DPLa_-PTMSiteReport.tsv NAT5 normal_tissue,4.58015267175573,0.2
KlaPathways,HR,Inh,PXD064038,cancer_tissue,data/PXD064038/search_results/extracted_pairing/txt/txt/La (K)Sites.txt MEC_1 cancer_tissue,1.53846153846154,0.166666666666667
KlaPathways,HR,Inh,PXD064038,cancer_tissue,data/PXD064038/search_results/extracted_pairing/txt/txt/La (K)Sites.txt MEC_2 cancer_tissue,1.63934426229508,0.166666666666667
KlaPathways,HR,Inh,PXD064038,cancer_tissue,data/PXD064038/search_results/extracted_pairing/txt/txt/La (K)Sites.txt MEC_3 cancer_tissue,2.53164556962025,0.166666666666667
KlaPathways,HR,Inh,PXD064038,cancer_tissue,data/PXD064038/search_results/extracted_pairing/txt/txt/La (K)Sites.txt NEC_1 cancer_tissue,0,0.166666666666667
KlaPathways,HR,Inh,PXD064038,cancer_tissue,data/PXD064038/search_results/extracted_pairing/txt/txt/La (K)Sites.txt NEC_2 cancer_tissue,3.7037037037037,0.166666666666667
KlaPathways,HR,Inh,PXD064038,cancer_tissue,data/PXD064038/search_results/extracted_pairing/txt/txt/La (K)Sites.txt NEC_3 cancer_tissue,0,0.166666666666667
KlaPathways,HR,Inh,PXD066054,cancer_tissue,PXD066054/search_results/extracted/PLa/XB08700B1DPLa_-PTMSiteReport.tsv PCa1 cancer_tissue,4.37956204379562,0.2
KlaPathways,HR,Inh,PXD066054,cancer_tissue,PXD066054/search_results/extracted/PLa/XB08700B1DPLa_-PTMSiteReport.tsv PCa2 cancer_tissue,4.7244094488189,0.2
KlaPathways,HR,Inh,PXD066054,cancer_tissue,PXD066054/search_results/extracted/PLa/XB08700B1DPLa_-PTMSiteReport.tsv PCa3 cancer_tissue,4.25531914893617,0.2
KlaPathways,HR,Inh,PXD066054,cancer_tissue,PXD066054/search_results/extracted/PLa/XB08700B1DPLa_-PTMSiteReport.tsv PCa4 cancer_tissue,4.37956204379562,0.2
KlaPathways,HR,Inh,PXD066054,cancer_tissue,PXD066054/search_results/extracted/PLa/XB08700B1DPLa_-PTMSiteReport.tsv PCa5 cancer_tissue,4.1958041958042,0.2
KlaPathways,HR,Inh,PXD060185,cancer_cells,PXD060185/search_results/RESULT/combined/txt/La (K)Sites.txt A cancer_cells,4.54545454545455,0.333333333333333
KlaPathways,HR,Inh,PXD028488,cancer_cells,PXD028488/search_results/Enrichment-Search files/TALL-NALAC-Search files/proteins.csv Sample 1 cancer_cells,3.44827586206897,0.333333333333333
KlaPathways,HR,Inh,PXD028488,cancer_cells,PXD028488/search_results/Enrichment-Search files/TALL-NALAC-Search files/proteins.csv Sample 2 cancer_cells,6.66666666666667,0.333333333333333
KlaPathways,HR,Inh,PXD028488,cancer_cells,PXD028488/search_results/Enrichment-Search files/TALL-NALAC-Search files/proteins.csv Sample 3 cancer_cells,9.67741935483871,0.333333333333333
KlaPathways,HR,Inh,PXD050147,cancer_cells,PXD050147/search_results/Lactyl_K_Sites.txt SIRT1KO_rep1 cancer_cells,4.24528301886792,0.111111111111111
KlaPathways,HR,Inh,PXD050147,cancer_cells,PXD050147/search_results/Lactyl_K_Sites.txt SIRT1KO_rep2 cancer_cells,4.58715596330275,0.111111111111111
KlaPathways,HR,Inh,PXD050147,cancer_cells,PXD050147/search_results/Lactyl_K_Sites.txt SIRT1KO_rep3 cancer_cells,4.06091370558376,0.111111111111111
KlaPathways,HR,Inh,PXD050147,cancer_cells,PXD050147/search_results/Lactyl_K_Sites.txt SIRT3KO_rep1 cancer_cells,4.67289719626168,0.111111111111111
KlaPathways,HR,Inh,PXD050147,cancer_cells,PXD050147/search_results/Lactyl_K_Sites.txt SIRT3KO_rep2 cancer_cells,4.25531914893617,0.111111111111111
KlaPathways,HR,Inh,PXD050147,cancer_cells,PXD050147/search_results/Lactyl_K_Sites.txt SIRT3KO_rep3 cancer_cells,5.38116591928251,0.111111111111111
KlaPathways,HR,Inh,PXD050147,cancer_cells,PXD050147/search_results/Lactyl_K_Sites.txt WT_rep1 cancer_cells,5.55555555555556,0.111111111111111
KlaPathways,HR,Inh,PXD050147,cancer_cells,PXD050147/search_results/Lactyl_K_Sites.txt WT_rep2 cancer_cells,5,0.111111111111111
KlaPathways,HR,Inh,PXD050147,cancer_cells,PXD050147/search_results/Lactyl_K_Sites.txt WT_rep3 cancer_cells,5.06329113924051,0.111111111111111
KlaPathways,HR,Inh,PXD054919,cancer_cells,PXD054919/supplementary/41419_2025_8113_MOESM2_ESM.xlsx A549-1 cancer_cells,5.45454545454545,0.333333333333333
KlaPathways,HR,Inh,PXD054919,cancer_cells,PXD054919/supplementary/41419_2025_8113_MOESM2_ESM.xlsx A549-2 cancer_cells,5.21739130434783,0.333333333333333
KlaPathways,HR,Inh,PXD054919,cancer_cells,PXD054919/supplementary/41419_2025_8113_MOESM2_ESM.xlsx A549-3 cancer_cells,5.21739130434783,0.333333333333333
KlaPathways,HR,Inh,PXD060185,cancer_cells,PXD060185/search_results/RESULT/combined/txt/La (K)Sites.txt B cancer_cells,4.59183673469388,0.333333333333333
KlaPathways,HR,Inh,PXD060185,cancer_cells,PXD060185/search_results/RESULT/combined/txt/La (K)Sites.txt D cancer_cells,5.0314465408805,0.333333333333333
KlaPathways,HR,Inh,PXD063266,cancer_cells,PXD063266/search_results/LactylSites.xlsx 1 cancer_cells,7.31707317073171,0.333333333333333
KlaPathways,HR,Inh,PXD063266,cancer_cells,PXD063266/search_results/LactylSites.xlsx 2 cancer_cells,4.16666666666667,0.333333333333333
KlaPathways,HR,Inh,PXD063266,cancer_cells,PXD063266/search_results/LactylSites.xlsx 3 cancer_cells,3.57142857142857,0.333333333333333
KlaPathways,HR,Inh,PXD028737,normal_cells,PXD028737/search_results/extracted_pairing/combined/combined/txt/La(K)Sites.txt H0 normal_cells,4.86111111111111,0.5
KlaPathways,HR,Inh,PXD028737,normal_cells,PXD028737/search_results/extracted_pairing/combined/combined/txt/La(K)Sites.txt H24 normal_cells,4.03225806451613,0.5
KlaPathways,HR,Inh,PXD078736,normal_cells,PXD078736/search_results/txt/La(K)Sites.txt ctr_1 normal_cells,6.66666666666667,0.166666666666667
KlaPathways,HR,Inh,PXD078736,normal_cells,PXD078736/search_results/txt/La(K)Sites.txt ctr_2 normal_cells,4.85436893203884,0.166666666666667
KlaPathways,HR,Inh,PXD078736,normal_cells,PXD078736/search_results/txt/La(K)Sites.txt ctr_3 normal_cells,4.76190476190476,0.166666666666667
KlaPathways,HR,Inh,PXD078736,normal_cells,PXD078736/search_results/txt/La(K)Sites.txt man_1 normal_cells,7.14285714285714,0.166666666666667
KlaPathways,HR,Inh,PXD078736,normal_cells,PXD078736/search_results/txt/La(K)Sites.txt man_2 normal_cells,7.40740740740741,0.166666666666667
KlaPathways,HR,Inh,PXD078736,normal_cells,PXD078736/search_results/txt/La(K)Sites.txt man_3 normal_cells,7.40740740740741,0.166666666666667
KlaPathways,HR,Inh,PXD060185,normal_cells,PXD060185/search_results/RESULT/combined/txt/La (K)Sites.txt C normal_cells,3.47826086956522,1
KlaPathways,AEJ,Pro,PXD033146,normal_tissue,PXD033146/search_results/extracted_pairing/search_result-HA119TPLa/La (K)Sites.txt RCT1 normal_tissue,0,0.333333333333333
KlaPathways,AEJ,Pro,PXD033146,normal_tissue,PXD033146/search_results/extracted_pairing/search_result-HA119TPLa/La (K)Sites.txt RCT2 normal_tissue,0,0.333333333333333
KlaPathways,AEJ,Pro,PXD033146,normal_tissue,PXD033146/search_results/extracted_pairing/search_result-HA119TPLa/La (K)Sites.txt RCT3 normal_tissue,0,0.333333333333333
KlaPathways,AEJ,Pro,PXD036307,normal_tissue,PXD036307/search_results/extracted/txt/La (K)Sites.txt PTB340 normal_tissue,6.66666666666667,0.166666666666667
KlaPathways,AEJ,Pro,PXD036307,normal_tissue,PXD036307/search_results/extracted/txt/La (K)Sites.txt PTB342 normal_tissue,4.76190476190476,0.166666666666667
KlaPathways,AEJ,Pro,PXD036307,normal_tissue,PXD036307/search_results/extracted/txt/La (K)Sites.txt PTB344 normal_tissue,7.69230769230769,0.166666666666667
KlaPathways,AEJ,Pro,PXD036307,normal_tissue,PXD036307/search_results/extracted/txt/La (K)Sites.txt PTB346 normal_tissue,4.76190476190476,0.166666666666667
KlaPathways,AEJ,Pro,PXD036307,normal_tissue,PXD036307/search_results/extracted/txt/La (K)Sites.txt PTB364 normal_tissue,4.54545454545455,0.166666666666667
KlaPathways,AEJ,Pro,PXD036307,normal_tissue,PXD036307/search_results/extracted/txt/La (K)Sites.txt PTB372 normal_tissue,0,0.166666666666667
KlaPathways,AEJ,Pro,PXD046800,normal_tissue,PXD046800/search_results/HFX2_LFQ_QB001_Lacty_PeptideGroups.txt HSP1 normal_tissue,0,0.125
KlaPathways,AEJ,Pro,PXD046800,normal_tissue,PXD046800/search_results/HFX2_LFQ_QB001_Lacty_PeptideGroups.txt HSP2 normal_tissue,0,0.125
KlaPathways,AEJ,Pro,PXD046800,normal_tissue,PXD046800/search_results/HFX2_LFQ_QB001_Lacty_PeptideGroups.txt HSP3 normal_tissue,0,0.125
KlaPathways,AEJ,Pro,PXD046800,normal_tissue,PXD046800/search_results/HFX2_LFQ_QB001_Lacty_PeptideGroups.txt HSP4 normal_tissue,0,0.125
KlaPathways,AEJ,Pro,PXD046800,normal_tissue,PXD046800/search_results/HFX2_LFQ_QB001_Lacty_PeptideGroups.txt NSP1 normal_tissue,0,0.125
KlaPathways,AEJ,Pro,PXD046800,normal_tissue,PXD046800/search_results/HFX2_LFQ_QB001_Lacty_PeptideGroups.txt NSP2 normal_tissue,0,0.125
KlaPathways,AEJ,Pro,PXD046800,normal_tissue,PXD046800/search_results/HFX2_LFQ_QB001_Lacty_PeptideGroups.txt NSP3 normal_tissue,0,0.125
KlaPathways,AEJ,Pro,PXD046800,normal_tissue,PXD046800/search_results/HFX2_LFQ_QB001_Lacty_PeptideGroups.txt NSP4 normal_tissue,0,0.125
KlaPathways,AEJ,Pro,PXD050470,normal_tissue,PXD050470/supplementary/prca2331-sup-0005-tables3.xlsx H072 normal_tissue,3.44827586206897,0.333333333333333
KlaPathways,AEJ,Pro,PXD050470,normal_tissue,PXD050470/supplementary/prca2331-sup-0005-tables3.xlsx H081 normal_tissue,3.44827586206897,0.333333333333333
KlaPathways,AEJ,Pro,PXD050470,normal_tissue,PXD050470/supplementary/prca2331-sup-0005-tables3.xlsx H187 normal_tissue,3.44827586206897,0.333333333333333
KlaPathways,AEJ,Pro,PXD063047,normal_tissue,PXD063047/search_results/extracted/combined/txt/La (K)Sites.txt Con_1 normal_tissue,0,0.333333333333333
KlaPathways,AEJ,Pro,PXD063047,normal_tissue,PXD063047/search_results/extracted/combined/txt/La (K)Sites.txt Con_2 normal_tissue,0,0.333333333333333
KlaPathways,AEJ,Pro,PXD063047,normal_tissue,PXD063047/search_results/extracted/combined/txt/La (K)Sites.txt Con_3 normal_tissue,0,0.333333333333333
KlaPathways,AEJ,Pro,PXD064912,normal_tissue,PXD064912/supplementary/europepmc/mmc1.xlsx Rep 1 normal_tissue,0,0.333333333333333
KlaPathways,AEJ,Pro,PXD064912,normal_tissue,PXD064912/supplementary/europepmc/mmc1.xlsx Rep 2 normal_tissue,14.2857142857143,0.333333333333333
KlaPathways,AEJ,Pro,PXD064912,normal_tissue,PXD064912/supplementary/europepmc/mmc1.xlsx Rep 3 normal_tissue,14.2857142857143,0.333333333333333
KlaPathways,AEJ,Pro,PXD066054,normal_tissue,PXD066054/search_results/extracted/PLa/XB08700B1DPLa_-PTMSiteReport.tsv NAT1 normal_tissue,8.57142857142857,0.2
KlaPathways,AEJ,Pro,PXD066054,normal_tissue,PXD066054/search_results/extracted/PLa/XB08700B1DPLa_-PTMSiteReport.tsv NAT2 normal_tissue,9.77443609022556,0.2
KlaPathways,AEJ,Pro,PXD066054,normal_tissue,PXD066054/search_results/extracted/PLa/XB08700B1DPLa_-PTMSiteReport.tsv NAT3 normal_tissue,9.30232558139535,0.2
KlaPathways,AEJ,Pro,PXD066054,normal_tissue,PXD066054/search_results/extracted/PLa/XB08700B1DPLa_-PTMSiteReport.tsv NAT4 normal_tissue,9.9236641221374,0.2
KlaPathways,AEJ,Pro,PXD066054,normal_tissue,PXD066054/search_results/extracted/PLa/XB08700B1DPLa_-PTMSiteReport.tsv NAT5 normal_tissue,9.16030534351145,0.2
KlaPathways,AEJ,Pro,PXD064038,cancer_tissue,data/PXD064038/search_results/extracted_pairing/txt/txt/La (K)Sites.txt MEC_1 cancer_tissue,9.23076923076923,0.166666666666667
KlaPathways,AEJ,Pro,PXD064038,cancer_tissue,data/PXD064038/search_results/extracted_pairing/txt/txt/La (K)Sites.txt MEC_2 cancer_tissue,6.55737704918033,0.166666666666667
KlaPathways,AEJ,Pro,PXD064038,cancer_tissue,data/PXD064038/search_results/extracted_pairing/txt/txt/La (K)Sites.txt MEC_3 cancer_tissue,10.126582278481,0.166666666666667
KlaPathways,AEJ,Pro,PXD064038,cancer_tissue,data/PXD064038/search_results/extracted_pairing/txt/txt/La (K)Sites.txt NEC_1 cancer_tissue,0,0.166666666666667
KlaPathways,AEJ,Pro,PXD064038,cancer_tissue,data/PXD064038/search_results/extracted_pairing/txt/txt/La (K)Sites.txt NEC_2 cancer_tissue,3.7037037037037,0.166666666666667
KlaPathways,AEJ,Pro,PXD064038,cancer_tissue,data/PXD064038/search_results/extracted_pairing/txt/txt/La (K)Sites.txt NEC_3 cancer_tissue,0,0.166666666666667
KlaPathways,AEJ,Pro,PXD066054,cancer_tissue,PXD066054/search_results/extracted/PLa/XB08700B1DPLa_-PTMSiteReport.tsv PCa1 cancer_tissue,9.48905109489051,0.2
KlaPathways,AEJ,Pro,PXD066054,cancer_tissue,PXD066054/search_results/extracted/PLa/XB08700B1DPLa_-PTMSiteReport.tsv PCa2 cancer_tissue,7.08661417322835,0.2
KlaPathways,AEJ,Pro,PXD066054,cancer_tissue,PXD066054/search_results/extracted/PLa/XB08700B1DPLa_-PTMSiteReport.tsv PCa3 cancer_tissue,9.21985815602837,0.2
KlaPathways,AEJ,Pro,PXD066054,cancer_tissue,PXD066054/search_results/extracted/PLa/XB08700B1DPLa_-PTMSiteReport.tsv PCa4 cancer_tissue,8.75912408759124,0.2
KlaPathways,AEJ,Pro,PXD066054,cancer_tissue,PXD066054/search_results/extracted/PLa/XB08700B1DPLa_-PTMSiteReport.tsv PCa5 cancer_tissue,9.09090909090909,0.2
KlaPathways,AEJ,Pro,PXD060185,cancer_cells,PXD060185/search_results/RESULT/combined/txt/La (K)Sites.txt A cancer_cells,9.09090909090909,0.333333333333333
KlaPathways,AEJ,Pro,PXD028488,cancer_cells,PXD028488/search_results/Enrichment-Search files/TALL-NALAC-Search files/proteins.csv Sample 1 cancer_cells,6.89655172413793,0.333333333333333
KlaPathways,AEJ,Pro,PXD028488,cancer_cells,PXD028488/search_results/Enrichment-Search files/TALL-NALAC-Search files/proteins.csv Sample 2 cancer_cells,6.66666666666667,0.333333333333333
KlaPathways,AEJ,Pro,PXD028488,cancer_cells,PXD028488/search_results/Enrichment-Search files/TALL-NALAC-Search files/proteins.csv Sample 3 cancer_cells,6.45161290322581,0.333333333333333
KlaPathways,AEJ,Pro,PXD050147,cancer_cells,PXD050147/search_results/Lactyl_K_Sites.txt SIRT1KO_rep1 cancer_cells,7.07547169811321,0.111111111111111
KlaPathways,AEJ,Pro,PXD050147,cancer_cells,PXD050147/search_results/Lactyl_K_Sites.txt SIRT1KO_rep2 cancer_cells,7.79816513761468,0.111111111111111
KlaPathways,AEJ,Pro,PXD050147,cancer_cells,PXD050147/search_results/Lactyl_K_Sites.txt SIRT1KO_rep3 cancer_cells,7.61421319796954,0.111111111111111
KlaPathways,AEJ,Pro,PXD050147,cancer_cells,PXD050147/search_results/Lactyl_K_Sites.txt SIRT3KO_rep1 cancer_cells,6.07476635514019,0.111111111111111
KlaPathways,AEJ,Pro,PXD050147,cancer_cells,PXD050147/search_results/Lactyl_K_Sites.txt SIRT3KO_rep2 cancer_cells,6.91489361702128,0.111111111111111
KlaPathways,AEJ,Pro,PXD050147,cancer_cells,PXD050147/search_results/Lactyl_K_Sites.txt SIRT3KO_rep3 cancer_cells,7.17488789237668,0.111111111111111
KlaPathways,AEJ,Pro,PXD050147,cancer_cells,PXD050147/search_results/Lactyl_K_Sites.txt WT_rep1 cancer_cells,6.94444444444445,0.111111111111111
KlaPathways,AEJ,Pro,PXD050147,cancer_cells,PXD050147/search_results/Lactyl_K_Sites.txt WT_rep2 cancer_cells,5.71428571428571,0.111111111111111
KlaPathways,AEJ,Pro,PXD050147,cancer_cells,PXD050147/search_results/Lactyl_K_Sites.txt WT_rep3 cancer_cells,8.22784810126582,0.111111111111111
KlaPathways,AEJ,Pro,PXD054919,cancer_cells,PXD054919/supplementary/41419_2025_8113_MOESM2_ESM.xlsx A549-1 cancer_cells,8.18181818181818,0.333333333333333
KlaPathways,AEJ,Pro,PXD054919,cancer_cells,PXD054919/supplementary/41419_2025_8113_MOESM2_ESM.xlsx A549-2 cancer_cells,7.82608695652174,0.333333333333333
KlaPathways,AEJ,Pro,PXD054919,cancer_cells,PXD054919/supplementary/41419_2025_8113_MOESM2_ESM.xlsx A549-3 cancer_cells,7.82608695652174,0.333333333333333
KlaPathways,AEJ,Pro,PXD060185,cancer_cells,PXD060185/search_results/RESULT/combined/txt/La (K)Sites.txt B cancer_cells,9.69387755102041,0.333333333333333
KlaPathways,AEJ,Pro,PXD060185,cancer_cells,PXD060185/search_results/RESULT/combined/txt/La (K)Sites.txt D cancer_cells,5.66037735849057,0.333333333333333
KlaPathways,AEJ,Pro,PXD063266,cancer_cells,PXD063266/search_results/LactylSites.xlsx 1 cancer_cells,7.31707317073171,0.333333333333333
KlaPathways,AEJ,Pro,PXD063266,cancer_cells,PXD063266/search_results/LactylSites.xlsx 2 cancer_cells,4.16666666666667,0.333333333333333
KlaPathways,AEJ,Pro,PXD063266,cancer_cells,PXD063266/search_results/LactylSites.xlsx 3 cancer_cells,3.57142857142857,0.333333333333333
KlaPathways,AEJ,Pro,PXD028737,normal_cells,PXD028737/search_results/extracted_pairing/combined/combined/txt/La(K)Sites.txt H0 normal_cells,8.33333333333333,0.5
KlaPathways,AEJ,Pro,PXD028737,normal_cells,PXD028737/search_results/extracted_pairing/combined/combined/txt/La(K)Sites.txt H24 normal_cells,6.45161290322581,0.5
KlaPathways,AEJ,Pro,PXD078736,normal_cells,PXD078736/search_results/txt/La(K)Sites.txt ctr_1 normal_cells,6.66666666666667,0.166666666666667
KlaPathways,AEJ,Pro,PXD078736,normal_cells,PXD078736/search_results/txt/La(K)Sites.txt ctr_2 normal_cells,5.8252427184466,0.166666666666667
KlaPathways,AEJ,Pro,PXD078736,normal_cells,PXD078736/search_results/txt/La(K)Sites.txt ctr_3 normal_cells,6.66666666666667,0.166666666666667
KlaPathways,AEJ,Pro,PXD078736,normal_cells,PXD078736/search_results/txt/La(K)Sites.txt man_1 normal_cells,5.35714285714286,0.166666666666667
KlaPathways,AEJ,Pro,PXD078736,normal_cells,PXD078736/search_results/txt/La(K)Sites.txt man_2 normal_cells,7.40740740740741,0.166666666666667
KlaPathways,AEJ,Pro,PXD078736,normal_cells,PXD078736/search_results/txt/La(K)Sites.txt man_3 normal_cells,7.40740740740741,0.166666666666667
KlaPathways,AEJ,Pro,PXD060185,normal_cells,PXD060185/search_results/RESULT/combined/txt/La (K)Sites.txt C normal_cells,6.95652173913044,1
KlaPathways,AEJ,Inh,PXD033146,normal_tissue,PXD033146/search_results/extracted_pairing/search_result-HA119TPLa/La (K)Sites.txt RCT1 normal_tissue,0,0.333333333333333
KlaPathways,AEJ,Inh,PXD033146,normal_tissue,PXD033146/search_results/extracted_pairing/search_result-HA119TPLa/La (K)Sites.txt RCT2 normal_tissue,0,0.333333333333333
KlaPathways,AEJ,Inh,PXD033146,normal_tissue,PXD033146/search_results/extracted_pairing/search_result-HA119TPLa/La (K)Sites.txt RCT3 normal_tissue,0,0.333333333333333
KlaPathways,AEJ,Inh,PXD036307,normal_tissue,PXD036307/search_results/extracted/txt/La (K)Sites.txt PTB340 normal_tissue,0,0.166666666666667
KlaPathways,AEJ,Inh,PXD036307,normal_tissue,PXD036307/search_results/extracted/txt/La (K)Sites.txt PTB342 normal_tissue,0,0.166666666666667
KlaPathways,AEJ,Inh,PXD036307,normal_tissue,PXD036307/search_results/extracted/txt/La (K)Sites.txt PTB344 normal_tissue,0,0.166666666666667
KlaPathways,AEJ,Inh,PXD036307,normal_tissue,PXD036307/search_results/extracted/txt/La (K)Sites.txt PTB346 normal_tissue,0,0.166666666666667
KlaPathways,AEJ,Inh,PXD036307,normal_tissue,PXD036307/search_results/extracted/txt/La (K)Sites.txt PTB364 normal_tissue,0,0.166666666666667
KlaPathways,AEJ,Inh,PXD036307,normal_tissue,PXD036307/search_results/extracted/txt/La (K)Sites.txt PTB372 normal_tissue,0,0.166666666666667
KlaPathways,AEJ,Inh,PXD046800,normal_tissue,PXD046800/search_results/HFX2_LFQ_QB001_Lacty_PeptideGroups.txt HSP1 normal_tissue,0,0.125
KlaPathways,AEJ,Inh,PXD046800,normal_tissue,PXD046800/search_results/HFX2_LFQ_QB001_Lacty_PeptideGroups.txt HSP2 normal_tissue,0,0.125
KlaPathways,AEJ,Inh,PXD046800,normal_tissue,PXD046800/search_results/HFX2_LFQ_QB001_Lacty_PeptideGroups.txt HSP3 normal_tissue,0,0.125
KlaPathways,AEJ,Inh,PXD046800,normal_tissue,PXD046800/search_results/HFX2_LFQ_QB001_Lacty_PeptideGroups.txt HSP4 normal_tissue,0,0.125
KlaPathways,AEJ,Inh,PXD046800,normal_tissue,PXD046800/search_results/HFX2_LFQ_QB001_Lacty_PeptideGroups.txt NSP1 normal_tissue,0,0.125
KlaPathways,AEJ,Inh,PXD046800,normal_tissue,PXD046800/search_results/HFX2_LFQ_QB001_Lacty_PeptideGroups.txt NSP2 normal_tissue,4.54545454545455,0.125
KlaPathways,AEJ,Inh,PXD046800,normal_tissue,PXD046800/search_results/HFX2_LFQ_QB001_Lacty_PeptideGroups.txt NSP3 normal_tissue,0,0.125
KlaPathways,AEJ,Inh,PXD046800,normal_tissue,PXD046800/search_results/HFX2_LFQ_QB001_Lacty_PeptideGroups.txt NSP4 normal_tissue,0,0.125
KlaPathways,AEJ,Inh,PXD050470,normal_tissue,PXD050470/supplementary/prca2331-sup-0005-tables3.xlsx H072 normal_tissue,0,0.333333333333333
KlaPathways,AEJ,Inh,PXD050470,normal_tissue,PXD050470/supplementary/prca2331-sup-0005-tables3.xlsx H081 normal_tissue,0,0.333333333333333
KlaPathways,AEJ,Inh,PXD050470,normal_tissue,PXD050470/supplementary/prca2331-sup-0005-tables3.xlsx H187 normal_tissue,0,0.333333333333333
KlaPathways,AEJ,Inh,PXD063047,normal_tissue,PXD063047/search_results/extracted/combined/txt/La (K)Sites.txt Con_1 normal_tissue,0,0.333333333333333
KlaPathways,AEJ,Inh,PXD063047,normal_tissue,PXD063047/search_results/extracted/combined/txt/La (K)Sites.txt Con_2 normal_tissue,0,0.333333333333333
KlaPathways,AEJ,Inh,PXD063047,normal_tissue,PXD063047/search_results/extracted/combined/txt/La (K)Sites.txt Con_3 normal_tissue,0,0.333333333333333
KlaPathways,AEJ,Inh,PXD064912,normal_tissue,PXD064912/supplementary/europepmc/mmc1.xlsx Rep 1 normal_tissue,0,0.333333333333333
KlaPathways,AEJ,Inh,PXD064912,normal_tissue,PXD064912/supplementary/europepmc/mmc1.xlsx Rep 2 normal_tissue,0,0.333333333333333
KlaPathways,AEJ,Inh,PXD064912,normal_tissue,PXD064912/supplementary/europepmc/mmc1.xlsx Rep 3 normal_tissue,0,0.333333333333333
KlaPathways,AEJ,Inh,PXD066054,normal_tissue,PXD066054/search_results/extracted/PLa/XB08700B1DPLa_-PTMSiteReport.tsv NAT1 normal_tissue,3.57142857142857,0.2
KlaPathways,AEJ,Inh,PXD066054,normal_tissue,PXD066054/search_results/extracted/PLa/XB08700B1DPLa_-PTMSiteReport.tsv NAT2 normal_tissue,3.00751879699248,0.2
KlaPathways,AEJ,Inh,PXD066054,normal_tissue,PXD066054/search_results/extracted/PLa/XB08700B1DPLa_-PTMSiteReport.tsv NAT3 normal_tissue,2.32558139534884,0.2
KlaPathways,AEJ,Inh,PXD066054,normal_tissue,PXD066054/search_results/extracted/PLa/XB08700B1DPLa_-PTMSiteReport.tsv NAT4 normal_tissue,2.29007633587786,0.2
KlaPathways,AEJ,Inh,PXD066054,normal_tissue,PXD066054/search_results/extracted/PLa/XB08700B1DPLa_-PTMSiteReport.tsv NAT5 normal_tissue,3.05343511450382,0.2
KlaPathways,AEJ,Inh,PXD064038,cancer_tissue,data/PXD064038/search_results/extracted_pairing/txt/txt/La (K)Sites.txt MEC_1 cancer_tissue,1.53846153846154,0.166666666666667
KlaPathways,AEJ,Inh,PXD064038,cancer_tissue,data/PXD064038/search_results/extracted_pairing/txt/txt/La (K)Sites.txt MEC_2 cancer_tissue,1.63934426229508,0.166666666666667
KlaPathways,AEJ,Inh,PXD064038,cancer_tissue,data/PXD064038/search_results/extracted_pairing/txt/txt/La (K)Sites.txt MEC_3 cancer_tissue,1.26582278481013,0.166666666666667
KlaPathways,AEJ,Inh,PXD064038,cancer_tissue,data/PXD064038/search_results/extracted_pairing/txt/txt/La (K)Sites.txt NEC_1 cancer_tissue,0,0.166666666666667
KlaPathways,AEJ,Inh,PXD064038,cancer_tissue,data/PXD064038/search_results/extracted_pairing/txt/txt/La (K)Sites.txt NEC_2 cancer_tissue,0,0.166666666666667
KlaPathways,AEJ,Inh,PXD064038,cancer_tissue,data/PXD064038/search_results/extracted_pairing/txt/txt/La (K)Sites.txt NEC_3 cancer_tissue,0,0.166666666666667
KlaPathways,AEJ,Inh,PXD066054,cancer_tissue,PXD066054/search_results/extracted/PLa/XB08700B1DPLa_-PTMSiteReport.tsv PCa1 cancer_tissue,2.91970802919708,0.2
KlaPathways,AEJ,Inh,PXD066054,cancer_tissue,PXD066054/search_results/extracted/PLa/XB08700B1DPLa_-PTMSiteReport.tsv PCa2 cancer_tissue,3.93700787401575,0.2
KlaPathways,AEJ,Inh,PXD066054,cancer_tissue,PXD066054/search_results/extracted/PLa/XB08700B1DPLa_-PTMSiteReport.tsv PCa3 cancer_tissue,3.54609929078014,0.2
KlaPathways,AEJ,Inh,PXD066054,cancer_tissue,PXD066054/search_results/extracted/PLa/XB08700B1DPLa_-PTMSiteReport.tsv PCa4 cancer_tissue,2.91970802919708,0.2
KlaPathways,AEJ,Inh,PXD066054,cancer_tissue,PXD066054/search_results/extracted/PLa/XB08700B1DPLa_-PTMSiteReport.tsv PCa5 cancer_tissue,3.4965034965035,0.2
KlaPathways,AEJ,Inh,PXD060185,cancer_cells,PXD060185/search_results/RESULT/combined/txt/La (K)Sites.txt A cancer_cells,3.03030303030303,0.333333333333333
KlaPathways,AEJ,Inh,PXD028488,cancer_cells,PXD028488/search_results/Enrichment-Search files/TALL-NALAC-Search files/proteins.csv Sample 1 cancer_cells,0,0.333333333333333
KlaPathways,AEJ,Inh,PXD028488,cancer_cells,PXD028488/search_results/Enrichment-Search files/TALL-NALAC-Search files/proteins.csv Sample 2 cancer_cells,0,0.333333333333333
KlaPathways,AEJ,Inh,PXD028488,cancer_cells,PXD028488/search_results/Enrichment-Search files/TALL-NALAC-Search files/proteins.csv Sample 3 cancer_cells,0,0.333333333333333
KlaPathways,AEJ,Inh,PXD050147,cancer_cells,PXD050147/search_results/Lactyl_K_Sites.txt SIRT1KO_rep1 cancer_cells,4.24528301886792,0.111111111111111
KlaPathways,AEJ,Inh,PXD050147,cancer_cells,PXD050147/search_results/Lactyl_K_Sites.txt SIRT1KO_rep2 cancer_cells,4.58715596330275,0.111111111111111
KlaPathways,AEJ,Inh,PXD050147,cancer_cells,PXD050147/search_results/Lactyl_K_Sites.txt SIRT1KO_rep3 cancer_cells,3.55329949238579,0.111111111111111
KlaPathways,AEJ,Inh,PXD050147,cancer_cells,PXD050147/search_results/Lactyl_K_Sites.txt SIRT3KO_rep1 cancer_cells,5.14018691588785,0.111111111111111
KlaPathways,AEJ,Inh,PXD050147,cancer_cells,PXD050147/search_results/Lactyl_K_Sites.txt SIRT3KO_rep2 cancer_cells,3.19148936170213,0.111111111111111
KlaPathways,AEJ,Inh,PXD050147,cancer_cells,PXD050147/search_results/Lactyl_K_Sites.txt SIRT3KO_rep3 cancer_cells,4.03587443946188,0.111111111111111
KlaPathways,AEJ,Inh,PXD050147,cancer_cells,PXD050147/search_results/Lactyl_K_Sites.txt WT_rep1 cancer_cells,4.16666666666667,0.111111111111111
KlaPathways,AEJ,Inh,PXD050147,cancer_cells,PXD050147/search_results/Lactyl_K_Sites.txt WT_rep2 cancer_cells,2.85714285714286,0.111111111111111
KlaPathways,AEJ,Inh,PXD050147,cancer_cells,PXD050147/search_results/Lactyl_K_Sites.txt WT_rep3 cancer_cells,3.79746835443038,0.111111111111111
KlaPathways,AEJ,Inh,PXD054919,cancer_cells,PXD054919/supplementary/41419_2025_8113_MOESM2_ESM.xlsx A549-1 cancer_cells,2.72727272727273,0.333333333333333
KlaPathways,AEJ,Inh,PXD054919,cancer_cells,PXD054919/supplementary/41419_2025_8113_MOESM2_ESM.xlsx A549-2 cancer_cells,2.60869565217391,0.333333333333333
KlaPathways,AEJ,Inh,PXD054919,cancer_cells,PXD054919/supplementary/41419_2025_8113_MOESM2_ESM.xlsx A549-3 cancer_cells,2.60869565217391,0.333333333333333
KlaPathways,AEJ,Inh,PXD060185,cancer_cells,PXD060185/search_results/RESULT/combined/txt/La (K)Sites.txt B cancer_cells,4.08163265306122,0.333333333333333
KlaPathways,AEJ,Inh,PXD060185,cancer_cells,PXD060185/search_results/RESULT/combined/txt/La (K)Sites.txt D cancer_cells,3.14465408805031,0.333333333333333
KlaPathways,AEJ,Inh,PXD063266,cancer_cells,PXD063266/search_results/LactylSites.xlsx 1 cancer_cells,2.4390243902439,0.333333333333333
KlaPathways,AEJ,Inh,PXD063266,cancer_cells,PXD063266/search_results/LactylSites.xlsx 2 cancer_cells,4.16666666666667,0.333333333333333
KlaPathways,AEJ,Inh,PXD063266,cancer_cells,PXD063266/search_results/LactylSites.xlsx 3 cancer_cells,3.57142857142857,0.333333333333333
KlaPathways,AEJ,Inh,PXD028737,normal_cells,PXD028737/search_results/extracted_pairing/combined/combined/txt/La(K)Sites.txt H0 normal_cells,4.86111111111111,0.5
KlaPathways,AEJ,Inh,PXD028737,normal_cells,PXD028737/search_results/extracted_pairing/combined/combined/txt/La(K)Sites.txt H24 normal_cells,3.2258064516129,0.5
KlaPathways,AEJ,Inh,PXD078736,normal_cells,PXD078736/search_results/txt/La(K)Sites.txt ctr_1 normal_cells,5.71428571428571,0.166666666666667
KlaPathways,AEJ,Inh,PXD078736,normal_cells,PXD078736/search_results/txt/La(K)Sites.txt ctr_2 normal_cells,4.85436893203884,0.166666666666667
KlaPathways,AEJ,Inh,PXD078736,normal_cells,PXD078736/search_results/txt/La(K)Sites.txt ctr_3 normal_cells,4.76190476190476,0.166666666666667
KlaPathways,AEJ,Inh,PXD078736,normal_cells,PXD078736/search_results/txt/La(K)Sites.txt man_1 normal_cells,5.35714285714286,0.166666666666667
KlaPathways,AEJ,Inh,PXD078736,normal_cells,PXD078736/search_results/txt/La(K)Sites.txt man_2 normal_cells,3.7037037037037,0.166666666666667
KlaPathways,AEJ,Inh,PXD078736,normal_cells,PXD078736/search_results/txt/La(K)Sites.txt man_3 normal_cells,3.7037037037037,0.166666666666667
KlaPathways,AEJ,Inh,PXD060185,normal_cells,PXD060185/search_results/RESULT/combined/txt/La (K)Sites.txt C normal_cells,3.47826086956522,1
KlaPathways,NHEJ,Pro,PXD033146,normal_tissue,PXD033146/search_results/extracted_pairing/search_result-HA119TPLa/La (K)Sites.txt RCT1 normal_tissue,34.7826086956522,0.333333333333333
KlaPathways,NHEJ,Pro,PXD033146,normal_tissue,PXD033146/search_results/extracted_pairing/search_result-HA119TPLa/La (K)Sites.txt RCT2 normal_tissue,34.7826086956522,0.333333333333333
KlaPathways,NHEJ,Pro,PXD033146,normal_tissue,PXD033146/search_results/extracted_pairing/search_result-HA119TPLa/La (K)Sites.txt RCT3 normal_tissue,34.7826086956522,0.333333333333333
KlaPathways,NHEJ,Pro,PXD036307,normal_tissue,PXD036307/search_results/extracted/txt/La (K)Sites.txt PTB340 normal_tissue,20,0.166666666666667
KlaPathways,NHEJ,Pro,PXD036307,normal_tissue,PXD036307/search_results/extracted/txt/La (K)Sites.txt PTB342 normal_tissue,19.047619047619,0.166666666666667
KlaPathways,NHEJ,Pro,PXD036307,normal_tissue,PXD036307/search_results/extracted/txt/La (K)Sites.txt PTB344 normal_tissue,15.3846153846154,0.166666666666667
KlaPathways,NHEJ,Pro,PXD036307,normal_tissue,PXD036307/search_results/extracted/txt/La (K)Sites.txt PTB346 normal_tissue,23.8095238095238,0.166666666666667
KlaPathways,NHEJ,Pro,PXD036307,normal_tissue,PXD036307/search_results/extracted/txt/La (K)Sites.txt PTB364 normal_tissue,18.1818181818182,0.166666666666667
KlaPathways,NHEJ,Pro,PXD036307,normal_tissue,PXD036307/search_results/extracted/txt/La (K)Sites.txt PTB372 normal_tissue,18.1818181818182,0.166666666666667
KlaPathways,NHEJ,Pro,PXD046800,normal_tissue,PXD046800/search_results/HFX2_LFQ_QB001_Lacty_PeptideGroups.txt HSP1 normal_tissue,30.7692307692308,0.125
KlaPathways,NHEJ,Pro,PXD046800,normal_tissue,PXD046800/search_results/HFX2_LFQ_QB001_Lacty_PeptideGroups.txt HSP2 normal_tissue,23.0769230769231,0.125
KlaPathways,NHEJ,Pro,PXD046800,normal_tissue,PXD046800/search_results/HFX2_LFQ_QB001_Lacty_PeptideGroups.txt HSP3 normal_tissue,21.4285714285714,0.125
KlaPathways,NHEJ,Pro,PXD046800,normal_tissue,PXD046800/search_results/HFX2_LFQ_QB001_Lacty_PeptideGroups.txt HSP4 normal_tissue,28.5714285714286,0.125
KlaPathways,NHEJ,Pro,PXD046800,normal_tissue,PXD046800/search_results/HFX2_LFQ_QB001_Lacty_PeptideGroups.txt NSP1 normal_tissue,28.5714285714286,0.125
KlaPathways,NHEJ,Pro,PXD046800,normal_tissue,PXD046800/search_results/HFX2_LFQ_QB001_Lacty_PeptideGroups.txt NSP2 normal_tissue,31.8181818181818,0.125
KlaPathways,NHEJ,Pro,PXD046800,normal_tissue,PXD046800/search_results/HFX2_LFQ_QB001_Lacty_PeptideGroups.txt NSP3 normal_tissue,27.7777777777778,0.125
KlaPathways,NHEJ,Pro,PXD046800,normal_tissue,PXD046800/search_results/HFX2_LFQ_QB001_Lacty_PeptideGroups.txt NSP4 normal_tissue,21.0526315789474,0.125
KlaPathways,NHEJ,Pro,PXD050470,normal_tissue,PXD050470/supplementary/prca2331-sup-0005-tables3.xlsx H072 normal_tissue,41.3793103448276,0.333333333333333
KlaPathways,NHEJ,Pro,PXD050470,normal_tissue,PXD050470/supplementary/prca2331-sup-0005-tables3.xlsx H081 normal_tissue,41.3793103448276,0.333333333333333
KlaPathways,NHEJ,Pro,PXD050470,normal_tissue,PXD050470/supplementary/prca2331-sup-0005-tables3.xlsx H187 normal_tissue,41.3793103448276,0.333333333333333
KlaPathways,NHEJ,Pro,PXD063047,normal_tissue,PXD063047/search_results/extracted/combined/txt/La (K)Sites.txt Con_1 normal_tissue,55.5555555555556,0.333333333333333
KlaPathways,NHEJ,Pro,PXD063047,normal_tissue,PXD063047/search_results/extracted/combined/txt/La (K)Sites.txt Con_2 normal_tissue,55.5555555555556,0.333333333333333
KlaPathways,NHEJ,Pro,PXD063047,normal_tissue,PXD063047/search_results/extracted/combined/txt/La (K)Sites.txt Con_3 normal_tissue,28.5714285714286,0.333333333333333
KlaPathways,NHEJ,Pro,PXD064912,normal_tissue,PXD064912/supplementary/europepmc/mmc1.xlsx Rep 1 normal_tissue,0,0.333333333333333
KlaPathways,NHEJ,Pro,PXD064912,normal_tissue,PXD064912/supplementary/europepmc/mmc1.xlsx Rep 2 normal_tissue,14.2857142857143,0.333333333333333
KlaPathways,NHEJ,Pro,PXD064912,normal_tissue,PXD064912/supplementary/europepmc/mmc1.xlsx Rep 3 normal_tissue,14.2857142857143,0.333333333333333
KlaPathways,NHEJ,Pro,PXD066054,normal_tissue,PXD066054/search_results/extracted/PLa/XB08700B1DPLa_-PTMSiteReport.tsv NAT1 normal_tissue,27.8571428571429,0.2
KlaPathways,NHEJ,Pro,PXD066054,normal_tissue,PXD066054/search_results/extracted/PLa/XB08700B1DPLa_-PTMSiteReport.tsv NAT2 normal_tissue,27.8195488721805,0.2
KlaPathways,NHEJ,Pro,PXD066054,normal_tissue,PXD066054/search_results/extracted/PLa/XB08700B1DPLa_-PTMSiteReport.tsv NAT3 normal_tissue,27.906976744186,0.2
KlaPathways,NHEJ,Pro,PXD066054,normal_tissue,PXD066054/search_results/extracted/PLa/XB08700B1DPLa_-PTMSiteReport.tsv NAT4 normal_tissue,27.4809160305344,0.2
KlaPathways,NHEJ,Pro,PXD066054,normal_tissue,PXD066054/search_results/extracted/PLa/XB08700B1DPLa_-PTMSiteReport.tsv NAT5 normal_tissue,27.4809160305344,0.2
KlaPathways,NHEJ,Pro,PXD064038,cancer_tissue,data/PXD064038/search_results/extracted_pairing/txt/txt/La (K)Sites.txt MEC_1 cancer_tissue,27.6923076923077,0.166666666666667
KlaPathways,NHEJ,Pro,PXD064038,cancer_tissue,data/PXD064038/search_results/extracted_pairing/txt/txt/La (K)Sites.txt MEC_2 cancer_tissue,27.8688524590164,0.166666666666667
KlaPathways,NHEJ,Pro,PXD064038,cancer_tissue,data/PXD064038/search_results/extracted_pairing/txt/txt/La (K)Sites.txt MEC_3 cancer_tissue,25.3164556962025,0.166666666666667
KlaPathways,NHEJ,Pro,PXD064038,cancer_tissue,data/PXD064038/search_results/extracted_pairing/txt/txt/La (K)Sites.txt NEC_1 cancer_tissue,34.6153846153846,0.166666666666667
KlaPathways,NHEJ,Pro,PXD064038,cancer_tissue,data/PXD064038/search_results/extracted_pairing/txt/txt/La (K)Sites.txt NEC_2 cancer_tissue,29.6296296296296,0.166666666666667
KlaPathways,NHEJ,Pro,PXD064038,cancer_tissue,data/PXD064038/search_results/extracted_pairing/txt/txt/La (K)Sites.txt NEC_3 cancer_tissue,33.3333333333333,0.166666666666667
KlaPathways,NHEJ,Pro,PXD066054,cancer_tissue,PXD066054/search_results/extracted/PLa/XB08700B1DPLa_-PTMSiteReport.tsv PCa1 cancer_tissue,27.7372262773723,0.2
KlaPathways,NHEJ,Pro,PXD066054,cancer_tissue,PXD066054/search_results/extracted/PLa/XB08700B1DPLa_-PTMSiteReport.tsv PCa2 cancer_tissue,26.7716535433071,0.2
KlaPathways,NHEJ,Pro,PXD066054,cancer_tissue,PXD066054/search_results/extracted/PLa/XB08700B1DPLa_-PTMSiteReport.tsv PCa3 cancer_tissue,27.6595744680851,0.2
KlaPathways,NHEJ,Pro,PXD066054,cancer_tissue,PXD066054/search_results/extracted/PLa/XB08700B1DPLa_-PTMSiteReport.tsv PCa4 cancer_tissue,27.7372262773723,0.2
KlaPathways,NHEJ,Pro,PXD066054,cancer_tissue,PXD066054/search_results/extracted/PLa/XB08700B1DPLa_-PTMSiteReport.tsv PCa5 cancer_tissue,27.2727272727273,0.2
KlaPathways,NHEJ,Pro,PXD060185,cancer_cells,PXD060185/search_results/RESULT/combined/txt/La (K)Sites.txt A cancer_cells,25,0.333333333333333
KlaPathways,NHEJ,Pro,PXD028488,cancer_cells,PXD028488/search_results/Enrichment-Search files/TALL-NALAC-Search files/proteins.csv Sample 1 cancer_cells,27.5862068965517,0.333333333333333
KlaPathways,NHEJ,Pro,PXD028488,cancer_cells,PXD028488/search_results/Enrichment-Search files/TALL-NALAC-Search files/proteins.csv Sample 2 cancer_cells,26.6666666666667,0.333333333333333
KlaPathways,NHEJ,Pro,PXD028488,cancer_cells,PXD028488/search_results/Enrichment-Search files/TALL-NALAC-Search files/proteins.csv Sample 3 cancer_cells,25.8064516129032,0.333333333333333
KlaPathways,NHEJ,Pro,PXD050147,cancer_cells,PXD050147/search_results/Lactyl_K_Sites.txt SIRT1KO_rep1 cancer_cells,18.3962264150943,0.111111111111111
KlaPathways,NHEJ,Pro,PXD050147,cancer_cells,PXD050147/search_results/Lactyl_K_Sites.txt SIRT1KO_rep2 cancer_cells,22.0183486238532,0.111111111111111
KlaPathways,NHEJ,Pro,PXD050147,cancer_cells,PXD050147/search_results/Lactyl_K_Sites.txt SIRT1KO_rep3 cancer_cells,20.8121827411168,0.111111111111111
KlaPathways,NHEJ,Pro,PXD050147,cancer_cells,PXD050147/search_results/Lactyl_K_Sites.txt SIRT3KO_rep1 cancer_cells,19.1588785046729,0.111111111111111
KlaPathways,NHEJ,Pro,PXD050147,cancer_cells,PXD050147/search_results/Lactyl_K_Sites.txt SIRT3KO_rep2 cancer_cells,20.7446808510638,0.111111111111111
KlaPathways,NHEJ,Pro,PXD050147,cancer_cells,PXD050147/search_results/Lactyl_K_Sites.txt SIRT3KO_rep3 cancer_cells,21.9730941704036,0.111111111111111
KlaPathways,NHEJ,Pro,PXD050147,cancer_cells,PXD050147/search_results/Lactyl_K_Sites.txt WT_rep1 cancer_cells,23.6111111111111,0.111111111111111
KlaPathways,NHEJ,Pro,PXD050147,cancer_cells,PXD050147/search_results/Lactyl_K_Sites.txt WT_rep2 cancer_cells,22.8571428571429,0.111111111111111
KlaPathways,NHEJ,Pro,PXD050147,cancer_cells,PXD050147/search_results/Lactyl_K_Sites.txt WT_rep3 cancer_cells,22.7848101265823,0.111111111111111
KlaPathways,NHEJ,Pro,PXD054919,cancer_cells,PXD054919/supplementary/41419_2025_8113_MOESM2_ESM.xlsx A549-1 cancer_cells,30,0.333333333333333
KlaPathways,NHEJ,Pro,PXD054919,cancer_cells,PXD054919/supplementary/41419_2025_8113_MOESM2_ESM.xlsx A549-2 cancer_cells,28.695652173913,0.333333333333333
KlaPathways,NHEJ,Pro,PXD054919,cancer_cells,PXD054919/supplementary/41419_2025_8113_MOESM2_ESM.xlsx A549-3 cancer_cells,28.695652173913,0.333333333333333
KlaPathways,NHEJ,Pro,PXD060185,cancer_cells,PXD060185/search_results/RESULT/combined/txt/La (K)Sites.txt B cancer_cells,22.4489795918367,0.333333333333333
KlaPathways,NHEJ,Pro,PXD060185,cancer_cells,PXD060185/search_results/RESULT/combined/txt/La (K)Sites.txt D cancer_cells,23.2704402515723,0.333333333333333
KlaPathways,NHEJ,Pro,PXD063266,cancer_cells,PXD063266/search_results/LactylSites.xlsx 1 cancer_cells,26.8292682926829,0.333333333333333
KlaPathways,NHEJ,Pro,PXD063266,cancer_cells,PXD063266/search_results/LactylSites.xlsx 2 cancer_cells,20.8333333333333,0.333333333333333
KlaPathways,NHEJ,Pro,PXD063266,cancer_cells,PXD063266/search_results/LactylSites.xlsx 3 cancer_cells,21.4285714285714,0.333333333333333
KlaPathways,NHEJ,Pro,PXD028737,normal_cells,PXD028737/search_results/extracted_pairing/combined/combined/txt/La(K)Sites.txt H0 normal_cells,23.6111111111111,0.5
KlaPathways,NHEJ,Pro,PXD028737,normal_cells,PXD028737/search_results/extracted_pairing/combined/combined/txt/La(K)Sites.txt H24 normal_cells,24.1935483870968,0.5
KlaPathways,NHEJ,Pro,PXD078736,normal_cells,PXD078736/search_results/txt/La(K)Sites.txt ctr_1 normal_cells,20,0.166666666666667
KlaPathways,NHEJ,Pro,PXD078736,normal_cells,PXD078736/search_results/txt/La(K)Sites.txt ctr_2 normal_cells,21.3592233009709,0.166666666666667
KlaPathways,NHEJ,Pro,PXD078736,normal_cells,PXD078736/search_results/txt/La(K)Sites.txt ctr_3 normal_cells,24.7619047619048,0.166666666666667
KlaPathways,NHEJ,Pro,PXD078736,normal_cells,PXD078736/search_results/txt/La(K)Sites.txt man_1 normal_cells,25,0.166666666666667
KlaPathways,NHEJ,Pro,PXD078736,normal_cells,PXD078736/search_results/txt/La(K)Sites.txt man_2 normal_cells,25.9259259259259,0.166666666666667
KlaPathways,NHEJ,Pro,PXD078736,normal_cells,PXD078736/search_results/txt/La(K)Sites.txt man_3 normal_cells,27.7777777777778,0.166666666666667
KlaPathways,NHEJ,Pro,PXD060185,normal_cells,PXD060185/search_results/RESULT/combined/txt/La (K)Sites.txt C normal_cells,26.9565217391304,1
KlaPathways,NHEJ,Inh,PXD033146,normal_tissue,PXD033146/search_results/extracted_pairing/search_result-HA119TPLa/La (K)Sites.txt RCT1 normal_tissue,0,0.333333333333333
KlaPathways,NHEJ,Inh,PXD033146,normal_tissue,PXD033146/search_results/extracted_pairing/search_result-HA119TPLa/La (K)Sites.txt RCT2 normal_tissue,0,0.333333333333333
KlaPathways,NHEJ,Inh,PXD033146,normal_tissue,PXD033146/search_results/extracted_pairing/search_result-HA119TPLa/La (K)Sites.txt RCT3 normal_tissue,0,0.333333333333333
KlaPathways,NHEJ,Inh,PXD036307,normal_tissue,PXD036307/search_results/extracted/txt/La (K)Sites.txt PTB340 normal_tissue,0,0.166666666666667
KlaPathways,NHEJ,Inh,PXD036307,normal_tissue,PXD036307/search_results/extracted/txt/La (K)Sites.txt PTB342 normal_tissue,0,0.166666666666667
KlaPathways,NHEJ,Inh,PXD036307,normal_tissue,PXD036307/search_results/extracted/txt/La (K)Sites.txt PTB344 normal_tissue,0,0.166666666666667
KlaPathways,NHEJ,Inh,PXD036307,normal_tissue,PXD036307/search_results/extracted/txt/La (K)Sites.txt PTB346 normal_tissue,4.76190476190476,0.166666666666667
KlaPathways,NHEJ,Inh,PXD036307,normal_tissue,PXD036307/search_results/extracted/txt/La (K)Sites.txt PTB364 normal_tissue,4.54545454545455,0.166666666666667
KlaPathways,NHEJ,Inh,PXD036307,normal_tissue,PXD036307/search_results/extracted/txt/La (K)Sites.txt PTB372 normal_tissue,9.09090909090909,0.166666666666667
KlaPathways,NHEJ,Inh,PXD046800,normal_tissue,PXD046800/search_results/HFX2_LFQ_QB001_Lacty_PeptideGroups.txt HSP1 normal_tissue,0,0.125
KlaPathways,NHEJ,Inh,PXD046800,normal_tissue,PXD046800/search_results/HFX2_LFQ_QB001_Lacty_PeptideGroups.txt HSP2 normal_tissue,0,0.125
KlaPathways,NHEJ,Inh,PXD046800,normal_tissue,PXD046800/search_results/HFX2_LFQ_QB001_Lacty_PeptideGroups.txt HSP3 normal_tissue,0,0.125
KlaPathways,NHEJ,Inh,PXD046800,normal_tissue,PXD046800/search_results/HFX2_LFQ_QB001_Lacty_PeptideGroups.txt HSP4 normal_tissue,0,0.125
KlaPathways,NHEJ,Inh,PXD046800,normal_tissue,PXD046800/search_results/HFX2_LFQ_QB001_Lacty_PeptideGroups.txt NSP1 normal_tissue,0,0.125
KlaPathways,NHEJ,Inh,PXD046800,normal_tissue,PXD046800/search_results/HFX2_LFQ_QB001_Lacty_PeptideGroups.txt NSP2 normal_tissue,0,0.125
KlaPathways,NHEJ,Inh,PXD046800,normal_tissue,PXD046800/search_results/HFX2_LFQ_QB001_Lacty_PeptideGroups.txt NSP3 normal_tissue,0,0.125
KlaPathways,NHEJ,Inh,PXD046800,normal_tissue,PXD046800/search_results/HFX2_LFQ_QB001_Lacty_PeptideGroups.txt NSP4 normal_tissue,0,0.125
KlaPathways,NHEJ,Inh,PXD050470,normal_tissue,PXD050470/supplementary/prca2331-sup-0005-tables3.xlsx H072 normal_tissue,0,0.333333333333333
KlaPathways,NHEJ,Inh,PXD050470,normal_tissue,PXD050470/supplementary/prca2331-sup-0005-tables3.xlsx H081 normal_tissue,0,0.333333333333333
KlaPathways,NHEJ,Inh,PXD050470,normal_tissue,PXD050470/supplementary/prca2331-sup-0005-tables3.xlsx H187 normal_tissue,0,0.333333333333333
KlaPathways,NHEJ,Inh,PXD063047,normal_tissue,PXD063047/search_results/extracted/combined/txt/La (K)Sites.txt Con_1 normal_tissue,0,0.333333333333333
KlaPathways,NHEJ,Inh,PXD063047,normal_tissue,PXD063047/search_results/extracted/combined/txt/La (K)Sites.txt Con_2 normal_tissue,0,0.333333333333333
KlaPathways,NHEJ,Inh,PXD063047,normal_tissue,PXD063047/search_results/extracted/combined/txt/La (K)Sites.txt Con_3 normal_tissue,0,0.333333333333333
KlaPathways,NHEJ,Inh,PXD064912,normal_tissue,PXD064912/supplementary/europepmc/mmc1.xlsx Rep 1 normal_tissue,0,0.333333333333333
KlaPathways,NHEJ,Inh,PXD064912,normal_tissue,PXD064912/supplementary/europepmc/mmc1.xlsx Rep 2 normal_tissue,0,0.333333333333333
KlaPathways,NHEJ,Inh,PXD064912,normal_tissue,PXD064912/supplementary/europepmc/mmc1.xlsx Rep 3 normal_tissue,0,0.333333333333333
KlaPathways,NHEJ,Inh,PXD066054,normal_tissue,PXD066054/search_results/extracted/PLa/XB08700B1DPLa_-PTMSiteReport.tsv NAT1 normal_tissue,4.28571428571429,0.2
KlaPathways,NHEJ,Inh,PXD066054,normal_tissue,PXD066054/search_results/extracted/PLa/XB08700B1DPLa_-PTMSiteReport.tsv NAT2 normal_tissue,3.00751879699248,0.2
KlaPathways,NHEJ,Inh,PXD066054,normal_tissue,PXD066054/search_results/extracted/PLa/XB08700B1DPLa_-PTMSiteReport.tsv NAT3 normal_tissue,3.87596899224806,0.2
KlaPathways,NHEJ,Inh,PXD066054,normal_tissue,PXD066054/search_results/extracted/PLa/XB08700B1DPLa_-PTMSiteReport.tsv NAT4 normal_tissue,3.81679389312977,0.2
KlaPathways,NHEJ,Inh,PXD066054,normal_tissue,PXD066054/search_results/extracted/PLa/XB08700B1DPLa_-PTMSiteReport.tsv NAT5 normal_tissue,4.58015267175573,0.2
KlaPathways,NHEJ,Inh,PXD064038,cancer_tissue,data/PXD064038/search_results/extracted_pairing/txt/txt/La (K)Sites.txt MEC_1 cancer_tissue,4.61538461538462,0.166666666666667
KlaPathways,NHEJ,Inh,PXD064038,cancer_tissue,data/PXD064038/search_results/extracted_pairing/txt/txt/La (K)Sites.txt MEC_2 cancer_tissue,4.91803278688525,0.166666666666667
KlaPathways,NHEJ,Inh,PXD064038,cancer_tissue,data/PXD064038/search_results/extracted_pairing/txt/txt/La (K)Sites.txt MEC_3 cancer_tissue,3.79746835443038,0.166666666666667
KlaPathways,NHEJ,Inh,PXD064038,cancer_tissue,data/PXD064038/search_results/extracted_pairing/txt/txt/La (K)Sites.txt NEC_1 cancer_tissue,0,0.166666666666667
KlaPathways,NHEJ,Inh,PXD064038,cancer_tissue,data/PXD064038/search_results/extracted_pairing/txt/txt/La (K)Sites.txt NEC_2 cancer_tissue,3.7037037037037,0.166666666666667
KlaPathways,NHEJ,Inh,PXD064038,cancer_tissue,data/PXD064038/search_results/extracted_pairing/txt/txt/La (K)Sites.txt NEC_3 cancer_tissue,0,0.166666666666667
KlaPathways,NHEJ,Inh,PXD066054,cancer_tissue,PXD066054/search_results/extracted/PLa/XB08700B1DPLa_-PTMSiteReport.tsv PCa1 cancer_tissue,4.37956204379562,0.2
KlaPathways,NHEJ,Inh,PXD066054,cancer_tissue,PXD066054/search_results/extracted/PLa/XB08700B1DPLa_-PTMSiteReport.tsv PCa2 cancer_tissue,3.93700787401575,0.2
KlaPathways,NHEJ,Inh,PXD066054,cancer_tissue,PXD066054/search_results/extracted/PLa/XB08700B1DPLa_-PTMSiteReport.tsv PCa3 cancer_tissue,4.25531914893617,0.2
KlaPathways,NHEJ,Inh,PXD066054,cancer_tissue,PXD066054/search_results/extracted/PLa/XB08700B1DPLa_-PTMSiteReport.tsv PCa4 cancer_tissue,3.64963503649635,0.2
KlaPathways,NHEJ,Inh,PXD066054,cancer_tissue,PXD066054/search_results/extracted/PLa/XB08700B1DPLa_-PTMSiteReport.tsv PCa5 cancer_tissue,4.1958041958042,0.2
KlaPathways,NHEJ,Inh,PXD060185,cancer_cells,PXD060185/search_results/RESULT/combined/txt/La (K)Sites.txt A cancer_cells,1.51515151515152,0.333333333333333
KlaPathways,NHEJ,Inh,PXD028488,cancer_cells,PXD028488/search_results/Enrichment-Search files/TALL-NALAC-Search files/proteins.csv Sample 1 cancer_cells,3.44827586206897,0.333333333333333
KlaPathways,NHEJ,Inh,PXD028488,cancer_cells,PXD028488/search_results/Enrichment-Search files/TALL-NALAC-Search files/proteins.csv Sample 2 cancer_cells,6.66666666666667,0.333333333333333
KlaPathways,NHEJ,Inh,PXD028488,cancer_cells,PXD028488/search_results/Enrichment-Search files/TALL-NALAC-Search files/proteins.csv Sample 3 cancer_cells,6.45161290322581,0.333333333333333
KlaPathways,NHEJ,Inh,PXD050147,cancer_cells,PXD050147/search_results/Lactyl_K_Sites.txt SIRT1KO_rep1 cancer_cells,2.83018867924528,0.111111111111111
KlaPathways,NHEJ,Inh,PXD050147,cancer_cells,PXD050147/search_results/Lactyl_K_Sites.txt SIRT1KO_rep2 cancer_cells,4.12844036697248,0.111111111111111
KlaPathways,NHEJ,Inh,PXD050147,cancer_cells,PXD050147/search_results/Lactyl_K_Sites.txt SIRT1KO_rep3 cancer_cells,3.04568527918782,0.111111111111111
KlaPathways,NHEJ,Inh,PXD050147,cancer_cells,PXD050147/search_results/Lactyl_K_Sites.txt SIRT3KO_rep1 cancer_cells,4.20560747663551,0.111111111111111
KlaPathways,NHEJ,Inh,PXD050147,cancer_cells,PXD050147/search_results/Lactyl_K_Sites.txt SIRT3KO_rep2 cancer_cells,2.12765957446809,0.111111111111111
KlaPathways,NHEJ,Inh,PXD050147,cancer_cells,PXD050147/search_results/Lactyl_K_Sites.txt SIRT3KO_rep3 cancer_cells,3.1390134529148,0.111111111111111
KlaPathways,NHEJ,Inh,PXD050147,cancer_cells,PXD050147/search_results/Lactyl_K_Sites.txt WT_rep1 cancer_cells,2.08333333333333,0.111111111111111
KlaPathways,NHEJ,Inh,PXD050147,cancer_cells,PXD050147/search_results/Lactyl_K_Sites.txt WT_rep2 cancer_cells,1.42857142857143,0.111111111111111
KlaPathways,NHEJ,Inh,PXD050147,cancer_cells,PXD050147/search_results/Lactyl_K_Sites.txt WT_rep3 cancer_cells,3.16455696202532,0.111111111111111
KlaPathways,NHEJ,Inh,PXD054919,cancer_cells,PXD054919/supplementary/41419_2025_8113_MOESM2_ESM.xlsx A549-1 cancer_cells,1.81818181818182,0.333333333333333
KlaPathways,NHEJ,Inh,PXD054919,cancer_cells,PXD054919/supplementary/41419_2025_8113_MOESM2_ESM.xlsx A549-2 cancer_cells,1.73913043478261,0.333333333333333
KlaPathways,NHEJ,Inh,PXD054919,cancer_cells,PXD054919/supplementary/41419_2025_8113_MOESM2_ESM.xlsx A549-3 cancer_cells,1.73913043478261,0.333333333333333
KlaPathways,NHEJ,Inh,PXD060185,cancer_cells,PXD060185/search_results/RESULT/combined/txt/La (K)Sites.txt B cancer_cells,4.08163265306122,0.333333333333333
KlaPathways,NHEJ,Inh,PXD060185,cancer_cells,PXD060185/search_results/RESULT/combined/txt/La (K)Sites.txt D cancer_cells,3.77358490566038,0.333333333333333
KlaPathways,NHEJ,Inh,PXD063266,cancer_cells,PXD063266/search_results/LactylSites.xlsx 1 cancer_cells,4.87804878048781,0.333333333333333
KlaPathways,NHEJ,Inh,PXD063266,cancer_cells,PXD063266/search_results/LactylSites.xlsx 2 cancer_cells,8.33333333333333,0.333333333333333
KlaPathways,NHEJ,Inh,PXD063266,cancer_cells,PXD063266/search_results/LactylSites.xlsx 3 cancer_cells,7.14285714285714,0.333333333333333
KlaPathways,NHEJ,Inh,PXD028737,normal_cells,PXD028737/search_results/extracted_pairing/combined/combined/txt/La(K)Sites.txt H0 normal_cells,3.47222222222222,0.5
KlaPathways,NHEJ,Inh,PXD028737,normal_cells,PXD028737/search_results/extracted_pairing/combined/combined/txt/La(K)Sites.txt H24 normal_cells,2.41935483870968,0.5
KlaPathways,NHEJ,Inh,PXD078736,normal_cells,PXD078736/search_results/txt/La(K)Sites.txt ctr_1 normal_cells,1.90476190476191,0.166666666666667
KlaPathways,NHEJ,Inh,PXD078736,normal_cells,PXD078736/search_results/txt/La(K)Sites.txt ctr_2 normal_cells,1.94174757281553,0.166666666666667
KlaPathways,NHEJ,Inh,PXD078736,normal_cells,PXD078736/search_results/txt/La(K)Sites.txt ctr_3 normal_cells,1.90476190476191,0.166666666666667
KlaPathways,NHEJ,Inh,PXD078736,normal_cells,PXD078736/search_results/txt/La(K)Sites.txt man_1 normal_cells,1.78571428571429,0.166666666666667
KlaPathways,NHEJ,Inh,PXD078736,normal_cells,PXD078736/search_results/txt/La(K)Sites.txt man_2 normal_cells,1.85185185185185,0.166666666666667
KlaPathways,NHEJ,Inh,PXD078736,normal_cells,PXD078736/search_results/txt/La(K)Sites.txt man_3 normal_cells,1.85185185185185,0.166666666666667
KlaPathways,NHEJ,Inh,PXD060185,normal_cells,PXD060185/search_results/RESULT/combined/txt/La (K)Sites.txt C normal_cells,1.73913043478261,1
MKI67Ratios,H3C1,"",PXD066054,normal_tissue,PXD066054/search_results/extracted/DA/Protein_Quant.tsv NAT1 normal_tissue,-2.71128640489516,0.2
MKI67Ratios,H3C1,"",PXD066054,normal_tissue,PXD066054/search_results/extracted/DA/Protein_Quant.tsv NAT2 normal_tissue,-2.40452269694643,0.2
MKI67Ratios,H3C1,"",PXD066054,normal_tissue,PXD066054/search_results/extracted/DA/Protein_Quant.tsv NAT3 normal_tissue,-3.16006771816582,0.2
MKI67Ratios,H3C1,"",PXD066054,normal_tissue,PXD066054/search_results/extracted/DA/Protein_Quant.tsv NAT4 normal_tissue,-2.91206321181108,0.2
MKI67Ratios,H3C1,"",PXD066054,normal_tissue,PXD066054/search_results/extracted/DA/Protein_Quant.tsv NAT5 normal_tissue,-2.30418546034705,0.2
MKI67Ratios,H3C1,"",PXD066054,cancer_tissue,PXD066054/search_results/extracted/DA/Protein_Quant.tsv PCa1 cancer_tissue,-2.37826605523457,0.2
MKI67Ratios,H3C1,"",PXD066054,cancer_tissue,PXD066054/search_results/extracted/DA/Protein_Quant.tsv PCa2 cancer_tissue,-2.84903501121097,0.2
MKI67Ratios,H3C1,"",PXD066054,cancer_tissue,PXD066054/search_results/extracted/DA/Protein_Quant.tsv PCa3 cancer_tissue,-2.89825494268418,0.2
MKI67Ratios,H3C1,"",PXD066054,cancer_tissue,PXD066054/search_results/extracted/DA/Protein_Quant.tsv PCa4 cancer_tissue,-2.73537327867964,0.2
MKI67Ratios,H3C1,"",PXD066054,cancer_tissue,PXD066054/search_results/extracted/DA/Protein_Quant.tsv PCa5 cancer_tissue,-2.30101874771153,0.2
MKI67Ratios,H3C1,"",PXD066351,cancer_cells,PXD066351/search_results/XB01472B1DA-Protein_Quant.tsv NC116 cancer_cells,-0.913696587152808,0.5
MKI67Ratios,H3C1,"",PXD066351,cancer_cells,PXD066351/search_results/XB01472B1DA-Protein_Quant.tsv R116 cancer_cells,-0.773320497179259,0.5
MKI67Ratios,H3C1,"",PXD028488,cancer_cells,PXD028488/search_results/Nonenrichment-Search files/TALL-Nonenrichment-Search files/proteins.csv Sample 1 cancer_cells,-1.42502358612797,0.333333333333333
MKI67Ratios,H3C1,"",PXD028488,cancer_cells,PXD028488/search_results/Nonenrichment-Search files/TALL-Nonenrichment-Search files/proteins.csv Sample 2 cancer_cells,-1.38160098523961,0.333333333333333
MKI67Ratios,H3C1,"",PXD028488,cancer_cells,PXD028488/search_results/Nonenrichment-Search files/TALL-Nonenrichment-Search files/proteins.csv Sample 3 cancer_cells,-1.05250697280934,0.333333333333333
MKI67Ratios,H3C1,"",PXD050147,cancer_cells,PXD050147/search_results/SIRT_proteinGroups.txt SIRT1KO_pro_rep1 cancer_cells,1.70956501349753,0.125
MKI67Ratios,H3C1,"",PXD050147,cancer_cells,PXD050147/search_results/SIRT_proteinGroups.txt SIRT1KO_pro_rep2 cancer_cells,3.01435242801893,0.125
MKI67Ratios,H3C1,"",PXD050147,cancer_cells,PXD050147/search_results/SIRT_proteinGroups.txt SIRT1KO_pro_rep3 cancer_cells,2.52144229076021,0.125
MKI67Ratios,H3C1,"",PXD050147,cancer_cells,PXD050147/search_results/SIRT_proteinGroups.txt SIRT3KO_pro_rep1 cancer_cells,1.6667866645084,0.125
MKI67Ratios,H3C1,"",PXD050147,cancer_cells,PXD050147/search_results/SIRT_proteinGroups.txt SIRT3KO_pro_rep3 cancer_cells,2.55751619020873,0.125
MKI67Ratios,H3C1,"",PXD050147,cancer_cells,PXD050147/search_results/SIRT_proteinGroups.txt WT_pro_rep1 cancer_cells,1.27925308371049,0.125
MKI67Ratios,H3C1,"",PXD050147,cancer_cells,PXD050147/search_results/SIRT_proteinGroups.txt WT_pro_rep2 cancer_cells,1.18810241456937,0.125
MKI67Ratios,H3C1,"",PXD050147,cancer_cells,PXD050147/search_results/SIRT_proteinGroups.txt WT_pro_rep3 cancer_cells,1.08531967234584,0.125
MKI67Ratios,H3C1,"",PXD028737,normal_cells,PXD028737/search_results/extracted_reference/txt/proteinGroups.txt H0 normal_cells,0.538223813320682,0.5
MKI67Ratios,H3C1,"",PXD028737,normal_cells,PXD028737/search_results/extracted_reference/txt/proteinGroups.txt H24 normal_cells,0.582896692622222,0.5
MKI67Ratios,H3C1,"",PXD072220,normal_cells,PXD072220/search_results/HK-2_Spectronaut-report_PG_Quantity.txt amostra1 normal_cells,-0.314198956539666,0.333333333333333
MKI67Ratios,H3C1,"",PXD072220,normal_cells,PXD072220/search_results/HK-2_Spectronaut-report_PG_Quantity.txt amostra3 normal_cells,-0.276307797406479,0.333333333333333
MKI67Ratios,H3C1,"",PXD072220,normal_cells,PXD072220/search_results/HK-2_Spectronaut-report_PG_Quantity.txt amostra4 normal_cells,-0.0195503490121805,0.333333333333333
MKI67Ratios,H3C1,"",PXD073311,normal_cells,PXD073311/search_results/extracted_pairing/IPX0015307001_Database_search_result/Database_search_result/report.pg_matrix.tsv A0h_1 normal_cells,-1.06217014060421,0.333333333333333
MKI67Ratios,H3C1,"",PXD073311,normal_cells,PXD073311/search_results/extracted_pairing/IPX0015307001_Database_search_result/Database_search_result/report.pg_matrix.tsv A0h_2 normal_cells,-1.10322628470544,0.333333333333333
MKI67Ratios,H3C1,"",PXD073311,normal_cells,PXD073311/search_results/extracted_pairing/IPX0015307001_Database_search_result/Database_search_result/report.pg_matrix.tsv A0h_3 normal_cells,-1.09628844934509,0.333333333333333
MKI67Ratios,H3C1,"",PXD065830,cancer_tissue,data/PXD065830/supplementary/Dataset1.xlsx ESCC-044T cancer_tissue,-0.0540502254213466,0.0222222222222222
MKI67Ratios,H3C1,"",PXD065830,cancer_tissue,data/PXD065830/supplementary/Dataset1.xlsx ESCC-049T cancer_tissue,0.173545687498544,0.0222222222222222
MKI67Ratios,H3C1,"",PXD065830,cancer_tissue,data/PXD065830/supplementary/Dataset1.xlsx ESCC-017T cancer_tissue,0.0384983028016095,0.0222222222222222
MKI67Ratios,H3C1,"",PXD065830,cancer_tissue,data/PXD065830/supplementary/Dataset1.xlsx ESCC-055T cancer_tissue,0.0581524870344345,0.0222222222222222
MKI67Ratios,H3C1,"",PXD065830,cancer_tissue,data/PXD065830/supplementary/Dataset1.xlsx ESCC-057T cancer_tissue,-0.0718194576138904,0.0222222222222222
MKI67Ratios,H3C1,"",PXD065830,cancer_tissue,data/PXD065830/supplementary/Dataset1.xlsx ESCC-059T cancer_tissue,0.0456984615353686,0.0222222222222222
MKI67Ratios,H3C1,"",PXD065830,cancer_tissue,data/PXD065830/supplementary/Dataset1.xlsx ESCC-063T cancer_tissue,-0.0212393182120531,0.0222222222222222
MKI67Ratios,H3C1,"",PXD065830,cancer_tissue,data/PXD065830/supplementary/Dataset1.xlsx ESCC-065T cancer_tissue,0.0723215186925809,0.0222222222222222
MKI67Ratios,H3C1,"",PXD065830,cancer_tissue,data/PXD065830/supplementary/Dataset1.xlsx ESCC-066T cancer_tissue,0.0230659146586786,0.0222222222222222
MKI67Ratios,H3C1,"",PXD065830,cancer_tissue,data/PXD065830/supplementary/Dataset1.xlsx ESCC-069T cancer_tissue,0.143557872484696,0.0222222222222222
MKI67Ratios,H3C1,"",PXD065830,cancer_tissue,data/PXD065830/supplementary/Dataset1.xlsx ESCC-072T cancer_tissue,0.126138719512487,0.0222222222222222
MKI67Ratios,H3C1,"",PXD065830,cancer_tissue,data/PXD065830/supplementary/Dataset1.xlsx ESCC-043T cancer_tissue,-0.384747261737214,0.0222222222222222
MKI67Ratios,H3C1,"",PXD065830,cancer_tissue,data/PXD065830/supplementary/Dataset1.xlsx ESCC-046T cancer_tissue,0.229571011536146,0.0222222222222222
MKI67Ratios,H3C1,"",PXD065830,cancer_tissue,data/PXD065830/supplementary/Dataset1.xlsx ESCC-050T cancer_tissue,0.0340063557166003,0.0222222222222222
MKI67Ratios,H3C1,"",PXD065830,cancer_tissue,data/PXD065830/supplementary/Dataset1.xlsx ESCC-051T cancer_tissue,0.0378981135854854,0.0222222222222222
MKI67Ratios,H3C1,"",PXD065830,cancer_tissue,data/PXD065830/supplementary/Dataset1.xlsx ESCC-007T cancer_tissue,-0.100824664359379,0.0222222222222222
MKI67Ratios,H3C1,"",PXD065830,cancer_tissue,data/PXD065830/supplementary/Dataset1.xlsx ESCC-018T cancer_tissue,0.0292537119013323,0.0222222222222222
MKI67Ratios,H3C1,"",PXD065830,cancer_tissue,data/PXD065830/supplementary/Dataset1.xlsx ESCC-021T cancer_tissue,0.127526958737825,0.0222222222222222
MKI67Ratios,H3C1,"",PXD065830,cancer_tissue,data/PXD065830/supplementary/Dataset1.xlsx ESCC-027T cancer_tissue,-0.174377658872676,0.0222222222222222
MKI67Ratios,H3C1,"",PXD065830,cancer_tissue,data/PXD065830/supplementary/Dataset1.xlsx ESCC-052T cancer_tissue,0.018595260337474,0.0222222222222222
MKI67Ratios,H3C1,"",PXD065830,cancer_tissue,data/PXD065830/supplementary/Dataset1.xlsx ESCC-056T cancer_tissue,-0.252291722524323,0.0222222222222222
MKI67Ratios,H3C1,"",PXD065830,cancer_tissue,data/PXD065830/supplementary/Dataset1.xlsx ESCC-061T cancer_tissue,0.0673132779396571,0.0222222222222222
MKI67Ratios,H3C1,"",PXD065830,cancer_tissue,data/PXD065830/supplementary/Dataset1.xlsx ESCC-062T cancer_tissue,0.100914402100824,0.0222222222222222
MKI67Ratios,H3C1,"",PXD065830,cancer_tissue,data/PXD065830/supplementary/Dataset1.xlsx ESCC-053T cancer_tissue,0.0236153916342946,0.0222222222222222
MKI67Ratios,H3C1,"",PXD065830,cancer_tissue,data/PXD065830/supplementary/Dataset1.xlsx ESCC-058T cancer_tissue,-0.207817346391822,0.0222222222222222
MKI67Ratios,H3C1,"",PXD065830,cancer_tissue,data/PXD065830/supplementary/Dataset1.xlsx ESCC-068T cancer_tissue,-0.0587566258088812,0.0222222222222222
MKI67Ratios,H3C1,"",PXD065830,cancer_tissue,data/PXD065830/supplementary/Dataset1.xlsx ESCC-067T cancer_tissue,-0.134636583338425,0.0222222222222222
MKI67Ratios,H3C1,"",PXD065830,cancer_tissue,data/PXD065830/supplementary/Dataset1.xlsx ESCC-076T cancer_tissue,-0.074974683872252,0.0222222222222222
MKI67Ratios,H3C1,"",PXD065830,cancer_tissue,data/PXD065830/supplementary/Dataset1.xlsx ESCC-087T cancer_tissue,-0.302902139050963,0.0222222222222222
MKI67Ratios,H3C1,"",PXD065830,cancer_tissue,data/PXD065830/supplementary/Dataset1.xlsx ESCC-045T cancer_tissue,0.0536910742878766,0.0222222222222222
MKI67Ratios,H3C1,"",PXD065830,cancer_tissue,data/PXD065830/supplementary/Dataset1.xlsx ESCC-022T cancer_tissue,-0.00178257352270561,0.0222222222222222
MKI67Ratios,H3C1,"",PXD065830,cancer_tissue,data/PXD065830/supplementary/Dataset1.xlsx ESCC-026T cancer_tissue,0.157437157669928,0.0222222222222222
MKI67Ratios,H3C1,"",PXD065830,cancer_tissue,data/PXD065830/supplementary/Dataset1.xlsx ESCC-012T cancer_tissue,0.188041149707492,0.0222222222222222
MKI67Ratios,H3C1,"",PXD065830,cancer_tissue,data/PXD065830/supplementary/Dataset1.xlsx ESCC-014T cancer_tissue,0.00503845730105794,0.0222222222222222
MKI67Ratios,H3C1,"",PXD065830,cancer_tissue,data/PXD065830/supplementary/Dataset1.xlsx ESCC-025T cancer_tissue,0.0672787522313121,0.0222222222222222
MKI67Ratios,H3C1,"",PXD065830,cancer_tissue,data/PXD065830/supplementary/Dataset1.xlsx ESCC-030T cancer_tissue,0.0135881055046738,0.0222222222222222
MKI67Ratios,H3C1,"",PXD065830,cancer_tissue,data/PXD065830/supplementary/Dataset1.xlsx ESCC-047T cancer_tissue,0.290275501794135,0.0222222222222222
MKI67Ratios,H3C1,"",PXD065830,cancer_tissue,data/PXD065830/supplementary/Dataset1.xlsx ESCC-054T cancer_tissue,0.0870004101126589,0.0222222222222222
MKI67Ratios,H3C1,"",PXD065830,cancer_tissue,data/PXD065830/supplementary/Dataset1.xlsx ESCC-048T cancer_tissue,0.326605936575103,0.0222222222222222
MKI67Ratios,H3C1,"",PXD065830,cancer_tissue,data/PXD065830/supplementary/Dataset1.xlsx ESCC-060T cancer_tissue,0.201953900601929,0.0222222222222222
MKI67Ratios,H3C1,"",PXD065830,cancer_tissue,data/PXD065830/supplementary/Dataset1.xlsx ESCC-064T cancer_tissue,-0.0542150610408533,0.0222222222222222
MKI67Ratios,H3C1,"",PXD065830,cancer_tissue,data/PXD065830/supplementary/Dataset1.xlsx ESCC-070T cancer_tissue,0.211446508145965,0.0222222222222222
MKI67Ratios,H3C1,"",PXD065830,cancer_tissue,data/PXD065830/supplementary/Dataset1.xlsx ESCC-071T cancer_tissue,0.197164385778278,0.0222222222222222
MKI67Ratios,H3C1,"",PXD065830,cancer_tissue,data/PXD065830/supplementary/Dataset1.xlsx ESCC-073T cancer_tissue,-0.0177310351931546,0.0222222222222222
MKI67Ratios,H3C1,"",PXD065830,cancer_tissue,data/PXD065830/supplementary/Dataset1.xlsx ESCC-085T cancer_tissue,0.140978124253259,0.0222222222222222
MKI67Ratios,ACTB,"",PXD066054,normal_tissue,PXD066054/search_results/extracted/DA/Protein_Quant.tsv NAT1 normal_tissue,-2.408312344714,0.2
MKI67Ratios,ACTB,"",PXD066054,normal_tissue,PXD066054/search_results/extracted/DA/Protein_Quant.tsv NAT2 normal_tissue,-2.07862187707041,0.2
MKI67Ratios,ACTB,"",PXD066054,normal_tissue,PXD066054/search_results/extracted/DA/Protein_Quant.tsv NAT3 normal_tissue,-2.95595848029116,0.2
MKI67Ratios,ACTB,"",PXD066054,normal_tissue,PXD066054/search_results/extracted/DA/Protein_Quant.tsv NAT4 normal_tissue,-2.68941209503026,0.2
MKI67Ratios,ACTB,"",PXD066054,normal_tissue,PXD066054/search_results/extracted/DA/Protein_Quant.tsv NAT5 normal_tissue,-2.15604579933449,0.2
MKI67Ratios,ACTB,"",PXD066054,cancer_tissue,PXD066054/search_results/extracted/DA/Protein_Quant.tsv PCa1 cancer_tissue,-1.92964549566107,0.2
MKI67Ratios,ACTB,"",PXD066054,cancer_tissue,PXD066054/search_results/extracted/DA/Protein_Quant.tsv PCa2 cancer_tissue,-2.60682618563727,0.2
MKI67Ratios,ACTB,"",PXD066054,cancer_tissue,PXD066054/search_results/extracted/DA/Protein_Quant.tsv PCa3 cancer_tissue,-2.43856373472695,0.2
MKI67Ratios,ACTB,"",PXD066054,cancer_tissue,PXD066054/search_results/extracted/DA/Protein_Quant.tsv PCa4 cancer_tissue,-2.41718506050466,0.2
MKI67Ratios,ACTB,"",PXD066054,cancer_tissue,PXD066054/search_results/extracted/DA/Protein_Quant.tsv PCa5 cancer_tissue,-2.06928116842716,0.2
MKI67Ratios,ACTB,"",PXD066351,cancer_cells,PXD066351/search_results/XB01472B1DA-Protein_Quant.tsv NC116 cancer_cells,-1.25075174225492,0.5
MKI67Ratios,ACTB,"",PXD066351,cancer_cells,PXD066351/search_results/XB01472B1DA-Protein_Quant.tsv R116 cancer_cells,-1.78540049721583,0.5
MKI67Ratios,ACTB,"",PXD028488,cancer_cells,PXD028488/search_results/Nonenrichment-Search files/TALL-Nonenrichment-Search files/proteins.csv Sample 1 cancer_cells,-1.44172927963082,0.333333333333333
MKI67Ratios,ACTB,"",PXD028488,cancer_cells,PXD028488/search_results/Nonenrichment-Search files/TALL-Nonenrichment-Search files/proteins.csv Sample 2 cancer_cells,-1.39660165789977,0.333333333333333
MKI67Ratios,ACTB,"",PXD028488,cancer_cells,PXD028488/search_results/Nonenrichment-Search files/TALL-Nonenrichment-Search files/proteins.csv Sample 3 cancer_cells,-1.15525065087714,0.333333333333333
MKI67Ratios,ACTB,"",PXD050147,cancer_cells,PXD050147/search_results/SIRT_proteinGroups.txt SIRT1KO_pro_rep1 cancer_cells,-0.230455628853406,0.111111111111111
MKI67Ratios,ACTB,"",PXD050147,cancer_cells,PXD050147/search_results/SIRT_proteinGroups.txt SIRT1KO_pro_rep2 cancer_cells,-0.164115866263933,0.111111111111111
MKI67Ratios,ACTB,"",PXD050147,cancer_cells,PXD050147/search_results/SIRT_proteinGroups.txt SIRT1KO_pro_rep3 cancer_cells,-0.0810843044169357,0.111111111111111
MKI67Ratios,ACTB,"",PXD050147,cancer_cells,PXD050147/search_results/SIRT_proteinGroups.txt SIRT3KO_pro_rep1 cancer_cells,-0.116318908386416,0.111111111111111
MKI67Ratios,ACTB,"",PXD050147,cancer_cells,PXD050147/search_results/SIRT_proteinGroups.txt SIRT3KO_pro_rep2 cancer_cells,-0.0354124500818616,0.111111111111111
MKI67Ratios,ACTB,"",PXD050147,cancer_cells,PXD050147/search_results/SIRT_proteinGroups.txt SIRT3KO_pro_rep3 cancer_cells,-0.0791803038862191,0.111111111111111
MKI67Ratios,ACTB,"",PXD050147,cancer_cells,PXD050147/search_results/SIRT_proteinGroups.txt WT_pro_rep1 cancer_cells,-0.0878501090245804,0.111111111111111
MKI67Ratios,ACTB,"",PXD050147,cancer_cells,PXD050147/search_results/SIRT_proteinGroups.txt WT_pro_rep2 cancer_cells,-0.160525296115174,0.111111111111111
MKI67Ratios,ACTB,"",PXD050147,cancer_cells,PXD050147/search_results/SIRT_proteinGroups.txt WT_pro_rep3 cancer_cells,-0.182949670862731,0.111111111111111
MKI67Ratios,ACTB,"",PXD069969,cancer_cells,PXD069969/search_results/SA206LQB1_Annotation.xlsx G2907 cancer_cells,-1.92642517105444,0.166666666666667
MKI67Ratios,ACTB,"",PXD069969,cancer_cells,PXD069969/search_results/SA206LQB1_Annotation.xlsx G3028 cancer_cells,-1.96562117368968,0.166666666666667
MKI67Ratios,ACTB,"",PXD069969,cancer_cells,PXD069969/search_results/SA206LQB1_Annotation.xlsx G3264 cancer_cells,-2.08100050179103,0.166666666666667
MKI67Ratios,ACTB,"",PXD069969,cancer_cells,PXD069969/search_results/SA206LQB1_Annotation.xlsx GSC23 cancer_cells,-1.55991670642674,0.166666666666667
MKI67Ratios,ACTB,"",PXD069969,cancer_cells,PXD069969/search_results/SA206LQB1_Annotation.xlsx MES28 cancer_cells,-1.37697967877079,0.166666666666667
MKI67Ratios,ACTB,"",PXD069969,cancer_cells,PXD069969/search_results/SA206LQB1_Annotation.xlsx RKI cancer_cells,-2.32385617039877,0.166666666666667
MKI67Ratios,ACTB,"",PXD028737,normal_cells,PXD028737/search_results/extracted_reference/txt/proteinGroups.txt H0 normal_cells,-0.233732000240935,0.5
MKI67Ratios,ACTB,"",PXD028737,normal_cells,PXD028737/search_results/extracted_reference/txt/proteinGroups.txt H24 normal_cells,-0.137100111118042,0.5
MKI67Ratios,ACTB,"",PXD072220,normal_cells,PXD072220/search_results/HK-2_Spectronaut-report_PG_Quantity.txt amostra1 normal_cells,-2.93063456129226,0.333333333333333
MKI67Ratios,ACTB,"",PXD072220,normal_cells,PXD072220/search_results/HK-2_Spectronaut-report_PG_Quantity.txt amostra3 normal_cells,-2.37442574679348,0.333333333333333
MKI67Ratios,ACTB,"",PXD072220,normal_cells,PXD072220/search_results/HK-2_Spectronaut-report_PG_Quantity.txt amostra4 normal_cells,-2.87693410723561,0.333333333333333
MKI67Ratios,ACTB,"",PXD069969,normal_cells,PXD069969/search_results/SA206LQB1_Annotation.xlsx ENSA normal_cells,-2.09244570450888,0.5
MKI67Ratios,ACTB,"",PXD069969,normal_cells,PXD069969/search_results/SA206LQB1_Annotation.xlsx HMP1 normal_cells,-1.98272210576586,0.5
MKI67Ratios,ACTB,"",PXD073311,normal_cells,PXD073311/search_results/extracted_pairing/IPX0015307001_Database_search_result/Database_search_result/report.pg_matrix.tsv A0h_1 normal_cells,0.1832440846957,0.333333333333333
MKI67Ratios,ACTB,"",PXD073311,normal_cells,PXD073311/search_results/extracted_pairing/IPX0015307001_Database_search_result/Database_search_result/report.pg_matrix.tsv A0h_2 normal_cells,0.149692422505218,0.333333333333333
MKI67Ratios,ACTB,"",PXD073311,normal_cells,PXD073311/search_results/extracted_pairing/IPX0015307001_Database_search_result/Database_search_result/report.pg_matrix.tsv A0h_3 normal_cells,0.166192635904807,0.333333333333333
MKI67Ratios,ACTB,"",PXD065830,cancer_tissue,data/PXD065830/supplementary/Dataset1.xlsx ESCC-001T cancer_tissue,-0.131948462067479,0.2
MKI67Ratios,ACTB,"",PXD065830,cancer_tissue,data/PXD065830/supplementary/Dataset1.xlsx ESCC-002T cancer_tissue,-0.0211105711375408,0.2
MKI67Ratios,ACTB,"",PXD065830,cancer_tissue,data/PXD065830/supplementary/Dataset1.xlsx ESCC-003T cancer_tissue,-0.117544666001702,0.2
MKI67Ratios,ACTB,"",PXD065830,cancer_tissue,data/PXD065830/supplementary/Dataset1.xlsx ESCC-004T cancer_tissue,0.232050415694345,0.2
MKI67Ratios,ACTB,"",PXD065830,cancer_tissue,data/PXD065830/supplementary/Dataset1.xlsx ESCC-005T cancer_tissue,0.0531962208057912,0.2
MKI67Ratios,TUBB,"",PXD066054,normal_tissue,PXD066054/search_results/extracted/DA/Protein_Quant.tsv NAT1 normal_tissue,-2.33938406886427,0.2
MKI67Ratios,TUBB,"",PXD066054,normal_tissue,PXD066054/search_results/extracted/DA/Protein_Quant.tsv NAT2 normal_tissue,-2.14868293484472,0.2
MKI67Ratios,TUBB,"",PXD066054,normal_tissue,PXD066054/search_results/extracted/DA/Protein_Quant.tsv NAT3 normal_tissue,-2.98504069627925,0.2
MKI67Ratios,TUBB,"",PXD066054,normal_tissue,PXD066054/search_results/extracted/DA/Protein_Quant.tsv NAT4 normal_tissue,-2.6854430604875,0.2
MKI67Ratios,TUBB,"",PXD066054,normal_tissue,PXD066054/search_results/extracted/DA/Protein_Quant.tsv NAT5 normal_tissue,-2.38408049569355,0.2
MKI67Ratios,TUBB,"",PXD066054,cancer_tissue,PXD066054/search_results/extracted/DA/Protein_Quant.tsv PCa1 cancer_tissue,-1.74419772720421,0.2
MKI67Ratios,TUBB,"",PXD066054,cancer_tissue,PXD066054/search_results/extracted/DA/Protein_Quant.tsv PCa2 cancer_tissue,-2.63372021223143,0.2
MKI67Ratios,TUBB,"",PXD066054,cancer_tissue,PXD066054/search_results/extracted/DA/Protein_Quant.tsv PCa3 cancer_tissue,-2.07557779028625,0.2
MKI67Ratios,TUBB,"",PXD066054,cancer_tissue,PXD066054/search_results/extracted/DA/Protein_Quant.tsv PCa4 cancer_tissue,-2.43282129411831,0.2
MKI67Ratios,TUBB,"",PXD066054,cancer_tissue,PXD066054/search_results/extracted/DA/Protein_Quant.tsv PCa5 cancer_tissue,-2.08572447047224,0.2
MKI67Ratios,TUBB,"",PXD066351,cancer_cells,PXD066351/search_results/XB01472B1DA-Protein_Quant.tsv NC116 cancer_cells,-0.73895426369788,0.5
MKI67Ratios,TUBB,"",PXD066351,cancer_cells,PXD066351/search_results/XB01472B1DA-Protein_Quant.tsv R116 cancer_cells,-0.53450943555847,0.5
MKI67Ratios,TUBB,"",PXD028488,cancer_cells,PXD028488/search_results/Nonenrichment-Search files/TALL-Nonenrichment-Search files/proteins.csv Sample 1 cancer_cells,-1.71015417128853,0.333333333333333
MKI67Ratios,TUBB,"",PXD028488,cancer_cells,PXD028488/search_results/Nonenrichment-Search files/TALL-Nonenrichment-Search files/proteins.csv Sample 2 cancer_cells,-1.67280806983872,0.333333333333333
MKI67Ratios,TUBB,"",PXD028488,cancer_cells,PXD028488/search_results/Nonenrichment-Search files/TALL-Nonenrichment-Search files/proteins.csv Sample 3 cancer_cells,-1.38555602755673,0.333333333333333
MKI67Ratios,TUBB,"",PXD050147,cancer_cells,PXD050147/search_results/SIRT_proteinGroups.txt SIRT1KO_pro_rep1 cancer_cells,-0.694231087573368,0.111111111111111
MKI67Ratios,TUBB,"",PXD050147,cancer_cells,PXD050147/search_results/SIRT_proteinGroups.txt SIRT1KO_pro_rep2 cancer_cells,-0.705556561557677,0.111111111111111
MKI67Ratios,TUBB,"",PXD050147,cancer_cells,PXD050147/search_results/SIRT_proteinGroups.txt SIRT1KO_pro_rep3 cancer_cells,-0.6203893377332,0.111111111111111
MKI67Ratios,TUBB,"",PXD050147,cancer_cells,PXD050147/search_results/SIRT_proteinGroups.txt SIRT3KO_pro_rep1 cancer_cells,-0.571244799160086,0.111111111111111
MKI67Ratios,TUBB,"",PXD050147,cancer_cells,PXD050147/search_results/SIRT_proteinGroups.txt SIRT3KO_pro_rep2 cancer_cells,-0.420525846198356,0.111111111111111
MKI67Ratios,TUBB,"",PXD050147,cancer_cells,PXD050147/search_results/SIRT_proteinGroups.txt SIRT3KO_pro_rep3 cancer_cells,-0.509153550565419,0.111111111111111
MKI67Ratios,TUBB,"",PXD050147,cancer_cells,PXD050147/search_results/SIRT_proteinGroups.txt WT_pro_rep1 cancer_cells,-0.441216200122314,0.111111111111111
MKI67Ratios,TUBB,"",PXD050147,cancer_cells,PXD050147/search_results/SIRT_proteinGroups.txt WT_pro_rep2 cancer_cells,-0.663804138235835,0.111111111111111
MKI67Ratios,TUBB,"",PXD050147,cancer_cells,PXD050147/search_results/SIRT_proteinGroups.txt WT_pro_rep3 cancer_cells,-0.726507768601554,0.111111111111111
MKI67Ratios,TUBB,"",PXD069969,cancer_cells,PXD069969/search_results/SA206LQB1_Annotation.xlsx G2907 cancer_cells,-1.00064605689008,0.166666666666667
MKI67Ratios,TUBB,"",PXD069969,cancer_cells,PXD069969/search_results/SA206LQB1_Annotation.xlsx G3028 cancer_cells,-1.11228250051827,0.166666666666667
MKI67Ratios,TUBB,"",PXD069969,cancer_cells,PXD069969/search_results/SA206LQB1_Annotation.xlsx G3264 cancer_cells,-1.03972808598335,0.166666666666667
MKI67Ratios,TUBB,"",PXD069969,cancer_cells,PXD069969/search_results/SA206LQB1_Annotation.xlsx GSC23 cancer_cells,-0.814895613693786,0.166666666666667
MKI67Ratios,TUBB,"",PXD069969,cancer_cells,PXD069969/search_results/SA206LQB1_Annotation.xlsx MES28 cancer_cells,-0.725989994154082,0.166666666666667
MKI67Ratios,TUBB,"",PXD069969,cancer_cells,PXD069969/search_results/SA206LQB1_Annotation.xlsx RKI cancer_cells,-1.41324259266086,0.166666666666667
MKI67Ratios,TUBB,"",PXD028737,normal_cells,PXD028737/search_results/extracted_reference/txt/proteinGroups.txt H0 normal_cells,-0.718351848528595,0.5
MKI67Ratios,TUBB,"",PXD028737,normal_cells,PXD028737/search_results/extracted_reference/txt/proteinGroups.txt H24 normal_cells,-0.681283223627157,0.5
MKI67Ratios,TUBB,"",PXD072220,normal_cells,PXD072220/search_results/HK-2_Spectronaut-report_PG_Quantity.txt amostra1 normal_cells,-2.7854011068908,0.333333333333333
MKI67Ratios,TUBB,"",PXD072220,normal_cells,PXD072220/search_results/HK-2_Spectronaut-report_PG_Quantity.txt amostra3 normal_cells,-2.79755493840052,0.333333333333333
MKI67Ratios,TUBB,"",PXD072220,normal_cells,PXD072220/search_results/HK-2_Spectronaut-report_PG_Quantity.txt amostra4 normal_cells,-2.58215056204577,0.333333333333333
MKI67Ratios,TUBB,"",PXD069969,normal_cells,PXD069969/search_results/SA206LQB1_Annotation.xlsx ENSA normal_cells,-1.18177232544427,0.5
MKI67Ratios,TUBB,"",PXD069969,normal_cells,PXD069969/search_results/SA206LQB1_Annotation.xlsx HMP1 normal_cells,-1.01966139676246,0.5
MKI67Ratios,TUBB,"",PXD073311,normal_cells,PXD073311/search_results/extracted_pairing/IPX0015307001_Database_search_result/Database_search_result/report.pg_matrix.tsv A0h_1 normal_cells,-1.20795359084594,0.333333333333333
MKI67Ratios,TUBB,"",PXD073311,normal_cells,PXD073311/search_results/extracted_pairing/IPX0015307001_Database_search_result/Database_search_result/report.pg_matrix.tsv A0h_2 normal_cells,-1.21091143346326,0.333333333333333
MKI67Ratios,TUBB,"",PXD073311,normal_cells,PXD073311/search_results/extracted_pairing/IPX0015307001_Database_search_result/Database_search_result/report.pg_matrix.tsv A0h_3 normal_cells,-1.22148528158708,0.333333333333333
MKI67Ratios,TUBB,"",PXD065830,cancer_tissue,data/PXD065830/supplementary/Dataset1.xlsx ESCC-001T cancer_tissue,-0.200767324585779,0.0106382978723404
MKI67Ratios,TUBB,"",PXD065830,cancer_tissue,data/PXD065830/supplementary/Dataset1.xlsx ESCC-002T cancer_tissue,0.0153036915061857,0.0106382978723404
MKI67Ratios,TUBB,"",PXD065830,cancer_tissue,data/PXD065830/supplementary/Dataset1.xlsx ESCC-006T cancer_tissue,-0.101581124285685,0.0106382978723404
MKI67Ratios,TUBB,"",PXD065830,cancer_tissue,data/PXD065830/supplementary/Dataset1.xlsx ESCC-009T cancer_tissue,-0.204089644167245,0.0106382978723404
MKI67Ratios,TUBB,"",PXD065830,cancer_tissue,data/PXD065830/supplementary/Dataset1.xlsx ESCC-010T cancer_tissue,-0.10936062398929,0.0106382978723404
MKI67Ratios,TUBB,"",PXD065830,cancer_tissue,data/PXD065830/supplementary/Dataset1.xlsx ESCC-019T cancer_tissue,-0.0420908024008757,0.0106382978723404
MKI67Ratios,TUBB,"",PXD065830,cancer_tissue,data/PXD065830/supplementary/Dataset1.xlsx ESCC-035T cancer_tissue,0.0493715433179532,0.0106382978723404
MKI67Ratios,TUBB,"",PXD065830,cancer_tissue,data/PXD065830/supplementary/Dataset1.xlsx ESCC-040T cancer_tissue,0.0521778723539344,0.0106382978723404
MKI67Ratios,TUBB,"",PXD065830,cancer_tissue,data/PXD065830/supplementary/Dataset1.xlsx ESCC-041T cancer_tissue,-0.0789117635292713,0.0106382978723404
MKI67Ratios,TUBB,"",PXD065830,cancer_tissue,data/PXD065830/supplementary/Dataset1.xlsx ESCC-044T cancer_tissue,-0.0563761698849439,0.0106382978723404
MKI67Ratios,TUBB,"",PXD065830,cancer_tissue,data/PXD065830/supplementary/Dataset1.xlsx ESCC-049T cancer_tissue,0.193241867831451,0.0106382978723404
MKI67Ratios,TUBB,"",PXD065830,cancer_tissue,data/PXD065830/supplementary/Dataset1.xlsx ESCC-017T cancer_tissue,0.0338439376688296,0.0106382978723404
MKI67Ratios,TUBB,"",PXD065830,cancer_tissue,data/PXD065830/supplementary/Dataset1.xlsx ESCC-055T cancer_tissue,0.128251253886006,0.0106382978723404
MKI67Ratios,TUBB,"",PXD065830,cancer_tissue,data/PXD065830/supplementary/Dataset1.xlsx ESCC-057T cancer_tissue,0.0349914357956023,0.0106382978723404
MKI67Ratios,TUBB,"",PXD065830,cancer_tissue,data/PXD065830/supplementary/Dataset1.xlsx ESCC-059T cancer_tissue,0.0167362833078289,0.0106382978723404
MKI67Ratios,TUBB,"",PXD065830,cancer_tissue,data/PXD065830/supplementary/Dataset1.xlsx ESCC-063T cancer_tissue,0.00483005929943655,0.0106382978723404
MKI67Ratios,TUBB,"",PXD065830,cancer_tissue,data/PXD065830/supplementary/Dataset1.xlsx ESCC-065T cancer_tissue,0.0726082744591327,0.0106382978723404
MKI67Ratios,TUBB,"",PXD065830,cancer_tissue,data/PXD065830/supplementary/Dataset1.xlsx ESCC-066T cancer_tissue,-0.0173508491886816,0.0106382978723404
MKI67Ratios,TUBB,"",PXD065830,cancer_tissue,data/PXD065830/supplementary/Dataset1.xlsx ESCC-082T cancer_tissue,-0.0863822069534203,0.0106382978723404
MKI67Ratios,TUBB,"",PXD065830,cancer_tissue,data/PXD065830/supplementary/Dataset1.xlsx ESCC-086T cancer_tissue,0.329133200930056,0.0106382978723404
MKI67Ratios,TUBB,"",PXD065830,cancer_tissue,data/PXD065830/supplementary/Dataset1.xlsx ESCC-075T cancer_tissue,-0.0163271592514288,0.0106382978723404
MKI67Ratios,TUBB,"",PXD065830,cancer_tissue,data/PXD065830/supplementary/Dataset1.xlsx ESCC-078T cancer_tissue,-0.0131052227313893,0.0106382978723404
MKI67Ratios,TUBB,"",PXD065830,cancer_tissue,data/PXD065830/supplementary/Dataset1.xlsx ESCC-092T cancer_tissue,-0.112050047629302,0.0106382978723404
MKI67Ratios,TUBB,"",PXD065830,cancer_tissue,data/PXD065830/supplementary/Dataset1.xlsx ESCC-069T cancer_tissue,-0.0584126032238056,0.0106382978723404
MKI67Ratios,TUBB,"",PXD065830,cancer_tissue,data/PXD065830/supplementary/Dataset1.xlsx ESCC-072T cancer_tissue,-0.0362753375490933,0.0106382978723404
MKI67Ratios,TUBB,"",PXD065830,cancer_tissue,data/PXD065830/supplementary/Dataset1.xlsx ESCC-003T cancer_tissue,-0.158542069340566,0.0106382978723404
MKI67Ratios,TUBB,"",PXD065830,cancer_tissue,data/PXD065830/supplementary/Dataset1.xlsx ESCC-004T cancer_tissue,0.370439536581256,0.0106382978723404
MKI67Ratios,TUBB,"",PXD065830,cancer_tissue,data/PXD065830/supplementary/Dataset1.xlsx ESCC-005T cancer_tissue,0.124766512995097,0.0106382978723404
MKI67Ratios,TUBB,"",PXD065830,cancer_tissue,data/PXD065830/supplementary/Dataset1.xlsx ESCC-011T cancer_tissue,-0.124442649504259,0.0106382978723404
MKI67Ratios,TUBB,"",PXD065830,cancer_tissue,data/PXD065830/supplementary/Dataset1.xlsx ESCC-013T cancer_tissue,0.577663752004041,0.0106382978723404
MKI67Ratios,TUBB,"",PXD065830,cancer_tissue,data/PXD065830/supplementary/Dataset1.xlsx ESCC-020T cancer_tissue,-0.296552562223919,0.0106382978723404
MKI67Ratios,TUBB,"",PXD065830,cancer_tissue,data/PXD065830/supplementary/Dataset1.xlsx ESCC-029T cancer_tissue,-0.0872168352528541,0.0106382978723404
MKI67Ratios,TUBB,"",PXD065830,cancer_tissue,data/PXD065830/supplementary/Dataset1.xlsx ESCC-032T cancer_tissue,-0.0268490824036335,0.0106382978723404
MKI67Ratios,TUBB,"",PXD065830,cancer_tissue,data/PXD065830/supplementary/Dataset1.xlsx ESCC-037T cancer_tissue,0.0117066531535093,0.0106382978723404
MKI67Ratios,TUBB,"",PXD065830,cancer_tissue,data/PXD065830/supplementary/Dataset1.xlsx ESCC-024T cancer_tissue,-0.272973692080425,0.0106382978723404
MKI67Ratios,TUBB,"",PXD065830,cancer_tissue,data/PXD065830/supplementary/Dataset1.xlsx ESCC-028T cancer_tissue,-0.185593772381938,0.0106382978723404
MKI67Ratios,TUBB,"",PXD065830,cancer_tissue,data/PXD065830/supplementary/Dataset1.xlsx ESCC-043T cancer_tissue,-0.152330304068451,0.0106382978723404
MKI67Ratios,TUBB,"",PXD065830,cancer_tissue,data/PXD065830/supplementary/Dataset1.xlsx ESCC-046T cancer_tissue,0.0552950971159049,0.0106382978723404
MKI67Ratios,TUBB,"",PXD065830,cancer_tissue,data/PXD065830/supplementary/Dataset1.xlsx ESCC-050T cancer_tissue,-0.116659019368824,0.0106382978723404
MKI67Ratios,TUBB,"",PXD065830,cancer_tissue,data/PXD065830/supplementary/Dataset1.xlsx ESCC-051T cancer_tissue,-0.0513900251059649,0.0106382978723404
MKI67Ratios,TUBB,"",PXD065830,cancer_tissue,data/PXD065830/supplementary/Dataset1.xlsx ESCC-007T cancer_tissue,-0.109547790290656,0.0106382978723404
MKI67Ratios,TUBB,"",PXD065830,cancer_tissue,data/PXD065830/supplementary/Dataset1.xlsx ESCC-018T cancer_tissue,-0.0392878254765627,0.0106382978723404
MKI67Ratios,TUBB,"",PXD065830,cancer_tissue,data/PXD065830/supplementary/Dataset1.xlsx ESCC-021T cancer_tissue,0.0467132023880361,0.0106382978723404
MKI67Ratios,TUBB,"",PXD065830,cancer_tissue,data/PXD065830/supplementary/Dataset1.xlsx ESCC-027T cancer_tissue,-0.142310280274771,0.0106382978723404
MKI67Ratios,TUBB,"",PXD065830,cancer_tissue,data/PXD065830/supplementary/Dataset1.xlsx ESCC-052T cancer_tissue,0.0429124819892478,0.0106382978723404
MKI67Ratios,TUBB,"",PXD065830,cancer_tissue,data/PXD065830/supplementary/Dataset1.xlsx ESCC-056T cancer_tissue,-0.0288686518932433,0.0106382978723404
MKI67Ratios,TUBB,"",PXD065830,cancer_tissue,data/PXD065830/supplementary/Dataset1.xlsx ESCC-061T cancer_tissue,-0.0244890082590372,0.0106382978723404
MKI67Ratios,TUBB,"",PXD065830,cancer_tissue,data/PXD065830/supplementary/Dataset1.xlsx ESCC-062T cancer_tissue,0.0881264978934619,0.0106382978723404
MKI67Ratios,TUBB,"",PXD065830,cancer_tissue,data/PXD065830/supplementary/Dataset1.xlsx ESCC-053T cancer_tissue,-0.125150885240284,0.0106382978723404
MKI67Ratios,TUBB,"",PXD065830,cancer_tissue,data/PXD065830/supplementary/Dataset1.xlsx ESCC-058T cancer_tissue,-0.0986032190031535,0.0106382978723404
MKI67Ratios,TUBB,"",PXD065830,cancer_tissue,data/PXD065830/supplementary/Dataset1.xlsx ESCC-068T cancer_tissue,-0.0119957421472768,0.0106382978723404
MKI67Ratios,TUBB,"",PXD065830,cancer_tissue,data/PXD065830/supplementary/Dataset1.xlsx ESCC-074T cancer_tissue,-0.0663994158753123,0.0106382978723404
MKI67Ratios,TUBB,"",PXD065830,cancer_tissue,data/PXD065830/supplementary/Dataset1.xlsx ESCC-083T cancer_tissue,-0.105313896868652,0.0106382978723404
MKI67Ratios,TUBB,"",PXD065830,cancer_tissue,data/PXD065830/supplementary/Dataset1.xlsx ESCC-084T cancer_tissue,-0.0101756020287431,0.0106382978723404
MKI67Ratios,TUBB,"",PXD065830,cancer_tissue,data/PXD065830/supplementary/Dataset1.xlsx ESCC-090T cancer_tissue,-0.283008161836788,0.0106382978723404
MKI67Ratios,TUBB,"",PXD065830,cancer_tissue,data/PXD065830/supplementary/Dataset1.xlsx ESCC-080T cancer_tissue,-0.168632170971599,0.0106382978723404
MKI67Ratios,TUBB,"",PXD065830,cancer_tissue,data/PXD065830/supplementary/Dataset1.xlsx ESCC-091T cancer_tissue,-0.10370697869022,0.0106382978723404
MKI67Ratios,TUBB,"",PXD065830,cancer_tissue,data/PXD065830/supplementary/Dataset1.xlsx ESCC-094T cancer_tissue,-0.0615454735225767,0.0106382978723404
MKI67Ratios,TUBB,"",PXD065830,cancer_tissue,data/PXD065830/supplementary/Dataset1.xlsx ESCC-067T cancer_tissue,-0.101268061462295,0.0106382978723404
MKI67Ratios,TUBB,"",PXD065830,cancer_tissue,data/PXD065830/supplementary/Dataset1.xlsx ESCC-076T cancer_tissue,0.0423431612123429,0.0106382978723404
MKI67Ratios,TUBB,"",PXD065830,cancer_tissue,data/PXD065830/supplementary/Dataset1.xlsx ESCC-087T cancer_tissue,-0.0869322659031453,0.0106382978723404
MKI67Ratios,TUBB,"",PXD065830,cancer_tissue,data/PXD065830/supplementary/Dataset1.xlsx ESCC-008T cancer_tissue,0.260280514872358,0.0106382978723404
MKI67Ratios,TUBB,"",PXD065830,cancer_tissue,data/PXD065830/supplementary/Dataset1.xlsx ESCC-015T cancer_tissue,-0.0710917312900632,0.0106382978723404
MKI67Ratios,TUBB,"",PXD065830,cancer_tissue,data/PXD065830/supplementary/Dataset1.xlsx ESCC-016T cancer_tissue,-0.0248197491984346,0.0106382978723404
MKI67Ratios,TUBB,"",PXD065830,cancer_tissue,data/PXD065830/supplementary/Dataset1.xlsx ESCC-023T cancer_tissue,0.0205427016662648,0.0106382978723404
MKI67Ratios,TUBB,"",PXD065830,cancer_tissue,data/PXD065830/supplementary/Dataset1.xlsx ESCC-031T cancer_tissue,0.0348057675457047,0.0106382978723404
MKI67Ratios,TUBB,"",PXD065830,cancer_tissue,data/PXD065830/supplementary/Dataset1.xlsx ESCC-033T cancer_tissue,-0.0746122811496089,0.0106382978723404
MKI67Ratios,TUBB,"",PXD065830,cancer_tissue,data/PXD065830/supplementary/Dataset1.xlsx ESCC-036T cancer_tissue,0.144660255016311,0.0106382978723404
MKI67Ratios,TUBB,"",PXD065830,cancer_tissue,data/PXD065830/supplementary/Dataset1.xlsx ESCC-042T cancer_tissue,0.190295489836029,0.0106382978723404
MKI67Ratios,TUBB,"",PXD065830,cancer_tissue,data/PXD065830/supplementary/Dataset1.xlsx ESCC-034T cancer_tissue,0.209805768812053,0.0106382978723404
MKI67Ratios,TUBB,"",PXD065830,cancer_tissue,data/PXD065830/supplementary/Dataset1.xlsx ESCC-038T cancer_tissue,-0.146598234046404,0.0106382978723404
MKI67Ratios,TUBB,"",PXD065830,cancer_tissue,data/PXD065830/supplementary/Dataset1.xlsx ESCC-039T cancer_tissue,0.0460548244562177,0.0106382978723404
MKI67Ratios,TUBB,"",PXD065830,cancer_tissue,data/PXD065830/supplementary/Dataset1.xlsx ESCC-045T cancer_tissue,0.0875778600238524,0.0106382978723404
MKI67Ratios,TUBB,"",PXD065830,cancer_tissue,data/PXD065830/supplementary/Dataset1.xlsx ESCC-022T cancer_tissue,-0.0643239140349769,0.0106382978723404
MKI67Ratios,TUBB,"",PXD065830,cancer_tissue,data/PXD065830/supplementary/Dataset1.xlsx ESCC-026T cancer_tissue,0.137881605564183,0.0106382978723404
MKI67Ratios,TUBB,"",PXD065830,cancer_tissue,data/PXD065830/supplementary/Dataset1.xlsx ESCC-012T cancer_tissue,0.25265431206492,0.0106382978723404
MKI67Ratios,TUBB,"",PXD065830,cancer_tissue,data/PXD065830/supplementary/Dataset1.xlsx ESCC-014T cancer_tissue,0.0682068549561631,0.0106382978723404
MKI67Ratios,TUBB,"",PXD065830,cancer_tissue,data/PXD065830/supplementary/Dataset1.xlsx ESCC-025T cancer_tissue,-0.0485426277248588,0.0106382978723404
MKI67Ratios,TUBB,"",PXD065830,cancer_tissue,data/PXD065830/supplementary/Dataset1.xlsx ESCC-030T cancer_tissue,-0.0307631970610388,0.0106382978723404
MKI67Ratios,TUBB,"",PXD065830,cancer_tissue,data/PXD065830/supplementary/Dataset1.xlsx ESCC-047T cancer_tissue,0.0127548836522789,0.0106382978723404
MKI67Ratios,TUBB,"",PXD065830,cancer_tissue,data/PXD065830/supplementary/Dataset1.xlsx ESCC-054T cancer_tissue,-0.0985420900538819,0.0106382978723404
MKI67Ratios,TUBB,"",PXD065830,cancer_tissue,data/PXD065830/supplementary/Dataset1.xlsx ESCC-048T cancer_tissue,0.131299054349942,0.0106382978723404
MKI67Ratios,TUBB,"",PXD065830,cancer_tissue,data/PXD065830/supplementary/Dataset1.xlsx ESCC-060T cancer_tissue,0.12954178964815,0.0106382978723404
MKI67Ratios,TUBB,"",PXD065830,cancer_tissue,data/PXD065830/supplementary/Dataset1.xlsx ESCC-064T cancer_tissue,-0.00307665752332087,0.0106382978723404
MKI67Ratios,TUBB,"",PXD065830,cancer_tissue,data/PXD065830/supplementary/Dataset1.xlsx ESCC-079T cancer_tissue,0.426631168141688,0.0106382978723404
MKI67Ratios,TUBB,"",PXD065830,cancer_tissue,data/PXD065830/supplementary/Dataset1.xlsx ESCC-088T cancer_tissue,-0.28608022356328,0.0106382978723404
MKI67Ratios,TUBB,"",PXD065830,cancer_tissue,data/PXD065830/supplementary/Dataset1.xlsx ESCC-089T cancer_tissue,-0.104975557754316,0.0106382978723404
MKI67Ratios,TUBB,"",PXD065830,cancer_tissue,data/PXD065830/supplementary/Dataset1.xlsx ESCC-077T cancer_tissue,0.0418260208000231,0.0106382978723404
MKI67Ratios,TUBB,"",PXD065830,cancer_tissue,data/PXD065830/supplementary/Dataset1.xlsx ESCC-081T cancer_tissue,0.404120307747242,0.0106382978723404
MKI67Ratios,TUBB,"",PXD065830,cancer_tissue,data/PXD065830/supplementary/Dataset1.xlsx ESCC-093T cancer_tissue,-0.237676363927786,0.0106382978723404
MKI67Ratios,TUBB,"",PXD065830,cancer_tissue,data/PXD065830/supplementary/Dataset1.xlsx ESCC-070T cancer_tissue,0.0829970812496437,0.0106382978723404
MKI67Ratios,TUBB,"",PXD065830,cancer_tissue,data/PXD065830/supplementary/Dataset1.xlsx ESCC-071T cancer_tissue,0.199561312238753,0.0106382978723404
MKI67Ratios,TUBB,"",PXD065830,cancer_tissue,data/PXD065830/supplementary/Dataset1.xlsx ESCC-073T cancer_tissue,0.0476709326308733,0.0106382978723404
MKI67Ratios,TUBB,"",PXD065830,cancer_tissue,data/PXD065830/supplementary/Dataset1.xlsx ESCC-085T cancer_tissue,-0.0417787005039129,0.0106382978723404
RNADDRFraction,RNA DDR fraction,"",8,normal_cells,GSE103520_MCF10A_control,3.34858366592037,0.5
RNADDRFraction,RNA DDR fraction,"",2,normal_tissue,GSE114691_control_placenta,2.7866427959835,0.333333333333333
RNADDRFraction,RNA DDR fraction,"",11,normal_cells,GSE119834_NSC,3.16013100823227,1
RNADDRFraction,RNA DDR fraction,"",5,normal_tissue,GSE132714_BPH,2.54548018615146,1
RNADDRFraction,RNA DDR fraction,"",8,cancer_cells,GSE163787_TALL104,3.27675410728874,0.142857142857143
RNADDRFraction,RNA DDR fraction,"",8,cancer_cells,GSE171750_A549_untreated,3.07756813417191,0.142857142857143
RNADDRFraction,RNA DDR fraction,"",3,normal_tissue,GSE181540_HS_input,2.79925765542839,0.5
RNADDRFraction,RNA DDR fraction,"",3,normal_tissue,GSE181540_adjacent_NS_input,2.66862170087977,0.5
RNADDRFraction,RNA DDR fraction,"",8,normal_cells,GSE203529_HEK293T_WT,2.95906625020549,0.5
RNADDRFraction,RNA DDR fraction,"",11,cancer_cells,GSE266884_MES28_vector_control,3.04934238083271,1
RNADDRFraction,RNA DDR fraction,"",12,normal_cells,GSE275256_HMC3_vehicle,3.12580728493929,1
RNADDRFraction,RNA DDR fraction,"",8,cancer_cells,GSE283812_T47D_vehicle,3.08605341246291,0.142857142857143
RNADDRFraction,RNA DDR fraction,"",2,normal_tissue,GTEx_v8_Hippocampus,2.57350011951239,0.333333333333333
RNADDRFraction,RNA DDR fraction,"",2,normal_tissue,GTEx_v8_Lung,2.60830794382106,0.333333333333333
RNADDRFraction,RNA DDR fraction,"",8,cancer_cells,HCT116_control,3.0328418230563,0.142857142857143
RNADDRFraction,RNA DDR fraction,"",13,normal_cells,HK2_untreated,2.95447206974491,1
RNADDRFraction,RNA DDR fraction,"",14,normal_cells,HUVEC_untreated,3.0570424891268,1
RNADDRFraction,RNA DDR fraction,"",9,cancer_cells,HepG2_DMSO24h,3.42591696506339,1
RNADDRFraction,RNA DDR fraction,"",8,cancer_cells,MCF7_DMSO7d,3.06795131845842,0.142857142857143
RNADDRFraction,RNA DDR fraction,"",8,cancer_cells,MDAMB468_DMSO7d,3.10828025477707,0.142857142857143
RNADDRFraction,RNA DDR fraction,"",10,cancer_cells,PC3M_DMSO,3.07848443843031,1
RNADDRFraction,RNA DDR fraction,"",8,cancer_cells,RKO_DMSO,3.25210616903705,0.142857142857143
RNADDRFraction,RNA DDR fraction,"",7,cancer_tissue,TCGA_ESCA_ESCC,2.79882480284521,1
RNADDRFraction,RNA DDR fraction,"",6,normal_tissue,TCGA_LIHC_normal,2.80794701986755,1
RNADDRFraction,RNA DDR fraction,"",6,cancer_tissue,TCGA_LIHC_primary,2.90697674418605,1
RNADDRFraction,RNA DDR fraction,"",5,cancer_tissue,TCGA_PRAD_primary,2.70019342359768,1
RNADDRFraction,RNA DDR fraction,"",4,normal_tissue,sperm_GroupI,2.8528211385386,1
RNADDRFraction,RNA DDR fraction,"",1,normal_tissue,tendon_nondiabetic,2.74223034734918,1
